origin,timestamp,lead_hour,actual,prediction
2014-03-14,2014-03-14 00:00:00,1,55.519268,45.566887
2014-03-14,2014-03-14 01:00:00,2,40.82299,39.06527
2014-03-14,2014-03-14 02:00:00,3,34.291313,37.407806
2014-03-14,2014-03-14 03:00:00,4,31.025473,37.07957
2014-03-14,2014-03-14 04:00:00,5,29.392553,35.939957
2014-03-14,2014-03-14 05:00:00,6,31.025473,34.567955
2014-03-14,2014-03-14 06:00:00,7,35.924232,39.98227
2014-03-14,2014-03-14 07:00:00,8,0.0,0.28240395
2014-03-14,2014-03-14 08:00:00,9,0.0,0.060878754
2014-03-14,2014-03-14 09:00:00,10,0.0,0.36252785
2014-03-14,2014-03-14 10:00:00,11,0.0,0.18805885
2014-03-14,2014-03-14 11:00:00,12,0.0,0.29732323
2014-03-14,2014-03-14 12:00:00,13,0.0,0.20513916
2014-03-14,2014-03-14 13:00:00,14,0.0,0.19031525
2014-03-14,2014-03-14 14:00:00,15,0.0,0.07465553
2014-03-14,2014-03-14 15:00:00,16,0.0,-0.016778946
2014-03-14,2014-03-14 16:00:00,17,0.0,0.3309803
2014-03-14,2014-03-14 17:00:00,18,0.0,0.3518238
2014-03-14,2014-03-14 18:00:00,19,0.0,0.3483982
2014-03-14,2014-03-14 19:00:00,20,0.0,0.16773415
2014-03-14,2014-03-14 20:00:00,21,0.0,0.28571892
2014-03-14,2014-03-14 21:00:00,22,0.0,0.14204216
2014-03-14,2014-03-14 22:00:00,23,0.0,0.11480522
2014-03-14,2014-03-14 23:00:00,24,0.0,0.030323029
2014-03-15,2014-03-15 00:00:00,1,60.418026,45.2498
2014-03-15,2014-03-15 01:00:00,2,45.721752,36.009056
2014-03-15,2014-03-15 02:00:00,3,42.45591,33.76142
2014-03-15,2014-03-15 03:00:00,4,40.82299,33.368923
2014-03-15,2014-03-15 04:00:00,5,39.19007,32.07251
2014-03-15,2014-03-15 05:00:00,6,37.55715,30.76839
2014-03-15,2014-03-15 06:00:00,7,39.19007,31.12962
2014-03-15,2014-03-15 07:00:00,8,34.291313,30.976376
2014-03-15,2014-03-15 08:00:00,9,32.658394,28.736202
2014-03-15,2014-03-15 09:00:00,10,29.392553,27.063427
2014-03-15,2014-03-15 10:00:00,11,0.0,27.073147
2014-03-15,2014-03-15 11:00:00,12,0.0,26.644754
2014-03-15,2014-03-15 12:00:00,13,0.0,26.97744
2014-03-15,2014-03-15 13:00:00,14,57.152187,26.407663
2014-03-15,2014-03-15 14:00:00,15,47.35467,25.826338
2014-03-15,2014-03-15 15:00:00,16,47.35467,26.188477
2014-03-15,2014-03-15 16:00:00,17,42.45591,27.512957
2014-03-15,2014-03-15 17:00:00,18,42.45591,27.581009
2014-03-15,2014-03-15 18:00:00,19,44.08883,27.821953
2014-03-15,2014-03-15 19:00:00,20,42.45591,27.959461
2014-03-15,2014-03-15 20:00:00,21,42.45591,28.0452
2014-03-15,2014-03-15 21:00:00,22,42.45591,28.393612
2014-03-15,2014-03-15 22:00:00,23,40.82299,28.56122
2014-03-15,2014-03-15 23:00:00,24,42.45591,28.98852
2014-03-16,2014-03-16 00:00:00,1,42.45591,44.030556
2014-03-16,2014-03-16 01:00:00,2,42.45591,44.190247
2014-03-16,2014-03-16 02:00:00,3,39.19007,44.279404
2014-03-16,2014-03-16 03:00:00,4,35.924232,44.26206
2014-03-16,2014-03-16 04:00:00,5,34.291313,44.622925
2014-03-16,2014-03-16 05:00:00,6,29.392553,44.64949
2014-03-16,2014-03-16 06:00:00,7,35.924232,44.455536
2014-03-16,2014-03-16 07:00:00,8,35.924232,44.30979
2014-03-16,2014-03-16 08:00:00,9,35.924232,44.336258
2014-03-16,2014-03-16 09:00:00,10,34.291313,44.128723
2014-03-16,2014-03-16 10:00:00,11,35.924232,43.80444
2014-03-16,2014-03-16 11:00:00,12,32.658394,43.87864
2014-03-16,2014-03-16 12:00:00,13,34.291313,43.80069
2014-03-16,2014-03-16 13:00:00,14,31.025473,44.182644
2014-03-16,2014-03-16 14:00:00,15,31.025473,44.487465
2014-03-16,2014-03-16 15:00:00,16,32.658394,44.31333
2014-03-16,2014-03-16 16:00:00,17,32.658394,43.99946
2014-03-16,2014-03-16 17:00:00,18,31.025473,43.145515
2014-03-16,2014-03-16 18:00:00,19,26.126715,42.830124
2014-03-16,2014-03-16 19:00:00,20,26.126715,42.71817
2014-03-16,2014-03-16 20:00:00,21,26.126715,42.39208
2014-03-16,2014-03-16 21:00:00,22,29.392553,42.724335
2014-03-16,2014-03-16 22:00:00,23,26.126715,42.81269
2014-03-16,2014-03-16 23:00:00,24,27.759634,43.4414
2014-03-17,2014-03-17 00:00:00,1,29.392553,32.86348
2014-03-17,2014-03-17 01:00:00,2,27.759634,32.711
2014-03-17,2014-03-17 02:00:00,3,26.126715,33.0513
2014-03-17,2014-03-17 03:00:00,4,29.392553,36.493484
2014-03-17,2014-03-17 04:00:00,5,27.759634,41.07551
2014-03-17,2014-03-17 05:00:00,6,14.696277,38.916737
2014-03-17,2014-03-17 06:00:00,7,0.0,-0.36301804
2014-03-17,2014-03-17 07:00:00,8,0.0,-0.37794113
2014-03-17,2014-03-17 08:00:00,9,0.0,-0.30244446
2014-03-17,2014-03-17 09:00:00,10,0.0,-0.06381416
2014-03-17,2014-03-17 10:00:00,11,0.0,-0.07666206
2014-03-17,2014-03-17 11:00:00,12,0.0,-0.12007713
2014-03-17,2014-03-17 12:00:00,13,0.0,-0.15011024
2014-03-17,2014-03-17 13:00:00,14,0.0,-0.03555298
2014-03-17,2014-03-17 14:00:00,15,0.0,-0.20307732
2014-03-17,2014-03-17 15:00:00,16,0.0,-0.10645294
2014-03-17,2014-03-17 16:00:00,17,0.0,-0.032152176
2014-03-17,2014-03-17 17:00:00,18,0.0,-0.09491539
2014-03-17,2014-03-17 18:00:00,19,0.0,-0.038923264
2014-03-17,2014-03-17 19:00:00,20,0.0,-0.09341049
2014-03-17,2014-03-17 20:00:00,21,0.0,-0.114320755
2014-03-17,2014-03-17 21:00:00,22,0.0,-0.20794678
2014-03-17,2014-03-17 22:00:00,23,0.0,-0.26344872
2014-03-17,2014-03-17 23:00:00,24,0.0,-0.47948837
2014-03-18,2014-03-18 00:00:00,1,52.25343,38.886055
2014-03-18,2014-03-18 01:00:00,2,37.55715,29.52073
2014-03-18,2014-03-18 02:00:00,3,37.55715,26.086102
2014-03-18,2014-03-18 03:00:00,4,32.658394,24.788193
2014-03-18,2014-03-18 04:00:00,5,32.658394,23.392841
2014-03-18,2014-03-18 05:00:00,6,34.291313,24.182926
2014-03-18,2014-03-18 06:00:00,7,39.19007,28.297432
2014-03-18,2014-03-18 07:00:00,8,0.0,0.18888474
2014-03-18,2014-03-18 08:00:00,9,0.0,0.18556786
2014-03-18,2014-03-18 09:00:00,10,0.0,0.4191246
2014-03-18,2014-03-18 10:00:00,11,0.0,0.28264236
2014-03-18,2014-03-18 11:00:00,12,0.0,0.42329788
2014-03-18,2014-03-18 12:00:00,13,0.0,0.3538494
2014-03-18,2014-03-18 13:00:00,14,0.0,0.31869888
2014-03-18,2014-03-18 14:00:00,15,0.0,0.21744347
2014-03-18,2014-03-18 15:00:00,16,0.0,0.0657444
2014-03-18,2014-03-18 16:00:00,17,0.0,0.18598366
2014-03-18,2014-03-18 17:00:00,18,0.0,0.10228729
2014-03-18,2014-03-18 18:00:00,19,0.0,0.18447304
2014-03-18,2014-03-18 19:00:00,20,0.0,0.1380291
2014-03-18,2014-03-18 20:00:00,21,0.0,0.030269623
2014-03-18,2014-03-18 21:00:00,22,0.0,-0.047498703
2014-03-18,2014-03-18 22:00:00,23,0.0,-0.10457802
2014-03-18,2014-03-18 23:00:00,24,0.0,-0.42785645
2014-03-19,2014-03-19 00:00:00,1,53.88635,49.10977
2014-03-19,2014-03-19 01:00:00,2,39.19007,39.80732
2014-03-19,2014-03-19 02:00:00,3,37.55715,37.06624
2014-03-19,2014-03-19 03:00:00,4,34.291313,35.66981
2014-03-19,2014-03-19 04:00:00,5,31.025473,33.80703
2014-03-19,2014-03-19 05:00:00,6,29.392553,33.518703
2014-03-19,2014-03-19 06:00:00,7,39.19007,39.637867
2014-03-19,2014-03-19 07:00:00,8,0.0,0.23795319
2014-03-19,2014-03-19 08:00:00,9,0.0,0.25873184
2014-03-19,2014-03-19 09:00:00,10,0.0,0.52319336
2014-03-19,2014-03-19 10:00:00,11,0.0,0.34665298
2014-03-19,2014-03-19 11:00:00,12,0.0,0.4479084
2014-03-19,2014-03-19 12:00:00,13,0.0,0.33161354
2014-03-19,2014-03-19 13:00:00,14,0.0,0.31946754
2014-03-19,2014-03-19 14:00:00,15,0.0,0.22418594
2014-03-19,2014-03-19 15:00:00,16,0.0,0.047267914
2014-03-19,2014-03-19 16:00:00,17,0.0,0.33781433
2014-03-19,2014-03-19 17:00:00,18,0.0,0.29331207
2014-03-19,2014-03-19 18:00:00,19,0.0,0.29517174
2014-03-19,2014-03-19 19:00:00,20,0.0,0.25814056
2014-03-19,2014-03-19 20:00:00,21,0.0,0.21314621
2014-03-19,2014-03-19 21:00:00,22,0.0,0.16302872
2014-03-19,2014-03-19 22:00:00,23,0.0,-0.014406204
2014-03-19,2014-03-19 23:00:00,24,0.0,-0.21007347
2014-03-20,2014-03-20 00:00:00,1,58.785107,49.742233
2014-03-20,2014-03-20 01:00:00,2,44.08883,39.428406
2014-03-20,2014-03-20 02:00:00,3,34.291313,36.669464
2014-03-20,2014-03-20 03:00:00,4,32.658394,34.772514
2014-03-20,2014-03-20 04:00:00,5,31.025473,32.519936
2014-03-20,2014-03-20 05:00:00,6,32.658394,32.991005
2014-03-20,2014-03-20 06:00:00,7,40.82299,38.5386
2014-03-20,2014-03-20 07:00:00,8,0.0,0.48186874
2014-03-20,2014-03-20 08:00:00,9,0.0,0.14068413
2014-03-20,2014-03-20 09:00:00,10,0.0,0.49698067
2014-03-20,2014-03-20 10:00:00,11,0.0,0.3421173
2014-03-20,2014-03-20 11:00:00,12,0.0,0.4511032
2014-03-20,2014-03-20 12:00:00,13,0.0,0.31921768
2014-03-20,2014-03-20 13:00:00,14,0.0,0.31344032
2014-03-20,2014-03-20 14:00:00,15,0.0,0.24711418
2014-03-20,2014-03-20 15:00:00,16,0.0,0.016946793
2014-03-20,2014-03-20 16:00:00,17,0.0,0.22061157
2014-03-20,2014-03-20 17:00:00,18,0.0,0.20297241
2014-03-20,2014-03-20 18:00:00,19,0.0,0.18570709
2014-03-20,2014-03-20 19:00:00,20,0.0,0.19786835
2014-03-20,2014-03-20 20:00:00,21,0.0,0.12068939
2014-03-20,2014-03-20 21:00:00,22,0.0,0.11494064
2014-03-20,2014-03-20 22:00:00,23,0.0,-0.067379
2014-03-20,2014-03-20 23:00:00,24,0.0,-0.2878723
2014-03-21,2014-03-21 00:00:00,1,55.519268,51.923588
2014-03-21,2014-03-21 01:00:00,2,39.19007,41.42925
2014-03-21,2014-03-21 02:00:00,3,35.924232,37.17137
2014-03-21,2014-03-21 03:00:00,4,31.025473,35.421524
2014-03-21,2014-03-21 04:00:00,5,31.025473,32.93895
2014-03-21,2014-03-21 05:00:00,6,32.658394,33.086483
2014-03-21,2014-03-21 06:00:00,7,40.82299,40.13948
2014-03-21,2014-03-21 07:00:00,8,1.6329197,0.16192055
2014-03-21,2014-03-21 08:00:00,9,0.0,0.1531353
2014-03-21,2014-03-21 09:00:00,10,0.0,0.5334072
2014-03-21,2014-03-21 10:00:00,11,0.0,0.28854942
2014-03-21,2014-03-21 11:00:00,12,0.0,0.43813896
2014-03-21,2014-03-21 12:00:00,13,0.0,0.25668144
2014-03-21,2014-03-21 13:00:00,14,0.0,0.25969124
2014-03-21,2014-03-21 14:00:00,15,0.0,0.1532116
2014-03-21,2014-03-21 15:00:00,16,0.0,-0.008613586
2014-03-21,2014-03-21 16:00:00,17,0.0,0.048252106
2014-03-21,2014-03-21 17:00:00,18,0.0,0.01574707
2014-03-21,2014-03-21 18:00:00,19,0.0,0.029678345
2014-03-21,2014-03-21 19:00:00,20,0.0,-0.06582832
2014-03-21,2014-03-21 20:00:00,21,0.0,0.021650314
2014-03-21,2014-03-21 21:00:00,22,0.0,-0.00046920776
2014-03-21,2014-03-21 22:00:00,23,0.0,-0.19104767
2014-03-21,2014-03-21 23:00:00,24,0.0,-0.2831745
2014-03-22,2014-03-22 00:00:00,1,52.25343,50.0901
2014-03-22,2014-03-22 01:00:00,2,34.291313,44.24057
2014-03-22,2014-03-22 02:00:00,3,29.392553,40.48374
2014-03-22,2014-03-22 03:00:00,4,29.392553,39.709663
2014-03-22,2014-03-22 04:00:00,5,27.759634,38.70478
2014-03-22,2014-03-22 05:00:00,6,29.392553,37.103104
2014-03-22,2014-03-22 06:00:00,7,26.126715,39.15226
2014-03-22,2014-03-22 07:00:00,8,26.126715,37.17027
2014-03-22,2014-03-22 08:00:00,9,26.126715,34.069782
2014-03-22,2014-03-22 09:00:00,10,22.860876,28.222897
2014-03-22,2014-03-22 10:00:00,11,22.860876,13.887626
2014-03-22,2014-03-22 11:00:00,12,21.227955,11.329655
2014-03-22,2014-03-22 12:00:00,13,22.860876,16.195791
2014-03-22,2014-03-22 13:00:00,14,21.227955,38.344383
2014-03-22,2014-03-22 14:00:00,15,21.227955,37.932117
2014-03-22,2014-03-22 15:00:00,16,22.860876,38.14975
2014-03-22,2014-03-22 16:00:00,17,22.860876,33.593575
2014-03-22,2014-03-22 17:00:00,18,21.227955,33.465294
2014-03-22,2014-03-22 18:00:00,19,21.227955,33.487755
2014-03-22,2014-03-22 19:00:00,20,22.860876,33.501465
2014-03-22,2014-03-22 20:00:00,21,21.227955,33.759308
2014-03-22,2014-03-22 21:00:00,22,21.227955,33.782005
2014-03-22,2014-03-22 22:00:00,23,22.860876,34.110176
2014-03-22,2014-03-22 23:00:00,24,21.227955,34.20522
2014-03-23,2014-03-23 00:00:00,1,22.860876,24.034779
2014-03-23,2014-03-23 01:00:00,2,21.227955,23.975754
2014-03-23,2014-03-23 02:00:00,3,22.860876,23.954319
2014-03-23,2014-03-23 03:00:00,4,21.227955,24.021244
2014-03-23,2014-03-23 04:00:00,5,21.227955,24.033607
2014-03-23,2014-03-23 05:00:00,6,24.493795,23.967878
2014-03-23,2014-03-23 06:00:00,7,22.860876,24.023668
2014-03-23,2014-03-23 07:00:00,8,22.860876,23.919935
2014-03-23,2014-03-23 08:00:00,9,21.227955,23.846539
2014-03-23,2014-03-23 09:00:00,10,21.227955,23.620089
2014-03-23,2014-03-23 10:00:00,11,22.860876,23.478115
2014-03-23,2014-03-23 11:00:00,12,21.227955,23.384644
2014-03-23,2014-03-23 12:00:00,13,21.227955,23.453583
2014-03-23,2014-03-23 13:00:00,14,22.860876,23.443642
2014-03-23,2014-03-23 14:00:00,15,22.860876,23.455719
2014-03-23,2014-03-23 15:00:00,16,21.227955,23.434677
2014-03-23,2014-03-23 16:00:00,17,22.860876,23.802513
2014-03-23,2014-03-23 17:00:00,18,21.227955,22.226791
2014-03-23,2014-03-23 18:00:00,19,22.860876,20.874348
2014-03-23,2014-03-23 19:00:00,20,22.860876,21.316444
2014-03-23,2014-03-23 20:00:00,21,21.227955,20.911312
2014-03-23,2014-03-23 21:00:00,22,22.860876,21.383873
2014-03-23,2014-03-23 22:00:00,23,22.860876,21.683485
2014-03-23,2014-03-23 23:00:00,24,21.227955,22.462933
2014-03-24,2014-03-24 00:00:00,1,22.860876,25.854862
2014-03-24,2014-03-24 01:00:00,2,21.227955,25.305254
2014-03-24,2014-03-24 02:00:00,3,24.493795,25.442816
2014-03-24,2014-03-24 03:00:00,4,52.25343,26.355904
2014-03-24,2014-03-24 04:00:00,5,37.55715,26.746864
2014-03-24,2014-03-24 05:00:00,6,19.595036,25.303532
2014-03-24,2014-03-24 06:00:00,7,19.595036,0.19794846
2014-03-24,2014-03-24 07:00:00,8,3.2658393,-0.41184616
2014-03-24,2014-03-24 08:00:00,9,0.0,-0.51340485
2014-03-24,2014-03-24 09:00:00,10,0.0,-0.30282974
2014-03-24,2014-03-24 10:00:00,11,0.0,-0.25450516
2014-03-24,2014-03-24 11:00:00,12,0.0,-0.35907364
2014-03-24,2014-03-24 12:00:00,13,0.0,-0.39582443
2014-03-24,2014-03-24 13:00:00,14,0.0,-0.27391815
2014-03-24,2014-03-24 14:00:00,15,0.0,-0.4241829
2014-03-24,2014-03-24 15:00:00,16,0.0,-0.32691383
2014-03-24,2014-03-24 16:00:00,17,0.0,-0.12747192
2014-03-24,2014-03-24 17:00:00,18,0.0,-0.08182526
2014-03-24,2014-03-24 18:00:00,19,0.0,-0.056329727
2014-03-24,2014-03-24 19:00:00,20,0.0,-0.09765816
2014-03-24,2014-03-24 20:00:00,21,0.0,-0.09340668
2014-03-24,2014-03-24 21:00:00,22,0.0,-0.15258789
2014-03-24,2014-03-24 22:00:00,23,0.0,-0.16717148
2014-03-24,2014-03-24 23:00:00,24,0.0,-0.34252357
2014-03-25,2014-03-25 00:00:00,1,47.35467,50.214264
2014-03-25,2014-03-25 01:00:00,2,39.19007,37.02682
2014-03-25,2014-03-25 02:00:00,3,34.291313,33.24781
2014-03-25,2014-03-25 03:00:00,4,31.025473,31.046501
2014-03-25,2014-03-25 04:00:00,5,31.025473,28.950459
2014-03-25,2014-03-25 05:00:00,6,31.025473,30.248123
2014-03-25,2014-03-25 06:00:00,7,37.55715,36.476578
2014-03-25,2014-03-25 07:00:00,8,0.0,0.21951771
2014-03-25,2014-03-25 08:00:00,9,0.0,0.28054905
2014-03-25,2014-03-25 09:00:00,10,0.0,0.645236
2014-03-25,2014-03-25 10:00:00,11,0.0,0.4624567
2014-03-25,2014-03-25 11:00:00,12,3.2658393,0.5648041
2014-03-25,2014-03-25 12:00:00,13,0.0,0.4320755
2014-03-25,2014-03-25 13:00:00,14,0.0,0.3960867
2014-03-25,2014-03-25 14:00:00,15,0.0,0.36658192
2014-03-25,2014-03-25 15:00:00,16,0.0,0.16021252
2014-03-25,2014-03-25 16:00:00,17,26.126715,0.20074272
2014-03-25,2014-03-25 17:00:00,18,0.0,0.24506283
2014-03-25,2014-03-25 18:00:00,19,0.0,0.2487793
2014-03-25,2014-03-25 19:00:00,20,0.0,0.17167091
2014-03-25,2014-03-25 20:00:00,21,0.0,0.16191769
2014-03-25,2014-03-25 21:00:00,22,0.0,0.0944252
2014-03-25,2014-03-25 22:00:00,23,0.0,0.028440475
2014-03-25,2014-03-25 23:00:00,24,0.0,-0.14103794
2014-03-26,2014-03-26 00:00:00,1,48.98759,50.282135
2014-03-26,2014-03-26 01:00:00,2,44.08883,39.166832
2014-03-26,2014-03-26 02:00:00,3,40.82299,34.068214
2014-03-26,2014-03-26 03:00:00,4,39.19007,32.29177
2014-03-26,2014-03-26 04:00:00,5,39.19007,29.86129
2014-03-26,2014-03-26 05:00:00,6,37.55715,31.413528
2014-03-26,2014-03-26 06:00:00,7,42.45591,37.316475
2014-03-26,2014-03-26 07:00:00,8,0.0,0.122924805
2014-03-26,2014-03-26 08:00:00,9,0.0,0.14597225
2014-03-26,2014-03-26 09:00:00,10,0.0,0.5181532
2014-03-26,2014-03-26 10:00:00,11,0.0,0.36550903
2014-03-26,2014-03-26 11:00:00,12,0.0,0.5604887
2014-03-26,2014-03-26 12:00:00,13,0.0,0.3948841
2014-03-26,2014-03-26 13:00:00,14,0.0,0.35587978
2014-03-26,2014-03-26 14:00:00,15,0.0,0.273551
2014-03-26,2014-03-26 15:00:00,16,0.0,0.087368965
2014-03-26,2014-03-26 16:00:00,17,0.0,0.25927162
2014-03-26,2014-03-26 17:00:00,18,0.0,0.17591953
2014-03-26,2014-03-26 18:00:00,19,0.0,0.2262516
2014-03-26,2014-03-26 19:00:00,20,0.0,0.16686058
2014-03-26,2014-03-26 20:00:00,21,0.0,0.18032742
2014-03-26,2014-03-26 21:00:00,22,0.0,0.087184906
2014-03-26,2014-03-26 22:00:00,23,0.0,-0.05086136
2014-03-26,2014-03-26 23:00:00,24,0.0,-0.2375431
2014-03-27,2014-03-27 00:00:00,1,48.98759,49.48859
2014-03-27,2014-03-27 01:00:00,2,47.35467,42.141724
2014-03-27,2014-03-27 02:00:00,3,40.82299,38.766747
2014-03-27,2014-03-27 03:00:00,4,40.82299,36.303207
2014-03-27,2014-03-27 04:00:00,5,39.19007,34.201767
2014-03-27,2014-03-27 05:00:00,6,35.924232,35.41561
2014-03-27,2014-03-27 06:00:00,7,45.721752,40.209114
2014-03-27,2014-03-27 07:00:00,8,0.0,0.428051
2014-03-27,2014-03-27 08:00:00,9,0.0,0.24134827
2014-03-27,2014-03-27 09:00:00,10,0.0,0.51078606
2014-03-27,2014-03-27 10:00:00,11,0.0,0.27062798
2014-03-27,2014-03-27 11:00:00,12,0.0,0.40753174
2014-03-27,2014-03-27 12:00:00,13,0.0,0.24686813
2014-03-27,2014-03-27 13:00:00,14,0.0,0.22854614
2014-03-27,2014-03-27 14:00:00,15,0.0,0.13629532
2014-03-27,2014-03-27 15:00:00,16,0.0,0.014842033
2014-03-27,2014-03-27 16:00:00,17,0.0,0.20111561
2014-03-27,2014-03-27 17:00:00,18,0.0,0.06342983
2014-03-27,2014-03-27 18:00:00,19,0.0,0.14437675
2014-03-27,2014-03-27 19:00:00,20,0.0,0.074671745
2014-03-27,2014-03-27 20:00:00,21,0.0,0.010549545
2014-03-27,2014-03-27 21:00:00,22,0.0,-0.044761658
2014-03-27,2014-03-27 22:00:00,23,0.0,-0.21710014
2014-03-27,2014-03-27 23:00:00,24,0.0,-0.3927536
2014-03-28,2014-03-28 00:00:00,1,57.152187,50.665142
2014-03-28,2014-03-28 01:00:00,2,47.35467,43.981308
2014-03-28,2014-03-28 02:00:00,3,40.82299,39.809948
2014-03-28,2014-03-28 03:00:00,4,39.19007,38.05703
2014-03-28,2014-03-28 04:00:00,5,39.19007,36.68107
2014-03-28,2014-03-28 05:00:00,6,37.55715,36.791916
2014-03-28,2014-03-28 06:00:00,7,42.45591,41.78932
2014-03-28,2014-03-28 07:00:00,8,0.0,0.3600912
2014-03-28,2014-03-28 08:00:00,9,0.0,0.18696022
2014-03-28,2014-03-28 09:00:00,10,0.0,0.44634533
2014-03-28,2014-03-28 10:00:00,11,0.0,0.20104504
2014-03-28,2014-03-28 11:00:00,12,0.0,0.34866333
2014-03-28,2014-03-28 12:00:00,13,0.0,0.22668934
2014-03-28,2014-03-28 13:00:00,14,0.0,0.15815353
2014-03-28,2014-03-28 14:00:00,15,0.0,0.10360432
2014-03-28,2014-03-28 15:00:00,16,0.0,-0.029668808
2014-03-28,2014-03-28 16:00:00,17,0.0,0.17725468
2014-03-28,2014-03-28 17:00:00,18,0.0,0.12509727
2014-03-28,2014-03-28 18:00:00,19,0.0,0.09139919
2014-03-28,2014-03-28 19:00:00,20,0.0,0.08430195
2014-03-28,2014-03-28 20:00:00,21,0.0,0.10124111
2014-03-28,2014-03-28 21:00:00,22,0.0,0.1933775
2014-03-28,2014-03-28 22:00:00,23,0.0,-0.012849808
2014-03-28,2014-03-28 23:00:00,24,0.0,-0.034711838
2014-03-29,2014-03-29 00:00:00,1,57.152187,46.252655
2014-03-29,2014-03-29 01:00:00,2,50.62051,38.081078
2014-03-29,2014-03-29 02:00:00,3,44.08883,34.218246
2014-03-29,2014-03-29 03:00:00,4,42.45591,33.54767
2014-03-29,2014-03-29 04:00:00,5,42.45591,33.177986
2014-03-29,2014-03-29 05:00:00,6,42.45591,32.371788
2014-03-29,2014-03-29 06:00:00,7,42.45591,32.901817
2014-03-29,2014-03-29 07:00:00,8,42.45591,30.073784
2014-03-29,2014-03-29 08:00:00,9,42.45591,28.633432
2014-03-29,2014-03-29 09:00:00,10,39.19007,26.245693
2014-03-29,2014-03-29 10:00:00,11,55.519268,22.86214
2014-03-29,2014-03-29 11:00:00,12,11.430438,21.883263
2014-03-29,2014-03-29 12:00:00,13,4.898759,24.344543
2014-03-29,2014-03-29 13:00:00,14,52.25343,30.031443
2014-03-29,2014-03-29 14:00:00,15,35.924232,29.86519
2014-03-29,2014-03-29 15:00:00,16,34.291313,30.036911
2014-03-29,2014-03-29 16:00:00,17,34.291313,31.107391
2014-03-29,2014-03-29 17:00:00,18,29.392553,31.180574
2014-03-29,2014-03-29 18:00:00,19,31.025473,30.871218
2014-03-29,2014-03-29 19:00:00,20,29.392553,30.773777
2014-03-29,2014-03-29 20:00:00,21,29.392553,30.502876
2014-03-29,2014-03-29 21:00:00,22,29.392553,30.427376
2014-03-29,2014-03-29 22:00:00,23,27.759634,30.883438
2014-03-29,2014-03-29 23:00:00,24,29.392553,31.600208
2014-04-14,2014-04-14 00:00:00,1,24.493795,28.477825
2014-04-14,2014-04-14 01:00:00,2,26.126715,28.119347
2014-04-14,2014-04-14 02:00:00,3,24.493795,28.203934
2014-04-14,2014-04-14 03:00:00,4,52.25343,30.462845
2014-04-14,2014-04-14 04:00:00,5,52.25343,36.837067
2014-04-14,2014-04-14 05:00:00,6,0.0,21.74898
2014-04-14,2014-04-14 06:00:00,7,0.0,-0.25165367
2014-04-14,2014-04-14 07:00:00,8,0.0,-0.15993786
2014-04-14,2014-04-14 08:00:00,9,0.0,-0.10500717
2014-04-14,2014-04-14 09:00:00,10,0.0,0.012134552
2014-04-14,2014-04-14 10:00:00,11,0.0,-0.13591099
2014-04-14,2014-04-14 11:00:00,12,0.0,-0.043269157
2014-04-14,2014-04-14 12:00:00,13,0.0,-0.124565125
2014-04-14,2014-04-14 13:00:00,14,0.0,-0.082821846
2014-04-14,2014-04-14 14:00:00,15,0.0,-0.14681435
2014-04-14,2014-04-14 15:00:00,16,0.0,-0.1284256
2014-04-14,2014-04-14 16:00:00,17,0.0,0.012493134
2014-04-14,2014-04-14 17:00:00,18,0.0,0.060055733
2014-04-14,2014-04-14 18:00:00,19,0.0,0.061852455
2014-04-14,2014-04-14 19:00:00,20,0.0,0.031092644
2014-04-14,2014-04-14 20:00:00,21,0.0,0.0146512985
2014-04-14,2014-04-14 21:00:00,22,0.0,-0.02859211
2014-04-14,2014-04-14 22:00:00,23,0.0,-0.054520607
2014-04-14,2014-04-14 23:00:00,24,0.0,0.013874054
2014-04-15,2014-04-15 00:00:00,1,45.721752,37.716362
2014-04-15,2014-04-15 01:00:00,2,27.759634,28.076157
2014-04-15,2014-04-15 02:00:00,3,26.126715,24.957676
2014-04-15,2014-04-15 03:00:00,4,26.126715,24.771646
2014-04-15,2014-04-15 04:00:00,5,27.759634,24.32216
2014-04-15,2014-04-15 05:00:00,6,26.126715,24.596315
2014-04-15,2014-04-15 06:00:00,7,35.924232,30.455856
2014-04-15,2014-04-15 07:00:00,8,0.0,0.010448456
2014-04-15,2014-04-15 08:00:00,9,0.0,0.20743847
2014-04-15,2014-04-15 09:00:00,10,0.0,0.46854782
2014-04-15,2014-04-15 10:00:00,11,0.0,0.32606888
2014-04-15,2014-04-15 11:00:00,12,0.0,0.4401083
2014-04-15,2014-04-15 12:00:00,13,0.0,0.37121677
2014-04-15,2014-04-15 13:00:00,14,0.0,0.32434654
2014-04-15,2014-04-15 14:00:00,15,0.0,0.25124264
2014-04-15,2014-04-15 15:00:00,16,0.0,0.12710094
2014-04-15,2014-04-15 16:00:00,17,0.0,0.14574814
2014-04-15,2014-04-15 17:00:00,18,0.0,0.13889122
2014-04-15,2014-04-15 18:00:00,19,0.0,0.1719141
2014-04-15,2014-04-15 19:00:00,20,0.0,0.11677551
2014-04-15,2014-04-15 20:00:00,21,0.0,0.069413185
2014-04-15,2014-04-15 21:00:00,22,0.0,0.028866768
2014-04-15,2014-04-15 22:00:00,23,0.0,-0.052570343
2014-04-15,2014-04-15 23:00:00,24,3.2658393,-0.22061157
2014-04-16,2014-04-16 00:00:00,1,45.721752,43.537148
2014-04-16,2014-04-16 01:00:00,2,29.392553,32.23685
2014-04-16,2014-04-16 02:00:00,3,27.759634,29.10912
2014-04-16,2014-04-16 03:00:00,4,26.126715,28.80857
2014-04-16,2014-04-16 04:00:00,5,27.759634,27.33053
2014-04-16,2014-04-16 05:00:00,6,27.759634,28.360899
2014-04-16,2014-04-16 06:00:00,7,34.291313,35.422104
2014-04-16,2014-04-16 07:00:00,8,3.2658393,-0.08730316
2014-04-16,2014-04-16 08:00:00,9,0.0,0.034760475
2014-04-16,2014-04-16 09:00:00,10,0.0,0.36223984
2014-04-16,2014-04-16 10:00:00,11,0.0,0.24266338
2014-04-16,2014-04-16 11:00:00,12,0.0,0.3771925
2014-04-16,2014-04-16 12:00:00,13,0.0,0.27245522
2014-04-16,2014-04-16 13:00:00,14,0.0,0.25993633
2014-04-16,2014-04-16 14:00:00,15,0.0,0.15464973
2014-04-16,2014-04-16 15:00:00,16,0.0,0.0066633224
2014-04-16,2014-04-16 16:00:00,17,0.0,0.2175312
2014-04-16,2014-04-16 17:00:00,18,0.0,0.24323273
2014-04-16,2014-04-16 18:00:00,19,0.0,0.18132305
2014-04-16,2014-04-16 19:00:00,20,0.0,0.14322281
2014-04-16,2014-04-16 20:00:00,21,0.0,0.076143265
2014-04-16,2014-04-16 21:00:00,22,0.0,0.09631157
2014-04-16,2014-04-16 22:00:00,23,0.0,-0.047631264
2014-04-16,2014-04-16 23:00:00,24,0.0,0.02549839
2014-04-17,2014-04-17 00:00:00,1,47.35467,40.869865
2014-04-17,2014-04-17 01:00:00,2,32.658394,30.167332
2014-04-17,2014-04-17 02:00:00,3,27.759634,27.259138
2014-04-17,2014-04-17 03:00:00,4,26.126715,26.49586
2014-04-17,2014-04-17 04:00:00,5,26.126715,26.33378
2014-04-17,2014-04-17 05:00:00,6,29.392553,26.86708
2014-04-17,2014-04-17 06:00:00,7,27.759634,33.968914
2014-04-17,2014-04-17 07:00:00,8,13.063357,0.45274353
2014-04-17,2014-04-17 08:00:00,9,0.0,0.2447195
2014-04-17,2014-04-17 09:00:00,10,0.0,0.5109606
2014-04-17,2014-04-17 10:00:00,11,0.0,0.37818718
2014-04-17,2014-04-17 11:00:00,12,0.0,0.48393154
2014-04-17,2014-04-17 12:00:00,13,0.0,0.3693514
2014-04-17,2014-04-17 13:00:00,14,0.0,0.36123562
2014-04-17,2014-04-17 14:00:00,15,0.0,0.27641582
2014-04-17,2014-04-17 15:00:00,16,0.0,0.12757206
2014-04-17,2014-04-17 16:00:00,17,0.0,0.34412956
2014-04-17,2014-04-17 17:00:00,18,0.0,0.3489704
2014-04-17,2014-04-17 18:00:00,19,0.0,0.30702782
2014-04-17,2014-04-17 19:00:00,20,0.0,0.3081169
2014-04-17,2014-04-17 20:00:00,21,0.0,0.268116
2014-04-17,2014-04-17 21:00:00,22,0.0,0.2879877
2014-04-17,2014-04-17 22:00:00,23,0.0,0.11174393
2014-04-17,2014-04-17 23:00:00,24,0.0,0.059018135
2014-04-18,2014-04-18 00:00:00,1,48.98759,41.239944
2014-04-18,2014-04-18 01:00:00,2,31.025473,31.107637
2014-04-18,2014-04-18 02:00:00,3,27.759634,26.90291
2014-04-18,2014-04-18 03:00:00,4,26.126715,26.234953
2014-04-18,2014-04-18 04:00:00,5,27.759634,25.751282
2014-04-18,2014-04-18 05:00:00,6,24.493795,26.762114
2014-04-18,2014-04-18 06:00:00,7,26.126715,32.984253
2014-04-18,2014-04-18 07:00:00,8,24.493795,0.4401865
2014-04-18,2014-04-18 08:00:00,9,26.126715,-0.05195713
2014-04-18,2014-04-18 09:00:00,10,26.126715,0.27225208
2014-04-18,2014-04-18 10:00:00,11,24.493795,0.09521389
2014-04-18,2014-04-18 11:00:00,12,24.493795,0.22850323
2014-04-18,2014-04-18 12:00:00,13,24.493795,0.12783813
2014-04-18,2014-04-18 13:00:00,14,24.493795,0.09806728
2014-04-18,2014-04-18 14:00:00,15,26.126715,0.030553818
2014-04-18,2014-04-18 15:00:00,16,24.493795,-0.09020138
2014-04-18,2014-04-18 16:00:00,17,24.493795,-0.031469345
2014-04-18,2014-04-18 17:00:00,18,26.126715,-0.022601128
2014-04-18,2014-04-18 18:00:00,19,24.493795,-0.056064606
2014-04-18,2014-04-18 19:00:00,20,24.493795,-0.15343761
2014-04-18,2014-04-18 20:00:00,21,24.493795,-0.01149559
2014-04-18,2014-04-18 21:00:00,22,27.759634,-0.14436626
2014-04-18,2014-04-18 22:00:00,23,24.493795,-0.1748085
2014-04-18,2014-04-18 23:00:00,24,22.860876,-0.24320698
2014-04-19,2014-04-19 00:00:00,1,26.126715,29.318186
2014-04-19,2014-04-19 01:00:00,2,24.493795,28.456627
2014-04-19,2014-04-19 02:00:00,3,22.860876,27.6969
2014-04-19,2014-04-19 03:00:00,4,26.126715,27.507061
2014-04-19,2014-04-19 04:00:00,5,24.493795,27.364964
2014-04-19,2014-04-19 05:00:00,6,24.493795,27.171143
2014-04-19,2014-04-19 06:00:00,7,24.493795,27.315342
2014-04-19,2014-04-19 07:00:00,8,24.493795,27.628086
2014-04-19,2014-04-19 08:00:00,9,24.493795,27.7439
2014-04-19,2014-04-19 09:00:00,10,24.493795,27.796875
2014-04-19,2014-04-19 10:00:00,11,24.493795,27.607733
2014-04-19,2014-04-19 11:00:00,12,24.493795,27.348858
2014-04-19,2014-04-19 12:00:00,13,22.860876,27.341982
2014-04-19,2014-04-19 13:00:00,14,24.493795,27.352509
2014-04-19,2014-04-19 14:00:00,15,24.493795,27.478188
2014-04-19,2014-04-19 15:00:00,16,22.860876,28.030916
2014-04-19,2014-04-19 16:00:00,17,24.493795,28.237438
2014-04-19,2014-04-19 17:00:00,18,24.493795,27.962791
2014-04-19,2014-04-19 18:00:00,19,24.493795,27.548632
2014-04-19,2014-04-19 19:00:00,20,24.493795,27.070522
2014-04-19,2014-04-19 20:00:00,21,24.493795,26.530212
2014-04-19,2014-04-19 21:00:00,22,24.493795,26.482187
2014-04-19,2014-04-19 22:00:00,23,26.126715,26.469433
2014-04-19,2014-04-19 23:00:00,24,24.493795,26.489815
2014-04-20,2014-04-20 00:00:00,1,22.860876,25.386147
2014-04-20,2014-04-20 01:00:00,2,24.493795,25.307556
2014-04-20,2014-04-20 02:00:00,3,26.126715,25.294815
2014-04-20,2014-04-20 03:00:00,4,24.493795,25.304142
2014-04-20,2014-04-20 04:00:00,5,26.126715,25.258709
2014-04-20,2014-04-20 05:00:00,6,24.493795,25.314999
2014-04-20,2014-04-20 06:00:00,7,24.493795,25.310818
2014-04-20,2014-04-20 07:00:00,8,24.493795,25.321157
2014-04-20,2014-04-20 08:00:00,9,24.493795,25.20178
2014-04-20,2014-04-20 09:00:00,10,22.860876,25.224377
2014-04-20,2014-04-20 10:00:00,11,24.493795,25.184517
2014-04-20,2014-04-20 11:00:00,12,24.493795,25.208752
2014-04-20,2014-04-20 12:00:00,13,24.493795,25.276222
2014-04-20,2014-04-20 13:00:00,14,24.493795,25.28271
2014-04-20,2014-04-20 14:00:00,15,22.860876,25.343243
2014-04-20,2014-04-20 15:00:00,16,24.493795,25.464205
2014-04-20,2014-04-20 16:00:00,17,24.493795,25.412596
2014-04-20,2014-04-20 17:00:00,18,24.493795,25.629997
2014-04-20,2014-04-20 18:00:00,19,22.860876,25.80056
2014-04-20,2014-04-20 19:00:00,20,24.493795,25.674519
2014-04-20,2014-04-20 20:00:00,21,24.493795,25.64969
2014-04-20,2014-04-20 21:00:00,22,24.493795,25.711792
2014-04-20,2014-04-20 22:00:00,23,24.493795,26.05523
2014-04-20,2014-04-20 23:00:00,24,24.493795,26.219572
2014-04-21,2014-04-21 00:00:00,1,24.493795,28.607227
2014-04-21,2014-04-21 01:00:00,2,24.493795,28.853497
2014-04-21,2014-04-21 02:00:00,3,26.126715,28.930946
2014-04-21,2014-04-21 03:00:00,4,26.126715,31.21679
2014-04-21,2014-04-21 04:00:00,5,63.68387,34.447075
2014-04-21,2014-04-21 05:00:00,6,24.493795,12.230547
2014-04-21,2014-04-21 06:00:00,7,0.0,0.39999676
2014-04-21,2014-04-21 07:00:00,8,0.0,-0.2483263
2014-04-21,2014-04-21 08:00:00,9,0.0,-0.2730646
2014-04-21,2014-04-21 09:00:00,10,0.0,-0.07300949
2014-04-21,2014-04-21 10:00:00,11,0.0,-0.13845062
2014-04-21,2014-04-21 11:00:00,12,0.0,-0.12911129
2014-04-21,2014-04-21 12:00:00,13,0.0,-0.181427
2014-04-21,2014-04-21 13:00:00,14,0.0,-0.15122318
2014-04-21,2014-04-21 14:00:00,15,0.0,-0.26046562
2014-04-21,2014-04-21 15:00:00,16,0.0,-0.17993355
2014-04-21,2014-04-21 16:00:00,17,0.0,-0.008077621
2014-04-21,2014-04-21 17:00:00,18,0.0,0.009555817
2014-04-21,2014-04-21 18:00:00,19,0.0,0.00033473969
2014-04-21,2014-04-21 19:00:00,20,0.0,-0.06602383
2014-04-21,2014-04-21 20:00:00,21,0.0,-0.03503704
2014-04-21,2014-04-21 21:00:00,22,0.0,-0.078082085
2014-04-21,2014-04-21 22:00:00,23,0.0,-0.050354004
2014-04-21,2014-04-21 23:00:00,24,0.0,0.056982994
2014-04-22,2014-04-22 00:00:00,1,48.98759,41.009872
2014-04-22,2014-04-22 01:00:00,2,29.392553,28.976631
2014-04-22,2014-04-22 02:00:00,3,27.759634,25.658129
2014-04-22,2014-04-22 03:00:00,4,27.759634,25.656097
2014-04-22,2014-04-22 04:00:00,5,26.126715,25.834972
2014-04-22,2014-04-22 05:00:00,6,26.126715,26.488323
2014-04-22,2014-04-22 06:00:00,7,39.19007,31.478683
2014-04-22,2014-04-22 07:00:00,8,0.0,0.5012226
2014-04-22,2014-04-22 08:00:00,9,0.0,0.12455177
2014-04-22,2014-04-22 09:00:00,10,0.0,0.34323692
2014-04-22,2014-04-22 10:00:00,11,0.0,0.20493603
2014-04-22,2014-04-22 11:00:00,12,0.0,0.3147869
2014-04-22,2014-04-22 12:00:00,13,0.0,0.21714497
2014-04-22,2014-04-22 13:00:00,14,0.0,0.17393208
2014-04-22,2014-04-22 14:00:00,15,0.0,0.1312828
2014-04-22,2014-04-22 15:00:00,16,0.0,-0.04602337
2014-04-22,2014-04-22 16:00:00,17,0.0,0.036661148
2014-04-22,2014-04-22 17:00:00,18,0.0,0.06865978
2014-04-22,2014-04-22 18:00:00,19,0.0,0.033761024
2014-04-22,2014-04-22 19:00:00,20,0.0,-0.031169891
2014-04-22,2014-04-22 20:00:00,21,0.0,-0.03294468
2014-04-22,2014-04-22 21:00:00,22,0.0,-0.16213226
2014-04-22,2014-04-22 22:00:00,23,0.0,-0.23671627
2014-04-22,2014-04-22 23:00:00,24,0.0,-0.3425026
2014-04-23,2014-04-23 00:00:00,1,44.08883,44.021164
2014-04-23,2014-04-23 01:00:00,2,29.392553,31.454548
2014-04-23,2014-04-23 02:00:00,3,27.759634,27.765003
2014-04-23,2014-04-23 03:00:00,4,27.759634,26.981062
2014-04-23,2014-04-23 04:00:00,5,26.126715,26.687431
2014-04-23,2014-04-23 05:00:00,6,26.126715,27.93702
2014-04-23,2014-04-23 06:00:00,7,32.658394,34.256687
2014-04-23,2014-04-23 07:00:00,8,0.0,1.2047415
2014-04-23,2014-04-23 08:00:00,9,0.0,0.15465355
2014-04-23,2014-04-23 09:00:00,10,0.0,0.38878727
2014-04-23,2014-04-23 10:00:00,11,0.0,0.2736845
2014-04-23,2014-04-23 11:00:00,12,0.0,0.3928547
2014-04-23,2014-04-23 12:00:00,13,0.0,0.27271748
2014-04-23,2014-04-23 13:00:00,14,0.0,0.2727089
2014-04-23,2014-04-23 14:00:00,15,0.0,0.22074509
2014-04-23,2014-04-23 15:00:00,16,0.0,0.014780045
2014-04-23,2014-04-23 16:00:00,17,0.0,0.1957655
2014-04-23,2014-04-23 17:00:00,18,0.0,0.20613766
2014-04-23,2014-04-23 18:00:00,19,0.0,0.13244534
2014-04-23,2014-04-23 19:00:00,20,0.0,0.050902367
2014-04-23,2014-04-23 20:00:00,21,0.0,0.10374546
2014-04-23,2014-04-23 21:00:00,22,0.0,0.034139633
2014-04-23,2014-04-23 22:00:00,23,0.0,-0.0046691895
2014-04-23,2014-04-23 23:00:00,24,0.0,-0.09704876
2014-04-24,2014-04-24 00:00:00,1,42.45591,42.029953
2014-04-24,2014-04-24 01:00:00,2,27.759634,30.416256
2014-04-24,2014-04-24 02:00:00,3,26.126715,27.142254
2014-04-24,2014-04-24 03:00:00,4,27.759634,27.164015
2014-04-24,2014-04-24 04:00:00,5,27.759634,26.051289
2014-04-24,2014-04-24 05:00:00,6,26.126715,27.213564
2014-04-24,2014-04-24 06:00:00,7,35.924232,32.976883
2014-04-24,2014-04-24 07:00:00,8,0.0,1.1305342
2014-04-24,2014-04-24 08:00:00,9,0.0,0.1004343
2014-04-24,2014-04-24 09:00:00,10,0.0,0.37315845
2014-04-24,2014-04-24 10:00:00,11,0.0,0.21353722
2014-04-24,2014-04-24 11:00:00,12,0.0,0.37776375
2014-04-24,2014-04-24 12:00:00,13,0.0,0.2080307
2014-04-24,2014-04-24 13:00:00,14,0.0,0.22036171
2014-04-24,2014-04-24 14:00:00,15,0.0,0.11770153
2014-04-24,2014-04-24 15:00:00,16,0.0,-0.059062004
2014-04-24,2014-04-24 16:00:00,17,0.0,-0.23423862
2014-04-24,2014-04-24 17:00:00,18,0.0,-0.316473
2014-04-24,2014-04-24 18:00:00,19,0.0,-0.26563072
2014-04-24,2014-04-24 19:00:00,20,0.0,-0.3447771
2014-04-24,2014-04-24 20:00:00,21,0.0,-0.35047722
2014-04-24,2014-04-24 21:00:00,22,0.0,-0.32136822
2014-04-24,2014-04-24 22:00:00,23,0.0,-0.552125
2014-04-24,2014-04-24 23:00:00,24,0.0,-0.4866438
2014-04-25,2014-04-25 00:00:00,1,47.35467,40.72205
2014-04-25,2014-04-25 01:00:00,2,24.493795,31.64295
2014-04-25,2014-04-25 02:00:00,3,27.759634,28.371311
2014-04-25,2014-04-25 03:00:00,4,26.126715,27.733583
2014-04-25,2014-04-25 04:00:00,5,26.126715,27.495884
2014-04-25,2014-04-25 05:00:00,6,26.126715,27.346523
2014-04-25,2014-04-25 06:00:00,7,26.126715,31.16613
2014-04-25,2014-04-25 07:00:00,8,24.493795,5.5101376
2014-04-25,2014-04-25 08:00:00,9,24.493795,2.999092
2014-04-25,2014-04-25 09:00:00,10,26.126715,2.8449125
2014-04-25,2014-04-25 10:00:00,11,26.126715,3.1771965
2014-04-25,2014-04-25 11:00:00,12,24.493795,2.3272343
2014-04-25,2014-04-25 12:00:00,13,24.493795,1.375082
2014-04-25,2014-04-25 13:00:00,14,24.493795,1.2936583
2014-04-25,2014-04-25 14:00:00,15,24.493795,1.7620144
2014-04-25,2014-04-25 15:00:00,16,24.493795,2.0582752
2014-04-25,2014-04-25 16:00:00,17,22.860876,2.9893007
2014-04-25,2014-04-25 17:00:00,18,26.126715,3.8136673
2014-04-25,2014-04-25 18:00:00,19,24.493795,2.8396873
2014-04-25,2014-04-25 19:00:00,20,26.126715,2.0432453
2014-04-25,2014-04-25 20:00:00,21,24.493795,2.5460234
2014-04-25,2014-04-25 21:00:00,22,24.493795,3.873664
2014-04-25,2014-04-25 22:00:00,23,24.493795,3.556819
2014-04-25,2014-04-25 23:00:00,24,24.493795,3.6447268
2014-04-26,2014-04-26 00:00:00,1,24.493795,25.602919
2014-04-26,2014-04-26 01:00:00,2,22.860876,25.038235
2014-04-26,2014-04-26 02:00:00,3,24.493795,24.731358
2014-04-26,2014-04-26 03:00:00,4,24.493795,24.735924
2014-04-26,2014-04-26 04:00:00,5,26.126715,24.698055
2014-04-26,2014-04-26 05:00:00,6,22.860876,24.503574
2014-04-26,2014-04-26 06:00:00,7,24.493795,24.357037
2014-04-26,2014-04-26 07:00:00,8,24.493795,24.047787
2014-04-26,2014-04-26 08:00:00,9,24.493795,23.797853
2014-04-26,2014-04-26 09:00:00,10,24.493795,23.59521
2014-04-26,2014-04-26 10:00:00,11,24.493795,23.519236
2014-04-26,2014-04-26 11:00:00,12,22.860876,23.270943
2014-04-26,2014-04-26 12:00:00,13,24.493795,23.148085
2014-04-26,2014-04-26 13:00:00,14,22.860876,23.117188
2014-04-26,2014-04-26 14:00:00,15,24.493795,23.108671
2014-04-26,2014-04-26 15:00:00,16,22.860876,23.337807
2014-04-26,2014-04-26 16:00:00,17,24.493795,24.376137
2014-04-26,2014-04-26 17:00:00,18,22.860876,24.405022
2014-04-26,2014-04-26 18:00:00,19,24.493795,24.485004
2014-04-26,2014-04-26 19:00:00,20,24.493795,24.494476
2014-04-26,2014-04-26 20:00:00,21,26.126715,24.458448
2014-04-26,2014-04-26 21:00:00,22,24.493795,24.59036
2014-04-26,2014-04-26 22:00:00,23,24.493795,24.633177
2014-04-26,2014-04-26 23:00:00,24,22.860876,24.72963
2014-04-27,2014-04-27 00:00:00,1,24.493795,24.398563
2014-04-27,2014-04-27 01:00:00,2,24.493795,24.297585
2014-04-27,2014-04-27 02:00:00,3,24.493795,24.341085
2014-04-27,2014-04-27 03:00:00,4,26.126715,24.367844
2014-04-27,2014-04-27 04:00:00,5,24.493795,24.335163
2014-04-27,2014-04-27 05:00:00,6,22.860876,24.270359
2014-04-27,2014-04-27 06:00:00,7,24.493795,24.243114
2014-04-27,2014-04-27 07:00:00,8,24.493795,24.187988
2014-04-27,2014-04-27 08:00:00,9,24.493795,24.120495
2014-04-27,2014-04-27 09:00:00,10,24.493795,24.125582
2014-04-27,2014-04-27 10:00:00,11,24.493795,24.052269
2014-04-27,2014-04-27 11:00:00,12,24.493795,24.011501
2014-04-27,2014-04-27 12:00:00,13,24.493795,24.003422
2014-04-27,2014-04-27 13:00:00,14,22.860876,23.96965
2014-04-27,2014-04-27 14:00:00,15,24.493795,23.93285
2014-04-27,2014-04-27 15:00:00,16,24.493795,24.036066
2014-04-27,2014-04-27 16:00:00,17,22.860876,24.19682
2014-04-27,2014-04-27 17:00:00,18,24.493795,24.661148
2014-04-27,2014-04-27 18:00:00,19,24.493795,24.61377
2014-04-27,2014-04-27 19:00:00,20,24.493795,24.411957
2014-04-27,2014-04-27 20:00:00,21,22.860876,24.834414
2014-04-27,2014-04-27 21:00:00,22,26.126715,24.908382
2014-04-27,2014-04-27 22:00:00,23,24.493795,24.811005
2014-04-27,2014-04-27 23:00:00,24,24.493795,24.688627
2014-04-28,2014-04-28 00:00:00,1,24.493795,27.738728
2014-04-28,2014-04-28 01:00:00,2,24.493795,27.66295
2014-04-28,2014-04-28 02:00:00,3,24.493795,28.17765
2014-04-28,2014-04-28 03:00:00,4,39.19007,33.983795
2014-04-28,2014-04-28 04:00:00,5,50.62051,45.68476
2014-04-28,2014-04-28 05:00:00,6,16.329197,17.591944
2014-04-28,2014-04-28 06:00:00,7,0.0,0.040163994
2014-04-28,2014-04-28 07:00:00,8,0.0,-0.17815971
2014-04-28,2014-04-28 08:00:00,9,0.0,-0.045754433
2014-04-28,2014-04-28 09:00:00,10,0.0,-0.10988426
2014-04-28,2014-04-28 10:00:00,11,0.0,-0.24757957
2014-04-28,2014-04-28 11:00:00,12,0.0,-0.16075516
2014-04-28,2014-04-28 12:00:00,13,0.0,-0.23705673
2014-04-28,2014-04-28 13:00:00,14,0.0,-0.2750702
2014-04-28,2014-04-28 14:00:00,15,0.0,-0.26172638
2014-04-28,2014-04-28 15:00:00,16,0.0,-0.3408966
2014-04-28,2014-04-28 16:00:00,17,0.0,0.09879112
2014-04-28,2014-04-28 17:00:00,18,0.0,0.17787361
2014-04-28,2014-04-28 18:00:00,19,0.0,0.10577679
2014-04-28,2014-04-28 19:00:00,20,0.0,-0.025279999
2014-04-28,2014-04-28 20:00:00,21,0.0,-0.07819176
2014-04-28,2014-04-28 21:00:00,22,0.0,-0.098768234
2014-04-28,2014-04-28 22:00:00,23,0.0,-0.21102619
2014-04-28,2014-04-28 23:00:00,24,1.6329197,-0.16944599
2014-04-29,2014-04-29 00:00:00,1,45.721752,44.450924
2014-04-29,2014-04-29 01:00:00,2,32.658394,29.92622
2014-04-29,2014-04-29 02:00:00,3,26.126715,27.492111
2014-04-29,2014-04-29 03:00:00,4,26.126715,27.334496
2014-04-29,2014-04-29 04:00:00,5,26.126715,26.920275
2014-04-29,2014-04-29 05:00:00,6,27.759634,27.536816
2014-04-29,2014-04-29 06:00:00,7,34.291313,32.18448
2014-04-29,2014-04-29 07:00:00,8,3.2658393,1.1839924
2014-04-29,2014-04-29 08:00:00,9,0.0,0.21106148
2014-04-29,2014-04-29 09:00:00,10,0.0,0.4770651
2014-04-29,2014-04-29 10:00:00,11,0.0,0.40028763
2014-04-29,2014-04-29 11:00:00,12,0.0,0.46574402
2014-04-29,2014-04-29 12:00:00,13,0.0,0.32051086
2014-04-29,2014-04-29 13:00:00,14,0.0,0.31139755
2014-04-29,2014-04-29 14:00:00,15,0.0,0.19456577
2014-04-29,2014-04-29 15:00:00,16,0.0,0.0013599396
2014-04-29,2014-04-29 16:00:00,17,0.0,0.3065586
2014-04-29,2014-04-29 17:00:00,18,0.0,0.29950142
2014-04-29,2014-04-29 18:00:00,19,0.0,0.27423
2014-04-29,2014-04-29 19:00:00,20,0.0,0.20962048
2014-04-29,2014-04-29 20:00:00,21,0.0,0.14787102
2014-04-29,2014-04-29 21:00:00,22,0.0,0.18037605
2014-04-29,2014-04-29 22:00:00,23,0.0,0.0906229
2014-04-29,2014-04-29 23:00:00,24,0.0,0.4315977
2014-04-30,2014-04-30 00:00:00,1,47.35467,42.620224
2014-04-30,2014-04-30 01:00:00,2,31.025473,29.563015
2014-04-30,2014-04-30 02:00:00,3,27.759634,26.558296
2014-04-30,2014-04-30 03:00:00,4,26.126715,26.759396
2014-04-30,2014-04-30 04:00:00,5,26.126715,25.879208
2014-04-30,2014-04-30 05:00:00,6,26.126715,26.448154
2014-04-30,2014-04-30 06:00:00,7,32.658394,32.821087
2014-04-30,2014-04-30 07:00:00,8,4.898759,1.095109
2014-04-30,2014-04-30 08:00:00,9,0.0,0.037781715
2014-04-30,2014-04-30 09:00:00,10,0.0,0.2882557
2014-04-30,2014-04-30 10:00:00,11,0.0,0.23004913
2014-04-30,2014-04-30 11:00:00,12,0.0,0.29427624
2014-04-30,2014-04-30 12:00:00,13,0.0,0.15788269
2014-04-30,2014-04-30 13:00:00,14,0.0,0.1732626
2014-04-30,2014-04-30 14:00:00,15,0.0,0.06827736
2014-04-30,2014-04-30 15:00:00,16,0.0,-0.105929375
2014-04-30,2014-04-30 16:00:00,17,0.0,0.19836998
2014-04-30,2014-04-30 17:00:00,18,0.0,0.24035645
2014-04-30,2014-04-30 18:00:00,19,0.0,0.14740658
2014-04-30,2014-04-30 19:00:00,20,0.0,0.013711929
2014-04-30,2014-04-30 20:00:00,21,0.0,-0.0060424805
2014-04-30,2014-04-30 21:00:00,22,0.0,-0.037937164
2014-04-30,2014-04-30 22:00:00,23,0.0,-0.13215637
2014-04-30,2014-04-30 23:00:00,24,0.0,-0.19708633
2014-05-01,2014-05-01 00:00:00,1,48.98759,42.67922
2014-05-01,2014-05-01 01:00:00,2,31.025473,30.310596
2014-05-01,2014-05-01 02:00:00,3,27.759634,26.602108
2014-05-01,2014-05-01 03:00:00,4,27.759634,26.663506
2014-05-01,2014-05-01 04:00:00,5,26.126715,25.995161
2014-05-01,2014-05-01 05:00:00,6,24.493795,27.0937
2014-05-01,2014-05-01 06:00:00,7,26.126715,32.02929
2014-05-01,2014-05-01 07:00:00,8,24.493795,2.7524223
2014-05-01,2014-05-01 08:00:00,9,22.860876,0.13218498
2014-05-01,2014-05-01 09:00:00,10,24.493795,0.40907097
2014-05-01,2014-05-01 10:00:00,11,22.860876,0.36856937
2014-05-01,2014-05-01 11:00:00,12,24.493795,0.40018082
2014-05-01,2014-05-01 12:00:00,13,22.860876,0.2548809
2014-05-01,2014-05-01 13:00:00,14,24.493795,0.2652359
2014-05-01,2014-05-01 14:00:00,15,24.493795,0.14477158
2014-05-01,2014-05-01 15:00:00,16,24.493795,-0.06334019
2014-05-01,2014-05-01 16:00:00,17,22.860876,0.3754816
2014-05-01,2014-05-01 17:00:00,18,24.493795,0.32393837
2014-05-01,2014-05-01 18:00:00,19,24.493795,0.23769283
2014-05-01,2014-05-01 19:00:00,20,22.860876,0.09347534
2014-05-01,2014-05-01 20:00:00,21,24.493795,0.2620535
2014-05-01,2014-05-01 21:00:00,22,24.493795,0.18645668
2014-05-01,2014-05-01 22:00:00,23,26.126715,0.10103321
2014-05-01,2014-05-01 23:00:00,24,22.860876,0.1598196
2014-05-02,2014-05-02 00:00:00,1,24.493795,27.606306
2014-05-02,2014-05-02 01:00:00,2,24.493795,25.969107
2014-05-02,2014-05-02 02:00:00,3,22.860876,25.547415
2014-05-02,2014-05-02 03:00:00,4,26.126715,25.410095
2014-05-02,2014-05-02 04:00:00,5,22.860876,25.38723
2014-05-02,2014-05-02 05:00:00,6,24.493795,25.136692
2014-05-02,2014-05-02 06:00:00,7,34.291313,25.166203
2014-05-02,2014-05-02 07:00:00,8,4.898759,25.054276
2014-05-02,2014-05-02 08:00:00,9,0.0,24.961178
2014-05-02,2014-05-02 09:00:00,10,0.0,24.894817
2014-05-02,2014-05-02 10:00:00,11,0.0,24.874428
2014-05-02,2014-05-02 11:00:00,12,0.0,24.625788
2014-05-02,2014-05-02 12:00:00,13,0.0,24.548534
2014-05-02,2014-05-02 13:00:00,14,0.0,24.661488
2014-05-02,2014-05-02 14:00:00,15,0.0,24.577847
2014-05-02,2014-05-02 15:00:00,16,0.0,24.548532
2014-05-02,2014-05-02 16:00:00,17,0.0,24.490545
2014-05-02,2014-05-02 17:00:00,18,0.0,24.483423
2014-05-02,2014-05-02 18:00:00,19,0.0,24.541641
2014-05-02,2014-05-02 19:00:00,20,0.0,24.61511
2014-05-02,2014-05-02 20:00:00,21,0.0,24.599182
2014-05-02,2014-05-02 21:00:00,22,0.0,24.593767
2014-05-02,2014-05-02 22:00:00,23,0.0,24.53825
2014-05-02,2014-05-02 23:00:00,24,0.0,24.484486
2014-05-03,2014-05-03 00:00:00,1,50.62051,0.39094257
2014-05-03,2014-05-03 01:00:00,2,32.658394,0.42382622
2014-05-03,2014-05-03 02:00:00,3,29.392553,0.34915447
2014-05-03,2014-05-03 03:00:00,4,29.392553,0.21401596
2014-05-03,2014-05-03 04:00:00,5,27.759634,0.19756126
2014-05-03,2014-05-03 05:00:00,6,27.759634,0.3375435
2014-05-03,2014-05-03 06:00:00,7,27.759634,0.10934067
2014-05-03,2014-05-03 07:00:00,8,26.126715,-0.036925316
2014-05-03,2014-05-03 08:00:00,9,26.126715,0.053868294
2014-05-03,2014-05-03 09:00:00,10,26.126715,0.06860447
2014-05-03,2014-05-03 10:00:00,11,26.126715,0.073381424
2014-05-03,2014-05-03 11:00:00,12,24.493795,0.18679047
2014-05-03,2014-05-03 12:00:00,13,24.493795,0.296484
2014-05-03,2014-05-03 13:00:00,14,26.126715,-0.11197853
2014-05-03,2014-05-03 14:00:00,15,26.126715,0.11996746
2014-05-03,2014-05-03 15:00:00,16,24.493795,-0.0004377365
2014-05-03,2014-05-03 16:00:00,17,24.493795,0.10164738
2014-05-03,2014-05-03 17:00:00,18,24.493795,0.103821754
2014-05-03,2014-05-03 18:00:00,19,26.126715,0.11161327
2014-05-03,2014-05-03 19:00:00,20,24.493795,0.15680122
2014-05-03,2014-05-03 20:00:00,21,24.493795,0.1428423
2014-05-03,2014-05-03 21:00:00,22,24.493795,0.31055546
2014-05-03,2014-05-03 22:00:00,23,24.493795,0.046435356
2014-05-03,2014-05-03 23:00:00,24,26.126715,0.14166355
2014-05-04,2014-05-04 00:00:00,1,24.493795,25.368542
2014-05-04,2014-05-04 01:00:00,2,26.126715,25.375587
2014-05-04,2014-05-04 02:00:00,3,24.493795,25.374004
2014-05-04,2014-05-04 03:00:00,4,24.493795,25.366604
2014-05-04,2014-05-04 04:00:00,5,26.126715,25.309435
2014-05-04,2014-05-04 05:00:00,6,24.493795,25.270452
2014-05-04,2014-05-04 06:00:00,7,24.493795,25.238934
2014-05-04,2014-05-04 07:00:00,8,24.493795,25.177788
2014-05-04,2014-05-04 08:00:00,9,24.493795,25.095264
2014-05-04,2014-05-04 09:00:00,10,24.493795,25.057156
2014-05-04,2014-05-04 10:00:00,11,24.493795,24.945549
2014-05-04,2014-05-04 11:00:00,12,24.493795,24.924282
2014-05-04,2014-05-04 12:00:00,13,24.493795,24.887873
2014-05-04,2014-05-04 13:00:00,14,24.493795,24.932129
2014-05-04,2014-05-04 14:00:00,15,24.493795,24.89606
2014-05-04,2014-05-04 15:00:00,16,24.493795,24.987492
2014-05-04,2014-05-04 16:00:00,17,24.493795,24.656862
2014-05-04,2014-05-04 17:00:00,18,24.493795,24.85302
2014-05-04,2014-05-04 18:00:00,19,24.493795,24.656733
2014-05-04,2014-05-04 19:00:00,20,24.493795,25.003582
2014-05-04,2014-05-04 20:00:00,21,24.493795,24.854645
2014-05-04,2014-05-04 21:00:00,22,26.126715,25.465939
2014-05-04,2014-05-04 22:00:00,23,24.493795,25.385658
2014-05-04,2014-05-04 23:00:00,24,24.493795,25.256157
2014-05-05,2014-05-05 00:00:00,1,24.493795,28.408298
2014-05-05,2014-05-05 01:00:00,2,24.493795,28.323694
2014-05-05,2014-05-05 02:00:00,3,29.392553,28.452969
2014-05-05,2014-05-05 03:00:00,4,57.152187,31.529531
2014-05-05,2014-05-05 04:00:00,5,32.658394,38.829185
2014-05-05,2014-05-05 05:00:00,6,16.329197,24.245075
2014-05-05,2014-05-05 06:00:00,7,0.0,0.6161995
2014-05-05,2014-05-05 07:00:00,8,0.0,-0.018507957
2014-05-05,2014-05-05 08:00:00,9,0.0,-0.050660133
2014-05-05,2014-05-05 09:00:00,10,0.0,-0.06252384
2014-05-05,2014-05-05 10:00:00,11,0.0,-0.17441273
2014-05-05,2014-05-05 11:00:00,12,0.0,-0.16047192
2014-05-05,2014-05-05 12:00:00,13,0.0,-0.3045187
2014-05-05,2014-05-05 13:00:00,14,0.0,-0.33896923
2014-05-05,2014-05-05 14:00:00,15,0.0,-0.2823305
2014-05-05,2014-05-05 15:00:00,16,0.0,-0.3467493
2014-05-05,2014-05-05 16:00:00,17,0.0,-0.09009743
2014-05-05,2014-05-05 17:00:00,18,0.0,-0.055426598
2014-05-05,2014-05-05 18:00:00,19,0.0,-0.06816006
2014-05-05,2014-05-05 19:00:00,20,0.0,-0.1346016
2014-05-05,2014-05-05 20:00:00,21,0.0,-0.06276703
2014-05-05,2014-05-05 21:00:00,22,0.0,-0.07004833
2014-05-05,2014-05-05 22:00:00,23,0.0,-0.124035835
2014-05-05,2014-05-05 23:00:00,24,0.0,0.060266495
2014-05-06,2014-05-06 00:00:00,1,45.721752,41.470398
2014-05-06,2014-05-06 01:00:00,2,29.392553,29.456339
2014-05-06,2014-05-06 02:00:00,3,27.759634,26.718323
2014-05-06,2014-05-06 03:00:00,4,27.759634,27.37985
2014-05-06,2014-05-06 04:00:00,5,27.759634,25.908836
2014-05-06,2014-05-06 05:00:00,6,27.759634,26.556713
2014-05-06,2014-05-06 06:00:00,7,34.291313,31.249222
2014-05-06,2014-05-06 07:00:00,8,0.0,0.53394413
2014-05-06,2014-05-06 08:00:00,9,0.0,0.17286682
2014-05-06,2014-05-06 09:00:00,10,0.0,0.42247486
2014-05-06,2014-05-06 10:00:00,11,0.0,0.22197628
2014-05-06,2014-05-06 11:00:00,12,0.0,0.37762833
2014-05-06,2014-05-06 12:00:00,13,17.962116,0.26007557
2014-05-06,2014-05-06 13:00:00,14,34.291313,0.22559547
2014-05-06,2014-05-06 14:00:00,15,0.0,0.15931416
2014-05-06,2014-05-06 15:00:00,16,0.0,-0.016784668
2014-05-06,2014-05-06 16:00:00,17,0.0,-0.015043259
2014-05-06,2014-05-06 17:00:00,18,0.0,-0.08720207
2014-05-06,2014-05-06 18:00:00,19,0.0,-0.05044079
2014-05-06,2014-05-06 19:00:00,20,0.0,-0.19333744
2014-05-06,2014-05-06 20:00:00,21,0.0,-0.128788
2014-05-06,2014-05-06 21:00:00,22,0.0,-0.18861485
2014-05-06,2014-05-06 22:00:00,23,0.0,-0.27675533
2014-05-06,2014-05-06 23:00:00,24,1.6329197,-0.34219837
2014-05-07,2014-05-07 00:00:00,1,44.08883,45.14454
2014-05-07,2014-05-07 01:00:00,2,32.658394,32.005775
2014-05-07,2014-05-07 02:00:00,3,27.759634,28.729248
2014-05-07,2014-05-07 03:00:00,4,26.126715,28.753834
2014-05-07,2014-05-07 04:00:00,5,26.126715,27.260748
2014-05-07,2014-05-07 05:00:00,6,26.126715,27.606552
2014-05-07,2014-05-07 06:00:00,7,35.924232,30.873161
2014-05-07,2014-05-07 07:00:00,8,0.0,7.1529427
2014-05-07,2014-05-07 08:00:00,9,0.0,1.6917295
2014-05-07,2014-05-07 09:00:00,10,0.0,2.5200129
2014-05-07,2014-05-07 10:00:00,11,0.0,1.9430914
2014-05-07,2014-05-07 11:00:00,12,0.0,1.6256065
2014-05-07,2014-05-07 12:00:00,13,0.0,1.0623579
2014-05-07,2014-05-07 13:00:00,14,0.0,1.00523
2014-05-07,2014-05-07 14:00:00,15,0.0,0.6161413
2014-05-07,2014-05-07 15:00:00,16,0.0,0.54364586
2014-05-07,2014-05-07 16:00:00,17,0.0,-0.0558424
2014-05-07,2014-05-07 17:00:00,18,0.0,-0.1881504
2014-05-07,2014-05-07 18:00:00,19,0.0,-0.19567871
2014-05-07,2014-05-07 19:00:00,20,0.0,-0.14050484
2014-05-07,2014-05-07 20:00:00,21,0.0,-0.079099655
2014-05-07,2014-05-07 21:00:00,22,0.0,0.0310812
2014-05-07,2014-05-07 22:00:00,23,0.0,-0.038010597
2014-05-07,2014-05-07 23:00:00,24,1.6329197,0.3624096
2014-05-08,2014-05-08 00:00:00,1,44.08883,39.754196
2014-05-08,2014-05-08 01:00:00,2,29.392553,31.737846
2014-05-08,2014-05-08 02:00:00,3,26.126715,28.367462
2014-05-08,2014-05-08 03:00:00,4,27.759634,27.598265
2014-05-08,2014-05-08 04:00:00,5,26.126715,26.869236
2014-05-08,2014-05-08 05:00:00,6,26.126715,27.439327
2014-05-08,2014-05-08 06:00:00,7,34.291313,31.12801
2014-05-08,2014-05-08 07:00:00,8,0.0,4.8333454
2014-05-08,2014-05-08 08:00:00,9,0.0,0.74622154
2014-05-08,2014-05-08 09:00:00,10,0.0,0.85321426
2014-05-08,2014-05-08 10:00:00,11,0.0,0.38270378
2014-05-08,2014-05-08 11:00:00,12,0.0,0.29059124
2014-05-08,2014-05-08 12:00:00,13,0.0,-0.11274719
2014-05-08,2014-05-08 13:00:00,14,0.0,-0.51416206
2014-05-08,2014-05-08 14:00:00,15,0.0,-0.30846405
2014-05-08,2014-05-08 15:00:00,16,0.0,-0.06476593
2014-05-08,2014-05-08 16:00:00,17,0.0,-0.6877384
2014-05-08,2014-05-08 17:00:00,18,0.0,-0.49417686
2014-05-08,2014-05-08 18:00:00,19,0.0,-0.3467312
2014-05-08,2014-05-08 19:00:00,20,0.0,-0.1185894
2014-05-08,2014-05-08 20:00:00,21,0.0,-0.10149956
2014-05-08,2014-05-08 21:00:00,22,0.0,0.1538248
2014-05-08,2014-05-08 22:00:00,23,0.0,0.22516537
2014-05-08,2014-05-08 23:00:00,24,0.0,1.5486526
2014-05-09,2014-05-09 00:00:00,1,44.08883,40.062767
2014-05-09,2014-05-09 01:00:00,2,29.392553,29.719727
2014-05-09,2014-05-09 02:00:00,3,27.759634,25.811491
2014-05-09,2014-05-09 03:00:00,4,26.126715,26.883873
2014-05-09,2014-05-09 04:00:00,5,26.126715,25.618155
2014-05-09,2014-05-09 05:00:00,6,26.126715,26.890816
2014-05-09,2014-05-09 06:00:00,7,34.291313,31.520737
2014-05-09,2014-05-09 07:00:00,8,0.0,1.371727
2014-05-09,2014-05-09 08:00:00,9,0.0,0.20563889
2014-05-09,2014-05-09 09:00:00,10,0.0,0.44510937
2014-05-09,2014-05-09 10:00:00,11,0.0,0.2864294
2014-05-09,2014-05-09 11:00:00,12,0.0,0.45175934
2014-05-09,2014-05-09 12:00:00,13,0.0,0.26559448
2014-05-09,2014-05-09 13:00:00,14,0.0,0.23574924
2014-05-09,2014-05-09 14:00:00,15,0.0,0.1334238
2014-05-09,2014-05-09 15:00:00,16,0.0,-0.032034874
2014-05-09,2014-05-09 16:00:00,17,0.0,-0.24275017
2014-05-09,2014-05-09 17:00:00,18,0.0,-0.31628418
2014-05-09,2014-05-09 18:00:00,19,0.0,-0.3540554
2014-05-09,2014-05-09 19:00:00,20,0.0,-0.30782318
2014-05-09,2014-05-09 20:00:00,21,0.0,-0.16763115
2014-05-09,2014-05-09 21:00:00,22,0.0,-0.2217102
2014-05-09,2014-05-09 22:00:00,23,0.0,-0.47106934
2014-05-09,2014-05-09 23:00:00,24,0.0,-0.035852432
2014-05-10,2014-05-10 00:00:00,1,50.62051,32.146202
2014-05-10,2014-05-10 01:00:00,2,27.759634,27.956278
2014-05-10,2014-05-10 02:00:00,3,29.392553,26.819866
2014-05-10,2014-05-10 03:00:00,4,26.126715,26.771862
2014-05-10,2014-05-10 04:00:00,5,26.126715,26.721928
2014-05-10,2014-05-10 05:00:00,6,26.126715,26.038773
2014-05-10,2014-05-10 06:00:00,7,27.759634,26.449936
2014-05-10,2014-05-10 07:00:00,8,32.658394,26.002544
2014-05-10,2014-05-10 08:00:00,9,35.924232,25.408192
2014-05-10,2014-05-10 09:00:00,10,35.924232,25.234425
2014-05-10,2014-05-10 10:00:00,11,35.924232,25.114529
2014-05-10,2014-05-10 11:00:00,12,37.55715,24.673859
2014-05-10,2014-05-10 12:00:00,13,34.291313,24.63377
2014-05-10,2014-05-10 13:00:00,14,37.55715,24.867289
2014-05-10,2014-05-10 14:00:00,15,35.924232,24.641388
2014-05-10,2014-05-10 15:00:00,16,37.55715,24.373108
2014-05-10,2014-05-10 16:00:00,17,35.924232,25.030872
2014-05-10,2014-05-10 17:00:00,18,37.55715,25.08355
2014-05-10,2014-05-10 18:00:00,19,35.924232,25.309952
2014-05-10,2014-05-10 19:00:00,20,37.55715,25.225124
2014-05-10,2014-05-10 20:00:00,21,37.55715,25.134384
2014-05-10,2014-05-10 21:00:00,22,35.924232,25.234997
2014-05-10,2014-05-10 22:00:00,23,37.55715,25.242739
2014-05-10,2014-05-10 23:00:00,24,37.55715,25.276344
2014-05-11,2014-05-11 00:00:00,1,37.55715,38.615242
2014-05-11,2014-05-11 01:00:00,2,35.924232,38.513603
2014-05-11,2014-05-11 02:00:00,3,37.55715,38.814095
2014-05-11,2014-05-11 03:00:00,4,37.55715,38.841103
2014-05-11,2014-05-11 04:00:00,5,37.55715,38.920895
2014-05-11,2014-05-11 05:00:00,6,37.55715,38.915096
2014-05-11,2014-05-11 06:00:00,7,37.55715,39.24792
2014-05-11,2014-05-11 07:00:00,8,37.55715,39.654392
2014-05-11,2014-05-11 08:00:00,9,37.55715,39.732758
2014-05-11,2014-05-11 09:00:00,10,35.924232,39.428547
2014-05-11,2014-05-11 10:00:00,11,37.55715,39.69654
2014-05-11,2014-05-11 11:00:00,12,35.924232,39.70507
2014-05-11,2014-05-11 12:00:00,13,35.924232,39.80217
2014-05-11,2014-05-11 13:00:00,14,35.924232,39.9621
2014-05-11,2014-05-11 14:00:00,15,35.924232,40.222584
2014-05-11,2014-05-11 15:00:00,16,35.924232,40.51176
2014-05-11,2014-05-11 16:00:00,17,35.924232,38.285427
2014-05-11,2014-05-11 17:00:00,18,35.924232,38.83271
2014-05-11,2014-05-11 18:00:00,19,37.55715,39.225567
2014-05-11,2014-05-11 19:00:00,20,35.924232,38.869724
2014-05-11,2014-05-11 20:00:00,21,37.55715,38.50519
2014-05-11,2014-05-11 21:00:00,22,35.924232,38.889824
2014-05-11,2014-05-11 22:00:00,23,37.55715,38.089165
2014-05-11,2014-05-11 23:00:00,24,35.924232,37.923862
2014-05-12,2014-05-12 00:00:00,1,35.924232,37.13282
2014-05-12,2014-05-12 01:00:00,2,32.658394,36.344162
2014-05-12,2014-05-12 02:00:00,3,26.126715,37.518875
2014-05-12,2014-05-12 03:00:00,4,39.19007,43.174416
2014-05-12,2014-05-12 04:00:00,5,50.62051,41.223118
2014-05-12,2014-05-12 05:00:00,6,1.6329197,21.390396
2014-05-12,2014-05-12 06:00:00,7,0.0,0.448411
2014-05-12,2014-05-12 07:00:00,8,0.0,-0.026983261
2014-05-12,2014-05-12 08:00:00,9,0.0,-0.19323158
2014-05-12,2014-05-12 09:00:00,10,0.0,-0.10539627
2014-05-12,2014-05-12 10:00:00,11,0.0,-0.2790184
2014-05-12,2014-05-12 11:00:00,12,0.0,-0.26262283
2014-05-12,2014-05-12 12:00:00,13,0.0,-0.33720398
2014-05-12,2014-05-12 13:00:00,14,0.0,-0.38241386
2014-05-12,2014-05-12 14:00:00,15,0.0,-0.46240616
2014-05-12,2014-05-12 15:00:00,16,0.0,-0.45482254
2014-05-12,2014-05-12 16:00:00,17,0.0,-0.13490295
2014-05-12,2014-05-12 17:00:00,18,0.0,-0.11191177
2014-05-12,2014-05-12 18:00:00,19,0.0,-0.020801544
2014-05-12,2014-05-12 19:00:00,20,0.0,-0.052412033
2014-05-12,2014-05-12 20:00:00,21,0.0,-0.07932663
2014-05-12,2014-05-12 21:00:00,22,0.0,-0.117837906
2014-05-12,2014-05-12 22:00:00,23,0.0,-0.19089699
2014-05-12,2014-05-12 23:00:00,24,1.6329197,-0.124298096
2014-05-13,2014-05-13 00:00:00,1,47.35467,44.295418
2014-05-13,2014-05-13 01:00:00,2,27.759634,32.780575
2014-05-13,2014-05-13 02:00:00,3,26.126715,28.297749
2014-05-13,2014-05-13 03:00:00,4,26.126715,28.159843
2014-05-13,2014-05-13 04:00:00,5,26.126715,27.211342
2014-05-13,2014-05-13 05:00:00,6,27.759634,28.01632
2014-05-13,2014-05-13 06:00:00,7,35.924232,32.34246
2014-05-13,2014-05-13 07:00:00,8,1.6329197,1.1863737
2014-05-13,2014-05-13 08:00:00,9,0.0,0.53610516
2014-05-13,2014-05-13 09:00:00,10,0.0,0.7537308
2014-05-13,2014-05-13 10:00:00,11,0.0,0.5155363
2014-05-13,2014-05-13 11:00:00,12,0.0,0.6884804
2014-05-13,2014-05-13 12:00:00,13,0.0,0.5514002
2014-05-13,2014-05-13 13:00:00,14,0.0,0.55234146
2014-05-13,2014-05-13 14:00:00,15,0.0,0.4467535
2014-05-13,2014-05-13 15:00:00,16,0.0,0.26111794
2014-05-13,2014-05-13 16:00:00,17,0.0,0.06870842
2014-05-13,2014-05-13 17:00:00,18,0.0,0.03755188
2014-05-13,2014-05-13 18:00:00,19,0.0,0.100128174
2014-05-13,2014-05-13 19:00:00,20,0.0,0.0825367
2014-05-13,2014-05-13 20:00:00,21,0.0,0.06213951
2014-05-13,2014-05-13 21:00:00,22,0.0,0.09771538
2014-05-13,2014-05-13 22:00:00,23,0.0,0.14298248
2014-05-13,2014-05-13 23:00:00,24,0.0,0.61293983
2014-05-14,2014-05-14 00:00:00,1,44.08883,43.319717
2014-05-14,2014-05-14 01:00:00,2,31.025473,29.549004
2014-05-14,2014-05-14 02:00:00,3,27.759634,26.196043
2014-05-14,2014-05-14 03:00:00,4,26.126715,27.052765
2014-05-14,2014-05-14 04:00:00,5,26.126715,26.089783
2014-05-14,2014-05-14 05:00:00,6,26.126715,26.693077
2014-05-14,2014-05-14 06:00:00,7,39.19007,33.87146
2014-05-14,2014-05-14 07:00:00,8,0.0,0.07792473
2014-05-14,2014-05-14 08:00:00,9,0.0,0.15382576
2014-05-14,2014-05-14 09:00:00,10,44.08883,0.522913
2014-05-14,2014-05-14 10:00:00,11,0.0,0.34983826
2014-05-14,2014-05-14 11:00:00,12,0.0,0.5116739
2014-05-14,2014-05-14 12:00:00,13,0.0,0.3435936
2014-05-14,2014-05-14 13:00:00,14,0.0,0.32474518
2014-05-14,2014-05-14 14:00:00,15,0.0,0.16011047
2014-05-14,2014-05-14 15:00:00,16,0.0,0.07705307
2014-05-14,2014-05-14 16:00:00,17,0.0,0.13879395
2014-05-14,2014-05-14 17:00:00,18,0.0,0.15820503
2014-05-14,2014-05-14 18:00:00,19,0.0,0.15077591
2014-05-14,2014-05-14 19:00:00,20,0.0,0.15880013
2014-05-14,2014-05-14 20:00:00,21,0.0,0.08559227
2014-05-14,2014-05-14 21:00:00,22,0.0,0.05395317
2014-05-14,2014-05-14 22:00:00,23,0.0,-0.10955238
2014-05-14,2014-05-14 23:00:00,24,0.0,-0.013395309
2014-05-15,2014-05-15 00:00:00,1,35.924232,42.398552
2014-05-15,2014-05-15 01:00:00,2,22.860876,30.457375
2014-05-15,2014-05-15 02:00:00,3,22.860876,26.568144
2014-05-15,2014-05-15 03:00:00,4,21.227955,26.836628
2014-05-15,2014-05-15 04:00:00,5,21.227955,24.942196
2014-05-15,2014-05-15 05:00:00,6,21.227955,26.710407
2014-05-15,2014-05-15 06:00:00,7,34.291313,33.59141
2014-05-15,2014-05-15 07:00:00,8,3.2658393,0.39904785
2014-05-15,2014-05-15 08:00:00,9,0.0,0.13996696
2014-05-15,2014-05-15 09:00:00,10,0.0,0.726284
2014-05-15,2014-05-15 10:00:00,11,0.0,0.2826519
2014-05-15,2014-05-15 11:00:00,12,0.0,0.42007446
2014-05-15,2014-05-15 12:00:00,13,0.0,0.23425484
2014-05-15,2014-05-15 13:00:00,14,0.0,0.23756218
2014-05-15,2014-05-15 14:00:00,15,0.0,0.21497536
2014-05-15,2014-05-15 15:00:00,16,0.0,0.048353195
2014-05-15,2014-05-15 16:00:00,17,0.0,0.13697433
2014-05-15,2014-05-15 17:00:00,18,0.0,0.11240578
2014-05-15,2014-05-15 18:00:00,19,0.0,0.109148026
2014-05-15,2014-05-15 19:00:00,20,0.0,0.11597633
2014-05-15,2014-05-15 20:00:00,21,0.0,0.11306572
2014-05-15,2014-05-15 21:00:00,22,0.0,0.110889435
2014-05-15,2014-05-15 22:00:00,23,0.0,-0.0017852783
2014-05-15,2014-05-15 23:00:00,24,0.0,-0.056217194
2014-05-16,2014-05-16 00:00:00,1,35.924232,35.531322
2014-05-16,2014-05-16 01:00:00,2,22.860876,24.24324
2014-05-16,2014-05-16 02:00:00,3,21.227955,22.098763
2014-05-16,2014-05-16 03:00:00,4,22.860876,21.995148
2014-05-16,2014-05-16 04:00:00,5,21.227955,21.352886
2014-05-16,2014-05-16 05:00:00,6,21.227955,22.425758
2014-05-16,2014-05-16 06:00:00,7,31.025473,30.448427
2014-05-16,2014-05-16 07:00:00,8,1.6329197,0.54719925
2014-05-16,2014-05-16 08:00:00,9,0.0,0.19814014
2014-05-16,2014-05-16 09:00:00,10,0.0,0.48965836
2014-05-16,2014-05-16 10:00:00,11,0.0,0.29621124
2014-05-16,2014-05-16 11:00:00,12,0.0,0.40684032
2014-05-16,2014-05-16 12:00:00,13,0.0,0.30321026
2014-05-16,2014-05-16 13:00:00,14,6.5316787,0.2394085
2014-05-16,2014-05-16 14:00:00,15,44.08883,0.1749525
2014-05-16,2014-05-16 15:00:00,16,0.0,0.06707764
2014-05-16,2014-05-16 16:00:00,17,0.0,0.17803955
2014-05-16,2014-05-16 17:00:00,18,0.0,0.09964752
2014-05-16,2014-05-16 18:00:00,19,0.0,0.17343616
2014-05-16,2014-05-16 19:00:00,20,0.0,0.1106081
2014-05-16,2014-05-16 20:00:00,21,0.0,0.16491699
2014-05-16,2014-05-16 21:00:00,22,0.0,0.09317589
2014-05-16,2014-05-16 22:00:00,23,0.0,0.013757706
2014-05-16,2014-05-16 23:00:00,24,1.6329197,-0.1345911
2014-05-17,2014-05-17 00:00:00,1,45.721752,37.569466
2014-05-17,2014-05-17 01:00:00,2,29.392553,27.381756
2014-05-17,2014-05-17 02:00:00,3,31.025473,25.5131
2014-05-17,2014-05-17 03:00:00,4,29.392553,24.969067
2014-05-17,2014-05-17 04:00:00,5,24.493795,24.693718
2014-05-17,2014-05-17 05:00:00,6,26.126715,25.239687
2014-05-17,2014-05-17 06:00:00,7,26.126715,26.218468
2014-05-17,2014-05-17 07:00:00,8,26.126715,26.727182
2014-05-17,2014-05-17 08:00:00,9,26.126715,25.972649
2014-05-17,2014-05-17 09:00:00,10,26.126715,26.194687
2014-05-17,2014-05-17 10:00:00,11,24.493795,26.321703
2014-05-17,2014-05-17 11:00:00,12,24.493795,26.068344
2014-05-17,2014-05-17 12:00:00,13,22.860876,25.865124
2014-05-17,2014-05-17 13:00:00,14,24.493795,26.697805
2014-05-17,2014-05-17 14:00:00,15,24.493795,26.707508
2014-05-17,2014-05-17 15:00:00,16,24.493795,26.668823
2014-05-17,2014-05-17 16:00:00,17,22.860876,27.873898
2014-05-17,2014-05-17 17:00:00,18,24.493795,28.202236
2014-05-17,2014-05-17 18:00:00,19,24.493795,28.353474
2014-05-17,2014-05-17 19:00:00,20,24.493795,28.43814
2014-05-17,2014-05-17 20:00:00,21,26.126715,28.635433
2014-05-17,2014-05-17 21:00:00,22,26.126715,28.544308
2014-05-17,2014-05-17 22:00:00,23,24.493795,28.70166
2014-05-17,2014-05-17 23:00:00,24,24.493795,28.9113
2014-05-18,2014-05-18 00:00:00,1,24.493795,25.632702
2014-05-18,2014-05-18 01:00:00,2,24.493795,25.623474
2014-05-18,2014-05-18 02:00:00,3,24.493795,25.659166
2014-05-18,2014-05-18 03:00:00,4,24.493795,25.700045
2014-05-18,2014-05-18 04:00:00,5,24.493795,25.67397
2014-05-18,2014-05-18 05:00:00,6,24.493795,25.663782
2014-05-18,2014-05-18 06:00:00,7,24.493795,25.668463
2014-05-18,2014-05-18 07:00:00,8,24.493795,25.641098
2014-05-18,2014-05-18 08:00:00,9,22.860876,25.509792
2014-05-18,2014-05-18 09:00:00,10,24.493795,25.48544
2014-05-18,2014-05-18 10:00:00,11,24.493795,25.35931
2014-05-18,2014-05-18 11:00:00,12,22.860876,25.41098
2014-05-18,2014-05-18 12:00:00,13,24.493795,25.421352
2014-05-18,2014-05-18 13:00:00,14,22.860876,25.422647
2014-05-18,2014-05-18 14:00:00,15,22.860876,25.491611
2014-05-18,2014-05-18 15:00:00,16,24.493795,25.601097
2014-05-18,2014-05-18 16:00:00,17,22.860876,25.282413
2014-05-18,2014-05-18 17:00:00,18,24.493795,25.521729
2014-05-18,2014-05-18 18:00:00,19,24.493795,25.507465
2014-05-18,2014-05-18 19:00:00,20,22.860876,25.819666
2014-05-18,2014-05-18 20:00:00,21,26.126715,26.009296
2014-05-18,2014-05-18 21:00:00,22,24.493795,26.278088
2014-05-18,2014-05-18 22:00:00,23,24.493795,26.441914
2014-05-18,2014-05-18 23:00:00,24,22.860876,25.907463
2014-05-19,2014-05-19 00:00:00,1,24.493795,26.080418
2014-05-19,2014-05-19 01:00:00,2,24.493795,25.373821
2014-05-19,2014-05-19 02:00:00,3,24.493795,25.546724
2014-05-19,2014-05-19 03:00:00,4,24.493795,29.180302
2014-05-19,2014-05-19 04:00:00,5,24.493795,28.79344
2014-05-19,2014-05-19 05:00:00,6,42.45591,0.528697
2014-05-19,2014-05-19 06:00:00,7,0.0,-0.123597145
2014-05-19,2014-05-19 07:00:00,8,0.0,-0.11310768
2014-05-19,2014-05-19 08:00:00,9,0.0,0.0012588501
2014-05-19,2014-05-19 09:00:00,10,0.0,-0.008639336
2014-05-19,2014-05-19 10:00:00,11,0.0,0.008036613
2014-05-19,2014-05-19 11:00:00,12,0.0,0.022221565
2014-05-19,2014-05-19 12:00:00,13,0.0,0.00803566
2014-05-19,2014-05-19 13:00:00,14,0.0,-0.012221336
2014-05-19,2014-05-19 14:00:00,15,0.0,-0.068076134
2014-05-19,2014-05-19 15:00:00,16,0.0,-0.01564312
2014-05-19,2014-05-19 16:00:00,17,0.0,0.25895023
2014-05-19,2014-05-19 17:00:00,18,0.0,0.29574966
2014-05-19,2014-05-19 18:00:00,19,0.0,0.30393124
2014-05-19,2014-05-19 19:00:00,20,0.0,0.28367043
2014-05-19,2014-05-19 20:00:00,21,0.0,0.25632763
2014-05-19,2014-05-19 21:00:00,22,0.0,0.22785282
2014-05-19,2014-05-19 22:00:00,23,0.0,0.20634079
2014-05-19,2014-05-19 23:00:00,24,0.0,0.1759882
2014-05-20,2014-05-20 00:00:00,1,44.08883,30.33176
2014-05-20,2014-05-20 01:00:00,2,26.126715,18.663105
2014-05-20,2014-05-20 02:00:00,3,24.493795,16.404812
2014-05-20,2014-05-20 03:00:00,4,27.759634,16.46718
2014-05-20,2014-05-20 04:00:00,5,26.126715,15.751365
2014-05-20,2014-05-20 05:00:00,6,26.126715,17.292225
2014-05-20,2014-05-20 06:00:00,7,40.82299,21.712324
2014-05-20,2014-05-20 07:00:00,8,53.88635,0.18323803
2014-05-20,2014-05-20 08:00:00,9,0.0,0.16828728
2014-05-20,2014-05-20 09:00:00,10,0.0,0.34132767
2014-05-20,2014-05-20 10:00:00,11,0.0,0.25291252
2014-05-20,2014-05-20 11:00:00,12,57.152187,0.38368702
2014-05-20,2014-05-20 12:00:00,13,16.329197,0.30519104
2014-05-20,2014-05-20 13:00:00,14,0.0,0.2580471
2014-05-20,2014-05-20 14:00:00,15,0.0,0.21214867
2014-05-20,2014-05-20 15:00:00,16,0.0,0.13025093
2014-05-20,2014-05-20 16:00:00,17,0.0,0.16152
2014-05-20,2014-05-20 17:00:00,18,0.0,0.13280964
2014-05-20,2014-05-20 18:00:00,19,0.0,0.1858759
2014-05-20,2014-05-20 19:00:00,20,0.0,0.1207428
2014-05-20,2014-05-20 20:00:00,21,0.0,0.030282974
2014-05-20,2014-05-20 21:00:00,22,0.0,-0.037618637
2014-05-20,2014-05-20 22:00:00,23,0.0,-0.11516476
2014-05-20,2014-05-20 23:00:00,24,0.0,-0.2584982
2014-05-21,2014-05-21 00:00:00,1,42.45591,37.5654
2014-05-21,2014-05-21 01:00:00,2,27.759634,26.258488
2014-05-21,2014-05-21 02:00:00,3,27.759634,23.352554
2014-05-21,2014-05-21 03:00:00,4,29.392553,22.557339
2014-05-21,2014-05-21 04:00:00,5,29.392553,20.989204
2014-05-21,2014-05-21 05:00:00,6,31.025473,23.223648
2014-05-21,2014-05-21 06:00:00,7,50.62051,28.413128
2014-05-21,2014-05-21 07:00:00,8,22.860876,1.2692909
2014-05-21,2014-05-21 08:00:00,9,0.0,0.21211052
2014-05-21,2014-05-21 09:00:00,10,0.0,0.429842
2014-05-21,2014-05-21 10:00:00,11,0.0,0.1544342
2014-05-21,2014-05-21 11:00:00,12,0.0,0.28288078
2014-05-21,2014-05-21 12:00:00,13,0.0,0.30067348
2014-05-21,2014-05-21 13:00:00,14,0.0,0.27817726
2014-05-21,2014-05-21 14:00:00,15,0.0,0.22992039
2014-05-21,2014-05-21 15:00:00,16,0.0,0.1074419
2014-05-21,2014-05-21 16:00:00,17,0.0,0.0839262
2014-05-21,2014-05-21 17:00:00,18,0.0,0.056571007
2014-05-21,2014-05-21 18:00:00,19,0.0,0.06409931
2014-05-21,2014-05-21 19:00:00,20,0.0,0.02213478
2014-05-21,2014-05-21 20:00:00,21,0.0,0.022324562
2014-05-21,2014-05-21 21:00:00,22,0.0,-0.04046154
2014-05-21,2014-05-21 22:00:00,23,0.0,-0.17311859
2014-05-21,2014-05-21 23:00:00,24,0.0,-0.31038094
2014-05-22,2014-05-22 00:00:00,1,45.721752,39.99958
2014-05-22,2014-05-22 01:00:00,2,22.860876,28.958595
2014-05-22,2014-05-22 02:00:00,3,26.126715,26.558022
2014-05-22,2014-05-22 03:00:00,4,21.227955,26.864994
2014-05-22,2014-05-22 04:00:00,5,21.227955,26.393204
2014-05-22,2014-05-22 05:00:00,6,21.227955,27.241104
2014-05-22,2014-05-22 06:00:00,7,37.55715,34.58174
2014-05-22,2014-05-22 07:00:00,8,1.6329197,5.6036596
2014-05-22,2014-05-22 08:00:00,9,0.0,0.13275719
2014-05-22,2014-05-22 09:00:00,10,0.0,0.18801498
2014-05-22,2014-05-22 10:00:00,11,0.0,0.03840065
2014-05-22,2014-05-22 11:00:00,12,0.0,0.15927792
2014-05-22,2014-05-22 12:00:00,13,0.0,0.21388054
2014-05-22,2014-05-22 13:00:00,14,0.0,0.2786026
2014-05-22,2014-05-22 14:00:00,15,0.0,0.13540745
2014-05-22,2014-05-22 15:00:00,16,0.0,0.034285545
2014-05-22,2014-05-22 16:00:00,17,19.595036,0.12218571
2014-05-22,2014-05-22 17:00:00,18,0.0,0.046788216
2014-05-22,2014-05-22 18:00:00,19,0.0,0.062950134
2014-05-22,2014-05-22 19:00:00,20,0.0,0.063028336
2014-05-22,2014-05-22 20:00:00,21,0.0,0.016001701
2014-05-22,2014-05-22 21:00:00,22,0.0,0.019487381
2014-05-22,2014-05-22 22:00:00,23,0.0,-0.1370449
2014-05-22,2014-05-22 23:00:00,24,1.6329197,-0.23459435
2014-05-23,2014-05-23 00:00:00,1,52.25343,40.249424
2014-05-23,2014-05-23 01:00:00,2,29.392553,26.944685
2014-05-23,2014-05-23 02:00:00,3,26.126715,25.187748
2014-05-23,2014-05-23 03:00:00,4,26.126715,23.989513
2014-05-23,2014-05-23 04:00:00,5,24.493795,23.159191
2014-05-23,2014-05-23 05:00:00,6,24.493795,24.51154
2014-05-23,2014-05-23 06:00:00,7,24.493795,33.26592
2014-05-23,2014-05-23 07:00:00,8,17.962116,1.2986116
2014-05-23,2014-05-23 08:00:00,9,0.0,0.09378815
2014-05-23,2014-05-23 09:00:00,10,0.0,0.46054077
2014-05-23,2014-05-23 10:00:00,11,0.0,0.2114191
2014-05-23,2014-05-23 11:00:00,12,0.0,0.33353043
2014-05-23,2014-05-23 12:00:00,13,0.0,0.25976276
2014-05-23,2014-05-23 13:00:00,14,0.0,0.22169876
2014-05-23,2014-05-23 14:00:00,15,0.0,0.16543674
2014-05-23,2014-05-23 15:00:00,16,0.0,0.01590538
2014-05-23,2014-05-23 16:00:00,17,0.0,-0.0041065216
2014-05-23,2014-05-23 17:00:00,18,0.0,0.036499977
2014-05-23,2014-05-23 18:00:00,19,0.0,0.06627083
2014-05-23,2014-05-23 19:00:00,20,0.0,-0.030553818
2014-05-23,2014-05-23 20:00:00,21,0.0,0.12777042
2014-05-23,2014-05-23 21:00:00,22,0.0,0.11708069
2014-05-23,2014-05-23 22:00:00,23,0.0,-0.0044841766
2014-05-23,2014-05-23 23:00:00,24,0.0,0.14954281
2014-05-24,2014-05-24 00:00:00,1,52.25343,35.689713
2014-05-24,2014-05-24 01:00:00,2,27.759634,27.781729
2014-05-24,2014-05-24 02:00:00,3,29.392553,26.46999
2014-05-24,2014-05-24 03:00:00,4,24.493795,25.168991
2014-05-24,2014-05-24 04:00:00,5,26.126715,23.347454
2014-05-24,2014-05-24 05:00:00,6,26.126715,23.836079
2014-05-24,2014-05-24 06:00:00,7,21.227955,24.904205
2014-05-24,2014-05-24 07:00:00,8,32.658394,25.984741
2014-05-24,2014-05-24 08:00:00,9,37.55715,26.147629
2014-05-24,2014-05-24 09:00:00,10,1.6329197,26.359226
2014-05-24,2014-05-24 10:00:00,11,34.291313,26.07735
2014-05-24,2014-05-24 11:00:00,12,55.519268,25.681355
2014-05-24,2014-05-24 12:00:00,13,40.82299,25.13268
2014-05-24,2014-05-24 13:00:00,14,35.924232,25.640636
2014-05-24,2014-05-24 14:00:00,15,34.291313,25.664211
2014-05-24,2014-05-24 15:00:00,16,34.291313,25.33643
2014-05-24,2014-05-24 16:00:00,17,34.291313,24.945286
2014-05-24,2014-05-24 17:00:00,18,34.291313,25.368752
2014-05-24,2014-05-24 18:00:00,19,34.291313,25.648893
2014-05-24,2014-05-24 19:00:00,20,35.924232,25.859356
2014-05-24,2014-05-24 20:00:00,21,35.924232,25.965977
2014-05-24,2014-05-24 21:00:00,22,35.924232,25.918537
2014-05-24,2014-05-24 22:00:00,23,35.924232,26.168812
2014-05-24,2014-05-24 23:00:00,24,37.55715,26.28112
2014-05-25,2014-05-25 00:00:00,1,35.924232,38.20051
2014-05-25,2014-05-25 01:00:00,2,37.55715,38.30683
2014-05-25,2014-05-25 02:00:00,3,35.924232,38.347782
2014-05-25,2014-05-25 03:00:00,4,35.924232,38.353848
2014-05-25,2014-05-25 04:00:00,5,37.55715,38.517784
2014-05-25,2014-05-25 05:00:00,6,35.924232,38.580837
2014-05-25,2014-05-25 06:00:00,7,37.55715,38.664684
2014-05-25,2014-05-25 07:00:00,8,35.924232,38.680553
2014-05-25,2014-05-25 08:00:00,9,35.924232,38.955868
2014-05-25,2014-05-25 09:00:00,10,35.924232,38.73255
2014-05-25,2014-05-25 10:00:00,11,35.924232,38.534412
2014-05-25,2014-05-25 11:00:00,12,37.55715,38.552635
2014-05-25,2014-05-25 12:00:00,13,35.924232,38.246933
2014-05-25,2014-05-25 13:00:00,14,37.55715,38.517838
2014-05-25,2014-05-25 14:00:00,15,35.924232,38.693707
2014-05-25,2014-05-25 15:00:00,16,35.924232,38.679935
2014-05-25,2014-05-25 16:00:00,17,34.291313,37.46949
2014-05-25,2014-05-25 17:00:00,18,35.924232,37.630123
2014-05-25,2014-05-25 18:00:00,19,35.924232,37.478756
2014-05-25,2014-05-25 19:00:00,20,40.82299,37.77277
2014-05-25,2014-05-25 20:00:00,21,48.98759,37.603878
2014-05-25,2014-05-25 21:00:00,22,52.25343,37.713345
2014-05-25,2014-05-25 22:00:00,23,50.62051,37.791897
2014-05-25,2014-05-25 23:00:00,24,52.25343,37.42159
2014-05-26,2014-05-26 00:00:00,1,37.55715,50.27571
2014-05-26,2014-05-26 01:00:00,2,27.759634,49.05639
2014-05-26,2014-05-26 02:00:00,3,26.126715,47.83912
2014-05-26,2014-05-26 03:00:00,4,37.55715,47.711517
2014-05-26,2014-05-26 04:00:00,5,50.62051,46.994785
2014-05-26,2014-05-26 05:00:00,6,55.519268,44.631653
2014-05-26,2014-05-26 06:00:00,7,0.0,14.766399
2014-05-26,2014-05-26 07:00:00,8,0.0,2.1917973
2014-05-26,2014-05-26 08:00:00,9,0.0,0.028701782
2014-05-26,2014-05-26 09:00:00,10,0.0,0.24424171
2014-05-26,2014-05-26 10:00:00,11,0.0,0.13707829
2014-05-26,2014-05-26 11:00:00,12,0.0,0.017215729
2014-05-26,2014-05-26 12:00:00,13,0.0,-0.001988411
2014-05-26,2014-05-26 13:00:00,14,0.0,0.16962337
2014-05-26,2014-05-26 14:00:00,15,0.0,0.030753136
2014-05-26,2014-05-26 15:00:00,16,0.0,0.060339928
2014-05-26,2014-05-26 16:00:00,17,0.0,-0.22769165
2014-05-26,2014-05-26 17:00:00,18,0.0,-0.2079382
2014-05-26,2014-05-26 18:00:00,19,0.0,-0.119057655
2014-05-26,2014-05-26 19:00:00,20,0.0,-0.18917084
2014-05-26,2014-05-26 20:00:00,21,0.0,-0.19376469
2014-05-26,2014-05-26 21:00:00,22,0.0,-0.09965992
2014-05-26,2014-05-26 22:00:00,23,0.0,-0.29515076
2014-05-26,2014-05-26 23:00:00,24,1.6329197,-0.17935371
2014-05-27,2014-05-27 00:00:00,1,40.82299,45.61435
2014-05-27,2014-05-27 01:00:00,2,29.392553,28.924389
2014-05-27,2014-05-27 02:00:00,3,26.126715,26.924461
2014-05-27,2014-05-27 03:00:00,4,24.493795,26.621933
2014-05-27,2014-05-27 04:00:00,5,24.493795,25.87128
2014-05-27,2014-05-27 05:00:00,6,22.860876,27.583485
2014-05-27,2014-05-27 06:00:00,7,50.62051,31.237816
2014-05-27,2014-05-27 07:00:00,8,0.0,4.72048
2014-05-27,2014-05-27 08:00:00,9,0.0,0.5065651
2014-05-27,2014-05-27 09:00:00,10,0.0,0.670002
2014-05-27,2014-05-27 10:00:00,11,0.0,0.46499443
2014-05-27,2014-05-27 11:00:00,12,0.0,0.54120636
2014-05-27,2014-05-27 12:00:00,13,0.0,0.45991516
2014-05-27,2014-05-27 13:00:00,14,0.0,0.47240543
2014-05-27,2014-05-27 14:00:00,15,0.0,0.40952778
2014-05-27,2014-05-27 15:00:00,16,0.0,0.20524406
2014-05-27,2014-05-27 16:00:00,17,0.0,0.22913742
2014-05-27,2014-05-27 17:00:00,18,0.0,0.1539383
2014-05-27,2014-05-27 18:00:00,19,0.0,0.17937851
2014-05-27,2014-05-27 19:00:00,20,0.0,0.15513992
2014-05-27,2014-05-27 20:00:00,21,0.0,0.19426727
2014-05-27,2014-05-27 21:00:00,22,0.0,0.12551403
2014-05-27,2014-05-27 22:00:00,23,0.0,0.039185524
2014-05-27,2014-05-27 23:00:00,24,0.0,0.094078064
2014-05-28,2014-05-28 00:00:00,1,44.08883,43.737965
2014-05-28,2014-05-28 01:00:00,2,26.126715,29.040844
2014-05-28,2014-05-28 02:00:00,3,26.126715,26.123295
2014-05-28,2014-05-28 03:00:00,4,24.493795,25.080847
2014-05-28,2014-05-28 04:00:00,5,22.860876,24.227692
2014-05-28,2014-05-28 05:00:00,6,24.493795,25.36949
2014-05-28,2014-05-28 06:00:00,7,47.35467,38.50353
2014-05-28,2014-05-28 07:00:00,8,0.0,4.7334347
2014-05-28,2014-05-28 08:00:00,9,0.0,0.18372822
2014-05-28,2014-05-28 09:00:00,10,0.0,0.28304482
2014-05-28,2014-05-28 10:00:00,11,0.0,0.2004261
2014-05-28,2014-05-28 11:00:00,12,0.0,0.21526718
2014-05-28,2014-05-28 12:00:00,13,0.0,0.3136177
2014-05-28,2014-05-28 13:00:00,14,0.0,0.297884
2014-05-28,2014-05-28 14:00:00,15,0.0,0.13601589
2014-05-28,2014-05-28 15:00:00,16,0.0,0.018680573
2014-05-28,2014-05-28 16:00:00,17,0.0,0.23227882
2014-05-28,2014-05-28 17:00:00,18,0.0,0.1644144
2014-05-28,2014-05-28 18:00:00,19,0.0,0.16303158
2014-05-28,2014-05-28 19:00:00,20,0.0,0.19420052
2014-05-28,2014-05-28 20:00:00,21,0.0,0.21119308
2014-05-28,2014-05-28 21:00:00,22,0.0,0.1604042
2014-05-28,2014-05-28 22:00:00,23,0.0,0.053902626
2014-05-28,2014-05-28 23:00:00,24,0.0,-0.116431236
2014-05-29,2014-05-29 00:00:00,1,40.82299,42.397095
2014-05-29,2014-05-29 01:00:00,2,27.759634,27.611286
2014-05-29,2014-05-29 02:00:00,3,26.126715,25.622505
2014-05-29,2014-05-29 03:00:00,4,24.493795,24.801216
2014-05-29,2014-05-29 04:00:00,5,24.493795,23.099934
2014-05-29,2014-05-29 05:00:00,6,24.493795,24.983187
2014-05-29,2014-05-29 06:00:00,7,42.45591,37.180885
2014-05-29,2014-05-29 07:00:00,8,0.0,2.089342
2014-05-29,2014-05-29 08:00:00,9,0.0,0.013058662
2014-05-29,2014-05-29 09:00:00,10,0.0,0.30725574
2014-05-29,2014-05-29 10:00:00,11,0.0,0.1507473
2014-05-29,2014-05-29 11:00:00,12,0.0,0.23857117
2014-05-29,2014-05-29 12:00:00,13,0.0,0.16600895
2014-05-29,2014-05-29 13:00:00,14,0.0,0.18115044
2014-05-29,2014-05-29 14:00:00,15,0.0,0.116238594
2014-05-29,2014-05-29 15:00:00,16,0.0,-0.10503197
2014-05-29,2014-05-29 16:00:00,17,0.0,0.16830254
2014-05-29,2014-05-29 17:00:00,18,0.0,0.13617802
2014-05-29,2014-05-29 18:00:00,19,0.0,0.0831871
2014-05-29,2014-05-29 19:00:00,20,0.0,0.13407421
2014-05-29,2014-05-29 20:00:00,21,0.0,0.13288498
2014-05-29,2014-05-29 21:00:00,22,0.0,0.12953568
2014-05-29,2014-05-29 22:00:00,23,0.0,-0.07922268
2014-05-29,2014-05-29 23:00:00,24,0.0,-0.23278522
2014-05-30,2014-05-30 00:00:00,1,45.721752,41.807274
2014-05-30,2014-05-30 01:00:00,2,29.392553,27.828709
2014-05-30,2014-05-30 02:00:00,3,26.126715,25.079441
2014-05-30,2014-05-30 03:00:00,4,22.860876,23.992386
2014-05-30,2014-05-30 04:00:00,5,24.493795,22.745
2014-05-30,2014-05-30 05:00:00,6,22.860876,24.196001
2014-05-30,2014-05-30 06:00:00,7,29.392553,38.262978
2014-05-30,2014-05-30 07:00:00,8,57.152187,1.2022572
2014-05-30,2014-05-30 08:00:00,9,47.35467,0.22803783
2014-05-30,2014-05-30 09:00:00,10,47.35467,0.5016737
2014-05-30,2014-05-30 10:00:00,11,39.19007,0.2812376
2014-05-30,2014-05-30 11:00:00,12,39.19007,0.41224194
2014-05-30,2014-05-30 12:00:00,13,37.55715,0.30148506
2014-05-30,2014-05-30 13:00:00,14,39.19007,0.2960081
2014-05-30,2014-05-30 14:00:00,15,39.19007,0.17924404
2014-05-30,2014-05-30 15:00:00,16,37.55715,0.05632305
2014-05-30,2014-05-30 16:00:00,17,57.152187,0.32378197
2014-05-30,2014-05-30 17:00:00,18,58.785107,0.13433552
2014-05-30,2014-05-30 18:00:00,19,0.0,0.18164444
2014-05-30,2014-05-30 19:00:00,20,0.0,0.15229893
2014-05-30,2014-05-30 20:00:00,21,0.0,0.20216179
2014-05-30,2014-05-30 21:00:00,22,0.0,0.19523335
2014-05-30,2014-05-30 22:00:00,23,0.0,0.0718565
2014-05-30,2014-05-30 23:00:00,24,0.0,-0.10361862
2014-05-31,2014-05-31 00:00:00,1,52.25343,40.619247
2014-05-31,2014-05-31 01:00:00,2,27.759634,28.405087
2014-05-31,2014-05-31 02:00:00,3,26.126715,27.087212
2014-05-31,2014-05-31 03:00:00,4,26.126715,26.01318
2014-05-31,2014-05-31 04:00:00,5,22.860876,26.194347
2014-05-31,2014-05-31 05:00:00,6,22.860876,27.317879
2014-05-31,2014-05-31 06:00:00,7,22.860876,29.443882
2014-05-31,2014-05-31 07:00:00,8,22.860876,30.769451
2014-05-31,2014-05-31 08:00:00,9,22.860876,29.523998
2014-05-31,2014-05-31 09:00:00,10,35.924232,24.508127
2014-05-31,2014-05-31 10:00:00,11,39.19007,30.293621
2014-05-31,2014-05-31 11:00:00,12,31.025473,33.506706
2014-05-31,2014-05-31 12:00:00,13,24.493795,32.647606
2014-05-31,2014-05-31 13:00:00,14,22.860876,31.546139
2014-05-31,2014-05-31 14:00:00,15,21.227955,31.576042
2014-05-31,2014-05-31 15:00:00,16,19.595036,31.395012
2014-05-31,2014-05-31 16:00:00,17,21.227955,30.96588
2014-05-31,2014-05-31 17:00:00,18,21.227955,30.96465
2014-05-31,2014-05-31 18:00:00,19,21.227955,31.173433
2014-05-31,2014-05-31 19:00:00,20,21.227955,31.081516
2014-05-31,2014-05-31 20:00:00,21,22.860876,31.273956
2014-05-31,2014-05-31 21:00:00,22,21.227955,31.07628
2014-05-31,2014-05-31 22:00:00,23,22.860876,31.211403
2014-05-31,2014-05-31 23:00:00,24,21.227955,31.32505
2014-06-01,2014-06-01 00:00:00,1,22.860876,23.630707
2014-06-01,2014-06-01 01:00:00,2,21.227955,23.6505
2014-06-01,2014-06-01 02:00:00,3,21.227955,23.675653
2014-06-01,2014-06-01 03:00:00,4,22.860876,23.8565
2014-06-01,2014-06-01 04:00:00,5,21.227955,23.799488
2014-06-01,2014-06-01 05:00:00,6,22.860876,23.738298
2014-06-01,2014-06-01 06:00:00,7,21.227955,23.817455
2014-06-01,2014-06-01 07:00:00,8,22.860876,23.615593
2014-06-01,2014-06-01 08:00:00,9,21.227955,23.549225
2014-06-01,2014-06-01 09:00:00,10,22.860876,23.426561
2014-06-01,2014-06-01 10:00:00,11,21.227955,23.393862
2014-06-01,2014-06-01 11:00:00,12,21.227955,23.31985
2014-06-01,2014-06-01 12:00:00,13,21.227955,23.262186
2014-06-01,2014-06-01 13:00:00,14,21.227955,23.25362
2014-06-01,2014-06-01 14:00:00,15,21.227955,23.389849
2014-06-01,2014-06-01 15:00:00,16,21.227955,23.440052
2014-06-01,2014-06-01 16:00:00,17,21.227955,22.83627
2014-06-01,2014-06-01 17:00:00,18,21.227955,22.86345
2014-06-01,2014-06-01 18:00:00,19,21.227955,23.120018
2014-06-01,2014-06-01 19:00:00,20,22.860876,23.659668
2014-06-01,2014-06-01 20:00:00,21,21.227955,24.19417
2014-06-01,2014-06-01 21:00:00,22,22.860876,24.057013
2014-06-01,2014-06-01 22:00:00,23,21.227955,24.504126
2014-06-01,2014-06-01 23:00:00,24,22.860876,23.907524
2014-06-02,2014-06-02 00:00:00,1,21.227955,25.59973
2014-06-02,2014-06-02 01:00:00,2,22.860876,25.03762
2014-06-02,2014-06-02 02:00:00,3,22.860876,25.308249
2014-06-02,2014-06-02 03:00:00,4,57.152187,26.26268
2014-06-02,2014-06-02 04:00:00,5,44.08883,27.703358
2014-06-02,2014-06-02 05:00:00,6,32.658394,29.195473
2014-06-02,2014-06-02 06:00:00,7,0.0,0.41833496
2014-06-02,2014-06-02 07:00:00,8,0.0,-0.47287178
2014-06-02,2014-06-02 08:00:00,9,0.0,-0.21829605
2014-06-02,2014-06-02 09:00:00,10,0.0,-0.028219223
2014-06-02,2014-06-02 10:00:00,11,0.0,0.061208725
2014-06-02,2014-06-02 11:00:00,12,0.0,0.117673874
2014-06-02,2014-06-02 12:00:00,13,0.0,0.18911743
2014-06-02,2014-06-02 13:00:00,14,0.0,0.15963936
2014-06-02,2014-06-02 14:00:00,15,0.0,0.028007507
2014-06-02,2014-06-02 15:00:00,16,0.0,0.14271927
2014-06-02,2014-06-02 16:00:00,17,0.0,-0.026536942
2014-06-02,2014-06-02 17:00:00,18,0.0,-0.05292511
2014-06-02,2014-06-02 18:00:00,19,0.0,-0.043531418
2014-06-02,2014-06-02 19:00:00,20,0.0,-0.03081894
2014-06-02,2014-06-02 20:00:00,21,0.0,-0.0055007935
2014-06-02,2014-06-02 21:00:00,22,0.0,-0.055534363
2014-06-02,2014-06-02 22:00:00,23,0.0,-0.084228516
2014-06-02,2014-06-02 23:00:00,24,0.0,-0.21833038
2014-06-03,2014-06-03 00:00:00,1,47.35467,35.403946
2014-06-03,2014-06-03 01:00:00,2,22.860876,20.572348
2014-06-03,2014-06-03 02:00:00,3,24.493795,18.38573
2014-06-03,2014-06-03 03:00:00,4,26.126715,17.602001
2014-06-03,2014-06-03 04:00:00,5,24.493795,16.614355
2014-06-03,2014-06-03 05:00:00,6,24.493795,18.472136
2014-06-03,2014-06-03 06:00:00,7,31.025473,30.422714
2014-06-03,2014-06-03 07:00:00,8,4.898759,0.6419449
2014-06-03,2014-06-03 08:00:00,9,0.0,0.49394417
2014-06-03,2014-06-03 09:00:00,10,0.0,0.74567986
2014-06-03,2014-06-03 10:00:00,11,0.0,0.5600834
2014-06-03,2014-06-03 11:00:00,12,0.0,0.6918545
2014-06-03,2014-06-03 12:00:00,13,0.0,0.6906433
2014-06-03,2014-06-03 13:00:00,14,0.0,0.5701008
2014-06-03,2014-06-03 14:00:00,15,0.0,0.5399227
2014-06-03,2014-06-03 15:00:00,16,0.0,0.38840103
2014-06-03,2014-06-03 16:00:00,17,0.0,0.3909073
2014-06-03,2014-06-03 17:00:00,18,0.0,0.33798027
2014-06-03,2014-06-03 18:00:00,19,0.0,0.385252
2014-06-03,2014-06-03 19:00:00,20,0.0,0.36965752
2014-06-03,2014-06-03 20:00:00,21,0.0,0.2647133
2014-06-03,2014-06-03 21:00:00,22,0.0,0.17920494
2014-06-03,2014-06-03 22:00:00,23,0.0,0.031215668
2014-06-03,2014-06-03 23:00:00,24,1.6329197,-0.13382912
2014-06-04,2014-06-04 00:00:00,1,45.721752,46.716774
2014-06-04,2014-06-04 01:00:00,2,22.860876,30.846592
2014-06-04,2014-06-04 02:00:00,3,24.493795,29.07172
2014-06-04,2014-06-04 03:00:00,4,26.126715,29.563389
2014-06-04,2014-06-04 04:00:00,5,24.493795,29.208435
2014-06-04,2014-06-04 05:00:00,6,24.493795,30.335367
2014-06-04,2014-06-04 06:00:00,7,34.291313,35.530792
2014-06-04,2014-06-04 07:00:00,8,0.0,2.1202812
2014-06-04,2014-06-04 08:00:00,9,0.0,0.4293785
2014-06-04,2014-06-04 09:00:00,10,0.0,0.7044859
2014-06-04,2014-06-04 10:00:00,11,0.0,0.5381756
2014-06-04,2014-06-04 11:00:00,12,0.0,0.66536045
2014-06-04,2014-06-04 12:00:00,13,0.0,0.66137695
2014-06-04,2014-06-04 13:00:00,14,0.0,0.53144455
2014-06-04,2014-06-04 14:00:00,15,0.0,0.47781944
2014-06-04,2014-06-04 15:00:00,16,0.0,0.31680298
2014-06-04,2014-06-04 16:00:00,17,0.0,0.11572456
2014-06-04,2014-06-04 17:00:00,18,0.0,-0.038238525
2014-06-04,2014-06-04 18:00:00,19,0.0,0.0032444
2014-06-04,2014-06-04 19:00:00,20,0.0,-0.010065079
2014-06-04,2014-06-04 20:00:00,21,0.0,0.035226822
2014-06-04,2014-06-04 21:00:00,22,0.0,-0.003528595
2014-06-04,2014-06-04 22:00:00,23,0.0,-0.10437584
2014-06-04,2014-06-04 23:00:00,24,0.0,0.10040474
2014-06-05,2014-06-05 00:00:00,1,48.98759,43.09899
2014-06-05,2014-06-05 01:00:00,2,27.759634,25.419815
2014-06-05,2014-06-05 02:00:00,3,31.025473,24.83625
2014-06-05,2014-06-05 03:00:00,4,26.126715,24.97328
2014-06-05,2014-06-05 04:00:00,5,26.126715,23.253595
2014-06-05,2014-06-05 05:00:00,6,27.759634,24.500875
2014-06-05,2014-06-05 06:00:00,7,35.924232,33.861618
2014-06-05,2014-06-05 07:00:00,8,0.0,1.4948759
2014-06-05,2014-06-05 08:00:00,9,0.0,0.10386467
2014-06-05,2014-06-05 09:00:00,10,0.0,0.44440365
2014-06-05,2014-06-05 10:00:00,11,0.0,0.30140114
2014-06-05,2014-06-05 11:00:00,12,0.0,0.39655495
2014-06-05,2014-06-05 12:00:00,13,0.0,0.32393074
2014-06-05,2014-06-05 13:00:00,14,0.0,0.2691517
2014-06-05,2014-06-05 14:00:00,15,0.0,0.28142357
2014-06-05,2014-06-05 15:00:00,16,0.0,0.07862282
2014-06-05,2014-06-05 16:00:00,17,0.0,-0.0053596497
2014-06-05,2014-06-05 17:00:00,18,0.0,-0.17495155
2014-06-05,2014-06-05 18:00:00,19,0.0,-0.11845207
2014-06-05,2014-06-05 19:00:00,20,0.0,-0.06831741
2014-06-05,2014-06-05 20:00:00,21,0.0,-0.0593853
2014-06-05,2014-06-05 21:00:00,22,0.0,-0.011827469
2014-06-05,2014-06-05 22:00:00,23,0.0,-0.15782547
2014-06-05,2014-06-05 23:00:00,24,0.0,-0.051958084
2014-06-06,2014-06-06 00:00:00,1,45.721752,44.199856
2014-06-06,2014-06-06 01:00:00,2,24.493795,27.63087
2014-06-06,2014-06-06 02:00:00,3,24.493795,26.062744
2014-06-06,2014-06-06 03:00:00,4,26.126715,25.495934
2014-06-06,2014-06-06 04:00:00,5,26.126715,24.250288
2014-06-06,2014-06-06 05:00:00,6,24.493795,24.966621
2014-06-06,2014-06-06 06:00:00,7,26.126715,31.60442
2014-06-06,2014-06-06 07:00:00,8,13.063357,4.614952
2014-06-06,2014-06-06 08:00:00,9,0.0,0.26259804
2014-06-06,2014-06-06 09:00:00,10,0.0,0.53953934
2014-06-06,2014-06-06 10:00:00,11,0.0,0.35712242
2014-06-06,2014-06-06 11:00:00,12,0.0,0.38544464
2014-06-06,2014-06-06 12:00:00,13,0.0,0.23706245
2014-06-06,2014-06-06 13:00:00,14,0.0,0.25892448
2014-06-06,2014-06-06 14:00:00,15,0.0,0.24515152
2014-06-06,2014-06-06 15:00:00,16,0.0,0.054605484
2014-06-06,2014-06-06 16:00:00,17,0.0,-0.18198967
2014-06-06,2014-06-06 17:00:00,18,0.0,-0.22569656
2014-06-06,2014-06-06 18:00:00,19,0.0,-0.20243073
2014-06-06,2014-06-06 19:00:00,20,0.0,-0.2682705
2014-06-06,2014-06-06 20:00:00,21,0.0,-0.17371368
2014-06-06,2014-06-06 21:00:00,22,0.0,-0.1618576
2014-06-06,2014-06-06 22:00:00,23,0.0,-0.3308773
2014-06-06,2014-06-06 23:00:00,24,0.0,-0.30212784
2014-06-07,2014-06-07 00:00:00,1,50.62051,37.642097
2014-06-07,2014-06-07 01:00:00,2,24.493795,22.405638
2014-06-07,2014-06-07 02:00:00,3,24.493795,20.17037
2014-06-07,2014-06-07 03:00:00,4,22.860876,20.533003
2014-06-07,2014-06-07 04:00:00,5,24.493795,20.579939
2014-06-07,2014-06-07 05:00:00,6,22.860876,21.332085
2014-06-07,2014-06-07 06:00:00,7,26.126715,21.841608
2014-06-07,2014-06-07 07:00:00,8,22.860876,21.097347
2014-06-07,2014-06-07 08:00:00,9,24.493795,19.931879
2014-06-07,2014-06-07 09:00:00,10,22.860876,16.9121
2014-06-07,2014-06-07 10:00:00,11,22.860876,26.094494
2014-06-07,2014-06-07 11:00:00,12,22.860876,26.957075
2014-06-07,2014-06-07 12:00:00,13,22.860876,24.164255
2014-06-07,2014-06-07 13:00:00,14,22.860876,22.254116
2014-06-07,2014-06-07 14:00:00,15,22.860876,21.166647
2014-06-07,2014-06-07 15:00:00,16,22.860876,20.68755
2014-06-07,2014-06-07 16:00:00,17,21.227955,22.973043
2014-06-07,2014-06-07 17:00:00,18,22.860876,23.225365
2014-06-07,2014-06-07 18:00:00,19,22.860876,23.632387
2014-06-07,2014-06-07 19:00:00,20,26.126715,23.826519
2014-06-07,2014-06-07 20:00:00,21,22.860876,24.08215
2014-06-07,2014-06-07 21:00:00,22,22.860876,24.3028
2014-06-07,2014-06-07 22:00:00,23,21.227955,24.554989
2014-06-07,2014-06-07 23:00:00,24,22.860876,24.93483
2014-06-08,2014-06-08 00:00:00,1,22.860876,23.68591
2014-06-08,2014-06-08 01:00:00,2,21.227955,23.762737
2014-06-08,2014-06-08 02:00:00,3,22.860876,23.872643
2014-06-08,2014-06-08 03:00:00,4,22.860876,24.096302
2014-06-08,2014-06-08 04:00:00,5,21.227955,24.107624
2014-06-08,2014-06-08 05:00:00,6,22.860876,24.128956
2014-06-08,2014-06-08 06:00:00,7,24.493795,24.078224
2014-06-08,2014-06-08 07:00:00,8,21.227955,24.18563
2014-06-08,2014-06-08 08:00:00,9,22.860876,24.160946
2014-06-08,2014-06-08 09:00:00,10,21.227955,24.207273
2014-06-08,2014-06-08 10:00:00,11,22.860876,24.188885
2014-06-08,2014-06-08 11:00:00,12,21.227955,24.131237
2014-06-08,2014-06-08 12:00:00,13,21.227955,24.121664
2014-06-08,2014-06-08 13:00:00,14,22.860876,24.176342
2014-06-08,2014-06-08 14:00:00,15,21.227955,24.108337
2014-06-08,2014-06-08 15:00:00,16,22.860876,24.086899
2014-06-08,2014-06-08 16:00:00,17,21.227955,23.356068
2014-06-08,2014-06-08 17:00:00,18,24.493795,23.45039
2014-06-08,2014-06-08 18:00:00,19,21.227955,23.855816
2014-06-08,2014-06-08 19:00:00,20,21.227955,24.903131
2014-06-08,2014-06-08 20:00:00,21,22.860876,25.105457
2014-06-08,2014-06-08 21:00:00,22,21.227955,25.165123
2014-06-08,2014-06-08 22:00:00,23,22.860876,25.025818
2014-06-08,2014-06-08 23:00:00,24,22.860876,25.189014
2014-06-09,2014-06-09 00:00:00,1,21.227955,27.184757
2014-06-09,2014-06-09 01:00:00,2,22.860876,26.805008
2014-06-09,2014-06-09 02:00:00,3,24.493795,27.625607
2014-06-09,2014-06-09 03:00:00,4,37.55715,34.374725
2014-06-09,2014-06-09 04:00:00,5,48.98759,35.13585
2014-06-09,2014-06-09 05:00:00,6,24.493795,33.340965
2014-06-09,2014-06-09 06:00:00,7,0.0,0.35750484
2014-06-09,2014-06-09 07:00:00,8,0.0,-0.06541538
2014-06-09,2014-06-09 08:00:00,9,0.0,0.0024433136
2014-06-09,2014-06-09 09:00:00,10,0.0,0.021490097
2014-06-09,2014-06-09 10:00:00,11,0.0,0.090634346
2014-06-09,2014-06-09 11:00:00,12,0.0,0.022325516
2014-06-09,2014-06-09 12:00:00,13,0.0,-0.019429207
2014-06-09,2014-06-09 13:00:00,14,0.0,0.015340805
2014-06-09,2014-06-09 14:00:00,15,0.0,-0.12835312
2014-06-09,2014-06-09 15:00:00,16,0.0,-0.11233902
2014-06-09,2014-06-09 16:00:00,17,0.0,0.04700184
2014-06-09,2014-06-09 17:00:00,18,0.0,-0.012838364
2014-06-09,2014-06-09 18:00:00,19,0.0,0.06310654
2014-06-09,2014-06-09 19:00:00,20,0.0,0.04571438
2014-06-09,2014-06-09 20:00:00,21,0.0,0.036481857
2014-06-09,2014-06-09 21:00:00,22,0.0,0.02047348
2014-06-09,2014-06-09 22:00:00,23,0.0,-0.08331108
2014-06-09,2014-06-09 23:00:00,24,0.0,-0.07167435
2014-06-10,2014-06-10 00:00:00,1,50.62051,41.20389
2014-06-10,2014-06-10 01:00:00,2,29.392553,23.73303
2014-06-10,2014-06-10 02:00:00,3,27.759634,23.586449
2014-06-10,2014-06-10 03:00:00,4,27.759634,24.477661
2014-06-10,2014-06-10 04:00:00,5,26.126715,23.311909
2014-06-10,2014-06-10 05:00:00,6,24.493795,23.495525
2014-06-10,2014-06-10 06:00:00,7,21.227955,29.364878
2014-06-10,2014-06-10 07:00:00,8,22.860876,0.94645405
2014-06-10,2014-06-10 08:00:00,9,24.493795,0.24528027
2014-06-10,2014-06-10 09:00:00,10,21.227955,0.47154808
2014-06-10,2014-06-10 10:00:00,11,21.227955,0.3040371
2014-06-10,2014-06-10 11:00:00,12,21.227955,0.3348589
2014-06-10,2014-06-10 12:00:00,13,22.860876,0.2313776
2014-06-10,2014-06-10 13:00:00,14,19.595036,0.23755932
2014-06-10,2014-06-10 14:00:00,15,21.227955,0.15911007
2014-06-10,2014-06-10 15:00:00,16,21.227955,0.02219677
2014-06-10,2014-06-10 16:00:00,17,21.227955,0.035949707
2014-06-10,2014-06-10 17:00:00,18,21.227955,-0.06835365
2014-06-10,2014-06-10 18:00:00,19,21.227955,0.0012569427
2014-06-10,2014-06-10 19:00:00,20,21.227955,-0.027709007
2014-06-10,2014-06-10 20:00:00,21,22.860876,-0.041941643
2014-06-10,2014-06-10 21:00:00,22,24.493795,-0.07008648
2014-06-10,2014-06-10 22:00:00,23,22.860876,-0.21438885
2014-06-10,2014-06-10 23:00:00,24,22.860876,-0.26654148
2014-06-11,2014-06-11 00:00:00,1,21.227955,33.487713
2014-06-11,2014-06-11 01:00:00,2,22.860876,30.617077
2014-06-11,2014-06-11 02:00:00,3,22.860876,30.841194
2014-06-11,2014-06-11 03:00:00,4,22.860876,34.535328
2014-06-11,2014-06-11 04:00:00,5,22.860876,35.6835
2014-06-11,2014-06-11 05:00:00,6,22.860876,30.273493
2014-06-11,2014-06-11 06:00:00,7,24.493795,19.529049
2014-06-11,2014-06-11 07:00:00,8,0.0,9.12273
2014-06-11,2014-06-11 08:00:00,9,0.0,4.9617243
2014-06-11,2014-06-11 09:00:00,10,0.0,4.5207777
2014-06-11,2014-06-11 10:00:00,11,0.0,2.7269096
2014-06-11,2014-06-11 11:00:00,12,0.0,2.1206226
2014-06-11,2014-06-11 12:00:00,13,0.0,1.5903645
2014-06-11,2014-06-11 13:00:00,14,0.0,1.0376759
2014-06-11,2014-06-11 14:00:00,15,0.0,0.8705034
2014-06-11,2014-06-11 15:00:00,16,0.0,1.2966318
2014-06-11,2014-06-11 16:00:00,17,0.0,1.2655525
2014-06-11,2014-06-11 17:00:00,18,0.0,1.3603258
2014-06-11,2014-06-11 18:00:00,19,0.0,0.28971672
2014-06-11,2014-06-11 19:00:00,20,0.0,0.67392826
2014-06-11,2014-06-11 20:00:00,21,0.0,-0.41148186
2014-06-11,2014-06-11 21:00:00,22,0.0,0.2788496
2014-06-11,2014-06-11 22:00:00,23,0.0,0.34423923
2014-06-11,2014-06-11 23:00:00,24,0.0,1.6737785
2014-06-12,2014-06-12 00:00:00,1,48.98759,36.36969
2014-06-12,2014-06-12 01:00:00,2,27.759634,21.856758
2014-06-12,2014-06-12 02:00:00,3,27.759634,21.323376
2014-06-12,2014-06-12 03:00:00,4,27.759634,22.568748
2014-06-12,2014-06-12 04:00:00,5,27.759634,21.931335
2014-06-12,2014-06-12 05:00:00,6,24.493795,22.367565
2014-06-12,2014-06-12 06:00:00,7,31.025473,25.985367
2014-06-12,2014-06-12 07:00:00,8,6.5316787,0.87803745
2014-06-12,2014-06-12 08:00:00,9,0.0,0.32222843
2014-06-12,2014-06-12 09:00:00,10,0.0,0.48666668
2014-06-12,2014-06-12 10:00:00,11,0.0,0.35696602
2014-06-12,2014-06-12 11:00:00,12,8.164598,0.4423113
2014-06-12,2014-06-12 12:00:00,13,45.721752,0.3269825
2014-06-12,2014-06-12 13:00:00,14,0.0,0.30869102
2014-06-12,2014-06-12 14:00:00,15,0.0,0.29867935
2014-06-12,2014-06-12 15:00:00,16,26.126715,0.14010811
2014-06-12,2014-06-12 16:00:00,17,0.0,0.08475876
2014-06-12,2014-06-12 17:00:00,18,0.0,-0.06278992
2014-06-12,2014-06-12 18:00:00,19,0.0,0.024154663
2014-06-12,2014-06-12 19:00:00,20,0.0,-0.024461746
2014-06-12,2014-06-12 20:00:00,21,0.0,0.003247261
2014-06-12,2014-06-12 21:00:00,22,0.0,-0.0032176971
2014-06-12,2014-06-12 22:00:00,23,0.0,-0.110886574
2014-06-12,2014-06-12 23:00:00,24,0.0,-0.13894367
2014-06-13,2014-06-13 00:00:00,1,45.721752,42.382336
2014-06-13,2014-06-13 01:00:00,2,27.759634,26.02126
2014-06-13,2014-06-13 02:00:00,3,29.392553,25.37788
2014-06-13,2014-06-13 03:00:00,4,24.493795,25.710838
2014-06-13,2014-06-13 04:00:00,5,24.493795,25.347553
2014-06-13,2014-06-13 05:00:00,6,26.126715,25.522655
2014-06-13,2014-06-13 06:00:00,7,26.126715,28.743671
2014-06-13,2014-06-13 07:00:00,8,9.797518,7.22534
2014-06-13,2014-06-13 08:00:00,9,0.0,0.34713268
2014-06-13,2014-06-13 09:00:00,10,0.0,0.5734377
2014-06-13,2014-06-13 10:00:00,11,0.0,0.43317413
2014-06-13,2014-06-13 11:00:00,12,0.0,0.45024776
2014-06-13,2014-06-13 12:00:00,13,50.62051,0.27736092
2014-06-13,2014-06-13 13:00:00,14,32.658394,0.2090435
2014-06-13,2014-06-13 14:00:00,15,0.0,0.11045265
2014-06-13,2014-06-13 15:00:00,16,0.0,-0.07414055
2014-06-13,2014-06-13 16:00:00,17,0.0,-0.1092968
2014-06-13,2014-06-13 17:00:00,18,0.0,-0.24563408
2014-06-13,2014-06-13 18:00:00,19,0.0,-0.03960991
2014-06-13,2014-06-13 19:00:00,20,0.0,-0.07043457
2014-06-13,2014-06-13 20:00:00,21,0.0,0.061667442
2014-06-13,2014-06-13 21:00:00,22,0.0,0.062820435
2014-06-13,2014-06-13 22:00:00,23,0.0,0.0037813187
2014-06-13,2014-06-13 23:00:00,24,1.6329197,0.08919144
2014-06-14,2014-06-14 00:00:00,1,48.98759,37.953697
2014-06-14,2014-06-14 01:00:00,2,27.759634,25.589882
2014-06-14,2014-06-14 02:00:00,3,27.759634,24.145515
2014-06-14,2014-06-14 03:00:00,4,27.759634,23.616447
2014-06-14,2014-06-14 04:00:00,5,22.860876,23.524624
2014-06-14,2014-06-14 05:00:00,6,22.860876,23.633087
2014-06-14,2014-06-14 06:00:00,7,22.860876,24.235374
2014-06-14,2014-06-14 07:00:00,8,24.493795,24.265572
2014-06-14,2014-06-14 08:00:00,9,22.860876,23.86864
2014-06-14,2014-06-14 09:00:00,10,21.227955,24.457802
2014-06-14,2014-06-14 10:00:00,11,22.860876,24.518871
2014-06-14,2014-06-14 11:00:00,12,21.227955,23.878227
2014-06-14,2014-06-14 12:00:00,13,22.860876,23.607437
2014-06-14,2014-06-14 13:00:00,14,21.227955,23.218607
2014-06-14,2014-06-14 14:00:00,15,21.227955,22.438341
2014-06-14,2014-06-14 15:00:00,16,21.227955,22.198578
2014-06-14,2014-06-14 16:00:00,17,21.227955,22.44142
2014-06-14,2014-06-14 17:00:00,18,21.227955,22.502321
2014-06-14,2014-06-14 18:00:00,19,22.860876,22.716179
2014-06-14,2014-06-14 19:00:00,20,22.860876,22.783813
2014-06-14,2014-06-14 20:00:00,21,21.227955,22.808231
2014-06-14,2014-06-14 21:00:00,22,21.227955,22.824728
2014-06-14,2014-06-14 22:00:00,23,22.860876,22.807419
2014-06-14,2014-06-14 23:00:00,24,22.860876,22.89634
2014-06-15,2014-06-15 00:00:00,1,21.227955,22.864431
2014-06-15,2014-06-15 01:00:00,2,22.860876,22.690254
2014-06-15,2014-06-15 02:00:00,3,21.227955,22.730015
2014-06-15,2014-06-15 03:00:00,4,21.227955,22.736116
2014-06-15,2014-06-15 04:00:00,5,21.227955,22.672655
2014-06-15,2014-06-15 05:00:00,6,22.860876,22.724854
2014-06-15,2014-06-15 06:00:00,7,21.227955,22.664722
2014-06-15,2014-06-15 07:00:00,8,22.860876,22.650667
2014-06-15,2014-06-15 08:00:00,9,21.227955,22.458706
2014-06-15,2014-06-15 09:00:00,10,21.227955,22.403358
2014-06-15,2014-06-15 10:00:00,11,21.227955,22.309336
2014-06-15,2014-06-15 11:00:00,12,21.227955,22.220558
2014-06-15,2014-06-15 12:00:00,13,21.227955,22.261906
2014-06-15,2014-06-15 13:00:00,14,21.227955,22.21133
2014-06-15,2014-06-15 14:00:00,15,21.227955,22.18652
2014-06-15,2014-06-15 15:00:00,16,21.227955,22.359118
2014-06-15,2014-06-15 16:00:00,17,21.227955,21.462065
2014-06-15,2014-06-15 17:00:00,18,21.227955,22.023397
2014-06-15,2014-06-15 18:00:00,19,22.860876,21.816545
2014-06-15,2014-06-15 19:00:00,20,21.227955,22.322659
2014-06-15,2014-06-15 20:00:00,21,21.227955,22.283524
2014-06-15,2014-06-15 21:00:00,22,22.860876,22.3277
2014-06-15,2014-06-15 22:00:00,23,21.227955,22.524673
2014-06-15,2014-06-15 23:00:00,24,21.227955,22.869331
2014-06-16,2014-06-16 00:00:00,1,21.227955,25.244717
2014-06-16,2014-06-16 01:00:00,2,22.860876,25.603127
2014-06-16,2014-06-16 02:00:00,3,32.658394,27.240309
2014-06-16,2014-06-16 03:00:00,4,32.658394,33.15544
2014-06-16,2014-06-16 04:00:00,5,52.25343,34.83179
2014-06-16,2014-06-16 05:00:00,6,13.063357,28.64679
2014-06-16,2014-06-16 06:00:00,7,0.0,1.0009775
2014-06-16,2014-06-16 07:00:00,8,0.0,-0.1277256
2014-06-16,2014-06-16 08:00:00,9,0.0,-0.2025423
2014-06-16,2014-06-16 09:00:00,10,0.0,-0.10920334
2014-06-16,2014-06-16 10:00:00,11,0.0,-0.162426
2014-06-16,2014-06-16 11:00:00,12,0.0,-0.21673489
2014-06-16,2014-06-16 12:00:00,13,0.0,-0.44793606
2014-06-16,2014-06-16 13:00:00,14,0.0,-0.2470026
2014-06-16,2014-06-16 14:00:00,15,0.0,-0.30853558
2014-06-16,2014-06-16 15:00:00,16,0.0,-0.25895882
2014-06-16,2014-06-16 16:00:00,17,0.0,-0.027374268
2014-06-16,2014-06-16 17:00:00,18,0.0,-0.07397461
2014-06-16,2014-06-16 18:00:00,19,0.0,-0.047542572
2014-06-16,2014-06-16 19:00:00,20,0.0,-0.045269012
2014-06-16,2014-06-16 20:00:00,21,0.0,-0.059700012
2014-06-16,2014-06-16 21:00:00,22,0.0,-0.0024280548
2014-06-16,2014-06-16 22:00:00,23,0.0,-0.12395668
2014-06-16,2014-06-16 23:00:00,24,0.0,-0.0890789
2014-06-17,2014-06-17 00:00:00,1,48.98759,44.115665
2014-06-17,2014-06-17 01:00:00,2,26.126715,27.15215
2014-06-17,2014-06-17 02:00:00,3,27.759634,26.647655
2014-06-17,2014-06-17 03:00:00,4,26.126715,26.553032
2014-06-17,2014-06-17 04:00:00,5,24.493795,25.866783
2014-06-17,2014-06-17 05:00:00,6,34.291313,24.91844
2014-06-17,2014-06-17 06:00:00,7,42.45591,26.989471
2014-06-17,2014-06-17 07:00:00,8,0.0,3.8507376
2014-06-17,2014-06-17 08:00:00,9,0.0,0.4786768
2014-06-17,2014-06-17 09:00:00,10,0.0,0.49795341
2014-06-17,2014-06-17 10:00:00,11,0.0,0.39556122
2014-06-17,2014-06-17 11:00:00,12,0.0,0.37617207
2014-06-17,2014-06-17 12:00:00,13,0.0,0.21116638
2014-06-17,2014-06-17 13:00:00,14,0.0,0.22464085
2014-06-17,2014-06-17 14:00:00,15,0.0,0.18961143
2014-06-17,2014-06-17 15:00:00,16,0.0,-0.078575134
2014-06-17,2014-06-17 16:00:00,17,0.0,0.16201115
2014-06-17,2014-06-17 17:00:00,18,0.0,0.100933075
2014-06-17,2014-06-17 18:00:00,19,0.0,0.13282108
2014-06-17,2014-06-17 19:00:00,20,0.0,0.109677315
2014-06-17,2014-06-17 20:00:00,21,0.0,0.13470268
2014-06-17,2014-06-17 21:00:00,22,0.0,0.06385708
2014-06-17,2014-06-17 22:00:00,23,0.0,-0.04113674
2014-06-17,2014-06-17 23:00:00,24,1.6329197,-0.06652832
2014-06-18,2014-06-18 00:00:00,1,48.98759,43.380962
2014-06-18,2014-06-18 01:00:00,2,29.392553,27.074352
2014-06-18,2014-06-18 02:00:00,3,31.025473,26.95594
2014-06-18,2014-06-18 03:00:00,4,27.759634,26.75392
2014-06-18,2014-06-18 04:00:00,5,26.126715,25.841469
2014-06-18,2014-06-18 05:00:00,6,26.126715,26.496765
2014-06-18,2014-06-18 06:00:00,7,35.924232,29.488287
2014-06-18,2014-06-18 07:00:00,8,1.6329197,0.7621584
2014-06-18,2014-06-18 08:00:00,9,0.0,0.23789597
2014-06-18,2014-06-18 09:00:00,10,0.0,0.3703375
2014-06-18,2014-06-18 10:00:00,11,0.0,0.19904709
2014-06-18,2014-06-18 11:00:00,12,0.0,0.31697273
2014-06-18,2014-06-18 12:00:00,13,0.0,0.023956299
2014-06-18,2014-06-18 13:00:00,14,0.0,0.086958885
2014-06-18,2014-06-18 14:00:00,15,0.0,0.08678055
2014-06-18,2014-06-18 15:00:00,16,0.0,-0.1716938
2014-06-18,2014-06-18 16:00:00,17,0.0,0.117155075
2014-06-18,2014-06-18 17:00:00,18,0.0,0.07659435
2014-06-18,2014-06-18 18:00:00,19,0.0,0.13545036
2014-06-18,2014-06-18 19:00:00,20,0.0,0.043852806
2014-06-18,2014-06-18 20:00:00,21,0.0,0.10951233
2014-06-18,2014-06-18 21:00:00,22,0.0,0.064305305
2014-06-18,2014-06-18 22:00:00,23,0.0,-0.07312012
2014-06-18,2014-06-18 23:00:00,24,0.0,0.015542984
2014-06-19,2014-06-19 00:00:00,1,50.62051,43.835686
2014-06-19,2014-06-19 01:00:00,2,29.392553,28.58574
2014-06-19,2014-06-19 02:00:00,3,29.392553,27.981308
2014-06-19,2014-06-19 03:00:00,4,27.759634,27.437374
2014-06-19,2014-06-19 04:00:00,5,27.759634,26.061817
2014-06-19,2014-06-19 05:00:00,6,26.126715,27.865515
2014-06-19,2014-06-19 06:00:00,7,35.924232,32.733574
2014-06-19,2014-06-19 07:00:00,8,0.0,2.864398
2014-06-19,2014-06-19 08:00:00,9,0.0,0.3383255
2014-06-19,2014-06-19 09:00:00,10,0.0,0.44684792
2014-06-19,2014-06-19 10:00:00,11,0.0,0.32112408
2014-06-19,2014-06-19 11:00:00,12,0.0,0.41888332
2014-06-19,2014-06-19 12:00:00,13,0.0,0.03365898
2014-06-19,2014-06-19 13:00:00,14,0.0,0.11856365
2014-06-19,2014-06-19 14:00:00,15,0.0,0.06300926
2014-06-19,2014-06-19 15:00:00,16,0.0,-0.21539783
2014-06-19,2014-06-19 16:00:00,17,0.0,0.08778763
2014-06-19,2014-06-19 17:00:00,18,0.0,0.019052505
2014-06-19,2014-06-19 18:00:00,19,0.0,0.10059261
2014-06-19,2014-06-19 19:00:00,20,0.0,0.051898956
2014-06-19,2014-06-19 20:00:00,21,0.0,0.08676624
2014-06-19,2014-06-19 21:00:00,22,0.0,0.039595604
2014-06-19,2014-06-19 22:00:00,23,0.0,-0.07881355
2014-06-19,2014-06-19 23:00:00,24,1.6329197,-0.07799435
2014-06-20,2014-06-20 00:00:00,1,52.25343,44.171883
2014-06-20,2014-06-20 01:00:00,2,31.025473,29.53452
2014-06-20,2014-06-20 02:00:00,3,31.025473,28.539097
2014-06-20,2014-06-20 03:00:00,4,27.759634,27.421513
2014-06-20,2014-06-20 04:00:00,5,29.392553,26.463411
2014-06-20,2014-06-20 05:00:00,6,26.126715,26.596443
2014-06-20,2014-06-20 06:00:00,7,37.55715,29.356213
2014-06-20,2014-06-20 07:00:00,8,1.6329197,3.741003
2014-06-20,2014-06-20 08:00:00,9,0.0,0.41182613
2014-06-20,2014-06-20 09:00:00,10,0.0,0.5464468
2014-06-20,2014-06-20 10:00:00,11,0.0,0.45108604
2014-06-20,2014-06-20 11:00:00,12,0.0,0.47362328
2014-06-20,2014-06-20 12:00:00,13,0.0,0.19041729
2014-06-20,2014-06-20 13:00:00,14,0.0,0.21043873
2014-06-20,2014-06-20 14:00:00,15,0.0,0.25262833
2014-06-20,2014-06-20 15:00:00,16,0.0,-0.010674477
2014-06-20,2014-06-20 16:00:00,17,0.0,0.37224388
2014-06-20,2014-06-20 17:00:00,18,0.0,0.25635242
2014-06-20,2014-06-20 18:00:00,19,0.0,0.24490929
2014-06-20,2014-06-20 19:00:00,20,0.0,0.17021847
2014-06-20,2014-06-20 20:00:00,21,0.0,0.29157543
2014-06-20,2014-06-20 21:00:00,22,0.0,0.3041296
2014-06-20,2014-06-20 22:00:00,23,0.0,0.26304245
2014-06-20,2014-06-20 23:00:00,24,0.0,0.53721523
2014-06-21,2014-06-21 00:00:00,1,50.62051,37.433586
2014-06-21,2014-06-21 01:00:00,2,29.392553,26.928802
2014-06-21,2014-06-21 02:00:00,3,29.392553,26.018507
2014-06-21,2014-06-21 03:00:00,4,27.759634,25.120346
2014-06-21,2014-06-21 04:00:00,5,29.392553,24.373314
2014-06-21,2014-06-21 05:00:00,6,22.860876,24.26441
2014-06-21,2014-06-21 06:00:00,7,24.493795,25.039331
2014-06-21,2014-06-21 07:00:00,8,24.493795,23.90923
2014-06-21,2014-06-21 08:00:00,9,24.493795,23.066994
2014-06-21,2014-06-21 09:00:00,10,24.493795,22.274588
2014-06-21,2014-06-21 10:00:00,11,22.860876,22.468086
2014-06-21,2014-06-21 11:00:00,12,24.493795,22.197433
2014-06-21,2014-06-21 12:00:00,13,26.126715,22.483612
2014-06-21,2014-06-21 13:00:00,14,26.126715,22.114143
2014-06-21,2014-06-21 14:00:00,15,26.126715,21.652966
2014-06-21,2014-06-21 15:00:00,16,24.493795,21.641447
2014-06-21,2014-06-21 16:00:00,17,26.126715,22.057571
2014-06-21,2014-06-21 17:00:00,18,26.126715,22.294481
2014-06-21,2014-06-21 18:00:00,19,26.126715,22.523037
2014-06-21,2014-06-21 19:00:00,20,27.759634,22.606434
2014-06-21,2014-06-21 20:00:00,21,26.126715,22.383108
2014-06-21,2014-06-21 21:00:00,22,26.126715,22.34583
2014-06-21,2014-06-21 22:00:00,23,26.126715,22.453285
2014-06-21,2014-06-21 23:00:00,24,26.126715,22.605268
2014-06-22,2014-06-22 00:00:00,1,26.126715,26.737669
2014-06-22,2014-06-22 01:00:00,2,27.759634,26.67072
2014-06-22,2014-06-22 02:00:00,3,26.126715,26.72139
2014-06-22,2014-06-22 03:00:00,4,26.126715,26.7655
2014-06-22,2014-06-22 04:00:00,5,26.126715,26.827291
2014-06-22,2014-06-22 05:00:00,6,26.126715,26.859848
2014-06-22,2014-06-22 06:00:00,7,26.126715,26.941551
2014-06-22,2014-06-22 07:00:00,8,26.126715,26.957287
2014-06-22,2014-06-22 08:00:00,9,24.493795,26.96725
2014-06-22,2014-06-22 09:00:00,10,26.126715,26.90292
2014-06-22,2014-06-22 10:00:00,11,24.493795,26.788877
2014-06-22,2014-06-22 11:00:00,12,26.126715,26.862072
2014-06-22,2014-06-22 12:00:00,13,26.126715,26.8308
2014-06-22,2014-06-22 13:00:00,14,26.126715,27.024794
2014-06-22,2014-06-22 14:00:00,15,24.493795,27.174885
2014-06-22,2014-06-22 15:00:00,16,26.126715,27.210072
2014-06-22,2014-06-22 16:00:00,17,26.126715,25.936146
2014-06-22,2014-06-22 17:00:00,18,24.493795,26.401144
2014-06-22,2014-06-22 18:00:00,19,26.126715,26.203396
2014-06-22,2014-06-22 19:00:00,20,26.126715,26.345139
2014-06-22,2014-06-22 20:00:00,21,26.126715,26.44073
2014-06-22,2014-06-22 21:00:00,22,26.126715,26.48367
2014-06-22,2014-06-22 22:00:00,23,26.126715,26.252901
2014-06-22,2014-06-22 23:00:00,24,26.126715,25.974968
2014-06-23,2014-06-23 00:00:00,1,26.126715,29.358055
2014-06-23,2014-06-23 01:00:00,2,26.126715,29.862309
2014-06-23,2014-06-23 02:00:00,3,26.126715,31.958384
2014-06-23,2014-06-23 03:00:00,4,26.126715,33.983944
2014-06-23,2014-06-23 04:00:00,5,39.19007,39.15895
2014-06-23,2014-06-23 05:00:00,6,52.25343,24.750927
2014-06-23,2014-06-23 06:00:00,7,0.0,0.7612648
2014-06-23,2014-06-23 07:00:00,8,0.0,-0.14980221
2014-06-23,2014-06-23 08:00:00,9,0.0,-0.28797436
2014-06-23,2014-06-23 09:00:00,10,0.0,-0.046896935
2014-06-23,2014-06-23 10:00:00,11,0.0,-0.22500324
2014-06-23,2014-06-23 11:00:00,12,22.860876,-0.21566391
2014-06-23,2014-06-23 12:00:00,13,0.0,-0.28112125
2014-06-23,2014-06-23 13:00:00,14,0.0,-0.28773117
2014-06-23,2014-06-23 14:00:00,15,0.0,-0.38123035
2014-06-23,2014-06-23 15:00:00,16,52.25343,-0.21532631
2014-06-23,2014-06-23 16:00:00,17,9.797518,-0.054403305
2014-06-23,2014-06-23 17:00:00,18,0.0,-0.0791378
2014-06-23,2014-06-23 18:00:00,19,0.0,0.04748249
2014-06-23,2014-06-23 19:00:00,20,0.0,-0.00020503998
2014-06-23,2014-06-23 20:00:00,21,0.0,-0.022943497
2014-06-23,2014-06-23 21:00:00,22,0.0,0.012225151
2014-06-23,2014-06-23 22:00:00,23,0.0,-0.087387085
2014-06-23,2014-06-23 23:00:00,24,0.0,-0.0018281937
2014-06-24,2014-06-24 00:00:00,1,45.721752,45.895267
2014-06-24,2014-06-24 01:00:00,2,24.493795,31.076761
2014-06-24,2014-06-24 02:00:00,3,22.860876,29.772022
2014-06-24,2014-06-24 03:00:00,4,24.493795,28.397644
2014-06-24,2014-06-24 04:00:00,5,24.493795,28.249598
2014-06-24,2014-06-24 05:00:00,6,26.126715,28.484228
2014-06-24,2014-06-24 06:00:00,7,34.291313,30.380686
2014-06-24,2014-06-24 07:00:00,8,0.0,0.8573513
2014-06-24,2014-06-24 08:00:00,9,0.0,0.45169353
2014-06-24,2014-06-24 09:00:00,10,0.0,0.5801296
2014-06-24,2014-06-24 10:00:00,11,0.0,0.4320097
2014-06-24,2014-06-24 11:00:00,12,0.0,0.46407795
2014-06-24,2014-06-24 12:00:00,13,0.0,0.21553612
2014-06-24,2014-06-24 13:00:00,14,14.696277,0.1815691
2014-06-24,2014-06-24 14:00:00,15,57.152187,0.030348778
2014-06-24,2014-06-24 15:00:00,16,42.45591,0.6429491
2014-06-24,2014-06-24 16:00:00,17,0.0,-0.015610695
2014-06-24,2014-06-24 17:00:00,18,0.0,-0.013305664
2014-06-24,2014-06-24 18:00:00,19,0.0,0.07008076
2014-06-24,2014-06-24 19:00:00,20,0.0,0.06583214
2014-06-24,2014-06-24 20:00:00,21,0.0,0.031921387
2014-06-24,2014-06-24 21:00:00,22,0.0,0.000538826
2014-06-24,2014-06-24 22:00:00,23,0.0,-0.12983036
2014-06-24,2014-06-24 23:00:00,24,1.6329197,-0.32172585
2014-06-25,2014-06-25 00:00:00,1,42.45591,42.775215
2014-06-25,2014-06-25 01:00:00,2,24.493795,27.66586
2014-06-25,2014-06-25 02:00:00,3,22.860876,25.951477
2014-06-25,2014-06-25 03:00:00,4,26.126715,25.924469
2014-06-25,2014-06-25 04:00:00,5,22.860876,25.736275
2014-06-25,2014-06-25 05:00:00,6,24.493795,27.370247
2014-06-25,2014-06-25 06:00:00,7,32.658394,31.076292
2014-06-25,2014-06-25 07:00:00,8,0.0,0.41027832
2014-06-25,2014-06-25 08:00:00,9,0.0,0.22832108
2014-06-25,2014-06-25 09:00:00,10,0.0,0.39791775
2014-06-25,2014-06-25 10:00:00,11,0.0,0.29704
2014-06-25,2014-06-25 11:00:00,12,0.0,0.35761452
2014-06-25,2014-06-25 12:00:00,13,44.08883,0.056069374
2014-06-25,2014-06-25 13:00:00,14,0.0,-0.07327652
2014-06-25,2014-06-25 14:00:00,15,0.0,0.54401207
2014-06-25,2014-06-25 15:00:00,16,0.0,0.5090418
2014-06-25,2014-06-25 16:00:00,17,0.0,-0.033825874
2014-06-25,2014-06-25 17:00:00,18,0.0,-0.0565691
2014-06-25,2014-06-25 18:00:00,19,0.0,0.06770229
2014-06-25,2014-06-25 19:00:00,20,0.0,0.03113842
2014-06-25,2014-06-25 20:00:00,21,0.0,0.073970795
2014-06-25,2014-06-25 21:00:00,22,0.0,-0.021883965
2014-06-25,2014-06-25 22:00:00,23,0.0,-0.1079998
2014-06-25,2014-06-25 23:00:00,24,0.0,-0.107934
2014-06-26,2014-06-26 00:00:00,1,44.08883,41.895203
2014-06-26,2014-06-26 01:00:00,2,22.860876,27.740196
2014-06-26,2014-06-26 02:00:00,3,22.860876,25.449926
2014-06-26,2014-06-26 03:00:00,4,24.493795,26.087183
2014-06-26,2014-06-26 04:00:00,5,22.860876,24.622953
2014-06-26,2014-06-26 05:00:00,6,24.493795,25.289074
2014-06-26,2014-06-26 06:00:00,7,32.658394,29.198347
2014-06-26,2014-06-26 07:00:00,8,0.0,1.3984709
2014-06-26,2014-06-26 08:00:00,9,0.0,0.39322567
2014-06-26,2014-06-26 09:00:00,10,0.0,0.4298029
2014-06-26,2014-06-26 10:00:00,11,0.0,0.27863598
2014-06-26,2014-06-26 11:00:00,12,0.0,0.05508423
2014-06-26,2014-06-26 12:00:00,13,0.0,7.778147
2014-06-26,2014-06-26 13:00:00,14,0.0,-0.7950859
2014-06-26,2014-06-26 14:00:00,15,0.0,-0.08772087
2014-06-26,2014-06-26 15:00:00,16,0.0,0.23497486
2014-06-26,2014-06-26 16:00:00,17,0.0,0.14125061
2014-06-26,2014-06-26 17:00:00,18,0.0,0.05996704
2014-06-26,2014-06-26 18:00:00,19,0.0,0.15835571
2014-06-26,2014-06-26 19:00:00,20,0.0,0.10387516
2014-06-26,2014-06-26 20:00:00,21,0.0,0.09040165
2014-06-26,2014-06-26 21:00:00,22,0.0,0.096689224
2014-06-26,2014-06-26 22:00:00,23,0.0,-0.056772232
2014-06-26,2014-06-26 23:00:00,24,1.6329197,-0.19732666
2014-06-27,2014-06-27 00:00:00,1,47.35467,43.02507
2014-06-27,2014-06-27 01:00:00,2,24.493795,27.203651
2014-06-27,2014-06-27 02:00:00,3,24.493795,25.343296
2014-06-27,2014-06-27 03:00:00,4,24.493795,25.503387
2014-06-27,2014-06-27 04:00:00,5,22.860876,24.637016
2014-06-27,2014-06-27 05:00:00,6,22.860876,26.243364
2014-06-27,2014-06-27 06:00:00,7,24.493795,31.258436
2014-06-27,2014-06-27 07:00:00,8,11.430438,0.45185566
2014-06-27,2014-06-27 08:00:00,9,0.0,0.19979477
2014-06-27,2014-06-27 09:00:00,10,0.0,0.38131523
2014-06-27,2014-06-27 10:00:00,11,0.0,0.27092743
2014-06-27,2014-06-27 11:00:00,12,0.0,0.43410778
2014-06-27,2014-06-27 12:00:00,13,0.0,0.31592178
2014-06-27,2014-06-27 13:00:00,14,0.0,0.14623737
2014-06-27,2014-06-27 14:00:00,15,0.0,0.10845566
2014-06-27,2014-06-27 15:00:00,16,0.0,-0.0772419
2014-06-27,2014-06-27 16:00:00,17,0.0,0.26190853
2014-06-27,2014-06-27 17:00:00,18,0.0,0.23757076
2014-06-27,2014-06-27 18:00:00,19,0.0,0.13701057
2014-06-27,2014-06-27 19:00:00,20,0.0,0.09830284
2014-06-27,2014-06-27 20:00:00,21,0.0,0.23613739
2014-06-27,2014-06-27 21:00:00,22,0.0,0.20051384
2014-06-27,2014-06-27 22:00:00,23,0.0,0.17350101
2014-06-27,2014-06-27 23:00:00,24,1.6329197,0.2979231
2014-06-28,2014-06-28 00:00:00,1,47.35467,34.858837
2014-06-28,2014-06-28 01:00:00,2,26.126715,26.965775
2014-06-28,2014-06-28 02:00:00,3,22.860876,25.53049
2014-06-28,2014-06-28 03:00:00,4,21.227955,24.983204
2014-06-28,2014-06-28 04:00:00,5,24.493795,24.202276
2014-06-28,2014-06-28 05:00:00,6,22.860876,23.426147
2014-06-28,2014-06-28 06:00:00,7,22.860876,23.486881
2014-06-28,2014-06-28 07:00:00,8,22.860876,23.57011
2014-06-28,2014-06-28 08:00:00,9,24.493795,22.404793
2014-06-28,2014-06-28 09:00:00,10,26.126715,21.899988
2014-06-28,2014-06-28 10:00:00,11,22.860876,21.920357
2014-06-28,2014-06-28 11:00:00,12,22.860876,22.211365
2014-06-28,2014-06-28 12:00:00,13,34.291313,22.631498
2014-06-28,2014-06-28 13:00:00,14,32.658394,22.721294
2014-06-28,2014-06-28 14:00:00,15,22.860876,22.445276
2014-06-28,2014-06-28 15:00:00,16,21.227955,22.5496
2014-06-28,2014-06-28 16:00:00,17,21.227955,23.465368
2014-06-28,2014-06-28 17:00:00,18,21.227955,23.632938
2014-06-28,2014-06-28 18:00:00,19,21.227955,23.78748
2014-06-28,2014-06-28 19:00:00,20,21.227955,23.789755
2014-06-28,2014-06-28 20:00:00,21,22.860876,23.859657
2014-06-28,2014-06-28 21:00:00,22,21.227955,23.79018
2014-06-28,2014-06-28 22:00:00,23,21.227955,23.79077
2014-06-28,2014-06-28 23:00:00,24,21.227955,23.842041
2014-06-29,2014-06-29 00:00:00,1,24.493795,22.071644
2014-06-29,2014-06-29 01:00:00,2,22.860876,21.993053
2014-06-29,2014-06-29 02:00:00,3,21.227955,21.840492
2014-06-29,2014-06-29 03:00:00,4,22.860876,21.730438
2014-06-29,2014-06-29 04:00:00,5,21.227955,21.750027
2014-06-29,2014-06-29 05:00:00,6,21.227955,21.73688
2014-06-29,2014-06-29 06:00:00,7,22.860876,21.677792
2014-06-29,2014-06-29 07:00:00,8,22.860876,21.520187
2014-06-29,2014-06-29 08:00:00,9,21.227955,21.460068
2014-06-29,2014-06-29 09:00:00,10,21.227955,21.379633
2014-06-29,2014-06-29 10:00:00,11,21.227955,21.219582
2014-06-29,2014-06-29 11:00:00,12,21.227955,21.25127
2014-06-29,2014-06-29 12:00:00,13,21.227955,21.395044
2014-06-29,2014-06-29 13:00:00,14,21.227955,21.446537
2014-06-29,2014-06-29 14:00:00,15,21.227955,21.424732
2014-06-29,2014-06-29 15:00:00,16,21.227955,21.501602
2014-06-29,2014-06-29 16:00:00,17,22.860876,21.035007
2014-06-29,2014-06-29 17:00:00,18,21.227955,21.105736
2014-06-29,2014-06-29 18:00:00,19,21.227955,21.239147
2014-06-29,2014-06-29 19:00:00,20,21.227955,21.184937
2014-06-29,2014-06-29 20:00:00,21,21.227955,21.042036
2014-06-29,2014-06-29 21:00:00,22,21.227955,21.499287
2014-06-29,2014-06-29 22:00:00,23,21.227955,20.964771
2014-06-29,2014-06-29 23:00:00,24,21.227955,20.57898
2014-06-30,2014-06-30 00:00:00,1,22.860876,25.417072
2014-06-30,2014-06-30 01:00:00,2,22.860876,25.08371
2014-06-30,2014-06-30 02:00:00,3,22.860876,25.93555
2014-06-30,2014-06-30 03:00:00,4,21.227955,26.958254
2014-06-30,2014-06-30 04:00:00,5,62.050945,29.77576
2014-06-30,2014-06-30 05:00:00,6,14.696277,27.599281
2014-06-30,2014-06-30 06:00:00,7,0.0,-0.22387695
2014-06-30,2014-06-30 07:00:00,8,0.0,-0.18201065
2014-06-30,2014-06-30 08:00:00,9,0.0,-0.09809303
2014-06-30,2014-06-30 09:00:00,10,0.0,0.06540775
2014-06-30,2014-06-30 10:00:00,11,0.0,0.07003689
2014-06-30,2014-06-30 11:00:00,12,0.0,-0.097065926
2014-06-30,2014-06-30 12:00:00,13,0.0,-0.124938965
2014-06-30,2014-06-30 13:00:00,14,0.0,-0.10478401
2014-06-30,2014-06-30 14:00:00,15,0.0,-0.17437077
2014-06-30,2014-06-30 15:00:00,16,0.0,-0.13629532
2014-06-30,2014-06-30 16:00:00,17,0.0,-0.004576683
2014-06-30,2014-06-30 17:00:00,18,0.0,-0.078725815
2014-06-30,2014-06-30 18:00:00,19,0.0,0.04917717
2014-06-30,2014-06-30 19:00:00,20,0.0,-0.006939888
2014-06-30,2014-06-30 20:00:00,21,0.0,0.04685211
2014-06-30,2014-06-30 21:00:00,22,0.0,0.028412819
2014-06-30,2014-06-30 22:00:00,23,0.0,-0.005074501
2014-06-30,2014-06-30 23:00:00,24,1.6329197,0.14422226
2014-07-01,2014-07-01 00:00:00,1,47.35467,37.341656
2014-07-01,2014-07-01 01:00:00,2,26.126715,21.475204
2014-07-01,2014-07-01 02:00:00,3,22.860876,20.579666
2014-07-01,2014-07-01 03:00:00,4,24.493795,21.006096
2014-07-01,2014-07-01 04:00:00,5,22.860876,20.512062
2014-07-01,2014-07-01 05:00:00,6,24.493795,20.478691
2014-07-01,2014-07-01 06:00:00,7,35.924232,21.55821
2014-07-01,2014-07-01 07:00:00,8,1.6329197,1.1994486
2014-07-01,2014-07-01 08:00:00,9,0.0,0.354393
2014-07-01,2014-07-01 09:00:00,10,0.0,0.45093822
2014-07-01,2014-07-01 10:00:00,11,0.0,0.35532093
2014-07-01,2014-07-01 11:00:00,12,0.0,0.38587856
2014-07-01,2014-07-01 12:00:00,13,0.0,0.28696537
2014-07-01,2014-07-01 13:00:00,14,0.0,0.25889206
2014-07-01,2014-07-01 14:00:00,15,0.0,0.21972561
2014-07-01,2014-07-01 15:00:00,16,0.0,0.114230156
2014-07-01,2014-07-01 16:00:00,17,0.0,0.08029175
2014-07-01,2014-07-01 17:00:00,18,0.0,-0.027917862
2014-07-01,2014-07-01 18:00:00,19,0.0,0.097167015
2014-07-01,2014-07-01 19:00:00,20,0.0,0.040166855
2014-07-01,2014-07-01 20:00:00,21,0.0,0.06935692
2014-07-01,2014-07-01 21:00:00,22,0.0,0.007425308
2014-07-01,2014-07-01 22:00:00,23,0.0,0.070923805
2014-07-01,2014-07-01 23:00:00,24,1.6329197,0.62383366
2014-07-02,2014-07-02 00:00:00,1,47.35467,44.898956
2014-07-02,2014-07-02 01:00:00,2,24.493795,26.747599
2014-07-02,2014-07-02 02:00:00,3,24.493795,24.858479
2014-07-02,2014-07-02 03:00:00,4,24.493795,24.943455
2014-07-02,2014-07-02 04:00:00,5,24.493795,23.704361
2014-07-02,2014-07-02 05:00:00,6,24.493795,24.3476
2014-07-02,2014-07-02 06:00:00,7,34.291313,30.870127
2014-07-02,2014-07-02 07:00:00,8,0.0,0.90334415
2014-07-02,2014-07-02 08:00:00,9,0.0,0.3363304
2014-07-02,2014-07-02 09:00:00,10,0.0,0.566699
2014-07-02,2014-07-02 10:00:00,11,22.860876,0.4267254
2014-07-02,2014-07-02 11:00:00,12,0.0,0.52965546
2014-07-02,2014-07-02 12:00:00,13,0.0,0.40303707
2014-07-02,2014-07-02 13:00:00,14,0.0,0.41065884
2014-07-02,2014-07-02 14:00:00,15,0.0,0.28447533
2014-07-02,2014-07-02 15:00:00,16,0.0,0.17607307
2014-07-02,2014-07-02 16:00:00,17,0.0,0.26567173
2014-07-02,2014-07-02 17:00:00,18,0.0,0.20508671
2014-07-02,2014-07-02 18:00:00,19,0.0,0.24336052
2014-07-02,2014-07-02 19:00:00,20,0.0,0.2656603
2014-07-02,2014-07-02 20:00:00,21,0.0,0.2762289
2014-07-02,2014-07-02 21:00:00,22,0.0,0.24681854
2014-07-02,2014-07-02 22:00:00,23,0.0,0.18834019
2014-07-02,2014-07-02 23:00:00,24,1.6329197,0.48484707
2014-07-03,2014-07-03 00:00:00,1,45.721752,44.512787
2014-07-03,2014-07-03 01:00:00,2,24.493795,25.956038
2014-07-03,2014-07-03 02:00:00,3,22.860876,24.118784
2014-07-03,2014-07-03 03:00:00,4,24.493795,24.468166
2014-07-03,2014-07-03 04:00:00,5,22.860876,23.344063
2014-07-03,2014-07-03 05:00:00,6,22.860876,23.914534
2014-07-03,2014-07-03 06:00:00,7,35.924232,30.004547
2014-07-03,2014-07-03 07:00:00,8,1.6329197,1.5147152
2014-07-03,2014-07-03 08:00:00,9,0.0,0.19261074
2014-07-03,2014-07-03 09:00:00,10,0.0,0.44066238
2014-07-03,2014-07-03 10:00:00,11,0.0,0.4697113
2014-07-03,2014-07-03 11:00:00,12,0.0,0.4311676
2014-07-03,2014-07-03 12:00:00,13,0.0,0.28406334
2014-07-03,2014-07-03 13:00:00,14,0.0,0.32174587
2014-07-03,2014-07-03 14:00:00,15,0.0,0.18587017
2014-07-03,2014-07-03 15:00:00,16,0.0,0.04431629
2014-07-03,2014-07-03 16:00:00,17,0.0,0.15599155
2014-07-03,2014-07-03 17:00:00,18,0.0,0.105882645
2014-07-03,2014-07-03 18:00:00,19,0.0,0.111166954
2014-07-03,2014-07-03 19:00:00,20,0.0,0.17224026
2014-07-03,2014-07-03 20:00:00,21,0.0,0.16014004
2014-07-03,2014-07-03 21:00:00,22,0.0,0.13910961
2014-07-03,2014-07-03 22:00:00,23,0.0,0.14968967
2014-07-03,2014-07-03 23:00:00,24,1.6329197,0.51463413
2014-07-04,2014-07-04 00:00:00,1,52.25343,42.254013
2014-07-04,2014-07-04 01:00:00,2,32.658394,26.187943
2014-07-04,2014-07-04 02:00:00,3,32.658394,23.828724
2014-07-04,2014-07-04 03:00:00,4,31.025473,24.19057
2014-07-04,2014-07-04 04:00:00,5,29.392553,23.263435
2014-07-04,2014-07-04 05:00:00,6,29.392553,23.753338
2014-07-04,2014-07-04 06:00:00,7,37.55715,29.922218
2014-07-04,2014-07-04 07:00:00,8,0.0,2.3736343
2014-07-04,2014-07-04 08:00:00,9,0.0,0.19287682
2014-07-04,2014-07-04 09:00:00,10,0.0,0.39010525
2014-07-04,2014-07-04 10:00:00,11,0.0,0.3677044
2014-07-04,2014-07-04 11:00:00,12,0.0,0.3137617
2014-07-04,2014-07-04 12:00:00,13,0.0,0.14309788
2014-07-04,2014-07-04 13:00:00,14,0.0,0.21850109
2014-07-04,2014-07-04 14:00:00,15,0.0,0.034082413
2014-07-04,2014-07-04 15:00:00,16,0.0,-0.10457802
2014-07-04,2014-07-04 16:00:00,17,0.0,0.25858307
2014-07-04,2014-07-04 17:00:00,18,0.0,0.24371147
2014-07-04,2014-07-04 18:00:00,19,0.0,0.16207409
2014-07-04,2014-07-04 19:00:00,20,0.0,0.113292694
2014-07-04,2014-07-04 20:00:00,21,0.0,0.28092003
2014-07-04,2014-07-04 21:00:00,22,0.0,0.22498512
2014-07-04,2014-07-04 22:00:00,23,0.0,0.18771648
2014-07-04,2014-07-04 23:00:00,24,1.6329197,0.37747383
2014-07-05,2014-07-05 00:00:00,1,53.88635,40.773293
2014-07-05,2014-07-05 01:00:00,2,29.392553,29.661694
2014-07-05,2014-07-05 02:00:00,3,26.126715,26.722538
2014-07-05,2014-07-05 03:00:00,4,24.493795,26.65211
2014-07-05,2014-07-05 04:00:00,5,21.227955,26.684189
2014-07-05,2014-07-05 05:00:00,6,22.860876,25.600727
2014-07-05,2014-07-05 06:00:00,7,22.860876,25.9915
2014-07-05,2014-07-05 07:00:00,8,22.860876,25.70028
2014-07-05,2014-07-05 08:00:00,9,24.493795,25.125788
2014-07-05,2014-07-05 09:00:00,10,22.860876,24.973728
2014-07-05,2014-07-05 10:00:00,11,24.493795,24.877665
2014-07-05,2014-07-05 11:00:00,12,24.493795,25.559227
2014-07-05,2014-07-05 12:00:00,13,22.860876,27.61774
2014-07-05,2014-07-05 13:00:00,14,21.227955,27.010742
2014-07-05,2014-07-05 14:00:00,15,26.126715,25.123684
2014-07-05,2014-07-05 15:00:00,16,21.227955,24.496006
2014-07-05,2014-07-05 16:00:00,17,22.860876,25.084064
2014-07-05,2014-07-05 17:00:00,18,24.493795,25.168983
2014-07-05,2014-07-05 18:00:00,19,21.227955,25.33823
2014-07-05,2014-07-05 19:00:00,20,22.860876,25.364597
2014-07-05,2014-07-05 20:00:00,21,22.860876,25.505272
2014-07-05,2014-07-05 21:00:00,22,26.126715,25.342094
2014-07-05,2014-07-05 22:00:00,23,24.493795,25.478867
2014-07-05,2014-07-05 23:00:00,24,22.860876,25.802616
2014-07-06,2014-07-06 00:00:00,1,21.227955,23.996052
2014-07-06,2014-07-06 01:00:00,2,21.227955,23.828516
2014-07-06,2014-07-06 02:00:00,3,21.227955,23.791342
2014-07-06,2014-07-06 03:00:00,4,21.227955,23.781536
2014-07-06,2014-07-06 04:00:00,5,21.227955,23.780792
2014-07-06,2014-07-06 05:00:00,6,19.595036,23.764576
2014-07-06,2014-07-06 06:00:00,7,21.227955,23.763958
2014-07-06,2014-07-06 07:00:00,8,22.860876,23.7663
2014-07-06,2014-07-06 08:00:00,9,19.595036,23.661556
2014-07-06,2014-07-06 09:00:00,10,21.227955,23.655123
2014-07-06,2014-07-06 10:00:00,11,21.227955,23.56544
2014-07-06,2014-07-06 11:00:00,12,21.227955,23.596462
2014-07-06,2014-07-06 12:00:00,13,19.595036,23.626041
2014-07-06,2014-07-06 13:00:00,14,21.227955,23.644825
2014-07-06,2014-07-06 14:00:00,15,21.227955,23.61398
2014-07-06,2014-07-06 15:00:00,16,21.227955,23.735643
2014-07-06,2014-07-06 16:00:00,17,19.595036,23.75952
2014-07-06,2014-07-06 17:00:00,18,21.227955,23.239975
2014-07-06,2014-07-06 18:00:00,19,22.860876,23.135212
2014-07-06,2014-07-06 19:00:00,20,19.595036,23.517025
2014-07-06,2014-07-06 20:00:00,21,21.227955,23.288963
2014-07-06,2014-07-06 21:00:00,22,21.227955,23.579609
2014-07-06,2014-07-06 22:00:00,23,21.227955,23.306751
2014-07-06,2014-07-06 23:00:00,24,21.227955,23.254671
2014-07-07,2014-07-07 00:00:00,1,19.595036,26.360886
2014-07-07,2014-07-07 01:00:00,2,22.860876,25.1636
2014-07-07,2014-07-07 02:00:00,3,22.860876,25.412798
2014-07-07,2014-07-07 03:00:00,4,24.493795,26.607868
2014-07-07,2014-07-07 04:00:00,5,55.519268,35.48844
2014-07-07,2014-07-07 05:00:00,6,31.025473,21.73799
2014-07-07,2014-07-07 06:00:00,7,0.0,1.191206
2014-07-07,2014-07-07 07:00:00,8,0.0,0.0337286
2014-07-07,2014-07-07 08:00:00,9,0.0,0.11433029
2014-07-07,2014-07-07 09:00:00,10,0.0,0.23280144
2014-07-07,2014-07-07 10:00:00,11,0.0,0.101127625
2014-07-07,2014-07-07 11:00:00,12,0.0,0.23104763
2014-07-07,2014-07-07 12:00:00,13,0.0,0.107162476
2014-07-07,2014-07-07 13:00:00,14,0.0,0.14396381
2014-07-07,2014-07-07 14:00:00,15,0.0,0.07552147
2014-07-07,2014-07-07 15:00:00,16,0.0,0.1284895
2014-07-07,2014-07-07 16:00:00,17,0.0,0.14694118
2014-07-07,2014-07-07 17:00:00,18,0.0,0.13983345
2014-07-07,2014-07-07 18:00:00,19,0.0,0.20517826
2014-07-07,2014-07-07 19:00:00,20,0.0,0.19671726
2014-07-07,2014-07-07 20:00:00,21,0.0,0.19492626
2014-07-07,2014-07-07 21:00:00,22,0.0,0.15715599
2014-07-07,2014-07-07 22:00:00,23,0.0,0.19473267
2014-07-07,2014-07-07 23:00:00,24,0.0,0.3693571
2014-07-08,2014-07-08 00:00:00,1,60.418026,43.463207
2014-07-08,2014-07-08 01:00:00,2,27.759634,25.075178
2014-07-08,2014-07-08 02:00:00,3,24.493795,23.253586
2014-07-08,2014-07-08 03:00:00,4,26.126715,24.320242
2014-07-08,2014-07-08 04:00:00,5,26.126715,23.631985
2014-07-08,2014-07-08 05:00:00,6,26.126715,24.720367
2014-07-08,2014-07-08 06:00:00,7,40.82299,29.78991
2014-07-08,2014-07-08 07:00:00,8,0.0,0.3901949
2014-07-08,2014-07-08 08:00:00,9,0.0,0.31506443
2014-07-08,2014-07-08 09:00:00,10,0.0,0.52307034
2014-07-08,2014-07-08 10:00:00,11,0.0,0.37687302
2014-07-08,2014-07-08 11:00:00,12,0.0,0.44523048
2014-07-08,2014-07-08 12:00:00,13,0.0,0.30370235
2014-07-08,2014-07-08 13:00:00,14,0.0,0.3064165
2014-07-08,2014-07-08 14:00:00,15,0.0,0.2115345
2014-07-08,2014-07-08 15:00:00,16,0.0,0.12712479
2014-07-08,2014-07-08 16:00:00,17,0.0,0.16380215
2014-07-08,2014-07-08 17:00:00,18,0.0,0.107237816
2014-07-08,2014-07-08 18:00:00,19,0.0,0.17023754
2014-07-08,2014-07-08 19:00:00,20,0.0,0.12335396
2014-07-08,2014-07-08 20:00:00,21,0.0,0.15349293
2014-07-08,2014-07-08 21:00:00,22,0.0,0.09368706
2014-07-08,2014-07-08 22:00:00,23,0.0,0.028934479
2014-07-08,2014-07-08 23:00:00,24,0.0,0.08445358
2014-07-09,2014-07-09 00:00:00,1,47.35467,47.752033
2014-07-09,2014-07-09 01:00:00,2,29.392553,26.78661
2014-07-09,2014-07-09 02:00:00,3,24.493795,24.507572
2014-07-09,2014-07-09 03:00:00,4,24.493795,25.671432
2014-07-09,2014-07-09 04:00:00,5,22.860876,24.2879
2014-07-09,2014-07-09 05:00:00,6,24.493795,25.617533
2014-07-09,2014-07-09 06:00:00,7,39.19007,32.789497
2014-07-09,2014-07-09 07:00:00,8,0.0,0.54831314
2014-07-09,2014-07-09 08:00:00,9,0.0,0.1816225
2014-07-09,2014-07-09 09:00:00,10,0.0,0.40612602
2014-07-09,2014-07-09 10:00:00,11,0.0,0.31917095
2014-07-09,2014-07-09 11:00:00,12,0.0,0.3691616
2014-07-09,2014-07-09 12:00:00,13,0.0,0.25975895
2014-07-09,2014-07-09 13:00:00,14,0.0,0.2742796
2014-07-09,2014-07-09 14:00:00,15,0.0,0.18664265
2014-07-09,2014-07-09 15:00:00,16,0.0,0.114234924
2014-07-09,2014-07-09 16:00:00,17,0.0,0.21561813
2014-07-09,2014-07-09 17:00:00,18,0.0,0.18972874
2014-07-09,2014-07-09 18:00:00,19,0.0,0.21933937
2014-07-09,2014-07-09 19:00:00,20,0.0,0.23011303
2014-07-09,2014-07-09 20:00:00,21,0.0,0.23090553
2014-07-09,2014-07-09 21:00:00,22,0.0,0.22027683
2014-07-09,2014-07-09 22:00:00,23,0.0,0.13969421
2014-07-09,2014-07-09 23:00:00,24,1.6329197,0.2614298
2014-07-10,2014-07-10 00:00:00,1,50.62051,49.62753
2014-07-10,2014-07-10 01:00:00,2,27.759634,28.73441
2014-07-10,2014-07-10 02:00:00,3,26.126715,26.366755
2014-07-10,2014-07-10 03:00:00,4,24.493795,27.040287
2014-07-10,2014-07-10 04:00:00,5,24.493795,25.370628
2014-07-10,2014-07-10 05:00:00,6,24.493795,26.431814
2014-07-10,2014-07-10 06:00:00,7,37.55715,36.002445
2014-07-10,2014-07-10 07:00:00,8,0.0,0.51934433
2014-07-10,2014-07-10 08:00:00,9,0.0,0.1402483
2014-07-10,2014-07-10 09:00:00,10,0.0,0.44470215
2014-07-10,2014-07-10 10:00:00,11,0.0,0.42135525
2014-07-10,2014-07-10 11:00:00,12,0.0,0.42205906
2014-07-10,2014-07-10 12:00:00,13,0.0,0.27541733
2014-07-10,2014-07-10 13:00:00,14,0.0,0.33632565
2014-07-10,2014-07-10 14:00:00,15,0.0,0.16867065
2014-07-10,2014-07-10 15:00:00,16,0.0,0.06183815
2014-07-10,2014-07-10 16:00:00,17,0.0,0.30295086
2014-07-10,2014-07-10 17:00:00,18,0.0,0.333992
2014-07-10,2014-07-10 18:00:00,19,0.0,0.28782463
2014-07-10,2014-07-10 19:00:00,20,0.0,0.2884617
2014-07-10,2014-07-10 20:00:00,21,0.0,0.22241974
2014-07-10,2014-07-10 21:00:00,22,0.0,0.2210722
2014-07-10,2014-07-10 22:00:00,23,0.0,0.19066334
2014-07-10,2014-07-10 23:00:00,24,0.0,0.4716215
2014-07-11,2014-07-11 00:00:00,1,52.25343,48.287212
2014-07-11,2014-07-11 01:00:00,2,26.126715,29.124748
2014-07-11,2014-07-11 02:00:00,3,24.493795,26.09002
2014-07-11,2014-07-11 03:00:00,4,24.493795,26.247375
2014-07-11,2014-07-11 04:00:00,5,24.493795,24.227638
2014-07-11,2014-07-11 05:00:00,6,24.493795,25.595747
2014-07-11,2014-07-11 06:00:00,7,39.19007,34.003212
2014-07-11,2014-07-11 07:00:00,8,0.0,0.71812916
2014-07-11,2014-07-11 08:00:00,9,0.0,0.11898327
2014-07-11,2014-07-11 09:00:00,10,0.0,0.4330454
2014-07-11,2014-07-11 10:00:00,11,0.0,0.30037212
2014-07-11,2014-07-11 11:00:00,12,0.0,0.36452866
2014-07-11,2014-07-11 12:00:00,13,0.0,0.23466492
2014-07-11,2014-07-11 13:00:00,14,0.0,0.25340652
2014-07-11,2014-07-11 14:00:00,15,0.0,0.17692375
2014-07-11,2014-07-11 15:00:00,16,0.0,0.06328678
2014-07-11,2014-07-11 16:00:00,17,0.0,0.5244255
2014-07-11,2014-07-11 17:00:00,18,0.0,0.4549122
2014-07-11,2014-07-11 18:00:00,19,0.0,0.44113922
2014-07-11,2014-07-11 19:00:00,20,0.0,0.32084656
2014-07-11,2014-07-11 20:00:00,21,0.0,0.42959976
2014-07-11,2014-07-11 21:00:00,22,0.0,0.3998165
2014-07-11,2014-07-11 22:00:00,23,0.0,0.4608698
2014-07-11,2014-07-11 23:00:00,24,0.0,0.8404398
2014-07-12,2014-07-12 00:00:00,1,55.519268,42.68803
2014-07-12,2014-07-12 01:00:00,2,35.924232,26.840305
2014-07-12,2014-07-12 02:00:00,3,26.126715,23.824373
2014-07-12,2014-07-12 03:00:00,4,21.227955,22.48175
2014-07-12,2014-07-12 04:00:00,5,22.860876,21.912334
2014-07-12,2014-07-12 05:00:00,6,22.860876,22.434647
2014-07-12,2014-07-12 06:00:00,7,22.860876,23.120798
2014-07-12,2014-07-12 07:00:00,8,22.860876,23.489037
2014-07-12,2014-07-12 08:00:00,9,21.227955,23.623297
2014-07-12,2014-07-12 09:00:00,10,21.227955,23.61176
2014-07-12,2014-07-12 10:00:00,11,21.227955,24.118486
2014-07-12,2014-07-12 11:00:00,12,21.227955,24.184273
2014-07-12,2014-07-12 12:00:00,13,24.493795,25.174442
2014-07-12,2014-07-12 13:00:00,14,22.860876,24.894428
2014-07-12,2014-07-12 14:00:00,15,22.860876,23.84858
2014-07-12,2014-07-12 15:00:00,16,22.860876,22.417389
2014-07-12,2014-07-12 16:00:00,17,32.658394,22.338127
2014-07-12,2014-07-12 17:00:00,18,24.493795,22.414768
2014-07-12,2014-07-12 18:00:00,19,21.227955,22.500189
2014-07-12,2014-07-12 19:00:00,20,19.595036,22.629417
2014-07-12,2014-07-12 20:00:00,21,21.227955,22.646088
2014-07-12,2014-07-12 21:00:00,22,22.860876,22.70724
2014-07-12,2014-07-12 22:00:00,23,21.227955,22.692799
2014-07-12,2014-07-12 23:00:00,24,21.227955,22.74149
2014-07-13,2014-07-13 00:00:00,1,22.860876,21.809498
2014-07-13,2014-07-13 01:00:00,2,19.595036,21.425716
2014-07-13,2014-07-13 02:00:00,3,22.860876,21.328457
2014-07-13,2014-07-13 03:00:00,4,21.227955,21.3592
2014-07-13,2014-07-13 04:00:00,5,22.860876,21.263668
2014-07-13,2014-07-13 05:00:00,6,24.493795,21.159363
2014-07-13,2014-07-13 06:00:00,7,22.860876,21.359694
2014-07-13,2014-07-13 07:00:00,8,22.860876,21.382843
2014-07-13,2014-07-13 08:00:00,9,24.493795,21.174034
2014-07-13,2014-07-13 09:00:00,10,22.860876,21.072357
2014-07-13,2014-07-13 10:00:00,11,26.126715,21.088703
2014-07-13,2014-07-13 11:00:00,12,24.493795,21.105259
2014-07-13,2014-07-13 12:00:00,13,22.860876,21.142754
2014-07-13,2014-07-13 13:00:00,14,26.126715,21.27231
2014-07-13,2014-07-13 14:00:00,15,24.493795,21.374409
2014-07-13,2014-07-13 15:00:00,16,24.493795,21.550365
2014-07-13,2014-07-13 16:00:00,17,24.493795,21.2841
2014-07-13,2014-07-13 17:00:00,18,24.493795,21.33191
2014-07-13,2014-07-13 18:00:00,19,24.493795,21.079235
2014-07-13,2014-07-13 19:00:00,20,26.126715,20.819252
2014-07-13,2014-07-13 20:00:00,21,24.493795,20.994171
2014-07-13,2014-07-13 21:00:00,22,26.126715,21.660252
2014-07-13,2014-07-13 22:00:00,23,24.493795,21.086987
2014-07-13,2014-07-13 23:00:00,24,24.493795,20.934109
2014-07-14,2014-07-14 00:00:00,1,26.126715,27.41249
2014-07-14,2014-07-14 01:00:00,2,24.493795,27.53402
2014-07-14,2014-07-14 02:00:00,3,24.493795,27.723835
2014-07-14,2014-07-14 03:00:00,4,24.493795,29.385056
2014-07-14,2014-07-14 04:00:00,5,58.785107,49.47591
2014-07-14,2014-07-14 05:00:00,6,17.962116,28.819302
2014-07-14,2014-07-14 06:00:00,7,0.0,0.4598379
2014-07-14,2014-07-14 07:00:00,8,0.0,0.19554996
2014-07-14,2014-07-14 08:00:00,9,0.0,0.20262146
2014-07-14,2014-07-14 09:00:00,10,0.0,0.21338177
2014-07-14,2014-07-14 10:00:00,11,0.0,-0.0017127991
2014-07-14,2014-07-14 11:00:00,12,0.0,0.16822815
2014-07-14,2014-07-14 12:00:00,13,0.0,-0.02826786
2014-07-14,2014-07-14 13:00:00,14,0.0,0.10659313
2014-07-14,2014-07-14 14:00:00,15,0.0,-0.010120392
2014-07-14,2014-07-14 15:00:00,16,0.0,-0.03298855
2014-07-14,2014-07-14 16:00:00,17,0.0,0.25698853
2014-07-14,2014-07-14 17:00:00,18,0.0,0.36630535
2014-07-14,2014-07-14 18:00:00,19,0.0,0.28303146
2014-07-14,2014-07-14 19:00:00,20,0.0,0.27544403
2014-07-14,2014-07-14 20:00:00,21,0.0,0.1842575
2014-07-14,2014-07-14 21:00:00,22,0.0,0.23910522
2014-07-14,2014-07-14 22:00:00,23,0.0,0.13347149
2014-07-14,2014-07-14 23:00:00,24,0.0,0.22491741
2014-07-15,2014-07-15 00:00:00,1,42.45591,50.937943
2014-07-15,2014-07-15 01:00:00,2,34.291313,27.734707
2014-07-15,2014-07-15 02:00:00,3,34.291313,24.736473
2014-07-15,2014-07-15 03:00:00,4,29.392553,25.65711
2014-07-15,2014-07-15 04:00:00,5,31.025473,24.434212
2014-07-15,2014-07-15 05:00:00,6,40.82299,25.326366
2014-07-15,2014-07-15 06:00:00,7,0.0,35.07608
2014-07-15,2014-07-15 07:00:00,8,0.0,0.13917732
2014-07-15,2014-07-15 08:00:00,9,0.0,0.2973814
2014-07-15,2014-07-15 09:00:00,10,0.0,0.5973816
2014-07-15,2014-07-15 10:00:00,11,0.0,0.44806767
2014-07-15,2014-07-15 11:00:00,12,0.0,0.5062847
2014-07-15,2014-07-15 12:00:00,13,0.0,0.4113865
2014-07-15,2014-07-15 13:00:00,14,0.0,0.39823532
2014-07-15,2014-07-15 14:00:00,15,0.0,0.2961254
2014-07-15,2014-07-15 15:00:00,16,0.0,0.24380493
2014-07-15,2014-07-15 16:00:00,17,0.0,0.24815083
2014-07-15,2014-07-15 17:00:00,18,0.0,0.25638866
2014-07-15,2014-07-15 18:00:00,19,0.0,0.25563335
2014-07-15,2014-07-15 19:00:00,20,0.0,0.29496384
2014-07-15,2014-07-15 20:00:00,21,0.0,0.2538557
2014-07-15,2014-07-15 21:00:00,22,0.0,0.28766823
2014-07-15,2014-07-15 22:00:00,23,0.0,0.19940186
2014-07-15,2014-07-15 23:00:00,24,0.0,0.22301292
2014-07-16,2014-07-16 00:00:00,1,45.721752,47.072556
2014-07-16,2014-07-16 01:00:00,2,26.126715,33.47712
2014-07-16,2014-07-16 02:00:00,3,22.860876,31.397114
2014-07-16,2014-07-16 03:00:00,4,26.126715,29.175838
2014-07-16,2014-07-16 04:00:00,5,24.493795,30.50969
2014-07-16,2014-07-16 05:00:00,6,24.493795,33.208378
2014-07-16,2014-07-16 06:00:00,7,37.55715,20.96669
2014-07-16,2014-07-16 07:00:00,8,1.6329197,0.08098984
2014-07-16,2014-07-16 08:00:00,9,0.0,0.26393223
2014-07-16,2014-07-16 09:00:00,10,0.0,0.3638382
2014-07-16,2014-07-16 10:00:00,11,0.0,0.35242176
2014-07-16,2014-07-16 11:00:00,12,0.0,0.3280449
2014-07-16,2014-07-16 12:00:00,13,0.0,0.45614433
2014-07-16,2014-07-16 13:00:00,14,0.0,0.26998997
2014-07-16,2014-07-16 14:00:00,15,0.0,0.27094936
2014-07-16,2014-07-16 15:00:00,16,0.0,0.12335968
2014-07-16,2014-07-16 16:00:00,17,0.0,0.1353159
2014-07-16,2014-07-16 17:00:00,18,0.0,0.18566513
2014-07-16,2014-07-16 18:00:00,19,0.0,0.18726921
2014-07-16,2014-07-16 19:00:00,20,0.0,0.105526924
2014-07-16,2014-07-16 20:00:00,21,0.0,0.07269287
2014-07-16,2014-07-16 21:00:00,22,0.0,0.047288895
2014-07-16,2014-07-16 22:00:00,23,0.0,-0.07488251
2014-07-16,2014-07-16 23:00:00,24,0.0,-0.0490427
2014-07-17,2014-07-17 00:00:00,1,58.785107,46.961414
2014-07-17,2014-07-17 01:00:00,2,35.924232,27.821686
2014-07-17,2014-07-17 02:00:00,3,31.025473,24.483755
2014-07-17,2014-07-17 03:00:00,4,24.493795,25.183437
2014-07-17,2014-07-17 04:00:00,5,22.860876,23.952782
2014-07-17,2014-07-17 05:00:00,6,26.126715,25.723127
2014-07-17,2014-07-17 06:00:00,7,45.721752,32.25466
2014-07-17,2014-07-17 07:00:00,8,0.0,0.13757324
2014-07-17,2014-07-17 08:00:00,9,0.0,0.19006729
2014-07-17,2014-07-17 09:00:00,10,0.0,0.45272446
2014-07-17,2014-07-17 10:00:00,11,0.0,0.28668785
2014-07-17,2014-07-17 11:00:00,12,0.0,0.40260983
2014-07-17,2014-07-17 12:00:00,13,0.0,0.2813835
2014-07-17,2014-07-17 13:00:00,14,0.0,0.29935265
2014-07-17,2014-07-17 14:00:00,15,0.0,0.21007347
2014-07-17,2014-07-17 15:00:00,16,0.0,0.14766788
2014-07-17,2014-07-17 16:00:00,17,0.0,0.20142746
2014-07-17,2014-07-17 17:00:00,18,0.0,0.23689747
2014-07-17,2014-07-17 18:00:00,19,0.0,0.19176006
2014-07-17,2014-07-17 19:00:00,20,0.0,0.2144661
2014-07-17,2014-07-17 20:00:00,21,0.0,0.16310501
2014-07-17,2014-07-17 21:00:00,22,0.0,0.18662739
2014-07-17,2014-07-17 22:00:00,23,0.0,0.114494324
2014-07-17,2014-07-17 23:00:00,24,0.0,0.023988724
2014-07-18,2014-07-18 00:00:00,1,48.98759,49.59774
2014-07-18,2014-07-18 01:00:00,2,27.759634,30.538418
2014-07-18,2014-07-18 02:00:00,3,27.759634,26.669285
2014-07-18,2014-07-18 03:00:00,4,27.759634,26.501564
2014-07-18,2014-07-18 04:00:00,5,27.759634,25.277405
2014-07-18,2014-07-18 05:00:00,6,26.126715,26.436882
2014-07-18,2014-07-18 06:00:00,7,39.19007,36.39532
2014-07-18,2014-07-18 07:00:00,8,0.0,0.10135555
2014-07-18,2014-07-18 08:00:00,9,0.0,0.09045982
2014-07-18,2014-07-18 09:00:00,10,0.0,0.4246683
2014-07-18,2014-07-18 10:00:00,11,0.0,0.23168755
2014-07-18,2014-07-18 11:00:00,12,0.0,0.34450436
2014-07-18,2014-07-18 12:00:00,13,0.0,0.23763275
2014-07-18,2014-07-18 13:00:00,14,0.0,0.24687958
2014-07-18,2014-07-18 14:00:00,15,0.0,0.14619446
2014-07-18,2014-07-18 15:00:00,16,0.0,0.05787182
2014-07-18,2014-07-18 16:00:00,17,0.0,0.42102623
2014-07-18,2014-07-18 17:00:00,18,0.0,0.39957428
2014-07-18,2014-07-18 18:00:00,19,0.0,0.32624054
2014-07-18,2014-07-18 19:00:00,20,0.0,0.17583752
2014-07-18,2014-07-18 20:00:00,21,0.0,0.33701897
2014-07-18,2014-07-18 21:00:00,22,0.0,0.3007946
2014-07-18,2014-07-18 22:00:00,23,0.0,0.2378416
2014-07-18,2014-07-18 23:00:00,24,3.2658393,0.23512459
2014-07-19,2014-07-19 00:00:00,1,47.35467,46.27004
2014-07-19,2014-07-19 01:00:00,2,32.658394,30.532856
2014-07-19,2014-07-19 02:00:00,3,27.759634,25.436127
2014-07-19,2014-07-19 03:00:00,4,24.493795,23.2869
2014-07-19,2014-07-19 04:00:00,5,22.860876,22.623463
2014-07-19,2014-07-19 05:00:00,6,21.227955,23.324505
2014-07-19,2014-07-19 06:00:00,7,22.860876,23.575724
2014-07-19,2014-07-19 07:00:00,8,19.595036,23.507072
2014-07-19,2014-07-19 08:00:00,9,21.227955,22.74646
2014-07-19,2014-07-19 09:00:00,10,21.227955,22.223537
2014-07-19,2014-07-19 10:00:00,11,21.227955,22.941591
2014-07-19,2014-07-19 11:00:00,12,19.595036,23.022205
2014-07-19,2014-07-19 12:00:00,13,21.227955,23.103312
2014-07-19,2014-07-19 13:00:00,14,19.595036,23.221605
2014-07-19,2014-07-19 14:00:00,15,21.227955,23.29731
2014-07-19,2014-07-19 15:00:00,16,21.227955,23.200718
2014-07-19,2014-07-19 16:00:00,17,22.860876,24.026978
2014-07-19,2014-07-19 17:00:00,18,21.227955,23.706928
2014-07-19,2014-07-19 18:00:00,19,24.493795,23.284496
2014-07-19,2014-07-19 19:00:00,20,21.227955,23.115513
2014-07-19,2014-07-19 20:00:00,21,22.860876,23.37836
2014-07-19,2014-07-19 21:00:00,22,21.227955,23.570446
2014-07-19,2014-07-19 22:00:00,23,21.227955,23.472572
2014-07-19,2014-07-19 23:00:00,24,21.227955,23.239307
2014-07-20,2014-07-20 00:00:00,1,21.227955,21.950977
2014-07-20,2014-07-20 01:00:00,2,21.227955,21.742176
2014-07-20,2014-07-20 02:00:00,3,21.227955,21.888683
2014-07-20,2014-07-20 03:00:00,4,22.860876,21.986622
2014-07-20,2014-07-20 04:00:00,5,21.227955,22.045471
2014-07-20,2014-07-20 05:00:00,6,19.595036,22.167465
2014-07-20,2014-07-20 06:00:00,7,21.227955,22.160784
2014-07-20,2014-07-20 07:00:00,8,19.595036,22.189285
2014-07-20,2014-07-20 08:00:00,9,19.595036,22.059439
2014-07-20,2014-07-20 09:00:00,10,19.595036,22.106083
2014-07-20,2014-07-20 10:00:00,11,22.860876,22.1465
2014-07-20,2014-07-20 11:00:00,12,22.860876,22.184017
2014-07-20,2014-07-20 12:00:00,13,39.19007,22.244967
2014-07-20,2014-07-20 13:00:00,14,29.392553,22.407251
2014-07-20,2014-07-20 14:00:00,15,29.392553,22.457493
2014-07-20,2014-07-20 15:00:00,16,26.126715,22.64816
2014-07-20,2014-07-20 16:00:00,17,24.493795,22.55492
2014-07-20,2014-07-20 17:00:00,18,26.126715,22.913364
2014-07-20,2014-07-20 18:00:00,19,24.493795,23.301144
2014-07-20,2014-07-20 19:00:00,20,24.493795,23.438194
2014-07-20,2014-07-20 20:00:00,21,26.126715,23.150045
2014-07-20,2014-07-20 21:00:00,22,24.493795,23.664326
2014-07-20,2014-07-20 22:00:00,23,26.126715,22.919476
2014-07-20,2014-07-20 23:00:00,24,24.493795,22.573298
2014-07-21,2014-07-21 00:00:00,1,26.126715,29.440321
2014-07-21,2014-07-21 01:00:00,2,27.759634,28.531271
2014-07-21,2014-07-21 02:00:00,3,27.759634,28.269678
2014-07-21,2014-07-21 03:00:00,4,37.55715,29.804008
2014-07-21,2014-07-21 04:00:00,5,52.25343,46.565422
2014-07-21,2014-07-21 05:00:00,6,14.696277,25.735743
2014-07-21,2014-07-21 06:00:00,7,0.0,0.13599491
2014-07-21,2014-07-21 07:00:00,8,0.0,0.06590271
2014-07-21,2014-07-21 08:00:00,9,0.0,0.122078896
2014-07-21,2014-07-21 09:00:00,10,0.0,0.15902519
2014-07-21,2014-07-21 10:00:00,11,0.0,-0.060070038
2014-07-21,2014-07-21 11:00:00,12,0.0,0.08982754
2014-07-21,2014-07-21 12:00:00,13,0.0,-0.093844414
2014-07-21,2014-07-21 13:00:00,14,0.0,0.082240105
2014-07-21,2014-07-21 14:00:00,15,0.0,-0.05071354
2014-07-21,2014-07-21 15:00:00,16,0.0,-0.05546093
2014-07-21,2014-07-21 16:00:00,17,0.0,0.08591366
2014-07-21,2014-07-21 17:00:00,18,0.0,0.079060555
2014-07-21,2014-07-21 18:00:00,19,0.0,0.16255188
2014-07-21,2014-07-21 19:00:00,20,0.0,0.034228325
2014-07-21,2014-07-21 20:00:00,21,0.0,0.042066574
2014-07-21,2014-07-21 21:00:00,22,0.0,0.061896324
2014-07-21,2014-07-21 22:00:00,23,0.0,0.038965225
2014-07-21,2014-07-21 23:00:00,24,3.2658393,0.0479002
2014-07-22,2014-07-22 00:00:00,1,40.82299,50.378155
2014-07-22,2014-07-22 01:00:00,2,29.392553,30.79966
2014-07-22,2014-07-22 02:00:00,3,26.126715,27.672432
2014-07-22,2014-07-22 03:00:00,4,26.126715,27.520435
2014-07-22,2014-07-22 04:00:00,5,27.759634,27.06983
2014-07-22,2014-07-22 05:00:00,6,26.126715,27.997269
2014-07-22,2014-07-22 06:00:00,7,39.19007,33.01888
2014-07-22,2014-07-22 07:00:00,8,0.0,-0.063474655
2014-07-22,2014-07-22 08:00:00,9,0.0,0.2805853
2014-07-22,2014-07-22 09:00:00,10,0.0,0.5376854
2014-07-22,2014-07-22 10:00:00,11,0.0,0.41388226
2014-07-22,2014-07-22 11:00:00,12,0.0,0.50632954
2014-07-22,2014-07-22 12:00:00,13,0.0,0.38904572
2014-07-22,2014-07-22 13:00:00,14,0.0,0.36404324
2014-07-22,2014-07-22 14:00:00,15,0.0,0.28114414
2014-07-22,2014-07-22 15:00:00,16,0.0,0.17779922
2014-07-22,2014-07-22 16:00:00,17,0.0,0.09423828
2014-07-22,2014-07-22 17:00:00,18,0.0,0.14030361
2014-07-22,2014-07-22 18:00:00,19,0.0,0.11646366
2014-07-22,2014-07-22 19:00:00,20,0.0,0.105428696
2014-07-22,2014-07-22 20:00:00,21,0.0,0.06670761
2014-07-22,2014-07-22 21:00:00,22,0.0,0.073877335
2014-07-22,2014-07-22 22:00:00,23,0.0,0.09058285
2014-07-22,2014-07-22 23:00:00,24,3.2658393,0.33179092
2014-07-23,2014-07-23 00:00:00,1,44.08883,48.057304
2014-07-23,2014-07-23 01:00:00,2,26.126715,30.348743
2014-07-23,2014-07-23 02:00:00,3,26.126715,26.917847
2014-07-23,2014-07-23 03:00:00,4,29.392553,26.654884
2014-07-23,2014-07-23 04:00:00,5,26.126715,25.387877
2014-07-23,2014-07-23 05:00:00,6,26.126715,26.740181
2014-07-23,2014-07-23 06:00:00,7,39.19007,34.762684
2014-07-23,2014-07-23 07:00:00,8,1.6329197,-0.0011444092
2014-07-23,2014-07-23 08:00:00,9,0.0,0.14474201
2014-07-23,2014-07-23 09:00:00,10,0.0,0.45263195
2014-07-23,2014-07-23 10:00:00,11,0.0,0.28915596
2014-07-23,2014-07-23 11:00:00,12,0.0,0.41034603
2014-07-23,2014-07-23 12:00:00,13,0.0,0.29285717
2014-07-23,2014-07-23 13:00:00,14,0.0,0.29384708
2014-07-23,2014-07-23 14:00:00,15,0.0,0.20468044
2014-07-23,2014-07-23 15:00:00,16,0.0,0.090117455
2014-07-23,2014-07-23 16:00:00,17,0.0,0.19429207
2014-07-23,2014-07-23 17:00:00,18,0.0,0.22224617
2014-07-23,2014-07-23 18:00:00,19,0.0,0.2043848
2014-07-23,2014-07-23 19:00:00,20,0.0,0.19322777
2014-07-23,2014-07-23 20:00:00,21,0.0,0.15466785
2014-07-23,2014-07-23 21:00:00,22,0.0,0.16784286
2014-07-23,2014-07-23 22:00:00,23,0.0,0.15337467
2014-07-23,2014-07-23 23:00:00,24,0.0,0.5422573
2014-07-24,2014-07-24 00:00:00,1,58.785107,45.8876
2014-07-24,2014-07-24 01:00:00,2,35.924232,28.877993
2014-07-24,2014-07-24 02:00:00,3,32.658394,26.276495
2014-07-24,2014-07-24 03:00:00,4,34.291313,26.414248
2014-07-24,2014-07-24 04:00:00,5,40.82299,25.196974
2014-07-24,2014-07-24 05:00:00,6,35.924232,26.060072
2014-07-24,2014-07-24 06:00:00,7,40.82299,36.860348
2014-07-24,2014-07-24 07:00:00,8,0.0,0.2274847
2014-07-24,2014-07-24 08:00:00,9,0.0,0.20453453
2014-07-24,2014-07-24 09:00:00,10,0.0,0.5445013
2014-07-24,2014-07-24 10:00:00,11,0.0,0.35129547
2014-07-24,2014-07-24 11:00:00,12,0.0,0.4891386
2014-07-24,2014-07-24 12:00:00,13,0.0,0.38869953
2014-07-24,2014-07-24 13:00:00,14,0.0,0.39276028
2014-07-24,2014-07-24 14:00:00,15,0.0,0.28312016
2014-07-24,2014-07-24 15:00:00,16,0.0,0.18053055
2014-07-24,2014-07-24 16:00:00,17,0.0,0.17715168
2014-07-24,2014-07-24 17:00:00,18,0.0,0.20742416
2014-07-24,2014-07-24 18:00:00,19,0.0,0.15908813
2014-07-24,2014-07-24 19:00:00,20,0.0,0.19368076
2014-07-24,2014-07-24 20:00:00,21,0.0,0.12700176
2014-07-24,2014-07-24 21:00:00,22,0.0,0.21063423
2014-07-24,2014-07-24 22:00:00,23,0.0,0.120191574
2014-07-24,2014-07-24 23:00:00,24,0.0,0.24920368
2014-07-25,2014-07-25 00:00:00,1,60.418026,48.029594
2014-07-25,2014-07-25 01:00:00,2,31.025473,30.865126
2014-07-25,2014-07-25 02:00:00,3,34.291313,27.7803
2014-07-25,2014-07-25 03:00:00,4,35.924232,28.529747
2014-07-25,2014-07-25 04:00:00,5,34.291313,27.73043
2014-07-25,2014-07-25 05:00:00,6,37.55715,28.26619
2014-07-25,2014-07-25 06:00:00,7,45.721752,34.82274
2014-07-25,2014-07-25 07:00:00,8,0.0,0.26651096
2014-07-25,2014-07-25 08:00:00,9,0.0,0.18150711
2014-07-25,2014-07-25 09:00:00,10,0.0,0.42816162
2014-07-25,2014-07-25 10:00:00,11,0.0,0.26142502
2014-07-25,2014-07-25 11:00:00,12,0.0,0.3705063
2014-07-25,2014-07-25 12:00:00,13,0.0,0.254632
2014-07-25,2014-07-25 13:00:00,14,0.0,0.24936485
2014-07-25,2014-07-25 14:00:00,15,0.0,0.18418026
2014-07-25,2014-07-25 15:00:00,16,0.0,0.08710861
2014-07-25,2014-07-25 16:00:00,17,0.0,0.39366436
2014-07-25,2014-07-25 17:00:00,18,0.0,0.34580612
2014-07-25,2014-07-25 18:00:00,19,0.0,0.29703712
2014-07-25,2014-07-25 19:00:00,20,0.0,0.18061447
2014-07-25,2014-07-25 20:00:00,21,0.0,0.32549763
2014-07-25,2014-07-25 21:00:00,22,0.0,0.2569704
2014-07-25,2014-07-25 22:00:00,23,0.0,0.40913105
2014-07-25,2014-07-25 23:00:00,24,0.0,0.8679075
2014-07-26,2014-07-26 00:00:00,1,55.519268,46.134632
2014-07-26,2014-07-26 01:00:00,2,32.658394,32.5811
2014-07-26,2014-07-26 02:00:00,3,31.025473,28.133305
2014-07-26,2014-07-26 03:00:00,4,27.759634,26.100124
2014-07-26,2014-07-26 04:00:00,5,27.759634,25.510695
2014-07-26,2014-07-26 05:00:00,6,27.759634,25.227076
2014-07-26,2014-07-26 06:00:00,7,26.126715,25.939793
2014-07-26,2014-07-26 07:00:00,8,27.759634,23.881683
2014-07-26,2014-07-26 08:00:00,9,26.126715,23.24052
2014-07-26,2014-07-26 09:00:00,10,27.759634,22.306648
2014-07-26,2014-07-26 10:00:00,11,26.126715,23.256227
2014-07-26,2014-07-26 11:00:00,12,26.126715,23.169338
2014-07-26,2014-07-26 12:00:00,13,26.126715,24.525078
2014-07-26,2014-07-26 13:00:00,14,26.126715,24.535463
2014-07-26,2014-07-26 14:00:00,15,26.126715,24.525482
2014-07-26,2014-07-26 15:00:00,16,24.493795,25.118254
2014-07-26,2014-07-26 16:00:00,17,26.126715,26.469706
2014-07-26,2014-07-26 17:00:00,18,26.126715,25.744144
2014-07-26,2014-07-26 18:00:00,19,24.493795,25.270618
2014-07-26,2014-07-26 19:00:00,20,27.759634,24.84491
2014-07-26,2014-07-26 20:00:00,21,24.493795,24.77525
2014-07-26,2014-07-26 21:00:00,22,26.126715,24.711498
2014-07-26,2014-07-26 22:00:00,23,24.493795,24.498522
2014-07-26,2014-07-26 23:00:00,24,26.126715,24.502281
2014-07-27,2014-07-27 00:00:00,1,26.126715,25.9333
2014-07-27,2014-07-27 01:00:00,2,24.493795,25.7519
2014-07-27,2014-07-27 02:00:00,3,26.126715,25.804697
2014-07-27,2014-07-27 03:00:00,4,26.126715,25.992773
2014-07-27,2014-07-27 04:00:00,5,27.759634,25.8791
2014-07-27,2014-07-27 05:00:00,6,26.126715,25.962288
2014-07-27,2014-07-27 06:00:00,7,24.493795,25.867516
2014-07-27,2014-07-27 07:00:00,8,26.126715,25.887691
2014-07-27,2014-07-27 08:00:00,9,24.493795,25.971783
2014-07-27,2014-07-27 09:00:00,10,26.126715,26.457115
2014-07-27,2014-07-27 10:00:00,11,24.493795,27.000706
2014-07-27,2014-07-27 11:00:00,12,24.493795,27.653023
2014-07-27,2014-07-27 12:00:00,13,26.126715,28.23486
2014-07-27,2014-07-27 13:00:00,14,24.493795,28.716137
2014-07-27,2014-07-27 14:00:00,15,26.126715,28.595985
2014-07-27,2014-07-27 15:00:00,16,24.493795,28.21253
2014-07-27,2014-07-27 16:00:00,17,24.493795,27.443283
2014-07-27,2014-07-27 17:00:00,18,24.493795,27.337914
2014-07-27,2014-07-27 18:00:00,19,26.126715,27.09259
2014-07-27,2014-07-27 19:00:00,20,24.493795,27.838963
2014-07-27,2014-07-27 20:00:00,21,24.493795,27.700485
2014-07-27,2014-07-27 21:00:00,22,27.759634,28.03991
2014-07-27,2014-07-27 22:00:00,23,24.493795,27.535973
2014-07-27,2014-07-27 23:00:00,24,26.126715,27.60387
2014-07-28,2014-07-28 00:00:00,1,29.392553,31.650543
2014-07-28,2014-07-28 01:00:00,2,27.759634,31.427937
2014-07-28,2014-07-28 02:00:00,3,27.759634,32.632103
2014-07-28,2014-07-28 03:00:00,4,29.392553,36.753548
2014-07-28,2014-07-28 04:00:00,5,66.94971,45.971382
2014-07-28,2014-07-28 05:00:00,6,16.329197,21.709242
2014-07-28,2014-07-28 06:00:00,7,0.0,0.62550735
2014-07-28,2014-07-28 07:00:00,8,0.0,0.02590561
2014-07-28,2014-07-28 08:00:00,9,0.0,0.03439045
2014-07-28,2014-07-28 09:00:00,10,0.0,0.20429611
2014-07-28,2014-07-28 10:00:00,11,0.0,-0.037802696
2014-07-28,2014-07-28 11:00:00,12,0.0,0.096131325
2014-07-28,2014-07-28 12:00:00,13,0.0,-0.14383507
2014-07-28,2014-07-28 13:00:00,14,0.0,0.060299873
2014-07-28,2014-07-28 14:00:00,15,0.0,-0.1313858
2014-07-28,2014-07-28 15:00:00,16,0.0,-0.018295288
2014-07-28,2014-07-28 16:00:00,17,0.0,0.07046318
2014-07-28,2014-07-28 17:00:00,18,0.0,0.055039406
2014-07-28,2014-07-28 18:00:00,19,0.0,0.12435627
2014-07-28,2014-07-28 19:00:00,20,0.0,0.08201885
2014-07-28,2014-07-28 20:00:00,21,0.0,-0.008759499
2014-07-28,2014-07-28 21:00:00,22,0.0,0.06405449
2014-07-28,2014-07-28 22:00:00,23,0.0,0.06809425
2014-07-28,2014-07-28 23:00:00,24,1.6329197,0.23774147
2014-07-29,2014-07-29 00:00:00,1,44.08883,48.97123
2014-07-29,2014-07-29 01:00:00,2,32.658394,31.698507
2014-07-29,2014-07-29 02:00:00,3,29.392553,29.493223
2014-07-29,2014-07-29 03:00:00,4,27.759634,31.046064
2014-07-29,2014-07-29 04:00:00,5,27.759634,32.520584
2014-07-29,2014-07-29 05:00:00,6,29.392553,31.700836
2014-07-29,2014-07-29 06:00:00,7,37.55715,34.75587
2014-07-29,2014-07-29 07:00:00,8,0.0,0.19808006
2014-07-29,2014-07-29 08:00:00,9,0.0,0.40103912
2014-07-29,2014-07-29 09:00:00,10,0.0,0.5804043
2014-07-29,2014-07-29 10:00:00,11,0.0,0.49172783
2014-07-29,2014-07-29 11:00:00,12,0.0,0.56847
2014-07-29,2014-07-29 12:00:00,13,0.0,0.44169426
2014-07-29,2014-07-29 13:00:00,14,0.0,0.42994022
2014-07-29,2014-07-29 14:00:00,15,0.0,0.3435526
2014-07-29,2014-07-29 15:00:00,16,0.0,0.25247288
2014-07-29,2014-07-29 16:00:00,17,0.0,0.2639141
2014-07-29,2014-07-29 17:00:00,18,0.0,0.2819109
2014-07-29,2014-07-29 18:00:00,19,0.0,0.30319118
2014-07-29,2014-07-29 19:00:00,20,0.0,0.2731676
2014-07-29,2014-07-29 20:00:00,21,0.0,0.17086983
2014-07-29,2014-07-29 21:00:00,22,0.0,0.18387318
2014-07-29,2014-07-29 22:00:00,23,0.0,0.17790604
2014-07-29,2014-07-29 23:00:00,24,3.2658393,0.33261967
2014-07-30,2014-07-30 00:00:00,1,42.45591,47.945995
2014-07-30,2014-07-30 01:00:00,2,29.392553,31.973255
2014-07-30,2014-07-30 02:00:00,3,26.126715,29.521442
2014-07-30,2014-07-30 03:00:00,4,26.126715,30.364487
2014-07-30,2014-07-30 04:00:00,5,26.126715,30.578457
2014-07-30,2014-07-30 05:00:00,6,27.759634,30.43964
2014-07-30,2014-07-30 06:00:00,7,35.924232,38.81095
2014-07-30,2014-07-30 07:00:00,8,1.6329197,0.08698177
2014-07-30,2014-07-30 08:00:00,9,0.0,0.24181175
2014-07-30,2014-07-30 09:00:00,10,0.0,0.56220436
2014-07-30,2014-07-30 10:00:00,11,0.0,0.40186787
2014-07-30,2014-07-30 11:00:00,12,0.0,0.51747704
2014-07-30,2014-07-30 12:00:00,13,0.0,0.37561512
2014-07-30,2014-07-30 13:00:00,14,0.0,0.38697243
2014-07-30,2014-07-30 14:00:00,15,0.0,0.2509365
2014-07-30,2014-07-30 15:00:00,16,0.0,0.18103504
2014-07-30,2014-07-30 16:00:00,17,0.0,0.114162445
2014-07-30,2014-07-30 17:00:00,18,0.0,0.16138554
2014-07-30,2014-07-30 18:00:00,19,0.0,0.13716793
2014-07-30,2014-07-30 19:00:00,20,0.0,0.13262653
2014-07-30,2014-07-30 20:00:00,21,0.0,0.03606701
2014-07-30,2014-07-30 21:00:00,22,0.0,0.0829916
2014-07-30,2014-07-30 22:00:00,23,0.0,0.08100414
2014-07-30,2014-07-30 23:00:00,24,1.6329197,0.41795444
2014-07-31,2014-07-31 00:00:00,1,45.721752,45.740265
2014-07-31,2014-07-31 01:00:00,2,26.126715,30.66703
2014-07-31,2014-07-31 02:00:00,3,29.392553,28.314802
2014-07-31,2014-07-31 03:00:00,4,27.759634,28.850712
2014-07-31,2014-07-31 04:00:00,5,29.392553,28.055286
2014-07-31,2014-07-31 05:00:00,6,27.759634,29.351759
2014-07-31,2014-07-31 06:00:00,7,34.291313,37.31628
2014-07-31,2014-07-31 07:00:00,8,4.898759,0.29696178
2014-07-31,2014-07-31 08:00:00,9,0.0,0.33374214
2014-07-31,2014-07-31 09:00:00,10,0.0,0.6798315
2014-07-31,2014-07-31 10:00:00,11,0.0,0.4716034
2014-07-31,2014-07-31 11:00:00,12,0.0,0.6082401
2014-07-31,2014-07-31 12:00:00,13,0.0,0.4517727
2014-07-31,2014-07-31 13:00:00,14,0.0,0.46891308
2014-07-31,2014-07-31 14:00:00,15,0.0,0.35248184
2014-07-31,2014-07-31 15:00:00,16,0.0,0.2384243
2014-07-31,2014-07-31 16:00:00,17,0.0,0.31433105
2014-07-31,2014-07-31 17:00:00,18,0.0,0.3570013
2014-07-31,2014-07-31 18:00:00,19,0.0,0.3418789
2014-07-31,2014-07-31 19:00:00,20,0.0,0.3419447
2014-07-31,2014-07-31 20:00:00,21,0.0,0.29343033
2014-07-31,2014-07-31 21:00:00,22,0.0,0.34944916
2014-07-31,2014-07-31 22:00:00,23,0.0,0.32344627
2014-07-31,2014-07-31 23:00:00,24,4.898759,0.623497
2014-08-01,2014-08-01 00:00:00,1,47.35467,44.033268
2014-08-01,2014-08-01 01:00:00,2,29.392553,29.506727
2014-08-01,2014-08-01 02:00:00,3,26.126715,28.126596
2014-08-01,2014-08-01 03:00:00,4,27.759634,28.815386
2014-08-01,2014-08-01 04:00:00,5,29.392553,28.897186
2014-08-01,2014-08-01 05:00:00,6,26.126715,28.918097
2014-08-01,2014-08-01 06:00:00,7,39.19007,36.35475
2014-08-01,2014-08-01 07:00:00,8,3.2658393,0.45296192
2014-08-01,2014-08-01 08:00:00,9,0.0,0.2928543
2014-08-01,2014-08-01 09:00:00,10,0.0,0.5872011
2014-08-01,2014-08-01 10:00:00,11,0.0,0.40321636
2014-08-01,2014-08-01 11:00:00,12,0.0,0.53240013
2014-08-01,2014-08-01 12:00:00,13,0.0,0.38661957
2014-08-01,2014-08-01 13:00:00,14,0.0,0.37267876
2014-08-01,2014-08-01 14:00:00,15,0.0,0.24530315
2014-08-01,2014-08-01 15:00:00,16,0.0,0.124427795
2014-08-01,2014-08-01 16:00:00,17,0.0,0.28505707
2014-08-01,2014-08-01 17:00:00,18,0.0,0.31264973
2014-08-01,2014-08-01 18:00:00,19,0.0,0.23370647
2014-08-01,2014-08-01 19:00:00,20,0.0,0.083434105
2014-08-01,2014-08-01 20:00:00,21,0.0,0.21849251
2014-08-01,2014-08-01 21:00:00,22,0.0,0.19679737
2014-08-01,2014-08-01 22:00:00,23,0.0,0.38861847
2014-08-01,2014-08-01 23:00:00,24,1.6329197,1.0474005
2014-08-02,2014-08-02 00:00:00,1,47.35467,39.87037
2014-08-02,2014-08-02 01:00:00,2,31.025473,30.044373
2014-08-02,2014-08-02 02:00:00,3,27.759634,27.899319
2014-08-02,2014-08-02 03:00:00,4,29.392553,26.239475
2014-08-02,2014-08-02 04:00:00,5,26.126715,25.356953
2014-08-02,2014-08-02 05:00:00,6,27.759634,25.180077
2014-08-02,2014-08-02 06:00:00,7,27.759634,25.040611
2014-08-02,2014-08-02 07:00:00,8,32.658394,25.35767
2014-08-02,2014-08-02 08:00:00,9,35.924232,24.518219
2014-08-02,2014-08-02 09:00:00,10,39.19007,24.354404
2014-08-02,2014-08-02 10:00:00,11,37.55715,24.487612
2014-08-02,2014-08-02 11:00:00,12,39.19007,24.294601
2014-08-02,2014-08-02 12:00:00,13,39.19007,24.97046
2014-08-02,2014-08-02 13:00:00,14,39.19007,24.896496
2014-08-02,2014-08-02 14:00:00,15,32.658394,24.562103
2014-08-02,2014-08-02 15:00:00,16,26.126715,24.609348
2014-08-02,2014-08-02 16:00:00,17,24.493795,26.115597
2014-08-02,2014-08-02 17:00:00,18,24.493795,26.17451
2014-08-02,2014-08-02 18:00:00,19,26.126715,26.222582
2014-08-02,2014-08-02 19:00:00,20,24.493795,26.221191
2014-08-02,2014-08-02 20:00:00,21,26.126715,26.037403
2014-08-02,2014-08-02 21:00:00,22,26.126715,25.8078
2014-08-02,2014-08-02 22:00:00,23,26.126715,25.747044
2014-08-02,2014-08-02 23:00:00,24,26.126715,25.775385
2014-08-03,2014-08-03 00:00:00,1,26.126715,27.762932
2014-08-03,2014-08-03 01:00:00,2,24.493795,27.467506
2014-08-03,2014-08-03 02:00:00,3,26.126715,27.649874
2014-08-03,2014-08-03 03:00:00,4,26.126715,27.789433
2014-08-03,2014-08-03 04:00:00,5,24.493795,27.83319
2014-08-03,2014-08-03 05:00:00,6,26.126715,27.671299
2014-08-03,2014-08-03 06:00:00,7,26.126715,27.53779
2014-08-03,2014-08-03 07:00:00,8,24.493795,27.599392
2014-08-03,2014-08-03 08:00:00,9,26.126715,27.743544
2014-08-03,2014-08-03 09:00:00,10,26.126715,28.08559
2014-08-03,2014-08-03 10:00:00,11,24.493795,28.583408
2014-08-03,2014-08-03 11:00:00,12,24.493795,29.48417
2014-08-03,2014-08-03 12:00:00,13,24.493795,30.708858
2014-08-03,2014-08-03 13:00:00,14,24.493795,30.82579
2014-08-03,2014-08-03 14:00:00,15,24.493795,30.360168
2014-08-03,2014-08-03 15:00:00,16,26.126715,29.776737
2014-08-03,2014-08-03 16:00:00,17,24.493795,27.279896
2014-08-03,2014-08-03 17:00:00,18,24.493795,27.67053
2014-08-03,2014-08-03 18:00:00,19,26.126715,27.551334
2014-08-03,2014-08-03 19:00:00,20,26.126715,27.636734
2014-08-03,2014-08-03 20:00:00,21,24.493795,27.682362
2014-08-03,2014-08-03 21:00:00,22,24.493795,28.790154
2014-08-03,2014-08-03 22:00:00,23,24.493795,28.014376
2014-08-03,2014-08-03 23:00:00,24,26.126715,28.002817
2014-08-04,2014-08-04 00:00:00,1,24.493795,31.41784
2014-08-04,2014-08-04 01:00:00,2,26.126715,30.34283
2014-08-04,2014-08-04 02:00:00,3,29.392553,30.692707
2014-08-04,2014-08-04 03:00:00,4,42.45591,34.385094
2014-08-04,2014-08-04 04:00:00,5,62.050945,46.352768
2014-08-04,2014-08-04 05:00:00,6,0.0,18.859676
2014-08-04,2014-08-04 06:00:00,7,0.0,0.49154663
2014-08-04,2014-08-04 07:00:00,8,0.0,0.29846764
2014-08-04,2014-08-04 08:00:00,9,0.0,0.3603058
2014-08-04,2014-08-04 09:00:00,10,0.0,0.3202772
2014-08-04,2014-08-04 10:00:00,11,0.0,0.20141602
2014-08-04,2014-08-04 11:00:00,12,0.0,0.26212502
2014-08-04,2014-08-04 12:00:00,13,0.0,0.15783882
2014-08-04,2014-08-04 13:00:00,14,0.0,0.22725391
2014-08-04,2014-08-04 14:00:00,15,0.0,0.13872147
2014-08-04,2014-08-04 15:00:00,16,0.0,0.09199524
2014-08-04,2014-08-04 16:00:00,17,0.0,0.24976349
2014-08-04,2014-08-04 17:00:00,18,0.0,0.31283855
2014-08-04,2014-08-04 18:00:00,19,0.0,0.30702305
2014-08-04,2014-08-04 19:00:00,20,0.0,0.27778816
2014-08-04,2014-08-04 20:00:00,21,0.0,0.241642
2014-08-04,2014-08-04 21:00:00,22,0.0,0.26585197
2014-08-04,2014-08-04 22:00:00,23,0.0,0.36694908
2014-08-04,2014-08-04 23:00:00,24,0.0,1.2783842
2014-08-05,2014-08-05 00:00:00,1,52.25343,42.258327
2014-08-05,2014-08-05 01:00:00,2,34.291313,27.114006
2014-08-05,2014-08-05 02:00:00,3,34.291313,25.592777
2014-08-05,2014-08-05 03:00:00,4,35.924232,26.553722
2014-08-05,2014-08-05 04:00:00,5,39.19007,27.081844
2014-08-05,2014-08-05 05:00:00,6,37.55715,26.341518
2014-08-05,2014-08-05 06:00:00,7,50.62051,32.795475
2014-08-05,2014-08-05 07:00:00,8,0.0,0.4215746
2014-08-05,2014-08-05 08:00:00,9,0.0,0.43015862
2014-08-05,2014-08-05 09:00:00,10,0.0,0.6196394
2014-08-05,2014-08-05 10:00:00,11,0.0,0.49348736
2014-08-05,2014-08-05 11:00:00,12,0.0,0.5217304
2014-08-05,2014-08-05 12:00:00,13,0.0,0.42999077
2014-08-05,2014-08-05 13:00:00,14,0.0,0.358881
2014-08-05,2014-08-05 14:00:00,15,0.0,0.29095554
2014-08-05,2014-08-05 15:00:00,16,0.0,0.22691345
2014-08-05,2014-08-05 16:00:00,17,0.0,0.25422287
2014-08-05,2014-08-05 17:00:00,18,0.0,0.24709702
2014-08-05,2014-08-05 18:00:00,19,0.0,0.29123688
2014-08-05,2014-08-05 19:00:00,20,0.0,0.2797737
2014-08-05,2014-08-05 20:00:00,21,0.0,0.18550491
2014-08-05,2014-08-05 21:00:00,22,0.0,0.19019604
2014-08-05,2014-08-05 22:00:00,23,0.0,0.18558598
2014-08-05,2014-08-05 23:00:00,24,0.0,0.42315388
2014-08-06,2014-08-06 00:00:00,1,48.98759,55.57373
2014-08-06,2014-08-06 01:00:00,2,31.025473,33.868843
2014-08-06,2014-08-06 02:00:00,3,29.392553,33.007065
2014-08-06,2014-08-06 03:00:00,4,27.759634,35.30014
2014-08-06,2014-08-06 04:00:00,5,26.126715,35.904423
2014-08-06,2014-08-06 05:00:00,6,26.126715,36.14186
2014-08-06,2014-08-06 06:00:00,7,37.55715,44.180443
2014-08-06,2014-08-06 07:00:00,8,0.0,0.3892994
2014-08-06,2014-08-06 08:00:00,9,0.0,0.42257595
2014-08-06,2014-08-06 09:00:00,10,0.0,0.72953796
2014-08-06,2014-08-06 10:00:00,11,0.0,0.58530426
2014-08-06,2014-08-06 11:00:00,12,0.0,0.6748848
2014-08-06,2014-08-06 12:00:00,13,0.0,0.5219984
2014-08-06,2014-08-06 13:00:00,14,0.0,0.51890373
2014-08-06,2014-08-06 14:00:00,15,0.0,0.40361214
2014-08-06,2014-08-06 15:00:00,16,0.0,0.29444218
2014-08-06,2014-08-06 16:00:00,17,0.0,0.41467857
2014-08-06,2014-08-06 17:00:00,18,0.0,0.42297935
2014-08-06,2014-08-06 18:00:00,19,0.0,0.45415306
2014-08-06,2014-08-06 19:00:00,20,0.0,0.44501305
2014-08-06,2014-08-06 20:00:00,21,0.0,0.31015396
2014-08-06,2014-08-06 21:00:00,22,0.0,0.34517288
2014-08-06,2014-08-06 22:00:00,23,0.0,0.24342728
2014-08-06,2014-08-06 23:00:00,24,0.0,0.3426466
2014-08-07,2014-08-07 00:00:00,1,47.35467,44.74644
2014-08-07,2014-08-07 01:00:00,2,31.025473,28.568312
2014-08-07,2014-08-07 02:00:00,3,27.759634,27.049292
2014-08-07,2014-08-07 03:00:00,4,26.126715,27.941423
2014-08-07,2014-08-07 04:00:00,5,26.126715,28.20949
2014-08-07,2014-08-07 05:00:00,6,26.126715,28.399075
2014-08-07,2014-08-07 06:00:00,7,37.55715,34.99612
2014-08-07,2014-08-07 07:00:00,8,0.0,0.2835045
2014-08-07,2014-08-07 08:00:00,9,0.0,0.27817154
2014-08-07,2014-08-07 09:00:00,10,0.0,0.56403637
2014-08-07,2014-08-07 10:00:00,11,0.0,0.41671658
2014-08-07,2014-08-07 11:00:00,12,0.0,0.5167885
2014-08-07,2014-08-07 12:00:00,13,0.0,0.38026524
2014-08-07,2014-08-07 13:00:00,14,0.0,0.37759018
2014-08-07,2014-08-07 14:00:00,15,0.0,0.27191162
2014-08-07,2014-08-07 15:00:00,16,0.0,0.2042551
2014-08-07,2014-08-07 16:00:00,17,0.0,0.24226665
2014-08-07,2014-08-07 17:00:00,18,0.0,0.27053833
2014-08-07,2014-08-07 18:00:00,19,0.0,0.24928856
2014-08-07,2014-08-07 19:00:00,20,0.0,0.23243046
2014-08-07,2014-08-07 20:00:00,21,0.0,0.13492775
2014-08-07,2014-08-07 21:00:00,22,0.0,0.2108221
2014-08-07,2014-08-07 22:00:00,23,0.0,0.16071606
2014-08-07,2014-08-07 23:00:00,24,1.6329197,0.31913757
2014-08-08,2014-08-08 00:00:00,1,48.98759,45.82837
2014-08-08,2014-08-08 01:00:00,2,31.025473,30.279839
2014-08-08,2014-08-08 02:00:00,3,27.759634,28.492828
2014-08-08,2014-08-08 03:00:00,4,29.392553,28.533705
2014-08-08,2014-08-08 04:00:00,5,27.759634,28.173532
2014-08-08,2014-08-08 05:00:00,6,27.759634,28.268726
2014-08-08,2014-08-08 06:00:00,7,39.19007,36.86371
2014-08-08,2014-08-08 07:00:00,8,1.6329197,0.6436014
2014-08-08,2014-08-08 08:00:00,9,0.0,0.2542715
2014-08-08,2014-08-08 09:00:00,10,0.0,0.5477047
2014-08-08,2014-08-08 10:00:00,11,0.0,0.41129017
2014-08-08,2014-08-08 11:00:00,12,0.0,0.49761105
2014-08-08,2014-08-08 12:00:00,13,0.0,0.37163925
2014-08-08,2014-08-08 13:00:00,14,0.0,0.37194347
2014-08-08,2014-08-08 14:00:00,15,0.0,0.22973824
2014-08-08,2014-08-08 15:00:00,16,0.0,0.10962677
2014-08-08,2014-08-08 16:00:00,17,0.0,0.16090202
2014-08-08,2014-08-08 17:00:00,18,0.0,0.2455883
2014-08-08,2014-08-08 18:00:00,19,0.0,0.23926258
2014-08-08,2014-08-08 19:00:00,20,0.0,0.17320156
2014-08-08,2014-08-08 20:00:00,21,0.0,0.2790928
2014-08-08,2014-08-08 21:00:00,22,0.0,0.29553318
2014-08-08,2014-08-08 22:00:00,23,0.0,0.26431084
2014-08-08,2014-08-08 23:00:00,24,0.0,0.4543438
2014-08-09,2014-08-09 00:00:00,1,32.658394,43.047344
2014-08-09,2014-08-09 01:00:00,2,29.392553,30.916645
2014-08-09,2014-08-09 02:00:00,3,27.759634,28.766697
2014-08-09,2014-08-09 03:00:00,4,27.759634,28.619549
2014-08-09,2014-08-09 04:00:00,5,26.126715,27.117598
2014-08-09,2014-08-09 05:00:00,6,26.126715,28.04113
2014-08-09,2014-08-09 06:00:00,7,27.759634,29.132805
2014-08-09,2014-08-09 07:00:00,8,26.126715,30.828259
2014-08-09,2014-08-09 08:00:00,9,24.493795,31.425468
2014-08-09,2014-08-09 09:00:00,10,26.126715,33.044086
2014-08-09,2014-08-09 10:00:00,11,26.126715,33.23217
2014-08-09,2014-08-09 11:00:00,12,27.759634,33.792965
2014-08-09,2014-08-09 12:00:00,13,24.493795,34.12277
2014-08-09,2014-08-09 13:00:00,14,26.126715,32.552986
2014-08-09,2014-08-09 14:00:00,15,26.126715,29.93433
2014-08-09,2014-08-09 15:00:00,16,24.493795,27.323614
2014-08-09,2014-08-09 16:00:00,17,24.493795,26.986788
2014-08-09,2014-08-09 17:00:00,18,24.493795,26.96009
2014-08-09,2014-08-09 18:00:00,19,26.126715,27.065033
2014-08-09,2014-08-09 19:00:00,20,24.493795,27.113297
2014-08-09,2014-08-09 20:00:00,21,24.493795,27.05079
2014-08-09,2014-08-09 21:00:00,22,24.493795,27.11752
2014-08-09,2014-08-09 22:00:00,23,24.493795,27.094563
2014-08-09,2014-08-09 23:00:00,24,27.759634,27.191097
2014-08-10,2014-08-10 00:00:00,1,24.493795,26.094505
2014-08-10,2014-08-10 01:00:00,2,26.126715,25.9399
2014-08-10,2014-08-10 02:00:00,3,27.759634,26.026638
2014-08-10,2014-08-10 03:00:00,4,26.126715,26.059822
2014-08-10,2014-08-10 04:00:00,5,24.493795,26.06015
2014-08-10,2014-08-10 05:00:00,6,24.493795,25.993027
2014-08-10,2014-08-10 06:00:00,7,24.493795,25.920513
2014-08-10,2014-08-10 07:00:00,8,24.493795,25.861753
2014-08-10,2014-08-10 08:00:00,9,21.227955,25.654324
2014-08-10,2014-08-10 09:00:00,10,21.227955,25.65347
2014-08-10,2014-08-10 10:00:00,11,19.595036,25.556763
2014-08-10,2014-08-10 11:00:00,12,21.227955,25.563396
2014-08-10,2014-08-10 12:00:00,13,31.025473,25.560978
2014-08-10,2014-08-10 13:00:00,14,27.759634,25.621807
2014-08-10,2014-08-10 14:00:00,15,24.493795,25.559498
2014-08-10,2014-08-10 15:00:00,16,24.493795,25.740326
2014-08-10,2014-08-10 16:00:00,17,24.493795,24.86137
2014-08-10,2014-08-10 17:00:00,18,24.493795,25.007162
2014-08-10,2014-08-10 18:00:00,19,24.493795,25.935625
2014-08-10,2014-08-10 19:00:00,20,22.860876,25.923641
2014-08-10,2014-08-10 20:00:00,21,24.493795,25.10363
2014-08-10,2014-08-10 21:00:00,22,24.493795,26.367859
2014-08-10,2014-08-10 22:00:00,23,24.493795,25.8112
2014-08-10,2014-08-10 23:00:00,24,26.126715,26.892284
2014-08-11,2014-08-11 00:00:00,1,58.785107,31.510674
2014-08-11,2014-08-11 01:00:00,2,29.392553,31.75893
2014-08-11,2014-08-11 02:00:00,3,27.759634,33.755478
2014-08-11,2014-08-11 03:00:00,4,34.291313,38.61589
2014-08-11,2014-08-11 04:00:00,5,29.392553,48.222904
2014-08-11,2014-08-11 05:00:00,6,17.962116,4.1658945
2014-08-11,2014-08-11 06:00:00,7,0.0,0.2207079
2014-08-11,2014-08-11 07:00:00,8,0.0,0.047122
2014-08-11,2014-08-11 08:00:00,9,0.0,0.15230274
2014-08-11,2014-08-11 09:00:00,10,0.0,0.27115345
2014-08-11,2014-08-11 10:00:00,11,0.0,0.10003281
2014-08-11,2014-08-11 11:00:00,12,0.0,0.094156265
2014-08-11,2014-08-11 12:00:00,13,0.0,0.04253006
2014-08-11,2014-08-11 13:00:00,14,0.0,0.09722614
2014-08-11,2014-08-11 14:00:00,15,0.0,0.03992939
2014-08-11,2014-08-11 15:00:00,16,0.0,-0.021548271
2014-08-11,2014-08-11 16:00:00,17,0.0,0.2832985
2014-08-11,2014-08-11 17:00:00,18,0.0,0.34483337
2014-08-11,2014-08-11 18:00:00,19,0.0,0.32706928
2014-08-11,2014-08-11 19:00:00,20,0.0,0.2475748
2014-08-11,2014-08-11 20:00:00,21,0.0,0.18132687
2014-08-11,2014-08-11 21:00:00,22,0.0,0.2055769
2014-08-11,2014-08-11 22:00:00,23,0.0,0.12469673
2014-08-11,2014-08-11 23:00:00,24,1.6329197,0.31102848
2014-08-12,2014-08-12 00:00:00,1,44.08883,46.10108
2014-08-12,2014-08-12 01:00:00,2,26.126715,30.529099
2014-08-12,2014-08-12 02:00:00,3,26.126715,28.435318
2014-08-12,2014-08-12 03:00:00,4,26.126715,28.389637
2014-08-12,2014-08-12 04:00:00,5,27.759634,27.81025
2014-08-12,2014-08-12 05:00:00,6,27.759634,28.280712
2014-08-12,2014-08-12 06:00:00,7,34.291313,35.604652
2014-08-12,2014-08-12 07:00:00,8,4.898759,0.55301476
2014-08-12,2014-08-12 08:00:00,9,0.0,0.37736034
2014-08-12,2014-08-12 09:00:00,10,0.0,0.6733494
2014-08-12,2014-08-12 10:00:00,11,0.0,0.49683666
2014-08-12,2014-08-12 11:00:00,12,0.0,0.60575104
2014-08-12,2014-08-12 12:00:00,13,0.0,0.49210453
2014-08-12,2014-08-12 13:00:00,14,0.0,0.46952057
2014-08-12,2014-08-12 14:00:00,15,0.0,0.3553133
2014-08-12,2014-08-12 15:00:00,16,0.0,0.20837307
2014-08-12,2014-08-12 16:00:00,17,0.0,0.31679535
2014-08-12,2014-08-12 17:00:00,18,0.0,0.32702827
2014-08-12,2014-08-12 18:00:00,19,0.0,0.33094978
2014-08-12,2014-08-12 19:00:00,20,0.0,0.28987312
2014-08-12,2014-08-12 20:00:00,21,0.0,0.26279545
2014-08-12,2014-08-12 21:00:00,22,0.0,0.27035332
2014-08-12,2014-08-12 22:00:00,23,0.0,0.33804512
2014-08-12,2014-08-12 23:00:00,24,1.6329197,0.80866337
2014-08-13,2014-08-13 00:00:00,1,48.98759,44.573578
2014-08-13,2014-08-13 01:00:00,2,35.924232,28.608707
2014-08-13,2014-08-13 02:00:00,3,32.658394,26.496798
2014-08-13,2014-08-13 03:00:00,4,32.658394,26.9063
2014-08-13,2014-08-13 04:00:00,5,32.658394,26.456303
2014-08-13,2014-08-13 05:00:00,6,32.658394,27.070408
2014-08-13,2014-08-13 06:00:00,7,31.025473,34.72174
2014-08-13,2014-08-13 07:00:00,8,14.696277,1.0434685
2014-08-13,2014-08-13 08:00:00,9,0.0,0.26137257
2014-08-13,2014-08-13 09:00:00,10,0.0,0.5086622
2014-08-13,2014-08-13 10:00:00,11,0.0,0.38844585
2014-08-13,2014-08-13 11:00:00,12,0.0,0.48105335
2014-08-13,2014-08-13 12:00:00,13,0.0,0.38125896
2014-08-13,2014-08-13 13:00:00,14,0.0,0.41526318
2014-08-13,2014-08-13 14:00:00,15,0.0,0.20556259
2014-08-13,2014-08-13 15:00:00,16,0.0,0.13859272
2014-08-13,2014-08-13 16:00:00,17,0.0,0.38359642
2014-08-13,2014-08-13 17:00:00,18,0.0,0.37558174
2014-08-13,2014-08-13 18:00:00,19,0.0,0.36416054
2014-08-13,2014-08-13 19:00:00,20,0.0,0.3434162
2014-08-13,2014-08-13 20:00:00,21,0.0,0.27004242
2014-08-13,2014-08-13 21:00:00,22,0.0,0.28842545
2014-08-13,2014-08-13 22:00:00,23,0.0,0.29490852
2014-08-13,2014-08-13 23:00:00,24,0.0,0.7679825
2014-08-14,2014-08-14 00:00:00,1,48.98759,44.13725
2014-08-14,2014-08-14 01:00:00,2,27.759634,29.534817
2014-08-14,2014-08-14 02:00:00,3,29.392553,27.106922
2014-08-14,2014-08-14 03:00:00,4,29.392553,27.61812
2014-08-14,2014-08-14 04:00:00,5,27.759634,27.227364
2014-08-14,2014-08-14 05:00:00,6,27.759634,27.732235
2014-08-14,2014-08-14 06:00:00,7,32.658394,32.826225
2014-08-14,2014-08-14 07:00:00,8,14.696277,3.3153582
2014-08-14,2014-08-14 08:00:00,9,0.0,0.32580757
2014-08-14,2014-08-14 09:00:00,10,0.0,0.5208254
2014-08-14,2014-08-14 10:00:00,11,0.0,0.40387058
2014-08-14,2014-08-14 11:00:00,12,0.0,0.48013878
2014-08-14,2014-08-14 12:00:00,13,0.0,0.38440704
2014-08-14,2014-08-14 13:00:00,14,0.0,0.42913342
2014-08-14,2014-08-14 14:00:00,15,0.0,0.30680466
2014-08-14,2014-08-14 15:00:00,16,0.0,0.17146015
2014-08-14,2014-08-14 16:00:00,17,0.0,0.27364254
2014-08-14,2014-08-14 17:00:00,18,0.0,0.2450962
2014-08-14,2014-08-14 18:00:00,19,0.0,0.2667055
2014-08-14,2014-08-14 19:00:00,20,0.0,0.23997688
2014-08-14,2014-08-14 20:00:00,21,0.0,0.237257
2014-08-14,2014-08-14 21:00:00,22,0.0,0.255064
2014-08-14,2014-08-14 22:00:00,23,0.0,0.25757885
2014-08-14,2014-08-14 23:00:00,24,1.6329197,0.44985676
2014-08-15,2014-08-15 00:00:00,1,53.88635,46.43554
2014-08-15,2014-08-15 01:00:00,2,34.291313,31.529516
2014-08-15,2014-08-15 02:00:00,3,27.759634,29.356407
2014-08-15,2014-08-15 03:00:00,4,26.126715,29.47597
2014-08-15,2014-08-15 04:00:00,5,27.759634,28.80946
2014-08-15,2014-08-15 05:00:00,6,26.126715,29.346336
2014-08-15,2014-08-15 06:00:00,7,27.759634,34.342724
2014-08-15,2014-08-15 07:00:00,8,26.126715,8.069683
2014-08-15,2014-08-15 08:00:00,9,24.493795,0.2996893
2014-08-15,2014-08-15 09:00:00,10,26.126715,0.49419785
2014-08-15,2014-08-15 10:00:00,11,24.493795,0.428586
2014-08-15,2014-08-15 11:00:00,12,22.860876,0.48673916
2014-08-15,2014-08-15 12:00:00,13,24.493795,0.3455372
2014-08-15,2014-08-15 13:00:00,14,22.860876,0.43616486
2014-08-15,2014-08-15 14:00:00,15,24.493795,0.2636032
2014-08-15,2014-08-15 15:00:00,16,22.860876,0.1107893
2014-08-15,2014-08-15 16:00:00,17,24.493795,0.036803246
2014-08-15,2014-08-15 17:00:00,18,22.860876,0.053980827
2014-08-15,2014-08-15 18:00:00,19,26.126715,0.087955475
2014-08-15,2014-08-15 19:00:00,20,22.860876,0.010047913
2014-08-15,2014-08-15 20:00:00,21,24.493795,0.10670662
2014-08-15,2014-08-15 21:00:00,22,24.493795,0.1363554
2014-08-15,2014-08-15 22:00:00,23,24.493795,0.17028427
2014-08-15,2014-08-15 23:00:00,24,26.126715,0.42882156
2014-08-16,2014-08-16 00:00:00,1,29.392553,31.284489
2014-08-16,2014-08-16 01:00:00,2,22.860876,29.914146
2014-08-16,2014-08-16 02:00:00,3,24.493795,29.05052
2014-08-16,2014-08-16 03:00:00,4,24.493795,28.742155
2014-08-16,2014-08-16 04:00:00,5,26.126715,28.421743
2014-08-16,2014-08-16 05:00:00,6,24.493795,28.62439
2014-08-16,2014-08-16 06:00:00,7,24.493795,29.012695
2014-08-16,2014-08-16 07:00:00,8,24.493795,29.750488
2014-08-16,2014-08-16 08:00:00,9,24.493795,30.141468
2014-08-16,2014-08-16 09:00:00,10,22.860876,30.96368
2014-08-16,2014-08-16 10:00:00,11,26.126715,31.184677
2014-08-16,2014-08-16 11:00:00,12,22.860876,31.549664
2014-08-16,2014-08-16 12:00:00,13,22.860876,31.294712
2014-08-16,2014-08-16 13:00:00,14,22.860876,30.819162
2014-08-16,2014-08-16 14:00:00,15,24.493795,29.309673
2014-08-16,2014-08-16 15:00:00,16,22.860876,27.715153
2014-08-16,2014-08-16 16:00:00,17,22.860876,26.056063
2014-08-16,2014-08-16 17:00:00,18,24.493795,26.008812
2014-08-16,2014-08-16 18:00:00,19,22.860876,26.250195
2014-08-16,2014-08-16 19:00:00,20,24.493795,26.253376
2014-08-16,2014-08-16 20:00:00,21,24.493795,26.154224
2014-08-16,2014-08-16 21:00:00,22,22.860876,26.2307
2014-08-16,2014-08-16 22:00:00,23,24.493795,26.256453
2014-08-16,2014-08-16 23:00:00,24,24.493795,26.500278
2014-08-17,2014-08-17 00:00:00,1,24.493795,24.837025
2014-08-17,2014-08-17 01:00:00,2,22.860876,24.7833
2014-08-17,2014-08-17 02:00:00,3,24.493795,24.651611
2014-08-17,2014-08-17 03:00:00,4,24.493795,24.594837
2014-08-17,2014-08-17 04:00:00,5,24.493795,24.460613
2014-08-17,2014-08-17 05:00:00,6,24.493795,24.461147
2014-08-17,2014-08-17 06:00:00,7,24.493795,24.40799
2014-08-17,2014-08-17 07:00:00,8,24.493795,24.33162
2014-08-17,2014-08-17 08:00:00,9,22.860876,24.19067
2014-08-17,2014-08-17 09:00:00,10,22.860876,24.150272
2014-08-17,2014-08-17 10:00:00,11,24.493795,24.068308
2014-08-17,2014-08-17 11:00:00,12,22.860876,24.078579
2014-08-17,2014-08-17 12:00:00,13,22.860876,24.124325
2014-08-17,2014-08-17 13:00:00,14,24.493795,24.17312
2014-08-17,2014-08-17 14:00:00,15,22.860876,24.147583
2014-08-17,2014-08-17 15:00:00,16,24.493795,24.263847
2014-08-17,2014-08-17 16:00:00,17,24.493795,23.658604
2014-08-17,2014-08-17 17:00:00,18,22.860876,23.515823
2014-08-17,2014-08-17 18:00:00,19,26.126715,23.379725
2014-08-17,2014-08-17 19:00:00,20,26.126715,23.751879
2014-08-17,2014-08-17 20:00:00,21,24.493795,24.024092
2014-08-17,2014-08-17 21:00:00,22,24.493795,24.254894
2014-08-17,2014-08-17 22:00:00,23,26.126715,24.965555
2014-08-17,2014-08-17 23:00:00,24,24.493795,26.223488
2014-08-18,2014-08-18 00:00:00,1,26.126715,33.221783
2014-08-18,2014-08-18 01:00:00,2,26.126715,29.384785
2014-08-18,2014-08-18 02:00:00,3,31.025473,29.053602
2014-08-18,2014-08-18 03:00:00,4,32.658394,30.837868
2014-08-18,2014-08-18 04:00:00,5,55.519268,31.168818
2014-08-18,2014-08-18 05:00:00,6,35.924232,20.618114
2014-08-18,2014-08-18 06:00:00,7,0.0,2.8270464
2014-08-18,2014-08-18 07:00:00,8,0.0,-0.17421818
2014-08-18,2014-08-18 08:00:00,9,0.0,-0.35951233
2014-08-18,2014-08-18 09:00:00,10,0.0,-0.14966202
2014-08-18,2014-08-18 10:00:00,11,0.0,-0.20371151
2014-08-18,2014-08-18 11:00:00,12,0.0,-0.13417816
2014-08-18,2014-08-18 12:00:00,13,0.0,-0.17529488
2014-08-18,2014-08-18 13:00:00,14,0.0,-0.15805054
2014-08-18,2014-08-18 14:00:00,15,0.0,-0.32510376
2014-08-18,2014-08-18 15:00:00,16,0.0,-0.15658665
2014-08-18,2014-08-18 16:00:00,17,0.0,-0.10800457
2014-08-18,2014-08-18 17:00:00,18,0.0,-0.20911503
2014-08-18,2014-08-18 18:00:00,19,0.0,-0.1266985
2014-08-18,2014-08-18 19:00:00,20,0.0,-0.22905922
2014-08-18,2014-08-18 20:00:00,21,0.0,-0.16880226
2014-08-18,2014-08-18 21:00:00,22,0.0,-0.14307117
2014-08-18,2014-08-18 22:00:00,23,0.0,-0.04729271
2014-08-18,2014-08-18 23:00:00,24,0.0,0.4242258
2014-08-19,2014-08-19 00:00:00,1,42.45591,42.562065
2014-08-19,2014-08-19 01:00:00,2,19.595036,27.117329
2014-08-19,2014-08-19 02:00:00,3,17.962116,25.091438
2014-08-19,2014-08-19 03:00:00,4,17.962116,25.919853
2014-08-19,2014-08-19 04:00:00,5,16.329197,26.490288
2014-08-19,2014-08-19 05:00:00,6,16.329197,26.39035
2014-08-19,2014-08-19 06:00:00,7,29.392553,28.361115
2014-08-19,2014-08-19 07:00:00,8,0.0,1.9414606
2014-08-19,2014-08-19 08:00:00,9,0.0,0.49838543
2014-08-19,2014-08-19 09:00:00,10,0.0,0.51497936
2014-08-19,2014-08-19 10:00:00,11,0.0,0.4436903
2014-08-19,2014-08-19 11:00:00,12,0.0,0.49422932
2014-08-19,2014-08-19 12:00:00,13,0.0,0.4073248
2014-08-19,2014-08-19 13:00:00,14,0.0,0.4337616
2014-08-19,2014-08-19 14:00:00,15,0.0,0.33979893
2014-08-19,2014-08-19 15:00:00,16,0.0,0.17827034
2014-08-19,2014-08-19 16:00:00,17,0.0,0.160079
2014-08-19,2014-08-19 17:00:00,18,0.0,0.029277802
2014-08-19,2014-08-19 18:00:00,19,0.0,0.13307667
2014-08-19,2014-08-19 19:00:00,20,0.0,0.016701698
2014-08-19,2014-08-19 20:00:00,21,0.0,0.0123643875
2014-08-19,2014-08-19 21:00:00,22,0.0,-0.040388107
2014-08-19,2014-08-19 22:00:00,23,0.0,-0.101545334
2014-08-19,2014-08-19 23:00:00,24,0.0,-0.09445763
2014-08-20,2014-08-20 00:00:00,1,45.721752,39.48378
2014-08-20,2014-08-20 01:00:00,2,16.329197,21.770409
2014-08-20,2014-08-20 02:00:00,3,17.962116,20.153473
2014-08-20,2014-08-20 03:00:00,4,16.329197,20.380835
2014-08-20,2014-08-20 04:00:00,5,16.329197,19.253029
2014-08-20,2014-08-20 05:00:00,6,16.329197,20.225975
2014-08-20,2014-08-20 06:00:00,7,26.126715,27.455162
2014-08-20,2014-08-20 07:00:00,8,0.0,0.6946211
2014-08-20,2014-08-20 08:00:00,9,0.0,0.11597729
2014-08-20,2014-08-20 09:00:00,10,0.0,0.31164742
2014-08-20,2014-08-20 10:00:00,11,0.0,0.21094608
2014-08-20,2014-08-20 11:00:00,12,0.0,0.30288124
2014-08-20,2014-08-20 12:00:00,13,0.0,0.22947788
2014-08-20,2014-08-20 13:00:00,14,0.0,0.3077488
2014-08-20,2014-08-20 14:00:00,15,0.0,0.23228359
2014-08-20,2014-08-20 15:00:00,16,0.0,0.097766876
2014-08-20,2014-08-20 16:00:00,17,0.0,0.20749187
2014-08-20,2014-08-20 17:00:00,18,0.0,0.1057148
2014-08-20,2014-08-20 18:00:00,19,0.0,0.13126183
2014-08-20,2014-08-20 19:00:00,20,0.0,0.07459545
2014-08-20,2014-08-20 20:00:00,21,0.0,0.06586647
2014-08-20,2014-08-20 21:00:00,22,0.0,-0.025360107
2014-08-20,2014-08-20 22:00:00,23,0.0,-0.0021781921
2014-08-20,2014-08-20 23:00:00,24,0.0,-0.006980896
2014-08-21,2014-08-21 00:00:00,1,47.35467,37.844303
2014-08-21,2014-08-21 01:00:00,2,21.227955,19.16236
2014-08-21,2014-08-21 02:00:00,3,19.595036,17.283895
2014-08-21,2014-08-21 03:00:00,4,16.329197,17.776743
2014-08-21,2014-08-21 04:00:00,5,16.329197,16.252327
2014-08-21,2014-08-21 05:00:00,6,17.962116,16.982538
2014-08-21,2014-08-21 06:00:00,7,27.759634,24.829433
2014-08-21,2014-08-21 07:00:00,8,0.0,0.5391493
2014-08-21,2014-08-21 08:00:00,9,0.0,0.009973526
2014-08-21,2014-08-21 09:00:00,10,0.0,0.29209995
2014-08-21,2014-08-21 10:00:00,11,0.0,0.21536064
2014-08-21,2014-08-21 11:00:00,12,0.0,0.28885365
2014-08-21,2014-08-21 12:00:00,13,0.0,0.20776558
2014-08-21,2014-08-21 13:00:00,14,0.0,0.2434864
2014-08-21,2014-08-21 14:00:00,15,0.0,0.15426064
2014-08-21,2014-08-21 15:00:00,16,0.0,-0.010759354
2014-08-21,2014-08-21 16:00:00,17,0.0,0.1159544
2014-08-21,2014-08-21 17:00:00,18,0.0,-0.024158478
2014-08-21,2014-08-21 18:00:00,19,0.0,0.06692219
2014-08-21,2014-08-21 19:00:00,20,0.0,0.0033988953
2014-08-21,2014-08-21 20:00:00,21,0.0,-0.014393806
2014-08-21,2014-08-21 21:00:00,22,0.0,-0.063212395
2014-08-21,2014-08-21 22:00:00,23,0.0,-0.07310104
2014-08-21,2014-08-21 23:00:00,24,0.0,-0.06749344
2014-08-22,2014-08-22 00:00:00,1,44.08883,41.025757
2014-08-22,2014-08-22 01:00:00,2,19.595036,22.986572
2014-08-22,2014-08-22 02:00:00,3,16.329197,21.021307
2014-08-22,2014-08-22 03:00:00,4,16.329197,20.490736
2014-08-22,2014-08-22 04:00:00,5,16.329197,19.190529
2014-08-22,2014-08-22 05:00:00,6,16.329197,20.301182
2014-08-22,2014-08-22 06:00:00,7,27.759634,27.270676
2014-08-22,2014-08-22 07:00:00,8,0.0,2.4432678
2014-08-22,2014-08-22 08:00:00,9,0.0,0.1961565
2014-08-22,2014-08-22 09:00:00,10,0.0,0.8437195
2014-08-22,2014-08-22 10:00:00,11,0.0,0.3843441
2014-08-22,2014-08-22 11:00:00,12,0.0,0.18966961
2014-08-22,2014-08-22 12:00:00,13,0.0,-0.023555756
2014-08-22,2014-08-22 13:00:00,14,0.0,-0.026585579
2014-08-22,2014-08-22 14:00:00,15,0.0,-0.16936684
2014-08-22,2014-08-22 15:00:00,16,0.0,-0.19177723
2014-08-22,2014-08-22 16:00:00,17,0.0,-0.23177147
2014-08-22,2014-08-22 17:00:00,18,0.0,-0.49014282
2014-08-22,2014-08-22 18:00:00,19,0.0,-0.35524178
2014-08-22,2014-08-22 19:00:00,20,0.0,-0.522172
2014-08-22,2014-08-22 20:00:00,21,0.0,-0.3518448
2014-08-22,2014-08-22 21:00:00,22,0.0,-0.40451908
2014-08-22,2014-08-22 22:00:00,23,0.0,-0.26746082
2014-08-22,2014-08-22 23:00:00,24,0.0,0.37646103
2014-08-23,2014-08-23 00:00:00,1,42.45591,9.939818
2014-08-23,2014-08-23 01:00:00,2,16.329197,0.86671734
2014-08-23,2014-08-23 02:00:00,3,16.329197,0.5841265
2014-08-23,2014-08-23 03:00:00,4,14.696277,1.1891403
2014-08-23,2014-08-23 04:00:00,5,14.696277,0.46252537
2014-08-23,2014-08-23 05:00:00,6,13.063357,0.6172142
2014-08-23,2014-08-23 06:00:00,7,14.696277,0.52695084
2014-08-23,2014-08-23 07:00:00,8,13.063357,-0.15686607
2014-08-23,2014-08-23 08:00:00,9,11.430438,-0.19635296
2014-08-23,2014-08-23 09:00:00,10,13.063357,-0.03938389
2014-08-23,2014-08-23 10:00:00,11,24.493795,-0.1845808
2014-08-23,2014-08-23 11:00:00,12,32.658394,0.06992817
2014-08-23,2014-08-23 12:00:00,13,27.759634,0.20613956
2014-08-23,2014-08-23 13:00:00,14,22.860876,0.26002693
2014-08-23,2014-08-23 14:00:00,15,27.759634,0.7758188
2014-08-23,2014-08-23 15:00:00,16,22.860876,0.24532509
2014-08-23,2014-08-23 16:00:00,17,21.227955,-0.0028648376
2014-08-23,2014-08-23 17:00:00,18,21.227955,-0.102555275
2014-08-23,2014-08-23 18:00:00,19,21.227955,-0.0028085709
2014-08-23,2014-08-23 19:00:00,20,21.227955,0.31135464
2014-08-23,2014-08-23 20:00:00,21,21.227955,-0.16369438
2014-08-23,2014-08-23 21:00:00,22,24.493795,-0.25546265
2014-08-23,2014-08-23 22:00:00,23,21.227955,-0.15081501
2014-08-23,2014-08-23 23:00:00,24,22.860876,-0.063384056
2014-08-24,2014-08-24 00:00:00,1,21.227955,23.70478
2014-08-24,2014-08-24 01:00:00,2,21.227955,23.629433
2014-08-24,2014-08-24 02:00:00,3,22.860876,23.50767
2014-08-24,2014-08-24 03:00:00,4,22.860876,23.452702
2014-08-24,2014-08-24 04:00:00,5,21.227955,23.364723
2014-08-24,2014-08-24 05:00:00,6,22.860876,23.322323
2014-08-24,2014-08-24 06:00:00,7,21.227955,23.12418
2014-08-24,2014-08-24 07:00:00,8,22.860876,22.9281
2014-08-24,2014-08-24 08:00:00,9,21.227955,22.65419
2014-08-24,2014-08-24 09:00:00,10,21.227955,22.737427
2014-08-24,2014-08-24 10:00:00,11,21.227955,22.783756
2014-08-24,2014-08-24 11:00:00,12,21.227955,23.091858
2014-08-24,2014-08-24 12:00:00,13,22.860876,23.321396
2014-08-24,2014-08-24 13:00:00,14,21.227955,23.553032
2014-08-24,2014-08-24 14:00:00,15,19.595036,23.556625
2014-08-24,2014-08-24 15:00:00,16,22.860876,23.515797
2014-08-24,2014-08-24 16:00:00,17,21.227955,22.421188
2014-08-24,2014-08-24 17:00:00,18,21.227955,22.293701
2014-08-24,2014-08-24 18:00:00,19,21.227955,22.670551
2014-08-24,2014-08-24 19:00:00,20,19.595036,22.978897
2014-08-24,2014-08-24 20:00:00,21,22.860876,22.939606
2014-08-24,2014-08-24 21:00:00,22,22.860876,23.385834
2014-08-24,2014-08-24 22:00:00,23,21.227955,23.42197
2014-08-24,2014-08-24 23:00:00,24,21.227955,23.81047
2014-08-25,2014-08-25 00:00:00,1,26.126715,27.284653
2014-08-25,2014-08-25 01:00:00,2,47.35467,24.827839
2014-08-25,2014-08-25 02:00:00,3,32.658394,25.762465
2014-08-25,2014-08-25 03:00:00,4,29.392553,26.928047
2014-08-25,2014-08-25 04:00:00,5,29.392553,28.891453
2014-08-25,2014-08-25 05:00:00,6,16.329197,26.092756
2014-08-25,2014-08-25 06:00:00,7,0.0,-0.16667652
2014-08-25,2014-08-25 07:00:00,8,0.0,-0.5253496
2014-08-25,2014-08-25 08:00:00,9,0.0,-0.40756893
2014-08-25,2014-08-25 09:00:00,10,0.0,-0.24864769
2014-08-25,2014-08-25 10:00:00,11,0.0,-0.00598526
2014-08-25,2014-08-25 11:00:00,12,0.0,-0.17925167
2014-08-25,2014-08-25 12:00:00,13,0.0,-0.258152
2014-08-25,2014-08-25 13:00:00,14,0.0,-0.20009136
2014-08-25,2014-08-25 14:00:00,15,0.0,-0.31964016
2014-08-25,2014-08-25 15:00:00,16,0.0,-0.15503693
2014-08-25,2014-08-25 16:00:00,17,0.0,-0.33513927
2014-08-25,2014-08-25 17:00:00,18,0.0,-0.42823315
2014-08-25,2014-08-25 18:00:00,19,0.0,-0.3254223
2014-08-25,2014-08-25 19:00:00,20,0.0,-0.37908173
2014-08-25,2014-08-25 20:00:00,21,0.0,-0.4055071
2014-08-25,2014-08-25 21:00:00,22,0.0,-0.38755512
2014-08-25,2014-08-25 22:00:00,23,68.58263,-0.39367104
2014-08-25,2014-08-25 23:00:00,24,68.58263,-0.1944952
2014-08-26,2014-08-26 00:00:00,1,37.55715,81.91044
2014-08-26,2014-08-26 01:00:00,2,26.126715,75.59902
2014-08-26,2014-08-26 02:00:00,3,26.126715,69.94477
2014-08-26,2014-08-26 03:00:00,4,26.126715,65.67831
2014-08-26,2014-08-26 04:00:00,5,26.126715,61.81331
2014-08-26,2014-08-26 05:00:00,6,26.126715,51.056572
2014-08-26,2014-08-26 06:00:00,7,34.291313,23.671337
2014-08-26,2014-08-26 07:00:00,8,0.0,8.402321
2014-08-26,2014-08-26 08:00:00,9,0.0,1.7127256
2014-08-26,2014-08-26 09:00:00,10,35.924232,0.85013103
2014-08-26,2014-08-26 10:00:00,11,0.0,0.39994812
2014-08-26,2014-08-26 11:00:00,12,0.0,0.6223459
2014-08-26,2014-08-26 12:00:00,13,0.0,0.4349947
2014-08-26,2014-08-26 13:00:00,14,0.0,0.34338474
2014-08-26,2014-08-26 14:00:00,15,0.0,0.6294184
2014-08-26,2014-08-26 15:00:00,16,0.0,0.8913355
2014-08-26,2014-08-26 16:00:00,17,0.0,0.1695652
2014-08-26,2014-08-26 17:00:00,18,0.0,-0.40923882
2014-08-26,2014-08-26 18:00:00,19,0.0,-0.92135334
2014-08-26,2014-08-26 19:00:00,20,0.0,-0.5011749
2014-08-26,2014-08-26 20:00:00,21,0.0,-0.7616234
2014-08-26,2014-08-26 21:00:00,22,0.0,0.016469955
2014-08-26,2014-08-26 22:00:00,23,0.0,22.519287
2014-08-26,2014-08-26 23:00:00,24,0.0,35.808556
2014-08-27,2014-08-27 00:00:00,1,45.721752,37.578125
2014-08-27,2014-08-27 01:00:00,2,31.025473,20.48988
2014-08-27,2014-08-27 02:00:00,3,27.759634,16.967823
2014-08-27,2014-08-27 03:00:00,4,31.025473,17.171394
2014-08-27,2014-08-27 04:00:00,5,27.759634,16.199923
2014-08-27,2014-08-27 05:00:00,6,29.392553,17.596657
2014-08-27,2014-08-27 06:00:00,7,31.025473,21.62235
2014-08-27,2014-08-27 07:00:00,8,13.063357,0.58723354
2014-08-27,2014-08-27 08:00:00,9,0.0,0.20422935
2014-08-27,2014-08-27 09:00:00,10,0.0,0.53570366
2014-08-27,2014-08-27 10:00:00,11,0.0,0.2198801
2014-08-27,2014-08-27 11:00:00,12,0.0,0.38675308
2014-08-27,2014-08-27 12:00:00,13,0.0,0.35984135
2014-08-27,2014-08-27 13:00:00,14,0.0,0.36760616
2014-08-27,2014-08-27 14:00:00,15,0.0,0.40497494
2014-08-27,2014-08-27 15:00:00,16,0.0,0.26639652
2014-08-27,2014-08-27 16:00:00,17,0.0,0.18126202
2014-08-27,2014-08-27 17:00:00,18,0.0,0.054790497
2014-08-27,2014-08-27 18:00:00,19,0.0,0.14056015
2014-08-27,2014-08-27 19:00:00,20,0.0,0.10546303
2014-08-27,2014-08-27 20:00:00,21,0.0,0.03867054
2014-08-27,2014-08-27 21:00:00,22,0.0,0.041178703
2014-08-27,2014-08-27 22:00:00,23,0.0,-0.11121845
2014-08-27,2014-08-27 23:00:00,24,0.0,-0.15834618
2014-08-28,2014-08-28 00:00:00,1,45.721752,42.160553
2014-08-28,2014-08-28 01:00:00,2,27.759634,26.270123
2014-08-28,2014-08-28 02:00:00,3,26.126715,23.962784
2014-08-28,2014-08-28 03:00:00,4,29.392553,24.091103
2014-08-28,2014-08-28 04:00:00,5,26.126715,23.562931
2014-08-28,2014-08-28 05:00:00,6,26.126715,24.767038
2014-08-28,2014-08-28 06:00:00,7,32.658394,28.776924
2014-08-28,2014-08-28 07:00:00,8,9.797518,7.403506
2014-08-28,2014-08-28 08:00:00,9,0.0,0.19827461
2014-08-28,2014-08-28 09:00:00,10,0.0,0.3766384
2014-08-28,2014-08-28 10:00:00,11,0.0,0.22347069
2014-08-28,2014-08-28 11:00:00,12,0.0,0.2690363
2014-08-28,2014-08-28 12:00:00,13,0.0,0.17743301
2014-08-28,2014-08-28 13:00:00,14,0.0,0.23801994
2014-08-28,2014-08-28 14:00:00,15,0.0,0.14576817
2014-08-28,2014-08-28 15:00:00,16,0.0,-0.028996468
2014-08-28,2014-08-28 16:00:00,17,0.0,0.050541878
2014-08-28,2014-08-28 17:00:00,18,0.0,-0.088552475
2014-08-28,2014-08-28 18:00:00,19,0.0,-0.0544672
2014-08-28,2014-08-28 19:00:00,20,0.0,-0.04399681
2014-08-28,2014-08-28 20:00:00,21,0.0,-0.00438118
2014-08-28,2014-08-28 21:00:00,22,0.0,0.019874573
2014-08-28,2014-08-28 22:00:00,23,0.0,-0.017368317
2014-08-28,2014-08-28 23:00:00,24,0.0,0.08829689
2014-08-29,2014-08-29 00:00:00,1,45.721752,41.976604
2014-08-29,2014-08-29 01:00:00,2,29.392553,27.885836
2014-08-29,2014-08-29 02:00:00,3,26.126715,24.72221
2014-08-29,2014-08-29 03:00:00,4,26.126715,25.063705
2014-08-29,2014-08-29 04:00:00,5,29.392553,23.79172
2014-08-29,2014-08-29 05:00:00,6,26.126715,24.55582
2014-08-29,2014-08-29 06:00:00,7,27.759634,29.279243
2014-08-29,2014-08-29 07:00:00,8,17.962116,8.46702
2014-08-29,2014-08-29 08:00:00,9,0.0,0.26098537
2014-08-29,2014-08-29 09:00:00,10,0.0,0.36171722
2014-08-29,2014-08-29 10:00:00,11,0.0,0.33131123
2014-08-29,2014-08-29 11:00:00,12,0.0,0.3487749
2014-08-29,2014-08-29 12:00:00,13,0.0,0.21591473
2014-08-29,2014-08-29 13:00:00,14,0.0,0.24299717
2014-08-29,2014-08-29 14:00:00,15,0.0,0.20452881
2014-08-29,2014-08-29 15:00:00,16,0.0,0.023680687
2014-08-29,2014-08-29 16:00:00,17,0.0,-0.11849117
2014-08-29,2014-08-29 17:00:00,18,0.0,-0.28681755
2014-08-29,2014-08-29 18:00:00,19,0.0,-0.22326374
2014-08-29,2014-08-29 19:00:00,20,0.0,-0.24221611
2014-08-29,2014-08-29 20:00:00,21,0.0,-0.2563219
2014-08-29,2014-08-29 21:00:00,22,0.0,-0.20829296
2014-08-29,2014-08-29 22:00:00,23,0.0,-0.34009743
2014-08-29,2014-08-29 23:00:00,24,0.0,-0.24514675
2014-08-30,2014-08-30 00:00:00,1,48.98759,32.26844
2014-08-30,2014-08-30 01:00:00,2,27.759634,24.526863
2014-08-30,2014-08-30 02:00:00,3,29.392553,23.117266
2014-08-30,2014-08-30 03:00:00,4,27.759634,23.428879
2014-08-30,2014-08-30 04:00:00,5,27.759634,23.627047
2014-08-30,2014-08-30 05:00:00,6,26.126715,23.287441
2014-08-30,2014-08-30 06:00:00,7,26.126715,23.649948
2014-08-30,2014-08-30 07:00:00,8,26.126715,22.546259
2014-08-30,2014-08-30 08:00:00,9,24.493795,19.214842
2014-08-30,2014-08-30 09:00:00,10,26.126715,20.158024
2014-08-30,2014-08-30 10:00:00,11,26.126715,23.799885
2014-08-30,2014-08-30 11:00:00,12,27.759634,24.924397
2014-08-30,2014-08-30 12:00:00,13,26.126715,24.805637
2014-08-30,2014-08-30 13:00:00,14,26.126715,23.929293
2014-08-30,2014-08-30 14:00:00,15,24.493795,23.90493
2014-08-30,2014-08-30 15:00:00,16,26.126715,23.017815
2014-08-30,2014-08-30 16:00:00,17,26.126715,23.981384
2014-08-30,2014-08-30 17:00:00,18,26.126715,23.868416
2014-08-30,2014-08-30 18:00:00,19,24.493795,24.026756
2014-08-30,2014-08-30 19:00:00,20,26.126715,24.009668
2014-08-30,2014-08-30 20:00:00,21,26.126715,24.052862
2014-08-30,2014-08-30 21:00:00,22,24.493795,24.12108
2014-08-30,2014-08-30 22:00:00,23,26.126715,24.24862
2014-08-30,2014-08-30 23:00:00,24,26.126715,24.355473
2014-08-31,2014-08-31 00:00:00,1,26.126715,26.394182
2014-08-31,2014-08-31 01:00:00,2,27.759634,26.42086
2014-08-31,2014-08-31 02:00:00,3,26.126715,26.481878
2014-08-31,2014-08-31 03:00:00,4,26.126715,26.515188
2014-08-31,2014-08-31 04:00:00,5,26.126715,26.44714
2014-08-31,2014-08-31 05:00:00,6,27.759634,26.520435
2014-08-31,2014-08-31 06:00:00,7,26.126715,26.481655
2014-08-31,2014-08-31 07:00:00,8,26.126715,26.458387
2014-08-31,2014-08-31 08:00:00,9,26.126715,26.403847
2014-08-31,2014-08-31 09:00:00,10,24.493795,26.325226
2014-08-31,2014-08-31 10:00:00,11,26.126715,26.213806
2014-08-31,2014-08-31 11:00:00,12,27.759634,26.29715
2014-08-31,2014-08-31 12:00:00,13,26.126715,26.132456
2014-08-31,2014-08-31 13:00:00,14,27.759634,26.312237
2014-08-31,2014-08-31 14:00:00,15,27.759634,26.397898
2014-08-31,2014-08-31 15:00:00,16,29.392553,26.542051
2014-08-31,2014-08-31 16:00:00,17,24.493795,26.327505
2014-08-31,2014-08-31 17:00:00,18,27.759634,26.095362
2014-08-31,2014-08-31 18:00:00,19,27.759634,25.84721
2014-08-31,2014-08-31 19:00:00,20,27.759634,26.512754
2014-08-31,2014-08-31 20:00:00,21,27.759634,26.713621
2014-08-31,2014-08-31 21:00:00,22,27.759634,27.105595
2014-08-31,2014-08-31 22:00:00,23,27.759634,27.247171
2014-08-31,2014-08-31 23:00:00,24,27.759634,27.75763
2014-09-01,2014-09-01 00:00:00,1,27.759634,32.93618
2014-09-01,2014-09-01 01:00:00,2,27.759634,35.4469
2014-09-01,2014-09-01 02:00:00,3,31.025473,34.49701
2014-09-01,2014-09-01 03:00:00,4,57.152187,34.850266
2014-09-01,2014-09-01 04:00:00,5,45.721752,36.552593
2014-09-01,2014-09-01 05:00:00,6,16.329197,30.65852
2014-09-01,2014-09-01 06:00:00,7,0.0,0.35458755
2014-09-01,2014-09-01 07:00:00,8,0.0,-0.15742493
2014-09-01,2014-09-01 08:00:00,9,0.0,-0.26706696
2014-09-01,2014-09-01 09:00:00,10,0.0,-0.14225483
2014-09-01,2014-09-01 10:00:00,11,0.0,-0.106163025
2014-09-01,2014-09-01 11:00:00,12,0.0,-0.1877737
2014-09-01,2014-09-01 12:00:00,13,45.721752,-0.22113228
2014-09-01,2014-09-01 13:00:00,14,62.050945,-0.19759464
2014-09-01,2014-09-01 14:00:00,15,50.62051,-0.24755096
2014-09-01,2014-09-01 15:00:00,16,60.418026,-0.17565632
2014-09-01,2014-09-01 16:00:00,17,31.025473,-0.017050743
2014-09-01,2014-09-01 17:00:00,18,0.0,-0.12800884
2014-09-01,2014-09-01 18:00:00,19,0.0,-0.07188892
2014-09-01,2014-09-01 19:00:00,20,0.0,-0.091319084
2014-09-01,2014-09-01 20:00:00,21,0.0,-0.08710861
2014-09-01,2014-09-01 21:00:00,22,0.0,-0.030498505
2014-09-01,2014-09-01 22:00:00,23,0.0,0.004623413
2014-09-01,2014-09-01 23:00:00,24,0.0,0.18495083
2014-09-02,2014-09-02 00:00:00,1,48.98759,44.134796
2014-09-02,2014-09-02 01:00:00,2,32.658394,26.83685
2014-09-02,2014-09-02 02:00:00,3,29.392553,24.910496
2014-09-02,2014-09-02 03:00:00,4,29.392553,25.404999
2014-09-02,2014-09-02 04:00:00,5,29.392553,25.111847
2014-09-02,2014-09-02 05:00:00,6,27.759634,24.752777
2014-09-02,2014-09-02 06:00:00,7,29.392553,27.549719
2014-09-02,2014-09-02 07:00:00,8,47.35467,7.7624907
2014-09-02,2014-09-02 08:00:00,9,1.6329197,0.27070618
2014-09-02,2014-09-02 09:00:00,10,0.0,0.32248878
2014-09-02,2014-09-02 10:00:00,11,0.0,0.24838066
2014-09-02,2014-09-02 11:00:00,12,0.0,0.30443
2014-09-02,2014-09-02 12:00:00,13,48.98759,0.105166435
2014-09-02,2014-09-02 13:00:00,14,11.430438,0.14568233
2014-09-02,2014-09-02 14:00:00,15,0.0,0.08538723
2014-09-02,2014-09-02 15:00:00,16,0.0,-0.04639435
2014-09-02,2014-09-02 16:00:00,17,0.0,0.1583538
2014-09-02,2014-09-02 17:00:00,18,0.0,0.089544296
2014-09-02,2014-09-02 18:00:00,19,0.0,0.104649544
2014-09-02,2014-09-02 19:00:00,20,0.0,0.17250347
2014-09-02,2014-09-02 20:00:00,21,0.0,0.116989136
2014-09-02,2014-09-02 21:00:00,22,0.0,0.13983154
2014-09-02,2014-09-02 22:00:00,23,0.0,0.05805397
2014-09-02,2014-09-02 23:00:00,24,0.0,-0.010972023
2014-09-03,2014-09-03 00:00:00,1,44.08883,45.329334
2014-09-03,2014-09-03 01:00:00,2,27.759634,32.144516
2014-09-03,2014-09-03 02:00:00,3,27.759634,29.679594
2014-09-03,2014-09-03 03:00:00,4,27.759634,30.202995
2014-09-03,2014-09-03 04:00:00,5,26.126715,29.643185
2014-09-03,2014-09-03 05:00:00,6,29.392553,28.58416
2014-09-03,2014-09-03 06:00:00,7,39.19007,31.576593
2014-09-03,2014-09-03 07:00:00,8,0.0,22.14913
2014-09-03,2014-09-03 08:00:00,9,0.0,0.16208458
2014-09-03,2014-09-03 09:00:00,10,0.0,0.35800934
2014-09-03,2014-09-03 10:00:00,11,0.0,0.18816566
2014-09-03,2014-09-03 11:00:00,12,0.0,0.14981842
2014-09-03,2014-09-03 12:00:00,13,0.0,2.8844862
2014-09-03,2014-09-03 13:00:00,14,0.0,0.049873352
2014-09-03,2014-09-03 14:00:00,15,0.0,0.050743103
2014-09-03,2014-09-03 15:00:00,16,0.0,-0.11052418
2014-09-03,2014-09-03 16:00:00,17,0.0,-0.04734516
2014-09-03,2014-09-03 17:00:00,18,0.0,-0.09279728
2014-09-03,2014-09-03 18:00:00,19,0.0,-0.1894741
2014-09-03,2014-09-03 19:00:00,20,0.0,-0.16851902
2014-09-03,2014-09-03 20:00:00,21,0.0,-0.16373253
2014-09-03,2014-09-03 21:00:00,22,0.0,-0.17806435
2014-09-03,2014-09-03 22:00:00,23,0.0,-0.34927082
2014-09-03,2014-09-03 23:00:00,24,0.0,-0.6250429
2014-09-04,2014-09-04 00:00:00,1,45.721752,44.275665
2014-09-04,2014-09-04 01:00:00,2,32.658394,31.08743
2014-09-04,2014-09-04 02:00:00,3,31.025473,28.523281
2014-09-04,2014-09-04 03:00:00,4,32.658394,29.043295
2014-09-04,2014-09-04 04:00:00,5,27.759634,28.60994
2014-09-04,2014-09-04 05:00:00,6,31.025473,29.391285
2014-09-04,2014-09-04 06:00:00,7,42.45591,33.434864
2014-09-04,2014-09-04 07:00:00,8,9.797518,11.967037
2014-09-04,2014-09-04 08:00:00,9,0.0,0.07574272
2014-09-04,2014-09-04 09:00:00,10,0.0,0.1461792
2014-09-04,2014-09-04 10:00:00,11,0.0,0.08572197
2014-09-04,2014-09-04 11:00:00,12,0.0,0.21787453
2014-09-04,2014-09-04 12:00:00,13,0.0,0.11745548
2014-09-04,2014-09-04 13:00:00,14,0.0,0.1322155
2014-09-04,2014-09-04 14:00:00,15,0.0,0.036723137
2014-09-04,2014-09-04 15:00:00,16,0.0,-0.16594887
2014-09-04,2014-09-04 16:00:00,17,0.0,0.12200451
2014-09-04,2014-09-04 17:00:00,18,0.0,0.03783989
2014-09-04,2014-09-04 18:00:00,19,0.0,0.060331345
2014-09-04,2014-09-04 19:00:00,20,0.0,0.06410694
2014-09-04,2014-09-04 20:00:00,21,0.0,0.06533718
2014-09-04,2014-09-04 21:00:00,22,0.0,0.073493004
2014-09-04,2014-09-04 22:00:00,23,0.0,-0.124053955
2014-09-04,2014-09-04 23:00:00,24,0.0,-0.26512432
2014-09-05,2014-09-05 00:00:00,1,45.721752,45.87343
2014-09-05,2014-09-05 01:00:00,2,29.392553,32.526657
2014-09-05,2014-09-05 02:00:00,3,29.392553,29.793808
2014-09-05,2014-09-05 03:00:00,4,29.392553,30.801315
2014-09-05,2014-09-05 04:00:00,5,31.025473,29.498962
2014-09-05,2014-09-05 05:00:00,6,29.392553,30.319094
2014-09-05,2014-09-05 06:00:00,7,32.658394,35.932198
2014-09-05,2014-09-05 07:00:00,8,9.797518,11.263858
2014-09-05,2014-09-05 08:00:00,9,0.0,0.18859959
2014-09-05,2014-09-05 09:00:00,10,0.0,0.32979774
2014-09-05,2014-09-05 10:00:00,11,0.0,0.30863285
2014-09-05,2014-09-05 11:00:00,12,0.0,0.3677616
2014-09-05,2014-09-05 12:00:00,13,0.0,0.2547102
2014-09-05,2014-09-05 13:00:00,14,0.0,0.26167393
2014-09-05,2014-09-05 14:00:00,15,0.0,0.10113335
2014-09-05,2014-09-05 15:00:00,16,0.0,-0.082188606
2014-09-05,2014-09-05 16:00:00,17,0.0,0.09425831
2014-09-05,2014-09-05 17:00:00,18,0.0,0.053956985
2014-09-05,2014-09-05 18:00:00,19,0.0,-0.038336754
2014-09-05,2014-09-05 19:00:00,20,0.0,-0.09019756
2014-09-05,2014-09-05 20:00:00,21,0.0,-0.02357483
2014-09-05,2014-09-05 21:00:00,22,0.0,-0.083045006
2014-09-05,2014-09-05 22:00:00,23,0.0,-0.300251
2014-09-05,2014-09-05 23:00:00,24,0.0,-0.3056364
2014-09-06,2014-09-06 00:00:00,1,55.519268,38.39663
2014-09-06,2014-09-06 01:00:00,2,26.126715,29.506393
2014-09-06,2014-09-06 02:00:00,3,26.126715,27.702042
2014-09-06,2014-09-06 03:00:00,4,26.126715,27.046238
2014-09-06,2014-09-06 04:00:00,5,27.759634,26.800522
2014-09-06,2014-09-06 05:00:00,6,26.126715,26.470867
2014-09-06,2014-09-06 06:00:00,7,26.126715,26.88687
2014-09-06,2014-09-06 07:00:00,8,26.126715,25.625202
2014-09-06,2014-09-06 08:00:00,9,27.759634,23.293207
2014-09-06,2014-09-06 09:00:00,10,26.126715,24.689253
2014-09-06,2014-09-06 10:00:00,11,26.126715,27.319386
2014-09-06,2014-09-06 11:00:00,12,26.126715,28.692303
2014-09-06,2014-09-06 12:00:00,13,26.126715,29.079502
2014-09-06,2014-09-06 13:00:00,14,24.493795,28.207394
2014-09-06,2014-09-06 14:00:00,15,26.126715,28.120686
2014-09-06,2014-09-06 15:00:00,16,26.126715,28.127552
2014-09-06,2014-09-06 16:00:00,17,26.126715,27.405603
2014-09-06,2014-09-06 17:00:00,18,26.126715,27.186674
2014-09-06,2014-09-06 18:00:00,19,26.126715,27.17081
2014-09-06,2014-09-06 19:00:00,20,24.493795,27.07281
2014-09-06,2014-09-06 20:00:00,21,27.759634,27.063358
2014-09-06,2014-09-06 21:00:00,22,26.126715,27.26382
2014-09-06,2014-09-06 22:00:00,23,24.493795,27.441483
2014-09-06,2014-09-06 23:00:00,24,27.759634,27.557384
2014-09-07,2014-09-07 00:00:00,1,26.126715,27.439528
2014-09-07,2014-09-07 01:00:00,2,24.493795,27.355785
2014-09-07,2014-09-07 02:00:00,3,26.126715,27.242485
2014-09-07,2014-09-07 03:00:00,4,26.126715,27.24652
2014-09-07,2014-09-07 04:00:00,5,26.126715,27.160883
2014-09-07,2014-09-07 05:00:00,6,26.126715,27.177681
2014-09-07,2014-09-07 06:00:00,7,26.126715,27.059448
2014-09-07,2014-09-07 07:00:00,8,26.126715,26.98704
2014-09-07,2014-09-07 08:00:00,9,24.493795,26.848639
2014-09-07,2014-09-07 09:00:00,10,26.126715,26.74875
2014-09-07,2014-09-07 10:00:00,11,21.227955,26.703222
2014-09-07,2014-09-07 11:00:00,12,13.063357,26.781849
2014-09-07,2014-09-07 12:00:00,13,27.759634,26.853157
2014-09-07,2014-09-07 13:00:00,14,22.860876,26.964993
2014-09-07,2014-09-07 14:00:00,15,22.860876,27.009735
2014-09-07,2014-09-07 15:00:00,16,21.227955,27.277
2014-09-07,2014-09-07 16:00:00,17,22.860876,26.101303
2014-09-07,2014-09-07 17:00:00,18,21.227955,26.368578
2014-09-07,2014-09-07 18:00:00,19,21.227955,26.881535
2014-09-07,2014-09-07 19:00:00,20,22.860876,27.02383
2014-09-07,2014-09-07 20:00:00,21,21.227955,27.356285
2014-09-07,2014-09-07 21:00:00,22,21.227955,27.395674
2014-09-07,2014-09-07 22:00:00,23,22.860876,26.931635
2014-09-07,2014-09-07 23:00:00,24,21.227955,27.09159
2014-09-08,2014-09-08 00:00:00,1,22.860876,26.71685
2014-09-08,2014-09-08 01:00:00,2,21.227955,28.42768
2014-09-08,2014-09-08 02:00:00,3,24.493795,28.913893
2014-09-08,2014-09-08 03:00:00,4,22.860876,29.7069
2014-09-08,2014-09-08 04:00:00,5,34.291313,28.547321
2014-09-08,2014-09-08 05:00:00,6,53.88635,18.746313
2014-09-08,2014-09-08 06:00:00,7,0.0,0.45135307
2014-09-08,2014-09-08 07:00:00,8,0.0,-0.18353653
2014-09-08,2014-09-08 08:00:00,9,0.0,-0.2321558
2014-09-08,2014-09-08 09:00:00,10,0.0,-0.11403942
2014-09-08,2014-09-08 10:00:00,11,0.0,-0.16110992
2014-09-08,2014-09-08 11:00:00,12,0.0,-0.24415779
2014-09-08,2014-09-08 12:00:00,13,0.0,0.6142044
2014-09-08,2014-09-08 13:00:00,14,0.0,0.27694893
2014-09-08,2014-09-08 14:00:00,15,0.0,-0.5601158
2014-09-08,2014-09-08 15:00:00,16,0.0,-0.3024025
2014-09-08,2014-09-08 16:00:00,17,0.0,-0.05579281
2014-09-08,2014-09-08 17:00:00,18,0.0,-0.19433212
2014-09-08,2014-09-08 18:00:00,19,0.0,-0.09509754
2014-09-08,2014-09-08 19:00:00,20,0.0,-0.089390755
2014-09-08,2014-09-08 20:00:00,21,0.0,-0.019996643
2014-09-08,2014-09-08 21:00:00,22,0.0,0.020295143
2014-09-08,2014-09-08 22:00:00,23,0.0,-0.057207108
2014-09-08,2014-09-08 23:00:00,24,0.0,0.20787907
2014-09-09,2014-09-09 00:00:00,1,45.721752,42.68383
2014-09-09,2014-09-09 01:00:00,2,32.658394,28.421665
2014-09-09,2014-09-09 02:00:00,3,31.025473,26.551636
2014-09-09,2014-09-09 03:00:00,4,29.392553,27.718435
2014-09-09,2014-09-09 04:00:00,5,27.759634,26.831573
2014-09-09,2014-09-09 05:00:00,6,27.759634,27.309332
2014-09-09,2014-09-09 06:00:00,7,31.025473,29.945309
2014-09-09,2014-09-09 07:00:00,8,16.329197,8.427416
2014-09-09,2014-09-09 08:00:00,9,0.0,0.32258892
2014-09-09,2014-09-09 09:00:00,10,0.0,0.54593086
2014-09-09,2014-09-09 10:00:00,11,0.0,0.39562035
2014-09-09,2014-09-09 11:00:00,12,0.0,0.4827137
2014-09-09,2014-09-09 12:00:00,13,0.0,0.3577938
2014-09-09,2014-09-09 13:00:00,14,0.0,0.4123783
2014-09-09,2014-09-09 14:00:00,15,0.0,0.31179333
2014-09-09,2014-09-09 15:00:00,16,0.0,0.10877514
2014-09-09,2014-09-09 16:00:00,17,0.0,0.25537205
2014-09-09,2014-09-09 17:00:00,18,0.0,0.15658951
2014-09-09,2014-09-09 18:00:00,19,0.0,0.21068954
2014-09-09,2014-09-09 19:00:00,20,0.0,0.15504646
2014-09-09,2014-09-09 20:00:00,21,0.0,0.20940876
2014-09-09,2014-09-09 21:00:00,22,0.0,0.1676197
2014-09-09,2014-09-09 22:00:00,23,0.0,0.002547264
2014-09-09,2014-09-09 23:00:00,24,0.0,-0.11372471
2014-09-10,2014-09-10 00:00:00,1,42.45591,44.73934
2014-09-10,2014-09-10 01:00:00,2,27.759634,31.202002
2014-09-10,2014-09-10 02:00:00,3,29.392553,29.083609
2014-09-10,2014-09-10 03:00:00,4,29.392553,29.230154
2014-09-10,2014-09-10 04:00:00,5,26.126715,27.819136
2014-09-10,2014-09-10 05:00:00,6,26.126715,28.656742
2014-09-10,2014-09-10 06:00:00,7,37.55715,32.345795
2014-09-10,2014-09-10 07:00:00,8,3.2658393,14.133191
2014-09-10,2014-09-10 08:00:00,9,0.0,0.10362625
2014-09-10,2014-09-10 09:00:00,10,0.0,0.20928192
2014-09-10,2014-09-10 10:00:00,11,0.0,0.26642036
2014-09-10,2014-09-10 11:00:00,12,0.0,0.3821516
2014-09-10,2014-09-10 12:00:00,13,0.0,0.22506523
2014-09-10,2014-09-10 13:00:00,14,0.0,0.23942375
2014-09-10,2014-09-10 14:00:00,15,0.0,0.11934757
2014-09-10,2014-09-10 15:00:00,16,0.0,-0.0395298
2014-09-10,2014-09-10 16:00:00,17,0.0,0.22599411
2014-09-10,2014-09-10 17:00:00,18,0.0,0.13789272
2014-09-10,2014-09-10 18:00:00,19,0.0,0.14496422
2014-09-10,2014-09-10 19:00:00,20,0.0,0.067905426
2014-09-10,2014-09-10 20:00:00,21,0.0,0.095685005
2014-09-10,2014-09-10 21:00:00,22,0.0,0.084599495
2014-09-10,2014-09-10 22:00:00,23,0.0,-0.087483406
2014-09-10,2014-09-10 23:00:00,24,0.0,-0.13145542
2014-09-11,2014-09-11 00:00:00,1,42.45591,42.557808
2014-09-11,2014-09-11 01:00:00,2,26.126715,29.794596
2014-09-11,2014-09-11 02:00:00,3,26.126715,28.477764
2014-09-11,2014-09-11 03:00:00,4,26.126715,28.69577
2014-09-11,2014-09-11 04:00:00,5,27.759634,27.109724
2014-09-11,2014-09-11 05:00:00,6,24.493795,27.50901
2014-09-11,2014-09-11 06:00:00,7,32.658394,32.932602
2014-09-11,2014-09-11 07:00:00,8,22.860876,11.341476
2014-09-11,2014-09-11 08:00:00,9,0.0,0.13794899
2014-09-11,2014-09-11 09:00:00,10,0.0,0.26648808
2014-09-11,2014-09-11 10:00:00,11,0.0,0.32189465
2014-09-11,2014-09-11 11:00:00,12,0.0,0.38782406
2014-09-11,2014-09-11 12:00:00,13,0.0,0.24533081
2014-09-11,2014-09-11 13:00:00,14,0.0,0.24938011
2014-09-11,2014-09-11 14:00:00,15,0.0,0.14954567
2014-09-11,2014-09-11 15:00:00,16,0.0,-0.0251894
2014-09-11,2014-09-11 16:00:00,17,0.0,0.29723263
2014-09-11,2014-09-11 17:00:00,18,0.0,0.1952362
2014-09-11,2014-09-11 18:00:00,19,0.0,0.19406796
2014-09-11,2014-09-11 19:00:00,20,0.0,0.15448189
2014-09-11,2014-09-11 20:00:00,21,0.0,0.15780258
2014-09-11,2014-09-11 21:00:00,22,0.0,0.16754913
2014-09-11,2014-09-11 22:00:00,23,0.0,0.012802124
2014-09-11,2014-09-11 23:00:00,24,0.0,-0.0805645
2014-09-12,2014-09-12 00:00:00,1,44.08883,40.902958
2014-09-12,2014-09-12 01:00:00,2,26.126715,28.787668
2014-09-12,2014-09-12 02:00:00,3,26.126715,27.403667
2014-09-12,2014-09-12 03:00:00,4,27.759634,27.660625
2014-09-12,2014-09-12 04:00:00,5,27.759634,27.135635
2014-09-12,2014-09-12 05:00:00,6,26.126715,26.843395
2014-09-12,2014-09-12 06:00:00,7,29.392553,31.823765
2014-09-12,2014-09-12 07:00:00,8,11.430438,12.799663
2014-09-12,2014-09-12 08:00:00,9,0.0,0.057160378
2014-09-12,2014-09-12 09:00:00,10,0.0,0.20804024
2014-09-12,2014-09-12 10:00:00,11,0.0,0.22092819
2014-09-12,2014-09-12 11:00:00,12,0.0,0.29283905
2014-09-12,2014-09-12 12:00:00,13,0.0,0.1327858
2014-09-12,2014-09-12 13:00:00,14,0.0,0.08505821
2014-09-12,2014-09-12 14:00:00,15,0.0,0.0022192001
2014-09-12,2014-09-12 15:00:00,16,0.0,-0.20253658
2014-09-12,2014-09-12 16:00:00,17,0.0,0.19624615
2014-09-12,2014-09-12 17:00:00,18,0.0,0.16042519
2014-09-12,2014-09-12 18:00:00,19,0.0,0.09175873
2014-09-12,2014-09-12 19:00:00,20,0.0,0.07501507
2014-09-12,2014-09-12 20:00:00,21,0.0,0.17436409
2014-09-12,2014-09-12 21:00:00,22,0.0,0.15127754
2014-09-12,2014-09-12 22:00:00,23,0.0,-0.021128654
2014-09-12,2014-09-12 23:00:00,24,0.0,-0.023550987
2014-09-13,2014-09-13 00:00:00,1,53.88635,36.21067
2014-09-13,2014-09-13 01:00:00,2,35.924232,26.976357
2014-09-13,2014-09-13 02:00:00,3,34.291313,26.009075
2014-09-13,2014-09-13 03:00:00,4,35.924232,26.23397
2014-09-13,2014-09-13 04:00:00,5,32.658394,26.269634
2014-09-13,2014-09-13 05:00:00,6,34.291313,25.716743
2014-09-13,2014-09-13 06:00:00,7,32.658394,26.263016
2014-09-13,2014-09-13 07:00:00,8,32.658394,26.186743
2014-09-13,2014-09-13 08:00:00,9,32.658394,25.429234
2014-09-13,2014-09-13 09:00:00,10,32.658394,24.870716
2014-09-13,2014-09-13 10:00:00,11,31.025473,24.646044
2014-09-13,2014-09-13 11:00:00,12,32.658394,24.509323
2014-09-13,2014-09-13 12:00:00,13,31.025473,24.724714
2014-09-13,2014-09-13 13:00:00,14,31.025473,24.500168
2014-09-13,2014-09-13 14:00:00,15,31.025473,24.50436
2014-09-13,2014-09-13 15:00:00,16,31.025473,24.727257
2014-09-13,2014-09-13 16:00:00,17,31.025473,24.863207
2014-09-13,2014-09-13 17:00:00,18,29.392553,24.710712
2014-09-13,2014-09-13 18:00:00,19,31.025473,24.683964
2014-09-13,2014-09-13 19:00:00,20,31.025473,24.63785
2014-09-13,2014-09-13 20:00:00,21,31.025473,24.736969
2014-09-13,2014-09-13 21:00:00,22,31.025473,24.809586
2014-09-13,2014-09-13 22:00:00,23,32.658394,24.977547
2014-09-13,2014-09-13 23:00:00,24,31.025473,25.185577
2014-09-14,2014-09-14 00:00:00,1,32.658394,31.999853
2014-09-14,2014-09-14 01:00:00,2,32.658394,31.927725
2014-09-14,2014-09-14 02:00:00,3,32.658394,31.855127
2014-09-14,2014-09-14 03:00:00,4,32.658394,31.845924
2014-09-14,2014-09-14 04:00:00,5,32.658394,31.83815
2014-09-14,2014-09-14 05:00:00,6,31.025473,31.9808
2014-09-14,2014-09-14 06:00:00,7,31.025473,32.011925
2014-09-14,2014-09-14 07:00:00,8,32.658394,31.935658
2014-09-14,2014-09-14 08:00:00,9,31.025473,31.902794
2014-09-14,2014-09-14 09:00:00,10,31.025473,31.81603
2014-09-14,2014-09-14 10:00:00,11,31.025473,31.68703
2014-09-14,2014-09-14 11:00:00,12,31.025473,31.800156
2014-09-14,2014-09-14 12:00:00,13,29.392553,31.82652
2014-09-14,2014-09-14 13:00:00,14,31.025473,32.109016
2014-09-14,2014-09-14 14:00:00,15,29.392553,32.27438
2014-09-14,2014-09-14 15:00:00,16,29.392553,32.338943
2014-09-14,2014-09-14 16:00:00,17,31.025473,30.799194
2014-09-14,2014-09-14 17:00:00,18,29.392553,30.686386
2014-09-14,2014-09-14 18:00:00,19,29.392553,30.394566
2014-09-14,2014-09-14 19:00:00,20,31.025473,30.822304
2014-09-14,2014-09-14 20:00:00,21,31.025473,30.938225
2014-09-14,2014-09-14 21:00:00,22,31.025473,30.882803
2014-09-14,2014-09-14 22:00:00,23,32.658394,31.05349
2014-09-14,2014-09-14 23:00:00,24,31.025473,30.636524
2014-09-15,2014-09-15 00:00:00,1,31.025473,32.49281
2014-09-15,2014-09-15 01:00:00,2,34.291313,31.588762
2014-09-15,2014-09-15 02:00:00,3,32.658394,32.739754
2014-09-15,2014-09-15 03:00:00,4,47.35467,32.169113
2014-09-15,2014-09-15 04:00:00,5,57.152187,36.935535
2014-09-15,2014-09-15 05:00:00,6,27.759634,39.707596
2014-09-15,2014-09-15 06:00:00,7,0.0,1.690217
2014-09-15,2014-09-15 07:00:00,8,0.0,-0.50588226
2014-09-15,2014-09-15 08:00:00,9,0.0,-0.34519005
2014-09-15,2014-09-15 09:00:00,10,0.0,0.024962425
2014-09-15,2014-09-15 10:00:00,11,0.0,0.030779839
2014-09-15,2014-09-15 11:00:00,12,0.0,0.044213295
2014-09-15,2014-09-15 12:00:00,13,0.0,-0.053614616
2014-09-15,2014-09-15 13:00:00,14,0.0,-0.030313492
2014-09-15,2014-09-15 14:00:00,15,0.0,-0.15267754
2014-09-15,2014-09-15 15:00:00,16,0.0,-0.11385536
2014-09-15,2014-09-15 16:00:00,17,0.0,-0.031594276
2014-09-15,2014-09-15 17:00:00,18,0.0,-0.09846306
2014-09-15,2014-09-15 18:00:00,19,0.0,-0.012798309
2014-09-15,2014-09-15 19:00:00,20,0.0,-0.06739235
2014-09-15,2014-09-15 20:00:00,21,0.0,-0.065143585
2014-09-15,2014-09-15 21:00:00,22,0.0,-0.05811119
2014-09-15,2014-09-15 22:00:00,23,0.0,-0.1672287
2014-09-15,2014-09-15 23:00:00,24,0.0,-0.23536873
2014-09-16,2014-09-16 00:00:00,1,45.721752,43.361286
2014-09-16,2014-09-16 01:00:00,2,31.025473,28.98767
2014-09-16,2014-09-16 02:00:00,3,29.392553,27.796326
2014-09-16,2014-09-16 03:00:00,4,29.392553,28.048267
2014-09-16,2014-09-16 04:00:00,5,27.759634,27.089125
2014-09-16,2014-09-16 05:00:00,6,29.392553,27.038189
2014-09-16,2014-09-16 06:00:00,7,40.82299,31.523453
2014-09-16,2014-09-16 07:00:00,8,0.0,12.162006
2014-09-16,2014-09-16 08:00:00,9,0.0,0.40636158
2014-09-16,2014-09-16 09:00:00,10,0.0,0.46440697
2014-09-16,2014-09-16 10:00:00,11,0.0,0.47941017
2014-09-16,2014-09-16 11:00:00,12,0.0,0.50938416
2014-09-16,2014-09-16 12:00:00,13,0.0,0.40107727
2014-09-16,2014-09-16 13:00:00,14,0.0,0.34738636
2014-09-16,2014-09-16 14:00:00,15,0.0,0.2680645
2014-09-16,2014-09-16 15:00:00,16,0.0,0.07956886
2014-09-16,2014-09-16 16:00:00,17,0.0,0.2709322
2014-09-16,2014-09-16 17:00:00,18,0.0,0.17319202
2014-09-16,2014-09-16 18:00:00,19,0.0,0.17232418
2014-09-16,2014-09-16 19:00:00,20,0.0,0.119706154
2014-09-16,2014-09-16 20:00:00,21,0.0,0.16863823
2014-09-16,2014-09-16 21:00:00,22,0.0,0.1249485
2014-09-16,2014-09-16 22:00:00,23,0.0,-0.03679657
2014-09-16,2014-09-16 23:00:00,24,0.0,-0.17059803
2014-09-17,2014-09-17 00:00:00,1,44.08883,45.69626
2014-09-17,2014-09-17 01:00:00,2,24.493795,30.646425
2014-09-17,2014-09-17 02:00:00,3,27.759634,29.227177
2014-09-17,2014-09-17 03:00:00,4,27.759634,29.736542
2014-09-17,2014-09-17 04:00:00,5,26.126715,27.929497
2014-09-17,2014-09-17 05:00:00,6,27.759634,28.566238
2014-09-17,2014-09-17 06:00:00,7,37.55715,36.120926
2014-09-17,2014-09-17 07:00:00,8,0.0,9.633966
2014-09-17,2014-09-17 08:00:00,9,0.0,0.12886524
2014-09-17,2014-09-17 09:00:00,10,0.0,0.31814098
2014-09-17,2014-09-17 10:00:00,11,0.0,0.35206127
2014-09-17,2014-09-17 11:00:00,12,0.0,0.38671398
2014-09-17,2014-09-17 12:00:00,13,0.0,0.2576847
2014-09-17,2014-09-17 13:00:00,14,0.0,0.33503056
2014-09-17,2014-09-17 14:00:00,15,0.0,0.17164898
2014-09-17,2014-09-17 15:00:00,16,0.0,0.0289011
2014-09-17,2014-09-17 16:00:00,17,0.0,0.29157162
2014-09-17,2014-09-17 17:00:00,18,0.0,0.23484707
2014-09-17,2014-09-17 18:00:00,19,0.0,0.21677685
2014-09-17,2014-09-17 19:00:00,20,0.0,0.17639542
2014-09-17,2014-09-17 20:00:00,21,0.0,0.17327976
2014-09-17,2014-09-17 21:00:00,22,0.0,0.13467026
2014-09-17,2014-09-17 22:00:00,23,0.0,-0.023018837
2014-09-17,2014-09-17 23:00:00,24,0.0,-0.06908798
2014-09-18,2014-09-18 00:00:00,1,47.35467,42.850853
2014-09-18,2014-09-18 01:00:00,2,31.025473,27.435202
2014-09-18,2014-09-18 02:00:00,3,24.493795,26.880531
2014-09-18,2014-09-18 03:00:00,4,27.759634,27.626358
2014-09-18,2014-09-18 04:00:00,5,27.759634,26.120918
2014-09-18,2014-09-18 05:00:00,6,26.126715,26.983372
2014-09-18,2014-09-18 06:00:00,7,37.55715,34.175602
2014-09-18,2014-09-18 07:00:00,8,0.0,6.4320097
2014-09-18,2014-09-18 08:00:00,9,0.0,0.21868134
2014-09-18,2014-09-18 09:00:00,10,0.0,0.41324425
2014-09-18,2014-09-18 10:00:00,11,0.0,0.38807774
2014-09-18,2014-09-18 11:00:00,12,0.0,0.4038267
2014-09-18,2014-09-18 12:00:00,13,0.0,0.28021622
2014-09-18,2014-09-18 13:00:00,14,0.0,0.38352966
2014-09-18,2014-09-18 14:00:00,15,0.0,0.19882965
2014-09-18,2014-09-18 15:00:00,16,0.0,0.07591915
2014-09-18,2014-09-18 16:00:00,17,0.0,0.31353092
2014-09-18,2014-09-18 17:00:00,18,0.0,0.2575016
2014-09-18,2014-09-18 18:00:00,19,0.0,0.24272251
2014-09-18,2014-09-18 19:00:00,20,0.0,0.18422031
2014-09-18,2014-09-18 20:00:00,21,0.0,0.19175339
2014-09-18,2014-09-18 21:00:00,22,0.0,0.15030098
2014-09-18,2014-09-18 22:00:00,23,0.0,-0.01878357
2014-09-18,2014-09-18 23:00:00,24,0.0,-0.13703728
2014-09-19,2014-09-19 00:00:00,1,47.35467,45.279438
2014-09-19,2014-09-19 01:00:00,2,27.759634,29.392471
2014-09-19,2014-09-19 02:00:00,3,26.126715,27.483965
2014-09-19,2014-09-19 03:00:00,4,27.759634,28.414433
2014-09-19,2014-09-19 04:00:00,5,26.126715,27.456173
2014-09-19,2014-09-19 05:00:00,6,27.759634,27.0005
2014-09-19,2014-09-19 06:00:00,7,37.55715,34.22317
2014-09-19,2014-09-19 07:00:00,8,0.0,8.120167
2014-09-19,2014-09-19 08:00:00,9,0.0,0.0071315765
2014-09-19,2014-09-19 09:00:00,10,0.0,0.260746
2014-09-19,2014-09-19 10:00:00,11,0.0,0.2403202
2014-09-19,2014-09-19 11:00:00,12,0.0,0.30563736
2014-09-19,2014-09-19 12:00:00,13,0.0,0.20492458
2014-09-19,2014-09-19 13:00:00,14,0.0,0.2671728
2014-09-19,2014-09-19 14:00:00,15,0.0,0.06840706
2014-09-19,2014-09-19 15:00:00,16,0.0,0.007142067
2014-09-19,2014-09-19 16:00:00,17,0.0,0.4240265
2014-09-19,2014-09-19 17:00:00,18,0.0,0.36498356
2014-09-19,2014-09-19 18:00:00,19,0.0,0.3029709
2014-09-19,2014-09-19 19:00:00,20,0.0,0.21485806
2014-09-19,2014-09-19 20:00:00,21,0.0,0.25008965
2014-09-19,2014-09-19 21:00:00,22,0.0,0.23461246
2014-09-19,2014-09-19 22:00:00,23,0.0,0.071873665
2014-09-19,2014-09-19 23:00:00,24,0.0,0.02330017
2014-09-20,2014-09-20 00:00:00,1,45.721752,45.63753
2014-09-20,2014-09-20 01:00:00,2,31.025473,32.79084
2014-09-20,2014-09-20 02:00:00,3,29.392553,30.430634
2014-09-20,2014-09-20 03:00:00,4,29.392553,30.882668
2014-09-20,2014-09-20 04:00:00,5,24.493795,30.13329
2014-09-20,2014-09-20 05:00:00,6,27.759634,30.147377
2014-09-20,2014-09-20 06:00:00,7,26.126715,30.531425
2014-09-20,2014-09-20 07:00:00,8,24.493795,29.524406
2014-09-20,2014-09-20 08:00:00,9,26.126715,28.617495
2014-09-20,2014-09-20 09:00:00,10,26.126715,28.216566
2014-09-20,2014-09-20 10:00:00,11,24.493795,27.840916
2014-09-20,2014-09-20 11:00:00,12,24.493795,27.538776
2014-09-20,2014-09-20 12:00:00,13,26.126715,27.631687
2014-09-20,2014-09-20 13:00:00,14,24.493795,27.345673
2014-09-20,2014-09-20 14:00:00,15,24.493795,26.731422
2014-09-20,2014-09-20 15:00:00,16,24.493795,26.847097
2014-09-20,2014-09-20 16:00:00,17,24.493795,27.327547
2014-09-20,2014-09-20 17:00:00,18,32.658394,27.389812
2014-09-20,2014-09-20 18:00:00,19,31.025473,27.574059
2014-09-20,2014-09-20 19:00:00,20,35.924232,27.73783
2014-09-20,2014-09-20 20:00:00,21,37.55715,27.849606
2014-09-20,2014-09-20 21:00:00,22,35.924232,27.99818
2014-09-20,2014-09-20 22:00:00,23,37.55715,28.250034
2014-09-20,2014-09-20 23:00:00,24,35.924232,28.413242
2014-09-21,2014-09-21 00:00:00,1,37.55715,35.249073
2014-09-21,2014-09-21 01:00:00,2,37.55715,35.14324
2014-09-21,2014-09-21 02:00:00,3,39.19007,35.20855
2014-09-21,2014-09-21 03:00:00,4,40.82299,35.126343
2014-09-21,2014-09-21 04:00:00,5,39.19007,35.044853
2014-09-21,2014-09-21 05:00:00,6,40.82299,34.8695
2014-09-21,2014-09-21 06:00:00,7,39.19007,34.83937
2014-09-21,2014-09-21 07:00:00,8,40.82299,34.732323
2014-09-21,2014-09-21 08:00:00,9,39.19007,34.72621
2014-09-21,2014-09-21 09:00:00,10,39.19007,34.49425
2014-09-21,2014-09-21 10:00:00,11,40.82299,34.18052
2014-09-21,2014-09-21 11:00:00,12,37.55715,34.08625
2014-09-21,2014-09-21 12:00:00,13,39.19007,33.924522
2014-09-21,2014-09-21 13:00:00,14,40.82299,34.049484
2014-09-21,2014-09-21 14:00:00,15,39.19007,34.243874
2014-09-21,2014-09-21 15:00:00,16,35.924232,34.182365
2014-09-21,2014-09-21 16:00:00,17,19.595036,34.079544
2014-09-21,2014-09-21 17:00:00,18,21.227955,33.845997
2014-09-21,2014-09-21 18:00:00,19,21.227955,34.02988
2014-09-21,2014-09-21 19:00:00,20,21.227955,35.169334
2014-09-21,2014-09-21 20:00:00,21,21.227955,35.146557
2014-09-21,2014-09-21 21:00:00,22,19.595036,35.343143
2014-09-21,2014-09-21 22:00:00,23,22.860876,35.87769
2014-09-21,2014-09-21 23:00:00,24,26.126715,35.21987
2014-09-22,2014-09-22 00:00:00,1,31.025473,32.87592
2014-09-22,2014-09-22 01:00:00,2,31.025473,32.692398
2014-09-22,2014-09-22 02:00:00,3,32.658394,33.452236
2014-09-22,2014-09-22 03:00:00,4,31.025473,38.12188
2014-09-22,2014-09-22 04:00:00,5,52.25343,43.169308
2014-09-22,2014-09-22 05:00:00,6,42.45591,36.797222
2014-09-22,2014-09-22 06:00:00,7,0.0,0.46500492
2014-09-22,2014-09-22 07:00:00,8,0.0,0.2580204
2014-09-22,2014-09-22 08:00:00,9,0.0,0.12746906
2014-09-22,2014-09-22 09:00:00,10,0.0,0.118457794
2014-09-22,2014-09-22 10:00:00,11,0.0,0.06396389
2014-09-22,2014-09-22 11:00:00,12,0.0,-0.005677223
2014-09-22,2014-09-22 12:00:00,13,0.0,-0.013400078
2014-09-22,2014-09-22 13:00:00,14,0.0,-0.031209946
2014-09-22,2014-09-22 14:00:00,15,0.0,-0.09414673
2014-09-22,2014-09-22 15:00:00,16,0.0,0.035565376
2014-09-22,2014-09-22 16:00:00,17,0.0,0.06801987
2014-09-22,2014-09-22 17:00:00,18,0.0,0.060902596
2014-09-22,2014-09-22 18:00:00,19,0.0,0.04383087
2014-09-22,2014-09-22 19:00:00,20,0.0,0.00575161
2014-09-22,2014-09-22 20:00:00,21,0.0,-0.012472153
2014-09-22,2014-09-22 21:00:00,22,0.0,-0.10268307
2014-09-22,2014-09-22 22:00:00,23,0.0,-0.1776104
2014-09-22,2014-09-22 23:00:00,24,0.0,-0.28440857
2014-09-23,2014-09-23 00:00:00,1,47.35467,45.569572
2014-09-23,2014-09-23 01:00:00,2,31.025473,28.320673
2014-09-23,2014-09-23 02:00:00,3,29.392553,26.306498
2014-09-23,2014-09-23 03:00:00,4,29.392553,27.35411
2014-09-23,2014-09-23 04:00:00,5,31.025473,25.913319
2014-09-23,2014-09-23 05:00:00,6,29.392553,27.020319
2014-09-23,2014-09-23 06:00:00,7,35.924232,33.12153
2014-09-23,2014-09-23 07:00:00,8,1.6329197,2.1682472
2014-09-23,2014-09-23 08:00:00,9,0.0,0.26239204
2014-09-23,2014-09-23 09:00:00,10,0.0,0.56606007
2014-09-23,2014-09-23 10:00:00,11,0.0,0.3803339
2014-09-23,2014-09-23 11:00:00,12,0.0,0.47179127
2014-09-23,2014-09-23 12:00:00,13,0.0,0.38363457
2014-09-23,2014-09-23 13:00:00,14,0.0,0.4042368
2014-09-23,2014-09-23 14:00:00,15,0.0,0.20995712
2014-09-23,2014-09-23 15:00:00,16,0.0,0.09886837
2014-09-23,2014-09-23 16:00:00,17,0.0,0.17109776
2014-09-23,2014-09-23 17:00:00,18,0.0,0.16935349
2014-09-23,2014-09-23 18:00:00,19,0.0,0.14827442
2014-09-23,2014-09-23 19:00:00,20,0.0,0.1312046
2014-09-23,2014-09-23 20:00:00,21,0.0,0.07817078
2014-09-23,2014-09-23 21:00:00,22,0.0,-0.012322426
2014-09-23,2014-09-23 22:00:00,23,0.0,-0.12520981
2014-09-23,2014-09-23 23:00:00,24,0.0,-0.2773161
2014-09-24,2014-09-24 00:00:00,1,44.08883,46.276413
2014-09-24,2014-09-24 01:00:00,2,29.392553,29.43478
2014-09-24,2014-09-24 02:00:00,3,27.759634,27.571888
2014-09-24,2014-09-24 03:00:00,4,29.392553,28.657948
2014-09-24,2014-09-24 04:00:00,5,26.126715,27.698183
2014-09-24,2014-09-24 05:00:00,6,26.126715,28.580395
2014-09-24,2014-09-24 06:00:00,7,37.55715,35.60903
2014-09-24,2014-09-24 07:00:00,8,0.0,0.55616856
2014-09-24,2014-09-24 08:00:00,9,0.0,0.09354591
2014-09-24,2014-09-24 09:00:00,10,0.0,0.4031601
2014-09-24,2014-09-24 10:00:00,11,0.0,0.24251556
2014-09-24,2014-09-24 11:00:00,12,0.0,0.36729908
2014-09-24,2014-09-24 12:00:00,13,0.0,0.25254917
2014-09-24,2014-09-24 13:00:00,14,0.0,0.29141045
2014-09-24,2014-09-24 14:00:00,15,0.0,0.120949745
2014-09-24,2014-09-24 15:00:00,16,0.0,0.06760788
2014-09-24,2014-09-24 16:00:00,17,0.0,0.28523445
2014-09-24,2014-09-24 17:00:00,18,0.0,0.29078388
2014-09-24,2014-09-24 18:00:00,19,0.0,0.28504658
2014-09-24,2014-09-24 19:00:00,20,0.0,0.2524147
2014-09-24,2014-09-24 20:00:00,21,0.0,0.1719284
2014-09-24,2014-09-24 21:00:00,22,0.0,0.18585968
2014-09-24,2014-09-24 22:00:00,23,0.0,-0.0010700226
2014-09-24,2014-09-24 23:00:00,24,0.0,-0.10087681
2014-09-25,2014-09-25 00:00:00,1,53.88635,44.877712
2014-09-25,2014-09-25 01:00:00,2,34.291313,28.73975
2014-09-25,2014-09-25 02:00:00,3,31.025473,26.683094
2014-09-25,2014-09-25 03:00:00,4,26.126715,28.23275
2014-09-25,2014-09-25 04:00:00,5,29.392553,26.82273
2014-09-25,2014-09-25 05:00:00,6,27.759634,27.483974
2014-09-25,2014-09-25 06:00:00,7,31.025473,35.164772
2014-09-25,2014-09-25 07:00:00,8,6.5316787,0.7996111
2014-09-25,2014-09-25 08:00:00,9,0.0,0.14750004
2014-09-25,2014-09-25 09:00:00,10,0.0,0.52162933
2014-09-25,2014-09-25 10:00:00,11,0.0,0.40032196
2014-09-25,2014-09-25 11:00:00,12,0.0,0.4831934
2014-09-25,2014-09-25 12:00:00,13,0.0,0.36457157
2014-09-25,2014-09-25 13:00:00,14,0.0,0.37211227
2014-09-25,2014-09-25 14:00:00,15,0.0,0.16828537
2014-09-25,2014-09-25 15:00:00,16,0.0,0.11614418
2014-09-25,2014-09-25 16:00:00,17,0.0,0.25687313
2014-09-25,2014-09-25 17:00:00,18,0.0,0.23920059
2014-09-25,2014-09-25 18:00:00,19,0.0,0.21965408
2014-09-25,2014-09-25 19:00:00,20,0.0,0.20647049
2014-09-25,2014-09-25 20:00:00,21,0.0,0.12228298
2014-09-25,2014-09-25 21:00:00,22,0.0,0.14489937
2014-09-25,2014-09-25 22:00:00,23,0.0,-0.03568268
2014-09-25,2014-09-25 23:00:00,24,0.0,-0.17138004
2014-09-26,2014-09-26 00:00:00,1,50.62051,46.416748
2014-09-26,2014-09-26 01:00:00,2,35.924232,30.604519
2014-09-26,2014-09-26 02:00:00,3,34.291313,27.612171
2014-09-26,2014-09-26 03:00:00,4,27.759634,28.347095
2014-09-26,2014-09-26 04:00:00,5,27.759634,27.38514
2014-09-26,2014-09-26 05:00:00,6,26.126715,27.946133
2014-09-26,2014-09-26 06:00:00,7,32.658394,35.159115
2014-09-26,2014-09-26 07:00:00,8,6.5316787,1.3500633
2014-09-26,2014-09-26 08:00:00,9,0.0,0.16851616
2014-09-26,2014-09-26 09:00:00,10,0.0,0.47963715
2014-09-26,2014-09-26 10:00:00,11,0.0,0.35598278
2014-09-26,2014-09-26 11:00:00,12,0.0,0.38894463
2014-09-26,2014-09-26 12:00:00,13,0.0,0.2459898
2014-09-26,2014-09-26 13:00:00,14,0.0,0.30708218
2014-09-26,2014-09-26 14:00:00,15,0.0,0.09745312
2014-09-26,2014-09-26 15:00:00,16,0.0,0.04222107
2014-09-26,2014-09-26 16:00:00,17,0.0,0.1809578
2014-09-26,2014-09-26 17:00:00,18,0.0,0.13965702
2014-09-26,2014-09-26 18:00:00,19,0.0,0.05020237
2014-09-26,2014-09-26 19:00:00,20,0.0,0.030086517
2014-09-26,2014-09-26 20:00:00,21,0.0,0.120594025
2014-09-26,2014-09-26 21:00:00,22,0.0,0.15575981
2014-09-26,2014-09-26 22:00:00,23,0.0,0.038806915
2014-09-26,2014-09-26 23:00:00,24,0.0,7.915497e-05
2014-09-27,2014-09-27 00:00:00,1,53.88635,42.784657
2014-09-27,2014-09-27 01:00:00,2,34.291313,32.946846
2014-09-27,2014-09-27 02:00:00,3,29.392553,31.400309
2014-09-27,2014-09-27 03:00:00,4,27.759634,30.773962
2014-09-27,2014-09-27 04:00:00,5,26.126715,28.442677
2014-09-27,2014-09-27 05:00:00,6,27.759634,29.496975
2014-09-27,2014-09-27 06:00:00,7,26.126715,29.23077
2014-09-27,2014-09-27 07:00:00,8,26.126715,28.80524
2014-09-27,2014-09-27 08:00:00,9,27.759634,28.057335
2014-09-27,2014-09-27 09:00:00,10,24.493795,27.571144
2014-09-27,2014-09-27 10:00:00,11,24.493795,27.141033
2014-09-27,2014-09-27 11:00:00,12,24.493795,27.156965
2014-09-27,2014-09-27 12:00:00,13,24.493795,27.112354
2014-09-27,2014-09-27 13:00:00,14,24.493795,27.012562
2014-09-27,2014-09-27 14:00:00,15,26.126715,26.706629
2014-09-27,2014-09-27 15:00:00,16,24.493795,27.04083
2014-09-27,2014-09-27 16:00:00,17,24.493795,29.127346
2014-09-27,2014-09-27 17:00:00,18,24.493795,30.079445
2014-09-27,2014-09-27 18:00:00,19,27.759634,30.726643
2014-09-27,2014-09-27 19:00:00,20,26.126715,31.291914
2014-09-27,2014-09-27 20:00:00,21,29.392553,31.702576
2014-09-27,2014-09-27 21:00:00,22,26.126715,32.03359
2014-09-27,2014-09-27 22:00:00,23,29.392553,32.35561
2014-09-27,2014-09-27 23:00:00,24,27.759634,32.703022
2014-09-28,2014-09-28 00:00:00,1,27.759634,30.812937
2014-09-28,2014-09-28 01:00:00,2,24.493795,31.005157
2014-09-28,2014-09-28 02:00:00,3,24.493795,31.230862
2014-09-28,2014-09-28 03:00:00,4,26.126715,31.440536
2014-09-28,2014-09-28 04:00:00,5,24.493795,31.364632
2014-09-28,2014-09-28 05:00:00,6,24.493795,31.244854
2014-09-28,2014-09-28 06:00:00,7,26.126715,31.103569
2014-09-28,2014-09-28 07:00:00,8,26.126715,31.007427
2014-09-28,2014-09-28 08:00:00,9,24.493795,30.645489
2014-09-28,2014-09-28 09:00:00,10,24.493795,30.539246
2014-09-28,2014-09-28 10:00:00,11,24.493795,30.325047
2014-09-28,2014-09-28 11:00:00,12,24.493795,30.170414
2014-09-28,2014-09-28 12:00:00,13,24.493795,29.953884
2014-09-28,2014-09-28 13:00:00,14,24.493795,29.97654
2014-09-28,2014-09-28 14:00:00,15,24.493795,29.883856
2014-09-28,2014-09-28 15:00:00,16,26.126715,29.756752
2014-09-28,2014-09-28 16:00:00,17,24.493795,26.184528
2014-09-28,2014-09-28 17:00:00,18,26.126715,25.912704
2014-09-28,2014-09-28 18:00:00,19,24.493795,25.498077
2014-09-28,2014-09-28 19:00:00,20,24.493795,26.415142
2014-09-28,2014-09-28 20:00:00,21,24.493795,26.266682
2014-09-28,2014-09-28 21:00:00,22,26.126715,25.978912
2014-09-28,2014-09-28 22:00:00,23,24.493795,27.232548
2014-09-28,2014-09-28 23:00:00,24,24.493795,27.807106
2014-09-29,2014-09-29 00:00:00,1,26.126715,30.384935
2014-09-29,2014-09-29 01:00:00,2,26.126715,30.410885
2014-09-29,2014-09-29 02:00:00,3,29.392553,30.958275
2014-09-29,2014-09-29 03:00:00,4,45.721752,33.14225
2014-09-29,2014-09-29 04:00:00,5,57.152187,39.083336
2014-09-29,2014-09-29 05:00:00,6,22.860876,34.129135
2014-09-29,2014-09-29 06:00:00,7,16.329197,0.20741081
2014-09-29,2014-09-29 07:00:00,8,0.0,0.014012337
2014-09-29,2014-09-29 08:00:00,9,0.0,-0.020190239
2014-09-29,2014-09-29 09:00:00,10,0.0,-0.1134243
2014-09-29,2014-09-29 10:00:00,11,0.0,-0.13584423
2014-09-29,2014-09-29 11:00:00,12,0.0,-0.20059776
2014-09-29,2014-09-29 12:00:00,13,0.0,-0.2657299
2014-09-29,2014-09-29 13:00:00,14,0.0,-0.21957302
2014-09-29,2014-09-29 14:00:00,15,0.0,-0.352808
2014-09-29,2014-09-29 15:00:00,16,0.0,-0.19571114
2014-09-29,2014-09-29 16:00:00,17,0.0,0.078113556
2014-09-29,2014-09-29 17:00:00,18,0.0,0.1179409
2014-09-29,2014-09-29 18:00:00,19,0.0,0.11942673
2014-09-29,2014-09-29 19:00:00,20,0.0,0.060030937
2014-09-29,2014-09-29 20:00:00,21,0.0,0.044480324
2014-09-29,2014-09-29 21:00:00,22,0.0,0.027626991
2014-09-29,2014-09-29 22:00:00,23,0.0,0.0021886826
2014-09-29,2014-09-29 23:00:00,24,0.0,-0.055095673
2014-09-30,2014-09-30 00:00:00,1,50.62051,47.206955
2014-09-30,2014-09-30 01:00:00,2,26.126715,30.801853
2014-09-30,2014-09-30 02:00:00,3,27.759634,28.017788
2014-09-30,2014-09-30 03:00:00,4,27.759634,27.395329
2014-09-30,2014-09-30 04:00:00,5,26.126715,26.362543
2014-09-30,2014-09-30 05:00:00,6,27.759634,26.71644
2014-09-30,2014-09-30 06:00:00,7,39.19007,32.84696
2014-09-30,2014-09-30 07:00:00,8,1.6329197,0.69599724
2014-09-30,2014-09-30 08:00:00,9,0.0,0.26441097
2014-09-30,2014-09-30 09:00:00,10,0.0,0.5456648
2014-09-30,2014-09-30 10:00:00,11,0.0,0.36344624
2014-09-30,2014-09-30 11:00:00,12,0.0,0.43031883
2014-09-30,2014-09-30 12:00:00,13,0.0,0.30936718
2014-09-30,2014-09-30 13:00:00,14,0.0,0.28452206
2014-09-30,2014-09-30 14:00:00,15,0.0,0.20160961
2014-09-30,2014-09-30 15:00:00,16,0.0,0.07203674
2014-09-30,2014-09-30 16:00:00,17,0.0,0.13987255
2014-09-30,2014-09-30 17:00:00,18,0.0,0.16678905
2014-09-30,2014-09-30 18:00:00,19,0.0,0.16979885
2014-09-30,2014-09-30 19:00:00,20,0.0,0.12030983
2014-09-30,2014-09-30 20:00:00,21,0.0,0.07029343
2014-09-30,2014-09-30 21:00:00,22,0.0,0.0891552
2014-09-30,2014-09-30 22:00:00,23,0.0,-0.05381298
2014-09-30,2014-09-30 23:00:00,24,0.0,-0.16440296
2014-10-01,2014-10-01 00:00:00,1,42.45591,48.146126
2014-10-01,2014-10-01 01:00:00,2,29.392553,29.963474
2014-10-01,2014-10-01 02:00:00,3,27.759634,27.88412
2014-10-01,2014-10-01 03:00:00,4,27.759634,27.870155
2014-10-01,2014-10-01 04:00:00,5,29.392553,26.861073
2014-10-01,2014-10-01 05:00:00,6,26.126715,27.05323
2014-10-01,2014-10-01 06:00:00,7,40.82299,33.999794
2014-10-01,2014-10-01 07:00:00,8,0.0,1.1201954
2014-10-01,2014-10-01 08:00:00,9,0.0,0.23000431
2014-10-01,2014-10-01 09:00:00,10,0.0,0.46460342
2014-10-01,2014-10-01 10:00:00,11,0.0,0.39678383
2014-10-01,2014-10-01 11:00:00,12,0.0,0.4411173
2014-10-01,2014-10-01 12:00:00,13,0.0,0.3310337
2014-10-01,2014-10-01 13:00:00,14,0.0,0.35265064
2014-10-01,2014-10-01 14:00:00,15,0.0,0.21984005
2014-10-01,2014-10-01 15:00:00,16,0.0,0.12527752
2014-10-01,2014-10-01 16:00:00,17,0.0,0.1891613
2014-10-01,2014-10-01 17:00:00,18,0.0,0.19908524
2014-10-01,2014-10-01 18:00:00,19,0.0,0.20009136
2014-10-01,2014-10-01 19:00:00,20,0.0,0.16721725
2014-10-01,2014-10-01 20:00:00,21,0.0,0.10576439
2014-10-01,2014-10-01 21:00:00,22,0.0,0.12076759
2014-10-01,2014-10-01 22:00:00,23,0.0,-0.016921997
2014-10-01,2014-10-01 23:00:00,24,0.0,-0.10551453
2014-10-02,2014-10-02 00:00:00,1,44.08883,46.70545
2014-10-02,2014-10-02 01:00:00,2,27.759634,30.726376
2014-10-02,2014-10-02 02:00:00,3,24.493795,28.103615
2014-10-02,2014-10-02 03:00:00,4,24.493795,27.865095
2014-10-02,2014-10-02 04:00:00,5,26.126715,26.809418
2014-10-02,2014-10-02 05:00:00,6,22.860876,27.19957
2014-10-02,2014-10-02 06:00:00,7,37.55715,34.740406
2014-10-02,2014-10-02 07:00:00,8,0.0,1.1629629
2014-10-02,2014-10-02 08:00:00,9,0.0,0.19354343
2014-10-02,2014-10-02 09:00:00,10,0.0,0.44196796
2014-10-02,2014-10-02 10:00:00,11,0.0,0.3183775
2014-10-02,2014-10-02 11:00:00,12,0.0,0.39229393
2014-10-02,2014-10-02 12:00:00,13,14.696277,0.25002098
2014-10-02,2014-10-02 13:00:00,14,55.519268,0.2860155
2014-10-02,2014-10-02 14:00:00,15,35.924232,0.15276527
2014-10-02,2014-10-02 15:00:00,16,34.291313,0.03623104
2014-10-02,2014-10-02 16:00:00,17,32.658394,0.22194958
2014-10-02,2014-10-02 17:00:00,18,50.62051,0.21305084
2014-10-02,2014-10-02 18:00:00,19,35.924232,0.19666386
2014-10-02,2014-10-02 19:00:00,20,0.0,0.17619705
2014-10-02,2014-10-02 20:00:00,21,0.0,0.050107956
2014-10-02,2014-10-02 21:00:00,22,0.0,0.1703558
2014-10-02,2014-10-02 22:00:00,23,0.0,0.0019569397
2014-10-02,2014-10-02 23:00:00,24,0.0,-0.016552925
2014-10-03,2014-10-03 00:00:00,1,45.721752,42.332016
2014-10-03,2014-10-03 01:00:00,2,29.392553,28.428022
2014-10-03,2014-10-03 02:00:00,3,26.126715,26.475773
2014-10-03,2014-10-03 03:00:00,4,24.493795,26.323593
2014-10-03,2014-10-03 04:00:00,5,26.126715,25.672754
2014-10-03,2014-10-03 05:00:00,6,24.493795,25.785667
2014-10-03,2014-10-03 06:00:00,7,37.55715,31.173676
2014-10-03,2014-10-03 07:00:00,8,0.0,0.94153214
2014-10-03,2014-10-03 08:00:00,9,0.0,0.20658588
2014-10-03,2014-10-03 09:00:00,10,0.0,0.45007992
2014-10-03,2014-10-03 10:00:00,11,0.0,0.31745625
2014-10-03,2014-10-03 11:00:00,12,0.0,0.46760464
2014-10-03,2014-10-03 12:00:00,13,0.0,0.28466892
2014-10-03,2014-10-03 13:00:00,14,0.0,0.16344261
2014-10-03,2014-10-03 14:00:00,15,0.0,0.09586716
2014-10-03,2014-10-03 15:00:00,16,0.0,0.0071382523
2014-10-03,2014-10-03 16:00:00,17,0.0,0.13428879
2014-10-03,2014-10-03 17:00:00,18,0.0,0.10524273
2014-10-03,2014-10-03 18:00:00,19,0.0,0.10766983
2014-10-03,2014-10-03 19:00:00,20,0.0,0.17088985
2014-10-03,2014-10-03 20:00:00,21,0.0,0.2907362
2014-10-03,2014-10-03 21:00:00,22,0.0,0.33520603
2014-10-03,2014-10-03 22:00:00,23,0.0,0.24717903
2014-10-03,2014-10-03 23:00:00,24,0.0,0.24059772
2014-10-04,2014-10-04 00:00:00,1,55.519268,40.96985
2014-10-04,2014-10-04 01:00:00,2,32.658394,29.86014
2014-10-04,2014-10-04 02:00:00,3,24.493795,27.325893
2014-10-04,2014-10-04 03:00:00,4,24.493795,26.407131
2014-10-04,2014-10-04 04:00:00,5,26.126715,24.942593
2014-10-04,2014-10-04 05:00:00,6,22.860876,25.74245
2014-10-04,2014-10-04 06:00:00,7,26.126715,26.064514
2014-10-04,2014-10-04 07:00:00,8,22.860876,25.72525
2014-10-04,2014-10-04 08:00:00,9,21.227955,25.251316
2014-10-04,2014-10-04 09:00:00,10,24.493795,24.710857
2014-10-04,2014-10-04 10:00:00,11,21.227955,24.695023
2014-10-04,2014-10-04 11:00:00,12,22.860876,24.728016
2014-10-04,2014-10-04 12:00:00,13,22.860876,24.82177
2014-10-04,2014-10-04 13:00:00,14,22.860876,25.1971
2014-10-04,2014-10-04 14:00:00,15,22.860876,25.003616
2014-10-04,2014-10-04 15:00:00,16,21.227955,24.759256
2014-10-04,2014-10-04 16:00:00,17,21.227955,23.69951
2014-10-04,2014-10-04 17:00:00,18,21.227955,25.548063
2014-10-04,2014-10-04 18:00:00,19,22.860876,26.707375
2014-10-04,2014-10-04 19:00:00,20,21.227955,27.449776
2014-10-04,2014-10-04 20:00:00,21,21.227955,28.127668
2014-10-04,2014-10-04 21:00:00,22,22.860876,28.071419
2014-10-04,2014-10-04 22:00:00,23,22.860876,28.66603
2014-10-04,2014-10-04 23:00:00,24,21.227955,28.980793
2014-10-05,2014-10-05 00:00:00,1,21.227955,22.903095
2014-10-05,2014-10-05 01:00:00,2,22.860876,22.588213
2014-10-05,2014-10-05 02:00:00,3,26.126715,22.592215
2014-10-05,2014-10-05 03:00:00,4,21.227955,22.823902
2014-10-05,2014-10-05 04:00:00,5,22.860876,22.8829
2014-10-05,2014-10-05 05:00:00,6,21.227955,23.02349
2014-10-05,2014-10-05 06:00:00,7,21.227955,23.11845
2014-10-05,2014-10-05 07:00:00,8,22.860876,23.170513
2014-10-05,2014-10-05 08:00:00,9,21.227955,23.089283
2014-10-05,2014-10-05 09:00:00,10,21.227955,23.040659
2014-10-05,2014-10-05 10:00:00,11,21.227955,23.038036
2014-10-05,2014-10-05 11:00:00,12,21.227955,22.968748
2014-10-05,2014-10-05 12:00:00,13,22.860876,23.052044
2014-10-05,2014-10-05 13:00:00,14,21.227955,23.202137
2014-10-05,2014-10-05 14:00:00,15,21.227955,23.213661
2014-10-05,2014-10-05 15:00:00,16,21.227955,23.151146
2014-10-05,2014-10-05 16:00:00,17,21.227955,20.818329
2014-10-05,2014-10-05 17:00:00,18,21.227955,20.987644
2014-10-05,2014-10-05 18:00:00,19,21.227955,20.59542
2014-10-05,2014-10-05 19:00:00,20,21.227955,20.431639
2014-10-05,2014-10-05 20:00:00,21,21.227955,20.089664
2014-10-05,2014-10-05 21:00:00,22,21.227955,20.30529
2014-10-05,2014-10-05 22:00:00,23,24.493795,20.528141
2014-10-05,2014-10-05 23:00:00,24,21.227955,21.137306
2014-10-06,2014-10-06 00:00:00,1,21.227955,28.074356
2014-10-06,2014-10-06 01:00:00,2,22.860876,27.994053
2014-10-06,2014-10-06 02:00:00,3,21.227955,29.22489
2014-10-06,2014-10-06 03:00:00,4,21.227955,33.799488
2014-10-06,2014-10-06 04:00:00,5,22.860876,38.490845
2014-10-06,2014-10-06 05:00:00,6,26.126715,29.283434
2014-10-06,2014-10-06 06:00:00,7,0.0,8.868772
2014-10-06,2014-10-06 07:00:00,8,0.0,0.039596558
2014-10-06,2014-10-06 08:00:00,9,0.0,-0.05882168
2014-10-06,2014-10-06 09:00:00,10,0.0,0.18533325
2014-10-06,2014-10-06 10:00:00,11,0.0,0.09066582
2014-10-06,2014-10-06 11:00:00,12,0.0,0.077988625
2014-10-06,2014-10-06 12:00:00,13,0.0,-0.0740509
2014-10-06,2014-10-06 13:00:00,14,0.0,0.0054092407
2014-10-06,2014-10-06 14:00:00,15,0.0,-0.18580723
2014-10-06,2014-10-06 15:00:00,16,0.0,-0.036784172
2014-10-06,2014-10-06 16:00:00,17,0.0,0.053388596
2014-10-06,2014-10-06 17:00:00,18,0.0,0.05292511
2014-10-06,2014-10-06 18:00:00,19,0.0,0.13305092
2014-10-06,2014-10-06 19:00:00,20,0.0,0.06590557
2014-10-06,2014-10-06 20:00:00,21,0.0,0.054138184
2014-10-06,2014-10-06 21:00:00,22,0.0,0.06542969
2014-10-06,2014-10-06 22:00:00,23,0.0,0.011208534
2014-10-06,2014-10-06 23:00:00,24,0.0,-0.03580475
2014-10-07,2014-10-07 00:00:00,1,40.82299,42.03395
2014-10-07,2014-10-07 01:00:00,2,29.392553,27.37069
2014-10-07,2014-10-07 02:00:00,3,27.759634,24.784126
2014-10-07,2014-10-07 03:00:00,4,26.126715,24.328686
2014-10-07,2014-10-07 04:00:00,5,26.126715,23.545134
2014-10-07,2014-10-07 05:00:00,6,24.493795,23.892874
2014-10-07,2014-10-07 06:00:00,7,29.392553,30.20906
2014-10-07,2014-10-07 07:00:00,8,8.164598,0.36586094
2014-10-07,2014-10-07 08:00:00,9,0.0,0.13169384
2014-10-07,2014-10-07 09:00:00,10,0.0,0.45625305
2014-10-07,2014-10-07 10:00:00,11,0.0,0.28221416
2014-10-07,2014-10-07 11:00:00,12,0.0,0.40229607
2014-10-07,2014-10-07 12:00:00,13,0.0,0.2948246
2014-10-07,2014-10-07 13:00:00,14,0.0,0.26386166
2014-10-07,2014-10-07 14:00:00,15,0.0,0.1902113
2014-10-07,2014-10-07 15:00:00,16,0.0,0.07993984
2014-10-07,2014-10-07 16:00:00,17,0.0,0.037301064
2014-10-07,2014-10-07 17:00:00,18,0.0,-0.015847206
2014-10-07,2014-10-07 18:00:00,19,0.0,0.018507004
2014-10-07,2014-10-07 19:00:00,20,0.0,-0.00477314
2014-10-07,2014-10-07 20:00:00,21,0.0,-0.027030945
2014-10-07,2014-10-07 21:00:00,22,0.0,0.0014457703
2014-10-07,2014-10-07 22:00:00,23,0.0,-0.08015156
2014-10-07,2014-10-07 23:00:00,24,0.0,-0.12574387
2014-10-08,2014-10-08 00:00:00,1,42.45591,43.495583
2014-10-08,2014-10-08 01:00:00,2,29.392553,30.168583
2014-10-08,2014-10-08 02:00:00,3,24.493795,27.718754
2014-10-08,2014-10-08 03:00:00,4,24.493795,26.463335
2014-10-08,2014-10-08 04:00:00,5,27.759634,25.41943
2014-10-08,2014-10-08 05:00:00,6,22.860876,25.47765
2014-10-08,2014-10-08 06:00:00,7,27.759634,31.29309
2014-10-08,2014-10-08 07:00:00,8,9.797518,3.1957817
2014-10-08,2014-10-08 08:00:00,9,0.0,0.27014065
2014-10-08,2014-10-08 09:00:00,10,0.0,0.47394466
2014-10-08,2014-10-08 10:00:00,11,0.0,0.39400005
2014-10-08,2014-10-08 11:00:00,12,0.0,0.41708374
2014-10-08,2014-10-08 12:00:00,13,0.0,0.33120632
2014-10-08,2014-10-08 13:00:00,14,0.0,0.33626842
2014-10-08,2014-10-08 14:00:00,15,0.0,0.2145977
2014-10-08,2014-10-08 15:00:00,16,0.0,0.031689644
2014-10-08,2014-10-08 16:00:00,17,0.0,0.16760635
2014-10-08,2014-10-08 17:00:00,18,0.0,0.1235342
2014-10-08,2014-10-08 18:00:00,19,0.0,0.15364647
2014-10-08,2014-10-08 19:00:00,20,0.0,0.078160286
2014-10-08,2014-10-08 20:00:00,21,0.0,0.13029003
2014-10-08,2014-10-08 21:00:00,22,0.0,0.07001686
2014-10-08,2014-10-08 22:00:00,23,0.0,-0.0031061172
2014-10-08,2014-10-08 23:00:00,24,0.0,-0.10098839
2014-10-09,2014-10-09 00:00:00,1,45.721752,40.346317
2014-10-09,2014-10-09 01:00:00,2,29.392553,28.340197
2014-10-09,2014-10-09 02:00:00,3,26.126715,25.446209
2014-10-09,2014-10-09 03:00:00,4,26.126715,24.563583
2014-10-09,2014-10-09 04:00:00,5,24.493795,24.642605
2014-10-09,2014-10-09 05:00:00,6,27.759634,23.601072
2014-10-09,2014-10-09 06:00:00,7,34.291313,28.201397
2014-10-09,2014-10-09 07:00:00,8,8.164598,5.84291
2014-10-09,2014-10-09 08:00:00,9,0.0,0.23252392
2014-10-09,2014-10-09 09:00:00,10,0.0,0.39271164
2014-10-09,2014-10-09 10:00:00,11,0.0,0.38258743
2014-10-09,2014-10-09 11:00:00,12,0.0,0.37245464
2014-10-09,2014-10-09 12:00:00,13,0.0,0.26277542
2014-10-09,2014-10-09 13:00:00,14,0.0,0.306736
2014-10-09,2014-10-09 14:00:00,15,0.0,0.17372417
2014-10-09,2014-10-09 15:00:00,16,0.0,0.0023298264
2014-10-09,2014-10-09 16:00:00,17,0.0,0.13937473
2014-10-09,2014-10-09 17:00:00,18,0.0,0.06741524
2014-10-09,2014-10-09 18:00:00,19,0.0,0.064673424
2014-10-09,2014-10-09 19:00:00,20,0.0,0.064198494
2014-10-09,2014-10-09 20:00:00,21,0.0,0.06250763
2014-10-09,2014-10-09 21:00:00,22,0.0,0.073815346
2014-10-09,2014-10-09 22:00:00,23,0.0,0.036733627
2014-10-09,2014-10-09 23:00:00,24,0.0,0.04049301
2014-10-10,2014-10-10 00:00:00,1,42.45591,42.423355
2014-10-10,2014-10-10 01:00:00,2,31.025473,29.97792
2014-10-10,2014-10-10 02:00:00,3,31.025473,26.409027
2014-10-10,2014-10-10 03:00:00,4,31.025473,25.58121
2014-10-10,2014-10-10 04:00:00,5,31.025473,25.51166
2014-10-10,2014-10-10 05:00:00,6,31.025473,25.31256
2014-10-10,2014-10-10 06:00:00,7,37.55715,30.46118
2014-10-10,2014-10-10 07:00:00,8,19.595036,8.287415
2014-10-10,2014-10-10 08:00:00,9,0.0,0.19045544
2014-10-10,2014-10-10 09:00:00,10,0.0,0.39672756
2014-10-10,2014-10-10 10:00:00,11,0.0,0.3456297
2014-10-10,2014-10-10 11:00:00,12,0.0,0.37626457
2014-10-10,2014-10-10 12:00:00,13,0.0,0.27945042
2014-10-10,2014-10-10 13:00:00,14,0.0,0.2696085
2014-10-10,2014-10-10 14:00:00,15,0.0,0.18953037
2014-10-10,2014-10-10 15:00:00,16,0.0,-0.022903442
2014-10-10,2014-10-10 16:00:00,17,0.0,0.38240242
2014-10-10,2014-10-10 17:00:00,18,0.0,0.27430725
2014-10-10,2014-10-10 18:00:00,19,0.0,0.23366833
2014-10-10,2014-10-10 19:00:00,20,0.0,0.18253326
2014-10-10,2014-10-10 20:00:00,21,0.0,0.30738258
2014-10-10,2014-10-10 21:00:00,22,0.0,0.26245117
2014-10-10,2014-10-10 22:00:00,23,0.0,0.19533634
2014-10-10,2014-10-10 23:00:00,24,0.0,0.15069771
2014-10-11,2014-10-11 00:00:00,1,44.08883,38.40494
2014-10-11,2014-10-11 01:00:00,2,31.025473,29.63578
2014-10-11,2014-10-11 02:00:00,3,29.392553,25.97929
2014-10-11,2014-10-11 03:00:00,4,27.759634,25.510944
2014-10-11,2014-10-11 04:00:00,5,27.759634,25.584957
2014-10-11,2014-10-11 05:00:00,6,29.392553,25.163738
2014-10-11,2014-10-11 06:00:00,7,27.759634,25.776878
2014-10-11,2014-10-11 07:00:00,8,27.759634,25.246187
2014-10-11,2014-10-11 08:00:00,9,24.493795,23.805056
2014-10-11,2014-10-11 09:00:00,10,22.860876,23.341501
2014-10-11,2014-10-11 10:00:00,11,24.493795,23.04876
2014-10-11,2014-10-11 11:00:00,12,22.860876,22.933907
2014-10-11,2014-10-11 12:00:00,13,24.493795,22.831326
2014-10-11,2014-10-11 13:00:00,14,22.860876,22.883469
2014-10-11,2014-10-11 14:00:00,15,22.860876,22.423538
2014-10-11,2014-10-11 15:00:00,16,22.860876,22.310963
2014-10-11,2014-10-11 16:00:00,17,22.860876,22.580593
2014-10-11,2014-10-11 17:00:00,18,24.493795,22.732647
2014-10-11,2014-10-11 18:00:00,19,26.126715,22.999718
2014-10-11,2014-10-11 19:00:00,20,24.493795,23.034794
2014-10-11,2014-10-11 20:00:00,21,24.493795,23.12144
2014-10-11,2014-10-11 21:00:00,22,24.493795,23.192636
2014-10-11,2014-10-11 22:00:00,23,26.126715,23.258537
2014-10-11,2014-10-11 23:00:00,24,24.493795,23.372303
2014-10-12,2014-10-12 00:00:00,1,27.759634,25.29293
2014-10-12,2014-10-12 01:00:00,2,27.759634,25.266102
2014-10-12,2014-10-12 02:00:00,3,24.493795,25.265453
2014-10-12,2014-10-12 03:00:00,4,24.493795,25.245749
2014-10-12,2014-10-12 04:00:00,5,24.493795,25.184734
2014-10-12,2014-10-12 05:00:00,6,26.126715,25.188446
2014-10-12,2014-10-12 06:00:00,7,24.493795,25.160172
2014-10-12,2014-10-12 07:00:00,8,24.493795,25.167732
2014-10-12,2014-10-12 08:00:00,9,24.493795,24.985415
2014-10-12,2014-10-12 09:00:00,10,24.493795,24.919044
2014-10-12,2014-10-12 10:00:00,11,24.493795,24.839016
2014-10-12,2014-10-12 11:00:00,12,26.126715,24.839573
2014-10-12,2014-10-12 12:00:00,13,24.493795,24.841248
2014-10-12,2014-10-12 13:00:00,14,24.493795,24.91964
2014-10-12,2014-10-12 14:00:00,15,24.493795,24.920738
2014-10-12,2014-10-12 15:00:00,16,24.493795,25.12961
2014-10-12,2014-10-12 16:00:00,17,26.126715,24.255215
2014-10-12,2014-10-12 17:00:00,18,24.493795,24.631136
2014-10-12,2014-10-12 18:00:00,19,24.493795,24.632761
2014-10-12,2014-10-12 19:00:00,20,24.493795,24.61341
2014-10-12,2014-10-12 20:00:00,21,24.493795,24.626179
2014-10-12,2014-10-12 21:00:00,22,26.126715,24.990969
2014-10-12,2014-10-12 22:00:00,23,24.493795,25.522259
2014-10-12,2014-10-12 23:00:00,24,26.126715,24.993698
2014-10-13,2014-10-13 00:00:00,1,24.493795,28.29184
2014-10-13,2014-10-13 01:00:00,2,26.126715,28.215282
2014-10-13,2014-10-13 02:00:00,3,29.392553,28.29448
2014-10-13,2014-10-13 03:00:00,4,42.45591,28.993565
2014-10-13,2014-10-13 04:00:00,5,55.519268,29.643253
2014-10-13,2014-10-13 05:00:00,6,27.759634,29.084507
2014-10-13,2014-10-13 06:00:00,7,0.0,12.049635
2014-10-13,2014-10-13 07:00:00,8,0.0,-0.012674332
2014-10-13,2014-10-13 08:00:00,9,0.0,-0.13153458
2014-10-13,2014-10-13 09:00:00,10,0.0,0.15100384
2014-10-13,2014-10-13 10:00:00,11,0.0,0.08737087
2014-10-13,2014-10-13 11:00:00,12,0.0,0.050403595
2014-10-13,2014-10-13 12:00:00,13,0.0,-0.034321785
2014-10-13,2014-10-13 13:00:00,14,0.0,0.020625114
2014-10-13,2014-10-13 14:00:00,15,0.0,-0.11414242
2014-10-13,2014-10-13 15:00:00,16,0.0,-0.061567307
2014-10-13,2014-10-13 16:00:00,17,0.0,0.025930405
2014-10-13,2014-10-13 17:00:00,18,0.0,-0.046804428
2014-10-13,2014-10-13 18:00:00,19,0.0,0.016501427
2014-10-13,2014-10-13 19:00:00,20,0.0,-0.049679756
2014-10-13,2014-10-13 20:00:00,21,0.0,0.016143799
2014-10-13,2014-10-13 21:00:00,22,0.0,-0.006034851
2014-10-13,2014-10-13 22:00:00,23,0.0,-0.051311493
2014-10-13,2014-10-13 23:00:00,24,0.0,-0.11388397
2014-10-14,2014-10-14 00:00:00,1,45.721752,42.25812
2014-10-14,2014-10-14 01:00:00,2,32.658394,29.755493
2014-10-14,2014-10-14 02:00:00,3,26.126715,26.781061
2014-10-14,2014-10-14 03:00:00,4,26.126715,27.04974
2014-10-14,2014-10-14 04:00:00,5,24.493795,27.34499
2014-10-14,2014-10-14 05:00:00,6,27.759634,26.858023
2014-10-14,2014-10-14 06:00:00,7,37.55715,30.231499
2014-10-14,2014-10-14 07:00:00,8,0.0,8.551642
2014-10-14,2014-10-14 08:00:00,9,0.0,0.38062096
2014-10-14,2014-10-14 09:00:00,10,0.0,0.45480156
2014-10-14,2014-10-14 10:00:00,11,0.0,0.39709568
2014-10-14,2014-10-14 11:00:00,12,0.0,0.42838287
2014-10-14,2014-10-14 12:00:00,13,0.0,0.33405304
2014-10-14,2014-10-14 13:00:00,14,0.0,0.30077362
2014-10-14,2014-10-14 14:00:00,15,0.0,0.2423191
2014-10-14,2014-10-14 15:00:00,16,0.0,0.02815628
2014-10-14,2014-10-14 16:00:00,17,0.0,0.104496
2014-10-14,2014-10-14 17:00:00,18,0.0,0.02487564
2014-10-14,2014-10-14 18:00:00,19,0.0,0.13784122
2014-10-14,2014-10-14 19:00:00,20,0.0,0.05002594
2014-10-14,2014-10-14 20:00:00,21,0.0,0.054288864
2014-10-14,2014-10-14 21:00:00,22,0.0,0.03309822
2014-10-14,2014-10-14 22:00:00,23,0.0,-0.072312355
2014-10-14,2014-10-14 23:00:00,24,0.0,-0.1895647
2014-10-15,2014-10-15 00:00:00,1,47.35467,44.638954
2014-10-15,2014-10-15 01:00:00,2,26.126715,30.937462
2014-10-15,2014-10-15 02:00:00,3,26.126715,27.234272
2014-10-15,2014-10-15 03:00:00,4,26.126715,27.212229
2014-10-15,2014-10-15 04:00:00,5,24.493795,26.451134
2014-10-15,2014-10-15 05:00:00,6,24.493795,26.797089
2014-10-15,2014-10-15 06:00:00,7,37.55715,34.883537
2014-10-15,2014-10-15 07:00:00,8,1.6329197,4.007802
2014-10-15,2014-10-15 08:00:00,9,0.0,0.14008999
2014-10-15,2014-10-15 09:00:00,10,0.0,0.3641882
2014-10-15,2014-10-15 10:00:00,11,0.0,0.33752346
2014-10-15,2014-10-15 11:00:00,12,0.0,0.40264034
2014-10-15,2014-10-15 12:00:00,13,0.0,0.32034206
2014-10-15,2014-10-15 13:00:00,14,0.0,0.36448288
2014-10-15,2014-10-15 14:00:00,15,0.0,0.2518797
2014-10-15,2014-10-15 15:00:00,16,0.0,0.06861305
2014-10-15,2014-10-15 16:00:00,17,0.0,0.20969963
2014-10-15,2014-10-15 17:00:00,18,0.0,0.16354561
2014-10-15,2014-10-15 18:00:00,19,0.0,0.14897346
2014-10-15,2014-10-15 19:00:00,20,0.0,0.10647297
2014-10-15,2014-10-15 20:00:00,21,0.0,0.10166836
2014-10-15,2014-10-15 21:00:00,22,0.0,0.08298302
2014-10-15,2014-10-15 22:00:00,23,0.0,-0.008926392
2014-10-15,2014-10-15 23:00:00,24,0.0,-0.087682724
2014-10-16,2014-10-16 00:00:00,1,48.98759,43.487488
2014-10-16,2014-10-16 01:00:00,2,32.658394,29.666857
2014-10-16,2014-10-16 02:00:00,3,31.025473,25.987026
2014-10-16,2014-10-16 03:00:00,4,24.493795,26.076923
2014-10-16,2014-10-16 04:00:00,5,24.493795,25.656149
2014-10-16,2014-10-16 05:00:00,6,26.126715,26.237621
2014-10-16,2014-10-16 06:00:00,7,37.55715,33.022797
2014-10-16,2014-10-16 07:00:00,8,0.0,7.2060604
2014-10-16,2014-10-16 08:00:00,9,0.0,0.102083206
2014-10-16,2014-10-16 09:00:00,10,0.0,0.2976408
2014-10-16,2014-10-16 10:00:00,11,0.0,0.3317194
2014-10-16,2014-10-16 11:00:00,12,0.0,0.35972023
2014-10-16,2014-10-16 12:00:00,13,0.0,0.24200058
2014-10-16,2014-10-16 13:00:00,14,0.0,0.27444553
2014-10-16,2014-10-16 14:00:00,15,0.0,0.19017506
2014-10-16,2014-10-16 15:00:00,16,0.0,0.006304741
2014-10-16,2014-10-16 16:00:00,17,0.0,0.20136929
2014-10-16,2014-10-16 17:00:00,18,0.0,0.1640625
2014-10-16,2014-10-16 18:00:00,19,0.0,0.16005898
2014-10-16,2014-10-16 19:00:00,20,0.0,0.09520054
2014-10-16,2014-10-16 20:00:00,21,0.0,0.09299469
2014-10-16,2014-10-16 21:00:00,22,0.0,0.073197365
2014-10-16,2014-10-16 22:00:00,23,0.0,-0.05782509
2014-10-16,2014-10-16 23:00:00,24,0.0,-0.22325993
2014-10-17,2014-10-17 00:00:00,1,44.08883,46.56495
2014-10-17,2014-10-17 01:00:00,2,24.493795,32.416603
2014-10-17,2014-10-17 02:00:00,3,26.126715,29.341524
2014-10-17,2014-10-17 03:00:00,4,26.126715,28.698938
2014-10-17,2014-10-17 04:00:00,5,27.759634,27.752544
2014-10-17,2014-10-17 05:00:00,6,26.126715,28.473307
2014-10-17,2014-10-17 06:00:00,7,35.924232,37.729877
2014-10-17,2014-10-17 07:00:00,8,1.6329197,7.150426
2014-10-17,2014-10-17 08:00:00,9,0.0,0.12593746
2014-10-17,2014-10-17 09:00:00,10,0.0,0.31821728
2014-10-17,2014-10-17 10:00:00,11,0.0,0.30576134
2014-10-17,2014-10-17 11:00:00,12,0.0,0.36030293
2014-10-17,2014-10-17 12:00:00,13,0.0,0.26927757
2014-10-17,2014-10-17 13:00:00,14,0.0,0.31715775
2014-10-17,2014-10-17 14:00:00,15,0.0,0.21851254
2014-10-17,2014-10-17 15:00:00,16,0.0,0.046915054
2014-10-17,2014-10-17 16:00:00,17,0.0,0.33681774
2014-10-17,2014-10-17 17:00:00,18,0.0,0.26174164
2014-10-17,2014-10-17 18:00:00,19,0.0,0.18215656
2014-10-17,2014-10-17 19:00:00,20,0.0,0.106944084
2014-10-17,2014-10-17 20:00:00,21,0.0,0.21466732
2014-10-17,2014-10-17 21:00:00,22,0.0,0.18109608
2014-10-17,2014-10-17 22:00:00,23,0.0,0.082920074
2014-10-17,2014-10-17 23:00:00,24,0.0,0.055470467
2014-10-18,2014-10-18 00:00:00,1,37.55715,39.611794
2014-10-18,2014-10-18 01:00:00,2,34.291313,30.121445
2014-10-18,2014-10-18 02:00:00,3,24.493795,26.5395
2014-10-18,2014-10-18 03:00:00,4,29.392553,25.95831
2014-10-18,2014-10-18 04:00:00,5,22.860876,25.898956
2014-10-18,2014-10-18 05:00:00,6,22.860876,26.18552
2014-10-18,2014-10-18 06:00:00,7,26.126715,26.725891
2014-10-18,2014-10-18 07:00:00,8,24.493795,25.144375
2014-10-18,2014-10-18 08:00:00,9,21.227955,23.32409
2014-10-18,2014-10-18 09:00:00,10,24.493795,22.679918
2014-10-18,2014-10-18 10:00:00,11,22.860876,23.141918
2014-10-18,2014-10-18 11:00:00,12,22.860876,23.095844
2014-10-18,2014-10-18 12:00:00,13,22.860876,23.387785
2014-10-18,2014-10-18 13:00:00,14,24.493795,22.948189
2014-10-18,2014-10-18 14:00:00,15,21.227955,22.325788
2014-10-18,2014-10-18 15:00:00,16,22.860876,22.451513
2014-10-18,2014-10-18 16:00:00,17,21.227955,23.479286
2014-10-18,2014-10-18 17:00:00,18,22.860876,23.775936
2014-10-18,2014-10-18 18:00:00,19,21.227955,24.00718
2014-10-18,2014-10-18 19:00:00,20,24.493795,24.132782
2014-10-18,2014-10-18 20:00:00,21,21.227955,24.147598
2014-10-18,2014-10-18 21:00:00,22,22.860876,24.298576
2014-10-18,2014-10-18 22:00:00,23,21.227955,24.449684
2014-10-18,2014-10-18 23:00:00,24,22.860876,24.58973
2014-10-19,2014-10-19 00:00:00,1,21.227955,23.333057
2014-10-19,2014-10-19 01:00:00,2,21.227955,23.265858
2014-10-19,2014-10-19 02:00:00,3,22.860876,23.120464
2014-10-19,2014-10-19 03:00:00,4,21.227955,23.0219
2014-10-19,2014-10-19 04:00:00,5,22.860876,22.922031
2014-10-19,2014-10-19 05:00:00,6,22.860876,22.850636
2014-10-19,2014-10-19 06:00:00,7,22.860876,22.730307
2014-10-19,2014-10-19 07:00:00,8,21.227955,22.662857
2014-10-19,2014-10-19 08:00:00,9,22.860876,22.538383
2014-10-19,2014-10-19 09:00:00,10,21.227955,22.544125
2014-10-19,2014-10-19 10:00:00,11,21.227955,22.462563
2014-10-19,2014-10-19 11:00:00,12,21.227955,22.46825
2014-10-19,2014-10-19 12:00:00,13,21.227955,22.506353
2014-10-19,2014-10-19 13:00:00,14,21.227955,22.546907
2014-10-19,2014-10-19 14:00:00,15,24.493795,22.45169
2014-10-19,2014-10-19 15:00:00,16,21.227955,22.587399
2014-10-19,2014-10-19 16:00:00,17,21.227955,22.618746
2014-10-19,2014-10-19 17:00:00,18,21.227955,22.317741
2014-10-19,2014-10-19 18:00:00,19,22.860876,22.110298
2014-10-19,2014-10-19 19:00:00,20,21.227955,22.844986
2014-10-19,2014-10-19 20:00:00,21,22.860876,22.449759
2014-10-19,2014-10-19 21:00:00,22,22.860876,22.973974
2014-10-19,2014-10-19 22:00:00,23,26.126715,23.09539
2014-10-19,2014-10-19 23:00:00,24,26.126715,22.966412
2014-10-20,2014-10-20 00:00:00,1,26.126715,29.00785
2014-10-20,2014-10-20 01:00:00,2,26.126715,28.813904
2014-10-20,2014-10-20 02:00:00,3,27.759634,30.236927
2014-10-20,2014-10-20 03:00:00,4,26.126715,33.379356
2014-10-20,2014-10-20 04:00:00,5,53.88635,34.94015
2014-10-20,2014-10-20 05:00:00,6,45.721752,30.31945
2014-10-20,2014-10-20 06:00:00,7,0.0,0.31447697
2014-10-20,2014-10-20 07:00:00,8,0.0,0.111950874
2014-10-20,2014-10-20 08:00:00,9,0.0,0.09660721
2014-10-20,2014-10-20 09:00:00,10,0.0,0.11410618
2014-10-20,2014-10-20 10:00:00,11,0.0,0.0745945
2014-10-20,2014-10-20 11:00:00,12,0.0,0.01225853
2014-10-20,2014-10-20 12:00:00,13,0.0,-0.015651703
2014-10-20,2014-10-20 13:00:00,14,0.0,-0.011023521
2014-10-20,2014-10-20 14:00:00,15,0.0,-0.17782497
2014-10-20,2014-10-20 15:00:00,16,0.0,-0.030590057
2014-10-20,2014-10-20 16:00:00,17,0.0,0.1244297
2014-10-20,2014-10-20 17:00:00,18,0.0,0.20031261
2014-10-20,2014-10-20 18:00:00,19,0.0,0.18561077
2014-10-20,2014-10-20 19:00:00,20,0.0,0.1326561
2014-10-20,2014-10-20 20:00:00,21,0.0,0.13256836
2014-10-20,2014-10-20 21:00:00,22,0.0,0.09810257
2014-10-20,2014-10-20 22:00:00,23,0.0,0.052292824
2014-10-20,2014-10-20 23:00:00,24,0.0,-0.0305233
2014-10-21,2014-10-21 00:00:00,1,45.721752,45.228725
2014-10-21,2014-10-21 01:00:00,2,29.392553,28.831264
2014-10-21,2014-10-21 02:00:00,3,26.126715,26.233555
2014-10-21,2014-10-21 03:00:00,4,27.759634,25.693462
2014-10-21,2014-10-21 04:00:00,5,24.493795,24.859531
2014-10-21,2014-10-21 05:00:00,6,27.759634,25.983782
2014-10-21,2014-10-21 06:00:00,7,35.924232,33.06844
2014-10-21,2014-10-21 07:00:00,8,0.0,1.753418
2014-10-21,2014-10-21 08:00:00,9,0.0,0.32159805
2014-10-21,2014-10-21 09:00:00,10,0.0,0.55436134
2014-10-21,2014-10-21 10:00:00,11,0.0,0.3794241
2014-10-21,2014-10-21 11:00:00,12,0.0,0.42322636
2014-10-21,2014-10-21 12:00:00,13,0.0,0.3250265
2014-10-21,2014-10-21 13:00:00,14,0.0,0.34741592
2014-10-21,2014-10-21 14:00:00,15,0.0,0.22716331
2014-10-21,2014-10-21 15:00:00,16,0.0,0.07767296
2014-10-21,2014-10-21 16:00:00,17,0.0,0.21786976
2014-10-21,2014-10-21 17:00:00,18,0.0,0.2492361
2014-10-21,2014-10-21 18:00:00,19,0.0,0.21703434
2014-10-21,2014-10-21 19:00:00,20,0.0,0.18687057
2014-10-21,2014-10-21 20:00:00,21,0.0,0.1450777
2014-10-21,2014-10-21 21:00:00,22,0.0,0.13066196
2014-10-21,2014-10-21 22:00:00,23,0.0,0.04575634
2014-10-21,2014-10-21 23:00:00,24,0.0,-0.06451893
2014-10-22,2014-10-22 00:00:00,1,42.45591,45.4449
2014-10-22,2014-10-22 01:00:00,2,24.493795,30.306473
2014-10-22,2014-10-22 02:00:00,3,29.392553,26.727917
2014-10-22,2014-10-22 03:00:00,4,26.126715,26.31494
2014-10-22,2014-10-22 04:00:00,5,27.759634,25.238338
2014-10-22,2014-10-22 05:00:00,6,26.126715,26.902653
2014-10-22,2014-10-22 06:00:00,7,37.55715,34.4131
2014-10-22,2014-10-22 07:00:00,8,1.6329197,1.4125004
2014-10-22,2014-10-22 08:00:00,9,0.0,0.14357758
2014-10-22,2014-10-22 09:00:00,10,0.0,0.35954666
2014-10-22,2014-10-22 10:00:00,11,0.0,0.2637701
2014-10-22,2014-10-22 11:00:00,12,0.0,0.35426998
2014-10-22,2014-10-22 12:00:00,13,0.0,0.2591753
2014-10-22,2014-10-22 13:00:00,14,0.0,0.2676201
2014-10-22,2014-10-22 14:00:00,15,0.0,0.17758274
2014-10-22,2014-10-22 15:00:00,16,0.0,0.020551682
2014-10-22,2014-10-22 16:00:00,17,0.0,0.22100067
2014-10-22,2014-10-22 17:00:00,18,0.0,0.2778921
2014-10-22,2014-10-22 18:00:00,19,0.0,0.22629166
2014-10-22,2014-10-22 19:00:00,20,0.0,0.17674637
2014-10-22,2014-10-22 20:00:00,21,0.0,0.12411976
2014-10-22,2014-10-22 21:00:00,22,0.0,0.10819626
2014-10-22,2014-10-22 22:00:00,23,0.0,-0.029223442
2014-10-22,2014-10-22 23:00:00,24,0.0,-0.16418076
2014-10-23,2014-10-23 00:00:00,1,48.98759,43.78313
2014-10-23,2014-10-23 01:00:00,2,31.025473,28.29715
2014-10-23,2014-10-23 02:00:00,3,31.025473,26.93438
2014-10-23,2014-10-23 03:00:00,4,32.658394,26.379328
2014-10-23,2014-10-23 04:00:00,5,31.025473,25.205616
2014-10-23,2014-10-23 05:00:00,6,31.025473,26.615837
2014-10-23,2014-10-23 06:00:00,7,40.82299,34.683804
2014-10-23,2014-10-23 07:00:00,8,0.0,1.2124462
2014-10-23,2014-10-23 08:00:00,9,0.0,0.21460915
2014-10-23,2014-10-23 09:00:00,10,0.0,0.3945923
2014-10-23,2014-10-23 10:00:00,11,0.0,0.30517673
2014-10-23,2014-10-23 11:00:00,12,0.0,0.38259315
2014-10-23,2014-10-23 12:00:00,13,0.0,0.26603413
2014-10-23,2014-10-23 13:00:00,14,0.0,0.29951668
2014-10-23,2014-10-23 14:00:00,15,0.0,0.21697998
2014-10-23,2014-10-23 15:00:00,16,0.0,0.04077816
2014-10-23,2014-10-23 16:00:00,17,0.0,0.24393082
2014-10-23,2014-10-23 17:00:00,18,0.0,0.3081894
2014-10-23,2014-10-23 18:00:00,19,0.0,0.20983124
2014-10-23,2014-10-23 19:00:00,20,0.0,0.20563698
2014-10-23,2014-10-23 20:00:00,21,0.0,0.13606167
2014-10-23,2014-10-23 21:00:00,22,0.0,0.17572498
2014-10-23,2014-10-23 22:00:00,23,0.0,-0.011761665
2014-10-23,2014-10-23 23:00:00,24,0.0,-0.09897137
2014-10-24,2014-10-24 00:00:00,1,50.62051,45.013103
2014-10-24,2014-10-24 01:00:00,2,34.291313,30.931458
2014-10-24,2014-10-24 02:00:00,3,35.924232,28.96371
2014-10-24,2014-10-24 03:00:00,4,27.759634,28.981335
2014-10-24,2014-10-24 04:00:00,5,29.392553,28.28015
2014-10-24,2014-10-24 05:00:00,6,29.392553,29.073887
2014-10-24,2014-10-24 06:00:00,7,34.291313,36.65683
2014-10-24,2014-10-24 07:00:00,8,4.898759,1.6528158
2014-10-24,2014-10-24 08:00:00,9,0.0,0.25457764
2014-10-24,2014-10-24 09:00:00,10,0.0,0.45775223
2014-10-24,2014-10-24 10:00:00,11,0.0,0.30596542
2014-10-24,2014-10-24 11:00:00,12,0.0,0.4081812
2014-10-24,2014-10-24 12:00:00,13,0.0,0.29989815
2014-10-24,2014-10-24 13:00:00,14,0.0,0.31862068
2014-10-24,2014-10-24 14:00:00,15,0.0,0.22240353
2014-10-24,2014-10-24 15:00:00,16,0.0,0.071110725
2014-10-24,2014-10-24 16:00:00,17,0.0,0.26399994
2014-10-24,2014-10-24 17:00:00,18,0.0,0.13092232
2014-10-24,2014-10-24 18:00:00,19,0.0,0.09914303
2014-10-24,2014-10-24 19:00:00,20,0.0,0.0342741
2014-10-24,2014-10-24 20:00:00,21,0.0,0.10372639
2014-10-24,2014-10-24 21:00:00,22,0.0,0.09861088
2014-10-24,2014-10-24 22:00:00,23,0.0,0.0023937225
2014-10-24,2014-10-24 23:00:00,24,0.0,-0.09257221
2014-10-25,2014-10-25 00:00:00,1,45.721752,37.247795
2014-10-25,2014-10-25 01:00:00,2,32.658394,32.769333
2014-10-25,2014-10-25 02:00:00,3,31.025473,29.323383
2014-10-25,2014-10-25 03:00:00,4,32.658394,29.594421
2014-10-25,2014-10-25 04:00:00,5,31.025473,28.706795
2014-10-25,2014-10-25 05:00:00,6,32.658394,28.474556
2014-10-25,2014-10-25 06:00:00,7,31.025473,28.827038
2014-10-25,2014-10-25 07:00:00,8,31.025473,28.294817
2014-10-25,2014-10-25 08:00:00,9,32.658394,26.541983
2014-10-25,2014-10-25 09:00:00,10,29.392553,26.08613
2014-10-25,2014-10-25 10:00:00,11,29.392553,26.373116
2014-10-25,2014-10-25 11:00:00,12,27.759634,25.8455
2014-10-25,2014-10-25 12:00:00,13,27.759634,25.858356
2014-10-25,2014-10-25 13:00:00,14,27.759634,25.922955
2014-10-25,2014-10-25 14:00:00,15,26.126715,25.062115
2014-10-25,2014-10-25 15:00:00,16,29.392553,25.212322
2014-10-25,2014-10-25 16:00:00,17,27.759634,25.710289
2014-10-25,2014-10-25 17:00:00,18,26.126715,26.153633
2014-10-25,2014-10-25 18:00:00,19,26.126715,26.524845
2014-10-25,2014-10-25 19:00:00,20,24.493795,26.713451
2014-10-25,2014-10-25 20:00:00,21,26.126715,26.639088
2014-10-25,2014-10-25 21:00:00,22,26.126715,26.848953
2014-10-25,2014-10-25 22:00:00,23,26.126715,27.002045
2014-10-25,2014-10-25 23:00:00,24,27.759634,27.379314
2014-11-10,2014-11-10 00:00:00,1,27.759634,30.397789
2014-11-10,2014-11-10 01:00:00,2,29.392553,30.677685
2014-11-10,2014-11-10 02:00:00,3,32.658394,32.41386
2014-11-10,2014-11-10 03:00:00,4,44.08883,33.811035
2014-11-10,2014-11-10 04:00:00,5,55.519268,34.235325
2014-11-10,2014-11-10 05:00:00,6,26.126715,34.681778
2014-11-10,2014-11-10 06:00:00,7,0.0,0.425354
2014-11-10,2014-11-10 07:00:00,8,0.0,-0.035227776
2014-11-10,2014-11-10 08:00:00,9,0.0,-0.032316208
2014-11-10,2014-11-10 09:00:00,10,0.0,0.071302414
2014-11-10,2014-11-10 10:00:00,11,0.0,0.08711147
2014-11-10,2014-11-10 11:00:00,12,0.0,0.05168724
2014-11-10,2014-11-10 12:00:00,13,0.0,-0.0055561066
2014-11-10,2014-11-10 13:00:00,14,0.0,0.05137348
2014-11-10,2014-11-10 14:00:00,15,0.0,-0.02103138
2014-11-10,2014-11-10 15:00:00,16,0.0,0.050302505
2014-11-10,2014-11-10 16:00:00,17,0.0,0.12452698
2014-11-10,2014-11-10 17:00:00,18,0.0,0.06667137
2014-11-10,2014-11-10 18:00:00,19,0.0,0.09631157
2014-11-10,2014-11-10 19:00:00,20,0.0,0.022220612
2014-11-10,2014-11-10 20:00:00,21,0.0,0.016394615
2014-11-10,2014-11-10 21:00:00,22,0.0,-0.059348106
2014-11-10,2014-11-10 22:00:00,23,0.0,-0.11577225
2014-11-10,2014-11-10 23:00:00,24,0.0,-0.036405563
2014-11-11,2014-11-11 00:00:00,1,45.721752,47.789234
2014-11-11,2014-11-11 01:00:00,2,32.658394,34.184498
2014-11-11,2014-11-11 02:00:00,3,29.392553,33.156635
2014-11-11,2014-11-11 03:00:00,4,27.759634,33.40843
2014-11-11,2014-11-11 04:00:00,5,29.392553,31.599857
2014-11-11,2014-11-11 05:00:00,6,27.759634,30.855556
2014-11-11,2014-11-11 06:00:00,7,42.45591,35.644474
2014-11-11,2014-11-11 07:00:00,8,0.0,2.1671553
2014-11-11,2014-11-11 08:00:00,9,0.0,0.34966373
2014-11-11,2014-11-11 09:00:00,10,0.0,0.56676674
2014-11-11,2014-11-11 10:00:00,11,0.0,0.4360323
2014-11-11,2014-11-11 11:00:00,12,0.0,0.51121616
2014-11-11,2014-11-11 12:00:00,13,0.0,0.42901802
2014-11-11,2014-11-11 13:00:00,14,0.0,0.38774872
2014-11-11,2014-11-11 14:00:00,15,0.0,0.31018162
2014-11-11,2014-11-11 15:00:00,16,0.0,0.07737923
2014-11-11,2014-11-11 16:00:00,17,0.0,0.26605988
2014-11-11,2014-11-11 17:00:00,18,0.0,0.2331953
2014-11-11,2014-11-11 18:00:00,19,0.0,0.28179836
2014-11-11,2014-11-11 19:00:00,20,0.0,0.20526028
2014-11-11,2014-11-11 20:00:00,21,0.0,0.18181133
2014-11-11,2014-11-11 21:00:00,22,0.0,0.11542702
2014-11-11,2014-11-11 22:00:00,23,0.0,-0.06720734
2014-11-11,2014-11-11 23:00:00,24,0.0,-0.21803188
2014-11-12,2014-11-12 00:00:00,1,45.721752,48.299465
2014-11-12,2014-11-12 01:00:00,2,32.658394,34.303635
2014-11-12,2014-11-12 02:00:00,3,32.658394,32.809902
2014-11-12,2014-11-12 03:00:00,4,31.025473,32.915806
2014-11-12,2014-11-12 04:00:00,5,31.025473,31.877953
2014-11-12,2014-11-12 05:00:00,6,27.759634,31.172264
2014-11-12,2014-11-12 06:00:00,7,37.55715,38.589172
2014-11-12,2014-11-12 07:00:00,8,0.0,1.6170053
2014-11-12,2014-11-12 08:00:00,9,0.0,0.28117752
2014-11-12,2014-11-12 09:00:00,10,0.0,0.511713
2014-11-12,2014-11-12 10:00:00,11,0.0,0.39432907
2014-11-12,2014-11-12 11:00:00,12,0.0,0.5043688
2014-11-12,2014-11-12 12:00:00,13,0.0,0.4188242
2014-11-12,2014-11-12 13:00:00,14,0.0,0.41077042
2014-11-12,2014-11-12 14:00:00,15,0.0,0.35197544
2014-11-12,2014-11-12 15:00:00,16,0.0,0.1329441
2014-11-12,2014-11-12 16:00:00,17,0.0,0.24006462
2014-11-12,2014-11-12 17:00:00,18,0.0,0.24284554
2014-11-12,2014-11-12 18:00:00,19,0.0,0.21369743
2014-11-12,2014-11-12 19:00:00,20,0.0,0.17558193
2014-11-12,2014-11-12 20:00:00,21,0.0,0.14063358
2014-11-12,2014-11-12 21:00:00,22,0.0,0.061553
2014-11-12,2014-11-12 22:00:00,23,0.0,-0.1332016
2014-11-12,2014-11-12 23:00:00,24,0.0,-0.19141197
2014-11-13,2014-11-13 00:00:00,1,50.62051,45.12245
2014-11-13,2014-11-13 01:00:00,2,32.658394,33.722874
2014-11-13,2014-11-13 02:00:00,3,31.025473,32.37989
2014-11-13,2014-11-13 03:00:00,4,31.025473,31.94558
2014-11-13,2014-11-13 04:00:00,5,27.759634,31.076729
2014-11-13,2014-11-13 05:00:00,6,27.759634,30.617096
2014-11-13,2014-11-13 06:00:00,7,39.19007,36.494247
2014-11-13,2014-11-13 07:00:00,8,0.0,2.8151417
2014-11-13,2014-11-13 08:00:00,9,0.0,0.020868301
2014-11-13,2014-11-13 09:00:00,10,0.0,0.28987312
2014-11-13,2014-11-13 10:00:00,11,0.0,0.24023247
2014-11-13,2014-11-13 11:00:00,12,0.0,0.30921173
2014-11-13,2014-11-13 12:00:00,13,0.0,0.24000072
2014-11-13,2014-11-13 13:00:00,14,0.0,0.22282696
2014-11-13,2014-11-13 14:00:00,15,0.0,0.14928055
2014-11-13,2014-11-13 15:00:00,16,0.0,-0.088383675
2014-11-13,2014-11-13 16:00:00,17,0.0,0.18393612
2014-11-13,2014-11-13 17:00:00,18,0.0,0.19519806
2014-11-13,2014-11-13 18:00:00,19,0.0,0.16816235
2014-11-13,2014-11-13 19:00:00,20,0.0,0.18007088
2014-11-13,2014-11-13 20:00:00,21,0.0,0.1057291
2014-11-13,2014-11-13 21:00:00,22,0.0,0.15418816
2014-11-13,2014-11-13 22:00:00,23,0.0,-0.12178993
2014-11-13,2014-11-13 23:00:00,24,0.0,-0.2655468
2014-11-14,2014-11-14 00:00:00,1,52.25343,44.673286
2014-11-14,2014-11-14 01:00:00,2,31.025473,32.484962
2014-11-14,2014-11-14 02:00:00,3,29.392553,31.312376
2014-11-14,2014-11-14 03:00:00,4,29.392553,30.888496
2014-11-14,2014-11-14 04:00:00,5,31.025473,29.489174
2014-11-14,2014-11-14 05:00:00,6,27.759634,28.345097
2014-11-14,2014-11-14 06:00:00,7,31.025473,36.449825
2014-11-14,2014-11-14 07:00:00,8,9.797518,0.6967211
2014-11-14,2014-11-14 08:00:00,9,0.0,0.13986206
2014-11-14,2014-11-14 09:00:00,10,0.0,0.4608755
2014-11-14,2014-11-14 10:00:00,11,40.82299,0.3013487
2014-11-14,2014-11-14 11:00:00,12,0.0,0.39192295
2014-11-14,2014-11-14 12:00:00,13,0.0,0.2564354
2014-11-14,2014-11-14 13:00:00,14,0.0,0.28391266
2014-11-14,2014-11-14 14:00:00,15,0.0,0.20265579
2014-11-14,2014-11-14 15:00:00,16,0.0,0.026011467
2014-11-14,2014-11-14 16:00:00,17,0.0,0.30308056
2014-11-14,2014-11-14 17:00:00,18,0.0,0.2691574
2014-11-14,2014-11-14 18:00:00,19,0.0,0.2422657
2014-11-14,2014-11-14 19:00:00,20,0.0,0.14652538
2014-11-14,2014-11-14 20:00:00,21,0.0,0.18622398
2014-11-14,2014-11-14 21:00:00,22,0.0,0.19365883
2014-11-14,2014-11-14 22:00:00,23,0.0,0.24952507
2014-11-14,2014-11-14 23:00:00,24,0.0,1.5365238
2014-11-15,2014-11-15 00:00:00,1,50.62051,44.103745
2014-11-15,2014-11-15 01:00:00,2,34.291313,35.670345
2014-11-15,2014-11-15 02:00:00,3,29.392553,34.076916
2014-11-15,2014-11-15 03:00:00,4,32.658394,33.09825
2014-11-15,2014-11-15 04:00:00,5,29.392553,32.32986
2014-11-15,2014-11-15 05:00:00,6,29.392553,32.17693
2014-11-15,2014-11-15 06:00:00,7,34.291313,32.336544
2014-11-15,2014-11-15 07:00:00,8,32.658394,30.890099
2014-11-15,2014-11-15 08:00:00,9,32.658394,29.112984
2014-11-15,2014-11-15 09:00:00,10,31.025473,28.769484
2014-11-15,2014-11-15 10:00:00,11,31.025473,28.493979
2014-11-15,2014-11-15 11:00:00,12,29.392553,28.013447
2014-11-15,2014-11-15 12:00:00,13,27.759634,27.752502
2014-11-15,2014-11-15 13:00:00,14,37.55715,27.567984
2014-11-15,2014-11-15 14:00:00,15,34.291313,27.241924
2014-11-15,2014-11-15 15:00:00,16,24.493795,27.73423
2014-11-15,2014-11-15 16:00:00,17,26.126715,27.695816
2014-11-15,2014-11-15 17:00:00,18,26.126715,27.853815
2014-11-15,2014-11-15 18:00:00,19,26.126715,28.150564
2014-11-15,2014-11-15 19:00:00,20,26.126715,28.205444
2014-11-15,2014-11-15 20:00:00,21,34.291313,28.093918
2014-11-15,2014-11-15 21:00:00,22,32.658394,27.606045
2014-11-15,2014-11-15 22:00:00,23,26.126715,27.461433
2014-11-15,2014-11-15 23:00:00,24,24.493795,27.168472
2014-11-16,2014-11-16 00:00:00,1,21.227955,26.291893
2014-11-16,2014-11-16 01:00:00,2,21.227955,26.389826
2014-11-16,2014-11-16 02:00:00,3,21.227955,26.503475
2014-11-16,2014-11-16 03:00:00,4,21.227955,26.527252
2014-11-16,2014-11-16 04:00:00,5,21.227955,26.446064
2014-11-16,2014-11-16 05:00:00,6,22.860876,26.418346
2014-11-16,2014-11-16 06:00:00,7,21.227955,26.399734
2014-11-16,2014-11-16 07:00:00,8,21.227955,26.392887
2014-11-16,2014-11-16 08:00:00,9,21.227955,26.23001
2014-11-16,2014-11-16 09:00:00,10,21.227955,26.16875
2014-11-16,2014-11-16 10:00:00,11,21.227955,26.002823
2014-11-16,2014-11-16 11:00:00,12,22.860876,25.98452
2014-11-16,2014-11-16 12:00:00,13,21.227955,25.989796
2014-11-16,2014-11-16 13:00:00,14,21.227955,26.190044
2014-11-16,2014-11-16 14:00:00,15,21.227955,26.227219
2014-11-16,2014-11-16 15:00:00,16,21.227955,26.436749
2014-11-16,2014-11-16 16:00:00,17,21.227955,26.09267
2014-11-16,2014-11-16 17:00:00,18,21.227955,25.858728
2014-11-16,2014-11-16 18:00:00,19,21.227955,25.89937
2014-11-16,2014-11-16 19:00:00,20,21.227955,26.758572
2014-11-16,2014-11-16 20:00:00,21,21.227955,26.792534
2014-11-16,2014-11-16 21:00:00,22,22.860876,26.579885
2014-11-16,2014-11-16 22:00:00,23,21.227955,26.570763
2014-11-16,2014-11-16 23:00:00,24,22.860876,26.073845
2014-11-17,2014-11-17 00:00:00,1,22.860876,28.036293
2014-11-17,2014-11-17 01:00:00,2,22.860876,28.146357
2014-11-17,2014-11-17 02:00:00,3,40.82299,30.036095
2014-11-17,2014-11-17 03:00:00,4,34.291313,32.033905
2014-11-17,2014-11-17 04:00:00,5,55.519268,33.155415
2014-11-17,2014-11-17 05:00:00,6,34.291313,28.239956
2014-11-17,2014-11-17 06:00:00,7,0.0,-0.14272499
2014-11-17,2014-11-17 07:00:00,8,0.0,-0.024712563
2014-11-17,2014-11-17 08:00:00,9,0.0,0.087781906
2014-11-17,2014-11-17 09:00:00,10,0.0,0.1584158
2014-11-17,2014-11-17 10:00:00,11,0.0,0.14800453
2014-11-17,2014-11-17 11:00:00,12,0.0,0.049027443
2014-11-17,2014-11-17 12:00:00,13,0.0,0.057699203
2014-11-17,2014-11-17 13:00:00,14,0.0,0.081531525
2014-11-17,2014-11-17 14:00:00,15,0.0,-0.075642586
2014-11-17,2014-11-17 15:00:00,16,0.0,0.09762287
2014-11-17,2014-11-17 16:00:00,17,0.0,0.15529156
2014-11-17,2014-11-17 17:00:00,18,0.0,0.15952301
2014-11-17,2014-11-17 18:00:00,19,0.0,0.1822443
2014-11-17,2014-11-17 19:00:00,20,0.0,0.138937
2014-11-17,2014-11-17 20:00:00,21,0.0,0.12186909
2014-11-17,2014-11-17 21:00:00,22,0.0,0.08137989
2014-11-17,2014-11-17 22:00:00,23,0.0,0.026013374
2014-11-17,2014-11-17 23:00:00,24,0.0,-0.10871601
2014-11-18,2014-11-18 00:00:00,1,47.35467,43.755867
2014-11-18,2014-11-18 01:00:00,2,32.658394,29.750273
2014-11-18,2014-11-18 02:00:00,3,31.025473,28.06672
2014-11-18,2014-11-18 03:00:00,4,31.025473,27.528404
2014-11-18,2014-11-18 04:00:00,5,27.759634,26.904339
2014-11-18,2014-11-18 05:00:00,6,27.759634,26.509285
2014-11-18,2014-11-18 06:00:00,7,39.19007,32.73147
2014-11-18,2014-11-18 07:00:00,8,1.6329197,0.25563145
2014-11-18,2014-11-18 08:00:00,9,0.0,0.28490734
2014-11-18,2014-11-18 09:00:00,10,0.0,0.52716255
2014-11-18,2014-11-18 10:00:00,11,0.0,0.4043436
2014-11-18,2014-11-18 11:00:00,12,50.62051,0.47914314
2014-11-18,2014-11-18 12:00:00,13,0.0,0.384902
2014-11-18,2014-11-18 13:00:00,14,0.0,0.35138035
2014-11-18,2014-11-18 14:00:00,15,0.0,0.28690052
2014-11-18,2014-11-18 15:00:00,16,0.0,0.124949455
2014-11-18,2014-11-18 16:00:00,17,0.0,0.11266422
2014-11-18,2014-11-18 17:00:00,18,0.0,0.09098911
2014-11-18,2014-11-18 18:00:00,19,0.0,0.121806145
2014-11-18,2014-11-18 19:00:00,20,0.0,0.09442997
2014-11-18,2014-11-18 20:00:00,21,0.0,0.02417469
2014-11-18,2014-11-18 21:00:00,22,0.0,-0.042803764
2014-11-18,2014-11-18 22:00:00,23,0.0,-0.17575645
2014-11-18,2014-11-18 23:00:00,24,0.0,-0.31717968
2014-11-19,2014-11-19 00:00:00,1,48.98759,46.57125
2014-11-19,2014-11-19 01:00:00,2,35.924232,32.483074
2014-11-19,2014-11-19 02:00:00,3,35.924232,30.902966
2014-11-19,2014-11-19 03:00:00,4,34.291313,30.813276
2014-11-19,2014-11-19 04:00:00,5,34.291313,29.05993
2014-11-19,2014-11-19 05:00:00,6,34.291313,29.064018
2014-11-19,2014-11-19 06:00:00,7,42.45591,35.202343
2014-11-19,2014-11-19 07:00:00,8,0.0,0.9430027
2014-11-19,2014-11-19 08:00:00,9,0.0,0.18998623
2014-11-19,2014-11-19 09:00:00,10,0.0,0.41840172
2014-11-19,2014-11-19 10:00:00,11,0.0,0.304533
2014-11-19,2014-11-19 11:00:00,12,0.0,0.36279106
2014-11-19,2014-11-19 12:00:00,13,0.0,0.24481773
2014-11-19,2014-11-19 13:00:00,14,0.0,0.23586464
2014-11-19,2014-11-19 14:00:00,15,0.0,0.20785904
2014-11-19,2014-11-19 15:00:00,16,0.0,-0.011604309
2014-11-19,2014-11-19 16:00:00,17,0.0,0.13792801
2014-11-19,2014-11-19 17:00:00,18,0.0,0.084498405
2014-11-19,2014-11-19 18:00:00,19,0.0,0.10876274
2014-11-19,2014-11-19 19:00:00,20,0.0,0.07167816
2014-11-19,2014-11-19 20:00:00,21,0.0,0.07464218
2014-11-19,2014-11-19 21:00:00,22,0.0,0.040760994
2014-11-19,2014-11-19 22:00:00,23,0.0,-0.1482439
2014-11-19,2014-11-19 23:00:00,24,0.0,-0.29732895
2014-11-20,2014-11-20 00:00:00,1,48.98759,46.32315
2014-11-20,2014-11-20 01:00:00,2,35.924232,35.07907
2014-11-20,2014-11-20 02:00:00,3,34.291313,33.937607
2014-11-20,2014-11-20 03:00:00,4,35.924232,33.34611
2014-11-20,2014-11-20 04:00:00,5,31.025473,32.185444
2014-11-20,2014-11-20 05:00:00,6,32.658394,32.071438
2014-11-20,2014-11-20 06:00:00,7,40.82299,37.58575
2014-11-20,2014-11-20 07:00:00,8,22.860876,0.65071964
2014-11-20,2014-11-20 08:00:00,9,0.0,0.20541096
2014-11-20,2014-11-20 09:00:00,10,0.0,0.45662594
2014-11-20,2014-11-20 10:00:00,11,0.0,0.31098938
2014-11-20,2014-11-20 11:00:00,12,0.0,0.41922092
2014-11-20,2014-11-20 12:00:00,13,0.0,0.2582245
2014-11-20,2014-11-20 13:00:00,14,0.0,0.25501347
2014-11-20,2014-11-20 14:00:00,15,0.0,0.20978928
2014-11-20,2014-11-20 15:00:00,16,0.0,-0.007347107
2014-11-20,2014-11-20 16:00:00,17,0.0,0.1680088
2014-11-20,2014-11-20 17:00:00,18,0.0,0.12938881
2014-11-20,2014-11-20 18:00:00,19,0.0,0.15752411
2014-11-20,2014-11-20 19:00:00,20,0.0,0.144763
2014-11-20,2014-11-20 20:00:00,21,0.0,0.10841465
2014-11-20,2014-11-20 21:00:00,22,0.0,0.083405495
2014-11-20,2014-11-20 22:00:00,23,0.0,-0.12571335
2014-11-20,2014-11-20 23:00:00,24,0.0,-0.24815941
2014-11-21,2014-11-21 00:00:00,1,48.98759,45.822594
2014-11-21,2014-11-21 01:00:00,2,34.291313,34.278633
2014-11-21,2014-11-21 02:00:00,3,35.924232,32.53743
2014-11-21,2014-11-21 03:00:00,4,35.924232,32.257874
2014-11-21,2014-11-21 04:00:00,5,34.291313,31.295774
2014-11-21,2014-11-21 05:00:00,6,34.291313,31.021027
2014-11-21,2014-11-21 06:00:00,7,40.82299,37.19182
2014-11-21,2014-11-21 07:00:00,8,1.6329197,3.1894207
2014-11-21,2014-11-21 08:00:00,9,0.0,0.25994778
2014-11-21,2014-11-21 09:00:00,10,0.0,0.5432577
2014-11-21,2014-11-21 10:00:00,11,0.0,0.31663132
2014-11-21,2014-11-21 11:00:00,12,0.0,0.3490572
2014-11-21,2014-11-21 12:00:00,13,0.0,0.22144699
2014-11-21,2014-11-21 13:00:00,14,0.0,0.23615837
2014-11-21,2014-11-21 14:00:00,15,0.0,0.18138885
2014-11-21,2014-11-21 15:00:00,16,0.0,-0.047834396
2014-11-21,2014-11-21 16:00:00,17,0.0,0.25696564
2014-11-21,2014-11-21 17:00:00,18,0.0,0.19277763
2014-11-21,2014-11-21 18:00:00,19,0.0,0.1387682
2014-11-21,2014-11-21 19:00:00,20,0.0,0.05545616
2014-11-21,2014-11-21 20:00:00,21,0.0,0.16593933
2014-11-21,2014-11-21 21:00:00,22,0.0,0.17363262
2014-11-21,2014-11-21 22:00:00,23,0.0,0.09968758
2014-11-21,2014-11-21 23:00:00,24,0.0,0.48853588
2014-11-22,2014-11-22 00:00:00,1,57.152187,42.83387
2014-11-22,2014-11-22 01:00:00,2,40.82299,35.04947
2014-11-22,2014-11-22 02:00:00,3,39.19007,32.969498
2014-11-22,2014-11-22 03:00:00,4,39.19007,33.18332
2014-11-22,2014-11-22 04:00:00,5,39.19007,32.231884
2014-11-22,2014-11-22 05:00:00,6,37.55715,32.2055
2014-11-22,2014-11-22 06:00:00,7,35.924232,33.32849
2014-11-22,2014-11-22 07:00:00,8,32.658394,31.944838
2014-11-22,2014-11-22 08:00:00,9,32.658394,30.199646
2014-11-22,2014-11-22 09:00:00,10,32.658394,29.579285
2014-11-22,2014-11-22 10:00:00,11,32.658394,29.791939
2014-11-22,2014-11-22 11:00:00,12,32.658394,29.36726
2014-11-22,2014-11-22 12:00:00,13,31.025473,28.892529
2014-11-22,2014-11-22 13:00:00,14,31.025473,29.800722
2014-11-22,2014-11-22 14:00:00,15,27.759634,29.360924
2014-11-22,2014-11-22 15:00:00,16,27.759634,28.670284
2014-11-22,2014-11-22 16:00:00,17,29.392553,27.406467
2014-11-22,2014-11-22 17:00:00,18,31.025473,28.371288
2014-11-22,2014-11-22 18:00:00,19,29.392553,29.21822
2014-11-22,2014-11-22 19:00:00,20,29.392553,29.56025
2014-11-22,2014-11-22 20:00:00,21,31.025473,29.795708
2014-11-22,2014-11-22 21:00:00,22,29.392553,28.522663
2014-11-22,2014-11-22 22:00:00,23,31.025473,27.620083
2014-11-22,2014-11-22 23:00:00,24,29.392553,27.104382
2014-11-23,2014-11-23 00:00:00,1,29.392553,29.361063
2014-11-23,2014-11-23 01:00:00,2,27.759634,29.069387
2014-11-23,2014-11-23 02:00:00,3,29.392553,29.005882
2014-11-23,2014-11-23 03:00:00,4,29.392553,29.047874
2014-11-23,2014-11-23 04:00:00,5,29.392553,28.939816
2014-11-23,2014-11-23 05:00:00,6,27.759634,29.063541
2014-11-23,2014-11-23 06:00:00,7,29.392553,29.015118
2014-11-23,2014-11-23 07:00:00,8,27.759634,29.000814
2014-11-23,2014-11-23 08:00:00,9,29.392553,28.889736
2014-11-23,2014-11-23 09:00:00,10,29.392553,28.887972
2014-11-23,2014-11-23 10:00:00,11,29.392553,28.830326
2014-11-23,2014-11-23 11:00:00,12,27.759634,28.873268
2014-11-23,2014-11-23 12:00:00,13,29.392553,28.738964
2014-11-23,2014-11-23 13:00:00,14,27.759634,28.870125
2014-11-23,2014-11-23 14:00:00,15,24.493795,28.830402
2014-11-23,2014-11-23 15:00:00,16,27.759634,29.004017
2014-11-23,2014-11-23 16:00:00,17,27.759634,27.66898
2014-11-23,2014-11-23 17:00:00,18,26.126715,28.30502
2014-11-23,2014-11-23 18:00:00,19,26.126715,28.224472
2014-11-23,2014-11-23 19:00:00,20,27.759634,28.378113
2014-11-23,2014-11-23 20:00:00,21,26.126715,28.937775
2014-11-23,2014-11-23 21:00:00,22,26.126715,29.22309
2014-11-23,2014-11-23 22:00:00,23,26.126715,29.095123
2014-11-23,2014-11-23 23:00:00,24,29.392553,29.598385
2014-11-24,2014-11-24 00:00:00,1,26.126715,32.9359
2014-11-24,2014-11-24 01:00:00,2,27.759634,33.464233
2014-11-24,2014-11-24 02:00:00,3,31.025473,38.473427
2014-11-24,2014-11-24 03:00:00,4,34.291313,39.827484
2014-11-24,2014-11-24 04:00:00,5,66.94971,45.51908
2014-11-24,2014-11-24 05:00:00,6,39.19007,37.086098
2014-11-24,2014-11-24 06:00:00,7,0.0,0.88746166
2014-11-24,2014-11-24 07:00:00,8,0.0,0.16230965
2014-11-24,2014-11-24 08:00:00,9,0.0,-0.042256355
2014-11-24,2014-11-24 09:00:00,10,0.0,0.16789532
2014-11-24,2014-11-24 10:00:00,11,0.0,0.057854652
2014-11-24,2014-11-24 11:00:00,12,0.0,0.03518963
2014-11-24,2014-11-24 12:00:00,13,0.0,-0.05806923
2014-11-24,2014-11-24 13:00:00,14,0.0,0.104156494
2014-11-24,2014-11-24 14:00:00,15,0.0,-0.16825867
2014-11-24,2014-11-24 15:00:00,16,0.0,-0.0071640015
2014-11-24,2014-11-24 16:00:00,17,0.0,0.07617283
2014-11-24,2014-11-24 17:00:00,18,0.0,0.080721855
2014-11-24,2014-11-24 18:00:00,19,0.0,0.10365391
2014-11-24,2014-11-24 19:00:00,20,0.0,0.0358963
2014-11-24,2014-11-24 20:00:00,21,0.0,-0.012671471
2014-11-24,2014-11-24 21:00:00,22,0.0,-0.09205341
2014-11-24,2014-11-24 22:00:00,23,0.0,-0.16404247
2014-11-24,2014-11-24 23:00:00,24,0.0,-0.33812523
2014-11-25,2014-11-25 00:00:00,1,50.62051,48.5169
2014-11-25,2014-11-25 01:00:00,2,35.924232,35.18999
2014-11-25,2014-11-25 02:00:00,3,34.291313,34.122063
2014-11-25,2014-11-25 03:00:00,4,35.924232,34.02485
2014-11-25,2014-11-25 04:00:00,5,34.291313,32.450676
2014-11-25,2014-11-25 05:00:00,6,35.924232,32.139145
2014-11-25,2014-11-25 06:00:00,7,47.35467,38.611923
2014-11-25,2014-11-25 07:00:00,8,16.329197,0.7282419
2014-11-25,2014-11-25 08:00:00,9,0.0,0.3486004
2014-11-25,2014-11-25 09:00:00,10,0.0,0.6274719
2014-11-25,2014-11-25 10:00:00,11,0.0,0.4596281
2014-11-25,2014-11-25 11:00:00,12,0.0,0.58006954
2014-11-25,2014-11-25 12:00:00,13,0.0,0.43404102
2014-11-25,2014-11-25 13:00:00,14,0.0,0.42710972
2014-11-25,2014-11-25 14:00:00,15,0.0,0.36715698
2014-11-25,2014-11-25 15:00:00,16,0.0,0.13490295
2014-11-25,2014-11-25 16:00:00,17,0.0,0.20792675
2014-11-25,2014-11-25 17:00:00,18,0.0,0.18144798
2014-11-25,2014-11-25 18:00:00,19,0.0,0.20155907
2014-11-25,2014-11-25 19:00:00,20,0.0,0.15030575
2014-11-25,2014-11-25 20:00:00,21,0.0,0.17069244
2014-11-25,2014-11-25 21:00:00,22,0.0,0.07493305
2014-11-25,2014-11-25 22:00:00,23,0.0,-0.13586807
2014-11-25,2014-11-25 23:00:00,24,0.0,-0.31505966
2014-11-26,2014-11-26 00:00:00,1,62.050945,50.062496
2014-11-26,2014-11-26 01:00:00,2,40.82299,37.59509
2014-11-26,2014-11-26 02:00:00,3,40.82299,35.7922
2014-11-26,2014-11-26 03:00:00,4,34.291313,36.669765
2014-11-26,2014-11-26 04:00:00,5,34.291313,35.942875
2014-11-26,2014-11-26 05:00:00,6,37.55715,36.053505
2014-11-26,2014-11-26 06:00:00,7,42.45591,40.89916
2014-11-26,2014-11-26 07:00:00,8,0.0,10.486094
2014-11-26,2014-11-26 08:00:00,9,0.0,0.06649494
2014-11-26,2014-11-26 09:00:00,10,0.0,0.18288517
2014-11-26,2014-11-26 10:00:00,11,0.0,0.216156
2014-11-26,2014-11-26 11:00:00,12,0.0,0.2923603
2014-11-26,2014-11-26 12:00:00,13,0.0,0.17356586
2014-11-26,2014-11-26 13:00:00,14,0.0,0.2563486
2014-11-26,2014-11-26 14:00:00,15,0.0,0.08661842
2014-11-26,2014-11-26 15:00:00,16,0.0,-0.099741936
2014-11-26,2014-11-26 16:00:00,17,0.0,0.10634136
2014-11-26,2014-11-26 17:00:00,18,0.0,0.038881302
2014-11-26,2014-11-26 18:00:00,19,0.0,0.053934097
2014-11-26,2014-11-26 19:00:00,20,0.0,-0.012776375
2014-11-26,2014-11-26 20:00:00,21,0.0,0.02769947
2014-11-26,2014-11-26 21:00:00,22,0.0,-0.044233322
2014-11-26,2014-11-26 22:00:00,23,0.0,-0.24659634
2014-11-26,2014-11-26 23:00:00,24,0.0,-0.35473728
2014-11-27,2014-11-27 00:00:00,1,52.25343,52.44316
2014-11-27,2014-11-27 01:00:00,2,39.19007,39.6419
2014-11-27,2014-11-27 02:00:00,3,37.55715,37.878216
2014-11-27,2014-11-27 03:00:00,4,37.55715,37.413525
2014-11-27,2014-11-27 04:00:00,5,34.291313,35.742493
2014-11-27,2014-11-27 05:00:00,6,34.291313,36.66336
2014-11-27,2014-11-27 06:00:00,7,42.45591,42.735497
2014-11-27,2014-11-27 07:00:00,8,0.0,8.935791
2014-11-27,2014-11-27 08:00:00,9,0.0,0.17743015
2014-11-27,2014-11-27 09:00:00,10,0.0,0.321352
2014-11-27,2014-11-27 10:00:00,11,0.0,0.3655796
2014-11-27,2014-11-27 11:00:00,12,0.0,0.40112305
2014-11-27,2014-11-27 12:00:00,13,0.0,0.24760532
2014-11-27,2014-11-27 13:00:00,14,0.0,0.31460762
2014-11-27,2014-11-27 14:00:00,15,0.0,0.23673439
2014-11-27,2014-11-27 15:00:00,16,0.0,-0.0003643036
2014-11-27,2014-11-27 16:00:00,17,0.0,0.20797348
2014-11-27,2014-11-27 17:00:00,18,0.0,0.16474342
2014-11-27,2014-11-27 18:00:00,19,0.0,0.19965363
2014-11-27,2014-11-27 19:00:00,20,0.0,0.13652515
2014-11-27,2014-11-27 20:00:00,21,0.0,0.18354511
2014-11-27,2014-11-27 21:00:00,22,0.0,0.10905647
2014-11-27,2014-11-27 22:00:00,23,0.0,-0.13033867
2014-11-27,2014-11-27 23:00:00,24,0.0,-0.25352478
2014-11-28,2014-11-28 00:00:00,1,53.88635,49.700283
2014-11-28,2014-11-28 01:00:00,2,37.55715,37.94433
2014-11-28,2014-11-28 02:00:00,3,37.55715,36.28128
2014-11-28,2014-11-28 03:00:00,4,35.924232,36.035503
2014-11-28,2014-11-28 04:00:00,5,34.291313,34.96862
2014-11-28,2014-11-28 05:00:00,6,32.658394,35.73861
2014-11-28,2014-11-28 06:00:00,7,45.721752,39.996548
2014-11-28,2014-11-28 07:00:00,8,14.696277,5.120346
2014-11-28,2014-11-28 08:00:00,9,0.0,0.08517265
2014-11-28,2014-11-28 09:00:00,10,0.0,0.27018833
2014-11-28,2014-11-28 10:00:00,11,0.0,0.19716263
2014-11-28,2014-11-28 11:00:00,12,0.0,0.30563927
2014-11-28,2014-11-28 12:00:00,13,0.0,0.18059444
2014-11-28,2014-11-28 13:00:00,14,0.0,0.18749332
2014-11-28,2014-11-28 14:00:00,15,0.0,0.0793705
2014-11-28,2014-11-28 15:00:00,16,0.0,-0.11226082
2014-11-28,2014-11-28 16:00:00,17,0.0,0.30207253
2014-11-28,2014-11-28 17:00:00,18,0.0,0.2935686
2014-11-28,2014-11-28 18:00:00,19,0.0,0.24703503
2014-11-28,2014-11-28 19:00:00,20,0.0,0.16431713
2014-11-28,2014-11-28 20:00:00,21,0.0,0.22323799
2014-11-28,2014-11-28 21:00:00,22,0.0,0.13846779
2014-11-28,2014-11-28 22:00:00,23,0.0,-0.022958755
2014-11-28,2014-11-28 23:00:00,24,0.0,-0.053115845
2014-11-29,2014-11-29 00:00:00,1,55.519268,46.622326
2014-11-29,2014-11-29 01:00:00,2,37.55715,38.551964
2014-11-29,2014-11-29 02:00:00,3,35.924232,36.33619
2014-11-29,2014-11-29 03:00:00,4,31.025473,36.641
2014-11-29,2014-11-29 04:00:00,5,27.759634,36.140404
2014-11-29,2014-11-29 05:00:00,6,27.759634,35.410748
2014-11-29,2014-11-29 06:00:00,7,29.392553,36.044327
2014-11-29,2014-11-29 07:00:00,8,27.759634,35.102398
2014-11-29,2014-11-29 08:00:00,9,27.759634,33.857586
2014-11-29,2014-11-29 09:00:00,10,27.759634,33.36661
2014-11-29,2014-11-29 10:00:00,11,27.759634,33.224136
2014-11-29,2014-11-29 11:00:00,12,24.493795,32.604576
2014-11-29,2014-11-29 12:00:00,13,26.126715,32.091873
2014-11-29,2014-11-29 13:00:00,14,26.126715,32.319973
2014-11-29,2014-11-29 14:00:00,15,26.126715,30.815313
2014-11-29,2014-11-29 15:00:00,16,24.493795,29.939526
2014-11-29,2014-11-29 16:00:00,17,26.126715,30.297613
2014-11-29,2014-11-29 17:00:00,18,24.493795,30.302452
2014-11-29,2014-11-29 18:00:00,19,26.126715,30.452206
2014-11-29,2014-11-29 19:00:00,20,24.493795,30.750038
2014-11-29,2014-11-29 20:00:00,21,26.126715,31.393238
2014-11-29,2014-11-29 21:00:00,22,26.126715,31.266579
2014-11-29,2014-11-29 22:00:00,23,24.493795,30.634308
2014-11-29,2014-11-29 23:00:00,24,24.493795,30.08224
2014-11-30,2014-11-30 00:00:00,1,24.493795,25.871378
2014-11-30,2014-11-30 01:00:00,2,27.759634,25.76258
2014-11-30,2014-11-30 02:00:00,3,24.493795,25.815285
2014-11-30,2014-11-30 03:00:00,4,24.493795,25.928467
2014-11-30,2014-11-30 04:00:00,5,26.126715,25.847328
2014-11-30,2014-11-30 05:00:00,6,24.493795,25.810469
2014-11-30,2014-11-30 06:00:00,7,26.126715,25.705978
2014-11-30,2014-11-30 07:00:00,8,24.493795,25.57568
2014-11-30,2014-11-30 08:00:00,9,26.126715,25.47387
2014-11-30,2014-11-30 09:00:00,10,26.126715,25.476727
2014-11-30,2014-11-30 10:00:00,11,24.493795,25.34645
2014-11-30,2014-11-30 11:00:00,12,22.860876,25.334805
2014-11-30,2014-11-30 12:00:00,13,13.063357,25.293602
2014-11-30,2014-11-30 13:00:00,14,13.063357,25.239738
2014-11-30,2014-11-30 14:00:00,15,13.063357,25.178886
2014-11-30,2014-11-30 15:00:00,16,13.063357,25.272495
2014-11-30,2014-11-30 16:00:00,17,13.063357,25.117159
2014-11-30,2014-11-30 17:00:00,18,14.696277,24.817123
2014-11-30,2014-11-30 18:00:00,19,14.696277,24.554173
2014-11-30,2014-11-30 19:00:00,20,13.063357,25.026665
2014-11-30,2014-11-30 20:00:00,21,14.696277,24.837471
2014-11-30,2014-11-30 21:00:00,22,16.329197,25.276533
2014-11-30,2014-11-30 22:00:00,23,14.696277,24.901693
2014-11-30,2014-11-30 23:00:00,24,13.063357,25.74466
2014-12-01,2014-12-01 00:00:00,1,14.696277,21.94549
2014-12-01,2014-12-01 01:00:00,2,13.063357,22.654697
2014-12-01,2014-12-01 02:00:00,3,22.860876,25.556232
2014-12-01,2014-12-01 03:00:00,4,29.392553,27.516014
2014-12-01,2014-12-01 04:00:00,5,27.759634,35.91255
2014-12-01,2014-12-01 05:00:00,6,27.759634,28.509872
2014-12-01,2014-12-01 06:00:00,7,34.291313,0.084661484
2014-12-01,2014-12-01 07:00:00,8,0.0,0.020173073
2014-12-01,2014-12-01 08:00:00,9,0.0,0.015283585
2014-12-01,2014-12-01 09:00:00,10,0.0,-0.002363205
2014-12-01,2014-12-01 10:00:00,11,0.0,-0.12466526
2014-12-01,2014-12-01 11:00:00,12,0.0,-0.06300926
2014-12-01,2014-12-01 12:00:00,13,0.0,-0.06616688
2014-12-01,2014-12-01 13:00:00,14,0.0,0.018974304
2014-12-01,2014-12-01 14:00:00,15,0.0,-0.021681786
2014-12-01,2014-12-01 15:00:00,16,0.0,-0.021605492
2014-12-01,2014-12-01 16:00:00,17,0.0,0.29301834
2014-12-01,2014-12-01 17:00:00,18,0.0,0.22869492
2014-12-01,2014-12-01 18:00:00,19,0.0,0.31844044
2014-12-01,2014-12-01 19:00:00,20,0.0,0.24872684
2014-12-01,2014-12-01 20:00:00,21,0.0,0.2178669
2014-12-01,2014-12-01 21:00:00,22,0.0,0.16623878
2014-12-01,2014-12-01 22:00:00,23,0.0,0.18495369
2014-12-01,2014-12-01 23:00:00,24,0.0,0.12785912
2014-12-02,2014-12-02 00:00:00,1,45.721752,44.110577
2014-12-02,2014-12-02 01:00:00,2,35.924232,31.518414
2014-12-02,2014-12-02 02:00:00,3,35.924232,30.310194
2014-12-02,2014-12-02 03:00:00,4,35.924232,29.686523
2014-12-02,2014-12-02 04:00:00,5,34.291313,28.000671
2014-12-02,2014-12-02 05:00:00,6,32.658394,28.99094
2014-12-02,2014-12-02 06:00:00,7,40.82299,35.99948
2014-12-02,2014-12-02 07:00:00,8,6.5316787,3.362646
2014-12-02,2014-12-02 08:00:00,9,0.0,0.34266472
2014-12-02,2014-12-02 09:00:00,10,0.0,0.48027325
2014-12-02,2014-12-02 10:00:00,11,0.0,0.32599163
2014-12-02,2014-12-02 11:00:00,12,0.0,0.46165752
2014-12-02,2014-12-02 12:00:00,13,0.0,0.3833418
2014-12-02,2014-12-02 13:00:00,14,0.0,0.34421253
2014-12-02,2014-12-02 14:00:00,15,0.0,0.32478905
2014-12-02,2014-12-02 15:00:00,16,0.0,0.09826279
2014-12-02,2014-12-02 16:00:00,17,0.0,0.2030983
2014-12-02,2014-12-02 17:00:00,18,0.0,0.14804935
2014-12-02,2014-12-02 18:00:00,19,0.0,0.23321533
2014-12-02,2014-12-02 19:00:00,20,0.0,0.17461586
2014-12-02,2014-12-02 20:00:00,21,0.0,0.1285963
2014-12-02,2014-12-02 21:00:00,22,0.0,0.06633854
2014-12-02,2014-12-02 22:00:00,23,0.0,-0.039608
2014-12-02,2014-12-02 23:00:00,24,0.0,-0.15172195
2014-12-03,2014-12-03 00:00:00,1,52.25343,47.878975
2014-12-03,2014-12-03 01:00:00,2,40.82299,36.874542
2014-12-03,2014-12-03 02:00:00,3,39.19007,35.832794
2014-12-03,2014-12-03 03:00:00,4,40.82299,35.5505
2014-12-03,2014-12-03 04:00:00,5,39.19007,33.12362
2014-12-03,2014-12-03 05:00:00,6,39.19007,33.700096
2014-12-03,2014-12-03 06:00:00,7,45.721752,40.817017
2014-12-03,2014-12-03 07:00:00,8,3.2658393,4.4522686
2014-12-03,2014-12-03 08:00:00,9,0.0,0.16885376
2014-12-03,2014-12-03 09:00:00,10,0.0,0.41652393
2014-12-03,2014-12-03 10:00:00,11,0.0,0.32449436
2014-12-03,2014-12-03 11:00:00,12,0.0,0.4094
2014-12-03,2014-12-03 12:00:00,13,0.0,0.32697582
2014-12-03,2014-12-03 13:00:00,14,0.0,0.31613827
2014-12-03,2014-12-03 14:00:00,15,0.0,0.24750614
2014-12-03,2014-12-03 15:00:00,16,0.0,0.07214546
2014-12-03,2014-12-03 16:00:00,17,42.45591,0.19057655
2014-12-03,2014-12-03 17:00:00,18,0.0,0.1826086
2014-12-03,2014-12-03 18:00:00,19,0.0,0.1928482
2014-12-03,2014-12-03 19:00:00,20,0.0,0.15729809
2014-12-03,2014-12-03 20:00:00,21,0.0,0.16372871
2014-12-03,2014-12-03 21:00:00,22,0.0,0.08058071
2014-12-03,2014-12-03 22:00:00,23,0.0,-0.11228657
2014-12-03,2014-12-03 23:00:00,24,0.0,-0.24163246
2014-12-04,2014-12-04 00:00:00,1,53.88635,50.179237
2014-12-04,2014-12-04 01:00:00,2,44.08883,40.22316
2014-12-04,2014-12-04 02:00:00,3,40.82299,39.34414
2014-12-04,2014-12-04 03:00:00,4,42.45591,38.924637
2014-12-04,2014-12-04 04:00:00,5,35.924232,37.101303
2014-12-04,2014-12-04 05:00:00,6,37.55715,36.98866
2014-12-04,2014-12-04 06:00:00,7,48.98759,42.04074
2014-12-04,2014-12-04 07:00:00,8,0.0,7.2926655
2014-12-04,2014-12-04 08:00:00,9,0.0,0.15093231
2014-12-04,2014-12-04 09:00:00,10,0.0,0.3695116
2014-12-04,2014-12-04 10:00:00,11,0.0,0.3072815
2014-12-04,2014-12-04 11:00:00,12,0.0,0.34708118
2014-12-04,2014-12-04 12:00:00,13,0.0,0.2709446
2014-12-04,2014-12-04 13:00:00,14,0.0,0.20628071
2014-12-04,2014-12-04 14:00:00,15,0.0,0.17233181
2014-12-04,2014-12-04 15:00:00,16,0.0,-0.021312714
2014-12-04,2014-12-04 16:00:00,17,0.0,0.2233429
2014-12-04,2014-12-04 17:00:00,18,0.0,0.05516243
2014-12-04,2014-12-04 18:00:00,19,0.0,0.15391922
2014-12-04,2014-12-04 19:00:00,20,0.0,0.1069994
2014-12-04,2014-12-04 20:00:00,21,0.0,0.13337803
2014-12-04,2014-12-04 21:00:00,22,0.0,0.06823921
2014-12-04,2014-12-04 22:00:00,23,0.0,-0.088754654
2014-12-04,2014-12-04 23:00:00,24,0.0,-0.26411247
2014-12-05,2014-12-05 00:00:00,1,53.88635,50.77471
2014-12-05,2014-12-05 01:00:00,2,37.55715,40.155666
2014-12-05,2014-12-05 02:00:00,3,35.924232,38.38618
2014-12-05,2014-12-05 03:00:00,4,37.55715,38.504536
2014-12-05,2014-12-05 04:00:00,5,35.924232,35.746365
2014-12-05,2014-12-05 05:00:00,6,32.658394,36.3702
2014-12-05,2014-12-05 06:00:00,7,42.45591,43.587082
2014-12-05,2014-12-05 07:00:00,8,4.898759,4.432847
2014-12-05,2014-12-05 08:00:00,9,0.0,0.22404099
2014-12-05,2014-12-05 09:00:00,10,0.0,0.44212914
2014-12-05,2014-12-05 10:00:00,11,0.0,0.27597618
2014-12-05,2014-12-05 11:00:00,12,0.0,0.41963387
2014-12-05,2014-12-05 12:00:00,13,0.0,0.32760906
2014-12-05,2014-12-05 13:00:00,14,0.0,0.2745266
2014-12-05,2014-12-05 14:00:00,15,0.0,0.16316986
2014-12-05,2014-12-05 15:00:00,16,0.0,0.0015926361
2014-12-05,2014-12-05 16:00:00,17,0.0,0.22708797
2014-12-05,2014-12-05 17:00:00,18,0.0,0.11561394
2014-12-05,2014-12-05 18:00:00,19,0.0,0.0904541
2014-12-05,2014-12-05 19:00:00,20,0.0,0.05970955
2014-12-05,2014-12-05 20:00:00,21,0.0,0.112874985
2014-12-05,2014-12-05 21:00:00,22,0.0,0.084267616
2014-12-05,2014-12-05 22:00:00,23,0.0,-0.10510349
2014-12-05,2014-12-05 23:00:00,24,0.0,-0.21630764
2014-12-06,2014-12-06 00:00:00,1,65.31679,42.41665
2014-12-06,2014-12-06 01:00:00,2,39.19007,34.015285
2014-12-06,2014-12-06 02:00:00,3,39.19007,31.480284
2014-12-06,2014-12-06 03:00:00,4,37.55715,30.075468
2014-12-06,2014-12-06 04:00:00,5,32.658394,29.42894
2014-12-06,2014-12-06 05:00:00,6,29.392553,28.677437
2014-12-06,2014-12-06 06:00:00,7,29.392553,29.664406
2014-12-06,2014-12-06 07:00:00,8,27.759634,28.470108
2014-12-06,2014-12-06 08:00:00,9,34.291313,27.375736
2014-12-06,2014-12-06 09:00:00,10,31.025473,26.616364
2014-12-06,2014-12-06 10:00:00,11,27.759634,26.41084
2014-12-06,2014-12-06 11:00:00,12,29.392553,25.388988
2014-12-06,2014-12-06 12:00:00,13,32.658394,24.778149
2014-12-06,2014-12-06 13:00:00,14,29.392553,24.18966
2014-12-06,2014-12-06 14:00:00,15,40.82299,23.341805
2014-12-06,2014-12-06 15:00:00,16,40.82299,23.351946
2014-12-06,2014-12-06 16:00:00,17,34.291313,24.932997
2014-12-06,2014-12-06 17:00:00,18,34.291313,25.190784
2014-12-06,2014-12-06 18:00:00,19,34.291313,25.325481
2014-12-06,2014-12-06 19:00:00,20,34.291313,25.400772
2014-12-06,2014-12-06 20:00:00,21,32.658394,25.522507
2014-12-06,2014-12-06 21:00:00,22,32.658394,25.551992
2014-12-06,2014-12-06 22:00:00,23,26.126715,25.688168
2014-12-06,2014-12-06 23:00:00,24,26.126715,25.79204
2014-12-07,2014-12-07 00:00:00,1,26.126715,29.02782
2014-12-07,2014-12-07 01:00:00,2,26.126715,29.219799
2014-12-07,2014-12-07 02:00:00,3,27.759634,29.344395
2014-12-07,2014-12-07 03:00:00,4,26.126715,29.352055
2014-12-07,2014-12-07 04:00:00,5,29.392553,29.371569
2014-12-07,2014-12-07 05:00:00,6,26.126715,29.195805
2014-12-07,2014-12-07 06:00:00,7,26.126715,29.2897
2014-12-07,2014-12-07 07:00:00,8,29.392553,29.52538
2014-12-07,2014-12-07 08:00:00,9,26.126715,29.799532
2014-12-07,2014-12-07 09:00:00,10,26.126715,29.919096
2014-12-07,2014-12-07 10:00:00,11,27.759634,29.689098
2014-12-07,2014-12-07 11:00:00,12,26.126715,29.45356
2014-12-07,2014-12-07 12:00:00,13,26.126715,29.048975
2014-12-07,2014-12-07 13:00:00,14,26.126715,28.781643
2014-12-07,2014-12-07 14:00:00,15,27.759634,28.52573
2014-12-07,2014-12-07 15:00:00,16,26.126715,28.889996
2014-12-07,2014-12-07 16:00:00,17,26.126715,28.92395
2014-12-07,2014-12-07 17:00:00,18,27.759634,28.529522
2014-12-07,2014-12-07 18:00:00,19,26.126715,28.185186
2014-12-07,2014-12-07 19:00:00,20,27.759634,28.048275
2014-12-07,2014-12-07 20:00:00,21,26.126715,27.849216
2014-12-07,2014-12-07 21:00:00,22,27.759634,28.00548
2014-12-07,2014-12-07 22:00:00,23,26.126715,27.043747
2014-12-07,2014-12-07 23:00:00,24,26.126715,26.434088
2014-12-08,2014-12-08 00:00:00,1,29.392553,29.356556
2014-12-08,2014-12-08 01:00:00,2,26.126715,28.97071
2014-12-08,2014-12-08 02:00:00,3,27.759634,31.881258
2014-12-08,2014-12-08 03:00:00,4,27.759634,33.487366
2014-12-08,2014-12-08 04:00:00,5,27.759634,34.282303
2014-12-08,2014-12-08 05:00:00,6,26.126715,33.469555
2014-12-08,2014-12-08 06:00:00,7,27.759634,30.568924
2014-12-08,2014-12-08 07:00:00,8,29.392553,0.91766834
2014-12-08,2014-12-08 08:00:00,9,26.126715,-0.3491783
2014-12-08,2014-12-08 09:00:00,10,27.759634,-0.6624279
2014-12-08,2014-12-08 10:00:00,11,29.392553,-0.2866993
2014-12-08,2014-12-08 11:00:00,12,26.126715,-0.3940258
2014-12-08,2014-12-08 12:00:00,13,26.126715,-0.4520111
2014-12-08,2014-12-08 13:00:00,14,29.392553,-0.34847832
2014-12-08,2014-12-08 14:00:00,15,26.126715,-0.5020771
2014-12-08,2014-12-08 15:00:00,16,26.126715,-0.45936012
2014-12-08,2014-12-08 16:00:00,17,27.759634,-0.12992859
2014-12-08,2014-12-08 17:00:00,18,27.759634,-0.16862679
2014-12-08,2014-12-08 18:00:00,19,27.759634,-0.05196953
2014-12-08,2014-12-08 19:00:00,20,26.126715,-0.13931847
2014-12-08,2014-12-08 20:00:00,21,29.392553,-0.099393845
2014-12-08,2014-12-08 21:00:00,22,26.126715,-0.18624496
2014-12-08,2014-12-08 22:00:00,23,26.126715,-0.2290802
2014-12-08,2014-12-08 23:00:00,24,27.759634,-0.3418255
2014-12-09,2014-12-09 00:00:00,1,27.759634,35.05076
2014-12-09,2014-12-09 01:00:00,2,26.126715,34.32141
2014-12-09,2014-12-09 02:00:00,3,29.392553,34.04335
2014-12-09,2014-12-09 03:00:00,4,48.98759,34.394466
2014-12-09,2014-12-09 04:00:00,5,60.418026,33.67282
2014-12-09,2014-12-09 05:00:00,6,35.924232,33.75517
2014-12-09,2014-12-09 06:00:00,7,0.0,35.10268
2014-12-09,2014-12-09 07:00:00,8,0.0,23.719854
2014-12-09,2014-12-09 08:00:00,9,0.0,1.7071714
2014-12-09,2014-12-09 09:00:00,10,0.0,2.4653053
2014-12-09,2014-12-09 10:00:00,11,0.0,0.7162533
2014-12-09,2014-12-09 11:00:00,12,0.0,-0.46084976
2014-12-09,2014-12-09 12:00:00,13,0.0,-1.0125065
2014-12-09,2014-12-09 13:00:00,14,0.0,-1.1044693
2014-12-09,2014-12-09 14:00:00,15,0.0,-0.77443504
2014-12-09,2014-12-09 15:00:00,16,0.0,-0.6040077
2014-12-09,2014-12-09 16:00:00,17,0.0,0.2151928
2014-12-09,2014-12-09 17:00:00,18,0.0,-0.79592896
2014-12-09,2014-12-09 18:00:00,19,0.0,-0.34249878
2014-12-09,2014-12-09 19:00:00,20,0.0,-0.5576
2014-12-09,2014-12-09 20:00:00,21,0.0,-0.5747242
2014-12-09,2014-12-09 21:00:00,22,0.0,-0.52817154
2014-12-09,2014-12-09 22:00:00,23,0.0,-0.68131256
2014-12-09,2014-12-09 23:00:00,24,0.0,-0.47856522
2014-12-10,2014-12-10 00:00:00,1,48.98759,46.371666
2014-12-10,2014-12-10 01:00:00,2,26.126715,37.18093
2014-12-10,2014-12-10 02:00:00,3,27.759634,36.45616
2014-12-10,2014-12-10 03:00:00,4,26.126715,37.399517
2014-12-10,2014-12-10 04:00:00,5,26.126715,36.1041
2014-12-10,2014-12-10 05:00:00,6,26.126715,34.51941
2014-12-10,2014-12-10 06:00:00,7,40.82299,35.859188
2014-12-10,2014-12-10 07:00:00,8,0.0,1.1169548
2014-12-10,2014-12-10 08:00:00,9,0.0,0.41602707
2014-12-10,2014-12-10 09:00:00,10,0.0,0.5819702
2014-12-10,2014-12-10 10:00:00,11,0.0,0.41338158
2014-12-10,2014-12-10 11:00:00,12,0.0,0.49772644
2014-12-10,2014-12-10 12:00:00,13,0.0,0.39796066
2014-12-10,2014-12-10 13:00:00,14,0.0,0.30641365
2014-12-10,2014-12-10 14:00:00,15,0.0,0.25096512
2014-12-10,2014-12-10 15:00:00,16,0.0,0.07063484
2014-12-10,2014-12-10 16:00:00,17,0.0,0.00022697449
2014-12-10,2014-12-10 17:00:00,18,0.0,-0.09688187
2014-12-10,2014-12-10 18:00:00,19,0.0,0.08891678
2014-12-10,2014-12-10 19:00:00,20,0.0,0.010700226
2014-12-10,2014-12-10 20:00:00,21,0.0,-0.0016975403
2014-12-10,2014-12-10 21:00:00,22,0.0,-0.052253723
2014-12-10,2014-12-10 22:00:00,23,0.0,-0.1929512
2014-12-10,2014-12-10 23:00:00,24,0.0,-0.28125954
2014-12-11,2014-12-11 00:00:00,1,47.35467,44.570076
2014-12-11,2014-12-11 01:00:00,2,27.759634,30.873058
2014-12-11,2014-12-11 02:00:00,3,29.392553,29.86061
2014-12-11,2014-12-11 03:00:00,4,26.126715,30.67666
2014-12-11,2014-12-11 04:00:00,5,31.025473,28.475765
2014-12-11,2014-12-11 05:00:00,6,27.759634,28.968128
2014-12-11,2014-12-11 06:00:00,7,39.19007,36.96106
2014-12-11,2014-12-11 07:00:00,8,0.0,0.48537254
2014-12-11,2014-12-11 08:00:00,9,0.0,0.31503105
2014-12-11,2014-12-11 09:00:00,10,0.0,0.5362263
2014-12-11,2014-12-11 10:00:00,11,0.0,0.36875534
2014-12-11,2014-12-11 11:00:00,12,0.0,0.55148125
2014-12-11,2014-12-11 12:00:00,13,0.0,0.48320198
2014-12-11,2014-12-11 13:00:00,14,0.0,0.4229622
2014-12-11,2014-12-11 14:00:00,15,0.0,0.36742783
2014-12-11,2014-12-11 15:00:00,16,0.0,0.16465187
2014-12-11,2014-12-11 16:00:00,17,0.0,0.34419632
2014-12-11,2014-12-11 17:00:00,18,0.0,0.16662788
2014-12-11,2014-12-11 18:00:00,19,0.0,0.26455688
2014-12-11,2014-12-11 19:00:00,20,0.0,0.21187782
2014-12-11,2014-12-11 20:00:00,21,0.0,0.13904953
2014-12-11,2014-12-11 21:00:00,22,0.0,0.11725044
2014-12-11,2014-12-11 22:00:00,23,0.0,0.047605515
2014-12-11,2014-12-11 23:00:00,24,0.0,-0.1182785
2014-12-12,2014-12-12 00:00:00,1,48.98759,43.70649
2014-12-12,2014-12-12 01:00:00,2,31.025473,31.21308
2014-12-12,2014-12-12 02:00:00,3,27.759634,30.017082
2014-12-12,2014-12-12 03:00:00,4,29.392553,29.559547
2014-12-12,2014-12-12 04:00:00,5,26.126715,28.523851
2014-12-12,2014-12-12 05:00:00,6,26.126715,28.193401
2014-12-12,2014-12-12 06:00:00,7,39.19007,36.8119
2014-12-12,2014-12-12 07:00:00,8,0.0,0.94924164
2014-12-12,2014-12-12 08:00:00,9,0.0,0.2637005
2014-12-12,2014-12-12 09:00:00,10,0.0,0.52381325
2014-12-12,2014-12-12 10:00:00,11,0.0,0.41801453
2014-12-12,2014-12-12 11:00:00,12,0.0,0.4863224
2014-12-12,2014-12-12 12:00:00,13,0.0,0.43291855
2014-12-12,2014-12-12 13:00:00,14,0.0,0.39613914
2014-12-12,2014-12-12 14:00:00,15,0.0,0.35017776
2014-12-12,2014-12-12 15:00:00,16,0.0,0.13304138
2014-12-12,2014-12-12 16:00:00,17,0.0,0.12875557
2014-12-12,2014-12-12 17:00:00,18,0.0,-0.047660828
2014-12-12,2014-12-12 18:00:00,19,0.0,0.059423447
2014-12-12,2014-12-12 19:00:00,20,0.0,-0.02956009
2014-12-12,2014-12-12 20:00:00,21,0.0,0.023704529
2014-12-12,2014-12-12 21:00:00,22,0.0,0.0027542114
2014-12-12,2014-12-12 22:00:00,23,0.0,-0.074481964
2014-12-12,2014-12-12 23:00:00,24,0.0,-0.31204224
2014-12-13,2014-12-13 00:00:00,1,50.62051,44.939613
2014-12-13,2014-12-13 01:00:00,2,34.291313,29.634335
2014-12-13,2014-12-13 02:00:00,3,34.291313,28.475002
2014-12-13,2014-12-13 03:00:00,4,34.291313,28.296871
2014-12-13,2014-12-13 04:00:00,5,26.126715,26.184212
2014-12-13,2014-12-13 05:00:00,6,35.924232,25.842737
2014-12-13,2014-12-13 06:00:00,7,35.924232,33.17369
2014-12-13,2014-12-13 07:00:00,8,35.924232,2.590249
2014-12-13,2014-12-13 08:00:00,9,39.19007,1.0375137
2014-12-13,2014-12-13 09:00:00,10,37.55715,1.4682283
2014-12-13,2014-12-13 10:00:00,11,34.291313,0.89185524
2014-12-13,2014-12-13 11:00:00,12,31.025473,0.8787308
2014-12-13,2014-12-13 12:00:00,13,31.025473,0.5825863
2014-12-13,2014-12-13 13:00:00,14,31.025473,0.3975811
2014-12-13,2014-12-13 14:00:00,15,31.025473,1.1760101
2014-12-13,2014-12-13 15:00:00,16,29.392553,0.55497456
2014-12-13,2014-12-13 16:00:00,17,29.392553,3.635765
2014-12-13,2014-12-13 17:00:00,18,31.025473,3.4802418
2014-12-13,2014-12-13 18:00:00,19,29.392553,3.8267117
2014-12-13,2014-12-13 19:00:00,20,29.392553,4.1043425
2014-12-13,2014-12-13 20:00:00,21,31.025473,5.716627
2014-12-13,2014-12-13 21:00:00,22,31.025473,5.3184423
2014-12-13,2014-12-13 22:00:00,23,29.392553,4.0367327
2014-12-13,2014-12-13 23:00:00,24,29.392553,4.638706
2014-12-14,2014-12-14 00:00:00,1,27.759634,30.41668
2014-12-14,2014-12-14 01:00:00,2,29.392553,30.345863
2014-12-14,2014-12-14 02:00:00,3,31.025473,30.58707
2014-12-14,2014-12-14 03:00:00,4,31.025473,30.673248
2014-12-14,2014-12-14 04:00:00,5,29.392553,30.58836
2014-12-14,2014-12-14 05:00:00,6,29.392553,30.71034
2014-12-14,2014-12-14 06:00:00,7,29.392553,30.684244
2014-12-14,2014-12-14 07:00:00,8,29.392553,30.794264
2014-12-14,2014-12-14 08:00:00,9,29.392553,30.609543
2014-12-14,2014-12-14 09:00:00,10,29.392553,30.497807
2014-12-14,2014-12-14 10:00:00,11,31.025473,30.296572
2014-12-14,2014-12-14 11:00:00,12,27.759634,30.100315
2014-12-14,2014-12-14 12:00:00,13,29.392553,29.72229
2014-12-14,2014-12-14 13:00:00,14,29.392553,29.563877
2014-12-14,2014-12-14 14:00:00,15,29.392553,29.580788
2014-12-14,2014-12-14 15:00:00,16,27.759634,29.298567
2014-12-14,2014-12-14 16:00:00,17,29.392553,28.954857
2014-12-14,2014-12-14 17:00:00,18,29.392553,29.193459
2014-12-14,2014-12-14 18:00:00,19,29.392553,29.259483
2014-12-14,2014-12-14 19:00:00,20,27.759634,29.312359
2014-12-14,2014-12-14 20:00:00,21,31.025473,29.218678
2014-12-14,2014-12-14 21:00:00,22,29.392553,29.238106
2014-12-14,2014-12-14 22:00:00,23,27.759634,28.971737
2014-12-14,2014-12-14 23:00:00,24,29.392553,28.924557
2014-12-15,2014-12-15 00:00:00,1,31.025473,29.735584
2014-12-15,2014-12-15 01:00:00,2,29.392553,29.581303
2014-12-15,2014-12-15 02:00:00,3,32.658394,30.273235
2014-12-15,2014-12-15 03:00:00,4,31.025473,30.614548
2014-12-15,2014-12-15 04:00:00,5,71.848465,30.421732
2014-12-15,2014-12-15 05:00:00,6,32.658394,30.433172
2014-12-15,2014-12-15 06:00:00,7,0.0,30.225655
2014-12-15,2014-12-15 07:00:00,8,0.0,29.367874
2014-12-15,2014-12-15 08:00:00,9,0.0,27.975946
2014-12-15,2014-12-15 09:00:00,10,0.0,27.907936
2014-12-15,2014-12-15 10:00:00,11,0.0,28.095612
2014-12-15,2014-12-15 11:00:00,12,0.0,27.618591
2014-12-15,2014-12-15 12:00:00,13,0.0,27.691067
2014-12-15,2014-12-15 13:00:00,14,0.0,27.713718
2014-12-15,2014-12-15 14:00:00,15,0.0,27.071903
2014-12-15,2014-12-15 15:00:00,16,0.0,26.870975
2014-12-15,2014-12-15 16:00:00,17,0.0,27.096447
2014-12-15,2014-12-15 17:00:00,18,0.0,27.17183
2014-12-15,2014-12-15 18:00:00,19,0.0,26.817348
2014-12-15,2014-12-15 19:00:00,20,0.0,26.645126
2014-12-15,2014-12-15 20:00:00,21,0.0,27.848362
2014-12-15,2014-12-15 21:00:00,22,0.0,24.219025
2014-12-15,2014-12-15 22:00:00,23,0.0,19.319239
2014-12-15,2014-12-15 23:00:00,24,0.0,21.846634
2014-12-16,2014-12-16 00:00:00,1,53.88635,41.846603
2014-12-16,2014-12-16 01:00:00,2,37.55715,26.40524
2014-12-16,2014-12-16 02:00:00,3,39.19007,25.760477
2014-12-16,2014-12-16 03:00:00,4,39.19007,26.672735
2014-12-16,2014-12-16 04:00:00,5,35.924232,25.42997
2014-12-16,2014-12-16 05:00:00,6,31.025473,25.409042
2014-12-16,2014-12-16 06:00:00,7,42.45591,32.330242
2014-12-16,2014-12-16 07:00:00,8,6.5316787,0.45778465
2014-12-16,2014-12-16 08:00:00,9,0.0,0.50832367
2014-12-16,2014-12-16 09:00:00,10,0.0,0.7118664
2014-12-16,2014-12-16 10:00:00,11,0.0,0.5941963
2014-12-16,2014-12-16 11:00:00,12,0.0,0.67959785
2014-12-16,2014-12-16 12:00:00,13,0.0,0.5928745
2014-12-16,2014-12-16 13:00:00,14,0.0,0.5462055
2014-12-16,2014-12-16 14:00:00,15,0.0,0.5068989
2014-12-16,2014-12-16 15:00:00,16,0.0,0.35951042
2014-12-16,2014-12-16 16:00:00,17,0.0,0.14492989
2014-12-16,2014-12-16 17:00:00,18,0.0,0.08441925
2014-12-16,2014-12-16 18:00:00,19,0.0,0.13415527
2014-12-16,2014-12-16 19:00:00,20,0.0,0.091890335
2014-12-16,2014-12-16 20:00:00,21,0.0,0.010232925
2014-12-16,2014-12-16 21:00:00,22,0.0,-0.025550842
2014-12-16,2014-12-16 22:00:00,23,0.0,-0.13933563
2014-12-16,2014-12-16 23:00:00,24,0.0,-0.27272606
2014-12-17,2014-12-17 00:00:00,1,55.519268,50.969154
2014-12-17,2014-12-17 01:00:00,2,39.19007,36.439964
2014-12-17,2014-12-17 02:00:00,3,39.19007,35.150436
2014-12-17,2014-12-17 03:00:00,4,34.291313,35.826042
2014-12-17,2014-12-17 04:00:00,5,31.025473,34.751793
2014-12-17,2014-12-17 05:00:00,6,34.291313,33.69228
2014-12-17,2014-12-17 06:00:00,7,45.721752,41.56111
2014-12-17,2014-12-17 07:00:00,8,9.797518,1.4174633
2014-12-17,2014-12-17 08:00:00,9,0.0,0.57398224
2014-12-17,2014-12-17 09:00:00,10,0.0,0.8590889
2014-12-17,2014-12-17 10:00:00,11,0.0,0.6796856
2014-12-17,2014-12-17 11:00:00,12,0.0,0.74638176
2014-12-17,2014-12-17 12:00:00,13,0.0,0.6132641
2014-12-17,2014-12-17 13:00:00,14,0.0,0.66506577
2014-12-17,2014-12-17 14:00:00,15,0.0,0.54579735
2014-12-17,2014-12-17 15:00:00,16,0.0,0.3040619
2014-12-17,2014-12-17 16:00:00,17,0.0,0.80703354
2014-12-17,2014-12-17 17:00:00,18,0.0,0.5547104
2014-12-17,2014-12-17 18:00:00,19,0.0,0.5332222
2014-12-17,2014-12-17 19:00:00,20,0.0,0.48921013
2014-12-17,2014-12-17 20:00:00,21,0.0,0.4095974
2014-12-17,2014-12-17 21:00:00,22,0.0,0.38769913
2014-12-17,2014-12-17 22:00:00,23,0.0,0.20659447
2014-12-17,2014-12-17 23:00:00,24,0.0,0.016405106
2014-12-18,2014-12-18 00:00:00,1,53.88635,52.542503
2014-12-18,2014-12-18 01:00:00,2,39.19007,39.624992
2014-12-18,2014-12-18 02:00:00,3,39.19007,37.957184
2014-12-18,2014-12-18 03:00:00,4,37.55715,37.518784
2014-12-18,2014-12-18 04:00:00,5,34.291313,33.99979
2014-12-18,2014-12-18 05:00:00,6,32.658394,34.44568
2014-12-18,2014-12-18 06:00:00,7,42.45591,44.20939
2014-12-18,2014-12-18 07:00:00,8,8.164598,7.8030157
2014-12-18,2014-12-18 08:00:00,9,0.0,0.6245003
2014-12-18,2014-12-18 09:00:00,10,0.0,0.8059311
2014-12-18,2014-12-18 10:00:00,11,0.0,0.6602421
2014-12-18,2014-12-18 11:00:00,12,0.0,0.6851406
2014-12-18,2014-12-18 12:00:00,13,0.0,0.5162926
2014-12-18,2014-12-18 13:00:00,14,0.0,0.59880066
2014-12-18,2014-12-18 14:00:00,15,0.0,0.4584751
2014-12-18,2014-12-18 15:00:00,16,0.0,0.21399498
2014-12-18,2014-12-18 16:00:00,17,0.0,0.4003868
2014-12-18,2014-12-18 17:00:00,18,0.0,0.37689018
2014-12-18,2014-12-18 18:00:00,19,0.0,0.3099861
2014-12-18,2014-12-18 19:00:00,20,0.0,0.28466225
2014-12-18,2014-12-18 20:00:00,21,0.0,0.35372734
2014-12-18,2014-12-18 21:00:00,22,0.0,0.2983055
2014-12-18,2014-12-18 22:00:00,23,0.0,0.15443611
2014-12-18,2014-12-18 23:00:00,24,0.0,-0.00088882446
2014-12-19,2014-12-19 00:00:00,1,53.88635,53.23507
2014-12-19,2014-12-19 01:00:00,2,37.55715,39.09646
2014-12-19,2014-12-19 02:00:00,3,35.924232,37.581245
2014-12-19,2014-12-19 03:00:00,4,35.924232,36.415142
2014-12-19,2014-12-19 04:00:00,5,34.291313,33.596542
2014-12-19,2014-12-19 05:00:00,6,31.025473,33.571045
2014-12-19,2014-12-19 06:00:00,7,40.82299,42.139896
2014-12-19,2014-12-19 07:00:00,8,6.5316787,10.690436
2014-12-19,2014-12-19 08:00:00,9,0.0,0.5621853
2014-12-19,2014-12-19 09:00:00,10,0.0,0.7504196
2014-12-19,2014-12-19 10:00:00,11,0.0,0.73340034
2014-12-19,2014-12-19 11:00:00,12,0.0,0.6462288
2014-12-19,2014-12-19 12:00:00,13,0.0,0.45651054
2014-12-19,2014-12-19 13:00:00,14,0.0,0.5191784
2014-12-19,2014-12-19 14:00:00,15,0.0,0.397007
2014-12-19,2014-12-19 15:00:00,16,0.0,0.076164246
2014-12-19,2014-12-19 16:00:00,17,0.0,0.17229271
2014-12-19,2014-12-19 17:00:00,18,0.0,0.0866127
2014-12-19,2014-12-19 18:00:00,19,0.0,0.10955238
2014-12-19,2014-12-19 19:00:00,20,0.0,0.061798096
2014-12-19,2014-12-19 20:00:00,21,0.0,0.13760185
2014-12-19,2014-12-19 21:00:00,22,0.0,0.09649658
2014-12-19,2014-12-19 22:00:00,23,0.0,-0.059217453
2014-12-19,2014-12-19 23:00:00,24,0.0,-0.0026683807
2014-12-20,2014-12-20 00:00:00,1,58.785107,47.024063
2014-12-20,2014-12-20 01:00:00,2,39.19007,36.263004
2014-12-20,2014-12-20 02:00:00,3,39.19007,34.789207
2014-12-20,2014-12-20 03:00:00,4,39.19007,34.370667
2014-12-20,2014-12-20 04:00:00,5,35.924232,31.94709
2014-12-20,2014-12-20 05:00:00,6,31.025473,33.716087
2014-12-20,2014-12-20 06:00:00,7,32.658394,35.370766
2014-12-20,2014-12-20 07:00:00,8,32.658394,35.38991
2014-12-20,2014-12-20 08:00:00,9,29.392553,35.52432
2014-12-20,2014-12-20 09:00:00,10,29.392553,34.873726
2014-12-20,2014-12-20 10:00:00,11,29.392553,33.594704
2014-12-20,2014-12-20 11:00:00,12,27.759634,32.54902
2014-12-20,2014-12-20 12:00:00,13,29.392553,32.30961
2014-12-20,2014-12-20 13:00:00,14,31.025473,32.534725
2014-12-20,2014-12-20 14:00:00,15,29.392553,32.56207
2014-12-20,2014-12-20 15:00:00,16,29.392553,32.03714
2014-12-20,2014-12-20 16:00:00,17,32.658394,33.560966
2014-12-20,2014-12-20 17:00:00,18,31.025473,33.472725
2014-12-20,2014-12-20 18:00:00,19,29.392553,33.33186
2014-12-20,2014-12-20 19:00:00,20,31.025473,33.33916
2014-12-20,2014-12-20 20:00:00,21,31.025473,33.124855
2014-12-20,2014-12-20 21:00:00,22,27.759634,32.79574
2014-12-20,2014-12-20 22:00:00,23,29.392553,31.954235
2014-12-20,2014-12-20 23:00:00,24,27.759634,31.269917
2014-12-21,2014-12-21 00:00:00,1,29.392553,29.519796
2014-12-21,2014-12-21 01:00:00,2,27.759634,29.54675
2014-12-21,2014-12-21 02:00:00,3,29.392553,29.733908
2014-12-21,2014-12-21 03:00:00,4,29.392553,29.812433
2014-12-21,2014-12-21 04:00:00,5,27.759634,29.86901
2014-12-21,2014-12-21 05:00:00,6,29.392553,29.72835
2014-12-21,2014-12-21 06:00:00,7,29.392553,29.700985
2014-12-21,2014-12-21 07:00:00,8,29.392553,29.508957
2014-12-21,2014-12-21 08:00:00,9,29.392553,29.379656
2014-12-21,2014-12-21 09:00:00,10,27.759634,29.307983
2014-12-21,2014-12-21 10:00:00,11,29.392553,29.099749
2014-12-21,2014-12-21 11:00:00,12,27.759634,29.046501
2014-12-21,2014-12-21 12:00:00,13,27.759634,29.045837
2014-12-21,2014-12-21 13:00:00,14,29.392553,29.106382
2014-12-21,2014-12-21 14:00:00,15,27.759634,29.06242
2014-12-21,2014-12-21 15:00:00,16,27.759634,29.162685
2014-12-21,2014-12-21 16:00:00,17,27.759634,28.440159
2014-12-21,2014-12-21 17:00:00,18,29.392553,28.53506
2014-12-21,2014-12-21 18:00:00,19,29.392553,28.227507
2014-12-21,2014-12-21 19:00:00,20,29.392553,28.407974
2014-12-21,2014-12-21 20:00:00,21,29.392553,29.240883
2014-12-21,2014-12-21 21:00:00,22,27.759634,28.6954
2014-12-21,2014-12-21 22:00:00,23,29.392553,27.87333
2014-12-21,2014-12-21 23:00:00,24,27.759634,27.883644
2014-12-22,2014-12-22 00:00:00,1,27.759634,35.351906
2014-12-22,2014-12-22 01:00:00,2,31.025473,32.85827
2014-12-22,2014-12-22 02:00:00,3,35.924232,34.36045
2014-12-22,2014-12-22 03:00:00,4,47.35467,35.803875
2014-12-22,2014-12-22 04:00:00,5,63.68387,38.95199
2014-12-22,2014-12-22 05:00:00,6,21.227955,34.234077
2014-12-22,2014-12-22 06:00:00,7,0.0,11.079107
2014-12-22,2014-12-22 07:00:00,8,0.0,-0.47590065
2014-12-22,2014-12-22 08:00:00,9,0.0,-0.53930664
2014-12-22,2014-12-22 09:00:00,10,0.0,-0.0131111145
2014-12-22,2014-12-22 10:00:00,11,0.0,0.060728073
2014-12-22,2014-12-22 11:00:00,12,0.0,-0.110630035
2014-12-22,2014-12-22 12:00:00,13,0.0,-0.15714836
2014-12-22,2014-12-22 13:00:00,14,0.0,-0.11005974
2014-12-22,2014-12-22 14:00:00,15,0.0,-0.3436451
2014-12-22,2014-12-22 15:00:00,16,0.0,-0.1765976
2014-12-22,2014-12-22 16:00:00,17,0.0,-0.098817825
2014-12-22,2014-12-22 17:00:00,18,0.0,-0.13804817
2014-12-22,2014-12-22 18:00:00,19,0.0,-0.10025978
2014-12-22,2014-12-22 19:00:00,20,0.0,-0.1506691
2014-12-22,2014-12-22 20:00:00,21,0.0,-0.19080353
2014-12-22,2014-12-22 21:00:00,22,0.0,-0.21393013
2014-12-22,2014-12-22 22:00:00,23,0.0,-0.27272224
2014-12-22,2014-12-22 23:00:00,24,0.0,-0.32650757
2014-12-23,2014-12-23 00:00:00,1,53.88635,51.471893
2014-12-23,2014-12-23 01:00:00,2,37.55715,34.388985
2014-12-23,2014-12-23 02:00:00,3,37.55715,33.825188
2014-12-23,2014-12-23 03:00:00,4,35.924232,33.811943
2014-12-23,2014-12-23 04:00:00,5,35.924232,32.738594
2014-12-23,2014-12-23 05:00:00,6,32.658394,30.203785
2014-12-23,2014-12-23 06:00:00,7,40.82299,35.659653
2014-12-23,2014-12-23 07:00:00,8,0.0,2.9930477
2014-12-23,2014-12-23 08:00:00,9,0.0,0.40106964
2014-12-23,2014-12-23 09:00:00,10,0.0,0.5825014
2014-12-23,2014-12-23 10:00:00,11,0.0,0.5932379
2014-12-23,2014-12-23 11:00:00,12,0.0,0.47830105
2014-12-23,2014-12-23 12:00:00,13,0.0,0.3134241
2014-12-23,2014-12-23 13:00:00,14,0.0,0.46124744
2014-12-23,2014-12-23 14:00:00,15,0.0,0.26036835
2014-12-23,2014-12-23 15:00:00,16,0.0,0.06954956
2014-12-23,2014-12-23 16:00:00,17,0.0,0.32392025
2014-12-23,2014-12-23 17:00:00,18,0.0,0.26865387
2014-12-23,2014-12-23 18:00:00,19,0.0,0.27388382
2014-12-23,2014-12-23 19:00:00,20,0.0,0.2292614
2014-12-23,2014-12-23 20:00:00,21,0.0,0.17954445
2014-12-23,2014-12-23 21:00:00,22,0.0,0.1579628
2014-12-23,2014-12-23 22:00:00,23,0.0,0.034477234
2014-12-23,2014-12-23 23:00:00,24,0.0,-0.14155197
2014-12-24,2014-12-24 00:00:00,1,58.785107,54.305107
2014-12-24,2014-12-24 01:00:00,2,37.55715,38.069786
2014-12-24,2014-12-24 02:00:00,3,37.55715,36.601234
2014-12-24,2014-12-24 03:00:00,4,37.55715,35.873074
2014-12-24,2014-12-24 04:00:00,5,35.924232,33.059654
2014-12-24,2014-12-24 05:00:00,6,31.025473,31.465445
2014-12-24,2014-12-24 06:00:00,7,42.45591,41.014725
2014-12-24,2014-12-24 07:00:00,8,0.0,5.2297497
2014-12-24,2014-12-24 08:00:00,9,0.0,0.08989334
2014-12-24,2014-12-24 09:00:00,10,0.0,0.30633163
2014-12-24,2014-12-24 10:00:00,11,0.0,0.37636185
2014-12-24,2014-12-24 11:00:00,12,0.0,0.36463928
2014-12-24,2014-12-24 12:00:00,13,68.58263,0.21207047
2014-12-24,2014-12-24 13:00:00,14,17.962116,0.28474426
2014-12-24,2014-12-24 14:00:00,15,0.0,0.16703606
2014-12-24,2014-12-24 15:00:00,16,0.0,-0.030284882
2014-12-24,2014-12-24 16:00:00,17,0.0,0.2569065
2014-12-24,2014-12-24 17:00:00,18,0.0,0.187706
2014-12-24,2014-12-24 18:00:00,19,0.0,0.19288635
2014-12-24,2014-12-24 19:00:00,20,0.0,0.15833282
2014-12-24,2014-12-24 20:00:00,21,0.0,0.09411621
2014-12-24,2014-12-24 21:00:00,22,53.88635,0.07160568
2014-12-24,2014-12-24 22:00:00,23,39.19007,-0.13871765
2014-12-24,2014-12-24 23:00:00,24,39.19007,-0.22649384
2014-12-25,2014-12-25 00:00:00,1,35.924232,67.939674
2014-12-25,2014-12-25 01:00:00,2,37.55715,59.405327
2014-12-25,2014-12-25 02:00:00,3,32.658394,57.31288
2014-12-25,2014-12-25 03:00:00,4,32.658394,55.490715
2014-12-25,2014-12-25 04:00:00,5,32.658394,52.832092
2014-12-25,2014-12-25 05:00:00,6,29.392553,50.175827
2014-12-25,2014-12-25 06:00:00,7,31.025473,52.987717
2014-12-25,2014-12-25 07:00:00,8,31.025473,13.056052
2014-12-25,2014-12-25 08:00:00,9,31.025473,3.560524
2014-12-25,2014-12-25 09:00:00,10,29.392553,2.3521318
2014-12-25,2014-12-25 10:00:00,11,29.392553,1.484024
2014-12-25,2014-12-25 11:00:00,12,27.759634,1.2950382
2014-12-25,2014-12-25 12:00:00,13,26.126715,3.1435862
2014-12-25,2014-12-25 13:00:00,14,27.759634,1.0541439
2014-12-25,2014-12-25 14:00:00,15,27.759634,0.21138573
2014-12-25,2014-12-25 15:00:00,16,26.126715,0.65107536
2014-12-25,2014-12-25 16:00:00,17,27.759634,0.1611557
2014-12-25,2014-12-25 17:00:00,18,27.759634,-0.47588348
2014-12-25,2014-12-25 18:00:00,19,29.392553,-0.5568905
2014-12-25,2014-12-25 19:00:00,20,27.759634,-0.26231766
2014-12-25,2014-12-25 20:00:00,21,29.392553,-0.72029114
2014-12-25,2014-12-25 21:00:00,22,27.759634,2.4891396
2014-12-25,2014-12-25 22:00:00,23,27.759634,1.6454554
2014-12-25,2014-12-25 23:00:00,24,27.759634,5.1116123
2014-12-26,2014-12-26 00:00:00,1,27.759634,33.206203
2014-12-26,2014-12-26 01:00:00,2,26.126715,32.632286
2014-12-26,2014-12-26 02:00:00,3,29.392553,31.998615
2014-12-26,2014-12-26 03:00:00,4,26.126715,31.418991
2014-12-26,2014-12-26 04:00:00,5,31.025473,30.864035
2014-12-26,2014-12-26 05:00:00,6,26.126715,29.990124
2014-12-26,2014-12-26 06:00:00,7,27.759634,29.711292
2014-12-26,2014-12-26 07:00:00,8,0.0,28.793167
2014-12-26,2014-12-26 08:00:00,9,0.0,28.500805
2014-12-26,2014-12-26 09:00:00,10,0.0,27.740383
2014-12-26,2014-12-26 10:00:00,11,0.0,27.406712
2014-12-26,2014-12-26 11:00:00,12,0.0,26.711447
2014-12-26,2014-12-26 12:00:00,13,0.0,26.412897
2014-12-26,2014-12-26 13:00:00,14,0.0,26.321514
2014-12-26,2014-12-26 14:00:00,15,0.0,25.707651
2014-12-26,2014-12-26 15:00:00,16,0.0,25.565306
2014-12-26,2014-12-26 16:00:00,17,0.0,25.349066
2014-12-26,2014-12-26 17:00:00,18,0.0,25.01897
2014-12-26,2014-12-26 18:00:00,19,0.0,25.471539
2014-12-26,2014-12-26 19:00:00,20,0.0,25.346846
2014-12-26,2014-12-26 20:00:00,21,0.0,26.319157
2014-12-26,2014-12-26 21:00:00,22,0.0,27.465155
2014-12-26,2014-12-26 22:00:00,23,0.0,27.330738
2014-12-26,2014-12-26 23:00:00,24,0.0,28.373554
2014-12-27,2014-12-27 00:00:00,1,53.88635,34.821938
2014-12-27,2014-12-27 01:00:00,2,37.55715,30.648087
2014-12-27,2014-12-27 02:00:00,3,37.55715,28.918285
2014-12-27,2014-12-27 03:00:00,4,37.55715,28.767471
2014-12-27,2014-12-27 04:00:00,5,37.55715,28.165169
2014-12-27,2014-12-27 05:00:00,6,32.658394,27.948254
2014-12-27,2014-12-27 06:00:00,7,31.025473,28.167116
2014-12-27,2014-12-27 07:00:00,8,31.025473,28.107803
2014-12-27,2014-12-27 08:00:00,9,29.392553,27.130667
2014-12-27,2014-12-27 09:00:00,10,32.658394,26.947275
2014-12-27,2014-12-27 10:00:00,11,29.392553,26.48517
2014-12-27,2014-12-27 11:00:00,12,31.025473,26.091066
2014-12-27,2014-12-27 12:00:00,13,29.392553,25.777298
2014-12-27,2014-12-27 13:00:00,14,27.759634,26.108551
2014-12-27,2014-12-27 14:00:00,15,31.025473,25.678154
2014-12-27,2014-12-27 15:00:00,16,27.759634,25.491056
2014-12-27,2014-12-27 16:00:00,17,31.025473,27.431896
2014-12-27,2014-12-27 17:00:00,18,29.392553,27.55036
2014-12-27,2014-12-27 18:00:00,19,27.759634,27.68677
2014-12-27,2014-12-27 19:00:00,20,31.025473,27.749813
2014-12-27,2014-12-27 20:00:00,21,27.759634,27.750286
2014-12-27,2014-12-27 21:00:00,22,29.392553,27.610518
2014-12-27,2014-12-27 22:00:00,23,27.759634,27.604702
2014-12-27,2014-12-27 23:00:00,24,29.392553,27.546663
2014-12-28,2014-12-28 00:00:00,1,27.759634,29.334164
2014-12-28,2014-12-28 01:00:00,2,29.392553,29.339745
2014-12-28,2014-12-28 02:00:00,3,27.759634,29.370003
2014-12-28,2014-12-28 03:00:00,4,31.025473,29.36531
2014-12-28,2014-12-28 04:00:00,5,27.759634,29.32903
2014-12-28,2014-12-28 05:00:00,6,27.759634,29.331795
2014-12-28,2014-12-28 06:00:00,7,29.392553,29.213661
2014-12-28,2014-12-28 07:00:00,8,27.759634,29.223682
2014-12-28,2014-12-28 08:00:00,9,29.392553,29.07184
2014-12-28,2014-12-28 09:00:00,10,27.759634,29.123917
2014-12-28,2014-12-28 10:00:00,11,27.759634,29.049702
2014-12-28,2014-12-28 11:00:00,12,27.759634,29.064732
2014-12-28,2014-12-28 12:00:00,13,27.759634,29.07177
2014-12-28,2014-12-28 13:00:00,14,26.126715,29.081066
2014-12-28,2014-12-28 14:00:00,15,27.759634,29.050285
2014-12-28,2014-12-28 15:00:00,16,29.392553,29.158554
2014-12-28,2014-12-28 16:00:00,17,27.759634,29.013012
2014-12-28,2014-12-28 17:00:00,18,27.759634,29.257492
2014-12-28,2014-12-28 18:00:00,19,27.759634,29.315077
2014-12-28,2014-12-28 19:00:00,20,27.759634,29.677135
2014-12-28,2014-12-28 20:00:00,21,26.126715,29.565329
2014-12-28,2014-12-28 21:00:00,22,27.759634,29.736416
2014-12-28,2014-12-28 22:00:00,23,27.759634,28.984592
2014-12-28,2014-12-28 23:00:00,24,27.759634,28.931416
2014-12-29,2014-12-29 00:00:00,1,31.025473,33.075806
2014-12-29,2014-12-29 01:00:00,2,29.392553,33.758335
2014-12-29,2014-12-29 02:00:00,3,31.025473,35.405746
2014-12-29,2014-12-29 03:00:00,4,37.55715,37.670135
2014-12-29,2014-12-29 04:00:00,5,65.31679,44.896927
2014-12-29,2014-12-29 05:00:00,6,39.19007,30.561695
2014-12-29,2014-12-29 06:00:00,7,0.0,0.21819878
2014-12-29,2014-12-29 07:00:00,8,0.0,-0.21176338
2014-12-29,2014-12-29 08:00:00,9,0.0,-0.2657585
2014-12-29,2014-12-29 09:00:00,10,0.0,-0.15041542
2014-12-29,2014-12-29 10:00:00,11,0.0,-0.29084206
2014-12-29,2014-12-29 11:00:00,12,0.0,-0.2947197
2014-12-29,2014-12-29 12:00:00,13,0.0,-0.47326088
2014-12-29,2014-12-29 13:00:00,14,0.0,-0.47259903
2014-12-29,2014-12-29 14:00:00,15,0.0,-0.51327705
2014-12-29,2014-12-29 15:00:00,16,0.0,-0.35828972
2014-12-29,2014-12-29 16:00:00,17,0.0,-0.08618736
2014-12-29,2014-12-29 17:00:00,18,0.0,-0.09682655
2014-12-29,2014-12-29 18:00:00,19,0.0,-0.08853912
2014-12-29,2014-12-29 19:00:00,20,0.0,-0.16017723
2014-12-29,2014-12-29 20:00:00,21,0.0,-0.17131615
2014-12-29,2014-12-29 21:00:00,22,0.0,-0.18947983
2014-12-29,2014-12-29 22:00:00,23,0.0,-0.35858536
2014-12-29,2014-12-29 23:00:00,24,0.0,-0.43265724
2014-12-30,2014-12-30 00:00:00,1,50.62051,48.545887
2014-12-30,2014-12-30 01:00:00,2,37.55715,37.100456
2014-12-30,2014-12-30 02:00:00,3,37.55715,36.355827
2014-12-30,2014-12-30 03:00:00,4,37.55715,35.43766
2014-12-30,2014-12-30 04:00:00,5,37.55715,33.950237
2014-12-30,2014-12-30 05:00:00,6,34.291313,31.807838
2014-12-30,2014-12-30 06:00:00,7,42.45591,37.20833
2014-12-30,2014-12-30 07:00:00,8,3.2658393,1.943737
2014-12-30,2014-12-30 08:00:00,9,0.0,0.2656803
2014-12-30,2014-12-30 09:00:00,10,0.0,0.5658951
2014-12-30,2014-12-30 10:00:00,11,0.0,0.44929314
2014-12-30,2014-12-30 11:00:00,12,0.0,0.43867874
2014-12-30,2014-12-30 12:00:00,13,0.0,0.34315872
2014-12-30,2014-12-30 13:00:00,14,0.0,0.3005123
2014-12-30,2014-12-30 14:00:00,15,0.0,0.23088837
2014-12-30,2014-12-30 15:00:00,16,0.0,-0.13293076
2014-12-30,2014-12-30 16:00:00,17,0.0,0.25239372
2014-12-30,2014-12-30 17:00:00,18,0.0,0.15057182
2014-12-30,2014-12-30 18:00:00,19,0.0,0.20307541
2014-12-30,2014-12-30 19:00:00,20,0.0,0.10985756
2014-12-30,2014-12-30 20:00:00,21,0.0,0.14373398
2014-12-30,2014-12-30 21:00:00,22,0.0,0.06632805
2014-12-30,2014-12-30 22:00:00,23,0.0,-0.07368851
2014-12-30,2014-12-30 23:00:00,24,0.0,-0.25824928
2014-12-31,2014-12-31 00:00:00,1,57.152187,51.01544
2014-12-31,2014-12-31 01:00:00,2,40.82299,39.162132
2014-12-31,2014-12-31 02:00:00,3,39.19007,37.5346
2014-12-31,2014-12-31 03:00:00,4,40.82299,37.168774
2014-12-31,2014-12-31 04:00:00,5,39.19007,35.20027
2014-12-31,2014-12-31 05:00:00,6,39.19007,34.060104
2014-12-31,2014-12-31 06:00:00,7,52.25343,40.68413
2014-12-31,2014-12-31 07:00:00,8,1.6329197,3.2993088
2014-12-31,2014-12-31 08:00:00,9,0.0,0.10130119
2014-12-31,2014-12-31 09:00:00,10,0.0,0.36765862
2014-12-31,2014-12-31 10:00:00,11,0.0,0.24791718
2014-12-31,2014-12-31 11:00:00,12,0.0,0.29385757
2014-12-31,2014-12-31 12:00:00,13,0.0,0.2221756
2014-12-31,2014-12-31 13:00:00,14,0.0,0.15412712
2014-12-31,2014-12-31 14:00:00,15,0.0,0.021888733
2014-12-31,2014-12-31 15:00:00,16,0.0,-0.25620842
2014-12-31,2014-12-31 16:00:00,17,0.0,0.084095
2014-12-31,2014-12-31 17:00:00,18,0.0,-0.008062363
2014-12-31,2014-12-31 18:00:00,19,0.0,-0.019487381
2014-12-31,2014-12-31 19:00:00,20,0.0,-0.08942032
2014-12-31,2014-12-31 20:00:00,21,0.0,-0.035150528
2014-12-31,2014-12-31 21:00:00,22,62.050945,-0.11255646
2014-12-31,2014-12-31 22:00:00,23,45.721752,-0.35341263
2014-12-31,2014-12-31 23:00:00,24,44.08883,-0.4275589
