origin,timestamp,lead_hour,actual,prediction
2014-03-14,2014-03-14 00:00:00,1,465.27042,472.54462
2014-03-14,2014-03-14 01:00:00,2,483.82822,476.75464
2014-03-14,2014-03-14 02:00:00,3,277.5716,273.92535
2014-03-14,2014-03-14 03:00:00,4,238.3351,236.41347
2014-03-14,2014-03-14 04:00:00,5,213.41463,218.25842
2014-03-14,2014-03-14 05:00:00,6,201.21951,201.74232
2014-03-14,2014-03-14 06:00:00,7,216.06575,190.73492
2014-03-14,2014-03-14 07:00:00,8,251.06044,239.19504
2014-03-14,2014-03-14 08:00:00,9,444.0615,449.04846
2014-03-14,2014-03-14 09:00:00,10,278.3669,310.1428
2014-03-14,2014-03-14 10:00:00,11,243.37222,250.14236
2014-03-14,2014-03-14 11:00:00,12,253.71156,264.75406
2014-03-14,2014-03-14 12:00:00,13,264.58112,276.963
2014-03-14,2014-03-14 13:00:00,14,260.33936,299.6736
2014-03-14,2014-03-14 14:00:00,15,288.44113,306.02942
2014-03-14,2014-03-14 15:00:00,16,296.9247,318.076
2014-03-14,2014-03-14 16:00:00,17,305.40826,401.19128
2014-03-14,2014-03-14 17:00:00,18,432.6617,474.21826
2014-03-14,2014-03-14 18:00:00,19,452.54507,481.80212
2014-03-14,2014-03-14 19:00:00,20,478.52597,489.11322
2014-03-14,2014-03-14 20:00:00,21,257.15802,226.40645
2014-03-14,2014-03-14 21:00:00,22,481.7073,490.57532
2014-03-14,2014-03-14 22:00:00,23,451.48462,471.23663
2014-03-14,2014-03-14 23:00:00,24,433.72217,461.83493
2014-03-15,2014-03-15 00:00:00,1,416.22482,397.29855
2014-03-15,2014-03-15 01:00:00,2,432.1315,383.01688
2014-03-15,2014-03-15 02:00:00,3,213.14952,186.08377
2014-03-15,2014-03-15 03:00:00,4,150.84836,124.79523
2014-03-15,2014-03-15 04:00:00,5,131.76035,109.17772
2014-03-15,2014-03-15 05:00:00,6,130.96501,101.45755
2014-03-15,2014-03-15 06:00:00,7,103.65854,92.18054
2014-03-15,2014-03-15 07:00:00,8,83.775185,74.914154
2014-03-15,2014-03-15 08:00:00,9,92.78897,71.555664
2014-03-15,2014-03-15 09:00:00,10,79.00318,62.767838
2014-03-15,2014-03-15 10:00:00,11,74.49629,61.431686
2014-03-15,2014-03-15 11:00:00,12,79.00318,65.90648
2014-03-15,2014-03-15 12:00:00,13,82.44963,68.63838
2014-03-15,2014-03-15 13:00:00,14,85.89608,68.276855
2014-03-15,2014-03-15 14:00:00,15,95.17497,68.58333
2014-03-15,2014-03-15 15:00:00,16,75.02651,62.4469
2014-03-15,2014-03-15 16:00:00,17,67.33828,60.128036
2014-03-15,2014-03-15 17:00:00,18,65.21739,64.57538
2014-03-15,2014-03-15 18:00:00,19,75.02651,82.78963
2014-03-15,2014-03-15 19:00:00,20,111.08166,100.34874
2014-03-15,2014-03-15 20:00:00,21,112.1421,97.37076
2014-03-15,2014-03-15 21:00:00,22,105.77943,90.48175
2014-03-15,2014-03-15 22:00:00,23,94.37964,87.32124
2014-03-15,2014-03-15 23:00:00,24,104.18876,91.35805
2014-03-16,2014-03-16 00:00:00,1,107.10498,108.14003
2014-03-16,2014-03-16 01:00:00,2,108.96076,113.06114
2014-03-16,2014-03-16 02:00:00,3,106.57476,109.282135
2014-03-16,2014-03-16 03:00:00,4,101.27254,99.89693
2014-03-16,2014-03-16 04:00:00,5,90.93319,97.8793
2014-03-16,2014-03-16 05:00:00,6,104.98409,100.50688
2014-03-16,2014-03-16 06:00:00,7,92.78897,93.40915
2014-03-16,2014-03-16 07:00:00,8,79.5334,77.402084
2014-03-16,2014-03-16 08:00:00,9,77.94273,72.517075
2014-03-16,2014-03-16 09:00:00,10,67.86851,70.509964
2014-03-16,2014-03-16 10:00:00,11,58.854717,68.173904
2014-03-16,2014-03-16 11:00:00,12,66.012726,70.89433
2014-03-16,2014-03-16 12:00:00,13,73.435844,71.58751
2014-03-16,2014-03-16 13:00:00,14,74.23118,73.39679
2014-03-16,2014-03-16 14:00:00,15,71.84518,71.347916
2014-03-16,2014-03-16 15:00:00,16,56.468716,66.18976
2014-03-16,2014-03-16 16:00:00,17,67.33828,72.35687
2014-03-16,2014-03-16 17:00:00,18,119.3001,92.984726
2014-03-16,2014-03-16 18:00:00,19,178.68504,122.2769
2014-03-16,2014-03-16 19:00:00,20,220.57265,159.25137
2014-03-16,2014-03-16 20:00:00,21,145.54613,135.37624
2014-03-16,2014-03-16 21:00:00,22,189.02438,143.09843
2014-03-16,2014-03-16 22:00:00,23,184.5175,140.79887
2014-03-16,2014-03-16 23:00:00,24,212.6193,166.42474
2014-03-17,2014-03-17 00:00:00,1,294.5387,277.8639
2014-03-17,2014-03-17 01:00:00,2,210.76352,289.157
2014-03-17,2014-03-17 02:00:00,3,179.7455,205.54955
2014-03-17,2014-03-17 03:00:00,4,170.20148,197.40253
2014-03-17,2014-03-17 04:00:00,5,149.5228,175.19443
2014-03-17,2014-03-17 05:00:00,6,172.32237,172.45114
2014-03-17,2014-03-17 06:00:00,7,167.81548,176.0578
2014-03-17,2014-03-17 07:00:00,8,219.77731,246.25484
2014-03-17,2014-03-17 08:00:00,9,380.43478,474.93076
2014-03-17,2014-03-17 09:00:00,10,240.456,331.3291
2014-03-17,2014-03-17 10:00:00,11,222.42842,258.29828
2014-03-17,2014-03-17 11:00:00,12,240.456,265.57544
2014-03-17,2014-03-17 12:00:00,13,251.06044,279.68896
2014-03-17,2014-03-17 13:00:00,14,281.54825,298.9491
2014-03-17,2014-03-17 14:00:00,15,298.7805,316.80365
2014-03-17,2014-03-17 15:00:00,16,297.18982,337.66928
2014-03-17,2014-03-17 16:00:00,17,307.52917,356.95264
2014-03-17,2014-03-17 17:00:00,18,442.20572,479.72498
2014-03-17,2014-03-17 18:00:00,19,450.9544,490.76923
2014-03-17,2014-03-17 19:00:00,20,495.228,498.65567
2014-03-17,2014-03-17 20:00:00,21,264.58112,272.67276
2014-03-17,2014-03-17 21:00:00,22,492.31177,497.86627
2014-03-17,2014-03-17 22:00:00,23,483.5631,489.2619
2014-03-17,2014-03-17 23:00:00,24,480.38177,486.11047
2014-03-18,2014-03-18 00:00:00,1,494.43265,458.08698
2014-03-18,2014-03-18 01:00:00,2,516.702,458.53192
2014-03-18,2014-03-18 02:00:00,3,295.06894,269.8831
2014-03-18,2014-03-18 03:00:00,4,231.1771,235.77226
2014-03-18,2014-03-18 04:00:00,5,193.26617,207.83656
2014-03-18,2014-03-18 05:00:00,6,200.9544,200.17857
2014-03-18,2014-03-18 06:00:00,7,178.95016,194.90137
2014-03-18,2014-03-18 07:00:00,8,236.47932,241.68591
2014-03-18,2014-03-18 08:00:00,9,431.07104,424.89355
2014-03-18,2014-03-18 09:00:00,10,332.71475,253.91196
2014-03-18,2014-03-18 10:00:00,11,242.31177,238.51299
2014-03-18,2014-03-18 11:00:00,12,263.5207,253.79195
2014-03-18,2014-03-18 12:00:00,13,281.28314,266.04663
2014-03-18,2014-03-18 13:00:00,14,289.7667,284.37097
2014-03-18,2014-03-18 14:00:00,15,297.72003,298.03635
2014-03-18,2014-03-18 15:00:00,16,293.21313,298.58875
2014-03-18,2014-03-18 16:00:00,17,294.2736,325.13037
2014-03-18,2014-03-18 17:00:00,18,423.3828,460.89682
2014-03-18,2014-03-18 18:00:00,19,448.30328,479.35443
2014-03-18,2014-03-18 19:00:00,20,479.58643,491.97083
2014-03-18,2014-03-18 20:00:00,21,318.66385,254.48271
2014-03-18,2014-03-18 21:00:00,22,469.24707,493.35196
2014-03-18,2014-03-18 22:00:00,23,466.86108,484.78873
2014-03-18,2014-03-18 23:00:00,24,450.15906,482.05115
2014-03-19,2014-03-19 00:00:00,1,449.62885,469.3125
2014-03-19,2014-03-19 01:00:00,2,489.66064,463.5505
2014-03-19,2014-03-19 02:00:00,3,283.66913,280.14987
2014-03-19,2014-03-19 03:00:00,4,292.1527,233.40492
2014-03-19,2014-03-19 04:00:00,5,294.8038,208.6502
2014-03-19,2014-03-19 05:00:00,6,264.0509,199.09425
2014-03-19,2014-03-19 06:00:00,7,191.6755,188.57037
2014-03-19,2014-03-19 07:00:00,8,215.0053,240.74428
2014-03-19,2014-03-19 08:00:00,9,416.48993,429.9051
2014-03-19,2014-03-19 09:00:00,10,330.85895,277.4087
2014-03-19,2014-03-19 10:00:00,11,255.56734,240.9853
2014-03-19,2014-03-19 11:00:00,12,246.81866,259.8206
2014-03-19,2014-03-19 12:00:00,13,261.93002,271.51913
2014-03-19,2014-03-19 13:00:00,14,287.91092,287.65564
2014-03-19,2014-03-19 14:00:00,15,282.6087,298.69485
2014-03-19,2014-03-19 15:00:00,16,310.44537,298.96207
2014-03-19,2014-03-19 16:00:00,17,301.4316,310.4831
2014-03-19,2014-03-19 17:00:00,18,443.00107,445.8988
2014-03-19,2014-03-19 18:00:00,19,529.69244,465.87634
2014-03-19,2014-03-19 19:00:00,20,545.5992,486.64307
2014-03-19,2014-03-19 20:00:00,21,312.8314,275.70187
2014-03-19,2014-03-19 21:00:00,22,556.4687,487.49307
2014-03-19,2014-03-19 22:00:00,23,514.5811,477.6364
2014-03-19,2014-03-19 23:00:00,24,509.8091,476.3265
2014-03-20,2014-03-20 00:00:00,1,495.4931,483.73132
2014-03-20,2014-03-20 01:00:00,2,510.86957,489.26553
2014-03-20,2014-03-20 02:00:00,3,329.00317,291.64624
2014-03-20,2014-03-20 03:00:00,4,337.48676,249.8441
2014-03-20,2014-03-20 04:00:00,5,272.7996,228.75821
2014-03-20,2014-03-20 05:00:00,6,201.48462,213.47769
2014-03-20,2014-03-20 06:00:00,7,182.66171,197.31543
2014-03-20,2014-03-20 07:00:00,8,254.24178,235.95245
2014-03-20,2014-03-20 08:00:00,9,455.1962,441.04474
2014-03-20,2014-03-20 09:00:00,10,291.35736,303.3876
2014-03-20,2014-03-20 10:00:00,11,247.08377,249.27629
2014-03-20,2014-03-20 11:00:00,12,251.85577,262.24963
2014-03-20,2014-03-20 12:00:00,13,270.14847,276.0155
2014-03-20,2014-03-20 13:00:00,14,282.6087,293.47028
2014-03-20,2014-03-20 14:00:00,15,306.73383,303.7532
2014-03-20,2014-03-20 15:00:00,16,303.02228,311.4533
2014-03-20,2014-03-20 16:00:00,17,310.18027,342.73862
2014-03-20,2014-03-20 17:00:00,18,437.1686,460.36603
2014-03-20,2014-03-20 18:00:00,19,505.30222,493.6059
2014-03-20,2014-03-20 19:00:00,20,503.18134,506.74097
2014-03-20,2014-03-20 20:00:00,21,272.00424,278.964
2014-03-20,2014-03-20 21:00:00,22,528.632,511.3889
2014-03-20,2014-03-20 22:00:00,23,504.5069,495.1939
2014-03-20,2014-03-20 23:00:00,24,501.59067,487.63116
2014-03-21,2014-03-21 00:00:00,1,483.5631,477.4436
2014-03-21,2014-03-21 01:00:00,2,489.66064,479.75232
2014-03-21,2014-03-21 02:00:00,3,300.10605,290.51508
2014-03-21,2014-03-21 03:00:00,4,279.42737,258.15414
2014-03-21,2014-03-21 04:00:00,5,206.25662,231.02155
2014-03-21,2014-03-21 05:00:00,6,194.32661,204.19714
2014-03-21,2014-03-21 06:00:00,7,190.08484,189.73412
2014-03-21,2014-03-21 07:00:00,8,250.53023,240.22096
2014-03-21,2014-03-21 08:00:00,9,444.0615,438.0375
2014-03-21,2014-03-21 09:00:00,10,286.58536,287.6508
2014-03-21,2014-03-21 10:00:00,11,288.44113,247.36075
2014-03-21,2014-03-21 11:00:00,12,274.92047,259.0213
2014-03-21,2014-03-21 12:00:00,13,265.11136,270.84113
2014-03-21,2014-03-21 13:00:00,14,279.42737,288.03043
2014-03-21,2014-03-21 14:00:00,15,339.07742,300.39862
2014-03-21,2014-03-21 15:00:00,16,328.73807,307.85138
2014-03-21,2014-03-21 16:00:00,17,346.2354,351.1457
2014-03-21,2014-03-21 17:00:00,18,458.37753,439.83813
2014-03-21,2014-03-21 18:00:00,19,456.25662,471.0741
2014-03-21,2014-03-21 19:00:00,20,483.5631,483.67383
2014-03-21,2014-03-21 20:00:00,21,219.77731,252.79793
2014-03-21,2014-03-21 21:00:00,22,529.69244,486.54828
2014-03-21,2014-03-21 22:00:00,23,491.51645,465.4472
2014-03-21,2014-03-21 23:00:00,24,477.73065,451.37695
2014-03-22,2014-03-22 00:00:00,1,449.62885,438.6074
2014-03-22,2014-03-22 01:00:00,2,477.73065,429.8604
2014-03-22,2014-03-22 02:00:00,3,218.45175,220.14249
2014-03-22,2014-03-22 03:00:00,4,158.53659,138.94911
2014-03-22,2014-03-22 04:00:00,5,139.71368,121.8593
2014-03-22,2014-03-22 05:00:00,6,134.67656,118.53313
2014-03-22,2014-03-22 06:00:00,7,106.04454,101.65538
2014-03-22,2014-03-22 07:00:00,8,91.72852,81.12471
2014-03-22,2014-03-22 08:00:00,9,117.709435,84.07042
2014-03-22,2014-03-22 09:00:00,10,106.839874,71.70534
2014-03-22,2014-03-22 10:00:00,11,126.988335,70.63124
2014-03-22,2014-03-22 11:00:00,12,128.57901,74.22133
2014-03-22,2014-03-22 12:00:00,13,135.4719,75.79794
2014-03-22,2014-03-22 13:00:00,14,105.51431,76.72858
2014-03-22,2014-03-22 14:00:00,15,128.57901,82.32745
2014-03-22,2014-03-22 15:00:00,16,113.46766,68.71942
2014-03-22,2014-03-22 16:00:00,17,110.02121,65.81079
2014-03-22,2014-03-22 17:00:00,18,79.268295,68.11517
2014-03-22,2014-03-22 18:00:00,19,84.57052,83.07129
2014-03-22,2014-03-22 19:00:00,20,114.79321,109.64224
2014-03-22,2014-03-22 20:00:00,21,113.46766,108.76218
2014-03-22,2014-03-22 21:00:00,22,102.33298,102.4048
2014-03-22,2014-03-22 22:00:00,23,95.17497,95.892
2014-03-22,2014-03-22 23:00:00,24,108.16543,101.4108
2014-03-23,2014-03-23 00:00:00,1,109.49099,115.327805
2014-03-23,2014-03-23 01:00:00,2,113.46766,114.85753
2014-03-23,2014-03-23 02:00:00,3,111.87699,111.65842
2014-03-23,2014-03-23 03:00:00,4,104.45387,105.657135
2014-03-23,2014-03-23 04:00:00,5,96.76564,103.506256
2014-03-23,2014-03-23 05:00:00,6,106.30965,106.513306
2014-03-23,2014-03-23 06:00:00,7,96.23542,95.96567
2014-03-23,2014-03-23 07:00:00,8,80.328735,84.18536
2014-03-23,2014-03-23 08:00:00,9,80.59385,79.84772
2014-03-23,2014-03-23 09:00:00,10,70.25451,75.252304
2014-03-23,2014-03-23 10:00:00,11,62.566277,73.11165
2014-03-23,2014-03-23 11:00:00,12,70.519615,77.356094
2014-03-23,2014-03-23 12:00:00,13,75.02651,78.75336
2014-03-23,2014-03-23 13:00:00,14,77.94273,80.00954
2014-03-23,2014-03-23 14:00:00,15,74.7614,78.16383
2014-03-23,2014-03-23 15:00:00,16,60.44539,72.08269
2014-03-23,2014-03-23 16:00:00,17,66.80806,81.44148
2014-03-23,2014-03-23 17:00:00,18,107.10498,101.17795
2014-03-23,2014-03-23 18:00:00,19,119.3001,132.80435
2014-03-23,2014-03-23 19:00:00,20,167.02014,167.62653
2014-03-23,2014-03-23 20:00:00,21,150.84836,142.43228
2014-03-23,2014-03-23 21:00:00,22,163.8388,151.97076
2014-03-23,2014-03-23 22:00:00,23,165.6946,150.40427
2014-03-23,2014-03-23 23:00:00,24,221.10286,183.58774
2014-03-24,2014-03-24 00:00:00,1,252.91623,273.58777
2014-03-24,2014-03-24 01:00:00,2,270.41357,234.17787
2014-03-24,2014-03-24 02:00:00,3,196.97774,185.31743
2014-03-24,2014-03-24 03:00:00,4,169.67126,170.25946
2014-03-24,2014-03-24 04:00:00,5,144.7508,152.54224
2014-03-24,2014-03-24 05:00:00,6,168.0806,162.19223
2014-03-24,2014-03-24 06:00:00,7,161.1877,172.07625
2014-03-24,2014-03-24 07:00:00,8,233.03287,228.27066
2014-03-24,2014-03-24 08:00:00,9,386.79745,439.43652
2014-03-24,2014-03-24 09:00:00,10,249.46977,307.02942
2014-03-24,2014-03-24 10:00:00,11,270.41357,244.67317
2014-03-24,2014-03-24 11:00:00,12,285.52493,251.79785
2014-03-24,2014-03-24 12:00:00,13,367.97455,270.08972
2014-03-24,2014-03-24 13:00:00,14,382.02545,288.61325
2014-03-24,2014-03-24 14:00:00,15,357.90033,306.86838
2014-03-24,2014-03-24 15:00:00,16,347.29587,323.64532
2014-03-24,2014-03-24 16:00:00,17,307.26404,335.39478
2014-03-24,2014-03-24 17:00:00,18,419.40616,458.88876
2014-03-24,2014-03-24 18:00:00,19,492.57687,480.5242
2014-03-24,2014-03-24 19:00:00,20,532.34357,492.28268
2014-03-24,2014-03-24 20:00:00,21,262.72534,270.37088
2014-03-24,2014-03-24 21:00:00,22,534.4645,497.70117
2014-03-24,2014-03-24 22:00:00,23,497.61398,487.59167
2014-03-24,2014-03-24 23:00:00,24,488.3351,484.74152
2014-03-25,2014-03-25 00:00:00,1,483.29797,483.9446
2014-03-25,2014-03-25 01:00:00,2,500.2651,485.78558
2014-03-25,2014-03-25 02:00:00,3,321.84518,289.6791
2014-03-25,2014-03-25 03:00:00,4,262.72534,247.37688
2014-03-25,2014-03-25 04:00:00,5,214.20996,217.22835
2014-03-25,2014-03-25 05:00:00,6,197.50795,203.9055
2014-03-25,2014-03-25 06:00:00,7,328.20786,192.87903
2014-03-25,2014-03-25 07:00:00,8,374.33722,246.6014
2014-03-25,2014-03-25 08:00:00,9,470.04242,440.73413
2014-03-25,2014-03-25 09:00:00,10,325.02652,285.9858
2014-03-25,2014-03-25 10:00:00,11,263.5207,259.61917
2014-03-25,2014-03-25 11:00:00,12,305.40826,268.55487
2014-03-25,2014-03-25 12:00:00,13,306.2036,279.6314
2014-03-25,2014-03-25 13:00:00,14,337.22162,299.92496
2014-03-25,2014-03-25 14:00:00,15,324.7614,311.52722
2014-03-25,2014-03-25 15:00:00,16,314.95227,310.85983
2014-03-25,2014-03-25 16:00:00,17,308.8547,314.96542
2014-03-25,2014-03-25 17:00:00,18,413.0435,456.5573
2014-03-25,2014-03-25 18:00:00,19,477.99576,492.91077
2014-03-25,2014-03-25 19:00:00,20,512.4602,508.19073
2014-03-25,2014-03-25 20:00:00,21,287.3807,276.41748
2014-03-25,2014-03-25 21:00:00,22,537.6458,508.93164
2014-03-25,2014-03-25 22:00:00,23,490.9862,493.73547
2014-03-25,2014-03-25 23:00:00,24,495.7582,493.73883
2014-03-26,2014-03-26 00:00:00,1,476.6702,483.7879
2014-03-26,2014-03-26 01:00:00,2,476.4051,490.0849
2014-03-26,2014-03-26 02:00:00,3,262.99045,300.68173
2014-03-26,2014-03-26 03:00:00,4,224.81442,255.44325
2014-03-26,2014-03-26 04:00:00,5,202.81018,224.4708
2014-03-26,2014-03-26 05:00:00,6,241.51643,209.53354
2014-03-26,2014-03-26 06:00:00,7,213.41463,210.87428
2014-03-26,2014-03-26 07:00:00,8,258.7487,266.39743
2014-03-26,2014-03-26 08:00:00,9,458.37753,458.10626
2014-03-26,2014-03-26 09:00:00,10,310.44537,299.3627
2014-03-26,2014-03-26 10:00:00,11,269.35312,263.11722
2014-03-26,2014-03-26 11:00:00,12,285.79004,278.11417
2014-03-26,2014-03-26 12:00:00,13,285.2598,288.0022
2014-03-26,2014-03-26 13:00:00,14,283.40402,307.26495
2014-03-26,2014-03-26 14:00:00,15,309.65005,317.46118
2014-03-26,2014-03-26 15:00:00,16,316.54294,311.84143
2014-03-26,2014-03-26 16:00:00,17,338.28207,319.295
2014-03-26,2014-03-26 17:00:00,18,462.08908,439.02045
2014-03-26,2014-03-26 18:00:00,19,516.1718,491.30133
2014-03-26,2014-03-26 19:00:00,20,540.82715,506.0266
2014-03-26,2014-03-26 20:00:00,21,353.92365,284.42618
2014-03-26,2014-03-26 21:00:00,22,542.1527,511.722
2014-03-26,2014-03-26 22:00:00,23,488.60022,497.63586
2014-03-26,2014-03-26 23:00:00,24,508.21844,494.72614
2014-03-27,2014-03-27 00:00:00,1,499.7349,488.7176
2014-03-27,2014-03-27 01:00:00,2,523.5949,486.61243
2014-03-27,2014-03-27 02:00:00,3,288.44113,292.0599
2014-03-27,2014-03-27 03:00:00,4,234.88866,248.21474
2014-03-27,2014-03-27 04:00:00,5,195.65218,223.13403
2014-03-27,2014-03-27 05:00:00,6,218.18665,215.92175
2014-03-27,2014-03-27 06:00:00,7,197.50795,207.28688
2014-03-27,2014-03-27 07:00:00,8,250.79533,256.94327
2014-03-27,2014-03-27 08:00:00,9,425.50372,447.98492
2014-03-27,2014-03-27 09:00:00,10,288.17603,297.8421
2014-03-27,2014-03-27 10:00:00,11,277.8367,267.9595
2014-03-27,2014-03-27 11:00:00,12,289.7667,282.11884
2014-03-27,2014-03-27 12:00:00,13,289.5016,286.57736
2014-03-27,2014-03-27 13:00:00,14,286.85046,302.4375
2014-03-27,2014-03-27 14:00:00,15,317.07318,318.68762
2014-03-27,2014-03-27 15:00:00,16,391.83456,323.149
2014-03-27,2014-03-27 16:00:00,17,361.61188,328.73254
2014-03-27,2014-03-27 17:00:00,18,478.52597,454.45325
2014-03-27,2014-03-27 18:00:00,19,496.81866,503.15646
2014-03-27,2014-03-27 19:00:00,20,526.5111,520.1655
2014-03-27,2014-03-27 20:00:00,21,278.1018,294.28107
2014-03-27,2014-03-27 21:00:00,22,539.23645,522.1085
2014-03-27,2014-03-27 22:00:00,23,499.7349,499.6321
2014-03-27,2014-03-27 23:00:00,24,497.61398,500.74344
2014-03-28,2014-03-28 00:00:00,1,478.7911,488.16003
2014-03-28,2014-03-28 01:00:00,2,502.65112,492.98694
2014-03-28,2014-03-28 02:00:00,3,267.49734,292.56094
2014-03-28,2014-03-28 03:00:00,4,253.71156,242.99661
2014-03-28,2014-03-28 04:00:00,5,222.95865,208.95367
2014-03-28,2014-03-28 05:00:00,6,196.71262,209.07007
2014-03-28,2014-03-28 06:00:00,7,183.19194,204.4003
2014-03-28,2014-03-28 07:00:00,8,246.28844,249.71114
2014-03-28,2014-03-28 08:00:00,9,459.70306,446.7079
2014-03-28,2014-03-28 09:00:00,10,312.8314,293.5424
2014-03-28,2014-03-28 10:00:00,11,288.97137,268.48917
2014-03-28,2014-03-28 11:00:00,12,303.02228,277.42682
2014-03-28,2014-03-28 12:00:00,13,288.17603,281.50922
2014-03-28,2014-03-28 13:00:00,14,303.8176,289.5999
2014-03-28,2014-03-28 14:00:00,15,328.47296,320.6224
2014-03-28,2014-03-28 15:00:00,16,341.1983,329.95972
2014-03-28,2014-03-28 16:00:00,17,378.04877,342.79956
2014-03-28,2014-03-28 17:00:00,18,463.14954,458.93793
2014-03-28,2014-03-28 18:00:00,19,483.03287,481.6917
2014-03-28,2014-03-28 19:00:00,20,502.38602,493.66327
2014-03-28,2014-03-28 20:00:00,21,256.36267,266.75226
2014-03-28,2014-03-28 21:00:00,22,538.70624,497.40857
2014-03-28,2014-03-28 22:00:00,23,486.74445,474.6343
2014-03-28,2014-03-28 23:00:00,24,489.66064,463.99173
2014-03-29,2014-03-29 00:00:00,1,459.17285,456.32385
2014-03-29,2014-03-29 01:00:00,2,476.4051,455.70895
2014-03-29,2014-03-29 02:00:00,3,204.93108,235.13123
2014-03-29,2014-03-29 03:00:00,4,148.19725,160.41699
2014-03-29,2014-03-29 04:00:00,5,128.31389,141.07602
2014-03-29,2014-03-29 05:00:00,6,129.10922,131.47626
2014-03-29,2014-03-29 06:00:00,7,99.946976,110.09761
2014-03-29,2014-03-29 07:00:00,8,88.01697,86.35632
2014-03-29,2014-03-29 08:00:00,9,96.23542,104.74605
2014-03-29,2014-03-29 09:00:00,10,88.54719,91.702576
2014-03-29,2014-03-29 10:00:00,11,81.9194,100.201645
2014-03-29,2014-03-29 11:00:00,12,91.72852,106.51796
2014-03-29,2014-03-29 12:00:00,13,92.78897,105.369675
2014-03-29,2014-03-29 13:00:00,14,89.87275,99.39615
2014-03-29,2014-03-29 14:00:00,15,85.36585,110.50391
2014-03-29,2014-03-29 15:00:00,16,87.221634,98.85687
2014-03-29,2014-03-29 16:00:00,17,88.01697,88.78322
2014-03-29,2014-03-29 17:00:00,18,85.89608,78.71716
2014-03-29,2014-03-29 18:00:00,19,99.946976,90.32562
2014-03-29,2014-03-29 19:00:00,20,108.96076,115.31732
2014-03-29,2014-03-29 20:00:00,21,110.55143,114.701385
2014-03-29,2014-03-29 21:00:00,22,105.77943,106.78755
2014-03-29,2014-03-29 22:00:00,23,95.70519,101.739136
2014-03-29,2014-03-29 23:00:00,24,96.50053,107.59532
2014-04-14,2014-04-14 00:00:00,1,314.42206,258.5189
2014-04-14,2014-04-14 01:00:00,2,363.46765,263.4843
2014-04-14,2014-04-14 02:00:00,3,189.55461,210.89848
2014-04-14,2014-04-14 03:00:00,4,177.3595,200.4573
2014-04-14,2014-04-14 04:00:00,5,152.70413,194.20752
2014-04-14,2014-04-14 05:00:00,6,160.65747,189.52527
2014-04-14,2014-04-14 06:00:00,7,176.56416,211.52702
2014-04-14,2014-04-14 07:00:00,8,199.36374,265.68314
2014-04-14,2014-04-14 08:00:00,9,317.8685,457.5642
2014-04-14,2014-04-14 09:00:00,10,274.92047,299.07126
2014-04-14,2014-04-14 10:00:00,11,263.7858,289.06183
2014-04-14,2014-04-14 11:00:00,12,247.34889,281.98032
2014-04-14,2014-04-14 12:00:00,13,272.7996,293.7143
2014-04-14,2014-04-14 13:00:00,14,299.84094,304.74838
2014-04-14,2014-04-14 14:00:00,15,327.6776,317.17523
2014-04-14,2014-04-14 15:00:00,16,345.175,315.20074
2014-04-14,2014-04-14 16:00:00,17,290.0318,301.53607
2014-04-14,2014-04-14 17:00:00,18,247.08377,368.18494
2014-04-14,2014-04-14 18:00:00,19,367.17923,425.04843
2014-04-14,2014-04-14 19:00:00,20,439.81973,440.65936
2014-04-14,2014-04-14 20:00:00,21,269.35312,274.73193
2014-04-14,2014-04-14 21:00:00,22,494.69778,484.0077
2014-04-14,2014-04-14 22:00:00,23,469.5122,475.60498
2014-04-14,2014-04-14 23:00:00,24,461.29373,472.08142
2014-04-15,2014-04-15 00:00:00,1,489.39554,463.2005
2014-04-15,2014-04-15 01:00:00,2,515.37646,467.56555
2014-04-15,2014-04-15 02:00:00,3,290.82715,281.56656
2014-04-15,2014-04-15 03:00:00,4,240.19089,240.99002
2014-04-15,2014-04-15 04:00:00,5,200.42418,196.30417
2014-04-15,2014-04-15 05:00:00,6,228.26086,190.41156
2014-04-15,2014-04-15 06:00:00,7,209.70308,204.29222
2014-04-15,2014-04-15 07:00:00,8,206.25662,221.34799
2014-04-15,2014-04-15 08:00:00,9,244.43266,360.58722
2014-04-15,2014-04-15 09:00:00,10,260.60446,262.52472
2014-04-15,2014-04-15 10:00:00,11,250.53023,259.7068
2014-04-15,2014-04-15 11:00:00,12,243.1071,255.76971
2014-04-15,2014-04-15 12:00:00,13,286.05515,273.83316
2014-04-15,2014-04-15 13:00:00,14,285.2598,303.85718
2014-04-15,2014-04-15 14:00:00,15,311.50583,320.19876
2014-04-15,2014-04-15 15:00:00,16,313.6267,323.34357
2014-04-15,2014-04-15 16:00:00,17,271.73914,292.99124
2014-04-15,2014-04-15 17:00:00,18,244.96289,310.5684
2014-04-15,2014-04-15 18:00:00,19,354.9841,388.58337
2014-04-15,2014-04-15 19:00:00,20,410.39236,424.52655
2014-04-15,2014-04-15 20:00:00,21,261.93002,268.2015
2014-04-15,2014-04-15 21:00:00,22,471.8982,481.75385
2014-04-15,2014-04-15 22:00:00,23,457.31708,470.55203
2014-04-15,2014-04-15 23:00:00,24,457.31708,462.86932
2014-04-16,2014-04-16 00:00:00,1,466.86108,479.02527
2014-04-16,2014-04-16 01:00:00,2,459.9682,489.97583
2014-04-16,2014-04-16 02:00:00,3,248.40933,283.09732
2014-04-16,2014-04-16 03:00:00,4,206.78685,228.54205
2014-04-16,2014-04-16 04:00:00,5,180.0106,204.59341
2014-04-16,2014-04-16 05:00:00,6,183.98727,209.7199
2014-04-16,2014-04-16 06:00:00,7,177.88971,206.28195
2014-04-16,2014-04-16 07:00:00,8,196.97774,207.0517
2014-04-16,2014-04-16 08:00:00,9,292.94803,288.1422
2014-04-16,2014-04-16 09:00:00,10,287.1156,258.85608
2014-04-16,2014-04-16 10:00:00,11,285.2598,255.87088
2014-04-16,2014-04-16 11:00:00,12,279.69247,247.44138
2014-04-16,2014-04-16 12:00:00,13,297.18982,279.6707
2014-04-16,2014-04-16 13:00:00,14,304.34784,299.52957
2014-04-16,2014-04-16 14:00:00,15,303.8176,314.29593
2014-04-16,2014-04-16 15:00:00,16,325.55673,315.5656
2014-04-16,2014-04-16 16:00:00,17,330.32874,285.56387
2014-04-16,2014-04-16 17:00:00,18,272.7996,267.2586
2014-04-16,2014-04-16 18:00:00,19,348.62143,369.86478
2014-04-16,2014-04-16 19:00:00,20,436.10815,422.1418
2014-04-16,2014-04-16 20:00:00,21,262.19513,270.599
2014-04-16,2014-04-16 21:00:00,22,498.40933,475.5952
2014-04-16,2014-04-16 22:00:00,23,469.24707,466.65237
2014-04-16,2014-04-16 23:00:00,24,449.89395,464.17242
2014-04-17,2014-04-17 00:00:00,1,460.4984,472.1808
2014-04-17,2014-04-17 01:00:00,2,478.7911,470.56158
2014-04-17,2014-04-17 02:00:00,3,248.67444,265.62982
2014-04-17,2014-04-17 03:00:00,4,212.08908,215.86102
2014-04-17,2014-04-17 04:00:00,5,178.95016,195.62863
2014-04-17,2014-04-17 05:00:00,6,180.54083,201.24991
2014-04-17,2014-04-17 06:00:00,7,177.88971,195.17601
2014-04-17,2014-04-17 07:00:00,8,191.6755,202.11401
2014-04-17,2014-04-17 08:00:00,9,248.93956,270.37802
2014-04-17,2014-04-17 09:00:00,10,270.41357,269.75244
2014-04-17,2014-04-17 10:00:00,11,264.58112,264.10284
2014-04-17,2014-04-17 11:00:00,12,260.60446,258.91516
2014-04-17,2014-04-17 12:00:00,13,273.5949,292.0196
2014-04-17,2014-04-17 13:00:00,14,306.46872,294.5427
2014-04-17,2014-04-17 14:00:00,15,313.89185,312.0696
2014-04-17,2014-04-17 15:00:00,16,348.35632,319.20117
2014-04-17,2014-04-17 16:00:00,17,308.3245,298.96362
2014-04-17,2014-04-17 17:00:00,18,259.8091,251.82759
2014-04-17,2014-04-17 18:00:00,19,334.83563,355.36096
2014-04-17,2014-04-17 19:00:00,20,423.3828,426.07062
2014-04-17,2014-04-17 20:00:00,21,235.15376,259.82062
2014-04-17,2014-04-17 21:00:00,22,485.41888,474.10074
2014-04-17,2014-04-17 22:00:00,23,485.41888,461.4568
2014-04-17,2014-04-17 23:00:00,24,470.83774,454.524
2014-04-18,2014-04-18 00:00:00,1,466.06573,476.82434
2014-04-18,2014-04-18 01:00:00,2,477.46555,478.55157
2014-04-18,2014-04-18 02:00:00,3,255.30223,255.82103
2014-04-18,2014-04-18 03:00:00,4,227.99576,209.80214
2014-04-18,2014-04-18 04:00:00,5,228.26086,187.31668
2014-04-18,2014-04-18 05:00:00,6,220.83775,185.43109
2014-04-18,2014-04-18 06:00:00,7,238.6002,182.9397
2014-04-18,2014-04-18 07:00:00,8,212.35419,193.86124
2014-04-18,2014-04-18 08:00:00,9,213.14952,275.4892
2014-04-18,2014-04-18 09:00:00,10,230.64687,271.9973
2014-04-18,2014-04-18 10:00:00,11,235.68399,273.69373
2014-04-18,2014-04-18 11:00:00,12,242.31177,266.3621
2014-04-18,2014-04-18 12:00:00,13,246.55356,286.65442
2014-04-18,2014-04-18 13:00:00,14,248.67444,303.62357
2014-04-18,2014-04-18 14:00:00,15,288.70627,315.24472
2014-04-18,2014-04-18 15:00:00,16,274.92047,329.48602
2014-04-18,2014-04-18 16:00:00,17,252.1209,302.16653
2014-04-18,2014-04-18 17:00:00,18,204.66595,266.51352
2014-04-18,2014-04-18 18:00:00,19,291.09225,357.07254
2014-04-18,2014-04-18 19:00:00,20,355.77942,426.41333
2014-04-18,2014-04-18 20:00:00,21,193.53128,240.4412
2014-04-18,2014-04-18 21:00:00,22,444.59174,465.6681
2014-04-18,2014-04-18 22:00:00,23,424.70837,458.7669
2014-04-18,2014-04-18 23:00:00,24,396.87167,452.42593
2014-04-19,2014-04-19 00:00:00,1,394.4857,399.87137
2014-04-19,2014-04-19 01:00:00,2,419.40616,398.24146
2014-04-19,2014-04-19 02:00:00,3,177.88971,178.6492
2014-04-19,2014-04-19 03:00:00,4,135.73701,134.6543
2014-04-19,2014-04-19 04:00:00,5,125.39767,123.86095
2014-04-19,2014-04-19 05:00:00,6,114.26299,112.449356
2014-04-19,2014-04-19 06:00:00,7,100.74231,102.47719
2014-04-19,2014-04-19 07:00:00,8,82.71474,82.30568
2014-04-19,2014-04-19 08:00:00,9,78.47296,78.37404
2014-04-19,2014-04-19 09:00:00,10,76.352066,75.40863
2014-04-19,2014-04-19 10:00:00,11,69.72428,73.6584
2014-04-19,2014-04-19 11:00:00,12,67.07317,73.61804
2014-04-19,2014-04-19 12:00:00,13,73.966064,75.69437
2014-04-19,2014-04-19 13:00:00,14,80.328735,75.874725
2014-04-19,2014-04-19 14:00:00,15,80.06363,77.35741
2014-04-19,2014-04-19 15:00:00,16,82.44963,74.87999
2014-04-19,2014-04-19 16:00:00,17,70.519615,70.14151
2014-04-19,2014-04-19 17:00:00,18,68.13361,71.91536
2014-04-19,2014-04-19 18:00:00,19,73.435844,77.74661
2014-04-19,2014-04-19 19:00:00,20,74.7614,84.24446
2014-04-19,2014-04-19 20:00:00,21,88.28208,96.20625
2014-04-19,2014-04-19 21:00:00,22,109.756096,108.59839
2014-04-19,2014-04-19 22:00:00,23,101.80276,101.77026
2014-04-19,2014-04-19 23:00:00,24,94.90986,98.15634
2014-04-20,2014-04-20 00:00:00,1,95.44009,102.56279
2014-04-20,2014-04-20 01:00:00,2,104.45387,106.61752
2014-04-20,2014-04-20 02:00:00,3,123.011665,107.41951
2014-04-20,2014-04-20 03:00:00,4,115.58855,104.7914
2014-04-20,2014-04-20 04:00:00,5,102.06787,99.5244
2014-04-20,2014-04-20 05:00:00,6,96.50053,94.73312
2014-04-20,2014-04-20 06:00:00,7,85.63097,90.10004
2014-04-20,2014-04-20 07:00:00,8,72.90562,82.43309
2014-04-20,2014-04-20 08:00:00,9,70.519615,78.36832
2014-04-20,2014-04-20 09:00:00,10,71.58006,78.08821
2014-04-20,2014-04-20 10:00:00,11,68.39873,75.617355
2014-04-20,2014-04-20 11:00:00,12,62.301167,74.900696
2014-04-20,2014-04-20 12:00:00,13,72.11028,74.77394
2014-04-20,2014-04-20 13:00:00,14,79.5334,77.272736
2014-04-20,2014-04-20 14:00:00,15,77.1474,77.46596
2014-04-20,2014-04-20 15:00:00,16,75.821846,77.70819
2014-04-20,2014-04-20 16:00:00,17,80.06363,80.56261
2014-04-20,2014-04-20 17:00:00,18,107.63521,89.82352
2014-04-20,2014-04-20 18:00:00,19,121.68611,103.303986
2014-04-20,2014-04-20 19:00:00,20,124.07211,115.57315
2014-04-20,2014-04-20 20:00:00,21,120.89078,118.73779
2014-04-20,2014-04-20 21:00:00,22,182.3966,187.1453
2014-04-20,2014-04-20 22:00:00,23,167.28526,177.31474
2014-04-20,2014-04-20 23:00:00,24,164.10393,176.2233
2014-04-21,2014-04-21 00:00:00,1,191.14528,217.75023
2014-04-21,2014-04-21 01:00:00,2,189.81972,260.33548
2014-04-21,2014-04-21 02:00:00,3,168.61081,170.45428
2014-04-21,2014-04-21 03:00:00,4,167.55037,162.91412
2014-04-21,2014-04-21 04:00:00,5,149.5228,159.03424
2014-04-21,2014-04-21 05:00:00,6,156.94592,160.75543
2014-04-21,2014-04-21 06:00:00,7,159.59703,170.9096
2014-04-21,2014-04-21 07:00:00,8,186.37328,187.64304
2014-04-21,2014-04-21 08:00:00,9,249.7349,256.80087
2014-04-21,2014-04-21 09:00:00,10,268.02756,250.83203
2014-04-21,2014-04-21 10:00:00,11,269.088,245.7976
2014-04-21,2014-04-21 11:00:00,12,274.65536,244.7009
2014-04-21,2014-04-21 12:00:00,13,278.3669,258.25922
2014-04-21,2014-04-21 13:00:00,14,306.99893,274.67657
2014-04-21,2014-04-21 14:00:00,15,304.87805,294.61145
2014-04-21,2014-04-21 15:00:00,16,311.77094,300.29263
2014-04-21,2014-04-21 16:00:00,17,296.3945,276.4509
2014-04-21,2014-04-21 17:00:00,18,238.3351,234.63635
2014-04-21,2014-04-21 18:00:00,19,348.62143,319.11234
2014-04-21,2014-04-21 19:00:00,20,427.6246,395.14206
2014-04-21,2014-04-21 20:00:00,21,263.5207,237.78003
2014-04-21,2014-04-21 21:00:00,22,524.39026,459.5158
2014-04-21,2014-04-21 22:00:00,23,498.40933,449.42242
2014-04-21,2014-04-21 23:00:00,24,479.58643,444.3702
2014-04-22,2014-04-22 00:00:00,1,485.684,482.99878
2014-04-22,2014-04-22 01:00:00,2,488.60022,489.20355
2014-04-22,2014-04-22 02:00:00,3,257.68823,270.05502
2014-04-22,2014-04-22 03:00:00,4,218.45175,227.08592
2014-04-22,2014-04-22 04:00:00,5,187.96394,207.32211
2014-04-22,2014-04-22 05:00:00,6,177.09438,205.07317
2014-04-22,2014-04-22 06:00:00,7,180.27571,202.57344
2014-04-22,2014-04-22 07:00:00,8,201.21951,206.13599
2014-04-22,2014-04-22 08:00:00,9,239.39555,248.12508
2014-04-22,2014-04-22 09:00:00,10,265.11136,262.13745
2014-04-22,2014-04-22 10:00:00,11,257.68823,266.30914
2014-04-22,2014-04-22 11:00:00,12,246.02333,268.06183
2014-04-22,2014-04-22 12:00:00,13,296.6596,281.34897
2014-04-22,2014-04-22 13:00:00,14,312.30118,295.14996
2014-04-22,2014-04-22 14:00:00,15,310.18027,307.79346
2014-04-22,2014-04-22 15:00:00,16,304.87805,315.69324
2014-04-22,2014-04-22 16:00:00,17,274.92047,301.98553
2014-04-22,2014-04-22 17:00:00,18,249.7349,251.81929
2014-04-22,2014-04-22 18:00:00,19,357.10498,351.2832
2014-04-22,2014-04-22 19:00:00,20,446.97772,431.43915
2014-04-22,2014-04-22 20:00:00,21,256.62778,252.62898
2014-04-22,2014-04-22 21:00:00,22,489.66064,489.83377
2014-04-22,2014-04-22 22:00:00,23,473.75397,473.02588
2014-04-22,2014-04-22 23:00:00,24,480.11664,466.18024
2014-04-23,2014-04-23 00:00:00,1,471.10287,478.57684
2014-04-23,2014-04-23 01:00:00,2,500.79535,478.9756
2014-04-23,2014-04-23 02:00:00,3,284.19937,261.4767
2014-04-23,2014-04-23 03:00:00,4,229.85153,219.23473
2014-04-23,2014-04-23 04:00:00,5,192.73595,195.65564
2014-04-23,2014-04-23 05:00:00,6,184.5175,192.05435
2014-04-23,2014-04-23 06:00:00,7,190.34995,190.16309
2014-04-23,2014-04-23 07:00:00,8,202.27995,199.66873
2014-04-23,2014-04-23 08:00:00,9,252.1209,240.2836
2014-04-23,2014-04-23 09:00:00,10,253.71156,260.5251
2014-04-23,2014-04-23 10:00:00,11,240.7211,259.0744
2014-04-23,2014-04-23 11:00:00,12,234.35843,259.19562
2014-04-23,2014-04-23 12:00:00,13,270.9438,285.45624
2014-04-23,2014-04-23 13:00:00,14,274.39026,300.90207
2014-04-23,2014-04-23 14:00:00,15,298.7805,311.85156
2014-04-23,2014-04-23 15:00:00,16,302.49203,318.45117
2014-04-23,2014-04-23 16:00:00,17,277.5716,292.56348
2014-04-23,2014-04-23 17:00:00,18,222.42842,247.94194
2014-04-23,2014-04-23 18:00:00,19,340.40295,350.51367
2014-04-23,2014-04-23 19:00:00,20,418.87592,436.11835
2014-04-23,2014-04-23 20:00:00,21,223.75398,251.55975
2014-04-23,2014-04-23 21:00:00,22,494.16754,484.57446
2014-04-23,2014-04-23 22:00:00,23,460.2333,472.74066
2014-04-23,2014-04-23 23:00:00,24,448.8335,469.91608
2014-04-24,2014-04-24 00:00:00,1,452.54507,459.51385
2014-04-24,2014-04-24 01:00:00,2,475.87488,467.95905
2014-04-24,2014-04-24 02:00:00,3,264.84622,258.004
2014-04-24,2014-04-24 03:00:00,4,229.0562,215.81342
2014-04-24,2014-04-24 04:00:00,5,195.91728,190.93034
2014-04-24,2014-04-24 05:00:00,6,187.69884,186.02145
2014-04-24,2014-04-24 06:00:00,7,189.02438,187.61401
2014-04-24,2014-04-24 07:00:00,8,198.03818,196.84048
2014-04-24,2014-04-24 08:00:00,9,275.98093,244.9758
2014-04-24,2014-04-24 09:00:00,10,262.72534,248.39482
2014-04-24,2014-04-24 10:00:00,11,279.69247,247.51721
2014-04-24,2014-04-24 11:00:00,12,249.7349,245.23665
2014-04-24,2014-04-24 12:00:00,13,291.8876,270.8233
2014-04-24,2014-04-24 13:00:00,14,322.6405,283.9986
2014-04-24,2014-04-24 14:00:00,15,320.25452,298.1026
2014-04-24,2014-04-24 15:00:00,16,324.49628,301.0565
2014-04-24,2014-04-24 16:00:00,17,289.7667,279.81708
2014-04-24,2014-04-24 17:00:00,18,248.14423,243.50035
2014-04-24,2014-04-24 18:00:00,19,348.88654,345.91333
2014-04-24,2014-04-24 19:00:00,20,432.6617,420.20056
2014-04-24,2014-04-24 20:00:00,21,246.81866,240.77194
2014-04-24,2014-04-24 21:00:00,22,515.9067,474.70355
2014-04-24,2014-04-24 22:00:00,23,482.76776,459.752
2014-04-24,2014-04-24 23:00:00,24,473.22375,456.12723
2014-04-25,2014-04-25 00:00:00,1,477.73065,470.46695
2014-04-25,2014-04-25 01:00:00,2,485.41888,486.86475
2014-04-25,2014-04-25 02:00:00,3,248.93956,268.94113
2014-04-25,2014-04-25 03:00:00,4,208.90775,229.0701
2014-04-25,2014-04-25 04:00:00,5,177.6246,201.48697
2014-04-25,2014-04-25 05:00:00,6,178.15483,199.31018
2014-04-25,2014-04-25 06:00:00,7,170.7317,200.34096
2014-04-25,2014-04-25 07:00:00,8,185.84305,204.54816
2014-04-25,2014-04-25 08:00:00,9,218.45175,261.22766
2014-04-25,2014-04-25 09:00:00,10,204.66595,257.37048
2014-04-25,2014-04-25 10:00:00,11,209.43796,257.16312
2014-04-25,2014-04-25 11:00:00,12,214.20996,249.75537
2014-04-25,2014-04-25 12:00:00,13,218.71686,278.71738
2014-04-25,2014-04-25 13:00:00,14,254.5069,290.27673
2014-04-25,2014-04-25 14:00:00,15,278.63202,309.9208
2014-04-25,2014-04-25 15:00:00,16,276.77625,312.60757
2014-04-25,2014-04-25 16:00:00,17,242.842,282.96497
2014-04-25,2014-04-25 17:00:00,18,203.87062,240.361
2014-04-25,2014-04-25 18:00:00,19,319.9894,338.77637
2014-04-25,2014-04-25 19:00:00,20,398.99258,402.83813
2014-04-25,2014-04-25 20:00:00,21,230.11665,220.60995
2014-04-25,2014-04-25 21:00:00,22,472.69354,460.0709
2014-04-25,2014-04-25 22:00:00,23,472.95865,446.05853
2014-04-25,2014-04-25 23:00:00,24,463.41464,437.00238
2014-04-26,2014-04-26 00:00:00,1,444.32663,426.75665
2014-04-26,2014-04-26 01:00:00,2,433.72217,426.08386
2014-04-26,2014-04-26 02:00:00,3,183.72217,193.37885
2014-04-26,2014-04-26 03:00:00,4,137.06256,141.8172
2014-04-26,2014-04-26 04:00:00,5,114.5281,127.571625
2014-04-26,2014-04-26 05:00:00,6,105.51431,117.423294
2014-04-26,2014-04-26 06:00:00,7,91.46342,103.30821
2014-04-26,2014-04-26 07:00:00,8,81.6543,85.809784
2014-04-26,2014-04-26 08:00:00,9,82.18452,79.23747
2014-04-26,2014-04-26 09:00:00,10,80.328735,73.13573
2014-04-26,2014-04-26 10:00:00,11,70.519615,71.85857
2014-04-26,2014-04-26 11:00:00,12,62.301167,71.946365
2014-04-26,2014-04-26 12:00:00,13,73.70095,73.811264
2014-04-26,2014-04-26 13:00:00,14,87.48675,75.25951
2014-04-26,2014-04-26 14:00:00,15,88.54719,76.39218
2014-04-26,2014-04-26 15:00:00,16,86.95652,76.72487
2014-04-26,2014-04-26 16:00:00,17,71.58006,74.81328
2014-04-26,2014-04-26 17:00:00,18,69.989395,76.30913
2014-04-26,2014-04-26 18:00:00,19,82.97985,79.73805
2014-04-26,2014-04-26 19:00:00,20,85.36585,83.824936
2014-04-26,2014-04-26 20:00:00,21,97.29587,94.11276
2014-04-26,2014-04-26 21:00:00,22,115.85366,111.55585
2014-04-26,2014-04-26 22:00:00,23,102.59809,103.82097
2014-04-26,2014-04-26 23:00:00,24,97.560974,98.87227
2014-04-27,2014-04-27 00:00:00,1,106.30965,96.48811
2014-04-27,2014-04-27 01:00:00,2,112.672325,104.84238
2014-04-27,2014-04-27 02:00:00,3,115.58855,118.170135
2014-04-27,2014-04-27 03:00:00,4,115.32343,113.67235
2014-04-27,2014-04-27 04:00:00,5,104.18876,102.36824
2014-04-27,2014-04-27 05:00:00,6,99.946976,93.47049
2014-04-27,2014-04-27 06:00:00,7,88.54719,84.94119
2014-04-27,2014-04-27 07:00:00,8,76.61718,76.95625
2014-04-27,2014-04-27 08:00:00,9,78.73807,73.89856
2014-04-27,2014-04-27 09:00:00,10,76.08696,75.83064
2014-04-27,2014-04-27 10:00:00,11,67.86851,72.97493
2014-04-27,2014-04-27 11:00:00,12,62.301167,71.513214
2014-04-27,2014-04-27 12:00:00,13,70.519615,71.90143
2014-04-27,2014-04-27 13:00:00,14,82.71474,76.82384
2014-04-27,2014-04-27 14:00:00,15,86.4263,76.92963
2014-04-27,2014-04-27 15:00:00,16,83.775185,76.77336
2014-04-27,2014-04-27 16:00:00,17,81.9194,85.252625
2014-04-27,2014-04-27 17:00:00,18,115.58855,99.24803
2014-04-27,2014-04-27 18:00:00,19,148.99258,116.30879
2014-04-27,2014-04-27 19:00:00,20,151.64369,121.129456
2014-04-27,2014-04-27 20:00:00,21,128.04878,123.08858
2014-04-27,2014-04-27 21:00:00,22,232.50266,212.7365
2014-04-27,2014-04-27 22:00:00,23,283.13892,189.663
2014-04-27,2014-04-27 23:00:00,24,251.06044,172.88193
2014-04-28,2014-04-28 00:00:00,1,292.1527,269.68146
2014-04-28,2014-04-28 01:00:00,2,306.46872,286.5803
2014-04-28,2014-04-28 02:00:00,3,233.5631,199.6183
2014-04-28,2014-04-28 03:00:00,4,175.2386,186.33844
2014-04-28,2014-04-28 04:00:00,5,152.96925,167.37701
2014-04-28,2014-04-28 05:00:00,6,169.67126,167.65195
2014-04-28,2014-04-28 06:00:00,7,175.2386,177.36588
2014-04-28,2014-04-28 07:00:00,8,180.27571,200.36696
2014-04-28,2014-04-28 08:00:00,9,237.27466,278.4075
2014-04-28,2014-04-28 09:00:00,10,246.28844,271.39526
2014-04-28,2014-04-28 10:00:00,11,245.75822,269.45398
2014-04-28,2014-04-28 11:00:00,12,232.76776,260.61426
2014-04-28,2014-04-28 12:00:00,13,257.68823,278.80692
2014-04-28,2014-04-28 13:00:00,14,284.72958,302.3244
2014-04-28,2014-04-28 14:00:00,15,277.8367,321.41885
2014-04-28,2014-04-28 15:00:00,16,271.47403,328.61655
2014-04-28,2014-04-28 16:00:00,17,246.55356,295.02643
2014-04-28,2014-04-28 17:00:00,18,206.78685,247.9966
2014-04-28,2014-04-28 18:00:00,19,323.96606,357.395
2014-04-28,2014-04-28 19:00:00,20,395.54614,436.3318
2014-04-28,2014-04-28 20:00:00,21,237.27466,259.4049
2014-04-28,2014-04-28 21:00:00,22,482.23755,491.96857
2014-04-28,2014-04-28 22:00:00,23,462.8844,472.15817
2014-04-28,2014-04-28 23:00:00,24,453.0753,470.02722
2014-04-29,2014-04-29 00:00:00,1,461.29373,461.35278
2014-04-29,2014-04-29 01:00:00,2,469.7773,467.50235
2014-04-29,2014-04-29 02:00:00,3,254.24178,256.10654
2014-04-29,2014-04-29 03:00:00,4,201.48462,213.5614
2014-04-29,2014-04-29 04:00:00,5,166.22481,186.04382
2014-04-29,2014-04-29 05:00:00,6,165.6946,182.61798
2014-04-29,2014-04-29 06:00:00,7,172.32237,183.21826
2014-04-29,2014-04-29 07:00:00,8,181.33617,194.32683
2014-04-29,2014-04-29 08:00:00,9,221.10286,240.13667
2014-04-29,2014-04-29 09:00:00,10,245.75822,238.40744
2014-04-29,2014-04-29 10:00:00,11,239.92577,237.44897
2014-04-29,2014-04-29 11:00:00,12,242.842,232.88405
2014-04-29,2014-04-29 12:00:00,13,259.544,260.4328
2014-04-29,2014-04-29 13:00:00,14,281.81335,277.07513
2014-04-29,2014-04-29 14:00:00,15,293.47827,289.91083
2014-04-29,2014-04-29 15:00:00,16,301.96182,290.46564
2014-04-29,2014-04-29 16:00:00,17,263.5207,266.00763
2014-04-29,2014-04-29 17:00:00,18,225.07953,226.23567
2014-04-29,2014-04-29 18:00:00,19,341.1983,338.27905
2014-04-29,2014-04-29 19:00:00,20,414.36905,415.3182
2014-04-29,2014-04-29 20:00:00,21,249.20467,238.15718
2014-04-29,2014-04-29 21:00:00,22,478.7911,482.3815
2014-04-29,2014-04-29 22:00:00,23,455.7264,465.6172
2014-04-29,2014-04-29 23:00:00,24,446.1824,462.8928
2014-04-30,2014-04-30 00:00:00,1,456.25662,454.77332
2014-04-30,2014-04-30 01:00:00,2,468.71686,460.97705
2014-04-30,2014-04-30 02:00:00,3,259.8091,257.9306
2014-04-30,2014-04-30 03:00:00,4,213.14952,211.37204
2014-04-30,2014-04-30 04:00:00,5,178.95016,184.09502
2014-04-30,2014-04-30 05:00:00,6,170.4666,179.63751
2014-04-30,2014-04-30 06:00:00,7,161.71793,182.60748
2014-04-30,2014-04-30 07:00:00,8,176.29904,192.4303
2014-04-30,2014-04-30 08:00:00,9,235.68399,239.27605
2014-04-30,2014-04-30 09:00:00,10,234.88866,246.3609
2014-04-30,2014-04-30 10:00:00,11,233.8282,246.82721
2014-04-30,2014-04-30 11:00:00,12,235.68399,241.674
2014-04-30,2014-04-30 12:00:00,13,267.23224,268.1204
2014-04-30,2014-04-30 13:00:00,14,296.3945,286.68692
2014-04-30,2014-04-30 14:00:00,15,300.10605,297.4387
2014-04-30,2014-04-30 15:00:00,16,286.05515,299.11484
2014-04-30,2014-04-30 16:00:00,17,238.3351,271.70078
2014-04-30,2014-04-30 17:00:00,18,212.08908,227.35641
2014-04-30,2014-04-30 18:00:00,19,324.7614,337.3338
2014-04-30,2014-04-30 19:00:00,20,401.37857,410.5951
2014-04-30,2014-04-30 20:00:00,21,226.13998,240.2686
2014-04-30,2014-04-30 21:00:00,22,466.33087,477.41333
2014-04-30,2014-04-30 22:00:00,23,445.65216,459.17285
2014-04-30,2014-04-30 23:00:00,24,452.01483,453.7426
2014-05-01,2014-05-01 00:00:00,1,450.42416,450.58334
2014-05-01,2014-05-01 01:00:00,2,460.76352,459.79877
2014-05-01,2014-05-01 02:00:00,3,251.06044,255.23251
2014-05-01,2014-05-01 03:00:00,4,212.88441,209.73166
2014-05-01,2014-05-01 04:00:00,5,171.52704,179.93378
2014-05-01,2014-05-01 05:00:00,6,173.1177,173.5057
2014-05-01,2014-05-01 06:00:00,7,177.09438,174.11987
2014-05-01,2014-05-01 07:00:00,8,174.9735,186.03682
2014-05-01,2014-05-01 08:00:00,9,200.9544,233.4178
2014-05-01,2014-05-01 09:00:00,10,212.6193,235.81496
2014-05-01,2014-05-01 10:00:00,11,206.52174,235.45923
2014-05-01,2014-05-01 11:00:00,12,203.07529,234.94833
2014-05-01,2014-05-01 12:00:00,13,217.39131,259.88605
2014-05-01,2014-05-01 13:00:00,14,224.54932,279.87674
2014-05-01,2014-05-01 14:00:00,15,238.6002,293.38904
2014-05-01,2014-05-01 15:00:00,16,258.48355,293.5937
2014-05-01,2014-05-01 16:00:00,17,230.64687,261.953
2014-05-01,2014-05-01 17:00:00,18,197.50795,223.12059
2014-05-01,2014-05-01 18:00:00,19,300.90137,331.2428
2014-05-01,2014-05-01 19:00:00,20,385.737,407.82184
2014-05-01,2014-05-01 20:00:00,21,203.87062,231.52612
2014-05-01,2014-05-01 21:00:00,22,445.9173,471.42346
2014-05-01,2014-05-01 22:00:00,23,417.02014,454.06873
2014-05-01,2014-05-01 23:00:00,24,413.3086,450.83942
2014-05-02,2014-05-02 00:00:00,1,415.69458,413.62955
2014-05-02,2014-05-02 01:00:00,2,429.48038,419.07428
2014-05-02,2014-05-02 02:00:00,3,233.03287,226.07704
2014-05-02,2014-05-02 03:00:00,4,195.38707,187.49289
2014-05-02,2014-05-02 04:00:00,5,169.67126,162.76973
2014-05-02,2014-05-02 05:00:00,6,166.75504,157.26566
2014-05-02,2014-05-02 06:00:00,7,180.27571,156.54456
2014-05-02,2014-05-02 07:00:00,8,192.47084,161.24142
2014-05-02,2014-05-02 08:00:00,9,226.40509,191.74213
2014-05-02,2014-05-02 09:00:00,10,243.37222,192.47658
2014-05-02,2014-05-02 10:00:00,11,235.15376,194.86188
2014-05-02,2014-05-02 11:00:00,12,224.01909,195.37082
2014-05-02,2014-05-02 12:00:00,13,250.0,210.67694
2014-05-02,2014-05-02 13:00:00,14,259.2789,229.0438
2014-05-02,2014-05-02 14:00:00,15,257.15802,244.59122
2014-05-02,2014-05-02 15:00:00,16,242.04666,243.78871
2014-05-02,2014-05-02 16:00:00,17,237.00954,215.84995
2014-05-02,2014-05-02 17:00:00,18,194.06151,181.66728
2014-05-02,2014-05-02 18:00:00,19,288.97137,276.85776
2014-05-02,2014-05-02 19:00:00,20,361.87698,340.9048
2014-05-02,2014-05-02 20:00:00,21,196.1824,184.04388
2014-05-02,2014-05-02 21:00:00,22,430.80594,410.81567
2014-05-02,2014-05-02 22:00:00,23,414.36905,396.7034
2014-05-02,2014-05-02 23:00:00,24,417.55038,386.7088
2014-05-03,2014-05-03 00:00:00,1,401.37857,381.3684
2014-05-03,2014-05-03 01:00:00,2,395.0159,374.9352
2014-05-03,2014-05-03 02:00:00,3,189.2895,171.61493
2014-05-03,2014-05-03 03:00:00,4,139.97879,121.978775
2014-05-03,2014-05-03 04:00:00,5,124.86745,105.83934
2014-05-03,2014-05-03 05:00:00,6,114.5281,97.23309
2014-05-03,2014-05-03 06:00:00,7,90.93319,86.27989
2014-05-03,2014-05-03 07:00:00,8,81.12407,74.987946
2014-05-03,2014-05-03 08:00:00,9,100.21209,73.63277
2014-05-03,2014-05-03 09:00:00,10,95.97031,69.39998
2014-05-03,2014-05-03 10:00:00,11,83.51007,68.28789
2014-05-03,2014-05-03 11:00:00,12,82.18452,68.40375
2014-05-03,2014-05-03 12:00:00,13,82.97985,71.0511
2014-05-03,2014-05-03 13:00:00,14,85.36585,72.88866
2014-05-03,2014-05-03 14:00:00,15,107.900314,77.1991
2014-05-03,2014-05-03 15:00:00,16,102.06787,75.908295
2014-05-03,2014-05-03 16:00:00,17,69.19406,71.30922
2014-05-03,2014-05-03 17:00:00,18,61.505833,72.67839
2014-05-03,2014-05-03 18:00:00,19,72.90562,76.08356
2014-05-03,2014-05-03 19:00:00,20,74.23118,77.72806
2014-05-03,2014-05-03 20:00:00,21,85.36585,83.48122
2014-05-03,2014-05-03 21:00:00,22,106.30965,99.41435
2014-05-03,2014-05-03 22:00:00,23,95.97031,94.525116
2014-05-03,2014-05-03 23:00:00,24,93.584305,90.385315
2014-05-04,2014-05-04 00:00:00,1,98.35631,95.84651
2014-05-04,2014-05-04 01:00:00,2,107.10498,102.41835
2014-05-04,2014-05-04 02:00:00,3,110.28632,107.86261
2014-05-04,2014-05-04 03:00:00,4,113.46766,106.39046
2014-05-04,2014-05-04 04:00:00,5,103.393425,98.69301
2014-05-04,2014-05-04 05:00:00,6,96.23542,91.43591
2014-05-04,2014-05-04 06:00:00,7,73.17073,80.80492
2014-05-04,2014-05-04 07:00:00,8,68.66384,73.69725
2014-05-04,2014-05-04 08:00:00,9,67.33828,72.530426
2014-05-04,2014-05-04 09:00:00,10,66.542946,71.67235
2014-05-04,2014-05-04 10:00:00,11,65.74761,70.887115
2014-05-04,2014-05-04 11:00:00,12,60.180275,70.140564
2014-05-04,2014-05-04 12:00:00,13,58.324497,71.484665
2014-05-04,2014-05-04 13:00:00,14,66.012726,76.30791
2014-05-04,2014-05-04 14:00:00,15,63.36161,78.49303
2014-05-04,2014-05-04 15:00:00,16,65.74761,79.47043
2014-05-04,2014-05-04 16:00:00,17,68.13361,85.495316
2014-05-04,2014-05-04 17:00:00,18,92.78897,101.00101
2014-05-04,2014-05-04 18:00:00,19,97.29587,116.22445
2014-05-04,2014-05-04 19:00:00,20,104.71898,117.14838
2014-05-04,2014-05-04 20:00:00,21,105.24921,115.09182
2014-05-04,2014-05-04 21:00:00,22,202.54507,179.38742
2014-05-04,2014-05-04 22:00:00,23,197.24284,182.95273
2014-05-04,2014-05-04 23:00:00,24,178.41994,179.64171
2014-05-05,2014-05-05 00:00:00,1,207.05196,209.50696
2014-05-05,2014-05-05 01:00:00,2,213.67975,225.41899
2014-05-05,2014-05-05 02:00:00,3,178.15483,173.24533
2014-05-05,2014-05-05 03:00:00,4,159.33192,148.43271
2014-05-05,2014-05-05 04:00:00,5,143.42523,135.19443
2014-05-05,2014-05-05 05:00:00,6,153.76459,142.07166
2014-05-05,2014-05-05 06:00:00,7,159.86214,148.30708
2014-05-05,2014-05-05 07:00:00,8,177.6246,163.02585
2014-05-05,2014-05-05 08:00:00,9,220.30753,216.42189
2014-05-05,2014-05-05 09:00:00,10,233.8282,229.0614
2014-05-05,2014-05-05 10:00:00,11,239.39555,224.7843
2014-05-05,2014-05-05 11:00:00,12,244.96289,220.37215
2014-05-05,2014-05-05 12:00:00,13,261.93002,233.56424
2014-05-05,2014-05-05 13:00:00,14,289.5016,249.99382
2014-05-05,2014-05-05 14:00:00,15,282.07846,253.61699
2014-05-05,2014-05-05 15:00:00,16,364.7932,253.19266
2014-05-05,2014-05-05 16:00:00,17,313.6267,234.46042
2014-05-05,2014-05-05 17:00:00,18,235.68399,197.9689
2014-05-05,2014-05-05 18:00:00,19,339.07742,295.23938
2014-05-05,2014-05-05 19:00:00,20,425.2386,361.43826
2014-05-05,2014-05-05 20:00:00,21,274.92047,208.98369
2014-05-05,2014-05-05 21:00:00,22,518.29266,427.24963
2014-05-05,2014-05-05 22:00:00,23,470.30753,410.69098
2014-05-05,2014-05-05 23:00:00,24,453.6055,406.08087
2014-05-06,2014-05-06 00:00:00,1,466.86108,457.15576
2014-05-06,2014-05-06 01:00:00,2,477.2004,462.62643
2014-05-06,2014-05-06 02:00:00,3,272.26935,266.09344
2014-05-06,2014-05-06 03:00:00,4,226.93532,220.32155
2014-05-06,2014-05-06 04:00:00,5,185.04771,191.02136
2014-05-06,2014-05-06 05:00:00,6,182.66171,184.2088
2014-05-06,2014-05-06 06:00:00,7,191.41039,187.22598
2014-05-06,2014-05-06 07:00:00,8,191.6755,198.62567
2014-05-06,2014-05-06 08:00:00,9,241.78156,247.65475
2014-05-06,2014-05-06 09:00:00,10,253.71156,248.99057
2014-05-06,2014-05-06 10:00:00,11,247.8791,249.48892
2014-05-06,2014-05-06 11:00:00,12,235.68399,245.3433
2014-05-06,2014-05-06 12:00:00,13,300.90137,274.78302
2014-05-06,2014-05-06 13:00:00,14,308.8547,294.26575
2014-05-06,2014-05-06 14:00:00,15,303.28738,303.8614
2014-05-06,2014-05-06 15:00:00,16,304.34784,306.76373
2014-05-06,2014-05-06 16:00:00,17,280.2227,280.10077
2014-05-06,2014-05-06 17:00:00,18,239.92577,233.11543
2014-05-06,2014-05-06 18:00:00,19,311.77094,342.34732
2014-05-06,2014-05-06 19:00:00,20,411.98303,411.90814
2014-05-06,2014-05-06 20:00:00,21,243.90244,246.47751
2014-05-06,2014-05-06 21:00:00,22,475.60974,480.4856
2014-05-06,2014-05-06 22:00:00,23,449.36374,458.66876
2014-05-06,2014-05-06 23:00:00,24,445.65216,455.4451
2014-05-07,2014-05-07 00:00:00,1,440.88016,444.66125
2014-05-07,2014-05-07 01:00:00,2,443.26617,452.23355
2014-05-07,2014-05-07 02:00:00,3,232.23753,259.50656
2014-05-07,2014-05-07 03:00:00,4,197.77307,216.49115
2014-05-07,2014-05-07 04:00:00,5,163.3086,185.99597
2014-05-07,2014-05-07 05:00:00,6,166.48993,180.85277
2014-05-07,2014-05-07 06:00:00,7,161.98303,183.76112
2014-05-07,2014-05-07 07:00:00,8,185.84305,191.2105
2014-05-07,2014-05-07 08:00:00,9,232.76776,232.92699
2014-05-07,2014-05-07 09:00:00,10,258.21844,236.26147
2014-05-07,2014-05-07 10:00:00,11,255.56734,233.18878
2014-05-07,2014-05-07 11:00:00,12,261.39978,230.86922
2014-05-07,2014-05-07 12:00:00,13,314.95227,259.2849
2014-05-07,2014-05-07 13:00:00,14,343.05408,274.20712
2014-05-07,2014-05-07 14:00:00,15,327.94275,284.41125
2014-05-07,2014-05-07 15:00:00,16,340.40295,289.69666
2014-05-07,2014-05-07 16:00:00,17,287.91092,268.13803
2014-05-07,2014-05-07 17:00:00,18,208.90775,220.04422
2014-05-07,2014-05-07 18:00:00,19,341.99365,322.07367
2014-05-07,2014-05-07 19:00:00,20,405.35526,398.66364
2014-05-07,2014-05-07 20:00:00,21,259.8091,231.83815
2014-05-07,2014-05-07 21:00:00,22,470.04242,462.87732
2014-05-07,2014-05-07 22:00:00,23,455.7264,440.40442
2014-05-07,2014-05-07 23:00:00,24,453.87064,437.4484
2014-05-08,2014-05-08 00:00:00,1,443.7964,450.75595
2014-05-08,2014-05-08 01:00:00,2,467.6564,453.42578
2014-05-08,2014-05-08 02:00:00,3,290.29694,259.76883
2014-05-08,2014-05-08 03:00:00,4,297.98517,214.2744
2014-05-08,2014-05-08 04:00:00,5,189.81972,181.96451
2014-05-08,2014-05-08 05:00:00,6,180.27571,177.77013
2014-05-08,2014-05-08 06:00:00,7,187.96394,180.4624
2014-05-08,2014-05-08 07:00:00,8,194.59174,189.36774
2014-05-08,2014-05-08 08:00:00,9,232.23753,237.29054
2014-05-08,2014-05-08 09:00:00,10,259.0138,242.63766
2014-05-08,2014-05-08 10:00:00,11,18.02757,243.91988
2014-05-08,2014-05-08 11:00:00,12,45.068928,240.40228
2014-05-08,2014-05-08 12:00:00,13,274.65536,284.57947
2014-05-08,2014-05-08 13:00:00,14,322.9056,297.37515
2014-05-08,2014-05-08 14:00:00,15,308.5896,302.2057
2014-05-08,2014-05-08 15:00:00,16,375.9279,304.88748
2014-05-08,2014-05-08 16:00:00,17,338.8123,276.7233
2014-05-08,2014-05-08 17:00:00,18,253.97667,226.02477
2014-05-08,2014-05-08 18:00:00,19,256.09756,331.22067
2014-05-08,2014-05-08 19:00:00,20,410.92258,403.67108
2014-05-08,2014-05-08 20:00:00,21,243.1071,245.23602
2014-05-08,2014-05-08 21:00:00,22,462.6193,465.1155
2014-05-08,2014-05-08 22:00:00,23,454.13574,447.76355
2014-05-08,2014-05-08 23:00:00,24,446.1824,443.3698
2014-05-09,2014-05-09 00:00:00,1,449.89395,448.58844
2014-05-09,2014-05-09 01:00:00,2,459.70306,457.06464
2014-05-09,2014-05-09 02:00:00,3,244.96289,264.48038
2014-05-09,2014-05-09 03:00:00,4,208.90775,223.56299
2014-05-09,2014-05-09 04:00:00,5,169.14104,179.98651
2014-05-09,2014-05-09 05:00:00,6,181.07104,179.14307
2014-05-09,2014-05-09 06:00:00,7,170.20148,182.4611
2014-05-09,2014-05-09 07:00:00,8,180.80594,198.13684
2014-05-09,2014-05-09 08:00:00,9,214.20996,237.21117
2014-05-09,2014-05-09 09:00:00,10,245.4931,248.1244
2014-05-09,2014-05-09 10:00:00,11,229.0562,237.28264
2014-05-09,2014-05-09 11:00:00,12,222.95865,238.75424
2014-05-09,2014-05-09 12:00:00,13,300.63626,277.07172
2014-05-09,2014-05-09 13:00:00,14,312.03604,299.089
2014-05-09,2014-05-09 14:00:00,15,325.29163,305.86343
2014-05-09,2014-05-09 15:00:00,16,325.02652,313.76086
2014-05-09,2014-05-09 16:00:00,17,286.32025,281.1505
2014-05-09,2014-05-09 17:00:00,18,231.70732,224.17921
2014-05-09,2014-05-09 18:00:00,19,242.842,333.09558
2014-05-09,2014-05-09 19:00:00,20,387.06256,407.3736
2014-05-09,2014-05-09 20:00:00,21,190.88017,240.99078
2014-05-09,2014-05-09 21:00:00,22,454.66595,457.50452
2014-05-09,2014-05-09 22:00:00,23,442.47083,446.83594
2014-05-09,2014-05-09 23:00:00,24,415.42947,441.63
2014-05-10,2014-05-10 00:00:00,1,406.15057,417.4156
2014-05-10,2014-05-10 01:00:00,2,411.45282,409.71646
2014-05-10,2014-05-10 02:00:00,3,185.57794,193.8616
2014-05-10,2014-05-10 03:00:00,4,139.18346,143.13966
2014-05-10,2014-05-10 04:00:00,5,118.76988,120.07552
2014-05-10,2014-05-10 05:00:00,6,104.71898,108.30893
2014-05-10,2014-05-10 06:00:00,7,83.775185,92.60623
2014-05-10,2014-05-10 07:00:00,8,79.268295,82.4335
2014-05-10,2014-05-10 08:00:00,9,78.73807,89.6944
2014-05-10,2014-05-10 09:00:00,10,73.966064,85.19023
2014-05-10,2014-05-10 10:00:00,11,69.459175,78.35841
2014-05-10,2014-05-10 11:00:00,12,58.589607,77.4438
2014-05-10,2014-05-10 12:00:00,13,65.482506,79.85271
2014-05-10,2014-05-10 13:00:00,14,68.39873,84.88487
2014-05-10,2014-05-10 14:00:00,15,70.519615,100.52901
2014-05-10,2014-05-10 15:00:00,16,64.68717,94.0
2014-05-10,2014-05-10 16:00:00,17,55.938496,74.116516
2014-05-10,2014-05-10 17:00:00,18,52.492046,73.12787
2014-05-10,2014-05-10 18:00:00,19,54.347828,78.44418
2014-05-10,2014-05-10 19:00:00,20,61.505833,81.69139
2014-05-10,2014-05-10 20:00:00,21,63.36161,89.4234
2014-05-10,2014-05-10 21:00:00,22,100.4772,106.85252
2014-05-10,2014-05-10 22:00:00,23,97.030754,98.6707
2014-05-10,2014-05-10 23:00:00,24,91.72852,95.50951
2014-05-11,2014-05-11 00:00:00,1,90.93319,91.883804
2014-05-11,2014-05-11 01:00:00,2,98.62142,98.50804
2014-05-11,2014-05-11 02:00:00,3,100.4772,103.22798
2014-05-11,2014-05-11 03:00:00,4,100.21209,103.53844
2014-05-11,2014-05-11 04:00:00,5,97.82609,95.81029
2014-05-11,2014-05-11 05:00:00,6,87.221634,85.07889
2014-05-11,2014-05-11 06:00:00,7,59.915165,70.677505
2014-05-11,2014-05-11 07:00:00,8,51.431602,66.46593
2014-05-11,2014-05-11 08:00:00,9,55.67338,64.60622
2014-05-11,2014-05-11 09:00:00,10,53.28738,64.9879
2014-05-11,2014-05-11 10:00:00,11,53.28738,63.004547
2014-05-11,2014-05-11 11:00:00,12,53.817604,61.97159
2014-05-11,2014-05-11 12:00:00,13,55.14316,62.04811
2014-05-11,2014-05-11 13:00:00,14,54.612938,65.12137
2014-05-11,2014-05-11 14:00:00,15,56.203606,66.26343
2014-05-11,2014-05-11 15:00:00,16,53.28738,67.276215
2014-05-11,2014-05-11 16:00:00,17,67.60339,72.64081
2014-05-11,2014-05-11 17:00:00,18,93.84942,78.0692
2014-05-11,2014-05-11 18:00:00,19,96.76564,83.63765
2014-05-11,2014-05-11 19:00:00,20,104.71898,90.2952
2014-05-11,2014-05-11 20:00:00,21,91.72852,87.52458
2014-05-11,2014-05-11 21:00:00,22,147.1368,178.6411
2014-05-11,2014-05-11 22:00:00,23,163.5737,190.32253
2014-05-11,2014-05-11 23:00:00,24,208.64262,173.28212
2014-05-12,2014-05-12 00:00:00,1,281.01804,233.26302
2014-05-12,2014-05-12 01:00:00,2,330.85895,252.86032
2014-05-12,2014-05-12 02:00:00,3,244.69777,195.71721
2014-05-12,2014-05-12 03:00:00,4,154.55992,168.47217
2014-05-12,2014-05-12 04:00:00,5,136.00212,149.54633
2014-05-12,2014-05-12 05:00:00,6,148.19725,158.65088
2014-05-12,2014-05-12 06:00:00,7,147.66702,168.06696
2014-05-12,2014-05-12 07:00:00,8,152.70413,185.03204
2014-05-12,2014-05-12 08:00:00,9,225.34465,231.27615
2014-05-12,2014-05-12 09:00:00,10,244.69777,240.81123
2014-05-12,2014-05-12 10:00:00,11,244.69777,239.31287
2014-05-12,2014-05-12 11:00:00,12,240.7211,233.52629
2014-05-12,2014-05-12 12:00:00,13,243.37222,268.2406
2014-05-12,2014-05-12 13:00:00,14,278.3669,293.08377
2014-05-12,2014-05-12 14:00:00,15,284.46448,299.91034
2014-05-12,2014-05-12 15:00:00,16,277.5716,311.88284
2014-05-12,2014-05-12 16:00:00,17,228.79109,286.43457
2014-05-12,2014-05-12 17:00:00,18,213.14952,234.69626
2014-05-12,2014-05-12 18:00:00,19,246.55356,293.40146
2014-05-12,2014-05-12 19:00:00,20,392.89502,404.70032
2014-05-12,2014-05-12 20:00:00,21,239.92577,234.72511
2014-05-12,2014-05-12 21:00:00,22,499.4698,459.72073
2014-05-12,2014-05-12 22:00:00,23,457.05197,445.6317
2014-05-12,2014-05-12 23:00:00,24,438.75928,442.75244
2014-05-13,2014-05-13 00:00:00,1,436.6384,443.6236
2014-05-13,2014-05-13 01:00:00,2,457.05197,445.65765
2014-05-13,2014-05-13 02:00:00,3,241.25133,246.25294
2014-05-13,2014-05-13 03:00:00,4,197.50795,205.32925
2014-05-13,2014-05-13 04:00:00,5,179.48038,173.19012
2014-05-13,2014-05-13 05:00:00,6,178.41994,172.5193
2014-05-13,2014-05-13 06:00:00,7,155.88547,172.40762
2014-05-13,2014-05-13 07:00:00,8,180.54083,182.00348
2014-05-13,2014-05-13 08:00:00,9,234.62354,217.50519
2014-05-13,2014-05-13 09:00:00,10,251.32556,234.1025
2014-05-13,2014-05-13 10:00:00,11,261.13467,228.41075
2014-05-13,2014-05-13 11:00:00,12,254.5069,228.79121
2014-05-13,2014-05-13 12:00:00,13,258.48355,261.10574
2014-05-13,2014-05-13 13:00:00,14,284.9947,280.29932
2014-05-13,2014-05-13 14:00:00,15,289.23648,288.1053
2014-05-13,2014-05-13 15:00:00,16,281.01804,291.02203
2014-05-13,2014-05-13 16:00:00,17,266.96713,258.99634
2014-05-13,2014-05-13 17:00:00,18,224.81442,217.97627
2014-05-13,2014-05-13 18:00:00,19,235.9491,300.23553
2014-05-13,2014-05-13 19:00:00,20,393.42523,400.43854
2014-05-13,2014-05-13 20:00:00,21,239.66066,233.03854
2014-05-13,2014-05-13 21:00:00,22,498.14423,461.78638
2014-05-13,2014-05-13 22:00:00,23,472.95865,442.9931
2014-05-13,2014-05-13 23:00:00,24,453.87064,436.32083
2014-05-14,2014-05-14 00:00:00,1,437.69882,445.96475
2014-05-14,2014-05-14 01:00:00,2,463.67975,453.8118
2014-05-14,2014-05-14 02:00:00,3,249.46977,261.61884
2014-05-14,2014-05-14 03:00:00,4,210.23329,206.22722
2014-05-14,2014-05-14 04:00:00,5,181.60127,181.2645
2014-05-14,2014-05-14 05:00:00,6,182.1315,178.32365
2014-05-14,2014-05-14 06:00:00,7,170.4666,173.78258
2014-05-14,2014-05-14 07:00:00,8,187.16861,186.14005
2014-05-14,2014-05-14 08:00:00,9,231.4422,232.97002
2014-05-14,2014-05-14 09:00:00,10,251.85577,246.08937
2014-05-14,2014-05-14 10:00:00,11,255.56734,247.40536
2014-05-14,2014-05-14 11:00:00,12,244.43266,244.36346
2014-05-14,2014-05-14 12:00:00,13,352.8632,265.33173
2014-05-14,2014-05-14 13:00:00,14,376.98834,287.9393
2014-05-14,2014-05-14 14:00:00,15,377.78366,291.44733
2014-05-14,2014-05-14 15:00:00,16,310.18027,286.64627
2014-05-14,2014-05-14 16:00:00,17,267.76245,265.35938
2014-05-14,2014-05-14 17:00:00,18,234.62354,227.45053
2014-05-14,2014-05-14 18:00:00,19,227.73065,266.32153
2014-05-14,2014-05-14 19:00:00,20,384.67657,399.56445
2014-05-14,2014-05-14 20:00:00,21,228.79109,238.67221
2014-05-14,2014-05-14 21:00:00,22,465.27042,469.62393
2014-05-14,2014-05-14 22:00:00,23,458.37753,451.14746
2014-05-14,2014-05-14 23:00:00,24,455.4613,445.4286
2014-05-15,2014-05-15 00:00:00,1,448.30328,441.32672
2014-05-15,2014-05-15 01:00:00,2,460.4984,449.8247
2014-05-15,2014-05-15 02:00:00,3,265.90668,251.99057
2014-05-15,2014-05-15 03:00:00,4,237.53976,209.06624
2014-05-15,2014-05-15 04:00:00,5,180.0106,183.52417
2014-05-15,2014-05-15 05:00:00,6,186.63838,179.95335
2014-05-15,2014-05-15 06:00:00,7,166.75504,170.86008
2014-05-15,2014-05-15 07:00:00,8,188.22905,186.1841
2014-05-15,2014-05-15 08:00:00,9,238.3351,227.12733
2014-05-15,2014-05-15 09:00:00,10,266.4369,247.076
2014-05-15,2014-05-15 10:00:00,11,253.97667,250.53806
2014-05-15,2014-05-15 11:00:00,12,264.84622,247.12672
2014-05-15,2014-05-15 12:00:00,13,301.96182,289.3713
2014-05-15,2014-05-15 13:00:00,14,392.09967,311.05222
2014-05-15,2014-05-15 14:00:00,15,403.7646,317.7478
2014-05-15,2014-05-15 15:00:00,16,374.33722,304.76654
2014-05-15,2014-05-15 16:00:00,17,328.20786,268.45074
2014-05-15,2014-05-15 17:00:00,18,268.02756,230.82109
2014-05-15,2014-05-15 18:00:00,19,232.23753,256.67896
2014-05-15,2014-05-15 19:00:00,20,391.56946,398.48175
2014-05-15,2014-05-15 20:00:00,21,233.03287,235.97363
2014-05-15,2014-05-15 21:00:00,22,498.14423,464.30038
2014-05-15,2014-05-15 22:00:00,23,466.59598,449.49982
2014-05-15,2014-05-15 23:00:00,24,445.9173,444.11237
2014-05-16,2014-05-16 00:00:00,1,436.9035,445.26907
2014-05-16,2014-05-16 01:00:00,2,452.27997,459.4329
2014-05-16,2014-05-16 02:00:00,3,253.44644,262.93628
2014-05-16,2014-05-16 03:00:00,4,216.86108,221.76501
2014-05-16,2014-05-16 04:00:00,5,180.54083,185.96492
2014-05-16,2014-05-16 05:00:00,6,182.92683,184.58856
2014-05-16,2014-05-16 06:00:00,7,168.0806,176.87112
2014-05-16,2014-05-16 07:00:00,8,186.10817,189.38037
2014-05-16,2014-05-16 08:00:00,9,235.41887,230.85088
2014-05-16,2014-05-16 09:00:00,10,252.91623,248.82666
2014-05-16,2014-05-16 10:00:00,11,284.19937,248.63832
2014-05-16,2014-05-16 11:00:00,12,280.75293,243.59479
2014-05-16,2014-05-16 12:00:00,13,260.86957,292.55798
2014-05-16,2014-05-16 13:00:00,14,284.19937,328.9706
2014-05-16,2014-05-16 14:00:00,15,347.03076,333.51346
2014-05-16,2014-05-16 15:00:00,16,381.76035,320.3248
2014-05-16,2014-05-16 16:00:00,17,344.11453,278.19763
2014-05-16,2014-05-16 17:00:00,18,270.67868,234.28255
2014-05-16,2014-05-16 18:00:00,19,234.88866,252.50749
2014-05-16,2014-05-16 19:00:00,20,384.67657,384.417
2014-05-16,2014-05-16 20:00:00,21,197.50795,205.28888
2014-05-16,2014-05-16 21:00:00,22,468.18665,446.81506
2014-05-16,2014-05-16 22:00:00,23,451.74973,431.1061
2014-05-16,2014-05-16 23:00:00,24,413.3086,424.18512
2014-05-17,2014-05-17 00:00:00,1,404.5599,399.02097
2014-05-17,2014-05-17 01:00:00,2,434.25238,391.43344
2014-05-17,2014-05-17 02:00:00,3,194.06151,193.85362
2014-05-17,2014-05-17 03:00:00,4,151.64369,141.52396
2014-05-17,2014-05-17 04:00:00,5,134.67656,122.15341
2014-05-17,2014-05-17 05:00:00,6,118.50477,107.88225
2014-05-17,2014-05-17 06:00:00,7,87.221634,86.54616
2014-05-17,2014-05-17 07:00:00,8,87.48675,80.44743
2014-05-17,2014-05-17 08:00:00,9,82.97985,85.4194
2014-05-17,2014-05-17 09:00:00,10,80.85896,81.17549
2014-05-17,2014-05-17 10:00:00,11,69.72428,75.51654
2014-05-17,2014-05-17 11:00:00,12,60.97561,73.17047
2014-05-17,2014-05-17 12:00:00,13,66.80806,73.320404
2014-05-17,2014-05-17 13:00:00,14,77.41251,74.62044
2014-05-17,2014-05-17 14:00:00,15,80.06363,81.707
2014-05-17,2014-05-17 15:00:00,16,77.41251,76.629974
2014-05-17,2014-05-17 16:00:00,17,61.505833,65.76906
2014-05-17,2014-05-17 17:00:00,18,59.11983,64.293076
2014-05-17,2014-05-17 18:00:00,19,69.19406,65.97987
2014-05-17,2014-05-17 19:00:00,20,76.61718,68.38281
2014-05-17,2014-05-17 20:00:00,21,79.5334,71.83121
2014-05-17,2014-05-17 21:00:00,22,113.46766,96.573105
2014-05-17,2014-05-17 22:00:00,23,102.863205,94.81796
2014-05-17,2014-05-17 23:00:00,24,95.97031,90.38194
2014-05-18,2014-05-18 00:00:00,1,95.97031,93.8934
2014-05-18,2014-05-18 01:00:00,2,111.08166,101.25366
2014-05-18,2014-05-18 02:00:00,3,110.81654,104.28165
2014-05-18,2014-05-18 03:00:00,4,107.63521,106.43683
2014-05-18,2014-05-18 04:00:00,5,104.98409,101.47609
2014-05-18,2014-05-18 05:00:00,6,97.29587,88.71069
2014-05-18,2014-05-18 06:00:00,7,79.5334,65.91766
2014-05-18,2014-05-18 07:00:00,8,77.1474,60.678223
2014-05-18,2014-05-18 08:00:00,9,77.1474,60.517334
2014-05-18,2014-05-18 09:00:00,10,76.88229,60.8555
2014-05-18,2014-05-18 10:00:00,11,66.542946,60.21727
2014-05-18,2014-05-18 11:00:00,12,60.180275,59.362717
2014-05-18,2014-05-18 12:00:00,13,68.39873,59.29637
2014-05-18,2014-05-18 13:00:00,14,77.67763,60.686096
2014-05-18,2014-05-18 14:00:00,15,76.08696,60.774338
2014-05-18,2014-05-18 15:00:00,16,75.291626,62.343338
2014-05-18,2014-05-18 16:00:00,17,70.78473,72.4476
2014-05-18,2014-05-18 17:00:00,18,91.72852,80.87189
2014-05-18,2014-05-18 18:00:00,19,107.370094,88.09396
2014-05-18,2014-05-18 19:00:00,20,117.179214,96.05061
2014-05-18,2014-05-18 20:00:00,21,101.53764,91.34712
2014-05-18,2014-05-18 21:00:00,22,268.5578,162.80823
2014-05-18,2014-05-18 22:00:00,23,249.46977,172.68375
2014-05-18,2014-05-18 23:00:00,24,258.48355,182.79727
2014-05-19,2014-05-19 00:00:00,1,240.7211,313.1001
2014-05-19,2014-05-19 01:00:00,2,279.95758,361.4845
2014-05-19,2014-05-19 02:00:00,3,198.83351,236.90956
2014-05-19,2014-05-19 03:00:00,4,174.44327,182.75134
2014-05-19,2014-05-19 04:00:00,5,150.58325,164.51425
2014-05-19,2014-05-19 05:00:00,6,153.49947,169.87238
2014-05-19,2014-05-19 06:00:00,7,159.0668,166.32764
2014-05-19,2014-05-19 07:00:00,8,182.3966,185.3595
2014-05-19,2014-05-19 08:00:00,9,242.04666,235.37753
2014-05-19,2014-05-19 09:00:00,10,273.3298,254.21587
2014-05-19,2014-05-19 10:00:00,11,267.23224,259.62198
2014-05-19,2014-05-19 11:00:00,12,248.93956,257.59985
2014-05-19,2014-05-19 12:00:00,13,286.85046,273.02777
2014-05-19,2014-05-19 13:00:00,14,317.07318,304.6963
2014-05-19,2014-05-19 14:00:00,15,358.16544,317.8873
2014-05-19,2014-05-19 15:00:00,16,311.24072,327.4234
2014-05-19,2014-05-19 16:00:00,17,272.53445,285.09015
2014-05-19,2014-05-19 17:00:00,18,230.11665,242.86069
2014-05-19,2014-05-19 18:00:00,19,261.39978,254.70012
2014-05-19,2014-05-19 19:00:00,20,411.71793,398.60632
2014-05-19,2014-05-19 20:00:00,21,247.614,241.7315
2014-05-19,2014-05-19 21:00:00,22,502.38602,469.86676
2014-05-19,2014-05-19 22:00:00,23,484.88864,454.86322
2014-05-19,2014-05-19 23:00:00,24,449.62885,449.7552
2014-05-20,2014-05-20 00:00:00,1,449.62885,447.33832
2014-05-20,2014-05-20 01:00:00,2,448.03818,454.9484
2014-05-20,2014-05-20 02:00:00,3,368.7699,256.1826
2014-05-20,2014-05-20 03:00:00,4,363.73276,214.76675
2014-05-20,2014-05-20 04:00:00,5,221.36798,185.69437
2014-05-20,2014-05-20 05:00:00,6,191.6755,182.97035
2014-05-20,2014-05-20 06:00:00,7,251.59067,177.43375
2014-05-20,2014-05-20 07:00:00,8,259.0138,192.71086
2014-05-20,2014-05-20 08:00:00,9,237.53976,238.67656
2014-05-20,2014-05-20 09:00:00,10,266.4369,254.86032
2014-05-20,2014-05-20 10:00:00,11,295.59915,257.9358
2014-05-20,2014-05-20 11:00:00,12,259.8091,252.4401
2014-05-20,2014-05-20 12:00:00,13,265.90668,290.01825
2014-05-20,2014-05-20 13:00:00,14,294.2736,316.23102
2014-05-20,2014-05-20 14:00:00,15,314.15695,331.97928
2014-05-20,2014-05-20 15:00:00,16,332.1845,323.91217
2014-05-20,2014-05-20 16:00:00,17,283.66913,282.45993
2014-05-20,2014-05-20 17:00:00,18,247.08377,237.4286
2014-05-20,2014-05-20 18:00:00,19,342.78897,256.43417
2014-05-20,2014-05-20 19:00:00,20,431.60126,403.44177
2014-05-20,2014-05-20 20:00:00,21,235.15376,237.047
2014-05-20,2014-05-20 21:00:00,22,500.5302,474.91547
2014-05-20,2014-05-20 22:00:00,23,482.76776,458.21252
2014-05-20,2014-05-20 23:00:00,24,451.2195,449.81018
2014-05-21,2014-05-21 00:00:00,1,467.1262,445.94598
2014-05-21,2014-05-21 01:00:00,2,472.69354,451.42194
2014-05-21,2014-05-21 02:00:00,3,271.73914,280.35074
2014-05-21,2014-05-21 03:00:00,4,238.6002,237.27348
2014-05-21,2014-05-21 04:00:00,5,192.73595,192.47174
2014-05-21,2014-05-21 05:00:00,6,192.73595,188.66475
2014-05-21,2014-05-21 06:00:00,7,282.07846,190.16199
2014-05-21,2014-05-21 07:00:00,8,281.81335,208.82959
2014-05-21,2014-05-21 08:00:00,9,295.06894,241.23863
2014-05-21,2014-05-21 09:00:00,10,276.24603,264.43008
2014-05-21,2014-05-21 10:00:00,11,431.07104,264.94986
2014-05-21,2014-05-21 11:00:00,12,352.33298,258.22833
2014-05-21,2014-05-21 12:00:00,13,357.90033,288.49554
2014-05-21,2014-05-21 13:00:00,14,351.80276,324.69125
2014-05-21,2014-05-21 14:00:00,15,361.87698,342.95035
2014-05-21,2014-05-21 15:00:00,16,371.6861,338.63705
2014-05-21,2014-05-21 16:00:00,17,331.3892,290.07047
2014-05-21,2014-05-21 17:00:00,18,325.55673,244.92506
2014-05-21,2014-05-21 18:00:00,19,387.5928,279.45276
2014-05-21,2014-05-21 19:00:00,20,419.14105,424.28845
2014-05-21,2014-05-21 20:00:00,21,242.842,243.74133
2014-05-21,2014-05-21 21:00:00,22,494.43265,469.66235
2014-05-21,2014-05-21 22:00:00,23,477.46555,459.8492
2014-05-21,2014-05-21 23:00:00,24,446.97772,454.95932
2014-05-22,2014-05-22 00:00:00,1,461.02863,448.4162
2014-05-22,2014-05-22 01:00:00,2,477.99576,450.9629
2014-05-22,2014-05-22 02:00:00,3,269.88336,290.81
2014-05-22,2014-05-22 03:00:00,4,227.46553,247.8657
2014-05-22,2014-05-22 04:00:00,5,219.77731,211.46771
2014-05-22,2014-05-22 05:00:00,6,238.06999,203.18405
2014-05-22,2014-05-22 06:00:00,7,277.5716,222.77676
2014-05-22,2014-05-22 07:00:00,8,239.66066,242.66557
2014-05-22,2014-05-22 08:00:00,9,234.62354,261.01346
2014-05-22,2014-05-22 09:00:00,10,247.614,278.96066
2014-05-22,2014-05-22 10:00:00,11,252.1209,307.84924
2014-05-22,2014-05-22 11:00:00,12,245.4931,285.08063
2014-05-22,2014-05-22 12:00:00,13,268.2927,304.6726
2014-05-22,2014-05-22 13:00:00,14,290.82715,329.20187
2014-05-22,2014-05-22 14:00:00,15,285.2598,351.9203
2014-05-22,2014-05-22 15:00:00,16,266.17178,350.7041
2014-05-22,2014-05-22 16:00:00,17,237.00954,305.58957
2014-05-22,2014-05-22 17:00:00,18,207.84729,274.93997
2014-05-22,2014-05-22 18:00:00,19,272.53445,307.88608
2014-05-22,2014-05-22 19:00:00,20,405.62036,431.07443
2014-05-22,2014-05-22 20:00:00,21,223.48886,242.89124
2014-05-22,2014-05-22 21:00:00,22,483.5631,474.15057
2014-05-22,2014-05-22 22:00:00,23,463.14954,463.53113
2014-05-22,2014-05-22 23:00:00,24,440.88016,455.68118
2014-05-23,2014-05-23 00:00:00,1,442.73596,437.94476
2014-05-23,2014-05-23 01:00:00,2,453.3404,444.94464
2014-05-23,2014-05-23 02:00:00,3,267.76245,252.98311
2014-05-23,2014-05-23 03:00:00,4,225.07953,211.3901
2014-05-23,2014-05-23 04:00:00,5,189.81972,186.53261
2014-05-23,2014-05-23 05:00:00,6,198.5684,189.11873
2014-05-23,2014-05-23 06:00:00,7,193.7964,194.79214
2014-05-23,2014-05-23 07:00:00,8,209.43796,204.83661
2014-05-23,2014-05-23 08:00:00,9,232.23753,229.64018
2014-05-23,2014-05-23 09:00:00,10,260.60446,243.14471
2014-05-23,2014-05-23 10:00:00,11,257.68823,255.52255
2014-05-23,2014-05-23 11:00:00,12,255.56734,250.0872
2014-05-23,2014-05-23 12:00:00,13,272.7996,269.9786
2014-05-23,2014-05-23 13:00:00,14,266.96713,293.94952
2014-05-23,2014-05-23 14:00:00,15,295.59915,308.96036
2014-05-23,2014-05-23 15:00:00,16,272.53445,306.61298
2014-05-23,2014-05-23 16:00:00,17,238.3351,273.73398
2014-05-23,2014-05-23 17:00:00,18,213.94485,230.05768
2014-05-23,2014-05-23 18:00:00,19,240.456,263.59872
2014-05-23,2014-05-23 19:00:00,20,409.3319,401.0827
2014-05-23,2014-05-23 20:00:00,21,215.53552,205.33815
2014-05-23,2014-05-23 21:00:00,22,488.3351,460.8183
2014-05-23,2014-05-23 22:00:00,23,448.8335,444.75873
2014-05-23,2014-05-23 23:00:00,24,422.05725,429.17325
2014-05-24,2014-05-24 00:00:00,1,422.05725,402.8502
2014-05-24,2014-05-24 01:00:00,2,444.32663,403.6012
2014-05-24,2014-05-24 02:00:00,3,208.11241,201.74297
2014-05-24,2014-05-24 03:00:00,4,156.4157,153.33151
2014-05-24,2014-05-24 04:00:00,5,136.79745,130.94089
2014-05-24,2014-05-24 05:00:00,6,116.9141,117.802086
2014-05-24,2014-05-24 06:00:00,7,87.751854,96.90373
2014-05-24,2014-05-24 07:00:00,8,84.83563,89.56949
2014-05-24,2014-05-24 08:00:00,9,86.95652,86.63031
2014-05-24,2014-05-24 09:00:00,10,80.59385,79.9933
2014-05-24,2014-05-24 10:00:00,11,69.459175,76.37149
2014-05-24,2014-05-24 11:00:00,12,58.854717,72.939804
2014-05-24,2014-05-24 12:00:00,13,67.07317,73.36093
2014-05-24,2014-05-24 13:00:00,14,73.70095,74.245605
2014-05-24,2014-05-24 14:00:00,15,75.291626,76.283966
2014-05-24,2014-05-24 15:00:00,16,71.31495,74.22298
2014-05-24,2014-05-24 16:00:00,17,56.73383,68.29933
2014-05-24,2014-05-24 17:00:00,18,54.612938,68.21814
2014-05-24,2014-05-24 18:00:00,19,67.60339,73.58336
2014-05-24,2014-05-24 19:00:00,20,72.64051,76.276
2014-05-24,2014-05-24 20:00:00,21,76.88229,78.640305
2014-05-24,2014-05-24 21:00:00,22,110.28632,110.72568
2014-05-24,2014-05-24 22:00:00,23,98.886536,107.58902
2014-05-24,2014-05-24 23:00:00,24,93.054085,100.49925
2014-05-25,2014-05-25 00:00:00,1,102.59809,91.10719
2014-05-25,2014-05-25 01:00:00,2,111.34676,100.01593
2014-05-25,2014-05-25 02:00:00,3,115.58855,104.18164
2014-05-25,2014-05-25 03:00:00,4,110.81654,104.70917
2014-05-25,2014-05-25 04:00:00,5,102.59809,100.76662
2014-05-25,2014-05-25 05:00:00,6,102.33298,90.04578
2014-05-25,2014-05-25 06:00:00,7,85.89608,73.27167
2014-05-25,2014-05-25 07:00:00,8,74.23118,69.5562
2014-05-25,2014-05-25 08:00:00,9,76.08696,68.83925
2014-05-25,2014-05-25 09:00:00,10,73.435844,67.9892
2014-05-25,2014-05-25 10:00:00,11,66.542946,67.12341
2014-05-25,2014-05-25 11:00:00,12,57.26405,66.46704
2014-05-25,2014-05-25 12:00:00,13,68.39873,66.8371
2014-05-25,2014-05-25 13:00:00,14,63.626724,67.811935
2014-05-25,2014-05-25 14:00:00,15,65.74761,68.78708
2014-05-25,2014-05-25 15:00:00,16,61.770943,68.33125
2014-05-25,2014-05-25 16:00:00,17,64.95228,77.65411
2014-05-25,2014-05-25 17:00:00,18,92.52386,84.22365
2014-05-25,2014-05-25 18:00:00,19,119.83033,89.58469
2014-05-25,2014-05-25 19:00:00,20,113.732765,98.67873
2014-05-25,2014-05-25 20:00:00,21,102.863205,89.60715
2014-05-25,2014-05-25 21:00:00,22,297.72003,186.7898
2014-05-25,2014-05-25 22:00:00,23,259.0138,194.35059
2014-05-25,2014-05-25 23:00:00,24,248.93956,218.74335
2014-05-26,2014-05-26 00:00:00,1,318.92896,258.70743
2014-05-26,2014-05-26 01:00:00,2,318.92896,300.30026
2014-05-26,2014-05-26 02:00:00,3,198.30328,212.11215
2014-05-26,2014-05-26 03:00:00,4,163.3086,173.81036
2014-05-26,2014-05-26 04:00:00,5,145.54613,152.6272
2014-05-26,2014-05-26 05:00:00,6,152.17392,159.49762
2014-05-26,2014-05-26 06:00:00,7,165.9597,168.5119
2014-05-26,2014-05-26 07:00:00,8,174.9735,182.98874
2014-05-26,2014-05-26 08:00:00,9,230.38176,232.18936
2014-05-26,2014-05-26 09:00:00,10,252.1209,253.56422
2014-05-26,2014-05-26 10:00:00,11,252.65111,255.65674
2014-05-26,2014-05-26 11:00:00,12,249.46977,245.75375
2014-05-26,2014-05-26 12:00:00,13,265.37646,261.02667
2014-05-26,2014-05-26 13:00:00,14,292.41782,282.03845
2014-05-26,2014-05-26 14:00:00,15,283.13892,302.98605
2014-05-26,2014-05-26 15:00:00,16,271.2089,290.20306
2014-05-26,2014-05-26 16:00:00,17,250.0,249.20168
2014-05-26,2014-05-26 17:00:00,18,217.65642,226.46783
2014-05-26,2014-05-26 18:00:00,19,255.83244,258.40482
2014-05-26,2014-05-26 19:00:00,20,417.02014,412.57025
2014-05-26,2014-05-26 20:00:00,21,237.00954,230.92445
2014-05-26,2014-05-26 21:00:00,22,482.76776,474.1957
2014-05-26,2014-05-26 22:00:00,23,462.08908,457.9773
2014-05-26,2014-05-26 23:00:00,24,458.64264,452.22784
2014-05-27,2014-05-27 00:00:00,1,481.1771,448.61276
2014-05-27,2014-05-27 01:00:00,2,472.4284,454.0589
2014-05-27,2014-05-27 02:00:00,3,253.71156,267.75336
2014-05-27,2014-05-27 03:00:00,4,215.53552,224.8637
2014-05-27,2014-05-27 04:00:00,5,179.7455,191.29298
2014-05-27,2014-05-27 05:00:00,6,172.05727,191.27289
2014-05-27,2014-05-27 06:00:00,7,168.87593,192.90228
2014-05-27,2014-05-27 07:00:00,8,192.47084,207.29898
2014-05-27,2014-05-27 08:00:00,9,236.74443,235.82397
2014-05-27,2014-05-27 09:00:00,10,262.19513,255.56787
2014-05-27,2014-05-27 10:00:00,11,272.00424,264.1005
2014-05-27,2014-05-27 11:00:00,12,236.74443,260.0997
2014-05-27,2014-05-27 12:00:00,13,264.84622,275.44525
2014-05-27,2014-05-27 13:00:00,14,302.75717,291.03683
2014-05-27,2014-05-27 14:00:00,15,291.35736,304.5678
2014-05-27,2014-05-27 15:00:00,16,275.98093,290.8794
2014-05-27,2014-05-27 16:00:00,17,260.86957,261.02454
2014-05-27,2014-05-27 17:00:00,18,218.71686,229.15991
2014-05-27,2014-05-27 18:00:00,19,260.86957,261.23596
2014-05-27,2014-05-27 19:00:00,20,425.50372,412.6704
2014-05-27,2014-05-27 20:00:00,21,233.03287,229.01581
2014-05-27,2014-05-27 21:00:00,22,478.52597,476.73532
2014-05-27,2014-05-27 22:00:00,23,467.6564,462.02167
2014-05-27,2014-05-27 23:00:00,24,449.36374,455.77643
2014-05-28,2014-05-28 00:00:00,1,466.86108,452.50955
2014-05-28,2014-05-28 01:00:00,2,470.83774,450.2528
2014-05-28,2014-05-28 02:00:00,3,267.23224,259.77744
2014-05-28,2014-05-28 03:00:00,4,220.57265,215.48293
2014-05-28,2014-05-28 04:00:00,5,185.84305,187.94965
2014-05-28,2014-05-28 05:00:00,6,177.09438,185.12286
2014-05-28,2014-05-28 06:00:00,7,167.02014,188.41882
2014-05-28,2014-05-28 07:00:00,8,195.38707,200.87897
2014-05-28,2014-05-28 08:00:00,9,265.90668,229.25217
2014-05-28,2014-05-28 09:00:00,10,255.03711,253.75012
2014-05-28,2014-05-28 10:00:00,11,249.20467,263.37482
2014-05-28,2014-05-28 11:00:00,12,245.228,251.69049
2014-05-28,2014-05-28 12:00:00,13,280.75293,268.09946
2014-05-28,2014-05-28 13:00:00,14,299.0456,295.14096
2014-05-28,2014-05-28 14:00:00,15,284.72958,300.25223
2014-05-28,2014-05-28 15:00:00,16,280.2227,286.66052
2014-05-28,2014-05-28 16:00:00,17,242.57689,256.29108
2014-05-28,2014-05-28 17:00:00,18,218.45175,226.79335
2014-05-28,2014-05-28 18:00:00,19,251.06044,262.79877
2014-05-28,2014-05-28 19:00:00,20,425.2386,422.9707
2014-05-28,2014-05-28 20:00:00,21,230.11665,229.03618
2014-05-28,2014-05-28 21:00:00,22,486.74445,473.41107
2014-05-28,2014-05-28 22:00:00,23,468.71686,461.4347
2014-05-28,2014-05-28 23:00:00,24,439.55463,456.3591
2014-05-29,2014-05-29 00:00:00,1,444.85684,460.0957
2014-05-29,2014-05-29 01:00:00,2,450.9544,461.15625
2014-05-29,2014-05-29 02:00:00,3,260.33936,260.63745
2014-05-29,2014-05-29 03:00:00,4,231.70732,217.70477
2014-05-29,2014-05-29 04:00:00,5,187.69884,187.60333
2014-05-29,2014-05-29 05:00:00,6,182.66171,182.28918
2014-05-29,2014-05-29 06:00:00,7,172.32237,178.44514
2014-05-29,2014-05-29 07:00:00,8,190.34995,198.49783
2014-05-29,2014-05-29 08:00:00,9,261.6649,238.93527
2014-05-29,2014-05-29 09:00:00,10,273.0647,251.36203
2014-05-29,2014-05-29 10:00:00,11,246.28844,256.30554
2014-05-29,2014-05-29 11:00:00,12,233.03287,247.56409
2014-05-29,2014-05-29 12:00:00,13,252.1209,271.76767
2014-05-29,2014-05-29 13:00:00,14,285.79004,292.1917
2014-05-29,2014-05-29 14:00:00,15,266.17178,294.8137
2014-05-29,2014-05-29 15:00:00,16,260.86957,277.6188
2014-05-29,2014-05-29 16:00:00,17,230.11665,249.62357
2014-05-29,2014-05-29 17:00:00,18,205.46129,218.86485
2014-05-29,2014-05-29 18:00:00,19,251.85577,253.69081
2014-05-29,2014-05-29 19:00:00,20,414.63416,418.18457
2014-05-29,2014-05-29 20:00:00,21,192.47084,225.46036
2014-05-29,2014-05-29 21:00:00,22,462.08908,473.39807
2014-05-29,2014-05-29 22:00:00,23,464.7402,457.61908
2014-05-29,2014-05-29 23:00:00,24,436.10815,447.23486
2014-05-30,2014-05-30 00:00:00,1,437.43372,448.83994
2014-05-30,2014-05-30 01:00:00,2,482.23755,449.2185
2014-05-30,2014-05-30 02:00:00,3,274.92047,259.00967
2014-05-30,2014-05-30 03:00:00,4,231.4422,217.56235
2014-05-30,2014-05-30 04:00:00,5,193.7964,187.47975
2014-05-30,2014-05-30 05:00:00,6,186.9035,181.32477
2014-05-30,2014-05-30 06:00:00,7,166.75504,177.10709
2014-05-30,2014-05-30 07:00:00,8,174.17816,193.3619
2014-05-30,2014-05-30 08:00:00,9,232.76776,241.49046
2014-05-30,2014-05-30 09:00:00,10,246.28844,250.5716
2014-05-30,2014-05-30 10:00:00,11,235.15376,248.41113
2014-05-30,2014-05-30 11:00:00,12,230.38176,244.60529
2014-05-30,2014-05-30 12:00:00,13,252.386,264.19745
2014-05-30,2014-05-30 13:00:00,14,266.96713,283.78165
2014-05-30,2014-05-30 14:00:00,15,286.32025,282.42615
2014-05-30,2014-05-30 15:00:00,16,259.8091,272.69098
2014-05-30,2014-05-30 16:00:00,17,227.20042,253.41179
2014-05-30,2014-05-30 17:00:00,18,181.07104,217.2594
2014-05-30,2014-05-30 18:00:00,19,207.84729,240.16534
2014-05-30,2014-05-30 19:00:00,20,368.7699,404.76385
2014-05-30,2014-05-30 20:00:00,21,183.45705,199.37631
2014-05-30,2014-05-30 21:00:00,22,444.32663,459.64966
2014-05-30,2014-05-30 22:00:00,23,442.47083,441.05322
2014-05-30,2014-05-30 23:00:00,24,412.24814,422.87
2014-05-31,2014-05-31 00:00:00,1,421.26193,400.00922
2014-05-31,2014-05-31 01:00:00,2,417.55038,406.7326
2014-05-31,2014-05-31 02:00:00,3,191.41039,200.54129
2014-05-31,2014-05-31 03:00:00,4,141.30435,148.724
2014-05-31,2014-05-31 04:00:00,5,121.421,130.36868
2014-05-31,2014-05-31 05:00:00,6,103.12831,108.41455
2014-05-31,2014-05-31 06:00:00,7,77.1474,82.96895
2014-05-31,2014-05-31 07:00:00,8,75.291626,77.82733
2014-05-31,2014-05-31 08:00:00,9,76.88229,78.334625
2014-05-31,2014-05-31 09:00:00,10,74.49629,73.6913
2014-05-31,2014-05-31 10:00:00,11,64.156944,68.7146
2014-05-31,2014-05-31 11:00:00,12,57.529163,65.70598
2014-05-31,2014-05-31 12:00:00,13,68.13361,66.50203
2014-05-31,2014-05-31 13:00:00,14,73.435844,67.48811
2014-05-31,2014-05-31 14:00:00,15,75.291626,68.33359
2014-05-31,2014-05-31 15:00:00,16,71.04984,66.184326
2014-05-31,2014-05-31 16:00:00,17,54.347828,63.76619
2014-05-31,2014-05-31 17:00:00,18,54.878048,64.942245
2014-05-31,2014-05-31 18:00:00,19,68.92895,67.73724
2014-05-31,2014-05-31 19:00:00,20,72.90562,70.2045
2014-05-31,2014-05-31 20:00:00,21,74.49629,72.80525
2014-05-31,2014-05-31 21:00:00,22,93.84942,98.71411
2014-05-31,2014-05-31 22:00:00,23,96.76564,93.81331
2014-05-31,2014-05-31 23:00:00,24,89.87275,88.48523
2014-06-01,2014-06-01 00:00:00,1,102.06787,97.208084
2014-06-01,2014-06-01 01:00:00,2,110.28632,106.949875
2014-06-01,2014-06-01 02:00:00,3,109.225876,110.311264
2014-06-01,2014-06-01 03:00:00,4,111.08166,108.06406
2014-06-01,2014-06-01 04:00:00,5,105.51431,102.446075
2014-06-01,2014-06-01 05:00:00,6,101.80276,94.61412
2014-06-01,2014-06-01 06:00:00,7,76.61718,81.56325
2014-06-01,2014-06-01 07:00:00,8,82.97985,75.15332
2014-06-01,2014-06-01 08:00:00,9,83.775185,72.49663
2014-06-01,2014-06-01 09:00:00,10,78.47296,71.24408
2014-06-01,2014-06-01 10:00:00,11,62.036057,67.77754
2014-06-01,2014-06-01 11:00:00,12,57.26405,66.09523
2014-06-01,2014-06-01 12:00:00,13,66.542946,66.04918
2014-06-01,2014-06-01 13:00:00,14,72.11028,68.87906
2014-06-01,2014-06-01 14:00:00,15,71.84518,69.40352
2014-06-01,2014-06-01 15:00:00,16,68.92895,68.631454
2014-06-01,2014-06-01 16:00:00,17,63.891834,75.851715
2014-06-01,2014-06-01 17:00:00,18,89.34252,84.45996
2014-06-01,2014-06-01 18:00:00,19,106.839874,96.00513
2014-06-01,2014-06-01 19:00:00,20,115.05833,100.68228
2014-06-01,2014-06-01 20:00:00,21,98.0912,89.6602
2014-06-01,2014-06-01 21:00:00,22,142.09969,267.858
2014-06-01,2014-06-01 22:00:00,23,162.24814,243.76314
2014-06-01,2014-06-01 23:00:00,24,161.1877,241.00356
2014-06-02,2014-06-02 00:00:00,1,180.80594,222.53229
2014-06-02,2014-06-02 01:00:00,2,186.10817,254.27257
2014-06-02,2014-06-02 02:00:00,3,179.21527,172.11633
2014-06-02,2014-06-02 03:00:00,4,166.75504,154.1387
2014-06-02,2014-06-02 04:00:00,5,139.44856,142.70236
2014-06-02,2014-06-02 05:00:00,6,147.4019,144.13992
2014-06-02,2014-06-02 06:00:00,7,146.87169,151.53296
2014-06-02,2014-06-02 07:00:00,8,178.68504,176.33005
2014-06-02,2014-06-02 08:00:00,9,226.40509,233.43056
2014-06-02,2014-06-02 09:00:00,10,229.58643,252.20972
2014-06-02,2014-06-02 10:00:00,11,242.842,246.94493
2014-06-02,2014-06-02 11:00:00,12,231.1771,236.13866
2014-06-02,2014-06-02 12:00:00,13,236.47932,263.80038
2014-06-02,2014-06-02 13:00:00,14,290.29694,288.75443
2014-06-02,2014-06-02 14:00:00,15,292.68292,297.46332
2014-06-02,2014-06-02 15:00:00,16,288.97137,277.8475
2014-06-02,2014-06-02 16:00:00,17,255.83244,243.89844
2014-06-02,2014-06-02 17:00:00,18,225.60976,210.4068
2014-06-02,2014-06-02 18:00:00,19,233.29799,245.0981
2014-06-02,2014-06-02 19:00:00,20,392.3648,409.47845
2014-06-02,2014-06-02 20:00:00,21,224.81442,214.3109
2014-06-02,2014-06-02 21:00:00,22,476.6702,462.1123
2014-06-02,2014-06-02 22:00:00,23,461.02863,450.85968
2014-06-02,2014-06-02 23:00:00,24,437.96396,443.1397
2014-06-03,2014-06-03 00:00:00,1,448.03818,453.57877
2014-06-03,2014-06-03 01:00:00,2,466.86108,455.61395
2014-06-03,2014-06-03 02:00:00,3,251.06044,258.9533
2014-06-03,2014-06-03 03:00:00,4,209.43796,218.74539
2014-06-03,2014-06-03 04:00:00,5,181.33617,191.30605
2014-06-03,2014-06-03 05:00:00,6,176.03394,184.17172
2014-06-03,2014-06-03 06:00:00,7,162.51326,179.49084
2014-06-03,2014-06-03 07:00:00,8,187.96394,194.00923
2014-06-03,2014-06-03 08:00:00,9,236.47932,240.47899
2014-06-03,2014-06-03 09:00:00,10,257.15802,248.073
2014-06-03,2014-06-03 10:00:00,11,243.90244,246.09398
2014-06-03,2014-06-03 11:00:00,12,222.42842,240.05392
2014-06-03,2014-06-03 12:00:00,13,254.24178,260.22897
2014-06-03,2014-06-03 13:00:00,14,277.8367,287.58704
2014-06-03,2014-06-03 14:00:00,15,284.72958,288.7349
2014-06-03,2014-06-03 15:00:00,16,273.3298,273.78757
2014-06-03,2014-06-03 16:00:00,17,248.93956,250.20753
2014-06-03,2014-06-03 17:00:00,18,216.86108,219.8318
2014-06-03,2014-06-03 18:00:00,19,243.1071,247.80063
2014-06-03,2014-06-03 19:00:00,20,386.0021,414.8
2014-06-03,2014-06-03 20:00:00,21,226.40509,221.73433
2014-06-03,2014-06-03 21:00:00,22,458.37753,471.26495
2014-06-03,2014-06-03 22:00:00,23,449.36374,458.63394
2014-06-03,2014-06-03 23:00:00,24,436.10815,450.63464
2014-06-04,2014-06-04 00:00:00,1,451.48462,444.5561
2014-06-04,2014-06-04 01:00:00,2,459.70306,449.34143
2014-06-04,2014-06-04 02:00:00,3,292.41782,260.00256
2014-06-04,2014-06-04 03:00:00,4,276.77625,219.73158
2014-06-04,2014-06-04 04:00:00,5,251.06044,188.48882
2014-06-04,2014-06-04 05:00:00,6,260.33936,180.8176
2014-06-04,2014-06-04 06:00:00,7,264.0509,174.75508
2014-06-04,2014-06-04 07:00:00,8,225.34465,193.77704
2014-06-04,2014-06-04 08:00:00,9,240.19089,243.06627
2014-06-04,2014-06-04 09:00:00,10,265.64157,252.0555
2014-06-04,2014-06-04 10:00:00,11,251.85577,244.21797
2014-06-04,2014-06-04 11:00:00,12,243.1071,234.1744
2014-06-04,2014-06-04 12:00:00,13,268.02756,257.84406
2014-06-04,2014-06-04 13:00:00,14,289.23648,282.58517
2014-06-04,2014-06-04 14:00:00,15,281.81335,283.22632
2014-06-04,2014-06-04 15:00:00,16,284.19937,271.03888
2014-06-04,2014-06-04 16:00:00,17,254.772,245.59747
2014-06-04,2014-06-04 17:00:00,18,223.48886,213.223
2014-06-04,2014-06-04 18:00:00,19,246.81866,242.87732
2014-06-04,2014-06-04 19:00:00,20,383.88123,401.52423
2014-06-04,2014-06-04 20:00:00,21,224.2842,217.02536
2014-06-04,2014-06-04 21:00:00,22,462.3542,464.93423
2014-06-04,2014-06-04 22:00:00,23,454.40085,453.58435
2014-06-04,2014-06-04 23:00:00,24,452.81018,441.6765
2014-06-05,2014-06-05 00:00:00,1,474.01907,451.17175
2014-06-05,2014-06-05 01:00:00,2,478.7911,458.21808
2014-06-05,2014-06-05 02:00:00,3,274.65536,267.04395
2014-06-05,2014-06-05 03:00:00,4,227.46553,228.50609
2014-06-05,2014-06-05 04:00:00,5,190.08484,204.0159
2014-06-05,2014-06-05 05:00:00,6,170.4666,199.4638
2014-06-05,2014-06-05 06:00:00,7,167.81548,194.0693
2014-06-05,2014-06-05 07:00:00,8,189.02438,199.46318
2014-06-05,2014-06-05 08:00:00,9,237.00954,236.66672
2014-06-05,2014-06-05 09:00:00,10,269.88336,248.41312
2014-06-05,2014-06-05 10:00:00,11,244.69777,242.08292
2014-06-05,2014-06-05 11:00:00,12,237.27466,237.1053
2014-06-05,2014-06-05 12:00:00,13,259.8091,259.33438
2014-06-05,2014-06-05 13:00:00,14,278.63202,279.82666
2014-06-05,2014-06-05 14:00:00,15,285.79004,282.88498
2014-06-05,2014-06-05 15:00:00,16,289.7667,271.83643
2014-06-05,2014-06-05 16:00:00,17,252.386,244.33838
2014-06-05,2014-06-05 17:00:00,18,206.25662,214.405
2014-06-05,2014-06-05 18:00:00,19,220.30753,242.92296
2014-06-05,2014-06-05 19:00:00,20,377.51855,398.75958
2014-06-05,2014-06-05 20:00:00,21,221.8982,215.47292
2014-06-05,2014-06-05 21:00:00,22,456.25662,460.32623
2014-06-05,2014-06-05 22:00:00,23,441.9406,447.778
2014-06-05,2014-06-05 23:00:00,24,434.78262,440.4439
2014-06-06,2014-06-06 00:00:00,1,440.88016,442.0692
2014-06-06,2014-06-06 01:00:00,2,437.69882,450.07068
2014-06-06,2014-06-06 02:00:00,3,234.62354,263.2852
2014-06-06,2014-06-06 03:00:00,4,205.99152,223.34854
2014-06-06,2014-06-06 04:00:00,5,172.5875,191.0227
2014-06-06,2014-06-06 05:00:00,6,163.5737,182.19855
2014-06-06,2014-06-06 06:00:00,7,166.48993,176.20468
2014-06-06,2014-06-06 07:00:00,8,181.86638,191.26569
2014-06-06,2014-06-06 08:00:00,9,221.8982,235.75691
2014-06-06,2014-06-06 09:00:00,10,239.92577,252.85214
2014-06-06,2014-06-06 10:00:00,11,244.16756,243.33716
2014-06-06,2014-06-06 11:00:00,12,226.93532,236.35402
2014-06-06,2014-06-06 12:00:00,13,238.3351,256.3272
2014-06-06,2014-06-06 13:00:00,14,248.40933,275.54507
2014-06-06,2014-06-06 14:00:00,15,296.12936,281.2533
2014-06-06,2014-06-06 15:00:00,16,339.07742,270.98453
2014-06-06,2014-06-06 16:00:00,17,300.10605,234.68463
2014-06-06,2014-06-06 17:00:00,18,287.1156,200.9912
2014-06-06,2014-06-06 18:00:00,19,333.77518,226.18452
2014-06-06,2014-06-06 19:00:00,20,383.61612,372.92358
2014-06-06,2014-06-06 20:00:00,21,195.12195,196.1948
2014-06-06,2014-06-06 21:00:00,22,438.22906,441.89246
2014-06-06,2014-06-06 22:00:00,23,407.74124,426.92682
2014-06-06,2014-06-06 23:00:00,24,398.19724,411.10992
2014-06-07,2014-06-07 00:00:00,1,402.43903,392.0221
2014-06-07,2014-06-07 01:00:00,2,428.68506,390.18048
2014-06-07,2014-06-07 02:00:00,3,214.47508,199.38232
2014-06-07,2014-06-07 03:00:00,4,164.36903,140.07263
2014-06-07,2014-06-07 04:00:00,5,141.56946,122.87806
2014-06-07,2014-06-07 05:00:00,6,112.1421,104.55678
2014-06-07,2014-06-07 06:00:00,7,88.8123,82.512924
2014-06-07,2014-06-07 07:00:00,8,87.751854,77.426025
2014-06-07,2014-06-07 08:00:00,9,92.25875,76.11925
2014-06-07,2014-06-07 09:00:00,10,90.40297,70.68367
2014-06-07,2014-06-07 10:00:00,11,83.51007,67.64525
2014-06-07,2014-06-07 11:00:00,12,77.1474,66.56937
2014-06-07,2014-06-07 12:00:00,13,81.12407,67.98169
2014-06-07,2014-06-07 13:00:00,14,84.305405,69.34366
2014-06-07,2014-06-07 14:00:00,15,83.51007,72.310394
2014-06-07,2014-06-07 15:00:00,16,88.01697,69.40918
2014-06-07,2014-06-07 16:00:00,17,66.80806,65.09538
2014-06-07,2014-06-07 17:00:00,18,60.7105,65.4756
2014-06-07,2014-06-07 18:00:00,19,69.459175,72.577866
2014-06-07,2014-06-07 19:00:00,20,74.49629,72.96384
2014-06-07,2014-06-07 20:00:00,21,75.55673,75.43025
2014-06-07,2014-06-07 21:00:00,22,94.37964,94.06282
2014-06-07,2014-06-07 22:00:00,23,99.946976,93.284805
2014-06-07,2014-06-07 23:00:00,24,93.584305,89.61981
2014-06-08,2014-06-08 00:00:00,1,95.70519,98.513016
2014-06-08,2014-06-08 01:00:00,2,104.71898,104.33211
2014-06-08,2014-06-08 02:00:00,3,108.16543,106.762085
2014-06-08,2014-06-08 03:00:00,4,110.55143,106.83948
2014-06-08,2014-06-08 04:00:00,5,98.886536,104.62572
2014-06-08,2014-06-08 05:00:00,6,81.9194,98.368256
2014-06-08,2014-06-08 06:00:00,7,66.012726,80.769394
2014-06-08,2014-06-08 07:00:00,8,80.59385,78.71405
2014-06-08,2014-06-08 08:00:00,9,81.38918,78.17256
2014-06-08,2014-06-08 09:00:00,10,75.821846,75.99019
2014-06-08,2014-06-08 10:00:00,11,65.482506,70.37044
2014-06-08,2014-06-08 11:00:00,12,60.7105,68.58797
2014-06-08,2014-06-08 12:00:00,13,71.31495,68.28232
2014-06-08,2014-06-08 13:00:00,14,74.49629,69.77339
2014-06-08,2014-06-08 14:00:00,15,75.02651,70.15871
2014-06-08,2014-06-08 15:00:00,16,70.78473,69.47017
2014-06-08,2014-06-08 16:00:00,17,69.459175,77.071365
2014-06-08,2014-06-08 17:00:00,18,102.863205,85.387985
2014-06-08,2014-06-08 18:00:00,19,116.38388,97.46031
2014-06-08,2014-06-08 19:00:00,20,127.78367,98.28099
2014-06-08,2014-06-08 20:00:00,21,99.15164,91.47165
2014-06-08,2014-06-08 21:00:00,22,180.0106,168.00018
2014-06-08,2014-06-08 22:00:00,23,204.66595,176.57759
2014-06-08,2014-06-08 23:00:00,24,214.47508,171.00272
2014-06-09,2014-06-09 00:00:00,1,263.25555,243.3451
2014-06-09,2014-06-09 01:00:00,2,239.39555,257.1503
2014-06-09,2014-06-09 02:00:00,3,208.37752,199.95493
2014-06-09,2014-06-09 03:00:00,4,187.43372,177.73793
2014-06-09,2014-06-09 04:00:00,5,150.31813,155.75586
2014-06-09,2014-06-09 05:00:00,6,150.84836,156.6629
2014-06-09,2014-06-09 06:00:00,7,154.2948,162.08694
2014-06-09,2014-06-09 07:00:00,8,181.60127,187.2295
2014-06-09,2014-06-09 08:00:00,9,240.98622,235.57927
2014-06-09,2014-06-09 09:00:00,10,263.5207,247.77632
2014-06-09,2014-06-09 10:00:00,11,248.67444,248.78654
2014-06-09,2014-06-09 11:00:00,12,237.00954,239.81107
2014-06-09,2014-06-09 12:00:00,13,259.8091,254.773
2014-06-09,2014-06-09 13:00:00,14,294.2736,282.41086
2014-06-09,2014-06-09 14:00:00,15,277.04135,289.85278
2014-06-09,2014-06-09 15:00:00,16,286.58536,286.32965
2014-06-09,2014-06-09 16:00:00,17,251.06044,257.87955
2014-06-09,2014-06-09 17:00:00,18,209.70308,226.47774
2014-06-09,2014-06-09 18:00:00,19,227.99576,246.55246
2014-06-09,2014-06-09 19:00:00,20,381.2301,392.10913
2014-06-09,2014-06-09 20:00:00,21,242.04666,225.8958
2014-06-09,2014-06-09 21:00:00,22,465.0053,456.57227
2014-06-09,2014-06-09 22:00:00,23,470.30753,445.21167
2014-06-09,2014-06-09 23:00:00,24,444.32663,440.72968
2014-06-10,2014-06-10 00:00:00,1,456.78687,455.1551
2014-06-10,2014-06-10 01:00:00,2,476.6702,456.77054
2014-06-10,2014-06-10 02:00:00,3,258.7487,262.0574
2014-06-10,2014-06-10 03:00:00,4,217.65642,223.01245
2014-06-10,2014-06-10 04:00:00,5,184.25238,189.79625
2014-06-10,2014-06-10 05:00:00,6,172.8526,180.329
2014-06-10,2014-06-10 06:00:00,7,169.93637,176.50128
2014-06-10,2014-06-10 07:00:00,8,192.73595,192.77339
2014-06-10,2014-06-10 08:00:00,9,240.456,243.36922
2014-06-10,2014-06-10 09:00:00,10,238.06999,258.5642
2014-06-10,2014-06-10 10:00:00,11,231.1771,249.28711
2014-06-10,2014-06-10 11:00:00,12,221.10286,235.56006
2014-06-10,2014-06-10 12:00:00,13,235.15376,257.91577
2014-06-10,2014-06-10 13:00:00,14,264.84622,283.20676
2014-06-10,2014-06-10 14:00:00,15,268.2927,282.9558
2014-06-10,2014-06-10 15:00:00,16,255.03711,278.75836
2014-06-10,2014-06-10 16:00:00,17,227.99576,251.36536
2014-06-10,2014-06-10 17:00:00,18,196.71262,217.88759
2014-06-10,2014-06-10 18:00:00,19,218.18665,244.3372
2014-06-10,2014-06-10 19:00:00,20,385.737,392.0058
2014-06-10,2014-06-10 20:00:00,21,224.54932,225.37834
2014-06-10,2014-06-10 21:00:00,22,460.76352,461.01395
2014-06-10,2014-06-10 22:00:00,23,441.4104,452.81842
2014-06-10,2014-06-10 23:00:00,24,445.65216,444.00754
2014-06-11,2014-06-11 00:00:00,1,451.2195,448.32227
2014-06-11,2014-06-11 01:00:00,2,459.9682,457.43573
2014-06-11,2014-06-11 02:00:00,3,251.32556,271.51547
2014-06-11,2014-06-11 03:00:00,4,216.06575,236.10388
2014-06-11,2014-06-11 04:00:00,5,178.68504,206.53355
2014-06-11,2014-06-11 05:00:00,6,165.42947,194.78552
2014-06-11,2014-06-11 06:00:00,7,163.04347,189.2254
2014-06-11,2014-06-11 07:00:00,8,209.70308,200.90134
2014-06-11,2014-06-11 08:00:00,9,310.7105,250.52597
2014-06-11,2014-06-11 09:00:00,10,293.74338,259.83533
2014-06-11,2014-06-11 10:00:00,11,285.79004,245.45416
2014-06-11,2014-06-11 11:00:00,12,278.89713,237.22066
2014-06-11,2014-06-11 12:00:00,13,291.09225,260.38318
2014-06-11,2014-06-11 13:00:00,14,338.28207,282.7295
2014-06-11,2014-06-11 14:00:00,15,356.04453,285.20566
2014-06-11,2014-06-11 15:00:00,16,330.32874,279.341
2014-06-11,2014-06-11 16:00:00,17,314.68716,249.60196
2014-06-11,2014-06-11 17:00:00,18,254.772,216.28322
2014-06-11,2014-06-11 18:00:00,19,231.97243,238.65347
2014-06-11,2014-06-11 19:00:00,20,382.55566,387.31366
2014-06-11,2014-06-11 20:00:00,21,194.32661,226.39572
2014-06-11,2014-06-11 21:00:00,22,463.94485,458.3285
2014-06-11,2014-06-11 22:00:00,23,448.03818,451.02307
2014-06-11,2014-06-11 23:00:00,24,428.41992,443.8034
2014-06-12,2014-06-12 00:00:00,1,421.26193,446.78564
2014-06-12,2014-06-12 01:00:00,2,434.78262,452.96564
2014-06-12,2014-06-12 02:00:00,3,246.81866,259.45648
2014-06-12,2014-06-12 03:00:00,4,213.67975,219.56229
2014-06-12,2014-06-12 04:00:00,5,176.03394,188.98528
2014-06-12,2014-06-12 05:00:00,6,161.71793,178.07315
2014-06-12,2014-06-12 06:00:00,7,160.12726,172.22319
2014-06-12,2014-06-12 07:00:00,8,185.04771,188.91177
2014-06-12,2014-06-12 08:00:00,9,276.51114,239.6828
2014-06-12,2014-06-12 09:00:00,10,326.8823,247.29846
2014-06-12,2014-06-12 10:00:00,11,331.9194,237.57436
2014-06-12,2014-06-12 11:00:00,12,301.1665,228.32437
2014-06-12,2014-06-12 12:00:00,13,349.947,246.3223
2014-06-12,2014-06-12 13:00:00,14,370.89078,271.81134
2014-06-12,2014-06-12 14:00:00,15,408.00635,277.34705
2014-06-12,2014-06-12 15:00:00,16,370.09543,268.07727
2014-06-12,2014-06-12 16:00:00,17,334.57053,242.1907
2014-06-12,2014-06-12 17:00:00,18,273.86002,210.54468
2014-06-12,2014-06-12 18:00:00,19,229.58643,229.36873
2014-06-12,2014-06-12 19:00:00,20,240.456,383.14478
2014-06-12,2014-06-12 20:00:00,21,229.32132,212.04771
2014-06-12,2014-06-12 21:00:00,22,434.5175,452.2029
2014-06-12,2014-06-12 22:00:00,23,448.03818,443.97787
2014-06-12,2014-06-12 23:00:00,24,434.25238,436.48016
2014-06-13,2014-06-13 00:00:00,1,446.71262,433.76862
2014-06-13,2014-06-13 01:00:00,2,466.33087,430.39
2014-06-13,2014-06-13 02:00:00,3,274.92047,251.22786
2014-06-13,2014-06-13 03:00:00,4,243.1071,210.89545
2014-06-13,2014-06-13 04:00:00,5,209.17285,178.03181
2014-06-13,2014-06-13 05:00:00,6,260.60446,162.08075
2014-06-13,2014-06-13 06:00:00,7,301.69672,160.85333
2014-06-13,2014-06-13 07:00:00,8,225.07953,186.53465
2014-06-13,2014-06-13 08:00:00,9,279.16226,278.24832
2014-06-13,2014-06-13 09:00:00,10,326.8823,293.27643
2014-06-13,2014-06-13 10:00:00,11,341.1983,296.08694
2014-06-13,2014-06-13 11:00:00,12,334.04028,283.70786
2014-06-13,2014-06-13 12:00:00,13,366.11877,309.76282
2014-06-13,2014-06-13 13:00:00,14,377.51855,338.6763
2014-06-13,2014-06-13 14:00:00,15,383.61612,356.8636
2014-06-13,2014-06-13 15:00:00,16,384.41144,344.6264
2014-06-13,2014-06-13 16:00:00,17,344.11453,296.9027
2014-06-13,2014-06-13 17:00:00,18,297.98517,252.9383
2014-06-13,2014-06-13 18:00:00,19,219.77731,240.21713
2014-06-13,2014-06-13 19:00:00,20,299.84094,322.63553
2014-06-13,2014-06-13 20:00:00,21,218.45175,203.18013
2014-06-13,2014-06-13 21:00:00,22,441.4104,432.7439
2014-06-13,2014-06-13 22:00:00,23,420.73172,428.8006
2014-06-13,2014-06-13 23:00:00,24,380.43478,418.1068
2014-06-14,2014-06-14 00:00:00,1,332.71475,394.1411
2014-06-14,2014-06-14 01:00:00,2,318.66385,399.93387
2014-06-14,2014-06-14 02:00:00,3,137.8579,211.6278
2014-06-14,2014-06-14 03:00:00,4,115.58855,164.56152
2014-06-14,2014-06-14 04:00:00,5,107.10498,135.80812
2014-06-14,2014-06-14 05:00:00,6,98.35631,127.94309
2014-06-14,2014-06-14 06:00:00,7,82.18452,107.745544
2014-06-14,2014-06-14 07:00:00,8,93.584305,94.08862
2014-06-14,2014-06-14 08:00:00,9,94.114525,95.99463
2014-06-14,2014-06-14 09:00:00,10,93.584305,92.746155
2014-06-14,2014-06-14 10:00:00,11,85.89608,89.3828
2014-06-14,2014-06-14 11:00:00,12,72.64051,84.24161
2014-06-14,2014-06-14 12:00:00,13,93.054085,83.71196
2014-06-14,2014-06-14 13:00:00,14,97.560974,85.14603
2014-06-14,2014-06-14 14:00:00,15,88.54719,84.7357
2014-06-14,2014-06-14 15:00:00,16,83.775185,80.82291
2014-06-14,2014-06-14 16:00:00,17,71.31495,74.1151
2014-06-14,2014-06-14 17:00:00,18,63.891834,71.68672
2014-06-14,2014-06-14 18:00:00,19,73.966064,75.083984
2014-06-14,2014-06-14 19:00:00,20,75.55673,76.65428
2014-06-14,2014-06-14 20:00:00,21,77.94273,77.395035
2014-06-14,2014-06-14 21:00:00,22,93.84942,98.16548
2014-06-14,2014-06-14 22:00:00,23,99.15164,103.63008
2014-06-14,2014-06-14 23:00:00,24,94.90986,100.64374
2014-06-15,2014-06-15 00:00:00,1,96.50053,95.750015
2014-06-15,2014-06-15 01:00:00,2,104.71898,101.117905
2014-06-15,2014-06-15 02:00:00,3,102.863205,106.52797
2014-06-15,2014-06-15 03:00:00,4,99.15164,107.55029
2014-06-15,2014-06-15 04:00:00,5,100.4772,99.6544
2014-06-15,2014-06-15 05:00:00,6,81.6543,85.80937
2014-06-15,2014-06-15 06:00:00,7,68.66384,75.54535
2014-06-15,2014-06-15 07:00:00,8,73.17073,83.84082
2014-06-15,2014-06-15 08:00:00,9,68.66384,83.75426
2014-06-15,2014-06-15 09:00:00,10,71.84518,78.58284
2014-06-15,2014-06-15 10:00:00,11,68.92895,72.5775
2014-06-15,2014-06-15 11:00:00,12,62.301167,71.36159
2014-06-15,2014-06-15 12:00:00,13,68.66384,73.9485
2014-06-15,2014-06-15 13:00:00,14,74.7614,77.51816
2014-06-15,2014-06-15 14:00:00,15,80.06363,77.6297
2014-06-15,2014-06-15 15:00:00,16,78.47296,76.68132
2014-06-15,2014-06-15 16:00:00,17,71.84518,81.23323
2014-06-15,2014-06-15 17:00:00,18,95.17497,91.17828
2014-06-15,2014-06-15 18:00:00,19,106.04454,106.56595
2014-06-15,2014-06-15 19:00:00,20,100.74231,111.27866
2014-06-15,2014-06-15 20:00:00,21,88.28208,96.825836
2014-06-15,2014-06-15 21:00:00,22,131.76035,155.66124
2014-06-15,2014-06-15 22:00:00,23,182.66171,180.8954
2014-06-15,2014-06-15 23:00:00,24,208.64262,187.34196
2014-06-16,2014-06-16 00:00:00,1,264.58112,248.77419
2014-06-16,2014-06-16 01:00:00,2,263.25555,251.84045
2014-06-16,2014-06-16 02:00:00,3,287.3807,198.87408
2014-06-16,2014-06-16 03:00:00,4,245.4931,180.53513
2014-06-16,2014-06-16 04:00:00,5,163.3086,152.68538
2014-06-16,2014-06-16 05:00:00,6,143.16013,151.91937
2014-06-16,2014-06-16 06:00:00,7,154.0297,158.9844
2014-06-16,2014-06-16 07:00:00,8,179.21527,185.67487
2014-06-16,2014-06-16 08:00:00,9,271.47403,251.66707
2014-06-16,2014-06-16 09:00:00,10,350.4772,265.71994
2014-06-16,2014-06-16 10:00:00,11,333.51007,266.431
2014-06-16,2014-06-16 11:00:00,12,325.82184,253.56079
2014-06-16,2014-06-16 12:00:00,13,328.47296,273.88287
2014-06-16,2014-06-16 13:00:00,14,373.807,303.93622
2014-06-16,2014-06-16 14:00:00,15,396.07635,316.6588
2014-06-16,2014-06-16 15:00:00,16,402.70413,314.08984
2014-06-16,2014-06-16 16:00:00,17,347.56097,280.0167
2014-06-16,2014-06-16 17:00:00,18,231.70732,237.31706
2014-06-16,2014-06-16 18:00:00,19,181.07104,229.86542
2014-06-16,2014-06-16 19:00:00,20,339.34253,329.90363
2014-06-16,2014-06-16 20:00:00,21,267.49734,221.57321
2014-06-16,2014-06-16 21:00:00,22,413.3086,443.4583
2014-06-16,2014-06-16 22:00:00,23,445.65216,440.33624
2014-06-16,2014-06-16 23:00:00,24,449.89395,435.26096
2014-06-17,2014-06-17 00:00:00,1,444.59174,449.21735
2014-06-17,2014-06-17 01:00:00,2,463.67975,452.5293
2014-06-17,2014-06-17 02:00:00,3,255.30223,279.68387
2014-06-17,2014-06-17 03:00:00,4,217.39131,230.6131
2014-06-17,2014-06-17 04:00:00,5,187.16861,193.0526
2014-06-17,2014-06-17 05:00:00,6,169.40614,187.40863
2014-06-17,2014-06-17 06:00:00,7,174.17816,188.19727
2014-06-17,2014-06-17 07:00:00,8,198.5684,199.41324
2014-06-17,2014-06-17 08:00:00,9,300.10605,284.22324
2014-06-17,2014-06-17 09:00:00,10,336.1612,316.47916
2014-06-17,2014-06-17 10:00:00,11,297.98517,318.48386
2014-06-17,2014-06-17 11:00:00,12,310.97562,312.33603
2014-06-17,2014-06-17 12:00:00,13,339.60764,331.3087
2014-06-17,2014-06-17 13:00:00,14,341.99365,360.7912
2014-06-17,2014-06-17 14:00:00,15,347.03076,373.27747
2014-06-17,2014-06-17 15:00:00,16,331.3892,366.9189
2014-06-17,2014-06-17 16:00:00,17,304.0827,316.27182
2014-06-17,2014-06-17 17:00:00,18,262.72534,239.24355
2014-06-17,2014-06-17 18:00:00,19,254.5069,215.78922
2014-06-17,2014-06-17 19:00:00,20,353.12833,328.6648
2014-06-17,2014-06-17 20:00:00,21,200.9544,231.13907
2014-06-17,2014-06-17 21:00:00,22,438.22906,440.52942
2014-06-17,2014-06-17 22:00:00,23,457.8473,444.54144
2014-06-17,2014-06-17 23:00:00,24,441.4104,439.46094
2014-06-18,2014-06-18 00:00:00,1,457.8473,439.9773
2014-06-18,2014-06-18 01:00:00,2,477.73065,442.78705
2014-06-18,2014-06-18 02:00:00,3,299.84094,265.44586
2014-06-18,2014-06-18 03:00:00,4,264.0509,225.06287
2014-06-18,2014-06-18 04:00:00,5,210.76352,187.19897
2014-06-18,2014-06-18 05:00:00,6,194.06151,178.14093
2014-06-18,2014-06-18 06:00:00,7,202.27995,179.0171
2014-06-18,2014-06-18 07:00:00,8,194.85684,197.08698
2014-06-18,2014-06-18 08:00:00,9,276.51114,275.6189
2014-06-18,2014-06-18 09:00:00,10,356.30966,309.49826
2014-06-18,2014-06-18 10:00:00,11,350.4772,300.7283
2014-06-18,2014-06-18 11:00:00,12,310.18027,295.5307
2014-06-18,2014-06-18 12:00:00,13,263.5207,318.03525
2014-06-18,2014-06-18 13:00:00,14,276.51114,338.16083
2014-06-18,2014-06-18 14:00:00,15,338.8123,350.7063
2014-06-18,2014-06-18 15:00:00,16,379.10922,345.684
2014-06-18,2014-06-18 16:00:00,17,318.39874,312.15573
2014-06-18,2014-06-18 17:00:00,18,260.07422,246.40147
2014-06-18,2014-06-18 18:00:00,19,256.36267,224.47037
2014-06-18,2014-06-18 19:00:00,20,345.7052,339.43195
2014-06-18,2014-06-18 20:00:00,21,216.33086,227.23514
2014-06-18,2014-06-18 21:00:00,22,450.15906,435.58182
2014-06-18,2014-06-18 22:00:00,23,447.24283,439.27905
2014-06-18,2014-06-18 23:00:00,24,436.6384,435.1364
2014-06-19,2014-06-19 00:00:00,1,450.15906,445.42114
2014-06-19,2014-06-19 01:00:00,2,472.69354,451.7052
2014-06-19,2014-06-19 02:00:00,3,354.18875,271.5828
2014-06-19,2014-06-19 03:00:00,4,330.85895,230.6845
2014-06-19,2014-06-19 04:00:00,5,261.93002,195.25502
2014-06-19,2014-06-19 05:00:00,6,188.75928,182.76993
2014-06-19,2014-06-19 06:00:00,7,176.82927,184.4725
2014-06-19,2014-06-19 07:00:00,8,199.36374,195.0274
2014-06-19,2014-06-19 08:00:00,9,265.90668,273.64307
2014-06-19,2014-06-19 09:00:00,10,331.3892,307.0588
2014-06-19,2014-06-19 10:00:00,11,320.51962,296.75464
2014-06-19,2014-06-19 11:00:00,12,283.40402,288.84958
2014-06-19,2014-06-19 12:00:00,13,315.74762,296.33984
2014-06-19,2014-06-19 13:00:00,14,334.83563,319.31204
2014-06-19,2014-06-19 14:00:00,15,352.8632,336.79868
2014-06-19,2014-06-19 15:00:00,16,342.25876,340.67416
2014-06-19,2014-06-19 16:00:00,17,319.19406,304.31772
2014-06-19,2014-06-19 17:00:00,18,253.97667,247.79425
2014-06-19,2014-06-19 18:00:00,19,246.55356,238.77002
2014-06-19,2014-06-19 19:00:00,20,267.76245,351.45905
2014-06-19,2014-06-19 20:00:00,21,250.2651,217.73524
2014-06-19,2014-06-19 21:00:00,22,477.99576,441.0785
2014-06-19,2014-06-19 22:00:00,23,470.30753,442.4088
2014-06-19,2014-06-19 23:00:00,24,445.65216,436.51852
2014-06-20,2014-06-20 00:00:00,1,443.00107,443.5042
2014-06-20,2014-06-20 01:00:00,2,452.54507,449.4817
2014-06-20,2014-06-20 02:00:00,3,263.7858,300.4127
2014-06-20,2014-06-20 03:00:00,4,240.456,260.1979
2014-06-20,2014-06-20 04:00:00,5,209.70308,215.6411
2014-06-20,2014-06-20 05:00:00,6,177.88971,192.21631
2014-06-20,2014-06-20 06:00:00,7,172.32237,191.5675
2014-06-20,2014-06-20 07:00:00,8,199.36374,200.736
2014-06-20,2014-06-20 08:00:00,9,279.42737,267.47995
2014-06-20,2014-06-20 09:00:00,10,330.85895,313.3986
2014-06-20,2014-06-20 10:00:00,11,317.6034,313.9646
2014-06-20,2014-06-20 11:00:00,12,286.05515,290.49622
2014-06-20,2014-06-20 12:00:00,13,327.4125,302.0323
2014-06-20,2014-06-20 13:00:00,14,321.84518,326.8962
2014-06-20,2014-06-20 14:00:00,15,327.6776,349.4977
2014-06-20,2014-06-20 15:00:00,16,337.22162,352.7823
2014-06-20,2014-06-20 16:00:00,17,308.3245,325.20392
2014-06-20,2014-06-20 17:00:00,18,260.60446,278.2273
2014-06-20,2014-06-20 18:00:00,19,244.43266,265.48196
2014-06-20,2014-06-20 19:00:00,20,253.71156,330.2597
2014-06-20,2014-06-20 20:00:00,21,214.47508,214.71016
2014-06-20,2014-06-20 21:00:00,22,461.82397,426.6737
2014-06-20,2014-06-20 22:00:00,23,461.29373,416.17682
2014-06-20,2014-06-20 23:00:00,24,445.38705,405.21057
2014-06-21,2014-06-21 00:00:00,1,419.40616,385.18665
2014-06-21,2014-06-21 01:00:00,2,444.0615,367.848
2014-06-21,2014-06-21 02:00:00,3,197.24284,180.79044
2014-06-21,2014-06-21 03:00:00,4,146.87169,138.59485
2014-06-21,2014-06-21 04:00:00,5,132.02545,121.52416
2014-06-21,2014-06-21 05:00:00,6,102.863205,102.94562
2014-06-21,2014-06-21 06:00:00,7,84.0403,88.43204
2014-06-21,2014-06-21 07:00:00,8,85.89608,88.987076
2014-06-21,2014-06-21 08:00:00,9,71.84518,87.881134
2014-06-21,2014-06-21 09:00:00,10,69.72428,86.16934
2014-06-21,2014-06-21 10:00:00,11,69.989395,83.8681
2014-06-21,2014-06-21 11:00:00,12,61.240723,83.04918
2014-06-21,2014-06-21 12:00:00,13,68.39873,85.44566
2014-06-21,2014-06-21 13:00:00,14,74.7614,86.29257
2014-06-21,2014-06-21 14:00:00,15,76.08696,86.778046
2014-06-21,2014-06-21 15:00:00,16,70.519615,83.92694
2014-06-21,2014-06-21 16:00:00,17,57.529163,77.18326
2014-06-21,2014-06-21 17:00:00,18,53.817604,75.60913
2014-06-21,2014-06-21 18:00:00,19,64.95228,78.43021
2014-06-21,2014-06-21 19:00:00,20,69.459175,80.452484
2014-06-21,2014-06-21 20:00:00,21,73.17073,82.80861
2014-06-21,2014-06-21 21:00:00,22,91.72852,98.02551
2014-06-21,2014-06-21 22:00:00,23,99.946976,104.61586
2014-06-21,2014-06-21 23:00:00,24,91.46342,101.72142
2014-06-22,2014-06-22 00:00:00,1,94.37964,93.697525
2014-06-22,2014-06-22 01:00:00,2,105.51431,99.55766
2014-06-22,2014-06-22 02:00:00,3,114.5281,101.271225
2014-06-22,2014-06-22 03:00:00,4,110.55143,100.52994
2014-06-22,2014-06-22 04:00:00,5,100.74231,93.66861
2014-06-22,2014-06-22 05:00:00,6,82.18452,76.613235
2014-06-22,2014-06-22 06:00:00,7,68.66384,69.84889
2014-06-22,2014-06-22 07:00:00,8,75.821846,71.36372
2014-06-22,2014-06-22 08:00:00,9,81.38918,70.84421
2014-06-22,2014-06-22 09:00:00,10,79.00318,71.47807
2014-06-22,2014-06-22 10:00:00,11,67.86851,68.37543
2014-06-22,2014-06-22 11:00:00,12,58.589607,67.22066
2014-06-22,2014-06-22 12:00:00,13,69.459175,67.334595
2014-06-22,2014-06-22 13:00:00,14,74.49629,70.821976
2014-06-22,2014-06-22 14:00:00,15,73.966064,71.37149
2014-06-22,2014-06-22 15:00:00,16,71.31495,70.68227
2014-06-22,2014-06-22 16:00:00,17,71.84518,75.05139
2014-06-22,2014-06-22 17:00:00,18,106.839874,84.93649
2014-06-22,2014-06-22 18:00:00,19,121.95122,96.45082
2014-06-22,2014-06-22 19:00:00,20,125.66278,100.4978
2014-06-22,2014-06-22 20:00:00,21,178.15483,85.9373
2014-06-22,2014-06-22 21:00:00,22,276.24603,144.81941
2014-06-22,2014-06-22 22:00:00,23,278.1018,184.0918
2014-06-22,2014-06-22 23:00:00,24,136.00212,202.61958
2014-06-23,2014-06-23 00:00:00,1,131.76035,218.7679
2014-06-23,2014-06-23 01:00:00,2,173.64793,257.19147
2014-06-23,2014-06-23 02:00:00,3,180.0106,241.38258
2014-06-23,2014-06-23 03:00:00,4,165.9597,221.00607
2014-06-23,2014-06-23 04:00:00,5,154.82503,176.12827
2014-06-23,2014-06-23 05:00:00,6,141.30435,165.71756
2014-06-23,2014-06-23 06:00:00,7,147.93213,171.58032
2014-06-23,2014-06-23 07:00:00,8,200.9544,194.79233
2014-06-23,2014-06-23 08:00:00,9,289.7667,270.8117
2014-06-23,2014-06-23 09:00:00,10,359.7561,309.79507
2014-06-23,2014-06-23 10:00:00,11,311.50583,304.01083
2014-06-23,2014-06-23 11:00:00,12,241.78156,289.8549
2014-06-23,2014-06-23 12:00:00,13,260.07422,307.58374
2014-06-23,2014-06-23 13:00:00,14,277.30646,326.6668
2014-06-23,2014-06-23 14:00:00,15,326.35208,341.36877
2014-06-23,2014-06-23 15:00:00,16,302.49203,345.11322
2014-06-23,2014-06-23 16:00:00,17,300.37115,307.96155
2014-06-23,2014-06-23 17:00:00,18,363.46765,249.46933
2014-06-23,2014-06-23 18:00:00,19,370.36057,241.30527
2014-06-23,2014-06-23 19:00:00,20,315.74762,311.46957
2014-06-23,2014-06-23 20:00:00,21,235.15376,235.20941
2014-06-23,2014-06-23 21:00:00,22,453.3404,445.42102
2014-06-23,2014-06-23 22:00:00,23,455.99152,446.97534
2014-06-23,2014-06-23 23:00:00,24,455.4613,440.1163
2014-06-24,2014-06-24 00:00:00,1,453.0753,443.74457
2014-06-24,2014-06-24 01:00:00,2,470.30753,447.62537
2014-06-24,2014-06-24 02:00:00,3,281.28314,280.054
2014-06-24,2014-06-24 03:00:00,4,237.00954,236.57977
2014-06-24,2014-06-24 04:00:00,5,202.54507,197.59888
2014-06-24,2014-06-24 05:00:00,6,178.95016,180.57317
2014-06-24,2014-06-24 06:00:00,7,177.6246,179.90204
2014-06-24,2014-06-24 07:00:00,8,201.21951,204.37036
2014-06-24,2014-06-24 08:00:00,9,245.75822,285.07077
2014-06-24,2014-06-24 09:00:00,10,280.2227,328.7303
2014-06-24,2014-06-24 10:00:00,11,258.21844,319.43683
2014-06-24,2014-06-24 11:00:00,12,250.0,284.7485
2014-06-24,2014-06-24 12:00:00,13,276.77625,303.54108
2014-06-24,2014-06-24 13:00:00,14,295.33405,318.77557
2014-06-24,2014-06-24 14:00:00,15,292.68292,339.97855
2014-06-24,2014-06-24 15:00:00,16,284.9947,335.45984
2014-06-24,2014-06-24 16:00:00,17,272.7996,308.85376
2014-06-24,2014-06-24 17:00:00,18,230.38176,276.69656
2014-06-24,2014-06-24 18:00:00,19,250.79533,270.83826
2014-06-24,2014-06-24 19:00:00,20,243.1071,313.34766
2014-06-24,2014-06-24 20:00:00,21,199.89395,234.58804
2014-06-24,2014-06-24 21:00:00,22,470.57263,447.24188
2014-06-24,2014-06-24 22:00:00,23,467.1262,447.10934
2014-06-24,2014-06-24 23:00:00,24,462.8844,443.93506
2014-06-25,2014-06-25 00:00:00,1,442.73596,454.50485
2014-06-25,2014-06-25 01:00:00,2,467.1262,458.44873
2014-06-25,2014-06-25 02:00:00,3,270.14847,280.88284
2014-06-25,2014-06-25 03:00:00,4,234.62354,234.98479
2014-06-25,2014-06-25 04:00:00,5,199.62885,202.18806
2014-06-25,2014-06-25 05:00:00,6,177.88971,180.48602
2014-06-25,2014-06-25 06:00:00,7,173.38283,178.73416
2014-06-25,2014-06-25 07:00:00,8,197.77307,200.55624
2014-06-25,2014-06-25 08:00:00,9,320.78473,259.89288
2014-06-25,2014-06-25 09:00:00,10,282.8738,295.71396
2014-06-25,2014-06-25 10:00:00,11,230.64687,284.15002
2014-06-25,2014-06-25 11:00:00,12,238.06999,270.99747
2014-06-25,2014-06-25 12:00:00,13,285.52493,288.00684
2014-06-25,2014-06-25 13:00:00,14,290.82715,307.03357
2014-06-25,2014-06-25 14:00:00,15,283.13892,315.7182
2014-06-25,2014-06-25 15:00:00,16,291.35736,310.88217
2014-06-25,2014-06-25 16:00:00,17,339.87274,287.3721
2014-06-25,2014-06-25 17:00:00,18,308.0594,252.58759
2014-06-25,2014-06-25 18:00:00,19,264.58112,253.33008
2014-06-25,2014-06-25 19:00:00,20,283.40402,275.83255
2014-06-25,2014-06-25 20:00:00,21,228.79109,219.99933
2014-06-25,2014-06-25 21:00:00,22,464.7402,449.63995
2014-06-25,2014-06-25 22:00:00,23,480.11664,449.82706
2014-06-25,2014-06-25 23:00:00,24,453.0753,447.49228
2014-06-26,2014-06-26 00:00:00,1,452.01483,451.28195
2014-06-26,2014-06-26 01:00:00,2,467.92154,460.71283
2014-06-26,2014-06-26 02:00:00,3,275.45068,282.75528
2014-06-26,2014-06-26 03:00:00,4,227.46553,244.63187
2014-06-26,2014-06-26 04:00:00,5,197.24284,209.56198
2014-06-26,2014-06-26 05:00:00,6,206.52174,182.20111
2014-06-26,2014-06-26 06:00:00,7,175.76883,179.65614
2014-06-26,2014-06-26 07:00:00,8,187.16861,203.55406
2014-06-26,2014-06-26 08:00:00,9,261.13467,278.41705
2014-06-26,2014-06-26 09:00:00,10,249.20467,302.50256
2014-06-26,2014-06-26 10:00:00,11,230.11665,282.5829
2014-06-26,2014-06-26 11:00:00,12,232.76776,266.5168
2014-06-26,2014-06-26 12:00:00,13,278.89713,294.33694
2014-06-26,2014-06-26 13:00:00,14,358.69565,308.71353
2014-06-26,2014-06-26 14:00:00,15,338.8123,319.849
2014-06-26,2014-06-26 15:00:00,16,315.21738,317.0786
2014-06-26,2014-06-26 16:00:00,17,271.73914,310.08716
2014-06-26,2014-06-26 17:00:00,18,190.34995,270.85284
2014-06-26,2014-06-26 18:00:00,19,157.21103,261.57867
2014-06-26,2014-06-26 19:00:00,20,239.66066,273.05704
2014-06-26,2014-06-26 20:00:00,21,332.97986,223.81262
2014-06-26,2014-06-26 21:00:00,22,412.51324,450.3929
2014-06-26,2014-06-26 22:00:00,23,447.77307,451.8058
2014-06-26,2014-06-26 23:00:00,24,427.6246,446.81918
2014-06-27,2014-06-27 00:00:00,1,419.67126,441.7348
2014-06-27,2014-06-27 01:00:00,2,464.47507,445.82574
2014-06-27,2014-06-27 02:00:00,3,269.35312,270.1049
2014-06-27,2014-06-27 03:00:00,4,236.2142,227.62231
2014-06-27,2014-06-27 04:00:00,5,204.93108,203.15057
2014-06-27,2014-06-27 05:00:00,6,185.04771,186.65604
2014-06-27,2014-06-27 06:00:00,7,180.27571,176.45236
2014-06-27,2014-06-27 07:00:00,8,206.25662,191.31473
2014-06-27,2014-06-27 08:00:00,9,249.7349,259.29462
2014-06-27,2014-06-27 09:00:00,10,257.68823,273.78107
2014-06-27,2014-06-27 10:00:00,11,335.36584,257.2701
2014-06-27,2014-06-27 11:00:00,12,308.0594,252.6805
2014-06-27,2014-06-27 12:00:00,13,288.70627,286.85068
2014-06-27,2014-06-27 13:00:00,14,289.7667,307.09537
2014-06-27,2014-06-27 14:00:00,15,323.43585,309.467
2014-06-27,2014-06-27 15:00:00,16,304.61295,303.39435
2014-06-27,2014-06-27 16:00:00,17,294.00848,290.8607
2014-06-27,2014-06-27 17:00:00,18,248.40933,247.01338
2014-06-27,2014-06-27 18:00:00,19,227.46553,223.09079
2014-06-27,2014-06-27 19:00:00,20,239.66066,249.60751
2014-06-27,2014-06-27 20:00:00,21,196.1824,223.40994
2014-06-27,2014-06-27 21:00:00,22,460.76352,423.79126
2014-06-27,2014-06-27 22:00:00,23,457.8473,422.6374
2014-06-27,2014-06-27 23:00:00,24,432.92682,405.67096
2014-06-28,2014-06-28 00:00:00,1,419.14105,399.48895
2014-06-28,2014-06-28 01:00:00,2,432.6617,394.26086
2014-06-28,2014-06-28 02:00:00,3,186.63838,184.93915
2014-06-28,2014-06-28 03:00:00,4,141.03923,134.058
2014-06-28,2014-06-28 04:00:00,5,123.807,120.55666
2014-06-28,2014-06-28 05:00:00,6,94.37964,102.791794
2014-06-28,2014-06-28 06:00:00,7,76.352066,87.720215
2014-06-28,2014-06-28 07:00:00,8,78.73807,86.06233
2014-06-28,2014-06-28 08:00:00,9,102.06787,82.84091
2014-06-28,2014-06-28 09:00:00,10,86.95652,77.345764
2014-06-28,2014-06-28 10:00:00,11,83.51007,75.76723
2014-06-28,2014-06-28 11:00:00,12,76.61718,75.363144
2014-06-28,2014-06-28 12:00:00,13,75.02651,77.43695
2014-06-28,2014-06-28 13:00:00,14,81.12407,77.731094
2014-06-28,2014-06-28 14:00:00,15,82.97985,78.394684
2014-06-28,2014-06-28 15:00:00,16,78.47296,75.14374
2014-06-28,2014-06-28 16:00:00,17,62.036057,69.42175
2014-06-28,2014-06-28 17:00:00,18,58.324497,69.49968
2014-06-28,2014-06-28 18:00:00,19,68.92895,71.79503
2014-06-28,2014-06-28 19:00:00,20,70.519615,73.65596
2014-06-28,2014-06-28 20:00:00,21,75.291626,76.96178
2014-06-28,2014-06-28 21:00:00,22,95.44009,88.77678
2014-06-28,2014-06-28 22:00:00,23,102.863205,94.8797
2014-06-28,2014-06-28 23:00:00,24,95.44009,90.24028
2014-06-29,2014-06-29 00:00:00,1,95.44009,92.297806
2014-06-29,2014-06-29 01:00:00,2,104.71898,100.65158
2014-06-29,2014-06-29 02:00:00,3,108.695656,106.09892
2014-06-29,2014-06-29 03:00:00,4,107.63521,103.26303
2014-06-29,2014-06-29 04:00:00,5,98.35631,94.01317
2014-06-29,2014-06-29 05:00:00,6,83.775185,78.66373
2014-06-29,2014-06-29 06:00:00,7,68.13361,71.92149
2014-06-29,2014-06-29 07:00:00,8,74.7614,73.01834
2014-06-29,2014-06-29 08:00:00,9,78.47296,73.785034
2014-06-29,2014-06-29 09:00:00,10,75.291626,73.136856
2014-06-29,2014-06-29 10:00:00,11,65.21739,69.89784
2014-06-29,2014-06-29 11:00:00,12,57.794273,68.53227
2014-06-29,2014-06-29 12:00:00,13,68.66384,68.14851
2014-06-29,2014-06-29 13:00:00,14,72.64051,72.73207
2014-06-29,2014-06-29 14:00:00,15,72.3754,74.5901
2014-06-29,2014-06-29 15:00:00,16,69.989395,74.46869
2014-06-29,2014-06-29 16:00:00,17,69.72428,77.414185
2014-06-29,2014-06-29 17:00:00,18,94.64475,81.55301
2014-06-29,2014-06-29 18:00:00,19,115.58855,86.39482
2014-06-29,2014-06-29 19:00:00,20,119.3001,87.13246
2014-06-29,2014-06-29 20:00:00,21,133.08589,98.94238
2014-06-29,2014-06-29 21:00:00,22,190.88017,135.8271
2014-06-29,2014-06-29 22:00:00,23,220.30753,156.90445
2014-06-29,2014-06-29 23:00:00,24,256.89288,156.25703
2014-06-30,2014-06-30 00:00:00,1,283.66913,219.66513
2014-06-30,2014-06-30 01:00:00,2,303.02228,239.81183
2014-06-30,2014-06-30 02:00:00,3,189.55461,215.03831
2014-06-30,2014-06-30 03:00:00,4,178.95016,195.1367
2014-06-30,2014-06-30 04:00:00,5,158.00636,165.77591
2014-06-30,2014-06-30 05:00:00,6,151.11346,153.97273
2014-06-30,2014-06-30 06:00:00,7,157.21103,157.32443
2014-06-30,2014-06-30 07:00:00,8,174.44327,201.21803
2014-06-30,2014-06-30 08:00:00,9,236.2142,275.17105
2014-06-30,2014-06-30 09:00:00,10,262.19513,317.11932
2014-06-30,2014-06-30 10:00:00,11,313.6267,305.78613
2014-06-30,2014-06-30 11:00:00,12,306.46872,270.6395
2014-06-30,2014-06-30 12:00:00,13,295.06894,282.14407
2014-06-30,2014-06-30 13:00:00,14,322.6405,308.23126
2014-06-30,2014-06-30 14:00:00,15,335.63095,331.94516
2014-06-30,2014-06-30 15:00:00,16,326.6172,328.8508
2014-06-30,2014-06-30 16:00:00,17,306.46872,292.45908
2014-06-30,2014-06-30 17:00:00,18,262.19513,252.84863
2014-06-30,2014-06-30 18:00:00,19,272.00424,240.32756
2014-06-30,2014-06-30 19:00:00,20,266.4369,264.54227
2014-06-30,2014-06-30 20:00:00,21,234.88866,235.10236
2014-06-30,2014-06-30 21:00:00,22,467.3913,438.26178
2014-06-30,2014-06-30 22:00:00,23,472.95865,443.0163
2014-06-30,2014-06-30 23:00:00,24,461.02863,441.7381
2014-07-01,2014-07-01 00:00:00,1,446.1824,454.63043
2014-07-01,2014-07-01 01:00:00,2,454.93106,461.62003
2014-07-01,2014-07-01 02:00:00,3,242.31177,284.2281
2014-07-01,2014-07-01 03:00:00,4,221.10286,241.30634
2014-07-01,2014-07-01 04:00:00,5,187.96394,210.53455
2014-07-01,2014-07-01 05:00:00,6,170.99683,187.91669
2014-07-01,2014-07-01 06:00:00,7,169.14104,183.42987
2014-07-01,2014-07-01 07:00:00,8,197.24284,200.87695
2014-07-01,2014-07-01 08:00:00,9,252.65111,265.77365
2014-07-01,2014-07-01 09:00:00,10,245.75822,287.80353
2014-07-01,2014-07-01 10:00:00,11,332.1845,291.5746
2014-07-01,2014-07-01 11:00:00,12,290.82715,281.98276
2014-07-01,2014-07-01 12:00:00,13,293.21313,297.19064
2014-07-01,2014-07-01 13:00:00,14,290.56204,313.55627
2014-07-01,2014-07-01 14:00:00,15,309.91516,324.25912
2014-07-01,2014-07-01 15:00:00,16,308.5896,317.76767
2014-07-01,2014-07-01 16:00:00,17,285.52493,295.85938
2014-07-01,2014-07-01 17:00:00,18,257.68823,255.46057
2014-07-01,2014-07-01 18:00:00,19,262.72534,250.93082
2014-07-01,2014-07-01 19:00:00,20,303.02228,268.4427
2014-07-01,2014-07-01 20:00:00,21,215.80063,227.41518
2014-07-01,2014-07-01 21:00:00,22,483.29797,448.05615
2014-07-01,2014-07-01 22:00:00,23,473.75397,452.3529
2014-07-01,2014-07-01 23:00:00,24,453.0753,448.79614
2014-07-02,2014-07-02 00:00:00,1,453.0753,453.76938
2014-07-02,2014-07-02 01:00:00,2,471.10287,461.3252
2014-07-02,2014-07-02 02:00:00,3,339.87274,267.39005
2014-07-02,2014-07-02 03:00:00,4,309.11984,232.95631
2014-07-02,2014-07-02 04:00:00,5,244.16756,204.2031
2014-07-02,2014-07-02 05:00:00,6,226.93532,185.1554
2014-07-02,2014-07-02 06:00:00,7,225.07953,180.205
2014-07-02,2014-07-02 07:00:00,8,189.55461,201.30885
2014-07-02,2014-07-02 08:00:00,9,283.93427,259.82993
2014-07-02,2014-07-02 09:00:00,10,279.95758,274.11908
2014-07-02,2014-07-02 10:00:00,11,330.32874,297.80865
2014-07-02,2014-07-02 11:00:00,12,304.87805,276.57495
2014-07-02,2014-07-02 12:00:00,13,299.57584,287.08136
2014-07-02,2014-07-02 13:00:00,14,320.78473,302.56427
2014-07-02,2014-07-02 14:00:00,15,344.64474,317.53006
2014-07-02,2014-07-02 15:00:00,16,319.72427,315.44052
2014-07-02,2014-07-02 16:00:00,17,310.18027,295.93124
2014-07-02,2014-07-02 17:00:00,18,261.93002,257.5628
2014-07-02,2014-07-02 18:00:00,19,247.08377,252.74126
2014-07-02,2014-07-02 19:00:00,20,242.31177,268.27975
2014-07-02,2014-07-02 20:00:00,21,226.13998,229.92241
2014-07-02,2014-07-02 21:00:00,22,485.9491,451.01746
2014-07-02,2014-07-02 22:00:00,23,465.53552,452.6624
2014-07-02,2014-07-02 23:00:00,24,461.82397,449.42645
2014-07-03,2014-07-03 00:00:00,1,451.74973,453.83478
2014-07-03,2014-07-03 01:00:00,2,470.30753,463.88843
2014-07-03,2014-07-03 02:00:00,3,327.94275,283.72955
2014-07-03,2014-07-03 03:00:00,4,304.34784,247.45702
2014-07-03,2014-07-03 04:00:00,5,223.48886,213.47002
2014-07-03,2014-07-03 05:00:00,6,244.96289,193.63876
2014-07-03,2014-07-03 06:00:00,7,224.2842,187.19034
2014-07-03,2014-07-03 07:00:00,8,180.80594,197.51671
2014-07-03,2014-07-03 08:00:00,9,235.41887,257.4401
2014-07-03,2014-07-03 09:00:00,10,256.62778,261.2168
2014-07-03,2014-07-03 10:00:00,11,319.72427,296.9809
2014-07-03,2014-07-03 11:00:00,12,303.5525,281.5142
2014-07-03,2014-07-03 12:00:00,13,290.56204,291.25168
2014-07-03,2014-07-03 13:00:00,14,301.96182,306.45514
2014-07-03,2014-07-03 14:00:00,15,315.74762,316.9141
2014-07-03,2014-07-03 15:00:00,16,319.45917,310.0702
2014-07-03,2014-07-03 16:00:00,17,290.82715,290.08472
2014-07-03,2014-07-03 17:00:00,18,252.386,250.97029
2014-07-03,2014-07-03 18:00:00,19,232.50266,244.91974
2014-07-03,2014-07-03 19:00:00,20,238.6002,257.36227
2014-07-03,2014-07-03 20:00:00,21,236.74443,228.63332
2014-07-03,2014-07-03 21:00:00,22,475.34464,451.8603
2014-07-03,2014-07-03 22:00:00,23,464.20996,452.68347
2014-07-03,2014-07-03 23:00:00,24,453.87064,446.02188
2014-07-04,2014-07-04 00:00:00,1,454.93106,446.72052
2014-07-04,2014-07-04 01:00:00,2,458.37753,456.70752
2014-07-04,2014-07-04 02:00:00,3,253.18134,289.20807
2014-07-04,2014-07-04 03:00:00,4,209.96819,257.33307
2014-07-04,2014-07-04 04:00:00,5,187.69884,216.46582
2014-07-04,2014-07-04 05:00:00,6,165.6946,200.99501
2014-07-04,2014-07-04 06:00:00,7,156.4157,194.25311
2014-07-04,2014-07-04 07:00:00,8,176.03394,197.44551
2014-07-04,2014-07-04 08:00:00,9,223.48886,258.40558
2014-07-04,2014-07-04 09:00:00,10,253.71156,271.31665
2014-07-04,2014-07-04 10:00:00,11,323.70096,314.0923
2014-07-04,2014-07-04 11:00:00,12,267.23224,299.1659
2014-07-04,2014-07-04 12:00:00,13,251.06044,301.60382
2014-07-04,2014-07-04 13:00:00,14,251.06044,312.8117
2014-07-04,2014-07-04 14:00:00,15,324.49628,325.5078
2014-07-04,2014-07-04 15:00:00,16,312.03604,317.4012
2014-07-04,2014-07-04 16:00:00,17,283.40402,295.09097
2014-07-04,2014-07-04 17:00:00,18,259.544,253.79973
2014-07-04,2014-07-04 18:00:00,19,247.614,240.56905
2014-07-04,2014-07-04 19:00:00,20,220.83775,243.7706
2014-07-04,2014-07-04 20:00:00,21,236.47932,206.5979
2014-07-04,2014-07-04 21:00:00,22,448.5684,447.72424
2014-07-04,2014-07-04 22:00:00,23,468.71686,443.21365
2014-07-04,2014-07-04 23:00:00,24,444.32663,434.92725
2014-07-05,2014-07-05 00:00:00,1,413.8388,419.13257
2014-07-05,2014-07-05 01:00:00,2,424.17816,418.23407
2014-07-05,2014-07-05 02:00:00,3,192.47084,202.83992
2014-07-05,2014-07-05 03:00:00,4,148.99258,143.9177
2014-07-05,2014-07-05 04:00:00,5,124.60233,123.35779
2014-07-05,2014-07-05 05:00:00,6,102.863205,98.585526
2014-07-05,2014-07-05 06:00:00,7,75.02651,83.69574
2014-07-05,2014-07-05 07:00:00,8,81.38918,82.981995
2014-07-05,2014-07-05 08:00:00,9,115.32343,83.34593
2014-07-05,2014-07-05 09:00:00,10,165.42947,78.523056
2014-07-05,2014-07-05 10:00:00,11,118.50477,78.222946
2014-07-05,2014-07-05 11:00:00,12,111.08166,77.058
2014-07-05,2014-07-05 12:00:00,13,126.193,76.78601
2014-07-05,2014-07-05 13:00:00,14,120.36055,75.31447
2014-07-05,2014-07-05 14:00:00,15,136.26723,77.45613
2014-07-05,2014-07-05 15:00:00,16,126.458115,75.43233
2014-07-05,2014-07-05 16:00:00,17,98.62142,70.62355
2014-07-05,2014-07-05 17:00:00,18,70.25451,70.601746
2014-07-05,2014-07-05 18:00:00,19,78.20785,72.19173
2014-07-05,2014-07-05 19:00:00,20,83.51007,74.19597
2014-07-05,2014-07-05 20:00:00,21,86.691414,78.03171
2014-07-05,2014-07-05 21:00:00,22,100.21209,91.809784
2014-07-05,2014-07-05 22:00:00,23,104.18876,99.04686
2014-07-05,2014-07-05 23:00:00,24,94.64475,96.09349
2014-07-06,2014-07-06 00:00:00,1,95.17497,93.21617
2014-07-06,2014-07-06 01:00:00,2,105.77943,99.911316
2014-07-06,2014-07-06 02:00:00,3,110.55143,103.604065
2014-07-06,2014-07-06 03:00:00,4,107.900314,104.11473
2014-07-06,2014-07-06 04:00:00,5,102.863205,95.77011
2014-07-06,2014-07-06 05:00:00,6,85.89608,81.694855
2014-07-06,2014-07-06 06:00:00,7,73.435844,72.94681
2014-07-06,2014-07-06 07:00:00,8,76.08696,74.139084
2014-07-06,2014-07-06 08:00:00,9,76.08696,75.13501
2014-07-06,2014-07-06 09:00:00,10,74.7614,75.452286
2014-07-06,2014-07-06 10:00:00,11,65.482506,72.005264
2014-07-06,2014-07-06 11:00:00,12,58.324497,70.66072
2014-07-06,2014-07-06 12:00:00,13,67.60339,70.82341
2014-07-06,2014-07-06 13:00:00,14,74.23118,72.82634
2014-07-06,2014-07-06 14:00:00,15,77.41251,74.34996
2014-07-06,2014-07-06 15:00:00,16,73.70095,74.596725
2014-07-06,2014-07-06 16:00:00,17,68.39873,79.62654
2014-07-06,2014-07-06 17:00:00,18,86.95652,85.89426
2014-07-06,2014-07-06 18:00:00,19,103.12831,94.25496
2014-07-06,2014-07-06 19:00:00,20,113.46766,102.89656
2014-07-06,2014-07-06 20:00:00,21,105.24921,122.00282
2014-07-06,2014-07-06 21:00:00,22,233.03287,169.5935
2014-07-06,2014-07-06 22:00:00,23,283.93427,187.302
2014-07-06,2014-07-06 23:00:00,24,261.39978,172.17589
2014-07-07,2014-07-07 00:00:00,1,286.58536,269.00543
2014-07-07,2014-07-07 01:00:00,2,303.28738,289.724
2014-07-07,2014-07-07 02:00:00,3,198.5684,198.42552
2014-07-07,2014-07-07 03:00:00,4,168.3457,180.19098
2014-07-07,2014-07-07 04:00:00,5,154.0297,162.3868
2014-07-07,2014-07-07 05:00:00,6,141.30435,152.79077
2014-07-07,2014-07-07 06:00:00,7,151.64369,157.7869
2014-07-07,2014-07-07 07:00:00,8,177.3595,184.62067
2014-07-07,2014-07-07 08:00:00,9,229.0562,253.9046
2014-07-07,2014-07-07 09:00:00,10,257.42313,279.4003
2014-07-07,2014-07-07 10:00:00,11,331.6543,319.67557
2014-07-07,2014-07-07 11:00:00,12,335.10074,289.1889
2014-07-07,2014-07-07 12:00:00,13,311.50583,282.93182
2014-07-07,2014-07-07 13:00:00,14,319.72427,295.00604
2014-07-07,2014-07-07 14:00:00,15,346.2354,328.83258
2014-07-07,2014-07-07 15:00:00,16,341.99365,319.67636
2014-07-07,2014-07-07 16:00:00,17,312.8314,299.09943
2014-07-07,2014-07-07 17:00:00,18,270.9438,269.86362
2014-07-07,2014-07-07 18:00:00,19,259.8091,262.48822
2014-07-07,2014-07-07 19:00:00,20,266.96713,260.347
2014-07-07,2014-07-07 20:00:00,21,243.37222,236.24277
2014-07-07,2014-07-07 21:00:00,22,487.53976,454.73062
2014-07-07,2014-07-07 22:00:00,23,485.684,454.97202
2014-07-07,2014-07-07 23:00:00,24,458.64264,449.15137
2014-07-08,2014-07-08 00:00:00,1,455.99152,459.89398
2014-07-08,2014-07-08 01:00:00,2,472.69354,467.78113
2014-07-08,2014-07-08 02:00:00,3,260.07422,275.42047
2014-07-08,2014-07-08 03:00:00,4,220.04242,239.03465
2014-07-08,2014-07-08 04:00:00,5,184.78261,205.74962
2014-07-08,2014-07-08 05:00:00,6,165.16437,191.39377
2014-07-08,2014-07-08 06:00:00,7,166.22481,186.98201
2014-07-08,2014-07-08 07:00:00,8,195.91728,197.85585
2014-07-08,2014-07-08 08:00:00,9,240.98622,251.27875
2014-07-08,2014-07-08 09:00:00,10,264.316,263.2947
2014-07-08,2014-07-08 10:00:00,11,312.56628,315.67715
2014-07-08,2014-07-08 11:00:00,12,301.4316,295.35764
2014-07-08,2014-07-08 12:00:00,13,283.13892,290.26804
2014-07-08,2014-07-08 13:00:00,14,324.49628,300.96848
2014-07-08,2014-07-08 14:00:00,15,326.8823,323.22632
2014-07-08,2014-07-08 15:00:00,16,328.20786,315.7476
2014-07-08,2014-07-08 16:00:00,17,300.63626,296.79877
2014-07-08,2014-07-08 17:00:00,18,248.67444,257.02176
2014-07-08,2014-07-08 18:00:00,19,235.41887,252.14134
2014-07-08,2014-07-08 19:00:00,20,249.20467,255.24791
2014-07-08,2014-07-08 20:00:00,21,272.00424,229.72087
2014-07-08,2014-07-08 21:00:00,22,422.5875,465.34674
2014-07-08,2014-07-08 22:00:00,23,463.67975,466.4005
2014-07-08,2014-07-08 23:00:00,24,464.7402,456.85632
2014-07-09,2014-07-09 00:00:00,1,462.3542,459.7972
2014-07-09,2014-07-09 01:00:00,2,469.5122,470.20435
2014-07-09,2014-07-09 02:00:00,3,357.90033,291.61365
2014-07-09,2014-07-09 03:00:00,4,369.56522,251.29416
2014-07-09,2014-07-09 04:00:00,5,242.842,215.63995
2014-07-09,2014-07-09 05:00:00,6,159.0668,199.98836
2014-07-09,2014-07-09 06:00:00,7,143.42523,195.12148
2014-07-09,2014-07-09 07:00:00,8,185.31284,201.15442
2014-07-09,2014-07-09 08:00:00,9,227.20042,256.90988
2014-07-09,2014-07-09 09:00:00,10,258.48355,267.29266
2014-07-09,2014-07-09 10:00:00,11,331.9194,317.2469
2014-07-09,2014-07-09 11:00:00,12,329.79852,301.5688
2014-07-09,2014-07-09 12:00:00,13,316.27783,292.66418
2014-07-09,2014-07-09 13:00:00,14,322.6405,309.3125
2014-07-09,2014-07-09 14:00:00,15,370.62567,327.88086
2014-07-09,2014-07-09 15:00:00,16,341.1983,321.64832
2014-07-09,2014-07-09 16:00:00,17,307.79428,303.7605
2014-07-09,2014-07-09 17:00:00,18,259.0138,261.3789
2014-07-09,2014-07-09 18:00:00,19,219.51219,247.16786
2014-07-09,2014-07-09 19:00:00,20,235.15376,250.9679
2014-07-09,2014-07-09 20:00:00,21,240.98622,237.34221
2014-07-09,2014-07-09 21:00:00,22,454.40085,458.2681
2014-07-09,2014-07-09 22:00:00,23,473.75397,462.65094
2014-07-09,2014-07-09 23:00:00,24,457.05197,455.39417
2014-07-10,2014-07-10 00:00:00,1,450.6893,460.94507
2014-07-10,2014-07-10 01:00:00,2,465.0053,471.50012
2014-07-10,2014-07-10 02:00:00,3,256.36267,294.44208
2014-07-10,2014-07-10 03:00:00,4,209.43796,255.19817
2014-07-10,2014-07-10 04:00:00,5,179.7455,209.44348
2014-07-10,2014-07-10 05:00:00,6,155.09013,185.8359
2014-07-10,2014-07-10 06:00:00,7,154.2948,178.92941
2014-07-10,2014-07-10 07:00:00,8,179.7455,193.40594
2014-07-10,2014-07-10 08:00:00,9,240.98622,239.26724
2014-07-10,2014-07-10 09:00:00,10,245.75822,259.63538
2014-07-10,2014-07-10 10:00:00,11,323.43585,320.5731
2014-07-10,2014-07-10 11:00:00,12,323.43585,303.8154
2014-07-10,2014-07-10 12:00:00,13,332.44962,291.0908
2014-07-10,2014-07-10 13:00:00,14,285.2598,307.36658
2014-07-10,2014-07-10 14:00:00,15,329.00317,334.3677
2014-07-10,2014-07-10 15:00:00,16,344.11453,321.04373
2014-07-10,2014-07-10 16:00:00,17,336.4263,294.85168
2014-07-10,2014-07-10 17:00:00,18,292.68292,253.46098
2014-07-10,2014-07-10 18:00:00,19,263.25555,236.52786
2014-07-10,2014-07-10 19:00:00,20,257.95334,243.9829
2014-07-10,2014-07-10 20:00:00,21,246.55356,240.43398
2014-07-10,2014-07-10 21:00:00,22,492.57687,449.4738
2014-07-10,2014-07-10 22:00:00,23,485.684,457.16528
2014-07-10,2014-07-10 23:00:00,24,467.92154,448.6242
2014-07-11,2014-07-11 00:00:00,1,457.05197,457.10364
2014-07-11,2014-07-11 01:00:00,2,475.07953,463.74265
2014-07-11,2014-07-11 02:00:00,3,255.83244,270.5884
2014-07-11,2014-07-11 03:00:00,4,219.51219,231.7502
2014-07-11,2014-07-11 04:00:00,5,188.49417,196.18372
2014-07-11,2014-07-11 05:00:00,6,157.74126,171.31926
2014-07-11,2014-07-11 06:00:00,7,155.62036,169.2662
2014-07-11,2014-07-11 07:00:00,8,174.9735,193.1966
2014-07-11,2014-07-11 08:00:00,9,252.1209,243.43703
2014-07-11,2014-07-11 09:00:00,10,351.53766,258.8255
2014-07-11,2014-07-11 10:00:00,11,337.75186,329.94174
2014-07-11,2014-07-11 11:00:00,12,349.41675,313.46683
2014-07-11,2014-07-11 12:00:00,13,326.35208,297.5302
2014-07-11,2014-07-11 13:00:00,14,325.29163,298.94812
2014-07-11,2014-07-11 14:00:00,15,353.65854,331.81067
2014-07-11,2014-07-11 15:00:00,16,348.62143,326.0736
2014-07-11,2014-07-11 16:00:00,17,320.25452,300.42154
2014-07-11,2014-07-11 17:00:00,18,262.99045,264.37265
2014-07-11,2014-07-11 18:00:00,19,227.99576,245.82361
2014-07-11,2014-07-11 19:00:00,20,217.65642,240.87352
2014-07-11,2014-07-11 20:00:00,21,183.45705,218.91394
2014-07-11,2014-07-11 21:00:00,22,450.6893,452.42322
2014-07-11,2014-07-11 22:00:00,23,439.55463,453.36108
2014-07-11,2014-07-11 23:00:00,24,416.75504,440.19305
2014-07-12,2014-07-12 00:00:00,1,418.6108,409.9621
2014-07-12,2014-07-12 01:00:00,2,413.3086,414.31238
2014-07-12,2014-07-12 02:00:00,3,185.84305,191.70746
2014-07-12,2014-07-12 03:00:00,4,142.09969,141.67126
2014-07-12,2014-07-12 04:00:00,5,127.518555,120.23033
2014-07-12,2014-07-12 05:00:00,6,100.74231,95.82524
2014-07-12,2014-07-12 06:00:00,7,84.83563,79.80693
2014-07-12,2014-07-12 07:00:00,8,92.78897,84.92049
2014-07-12,2014-07-12 08:00:00,9,137.8579,107.3477
2014-07-12,2014-07-12 09:00:00,10,204.93108,121.59272
2014-07-12,2014-07-12 10:00:00,11,162.24814,108.938934
2014-07-12,2014-07-12 11:00:00,12,154.82503,102.1012
2014-07-12,2014-07-12 12:00:00,13,174.9735,103.50304
2014-07-12,2014-07-12 13:00:00,14,149.5228,102.76488
2014-07-12,2014-07-12 14:00:00,15,179.48038,113.847
2014-07-12,2014-07-12 15:00:00,16,177.88971,105.02214
2014-07-12,2014-07-12 16:00:00,17,139.18346,83.56233
2014-07-12,2014-07-12 17:00:00,18,71.31495,73.934494
2014-07-12,2014-07-12 18:00:00,19,78.47296,79.15762
2014-07-12,2014-07-12 19:00:00,20,87.48675,80.03494
2014-07-12,2014-07-12 20:00:00,21,85.10074,82.5504
2014-07-12,2014-07-12 21:00:00,22,98.35631,95.75162
2014-07-12,2014-07-12 22:00:00,23,103.65854,100.32329
2014-07-12,2014-07-12 23:00:00,24,95.44009,96.149826
2014-07-13,2014-07-13 00:00:00,1,96.76564,94.235825
2014-07-13,2014-07-13 01:00:00,2,104.71898,100.080444
2014-07-13,2014-07-13 02:00:00,3,113.46766,106.28201
2014-07-13,2014-07-13 03:00:00,4,110.81654,108.49533
2014-07-13,2014-07-13 04:00:00,5,105.24921,101.26581
2014-07-13,2014-07-13 05:00:00,6,84.305405,82.607864
2014-07-13,2014-07-13 06:00:00,7,69.989395,72.17166
2014-07-13,2014-07-13 07:00:00,8,75.291626,74.48073
2014-07-13,2014-07-13 08:00:00,9,76.88229,75.16724
2014-07-13,2014-07-13 09:00:00,10,77.94273,73.8634
2014-07-13,2014-07-13 10:00:00,11,70.78473,70.09854
2014-07-13,2014-07-13 11:00:00,12,62.83139,68.83751
2014-07-13,2014-07-13 12:00:00,13,72.64051,69.324524
2014-07-13,2014-07-13 13:00:00,14,69.19406,72.07536
2014-07-13,2014-07-13 14:00:00,15,73.966064,73.532196
2014-07-13,2014-07-13 15:00:00,16,69.19406,72.87854
2014-07-13,2014-07-13 16:00:00,17,71.04984,79.00624
2014-07-13,2014-07-13 17:00:00,18,96.76564,87.76959
2014-07-13,2014-07-13 18:00:00,19,111.08166,102.565384
2014-07-13,2014-07-13 19:00:00,20,105.77943,113.76787
2014-07-13,2014-07-13 20:00:00,21,133.61612,110.065796
2014-07-13,2014-07-13 21:00:00,22,147.1368,208.4978
2014-07-13,2014-07-13 22:00:00,23,230.38176,250.23317
2014-07-13,2014-07-13 23:00:00,24,288.97137,257.71783
2014-07-14,2014-07-14 00:00:00,1,306.73383,305.07056
2014-07-14,2014-07-14 01:00:00,2,321.31494,327.13162
2014-07-14,2014-07-14 02:00:00,3,242.842,206.01942
2014-07-14,2014-07-14 03:00:00,4,168.87593,173.78961
2014-07-14,2014-07-14 04:00:00,5,150.05302,161.13629
2014-07-14,2014-07-14 05:00:00,6,182.1315,147.7344
2014-07-14,2014-07-14 06:00:00,7,160.92259,157.86626
2014-07-14,2014-07-14 07:00:00,8,171.79216,188.37975
2014-07-14,2014-07-14 08:00:00,9,249.7349,242.96793
2014-07-14,2014-07-14 09:00:00,10,264.84622,266.83725
2014-07-14,2014-07-14 10:00:00,11,253.71156,330.7617
2014-07-14,2014-07-14 11:00:00,12,316.80804,325.90598
2014-07-14,2014-07-14 12:00:00,13,364.263,307.7679
2014-07-14,2014-07-14 13:00:00,14,368.50476,317.7348
2014-07-14,2014-07-14 14:00:00,15,377.78366,347.37848
2014-07-14,2014-07-14 15:00:00,16,374.86743,342.51123
2014-07-14,2014-07-14 16:00:00,17,348.35632,314.95187
2014-07-14,2014-07-14 17:00:00,18,305.40826,271.8104
2014-07-14,2014-07-14 18:00:00,19,254.24178,258.89706
2014-07-14,2014-07-14 19:00:00,20,253.97667,256.26566
2014-07-14,2014-07-14 20:00:00,21,244.43266,238.68695
2014-07-14,2014-07-14 21:00:00,22,451.2195,459.98492
2014-07-14,2014-07-14 22:00:00,23,480.38177,461.3105
2014-07-14,2014-07-14 23:00:00,24,466.59598,455.37518
2014-07-15,2014-07-15 00:00:00,1,457.8473,461.9464
2014-07-15,2014-07-15 01:00:00,2,464.47507,468.54626
2014-07-15,2014-07-15 02:00:00,3,267.49734,271.25226
2014-07-15,2014-07-15 03:00:00,4,233.03287,226.5592
2014-07-15,2014-07-15 04:00:00,5,196.44751,191.79675
2014-07-15,2014-07-15 05:00:00,6,176.56416,171.35056
2014-07-15,2014-07-15 06:00:00,7,167.55037,168.90848
2014-07-15,2014-07-15 07:00:00,8,196.97774,189.45963
2014-07-15,2014-07-15 08:00:00,9,258.48355,246.93854
2014-07-15,2014-07-15 09:00:00,10,340.6681,271.64517
2014-07-15,2014-07-15 10:00:00,11,325.55673,322.9254
2014-07-15,2014-07-15 11:00:00,12,317.8685,329.3799
2014-07-15,2014-07-15 12:00:00,13,301.96182,326.4423
2014-07-15,2014-07-15 13:00:00,14,309.38495,331.34125
2014-07-15,2014-07-15 14:00:00,15,357.3701,354.1525
2014-07-15,2014-07-15 15:00:00,16,345.7052,348.76025
2014-07-15,2014-07-15 16:00:00,17,322.9056,321.40033
2014-07-15,2014-07-15 17:00:00,18,287.1156,272.7146
2014-07-15,2014-07-15 18:00:00,19,253.71156,245.18686
2014-07-15,2014-07-15 19:00:00,20,249.46977,247.05037
2014-07-15,2014-07-15 20:00:00,21,212.6193,236.88545
2014-07-15,2014-07-15 21:00:00,22,465.53552,454.15286
2014-07-15,2014-07-15 22:00:00,23,458.1124,463.08765
2014-07-15,2014-07-15 23:00:00,24,454.13574,459.65106
2014-07-16,2014-07-16 00:00:00,1,439.81973,459.66486
2014-07-16,2014-07-16 01:00:00,2,441.4104,466.56873
2014-07-16,2014-07-16 02:00:00,3,243.63733,293.62772
2014-07-16,2014-07-16 03:00:00,4,211.82396,256.0915
2014-07-16,2014-07-16 04:00:00,5,208.37752,209.36288
2014-07-16,2014-07-16 05:00:00,6,170.20148,179.30493
2014-07-16,2014-07-16 06:00:00,7,151.11346,172.95236
2014-07-16,2014-07-16 07:00:00,8,181.60127,193.79721
2014-07-16,2014-07-16 08:00:00,9,292.94803,249.03885
2014-07-16,2014-07-16 09:00:00,10,304.34784,282.87473
2014-07-16,2014-07-16 10:00:00,11,264.84622,323.8026
2014-07-16,2014-07-16 11:00:00,12,270.67868,321.5217
2014-07-16,2014-07-16 12:00:00,13,287.3807,310.61078
2014-07-16,2014-07-16 13:00:00,14,299.3107,314.04675
2014-07-16,2014-07-16 14:00:00,15,336.4263,349.3137
2014-07-16,2014-07-16 15:00:00,16,341.72852,343.796
2014-07-16,2014-07-16 16:00:00,17,308.8547,322.95163
2014-07-16,2014-07-16 17:00:00,18,275.45068,275.71335
2014-07-16,2014-07-16 18:00:00,19,256.62778,246.70517
2014-07-16,2014-07-16 19:00:00,20,250.0,246.08275
2014-07-16,2014-07-16 20:00:00,21,207.05196,230.7934
2014-07-16,2014-07-16 21:00:00,22,484.09332,455.2625
2014-07-16,2014-07-16 22:00:00,23,470.57263,461.14322
2014-07-16,2014-07-16 23:00:00,24,455.99152,456.3617
2014-07-17,2014-07-17 00:00:00,1,438.49417,451.16937
2014-07-17,2014-07-17 01:00:00,2,458.1124,450.62756
2014-07-17,2014-07-17 02:00:00,3,233.29799,256.5489
2014-07-17,2014-07-17 03:00:00,4,206.25662,222.32169
2014-07-17,2014-07-17 04:00:00,5,183.98727,200.34023
2014-07-17,2014-07-17 05:00:00,6,148.99258,168.79807
2014-07-17,2014-07-17 06:00:00,7,142.89502,161.78125
2014-07-17,2014-07-17 07:00:00,8,176.29904,187.17604
2014-07-17,2014-07-17 08:00:00,9,306.2036,257.7347
2014-07-17,2014-07-17 09:00:00,10,305.40826,301.05817
2014-07-17,2014-07-17 10:00:00,11,277.5716,310.2021
2014-07-17,2014-07-17 11:00:00,12,297.98517,305.41913
2014-07-17,2014-07-17 12:00:00,13,309.91516,298.4182
2014-07-17,2014-07-17 13:00:00,14,304.0827,305.7668
2014-07-17,2014-07-17 14:00:00,15,327.94275,347.10852
2014-07-17,2014-07-17 15:00:00,16,331.6543,340.69766
2014-07-17,2014-07-17 16:00:00,17,289.7667,315.06137
2014-07-17,2014-07-17 17:00:00,18,271.2089,275.43753
2014-07-17,2014-07-17 18:00:00,19,258.48355,250.01628
2014-07-17,2014-07-17 19:00:00,20,243.37222,246.13454
2014-07-17,2014-07-17 20:00:00,21,239.13043,219.33377
2014-07-17,2014-07-17 21:00:00,22,460.2333,460.62997
2014-07-17,2014-07-17 22:00:00,23,453.87064,460.3804
2014-07-17,2014-07-17 23:00:00,24,449.36374,453.56342
2014-07-18,2014-07-18 00:00:00,1,441.6755,446.93884
2014-07-18,2014-07-18 01:00:00,2,446.71262,453.46506
2014-07-18,2014-07-18 02:00:00,3,230.91199,248.85077
2014-07-18,2014-07-18 03:00:00,4,184.78261,212.0228
2014-07-18,2014-07-18 04:00:00,5,164.89926,194.68686
2014-07-18,2014-07-18 05:00:00,6,141.30435,164.71123
2014-07-18,2014-07-18 06:00:00,7,148.99258,159.7261
2014-07-18,2014-07-18 07:00:00,8,175.50371,185.88983
2014-07-18,2014-07-18 08:00:00,9,307.52917,274.1508
2014-07-18,2014-07-18 09:00:00,10,326.35208,299.2902
2014-07-18,2014-07-18 10:00:00,11,278.63202,295.18637
2014-07-18,2014-07-18 11:00:00,12,277.5716,296.99072
2014-07-18,2014-07-18 12:00:00,13,290.0318,298.58246
2014-07-18,2014-07-18 13:00:00,14,284.72958,303.1701
2014-07-18,2014-07-18 14:00:00,15,294.8038,336.30325
2014-07-18,2014-07-18 15:00:00,16,297.98517,334.7203
2014-07-18,2014-07-18 16:00:00,17,283.93427,301.8649
2014-07-18,2014-07-18 17:00:00,18,242.842,271.1681
2014-07-18,2014-07-18 18:00:00,19,220.04242,250.72525
2014-07-18,2014-07-18 19:00:00,20,237.27466,234.18936
2014-07-18,2014-07-18 20:00:00,21,202.01485,208.09949
2014-07-18,2014-07-18 21:00:00,22,455.4613,442.76624
2014-07-18,2014-07-18 22:00:00,23,448.03818,440.3789
2014-07-18,2014-07-18 23:00:00,24,434.78262,429.5844
2014-07-19,2014-07-19 00:00:00,1,418.3457,408.51294
2014-07-19,2014-07-19 01:00:00,2,442.20572,408.15063
2014-07-19,2014-07-19 02:00:00,3,201.74974,174.20563
2014-07-19,2014-07-19 03:00:00,4,153.49947,137.509
2014-07-19,2014-07-19 04:00:00,5,133.61612,116.80542
2014-07-19,2014-07-19 05:00:00,6,107.63521,93.07185
2014-07-19,2014-07-19 06:00:00,7,83.51007,81.64159
2014-07-19,2014-07-19 07:00:00,8,92.78897,90.66586
2014-07-19,2014-07-19 08:00:00,9,137.8579,142.28015
2014-07-19,2014-07-19 09:00:00,10,204.93108,191.95865
2014-07-19,2014-07-19 10:00:00,11,145.81123,143.14734
2014-07-19,2014-07-19 11:00:00,12,155.62036,142.1408
2014-07-19,2014-07-19 12:00:00,13,160.39236,145.5033
2014-07-19,2014-07-19 13:00:00,14,117.179214,135.873
2014-07-19,2014-07-19 14:00:00,15,178.41994,160.82056
2014-07-19,2014-07-19 15:00:00,16,177.3595,147.87411
2014-07-19,2014-07-19 16:00:00,17,169.67126,116.22026
2014-07-19,2014-07-19 17:00:00,18,102.59809,75.36255
2014-07-19,2014-07-19 18:00:00,19,86.16119,81.77779
2014-07-19,2014-07-19 19:00:00,20,86.95652,84.586044
2014-07-19,2014-07-19 20:00:00,21,109.49099,85.80792
2014-07-19,2014-07-19 21:00:00,22,143.95546,94.57875
2014-07-19,2014-07-19 22:00:00,23,111.61188,97.574265
2014-07-19,2014-07-19 23:00:00,24,101.00742,92.5791
2014-07-20,2014-07-20 00:00:00,1,98.62142,98.753235
2014-07-20,2014-07-20 01:00:00,2,107.10498,104.6781
2014-07-20,2014-07-20 02:00:00,3,108.695656,110.95767
2014-07-20,2014-07-20 03:00:00,4,105.24921,110.74539
2014-07-20,2014-07-20 04:00:00,5,100.74231,104.211365
2014-07-20,2014-07-20 05:00:00,6,79.00318,85.84479
2014-07-20,2014-07-20 06:00:00,7,65.21739,74.95619
2014-07-20,2014-07-20 07:00:00,8,70.519615,75.8461
2014-07-20,2014-07-20 08:00:00,9,74.23118,78.92488
2014-07-20,2014-07-20 09:00:00,10,73.435844,77.01793
2014-07-20,2014-07-20 10:00:00,11,84.305405,69.87511
2014-07-20,2014-07-20 11:00:00,12,67.33828,67.89336
2014-07-20,2014-07-20 12:00:00,13,69.989395,67.96698
2014-07-20,2014-07-20 13:00:00,14,74.7614,70.6465
2014-07-20,2014-07-20 14:00:00,15,75.291626,71.954315
2014-07-20,2014-07-20 15:00:00,16,72.90562,70.60126
2014-07-20,2014-07-20 16:00:00,17,74.7614,77.59868
2014-07-20,2014-07-20 17:00:00,18,102.06787,89.698746
2014-07-20,2014-07-20 18:00:00,19,123.27678,102.477264
2014-07-20,2014-07-20 19:00:00,20,127.25345,106.783356
2014-07-20,2014-07-20 20:00:00,21,105.24921,116.03566
2014-07-20,2014-07-20 21:00:00,22,292.94803,164.43341
2014-07-20,2014-07-20 22:00:00,23,253.71156,236.23427
2014-07-20,2014-07-20 23:00:00,24,279.95758,268.2926
2014-07-21,2014-07-21 00:00:00,1,298.51538,309.10034
2014-07-21,2014-07-21 01:00:00,2,326.8823,339.5379
2014-07-21,2014-07-21 02:00:00,3,257.95334,216.89233
2014-07-21,2014-07-21 03:00:00,4,176.03394,172.59308
2014-07-21,2014-07-21 04:00:00,5,154.0297,157.91144
2014-07-21,2014-07-21 05:00:00,6,148.99258,158.80682
2014-07-21,2014-07-21 06:00:00,7,155.35526,155.41359
2014-07-21,2014-07-21 07:00:00,8,188.75928,179.92822
2014-07-21,2014-07-21 08:00:00,9,236.47932,261.1134
2014-07-21,2014-07-21 09:00:00,10,255.56734,285.6856
2014-07-21,2014-07-21 10:00:00,11,283.13892,288.94208
2014-07-21,2014-07-21 11:00:00,12,332.71475,305.3663
2014-07-21,2014-07-21 12:00:00,13,366.38388,310.89175
2014-07-21,2014-07-21 13:00:00,14,306.46872,315.08295
2014-07-21,2014-07-21 14:00:00,15,281.81335,340.54138
2014-07-21,2014-07-21 15:00:00,16,356.30966,337.13574
2014-07-21,2014-07-21 16:00:00,17,354.18875,309.68344
2014-07-21,2014-07-21 17:00:00,18,310.97562,271.88666
2014-07-21,2014-07-21 18:00:00,19,323.17075,247.36217
2014-07-21,2014-07-21 19:00:00,20,318.1336,247.60487
2014-07-21,2014-07-21 20:00:00,21,295.33405,225.21315
2014-07-21,2014-07-21 21:00:00,22,521.2089,456.0658
2014-07-21,2014-07-21 22:00:00,23,510.86957,453.5993
2014-07-21,2014-07-21 23:00:00,24,514.5811,449.94543
2014-07-22,2014-07-22 00:00:00,1,496.02332,488.6833
2014-07-22,2014-07-22 01:00:00,2,504.2418,491.3446
2014-07-22,2014-07-22 02:00:00,3,279.69247,273.98758
2014-07-22,2014-07-22 03:00:00,4,242.04666,225.28369
2014-07-22,2014-07-22 04:00:00,5,202.54507,200.29361
2014-07-22,2014-07-22 05:00:00,6,198.83351,172.70947
2014-07-22,2014-07-22 06:00:00,7,196.1824,168.4014
2014-07-22,2014-07-22 07:00:00,8,226.6702,197.43336
2014-07-22,2014-07-22 08:00:00,9,279.95758,278.1452
2014-07-22,2014-07-22 09:00:00,10,299.57584,312.49643
2014-07-22,2014-07-22 10:00:00,11,301.96182,312.76785
2014-07-22,2014-07-22 11:00:00,12,296.9247,319.636
2014-07-22,2014-07-22 12:00:00,13,323.17075,319.83386
2014-07-22,2014-07-22 13:00:00,14,322.3754,315.22897
2014-07-22,2014-07-22 14:00:00,15,350.7423,335.7976
2014-07-22,2014-07-22 15:00:00,16,343.05408,343.037
2014-07-22,2014-07-22 16:00:00,17,306.46872,330.37302
2014-07-22,2014-07-22 17:00:00,18,286.58536,288.53568
2014-07-22,2014-07-22 18:00:00,19,253.44644,271.98215
2014-07-22,2014-07-22 19:00:00,20,256.09756,266.76074
2014-07-22,2014-07-22 20:00:00,21,246.28844,242.6019
2014-07-22,2014-07-22 21:00:00,22,476.13998,478.29224
2014-07-22,2014-07-22 22:00:00,23,481.7073,473.193
2014-07-22,2014-07-22 23:00:00,24,483.03287,471.97083
2014-07-23,2014-07-23 00:00:00,1,485.684,461.6842
2014-07-23,2014-07-23 01:00:00,2,492.57687,467.0595
2014-07-23,2014-07-23 02:00:00,3,396.34146,263.13904
2014-07-23,2014-07-23 03:00:00,4,384.94168,225.78172
2014-07-23,2014-07-23 04:00:00,5,244.69777,197.95192
2014-07-23,2014-07-23 05:00:00,6,176.29904,174.15924
2014-07-23,2014-07-23 06:00:00,7,241.78156,169.67311
2014-07-23,2014-07-23 07:00:00,8,233.5631,199.35861
2014-07-23,2014-07-23 08:00:00,9,288.17603,277.8734
2014-07-23,2014-07-23 09:00:00,10,292.1527,310.26877
2014-07-23,2014-07-23 10:00:00,11,288.17603,301.93985
2014-07-23,2014-07-23 11:00:00,12,283.93427,309.35373
2014-07-23,2014-07-23 12:00:00,13,310.7105,312.21964
2014-07-23,2014-07-23 13:00:00,14,330.59384,311.85046
2014-07-23,2014-07-23 14:00:00,15,304.87805,338.82236
2014-07-23,2014-07-23 15:00:00,16,309.91516,340.89832
2014-07-23,2014-07-23 16:00:00,17,282.8738,314.45825
2014-07-23,2014-07-23 17:00:00,18,254.24178,279.5224
2014-07-23,2014-07-23 18:00:00,19,240.98622,259.9093
2014-07-23,2014-07-23 19:00:00,20,240.98622,257.48978
2014-07-23,2014-07-23 20:00:00,21,238.3351,235.7373
2014-07-23,2014-07-23 21:00:00,22,472.95865,470.21442
2014-07-23,2014-07-23 22:00:00,23,472.1633,467.67627
2014-07-23,2014-07-23 23:00:00,24,455.4613,463.83698
2014-07-24,2014-07-24 00:00:00,1,462.6193,460.6363
2014-07-24,2014-07-24 01:00:00,2,466.33087,470.57764
2014-07-24,2014-07-24 02:00:00,3,414.1039,271.7689
2014-07-24,2014-07-24 03:00:00,4,394.22058,228.82364
2014-07-24,2014-07-24 04:00:00,5,295.06894,190.78748
2014-07-24,2014-07-24 05:00:00,6,227.46553,167.5444
2014-07-24,2014-07-24 06:00:00,7,371.6861,175.99542
2014-07-24,2014-07-24 07:00:00,8,302.22693,197.5321
2014-07-24,2014-07-24 08:00:00,9,294.00848,270.15997
2014-07-24,2014-07-24 09:00:00,10,316.80804,284.17383
2014-07-24,2014-07-24 10:00:00,11,330.06363,282.79605
2014-07-24,2014-07-24 11:00:00,12,303.8176,289.1197
2014-07-24,2014-07-24 12:00:00,13,311.77094,304.21338
2014-07-24,2014-07-24 13:00:00,14,314.42206,306.14044
2014-07-24,2014-07-24 14:00:00,15,330.59384,313.7719
2014-07-24,2014-07-24 15:00:00,16,334.57053,315.50443
2014-07-24,2014-07-24 16:00:00,17,308.3245,290.9567
2014-07-24,2014-07-24 17:00:00,18,268.2927,262.68048
2014-07-24,2014-07-24 18:00:00,19,252.91623,246.37326
2014-07-24,2014-07-24 19:00:00,20,260.07422,243.53902
2014-07-24,2014-07-24 20:00:00,21,208.11241,229.16321
2014-07-24,2014-07-24 21:00:00,22,475.87488,464.732
2014-07-24,2014-07-24 22:00:00,23,477.2004,461.3097
2014-07-24,2014-07-24 23:00:00,24,472.1633,457.04642
2014-07-25,2014-07-25 00:00:00,1,467.92154,465.27374
2014-07-25,2014-07-25 01:00:00,2,490.1909,468.79935
2014-07-25,2014-07-25 02:00:00,3,285.79004,376.49207
2014-07-25,2014-07-25 03:00:00,4,272.7996,353.31165
2014-07-25,2014-07-25 04:00:00,5,220.83775,261.44006
2014-07-25,2014-07-25 05:00:00,6,234.09332,201.76277
2014-07-25,2014-07-25 06:00:00,7,364.263,254.23253
2014-07-25,2014-07-25 07:00:00,8,333.51007,258.49524
2014-07-25,2014-07-25 08:00:00,9,291.62247,292.62463
2014-07-25,2014-07-25 09:00:00,10,319.19406,308.60797
2014-07-25,2014-07-25 10:00:00,11,341.99365,309.5717
2014-07-25,2014-07-25 11:00:00,12,324.7614,306.3309
2014-07-25,2014-07-25 12:00:00,13,324.49628,313.27274
2014-07-25,2014-07-25 13:00:00,14,304.61295,315.55057
2014-07-25,2014-07-25 14:00:00,15,349.947,317.17834
2014-07-25,2014-07-25 15:00:00,16,362.4072,319.27753
2014-07-25,2014-07-25 16:00:00,17,320.78473,292.90387
2014-07-25,2014-07-25 17:00:00,18,286.85046,256.2309
2014-07-25,2014-07-25 18:00:00,19,257.68823,234.47124
2014-07-25,2014-07-25 19:00:00,20,242.31177,231.34946
2014-07-25,2014-07-25 20:00:00,21,190.61505,203.68674
2014-07-25,2014-07-25 21:00:00,22,422.3224,457.23865
2014-07-25,2014-07-25 22:00:00,23,422.5875,452.75616
2014-07-25,2014-07-25 23:00:00,24,402.17392,448.44876
2014-07-26,2014-07-26 00:00:00,1,382.02545,420.3764
2014-07-26,2014-07-26 01:00:00,2,389.18347,425.7602
2014-07-26,2014-07-26 02:00:00,3,177.3595,217.03099
2014-07-26,2014-07-26 03:00:00,4,131.76035,176.0611
2014-07-26,2014-07-26 04:00:00,5,117.709435,143.24574
2014-07-26,2014-07-26 05:00:00,6,104.45387,123.18561
2014-07-26,2014-07-26 06:00:00,7,79.00318,141.00229
2014-07-26,2014-07-26 07:00:00,8,92.52386,146.64986
2014-07-26,2014-07-26 08:00:00,9,124.33722,168.61938
2014-07-26,2014-07-26 09:00:00,10,120.09544,206.76003
2014-07-26,2014-07-26 10:00:00,11,117.179214,180.31601
2014-07-26,2014-07-26 11:00:00,12,112.40721,176.66159
2014-07-26,2014-07-26 12:00:00,13,123.541885,171.6171
2014-07-26,2014-07-26 13:00:00,14,118.23966,152.66864
2014-07-26,2014-07-26 14:00:00,15,130.96501,193.3472
2014-07-26,2014-07-26 15:00:00,16,137.8579,189.50432
2014-07-26,2014-07-26 16:00:00,17,125.92789,172.61185
2014-07-26,2014-07-26 17:00:00,18,102.59809,91.52602
2014-07-26,2014-07-26 18:00:00,19,94.114525,87.93237
2014-07-26,2014-07-26 19:00:00,20,88.8123,90.58092
2014-07-26,2014-07-26 20:00:00,21,88.54719,97.50128
2014-07-26,2014-07-26 21:00:00,22,111.61188,118.497345
2014-07-26,2014-07-26 22:00:00,23,110.02121,105.27594
2014-07-26,2014-07-26 23:00:00,24,99.946976,96.24724
2014-07-27,2014-07-27 00:00:00,1,105.77943,96.56119
2014-07-27,2014-07-27 01:00:00,2,118.50477,101.35983
2014-07-27,2014-07-27 02:00:00,3,119.3001,105.27498
2014-07-27,2014-07-27 03:00:00,4,114.5281,104.57814
2014-07-27,2014-07-27 04:00:00,5,109.49099,97.427765
2014-07-27,2014-07-27 05:00:00,6,95.70519,79.926025
2014-07-27,2014-07-27 06:00:00,7,74.23118,70.143326
2014-07-27,2014-07-27 07:00:00,8,77.67763,70.917114
2014-07-27,2014-07-27 08:00:00,9,83.244965,71.27928
2014-07-27,2014-07-27 09:00:00,10,84.57052,74.24167
2014-07-27,2014-07-27 10:00:00,11,76.08696,73.97533
2014-07-27,2014-07-27 11:00:00,12,70.519615,72.23093
2014-07-27,2014-07-27 12:00:00,13,74.7614,69.57262
2014-07-27,2014-07-27 13:00:00,14,78.47296,70.425
2014-07-27,2014-07-27 14:00:00,15,83.244965,72.761856
2014-07-27,2014-07-27 15:00:00,16,91.72852,73.66617
2014-07-27,2014-07-27 16:00:00,17,85.36585,83.37091
2014-07-27,2014-07-27 17:00:00,18,108.16543,92.91292
2014-07-27,2014-07-27 18:00:00,19,121.421,102.11046
2014-07-27,2014-07-27 19:00:00,20,116.38388,104.75032
2014-07-27,2014-07-27 20:00:00,21,99.946976,104.09505
2014-07-27,2014-07-27 21:00:00,22,256.36267,200.17407
2014-07-27,2014-07-27 22:00:00,23,255.83244,234.67241
2014-07-27,2014-07-27 23:00:00,24,254.5069,273.0477
2014-07-28,2014-07-28 00:00:00,1,273.5949,292.67996
2014-07-28,2014-07-28 01:00:00,2,289.7667,330.62125
2014-07-28,2014-07-28 02:00:00,3,227.20042,245.33714
2014-07-28,2014-07-28 03:00:00,4,174.9735,186.96068
2014-07-28,2014-07-28 04:00:00,5,158.27147,163.71744
2014-07-28,2014-07-28 05:00:00,6,154.82503,166.10275
2014-07-28,2014-07-28 06:00:00,7,205.72641,184.20096
2014-07-28,2014-07-28 07:00:00,8,230.38176,205.82062
2014-07-28,2014-07-28 08:00:00,9,284.72958,252.8653
2014-07-28,2014-07-28 09:00:00,10,311.24072,269.23575
2014-07-28,2014-07-28 10:00:00,11,311.77094,281.91458
2014-07-28,2014-07-28 11:00:00,12,317.8685,309.81415
2014-07-28,2014-07-28 12:00:00,13,331.12408,323.67914
2014-07-28,2014-07-28 13:00:00,14,361.87698,320.2039
2014-07-28,2014-07-28 14:00:00,15,360.0212,335.44043
2014-07-28,2014-07-28 15:00:00,16,394.7508,349.61194
2014-07-28,2014-07-28 16:00:00,17,374.0721,312.3993
2014-07-28,2014-07-28 17:00:00,18,277.8367,281.51443
2014-07-28,2014-07-28 18:00:00,19,263.25555,261.20413
2014-07-28,2014-07-28 19:00:00,20,252.386,254.95749
2014-07-28,2014-07-28 20:00:00,21,227.73065,224.51122
2014-07-28,2014-07-28 21:00:00,22,468.45175,455.1646
2014-07-28,2014-07-28 22:00:00,23,484.62354,455.7229
2014-07-28,2014-07-28 23:00:00,24,478.26086,456.64365
2014-07-29,2014-07-29 00:00:00,1,478.52597,460.00925
2014-07-29,2014-07-29 01:00:00,2,483.03287,466.93774
2014-07-29,2014-07-29 02:00:00,3,250.79533,278.35886
2014-07-29,2014-07-29 03:00:00,4,220.57265,236.50119
2014-07-29,2014-07-29 04:00:00,5,190.08484,197.88007
2014-07-29,2014-07-29 05:00:00,6,212.6193,180.87006
2014-07-29,2014-07-29 06:00:00,7,275.45068,198.34738
2014-07-29,2014-07-29 07:00:00,8,237.80487,223.50314
2014-07-29,2014-07-29 08:00:00,9,277.5716,283.4394
2014-07-29,2014-07-29 09:00:00,10,305.14316,303.72034
2014-07-29,2014-07-29 10:00:00,11,302.49203,303.0236
2014-07-29,2014-07-29 11:00:00,12,298.51538,308.9263
2014-07-29,2014-07-29 12:00:00,13,328.73807,317.59393
2014-07-29,2014-07-29 13:00:00,14,340.13785,321.10608
2014-07-29,2014-07-29 14:00:00,15,345.7052,340.6691
2014-07-29,2014-07-29 15:00:00,16,388.38812,349.61426
2014-07-29,2014-07-29 16:00:00,17,355.77942,326.3936
2014-07-29,2014-07-29 17:00:00,18,297.72003,278.83905
2014-07-29,2014-07-29 18:00:00,19,271.47403,259.4549
2014-07-29,2014-07-29 19:00:00,20,264.0509,250.34929
2014-07-29,2014-07-29 20:00:00,21,240.7211,217.75029
2014-07-29,2014-07-29 21:00:00,22,486.4793,460.63928
2014-07-29,2014-07-29 22:00:00,23,485.41888,462.3777
2014-07-29,2014-07-29 23:00:00,24,468.98196,459.99506
2014-07-30,2014-07-30 00:00:00,1,462.8844,469.4942
2014-07-30,2014-07-30 01:00:00,2,459.43796,474.33524
2014-07-30,2014-07-30 02:00:00,3,245.75822,264.21423
2014-07-30,2014-07-30 03:00:00,4,220.57265,224.36797
2014-07-30,2014-07-30 04:00:00,5,190.08484,197.54976
2014-07-30,2014-07-30 05:00:00,6,192.47084,192.47476
2014-07-30,2014-07-30 06:00:00,7,213.67975,229.00792
2014-07-30,2014-07-30 07:00:00,8,234.35843,232.24245
2014-07-30,2014-07-30 08:00:00,9,267.49734,283.00168
2014-07-30,2014-07-30 09:00:00,10,316.27783,295.62305
2014-07-30,2014-07-30 10:00:00,11,315.4825,295.83093
2014-07-30,2014-07-30 11:00:00,12,317.6034,299.06876
2014-07-30,2014-07-30 12:00:00,13,338.01697,311.12076
2014-07-30,2014-07-30 13:00:00,14,393.42523,322.67404
2014-07-30,2014-07-30 14:00:00,15,407.47614,339.75842
2014-07-30,2014-07-30 15:00:00,16,411.98303,352.61395
2014-07-30,2014-07-30 16:00:00,17,374.60233,338.46924
2014-07-30,2014-07-30 17:00:00,18,298.7805,284.18677
2014-07-30,2014-07-30 18:00:00,19,240.19089,266.30518
2014-07-30,2014-07-30 19:00:00,20,243.37222,258.40106
2014-07-30,2014-07-30 20:00:00,21,244.69777,225.89821
2014-07-30,2014-07-30 21:00:00,22,467.1262,471.20227
2014-07-30,2014-07-30 22:00:00,23,475.34464,470.37857
2014-07-30,2014-07-30 23:00:00,24,472.95865,468.03387
2014-07-31,2014-07-31 00:00:00,1,462.3542,469.1018
2014-07-31,2014-07-31 01:00:00,2,472.95865,477.09604
2014-07-31,2014-07-31 02:00:00,3,256.89288,257.666
2014-07-31,2014-07-31 03:00:00,4,226.93532,223.75476
2014-07-31,2014-07-31 04:00:00,5,230.64687,193.11537
2014-07-31,2014-07-31 05:00:00,6,226.93532,193.02702
2014-07-31,2014-07-31 06:00:00,7,226.93532,222.56964
2014-07-31,2014-07-31 07:00:00,8,250.53023,230.79698
2014-07-31,2014-07-31 08:00:00,9,309.11984,274.25797
2014-07-31,2014-07-31 09:00:00,10,337.22162,300.5712
2014-07-31,2014-07-31 10:00:00,11,327.4125,303.36142
2014-07-31,2014-07-31 11:00:00,12,335.8961,311.2669
2014-07-31,2014-07-31 12:00:00,13,356.30966,330.64252
2014-07-31,2014-07-31 13:00:00,14,357.10498,347.71094
2014-07-31,2014-07-31 14:00:00,15,401.11346,365.2741
2014-07-31,2014-07-31 15:00:00,16,378.84412,378.84937
2014-07-31,2014-07-31 16:00:00,17,335.8961,348.83093
2014-07-31,2014-07-31 17:00:00,18,289.23648,292.9725
2014-07-31,2014-07-31 18:00:00,19,251.59067,263.18317
2014-07-31,2014-07-31 19:00:00,20,250.0,257.43484
2014-07-31,2014-07-31 20:00:00,21,222.69353,237.44876
2014-07-31,2014-07-31 21:00:00,22,467.3913,470.15527
2014-07-31,2014-07-31 22:00:00,23,451.2195,472.70517
2014-07-31,2014-07-31 23:00:00,24,447.50797,470.1525
2014-08-01,2014-08-01 00:00:00,1,451.48462,447.77762
2014-08-01,2014-08-01 01:00:00,2,464.20996,452.56097
2014-08-01,2014-08-01 02:00:00,3,233.5631,243.94258
2014-08-01,2014-08-01 03:00:00,4,209.17285,215.88297
2014-08-01,2014-08-01 04:00:00,5,188.22905,202.25482
2014-08-01,2014-08-01 05:00:00,6,175.2386,199.65488
2014-08-01,2014-08-01 06:00:00,7,206.25662,218.95697
2014-08-01,2014-08-01 07:00:00,8,230.38176,239.86917
2014-08-01,2014-08-01 08:00:00,9,283.93427,282.35886
2014-08-01,2014-08-01 09:00:00,10,312.56628,309.2244
2014-08-01,2014-08-01 10:00:00,11,311.77094,311.81577
2014-08-01,2014-08-01 11:00:00,12,307.26404,314.56332
2014-08-01,2014-08-01 12:00:00,13,300.90137,324.79776
2014-08-01,2014-08-01 13:00:00,14,302.75717,335.94617
2014-08-01,2014-08-01 14:00:00,15,331.3892,358.62415
2014-08-01,2014-08-01 15:00:00,16,326.6172,361.93768
2014-08-01,2014-08-01 16:00:00,17,322.1103,314.94556
2014-08-01,2014-08-01 17:00:00,18,277.8367,270.21887
2014-08-01,2014-08-01 18:00:00,19,235.41887,239.87592
2014-08-01,2014-08-01 19:00:00,20,238.86533,234.42058
2014-08-01,2014-08-01 20:00:00,21,226.13998,191.09769
2014-08-01,2014-08-01 21:00:00,22,442.47083,432.66028
2014-08-01,2014-08-01 22:00:00,23,437.96396,429.40417
2014-08-01,2014-08-01 23:00:00,24,422.05725,423.78003
2014-08-02,2014-08-02 00:00:00,1,408.5366,396.88034
2014-08-02,2014-08-02 01:00:00,2,438.49417,397.01855
2014-08-02,2014-08-02 02:00:00,3,287.1156,173.23044
2014-08-02,2014-08-02 03:00:00,4,266.96713,130.38461
2014-08-02,2014-08-02 04:00:00,5,185.31284,114.21036
2014-08-02,2014-08-02 05:00:00,6,119.565216,98.39809
2014-08-02,2014-08-02 06:00:00,7,88.01697,89.994995
2014-08-02,2014-08-02 07:00:00,8,88.8123,93.94519
2014-08-02,2014-08-02 08:00:00,9,76.61718,118.37787
2014-08-02,2014-08-02 09:00:00,10,77.1474,129.82208
2014-08-02,2014-08-02 10:00:00,11,67.60339,122.473236
2014-08-02,2014-08-02 11:00:00,12,59.38494,122.68623
2014-08-02,2014-08-02 12:00:00,13,66.27784,122.953674
2014-08-02,2014-08-02 13:00:00,14,69.19406,117.01967
2014-08-02,2014-08-02 14:00:00,15,73.70095,130.4307
2014-08-02,2014-08-02 15:00:00,16,71.31495,138.53925
2014-08-02,2014-08-02 16:00:00,17,59.65005,138.39523
2014-08-02,2014-08-02 17:00:00,18,56.73383,106.26195
2014-08-02,2014-08-02 18:00:00,19,63.891834,98.6635
2014-08-02,2014-08-02 19:00:00,20,66.80806,94.3678
2014-08-02,2014-08-02 20:00:00,21,70.25451,99.86542
2014-08-02,2014-08-02 21:00:00,22,91.72852,118.80316
2014-08-02,2014-08-02 22:00:00,23,102.59809,111.300415
2014-08-02,2014-08-02 23:00:00,24,96.23542,102.9827
2014-08-03,2014-08-03 00:00:00,1,98.62142,97.218475
2014-08-03,2014-08-03 01:00:00,2,107.10498,104.04526
2014-08-03,2014-08-03 02:00:00,3,115.05833,105.64989
2014-08-03,2014-08-03 03:00:00,4,109.756096,105.19151
2014-08-03,2014-08-03 04:00:00,5,100.74231,97.769424
2014-08-03,2014-08-03 05:00:00,6,91.1983,79.653076
2014-08-03,2014-08-03 06:00:00,7,70.519615,69.17053
2014-08-03,2014-08-03 07:00:00,8,75.02651,68.560486
2014-08-03,2014-08-03 08:00:00,9,67.60339,69.2908
2014-08-03,2014-08-03 09:00:00,10,68.39873,70.41258
2014-08-03,2014-08-03 10:00:00,11,62.83139,69.30815
2014-08-03,2014-08-03 11:00:00,12,54.878048,67.906006
2014-08-03,2014-08-03 12:00:00,13,66.012726,67.27522
2014-08-03,2014-08-03 13:00:00,14,73.17073,68.06006
2014-08-03,2014-08-03 14:00:00,15,74.23118,68.81697
2014-08-03,2014-08-03 15:00:00,16,71.84518,68.34631
2014-08-03,2014-08-03 16:00:00,17,70.78473,77.805786
2014-08-03,2014-08-03 17:00:00,18,89.34252,84.85603
2014-08-03,2014-08-03 18:00:00,19,106.30965,95.50914
2014-08-03,2014-08-03 19:00:00,20,110.02121,102.5484
2014-08-03,2014-08-03 20:00:00,21,99.946976,90.83241
2014-08-03,2014-08-03 21:00:00,22,246.02333,234.90253
2014-08-03,2014-08-03 22:00:00,23,239.66066,232.59904
2014-08-03,2014-08-03 23:00:00,24,299.0456,242.19234
2014-08-04,2014-08-04 00:00:00,1,294.5387,312.22598
2014-08-04,2014-08-04 01:00:00,2,285.79004,339.61975
2014-08-04,2014-08-04 02:00:00,3,221.10286,239.39241
2014-08-04,2014-08-04 03:00:00,4,178.15483,196.0155
2014-08-04,2014-08-04 04:00:00,5,158.8017,179.22559
2014-08-04,2014-08-04 05:00:00,6,159.86214,178.51245
2014-08-04,2014-08-04 06:00:00,7,283.66913,211.11496
2014-08-04,2014-08-04 07:00:00,8,255.83244,233.83395
2014-08-04,2014-08-04 08:00:00,9,309.91516,282.29895
2014-08-04,2014-08-04 09:00:00,10,348.0912,304.7838
2014-08-04,2014-08-04 10:00:00,11,342.25876,310.9895
2014-08-04,2014-08-04 11:00:00,12,338.8123,318.6286
2014-08-04,2014-08-04 12:00:00,13,351.53766,326.78247
2014-08-04,2014-08-04 13:00:00,14,361.08167,324.91132
2014-08-04,2014-08-04 14:00:00,15,385.737,341.01065
2014-08-04,2014-08-04 15:00:00,16,355.5143,361.5631
2014-08-04,2014-08-04 16:00:00,17,341.99365,339.15375
2014-08-04,2014-08-04 17:00:00,18,295.33405,286.18564
2014-08-04,2014-08-04 18:00:00,19,288.70627,257.01678
2014-08-04,2014-08-04 19:00:00,20,282.07846,251.90656
2014-08-04,2014-08-04 20:00:00,21,254.5069,230.04578
2014-08-04,2014-08-04 21:00:00,22,477.2004,463.3612
2014-08-04,2014-08-04 22:00:00,23,474.2842,459.64734
2014-08-04,2014-08-04 23:00:00,24,453.6055,461.12183
2014-08-05,2014-08-05 00:00:00,1,444.32663,460.97534
2014-08-05,2014-08-05 01:00:00,2,462.3542,470.7459
2014-08-05,2014-08-05 02:00:00,3,376.72324,261.06137
2014-08-05,2014-08-05 03:00:00,4,377.25345,231.68454
2014-08-05,2014-08-05 04:00:00,5,218.45175,207.8724
2014-08-05,2014-08-05 05:00:00,6,196.1824,205.19672
2014-08-05,2014-08-05 06:00:00,7,363.46765,239.11345
2014-08-05,2014-08-05 07:00:00,8,323.17075,250.26929
2014-08-05,2014-08-05 08:00:00,9,297.18982,288.3119
2014-08-05,2014-08-05 09:00:00,10,335.8961,316.59216
2014-08-05,2014-08-05 10:00:00,11,325.02652,319.47754
2014-08-05,2014-08-05 11:00:00,12,334.04028,318.3242
2014-08-05,2014-08-05 12:00:00,13,341.4634,327.15753
2014-08-05,2014-08-05 13:00:00,14,349.947,337.34393
2014-08-05,2014-08-05 14:00:00,15,360.55142,358.76593
2014-08-05,2014-08-05 15:00:00,16,368.50476,356.1052
2014-08-05,2014-08-05 16:00:00,17,326.35208,335.4015
2014-08-05,2014-08-05 17:00:00,18,279.16226,283.17374
2014-08-05,2014-08-05 18:00:00,19,261.93002,257.57437
2014-08-05,2014-08-05 19:00:00,20,256.89288,255.79893
2014-08-05,2014-08-05 20:00:00,21,245.228,226.7258
2014-08-05,2014-08-05 21:00:00,22,496.02332,466.35962
2014-08-05,2014-08-05 22:00:00,23,478.52597,465.23035
2014-08-05,2014-08-05 23:00:00,24,459.17285,462.5459
2014-08-06,2014-08-06 00:00:00,1,447.24283,456.80377
2014-08-06,2014-08-06 01:00:00,2,470.04242,465.4786
2014-08-06,2014-08-06 02:00:00,3,248.40933,342.0298
2014-08-06,2014-08-06 03:00:00,4,214.74019,322.60873
2014-08-06,2014-08-06 04:00:00,5,199.36374,231.77388
2014-08-06,2014-08-06 05:00:00,6,194.85684,217.01724
2014-08-06,2014-08-06 06:00:00,7,345.4401,322.55347
2014-08-06,2014-08-06 07:00:00,8,252.65111,294.11993
2014-08-06,2014-08-06 08:00:00,9,318.1336,298.10458
2014-08-06,2014-08-06 09:00:00,10,341.72852,319.26498
2014-08-06,2014-08-06 10:00:00,11,342.52386,322.35596
2014-08-06,2014-08-06 11:00:00,12,351.27252,321.75085
2014-08-06,2014-08-06 12:00:00,13,353.39343,325.91632
2014-08-06,2014-08-06 13:00:00,14,348.62143,330.85205
2014-08-06,2014-08-06 14:00:00,15,379.37433,344.85547
2014-08-06,2014-08-06 15:00:00,16,355.2492,348.74002
2014-08-06,2014-08-06 16:00:00,17,346.76566,317.0925
2014-08-06,2014-08-06 17:00:00,18,297.98517,274.37674
2014-08-06,2014-08-06 18:00:00,19,267.76245,255.76929
2014-08-06,2014-08-06 19:00:00,20,262.19513,252.46495
2014-08-06,2014-08-06 20:00:00,21,244.43266,228.75717
2014-08-06,2014-08-06 21:00:00,22,489.13043,471.87854
2014-08-06,2014-08-06 22:00:00,23,459.17285,463.64594
2014-08-06,2014-08-06 23:00:00,24,455.99152,459.43488
2014-08-07,2014-08-07 00:00:00,1,453.6055,445.74103
2014-08-07,2014-08-07 01:00:00,2,460.2333,456.4381
2014-08-07,2014-08-07 02:00:00,3,368.50476,271.2004
2014-08-07,2014-08-07 03:00:00,4,391.56946,243.67287
2014-08-07,2014-08-07 04:00:00,5,239.39555,208.51938
2014-08-07,2014-08-07 05:00:00,6,187.69884,200.23178
2014-08-07,2014-08-07 06:00:00,7,362.1421,296.40707
2014-08-07,2014-08-07 07:00:00,8,280.4878,270.94415
2014-08-07,2014-08-07 08:00:00,9,322.9056,297.6207
2014-08-07,2014-08-07 09:00:00,10,364.5281,326.41034
2014-08-07,2014-08-07 10:00:00,11,364.5281,333.94662
2014-08-07,2014-08-07 11:00:00,12,373.5419,336.4483
2014-08-07,2014-08-07 12:00:00,13,351.00742,339.25452
2014-08-07,2014-08-07 13:00:00,14,354.18875,346.66006
2014-08-07,2014-08-07 14:00:00,15,374.86743,363.65372
2014-08-07,2014-08-07 15:00:00,16,375.39767,360.84232
2014-08-07,2014-08-07 16:00:00,17,351.00742,336.2755
2014-08-07,2014-08-07 17:00:00,18,305.40826,288.28064
2014-08-07,2014-08-07 18:00:00,19,277.30646,261.74533
2014-08-07,2014-08-07 19:00:00,20,255.03711,257.40616
2014-08-07,2014-08-07 20:00:00,21,230.38176,230.0121
2014-08-07,2014-08-07 21:00:00,22,477.73065,468.85828
2014-08-07,2014-08-07 22:00:00,23,467.1262,460.57562
2014-08-07,2014-08-07 23:00:00,24,463.14954,458.79718
2014-08-08,2014-08-08 00:00:00,1,463.14954,451.48993
2014-08-08,2014-08-08 01:00:00,2,467.1262,461.52063
2014-08-08,2014-08-08 02:00:00,3,232.76776,299.06366
2014-08-08,2014-08-08 03:00:00,4,209.43796,272.61057
2014-08-08,2014-08-08 04:00:00,5,198.5684,207.52475
2014-08-08,2014-08-08 05:00:00,6,166.22481,195.78441
2014-08-08,2014-08-08 06:00:00,7,269.88336,322.1459
2014-08-08,2014-08-08 07:00:00,8,242.31177,271.00345
2014-08-08,2014-08-08 08:00:00,9,305.9385,307.23987
2014-08-08,2014-08-08 09:00:00,10,335.63095,332.82983
2014-08-08,2014-08-08 10:00:00,11,342.52386,338.08734
2014-08-08,2014-08-08 11:00:00,12,347.03076,342.2908
2014-08-08,2014-08-08 12:00:00,13,368.50476,340.45892
2014-08-08,2014-08-08 13:00:00,14,351.00742,340.42484
2014-08-08,2014-08-08 14:00:00,15,406.15057,363.5135
2014-08-08,2014-08-08 15:00:00,16,414.63416,361.70264
2014-08-08,2014-08-08 16:00:00,17,389.18347,337.44067
2014-08-08,2014-08-08 17:00:00,18,331.6543,294.47116
2014-08-08,2014-08-08 18:00:00,19,292.1527,267.11597
2014-08-08,2014-08-08 19:00:00,20,284.72958,250.93828
2014-08-08,2014-08-08 20:00:00,21,211.02863,215.93547
2014-08-08,2014-08-08 21:00:00,22,486.4793,443.3235
2014-08-08,2014-08-08 22:00:00,23,461.82397,434.95282
2014-08-08,2014-08-08 23:00:00,24,452.81018,424.51447
2014-08-09,2014-08-09 00:00:00,1,426.82925,421.39514
2014-08-09,2014-08-09 01:00:00,2,414.63416,432.13388
2014-08-09,2014-08-09 02:00:00,3,261.13467,280.2082
2014-08-09,2014-08-09 03:00:00,4,241.25133,239.27
2014-08-09,2014-08-09 04:00:00,5,153.49947,165.64935
2014-08-09,2014-08-09 05:00:00,6,118.76988,112.89717
2014-08-09,2014-08-09 06:00:00,7,91.1983,92.604065
2014-08-09,2014-08-09 07:00:00,8,98.886536,93.94592
2014-08-09,2014-08-09 08:00:00,9,202.01485,98.49654
2014-08-09,2014-08-09 09:00:00,10,205.72641,99.93559
2014-08-09,2014-08-09 10:00:00,11,202.01485,95.60591
2014-08-09,2014-08-09 11:00:00,12,161.98303,90.87579
2014-08-09,2014-08-09 12:00:00,13,178.68504,89.52649
2014-08-09,2014-08-09 13:00:00,14,173.64793,91.13229
2014-08-09,2014-08-09 14:00:00,15,200.15907,96.78949
2014-08-09,2014-08-09 15:00:00,16,196.71262,96.02588
2014-08-09,2014-08-09 16:00:00,17,172.05727,89.129944
2014-08-09,2014-08-09 17:00:00,18,107.900314,82.41815
2014-08-09,2014-08-09 18:00:00,19,98.886536,84.19006
2014-08-09,2014-08-09 19:00:00,20,99.946976,81.93419
2014-08-09,2014-08-09 20:00:00,21,97.82609,82.84697
2014-08-09,2014-08-09 21:00:00,22,121.15588,97.6539
2014-08-09,2014-08-09 22:00:00,23,116.38388,103.55925
2014-08-09,2014-08-09 23:00:00,24,106.57476,99.889786
2014-08-10,2014-08-10 00:00:00,1,107.10498,105.80551
2014-08-10,2014-08-10 01:00:00,2,110.81654,109.00841
2014-08-10,2014-08-10 02:00:00,3,116.11877,112.74884
2014-08-10,2014-08-10 03:00:00,4,115.58855,111.82338
2014-08-10,2014-08-10 04:00:00,5,107.900314,105.5309
2014-08-10,2014-08-10 05:00:00,6,97.29587,90.07117
2014-08-10,2014-08-10 06:00:00,7,77.67763,78.30046
2014-08-10,2014-08-10 07:00:00,8,79.268295,77.91766
2014-08-10,2014-08-10 08:00:00,9,80.59385,79.13794
2014-08-10,2014-08-10 09:00:00,10,80.59385,80.18289
2014-08-10,2014-08-10 10:00:00,11,67.07317,78.31752
2014-08-10,2014-08-10 11:00:00,12,59.11983,76.93651
2014-08-10,2014-08-10 12:00:00,13,69.989395,76.66553
2014-08-10,2014-08-10 13:00:00,14,75.55673,80.26503
2014-08-10,2014-08-10 14:00:00,15,84.57052,84.43324
2014-08-10,2014-08-10 15:00:00,16,81.6543,87.842804
2014-08-10,2014-08-10 16:00:00,17,81.12407,93.448944
2014-08-10,2014-08-10 17:00:00,18,109.49099,97.32849
2014-08-10,2014-08-10 18:00:00,19,138.91835,111.377426
2014-08-10,2014-08-10 19:00:00,20,143.16013,109.15468
2014-08-10,2014-08-10 20:00:00,21,118.76988,100.73242
2014-08-10,2014-08-10 21:00:00,22,264.316,242.62666
2014-08-10,2014-08-10 22:00:00,23,272.7996,246.76942
2014-08-10,2014-08-10 23:00:00,24,278.63202,270.28992
2014-08-11,2014-08-11 00:00:00,1,280.2227,304.58435
2014-08-11,2014-08-11 01:00:00,2,293.21313,313.307
2014-08-11,2014-08-11 02:00:00,3,204.40085,229.97354
2014-08-11,2014-08-11 03:00:00,4,171.26193,194.90564
2014-08-11,2014-08-11 04:00:00,5,153.76459,165.7999
2014-08-11,2014-08-11 05:00:00,6,158.00636,161.58145
2014-08-11,2014-08-11 06:00:00,7,296.3945,259.15524
2014-08-11,2014-08-11 07:00:00,8,269.088,257.04514
2014-08-11,2014-08-11 08:00:00,9,313.6267,308.91608
2014-08-11,2014-08-11 09:00:00,10,348.62143,338.09137
2014-08-11,2014-08-11 10:00:00,11,335.10074,338.97318
2014-08-11,2014-08-11 11:00:00,12,331.3892,345.5859
2014-08-11,2014-08-11 12:00:00,13,350.4772,353.95343
2014-08-11,2014-08-11 13:00:00,14,371.15588,363.51224
2014-08-11,2014-08-11 14:00:00,15,361.08167,386.82153
2014-08-11,2014-08-11 15:00:00,16,358.69565,388.65643
2014-08-11,2014-08-11 16:00:00,17,346.50052,358.4912
2014-08-11,2014-08-11 17:00:00,18,303.02228,302.08386
2014-08-11,2014-08-11 18:00:00,19,278.1018,271.87143
2014-08-11,2014-08-11 19:00:00,20,278.89713,264.8643
2014-08-11,2014-08-11 20:00:00,21,269.35312,231.64627
2014-08-11,2014-08-11 21:00:00,22,496.81866,471.27292
2014-08-11,2014-08-11 22:00:00,23,488.86533,462.59332
2014-08-11,2014-08-11 23:00:00,24,487.27466,460.46606
2014-08-12,2014-08-12 00:00:00,1,475.07953,466.14465
2014-08-12,2014-08-12 01:00:00,2,484.62354,477.1353
2014-08-12,2014-08-12 02:00:00,3,415.16437,310.09113
2014-08-12,2014-08-12 03:00:00,4,384.67657,282.528
2014-08-12,2014-08-12 04:00:00,5,260.33936,209.97601
2014-08-12,2014-08-12 05:00:00,6,198.83351,197.76787
2014-08-12,2014-08-12 06:00:00,7,263.7858,307.29456
2014-08-12,2014-08-12 07:00:00,8,236.74443,274.72675
2014-08-12,2014-08-12 08:00:00,9,327.1474,307.09714
2014-08-12,2014-08-12 09:00:00,10,361.87698,336.35138
2014-08-12,2014-08-12 10:00:00,11,366.38388,337.0449
2014-08-12,2014-08-12 11:00:00,12,363.46765,343.3561
2014-08-12,2014-08-12 12:00:00,13,361.08167,347.60574
2014-08-12,2014-08-12 13:00:00,14,362.93744,354.06058
2014-08-12,2014-08-12 14:00:00,15,375.39767,374.6013
2014-08-12,2014-08-12 15:00:00,16,365.58856,380.51242
2014-08-12,2014-08-12 16:00:00,17,331.9194,349.3732
2014-08-12,2014-08-12 17:00:00,18,286.85046,298.70523
2014-08-12,2014-08-12 18:00:00,19,256.36267,274.75946
2014-08-12,2014-08-12 19:00:00,20,272.53445,266.52393
2014-08-12,2014-08-12 20:00:00,21,317.3383,242.275
2014-08-12,2014-08-12 21:00:00,22,470.30753,478.64807
2014-08-12,2014-08-12 22:00:00,23,481.1771,470.11862
2014-08-12,2014-08-12 23:00:00,24,478.7911,467.03827
2014-08-13,2014-08-13 00:00:00,1,474.81442,467.11902
2014-08-13,2014-08-13 01:00:00,2,465.0053,470.67633
2014-08-13,2014-08-13 02:00:00,3,374.0721,301.06354
2014-08-13,2014-08-13 03:00:00,4,376.98834,265.62604
2014-08-13,2014-08-13 04:00:00,5,239.92577,217.73535
2014-08-13,2014-08-13 05:00:00,6,192.47084,202.17014
2014-08-13,2014-08-13 06:00:00,7,288.17603,281.2003
2014-08-13,2014-08-13 07:00:00,8,298.7805,266.34363
2014-08-13,2014-08-13 08:00:00,9,312.56628,314.43686
2014-08-13,2014-08-13 09:00:00,10,281.01804,346.0323
2014-08-13,2014-08-13 10:00:00,11,256.62778,348.33612
2014-08-13,2014-08-13 11:00:00,12,263.5207,351.56274
2014-08-13,2014-08-13 12:00:00,13,255.56734,353.05725
2014-08-13,2014-08-13 13:00:00,14,231.4422,358.27313
2014-08-13,2014-08-13 14:00:00,15,269.088,375.86917
2014-08-13,2014-08-13 15:00:00,16,279.95758,369.3982
2014-08-13,2014-08-13 16:00:00,17,337.48676,345.0696
2014-08-13,2014-08-13 17:00:00,18,326.6172,298.96756
2014-08-13,2014-08-13 18:00:00,19,257.95334,272.99026
2014-08-13,2014-08-13 19:00:00,20,247.8791,270.9483
2014-08-13,2014-08-13 20:00:00,21,218.98198,261.9651
2014-08-13,2014-08-13 21:00:00,22,478.26086,483.14905
2014-08-13,2014-08-13 22:00:00,23,470.83774,473.5822
2014-08-13,2014-08-13 23:00:00,24,473.75397,472.0033
2014-08-14,2014-08-14 00:00:00,1,463.41464,470.81677
2014-08-14,2014-08-14 01:00:00,2,461.29373,473.9674
2014-08-14,2014-08-14 02:00:00,3,365.05832,350.36578
2014-08-14,2014-08-14 03:00:00,4,377.78366,321.00937
2014-08-14,2014-08-14 04:00:00,5,236.74443,233.32631
2014-08-14,2014-08-14 05:00:00,6,183.19194,197.33783
2014-08-14,2014-08-14 06:00:00,7,322.3754,287.96997
2014-08-14,2014-08-14 07:00:00,8,279.95758,273.6336
2014-08-14,2014-08-14 08:00:00,9,305.40826,320.11356
2014-08-14,2014-08-14 09:00:00,10,323.17075,343.2366
2014-08-14,2014-08-14 10:00:00,11,339.87274,345.65274
2014-08-14,2014-08-14 11:00:00,12,337.75186,349.69296
2014-08-14,2014-08-14 12:00:00,13,343.31918,349.87558
2014-08-14,2014-08-14 13:00:00,14,332.71475,349.57843
2014-08-14,2014-08-14 14:00:00,15,327.4125,368.82642
2014-08-14,2014-08-14 15:00:00,16,327.6776,362.9226
2014-08-14,2014-08-14 16:00:00,17,319.72427,346.2763
2014-08-14,2014-08-14 17:00:00,18,275.18558,301.42856
2014-08-14,2014-08-14 18:00:00,19,253.44644,269.60754
2014-08-14,2014-08-14 19:00:00,20,253.18134,264.6821
2014-08-14,2014-08-14 20:00:00,21,237.53976,248.28902
2014-08-14,2014-08-14 21:00:00,22,483.5631,473.34213
2014-08-14,2014-08-14 22:00:00,23,468.98196,465.00256
2014-08-14,2014-08-14 23:00:00,24,472.69354,462.9328
2014-08-15,2014-08-15 00:00:00,1,462.6193,462.18005
2014-08-15,2014-08-15 01:00:00,2,452.54507,464.82422
2014-08-15,2014-08-15 02:00:00,3,349.947,333.63422
2014-08-15,2014-08-15 03:00:00,4,338.54718,329.006
2014-08-15,2014-08-15 04:00:00,5,195.38707,221.44266
2014-08-15,2014-08-15 05:00:00,6,185.04771,187.19408
2014-08-15,2014-08-15 06:00:00,7,171.26193,291.08298
2014-08-15,2014-08-15 07:00:00,8,189.2895,271.74557
2014-08-15,2014-08-15 08:00:00,9,315.4825,306.68457
2014-08-15,2014-08-15 09:00:00,10,287.6458,324.10178
2014-08-15,2014-08-15 10:00:00,11,256.36267,326.7882
2014-08-15,2014-08-15 11:00:00,12,277.5716,330.9028
2014-08-15,2014-08-15 12:00:00,13,293.47827,329.2248
2014-08-15,2014-08-15 13:00:00,14,290.56204,328.54712
2014-08-15,2014-08-15 14:00:00,15,311.50583,348.7857
2014-08-15,2014-08-15 15:00:00,16,315.4825,349.34613
2014-08-15,2014-08-15 16:00:00,17,311.50583,336.77533
2014-08-15,2014-08-15 17:00:00,18,266.4369,294.26495
2014-08-15,2014-08-15 18:00:00,19,229.85153,261.29727
2014-08-15,2014-08-15 19:00:00,20,230.11665,254.47325
2014-08-15,2014-08-15 20:00:00,21,196.44751,225.22556
2014-08-15,2014-08-15 21:00:00,22,471.10287,456.67426
2014-08-15,2014-08-15 22:00:00,23,446.97772,446.90018
2014-08-15,2014-08-15 23:00:00,24,442.47083,440.00797
2014-08-16,2014-08-16 00:00:00,1,417.02014,416.98596
2014-08-16,2014-08-16 01:00:00,2,415.95972,408.38846
2014-08-16,2014-08-16 02:00:00,3,161.1877,276.2559
2014-08-16,2014-08-16 03:00:00,4,119.3001,252.60136
2014-08-16,2014-08-16 04:00:00,5,103.12831,162.15619
2014-08-16,2014-08-16 05:00:00,6,97.030754,112.2475
2014-08-16,2014-08-16 06:00:00,7,82.71474,89.8058
2014-08-16,2014-08-16 07:00:00,8,79.5334,91.08101
2014-08-16,2014-08-16 08:00:00,9,89.077415,122.15706
2014-08-16,2014-08-16 09:00:00,10,187.69884,120.04492
2014-08-16,2014-08-16 10:00:00,11,157.21103,116.27457
2014-08-16,2014-08-16 11:00:00,12,167.81548,99.789444
2014-08-16,2014-08-16 12:00:00,13,175.76883,104.73691
2014-08-16,2014-08-16 13:00:00,14,170.7317,105.05498
2014-08-16,2014-08-16 14:00:00,15,200.42418,118.24759
2014-08-16,2014-08-16 15:00:00,16,204.93108,115.85869
2014-08-16,2014-08-16 16:00:00,17,197.24284,97.02963
2014-08-16,2014-08-16 17:00:00,18,122.74655,79.994125
2014-08-16,2014-08-16 18:00:00,19,114.26299,77.85689
2014-08-16,2014-08-16 19:00:00,20,105.24921,77.79468
2014-08-16,2014-08-16 20:00:00,21,103.65854,81.46471
2014-08-16,2014-08-16 21:00:00,22,126.988335,97.254
2014-08-16,2014-08-16 22:00:00,23,117.44433,103.78703
2014-08-16,2014-08-16 23:00:00,24,108.96076,102.24573
2014-08-17,2014-08-17 00:00:00,1,108.695656,104.78874
2014-08-17,2014-08-17 01:00:00,2,110.55143,108.86868
2014-08-17,2014-08-17 02:00:00,3,110.28632,113.38277
2014-08-17,2014-08-17 03:00:00,4,111.08166,112.806046
2014-08-17,2014-08-17 04:00:00,5,100.74231,103.49603
2014-08-17,2014-08-17 05:00:00,6,99.416756,89.12042
2014-08-17,2014-08-17 06:00:00,7,88.54719,76.87695
2014-08-17,2014-08-17 07:00:00,8,73.435844,75.456635
2014-08-17,2014-08-17 08:00:00,9,74.23118,75.082504
2014-08-17,2014-08-17 09:00:00,10,73.17073,74.48401
2014-08-17,2014-08-17 10:00:00,11,65.21739,70.87445
2014-08-17,2014-08-17 11:00:00,12,63.36161,69.35237
2014-08-17,2014-08-17 12:00:00,13,74.23118,69.33708
2014-08-17,2014-08-17 13:00:00,14,72.64051,73.625
2014-08-17,2014-08-17 14:00:00,15,73.17073,76.2177
2014-08-17,2014-08-17 15:00:00,16,75.821846,78.22168
2014-08-17,2014-08-17 16:00:00,17,72.3754,88.12634
2014-08-17,2014-08-17 17:00:00,18,102.59809,97.69891
2014-08-17,2014-08-17 18:00:00,19,104.18876,116.0634
2014-08-17,2014-08-17 19:00:00,20,110.55143,121.32881
2014-08-17,2014-08-17 20:00:00,21,96.50053,101.99834
2014-08-17,2014-08-17 21:00:00,22,268.2927,242.10283
2014-08-17,2014-08-17 22:00:00,23,231.4422,250.09416
2014-08-17,2014-08-17 23:00:00,24,208.90775,282.74063
2014-08-18,2014-08-18 00:00:00,1,224.2842,240.43129
2014-08-18,2014-08-18 01:00:00,2,224.2842,255.2589
2014-08-18,2014-08-18 02:00:00,3,177.6246,166.29935
2014-08-18,2014-08-18 03:00:00,4,200.15907,144.99266
2014-08-18,2014-08-18 04:00:00,5,153.76459,131.31381
2014-08-18,2014-08-18 05:00:00,6,156.4157,131.02551
2014-08-18,2014-08-18 06:00:00,7,187.16861,263.93466
2014-08-18,2014-08-18 07:00:00,8,182.66171,238.83524
2014-08-18,2014-08-18 08:00:00,9,332.1845,292.48932
2014-08-18,2014-08-18 09:00:00,10,335.10074,312.56485
2014-08-18,2014-08-18 10:00:00,11,311.77094,308.66483
2014-08-18,2014-08-18 11:00:00,12,314.95227,311.65186
2014-08-18,2014-08-18 12:00:00,13,320.25452,323.42407
2014-08-18,2014-08-18 13:00:00,14,323.70096,330.95502
2014-08-18,2014-08-18 14:00:00,15,325.02652,343.41638
2014-08-18,2014-08-18 15:00:00,16,334.30542,339.5011
2014-08-18,2014-08-18 16:00:00,17,320.51962,326.78116
2014-08-18,2014-08-18 17:00:00,18,276.77625,277.81396
2014-08-18,2014-08-18 18:00:00,19,260.86957,252.88312
2014-08-18,2014-08-18 19:00:00,20,262.72534,252.94824
2014-08-18,2014-08-18 20:00:00,21,230.11665,232.37427
2014-08-18,2014-08-18 21:00:00,22,510.07422,467.3512
2014-08-18,2014-08-18 22:00:00,23,489.39554,454.05917
2014-08-18,2014-08-18 23:00:00,24,461.02863,453.69458
2014-08-19,2014-08-19 00:00:00,1,451.74973,464.72067
2014-08-19,2014-08-19 01:00:00,2,450.42416,464.9149
2014-08-19,2014-08-19 02:00:00,3,371.15588,344.20428
2014-08-19,2014-08-19 03:00:00,4,373.807,334.45563
2014-08-19,2014-08-19 04:00:00,5,227.73065,208.42844
2014-08-19,2014-08-19 05:00:00,6,173.91304,183.67404
2014-08-19,2014-08-19 06:00:00,7,154.82503,265.25452
2014-08-19,2014-08-19 07:00:00,8,182.3966,249.51367
2014-08-19,2014-08-19 08:00:00,9,274.92047,313.5563
2014-08-19,2014-08-19 09:00:00,10,334.04028,319.08063
2014-08-19,2014-08-19 10:00:00,11,300.10605,317.3128
2014-08-19,2014-08-19 11:00:00,12,312.56628,323.83112
2014-08-19,2014-08-19 12:00:00,13,332.97986,324.71027
2014-08-19,2014-08-19 13:00:00,14,340.40295,323.08322
2014-08-19,2014-08-19 14:00:00,15,366.11877,335.69916
2014-08-19,2014-08-19 15:00:00,16,347.82608,338.60422
2014-08-19,2014-08-19 16:00:00,17,332.1845,326.18124
2014-08-19,2014-08-19 17:00:00,18,276.24603,283.476
2014-08-19,2014-08-19 18:00:00,19,253.97667,255.87273
2014-08-19,2014-08-19 19:00:00,20,251.06044,253.39896
2014-08-19,2014-08-19 20:00:00,21,241.25133,229.59064
2014-08-19,2014-08-19 21:00:00,22,490.7211,482.41492
2014-08-19,2014-08-19 22:00:00,23,485.41888,468.886
2014-08-19,2014-08-19 23:00:00,24,478.7911,468.2785
2014-08-20,2014-08-20 00:00:00,1,472.69354,471.5326
2014-08-20,2014-08-20 01:00:00,2,484.35843,466.28925
2014-08-20,2014-08-20 02:00:00,3,360.0212,352.80536
2014-08-20,2014-08-20 03:00:00,4,341.1983,337.0982
2014-08-20,2014-08-20 04:00:00,5,220.57265,225.37593
2014-08-20,2014-08-20 05:00:00,6,194.85684,178.70367
2014-08-20,2014-08-20 06:00:00,7,280.2227,223.57745
2014-08-20,2014-08-20 07:00:00,8,294.00848,222.14903
2014-08-20,2014-08-20 08:00:00,9,342.78897,294.67755
2014-08-20,2014-08-20 09:00:00,10,342.52386,319.63458
2014-08-20,2014-08-20 10:00:00,11,322.3754,315.02448
2014-08-20,2014-08-20 11:00:00,12,331.3892,322.64893
2014-08-20,2014-08-20 12:00:00,13,338.01697,327.4546
2014-08-20,2014-08-20 13:00:00,14,320.25452,327.853
2014-08-20,2014-08-20 14:00:00,15,366.9141,345.98102
2014-08-20,2014-08-20 15:00:00,16,362.67233,344.2827
2014-08-20,2014-08-20 16:00:00,17,323.96606,331.1684
2014-08-20,2014-08-20 17:00:00,18,275.45068,284.9952
2014-08-20,2014-08-20 18:00:00,19,255.03711,261.56528
2014-08-20,2014-08-20 19:00:00,20,253.97667,259.66635
2014-08-20,2014-08-20 20:00:00,21,250.0,239.99548
2014-08-20,2014-08-20 21:00:00,22,490.9862,485.43396
2014-08-20,2014-08-20 22:00:00,23,465.80063,471.64227
2014-08-20,2014-08-20 23:00:00,24,451.48462,468.1396
2014-08-21,2014-08-21 00:00:00,1,445.12195,454.49094
2014-08-21,2014-08-21 01:00:00,2,444.32663,455.61877
2014-08-21,2014-08-21 02:00:00,3,234.88866,356.99213
2014-08-21,2014-08-21 03:00:00,4,203.87062,355.61316
2014-08-21,2014-08-21 04:00:00,5,172.5875,226.26802
2014-08-21,2014-08-21 05:00:00,6,176.82927,181.76968
2014-08-21,2014-08-21 06:00:00,7,285.79004,252.43512
2014-08-21,2014-08-21 07:00:00,8,270.14847,252.08096
2014-08-21,2014-08-21 08:00:00,9,310.44537,315.18643
2014-08-21,2014-08-21 09:00:00,10,345.9703,324.09158
2014-08-21,2014-08-21 10:00:00,11,341.1983,319.23566
2014-08-21,2014-08-21 11:00:00,12,337.22162,326.8949
2014-08-21,2014-08-21 12:00:00,13,328.20786,330.9456
2014-08-21,2014-08-21 13:00:00,14,317.3383,329.62534
2014-08-21,2014-08-21 14:00:00,15,340.13785,346.8883
2014-08-21,2014-08-21 15:00:00,16,340.40295,346.51056
2014-08-21,2014-08-21 16:00:00,17,319.19406,322.42233
2014-08-21,2014-08-21 17:00:00,18,284.72958,280.02704
2014-08-21,2014-08-21 18:00:00,19,285.52493,253.65866
2014-08-21,2014-08-21 19:00:00,20,264.0509,249.9203
2014-08-21,2014-08-21 20:00:00,21,243.90244,231.447
2014-08-21,2014-08-21 21:00:00,22,500.5302,474.11978
2014-08-21,2014-08-21 22:00:00,23,489.39554,460.98825
2014-08-21,2014-08-21 23:00:00,24,483.82822,459.45074
2014-08-22,2014-08-22 00:00:00,1,470.30753,472.18567
2014-08-22,2014-08-22 01:00:00,2,468.45175,469.59396
2014-08-22,2014-08-22 02:00:00,3,385.2068,346.06183
2014-08-22,2014-08-22 03:00:00,4,389.44858,325.24698
2014-08-22,2014-08-22 04:00:00,5,222.69353,216.96082
2014-08-22,2014-08-22 05:00:00,6,186.9035,181.07568
2014-08-22,2014-08-22 06:00:00,7,174.70837,228.60938
2014-08-22,2014-08-22 07:00:00,8,202.01485,230.1706
2014-08-22,2014-08-22 08:00:00,9,331.9194,312.64847
2014-08-22,2014-08-22 09:00:00,10,358.16544,329.4499
2014-08-22,2014-08-22 10:00:00,11,320.78473,325.42078
2014-08-22,2014-08-22 11:00:00,12,343.84943,333.5562
2014-08-22,2014-08-22 12:00:00,13,326.8823,339.30228
2014-08-22,2014-08-22 13:00:00,14,348.62143,335.44485
2014-08-22,2014-08-22 14:00:00,15,379.37433,356.72424
2014-08-22,2014-08-22 15:00:00,16,386.53235,357.62296
2014-08-22,2014-08-22 16:00:00,17,387.06256,343.70227
2014-08-22,2014-08-22 17:00:00,18,300.10605,296.78308
2014-08-22,2014-08-22 18:00:00,19,268.5578,265.49088
2014-08-22,2014-08-22 19:00:00,20,252.91623,255.00256
2014-08-22,2014-08-22 20:00:00,21,233.03287,206.2254
2014-08-22,2014-08-22 21:00:00,22,494.43265,469.52863
2014-08-22,2014-08-22 22:00:00,23,460.76352,453.70688
2014-08-22,2014-08-22 23:00:00,24,441.9406,448.12564
2014-08-23,2014-08-23 00:00:00,1,412.51324,431.19464
2014-08-23,2014-08-23 01:00:00,2,419.67126,423.64435
2014-08-23,2014-08-23 02:00:00,3,164.63414,221.17645
2014-08-23,2014-08-23 03:00:00,4,127.78367,189.896
2014-08-23,2014-08-23 04:00:00,5,114.79321,120.45691
2014-08-23,2014-08-23 05:00:00,6,99.15164,101.789566
2014-08-23,2014-08-23 06:00:00,7,86.4263,90.701965
2014-08-23,2014-08-23 07:00:00,8,77.67763,91.92326
2014-08-23,2014-08-23 08:00:00,9,74.7614,147.87541
2014-08-23,2014-08-23 09:00:00,10,69.72428,203.05745
2014-08-23,2014-08-23 10:00:00,11,61.505833,178.40201
2014-08-23,2014-08-23 11:00:00,12,54.612938,171.08038
2014-08-23,2014-08-23 12:00:00,13,63.626724,171.42981
2014-08-23,2014-08-23 13:00:00,14,66.27784,172.56778
2014-08-23,2014-08-23 14:00:00,15,72.90562,198.63806
2014-08-23,2014-08-23 15:00:00,16,67.60339,199.12038
2014-08-23,2014-08-23 16:00:00,17,57.26405,187.73021
2014-08-23,2014-08-23 17:00:00,18,57.26405,113.3685
2014-08-23,2014-08-23 18:00:00,19,63.891834,107.57178
2014-08-23,2014-08-23 19:00:00,20,66.27784,101.447205
2014-08-23,2014-08-23 20:00:00,21,73.966064,100.54393
2014-08-23,2014-08-23 21:00:00,22,101.00742,116.57567
2014-08-23,2014-08-23 22:00:00,23,95.70519,113.8457
2014-08-23,2014-08-23 23:00:00,24,92.52386,109.16562
2014-08-24,2014-08-24 00:00:00,1,100.21209,91.609604
2014-08-24,2014-08-24 01:00:00,2,105.51431,92.550674
2014-08-24,2014-08-24 02:00:00,3,108.43054,92.729965
2014-08-24,2014-08-24 03:00:00,4,106.839874,92.49396
2014-08-24,2014-08-24 04:00:00,5,101.53764,86.85205
2014-08-24,2014-08-24 05:00:00,6,94.114525,82.50276
2014-08-24,2014-08-24 06:00:00,7,82.18452,73.52597
2014-08-24,2014-08-24 07:00:00,8,71.31495,71.40199
2014-08-24,2014-08-24 08:00:00,9,69.19406,71.40097
2014-08-24,2014-08-24 09:00:00,10,67.07317,70.69862
2014-08-24,2014-08-24 10:00:00,11,60.180275,70.565765
2014-08-24,2014-08-24 11:00:00,12,52.492046,70.041214
2014-08-24,2014-08-24 12:00:00,13,62.566277,70.318115
2014-08-24,2014-08-24 13:00:00,14,67.86851,71.070465
2014-08-24,2014-08-24 14:00:00,15,68.13361,70.320496
2014-08-24,2014-08-24 15:00:00,16,60.97561,70.70389
2014-08-24,2014-08-24 16:00:00,17,71.04984,80.47749
2014-08-24,2014-08-24 17:00:00,18,93.584305,87.78049
2014-08-24,2014-08-24 18:00:00,19,100.74231,98.68814
2014-08-24,2014-08-24 19:00:00,20,110.81654,101.8421
2014-08-24,2014-08-24 20:00:00,21,100.4772,94.122345
2014-08-24,2014-08-24 21:00:00,22,186.9035,232.85812
2014-08-24,2014-08-24 22:00:00,23,249.20467,226.38779
2014-08-24,2014-08-24 23:00:00,24,216.06575,221.04532
2014-08-25,2014-08-25 00:00:00,1,231.70732,236.55821
2014-08-25,2014-08-25 01:00:00,2,281.81335,243.45789
2014-08-25,2014-08-25 02:00:00,3,213.67975,185.04596
2014-08-25,2014-08-25 03:00:00,4,176.56416,181.3003
2014-08-25,2014-08-25 04:00:00,5,158.8017,145.87897
2014-08-25,2014-08-25 05:00:00,6,172.05727,142.5463
2014-08-25,2014-08-25 06:00:00,7,253.18134,214.74416
2014-08-25,2014-08-25 07:00:00,8,238.6002,215.95776
2014-08-25,2014-08-25 08:00:00,9,329.00317,314.34735
2014-08-25,2014-08-25 09:00:00,10,338.01697,331.9314
2014-08-25,2014-08-25 10:00:00,11,342.78897,314.0514
2014-08-25,2014-08-25 11:00:00,12,336.6914,312.9763
2014-08-25,2014-08-25 12:00:00,13,343.84943,320.36633
2014-08-25,2014-08-25 13:00:00,14,351.53766,327.22278
2014-08-25,2014-08-25 14:00:00,15,365.58856,336.86768
2014-08-25,2014-08-25 15:00:00,16,354.18875,341.33148
2014-08-25,2014-08-25 16:00:00,17,334.30542,325.84668
2014-08-25,2014-08-25 17:00:00,18,300.37115,280.30325
2014-08-25,2014-08-25 18:00:00,19,266.96713,259.57816
2014-08-25,2014-08-25 19:00:00,20,273.3298,255.00215
2014-08-25,2014-08-25 20:00:00,21,267.23224,231.77373
2014-08-25,2014-08-25 21:00:00,22,500.0,477.961
2014-08-25,2014-08-25 22:00:00,23,465.0053,462.0006
2014-08-25,2014-08-25 23:00:00,24,465.53552,461.24054
2014-08-26,2014-08-26 00:00:00,1,457.8473,463.52078
2014-08-26,2014-08-26 01:00:00,2,456.78687,461.51498
2014-08-26,2014-08-26 02:00:00,3,259.2789,372.5871
2014-08-26,2014-08-26 03:00:00,4,247.8791,364.74673
2014-08-26,2014-08-26 04:00:00,5,251.59067,230.38245
2014-08-26,2014-08-26 05:00:00,6,251.06044,191.13918
2014-08-26,2014-08-26 06:00:00,7,254.772,222.61462
2014-08-26,2014-08-26 07:00:00,8,209.96819,230.35359
2014-08-26,2014-08-26 08:00:00,9,331.6543,320.6909
2014-08-26,2014-08-26 09:00:00,10,361.87698,337.06955
2014-08-26,2014-08-26 10:00:00,11,346.2354,327.94424
2014-08-26,2014-08-26 11:00:00,12,344.37964,336.8812
2014-08-26,2014-08-26 12:00:00,13,345.7052,336.97675
2014-08-26,2014-08-26 13:00:00,14,344.11453,338.6479
2014-08-26,2014-08-26 14:00:00,15,366.11877,356.24557
2014-08-26,2014-08-26 15:00:00,16,344.64474,354.1709
2014-08-26,2014-08-26 16:00:00,17,322.6405,336.9886
2014-08-26,2014-08-26 17:00:00,18,278.63202,289.50366
2014-08-26,2014-08-26 18:00:00,19,253.44644,261.67502
2014-08-26,2014-08-26 19:00:00,20,297.45493,260.87817
2014-08-26,2014-08-26 20:00:00,21,252.1209,247.41992
2014-08-26,2014-08-26 21:00:00,22,475.87488,482.03455
2014-08-26,2014-08-26 22:00:00,23,452.01483,468.11505
2014-08-26,2014-08-26 23:00:00,24,456.52173,468.31946
2014-08-27,2014-08-27 00:00:00,1,444.32663,455.00253
2014-08-27,2014-08-27 01:00:00,2,445.9173,457.0484
2014-08-27,2014-08-27 02:00:00,3,334.30542,330.26678
2014-08-27,2014-08-27 03:00:00,4,255.83244,310.91876
2014-08-27,2014-08-27 04:00:00,5,219.24709,225.55112
2014-08-27,2014-08-27 05:00:00,6,212.08908,203.84895
2014-08-27,2014-08-27 06:00:00,7,220.57265,245.02338
2014-08-27,2014-08-27 07:00:00,8,208.37752,246.4931
2014-08-27,2014-08-27 08:00:00,9,339.34253,329.73474
2014-08-27,2014-08-27 09:00:00,10,352.33298,332.0809
2014-08-27,2014-08-27 10:00:00,11,347.03076,325.0732
2014-08-27,2014-08-27 11:00:00,12,346.50052,326.95068
2014-08-27,2014-08-27 12:00:00,13,370.09543,326.44965
2014-08-27,2014-08-27 13:00:00,14,369.035,326.8186
2014-08-27,2014-08-27 14:00:00,15,383.0859,345.40796
2014-08-27,2014-08-27 15:00:00,16,379.90457,341.3446
2014-08-27,2014-08-27 16:00:00,17,348.35632,328.29788
2014-08-27,2014-08-27 17:00:00,18,297.45493,282.39355
2014-08-27,2014-08-27 18:00:00,19,265.90668,261.43063
2014-08-27,2014-08-27 19:00:00,20,292.1527,264.6607
2014-08-27,2014-08-27 20:00:00,21,267.23224,245.22705
2014-08-27,2014-08-27 21:00:00,22,483.82822,480.6897
2014-08-27,2014-08-27 22:00:00,23,466.06573,463.98352
2014-08-27,2014-08-27 23:00:00,24,458.90775,462.90637
2014-08-28,2014-08-28 00:00:00,1,444.0615,450.51993
2014-08-28,2014-08-28 01:00:00,2,440.61505,451.02252
2014-08-28,2014-08-28 02:00:00,3,332.44962,318.92093
2014-08-28,2014-08-28 03:00:00,4,329.79852,287.6617
2014-08-28,2014-08-28 04:00:00,5,210.76352,226.34471
2014-08-28,2014-08-28 05:00:00,6,201.74974,211.59988
2014-08-28,2014-08-28 06:00:00,7,327.4125,240.32126
2014-08-28,2014-08-28 07:00:00,8,281.81335,235.33258
2014-08-28,2014-08-28 08:00:00,9,324.7614,335.02213
2014-08-28,2014-08-28 09:00:00,10,379.90457,345.0601
2014-08-28,2014-08-28 10:00:00,11,354.9841,341.3764
2014-08-28,2014-08-28 11:00:00,12,340.13785,346.89005
2014-08-28,2014-08-28 12:00:00,13,333.77518,352.19156
2014-08-28,2014-08-28 13:00:00,14,335.63095,352.88208
2014-08-28,2014-08-28 14:00:00,15,335.10074,370.09897
2014-08-28,2014-08-28 15:00:00,16,332.1845,362.43085
2014-08-28,2014-08-28 16:00:00,17,332.1845,335.72253
2014-08-28,2014-08-28 17:00:00,18,306.2036,289.42517
2014-08-28,2014-08-28 18:00:00,19,277.8367,267.65195
2014-08-28,2014-08-28 19:00:00,20,331.9194,278.42645
2014-08-28,2014-08-28 20:00:00,21,284.9947,250.97223
2014-08-28,2014-08-28 21:00:00,22,485.41888,477.59875
2014-08-28,2014-08-28 22:00:00,23,472.95865,460.75125
2014-08-28,2014-08-28 23:00:00,24,462.3542,457.6908
2014-08-29,2014-08-29 00:00:00,1,447.77307,453.90466
2014-08-29,2014-08-29 01:00:00,2,438.22906,454.38617
2014-08-29,2014-08-29 02:00:00,3,327.4125,348.23566
2014-08-29,2014-08-29 03:00:00,4,319.72427,319.9844
2014-08-29,2014-08-29 04:00:00,5,219.51219,219.90762
2014-08-29,2014-08-29 05:00:00,6,216.06575,202.16014
2014-08-29,2014-08-29 06:00:00,7,211.29375,219.34642
2014-08-29,2014-08-29 07:00:00,8,212.35419,224.71957
2014-08-29,2014-08-29 08:00:00,9,322.6405,330.82425
2014-08-29,2014-08-29 09:00:00,10,349.15164,341.1223
2014-08-29,2014-08-29 10:00:00,11,327.1474,328.39532
2014-08-29,2014-08-29 11:00:00,12,335.63095,333.84058
2014-08-29,2014-08-29 12:00:00,13,334.83563,333.7326
2014-08-29,2014-08-29 13:00:00,14,352.59808,339.94843
2014-08-29,2014-08-29 14:00:00,15,376.193,359.19745
2014-08-29,2014-08-29 15:00:00,16,349.41675,359.73193
2014-08-29,2014-08-29 16:00:00,17,348.62143,348.56598
2014-08-29,2014-08-29 17:00:00,18,291.62247,296.86496
2014-08-29,2014-08-29 18:00:00,19,252.1209,263.20798
2014-08-29,2014-08-29 19:00:00,20,268.5578,259.5246
2014-08-29,2014-08-29 20:00:00,21,231.1771,216.48863
2014-08-29,2014-08-29 21:00:00,22,465.0053,462.75464
2014-08-29,2014-08-29 22:00:00,23,456.78687,447.5465
2014-08-29,2014-08-29 23:00:00,24,438.75928,439.59213
2014-08-30,2014-08-30 00:00:00,1,409.59705,410.45663
2014-08-30,2014-08-30 01:00:00,2,411.71793,408.18375
2014-08-30,2014-08-30 02:00:00,3,169.40614,159.76868
2014-08-30,2014-08-30 03:00:00,4,141.83456,121.80156
2014-08-30,2014-08-30 04:00:00,5,132.02545,103.99643
2014-08-30,2014-08-30 05:00:00,6,116.648994,93.97655
2014-08-30,2014-08-30 06:00:00,7,102.59809,84.18985
2014-08-30,2014-08-30 07:00:00,8,109.49099,82.0457
2014-08-30,2014-08-30 08:00:00,9,224.01909,85.48491
2014-08-30,2014-08-30 09:00:00,10,226.93532,100.57567
2014-08-30,2014-08-30 10:00:00,11,190.34995,96.258804
2014-08-30,2014-08-30 11:00:00,12,194.85684,93.451614
2014-08-30,2014-08-30 12:00:00,13,202.27995,95.7962
2014-08-30,2014-08-30 13:00:00,14,165.9597,96.46661
2014-08-30,2014-08-30 14:00:00,15,182.92683,106.813736
2014-08-30,2014-08-30 15:00:00,16,186.63838,102.53943
2014-08-30,2014-08-30 16:00:00,17,184.25238,98.01332
2014-08-30,2014-08-30 17:00:00,18,119.83033,87.94464
2014-08-30,2014-08-30 18:00:00,19,106.04454,87.1178
2014-08-30,2014-08-30 19:00:00,20,101.53764,86.33365
2014-08-30,2014-08-30 20:00:00,21,102.863205,89.3922
2014-08-30,2014-08-30 21:00:00,22,127.25345,105.84433
2014-08-30,2014-08-30 22:00:00,23,116.648994,106.38545
2014-08-30,2014-08-30 23:00:00,24,102.59809,100.44217
2014-08-31,2014-08-31 00:00:00,1,105.77943,106.817764
2014-08-31,2014-08-31 01:00:00,2,111.34676,106.94862
2014-08-31,2014-08-31 02:00:00,3,110.28632,104.92291
2014-08-31,2014-08-31 03:00:00,4,109.756096,102.12082
2014-08-31,2014-08-31 04:00:00,5,108.96076,100.23103
2014-08-31,2014-08-31 05:00:00,6,101.27254,92.67958
2014-08-31,2014-08-31 06:00:00,7,93.84942,83.64569
2014-08-31,2014-08-31 07:00:00,8,83.775185,77.68608
2014-08-31,2014-08-31 08:00:00,9,72.3754,76.51021
2014-08-31,2014-08-31 09:00:00,10,73.70095,74.99356
2014-08-31,2014-08-31 10:00:00,11,71.58006,72.0134
2014-08-31,2014-08-31 11:00:00,12,66.27784,71.927475
2014-08-31,2014-08-31 12:00:00,13,76.61718,72.37021
2014-08-31,2014-08-31 13:00:00,14,80.85896,74.5063
2014-08-31,2014-08-31 14:00:00,15,80.85896,74.43106
2014-08-31,2014-08-31 15:00:00,16,73.966064,74.95093
2014-08-31,2014-08-31 16:00:00,17,67.60339,85.52728
2014-08-31,2014-08-31 17:00:00,18,89.87275,93.00374
2014-08-31,2014-08-31 18:00:00,19,121.95122,100.73941
2014-08-31,2014-08-31 19:00:00,20,137.8579,106.244095
2014-08-31,2014-08-31 20:00:00,21,112.672325,98.07361
2014-08-31,2014-08-31 21:00:00,22,225.87486,205.31514
2014-08-31,2014-08-31 22:00:00,23,224.01909,222.02185
2014-08-31,2014-08-31 23:00:00,24,248.40933,202.80403
2014-09-01,2014-09-01 00:00:00,1,224.01909,257.43002
2014-09-01,2014-09-01 01:00:00,2,238.86533,295.30014
2014-09-01,2014-09-01 02:00:00,3,187.69884,226.11375
2014-09-01,2014-09-01 03:00:00,4,165.6946,213.22159
2014-09-01,2014-09-01 04:00:00,5,141.30435,176.46455
2014-09-01,2014-09-01 05:00:00,6,152.43903,183.97266
2014-09-01,2014-09-01 06:00:00,7,152.43903,235.16512
2014-09-01,2014-09-01 07:00:00,8,173.64793,233.79193
2014-09-01,2014-09-01 08:00:00,9,226.13998,345.37076
2014-09-01,2014-09-01 09:00:00,10,336.9565,353.09677
2014-09-01,2014-09-01 10:00:00,11,301.69672,340.93518
2014-09-01,2014-09-01 11:00:00,12,290.82715,341.90692
2014-09-01,2014-09-01 12:00:00,13,336.6914,340.44232
2014-09-01,2014-09-01 13:00:00,14,337.75186,344.23843
2014-09-01,2014-09-01 14:00:00,15,354.18875,359.8916
2014-09-01,2014-09-01 15:00:00,16,356.30966,355.4282
2014-09-01,2014-09-01 16:00:00,17,345.4401,335.38483
2014-09-01,2014-09-01 17:00:00,18,295.59915,291.17313
2014-09-01,2014-09-01 18:00:00,19,252.1209,269.0808
2014-09-01,2014-09-01 19:00:00,20,287.6458,278.15894
2014-09-01,2014-09-01 20:00:00,21,290.56204,251.90126
2014-09-01,2014-09-01 21:00:00,22,494.16754,478.01688
2014-09-01,2014-09-01 22:00:00,23,472.95865,458.0556
2014-09-01,2014-09-01 23:00:00,24,461.55887,455.0431
2014-09-02,2014-09-02 00:00:00,1,442.47083,456.57062
2014-09-02,2014-09-02 01:00:00,2,447.24283,452.70883
2014-09-02,2014-09-02 02:00:00,3,237.53976,323.9337
2014-09-02,2014-09-02 03:00:00,4,202.01485,299.7485
2014-09-02,2014-09-02 04:00:00,5,173.91304,223.63014
2014-09-02,2014-09-02 05:00:00,6,172.32237,213.67432
2014-09-02,2014-09-02 06:00:00,7,175.76883,239.47412
2014-09-02,2014-09-02 07:00:00,8,184.25238,236.14034
2014-09-02,2014-09-02 08:00:00,9,333.24496,324.07828
2014-09-02,2014-09-02 09:00:00,10,366.9141,349.09872
2014-09-02,2014-09-02 10:00:00,11,338.28207,334.5
2014-09-02,2014-09-02 11:00:00,12,358.16544,336.85602
2014-09-02,2014-09-02 12:00:00,13,375.13257,338.83563
2014-09-02,2014-09-02 13:00:00,14,350.2121,343.3227
2014-09-02,2014-09-02 14:00:00,15,369.3001,359.2837
2014-09-02,2014-09-02 15:00:00,16,349.15164,349.6406
2014-09-02,2014-09-02 16:00:00,17,333.24496,335.87143
2014-09-02,2014-09-02 17:00:00,18,290.82715,292.02368
2014-09-02,2014-09-02 18:00:00,19,271.2089,267.04
2014-09-02,2014-09-02 19:00:00,20,307.79428,281.15454
2014-09-02,2014-09-02 20:00:00,21,291.35736,263.24963
2014-09-02,2014-09-02 21:00:00,22,487.00955,481.69708
2014-09-02,2014-09-02 22:00:00,23,477.46555,464.1129
2014-09-02,2014-09-02 23:00:00,24,465.53552,462.43365
2014-09-03,2014-09-03 00:00:00,1,440.08484,459.61398
2014-09-03,2014-09-03 01:00:00,2,438.49417,454.20422
2014-09-03,2014-09-03 02:00:00,3,236.47932,302.40005
2014-09-03,2014-09-03 03:00:00,4,203.87062,262.90796
2014-09-03,2014-09-03 04:00:00,5,168.87593,202.22656
2014-09-03,2014-09-03 05:00:00,6,181.86638,195.62366
2014-09-03,2014-09-03 06:00:00,7,185.57794,218.39369
2014-09-03,2014-09-03 07:00:00,8,197.24284,223.91542
2014-09-03,2014-09-03 08:00:00,9,354.719,331.01416
2014-09-03,2014-09-03 09:00:00,10,383.88123,362.49347
2014-09-03,2014-09-03 10:00:00,11,345.7052,343.3214
2014-09-03,2014-09-03 11:00:00,12,362.4072,348.67358
2014-09-03,2014-09-03 12:00:00,13,389.18347,351.6536
2014-09-03,2014-09-03 13:00:00,14,332.71475,349.7695
2014-09-03,2014-09-03 14:00:00,15,382.82077,365.66083
2014-09-03,2014-09-03 15:00:00,16,370.62567,359.80353
2014-09-03,2014-09-03 16:00:00,17,360.55142,342.87653
2014-09-03,2014-09-03 17:00:00,18,281.01804,294.3546
2014-09-03,2014-09-03 18:00:00,19,259.8091,265.0316
2014-09-03,2014-09-03 19:00:00,20,311.77094,287.63126
2014-09-03,2014-09-03 20:00:00,21,273.86002,269.21088
2014-09-03,2014-09-03 21:00:00,22,503.71155,478.26648
2014-09-03,2014-09-03 22:00:00,23,489.66064,466.11328
2014-09-03,2014-09-03 23:00:00,24,470.30753,462.58258
2014-09-04,2014-09-04 00:00:00,1,463.94485,451.01544
2014-09-04,2014-09-04 01:00:00,2,459.43796,448.27698
2014-09-04,2014-09-04 02:00:00,3,375.66278,264.80652
2014-09-04,2014-09-04 03:00:00,4,347.29587,223.23271
2014-09-04,2014-09-04 04:00:00,5,221.10286,186.95099
2014-09-04,2014-09-04 05:00:00,6,207.31708,188.23514
2014-09-04,2014-09-04 06:00:00,7,198.30328,200.47342
2014-09-04,2014-09-04 07:00:00,8,203.87062,207.33598
2014-09-04,2014-09-04 08:00:00,9,318.39874,337.02234
2014-09-04,2014-09-04 09:00:00,10,338.01697,363.134
2014-09-04,2014-09-04 10:00:00,11,322.9056,345.3777
2014-09-04,2014-09-04 11:00:00,12,347.29587,354.26016
2014-09-04,2014-09-04 12:00:00,13,345.7052,361.2542
2014-09-04,2014-09-04 13:00:00,14,323.17075,350.31
2014-09-04,2014-09-04 14:00:00,15,371.15588,368.04428
2014-09-04,2014-09-04 15:00:00,16,356.57477,357.2085
2014-09-04,2014-09-04 16:00:00,17,354.45386,344.09204
2014-09-04,2014-09-04 17:00:00,18,303.8176,292.56567
2014-09-04,2014-09-04 18:00:00,19,276.24603,272.2814
2014-09-04,2014-09-04 19:00:00,20,295.86426,302.27206
2014-09-04,2014-09-04 20:00:00,21,275.98093,272.82562
2014-09-04,2014-09-04 21:00:00,22,497.34888,481.33667
2014-09-04,2014-09-04 22:00:00,23,470.30753,467.59348
2014-09-04,2014-09-04 23:00:00,24,455.4613,461.48218
2014-09-05,2014-09-05 00:00:00,1,456.25662,447.93744
2014-09-05,2014-09-05 01:00:00,2,456.52173,445.38943
2014-09-05,2014-09-05 02:00:00,3,352.33298,319.40424
2014-09-05,2014-09-05 03:00:00,4,318.39874,293.0094
2014-09-05,2014-09-05 04:00:00,5,230.38176,207.06482
2014-09-05,2014-09-05 05:00:00,6,219.51219,199.38036
2014-09-05,2014-09-05 06:00:00,7,221.8982,198.75967
2014-09-05,2014-09-05 07:00:00,8,231.97243,205.00058
2014-09-05,2014-09-05 08:00:00,9,334.83563,323.81628
2014-09-05,2014-09-05 09:00:00,10,367.44434,350.8613
2014-09-05,2014-09-05 10:00:00,11,325.29163,332.62784
2014-09-05,2014-09-05 11:00:00,12,389.71368,344.47183
2014-09-05,2014-09-05 12:00:00,13,382.02545,344.19272
2014-09-05,2014-09-05 13:00:00,14,374.60233,337.92026
2014-09-05,2014-09-05 14:00:00,15,411.71793,364.61288
2014-09-05,2014-09-05 15:00:00,16,397.40192,359.3086
2014-09-05,2014-09-05 16:00:00,17,369.3001,352.56146
2014-09-05,2014-09-05 17:00:00,18,278.89713,296.7552
2014-09-05,2014-09-05 18:00:00,19,242.04666,263.8218
2014-09-05,2014-09-05 19:00:00,20,291.62247,277.31723
2014-09-05,2014-09-05 20:00:00,21,243.90244,239.85962
2014-09-05,2014-09-05 21:00:00,22,466.06573,468.0594
2014-09-05,2014-09-05 22:00:00,23,446.71262,451.12372
2014-09-05,2014-09-05 23:00:00,24,411.1877,440.3544
2014-09-06,2014-09-06 00:00:00,1,400.84836,402.70496
2014-09-06,2014-09-06 01:00:00,2,403.7646,401.21057
2014-09-06,2014-09-06 02:00:00,3,171.52704,182.5118
2014-09-06,2014-09-06 03:00:00,4,136.00212,149.11375
2014-09-06,2014-09-06 04:00:00,5,125.66278,124.3564
2014-09-06,2014-09-06 05:00:00,6,108.695656,107.48268
2014-09-06,2014-09-06 06:00:00,7,90.66808,99.4234
2014-09-06,2014-09-06 07:00:00,8,80.85896,102.0441
2014-09-06,2014-09-06 08:00:00,9,71.31495,187.28783
2014-09-06,2014-09-06 09:00:00,10,80.328735,188.99594
2014-09-06,2014-09-06 10:00:00,11,77.94273,159.37299
2014-09-06,2014-09-06 11:00:00,12,74.7614,165.67952
2014-09-06,2014-09-06 12:00:00,13,82.44963,174.17326
2014-09-06,2014-09-06 13:00:00,14,81.6543,151.37308
2014-09-06,2014-09-06 14:00:00,15,97.030754,163.70236
2014-09-06,2014-09-06 15:00:00,16,91.72852,159.16876
2014-09-06,2014-09-06 16:00:00,17,74.23118,128.81117
2014-09-06,2014-09-06 17:00:00,18,64.42206,99.01538
2014-09-06,2014-09-06 18:00:00,19,73.17073,97.46147
2014-09-06,2014-09-06 19:00:00,20,79.268295,94.66904
2014-09-06,2014-09-06 20:00:00,21,91.99364,97.63382
2014-09-06,2014-09-06 21:00:00,22,111.61188,118.88809
2014-09-06,2014-09-06 22:00:00,23,108.16543,114.49927
2014-09-06,2014-09-06 23:00:00,24,115.32343,106.83313
2014-09-07,2014-09-07 00:00:00,1,110.81654,105.510635
2014-09-07,2014-09-07 01:00:00,2,107.370094,107.15048
2014-09-07,2014-09-07 02:00:00,3,106.04454,105.83006
2014-09-07,2014-09-07 03:00:00,4,106.30965,104.98923
2014-09-07,2014-09-07 04:00:00,5,107.370094,101.310776
2014-09-07,2014-09-07 05:00:00,6,99.946976,94.4064
2014-09-07,2014-09-07 06:00:00,7,102.06787,84.80965
2014-09-07,2014-09-07 07:00:00,8,81.38918,75.91954
2014-09-07,2014-09-07 08:00:00,9,69.72428,71.42824
2014-09-07,2014-09-07 09:00:00,10,70.78473,69.86594
2014-09-07,2014-09-07 10:00:00,11,71.58006,68.52667
2014-09-07,2014-09-07 11:00:00,12,65.21739,68.05652
2014-09-07,2014-09-07 12:00:00,13,74.7614,69.294556
2014-09-07,2014-09-07 13:00:00,14,79.5334,71.752
2014-09-07,2014-09-07 14:00:00,15,81.12407,72.47186
2014-09-07,2014-09-07 15:00:00,16,81.6543,70.681915
2014-09-07,2014-09-07 16:00:00,17,85.10074,77.8226
2014-09-07,2014-09-07 17:00:00,18,127.25345,88.06525
2014-09-07,2014-09-07 18:00:00,19,110.55143,96.627884
2014-09-07,2014-09-07 19:00:00,20,123.011665,110.62607
2014-09-07,2014-09-07 20:00:00,21,119.565216,104.72781
2014-09-07,2014-09-07 21:00:00,22,285.2598,195.47058
2014-09-07,2014-09-07 22:00:00,23,248.67444,222.71375
2014-09-07,2014-09-07 23:00:00,24,277.04135,222.72038
2014-09-08,2014-09-08 00:00:00,1,280.75293,262.07773
2014-09-08,2014-09-08 01:00:00,2,226.13998,277.3139
2014-09-08,2014-09-08 02:00:00,3,187.69884,209.40063
2014-09-08,2014-09-08 03:00:00,4,164.10393,179.73347
2014-09-08,2014-09-08 04:00:00,5,149.78792,157.54523
2014-09-08,2014-09-08 05:00:00,6,153.49947,169.59448
2014-09-08,2014-09-08 06:00:00,7,218.98198,194.66054
2014-09-08,2014-09-08 07:00:00,8,223.75398,206.9827
2014-09-08,2014-09-08 08:00:00,9,326.6172,300.88394
2014-09-08,2014-09-08 09:00:00,10,350.2121,340.4027
2014-09-08,2014-09-08 10:00:00,11,356.83987,329.06064
2014-09-08,2014-09-08 11:00:00,12,360.81653,333.63675
2014-09-08,2014-09-08 12:00:00,13,379.10922,341.28253
2014-09-08,2014-09-08 13:00:00,14,389.18347,347.44202
2014-09-08,2014-09-08 14:00:00,15,376.72324,364.34222
2014-09-08,2014-09-08 15:00:00,16,360.55142,356.24466
2014-09-08,2014-09-08 16:00:00,17,375.39767,344.00357
2014-09-08,2014-09-08 17:00:00,18,337.48676,292.87796
2014-09-08,2014-09-08 18:00:00,19,337.22162,267.03107
2014-09-08,2014-09-08 19:00:00,20,369.3001,295.79855
2014-09-08,2014-09-08 20:00:00,21,339.60764,271.80008
2014-09-08,2014-09-08 21:00:00,22,507.68823,475.01434
2014-09-08,2014-09-08 22:00:00,23,485.15378,455.4395
2014-09-08,2014-09-08 23:00:00,24,473.22375,452.1042
2014-09-09,2014-09-09 00:00:00,1,465.0053,454.16605
2014-09-09,2014-09-09 01:00:00,2,454.66595,448.3698
2014-09-09,2014-09-09 02:00:00,3,220.57265,309.70114
2014-09-09,2014-09-09 03:00:00,4,189.02438,273.90784
2014-09-09,2014-09-09 04:00:00,5,168.87593,218.97246
2014-09-09,2014-09-09 05:00:00,6,173.91304,216.35611
2014-09-09,2014-09-09 06:00:00,7,163.5737,230.29834
2014-09-09,2014-09-09 07:00:00,8,184.78261,230.69078
2014-09-09,2014-09-09 08:00:00,9,323.70096,349.9571
2014-09-09,2014-09-09 09:00:00,10,321.31494,374.30432
2014-09-09,2014-09-09 10:00:00,11,345.9703,360.1869
2014-09-09,2014-09-09 11:00:00,12,349.68185,371.17496
2014-09-09,2014-09-09 12:00:00,13,330.32874,374.82925
2014-09-09,2014-09-09 13:00:00,14,323.17075,368.78317
2014-09-09,2014-09-09 14:00:00,15,363.46765,380.22482
2014-09-09,2014-09-09 15:00:00,16,360.55142,371.88196
2014-09-09,2014-09-09 16:00:00,17,353.65854,361.52985
2014-09-09,2014-09-09 17:00:00,18,310.44537,315.53214
2014-09-09,2014-09-09 18:00:00,19,309.11984,296.1418
2014-09-09,2014-09-09 19:00:00,20,378.04877,329.4624
2014-09-09,2014-09-09 20:00:00,21,326.8823,296.61194
2014-09-09,2014-09-09 21:00:00,22,494.16754,483.5844
2014-09-09,2014-09-09 22:00:00,23,462.6193,469.03247
2014-09-09,2014-09-09 23:00:00,24,473.22375,463.55408
2014-09-10,2014-09-10 00:00:00,1,461.82397,457.24118
2014-09-10,2014-09-10 01:00:00,2,461.55887,441.12704
2014-09-10,2014-09-10 02:00:00,3,369.3001,274.3573
2014-09-10,2014-09-10 03:00:00,4,396.34146,230.43042
2014-09-10,2014-09-10 04:00:00,5,250.53023,191.11612
2014-09-10,2014-09-10 05:00:00,6,208.64262,186.62244
2014-09-10,2014-09-10 06:00:00,7,261.39978,194.63806
2014-09-10,2014-09-10 07:00:00,8,356.30966,206.83377
2014-09-10,2014-09-10 08:00:00,9,417.55038,334.4635
2014-09-10,2014-09-10 09:00:00,10,370.09543,347.39078
2014-09-10,2014-09-10 10:00:00,11,513.25555,348.01178
2014-09-10,2014-09-10 11:00:00,12,537.3807,356.69244
2014-09-10,2014-09-10 12:00:00,13,501.85577,358.254
2014-09-10,2014-09-10 13:00:00,14,488.06998,354.65656
2014-09-10,2014-09-10 14:00:00,15,519.35315,371.48325
2014-09-10,2014-09-10 15:00:00,16,502.12088,363.66754
2014-09-10,2014-09-10 16:00:00,17,508.48355,357.6514
2014-09-10,2014-09-10 17:00:00,18,458.1124,308.367
2014-09-10,2014-09-10 18:00:00,19,453.6055,293.14395
2014-09-10,2014-09-10 19:00:00,20,465.53552,333.1907
2014-09-10,2014-09-10 20:00:00,21,292.41782,299.81207
2014-09-10,2014-09-10 21:00:00,22,511.13467,478.24884
2014-09-10,2014-09-10 22:00:00,23,488.3351,467.1291
2014-09-10,2014-09-10 23:00:00,24,470.57263,463.41852
2014-09-11,2014-09-11 00:00:00,1,448.5684,463.20105
2014-09-11,2014-09-11 01:00:00,2,452.54507,458.8852
2014-09-11,2014-09-11 02:00:00,3,300.63626,317.37933
2014-09-11,2014-09-11 03:00:00,4,242.04666,288.42004
2014-09-11,2014-09-11 04:00:00,5,178.15483,215.4967
2014-09-11,2014-09-11 05:00:00,6,165.16437,200.33974
2014-09-11,2014-09-11 06:00:00,7,165.6946,218.56807
2014-09-11,2014-09-11 07:00:00,8,205.99152,247.5244
2014-09-11,2014-09-11 08:00:00,9,397.40192,349.45096
2014-09-11,2014-09-11 09:00:00,10,400.31815,359.1217
2014-09-11,2014-09-11 10:00:00,11,456.78687,374.07263
2014-09-11,2014-09-11 11:00:00,12,365.32343,382.31766
2014-09-11,2014-09-11 12:00:00,13,382.55566,384.19012
2014-09-11,2014-09-11 13:00:00,14,375.39767,380.80334
2014-09-11,2014-09-11 14:00:00,15,403.7646,401.5379
2014-09-11,2014-09-11 15:00:00,16,358.43054,396.60483
2014-09-11,2014-09-11 16:00:00,17,338.28207,391.19952
2014-09-11,2014-09-11 17:00:00,18,292.1527,347.9632
2014-09-11,2014-09-11 18:00:00,19,266.4369,336.1023
2014-09-11,2014-09-11 19:00:00,20,348.35632,375.8863
2014-09-11,2014-09-11 20:00:00,21,278.63202,309.39255
2014-09-11,2014-09-11 21:00:00,22,495.7582,487.72076
2014-09-11,2014-09-11 22:00:00,23,486.74445,474.59692
2014-09-11,2014-09-11 23:00:00,24,486.74445,469.47052
2014-09-12,2014-09-12 00:00:00,1,473.22375,461.45605
2014-09-12,2014-09-12 01:00:00,2,465.27042,455.34335
2014-09-12,2014-09-12 02:00:00,3,279.69247,318.64975
2014-09-12,2014-09-12 03:00:00,4,231.1771,286.99908
2014-09-12,2014-09-12 04:00:00,5,187.96394,206.14363
2014-09-12,2014-09-12 05:00:00,6,168.0806,196.18343
2014-09-12,2014-09-12 06:00:00,7,161.4528,205.54333
2014-09-12,2014-09-12 07:00:00,8,183.98727,232.77486
2014-09-12,2014-09-12 08:00:00,9,357.10498,358.23926
2014-09-12,2014-09-12 09:00:00,10,300.10605,368.3263
2014-09-12,2014-09-12 10:00:00,11,386.53235,378.46503
2014-09-12,2014-09-12 11:00:00,12,380.6999,379.8372
2014-09-12,2014-09-12 12:00:00,13,397.40192,380.713
2014-09-12,2014-09-12 13:00:00,14,373.5419,378.4533
2014-09-12,2014-09-12 14:00:00,15,414.89926,395.80222
2014-09-12,2014-09-12 15:00:00,16,396.87167,385.14835
2014-09-12,2014-09-12 16:00:00,17,373.01166,360.07535
2014-09-12,2014-09-12 17:00:00,18,297.72003,304.6484
2014-09-12,2014-09-12 18:00:00,19,273.5949,275.9165
2014-09-12,2014-09-12 19:00:00,20,381.49524,312.79303
2014-09-12,2014-09-12 20:00:00,21,252.65111,249.61624
2014-09-12,2014-09-12 21:00:00,22,484.35843,474.37738
2014-09-12,2014-09-12 22:00:00,23,480.11664,460.58746
2014-09-12,2014-09-12 23:00:00,24,467.3913,449.37494
2014-09-13,2014-09-13 00:00:00,1,448.03818,430.8484
2014-09-13,2014-09-13 01:00:00,2,441.6755,424.16913
2014-09-13,2014-09-13 02:00:00,3,183.72217,192.03381
2014-09-13,2014-09-13 03:00:00,4,138.12302,148.80498
2014-09-13,2014-09-13 04:00:00,5,127.78367,125.40108
2014-09-13,2014-09-13 05:00:00,6,108.96076,112.09433
2014-09-13,2014-09-13 06:00:00,7,89.34252,91.20323
2014-09-13,2014-09-13 07:00:00,8,71.31495,96.71858
2014-09-13,2014-09-13 08:00:00,9,66.542946,147.01382
2014-09-13,2014-09-13 09:00:00,10,67.07317,144.02112
2014-09-13,2014-09-13 10:00:00,11,65.21739,142.46422
2014-09-13,2014-09-13 11:00:00,12,59.65005,136.13422
2014-09-13,2014-09-13 12:00:00,13,67.86851,136.53587
2014-09-13,2014-09-13 13:00:00,14,74.49629,126.27869
2014-09-13,2014-09-13 14:00:00,15,77.94273,137.48772
2014-09-13,2014-09-13 15:00:00,16,75.55673,129.89119
2014-09-13,2014-09-13 16:00:00,17,62.301167,117.597015
2014-09-13,2014-09-13 17:00:00,18,62.83139,96.118
2014-09-13,2014-09-13 18:00:00,19,70.519615,97.85983
2014-09-13,2014-09-13 19:00:00,20,73.435844,98.03874
2014-09-13,2014-09-13 20:00:00,21,88.01697,100.88576
2014-09-13,2014-09-13 21:00:00,22,108.43054,122.13176
2014-09-13,2014-09-13 22:00:00,23,110.55143,116.12927
2014-09-13,2014-09-13 23:00:00,24,105.51431,112.8999
2014-09-14,2014-09-14 00:00:00,1,99.15164,106.37729
2014-09-14,2014-09-14 01:00:00,2,100.74231,105.62924
2014-09-14,2014-09-14 02:00:00,3,103.393425,103.95685
2014-09-14,2014-09-14 03:00:00,4,107.900314,101.957214
2014-09-14,2014-09-14 04:00:00,5,104.98409,100.11995
2014-09-14,2014-09-14 05:00:00,6,102.33298,95.70555
2014-09-14,2014-09-14 06:00:00,7,106.839874,90.30208
2014-09-14,2014-09-14 07:00:00,8,87.751854,78.88048
2014-09-14,2014-09-14 08:00:00,9,75.291626,72.57048
2014-09-14,2014-09-14 09:00:00,10,76.61718,71.339905
2014-09-14,2014-09-14 10:00:00,11,75.291626,70.48715
2014-09-14,2014-09-14 11:00:00,12,69.989395,71.237625
2014-09-14,2014-09-14 12:00:00,13,72.90562,72.143616
2014-09-14,2014-09-14 13:00:00,14,73.17073,76.567566
2014-09-14,2014-09-14 14:00:00,15,78.20785,76.54753
2014-09-14,2014-09-14 15:00:00,16,76.61718,77.25249
2014-09-14,2014-09-14 16:00:00,17,79.5334,84.57555
2014-09-14,2014-09-14 17:00:00,18,105.77943,93.283005
2014-09-14,2014-09-14 18:00:00,19,120.09544,104.287476
2014-09-14,2014-09-14 19:00:00,20,146.60657,116.50333
2014-09-14,2014-09-14 20:00:00,21,157.47614,108.29425
2014-09-14,2014-09-14 21:00:00,22,239.13043,234.37547
2014-09-14,2014-09-14 22:00:00,23,205.19618,236.27664
2014-09-14,2014-09-14 23:00:00,24,268.8229,254.3814
2014-09-15,2014-09-15 00:00:00,1,259.544,271.7902
2014-09-15,2014-09-15 01:00:00,2,246.55356,255.37798
2014-09-15,2014-09-15 02:00:00,3,208.64262,188.93025
2014-09-15,2014-09-15 03:00:00,4,184.5175,168.68837
2014-09-15,2014-09-15 04:00:00,5,166.48993,150.67523
2014-09-15,2014-09-15 05:00:00,6,165.6946,155.66998
2014-09-15,2014-09-15 06:00:00,7,170.7317,174.58786
2014-09-15,2014-09-15 07:00:00,8,180.54083,200.6276
2014-09-15,2014-09-15 08:00:00,9,283.93427,313.9149
2014-09-15,2014-09-15 09:00:00,10,299.84094,341.92386
2014-09-15,2014-09-15 10:00:00,11,395.0159,354.04633
2014-09-15,2014-09-15 11:00:00,12,416.75504,352.71652
2014-09-15,2014-09-15 12:00:00,13,433.98727,364.3234
2014-09-15,2014-09-15 13:00:00,14,398.72748,362.36523
2014-09-15,2014-09-15 14:00:00,15,406.15057,385.9746
2014-09-15,2014-09-15 15:00:00,16,394.22058,376.57047
2014-09-15,2014-09-15 16:00:00,17,378.04877,358.52808
2014-09-15,2014-09-15 17:00:00,18,327.94275,310.1427
2014-09-15,2014-09-15 18:00:00,19,311.50583,288.0576
2014-09-15,2014-09-15 19:00:00,20,401.64368,343.30597
2014-09-15,2014-09-15 20:00:00,21,372.21634,286.9521
2014-09-15,2014-09-15 21:00:00,22,506.62778,482.99457
2014-09-15,2014-09-15 22:00:00,23,485.41888,470.05576
2014-09-15,2014-09-15 23:00:00,24,475.07953,468.3001
2014-09-16,2014-09-16 00:00:00,1,466.59598,458.85815
2014-09-16,2014-09-16 01:00:00,2,480.11664,448.39264
2014-09-16,2014-09-16 02:00:00,3,259.544,263.4966
2014-09-16,2014-09-16 03:00:00,4,222.95865,220.18666
2014-09-16,2014-09-16 04:00:00,5,195.12195,176.3009
2014-09-16,2014-09-16 05:00:00,6,190.88017,172.18427
2014-09-16,2014-09-16 06:00:00,7,178.68504,175.45708
2014-09-16,2014-09-16 07:00:00,8,187.16861,195.34729
2014-09-16,2014-09-16 08:00:00,9,361.34677,340.16376
2014-09-16,2014-09-16 09:00:00,10,410.39236,344.114
2014-09-16,2014-09-16 10:00:00,11,416.75504,376.83502
2014-09-16,2014-09-16 11:00:00,12,415.69458,382.32565
2014-09-16,2014-09-16 12:00:00,13,388.12302,383.0237
2014-09-16,2014-09-16 13:00:00,14,396.87167,371.92676
2014-09-16,2014-09-16 14:00:00,15,443.00107,389.9514
2014-09-16,2014-09-16 15:00:00,16,503.18134,381.01425
2014-09-16,2014-09-16 16:00:00,17,362.93744,366.83517
2014-09-16,2014-09-16 17:00:00,18,319.9894,315.40637
2014-09-16,2014-09-16 18:00:00,19,338.28207,303.77213
2014-09-16,2014-09-16 19:00:00,20,403.49948,365.49988
2014-09-16,2014-09-16 20:00:00,21,312.56628,319.03036
2014-09-16,2014-09-16 21:00:00,22,493.63733,494.3248
2014-09-16,2014-09-16 22:00:00,23,491.78156,482.08524
2014-09-16,2014-09-16 23:00:00,24,476.6702,476.84277
2014-09-17,2014-09-17 00:00:00,1,457.8473,462.6203
2014-09-17,2014-09-17 01:00:00,2,467.1262,460.3699
2014-09-17,2014-09-17 02:00:00,3,249.20467,285.76312
2014-09-17,2014-09-17 03:00:00,4,213.14952,239.42963
2014-09-17,2014-09-17 04:00:00,5,187.96394,195.46275
2014-09-17,2014-09-17 05:00:00,6,180.27571,185.30576
2014-09-17,2014-09-17 06:00:00,7,168.3457,183.9216
2014-09-17,2014-09-17 07:00:00,8,181.07104,202.42249
2014-09-17,2014-09-17 08:00:00,9,292.41782,363.07404
2014-09-17,2014-09-17 09:00:00,10,278.63202,371.11295
2014-09-17,2014-09-17 10:00:00,11,362.4072,402.24585
2014-09-17,2014-09-17 11:00:00,12,399.5228,400.24738
2014-09-17,2014-09-17 12:00:00,13,389.44858,397.20752
2014-09-17,2014-09-17 13:00:00,14,347.56097,391.65527
2014-09-17,2014-09-17 14:00:00,15,392.89502,418.30585
2014-09-17,2014-09-17 15:00:00,16,369.56522,409.93085
2014-09-17,2014-09-17 16:00:00,17,340.13785,383.53506
2014-09-17,2014-09-17 17:00:00,18,260.60446,331.323
2014-09-17,2014-09-17 18:00:00,19,303.5525,321.09232
2014-09-17,2014-09-17 19:00:00,20,395.81125,387.89072
2014-09-17,2014-09-17 20:00:00,21,348.0912,325.38245
2014-09-17,2014-09-17 21:00:00,22,493.37222,491.39526
2014-09-17,2014-09-17 22:00:00,23,490.7211,483.09485
2014-09-17,2014-09-17 23:00:00,24,472.4284,478.55383
2014-09-18,2014-09-18 00:00:00,1,476.6702,462.6901
2014-09-18,2014-09-18 01:00:00,2,491.51645,457.54724
2014-09-18,2014-09-18 02:00:00,3,290.29694,271.98016
2014-09-18,2014-09-18 03:00:00,4,236.74443,229.89502
2014-09-18,2014-09-18 04:00:00,5,209.70308,188.75775
2014-09-18,2014-09-18 05:00:00,6,194.85684,178.38434
2014-09-18,2014-09-18 06:00:00,7,206.25662,177.29993
2014-09-18,2014-09-18 07:00:00,8,191.14528,194.57507
2014-09-18,2014-09-18 08:00:00,9,268.2927,329.0694
2014-09-18,2014-09-18 09:00:00,10,310.44537,326.52814
2014-09-18,2014-09-18 10:00:00,11,367.17923,383.9513
2014-09-18,2014-09-18 11:00:00,12,382.29056,391.1491
2014-09-18,2014-09-18 12:00:00,13,382.29056,384.27985
2014-09-18,2014-09-18 13:00:00,14,370.62567,376.883
2014-09-18,2014-09-18 14:00:00,15,398.72748,401.55118
2014-09-18,2014-09-18 15:00:00,16,384.14633,390.68735
2014-09-18,2014-09-18 16:00:00,17,349.68185,364.13675
2014-09-18,2014-09-18 17:00:00,18,293.21313,313.31903
2014-09-18,2014-09-18 18:00:00,19,368.50476,316.05457
2014-09-18,2014-09-18 19:00:00,20,422.8526,381.37268
2014-09-18,2014-09-18 20:00:00,21,408.8017,315.5999
2014-09-18,2014-09-18 21:00:00,22,519.35315,487.12897
2014-09-18,2014-09-18 22:00:00,23,498.67444,476.6681
2014-09-18,2014-09-18 23:00:00,24,499.4698,471.71313
2014-09-19,2014-09-19 00:00:00,1,474.54932,482.85944
2014-09-19,2014-09-19 01:00:00,2,474.81442,481.89517
2014-09-19,2014-09-19 02:00:00,3,287.3807,297.5175
2014-09-19,2014-09-19 03:00:00,4,227.99576,244.36884
2014-09-19,2014-09-19 04:00:00,5,213.14952,206.96866
2014-09-19,2014-09-19 05:00:00,6,194.32661,193.04776
2014-09-19,2014-09-19 06:00:00,7,175.50371,189.24478
2014-09-19,2014-09-19 07:00:00,8,217.39131,195.99435
2014-09-19,2014-09-19 08:00:00,9,265.90668,308.83777
2014-09-19,2014-09-19 09:00:00,10,284.72958,315.80402
2014-09-19,2014-09-19 10:00:00,11,406.68082,374.28644
2014-09-19,2014-09-19 11:00:00,12,405.09015,383.69427
2014-09-19,2014-09-19 12:00:00,13,368.23965,384.36694
2014-09-19,2014-09-19 13:00:00,14,362.4072,375.52417
2014-09-19,2014-09-19 14:00:00,15,412.24814,396.30396
2014-09-19,2014-09-19 15:00:00,16,401.64368,387.1347
2014-09-19,2014-09-19 16:00:00,17,363.20255,359.6021
2014-09-19,2014-09-19 17:00:00,18,260.07422,292.6714
2014-09-19,2014-09-19 18:00:00,19,276.77625,291.1779
2014-09-19,2014-09-19 19:00:00,20,358.69565,349.49942
2014-09-19,2014-09-19 20:00:00,21,301.69672,285.93005
2014-09-19,2014-09-19 21:00:00,22,493.37222,471.6759
2014-09-19,2014-09-19 22:00:00,23,489.39554,461.20117
2014-09-19,2014-09-19 23:00:00,24,460.76352,448.5129
2014-09-20,2014-09-20 00:00:00,1,444.0615,424.96698
2014-09-20,2014-09-20 01:00:00,2,439.2895,412.57065
2014-09-20,2014-09-20 02:00:00,3,180.54083,198.26138
2014-09-20,2014-09-20 03:00:00,4,154.55992,143.44237
2014-09-20,2014-09-20 04:00:00,5,143.95546,127.782425
2014-09-20,2014-09-20 05:00:00,6,126.458115,109.59032
2014-09-20,2014-09-20 06:00:00,7,107.900314,91.98157
2014-09-20,2014-09-20 07:00:00,8,100.21209,76.18643
2014-09-20,2014-09-20 08:00:00,9,141.30435,73.20613
2014-09-20,2014-09-20 09:00:00,10,140.2439,70.705414
2014-09-20,2014-09-20 10:00:00,11,140.77412,72.66382
2014-09-20,2014-09-20 11:00:00,12,139.71368,73.355896
2014-09-20,2014-09-20 12:00:00,13,146.60657,75.29967
2014-09-20,2014-09-20 13:00:00,14,105.51431,75.91669
2014-09-20,2014-09-20 14:00:00,15,155.09013,80.25787
2014-09-20,2014-09-20 15:00:00,16,163.3086,78.610504
2014-09-20,2014-09-20 16:00:00,17,143.69035,73.637024
2014-09-20,2014-09-20 17:00:00,18,89.87275,75.184265
2014-09-20,2014-09-20 18:00:00,19,94.37964,77.2195
2014-09-20,2014-09-20 19:00:00,20,100.74231,81.84537
2014-09-20,2014-09-20 20:00:00,21,131.76035,88.67766
2014-09-20,2014-09-20 21:00:00,22,132.29056,105.380615
2014-09-20,2014-09-20 22:00:00,23,125.92789,108.90669
2014-09-20,2014-09-20 23:00:00,24,120.62566,107.74361
2014-09-21,2014-09-21 00:00:00,1,128.57901,109.68692
2014-09-21,2014-09-21 01:00:00,2,144.48569,106.7917
2014-09-21,2014-09-21 02:00:00,3,140.50902,103.9926
2014-09-21,2014-09-21 03:00:00,4,134.67656,101.61516
2014-09-21,2014-09-21 04:00:00,5,128.31389,101.28032
2014-09-21,2014-09-21 05:00:00,6,119.565216,97.95035
2014-09-21,2014-09-21 06:00:00,7,111.08166,93.84146
2014-09-21,2014-09-21 07:00:00,8,89.077415,82.67767
2014-09-21,2014-09-21 08:00:00,9,91.99364,76.39351
2014-09-21,2014-09-21 09:00:00,10,92.78897,74.673996
2014-09-21,2014-09-21 10:00:00,11,90.137856,72.59413
2014-09-21,2014-09-21 11:00:00,12,80.85896,72.88588
2014-09-21,2014-09-21 12:00:00,13,88.54719,72.27179
2014-09-21,2014-09-21 13:00:00,14,93.584305,75.33128
2014-09-21,2014-09-21 14:00:00,15,95.70519,78.79509
2014-09-21,2014-09-21 15:00:00,16,96.23542,82.275375
2014-09-21,2014-09-21 16:00:00,17,89.607635,91.16333
2014-09-21,2014-09-21 17:00:00,18,118.50477,95.09572
2014-09-21,2014-09-21 18:00:00,19,132.29056,101.81233
2014-09-21,2014-09-21 19:00:00,20,163.04347,119.744995
2014-09-21,2014-09-21 20:00:00,21,164.10393,133.4684
2014-09-21,2014-09-21 21:00:00,22,228.52599,221.63391
2014-09-21,2014-09-21 22:00:00,23,214.74019,218.61005
2014-09-21,2014-09-21 23:00:00,24,202.27995,245.27063
2014-09-22,2014-09-22 00:00:00,1,204.13574,235.84837
2014-09-22,2014-09-22 01:00:00,2,233.5631,232.44223
2014-09-22,2014-09-22 02:00:00,3,204.40085,195.63397
2014-09-22,2014-09-22 03:00:00,4,169.40614,178.80142
2014-09-22,2014-09-22 04:00:00,5,157.74126,165.81848
2014-09-22,2014-09-22 05:00:00,6,160.39236,165.76973
2014-09-22,2014-09-22 06:00:00,7,163.5737,183.08041
2014-09-22,2014-09-22 07:00:00,8,207.58218,197.9165
2014-09-22,2014-09-22 08:00:00,9,303.02228,292.5714
2014-09-22,2014-09-22 09:00:00,10,364.263,313.54343
2014-09-22,2014-09-22 10:00:00,11,415.69458,382.74567
2014-09-22,2014-09-22 11:00:00,12,325.02652,390.08145
2014-09-22,2014-09-22 12:00:00,13,310.44537,387.06293
2014-09-22,2014-09-22 13:00:00,14,321.84518,381.3173
2014-09-22,2014-09-22 14:00:00,15,403.7646,398.7371
2014-09-22,2014-09-22 15:00:00,16,432.6617,394.43402
2014-09-22,2014-09-22 16:00:00,17,355.77942,366.7314
2014-09-22,2014-09-22 17:00:00,18,297.18982,312.9873
2014-09-22,2014-09-22 18:00:00,19,357.3701,327.59955
2014-09-22,2014-09-22 19:00:00,20,438.22906,390.16296
2014-09-22,2014-09-22 20:00:00,21,372.48145,337.93848
2014-09-22,2014-09-22 21:00:00,22,518.29266,492.7719
2014-09-22,2014-09-22 22:00:00,23,509.544,479.73138
2014-09-22,2014-09-22 23:00:00,24,494.9629,473.88837
2014-09-23,2014-09-23 00:00:00,1,480.38177,474.5821
2014-09-23,2014-09-23 01:00:00,2,476.13998,472.33923
2014-09-23,2014-09-23 02:00:00,3,390.77414,281.96246
2014-09-23,2014-09-23 03:00:00,4,376.72324,231.67221
2014-09-23,2014-09-23 04:00:00,5,213.14952,203.83743
2014-09-23,2014-09-23 05:00:00,6,194.85684,190.88544
2014-09-23,2014-09-23 06:00:00,7,301.96182,185.4732
2014-09-23,2014-09-23 07:00:00,8,296.6596,206.80771
2014-09-23,2014-09-23 08:00:00,9,318.66385,313.76877
2014-09-23,2014-09-23 09:00:00,10,296.12936,326.3177
2014-09-23,2014-09-23 10:00:00,11,315.4825,402.1598
2014-09-23,2014-09-23 11:00:00,12,303.5525,388.42993
2014-09-23,2014-09-23 12:00:00,13,317.3383,371.31366
2014-09-23,2014-09-23 13:00:00,14,313.3616,366.08942
2014-09-23,2014-09-23 14:00:00,15,337.75186,410.4395
2014-09-23,2014-09-23 15:00:00,16,314.95227,406.32764
2014-09-23,2014-09-23 16:00:00,17,299.57584,370.4272
2014-09-23,2014-09-23 17:00:00,18,257.15802,308.77295
2014-09-23,2014-09-23 18:00:00,19,282.3436,330.26233
2014-09-23,2014-09-23 19:00:00,20,386.0021,410.687
2014-09-23,2014-09-23 20:00:00,21,296.12936,353.0327
2014-09-23,2014-09-23 21:00:00,22,502.65112,499.09595
2014-09-23,2014-09-23 22:00:00,23,496.02332,490.2912
2014-09-23,2014-09-23 23:00:00,24,493.10712,486.3966
2014-09-24,2014-09-24 00:00:00,1,480.11664,471.43616
2014-09-24,2014-09-24 01:00:00,2,479.85153,465.7254
2014-09-24,2014-09-24 02:00:00,3,272.7996,317.6673
2014-09-24,2014-09-24 03:00:00,4,234.35843,267.10263
2014-09-24,2014-09-24 04:00:00,5,198.03818,207.0876
2014-09-24,2014-09-24 05:00:00,6,192.47084,193.9287
2014-09-24,2014-09-24 06:00:00,7,221.8982,212.46826
2014-09-24,2014-09-24 07:00:00,8,220.57265,234.34064
2014-09-24,2014-09-24 08:00:00,9,265.90668,311.0671
2014-09-24,2014-09-24 09:00:00,10,298.51538,320.09253
2014-09-24,2014-09-24 10:00:00,11,356.57477,370.67365
2014-09-24,2014-09-24 11:00:00,12,395.281,358.33173
2014-09-24,2014-09-24 12:00:00,13,380.6999,351.06964
2014-09-24,2014-09-24 13:00:00,14,344.90985,350.1739
2014-09-24,2014-09-24 14:00:00,15,371.421,379.88007
2014-09-24,2014-09-24 15:00:00,16,356.30966,374.34406
2014-09-24,2014-09-24 16:00:00,17,324.7614,340.2177
2014-09-24,2014-09-24 17:00:00,18,246.28844,286.91904
2014-09-24,2014-09-24 18:00:00,19,289.23648,319.56604
2014-09-24,2014-09-24 19:00:00,20,374.86743,399.7976
2014-09-24,2014-09-24 20:00:00,21,338.01697,334.65796
2014-09-24,2014-09-24 21:00:00,22,480.38177,496.8215
2014-09-24,2014-09-24 22:00:00,23,474.01907,489.51532
2014-09-24,2014-09-24 23:00:00,24,451.74973,484.6197
2014-09-25,2014-09-25 00:00:00,1,449.62885,457.89136
2014-09-25,2014-09-25 01:00:00,2,457.58218,458.23987
2014-09-25,2014-09-25 02:00:00,3,227.99576,279.2035
2014-09-25,2014-09-25 03:00:00,4,207.58218,233.72531
2014-09-25,2014-09-25 04:00:00,5,181.60127,198.67853
2014-09-25,2014-09-25 05:00:00,6,180.80594,186.68488
2014-09-25,2014-09-25 06:00:00,7,169.40614,192.76593
2014-09-25,2014-09-25 07:00:00,8,186.9035,208.35968
2014-09-25,2014-09-25 08:00:00,9,259.2789,282.59485
2014-09-25,2014-09-25 09:00:00,10,307.52917,294.13312
2014-09-25,2014-09-25 10:00:00,11,382.29056,366.81665
2014-09-25,2014-09-25 11:00:00,12,360.81653,370.8076
2014-09-25,2014-09-25 12:00:00,13,366.38388,361.15558
2014-09-25,2014-09-25 13:00:00,14,361.61188,350.45975
2014-09-25,2014-09-25 14:00:00,15,400.58325,375.7533
2014-09-25,2014-09-25 15:00:00,16,389.18347,365.8774
2014-09-25,2014-09-25 16:00:00,17,369.035,334.1252
2014-09-25,2014-09-25 17:00:00,18,270.67868,276.26822
2014-09-25,2014-09-25 18:00:00,19,335.10074,300.2166
2014-09-25,2014-09-25 19:00:00,20,418.6108,382.80096
2014-09-25,2014-09-25 20:00:00,21,352.59808,327.0346
2014-09-25,2014-09-25 21:00:00,22,499.7349,488.5863
2014-09-25,2014-09-25 22:00:00,23,469.24707,478.22287
2014-09-25,2014-09-25 23:00:00,24,456.78687,473.70422
2014-09-26,2014-09-26 00:00:00,1,440.08484,461.4978
2014-09-26,2014-09-26 01:00:00,2,439.02438,465.32178
2014-09-26,2014-09-26 02:00:00,3,230.38176,266.01398
2014-09-26,2014-09-26 03:00:00,4,206.25662,226.91501
2014-09-26,2014-09-26 04:00:00,5,173.38283,199.18503
2014-09-26,2014-09-26 05:00:00,6,176.56416,189.05133
2014-09-26,2014-09-26 06:00:00,7,177.09438,186.14287
2014-09-26,2014-09-26 07:00:00,8,227.20042,201.00406
2014-09-26,2014-09-26 08:00:00,9,258.21844,279.98114
2014-09-26,2014-09-26 09:00:00,10,304.0827,299.75467
2014-09-26,2014-09-26 10:00:00,11,380.965,377.19342
2014-09-26,2014-09-26 11:00:00,12,350.7423,381.65332
2014-09-26,2014-09-26 12:00:00,13,319.45917,373.6596
2014-09-26,2014-09-26 13:00:00,14,339.07742,360.391
2014-09-26,2014-09-26 14:00:00,15,362.67233,395.52737
2014-09-26,2014-09-26 15:00:00,16,349.68185,388.95953
2014-09-26,2014-09-26 16:00:00,17,355.5143,365.76904
2014-09-26,2014-09-26 17:00:00,18,353.65854,284.48898
2014-09-26,2014-09-26 18:00:00,19,384.14633,304.2728
2014-09-26,2014-09-26 19:00:00,20,350.2121,385.0495
2014-09-26,2014-09-26 20:00:00,21,307.26404,310.56964
2014-09-26,2014-09-26 21:00:00,22,487.27466,479.65247
2014-09-26,2014-09-26 22:00:00,23,455.99152,469.22046
2014-09-26,2014-09-26 23:00:00,24,434.5175,459.58026
2014-09-27,2014-09-27 00:00:00,1,404.825,419.6847
2014-09-27,2014-09-27 01:00:00,2,408.8017,414.6709
2014-09-27,2014-09-27 02:00:00,3,166.75504,181.7525
2014-09-27,2014-09-27 03:00:00,4,151.37859,143.87213
2014-09-27,2014-09-27 04:00:00,5,148.46236,129.89362
2014-09-27,2014-09-27 05:00:00,6,132.29056,116.97237
2014-09-27,2014-09-27 06:00:00,7,122.74655,105.65459
2014-09-27,2014-09-27 07:00:00,8,109.49099,96.81444
2014-09-27,2014-09-27 08:00:00,9,159.86214,106.9637
2014-09-27,2014-09-27 09:00:00,10,140.77412,106.91373
2014-09-27,2014-09-27 10:00:00,11,228.52599,111.38768
2014-09-27,2014-09-27 11:00:00,12,199.09862,109.88228
2014-09-27,2014-09-27 12:00:00,13,181.86638,108.66188
2014-09-27,2014-09-27 13:00:00,14,119.034996,103.099884
2014-09-27,2014-09-27 14:00:00,15,148.99258,119.81909
2014-09-27,2014-09-27 15:00:00,16,149.78792,124.24222
2014-09-27,2014-09-27 16:00:00,17,136.53235,104.5466
2014-09-27,2014-09-27 17:00:00,18,88.8123,96.180374
2014-09-27,2014-09-27 18:00:00,19,93.31919,97.61441
2014-09-27,2014-09-27 19:00:00,20,98.0912,104.1933
2014-09-27,2014-09-27 20:00:00,21,130.96501,113.538055
2014-09-27,2014-09-27 21:00:00,22,130.43478,121.28546
2014-09-27,2014-09-27 22:00:00,23,128.57901,121.74338
2014-09-27,2014-09-27 23:00:00,24,119.565216,119.4557
2014-09-28,2014-09-28 00:00:00,1,120.09544,119.46811
2014-09-28,2014-09-28 01:00:00,2,125.92789,124.05299
2014-09-28,2014-09-28 02:00:00,3,129.37434,122.97974
2014-09-28,2014-09-28 03:00:00,4,123.541885,121.69621
2014-09-28,2014-09-28 04:00:00,5,121.421,117.778076
2014-09-28,2014-09-28 05:00:00,6,112.93743,111.65874
2014-09-28,2014-09-28 06:00:00,7,109.49099,104.31813
2014-09-28,2014-09-28 07:00:00,8,92.52386,93.57846
2014-09-28,2014-09-28 08:00:00,9,83.775185,88.815155
2014-09-28,2014-09-28 09:00:00,10,83.51007,88.45857
2014-09-28,2014-09-28 10:00:00,11,83.51007,85.26941
2014-09-28,2014-09-28 11:00:00,12,74.7614,83.70029
2014-09-28,2014-09-28 12:00:00,13,83.775185,82.05185
2014-09-28,2014-09-28 13:00:00,14,89.077415,83.589645
2014-09-28,2014-09-28 14:00:00,15,94.114525,85.747284
2014-09-28,2014-09-28 15:00:00,16,88.8123,87.65408
2014-09-28,2014-09-28 16:00:00,17,88.28208,95.624374
2014-09-28,2014-09-28 17:00:00,18,111.87699,105.76947
2014-09-28,2014-09-28 18:00:00,19,127.518555,120.31444
2014-09-28,2014-09-28 19:00:00,20,182.3966,142.28635
2014-09-28,2014-09-28 20:00:00,21,152.17392,158.866
2014-09-28,2014-09-28 21:00:00,22,239.39555,207.68689
2014-09-28,2014-09-28 22:00:00,23,230.91199,201.60925
2014-09-28,2014-09-28 23:00:00,24,240.19089,212.84749
2014-09-29,2014-09-29 00:00:00,1,222.42842,232.60152
2014-09-29,2014-09-29 01:00:00,2,210.23329,252.5942
2014-09-29,2014-09-29 02:00:00,3,199.89395,197.73245
2014-09-29,2014-09-29 03:00:00,4,202.81018,174.73279
2014-09-29,2014-09-29 04:00:00,5,159.0668,159.22778
2014-09-29,2014-09-29 05:00:00,6,166.75504,159.50665
2014-09-29,2014-09-29 06:00:00,7,174.17816,167.18398
2014-09-29,2014-09-29 07:00:00,8,185.84305,195.91406
2014-09-29,2014-09-29 08:00:00,9,279.16226,280.23114
2014-09-29,2014-09-29 09:00:00,10,276.24603,311.01724
2014-09-29,2014-09-29 10:00:00,11,272.26935,380.39252
2014-09-29,2014-09-29 11:00:00,12,289.5016,363.87604
2014-09-29,2014-09-29 12:00:00,13,373.5419,356.53036
2014-09-29,2014-09-29 13:00:00,14,401.37857,356.51074
2014-09-29,2014-09-29 14:00:00,15,392.3648,389.7072
2014-09-29,2014-09-29 15:00:00,16,400.58325,383.85373
2014-09-29,2014-09-29 16:00:00,17,348.0912,356.29016
2014-09-29,2014-09-29 17:00:00,18,281.81335,296.67456
2014-09-29,2014-09-29 18:00:00,19,290.56204,330.7616
2014-09-29,2014-09-29 19:00:00,20,367.97455,397.6443
2014-09-29,2014-09-29 20:00:00,21,292.41782,350.1056
2014-09-29,2014-09-29 21:00:00,22,471.6331,486.12073
2014-09-29,2014-09-29 22:00:00,23,454.66595,472.55676
2014-09-29,2014-09-29 23:00:00,24,427.3595,466.03943
2014-09-30,2014-09-30 00:00:00,1,453.6055,431.05
2014-09-30,2014-09-30 01:00:00,2,481.97244,435.39703
2014-09-30,2014-09-30 02:00:00,3,249.7349,252.66928
2014-09-30,2014-09-30 03:00:00,4,221.8982,219.29184
2014-09-30,2014-09-30 04:00:00,5,201.48462,192.43646
2014-09-30,2014-09-30 05:00:00,6,190.34995,185.74037
2014-09-30,2014-09-30 06:00:00,7,183.45705,188.01013
2014-09-30,2014-09-30 07:00:00,8,196.44751,203.77957
2014-09-30,2014-09-30 08:00:00,9,246.55356,277.68146
2014-09-30,2014-09-30 09:00:00,10,284.72958,295.48853
2014-09-30,2014-09-30 10:00:00,11,345.9703,349.5249
2014-09-30,2014-09-30 11:00:00,12,313.6267,349.81696
2014-09-30,2014-09-30 12:00:00,13,323.70096,347.73566
2014-09-30,2014-09-30 13:00:00,14,323.43585,344.30118
2014-09-30,2014-09-30 14:00:00,15,358.43054,372.66394
2014-09-30,2014-09-30 15:00:00,16,370.89078,370.20782
2014-09-30,2014-09-30 16:00:00,17,348.62143,337.15753
2014-09-30,2014-09-30 17:00:00,18,265.11136,269.96725
2014-09-30,2014-09-30 18:00:00,19,295.59915,304.78445
2014-09-30,2014-09-30 19:00:00,20,376.98834,372.1324
2014-09-30,2014-09-30 20:00:00,21,329.00317,315.51868
2014-09-30,2014-09-30 21:00:00,22,481.1771,467.80502
2014-09-30,2014-09-30 22:00:00,23,452.81018,457.36584
2014-09-30,2014-09-30 23:00:00,24,431.33615,449.77386
2014-10-01,2014-10-01 00:00:00,1,421.26193,443.89536
2014-10-01,2014-10-01 01:00:00,2,513.78577,445.78845
2014-10-01,2014-10-01 02:00:00,3,294.2736,252.49408
2014-10-01,2014-10-01 03:00:00,4,275.7158,219.1665
2014-10-01,2014-10-01 04:00:00,5,217.92152,194.14
2014-10-01,2014-10-01 05:00:00,6,209.70308,184.9274
2014-10-01,2014-10-01 06:00:00,7,291.35736,184.9195
2014-10-01,2014-10-01 07:00:00,8,301.96182,199.02959
2014-10-01,2014-10-01 08:00:00,9,296.6596,256.63367
2014-10-01,2014-10-01 09:00:00,10,308.5896,279.6982
2014-10-01,2014-10-01 10:00:00,11,375.66278,346.99374
2014-10-01,2014-10-01 11:00:00,12,360.81653,340.7127
2014-10-01,2014-10-01 12:00:00,13,321.04984,337.1687
2014-10-01,2014-10-01 13:00:00,14,335.8961,334.711
2014-10-01,2014-10-01 14:00:00,15,373.27676,368.06342
2014-10-01,2014-10-01 15:00:00,16,361.08167,363.67175
2014-10-01,2014-10-01 16:00:00,17,355.2492,340.88245
2014-10-01,2014-10-01 17:00:00,18,276.51114,267.37985
2014-10-01,2014-10-01 18:00:00,19,305.40826,301.2204
2014-10-01,2014-10-01 19:00:00,20,386.79745,372.3036
2014-10-01,2014-10-01 20:00:00,21,343.58432,320.38702
2014-10-01,2014-10-01 21:00:00,22,493.37222,468.16827
2014-10-01,2014-10-01 22:00:00,23,446.1824,452.21667
2014-10-01,2014-10-01 23:00:00,24,439.55463,444.34677
2014-10-02,2014-10-02 00:00:00,1,432.92682,438.9455
2014-10-02,2014-10-02 01:00:00,2,468.98196,452.95963
2014-10-02,2014-10-02 02:00:00,3,251.06044,256.55917
2014-10-02,2014-10-02 03:00:00,4,237.27466,224.70947
2014-10-02,2014-10-02 04:00:00,5,189.81972,196.27728
2014-10-02,2014-10-02 05:00:00,6,184.78261,187.70197
2014-10-02,2014-10-02 06:00:00,7,187.43372,196.82132
2014-10-02,2014-10-02 07:00:00,8,198.03818,214.46552
2014-10-02,2014-10-02 08:00:00,9,286.58536,262.22336
2014-10-02,2014-10-02 09:00:00,10,305.14316,290.82715
2014-10-02,2014-10-02 10:00:00,11,377.25345,357.58954
2014-10-02,2014-10-02 11:00:00,12,378.04877,346.15485
2014-10-02,2014-10-02 12:00:00,13,365.05832,333.05444
2014-10-02,2014-10-02 13:00:00,14,365.58856,335.6775
2014-10-02,2014-10-02 14:00:00,15,380.16968,371.21268
2014-10-02,2014-10-02 15:00:00,16,376.98834,364.0014
2014-10-02,2014-10-02 16:00:00,17,360.28632,346.11777
2014-10-02,2014-10-02 17:00:00,18,269.088,275.56635
2014-10-02,2014-10-02 18:00:00,19,357.10498,311.4131
2014-10-02,2014-10-02 19:00:00,20,424.44327,379.82874
2014-10-02,2014-10-02 20:00:00,21,391.03925,332.96234
2014-10-02,2014-10-02 21:00:00,22,471.6331,472.40808
2014-10-02,2014-10-02 22:00:00,23,458.90775,451.5639
2014-10-02,2014-10-02 23:00:00,24,438.75928,443.51978
2014-10-03,2014-10-03 00:00:00,1,433.45706,439.12766
2014-10-03,2014-10-03 01:00:00,2,470.04242,445.92526
2014-10-03,2014-10-03 02:00:00,3,297.18982,249.7048
2014-10-03,2014-10-03 03:00:00,4,241.78156,222.8461
2014-10-03,2014-10-03 04:00:00,5,232.50266,192.71625
2014-10-03,2014-10-03 05:00:00,6,212.88441,184.23978
2014-10-03,2014-10-03 06:00:00,7,217.12619,187.58939
2014-10-03,2014-10-03 07:00:00,8,211.82396,206.63293
2014-10-03,2014-10-03 08:00:00,9,266.17178,269.98846
2014-10-03,2014-10-03 09:00:00,10,299.84094,297.24112
2014-10-03,2014-10-03 10:00:00,11,360.81653,374.8199
2014-10-03,2014-10-03 11:00:00,12,364.263,367.01154
2014-10-03,2014-10-03 12:00:00,13,393.16013,353.6414
2014-10-03,2014-10-03 13:00:00,14,379.90457,352.10696
2014-10-03,2014-10-03 14:00:00,15,398.46234,381.65442
2014-10-03,2014-10-03 15:00:00,16,420.99683,377.33887
2014-10-03,2014-10-03 16:00:00,17,400.31815,357.59692
2014-10-03,2014-10-03 17:00:00,18,258.48355,280.7697
2014-10-03,2014-10-03 18:00:00,19,302.49203,316.28293
2014-10-03,2014-10-03 19:00:00,20,367.44434,373.4217
2014-10-03,2014-10-03 20:00:00,21,265.64157,326.80554
2014-10-03,2014-10-03 21:00:00,22,449.09863,470.26822
2014-10-03,2014-10-03 22:00:00,23,405.88547,449.25415
2014-10-03,2014-10-03 23:00:00,24,388.38812,434.25528
2014-10-04,2014-10-04 00:00:00,1,374.86743,389.7505
2014-10-04,2014-10-04 01:00:00,2,449.62885,393.20395
2014-10-04,2014-10-04 02:00:00,3,215.27042,165.21652
2014-10-04,2014-10-04 03:00:00,4,180.0106,143.3686
2014-10-04,2014-10-04 04:00:00,5,169.40614,130.29968
2014-10-04,2014-10-04 05:00:00,6,143.69035,120.67035
2014-10-04,2014-10-04 06:00:00,7,135.20679,109.85974
2014-10-04,2014-10-04 07:00:00,8,99.68187,104.99785
2014-10-04,2014-10-04 08:00:00,9,89.077415,134.84274
2014-10-04,2014-10-04 09:00:00,10,82.44963,137.63794
2014-10-04,2014-10-04 10:00:00,11,67.60339,176.08536
2014-10-04,2014-10-04 11:00:00,12,55.938496,165.6196
2014-10-04,2014-10-04 12:00:00,13,65.482506,151.83557
2014-10-04,2014-10-04 13:00:00,14,72.3754,122.99101
2014-10-04,2014-10-04 14:00:00,15,74.7614,142.10674
2014-10-04,2014-10-04 15:00:00,16,72.3754,140.00322
2014-10-04,2014-10-04 16:00:00,17,60.180275,138.19516
2014-10-04,2014-10-04 17:00:00,18,58.854717,96.40376
2014-10-04,2014-10-04 18:00:00,19,68.39873,97.830414
2014-10-04,2014-10-04 19:00:00,20,78.47296,105.48479
2014-10-04,2014-10-04 20:00:00,21,113.202545,121.543655
2014-10-04,2014-10-04 21:00:00,22,109.49099,126.239624
2014-10-04,2014-10-04 22:00:00,23,102.06787,122.47427
2014-10-04,2014-10-04 23:00:00,24,97.82609,119.37494
2014-10-05,2014-10-05 00:00:00,1,100.21209,96.1066
2014-10-05,2014-10-05 01:00:00,2,111.87699,99.13106
2014-10-05,2014-10-05 02:00:00,3,125.39767,98.53226
2014-10-05,2014-10-05 03:00:00,4,113.732765,95.40024
2014-10-05,2014-10-05 04:00:00,5,103.393425,93.8824
2014-10-05,2014-10-05 05:00:00,6,96.76564,88.28523
2014-10-05,2014-10-05 06:00:00,7,101.53764,83.816574
2014-10-05,2014-10-05 07:00:00,8,80.59385,74.805725
2014-10-05,2014-10-05 08:00:00,9,81.9194,72.10373
2014-10-05,2014-10-05 09:00:00,10,81.6543,71.283264
2014-10-05,2014-10-05 10:00:00,11,70.25451,69.985016
2014-10-05,2014-10-05 11:00:00,12,60.44539,68.97891
2014-10-05,2014-10-05 12:00:00,13,67.86851,68.79883
2014-10-05,2014-10-05 13:00:00,14,72.11028,71.8938
2014-10-05,2014-10-05 14:00:00,15,73.966064,73.12651
2014-10-05,2014-10-05 15:00:00,16,71.58006,74.15161
2014-10-05,2014-10-05 16:00:00,17,74.7614,83.68677
2014-10-05,2014-10-05 17:00:00,18,101.00742,89.90407
2014-10-05,2014-10-05 18:00:00,19,127.518555,102.34645
2014-10-05,2014-10-05 19:00:00,20,191.14528,124.0461
2014-10-05,2014-10-05 20:00:00,21,157.74126,138.46156
2014-10-05,2014-10-05 21:00:00,22,260.60446,178.87689
2014-10-05,2014-10-05 22:00:00,23,232.23753,175.97656
2014-10-05,2014-10-05 23:00:00,24,265.37646,172.76349
2014-10-06,2014-10-06 00:00:00,1,222.42842,242.33165
2014-10-06,2014-10-06 01:00:00,2,217.39131,247.10036
2014-10-06,2014-10-06 02:00:00,3,210.49841,199.57957
2014-10-06,2014-10-06 03:00:00,4,188.22905,188.11285
2014-10-06,2014-10-06 04:00:00,5,168.0806,168.70448
2014-10-06,2014-10-06 05:00:00,6,172.8526,168.56229
2014-10-06,2014-10-06 06:00:00,7,180.80594,177.29816
2014-10-06,2014-10-06 07:00:00,8,204.40085,202.14532
2014-10-06,2014-10-06 08:00:00,9,275.45068,271.51505
2014-10-06,2014-10-06 09:00:00,10,308.8547,296.2682
2014-10-06,2014-10-06 10:00:00,11,299.3107,339.0601
2014-10-06,2014-10-06 11:00:00,12,300.37115,319.16953
2014-10-06,2014-10-06 12:00:00,13,314.68716,328.06714
2014-10-06,2014-10-06 13:00:00,14,314.68716,339.56372
2014-10-06,2014-10-06 14:00:00,15,320.78473,377.0916
2014-10-06,2014-10-06 15:00:00,16,326.6172,376.5212
2014-10-06,2014-10-06 16:00:00,17,328.20786,348.7276
2014-10-06,2014-10-06 17:00:00,18,259.544,274.10132
2014-10-06,2014-10-06 18:00:00,19,295.59915,311.98828
2014-10-06,2014-10-06 19:00:00,20,381.2301,377.1888
2014-10-06,2014-10-06 20:00:00,21,313.0965,327.23206
2014-10-06,2014-10-06 21:00:00,22,463.94485,464.93442
2014-10-06,2014-10-06 22:00:00,23,437.69882,444.59833
2014-10-06,2014-10-06 23:00:00,24,449.62885,437.80524
2014-10-07,2014-10-07 00:00:00,1,470.83774,444.43872
2014-10-07,2014-10-07 01:00:00,2,473.48886,455.8408
2014-10-07,2014-10-07 02:00:00,3,259.0138,263.66296
2014-10-07,2014-10-07 03:00:00,4,234.09332,232.59605
2014-10-07,2014-10-07 04:00:00,5,198.83351,201.35684
2014-10-07,2014-10-07 05:00:00,6,196.44751,193.21477
2014-10-07,2014-10-07 06:00:00,7,188.22905,197.66647
2014-10-07,2014-10-07 07:00:00,8,195.65218,208.97803
2014-10-07,2014-10-07 08:00:00,9,339.87274,267.94293
2014-10-07,2014-10-07 09:00:00,10,461.29373,294.51337
2014-10-07,2014-10-07 10:00:00,11,415.69458,343.76627
2014-10-07,2014-10-07 11:00:00,12,301.69672,338.02704
2014-10-07,2014-10-07 12:00:00,13,316.54294,339.65244
2014-10-07,2014-10-07 13:00:00,14,289.7667,340.18488
2014-10-07,2014-10-07 14:00:00,15,338.28207,360.41428
2014-10-07,2014-10-07 15:00:00,16,391.56946,363.60992
2014-10-07,2014-10-07 16:00:00,17,362.93744,347.02332
2014-10-07,2014-10-07 17:00:00,18,284.9947,265.52975
2014-10-07,2014-10-07 18:00:00,19,397.93213,301.66348
2014-10-07,2014-10-07 19:00:00,20,447.50797,382.34354
2014-10-07,2014-10-07 20:00:00,21,315.21738,324.09076
2014-10-07,2014-10-07 21:00:00,22,483.03287,470.3427
2014-10-07,2014-10-07 22:00:00,23,448.8335,450.04077
2014-10-07,2014-10-07 23:00:00,24,423.91306,445.19556
2014-10-08,2014-10-08 00:00:00,1,416.75504,447.16522
2014-10-08,2014-10-08 01:00:00,2,476.6702,457.17255
2014-10-08,2014-10-08 02:00:00,3,265.90668,258.4685
2014-10-08,2014-10-08 03:00:00,4,242.842,227.86089
2014-10-08,2014-10-08 04:00:00,5,208.11241,199.46178
2014-10-08,2014-10-08 05:00:00,6,206.52174,193.10341
2014-10-08,2014-10-08 06:00:00,7,198.30328,194.81274
2014-10-08,2014-10-08 07:00:00,8,217.39131,210.9962
2014-10-08,2014-10-08 08:00:00,9,366.9141,273.61996
2014-10-08,2014-10-08 09:00:00,10,332.97986,307.9248
2014-10-08,2014-10-08 10:00:00,11,284.19937,355.95398
2014-10-08,2014-10-08 11:00:00,12,322.6405,338.0347
2014-10-08,2014-10-08 12:00:00,13,380.965,332.674
2014-10-08,2014-10-08 13:00:00,14,354.45386,331.40936
2014-10-08,2014-10-08 14:00:00,15,347.56097,358.71942
2014-10-08,2014-10-08 15:00:00,16,348.88654,363.64795
2014-10-08,2014-10-08 16:00:00,17,341.72852,347.8491
2014-10-08,2014-10-08 17:00:00,18,268.8229,271.3834
2014-10-08,2014-10-08 18:00:00,19,302.49203,312.97488
2014-10-08,2014-10-08 19:00:00,20,402.43903,385.2511
2014-10-08,2014-10-08 20:00:00,21,300.10605,328.03726
2014-10-08,2014-10-08 21:00:00,22,457.8473,463.18262
2014-10-08,2014-10-08 22:00:00,23,434.5175,447.21194
2014-10-08,2014-10-08 23:00:00,24,420.20148,442.24597
2014-10-09,2014-10-09 00:00:00,1,406.94592,432.52673
2014-10-09,2014-10-09 01:00:00,2,472.4284,455.57605
2014-10-09,2014-10-09 02:00:00,3,268.5578,259.26498
2014-10-09,2014-10-09 03:00:00,4,251.59067,229.91148
2014-10-09,2014-10-09 04:00:00,5,219.51219,202.34044
2014-10-09,2014-10-09 05:00:00,6,215.27042,194.83981
2014-10-09,2014-10-09 06:00:00,7,196.1824,193.40894
2014-10-09,2014-10-09 07:00:00,8,207.58218,206.9364
2014-10-09,2014-10-09 08:00:00,9,372.48145,278.85312
2014-10-09,2014-10-09 09:00:00,10,28.632025,303.2256
2014-10-09,2014-10-09 10:00:00,11,95.97031,341.73425
2014-10-09,2014-10-09 11:00:00,12,305.67337,334.51892
2014-10-09,2014-10-09 12:00:00,13,309.11984,341.427
2014-10-09,2014-10-09 13:00:00,14,304.61295,341.0677
2014-10-09,2014-10-09 14:00:00,15,331.12408,362.66064
2014-10-09,2014-10-09 15:00:00,16,335.10074,368.15308
2014-10-09,2014-10-09 16:00:00,17,310.7105,355.26312
2014-10-09,2014-10-09 17:00:00,18,285.79004,271.9964
2014-10-09,2014-10-09 18:00:00,19,351.00742,316.3343
2014-10-09,2014-10-09 19:00:00,20,405.35526,392.9075
2014-10-09,2014-10-09 20:00:00,21,305.14316,319.75186
2014-10-09,2014-10-09 21:00:00,22,477.73065,464.65393
2014-10-09,2014-10-09 22:00:00,23,431.60126,445.3935
2014-10-09,2014-10-09 23:00:00,24,426.82925,437.63626
2014-10-10,2014-10-10 00:00:00,1,439.2895,426.45477
2014-10-10,2014-10-10 01:00:00,2,439.02438,455.3283
2014-10-10,2014-10-10 02:00:00,3,218.45175,270.5153
2014-10-10,2014-10-10 03:00:00,4,200.15907,239.77525
2014-10-10,2014-10-10 04:00:00,5,172.8526,212.28171
2014-10-10,2014-10-10 05:00:00,6,185.57794,203.14267
2014-10-10,2014-10-10 06:00:00,7,187.43372,199.36548
2014-10-10,2014-10-10 07:00:00,8,198.03818,214.19252
2014-10-10,2014-10-10 08:00:00,9,322.3754,280.75806
2014-10-10,2014-10-10 09:00:00,10,314.15695,289.1341
2014-10-10,2014-10-10 10:00:00,11,293.21313,321.23904
2014-10-10,2014-10-10 11:00:00,12,286.85046,324.70093
2014-10-10,2014-10-10 12:00:00,13,329.00317,334.68094
2014-10-10,2014-10-10 13:00:00,14,367.17923,338.43518
2014-10-10,2014-10-10 14:00:00,15,404.0297,354.9032
2014-10-10,2014-10-10 15:00:00,16,397.66702,360.40616
2014-10-10,2014-10-10 16:00:00,17,358.16544,356.11105
2014-10-10,2014-10-10 17:00:00,18,282.8738,290.74994
2014-10-10,2014-10-10 18:00:00,19,354.719,329.3023
2014-10-10,2014-10-10 19:00:00,20,438.49417,382.3456
2014-10-10,2014-10-10 20:00:00,21,313.0965,298.80682
2014-10-10,2014-10-10 21:00:00,22,467.1262,449.54453
2014-10-10,2014-10-10 22:00:00,23,433.72217,429.08832
2014-10-10,2014-10-10 23:00:00,24,405.62036,414.35077
2014-10-11,2014-10-11 00:00:00,1,393.16013,401.94156
2014-10-11,2014-10-11 01:00:00,2,428.95016,422.7713
2014-10-11,2014-10-11 02:00:00,3,173.38283,202.98135
2014-10-11,2014-10-11 03:00:00,4,131.76035,172.8908
2014-10-11,2014-10-11 04:00:00,5,122.74655,155.49152
2014-10-11,2014-10-11 05:00:00,6,110.02121,142.7024
2014-10-11,2014-10-11 06:00:00,7,111.34676,133.5682
2014-10-11,2014-10-11 07:00:00,8,89.607635,117.14763
2014-10-11,2014-10-11 08:00:00,9,182.66171,124.032745
2014-10-11,2014-10-11 09:00:00,10,174.70837,109.93219
2014-10-11,2014-10-11 10:00:00,11,128.84412,117.34053
2014-10-11,2014-10-11 11:00:00,12,118.76988,105.86801
2014-10-11,2014-10-11 12:00:00,13,127.25345,99.26424
2014-10-11,2014-10-11 13:00:00,14,100.74231,94.13028
2014-10-11,2014-10-11 14:00:00,15,142.09969,99.22064
2014-10-11,2014-10-11 15:00:00,16,136.26723,103.19881
2014-10-11,2014-10-11 16:00:00,17,124.33722,95.060135
2014-10-11,2014-10-11 17:00:00,18,71.58006,86.018585
2014-10-11,2014-10-11 18:00:00,19,68.13361,90.702225
2014-10-11,2014-10-11 19:00:00,20,97.560974,100.707565
2014-10-11,2014-10-11 20:00:00,21,113.732765,116.23671
2014-10-11,2014-10-11 21:00:00,22,109.225876,122.45694
2014-10-11,2014-10-11 22:00:00,23,105.77943,118.91855
2014-10-11,2014-10-11 23:00:00,24,97.560974,113.083115
2014-10-12,2014-10-12 00:00:00,1,95.97031,98.545425
2014-10-12,2014-10-12 01:00:00,2,109.756096,103.14923
2014-10-12,2014-10-12 02:00:00,3,125.13255,104.04843
2014-10-12,2014-10-12 03:00:00,4,120.36055,100.602005
2014-10-12,2014-10-12 04:00:00,5,107.370094,95.686035
2014-10-12,2014-10-12 05:00:00,6,95.97031,90.72046
2014-10-12,2014-10-12 06:00:00,7,100.4772,89.33725
2014-10-12,2014-10-12 07:00:00,8,90.137856,81.52847
2014-10-12,2014-10-12 08:00:00,9,77.41251,78.620514
2014-10-12,2014-10-12 09:00:00,10,76.352066,78.43959
2014-10-12,2014-10-12 10:00:00,11,70.78473,73.94675
2014-10-12,2014-10-12 11:00:00,12,58.324497,72.116
2014-10-12,2014-10-12 12:00:00,13,67.86851,71.215805
2014-10-12,2014-10-12 13:00:00,14,72.90562,74.20192
2014-10-12,2014-10-12 14:00:00,15,75.291626,76.07085
2014-10-12,2014-10-12 15:00:00,16,73.17073,76.54521
2014-10-12,2014-10-12 16:00:00,17,76.61718,83.08411
2014-10-12,2014-10-12 17:00:00,18,123.807,90.09265
2014-10-12,2014-10-12 18:00:00,19,146.87169,104.21719
2014-10-12,2014-10-12 19:00:00,20,240.7211,147.48743
2014-10-12,2014-10-12 20:00:00,21,204.93108,142.73691
2014-10-12,2014-10-12 21:00:00,22,277.5716,211.1235
2014-10-12,2014-10-12 22:00:00,23,278.63202,206.81427
2014-10-12,2014-10-12 23:00:00,24,289.23648,216.35162
2014-10-13,2014-10-13 00:00:00,1,290.56204,265.07535
2014-10-13,2014-10-13 01:00:00,2,231.4422,262.12234
2014-10-13,2014-10-13 02:00:00,3,195.91728,224.45953
2014-10-13,2014-10-13 03:00:00,4,180.80594,208.65244
2014-10-13,2014-10-13 04:00:00,5,161.1877,181.25607
2014-10-13,2014-10-13 05:00:00,6,169.14104,182.95038
2014-10-13,2014-10-13 06:00:00,7,212.08908,192.38617
2014-10-13,2014-10-13 07:00:00,8,271.73914,209.67242
2014-10-13,2014-10-13 08:00:00,9,389.71368,304.25174
2014-10-13,2014-10-13 09:00:00,10,369.035,311.59778
2014-10-13,2014-10-13 10:00:00,11,444.59174,307.4922
2014-10-13,2014-10-13 11:00:00,12,405.88547,312.15784
2014-10-13,2014-10-13 12:00:00,13,345.9703,338.46484
2014-10-13,2014-10-13 13:00:00,14,341.99365,347.11798
2014-10-13,2014-10-13 14:00:00,15,439.02438,365.308
2014-10-13,2014-10-13 15:00:00,16,497.34888,370.53482
2014-10-13,2014-10-13 16:00:00,17,485.15378,346.20544
2014-10-13,2014-10-13 17:00:00,18,434.5175,278.53165
2014-10-13,2014-10-13 18:00:00,19,458.1124,323.32446
2014-10-13,2014-10-13 19:00:00,20,455.7264,405.2436
2014-10-13,2014-10-13 20:00:00,21,268.8229,313.43802
2014-10-13,2014-10-13 21:00:00,22,477.46555,463.94482
2014-10-13,2014-10-13 22:00:00,23,436.9035,444.17682
2014-10-13,2014-10-13 23:00:00,24,435.04773,439.64938
2014-10-14,2014-10-14 00:00:00,1,428.15482,447.0741
2014-10-14,2014-10-14 01:00:00,2,485.41888,456.45306
2014-10-14,2014-10-14 02:00:00,3,274.65536,259.24472
2014-10-14,2014-10-14 03:00:00,4,231.4422,230.53693
2014-10-14,2014-10-14 04:00:00,5,208.11241,205.28818
2014-10-14,2014-10-14 05:00:00,6,201.74974,202.70447
2014-10-14,2014-10-14 06:00:00,7,198.30328,207.4375
2014-10-14,2014-10-14 07:00:00,8,222.95865,229.18063
2014-10-14,2014-10-14 08:00:00,9,439.81973,343.25476
2014-10-14,2014-10-14 09:00:00,10,450.15906,340.66165
2014-10-14,2014-10-14 10:00:00,11,420.46658,352.0394
2014-10-14,2014-10-14 11:00:00,12,378.579,338.78958
2014-10-14,2014-10-14 12:00:00,13,419.67126,346.7055
2014-10-14,2014-10-14 13:00:00,14,292.68292,355.736
2014-10-14,2014-10-14 14:00:00,15,423.64792,392.8562
2014-10-14,2014-10-14 15:00:00,16,429.74548,403.7069
2014-10-14,2014-10-14 16:00:00,17,451.74973,389.2565
2014-10-14,2014-10-14 17:00:00,18,435.84305,313.3565
2014-10-14,2014-10-14 18:00:00,19,477.73065,368.30408
2014-10-14,2014-10-14 19:00:00,20,481.97244,430.60803
2014-10-14,2014-10-14 20:00:00,21,274.12512,322.04102
2014-10-14,2014-10-14 21:00:00,22,478.26086,466.39294
2014-10-14,2014-10-14 22:00:00,23,452.54507,450.0464
2014-10-14,2014-10-14 23:00:00,24,439.81973,445.8581
2014-10-15,2014-10-15 00:00:00,1,429.21527,455.85986
2014-10-15,2014-10-15 01:00:00,2,478.7911,463.5011
2014-10-15,2014-10-15 02:00:00,3,278.63202,277.02148
2014-10-15,2014-10-15 03:00:00,4,227.20042,235.55042
2014-10-15,2014-10-15 04:00:00,5,194.32661,212.26598
2014-10-15,2014-10-15 05:00:00,6,191.94061,205.11514
2014-10-15,2014-10-15 06:00:00,7,208.11241,214.4816
2014-10-15,2014-10-15 07:00:00,8,237.00954,235.7054
2014-10-15,2014-10-15 08:00:00,9,443.7964,417.33008
2014-10-15,2014-10-15 09:00:00,10,467.3913,413.60272
2014-10-15,2014-10-15 10:00:00,11,458.90775,411.74225
2014-10-15,2014-10-15 11:00:00,12,482.50266,384.24457
2014-10-15,2014-10-15 12:00:00,13,491.78156,376.17236
2014-10-15,2014-10-15 13:00:00,14,375.9279,352.9613
2014-10-15,2014-10-15 14:00:00,15,487.27466,422.1219
2014-10-15,2014-10-15 15:00:00,16,488.06998,434.38602
2014-10-15,2014-10-15 16:00:00,17,483.03287,441.3468
2014-10-15,2014-10-15 17:00:00,18,448.8335,385.84222
2014-10-15,2014-10-15 18:00:00,19,470.30753,440.82538
2014-10-15,2014-10-15 19:00:00,20,480.11664,458.1942
2014-10-15,2014-10-15 20:00:00,21,268.02756,301.5772
2014-10-15,2014-10-15 21:00:00,22,488.06998,464.75372
2014-10-15,2014-10-15 22:00:00,23,465.53552,454.73685
2014-10-15,2014-10-15 23:00:00,24,445.12195,453.72174
2014-10-16,2014-10-16 00:00:00,1,421.79214,451.40607
2014-10-16,2014-10-16 01:00:00,2,453.87064,471.93677
2014-10-16,2014-10-16 02:00:00,3,248.67444,275.33105
2014-10-16,2014-10-16 03:00:00,4,220.57265,233.1547
2014-10-16,2014-10-16 04:00:00,5,191.41039,207.4727
2014-10-16,2014-10-16 05:00:00,6,193.53128,200.85486
2014-10-16,2014-10-16 06:00:00,7,198.03818,206.04019
2014-10-16,2014-10-16 07:00:00,8,223.75398,227.4089
2014-10-16,2014-10-16 08:00:00,9,411.1877,451.12384
2014-10-16,2014-10-16 09:00:00,10,436.10815,446.49286
2014-10-16,2014-10-16 10:00:00,11,435.04773,444.60376
2014-10-16,2014-10-16 11:00:00,12,391.83456,432.89676
2014-10-16,2014-10-16 12:00:00,13,450.42416,438.67978
2014-10-16,2014-10-16 13:00:00,14,368.7699,366.75446
2014-10-16,2014-10-16 14:00:00,15,493.10712,456.5338
2014-10-16,2014-10-16 15:00:00,16,445.12195,457.86813
2014-10-16,2014-10-16 16:00:00,17,447.50797,461.9846
2014-10-16,2014-10-16 17:00:00,18,397.93213,438.57288
2014-10-16,2014-10-16 18:00:00,19,414.36905,460.974
2014-10-16,2014-10-16 19:00:00,20,429.21527,468.16418
2014-10-16,2014-10-16 20:00:00,21,272.7996,284.39224
2014-10-16,2014-10-16 21:00:00,22,416.48993,467.91403
2014-10-16,2014-10-16 22:00:00,23,415.16437,456.82596
2014-10-16,2014-10-16 23:00:00,24,410.12726,447.06824
2014-10-17,2014-10-17 00:00:00,1,391.03925,414.65344
2014-10-17,2014-10-17 01:00:00,2,444.32663,432.82928
2014-10-17,2014-10-17 02:00:00,3,242.842,246.08871
2014-10-17,2014-10-17 03:00:00,4,207.31708,216.65002
2014-10-17,2014-10-17 04:00:00,5,190.08484,196.19629
2014-10-17,2014-10-17 05:00:00,6,168.3457,193.59216
2014-10-17,2014-10-17 06:00:00,7,172.8526,201.7289
2014-10-17,2014-10-17 07:00:00,8,204.40085,220.1908
2014-10-17,2014-10-17 08:00:00,9,425.2386,401.78848
2014-10-17,2014-10-17 09:00:00,10,502.12088,407.86108
2014-10-17,2014-10-17 10:00:00,11,501.85577,419.6043
2014-10-17,2014-10-17 11:00:00,12,430.27573,401.7432
2014-10-17,2014-10-17 12:00:00,13,415.16437,407.76184
2014-10-17,2014-10-17 13:00:00,14,307.26404,360.9032
2014-10-17,2014-10-17 14:00:00,15,422.5875,442.49524
2014-10-17,2014-10-17 15:00:00,16,417.28525,445.26306
2014-10-17,2014-10-17 16:00:00,17,426.29904,434.33472
2014-10-17,2014-10-17 17:00:00,18,386.79745,373.71283
2014-10-17,2014-10-17 18:00:00,19,412.77838,409.13058
2014-10-17,2014-10-17 19:00:00,20,434.25238,436.53253
2014-10-17,2014-10-17 20:00:00,21,219.24709,270.81152
2014-10-17,2014-10-17 21:00:00,22,442.47083,448.1843
2014-10-17,2014-10-17 22:00:00,23,421.26193,428.54028
2014-10-17,2014-10-17 23:00:00,24,410.12726,411.2607
2014-10-18,2014-10-18 00:00:00,1,395.0159,396.01456
2014-10-18,2014-10-18 01:00:00,2,437.1686,427.53198
2014-10-18,2014-10-18 02:00:00,3,217.92152,197.98203
2014-10-18,2014-10-18 03:00:00,4,186.63838,148.24062
2014-10-18,2014-10-18 04:00:00,5,173.1177,128.17796
2014-10-18,2014-10-18 05:00:00,6,158.00636,111.173965
2014-10-18,2014-10-18 06:00:00,7,156.15059,108.4093
2014-10-18,2014-10-18 07:00:00,8,154.55992,96.21002
2014-10-18,2014-10-18 08:00:00,9,198.5684,146.58713
2014-10-18,2014-10-18 09:00:00,10,212.88441,132.63797
2014-10-18,2014-10-18 10:00:00,11,177.09438,111.23677
2014-10-18,2014-10-18 11:00:00,12,156.15059,98.529816
2014-10-18,2014-10-18 12:00:00,13,170.7317,98.96977
2014-10-18,2014-10-18 13:00:00,14,114.26299,92.543655
2014-10-18,2014-10-18 14:00:00,15,175.50371,113.56557
2014-10-18,2014-10-18 15:00:00,16,185.04771,110.74283
2014-10-18,2014-10-18 16:00:00,17,166.48993,94.62442
2014-10-18,2014-10-18 17:00:00,18,91.1983,78.089386
2014-10-18,2014-10-18 18:00:00,19,94.37964,81.69112
2014-10-18,2014-10-18 19:00:00,20,116.648994,93.37686
2014-10-18,2014-10-18 20:00:00,21,134.14635,103.84845
2014-10-18,2014-10-18 21:00:00,22,131.76035,105.39967
2014-10-18,2014-10-18 22:00:00,23,125.66278,104.30139
2014-10-18,2014-10-18 23:00:00,24,118.50477,101.78778
2014-10-19,2014-10-19 00:00:00,1,117.97455,110.07872
2014-10-19,2014-10-19 01:00:00,2,126.193,116.82376
2014-10-19,2014-10-19 02:00:00,3,140.50902,126.43613
2014-10-19,2014-10-19 03:00:00,4,130.16968,122.7775
2014-10-19,2014-10-19 04:00:00,5,122.74655,113.76105
2014-10-19,2014-10-19 05:00:00,6,113.202545,103.999176
2014-10-19,2014-10-19 06:00:00,7,122.481445,102.32225
2014-10-19,2014-10-19 07:00:00,8,112.93743,95.17395
2014-10-19,2014-10-19 08:00:00,9,87.48675,91.45563
2014-10-19,2014-10-19 09:00:00,10,91.72852,89.52472
2014-10-19,2014-10-19 10:00:00,11,86.95652,84.07361
2014-10-19,2014-10-19 11:00:00,12,77.41251,80.996155
2014-10-19,2014-10-19 12:00:00,13,85.89608,79.35141
2014-10-19,2014-10-19 13:00:00,14,92.52386,80.20863
2014-10-19,2014-10-19 14:00:00,15,95.97031,84.01042
2014-10-19,2014-10-19 15:00:00,16,93.054085,83.699005
2014-10-19,2014-10-19 16:00:00,17,90.40297,95.20375
2014-10-19,2014-10-19 17:00:00,18,127.25345,112.07889
2014-10-19,2014-10-19 18:00:00,19,145.81123,144.06598
2014-10-19,2014-10-19 19:00:00,20,165.6946,213.8162
2014-10-19,2014-10-19 20:00:00,21,161.4528,186.95459
2014-10-19,2014-10-19 21:00:00,22,243.63733,270.41492
2014-10-19,2014-10-19 22:00:00,23,277.5716,267.14395
2014-10-19,2014-10-19 23:00:00,24,267.23224,279.12204
2014-10-20,2014-10-20 00:00:00,1,275.18558,289.0877
2014-10-20,2014-10-20 01:00:00,2,272.7996,285.96494
2014-10-20,2014-10-20 02:00:00,3,181.60127,201.8194
2014-10-20,2014-10-20 03:00:00,4,165.42947,186.86906
2014-10-20,2014-10-20 04:00:00,5,153.76459,168.86084
2014-10-20,2014-10-20 05:00:00,6,154.82503,172.6942
2014-10-20,2014-10-20 06:00:00,7,160.65747,193.84404
2014-10-20,2014-10-20 07:00:00,8,237.27466,238.34814
2014-10-20,2014-10-20 08:00:00,9,422.8526,415.00256
2014-10-20,2014-10-20 09:00:00,10,419.40616,424.6739
2014-10-20,2014-10-20 10:00:00,11,400.84836,434.20837
2014-10-20,2014-10-20 11:00:00,12,394.4857,398.82166
2014-10-20,2014-10-20 12:00:00,13,371.6861,394.5215
2014-10-20,2014-10-20 13:00:00,14,369.035,341.34778
2014-10-20,2014-10-20 14:00:00,15,386.0021,440.9552
2014-10-20,2014-10-20 15:00:00,16,360.81653,446.47797
2014-10-20,2014-10-20 16:00:00,17,313.3616,443.93472
2014-10-20,2014-10-20 17:00:00,18,354.45386,408.84625
2014-10-20,2014-10-20 18:00:00,19,453.6055,433.1402
2014-10-20,2014-10-20 19:00:00,20,456.25662,448.76782
2014-10-20,2014-10-20 20:00:00,21,261.39978,276.8007
2014-10-20,2014-10-20 21:00:00,22,471.10287,459.31854
2014-10-20,2014-10-20 22:00:00,23,432.92682,443.82724
2014-10-20,2014-10-20 23:00:00,24,415.16437,437.68207
2014-10-21,2014-10-21 00:00:00,1,412.51324,426.5056
2014-10-21,2014-10-21 01:00:00,2,474.01907,449.30383
2014-10-21,2014-10-21 02:00:00,3,264.0509,249.4584
2014-10-21,2014-10-21 03:00:00,4,234.09332,216.26044
2014-10-21,2014-10-21 04:00:00,5,202.27995,194.11581
2014-10-21,2014-10-21 05:00:00,6,196.1824,187.73294
2014-10-21,2014-10-21 06:00:00,7,191.94061,191.84468
2014-10-21,2014-10-21 07:00:00,8,240.456,215.61398
2014-10-21,2014-10-21 08:00:00,9,424.44327,418.66183
2014-10-21,2014-10-21 09:00:00,10,384.94168,424.56927
2014-10-21,2014-10-21 10:00:00,11,309.91516,421.2024
2014-10-21,2014-10-21 11:00:00,12,298.25027,392.44556
2014-10-21,2014-10-21 12:00:00,13,377.25345,384.0995
2014-10-21,2014-10-21 13:00:00,14,375.9279,343.03003
2014-10-21,2014-10-21 14:00:00,15,396.07635,412.96344
2014-10-21,2014-10-21 15:00:00,16,318.66385,414.56363
2014-10-21,2014-10-21 16:00:00,17,299.57584,405.73123
2014-10-21,2014-10-21 17:00:00,18,331.12408,388.85434
2014-10-21,2014-10-21 18:00:00,19,438.75928,437.02625
2014-10-21,2014-10-21 19:00:00,20,457.31708,450.56573
2014-10-21,2014-10-21 20:00:00,21,261.93002,266.3239
2014-10-21,2014-10-21 21:00:00,22,467.1262,459.39905
2014-10-21,2014-10-21 22:00:00,23,438.75928,443.1543
2014-10-21,2014-10-21 23:00:00,24,415.16437,431.0059
2014-10-22,2014-10-22 00:00:00,1,416.75504,420.68066
2014-10-22,2014-10-22 01:00:00,2,463.94485,450.7354
2014-10-22,2014-10-22 02:00:00,3,265.11136,257.90637
2014-10-22,2014-10-22 03:00:00,4,236.47932,225.0132
2014-10-22,2014-10-22 04:00:00,5,213.67975,202.368
2014-10-22,2014-10-22 05:00:00,6,203.87062,196.50214
2014-10-22,2014-10-22 06:00:00,7,185.57794,196.82013
2014-10-22,2014-10-22 07:00:00,8,228.26086,231.7018
2014-10-22,2014-10-22 08:00:00,9,421.26193,417.7942
2014-10-22,2014-10-22 09:00:00,10,388.12302,399.83087
2014-10-22,2014-10-22 10:00:00,11,322.9056,360.99393
2014-10-22,2014-10-22 11:00:00,12,373.807,350.50067
2014-10-22,2014-10-22 12:00:00,13,364.263,378.6577
2014-10-22,2014-10-22 13:00:00,14,377.78366,366.41125
2014-10-22,2014-10-22 14:00:00,15,360.81653,405.5235
2014-10-22,2014-10-22 15:00:00,16,373.27676,380.44165
2014-10-22,2014-10-22 16:00:00,17,349.41675,369.37357
2014-10-22,2014-10-22 17:00:00,18,347.82608,372.50967
2014-10-22,2014-10-22 18:00:00,19,452.81018,439.33362
2014-10-22,2014-10-22 19:00:00,20,467.6564,451.21487
2014-10-22,2014-10-22 20:00:00,21,266.4369,279.06506
2014-10-22,2014-10-22 21:00:00,22,479.85153,459.18652
2014-10-22,2014-10-22 22:00:00,23,459.17285,444.87708
2014-10-22,2014-10-22 23:00:00,24,450.15906,427.44208
2014-10-23,2014-10-23 00:00:00,1,443.7964,446.9223
2014-10-23,2014-10-23 01:00:00,2,450.6893,466.59167
2014-10-23,2014-10-23 02:00:00,3,258.21844,267.28723
2014-10-23,2014-10-23 03:00:00,4,225.07953,230.35739
2014-10-23,2014-10-23 04:00:00,5,189.2895,207.92822
2014-10-23,2014-10-23 05:00:00,6,189.81972,198.87585
2014-10-23,2014-10-23 06:00:00,7,189.81972,197.63788
2014-10-23,2014-10-23 07:00:00,8,227.20042,223.7933
2014-10-23,2014-10-23 08:00:00,9,424.17816,418.7937
2014-10-23,2014-10-23 09:00:00,10,450.6893,383.0527
2014-10-23,2014-10-23 10:00:00,11,378.84412,351.9605
2014-10-23,2014-10-23 11:00:00,12,343.58432,362.61832
2014-10-23,2014-10-23 12:00:00,13,355.5143,377.55438
2014-10-23,2014-10-23 13:00:00,14,364.263,378.0897
2014-10-23,2014-10-23 14:00:00,15,357.90033,401.03662
2014-10-23,2014-10-23 15:00:00,16,368.7699,391.4036
2014-10-23,2014-10-23 16:00:00,17,347.29587,361.53815
2014-10-23,2014-10-23 17:00:00,18,364.5281,360.01773
2014-10-23,2014-10-23 18:00:00,19,449.09863,448.23212
2014-10-23,2014-10-23 19:00:00,20,478.26086,459.32446
2014-10-23,2014-10-23 20:00:00,21,249.46977,267.5736
2014-10-23,2014-10-23 21:00:00,22,484.09332,465.76544
2014-10-23,2014-10-23 22:00:00,23,462.8844,450.46936
2014-10-23,2014-10-23 23:00:00,24,452.01483,439.0784
2014-10-24,2014-10-24 00:00:00,1,426.82925,441.07587
2014-10-24,2014-10-24 01:00:00,2,432.6617,460.67853
2014-10-24,2014-10-24 02:00:00,3,259.544,264.50742
2014-10-24,2014-10-24 03:00:00,4,218.98198,229.46829
2014-10-24,2014-10-24 04:00:00,5,185.57794,203.03824
2014-10-24,2014-10-24 05:00:00,6,183.45705,195.45834
2014-10-24,2014-10-24 06:00:00,7,196.1824,193.86472
2014-10-24,2014-10-24 07:00:00,8,223.22375,227.2687
2014-10-24,2014-10-24 08:00:00,9,398.99258,429.19574
2014-10-24,2014-10-24 09:00:00,10,400.58325,420.20035
2014-10-24,2014-10-24 10:00:00,11,350.4772,370.10846
2014-10-24,2014-10-24 11:00:00,12,324.23117,361.84122
2014-10-24,2014-10-24 12:00:00,13,319.72427,372.65622
2014-10-24,2014-10-24 13:00:00,14,338.01697,370.25888
2014-10-24,2014-10-24 14:00:00,15,366.38388,389.86432
2014-10-24,2014-10-24 15:00:00,16,385.4719,383.92853
2014-10-24,2014-10-24 16:00:00,17,360.81653,372.2239
2014-10-24,2014-10-24 17:00:00,18,348.62143,355.57794
2014-10-24,2014-10-24 18:00:00,19,474.2842,434.45502
2014-10-24,2014-10-24 19:00:00,20,471.10287,456.32953
2014-10-24,2014-10-24 20:00:00,21,249.46977,266.73865
2014-10-24,2014-10-24 21:00:00,22,459.70306,461.7174
2014-10-24,2014-10-24 22:00:00,23,470.83774,442.7869
2014-10-24,2014-10-24 23:00:00,24,426.56415,426.72983
2014-10-25,2014-10-25 00:00:00,1,404.825,413.07724
2014-10-25,2014-10-25 01:00:00,2,420.46658,424.5406
2014-10-25,2014-10-25 02:00:00,3,181.07104,205.76805
2014-10-25,2014-10-25 03:00:00,4,132.29056,165.87898
2014-10-25,2014-10-25 04:00:00,5,119.83033,145.40283
2014-10-25,2014-10-25 05:00:00,6,103.12831,133.41846
2014-10-25,2014-10-25 06:00:00,7,90.93319,133.29863
2014-10-25,2014-10-25 07:00:00,8,85.10074,133.31049
2014-10-25,2014-10-25 08:00:00,9,87.221634,216.09448
2014-10-25,2014-10-25 09:00:00,10,89.607635,208.62334
2014-10-25,2014-10-25 10:00:00,11,76.08696,163.28183
2014-10-25,2014-10-25 11:00:00,12,60.44539,150.51044
2014-10-25,2014-10-25 12:00:00,13,68.39873,150.39505
2014-10-25,2014-10-25 13:00:00,14,73.435844,123.724014
2014-10-25,2014-10-25 14:00:00,15,76.88229,160.26683
2014-10-25,2014-10-25 15:00:00,16,80.328735,164.82523
2014-10-25,2014-10-25 16:00:00,17,66.012726,146.9191
2014-10-25,2014-10-25 17:00:00,18,61.240723,88.86661
2014-10-25,2014-10-25 18:00:00,19,68.39873,91.723145
2014-10-25,2014-10-25 19:00:00,20,93.31919,107.77995
2014-10-25,2014-10-25 20:00:00,21,111.61188,119.256165
2014-10-25,2014-10-25 21:00:00,22,108.43054,120.57732
2014-10-25,2014-10-25 22:00:00,23,106.04454,117.90846
2014-10-25,2014-10-25 23:00:00,24,97.560974,114.47612
2014-11-10,2014-11-10 00:00:00,1,286.05515,306.53564
2014-11-10,2014-11-10 01:00:00,2,284.19937,310.00903
2014-11-10,2014-11-10 02:00:00,3,178.41994,177.38562
2014-11-10,2014-11-10 03:00:00,4,164.89926,157.32947
2014-11-10,2014-11-10 04:00:00,5,143.16013,138.55023
2014-11-10,2014-11-10 05:00:00,6,155.09013,153.40364
2014-11-10,2014-11-10 06:00:00,7,159.33192,160.44109
2014-11-10,2014-11-10 07:00:00,8,179.48038,172.16891
2014-11-10,2014-11-10 08:00:00,9,420.73172,410.2901
2014-11-10,2014-11-10 09:00:00,10,430.80594,375.71094
2014-11-10,2014-11-10 10:00:00,11,322.9056,340.39212
2014-11-10,2014-11-10 11:00:00,12,377.78366,356.87866
2014-11-10,2014-11-10 12:00:00,13,362.93744,332.3529
2014-11-10,2014-11-10 13:00:00,14,382.82077,332.46863
2014-11-10,2014-11-10 14:00:00,15,434.78262,382.07654
2014-11-10,2014-11-10 15:00:00,16,449.36374,375.3197
2014-11-10,2014-11-10 16:00:00,17,512.1951,426.30234
2014-11-10,2014-11-10 17:00:00,18,468.45175,470.25372
2014-11-10,2014-11-10 18:00:00,19,522.26935,498.09796
2014-11-10,2014-11-10 19:00:00,20,503.18134,496.73434
2014-11-10,2014-11-10 20:00:00,21,460.76352,266.50604
2014-11-10,2014-11-10 21:00:00,22,397.1368,480.02655
2014-11-10,2014-11-10 22:00:00,23,452.01483,455.0606
2014-11-10,2014-11-10 23:00:00,24,457.05197,455.92773
2014-11-11,2014-11-11 00:00:00,1,468.45175,446.13696
2014-11-11,2014-11-11 01:00:00,2,467.3913,439.403
2014-11-11,2014-11-11 02:00:00,3,251.32556,240.00848
2014-11-11,2014-11-11 03:00:00,4,214.47508,197.22885
2014-11-11,2014-11-11 04:00:00,5,178.68504,172.6875
2014-11-11,2014-11-11 05:00:00,6,193.7964,176.99432
2014-11-11,2014-11-11 06:00:00,7,180.80594,185.47388
2014-11-11,2014-11-11 07:00:00,8,191.6755,197.46307
2014-11-11,2014-11-11 08:00:00,9,421.52704,430.0415
2014-11-11,2014-11-11 09:00:00,10,435.04773,409.71024
2014-11-11,2014-11-11 10:00:00,11,343.31918,348.9671
2014-11-11,2014-11-11 11:00:00,12,381.2301,377.24362
2014-11-11,2014-11-11 12:00:00,13,402.70413,365.23572
2014-11-11,2014-11-11 13:00:00,14,378.579,385.19894
2014-11-11,2014-11-11 14:00:00,15,309.91516,419.20667
2014-11-11,2014-11-11 15:00:00,16,315.4825,426.52332
2014-11-11,2014-11-11 16:00:00,17,454.40085,471.2948
2014-11-11,2014-11-11 17:00:00,18,467.1262,485.50494
2014-11-11,2014-11-11 18:00:00,19,524.1251,513.42554
2014-11-11,2014-11-11 19:00:00,20,529.16223,507.1976
2014-11-11,2014-11-11 20:00:00,21,285.52493,334.51468
2014-11-11,2014-11-11 21:00:00,22,524.1251,461.3415
2014-11-11,2014-11-11 22:00:00,23,486.4793,455.86182
2014-11-11,2014-11-11 23:00:00,24,481.7073,455.82852
2014-11-12,2014-11-12 00:00:00,1,488.3351,473.84943
2014-11-12,2014-11-12 01:00:00,2,499.20465,470.09714
2014-11-12,2014-11-12 02:00:00,3,255.83244,254.67227
2014-11-12,2014-11-12 03:00:00,4,204.93108,212.90225
2014-11-12,2014-11-12 04:00:00,5,174.44327,182.94075
2014-11-12,2014-11-12 05:00:00,6,186.37328,188.87555
2014-11-12,2014-11-12 06:00:00,7,175.76883,191.0674
2014-11-12,2014-11-12 07:00:00,8,187.43372,197.19406
2014-11-12,2014-11-12 08:00:00,9,410.39236,429.5995
2014-11-12,2014-11-12 09:00:00,10,408.5366,412.61285
2014-11-12,2014-11-12 10:00:00,11,285.79004,342.2218
2014-11-12,2014-11-12 11:00:00,12,286.32025,370.9942
2014-11-12,2014-11-12 12:00:00,13,296.12936,361.36942
2014-11-12,2014-11-12 13:00:00,14,300.37115,357.74078
2014-11-12,2014-11-12 14:00:00,15,293.47827,373.63028
2014-11-12,2014-11-12 15:00:00,16,269.61823,379.13272
2014-11-12,2014-11-12 16:00:00,17,429.48038,461.01715
2014-11-12,2014-11-12 17:00:00,18,445.12195,483.4148
2014-11-12,2014-11-12 18:00:00,19,490.9862,511.17975
2014-11-12,2014-11-12 19:00:00,20,491.2513,508.85187
2014-11-12,2014-11-12 20:00:00,21,272.53445,312.10648
2014-11-12,2014-11-12 21:00:00,22,491.51645,486.08356
2014-11-12,2014-11-12 22:00:00,23,477.2004,474.1159
2014-11-12,2014-11-12 23:00:00,24,464.7402,477.35294
2014-11-13,2014-11-13 00:00:00,1,462.6193,467.75226
2014-11-13,2014-11-13 01:00:00,2,465.80063,461.87982
2014-11-13,2014-11-13 02:00:00,3,258.7487,245.58337
2014-11-13,2014-11-13 03:00:00,4,201.74974,202.20175
2014-11-13,2014-11-13 04:00:00,5,167.02014,179.86057
2014-11-13,2014-11-13 05:00:00,6,188.49417,185.84201
2014-11-13,2014-11-13 06:00:00,7,181.07104,176.53809
2014-11-13,2014-11-13 07:00:00,8,190.61505,182.21066
2014-11-13,2014-11-13 08:00:00,9,424.70837,405.02502
2014-11-13,2014-11-13 09:00:00,10,426.03394,383.38956
2014-11-13,2014-11-13 10:00:00,11,376.4581,307.55606
2014-11-13,2014-11-13 11:00:00,12,369.3001,327.82895
2014-11-13,2014-11-13 12:00:00,13,332.71475,322.36795
2014-11-13,2014-11-13 13:00:00,14,332.71475,326.7946
2014-11-13,2014-11-13 14:00:00,15,382.29056,325.1613
2014-11-13,2014-11-13 15:00:00,16,394.22058,321.78088
2014-11-13,2014-11-13 16:00:00,17,465.80063,428.13785
2014-11-13,2014-11-13 17:00:00,18,471.36798,466.58374
2014-11-13,2014-11-13 18:00:00,19,518.8229,497.73938
2014-11-13,2014-11-13 19:00:00,20,512.9905,499.3178
2014-11-13,2014-11-13 20:00:00,21,246.81866,283.40173
2014-11-13,2014-11-13 21:00:00,22,498.93954,486.22052
2014-11-13,2014-11-13 22:00:00,23,461.55887,471.85587
2014-11-13,2014-11-13 23:00:00,24,458.90775,466.7113
2014-11-14,2014-11-14 00:00:00,1,465.53552,461.76614
2014-11-14,2014-11-14 01:00:00,2,469.24707,462.49258
2014-11-14,2014-11-14 02:00:00,3,259.0138,241.60529
2014-11-14,2014-11-14 03:00:00,4,247.614,203.09534
2014-11-14,2014-11-14 04:00:00,5,184.25238,172.34567
2014-11-14,2014-11-14 05:00:00,6,218.18665,182.78928
2014-11-14,2014-11-14 06:00:00,7,177.6246,178.49113
2014-11-14,2014-11-14 07:00:00,8,174.70837,184.40771
2014-11-14,2014-11-14 08:00:00,9,409.0668,416.43338
2014-11-14,2014-11-14 09:00:00,10,420.46658,395.64642
2014-11-14,2014-11-14 10:00:00,11,298.25027,339.21445
2014-11-14,2014-11-14 11:00:00,12,446.97772,350.5357
2014-11-14,2014-11-14 12:00:00,13,314.15695,322.4897
2014-11-14,2014-11-14 13:00:00,14,310.18027,321.56854
2014-11-14,2014-11-14 14:00:00,15,323.43585,351.80612
2014-11-14,2014-11-14 15:00:00,16,310.44537,356.69644
2014-11-14,2014-11-14 16:00:00,17,445.38705,406.4662
2014-11-14,2014-11-14 17:00:00,18,450.6893,457.2774
2014-11-14,2014-11-14 18:00:00,19,501.85577,484.76996
2014-11-14,2014-11-14 19:00:00,20,496.81866,478.2275
2014-11-14,2014-11-14 20:00:00,21,234.09332,237.31313
2014-11-14,2014-11-14 21:00:00,22,478.26086,463.05054
2014-11-14,2014-11-14 22:00:00,23,421.52704,446.05768
2014-11-14,2014-11-14 23:00:00,24,399.5228,435.78857
2014-11-15,2014-11-15 00:00:00,1,392.89502,397.59457
2014-11-15,2014-11-15 01:00:00,2,421.79214,390.0394
2014-11-15,2014-11-15 02:00:00,3,183.19194,190.28992
2014-11-15,2014-11-15 03:00:00,4,133.35101,129.24391
2014-11-15,2014-11-15 04:00:00,5,119.565216,110.04797
2014-11-15,2014-11-15 05:00:00,6,117.179214,107.154724
2014-11-15,2014-11-15 06:00:00,7,107.370094,94.75308
2014-11-15,2014-11-15 07:00:00,8,82.18452,76.98236
2014-11-15,2014-11-15 08:00:00,9,89.34252,76.25197
2014-11-15,2014-11-15 09:00:00,10,84.83563,70.71579
2014-11-15,2014-11-15 10:00:00,11,72.3754,69.66284
2014-11-15,2014-11-15 11:00:00,12,86.95652,73.32825
2014-11-15,2014-11-15 12:00:00,13,87.751854,74.25052
2014-11-15,2014-11-15 13:00:00,14,82.18452,75.61165
2014-11-15,2014-11-15 14:00:00,15,90.137856,82.16283
2014-11-15,2014-11-15 15:00:00,16,74.23118,81.508026
2014-11-15,2014-11-15 16:00:00,17,71.58006,72.01688
2014-11-15,2014-11-15 17:00:00,18,93.584305,90.337845
2014-11-15,2014-11-15 18:00:00,19,126.193,109.30739
2014-11-15,2014-11-15 19:00:00,20,129.10922,104.12262
2014-11-15,2014-11-15 20:00:00,21,110.28632,98.05559
2014-11-15,2014-11-15 21:00:00,22,102.33298,94.59361
2014-11-15,2014-11-15 22:00:00,23,100.74231,91.92978
2014-11-15,2014-11-15 23:00:00,24,106.839874,91.73508
2014-11-16,2014-11-16 00:00:00,1,118.23966,103.12973
2014-11-16,2014-11-16 01:00:00,2,120.09544,106.57556
2014-11-16,2014-11-16 02:00:00,3,124.33722,106.53462
2014-11-16,2014-11-16 03:00:00,4,116.9141,105.2943
2014-11-16,2014-11-16 04:00:00,5,98.886536,98.83981
2014-11-16,2014-11-16 05:00:00,6,109.225876,98.54701
2014-11-16,2014-11-16 06:00:00,7,108.96076,96.69177
2014-11-16,2014-11-16 07:00:00,8,80.59385,75.40277
2014-11-16,2014-11-16 08:00:00,9,90.40297,70.5719
2014-11-16,2014-11-16 09:00:00,10,88.28208,65.576096
2014-11-16,2014-11-16 10:00:00,11,76.08696,64.01318
2014-11-16,2014-11-16 11:00:00,12,82.71474,68.52394
2014-11-16,2014-11-16 12:00:00,13,84.305405,68.52049
2014-11-16,2014-11-16 13:00:00,14,85.10074,70.97691
2014-11-16,2014-11-16 14:00:00,15,97.29587,68.950516
2014-11-16,2014-11-16 15:00:00,16,98.35631,65.6351
2014-11-16,2014-11-16 16:00:00,17,109.756096,79.44986
2014-11-16,2014-11-16 17:00:00,18,237.00954,163.87025
2014-11-16,2014-11-16 18:00:00,19,330.59384,264.1869
2014-11-16,2014-11-16 19:00:00,20,339.07742,263.01718
2014-11-16,2014-11-16 20:00:00,21,202.01485,164.5277
2014-11-16,2014-11-16 21:00:00,22,335.36584,239.8487
2014-11-16,2014-11-16 22:00:00,23,309.38495,248.58662
2014-11-16,2014-11-16 23:00:00,24,286.32025,261.8354
2014-11-17,2014-11-17 00:00:00,1,315.4825,337.15466
2014-11-17,2014-11-17 01:00:00,2,281.01804,341.99835
2014-11-17,2014-11-17 02:00:00,3,198.83351,210.47563
2014-11-17,2014-11-17 03:00:00,4,180.80594,187.06421
2014-11-17,2014-11-17 04:00:00,5,162.24814,163.23027
2014-11-17,2014-11-17 05:00:00,6,177.6246,177.69919
2014-11-17,2014-11-17 06:00:00,7,164.63414,178.7298
2014-11-17,2014-11-17 07:00:00,8,187.69884,194.483
2014-11-17,2014-11-17 08:00:00,9,420.73172,445.48737
2014-11-17,2014-11-17 09:00:00,10,447.77307,426.62277
2014-11-17,2014-11-17 10:00:00,11,329.00317,347.74182
2014-11-17,2014-11-17 11:00:00,12,318.1336,378.94028
2014-11-17,2014-11-17 12:00:00,13,324.7614,354.58856
2014-11-17,2014-11-17 13:00:00,14,376.193,377.81763
2014-11-17,2014-11-17 14:00:00,15,423.1177,404.38336
2014-11-17,2014-11-17 15:00:00,16,427.6246,410.96143
2014-11-17,2014-11-17 16:00:00,17,505.30222,481.01086
2014-11-17,2014-11-17 17:00:00,18,493.10712,490.41644
2014-11-17,2014-11-17 18:00:00,19,522.79956,504.76135
2014-11-17,2014-11-17 19:00:00,20,514.5811,506.36273
2014-11-17,2014-11-17 20:00:00,21,281.81335,308.16193
2014-11-17,2014-11-17 21:00:00,22,503.44644,487.16565
2014-11-17,2014-11-17 22:00:00,23,469.24707,473.51648
2014-11-17,2014-11-17 23:00:00,24,482.23755,474.78592
2014-11-18,2014-11-18 00:00:00,1,475.60974,474.20047
2014-11-18,2014-11-18 01:00:00,2,481.1771,468.69864
2014-11-18,2014-11-18 02:00:00,3,274.12512,245.28693
2014-11-18,2014-11-18 03:00:00,4,264.58112,211.55704
2014-11-18,2014-11-18 04:00:00,5,186.37328,181.92673
2014-11-18,2014-11-18 05:00:00,6,167.81548,192.47607
2014-11-18,2014-11-18 06:00:00,7,182.92683,191.50339
2014-11-18,2014-11-18 07:00:00,8,203.34041,198.35767
2014-11-18,2014-11-18 08:00:00,9,405.62036,438.40802
2014-11-18,2014-11-18 09:00:00,10,412.77838,438.8039
2014-11-18,2014-11-18 10:00:00,11,354.9841,357.4949
2014-11-18,2014-11-18 11:00:00,12,333.24496,380.01147
2014-11-18,2014-11-18 12:00:00,13,375.39767,360.2992
2014-11-18,2014-11-18 13:00:00,14,392.3648,370.0165
2014-11-18,2014-11-18 14:00:00,15,416.22482,395.15063
2014-11-18,2014-11-18 15:00:00,16,415.95972,400.07135
2014-11-18,2014-11-18 16:00:00,17,511.13467,486.39383
2014-11-18,2014-11-18 17:00:00,18,450.15906,496.70087
2014-11-18,2014-11-18 18:00:00,19,500.5302,514.7254
2014-11-18,2014-11-18 19:00:00,20,495.228,512.96234
2014-11-18,2014-11-18 20:00:00,21,268.02756,279.7
2014-11-18,2014-11-18 21:00:00,22,494.69778,494.12848
2014-11-18,2014-11-18 22:00:00,23,459.43796,472.75867
2014-11-18,2014-11-18 23:00:00,24,470.30753,476.92078
2014-11-19,2014-11-19 00:00:00,1,470.57263,477.95038
2014-11-19,2014-11-19 01:00:00,2,470.04242,473.32703
2014-11-19,2014-11-19 02:00:00,3,281.54825,265.4454
2014-11-19,2014-11-19 03:00:00,4,320.25452,228.32205
2014-11-19,2014-11-19 04:00:00,5,199.89395,183.43057
2014-11-19,2014-11-19 05:00:00,6,182.3966,184.42342
2014-11-19,2014-11-19 06:00:00,7,183.45705,182.9842
2014-11-19,2014-11-19 07:00:00,8,198.5684,197.51169
2014-11-19,2014-11-19 08:00:00,9,427.8897,428.7975
2014-11-19,2014-11-19 09:00:00,10,469.7773,434.42578
2014-11-19,2014-11-19 10:00:00,11,506.62778,361.0018
2014-11-19,2014-11-19 11:00:00,12,566.80804,357.752
2014-11-19,2014-11-19 12:00:00,13,495.228,345.88788
2014-11-19,2014-11-19 13:00:00,14,455.4613,358.05084
2014-11-19,2014-11-19 14:00:00,15,486.4793,381.27393
2014-11-19,2014-11-19 15:00:00,16,471.10287,387.59222
2014-11-19,2014-11-19 16:00:00,17,477.73065,484.37888
2014-11-19,2014-11-19 17:00:00,18,472.69354,483.25635
2014-11-19,2014-11-19 18:00:00,19,522.0042,502.2307
2014-11-19,2014-11-19 19:00:00,20,515.1113,502.71106
2014-11-19,2014-11-19 20:00:00,21,286.85046,278.10788
2014-11-19,2014-11-19 21:00:00,22,503.44644,492.0067
2014-11-19,2014-11-19 22:00:00,23,478.52597,473.94794
2014-11-19,2014-11-19 23:00:00,24,475.34464,476.21735
2014-11-20,2014-11-20 00:00:00,1,476.6702,481.91553
2014-11-20,2014-11-20 01:00:00,2,485.684,476.89487
2014-11-20,2014-11-20 02:00:00,3,259.0138,262.23047
2014-11-20,2014-11-20 03:00:00,4,245.228,240.16231
2014-11-20,2014-11-20 04:00:00,5,180.80594,190.50777
2014-11-20,2014-11-20 05:00:00,6,189.81972,188.46533
2014-11-20,2014-11-20 06:00:00,7,183.72217,186.85565
2014-11-20,2014-11-20 07:00:00,8,202.01485,199.48895
2014-11-20,2014-11-20 08:00:00,9,425.76883,436.71375
2014-11-20,2014-11-20 09:00:00,10,429.74548,448.35608
2014-11-20,2014-11-20 10:00:00,11,316.80804,405.58472
2014-11-20,2014-11-20 11:00:00,12,409.3319,414.65683
2014-11-20,2014-11-20 12:00:00,13,295.86426,394.63678
2014-11-20,2014-11-20 13:00:00,14,308.8547,382.85428
2014-11-20,2014-11-20 14:00:00,15,428.68506,410.1726
2014-11-20,2014-11-20 15:00:00,16,460.2333,411.26352
2014-11-20,2014-11-20 16:00:00,17,507.15802,489.59915
2014-11-20,2014-11-20 17:00:00,18,490.1909,490.84598
2014-11-20,2014-11-20 18:00:00,19,532.0785,507.29218
2014-11-20,2014-11-20 19:00:00,20,509.544,506.6745
2014-11-20,2014-11-20 20:00:00,21,293.21313,281.01712
2014-11-20,2014-11-20 21:00:00,22,496.55356,495.81412
2014-11-20,2014-11-20 22:00:00,23,462.6193,474.826
2014-11-20,2014-11-20 23:00:00,24,452.54507,473.30072
2014-11-21,2014-11-21 00:00:00,1,452.54507,466.13968
2014-11-21,2014-11-21 01:00:00,2,458.64264,465.79236
2014-11-21,2014-11-21 02:00:00,3,250.53023,258.79208
2014-11-21,2014-11-21 03:00:00,4,199.89395,240.04239
2014-11-21,2014-11-21 04:00:00,5,166.75504,186.76651
2014-11-21,2014-11-21 05:00:00,6,183.45705,189.6765
2014-11-21,2014-11-21 06:00:00,7,181.33617,183.8418
2014-11-21,2014-11-21 07:00:00,8,219.24709,193.33133
2014-11-21,2014-11-21 08:00:00,9,417.02014,424.7248
2014-11-21,2014-11-21 09:00:00,10,443.26617,424.53516
2014-11-21,2014-11-21 10:00:00,11,276.51114,359.43655
2014-11-21,2014-11-21 11:00:00,12,277.5716,380.41086
2014-11-21,2014-11-21 12:00:00,13,288.97137,325.10812
2014-11-21,2014-11-21 13:00:00,14,286.05515,331.05444
2014-11-21,2014-11-21 14:00:00,15,304.61295,363.65945
2014-11-21,2014-11-21 15:00:00,16,322.6405,373.7142
2014-11-21,2014-11-21 16:00:00,17,443.26617,451.80127
2014-11-21,2014-11-21 17:00:00,18,426.03394,469.26166
2014-11-21,2014-11-21 18:00:00,19,479.0562,493.99316
2014-11-21,2014-11-21 19:00:00,20,492.04666,487.3916
2014-11-21,2014-11-21 20:00:00,21,244.16756,252.15808
2014-11-21,2014-11-21 21:00:00,22,487.27466,470.39575
2014-11-21,2014-11-21 22:00:00,23,441.1453,439.55215
2014-11-21,2014-11-21 23:00:00,24,437.1686,424.92688
2014-11-22,2014-11-22 00:00:00,1,424.70837,406.83646
2014-11-22,2014-11-22 01:00:00,2,431.33615,405.49243
2014-11-22,2014-11-22 02:00:00,3,174.17816,192.49866
2014-11-22,2014-11-22 03:00:00,4,120.36055,124.15993
2014-11-22,2014-11-22 04:00:00,5,103.65854,110.749146
2014-11-22,2014-11-22 05:00:00,6,105.24921,107.53844
2014-11-22,2014-11-22 06:00:00,7,99.15164,96.61481
2014-11-22,2014-11-22 07:00:00,8,72.11028,79.57469
2014-11-22,2014-11-22 08:00:00,9,68.66384,82.694855
2014-11-22,2014-11-22 09:00:00,10,60.7105,78.8694
2014-11-22,2014-11-22 10:00:00,11,55.14316,77.55873
2014-11-22,2014-11-22 11:00:00,12,64.156944,82.91008
2014-11-22,2014-11-22 12:00:00,13,69.989395,83.20259
2014-11-22,2014-11-22 13:00:00,14,67.60339,83.0477
2014-11-22,2014-11-22 14:00:00,15,68.66384,87.13321
2014-11-22,2014-11-22 15:00:00,16,58.854717,85.41972
2014-11-22,2014-11-22 16:00:00,17,53.28738,80.77591
2014-11-22,2014-11-22 17:00:00,18,73.966064,98.73505
2014-11-22,2014-11-22 18:00:00,19,102.06787,122.28288
2014-11-22,2014-11-22 19:00:00,20,102.33298,118.98189
2014-11-22,2014-11-22 20:00:00,21,99.946976,107.00203
2014-11-22,2014-11-22 21:00:00,22,93.84942,102.59796
2014-11-22,2014-11-22 22:00:00,23,87.48675,99.71663
2014-11-22,2014-11-22 23:00:00,24,101.80276,99.85243
2014-11-23,2014-11-23 00:00:00,1,98.886536,105.30614
2014-11-23,2014-11-23 01:00:00,2,103.65854,109.31998
2014-11-23,2014-11-23 02:00:00,3,105.77943,109.93315
2014-11-23,2014-11-23 03:00:00,4,103.923645,104.31201
2014-11-23,2014-11-23 04:00:00,5,88.28208,96.37276
2014-11-23,2014-11-23 05:00:00,6,96.23542,95.92589
2014-11-23,2014-11-23 06:00:00,7,96.23542,93.067215
2014-11-23,2014-11-23 07:00:00,8,68.92895,77.19476
2014-11-23,2014-11-23 08:00:00,9,67.86851,71.45334
2014-11-23,2014-11-23 09:00:00,10,58.324497,69.29744
2014-11-23,2014-11-23 10:00:00,11,53.817604,68.2292
2014-11-23,2014-11-23 11:00:00,12,63.626724,70.06218
2014-11-23,2014-11-23 12:00:00,13,66.012726,69.48155
2014-11-23,2014-11-23 13:00:00,14,67.07317,71.4182
2014-11-23,2014-11-23 14:00:00,15,62.566277,73.66933
2014-11-23,2014-11-23 15:00:00,16,55.67338,72.183395
2014-11-23,2014-11-23 16:00:00,17,92.52386,89.029526
2014-11-23,2014-11-23 17:00:00,18,173.91304,166.75072
2014-11-23,2014-11-23 18:00:00,19,226.40509,271.70627
2014-11-23,2014-11-23 19:00:00,20,215.80063,271.04807
2014-11-23,2014-11-23 20:00:00,21,149.5228,156.20145
2014-11-23,2014-11-23 21:00:00,22,216.33086,244.14368
2014-11-23,2014-11-23 22:00:00,23,191.41039,235.18373
2014-11-23,2014-11-23 23:00:00,24,247.8791,250.61484
2014-11-24,2014-11-24 00:00:00,1,269.35312,270.1627
2014-11-24,2014-11-24 01:00:00,2,306.73383,261.05597
2014-11-24,2014-11-24 02:00:00,3,202.01485,178.56223
2014-11-24,2014-11-24 03:00:00,4,178.41994,161.50752
2014-11-24,2014-11-24 04:00:00,5,141.03923,142.97551
2014-11-24,2014-11-24 05:00:00,6,170.7317,153.37013
2014-11-24,2014-11-24 06:00:00,7,169.67126,155.74236
2014-11-24,2014-11-24 07:00:00,8,184.5175,177.46623
2014-11-24,2014-11-24 08:00:00,9,391.03925,409.73148
2014-11-24,2014-11-24 09:00:00,10,412.24814,415.4306
2014-11-24,2014-11-24 10:00:00,11,273.0647,313.23788
2014-11-24,2014-11-24 11:00:00,12,281.01804,328.43976
2014-11-24,2014-11-24 12:00:00,13,270.67868,324.9307
2014-11-24,2014-11-24 13:00:00,14,284.9947,344.61356
2014-11-24,2014-11-24 14:00:00,15,348.35632,388.2781
2014-11-24,2014-11-24 15:00:00,16,345.4401,403.55066
2014-11-24,2014-11-24 16:00:00,17,484.62354,477.30634
2014-11-24,2014-11-24 17:00:00,18,503.97668,478.3626
2014-11-24,2014-11-24 18:00:00,19,551.96185,498.1947
2014-11-24,2014-11-24 19:00:00,20,551.4316,496.02652
2014-11-24,2014-11-24 20:00:00,21,340.13785,281.30563
2014-11-24,2014-11-24 21:00:00,22,525.1856,475.4001
2014-11-24,2014-11-24 22:00:00,23,483.82822,455.4806
2014-11-24,2014-11-24 23:00:00,24,465.0053,461.18353
2014-11-25,2014-11-25 00:00:00,1,469.5122,462.80002
2014-11-25,2014-11-25 01:00:00,2,464.47507,462.06485
2014-11-25,2014-11-25 02:00:00,3,303.8176,260.4385
2014-11-25,2014-11-25 03:00:00,4,248.40933,220.54727
2014-11-25,2014-11-25 04:00:00,5,179.48038,182.08368
2014-11-25,2014-11-25 05:00:00,6,189.2895,185.8787
2014-11-25,2014-11-25 06:00:00,7,180.54083,186.21327
2014-11-25,2014-11-25 07:00:00,8,208.90775,201.21027
2014-11-25,2014-11-25 08:00:00,9,443.26617,429.2766
2014-11-25,2014-11-25 09:00:00,10,444.59174,432.12775
2014-11-25,2014-11-25 10:00:00,11,313.6267,325.98114
2014-11-25,2014-11-25 11:00:00,12,310.7105,330.07416
2014-11-25,2014-11-25 12:00:00,13,345.7052,319.3353
2014-11-25,2014-11-25 13:00:00,14,363.46765,327.75656
2014-11-25,2014-11-25 14:00:00,15,345.9703,359.88107
2014-11-25,2014-11-25 15:00:00,16,303.02228,373.89645
2014-11-25,2014-11-25 16:00:00,17,451.48462,488.42896
2014-11-25,2014-11-25 17:00:00,18,460.2333,499.36182
2014-11-25,2014-11-25 18:00:00,19,510.86957,525.3079
2014-11-25,2014-11-25 19:00:00,20,500.79535,520.1559
2014-11-25,2014-11-25 20:00:00,21,277.5716,291.7651
2014-11-25,2014-11-25 21:00:00,22,501.85577,504.24713
2014-11-25,2014-11-25 22:00:00,23,463.14954,475.76895
2014-11-25,2014-11-25 23:00:00,24,459.70306,469.58316
2014-11-26,2014-11-26 00:00:00,1,460.76352,462.71027
2014-11-26,2014-11-26 01:00:00,2,469.5122,464.03003
2014-11-26,2014-11-26 02:00:00,3,254.5069,269.38
2014-11-26,2014-11-26 03:00:00,4,245.228,223.72504
2014-11-26,2014-11-26 04:00:00,5,177.88971,181.21094
2014-11-26,2014-11-26 05:00:00,6,181.86638,188.64305
2014-11-26,2014-11-26 06:00:00,7,182.1315,188.1221
2014-11-26,2014-11-26 07:00:00,8,198.03818,202.56061
2014-11-26,2014-11-26 08:00:00,9,426.29904,424.96823
2014-11-26,2014-11-26 09:00:00,10,462.3542,423.65604
2014-11-26,2014-11-26 10:00:00,11,435.84305,316.03708
2014-11-26,2014-11-26 11:00:00,12,450.42416,323.04544
2014-11-26,2014-11-26 12:00:00,13,457.8473,315.5216
2014-11-26,2014-11-26 13:00:00,14,448.03818,320.53625
2014-11-26,2014-11-26 14:00:00,15,493.37222,338.66388
2014-11-26,2014-11-26 15:00:00,16,496.02332,339.29977
2014-11-26,2014-11-26 16:00:00,17,479.85153,467.50677
2014-11-26,2014-11-26 17:00:00,18,497.08377,476.90976
2014-11-26,2014-11-26 18:00:00,19,517.23224,509.89307
2014-11-26,2014-11-26 19:00:00,20,521.73914,507.91
2014-11-26,2014-11-26 20:00:00,21,300.10605,284.12433
2014-11-26,2014-11-26 21:00:00,22,518.8229,496.41132
2014-11-26,2014-11-26 22:00:00,23,480.11664,469.08725
2014-11-26,2014-11-26 23:00:00,24,477.99576,464.80853
2014-11-27,2014-11-27 00:00:00,1,467.6564,477.79553
2014-11-27,2014-11-27 01:00:00,2,468.45175,476.11996
2014-11-27,2014-11-27 02:00:00,3,275.18558,268.80005
2014-11-27,2014-11-27 03:00:00,4,228.26086,239.11217
2014-11-27,2014-11-27 04:00:00,5,181.33617,184.39943
2014-11-27,2014-11-27 05:00:00,6,218.45175,186.39043
2014-11-27,2014-11-27 06:00:00,7,223.75398,186.42313
2014-11-27,2014-11-27 07:00:00,8,196.1824,203.7731
2014-11-27,2014-11-27 08:00:00,9,426.29904,440.90973
2014-11-27,2014-11-27 09:00:00,10,432.92682,441.50037
2014-11-27,2014-11-27 10:00:00,11,269.088,353.43607
2014-11-27,2014-11-27 11:00:00,12,288.17603,362.99286
2014-11-27,2014-11-27 12:00:00,13,280.75293,347.6529
2014-11-27,2014-11-27 13:00:00,14,314.15695,354.68124
2014-11-27,2014-11-27 14:00:00,15,314.42206,399.05078
2014-11-27,2014-11-27 15:00:00,16,329.79852,407.37448
2014-11-27,2014-11-27 16:00:00,17,487.53976,489.18005
2014-11-27,2014-11-27 17:00:00,18,468.45175,495.73978
2014-11-27,2014-11-27 18:00:00,19,498.40933,511.05713
2014-11-27,2014-11-27 19:00:00,20,504.2418,510.64197
2014-11-27,2014-11-27 20:00:00,21,281.81335,285.0625
2014-11-27,2014-11-27 21:00:00,22,498.14423,499.3849
2014-11-27,2014-11-27 22:00:00,23,496.55356,473.52853
2014-11-27,2014-11-27 23:00:00,24,500.5302,468.7121
2014-11-28,2014-11-28 00:00:00,1,487.00955,479.70862
2014-11-28,2014-11-28 01:00:00,2,481.7073,475.39
2014-11-28,2014-11-28 02:00:00,3,316.27783,271.59222
2014-11-28,2014-11-28 03:00:00,4,271.2089,228.31334
2014-11-28,2014-11-28 04:00:00,5,219.77731,181.0227
2014-11-28,2014-11-28 05:00:00,6,228.26086,193.42238
2014-11-28,2014-11-28 06:00:00,7,209.70308,193.11584
2014-11-28,2014-11-28 07:00:00,8,192.47084,203.21661
2014-11-28,2014-11-28 08:00:00,9,418.87592,422.26114
2014-11-28,2014-11-28 09:00:00,10,420.73172,426.35852
2014-11-28,2014-11-28 10:00:00,11,273.0647,306.47763
2014-11-28,2014-11-28 11:00:00,12,281.28314,315.24728
2014-11-28,2014-11-28 12:00:00,13,299.0456,309.5158
2014-11-28,2014-11-28 13:00:00,14,297.18982,315.13486
2014-11-28,2014-11-28 14:00:00,15,308.5896,339.72443
2014-11-28,2014-11-28 15:00:00,16,288.70627,356.16513
2014-11-28,2014-11-28 16:00:00,17,477.99576,459.1039
2014-11-28,2014-11-28 17:00:00,18,472.4284,462.2644
2014-11-28,2014-11-28 18:00:00,19,480.64688,493.93207
2014-11-28,2014-11-28 19:00:00,20,483.82822,496.08334
2014-11-28,2014-11-28 20:00:00,21,240.456,250.88264
2014-11-28,2014-11-28 21:00:00,22,485.15378,483.65918
2014-11-28,2014-11-28 22:00:00,23,460.2333,447.50214
2014-11-28,2014-11-28 23:00:00,24,454.13574,433.04752
2014-11-29,2014-11-29 00:00:00,1,447.50797,424.12888
2014-11-29,2014-11-29 01:00:00,2,455.4613,417.44968
2014-11-29,2014-11-29 02:00:00,3,195.12195,200.01035
2014-11-29,2014-11-29 03:00:00,4,134.94168,126.91313
2014-11-29,2014-11-29 04:00:00,5,116.11877,115.43892
2014-11-29,2014-11-29 05:00:00,6,118.76988,114.09412
2014-11-29,2014-11-29 06:00:00,7,113.732765,99.74301
2014-11-29,2014-11-29 07:00:00,8,75.02651,78.12758
2014-11-29,2014-11-29 08:00:00,9,71.31495,77.30475
2014-11-29,2014-11-29 09:00:00,10,61.770943,72.44214
2014-11-29,2014-11-29 10:00:00,11,55.14316,71.26195
2014-11-29,2014-11-29 11:00:00,12,63.891834,74.71698
2014-11-29,2014-11-29 12:00:00,13,63.36161,74.87579
2014-11-29,2014-11-29 13:00:00,14,64.68717,74.24223
2014-11-29,2014-11-29 14:00:00,15,67.60339,72.715775
2014-11-29,2014-11-29 15:00:00,16,55.938496,68.59955
2014-11-29,2014-11-29 16:00:00,17,50.63627,69.21916
2014-11-29,2014-11-29 17:00:00,18,76.61718,77.70502
2014-11-29,2014-11-29 18:00:00,19,97.82609,109.19786
2014-11-29,2014-11-29 19:00:00,20,103.393425,109.47684
2014-11-29,2014-11-29 20:00:00,21,97.82609,96.069595
2014-11-29,2014-11-29 21:00:00,22,94.37964,92.127075
2014-11-29,2014-11-29 22:00:00,23,87.221634,90.99309
2014-11-29,2014-11-29 23:00:00,24,98.886536,95.76152
2014-11-30,2014-11-30 00:00:00,1,99.68187,98.11734
2014-11-30,2014-11-30 01:00:00,2,103.65854,103.27635
2014-11-30,2014-11-30 02:00:00,3,106.839874,105.95906
2014-11-30,2014-11-30 03:00:00,4,107.63521,103.46869
2014-11-30,2014-11-30 04:00:00,5,88.01697,96.90198
2014-11-30,2014-11-30 05:00:00,6,98.62142,97.08356
2014-11-30,2014-11-30 06:00:00,7,104.98409,94.38263
2014-11-30,2014-11-30 07:00:00,8,68.13361,72.3056
2014-11-30,2014-11-30 08:00:00,9,67.60339,69.360794
2014-11-30,2014-11-30 09:00:00,10,60.180275,68.02678
2014-11-30,2014-11-30 10:00:00,11,52.492046,67.18558
2014-11-30,2014-11-30 11:00:00,12,59.915165,71.86302
2014-11-30,2014-11-30 12:00:00,13,64.156944,70.26276
2014-11-30,2014-11-30 13:00:00,14,67.07317,72.91522
2014-11-30,2014-11-30 14:00:00,15,63.891834,73.29823
2014-11-30,2014-11-30 15:00:00,16,53.817604,73.06714
2014-11-30,2014-11-30 16:00:00,17,63.891834,90.20061
2014-11-30,2014-11-30 17:00:00,18,146.07635,161.76817
2014-11-30,2014-11-30 18:00:00,19,195.91728,236.04102
2014-11-30,2014-11-30 19:00:00,20,239.39555,230.99026
2014-11-30,2014-11-30 20:00:00,21,135.20679,151.55199
2014-11-30,2014-11-30 21:00:00,22,226.13998,227.09009
2014-11-30,2014-11-30 22:00:00,23,250.0,211.4162
2014-11-30,2014-11-30 23:00:00,24,270.14847,239.87845
2014-12-01,2014-12-01 00:00:00,1,277.5716,306.27078
2014-12-01,2014-12-01 01:00:00,2,271.73914,326.73178
2014-12-01,2014-12-01 02:00:00,3,257.42313,219.86588
2014-12-01,2014-12-01 03:00:00,4,169.67126,188.19946
2014-12-01,2014-12-01 04:00:00,5,136.26723,159.72588
2014-12-01,2014-12-01 05:00:00,6,159.33192,180.91623
2014-12-01,2014-12-01 06:00:00,7,175.50371,186.85193
2014-12-01,2014-12-01 07:00:00,8,180.54083,200.72154
2014-12-01,2014-12-01 08:00:00,9,391.56946,423.96234
2014-12-01,2014-12-01 09:00:00,10,405.35526,432.48956
2014-12-01,2014-12-01 10:00:00,11,249.7349,299.0072
2014-12-01,2014-12-01 11:00:00,12,264.84622,293.84137
2014-12-01,2014-12-01 12:00:00,13,301.1665,300.54456
2014-12-01,2014-12-01 13:00:00,14,356.30966,327.0489
2014-12-01,2014-12-01 14:00:00,15,380.965,354.2954
2014-12-01,2014-12-01 15:00:00,16,418.0806,361.29865
2014-12-01,2014-12-01 16:00:00,17,524.65533,485.7639
2014-12-01,2014-12-01 17:00:00,18,483.82822,496.96002
2014-12-01,2014-12-01 18:00:00,19,525.1856,506.6939
2014-12-01,2014-12-01 19:00:00,20,527.5716,507.96222
2014-12-01,2014-12-01 20:00:00,21,284.46448,294.48846
2014-12-01,2014-12-01 21:00:00,22,502.12088,497.8487
2014-12-01,2014-12-01 22:00:00,23,495.228,481.05725
2014-12-01,2014-12-01 23:00:00,24,485.9491,485.53848
2014-12-02,2014-12-02 00:00:00,1,477.2004,478.1247
2014-12-02,2014-12-02 01:00:00,2,488.06998,475.33295
2014-12-02,2014-12-02 02:00:00,3,282.8738,284.7588
2014-12-02,2014-12-02 03:00:00,4,224.2842,241.60896
2014-12-02,2014-12-02 04:00:00,5,189.2895,188.45447
2014-12-02,2014-12-02 05:00:00,6,197.24284,194.85098
2014-12-02,2014-12-02 06:00:00,7,215.53552,197.76103
2014-12-02,2014-12-02 07:00:00,8,214.47508,208.69319
2014-12-02,2014-12-02 08:00:00,9,417.55038,430.79132
2014-12-02,2014-12-02 09:00:00,10,422.05725,431.4373
2014-12-02,2014-12-02 10:00:00,11,356.83987,316.30655
2014-12-02,2014-12-02 11:00:00,12,390.77414,318.50543
2014-12-02,2014-12-02 12:00:00,13,383.351,329.54465
2014-12-02,2014-12-02 13:00:00,14,332.1845,346.88925
2014-12-02,2014-12-02 14:00:00,15,372.48145,370.4945
2014-12-02,2014-12-02 15:00:00,16,462.6193,379.1342
2014-12-02,2014-12-02 16:00:00,17,556.7338,492.37393
2014-12-02,2014-12-02 17:00:00,18,488.60022,487.8627
2014-12-02,2014-12-02 18:00:00,19,521.474,504.9007
2014-12-02,2014-12-02 19:00:00,20,506.09756,507.3792
2014-12-02,2014-12-02 20:00:00,21,285.79004,281.84222
2014-12-02,2014-12-02 21:00:00,22,511.39978,497.25864
2014-12-02,2014-12-02 22:00:00,23,474.01907,476.40808
2014-12-02,2014-12-02 23:00:00,24,480.11664,470.73322
2014-12-03,2014-12-03 00:00:00,1,471.8982,477.52417
2014-12-03,2014-12-03 01:00:00,2,475.07953,475.30936
2014-12-03,2014-12-03 02:00:00,3,268.8229,278.91437
2014-12-03,2014-12-03 03:00:00,4,205.19618,250.75298
2014-12-03,2014-12-03 04:00:00,5,162.77837,193.18652
2014-12-03,2014-12-03 05:00:00,6,178.95016,192.08264
2014-12-03,2014-12-03 06:00:00,7,198.30328,194.20038
2014-12-03,2014-12-03 07:00:00,8,229.85153,201.96863
2014-12-03,2014-12-03 08:00:00,9,449.36374,448.77142
2014-12-03,2014-12-03 09:00:00,10,439.02438,469.7592
2014-12-03,2014-12-03 10:00:00,11,476.6702,447.5005
2014-12-03,2014-12-03 11:00:00,12,496.02332,467.5396
2014-12-03,2014-12-03 12:00:00,13,512.4602,461.13376
2014-12-03,2014-12-03 13:00:00,14,463.14954,447.56097
2014-12-03,2014-12-03 14:00:00,15,500.0,467.70386
2014-12-03,2014-12-03 15:00:00,16,497.08377,473.7174
2014-12-03,2014-12-03 16:00:00,17,495.228,507.88074
2014-12-03,2014-12-03 17:00:00,18,480.64688,505.664
2014-12-03,2014-12-03 18:00:00,19,534.4645,512.43195
2014-12-03,2014-12-03 19:00:00,20,537.91095,512.44495
2014-12-03,2014-12-03 20:00:00,21,258.7487,293.9273
2014-12-03,2014-12-03 21:00:00,22,518.0276,502.34863
2014-12-03,2014-12-03 22:00:00,23,497.61398,484.66663
2014-12-03,2014-12-03 23:00:00,24,491.2513,481.28445
2014-12-04,2014-12-04 00:00:00,1,489.39554,488.6411
2014-12-04,2014-12-04 01:00:00,2,497.61398,488.01025
2014-12-04,2014-12-04 02:00:00,3,254.24178,277.98715
2014-12-04,2014-12-04 03:00:00,4,202.54507,221.5806
2014-12-04,2014-12-04 04:00:00,5,183.98727,187.97658
2014-12-04,2014-12-04 05:00:00,6,217.65642,199.08618
2014-12-04,2014-12-04 06:00:00,7,182.92683,208.49971
2014-12-04,2014-12-04 07:00:00,8,185.84305,212.38467
2014-12-04,2014-12-04 08:00:00,9,430.27573,431.37448
2014-12-04,2014-12-04 09:00:00,10,435.04773,426.9237
2014-12-04,2014-12-04 10:00:00,11,382.29056,323.77716
2014-12-04,2014-12-04 11:00:00,12,395.81125,339.03903
2014-12-04,2014-12-04 12:00:00,13,389.18347,331.58136
2014-12-04,2014-12-04 13:00:00,14,319.9894,328.11053
2014-12-04,2014-12-04 14:00:00,15,349.41675,360.84152
2014-12-04,2014-12-04 15:00:00,16,423.3828,400.2205
2014-12-04,2014-12-04 16:00:00,17,465.0053,499.96945
2014-12-04,2014-12-04 17:00:00,18,473.22375,500.06097
2014-12-04,2014-12-04 18:00:00,19,517.4974,510.084
2014-12-04,2014-12-04 19:00:00,20,514.0509,512.53394
2014-12-04,2014-12-04 20:00:00,21,239.39555,279.5859
2014-12-04,2014-12-04 21:00:00,22,498.14423,505.96866
2014-12-04,2014-12-04 22:00:00,23,481.7073,492.21814
2014-12-04,2014-12-04 23:00:00,24,485.41888,492.81256
2014-12-05,2014-12-05 00:00:00,1,476.9353,474.09613
2014-12-05,2014-12-05 01:00:00,2,456.25662,471.90118
2014-12-05,2014-12-05 02:00:00,3,276.51114,278.34393
2014-12-05,2014-12-05 03:00:00,4,241.25133,217.43472
2014-12-05,2014-12-05 04:00:00,5,179.48038,187.81091
2014-12-05,2014-12-05 05:00:00,6,206.52174,201.83774
2014-12-05,2014-12-05 06:00:00,7,224.01909,196.94797
2014-12-05,2014-12-05 07:00:00,8,195.38707,197.01785
2014-12-05,2014-12-05 08:00:00,9,425.76883,427.1123
2014-12-05,2014-12-05 09:00:00,10,419.14105,423.79562
2014-12-05,2014-12-05 10:00:00,11,258.21844,303.47482
2014-12-05,2014-12-05 11:00:00,12,269.88336,309.56473
2014-12-05,2014-12-05 12:00:00,13,288.70627,316.11984
2014-12-05,2014-12-05 13:00:00,14,277.30646,310.4723
2014-12-05,2014-12-05 14:00:00,15,331.9194,326.44537
2014-12-05,2014-12-05 15:00:00,16,376.4581,353.3893
2014-12-05,2014-12-05 16:00:00,17,422.5875,462.4488
2014-12-05,2014-12-05 17:00:00,18,432.1315,467.9488
2014-12-05,2014-12-05 18:00:00,19,485.684,488.80563
2014-12-05,2014-12-05 19:00:00,20,495.228,491.83817
2014-12-05,2014-12-05 20:00:00,21,271.73914,238.19115
2014-12-05,2014-12-05 21:00:00,22,488.86533,483.4124
2014-12-05,2014-12-05 22:00:00,23,456.78687,460.88004
2014-12-05,2014-12-05 23:00:00,24,468.18665,453.03094
2014-12-06,2014-12-06 00:00:00,1,455.7264,443.51718
2014-12-06,2014-12-06 01:00:00,2,438.22906,429.8788
2014-12-06,2014-12-06 02:00:00,3,168.3457,190.16122
2014-12-06,2014-12-06 03:00:00,4,119.034996,120.89116
2014-12-06,2014-12-06 04:00:00,5,103.12831,106.4328
2014-12-06,2014-12-06 05:00:00,6,104.71898,107.182724
2014-12-06,2014-12-06 06:00:00,7,105.24921,95.6467
2014-12-06,2014-12-06 07:00:00,8,77.1474,68.69643
2014-12-06,2014-12-06 08:00:00,9,111.87699,66.244934
2014-12-06,2014-12-06 09:00:00,10,72.64051,61.401108
2014-12-06,2014-12-06 10:00:00,11,63.626724,60.27301
2014-12-06,2014-12-06 11:00:00,12,67.33828,64.30821
2014-12-06,2014-12-06 12:00:00,13,70.25451,65.12346
2014-12-06,2014-12-06 13:00:00,14,75.821846,64.97133
2014-12-06,2014-12-06 14:00:00,15,72.64051,63.005615
2014-12-06,2014-12-06 15:00:00,16,62.566277,60.088394
2014-12-06,2014-12-06 16:00:00,17,54.347828,61.983337
2014-12-06,2014-12-06 17:00:00,18,81.9194,70.13565
2014-12-06,2014-12-06 18:00:00,19,101.27254,96.518036
2014-12-06,2014-12-06 19:00:00,20,104.45387,101.2507
2014-12-06,2014-12-06 20:00:00,21,102.59809,94.05896
2014-12-06,2014-12-06 21:00:00,22,96.23542,90.68573
2014-12-06,2014-12-06 22:00:00,23,88.01697,89.39203
2014-12-06,2014-12-06 23:00:00,24,98.62142,92.735596
2014-12-07,2014-12-07 00:00:00,1,105.77943,99.37492
2014-12-07,2014-12-07 01:00:00,2,110.28632,104.32657
2014-12-07,2014-12-07 02:00:00,3,102.59809,107.20917
2014-12-07,2014-12-07 03:00:00,4,94.90986,105.067444
2014-12-07,2014-12-07 04:00:00,5,90.137856,96.462006
2014-12-07,2014-12-07 05:00:00,6,101.00742,97.12607
2014-12-07,2014-12-07 06:00:00,7,103.65854,96.83472
2014-12-07,2014-12-07 07:00:00,8,66.27784,71.951385
2014-12-07,2014-12-07 08:00:00,9,69.19406,66.445404
2014-12-07,2014-12-07 09:00:00,10,62.83139,63.618454
2014-12-07,2014-12-07 10:00:00,11,56.468716,62.22084
2014-12-07,2014-12-07 11:00:00,12,60.180275,66.345795
2014-12-07,2014-12-07 12:00:00,13,65.74761,66.335754
2014-12-07,2014-12-07 13:00:00,14,66.27784,69.31386
2014-12-07,2014-12-07 14:00:00,15,65.21739,66.54382
2014-12-07,2014-12-07 15:00:00,16,56.203606,64.811935
2014-12-07,2014-12-07 16:00:00,17,69.459175,80.89461
2014-12-07,2014-12-07 17:00:00,18,211.55885,142.25333
2014-12-07,2014-12-07 18:00:00,19,259.0138,204.94449
2014-12-07,2014-12-07 19:00:00,20,305.9385,213.5509
2014-12-07,2014-12-07 20:00:00,21,179.21527,142.02985
2014-12-07,2014-12-07 21:00:00,22,311.77094,202.41278
2014-12-07,2014-12-07 22:00:00,23,280.4878,202.07224
2014-12-07,2014-12-07 23:00:00,24,294.00848,239.40822
2014-12-08,2014-12-08 00:00:00,1,289.5016,318.30817
2014-12-08,2014-12-08 01:00:00,2,339.87274,325.31586
2014-12-08,2014-12-08 02:00:00,3,229.58643,244.06403
2014-12-08,2014-12-08 03:00:00,4,178.95016,188.85303
2014-12-08,2014-12-08 04:00:00,5,140.2439,154.57225
2014-12-08,2014-12-08 05:00:00,6,187.96394,177.76811
2014-12-08,2014-12-08 06:00:00,7,179.21527,186.54933
2014-12-08,2014-12-08 07:00:00,8,195.12195,194.53287
2014-12-08,2014-12-08 08:00:00,9,415.16437,415.77567
2014-12-08,2014-12-08 09:00:00,10,477.46555,416.32892
2014-12-08,2014-12-08 10:00:00,11,328.73807,288.9847
2014-12-08,2014-12-08 11:00:00,12,337.75186,294.11853
2014-12-08,2014-12-08 12:00:00,13,323.17075,305.05368
2014-12-08,2014-12-08 13:00:00,14,343.58432,311.0045
2014-12-08,2014-12-08 14:00:00,15,345.9703,352.32013
2014-12-08,2014-12-08 15:00:00,16,309.65005,385.9221
2014-12-08,2014-12-08 16:00:00,17,481.4422,490.70023
2014-12-08,2014-12-08 17:00:00,18,462.3542,498.4157
2014-12-08,2014-12-08 18:00:00,19,485.684,510.656
2014-12-08,2014-12-08 19:00:00,20,484.88864,513.63385
2014-12-08,2014-12-08 20:00:00,21,270.41357,292.31323
2014-12-08,2014-12-08 21:00:00,22,477.46555,504.5239
2014-12-08,2014-12-08 22:00:00,23,461.29373,489.05765
2014-12-08,2014-12-08 23:00:00,24,468.18665,492.36053
2014-12-09,2014-12-09 00:00:00,1,467.92154,469.0635
2014-12-09,2014-12-09 01:00:00,2,474.81442,467.0862
2014-12-09,2014-12-09 02:00:00,3,273.0647,283.2211
2014-12-09,2014-12-09 03:00:00,4,234.35843,230.19794
2014-12-09,2014-12-09 04:00:00,5,180.0106,184.76561
2014-12-09,2014-12-09 05:00:00,6,182.3966,199.61032
2014-12-09,2014-12-09 06:00:00,7,177.3595,205.84476
2014-12-09,2014-12-09 07:00:00,8,188.22905,207.94438
2014-12-09,2014-12-09 08:00:00,9,476.9353,439.01874
2014-12-09,2014-12-09 09:00:00,10,489.39554,434.86664
2014-12-09,2014-12-09 10:00:00,11,317.3383,319.32663
2014-12-09,2014-12-09 11:00:00,12,339.07742,329.07135
2014-12-09,2014-12-09 12:00:00,13,348.88654,336.85217
2014-12-09,2014-12-09 13:00:00,14,338.28207,335.10394
2014-12-09,2014-12-09 14:00:00,15,348.88654,351.7174
2014-12-09,2014-12-09 15:00:00,16,400.84836,373.11063
2014-12-09,2014-12-09 16:00:00,17,528.1018,488.11728
2014-12-09,2014-12-09 17:00:00,18,489.39554,488.01505
2014-12-09,2014-12-09 18:00:00,19,532.8738,499.59268
2014-12-09,2014-12-09 19:00:00,20,520.4136,502.2845
2014-12-09,2014-12-09 20:00:00,21,308.8547,270.58493
2014-12-09,2014-12-09 21:00:00,22,504.5069,494.3948
2014-12-09,2014-12-09 22:00:00,23,472.69354,476.2093
2014-12-09,2014-12-09 23:00:00,24,479.58643,475.38904
2014-12-10,2014-12-10 00:00:00,1,478.26086,471.28748
2014-12-10,2014-12-10 01:00:00,2,483.5631,476.1712
2014-12-10,2014-12-10 02:00:00,3,274.12512,271.82364
2014-12-10,2014-12-10 03:00:00,4,214.20996,221.15182
2014-12-10,2014-12-10 04:00:00,5,165.42947,176.90785
2014-12-10,2014-12-10 05:00:00,6,185.84305,183.67265
2014-12-10,2014-12-10 06:00:00,7,188.75928,189.74643
2014-12-10,2014-12-10 07:00:00,8,207.58218,201.1494
2014-12-10,2014-12-10 08:00:00,9,515.1113,455.01083
2014-12-10,2014-12-10 09:00:00,10,498.14423,467.67157
2014-12-10,2014-12-10 10:00:00,11,446.1824,400.58246
2014-12-10,2014-12-10 11:00:00,12,439.55463,419.4068
2014-12-10,2014-12-10 12:00:00,13,448.30328,421.89066
2014-12-10,2014-12-10 13:00:00,14,441.6755,404.32474
2014-12-10,2014-12-10 14:00:00,15,487.53976,428.9573
2014-12-10,2014-12-10 15:00:00,16,511.39978,460.69012
2014-12-10,2014-12-10 16:00:00,17,511.39978,507.10916
2014-12-10,2014-12-10 17:00:00,18,489.39554,502.0516
2014-12-10,2014-12-10 18:00:00,19,534.4645,512.9392
2014-12-10,2014-12-10 19:00:00,20,518.0276,514.0767
2014-12-10,2014-12-10 20:00:00,21,239.92577,284.98938
2014-12-10,2014-12-10 21:00:00,22,485.15378,502.568
2014-12-10,2014-12-10 22:00:00,23,469.7773,483.7282
2014-12-10,2014-12-10 23:00:00,24,479.0562,484.163
2014-12-11,2014-12-11 00:00:00,1,468.45175,480.66278
2014-12-11,2014-12-11 01:00:00,2,469.24707,479.77142
2014-12-11,2014-12-11 02:00:00,3,324.7614,272.80612
2014-12-11,2014-12-11 03:00:00,4,329.26828,214.60703
2014-12-11,2014-12-11 04:00:00,5,277.5716,183.41228
2014-12-11,2014-12-11 05:00:00,6,270.9438,193.13992
2014-12-11,2014-12-11 06:00:00,7,285.52493,194.77594
2014-12-11,2014-12-11 07:00:00,8,236.47932,197.15686
2014-12-11,2014-12-11 08:00:00,9,471.36798,459.62622
2014-12-11,2014-12-11 09:00:00,10,472.69354,452.87775
2014-12-11,2014-12-11 10:00:00,11,319.9894,339.19882
2014-12-11,2014-12-11 11:00:00,12,323.96606,352.69858
2014-12-11,2014-12-11 12:00:00,13,329.79852,353.47986
2014-12-11,2014-12-11 13:00:00,14,332.44962,334.9663
2014-12-11,2014-12-11 14:00:00,15,370.36057,360.32532
2014-12-11,2014-12-11 15:00:00,16,394.4857,405.40097
2014-12-11,2014-12-11 16:00:00,17,528.632,496.73932
2014-12-11,2014-12-11 17:00:00,18,501.32556,492.42163
2014-12-11,2014-12-11 18:00:00,19,542.6829,505.43716
2014-12-11,2014-12-11 19:00:00,20,528.1018,506.5437
2014-12-11,2014-12-11 20:00:00,21,260.86957,264.57288
2014-12-11,2014-12-11 21:00:00,22,502.38602,496.92685
2014-12-11,2014-12-11 22:00:00,23,474.2842,481.36038
2014-12-11,2014-12-11 23:00:00,24,465.27042,487.13962
2014-12-12,2014-12-12 00:00:00,1,449.62885,464.96497
2014-12-12,2014-12-12 01:00:00,2,454.93106,470.179
2014-12-12,2014-12-12 02:00:00,3,257.68823,280.03226
2014-12-12,2014-12-12 03:00:00,4,221.63309,230.15506
2014-12-12,2014-12-12 04:00:00,5,186.37328,195.41978
2014-12-12,2014-12-12 05:00:00,6,208.11241,207.19986
2014-12-12,2014-12-12 06:00:00,7,191.14528,212.45053
2014-12-12,2014-12-12 07:00:00,8,249.46977,200.06989
2014-12-12,2014-12-12 08:00:00,9,504.2418,430.0632
2014-12-12,2014-12-12 09:00:00,10,481.4422,423.86542
2014-12-12,2014-12-12 10:00:00,11,411.98303,310.2404
2014-12-12,2014-12-12 11:00:00,12,499.20465,318.66412
2014-12-12,2014-12-12 12:00:00,13,500.2651,324.62238
2014-12-12,2014-12-12 13:00:00,14,502.65112,315.25415
2014-12-12,2014-12-12 14:00:00,15,532.6087,345.1513
2014-12-12,2014-12-12 15:00:00,16,489.66064,384.80252
2014-12-12,2014-12-12 16:00:00,17,485.9491,485.22076
2014-12-12,2014-12-12 17:00:00,18,499.20465,480.43048
2014-12-12,2014-12-12 18:00:00,19,516.4369,496.4065
2014-12-12,2014-12-12 19:00:00,20,504.2418,496.65887
2014-12-12,2014-12-12 20:00:00,21,246.28844,248.39363
2014-12-12,2014-12-12 21:00:00,22,473.48886,483.69543
2014-12-12,2014-12-12 22:00:00,23,458.90775,462.70782
2014-12-12,2014-12-12 23:00:00,24,460.4984,460.76044
2014-12-13,2014-12-13 00:00:00,1,442.47083,456.50702
2014-12-13,2014-12-13 01:00:00,2,432.6617,432.20227
2014-12-13,2014-12-13 02:00:00,3,176.03394,182.3782
2014-12-13,2014-12-13 03:00:00,4,123.27678,119.39618
2014-12-13,2014-12-13 04:00:00,5,104.71898,111.34599
2014-12-13,2014-12-13 05:00:00,6,106.04454,110.284
2014-12-13,2014-12-13 06:00:00,7,110.28632,102.4064
2014-12-13,2014-12-13 07:00:00,8,79.5334,80.35759
2014-12-13,2014-12-13 08:00:00,9,70.78473,85.0238
2014-12-13,2014-12-13 09:00:00,10,61.770943,69.01933
2014-12-13,2014-12-13 10:00:00,11,51.16649,66.846954
2014-12-13,2014-12-13 11:00:00,12,61.770943,68.781906
2014-12-13,2014-12-13 12:00:00,13,69.459175,69.905975
2014-12-13,2014-12-13 13:00:00,14,70.25451,69.19945
2014-12-13,2014-12-13 14:00:00,15,67.86851,69.706665
2014-12-13,2014-12-13 15:00:00,16,62.036057,62.838577
2014-12-13,2014-12-13 16:00:00,17,55.14316,63.39229
2014-12-13,2014-12-13 17:00:00,18,76.88229,76.40132
2014-12-13,2014-12-13 18:00:00,19,97.030754,100.41556
2014-12-13,2014-12-13 19:00:00,20,99.15164,103.11601
2014-12-13,2014-12-13 20:00:00,21,94.90986,97.22015
2014-12-13,2014-12-13 21:00:00,22,94.90986,93.68411
2014-12-13,2014-12-13 22:00:00,23,87.221634,90.82753
2014-12-13,2014-12-13 23:00:00,24,95.97031,93.4153
2014-12-14,2014-12-14 00:00:00,1,104.45387,102.221405
2014-12-14,2014-12-14 01:00:00,2,103.393425,107.627655
2014-12-14,2014-12-14 02:00:00,3,100.4772,104.55643
2014-12-14,2014-12-14 03:00:00,4,105.77943,99.31064
2014-12-14,2014-12-14 04:00:00,5,90.40297,97.69844
2014-12-14,2014-12-14 05:00:00,6,96.50053,102.28612
2014-12-14,2014-12-14 06:00:00,7,102.863205,101.169876
2014-12-14,2014-12-14 07:00:00,8,75.55673,75.369934
2014-12-14,2014-12-14 08:00:00,9,64.95228,71.30373
2014-12-14,2014-12-14 09:00:00,10,58.589607,69.07738
2014-12-14,2014-12-14 10:00:00,11,55.40827,67.60779
2014-12-14,2014-12-14 11:00:00,12,59.38494,71.38626
2014-12-14,2014-12-14 12:00:00,13,62.83139,71.05965
2014-12-14,2014-12-14 13:00:00,14,63.0965,72.37091
2014-12-14,2014-12-14 14:00:00,15,62.036057,71.47838
2014-12-14,2014-12-14 15:00:00,16,52.757156,68.72009
2014-12-14,2014-12-14 16:00:00,17,66.542946,83.315704
2014-12-14,2014-12-14 17:00:00,18,188.49417,165.39262
2014-12-14,2014-12-14 18:00:00,19,258.48355,227.96829
2014-12-14,2014-12-14 19:00:00,20,223.22375,262.11032
2014-12-14,2014-12-14 20:00:00,21,147.66702,154.27527
2014-12-14,2014-12-14 21:00:00,22,259.8091,259.841
2014-12-14,2014-12-14 22:00:00,23,260.33936,260.11594
2014-12-14,2014-12-14 23:00:00,24,240.19089,273.97165
2014-12-15,2014-12-15 00:00:00,1,285.2598,293.57925
2014-12-15,2014-12-15 01:00:00,2,289.23648,325.3537
2014-12-15,2014-12-15 02:00:00,3,166.75504,230.34308
2014-12-15,2014-12-15 03:00:00,4,160.39236,175.97165
2014-12-15,2014-12-15 04:00:00,5,134.94168,147.4075
2014-12-15,2014-12-15 05:00:00,6,155.35526,175.0439
2014-12-15,2014-12-15 06:00:00,7,163.04347,184.68372
2014-12-15,2014-12-15 07:00:00,8,193.26617,194.01016
2014-12-15,2014-12-15 08:00:00,9,455.99152,427.9983
2014-12-15,2014-12-15 09:00:00,10,452.54507,437.7574
2014-12-15,2014-12-15 10:00:00,11,340.6681,300.46646
2014-12-15,2014-12-15 11:00:00,12,339.34253,306.97665
2014-12-15,2014-12-15 12:00:00,13,341.1983,319.37836
2014-12-15,2014-12-15 13:00:00,14,348.88654,331.9979
2014-12-15,2014-12-15 14:00:00,15,370.36057,354.9519
2014-12-15,2014-12-15 15:00:00,16,366.11877,381.45795
2014-12-15,2014-12-15 16:00:00,17,493.10712,495.4839
2014-12-15,2014-12-15 17:00:00,18,502.38602,495.90674
2014-12-15,2014-12-15 18:00:00,19,523.5949,505.26947
2014-12-15,2014-12-15 19:00:00,20,509.0138,507.03625
2014-12-15,2014-12-15 20:00:00,21,281.01804,265.87234
2014-12-15,2014-12-15 21:00:00,22,506.89288,495.56683
2014-12-15,2014-12-15 22:00:00,23,490.7211,474.9932
2014-12-15,2014-12-15 23:00:00,24,502.12088,478.129
2014-12-16,2014-12-16 00:00:00,1,493.10712,487.0098
2014-12-16,2014-12-16 01:00:00,2,480.11664,486.06854
2014-12-16,2014-12-16 02:00:00,3,339.34253,276.50287
2014-12-16,2014-12-16 03:00:00,4,293.47827,220.92078
2014-12-16,2014-12-16 04:00:00,5,205.46129,180.49701
2014-12-16,2014-12-16 05:00:00,6,198.30328,194.8498
2014-12-16,2014-12-16 06:00:00,7,182.3966,195.72687
2014-12-16,2014-12-16 07:00:00,8,197.50795,201.63943
2014-12-16,2014-12-16 08:00:00,9,480.912,469.5371
2014-12-16,2014-12-16 09:00:00,10,483.82822,462.79205
2014-12-16,2014-12-16 10:00:00,11,342.25876,360.20178
2014-12-16,2014-12-16 11:00:00,12,341.4634,371.66312
2014-12-16,2014-12-16 12:00:00,13,377.78366,366.57028
2014-12-16,2014-12-16 13:00:00,14,389.44858,351.31848
2014-12-16,2014-12-16 14:00:00,15,420.46658,384.33664
2014-12-16,2014-12-16 15:00:00,16,370.89078,425.87796
2014-12-16,2014-12-16 16:00:00,17,474.54932,509.84668
2014-12-16,2014-12-16 17:00:00,18,485.15378,513.76526
2014-12-16,2014-12-16 18:00:00,19,520.6787,517.48303
2014-12-16,2014-12-16 19:00:00,20,518.5578,517.6721
2014-12-16,2014-12-16 20:00:00,21,310.97562,265.03302
2014-12-16,2014-12-16 21:00:00,22,496.28845,507.69403
2014-12-16,2014-12-16 22:00:00,23,473.75397,489.64435
2014-12-16,2014-12-16 23:00:00,24,476.13998,492.73584
2014-12-17,2014-12-17 00:00:00,1,481.1771,478.6028
2014-12-17,2014-12-17 01:00:00,2,492.04666,474.36414
2014-12-17,2014-12-17 02:00:00,3,419.40616,283.7189
2014-12-17,2014-12-17 03:00:00,4,349.947,232.99759
2014-12-17,2014-12-17 04:00:00,5,198.83351,187.06026
2014-12-17,2014-12-17 05:00:00,6,191.6755,188.4409
2014-12-17,2014-12-17 06:00:00,7,265.90668,191.33191
2014-12-17,2014-12-17 07:00:00,8,276.24603,206.63959
2014-12-17,2014-12-17 08:00:00,9,481.7073,493.22742
2014-12-17,2014-12-17 09:00:00,10,489.13043,489.51807
2014-12-17,2014-12-17 10:00:00,11,484.88864,370.60193
2014-12-17,2014-12-17 11:00:00,12,471.8982,374.29465
2014-12-17,2014-12-17 12:00:00,13,470.57263,384.82166
2014-12-17,2014-12-17 13:00:00,14,470.04242,382.20148
2014-12-17,2014-12-17 14:00:00,15,504.5069,406.49802
2014-12-17,2014-12-17 15:00:00,16,473.48886,418.50867
2014-12-17,2014-12-17 16:00:00,17,472.1633,505.1834
2014-12-17,2014-12-17 17:00:00,18,484.88864,508.35956
2014-12-17,2014-12-17 18:00:00,19,512.4602,512.0713
2014-12-17,2014-12-17 19:00:00,20,498.40933,514.64
2014-12-17,2014-12-17 20:00:00,21,266.96713,283.8293
2014-12-17,2014-12-17 21:00:00,22,493.63733,503.71112
2014-12-17,2014-12-17 22:00:00,23,444.59174,490.1345
2014-12-17,2014-12-17 23:00:00,24,452.27997,494.8748
2014-12-18,2014-12-18 00:00:00,1,461.29373,455.5916
2014-12-18,2014-12-18 01:00:00,2,466.86108,457.55627
2014-12-18,2014-12-18 02:00:00,3,241.78156,293.06525
2014-12-18,2014-12-18 03:00:00,4,197.77307,249.13145
2014-12-18,2014-12-18 04:00:00,5,167.02014,195.65648
2014-12-18,2014-12-18 05:00:00,6,177.88971,199.212
2014-12-18,2014-12-18 06:00:00,7,252.65111,203.68124
2014-12-18,2014-12-18 07:00:00,8,283.40402,209.55966
2014-12-18,2014-12-18 08:00:00,9,457.8473,476.92914
2014-12-18,2014-12-18 09:00:00,10,477.99576,469.27405
2014-12-18,2014-12-18 10:00:00,11,332.1845,363.02078
2014-12-18,2014-12-18 11:00:00,12,335.63095,366.5448
2014-12-18,2014-12-18 12:00:00,13,376.4581,372.22427
2014-12-18,2014-12-18 13:00:00,14,375.13257,371.21478
2014-12-18,2014-12-18 14:00:00,15,390.77414,398.35742
2014-12-18,2014-12-18 15:00:00,16,338.54718,404.70978
2014-12-18,2014-12-18 16:00:00,17,465.0053,489.8151
2014-12-18,2014-12-18 17:00:00,18,479.85153,496.06952
2014-12-18,2014-12-18 18:00:00,19,514.84625,502.61053
2014-12-18,2014-12-18 19:00:00,20,511.13467,504.17178
2014-12-18,2014-12-18 20:00:00,21,291.35736,266.11145
2014-12-18,2014-12-18 21:00:00,22,485.41888,493.33676
2014-12-18,2014-12-18 22:00:00,23,471.8982,474.89114
2014-12-18,2014-12-18 23:00:00,24,468.18665,476.83942
2014-12-19,2014-12-19 00:00:00,1,458.64264,468.36365
2014-12-19,2014-12-19 01:00:00,2,473.48886,468.5266
2014-12-19,2014-12-19 02:00:00,3,246.28844,272.6917
2014-12-19,2014-12-19 03:00:00,4,276.24603,222.6972
2014-12-19,2014-12-19 04:00:00,5,238.3351,180.17593
2014-12-19,2014-12-19 05:00:00,6,240.456,185.5722
2014-12-19,2014-12-19 06:00:00,7,242.842,202.63022
2014-12-19,2014-12-19 07:00:00,8,251.06044,217.59915
2014-12-19,2014-12-19 08:00:00,9,515.37646,477.66284
2014-12-19,2014-12-19 09:00:00,10,520.4136,474.92975
2014-12-19,2014-12-19 10:00:00,11,346.2354,352.63004
2014-12-19,2014-12-19 11:00:00,12,341.99365,363.08597
2014-12-19,2014-12-19 12:00:00,13,367.97455,376.86853
2014-12-19,2014-12-19 13:00:00,14,369.035,376.68347
2014-12-19,2014-12-19 14:00:00,15,383.61612,403.57446
2014-12-19,2014-12-19 15:00:00,16,349.15164,406.41437
2014-12-19,2014-12-19 16:00:00,17,486.4793,485.75653
2014-12-19,2014-12-19 17:00:00,18,501.59067,491.99326
2014-12-19,2014-12-19 18:00:00,19,531.5483,500.8407
2014-12-19,2014-12-19 19:00:00,20,509.8091,502.057
2014-12-19,2014-12-19 20:00:00,21,234.88866,272.8616
2014-12-19,2014-12-19 21:00:00,22,484.88864,492.26678
2014-12-19,2014-12-19 22:00:00,23,476.6702,477.08313
2014-12-19,2014-12-19 23:00:00,24,449.62885,477.63934
2014-12-20,2014-12-20 00:00:00,1,445.65216,431.29688
2014-12-20,2014-12-20 01:00:00,2,444.85684,413.50516
2014-12-20,2014-12-20 02:00:00,3,184.78261,168.39995
2014-12-20,2014-12-20 03:00:00,4,130.96501,108.953995
2014-12-20,2014-12-20 04:00:00,5,106.30965,99.14543
2014-12-20,2014-12-20 05:00:00,6,109.225876,99.371414
2014-12-20,2014-12-20 06:00:00,7,111.34676,94.76932
2014-12-20,2014-12-20 07:00:00,8,84.57052,78.26692
2014-12-20,2014-12-20 08:00:00,9,75.291626,81.385376
2014-12-20,2014-12-20 09:00:00,10,66.012726,70.15248
2014-12-20,2014-12-20 10:00:00,11,57.529163,68.00473
2014-12-20,2014-12-20 11:00:00,12,67.07317,70.34834
2014-12-20,2014-12-20 12:00:00,13,66.80806,71.13077
2014-12-20,2014-12-20 13:00:00,14,71.04984,70.82977
2014-12-20,2014-12-20 14:00:00,15,68.92895,69.56271
2014-12-20,2014-12-20 15:00:00,16,57.529163,65.18237
2014-12-20,2014-12-20 16:00:00,17,55.938496,65.27576
2014-12-20,2014-12-20 17:00:00,18,81.6543,75.52434
2014-12-20,2014-12-20 18:00:00,19,98.0912,98.76564
2014-12-20,2014-12-20 19:00:00,20,102.06787,99.3465
2014-12-20,2014-12-20 20:00:00,21,98.35631,96.418594
2014-12-20,2014-12-20 21:00:00,22,94.90986,94.369064
2014-12-20,2014-12-20 22:00:00,23,92.78897,93.41699
2014-12-20,2014-12-20 23:00:00,24,100.74231,97.10568
2014-12-21,2014-12-21 00:00:00,1,101.00742,103.19095
2014-12-21,2014-12-21 01:00:00,2,104.18876,105.174805
2014-12-21,2014-12-21 02:00:00,3,100.4772,103.541855
2014-12-21,2014-12-21 03:00:00,4,96.76564,102.943054
2014-12-21,2014-12-21 04:00:00,5,89.87275,99.569046
2014-12-21,2014-12-21 05:00:00,6,99.946976,101.20499
2014-12-21,2014-12-21 06:00:00,7,108.695656,102.1129
2014-12-21,2014-12-21 07:00:00,8,77.41251,78.684906
2014-12-21,2014-12-21 08:00:00,9,68.13361,71.09793
2014-12-21,2014-12-21 09:00:00,10,65.482506,68.15547
2014-12-21,2014-12-21 10:00:00,11,52.757156,66.509094
2014-12-21,2014-12-21 11:00:00,12,60.44539,69.37453
2014-12-21,2014-12-21 12:00:00,13,63.626724,67.89566
2014-12-21,2014-12-21 13:00:00,14,66.80806,69.99776
2014-12-21,2014-12-21 14:00:00,15,64.42206,68.54726
2014-12-21,2014-12-21 15:00:00,16,54.082714,66.59927
2014-12-21,2014-12-21 16:00:00,17,66.012726,76.67636
2014-12-21,2014-12-21 17:00:00,18,239.92577,175.33388
2014-12-21,2014-12-21 18:00:00,19,277.30646,246.54897
2014-12-21,2014-12-21 19:00:00,20,257.68823,251.08699
2014-12-21,2014-12-21 20:00:00,21,170.99683,159.53737
2014-12-21,2014-12-21 21:00:00,22,266.4369,268.52283
2014-12-21,2014-12-21 22:00:00,23,231.70732,260.13464
2014-12-21,2014-12-21 23:00:00,24,279.69247,262.44037
2014-12-22,2014-12-22 00:00:00,1,266.4369,319.8392
2014-12-22,2014-12-22 01:00:00,2,304.87805,333.09238
2014-12-22,2014-12-22 02:00:00,3,255.03711,198.98825
2014-12-22,2014-12-22 03:00:00,4,177.3595,174.32362
2014-12-22,2014-12-22 04:00:00,5,143.69035,147.28372
2014-12-22,2014-12-22 05:00:00,6,168.61081,168.15282
2014-12-22,2014-12-22 06:00:00,7,172.05727,187.51204
2014-12-22,2014-12-22 07:00:00,8,184.78261,217.82169
2014-12-22,2014-12-22 08:00:00,9,458.90775,471.54544
2014-12-22,2014-12-22 09:00:00,10,443.7964,472.61493
2014-12-22,2014-12-22 10:00:00,11,278.1018,344.43985
2014-12-22,2014-12-22 11:00:00,12,321.84518,341.2649
2014-12-22,2014-12-22 12:00:00,13,346.2354,354.75833
2014-12-22,2014-12-22 13:00:00,14,376.193,366.33044
2014-12-22,2014-12-22 14:00:00,15,422.05725,380.28192
2014-12-22,2014-12-22 15:00:00,16,326.35208,366.0954
2014-12-22,2014-12-22 16:00:00,17,486.74445,490.90067
2014-12-22,2014-12-22 17:00:00,18,502.12088,499.73438
2014-12-22,2014-12-22 18:00:00,19,534.9947,507.7923
2014-12-22,2014-12-22 19:00:00,20,526.5111,505.9225
2014-12-22,2014-12-22 20:00:00,21,312.30118,271.01828
2014-12-22,2014-12-22 21:00:00,22,522.79956,492.2467
2014-12-22,2014-12-22 22:00:00,23,479.0562,476.48993
2014-12-22,2014-12-22 23:00:00,24,483.5631,480.8648
2014-12-23,2014-12-23 00:00:00,1,478.52597,476.10657
2014-12-23,2014-12-23 01:00:00,2,489.66064,475.15515
2014-12-23,2014-12-23 02:00:00,3,378.84412,283.59692
2014-12-23,2014-12-23 03:00:00,4,345.9703,244.44308
2014-12-23,2014-12-23 04:00:00,5,189.55461,192.68158
2014-12-23,2014-12-23 05:00:00,6,184.5175,194.9798
2014-12-23,2014-12-23 06:00:00,7,268.5578,202.74945
2014-12-23,2014-12-23 07:00:00,8,292.41782,216.85532
2014-12-23,2014-12-23 08:00:00,9,520.14844,489.87997
2014-12-23,2014-12-23 09:00:00,10,545.86426,484.89658
2014-12-23,2014-12-23 10:00:00,11,391.56946,334.60193
2014-12-23,2014-12-23 11:00:00,12,371.15588,342.8124
2014-12-23,2014-12-23 12:00:00,13,332.1845,364.04828
2014-12-23,2014-12-23 13:00:00,14,364.7932,374.42395
2014-12-23,2014-12-23 14:00:00,15,441.9406,399.12943
2014-12-23,2014-12-23 15:00:00,16,347.82608,375.86298
2014-12-23,2014-12-23 16:00:00,17,504.2418,500.04297
2014-12-23,2014-12-23 17:00:00,18,501.32556,507.1582
2014-12-23,2014-12-23 18:00:00,19,527.0414,513.6183
2014-12-23,2014-12-23 19:00:00,20,505.0371,513.9775
2014-12-23,2014-12-23 20:00:00,21,261.6649,292.21213
2014-12-23,2014-12-23 21:00:00,22,478.52597,504.1753
2014-12-23,2014-12-23 22:00:00,23,436.10815,482.3205
2014-12-23,2014-12-23 23:00:00,24,449.89395,487.55957
2014-12-24,2014-12-24 00:00:00,1,450.9544,450.96143
2014-12-24,2014-12-24 01:00:00,2,461.82397,459.896
2014-12-24,2014-12-24 02:00:00,3,378.84412,314.4463
2014-12-24,2014-12-24 03:00:00,4,351.00742,268.42773
2014-12-24,2014-12-24 04:00:00,5,251.85577,189.23363
2014-12-24,2014-12-24 05:00:00,6,238.6002,193.71329
2014-12-24,2014-12-24 06:00:00,7,291.8876,232.51242
2014-12-24,2014-12-24 07:00:00,8,276.24603,252.5815
2014-12-24,2014-12-24 08:00:00,9,481.7073,502.14392
2014-12-24,2014-12-24 09:00:00,10,489.13043,497.31976
2014-12-24,2014-12-24 10:00:00,11,484.88864,380.13293
2014-12-24,2014-12-24 11:00:00,12,471.8982,379.47968
2014-12-24,2014-12-24 12:00:00,13,470.57263,389.10043
2014-12-24,2014-12-24 13:00:00,14,470.04242,403.99524
2014-12-24,2014-12-24 14:00:00,15,504.5069,434.0856
2014-12-24,2014-12-24 15:00:00,16,473.48886,393.7826
2014-12-24,2014-12-24 16:00:00,17,472.1633,500.4741
2014-12-24,2014-12-24 17:00:00,18,484.88864,505.78442
2014-12-24,2014-12-24 18:00:00,19,512.4602,520.53455
2014-12-24,2014-12-24 19:00:00,20,498.40933,514.4069
2014-12-24,2014-12-24 20:00:00,21,266.96713,285.1363
2014-12-24,2014-12-24 21:00:00,22,493.63733,498.24814
2014-12-24,2014-12-24 22:00:00,23,444.59174,472.5619
2014-12-24,2014-12-24 23:00:00,24,452.27997,473.83997
2014-12-25,2014-12-25 00:00:00,1,98.886536,448.73022
2014-12-25,2014-12-25 01:00:00,2,108.43054,451.341
2014-12-25,2014-12-25 02:00:00,3,102.06787,268.22693
2014-12-25,2014-12-25 03:00:00,4,95.17497,234.71652
2014-12-25,2014-12-25 04:00:00,5,86.16119,181.67252
2014-12-25,2014-12-25 05:00:00,6,95.17497,187.52032
2014-12-25,2014-12-25 06:00:00,7,100.4772,230.27469
2014-12-25,2014-12-25 07:00:00,8,84.305405,249.35214
2014-12-25,2014-12-25 08:00:00,9,155.09013,492.1844
2014-12-25,2014-12-25 09:00:00,10,161.1877,487.11282
2014-12-25,2014-12-25 10:00:00,11,116.11877,348.93427
2014-12-25,2014-12-25 11:00:00,12,124.33722,345.16418
2014-12-25,2014-12-25 12:00:00,13,128.31389,360.2829
2014-12-25,2014-12-25 13:00:00,14,91.99364,374.208
2014-12-25,2014-12-25 14:00:00,15,79.798515,402.72076
2014-12-25,2014-12-25 15:00:00,16,60.180275,361.55264
2014-12-25,2014-12-25 16:00:00,17,66.542946,488.4289
2014-12-25,2014-12-25 17:00:00,18,97.82609,500.34485
2014-12-25,2014-12-25 18:00:00,19,108.96076,512.46985
2014-12-25,2014-12-25 19:00:00,20,108.695656,510.075
2014-12-25,2014-12-25 20:00:00,21,109.225876,271.93082
2014-12-25,2014-12-25 21:00:00,22,101.80276,499.68768
2014-12-25,2014-12-25 22:00:00,23,87.751854,474.57834
2014-12-25,2014-12-25 23:00:00,24,118.50477,477.09656
2014-12-26,2014-12-26 00:00:00,1,458.64264,115.9765
2014-12-26,2014-12-26 01:00:00,2,473.48886,115.3152
2014-12-26,2014-12-26 02:00:00,3,246.28844,107.39293
2014-12-26,2014-12-26 03:00:00,4,276.24603,104.08971
2014-12-26,2014-12-26 04:00:00,5,238.3351,105.15144
2014-12-26,2014-12-26 05:00:00,6,240.456,106.79385
2014-12-26,2014-12-26 06:00:00,7,242.842,106.032715
2014-12-26,2014-12-26 07:00:00,8,251.06044,106.14671
2014-12-26,2014-12-26 08:00:00,9,515.37646,137.9981
2014-12-26,2014-12-26 09:00:00,10,520.4136,142.23212
2014-12-26,2014-12-26 10:00:00,11,346.2354,122.799866
2014-12-26,2014-12-26 11:00:00,12,341.99365,129.91554
2014-12-26,2014-12-26 12:00:00,13,367.97455,136.73814
2014-12-26,2014-12-26 13:00:00,14,369.035,126.13945
2014-12-26,2014-12-26 14:00:00,15,383.61612,116.957275
2014-12-26,2014-12-26 15:00:00,16,349.15164,114.62268
2014-12-26,2014-12-26 16:00:00,17,486.4793,108.03026
2014-12-26,2014-12-26 17:00:00,18,501.59067,126.35397
2014-12-26,2014-12-26 18:00:00,19,531.5483,146.31764
2014-12-26,2014-12-26 19:00:00,20,509.8091,145.89717
2014-12-26,2014-12-26 20:00:00,21,234.88866,126.76085
2014-12-26,2014-12-26 21:00:00,22,484.88864,140.16257
2014-12-26,2014-12-26 22:00:00,23,476.6702,141.93895
2014-12-26,2014-12-26 23:00:00,24,449.62885,157.06859
2014-12-27,2014-12-27 00:00:00,1,436.10815,443.3213
2014-12-27,2014-12-27 01:00:00,2,430.0106,430.08078
2014-12-27,2014-12-27 02:00:00,3,165.6946,183.03305
2014-12-27,2014-12-27 03:00:00,4,131.76035,120.84946
2014-12-27,2014-12-27 04:00:00,5,120.62566,105.785034
2014-12-27,2014-12-27 05:00:00,6,125.13255,106.531525
2014-12-27,2014-12-27 06:00:00,7,126.458115,100.039474
2014-12-27,2014-12-27 07:00:00,8,102.06787,79.122406
2014-12-27,2014-12-27 08:00:00,9,89.34252,71.49924
2014-12-27,2014-12-27 09:00:00,10,76.61718,65.377914
2014-12-27,2014-12-27 10:00:00,11,71.84518,63.619247
2014-12-27,2014-12-27 11:00:00,12,76.352066,67.87576
2014-12-27,2014-12-27 12:00:00,13,82.97985,68.67157
2014-12-27,2014-12-27 13:00:00,14,85.10074,67.44498
2014-12-27,2014-12-27 14:00:00,15,84.0403,66.29817
2014-12-27,2014-12-27 15:00:00,16,76.08696,64.4319
2014-12-27,2014-12-27 16:00:00,17,69.19406,66.10565
2014-12-27,2014-12-27 17:00:00,18,102.33298,81.13382
2014-12-27,2014-12-27 18:00:00,19,120.62566,102.980606
2014-12-27,2014-12-27 19:00:00,20,122.74655,104.25137
2014-12-27,2014-12-27 20:00:00,21,124.07211,98.55986
2014-12-27,2014-12-27 21:00:00,22,116.9141,95.54152
2014-12-27,2014-12-27 22:00:00,23,107.63521,94.04634
2014-12-27,2014-12-27 23:00:00,24,120.36055,96.05325
2014-12-28,2014-12-28 00:00:00,1,123.011665,115.80032
2014-12-28,2014-12-28 01:00:00,2,124.60233,118.24985
2014-12-28,2014-12-28 02:00:00,3,127.78367,113.99815
2014-12-28,2014-12-28 03:00:00,4,115.05833,110.032394
2014-12-28,2014-12-28 04:00:00,5,100.74231,107.43506
2014-12-28,2014-12-28 05:00:00,6,111.34676,111.690674
2014-12-28,2014-12-28 06:00:00,7,120.62566,115.57094
2014-12-28,2014-12-28 07:00:00,8,119.565216,90.7767
2014-12-28,2014-12-28 08:00:00,9,247.8791,80.177124
2014-12-28,2014-12-28 09:00:00,10,280.75293,75.00615
2014-12-28,2014-12-28 10:00:00,11,146.07635,71.830536
2014-12-28,2014-12-28 11:00:00,12,184.5175,73.528595
2014-12-28,2014-12-28 12:00:00,13,207.31708,73.03659
2014-12-28,2014-12-28 13:00:00,14,184.5175,76.15645
2014-12-28,2014-12-28 14:00:00,15,222.42842,73.84398
2014-12-28,2014-12-28 15:00:00,16,246.02333,71.884415
2014-12-28,2014-12-28 16:00:00,17,366.38388,80.45183
2014-12-28,2014-12-28 17:00:00,18,365.85367,197.89963
2014-12-28,2014-12-28 18:00:00,19,383.0859,265.05484
2014-12-28,2014-12-28 19:00:00,20,377.78366,231.3587
2014-12-28,2014-12-28 20:00:00,21,160.12726,159.18109
2014-12-28,2014-12-28 21:00:00,22,352.8632,243.43259
2014-12-28,2014-12-28 22:00:00,23,345.9703,238.04407
2014-12-28,2014-12-28 23:00:00,24,336.1612,247.11418
2014-12-29,2014-12-29 00:00:00,1,283.66913,325.5687
2014-12-29,2014-12-29 01:00:00,2,268.5578,346.30258
2014-12-29,2014-12-29 02:00:00,3,178.95016,247.00655
2014-12-29,2014-12-29 03:00:00,4,166.75504,212.14212
2014-12-29,2014-12-29 04:00:00,5,137.59279,162.16344
2014-12-29,2014-12-29 05:00:00,6,164.63414,180.80646
2014-12-29,2014-12-29 06:00:00,7,176.56416,205.38055
2014-12-29,2014-12-29 07:00:00,8,207.05196,221.7145
2014-12-29,2014-12-29 08:00:00,9,455.99152,488.81708
2014-12-29,2014-12-29 09:00:00,10,458.1124,481.1609
2014-12-29,2014-12-29 10:00:00,11,430.27573,351.58545
2014-12-29,2014-12-29 11:00:00,12,394.4857,355.89456
2014-12-29,2014-12-29 12:00:00,13,401.11346,364.93253
2014-12-29,2014-12-29 13:00:00,14,379.37433,383.2055
2014-12-29,2014-12-29 14:00:00,15,366.38388,408.08173
2014-12-29,2014-12-29 15:00:00,16,366.649,380.52563
2014-12-29,2014-12-29 16:00:00,17,483.82822,494.4478
2014-12-29,2014-12-29 17:00:00,18,471.36798,506.1903
2014-12-29,2014-12-29 18:00:00,19,493.37222,519.4516
2014-12-29,2014-12-29 19:00:00,20,490.9862,517.6102
2014-12-29,2014-12-29 20:00:00,21,246.81866,291.97607
2014-12-29,2014-12-29 21:00:00,22,489.39554,505.55737
2014-12-29,2014-12-29 22:00:00,23,469.5122,483.92615
2014-12-29,2014-12-29 23:00:00,24,466.06573,489.91788
2014-12-30,2014-12-30 00:00:00,1,463.67975,481.95724
2014-12-30,2014-12-30 01:00:00,2,473.22375,480.97345
2014-12-30,2014-12-30 02:00:00,3,252.65111,330.3699
2014-12-30,2014-12-30 03:00:00,4,202.27995,288.71576
2014-12-30,2014-12-30 04:00:00,5,150.31813,199.33627
2014-12-30,2014-12-30 05:00:00,6,167.55037,201.12923
2014-12-30,2014-12-30 06:00:00,7,204.13574,234.4444
2014-12-30,2014-12-30 07:00:00,8,205.46129,249.48482
2014-12-30,2014-12-30 08:00:00,9,494.16754,493.29596
2014-12-30,2014-12-30 09:00:00,10,530.4878,490.31982
2014-12-30,2014-12-30 10:00:00,11,364.263,385.673
2014-12-30,2014-12-30 11:00:00,12,383.61612,373.33752
2014-12-30,2014-12-30 12:00:00,13,405.88547,385.68805
2014-12-30,2014-12-30 13:00:00,14,391.83456,392.6457
2014-12-30,2014-12-30 14:00:00,15,370.36057,410.3939
2014-12-30,2014-12-30 15:00:00,16,378.3139,383.66345
2014-12-30,2014-12-30 16:00:00,17,538.176,490.1385
2014-12-30,2014-12-30 17:00:00,18,475.34464,497.1917
2014-12-30,2014-12-30 18:00:00,19,517.4974,509.17188
2014-12-30,2014-12-30 19:00:00,20,510.07422,508.3174
2014-12-30,2014-12-30 20:00:00,21,267.76245,291.17935
2014-12-30,2014-12-30 21:00:00,22,509.8091,496.8777
2014-12-30,2014-12-30 22:00:00,23,504.772,478.30768
2014-12-30,2014-12-30 23:00:00,24,497.34888,476.31268
2014-12-31,2014-12-31 00:00:00,1,484.62354,488.59753
2014-12-31,2014-12-31 01:00:00,2,506.09756,484.31818
2014-12-31,2014-12-31 02:00:00,3,254.772,314.341
2014-12-31,2014-12-31 03:00:00,4,201.21951,258.44547
2014-12-31,2014-12-31 04:00:00,5,181.07104,186.55
2014-12-31,2014-12-31 05:00:00,6,185.04771,192.43695
2014-12-31,2014-12-31 06:00:00,7,186.63838,233.04044
2014-12-31,2014-12-31 07:00:00,8,253.71156,243.37772
2014-12-31,2014-12-31 08:00:00,9,546.9247,498.55865
2014-12-31,2014-12-31 09:00:00,10,530.2227,500.22354
2014-12-31,2014-12-31 10:00:00,11,329.00317,426.69858
2014-12-31,2014-12-31 11:00:00,12,336.6914,421.73267
2014-12-31,2014-12-31 12:00:00,13,366.11877,421.74963
2014-12-31,2014-12-31 13:00:00,14,335.36584,421.02075
2014-12-31,2014-12-31 14:00:00,15,342.52386,426.1695
2014-12-31,2014-12-31 15:00:00,16,347.29587,406.20905
2014-12-31,2014-12-31 16:00:00,17,425.2386,498.81458
2014-12-31,2014-12-31 17:00:00,18,233.03287,500.33643
2014-12-31,2014-12-31 18:00:00,19,152.70413,506.86694
2014-12-31,2014-12-31 19:00:00,20,131.76035,505.7672
2014-12-31,2014-12-31 20:00:00,21,119.3001,268.4421
2014-12-31,2014-12-31 21:00:00,22,111.34676,498.7627
2014-12-31,2014-12-31 22:00:00,23,96.50053,481.43793
2014-12-31,2014-12-31 23:00:00,24,101.53764,478.70593
