origin,timestamp,lead_hour,actual,prediction
2010-02-22 17:00:00,2010-02-22 17:00:00,1,0.43186668,0.73884636
2010-02-22 17:00:00,2010-02-22 18:00:00,2,0.6655,1.3305143
2010-02-22 17:00:00,2010-02-22 19:00:00,3,0.9057,1.9736979
2010-02-22 17:00:00,2010-02-22 20:00:00,4,2.6160333,2.0485468
2010-02-22 17:00:00,2010-02-22 21:00:00,5,1.6468333,1.7755803
2010-02-22 17:00:00,2010-02-22 22:00:00,6,0.4549,1.2740917
2010-02-22 17:00:00,2010-02-22 23:00:00,7,0.33076668,0.7476284
2010-02-22 17:00:00,2010-02-23 00:00:00,8,0.33413333,0.50566363
2010-02-22 17:00:00,2010-02-23 01:00:00,9,0.31586668,0.3604617
2010-02-22 17:00:00,2010-02-23 02:00:00,10,0.31993333,0.35801697
2010-02-22 17:00:00,2010-02-23 03:00:00,11,0.37166667,0.2894988
2010-02-22 17:00:00,2010-02-23 04:00:00,12,0.6367,0.29756606
2010-02-22 17:00:00,2010-02-23 05:00:00,13,0.72263336,0.43925375
2010-02-22 17:00:00,2010-02-23 06:00:00,14,0.47593334,0.9025902
2010-02-22 17:00:00,2010-02-23 07:00:00,15,1.5644333,1.7135519
2010-02-22 17:00:00,2010-02-23 08:00:00,16,1.6541667,1.8892102
2010-02-22 17:00:00,2010-02-23 09:00:00,17,1.7192333,1.8908056
2010-02-22 17:00:00,2010-02-23 10:00:00,18,1.5509334,1.7398205
2010-02-22 17:00:00,2010-02-23 11:00:00,19,1.5083667,1.6489248
2010-02-22 17:00:00,2010-02-23 12:00:00,20,1.0404667,1.6519679
2010-02-22 17:00:00,2010-02-23 13:00:00,21,0.31136668,1.5804089
2010-02-22 17:00:00,2010-02-23 14:00:00,22,0.305,1.5295479
2010-02-22 17:00:00,2010-02-23 15:00:00,23,0.41766667,1.2882321
2010-02-22 17:00:00,2010-02-23 16:00:00,24,0.34233335,1.1308676
2010-02-23 17:00:00,2010-02-23 17:00:00,1,0.34733334,0.5616182
2010-02-23 17:00:00,2010-02-23 18:00:00,2,1.1009,1.0063982
2010-02-23 17:00:00,2010-02-23 19:00:00,3,2.6907666,1.5583237
2010-02-23 17:00:00,2010-02-23 20:00:00,4,1.3579,1.756875
2010-02-23 17:00:00,2010-02-23 21:00:00,5,2.1958666,1.4665141
2010-02-23 17:00:00,2010-02-23 22:00:00,6,2.6940668,0.9158109
2010-02-23 17:00:00,2010-02-23 23:00:00,7,0.377,0.52730155
2010-02-23 17:00:00,2010-02-24 00:00:00,8,0.3318,0.39085966
2010-02-23 17:00:00,2010-02-24 01:00:00,9,0.35223332,0.2832135
2010-02-23 17:00:00,2010-02-24 02:00:00,10,0.34156665,0.25195026
2010-02-23 17:00:00,2010-02-24 03:00:00,11,0.3921,0.26645112
2010-02-23 17:00:00,2010-02-24 04:00:00,12,0.38473332,0.28152
2010-02-23 17:00:00,2010-02-24 05:00:00,13,0.32213333,0.42399216
2010-02-23 17:00:00,2010-02-24 06:00:00,14,1.2889667,0.84674853
2010-02-23 17:00:00,2010-02-24 07:00:00,15,1.3173667,1.5961467
2010-02-23 17:00:00,2010-02-24 08:00:00,16,3.3562667,1.7024249
2010-02-23 17:00:00,2010-02-24 09:00:00,17,2.1056,1.6958196
2010-02-23 17:00:00,2010-02-24 10:00:00,18,1.5845667,1.5570493
2010-02-23 17:00:00,2010-02-24 11:00:00,19,1.8057,1.374585
2010-02-23 17:00:00,2010-02-24 12:00:00,20,1.8155667,1.1539581
2010-02-23 17:00:00,2010-02-24 13:00:00,21,1.5309666,0.96753705
2010-02-23 17:00:00,2010-02-24 14:00:00,22,1.5017667,0.87731886
2010-02-23 17:00:00,2010-02-24 15:00:00,23,1.4699,0.77251333
2010-02-23 17:00:00,2010-02-24 16:00:00,24,1.434,0.72390854
2010-02-24 17:00:00,2010-02-24 17:00:00,1,1.4261667,1.2852566
2010-02-24 17:00:00,2010-02-24 18:00:00,2,1.4903,1.584234
2010-02-24 17:00:00,2010-02-24 19:00:00,3,1.4791,2.2033405
2010-02-24 17:00:00,2010-02-24 20:00:00,4,2.8569334,2.197987
2010-02-24 17:00:00,2010-02-24 21:00:00,5,1.4818,1.8841159
2010-02-24 17:00:00,2010-02-24 22:00:00,6,1.2430667,1.4459846
2010-02-24 17:00:00,2010-02-24 23:00:00,7,0.5920333,0.8704419
2010-02-24 17:00:00,2010-02-25 00:00:00,8,0.6841,0.5722539
2010-02-24 17:00:00,2010-02-25 01:00:00,9,0.41463333,0.39812613
2010-02-24 17:00:00,2010-02-25 02:00:00,10,1.0814667,0.33193982
2010-02-24 17:00:00,2010-02-25 03:00:00,11,0.3294,0.31990945
2010-02-24 17:00:00,2010-02-25 04:00:00,12,0.2952,0.39347285
2010-02-24 17:00:00,2010-02-25 05:00:00,13,0.29506665,0.52008176
2010-02-24 17:00:00,2010-02-25 06:00:00,14,0.6400667,1.0474582
2010-02-24 17:00:00,2010-02-25 07:00:00,15,1.8048667,1.9538512
2010-02-24 17:00:00,2010-02-25 08:00:00,16,1.4933667,2.0674877
2010-02-24 17:00:00,2010-02-25 09:00:00,17,1.4325,1.9776716
2010-02-24 17:00:00,2010-02-25 10:00:00,18,1.5113,1.8409703
2010-02-24 17:00:00,2010-02-25 11:00:00,19,1.7162,1.7331915
2010-02-24 17:00:00,2010-02-25 12:00:00,20,1.6984,1.3942413
2010-02-24 17:00:00,2010-02-25 13:00:00,21,1.5552666,1.1899811
2010-02-24 17:00:00,2010-02-25 14:00:00,22,1.5409334,1.1506182
2010-02-24 17:00:00,2010-02-25 15:00:00,23,1.4908333,1.0344703
2010-02-24 17:00:00,2010-02-25 16:00:00,24,2.0642667,0.9568958
2010-02-25 17:00:00,2010-02-25 17:00:00,1,2.0473666,1.6424267
2010-02-25 17:00:00,2010-02-25 18:00:00,2,1.8576,1.7723207
2010-02-25 17:00:00,2010-02-25 19:00:00,3,1.5351666,2.1290433
2010-02-25 17:00:00,2010-02-25 20:00:00,4,1.413,2.2186217
2010-02-25 17:00:00,2010-02-25 21:00:00,5,1.7670333,1.9966285
2010-02-25 17:00:00,2010-02-25 22:00:00,6,1.6735,1.6503963
2010-02-25 17:00:00,2010-02-25 23:00:00,7,0.9952,1.0332159
2010-02-25 17:00:00,2010-02-26 00:00:00,8,0.6328,0.67217094
2010-02-25 17:00:00,2010-02-26 01:00:00,9,0.33586666,0.44401407
2010-02-25 17:00:00,2010-02-26 02:00:00,10,0.33206666,0.37185293
2010-02-25 17:00:00,2010-02-26 03:00:00,11,0.68763334,0.31282687
2010-02-25 17:00:00,2010-02-26 04:00:00,12,0.637,0.33603525
2010-02-25 17:00:00,2010-02-26 05:00:00,13,0.38,0.4538625
2010-02-25 17:00:00,2010-02-26 06:00:00,14,0.6094,0.8400738
2010-02-25 17:00:00,2010-02-26 07:00:00,15,2.1114333,1.6966517
2010-02-25 17:00:00,2010-02-26 08:00:00,16,0.94206667,1.9133298
2010-02-25 17:00:00,2010-02-26 09:00:00,17,0.73726666,1.8881106
2010-02-25 17:00:00,2010-02-26 10:00:00,18,1.2963667,1.7493587
2010-02-25 17:00:00,2010-02-26 11:00:00,19,1.9303334,1.7068338
2010-02-25 17:00:00,2010-02-26 12:00:00,20,1.6533333,1.4381841
2010-02-25 17:00:00,2010-02-26 13:00:00,21,2.9355333,1.1806928
2010-02-25 17:00:00,2010-02-26 14:00:00,22,1.4112667,1.1053842
2010-02-25 17:00:00,2010-02-26 15:00:00,23,0.8488,1.0234334
2010-02-25 17:00:00,2010-02-26 16:00:00,24,1.4314333,1.0651507
2010-02-26 17:00:00,2010-02-26 17:00:00,1,1.6354333,1.361051
2010-02-26 17:00:00,2010-02-26 18:00:00,2,1.7331667,1.572388
2010-02-26 17:00:00,2010-02-26 19:00:00,3,2.7013667,1.8186293
2010-02-26 17:00:00,2010-02-26 20:00:00,4,2.5437667,1.9414306
2010-02-26 17:00:00,2010-02-26 21:00:00,5,2.9376667,1.8900244
2010-02-26 17:00:00,2010-02-26 22:00:00,6,3.1803668,1.5960766
2010-02-26 17:00:00,2010-02-26 23:00:00,7,1.6915667,1.037263
2010-02-26 17:00:00,2010-02-27 00:00:00,8,0.791,0.6885199
2010-02-26 17:00:00,2010-02-27 01:00:00,9,0.3078,0.50320876
2010-02-26 17:00:00,2010-02-27 02:00:00,10,0.37853333,0.42533344
2010-02-26 17:00:00,2010-02-27 03:00:00,11,0.37203333,0.35139722
2010-02-26 17:00:00,2010-02-27 04:00:00,12,0.30133334,0.36178207
2010-02-26 17:00:00,2010-02-27 05:00:00,13,0.30263335,0.4073472
2010-02-26 17:00:00,2010-02-27 06:00:00,14,0.3033,0.7316757
2010-02-26 17:00:00,2010-02-27 07:00:00,15,0.54256666,1.3502887
2010-02-26 17:00:00,2010-02-27 08:00:00,16,0.64666665,1.5665355
2010-02-26 17:00:00,2010-02-27 09:00:00,17,1.5447667,1.6757808
2010-02-26 17:00:00,2010-02-27 10:00:00,18,1.7581333,1.6932676
2010-02-26 17:00:00,2010-02-27 11:00:00,19,2.7527332,1.7134492
2010-02-26 17:00:00,2010-02-27 12:00:00,20,1.7181667,1.6273423
2010-02-26 17:00:00,2010-02-27 13:00:00,21,2.0614333,1.5369539
2010-02-26 17:00:00,2010-02-27 14:00:00,22,2.0583,1.4411888
2010-02-26 17:00:00,2010-02-27 15:00:00,23,1.3955333,1.317212
2010-02-26 17:00:00,2010-02-27 16:00:00,24,2.101,1.2641054
2010-02-27 17:00:00,2010-02-27 17:00:00,1,2.4856668,1.9341063
2010-02-27 17:00:00,2010-02-27 18:00:00,2,2.6312666,2.0267868
2010-02-27 17:00:00,2010-02-27 19:00:00,3,1.6353,2.139755
2010-02-27 17:00:00,2010-02-27 20:00:00,4,1.6345,2.1996586
2010-02-27 17:00:00,2010-02-27 21:00:00,5,0.6864333,2.1674695
2010-02-27 17:00:00,2010-02-27 22:00:00,6,0.5222,1.8848822
2010-02-27 17:00:00,2010-02-27 23:00:00,7,0.4863,1.2377493
2010-02-27 17:00:00,2010-02-28 00:00:00,8,0.57016665,0.8080229
2010-02-27 17:00:00,2010-02-28 01:00:00,9,0.5520667,0.54141295
2010-02-27 17:00:00,2010-02-28 02:00:00,10,0.5487667,0.4451481
2010-02-27 17:00:00,2010-02-28 03:00:00,11,0.5045,0.3311857
2010-02-27 17:00:00,2010-02-28 04:00:00,12,0.51526666,0.317286
2010-02-27 17:00:00,2010-02-28 05:00:00,13,1.1840667,0.32397175
2010-02-27 17:00:00,2010-02-28 06:00:00,14,0.6705,0.4729026
2010-02-27 17:00:00,2010-02-28 07:00:00,15,0.599,0.7975242
2010-02-27 17:00:00,2010-02-28 08:00:00,16,0.49776667,1.1685379
2010-02-27 17:00:00,2010-02-28 09:00:00,17,0.47373334,1.436265
2010-02-27 17:00:00,2010-02-28 10:00:00,18,0.4535,1.6409546
2010-02-27 17:00:00,2010-02-28 11:00:00,19,0.2943,1.8767275
2010-02-27 17:00:00,2010-02-28 12:00:00,20,0.32973334,1.8083134
2010-02-27 17:00:00,2010-02-28 13:00:00,21,0.3858,1.7824731
2010-02-27 17:00:00,2010-02-28 14:00:00,22,0.34983334,1.8755116
2010-02-27 17:00:00,2010-02-28 15:00:00,23,1.2580333,1.8275172
2010-02-27 17:00:00,2010-02-28 16:00:00,24,0.32913333,1.7357045
2010-02-28 17:00:00,2010-02-28 17:00:00,1,0.30826667,0.4362079
2010-02-28 17:00:00,2010-02-28 18:00:00,2,0.3589,0.62659293
2010-02-28 17:00:00,2010-02-28 19:00:00,3,0.40896666,0.81750274
2010-02-28 17:00:00,2010-02-28 20:00:00,4,0.3419,1.0763054
2010-02-28 17:00:00,2010-02-28 21:00:00,5,0.28543332,1.0355177
2010-02-28 17:00:00,2010-02-28 22:00:00,6,0.29613334,0.922506
2010-02-28 17:00:00,2010-02-28 23:00:00,7,0.34533334,0.68907416
2010-02-28 17:00:00,2010-03-01 00:00:00,8,0.35743332,0.5188394
2010-02-28 17:00:00,2010-03-01 01:00:00,9,1.0627333,0.39496493
2010-02-28 17:00:00,2010-03-01 02:00:00,10,0.53316665,0.36368775
2010-02-28 17:00:00,2010-03-01 03:00:00,11,0.29276666,0.34995335
2010-02-28 17:00:00,2010-03-01 04:00:00,12,0.33686668,0.38051116
2010-02-28 17:00:00,2010-03-01 05:00:00,13,0.36653334,0.48963785
2010-02-28 17:00:00,2010-03-01 06:00:00,14,0.32596666,0.761945
2010-02-28 17:00:00,2010-03-01 07:00:00,15,0.28966665,1.2535619
2010-02-28 17:00:00,2010-03-01 08:00:00,16,0.41626668,1.3244666
2010-02-28 17:00:00,2010-03-01 09:00:00,17,0.3872,1.2367483
2010-02-28 17:00:00,2010-03-01 10:00:00,18,0.39926666,1.1640533
2010-02-28 17:00:00,2010-03-01 11:00:00,19,2.3966334,1.0872707
2010-02-28 17:00:00,2010-03-01 12:00:00,20,2.1227667,0.94469607
2010-02-28 17:00:00,2010-03-01 13:00:00,21,1.4875667,0.85111237
2010-02-28 17:00:00,2010-03-01 14:00:00,22,1.4439666,0.79505515
2010-02-28 17:00:00,2010-03-01 15:00:00,23,1.0298333,0.80935645
2010-02-28 17:00:00,2010-03-01 16:00:00,24,0.9595,0.8194947
2010-03-01 17:00:00,2010-03-01 17:00:00,1,0.92476666,0.9593952
2010-03-01 17:00:00,2010-03-01 18:00:00,2,0.87596667,1.1287359
2010-03-01 17:00:00,2010-03-01 19:00:00,3,0.84833336,1.3052963
2010-03-01 17:00:00,2010-03-01 20:00:00,4,1.5795,1.3929777
2010-03-01 17:00:00,2010-03-01 21:00:00,5,0.9711667,1.2463478
2010-03-01 17:00:00,2010-03-01 22:00:00,6,1.2349666,0.96552914
2010-03-01 17:00:00,2010-03-01 23:00:00,7,1.0026333,0.5973935
2010-03-01 17:00:00,2010-03-02 00:00:00,8,0.48003334,0.4425168
2010-03-01 17:00:00,2010-03-02 01:00:00,9,0.4935,0.3784212
2010-03-01 17:00:00,2010-03-02 02:00:00,10,0.55366665,0.32163668
2010-03-01 17:00:00,2010-03-02 03:00:00,11,0.5527667,0.330199
2010-03-01 17:00:00,2010-03-02 04:00:00,12,0.48926666,0.31647712
2010-03-01 17:00:00,2010-03-02 05:00:00,13,0.50593334,0.41329193
2010-03-01 17:00:00,2010-03-02 06:00:00,14,0.5280667,0.7051234
2010-03-01 17:00:00,2010-03-02 07:00:00,15,0.48913333,1.3089312
2010-03-01 17:00:00,2010-03-02 08:00:00,16,1.5749,1.4700967
2010-03-01 17:00:00,2010-03-02 09:00:00,17,0.3081,1.4005013
2010-03-01 17:00:00,2010-03-02 10:00:00,18,0.3351,1.4153025
2010-03-01 17:00:00,2010-03-02 11:00:00,19,0.34136668,1.6142185
2010-03-01 17:00:00,2010-03-02 12:00:00,20,0.5778667,1.3748457
2010-03-01 17:00:00,2010-03-02 13:00:00,21,0.9327667,1.2058858
2010-03-01 17:00:00,2010-03-02 14:00:00,22,0.35973334,1.0818125
2010-03-01 17:00:00,2010-03-02 15:00:00,23,0.31776667,1.0456895
2010-03-01 17:00:00,2010-03-02 16:00:00,24,0.3051,1.0456036
2010-03-02 17:00:00,2010-03-02 17:00:00,1,0.32773334,0.39234197
2010-03-02 17:00:00,2010-03-02 18:00:00,2,0.3562,0.44606864
2010-03-02 17:00:00,2010-03-02 19:00:00,3,0.38833332,0.54521936
2010-03-02 17:00:00,2010-03-02 20:00:00,4,0.32193333,0.6278168
2010-03-02 17:00:00,2010-03-02 21:00:00,5,0.41926667,0.6060578
2010-03-02 17:00:00,2010-03-02 22:00:00,6,1.0003667,0.5359059
2010-03-02 17:00:00,2010-03-02 23:00:00,7,0.8228667,0.4240662
2010-03-02 17:00:00,2010-03-03 00:00:00,8,0.76743335,0.36603647
2010-03-02 17:00:00,2010-03-03 01:00:00,9,0.6553,0.33071727
2010-03-02 17:00:00,2010-03-03 02:00:00,10,0.5165667,0.34397334
2010-03-02 17:00:00,2010-03-03 03:00:00,11,0.3934,0.32575053
2010-03-02 17:00:00,2010-03-03 04:00:00,12,0.35006666,0.29851735
2010-03-02 17:00:00,2010-03-03 05:00:00,13,0.3809,0.3200724
2010-03-02 17:00:00,2010-03-03 06:00:00,14,0.31166667,0.416107
2010-03-02 17:00:00,2010-03-03 07:00:00,15,1.0407667,0.5614069
2010-03-02 17:00:00,2010-03-03 08:00:00,16,1.5217333,0.66756153
2010-03-02 17:00:00,2010-03-03 09:00:00,17,1.4347,0.7443242
2010-03-02 17:00:00,2010-03-03 10:00:00,18,1.4497334,0.7747326
2010-03-02 17:00:00,2010-03-03 11:00:00,19,1.4351333,0.82321566
2010-03-02 17:00:00,2010-03-03 12:00:00,20,0.60676664,0.8606425
2010-03-02 17:00:00,2010-03-03 13:00:00,21,0.36253333,0.8945477
2010-03-02 17:00:00,2010-03-03 14:00:00,22,0.3437,0.87535536
2010-03-02 17:00:00,2010-03-03 15:00:00,23,0.41186666,0.86626434
2010-03-02 17:00:00,2010-03-03 16:00:00,24,0.33626667,0.8414762
2010-03-03 17:00:00,2010-03-03 17:00:00,1,0.36363333,0.45243663
2010-03-03 17:00:00,2010-03-03 18:00:00,2,0.32056665,0.5722254
2010-03-03 17:00:00,2010-03-03 19:00:00,3,0.32196668,0.6933748
2010-03-03 17:00:00,2010-03-03 20:00:00,4,0.99583334,0.7865701
2010-03-03 17:00:00,2010-03-03 21:00:00,5,0.5968,0.79952806
2010-03-03 17:00:00,2010-03-03 22:00:00,6,0.34376666,0.75534457
2010-03-03 17:00:00,2010-03-03 23:00:00,7,0.33613333,0.65115476
2010-03-03 17:00:00,2010-03-04 00:00:00,8,0.33713335,0.517159
2010-03-03 17:00:00,2010-03-04 01:00:00,9,0.33816665,0.44587517
2010-03-03 17:00:00,2010-03-04 02:00:00,10,0.3848,0.4407019
2010-03-03 17:00:00,2010-03-04 03:00:00,11,0.34163332,0.41078287
2010-03-03 17:00:00,2010-03-04 04:00:00,12,0.3218,0.41612267
2010-03-03 17:00:00,2010-03-04 05:00:00,13,0.3137,0.44430107
2010-03-03 17:00:00,2010-03-04 06:00:00,14,1.28,0.5213561
2010-03-03 17:00:00,2010-03-04 07:00:00,15,0.40326667,0.77062196
2010-03-03 17:00:00,2010-03-04 08:00:00,16,0.35486665,0.88883173
2010-03-03 17:00:00,2010-03-04 09:00:00,17,0.37003332,0.9196582
2010-03-03 17:00:00,2010-03-04 10:00:00,18,0.3516,0.94281656
2010-03-03 17:00:00,2010-03-04 11:00:00,19,0.36406666,0.9688419
2010-03-03 17:00:00,2010-03-04 12:00:00,20,0.3866,0.9304545
2010-03-03 17:00:00,2010-03-04 13:00:00,21,0.38593334,0.9099602
2010-03-03 17:00:00,2010-03-04 14:00:00,22,0.31716666,0.8579463
2010-03-03 17:00:00,2010-03-04 15:00:00,23,0.32573333,0.81146497
2010-03-03 17:00:00,2010-03-04 16:00:00,24,1.2828,0.80733323
2010-03-04 17:00:00,2010-03-04 17:00:00,1,0.38583332,0.99551284
2010-03-04 17:00:00,2010-03-04 18:00:00,2,0.6367667,0.8204725
2010-03-04 17:00:00,2010-03-04 19:00:00,3,0.48863333,0.76588523
2010-03-04 17:00:00,2010-03-04 20:00:00,4,0.48403335,0.6800901
2010-03-04 17:00:00,2010-03-04 21:00:00,5,0.48343334,0.6344487
2010-03-04 17:00:00,2010-03-04 22:00:00,6,0.49926665,0.5863241
2010-03-04 17:00:00,2010-03-04 23:00:00,7,0.54406667,0.5154468
2010-03-04 17:00:00,2010-03-05 00:00:00,8,0.5011333,0.44964814
2010-03-04 17:00:00,2010-03-05 01:00:00,9,0.48556668,0.4188285
2010-03-04 17:00:00,2010-03-05 02:00:00,10,1.3871,0.39893627
2010-03-04 17:00:00,2010-03-05 03:00:00,11,0.5762333,0.38188633
2010-03-04 17:00:00,2010-03-05 04:00:00,12,0.54793334,0.37964043
2010-03-04 17:00:00,2010-03-05 05:00:00,13,0.5155,0.3948508
2010-03-04 17:00:00,2010-03-05 06:00:00,14,0.4806,0.42183268
2010-03-04 17:00:00,2010-03-05 07:00:00,15,0.468,0.46291298
2010-03-04 17:00:00,2010-03-05 08:00:00,16,0.36953333,0.50354123
2010-03-04 17:00:00,2010-03-05 09:00:00,17,0.35926667,0.52513945
2010-03-04 17:00:00,2010-03-05 10:00:00,18,0.52503335,0.5714244
2010-03-04 17:00:00,2010-03-05 11:00:00,19,0.50636667,0.6250613
2010-03-04 17:00:00,2010-03-05 12:00:00,20,1.4802,0.64288163
2010-03-04 17:00:00,2010-03-05 13:00:00,21,2.0109334,0.65744686
2010-03-04 17:00:00,2010-03-05 14:00:00,22,2.0591667,0.6406412
2010-03-04 17:00:00,2010-03-05 15:00:00,23,0.66546667,0.6082456
2010-03-04 17:00:00,2010-03-05 16:00:00,24,0.40336666,0.60141003
2010-03-05 17:00:00,2010-03-05 17:00:00,1,0.3437,0.38688987
2010-03-05 17:00:00,2010-03-05 18:00:00,2,0.30566666,0.3790171
2010-03-05 17:00:00,2010-03-05 19:00:00,3,1.6201667,0.3900904
2010-03-05 17:00:00,2010-03-05 20:00:00,4,0.9943,0.40241468
2010-03-05 17:00:00,2010-03-05 21:00:00,5,0.88133335,0.41642043
2010-03-05 17:00:00,2010-03-05 22:00:00,6,0.9209667,0.42797732
2010-03-05 17:00:00,2010-03-05 23:00:00,7,0.4879,0.4341971
2010-03-05 17:00:00,2010-03-06 00:00:00,8,0.4579,0.43365833
2010-03-05 17:00:00,2010-03-06 01:00:00,9,0.37016666,0.43728918
2010-03-05 17:00:00,2010-03-06 02:00:00,10,0.30316666,0.442346
2010-03-05 17:00:00,2010-03-06 03:00:00,11,0.3353,0.44375783
2010-03-05 17:00:00,2010-03-06 04:00:00,12,0.2996,0.44284698
2010-03-05 17:00:00,2010-03-06 05:00:00,13,0.29463333,0.44789806
2010-03-05 17:00:00,2010-03-06 06:00:00,14,0.6253333,0.45051733
2010-03-05 17:00:00,2010-03-06 07:00:00,15,0.82126665,0.4508748
2010-03-05 17:00:00,2010-03-06 08:00:00,16,0.32383335,0.45568284
2010-03-05 17:00:00,2010-03-06 09:00:00,17,0.6305,0.45804125
2010-03-05 17:00:00,2010-03-06 10:00:00,18,1.2609667,0.4636752
2010-03-05 17:00:00,2010-03-06 11:00:00,19,1.1401,0.46382985
2010-03-05 17:00:00,2010-03-06 12:00:00,20,0.33876666,0.46206886
2010-03-05 17:00:00,2010-03-06 13:00:00,21,0.31003332,0.4595489
2010-03-05 17:00:00,2010-03-06 14:00:00,22,0.33093333,0.45993313
2010-03-05 17:00:00,2010-03-06 15:00:00,23,0.31883332,0.46135616
2010-03-05 17:00:00,2010-03-06 16:00:00,24,1.0034667,0.4599511
2010-03-06 17:00:00,2010-03-06 17:00:00,1,1.0667334,0.81226206
2010-03-06 17:00:00,2010-03-06 18:00:00,2,0.4813,0.5914081
2010-03-06 17:00:00,2010-03-06 19:00:00,3,0.4736,0.48489833
2010-03-06 17:00:00,2010-03-06 20:00:00,4,0.4773,0.4723557
2010-03-06 17:00:00,2010-03-06 21:00:00,5,0.50666666,0.42305666
2010-03-06 17:00:00,2010-03-06 22:00:00,6,0.56986666,0.39560357
2010-03-06 17:00:00,2010-03-06 23:00:00,7,0.50493336,0.39579588
2010-03-06 17:00:00,2010-03-07 00:00:00,8,0.49646667,0.3834121
2010-03-06 17:00:00,2010-03-07 01:00:00,9,1.1485667,0.3895831
2010-03-06 17:00:00,2010-03-07 02:00:00,10,0.61006665,0.43975246
2010-03-06 17:00:00,2010-03-07 03:00:00,11,0.5323333,0.44105583
2010-03-06 17:00:00,2010-03-07 04:00:00,12,0.5289,0.41664112
2010-03-06 17:00:00,2010-03-07 05:00:00,13,0.4928,0.4175998
2010-03-06 17:00:00,2010-03-07 06:00:00,14,0.49386665,0.4422633
2010-03-06 17:00:00,2010-03-07 07:00:00,15,0.4886,0.45423058
2010-03-06 17:00:00,2010-03-07 08:00:00,16,0.51886666,0.42297563
2010-03-06 17:00:00,2010-03-07 09:00:00,17,0.52526665,0.41033438
2010-03-06 17:00:00,2010-03-07 10:00:00,18,0.43756667,0.40821612
2010-03-06 17:00:00,2010-03-07 11:00:00,19,1.0612333,0.40047508
2010-03-06 17:00:00,2010-03-07 12:00:00,20,0.3059,0.43581012
2010-03-06 17:00:00,2010-03-07 13:00:00,21,0.29353333,0.45759386
2010-03-06 17:00:00,2010-03-07 14:00:00,22,0.3666,0.4481413
2010-03-06 17:00:00,2010-03-07 15:00:00,23,1.0190333,0.44849342
2010-03-06 17:00:00,2010-03-07 16:00:00,24,0.76933336,0.4589106
2010-03-07 17:00:00,2010-03-07 17:00:00,1,2.4348667,0.52919084
2010-03-07 17:00:00,2010-03-07 18:00:00,2,2.5753334,0.48541835
2010-03-07 17:00:00,2010-03-07 19:00:00,3,1.5285,0.4620955
2010-03-07 17:00:00,2010-03-07 20:00:00,4,2.1405,0.47793648
2010-03-07 17:00:00,2010-03-07 21:00:00,5,2.2098,0.4676137
2010-03-07 17:00:00,2010-03-07 22:00:00,6,1.1494334,0.46665382
2010-03-07 17:00:00,2010-03-07 23:00:00,7,0.7471667,0.475136
2010-03-07 17:00:00,2010-03-08 00:00:00,8,0.7092,0.47593087
2010-03-07 17:00:00,2010-03-08 01:00:00,9,1.0575666,0.47260612
2010-03-07 17:00:00,2010-03-08 02:00:00,10,0.359,0.46835667
2010-03-07 17:00:00,2010-03-08 03:00:00,11,0.36603335,0.46098346
2010-03-07 17:00:00,2010-03-08 04:00:00,12,0.3475,0.46808717
2010-03-07 17:00:00,2010-03-08 05:00:00,13,0.40583333,0.4725616
2010-03-07 17:00:00,2010-03-08 06:00:00,14,1.0259666,0.46793777
2010-03-07 17:00:00,2010-03-08 07:00:00,15,2.9262333,0.46174306
2010-03-07 17:00:00,2010-03-08 08:00:00,16,3.4103,0.46716565
2010-03-07 17:00:00,2010-03-08 09:00:00,17,3.5183334,0.4634109
2010-03-07 17:00:00,2010-03-08 10:00:00,18,2.1521,0.46800244
2010-03-07 17:00:00,2010-03-08 11:00:00,19,1.8522333,0.47574604
2010-03-07 17:00:00,2010-03-08 12:00:00,20,3.0424666,0.47857273
2010-03-07 17:00:00,2010-03-08 13:00:00,21,2.3847,0.48205623
2010-03-07 17:00:00,2010-03-08 14:00:00,22,2.0263333,0.48756087
2010-03-07 17:00:00,2010-03-08 15:00:00,23,3.969,0.48278004
2010-03-07 17:00:00,2010-03-08 16:00:00,24,2.0823,0.47943676
2010-03-08 17:00:00,2010-03-08 17:00:00,1,1.571,1.8274767
2010-03-08 17:00:00,2010-03-08 18:00:00,2,1.9182,1.7404983
2010-03-08 17:00:00,2010-03-08 19:00:00,3,1.7293333,1.6696258
2010-03-08 17:00:00,2010-03-08 20:00:00,4,2.4488666,1.6258957
2010-03-08 17:00:00,2010-03-08 21:00:00,5,1.4269333,1.5939629
2010-03-08 17:00:00,2010-03-08 22:00:00,6,1.5056,1.5745229
2010-03-08 17:00:00,2010-03-08 23:00:00,7,0.38326666,1.5622739
2010-03-08 17:00:00,2010-03-09 00:00:00,8,0.37643334,1.5558672
2010-03-08 17:00:00,2010-03-09 01:00:00,9,0.35986668,1.5505611
2010-03-08 17:00:00,2010-03-09 02:00:00,10,0.41736665,1.5517642
2010-03-08 17:00:00,2010-03-09 03:00:00,11,0.39373332,1.5606823
2010-03-08 17:00:00,2010-03-09 04:00:00,12,0.3563,1.5723498
2010-03-08 17:00:00,2010-03-09 05:00:00,13,0.3386,1.5838832
2010-03-08 17:00:00,2010-03-09 06:00:00,14,1.043,1.5867448
2010-03-08 17:00:00,2010-03-09 07:00:00,15,2.7051334,1.5873084
2010-03-08 17:00:00,2010-03-09 08:00:00,16,2.2661333,1.6063087
2010-03-08 17:00:00,2010-03-09 09:00:00,17,1.5600333,1.6067024
2010-03-08 17:00:00,2010-03-09 10:00:00,18,1.5031333,1.6143066
2010-03-08 17:00:00,2010-03-09 11:00:00,19,1.6102,1.61057
2010-03-08 17:00:00,2010-03-09 12:00:00,20,1.6400334,1.6214166
2010-03-08 17:00:00,2010-03-09 13:00:00,21,2.1889668,1.6188679
2010-03-08 17:00:00,2010-03-09 14:00:00,22,0.7654667,1.6209409
2010-03-08 17:00:00,2010-03-09 15:00:00,23,0.48246667,1.6235832
2010-03-08 17:00:00,2010-03-09 16:00:00,24,0.86436665,1.6321517
2010-03-09 17:00:00,2010-03-09 17:00:00,1,0.5411,0.8697101
2010-03-09 17:00:00,2010-03-09 18:00:00,2,0.9225,0.91321397
2010-03-09 17:00:00,2010-03-09 19:00:00,3,1.8510333,0.98546153
2010-03-09 17:00:00,2010-03-09 20:00:00,4,2.7466667,1.0706244
2010-03-09 17:00:00,2010-03-09 21:00:00,5,2.3795667,1.1676421
2010-03-09 17:00:00,2010-03-09 22:00:00,6,1.5587667,1.2100692
2010-03-09 17:00:00,2010-03-09 23:00:00,7,0.46433333,1.1924092
2010-03-09 17:00:00,2010-03-10 00:00:00,8,1.1348667,1.1766732
2010-03-09 17:00:00,2010-03-10 01:00:00,9,0.34586668,1.1418139
2010-03-09 17:00:00,2010-03-10 02:00:00,10,0.348,1.0992947
2010-03-09 17:00:00,2010-03-10 03:00:00,11,0.32676667,1.0684278
2010-03-09 17:00:00,2010-03-10 04:00:00,12,0.3226,1.0259686
2010-03-09 17:00:00,2010-03-10 05:00:00,13,0.38776666,1.0175725
2010-03-09 17:00:00,2010-03-10 06:00:00,14,0.9798333,0.98101044
2010-03-09 17:00:00,2010-03-10 07:00:00,15,2.5680332,0.9679476
2010-03-09 17:00:00,2010-03-10 08:00:00,16,2.0532,0.9639644
2010-03-09 17:00:00,2010-03-10 09:00:00,17,1.9632334,0.9628122
2010-03-09 17:00:00,2010-03-10 10:00:00,18,1.4259,0.9926834
2010-03-09 17:00:00,2010-03-10 11:00:00,19,1.4626,1.020751
2010-03-09 17:00:00,2010-03-10 12:00:00,20,1.7757334,1.06854
2010-03-09 17:00:00,2010-03-10 13:00:00,21,1.5464667,1.0429528
2010-03-09 17:00:00,2010-03-10 14:00:00,22,1.7727,1.0252254
2010-03-09 17:00:00,2010-03-10 15:00:00,23,1.7884333,1.0191424
2010-03-09 17:00:00,2010-03-10 16:00:00,24,1.7697333,1.0273781
2010-03-10 17:00:00,2010-03-10 17:00:00,1,1.769,1.6261759
2010-03-10 17:00:00,2010-03-10 18:00:00,2,1.5340667,1.6551937
2010-03-10 17:00:00,2010-03-10 19:00:00,3,1.086,1.6576402
2010-03-10 17:00:00,2010-03-10 20:00:00,4,1.0920334,1.5548862
2010-03-10 17:00:00,2010-03-10 21:00:00,5,1.3783667,1.4001389
2010-03-10 17:00:00,2010-03-10 22:00:00,6,0.97893333,1.1551515
2010-03-10 17:00:00,2010-03-10 23:00:00,7,0.56706667,0.86611885
2010-03-10 17:00:00,2010-03-11 00:00:00,8,0.714,0.7031172
2010-03-10 17:00:00,2010-03-11 01:00:00,9,0.8372667,0.61183697
2010-03-10 17:00:00,2010-03-11 02:00:00,10,0.32546666,0.5569465
2010-03-10 17:00:00,2010-03-11 03:00:00,11,0.3885,0.4734531
2010-03-10 17:00:00,2010-03-11 04:00:00,12,0.32046667,0.5295279
2010-03-10 17:00:00,2010-03-11 05:00:00,13,0.32726666,0.7858761
2010-03-10 17:00:00,2010-03-11 06:00:00,14,0.92366666,1.0894
2010-03-10 17:00:00,2010-03-11 07:00:00,15,2.0521,1.4769195
2010-03-10 17:00:00,2010-03-11 08:00:00,16,1.9032333,1.6074389
2010-03-10 17:00:00,2010-03-11 09:00:00,17,1.4354,1.6248174
2010-03-10 17:00:00,2010-03-11 10:00:00,18,1.4897333,1.5911072
2010-03-10 17:00:00,2010-03-11 11:00:00,19,1.3750334,1.5179148
2010-03-10 17:00:00,2010-03-11 12:00:00,20,1.3797667,1.4837441
2010-03-10 17:00:00,2010-03-11 13:00:00,21,1.4112,1.3815637
2010-03-10 17:00:00,2010-03-11 14:00:00,22,1.4503,1.3271599
2010-03-10 17:00:00,2010-03-11 15:00:00,23,0.39733332,1.3623447
2010-03-10 17:00:00,2010-03-11 16:00:00,24,0.2986,1.3421545
2010-03-11 17:00:00,2010-03-11 17:00:00,1,0.3021,0.48152947
2010-03-11 17:00:00,2010-03-11 18:00:00,2,1.4762,0.72943187
2010-03-11 17:00:00,2010-03-11 19:00:00,3,2.4903667,0.85031676
2010-03-11 17:00:00,2010-03-11 20:00:00,4,3.4857333,0.94516766
2010-03-11 17:00:00,2010-03-11 21:00:00,5,3.9463665,0.89341056
2010-03-11 17:00:00,2010-03-11 22:00:00,6,2.0787,0.73648524
2010-03-11 17:00:00,2010-03-11 23:00:00,7,1.7093667,0.58112913
2010-03-11 17:00:00,2010-03-12 00:00:00,8,1.3978,0.49689972
2010-03-11 17:00:00,2010-03-12 01:00:00,9,0.3559,0.47098297
2010-03-11 17:00:00,2010-03-12 02:00:00,10,0.30193335,0.42660958
2010-03-11 17:00:00,2010-03-12 03:00:00,11,0.29826668,0.40173233
2010-03-11 17:00:00,2010-03-12 04:00:00,12,0.30716667,0.4363265
2010-03-11 17:00:00,2010-03-12 05:00:00,13,0.31303334,0.49769884
2010-03-11 17:00:00,2010-03-12 06:00:00,14,0.37306666,0.7062818
2010-03-11 17:00:00,2010-03-12 07:00:00,15,2.0167665,1.080534
2010-03-11 17:00:00,2010-03-12 08:00:00,16,2.374,1.1532239
2010-03-11 17:00:00,2010-03-12 09:00:00,17,1.9429,1.1769359
2010-03-11 17:00:00,2010-03-12 10:00:00,18,1.3724,1.173696
2010-03-11 17:00:00,2010-03-12 11:00:00,19,1.4427,1.1091181
2010-03-11 17:00:00,2010-03-12 12:00:00,20,1.4186667,1.044309
2010-03-11 17:00:00,2010-03-12 13:00:00,21,1.4136333,0.9564735
2010-03-11 17:00:00,2010-03-12 14:00:00,22,1.5757333,0.89868355
2010-03-11 17:00:00,2010-03-12 15:00:00,23,1.2898667,0.82894504
2010-03-11 17:00:00,2010-03-12 16:00:00,24,1.0065666,0.77146256
2010-03-12 17:00:00,2010-03-12 17:00:00,1,0.66833335,1.0328948
2010-03-12 17:00:00,2010-03-12 18:00:00,2,1.1187333,1.4043407
2010-03-12 17:00:00,2010-03-12 19:00:00,3,2.9231668,1.6040294
2010-03-12 17:00:00,2010-03-12 20:00:00,4,0.90183336,1.6929512
2010-03-12 17:00:00,2010-03-12 21:00:00,5,0.7996333,1.6408014
2010-03-12 17:00:00,2010-03-12 22:00:00,6,0.72763336,1.1814046
2010-03-12 17:00:00,2010-03-12 23:00:00,7,1.084,0.7393198
2010-03-12 17:00:00,2010-03-13 00:00:00,8,0.34476668,0.5583994
2010-03-12 17:00:00,2010-03-13 01:00:00,9,0.31016666,0.40871578
2010-03-12 17:00:00,2010-03-13 02:00:00,10,0.30873334,0.3496846
2010-03-12 17:00:00,2010-03-13 03:00:00,11,0.36943334,0.26873899
2010-03-12 17:00:00,2010-03-13 04:00:00,12,0.30336666,0.28893232
2010-03-12 17:00:00,2010-03-13 05:00:00,13,0.31213334,0.3266611
2010-03-12 17:00:00,2010-03-13 06:00:00,14,0.60936666,0.5906186
2010-03-12 17:00:00,2010-03-13 07:00:00,15,2.1092334,1.2272346
2010-03-12 17:00:00,2010-03-13 08:00:00,16,1.6128,1.4449286
2010-03-12 17:00:00,2010-03-13 09:00:00,17,1.8924,1.330905
2010-03-12 17:00:00,2010-03-13 10:00:00,18,2.7700667,1.2234553
2010-03-12 17:00:00,2010-03-13 11:00:00,19,2.0014,1.165759
2010-03-12 17:00:00,2010-03-13 12:00:00,20,2.3242333,1.0102394
2010-03-12 17:00:00,2010-03-13 13:00:00,21,1.719,0.93789065
2010-03-12 17:00:00,2010-03-13 14:00:00,22,3.0405667,0.862278
2010-03-12 17:00:00,2010-03-13 15:00:00,23,2.1255667,0.8120204
2010-03-12 17:00:00,2010-03-13 16:00:00,24,0.9097667,0.87225604
2010-03-13 17:00:00,2010-03-13 17:00:00,1,2.8752666,0.9115349
2010-03-13 17:00:00,2010-03-13 18:00:00,2,3.8424,0.9944043
2010-03-13 17:00:00,2010-03-13 19:00:00,3,3.4206667,1.2200779
2010-03-13 17:00:00,2010-03-13 20:00:00,4,2.0950334,1.293793
2010-03-13 17:00:00,2010-03-13 21:00:00,5,1.4258,1.2554182
2010-03-13 17:00:00,2010-03-13 22:00:00,6,1.454,0.9468595
2010-03-13 17:00:00,2010-03-13 23:00:00,7,1.5406667,0.6866888
2010-03-13 17:00:00,2010-03-14 00:00:00,8,1.5161333,0.6049821
2010-03-13 17:00:00,2010-03-14 01:00:00,9,0.99506664,0.47222495
2010-03-13 17:00:00,2010-03-14 02:00:00,10,0.32976666,0.4059419
2010-03-13 17:00:00,2010-03-14 03:00:00,11,0.33253333,0.35535336
2010-03-13 17:00:00,2010-03-14 04:00:00,12,0.39686668,0.3921923
2010-03-13 17:00:00,2010-03-14 05:00:00,13,0.30993333,0.5014832
2010-03-13 17:00:00,2010-03-14 06:00:00,14,0.30563334,0.7334086
2010-03-13 17:00:00,2010-03-14 07:00:00,15,0.33866668,1.2535764
2010-03-13 17:00:00,2010-03-14 08:00:00,16,0.32763332,1.4271044
2010-03-13 17:00:00,2010-03-14 09:00:00,17,0.8662,1.5076766
2010-03-13 17:00:00,2010-03-14 10:00:00,18,1.1476333,1.4226629
2010-03-13 17:00:00,2010-03-14 11:00:00,19,1.0257334,1.4229873
2010-03-13 17:00:00,2010-03-14 12:00:00,20,1.7820333,1.4027236
2010-03-13 17:00:00,2010-03-14 13:00:00,21,1.7599334,1.3654059
2010-03-13 17:00:00,2010-03-14 14:00:00,22,1.0251666,1.370252
2010-03-13 17:00:00,2010-03-14 15:00:00,23,1.0403334,1.3376598
2010-03-13 17:00:00,2010-03-14 16:00:00,24,0.7776667,1.1927509
2010-03-14 17:00:00,2010-03-14 17:00:00,1,1.5238,0.8596345
2010-03-14 17:00:00,2010-03-14 18:00:00,2,1.1731334,1.1456435
2010-03-14 17:00:00,2010-03-14 19:00:00,3,1.6451334,1.469892
2010-03-14 17:00:00,2010-03-14 20:00:00,4,1.5069667,1.400673
2010-03-14 17:00:00,2010-03-14 21:00:00,5,2.9930665,1.2886392
2010-03-14 17:00:00,2010-03-14 22:00:00,6,1.7999,0.9761163
2010-03-14 17:00:00,2010-03-14 23:00:00,7,1.1929667,0.71157545
2010-03-14 17:00:00,2010-03-15 00:00:00,8,0.42966667,0.60256636
2010-03-14 17:00:00,2010-03-15 01:00:00,9,0.3202,0.4558866
2010-03-14 17:00:00,2010-03-15 02:00:00,10,0.56296664,0.34848106
2010-03-14 17:00:00,2010-03-15 03:00:00,11,0.67473334,0.27855682
2010-03-14 17:00:00,2010-03-15 04:00:00,12,0.30633333,0.27604258
2010-03-14 17:00:00,2010-03-15 05:00:00,13,0.38783333,0.34328103
2010-03-14 17:00:00,2010-03-15 06:00:00,14,0.6480333,0.6700513
2010-03-14 17:00:00,2010-03-15 07:00:00,15,1.9643333,1.4900216
2010-03-14 17:00:00,2010-03-15 08:00:00,16,1.4282666,1.6202977
2010-03-14 17:00:00,2010-03-15 09:00:00,17,1.4862666,1.6116933
2010-03-14 17:00:00,2010-03-15 10:00:00,18,1.5205667,1.4262773
2010-03-14 17:00:00,2010-03-15 11:00:00,19,1.5355667,1.4213245
2010-03-14 17:00:00,2010-03-15 12:00:00,20,1.6847,1.6113992
2010-03-14 17:00:00,2010-03-15 13:00:00,21,1.4186667,1.6079121
2010-03-14 17:00:00,2010-03-15 14:00:00,22,1.4522,1.5707744
2010-03-14 17:00:00,2010-03-15 15:00:00,23,1.5035,1.4323765
2010-03-14 17:00:00,2010-03-15 16:00:00,24,1.0247333,1.1985552
2010-03-15 17:00:00,2010-03-15 17:00:00,1,0.4724,1.162096
2010-03-15 17:00:00,2010-03-15 18:00:00,2,0.48893332,1.4415998
2010-03-15 17:00:00,2010-03-15 19:00:00,3,2.9292333,1.8696016
2010-03-15 17:00:00,2010-03-15 20:00:00,4,2.7648,1.9005224
2010-03-15 17:00:00,2010-03-15 21:00:00,5,2.5572667,1.742419
2010-03-15 17:00:00,2010-03-15 22:00:00,6,1.7437,1.3550491
2010-03-15 17:00:00,2010-03-15 23:00:00,7,0.5592667,0.8726313
2010-03-15 17:00:00,2010-03-16 00:00:00,8,0.31283334,0.6417644
2010-03-15 17:00:00,2010-03-16 01:00:00,9,0.40213335,0.4045741
2010-03-15 17:00:00,2010-03-16 02:00:00,10,0.3346,0.41740632
2010-03-15 17:00:00,2010-03-16 03:00:00,11,0.29963332,0.34524083
2010-03-15 17:00:00,2010-03-16 04:00:00,12,0.90063334,0.27113235
2010-03-15 17:00:00,2010-03-16 05:00:00,13,0.33876666,0.30796683
2010-03-15 17:00:00,2010-03-16 06:00:00,14,1.5128,0.81640387
2010-03-15 17:00:00,2010-03-16 07:00:00,15,1.6480666,2.0342078
2010-03-15 17:00:00,2010-03-16 08:00:00,16,2.0392666,1.8710647
2010-03-15 17:00:00,2010-03-16 09:00:00,17,1.6070666,1.669193
2010-03-15 17:00:00,2010-03-16 10:00:00,18,1.4285333,1.5977784
2010-03-15 17:00:00,2010-03-16 11:00:00,19,1.486,1.5889066
2010-03-15 17:00:00,2010-03-16 12:00:00,20,1.3935,1.6272835
2010-03-15 17:00:00,2010-03-16 13:00:00,21,0.6030667,1.5703068
2010-03-15 17:00:00,2010-03-16 14:00:00,22,0.52273333,1.4534894
2010-03-15 17:00:00,2010-03-16 15:00:00,23,0.6385667,1.241782
2010-03-15 17:00:00,2010-03-16 16:00:00,24,0.7162333,1.0818635
2010-03-16 17:00:00,2010-03-16 17:00:00,1,0.71923333,0.84354794
2010-03-16 17:00:00,2010-03-16 18:00:00,2,1.5573666,1.0867419
2010-03-16 17:00:00,2010-03-16 19:00:00,3,1.7136667,1.661495
2010-03-16 17:00:00,2010-03-16 20:00:00,4,1.4661334,1.7373061
2010-03-16 17:00:00,2010-03-16 21:00:00,5,1.6969,1.7759702
2010-03-16 17:00:00,2010-03-16 22:00:00,6,1.9267666,1.2382977
2010-03-16 17:00:00,2010-03-16 23:00:00,7,0.44633332,0.7554963
2010-03-16 17:00:00,2010-03-17 00:00:00,8,0.34723333,0.57953024
2010-03-16 17:00:00,2010-03-17 01:00:00,9,0.31883332,0.37340587
2010-03-16 17:00:00,2010-03-17 02:00:00,10,0.4117,0.37546593
2010-03-16 17:00:00,2010-03-17 03:00:00,11,0.38026667,0.31413013
2010-03-16 17:00:00,2010-03-17 04:00:00,12,0.33183333,0.356623
2010-03-16 17:00:00,2010-03-17 05:00:00,13,0.31906667,0.38200212
2010-03-16 17:00:00,2010-03-17 06:00:00,14,1.0988,0.7895291
2010-03-16 17:00:00,2010-03-17 07:00:00,15,2.0530334,1.7115479
2010-03-16 17:00:00,2010-03-17 08:00:00,16,2.0062332,1.7459673
2010-03-16 17:00:00,2010-03-17 09:00:00,17,1.9442333,1.6156896
2010-03-16 17:00:00,2010-03-17 10:00:00,18,1.4418666,1.4175235
2010-03-16 17:00:00,2010-03-17 11:00:00,19,1.7805333,1.4259508
2010-03-16 17:00:00,2010-03-17 12:00:00,20,2.9432333,1.449622
2010-03-16 17:00:00,2010-03-17 13:00:00,21,2.5151334,1.3333664
2010-03-16 17:00:00,2010-03-17 14:00:00,22,1.7026666,1.3258065
2010-03-16 17:00:00,2010-03-17 15:00:00,23,1.6951,1.1725342
2010-03-16 17:00:00,2010-03-17 16:00:00,24,1.4500667,1.0867603
2010-03-17 17:00:00,2010-03-17 17:00:00,1,1.2703333,1.4315829
2010-03-17 17:00:00,2010-03-17 18:00:00,2,2.4340334,1.7208548
2010-03-17 17:00:00,2010-03-17 19:00:00,3,1.7009667,2.0880806
2010-03-17 17:00:00,2010-03-17 20:00:00,4,1.3442,1.9611409
2010-03-17 17:00:00,2010-03-17 21:00:00,5,2.2485,1.827322
2010-03-17 17:00:00,2010-03-17 22:00:00,6,1.3505334,1.4455992
2010-03-17 17:00:00,2010-03-17 23:00:00,7,0.3971,0.9352829
2010-03-17 17:00:00,2010-03-18 00:00:00,8,0.3686,0.64312077
2010-03-17 17:00:00,2010-03-18 01:00:00,9,0.38886666,0.4511541
2010-03-17 17:00:00,2010-03-18 02:00:00,10,0.31706667,0.376252
2010-03-17 17:00:00,2010-03-18 03:00:00,11,0.33473334,0.33162433
2010-03-17 17:00:00,2010-03-18 04:00:00,12,0.30016667,0.3541295
2010-03-17 17:00:00,2010-03-18 05:00:00,13,0.6350333,0.4511602
2010-03-17 17:00:00,2010-03-18 06:00:00,14,1.9907,0.79705423
2010-03-17 17:00:00,2010-03-18 07:00:00,15,1.7793,1.3822228
2010-03-17 17:00:00,2010-03-18 08:00:00,16,1.7546,1.6348821
2010-03-17 17:00:00,2010-03-18 09:00:00,17,1.3706334,1.6899271
2010-03-17 17:00:00,2010-03-18 10:00:00,18,1.5128334,1.6371483
2010-03-17 17:00:00,2010-03-18 11:00:00,19,0.5765,1.636104
2010-03-17 17:00:00,2010-03-18 12:00:00,20,0.44226667,1.7123514
2010-03-17 17:00:00,2010-03-18 13:00:00,21,0.41023332,1.6283067
2010-03-17 17:00:00,2010-03-18 14:00:00,22,0.41486666,1.4995488
2010-03-17 17:00:00,2010-03-18 15:00:00,23,0.8074667,1.2944586
2010-03-17 17:00:00,2010-03-18 16:00:00,24,0.8887333,1.1729605
2010-03-18 17:00:00,2010-03-18 17:00:00,1,1.2522666,0.96180916
2010-03-18 17:00:00,2010-03-18 18:00:00,2,1.6198666,1.3752799
2010-03-18 17:00:00,2010-03-18 19:00:00,3,2.4974666,1.7990608
2010-03-18 17:00:00,2010-03-18 20:00:00,4,3.0169666,1.7665693
2010-03-18 17:00:00,2010-03-18 21:00:00,5,1.9589,1.7892988
2010-03-18 17:00:00,2010-03-18 22:00:00,6,0.8262,1.4190303
2010-03-18 17:00:00,2010-03-18 23:00:00,7,0.5804333,0.78190494
2010-03-18 17:00:00,2010-03-19 00:00:00,8,0.47986665,0.5007557
2010-03-18 17:00:00,2010-03-19 01:00:00,9,0.52633333,0.396639
2010-03-18 17:00:00,2010-03-19 02:00:00,10,0.5513667,0.33544147
2010-03-18 17:00:00,2010-03-19 03:00:00,11,0.73473334,0.29772913
2010-03-18 17:00:00,2010-03-19 04:00:00,12,0.903,0.34124303
2010-03-18 17:00:00,2010-03-19 05:00:00,13,0.5111333,0.4330799
2010-03-18 17:00:00,2010-03-19 06:00:00,14,0.73076665,0.8435478
2010-03-18 17:00:00,2010-03-19 07:00:00,15,1.4206,1.5746896
2010-03-18 17:00:00,2010-03-19 08:00:00,16,1.8107333,1.7404063
2010-03-18 17:00:00,2010-03-19 09:00:00,17,1.4098,1.6816223
2010-03-18 17:00:00,2010-03-19 10:00:00,18,1.4702,1.6012853
2010-03-18 17:00:00,2010-03-19 11:00:00,19,1.3697667,1.4828866
2010-03-18 17:00:00,2010-03-19 12:00:00,20,1.4409667,1.4725828
2010-03-18 17:00:00,2010-03-19 13:00:00,21,1.4527333,1.3806688
2010-03-18 17:00:00,2010-03-19 14:00:00,22,1.5994667,1.345144
2010-03-18 17:00:00,2010-03-19 15:00:00,23,1.4221,1.2602015
2010-03-18 17:00:00,2010-03-19 16:00:00,24,0.4469,1.1595244
2010-03-28 17:00:00,2010-03-28 17:00:00,1,0.7676333,0.8869256
2010-03-28 17:00:00,2010-03-28 18:00:00,2,0.89316666,1.0292047
2010-03-28 17:00:00,2010-03-28 19:00:00,3,2.7665,1.4856229
2010-03-28 17:00:00,2010-03-28 20:00:00,4,3.0072,1.8217204
2010-03-28 17:00:00,2010-03-28 21:00:00,5,2.5727,1.7571883
2010-03-28 17:00:00,2010-03-28 22:00:00,6,2.6212,1.332549
2010-03-28 17:00:00,2010-03-28 23:00:00,7,0.8194,0.74256694
2010-03-28 17:00:00,2010-03-29 00:00:00,8,0.3637,0.5002824
2010-03-28 17:00:00,2010-03-29 01:00:00,9,0.36753333,0.44519395
2010-03-28 17:00:00,2010-03-29 02:00:00,10,0.35103333,0.4294448
2010-03-28 17:00:00,2010-03-29 03:00:00,11,0.39496666,0.39245182
2010-03-28 17:00:00,2010-03-29 04:00:00,12,0.47396666,0.38326395
2010-03-28 17:00:00,2010-03-29 05:00:00,13,0.8832,0.47622907
2010-03-28 17:00:00,2010-03-29 06:00:00,14,0.60576665,0.8061633
2010-03-28 17:00:00,2010-03-29 07:00:00,15,2.2516334,1.2052473
2010-03-28 17:00:00,2010-03-29 08:00:00,16,1.4074667,1.3661742
2010-03-28 17:00:00,2010-03-29 09:00:00,17,1.4613,1.4731458
2010-03-28 17:00:00,2010-03-29 10:00:00,18,1.4277,1.5411876
2010-03-28 17:00:00,2010-03-29 11:00:00,19,1.4784334,1.5498868
2010-03-28 17:00:00,2010-03-29 12:00:00,20,1.4699667,1.4997892
2010-03-28 17:00:00,2010-03-29 13:00:00,21,1.5208,1.4466798
2010-03-28 17:00:00,2010-03-29 14:00:00,22,1.4192667,1.408336
2010-03-28 17:00:00,2010-03-29 15:00:00,23,1.4636,1.233609
2010-03-28 17:00:00,2010-03-29 16:00:00,24,1.4545,0.9875383
2010-03-29 17:00:00,2010-03-29 17:00:00,1,1.4808333,1.3716999
2010-03-29 17:00:00,2010-03-29 18:00:00,2,0.89353335,1.4378343
2010-03-29 17:00:00,2010-03-29 19:00:00,3,0.8447,1.783004
2010-03-29 17:00:00,2010-03-29 20:00:00,4,1.5333667,2.0916882
2010-03-29 17:00:00,2010-03-29 21:00:00,5,2.0416334,2.051248
2010-03-29 17:00:00,2010-03-29 22:00:00,6,0.8729333,1.4534411
2010-03-29 17:00:00,2010-03-29 23:00:00,7,0.5838,0.76282525
2010-03-29 17:00:00,2010-03-30 00:00:00,8,0.4822,0.5007905
2010-03-29 17:00:00,2010-03-30 01:00:00,9,0.44523335,0.46381336
2010-03-29 17:00:00,2010-03-30 02:00:00,10,0.41226667,0.46678108
2010-03-29 17:00:00,2010-03-30 03:00:00,11,0.44876668,0.42198485
2010-03-29 17:00:00,2010-03-30 04:00:00,12,0.52386665,0.4111333
2010-03-29 17:00:00,2010-03-30 05:00:00,13,1.208,0.50598866
2010-03-29 17:00:00,2010-03-30 06:00:00,14,0.5168667,0.8869344
2010-03-29 17:00:00,2010-03-30 07:00:00,15,2.5761333,1.5130861
2010-03-29 17:00:00,2010-03-30 08:00:00,16,2.6258,1.7342671
2010-03-29 17:00:00,2010-03-30 09:00:00,17,2.0130668,1.7830988
2010-03-29 17:00:00,2010-03-30 10:00:00,18,1.7614334,1.6806203
2010-03-29 17:00:00,2010-03-30 11:00:00,19,1.4778,1.5468271
2010-03-29 17:00:00,2010-03-30 12:00:00,20,1.4474334,1.4336576
2010-03-29 17:00:00,2010-03-30 13:00:00,21,2.2496667,1.4112413
2010-03-29 17:00:00,2010-03-30 14:00:00,22,1.5428,1.3954036
2010-03-29 17:00:00,2010-03-30 15:00:00,23,1.1431667,1.3307359
2010-03-29 17:00:00,2010-03-30 16:00:00,24,0.885,1.1068672
2010-03-30 17:00:00,2010-03-30 17:00:00,1,0.89926666,0.80250335
2010-03-30 17:00:00,2010-03-30 18:00:00,2,0.678,1.0462232
2010-03-30 17:00:00,2010-03-30 19:00:00,3,0.9486667,1.5388874
2010-03-30 17:00:00,2010-03-30 20:00:00,4,1.7603,2.0845304
2010-03-30 17:00:00,2010-03-30 21:00:00,5,2.9702334,2.034848
2010-03-30 17:00:00,2010-03-30 22:00:00,6,2.2727666,1.3236309
2010-03-30 17:00:00,2010-03-30 23:00:00,7,0.4855,0.70750606
2010-03-30 17:00:00,2010-03-31 00:00:00,8,0.4668,0.4716128
2010-03-30 17:00:00,2010-03-31 01:00:00,9,0.32453334,0.34655857
2010-03-30 17:00:00,2010-03-31 02:00:00,10,0.33306667,0.38071984
2010-03-30 17:00:00,2010-03-31 03:00:00,11,0.29736668,0.39295757
2010-03-30 17:00:00,2010-03-31 04:00:00,12,0.2953,0.4108612
2010-03-30 17:00:00,2010-03-31 05:00:00,13,0.6300333,0.56898457
2010-03-30 17:00:00,2010-03-31 06:00:00,14,1.0479,1.0260892
2010-03-30 17:00:00,2010-03-31 07:00:00,15,1.8445333,1.8621345
2010-03-30 17:00:00,2010-03-31 08:00:00,16,2.2009666,1.9528364
2010-03-30 17:00:00,2010-03-31 09:00:00,17,2.2570333,1.8023038
2010-03-30 17:00:00,2010-03-31 10:00:00,18,1.406,1.7567762
2010-03-30 17:00:00,2010-03-31 11:00:00,19,1.9393,1.7072043
2010-03-30 17:00:00,2010-03-31 12:00:00,20,2.0071666,1.5755453
2010-03-30 17:00:00,2010-03-31 13:00:00,21,3.1350334,1.5394553
2010-03-30 17:00:00,2010-03-31 14:00:00,22,0.49153334,1.3906015
2010-03-30 17:00:00,2010-03-31 15:00:00,23,0.973,1.1957757
2010-03-30 17:00:00,2010-03-31 16:00:00,24,2.0605333,1.029519
2010-03-31 17:00:00,2010-03-31 17:00:00,1,0.8503,1.4302943
2010-03-31 17:00:00,2010-03-31 18:00:00,2,1.1096333,1.1494102
2010-03-31 17:00:00,2010-03-31 19:00:00,3,1.9378,1.3623476
2010-03-31 17:00:00,2010-03-31 20:00:00,4,2.1674333,1.9316434
2010-03-31 17:00:00,2010-03-31 21:00:00,5,2.6199,2.1098928
2010-03-31 17:00:00,2010-03-31 22:00:00,6,1.2260667,1.4044738
2010-03-31 17:00:00,2010-03-31 23:00:00,7,0.44213334,0.6660637
2010-03-31 17:00:00,2010-04-01 00:00:00,8,0.368,0.41485858
2010-03-31 17:00:00,2010-04-01 01:00:00,9,0.37436667,0.4036621
2010-03-31 17:00:00,2010-04-01 02:00:00,10,0.30866668,0.4065792
2010-03-31 17:00:00,2010-04-01 03:00:00,11,0.3153,0.40281266
2010-03-31 17:00:00,2010-04-01 04:00:00,12,0.41206667,0.4024409
2010-03-31 17:00:00,2010-04-01 05:00:00,13,0.956,0.6818289
2010-03-31 17:00:00,2010-04-01 06:00:00,14,0.7115,1.0162945
2010-03-31 17:00:00,2010-04-01 07:00:00,15,1.8976333,1.8162239
2010-03-31 17:00:00,2010-04-01 08:00:00,16,1.7394333,1.9396299
2010-03-31 17:00:00,2010-04-01 09:00:00,17,1.4106667,1.8773532
2010-03-31 17:00:00,2010-04-01 10:00:00,18,1.4278333,1.7046324
2010-03-31 17:00:00,2010-04-01 11:00:00,19,1.3922334,1.6191078
2010-03-31 17:00:00,2010-04-01 12:00:00,20,1.4118,1.6200752
2010-03-31 17:00:00,2010-04-01 13:00:00,21,1.3622333,1.5131502
2010-03-31 17:00:00,2010-04-01 14:00:00,22,1.1203,0.9750845
2010-03-31 17:00:00,2010-04-01 15:00:00,23,0.3688,0.8295468
2010-03-31 17:00:00,2010-04-01 16:00:00,24,0.43733335,0.9588629
2010-04-01 17:00:00,2010-04-01 17:00:00,1,0.34083334,0.6132886
2010-04-01 17:00:00,2010-04-01 18:00:00,2,0.6947,0.86329854
2010-04-01 17:00:00,2010-04-01 19:00:00,3,1.9912,1.2234648
2010-04-01 17:00:00,2010-04-01 20:00:00,4,2.8487334,1.7591028
2010-04-01 17:00:00,2010-04-01 21:00:00,5,2.4881666,1.9431181
2010-04-01 17:00:00,2010-04-01 22:00:00,6,2.3312666,1.4777844
2010-04-01 17:00:00,2010-04-01 23:00:00,7,1.4149333,0.76899755
2010-04-01 17:00:00,2010-04-02 00:00:00,8,0.72783333,0.46207136
2010-04-01 17:00:00,2010-04-02 01:00:00,9,0.2971,0.37312633
2010-04-01 17:00:00,2010-04-02 02:00:00,10,0.36936668,0.39741296
2010-04-01 17:00:00,2010-04-02 03:00:00,11,0.35196668,0.4201967
2010-04-01 17:00:00,2010-04-02 04:00:00,12,0.2988,0.4416597
2010-04-01 17:00:00,2010-04-02 05:00:00,13,0.2917,0.5001552
2010-04-01 17:00:00,2010-04-02 06:00:00,14,1.0766,0.7079213
2010-04-01 17:00:00,2010-04-02 07:00:00,15,1.9195666,1.3112289
2010-04-01 17:00:00,2010-04-02 08:00:00,16,1.7476333,1.5748583
2010-04-01 17:00:00,2010-04-02 09:00:00,17,1.9030334,1.6661863
2010-04-01 17:00:00,2010-04-02 10:00:00,18,1.5308,1.6107442
2010-04-01 17:00:00,2010-04-02 11:00:00,19,1.4902333,1.4187353
2010-04-01 17:00:00,2010-04-02 12:00:00,20,1.8298334,1.1931875
2010-04-01 17:00:00,2010-04-02 13:00:00,21,0.4873,1.1126941
2010-04-01 17:00:00,2010-04-02 14:00:00,22,0.7337667,1.0677099
2010-04-01 17:00:00,2010-04-02 15:00:00,23,1.5366,1.0289029
2010-04-01 17:00:00,2010-04-02 16:00:00,24,1.5783334,1.0645871
2010-04-02 17:00:00,2010-04-02 17:00:00,1,1.5146333,1.2678667
2010-04-02 17:00:00,2010-04-02 18:00:00,2,0.87583333,1.3604462
2010-04-02 17:00:00,2010-04-02 19:00:00,3,1.5252666,1.6759266
2010-04-02 17:00:00,2010-04-02 20:00:00,4,2.2630668,2.0541914
2010-04-02 17:00:00,2010-04-02 21:00:00,5,1.5465333,2.153963
2010-04-02 17:00:00,2010-04-02 22:00:00,6,1.1645666,1.8291936
2010-04-02 17:00:00,2010-04-02 23:00:00,7,0.41666666,1.0378379
2010-04-02 17:00:00,2010-04-03 00:00:00,8,0.75876665,0.5078719
2010-04-02 17:00:00,2010-04-03 01:00:00,9,0.5699667,0.30057293
2010-04-02 17:00:00,2010-04-03 02:00:00,10,0.30013335,0.30532676
2010-04-02 17:00:00,2010-04-03 03:00:00,11,0.33786666,0.31640917
2010-04-02 17:00:00,2010-04-03 04:00:00,12,0.3004,0.350976
2010-04-02 17:00:00,2010-04-03 05:00:00,13,0.28593335,0.4403978
2010-04-02 17:00:00,2010-04-03 06:00:00,14,0.6555333,0.58059645
2010-04-02 17:00:00,2010-04-03 07:00:00,15,2.5194333,0.9565731
2010-04-02 17:00:00,2010-04-03 08:00:00,16,1.9786,1.2218454
2010-04-02 17:00:00,2010-04-03 09:00:00,17,1.6327333,1.4978609
2010-04-02 17:00:00,2010-04-03 10:00:00,18,2.1151,1.6344855
2010-04-02 17:00:00,2010-04-03 11:00:00,19,2.3114667,1.5758795
2010-04-02 17:00:00,2010-04-03 12:00:00,20,1.7215333,1.4660248
2010-04-02 17:00:00,2010-04-03 13:00:00,21,1.6617666,1.4011648
2010-04-02 17:00:00,2010-04-03 14:00:00,22,1.5761666,1.327515
2010-04-02 17:00:00,2010-04-03 15:00:00,23,1.4900334,1.3381662
2010-04-02 17:00:00,2010-04-03 16:00:00,24,1.5566666,1.4491485
2010-04-03 17:00:00,2010-04-03 17:00:00,1,1.5175667,1.5608702
2010-04-03 17:00:00,2010-04-03 18:00:00,2,1.5235667,1.583909
2010-04-03 17:00:00,2010-04-03 19:00:00,3,1.5149333,1.7865067
2010-04-03 17:00:00,2010-04-03 20:00:00,4,1.5903333,1.9941901
2010-04-03 17:00:00,2010-04-03 21:00:00,5,1.1560667,1.9362742
2010-04-03 17:00:00,2010-04-03 22:00:00,6,0.44483334,1.7013469
2010-04-03 17:00:00,2010-04-03 23:00:00,7,0.5685667,1.0457306
2010-04-03 17:00:00,2010-04-04 00:00:00,8,0.55586666,0.6373493
2010-04-03 17:00:00,2010-04-04 01:00:00,9,0.33906665,0.40716845
2010-04-03 17:00:00,2010-04-04 02:00:00,10,0.96106666,0.37136382
2010-04-03 17:00:00,2010-04-04 03:00:00,11,0.5775,0.33226556
2010-04-03 17:00:00,2010-04-04 04:00:00,12,0.41233334,0.33590108
2010-04-03 17:00:00,2010-04-04 05:00:00,13,0.29393333,0.35310656
2010-04-03 17:00:00,2010-04-04 06:00:00,14,0.30756667,0.5235631
2010-04-03 17:00:00,2010-04-04 07:00:00,15,0.5575,0.8742422
2010-04-03 17:00:00,2010-04-04 08:00:00,16,0.5632667,1.1173275
2010-04-03 17:00:00,2010-04-04 09:00:00,17,1.3287,1.2344259
2010-04-03 17:00:00,2010-04-04 10:00:00,18,1.6264666,1.469536
2010-04-03 17:00:00,2010-04-04 11:00:00,19,1.0288334,1.6094157
2010-04-03 17:00:00,2010-04-04 12:00:00,20,2.0579,1.60635
2010-04-03 17:00:00,2010-04-04 13:00:00,21,1.5517334,1.6705995
2010-04-03 17:00:00,2010-04-04 14:00:00,22,1.4949334,1.6805103
2010-04-03 17:00:00,2010-04-04 15:00:00,23,2.7866,1.5190687
2010-04-03 17:00:00,2010-04-04 16:00:00,24,2.3451667,1.4790891
2010-04-04 17:00:00,2010-04-04 17:00:00,1,2.7621334,1.7043877
2010-04-04 17:00:00,2010-04-04 18:00:00,2,2.0107,1.4305127
2010-04-04 17:00:00,2010-04-04 19:00:00,3,2.0158,1.662881
2010-04-04 17:00:00,2010-04-04 20:00:00,4,1.1565666,1.8208928
2010-04-04 17:00:00,2010-04-04 21:00:00,5,0.42906666,1.6886401
2010-04-04 17:00:00,2010-04-04 22:00:00,6,0.5060667,1.3033673
2010-04-04 17:00:00,2010-04-04 23:00:00,7,0.5043667,0.70186853
2010-04-04 17:00:00,2010-04-05 00:00:00,8,0.36236668,0.5381277
2010-04-04 17:00:00,2010-04-05 01:00:00,9,0.28886667,0.4415936
2010-04-04 17:00:00,2010-04-05 02:00:00,10,0.44733334,0.41011953
2010-04-04 17:00:00,2010-04-05 03:00:00,11,0.83133334,0.39686024
2010-04-04 17:00:00,2010-04-05 04:00:00,12,0.3,0.41067517
2010-04-04 17:00:00,2010-04-05 05:00:00,13,0.3066,0.5475962
2010-04-04 17:00:00,2010-04-05 06:00:00,14,0.35753334,0.7155262
2010-04-04 17:00:00,2010-04-05 07:00:00,15,0.8574,1.5824261
2010-04-04 17:00:00,2010-04-05 08:00:00,16,0.41753334,1.44455
2010-04-04 17:00:00,2010-04-05 09:00:00,17,1.1238667,1.4484519
2010-04-04 17:00:00,2010-04-05 10:00:00,18,2.7682,1.4809041
2010-04-04 17:00:00,2010-04-05 11:00:00,19,1.3233666,1.475325
2010-04-04 17:00:00,2010-04-05 12:00:00,20,0.851,1.4451289
2010-04-04 17:00:00,2010-04-05 13:00:00,21,0.34883332,1.4400033
2010-04-04 17:00:00,2010-04-05 14:00:00,22,0.2985,1.30048
2010-04-04 17:00:00,2010-04-05 15:00:00,23,0.5606,1.2384473
2010-04-04 17:00:00,2010-04-05 16:00:00,24,0.5683,1.2002974
2010-04-05 17:00:00,2010-04-05 17:00:00,1,0.44466665,0.6475779
2010-04-05 17:00:00,2010-04-05 18:00:00,2,1.3840667,0.81272995
2010-04-05 17:00:00,2010-04-05 19:00:00,3,0.6501667,1.3132328
2010-04-05 17:00:00,2010-04-05 20:00:00,4,1.2092,1.7411371
2010-04-05 17:00:00,2010-04-05 21:00:00,5,2.0313,1.8644545
2010-04-05 17:00:00,2010-04-05 22:00:00,6,0.6023,1.1944715
2010-04-05 17:00:00,2010-04-05 23:00:00,7,0.31366667,0.56943953
2010-04-05 17:00:00,2010-04-06 00:00:00,8,0.31523332,0.42665625
2010-04-05 17:00:00,2010-04-06 01:00:00,9,0.39003333,0.31968886
2010-04-05 17:00:00,2010-04-06 02:00:00,10,0.35353333,0.33982658
2010-04-05 17:00:00,2010-04-06 03:00:00,11,0.29653335,0.34015262
2010-04-05 17:00:00,2010-04-06 04:00:00,12,0.3238,0.3242833
2010-04-05 17:00:00,2010-04-06 05:00:00,13,0.9582667,0.5741257
2010-04-05 17:00:00,2010-04-06 06:00:00,14,0.49876666,0.7413614
2010-04-05 17:00:00,2010-04-06 07:00:00,15,0.935,2.0005052
2010-04-05 17:00:00,2010-04-06 08:00:00,16,1.728,1.8850267
2010-04-05 17:00:00,2010-04-06 09:00:00,17,1.8342,1.7243485
2010-04-05 17:00:00,2010-04-06 10:00:00,18,2.0517666,1.6227983
2010-04-05 17:00:00,2010-04-06 11:00:00,19,1.9221333,1.4801702
2010-04-05 17:00:00,2010-04-06 12:00:00,20,1.5462,1.4381267
2010-04-05 17:00:00,2010-04-06 13:00:00,21,1.5704334,1.3299426
2010-04-05 17:00:00,2010-04-06 14:00:00,22,1.9942666,1.00531
2010-04-05 17:00:00,2010-04-06 15:00:00,23,1.9803,0.99742913
2010-04-05 17:00:00,2010-04-06 16:00:00,24,0.7770333,0.9850419
2010-04-06 17:00:00,2010-04-06 17:00:00,1,0.73796666,0.92803514
2010-04-06 17:00:00,2010-04-06 18:00:00,2,0.7173,1.1960628
2010-04-06 17:00:00,2010-04-06 19:00:00,3,0.8582,1.6417608
2010-04-06 17:00:00,2010-04-06 20:00:00,4,3.1991,1.9346213
2010-04-06 17:00:00,2010-04-06 21:00:00,5,2.5128667,1.8944869
2010-04-06 17:00:00,2010-04-06 22:00:00,6,2.0876,1.3931292
2010-04-06 17:00:00,2010-04-06 23:00:00,7,0.8423333,0.60961986
2010-04-06 17:00:00,2010-04-07 00:00:00,8,0.34443334,0.35782236
2010-04-06 17:00:00,2010-04-07 01:00:00,9,0.36466667,0.29503167
2010-04-06 17:00:00,2010-04-07 02:00:00,10,0.93453336,0.26575065
2010-04-06 17:00:00,2010-04-07 03:00:00,11,0.47866666,0.27184558
2010-04-06 17:00:00,2010-04-07 04:00:00,12,0.39893332,0.2862686
2010-04-06 17:00:00,2010-04-07 05:00:00,13,0.42973334,0.39814174
2010-04-06 17:00:00,2010-04-07 06:00:00,14,0.9964333,0.795124
2010-04-06 17:00:00,2010-04-07 07:00:00,15,2.4640667,1.7337847
2010-04-06 17:00:00,2010-04-07 08:00:00,16,1.4139,1.9269987
2010-04-06 17:00:00,2010-04-07 09:00:00,17,1.3653667,1.837633
2010-04-06 17:00:00,2010-04-07 10:00:00,18,1.4228,1.7371681
2010-04-06 17:00:00,2010-04-07 11:00:00,19,1.9333333,1.7157984
2010-04-06 17:00:00,2010-04-07 12:00:00,20,1.6007333,1.5693948
2010-04-06 17:00:00,2010-04-07 13:00:00,21,1.6148,1.4618238
2010-04-06 17:00:00,2010-04-07 14:00:00,22,2.0127332,1.1778255
2010-04-06 17:00:00,2010-04-07 15:00:00,23,0.63876665,1.2674327
2010-04-06 17:00:00,2010-04-07 16:00:00,24,0.43076667,1.311712
2010-04-07 17:00:00,2010-04-07 17:00:00,1,0.3765,0.53305346
2010-04-07 17:00:00,2010-04-07 18:00:00,2,0.43633333,0.77189016
2010-04-07 17:00:00,2010-04-07 19:00:00,3,0.7996,1.5116758
2010-04-07 17:00:00,2010-04-07 20:00:00,4,2.7103,2.0216975
2010-04-07 17:00:00,2010-04-07 21:00:00,5,1.7610333,1.8473315
2010-04-07 17:00:00,2010-04-07 22:00:00,6,1.3279667,1.2506913
2010-04-07 17:00:00,2010-04-07 23:00:00,7,0.35996667,0.62561506
2010-04-07 17:00:00,2010-04-08 00:00:00,8,0.40133333,0.446284
2010-04-07 17:00:00,2010-04-08 01:00:00,9,0.9679667,0.36180037
2010-04-07 17:00:00,2010-04-08 02:00:00,10,0.51773334,0.41395575
2010-04-07 17:00:00,2010-04-08 03:00:00,11,0.34426665,0.3775645
2010-04-07 17:00:00,2010-04-08 04:00:00,12,0.30563334,0.33078194
2010-04-07 17:00:00,2010-04-08 05:00:00,13,0.36313334,0.46670246
2010-04-07 17:00:00,2010-04-08 06:00:00,14,0.6800333,0.76939034
2010-04-07 17:00:00,2010-04-08 07:00:00,15,2.0141,1.7486584
2010-04-07 17:00:00,2010-04-08 08:00:00,16,1.8648666,1.6876876
2010-04-07 17:00:00,2010-04-08 09:00:00,17,1.4587333,1.5958827
2010-04-07 17:00:00,2010-04-08 10:00:00,18,1.4527667,1.6521647
2010-04-07 17:00:00,2010-04-08 11:00:00,19,1.4484333,1.5947666
2010-04-07 17:00:00,2010-04-08 12:00:00,20,1.5700667,1.4817833
2010-04-07 17:00:00,2010-04-08 13:00:00,21,1.5657,1.3002981
2010-04-07 17:00:00,2010-04-08 14:00:00,22,1.2318667,1.2384691
2010-04-07 17:00:00,2010-04-08 15:00:00,23,0.40376666,1.0783701
2010-04-07 17:00:00,2010-04-08 16:00:00,24,0.35683334,0.852955
2010-04-08 17:00:00,2010-04-08 17:00:00,1,0.55806667,0.5423342
2010-04-08 17:00:00,2010-04-08 18:00:00,2,0.8494667,0.74992526
2010-04-08 17:00:00,2010-04-08 19:00:00,3,1.5706,1.3562175
2010-04-08 17:00:00,2010-04-08 20:00:00,4,2.6542666,2.0051017
2010-04-08 17:00:00,2010-04-08 21:00:00,5,2.5194333,1.7583728
2010-04-08 17:00:00,2010-04-08 22:00:00,6,1.9635,1.2667519
2010-04-08 17:00:00,2010-04-08 23:00:00,7,0.42443332,0.6231602
2010-04-08 17:00:00,2010-04-09 00:00:00,8,0.31543332,0.45890975
2010-04-08 17:00:00,2010-04-09 01:00:00,9,0.33146667,0.43523544
2010-04-08 17:00:00,2010-04-09 02:00:00,10,0.28536665,0.4369548
2010-04-08 17:00:00,2010-04-09 03:00:00,11,0.3654,0.39292753
2010-04-08 17:00:00,2010-04-09 04:00:00,12,0.35596666,0.33650064
2010-04-08 17:00:00,2010-04-09 05:00:00,13,0.3725,0.391312
2010-04-08 17:00:00,2010-04-09 06:00:00,14,0.86433333,0.81554234
2010-04-08 17:00:00,2010-04-09 07:00:00,15,2.0195334,1.756995
2010-04-08 17:00:00,2010-04-09 08:00:00,16,2.0941334,1.7271382
2010-04-08 17:00:00,2010-04-09 09:00:00,17,1.9298333,1.7789743
2010-04-08 17:00:00,2010-04-09 10:00:00,18,1.4441667,1.772512
2010-04-08 17:00:00,2010-04-09 11:00:00,19,1.4657,1.6452072
2010-04-08 17:00:00,2010-04-09 12:00:00,20,1.2059667,1.5716288
2010-04-08 17:00:00,2010-04-09 13:00:00,21,0.33653334,1.3596377
2010-04-08 17:00:00,2010-04-09 14:00:00,22,0.4758,1.2821848
2010-04-08 17:00:00,2010-04-09 15:00:00,23,0.43883333,1.1913278
2010-04-08 17:00:00,2010-04-09 16:00:00,24,1.3990667,1.0022619
2010-04-09 17:00:00,2010-04-09 17:00:00,1,1.2937666,1.168489
2010-04-09 17:00:00,2010-04-09 18:00:00,2,0.45643333,1.2427038
2010-04-09 17:00:00,2010-04-09 19:00:00,3,0.5301333,1.5832564
2010-04-09 17:00:00,2010-04-09 20:00:00,4,0.4002,1.9296684
2010-04-09 17:00:00,2010-04-09 21:00:00,5,0.5482,1.7125757
2010-04-09 17:00:00,2010-04-09 22:00:00,6,1.1739666,1.1290197
2010-04-09 17:00:00,2010-04-09 23:00:00,7,0.4531,0.5805564
2010-04-09 17:00:00,2010-04-10 00:00:00,8,0.4239,0.43128473
2010-04-09 17:00:00,2010-04-10 01:00:00,9,0.32263333,0.40176177
2010-04-09 17:00:00,2010-04-10 02:00:00,10,0.33673334,0.40369642
2010-04-09 17:00:00,2010-04-10 03:00:00,11,0.29036668,0.372584
2010-04-09 17:00:00,2010-04-10 04:00:00,12,0.35203335,0.36352408
2010-04-09 17:00:00,2010-04-10 05:00:00,13,0.82643336,0.403144
2010-04-09 17:00:00,2010-04-10 06:00:00,14,0.7959333,0.66165686
2010-04-09 17:00:00,2010-04-10 07:00:00,15,2.0136666,1.4817735
2010-04-09 17:00:00,2010-04-10 08:00:00,16,1.4761333,1.7107704
2010-04-09 17:00:00,2010-04-10 09:00:00,17,1.3856,1.7567432
2010-04-09 17:00:00,2010-04-10 10:00:00,18,1.5903333,1.8536954
2010-04-09 17:00:00,2010-04-10 11:00:00,19,0.52346665,1.7568753
2010-04-09 17:00:00,2010-04-10 12:00:00,20,0.5199,1.6368828
2010-04-09 17:00:00,2010-04-10 13:00:00,21,0.39986667,1.5270461
2010-04-09 17:00:00,2010-04-10 14:00:00,22,0.29676667,1.5511379
2010-04-09 17:00:00,2010-04-10 15:00:00,23,0.3648,1.533633
2010-04-09 17:00:00,2010-04-10 16:00:00,24,0.51533335,1.5248703
2010-04-18 17:00:00,2010-04-18 17:00:00,1,0.39476666,0.70157236
2010-04-18 17:00:00,2010-04-18 18:00:00,2,1.2476333,0.9066907
2010-04-18 17:00:00,2010-04-18 19:00:00,3,1.6654,1.2347833
2010-04-18 17:00:00,2010-04-18 20:00:00,4,1.8225666,1.3621832
2010-04-18 17:00:00,2010-04-18 21:00:00,5,2.1953,1.1892081
2010-04-18 17:00:00,2010-04-18 22:00:00,6,1.1288,0.8871109
2010-04-18 17:00:00,2010-04-18 23:00:00,7,0.5014,0.5421153
2010-04-18 17:00:00,2010-04-19 00:00:00,8,0.3788,0.4329822
2010-04-18 17:00:00,2010-04-19 01:00:00,9,0.36163333,0.3741582
2010-04-18 17:00:00,2010-04-19 02:00:00,10,0.44126666,0.3981955
2010-04-18 17:00:00,2010-04-19 03:00:00,11,0.3892,0.37901187
2010-04-18 17:00:00,2010-04-19 04:00:00,12,0.35443333,0.38427675
2010-04-18 17:00:00,2010-04-19 05:00:00,13,0.31926668,0.44797343
2010-04-18 17:00:00,2010-04-19 06:00:00,14,1.0650667,0.79866207
2010-04-18 17:00:00,2010-04-19 07:00:00,15,0.58003336,1.4348637
2010-04-18 17:00:00,2010-04-19 08:00:00,16,0.37463334,1.5169353
2010-04-18 17:00:00,2010-04-19 09:00:00,17,1.0736,1.5042602
2010-04-18 17:00:00,2010-04-19 10:00:00,18,2.2938,1.5037177
2010-04-18 17:00:00,2010-04-19 11:00:00,19,1.7982666,1.4976089
2010-04-18 17:00:00,2010-04-19 12:00:00,20,1.6997334,1.4913859
2010-04-18 17:00:00,2010-04-19 13:00:00,21,1.5137,1.4338449
2010-04-18 17:00:00,2010-04-19 14:00:00,22,1.4145334,1.3297193
2010-04-18 17:00:00,2010-04-19 15:00:00,23,1.4509667,1.0529612
2010-04-18 17:00:00,2010-04-19 16:00:00,24,1.4736667,0.90597963
2010-04-19 17:00:00,2010-04-19 17:00:00,1,2.6827333,1.2804309
2010-04-19 17:00:00,2010-04-19 18:00:00,2,2.1485333,1.2724661
2010-04-19 17:00:00,2010-04-19 19:00:00,3,2.1934667,1.5264819
2010-04-19 17:00:00,2010-04-19 20:00:00,4,1.8416333,1.6403046
2010-04-19 17:00:00,2010-04-19 21:00:00,5,1.6705,1.444747
2010-04-19 17:00:00,2010-04-19 22:00:00,6,0.61293334,0.9692347
2010-04-19 17:00:00,2010-04-19 23:00:00,7,0.34416667,0.52661675
2010-04-19 17:00:00,2010-04-20 00:00:00,8,1.0682666,0.3870386
2010-04-19 17:00:00,2010-04-20 01:00:00,9,0.42886665,0.31785375
2010-04-19 17:00:00,2010-04-20 02:00:00,10,0.4137,0.34166223
2010-04-19 17:00:00,2010-04-20 03:00:00,11,0.35103333,0.33743262
2010-04-19 17:00:00,2010-04-20 04:00:00,12,0.3545,0.32734722
2010-04-19 17:00:00,2010-04-20 05:00:00,13,0.30126667,0.5390544
2010-04-19 17:00:00,2010-04-20 06:00:00,14,0.44443333,1.0268874
2010-04-19 17:00:00,2010-04-20 07:00:00,15,1.7821,1.6289371
2010-04-19 17:00:00,2010-04-20 08:00:00,16,1.5909,1.5772417
2010-04-19 17:00:00,2010-04-20 09:00:00,17,1.8861333,1.4965832
2010-04-19 17:00:00,2010-04-20 10:00:00,18,1.8644667,1.5664
2010-04-19 17:00:00,2010-04-20 11:00:00,19,1.5847666,1.5522742
2010-04-19 17:00:00,2010-04-20 12:00:00,20,1.5754666,1.5413282
2010-04-19 17:00:00,2010-04-20 13:00:00,21,1.6598667,1.5368602
2010-04-19 17:00:00,2010-04-20 14:00:00,22,1.4857334,1.4615493
2010-04-19 17:00:00,2010-04-20 15:00:00,23,1.4511334,1.27281
2010-04-19 17:00:00,2010-04-20 16:00:00,24,1.5280334,1.1354054
2010-04-20 17:00:00,2010-04-20 17:00:00,1,1.5625334,1.4574057
2010-04-20 17:00:00,2010-04-20 18:00:00,2,1.2556334,1.5704864
2010-04-20 17:00:00,2010-04-20 19:00:00,3,1.406,1.7454767
2010-04-20 17:00:00,2010-04-20 20:00:00,4,2.4154,1.8023951
2010-04-20 17:00:00,2010-04-20 21:00:00,5,2.2705667,1.6186924
2010-04-20 17:00:00,2010-04-20 22:00:00,6,1.4235333,1.0641072
2010-04-20 17:00:00,2010-04-20 23:00:00,7,0.45613334,0.5611856
2010-04-20 17:00:00,2010-04-21 00:00:00,8,0.9508333,0.40342504
2010-04-20 17:00:00,2010-04-21 01:00:00,9,0.74583334,0.3320027
2010-04-20 17:00:00,2010-04-21 02:00:00,10,0.35946667,0.35485566
2010-04-20 17:00:00,2010-04-21 03:00:00,11,0.3177,0.33858323
2010-04-20 17:00:00,2010-04-21 04:00:00,12,0.41733333,0.3252734
2010-04-20 17:00:00,2010-04-21 05:00:00,13,0.42006665,0.47662055
2010-04-20 17:00:00,2010-04-21 06:00:00,14,0.47276667,0.91938174
2010-04-20 17:00:00,2010-04-21 07:00:00,15,1.1233333,1.6621803
2010-04-20 17:00:00,2010-04-21 08:00:00,16,1.4977334,1.6990553
2010-04-20 17:00:00,2010-04-21 09:00:00,17,1.2514334,1.7405233
2010-04-20 17:00:00,2010-04-21 10:00:00,18,1.7870333,1.7080928
2010-04-20 17:00:00,2010-04-21 11:00:00,19,1.7057,1.6069643
2010-04-20 17:00:00,2010-04-21 12:00:00,20,1.4616333,1.5812063
2010-04-20 17:00:00,2010-04-21 13:00:00,21,1.4520667,1.5399677
2010-04-20 17:00:00,2010-04-21 14:00:00,22,1.5218,1.5056219
2010-04-20 17:00:00,2010-04-21 15:00:00,23,0.9395,1.4152429
2010-04-20 17:00:00,2010-04-21 16:00:00,24,0.45783332,1.3548846
2010-04-21 17:00:00,2010-04-21 17:00:00,1,1.2767333,0.80870104
2010-04-21 17:00:00,2010-04-21 18:00:00,2,1.3145666,1.1614501
2010-04-21 17:00:00,2010-04-21 19:00:00,3,0.58933336,1.5668192
2010-04-21 17:00:00,2010-04-21 20:00:00,4,1.2491,1.7603388
2010-04-21 17:00:00,2010-04-21 21:00:00,5,1.6814667,1.7620893
2010-04-21 17:00:00,2010-04-21 22:00:00,6,1.5153333,1.1625185
2010-04-21 17:00:00,2010-04-21 23:00:00,7,1.8233,0.5118672
2010-04-21 17:00:00,2010-04-22 00:00:00,8,0.6506,0.43756616
2010-04-21 17:00:00,2010-04-22 01:00:00,9,0.3698,0.4088828
2010-04-21 17:00:00,2010-04-22 02:00:00,10,0.4421,0.38662314
2010-04-21 17:00:00,2010-04-22 03:00:00,11,0.41696668,0.3612553
2010-04-21 17:00:00,2010-04-22 04:00:00,12,0.92843336,0.33326817
2010-04-21 17:00:00,2010-04-22 05:00:00,13,0.41166666,0.34013158
2010-04-21 17:00:00,2010-04-22 06:00:00,14,0.3484,0.6615517
2010-04-21 17:00:00,2010-04-22 07:00:00,15,0.4622,1.3890264
2010-04-21 17:00:00,2010-04-22 08:00:00,16,0.88306665,1.5291417
2010-04-21 17:00:00,2010-04-22 09:00:00,17,1.7109667,1.4266926
2010-04-21 17:00:00,2010-04-22 10:00:00,18,1.8938,1.5491956
2010-04-21 17:00:00,2010-04-22 11:00:00,19,2.0479333,1.4770976
2010-04-21 17:00:00,2010-04-22 12:00:00,20,2.2073,1.537461
2010-04-21 17:00:00,2010-04-22 13:00:00,21,1.9411,1.492926
2010-04-21 17:00:00,2010-04-22 14:00:00,22,1.5782334,1.4306024
2010-04-21 17:00:00,2010-04-22 15:00:00,23,1.4151334,1.2814002
2010-04-21 17:00:00,2010-04-22 16:00:00,24,1.465,1.1465864
2010-04-22 17:00:00,2010-04-22 17:00:00,1,1.0300333,1.4478052
2010-04-22 17:00:00,2010-04-22 18:00:00,2,0.48853335,1.5245854
2010-04-22 17:00:00,2010-04-22 19:00:00,3,0.5151,1.6244878
2010-04-22 17:00:00,2010-04-22 20:00:00,4,0.8746333,1.6105161
2010-04-22 17:00:00,2010-04-22 21:00:00,5,1.4799,1.5543408
2010-04-22 17:00:00,2010-04-22 22:00:00,6,0.36903334,1.2232587
2010-04-22 17:00:00,2010-04-22 23:00:00,7,0.41846666,0.8341845
2010-04-22 17:00:00,2010-04-23 00:00:00,8,0.3996,0.6332969
2010-04-22 17:00:00,2010-04-23 01:00:00,9,0.30923334,0.500087
2010-04-22 17:00:00,2010-04-23 02:00:00,10,0.3478,0.44975924
2010-04-22 17:00:00,2010-04-23 03:00:00,11,0.34516665,0.4234538
2010-04-22 17:00:00,2010-04-23 04:00:00,12,0.369,0.42571825
2010-04-22 17:00:00,2010-04-23 05:00:00,13,0.3976,0.49020302
2010-04-22 17:00:00,2010-04-23 06:00:00,14,1.3673333,0.6924149
2010-04-22 17:00:00,2010-04-23 07:00:00,15,0.8757333,1.1120415
2010-04-22 17:00:00,2010-04-23 08:00:00,16,1.7224333,1.3497418
2010-04-22 17:00:00,2010-04-23 09:00:00,17,1.5311667,1.551368
2010-04-22 17:00:00,2010-04-23 10:00:00,18,1.5628,1.6457812
2010-04-22 17:00:00,2010-04-23 11:00:00,19,1.4343333,1.617111
2010-04-22 17:00:00,2010-04-23 12:00:00,20,1.4431666,1.5868847
2010-04-22 17:00:00,2010-04-23 13:00:00,21,1.4595,1.5172329
2010-04-22 17:00:00,2010-04-23 14:00:00,22,1.5598667,1.4365516
2010-04-22 17:00:00,2010-04-23 15:00:00,23,0.74833333,1.3668059
2010-04-22 17:00:00,2010-04-23 16:00:00,24,0.4193,1.3159196
2010-04-23 17:00:00,2010-04-23 17:00:00,1,0.40643334,0.66929495
2010-04-23 17:00:00,2010-04-23 18:00:00,2,0.35116667,0.87010014
2010-04-23 17:00:00,2010-04-23 19:00:00,3,0.8642,0.9657954
2010-04-23 17:00:00,2010-04-23 20:00:00,4,0.6341,0.97427297
2010-04-23 17:00:00,2010-04-23 21:00:00,5,0.4116,0.89989525
2010-04-23 17:00:00,2010-04-23 22:00:00,6,0.36393332,0.6915417
2010-04-23 17:00:00,2010-04-23 23:00:00,7,0.3518,0.54909045
2010-04-23 17:00:00,2010-04-24 00:00:00,8,0.30253333,0.44738632
2010-04-23 17:00:00,2010-04-24 01:00:00,9,0.39263332,0.37523317
2010-04-23 17:00:00,2010-04-24 02:00:00,10,0.43456668,0.36309052
2010-04-23 17:00:00,2010-04-24 03:00:00,11,0.3771,0.37052828
2010-04-23 17:00:00,2010-04-24 04:00:00,12,0.3519,0.3955338
2010-04-23 17:00:00,2010-04-24 05:00:00,13,1.0910333,0.4545235
2010-04-23 17:00:00,2010-04-24 06:00:00,14,0.37946665,0.59153986
2010-04-23 17:00:00,2010-04-24 07:00:00,15,0.41296667,0.91379595
2010-04-23 17:00:00,2010-04-24 08:00:00,16,0.34476668,1.1490548
2010-04-23 17:00:00,2010-04-24 09:00:00,17,0.35433334,1.432497
2010-04-23 17:00:00,2010-04-24 10:00:00,18,0.3441,1.600806
2010-04-23 17:00:00,2010-04-24 11:00:00,19,0.35476667,1.550124
2010-04-23 17:00:00,2010-04-24 12:00:00,20,0.52963334,1.4973614
2010-04-23 17:00:00,2010-04-24 13:00:00,21,0.6028,1.404377
2010-04-23 17:00:00,2010-04-24 14:00:00,22,0.543,1.320978
2010-04-23 17:00:00,2010-04-24 15:00:00,23,1.2421334,1.2205106
2010-04-23 17:00:00,2010-04-24 16:00:00,24,0.6988,1.0914587
2010-04-24 17:00:00,2010-04-24 17:00:00,1,1.6808333,0.7110136
2010-04-24 17:00:00,2010-04-24 18:00:00,2,2.4453,0.7454933
2010-04-24 17:00:00,2010-04-24 19:00:00,3,2.4780667,0.8233879
2010-04-24 17:00:00,2010-04-24 20:00:00,4,2.0275,0.8511734
2010-04-24 17:00:00,2010-04-24 21:00:00,5,3.1433334,0.777533
2010-04-24 17:00:00,2010-04-24 22:00:00,6,3.0312,0.67135954
2010-04-24 17:00:00,2010-04-24 23:00:00,7,1.7442,0.52057993
2010-04-24 17:00:00,2010-04-25 00:00:00,8,1.6366333,0.43977952
2010-04-24 17:00:00,2010-04-25 01:00:00,9,2.7611334,0.3827265
2010-04-24 17:00:00,2010-04-25 02:00:00,10,1.9335333,0.36624765
2010-04-24 17:00:00,2010-04-25 03:00:00,11,1.6507334,0.37028265
2010-04-24 17:00:00,2010-04-25 04:00:00,12,1.866,0.36347616
2010-04-24 17:00:00,2010-04-25 05:00:00,13,1.7733667,0.37488562
2010-04-24 17:00:00,2010-04-25 06:00:00,14,0.42626667,0.42840314
2010-04-24 17:00:00,2010-04-25 07:00:00,15,0.41663334,0.53979933
2010-04-24 17:00:00,2010-04-25 08:00:00,16,0.42106667,0.66243917
2010-04-24 17:00:00,2010-04-25 09:00:00,17,0.42003334,0.81409377
2010-04-24 17:00:00,2010-04-25 10:00:00,18,1.9056667,0.9687539
2010-04-24 17:00:00,2010-04-25 11:00:00,19,1.8239334,1.0743066
2010-04-24 17:00:00,2010-04-25 12:00:00,20,1.9839667,1.081437
2010-04-24 17:00:00,2010-04-25 13:00:00,21,1.9141333,1.0900875
2010-04-24 17:00:00,2010-04-25 14:00:00,22,0.7066,1.0722153
2010-04-24 17:00:00,2010-04-25 15:00:00,23,0.42853335,1.0503887
2010-04-24 17:00:00,2010-04-25 16:00:00,24,0.44393334,0.9887545
2010-04-25 17:00:00,2010-04-25 17:00:00,1,0.3283,0.7156699
2010-04-25 17:00:00,2010-04-25 18:00:00,2,0.38276666,1.1719372
2010-04-25 17:00:00,2010-04-25 19:00:00,3,0.43536666,1.4032972
2010-04-25 17:00:00,2010-04-25 20:00:00,4,0.36833334,1.5518408
2010-04-25 17:00:00,2010-04-25 21:00:00,5,0.36783335,1.5755148
2010-04-25 17:00:00,2010-04-25 22:00:00,6,0.9214333,1.2887938
2010-04-25 17:00:00,2010-04-25 23:00:00,7,0.39616665,0.76915324
2010-04-25 17:00:00,2010-04-26 00:00:00,8,0.4195,0.5745878
2010-04-25 17:00:00,2010-04-26 01:00:00,9,0.3576,0.43754637
2010-04-25 17:00:00,2010-04-26 02:00:00,10,0.3525,0.39339143
2010-04-25 17:00:00,2010-04-26 03:00:00,11,0.36146668,0.3888756
2010-04-25 17:00:00,2010-04-26 04:00:00,12,0.39893332,0.3874964
2010-04-25 17:00:00,2010-04-26 05:00:00,13,0.3567,0.4408651
2010-04-25 17:00:00,2010-04-26 06:00:00,14,0.35583332,0.58514136
2010-04-25 17:00:00,2010-04-26 07:00:00,15,0.35833332,0.81236184
2010-04-25 17:00:00,2010-04-26 08:00:00,16,1.1722333,1.0092957
2010-04-25 17:00:00,2010-04-26 09:00:00,17,0.57556665,1.2987983
2010-04-25 17:00:00,2010-04-26 10:00:00,18,0.399,1.6120512
2010-04-25 17:00:00,2010-04-26 11:00:00,19,0.5157667,1.61566
2010-04-25 17:00:00,2010-04-26 12:00:00,20,0.41466665,1.5922267
2010-04-25 17:00:00,2010-04-26 13:00:00,21,0.5905667,1.4638985
2010-04-25 17:00:00,2010-04-26 14:00:00,22,0.42476666,1.3662962
2010-04-25 17:00:00,2010-04-26 15:00:00,23,1.7113667,1.2748227
2010-04-25 17:00:00,2010-04-26 16:00:00,24,0.9776,1.1892241
2010-04-26 17:00:00,2010-04-26 17:00:00,1,0.376,0.88444805
2010-04-26 17:00:00,2010-04-26 18:00:00,2,0.48513332,0.8825158
2010-04-26 17:00:00,2010-04-26 19:00:00,3,1.4830333,0.9329008
2010-04-26 17:00:00,2010-04-26 20:00:00,4,1.4643,0.98643446
2010-04-26 17:00:00,2010-04-26 21:00:00,5,1.4257667,0.95014936
2010-04-26 17:00:00,2010-04-26 22:00:00,6,2.1843333,0.79319006
2010-04-26 17:00:00,2010-04-26 23:00:00,7,0.8843,0.6419563
2010-04-26 17:00:00,2010-04-27 00:00:00,8,0.90566665,0.5336003
2010-04-26 17:00:00,2010-04-27 01:00:00,9,0.84493333,0.45122594
2010-04-26 17:00:00,2010-04-27 02:00:00,10,0.8372667,0.3892489
2010-04-26 17:00:00,2010-04-27 03:00:00,11,0.7849333,0.3575549
2010-04-26 17:00:00,2010-04-27 04:00:00,12,0.8844333,0.3364749
2010-04-26 17:00:00,2010-04-27 05:00:00,13,0.8395,0.37528718
2010-04-26 17:00:00,2010-04-27 06:00:00,14,0.8296667,0.47133666
2010-04-26 17:00:00,2010-04-27 07:00:00,15,0.805,0.65269685
2010-04-26 17:00:00,2010-04-27 08:00:00,16,2.2631667,0.78652245
2010-04-26 17:00:00,2010-04-27 09:00:00,17,1.5056666,0.91473067
2010-04-26 17:00:00,2010-04-27 10:00:00,18,1.4813,0.9706236
2010-04-26 17:00:00,2010-04-27 11:00:00,19,1.4488667,0.97917145
2010-04-26 17:00:00,2010-04-27 12:00:00,20,1.5308334,0.9501781
2010-04-26 17:00:00,2010-04-27 13:00:00,21,1.0180334,0.9811459
2010-04-26 17:00:00,2010-04-27 14:00:00,22,0.5066,0.9571934
2010-04-26 17:00:00,2010-04-27 15:00:00,23,0.44523335,0.9339428
2010-04-26 17:00:00,2010-04-27 16:00:00,24,0.4316,0.8945862
2010-04-27 17:00:00,2010-04-27 17:00:00,1,0.33816665,0.47313613
2010-04-27 17:00:00,2010-04-27 18:00:00,2,0.41353333,0.49981332
2010-04-27 17:00:00,2010-04-27 19:00:00,3,0.3387,0.6021769
2010-04-27 17:00:00,2010-04-27 20:00:00,4,0.4153,0.75902104
2010-04-27 17:00:00,2010-04-27 21:00:00,5,0.3497,0.8462097
2010-04-27 17:00:00,2010-04-27 22:00:00,6,0.44313332,0.80917436
2010-04-27 17:00:00,2010-04-27 23:00:00,7,1.1877667,0.7442557
2010-04-27 17:00:00,2010-04-28 00:00:00,8,0.41583332,0.63617754
2010-04-27 17:00:00,2010-04-28 01:00:00,9,0.33766666,0.5568085
2010-04-27 17:00:00,2010-04-28 02:00:00,10,0.351,0.53577745
2010-04-27 17:00:00,2010-04-28 03:00:00,11,0.32276666,0.497641
2010-04-27 17:00:00,2010-04-28 04:00:00,12,0.40406665,0.4974622
2010-04-27 17:00:00,2010-04-28 05:00:00,13,0.3438,0.5390042
2010-04-27 17:00:00,2010-04-28 06:00:00,14,0.35293335,0.60068005
2010-04-27 17:00:00,2010-04-28 07:00:00,15,0.36983332,0.77752566
2010-04-27 17:00:00,2010-04-28 08:00:00,16,0.381,1.0401936
2010-04-27 17:00:00,2010-04-28 09:00:00,17,0.74543333,1.1525975
2010-04-27 17:00:00,2010-04-28 10:00:00,18,1.4462,1.228236
2010-04-27 17:00:00,2010-04-28 11:00:00,19,1.0110333,1.2395958
2010-04-27 17:00:00,2010-04-28 12:00:00,20,0.46066666,1.1899302
2010-04-27 17:00:00,2010-04-28 13:00:00,21,0.32486665,1.1658998
2010-04-27 17:00:00,2010-04-28 14:00:00,22,0.38823333,1.0474287
2010-04-27 17:00:00,2010-04-28 15:00:00,23,0.38673332,0.95109785
2010-04-27 17:00:00,2010-04-28 16:00:00,24,0.44023332,0.8255588
2010-04-28 17:00:00,2010-04-28 17:00:00,1,0.37943333,0.42462295
2010-04-28 17:00:00,2010-04-28 18:00:00,2,0.47446668,0.4267762
2010-04-28 17:00:00,2010-04-28 19:00:00,3,1.3490334,0.45597574
2010-04-28 17:00:00,2010-04-28 20:00:00,4,1.8294667,0.4945577
2010-04-28 17:00:00,2010-04-28 21:00:00,5,1.0706,0.5243161
2010-04-28 17:00:00,2010-04-28 22:00:00,6,0.3947,0.54763114
2010-04-28 17:00:00,2010-04-28 23:00:00,7,0.4843,0.5747427
2010-04-28 17:00:00,2010-04-29 00:00:00,8,1.5426,0.5812576
2010-04-28 17:00:00,2010-04-29 01:00:00,9,0.7933667,0.57830256
2010-04-28 17:00:00,2010-04-29 02:00:00,10,0.7035667,0.57992184
2010-04-28 17:00:00,2010-04-29 03:00:00,11,0.70163333,0.58053714
2010-04-28 17:00:00,2010-04-29 04:00:00,12,0.7249333,0.58638835
2010-04-28 17:00:00,2010-04-29 05:00:00,13,0.6062667,0.5863728
2010-04-28 17:00:00,2010-04-29 06:00:00,14,0.7924,0.59065855
2010-04-28 17:00:00,2010-04-29 07:00:00,15,1.4452333,0.59139454
2010-04-28 17:00:00,2010-04-29 08:00:00,16,1.6148334,0.5983779
2010-04-28 17:00:00,2010-04-29 09:00:00,17,1.8318,0.60381514
2010-04-28 17:00:00,2010-04-29 10:00:00,18,1.2689,0.61435735
2010-04-28 17:00:00,2010-04-29 11:00:00,19,0.35363334,0.6028434
2010-04-28 17:00:00,2010-04-29 12:00:00,20,0.3387,0.5866991
2010-04-28 17:00:00,2010-04-29 13:00:00,21,0.3834,0.5810708
2010-04-28 17:00:00,2010-04-29 14:00:00,22,0.4287,0.5629203
2010-04-28 17:00:00,2010-04-29 15:00:00,23,0.37493333,0.5486547
2010-04-28 17:00:00,2010-04-29 16:00:00,24,0.35006666,0.53425336
2010-04-29 17:00:00,2010-04-29 17:00:00,1,0.5626,0.35306984
2010-04-29 17:00:00,2010-04-29 18:00:00,2,0.8042667,0.35037255
2010-04-29 17:00:00,2010-04-29 19:00:00,3,1.2683333,0.35955343
2010-04-29 17:00:00,2010-04-29 20:00:00,4,0.37853333,0.3754949
2010-04-29 17:00:00,2010-04-29 21:00:00,5,0.34723333,0.38013682
2010-04-29 17:00:00,2010-04-29 22:00:00,6,0.3579,0.388663
2010-04-29 17:00:00,2010-04-29 23:00:00,7,0.42156667,0.38270688
2010-04-29 17:00:00,2010-04-30 00:00:00,8,0.41556665,0.3694346
2010-04-29 17:00:00,2010-04-30 01:00:00,9,0.3475,0.36701742
2010-04-29 17:00:00,2010-04-30 02:00:00,10,0.36446667,0.3645818
2010-04-29 17:00:00,2010-04-30 03:00:00,11,0.35,0.35429937
2010-04-29 17:00:00,2010-04-30 04:00:00,12,1.0403666,0.36383417
2010-04-29 17:00:00,2010-04-30 05:00:00,13,0.52926666,0.3677676
2010-04-29 17:00:00,2010-04-30 06:00:00,14,0.34483334,0.36815244
2010-04-29 17:00:00,2010-04-30 07:00:00,15,0.33043334,0.3786675
2010-04-29 17:00:00,2010-04-30 08:00:00,16,0.3597,0.39829314
2010-04-29 17:00:00,2010-04-30 09:00:00,17,0.9388667,0.4069185
2010-04-29 17:00:00,2010-04-30 10:00:00,18,1.2614334,0.40795437
2010-04-29 17:00:00,2010-04-30 11:00:00,19,0.61576664,0.38903934
2010-04-29 17:00:00,2010-04-30 12:00:00,20,1.9986,0.3806862
2010-04-29 17:00:00,2010-04-30 13:00:00,21,0.977,0.38195494
2010-04-29 17:00:00,2010-04-30 14:00:00,22,1.4853333,0.3961196
2010-04-29 17:00:00,2010-04-30 15:00:00,23,0.86053336,0.43450364
2010-04-29 17:00:00,2010-04-30 16:00:00,24,0.9906,0.4605937
2010-04-30 17:00:00,2010-04-30 17:00:00,1,2.8436334,0.8615951
2010-04-30 17:00:00,2010-04-30 18:00:00,2,0.7098333,0.7826317
2010-04-30 17:00:00,2010-04-30 19:00:00,3,0.36363333,0.7403679
2010-04-30 17:00:00,2010-04-30 20:00:00,4,0.35053334,0.7116809
2010-04-30 17:00:00,2010-04-30 21:00:00,5,0.35133332,0.6871368
2010-04-30 17:00:00,2010-04-30 22:00:00,6,0.43046665,0.68677384
2010-04-30 17:00:00,2010-04-30 23:00:00,7,0.3841,0.7084403
2010-04-30 17:00:00,2010-05-01 00:00:00,8,0.3496,0.7504691
2010-04-30 17:00:00,2010-05-01 01:00:00,9,0.4738,0.7779322
2010-04-30 17:00:00,2010-05-01 02:00:00,10,0.7753,0.8005346
2010-04-30 17:00:00,2010-05-01 03:00:00,11,0.38893333,0.8519613
2010-04-30 17:00:00,2010-05-01 04:00:00,12,0.35083333,0.8890957
2010-04-30 17:00:00,2010-05-01 05:00:00,13,0.3363,0.9193444
2010-04-30 17:00:00,2010-05-01 06:00:00,14,0.37316668,0.9412251
2010-04-30 17:00:00,2010-05-01 07:00:00,15,0.41573334,0.970881
2010-04-30 17:00:00,2010-05-01 08:00:00,16,0.31133333,1.0025994
2010-04-30 17:00:00,2010-05-01 09:00:00,17,0.3417,1.0133724
2010-04-30 17:00:00,2010-05-01 10:00:00,18,1.2088,1.0004709
2010-04-30 17:00:00,2010-05-01 11:00:00,19,2.6106,0.9671109
2010-04-30 17:00:00,2010-05-01 12:00:00,20,1.5781333,0.9377587
2010-04-30 17:00:00,2010-05-01 13:00:00,21,0.5086,0.9158681
2010-04-30 17:00:00,2010-05-01 14:00:00,22,2.5501,0.8847169
2010-04-30 17:00:00,2010-05-01 15:00:00,23,1.1692333,0.85698897
2010-04-30 17:00:00,2010-05-01 16:00:00,24,0.50443333,0.8324117
2010-05-01 17:00:00,2010-05-01 17:00:00,1,0.4151,0.4809319
2010-05-01 17:00:00,2010-05-01 18:00:00,2,0.3371,0.48572966
2010-05-01 17:00:00,2010-05-01 19:00:00,3,0.5240333,0.48217753
2010-05-01 17:00:00,2010-05-01 20:00:00,4,0.8862333,0.47575885
2010-05-01 17:00:00,2010-05-01 21:00:00,5,1.5693667,0.46864653
2010-05-01 17:00:00,2010-05-01 22:00:00,6,2.5912333,0.46407065
2010-05-01 17:00:00,2010-05-01 23:00:00,7,1.4329667,0.46274173
2010-05-01 17:00:00,2010-05-02 00:00:00,8,0.35856667,0.45640945
2010-05-01 17:00:00,2010-05-02 01:00:00,9,0.35653332,0.45814106
2010-05-01 17:00:00,2010-05-02 02:00:00,10,0.39083335,0.4637044
2010-05-01 17:00:00,2010-05-02 03:00:00,11,0.3836,0.45578402
2010-05-01 17:00:00,2010-05-02 04:00:00,12,0.36403334,0.45886463
2010-05-01 17:00:00,2010-05-02 05:00:00,13,0.36226666,0.45311695
2010-05-01 17:00:00,2010-05-02 06:00:00,14,0.35003334,0.44333073
2010-05-01 17:00:00,2010-05-02 07:00:00,15,1.5182333,0.4444962
2010-05-01 17:00:00,2010-05-02 08:00:00,16,1.5409666,0.44738042
2010-05-01 17:00:00,2010-05-02 09:00:00,17,1.636,0.44753337
2010-05-01 17:00:00,2010-05-02 10:00:00,18,0.83353335,0.45249316
2010-05-01 17:00:00,2010-05-02 11:00:00,19,1.6141666,0.4584456
2010-05-01 17:00:00,2010-05-02 12:00:00,20,3.5630667,0.463961
2010-05-01 17:00:00,2010-05-02 13:00:00,21,3.5252333,0.46955502
2010-05-01 17:00:00,2010-05-02 14:00:00,22,1.9146333,0.4767467
2010-05-01 17:00:00,2010-05-02 15:00:00,23,2.2805333,0.48829478
2010-05-01 17:00:00,2010-05-02 16:00:00,24,1.7898333,0.4863979
2010-05-02 17:00:00,2010-05-02 17:00:00,1,1.7991333,1.4594151
2010-05-02 17:00:00,2010-05-02 18:00:00,2,1.7934667,1.187249
2010-05-02 17:00:00,2010-05-02 19:00:00,3,3.7739,1.0545162
2010-05-02 17:00:00,2010-05-02 20:00:00,4,2.5308,0.97432375
2010-05-02 17:00:00,2010-05-02 21:00:00,5,2.776,0.911693
2010-05-02 17:00:00,2010-05-02 22:00:00,6,0.61793333,0.88032967
2010-05-02 17:00:00,2010-05-02 23:00:00,7,0.39186665,0.84957254
2010-05-02 17:00:00,2010-05-03 00:00:00,8,0.41223332,0.8186437
2010-05-02 17:00:00,2010-05-03 01:00:00,9,0.37496668,0.7986688
2010-05-02 17:00:00,2010-05-03 02:00:00,10,0.3439,0.79109985
2010-05-02 17:00:00,2010-05-03 03:00:00,11,0.34063333,0.782879
2010-05-02 17:00:00,2010-05-03 04:00:00,12,1.0999334,0.7702623
2010-05-02 17:00:00,2010-05-03 05:00:00,13,0.3263,0.765325
2010-05-02 17:00:00,2010-05-03 06:00:00,14,0.77143335,0.7556165
2010-05-02 17:00:00,2010-05-03 07:00:00,15,2.0927,0.7559949
2010-05-02 17:00:00,2010-05-03 08:00:00,16,1.4167,0.7689011
2010-05-02 17:00:00,2010-05-03 09:00:00,17,1.3820333,0.7736846
2010-05-02 17:00:00,2010-05-03 10:00:00,18,1.3711667,0.78041494
2010-05-02 17:00:00,2010-05-03 11:00:00,19,1.3226334,0.7831614
2010-05-02 17:00:00,2010-05-03 12:00:00,20,0.9827667,0.7949892
2010-05-02 17:00:00,2010-05-03 13:00:00,21,0.3752,0.79305136
2010-05-02 17:00:00,2010-05-03 14:00:00,22,0.34176666,0.79836607
2010-05-02 17:00:00,2010-05-03 15:00:00,23,0.3299,0.80476505
2010-05-02 17:00:00,2010-05-03 16:00:00,24,0.35293335,0.8066792
2010-05-03 17:00:00,2010-05-03 17:00:00,1,0.37,0.40752482
2010-05-03 17:00:00,2010-05-03 18:00:00,2,0.5389,0.4879887
2010-05-03 17:00:00,2010-05-03 19:00:00,3,2.1568334,0.54768896
2010-05-03 17:00:00,2010-05-03 20:00:00,4,2.6444666,0.59651417
2010-05-03 17:00:00,2010-05-03 21:00:00,5,2.3928,0.63543546
2010-05-03 17:00:00,2010-05-03 22:00:00,6,1.4212,0.66889083
2010-05-03 17:00:00,2010-05-03 23:00:00,7,0.3603,0.6976739
2010-05-03 17:00:00,2010-05-04 00:00:00,8,0.3779,0.700528
2010-05-03 17:00:00,2010-05-04 01:00:00,9,0.33353335,0.7101907
2010-05-03 17:00:00,2010-05-04 02:00:00,10,0.3046,0.71536535
2010-05-03 17:00:00,2010-05-04 03:00:00,11,0.37926668,0.6986865
2010-05-03 17:00:00,2010-05-04 04:00:00,12,0.33933333,0.7118033
2010-05-03 17:00:00,2010-05-04 05:00:00,13,0.29293334,0.72083896
2010-05-03 17:00:00,2010-05-04 06:00:00,14,0.89676666,0.7330961
2010-05-03 17:00:00,2010-05-04 07:00:00,15,1.1859,0.7400121
2010-05-03 17:00:00,2010-05-04 08:00:00,16,1.9222333,0.7505446
2010-05-03 17:00:00,2010-05-04 09:00:00,17,1.9374666,0.7493402
2010-05-03 17:00:00,2010-05-04 10:00:00,18,1.8925333,0.74961025
2010-05-03 17:00:00,2010-05-04 11:00:00,19,1.4468334,0.75197184
2010-05-03 17:00:00,2010-05-04 12:00:00,20,1.3913,0.7637155
2010-05-03 17:00:00,2010-05-04 13:00:00,21,1.3236333,0.7659113
2010-05-03 17:00:00,2010-05-04 14:00:00,22,1.3724,0.7623498
2010-05-03 17:00:00,2010-05-04 15:00:00,23,1.3889667,0.7594804
2010-05-03 17:00:00,2010-05-04 16:00:00,24,0.7543333,0.7580756
2010-05-04 17:00:00,2010-05-04 17:00:00,1,0.5214,0.6037893
2010-05-04 17:00:00,2010-05-04 18:00:00,2,0.7041,0.70269567
2010-05-04 17:00:00,2010-05-04 19:00:00,3,1.3919667,0.7851502
2010-05-04 17:00:00,2010-05-04 20:00:00,4,1.9786333,0.8256343
2010-05-04 17:00:00,2010-05-04 21:00:00,5,1.4030666,0.8236521
2010-05-04 17:00:00,2010-05-04 22:00:00,6,1.1828667,0.7780699
2010-05-04 17:00:00,2010-05-04 23:00:00,7,0.5607,0.7301531
2010-05-04 17:00:00,2010-05-05 00:00:00,8,0.36133334,0.6667761
2010-05-04 17:00:00,2010-05-05 01:00:00,9,0.29863334,0.641884
2010-05-04 17:00:00,2010-05-05 02:00:00,10,0.37863332,0.6357547
2010-05-04 17:00:00,2010-05-05 03:00:00,11,0.8437667,0.621595
2010-05-04 17:00:00,2010-05-05 04:00:00,12,0.57,0.64570105
2010-05-04 17:00:00,2010-05-05 05:00:00,13,0.29203334,0.6821896
2010-05-04 17:00:00,2010-05-05 06:00:00,14,0.6113667,0.7463709
2010-05-04 17:00:00,2010-05-05 07:00:00,15,1.5195333,0.8454168
2010-05-04 17:00:00,2010-05-05 08:00:00,16,1.2416333,0.9016608
2010-05-04 17:00:00,2010-05-05 09:00:00,17,2.3683,0.90429527
2010-05-04 17:00:00,2010-05-05 10:00:00,18,2.1899667,0.8975434
2010-05-04 17:00:00,2010-05-05 11:00:00,19,1.5189667,0.8532892
2010-05-04 17:00:00,2010-05-05 12:00:00,20,1.4798666,0.80480665
2010-05-04 17:00:00,2010-05-05 13:00:00,21,1.4567667,0.7557285
2010-05-04 17:00:00,2010-05-05 14:00:00,22,2.4275334,0.7367451
2010-05-04 17:00:00,2010-05-05 15:00:00,23,1.9371,0.7315157
2010-05-04 17:00:00,2010-05-05 16:00:00,24,0.45446667,0.7373526
2010-05-05 17:00:00,2010-05-05 17:00:00,1,0.58453333,0.4868992
2010-05-05 17:00:00,2010-05-05 18:00:00,2,0.76856667,0.6352912
2010-05-05 17:00:00,2010-05-05 19:00:00,3,1.3298334,0.8877617
2010-05-05 17:00:00,2010-05-05 20:00:00,4,1.8826333,1.0069318
2010-05-05 17:00:00,2010-05-05 21:00:00,5,3.1247,1.0210472
2010-05-05 17:00:00,2010-05-05 22:00:00,6,1.8031666,0.8564175
2010-05-05 17:00:00,2010-05-05 23:00:00,7,0.6451333,0.7459222
2010-05-05 17:00:00,2010-05-06 00:00:00,8,0.3465,0.67986876
2010-05-05 17:00:00,2010-05-06 01:00:00,9,0.38966668,0.6387391
2010-05-05 17:00:00,2010-05-06 02:00:00,10,0.3371,0.62765265
2010-05-05 17:00:00,2010-05-06 03:00:00,11,0.6175,0.61481726
2010-05-05 17:00:00,2010-05-06 04:00:00,12,0.7809,0.64676476
2010-05-05 17:00:00,2010-05-06 05:00:00,13,0.32326666,0.67746085
2010-05-05 17:00:00,2010-05-06 06:00:00,14,0.5272,0.772665
2010-05-05 17:00:00,2010-05-06 07:00:00,15,1.2249334,1.0196562
2010-05-05 17:00:00,2010-05-06 08:00:00,16,1.7262334,1.1391164
2010-05-05 17:00:00,2010-05-06 09:00:00,17,1.3930666,1.2009788
2010-05-05 17:00:00,2010-05-06 10:00:00,18,1.3164667,1.2272569
2010-05-05 17:00:00,2010-05-06 11:00:00,19,1.4319667,1.0846516
2010-05-05 17:00:00,2010-05-06 12:00:00,20,1.4989333,1.0151502
2010-05-05 17:00:00,2010-05-06 13:00:00,21,1.2481667,0.97279274
2010-05-05 17:00:00,2010-05-06 14:00:00,22,0.45546666,0.9379001
2010-05-05 17:00:00,2010-05-06 15:00:00,23,0.5316,0.89090484
2010-05-05 17:00:00,2010-05-06 16:00:00,24,0.34716666,0.8311269
2010-05-06 17:00:00,2010-05-06 17:00:00,1,0.4518,0.40634316
2010-05-06 17:00:00,2010-05-06 18:00:00,2,1.2337,0.56256104
2010-05-06 17:00:00,2010-05-06 19:00:00,3,1.8178667,0.9291241
2010-05-06 17:00:00,2010-05-06 20:00:00,4,1.4060667,1.107066
2010-05-06 17:00:00,2010-05-06 21:00:00,5,0.9249333,0.9942151
2010-05-06 17:00:00,2010-05-06 22:00:00,6,0.87866664,0.7055532
2010-05-06 17:00:00,2010-05-06 23:00:00,7,0.445,0.46842563
2010-05-06 17:00:00,2010-05-07 00:00:00,8,0.3311,0.38825107
2010-05-06 17:00:00,2010-05-07 01:00:00,9,0.32666665,0.35518974
2010-05-06 17:00:00,2010-05-07 02:00:00,10,0.3429,0.37102252
2010-05-06 17:00:00,2010-05-07 03:00:00,11,0.36046666,0.38134068
2010-05-06 17:00:00,2010-05-07 04:00:00,12,1.0356,0.40259922
2010-05-06 17:00:00,2010-05-07 05:00:00,13,0.36173335,0.3722331
2010-05-06 17:00:00,2010-05-07 06:00:00,14,1.2250667,0.46353203
2010-05-06 17:00:00,2010-05-07 07:00:00,15,2.0432668,0.77120817
2010-05-06 17:00:00,2010-05-07 08:00:00,16,1.7176666,0.9639749
2010-05-06 17:00:00,2010-05-07 09:00:00,17,1.863,1.1250024
2010-05-06 17:00:00,2010-05-07 10:00:00,18,1.3217666,1.1807756
2010-05-06 17:00:00,2010-05-07 11:00:00,19,1.3786334,1.1970593
2010-05-06 17:00:00,2010-05-07 12:00:00,20,1.6298333,1.1060594
2010-05-06 17:00:00,2010-05-07 13:00:00,21,0.67333335,0.9967741
2010-05-06 17:00:00,2010-05-07 14:00:00,22,0.6678,0.9185431
2010-05-06 17:00:00,2010-05-07 15:00:00,23,1.3448666,0.8427892
2010-05-06 17:00:00,2010-05-07 16:00:00,24,0.90936667,0.69979525
2010-05-07 17:00:00,2010-05-07 17:00:00,1,0.36963335,0.7780911
2010-05-07 17:00:00,2010-05-07 18:00:00,2,0.5626,0.90862906
2010-05-07 17:00:00,2010-05-07 19:00:00,3,1.4755334,1.1509974
2010-05-07 17:00:00,2010-05-07 20:00:00,4,2.2909667,1.396957
2010-05-07 17:00:00,2010-05-07 21:00:00,5,2.2999666,1.3308132
2010-05-07 17:00:00,2010-05-07 22:00:00,6,1.5582334,0.9990987
2010-05-07 17:00:00,2010-05-07 23:00:00,7,1.3100667,0.5457875
2010-05-07 17:00:00,2010-05-08 00:00:00,8,1.0309334,0.4009834
2010-05-07 17:00:00,2010-05-08 01:00:00,9,2.1358333,0.34738463
2010-05-07 17:00:00,2010-05-08 02:00:00,10,1.2079,0.35957205
2010-05-07 17:00:00,2010-05-08 03:00:00,11,0.9025,0.3879485
2010-05-07 17:00:00,2010-05-08 04:00:00,12,0.3192,0.42065758
2010-05-07 17:00:00,2010-05-08 05:00:00,13,0.39076668,0.40326434
2010-05-07 17:00:00,2010-05-08 06:00:00,14,0.33366665,0.5224374
2010-05-07 17:00:00,2010-05-08 07:00:00,15,0.3592,0.8592913
2010-05-07 17:00:00,2010-05-08 08:00:00,16,0.50133336,1.1686541
2010-05-07 17:00:00,2010-05-08 09:00:00,17,2.4222333,1.359101
2010-05-07 17:00:00,2010-05-08 10:00:00,18,2.6937666,1.4338421
2010-05-07 17:00:00,2010-05-08 11:00:00,19,2.1389,1.5522957
2010-05-07 17:00:00,2010-05-08 12:00:00,20,1.4613,1.5031456
2010-05-07 17:00:00,2010-05-08 13:00:00,21,1.4432666,1.3121346
2010-05-07 17:00:00,2010-05-08 14:00:00,22,1.4543,1.2946097
2010-05-07 17:00:00,2010-05-08 15:00:00,23,0.60823333,1.1423856
2010-05-07 17:00:00,2010-05-08 16:00:00,24,0.35373333,0.8656722
2010-05-08 17:00:00,2010-05-08 17:00:00,1,0.35506666,0.46071863
2010-05-08 17:00:00,2010-05-08 18:00:00,2,0.3776,0.77824646
2010-05-08 17:00:00,2010-05-08 19:00:00,3,0.32636666,1.3419509
2010-05-08 17:00:00,2010-05-08 20:00:00,4,0.4219,1.6332445
2010-05-08 17:00:00,2010-05-08 21:00:00,5,3.2730334,1.8586631
2010-05-08 17:00:00,2010-05-08 22:00:00,6,0.5933,1.4950889
2010-05-08 17:00:00,2010-05-08 23:00:00,7,0.4527,0.92553806
2010-05-08 17:00:00,2010-05-09 00:00:00,8,0.41843334,0.5670771
2010-05-08 17:00:00,2010-05-09 01:00:00,9,0.5043333,0.4030028
2010-05-08 17:00:00,2010-05-09 02:00:00,10,0.40513334,0.3970216
2010-05-08 17:00:00,2010-05-09 03:00:00,11,0.4043,0.37923634
2010-05-08 17:00:00,2010-05-09 04:00:00,12,0.3339,0.3829465
2010-05-08 17:00:00,2010-05-09 05:00:00,13,0.34136668,0.36718327
2010-05-08 17:00:00,2010-05-09 06:00:00,14,0.91186666,0.53579384
2010-05-08 17:00:00,2010-05-09 07:00:00,15,0.5787,1.0331455
2010-05-08 17:00:00,2010-05-09 08:00:00,16,0.4759,1.3710859
2010-05-08 17:00:00,2010-05-09 09:00:00,17,0.7206333,1.5807478
2010-05-08 17:00:00,2010-05-09 10:00:00,18,2.589,1.6045212
2010-05-08 17:00:00,2010-05-09 11:00:00,19,2.0800667,1.5576553
2010-05-08 17:00:00,2010-05-09 12:00:00,20,1.5217,1.6219231
2010-05-08 17:00:00,2010-05-09 13:00:00,21,1.5006,1.6061893
2010-05-08 17:00:00,2010-05-09 14:00:00,22,1.6730334,1.4737171
2010-05-08 17:00:00,2010-05-09 15:00:00,23,0.9791,1.3494358
2010-05-08 17:00:00,2010-05-09 16:00:00,24,0.5596667,1.1036541
2010-05-09 17:00:00,2010-05-09 17:00:00,1,1.0072,0.5117293
2010-05-09 17:00:00,2010-05-09 18:00:00,2,0.92436665,0.7697304
2010-05-09 17:00:00,2010-05-09 19:00:00,3,1.8075,1.330608
2010-05-09 17:00:00,2010-05-09 20:00:00,4,2.4892,1.5963246
2010-05-09 17:00:00,2010-05-09 21:00:00,5,2.3592668,1.709806
2010-05-09 17:00:00,2010-05-09 22:00:00,6,1.1152333,1.2020391
2010-05-09 17:00:00,2010-05-09 23:00:00,7,0.408,0.69360596
2010-05-09 17:00:00,2010-05-10 00:00:00,8,0.4233,0.5407813
2010-05-09 17:00:00,2010-05-10 01:00:00,9,0.34986666,0.4743591
2010-05-09 17:00:00,2010-05-10 02:00:00,10,0.41043332,0.4501928
2010-05-09 17:00:00,2010-05-10 03:00:00,11,0.3747,0.44309568
2010-05-09 17:00:00,2010-05-10 04:00:00,12,0.359,0.443901
2010-05-09 17:00:00,2010-05-10 05:00:00,13,0.8362,0.42397112
2010-05-09 17:00:00,2010-05-10 06:00:00,14,0.633,0.6330929
2010-05-09 17:00:00,2010-05-10 07:00:00,15,1.8666667,1.0504686
2010-05-09 17:00:00,2010-05-10 08:00:00,16,1.4740666,1.2054807
2010-05-09 17:00:00,2010-05-10 09:00:00,17,1.3697,1.4693066
2010-05-09 17:00:00,2010-05-10 10:00:00,18,1.4806,1.5738277
2010-05-09 17:00:00,2010-05-10 11:00:00,19,1.4476,1.5313027
2010-05-09 17:00:00,2010-05-10 12:00:00,20,1.1581334,1.3728979
2010-05-09 17:00:00,2010-05-10 13:00:00,21,0.39683333,1.204374
2010-05-09 17:00:00,2010-05-10 14:00:00,22,0.6421667,1.1091657
2010-05-09 17:00:00,2010-05-10 15:00:00,23,0.4062,0.9383855
2010-05-09 17:00:00,2010-05-10 16:00:00,24,0.42703333,0.67981076
2010-05-10 17:00:00,2010-05-10 17:00:00,1,0.41973335,0.48073435
2010-05-10 17:00:00,2010-05-10 18:00:00,2,0.43106666,0.7362659
2010-05-10 17:00:00,2010-05-10 19:00:00,3,1.1695,1.3286326
2010-05-10 17:00:00,2010-05-10 20:00:00,4,2.4106667,1.6551478
2010-05-10 17:00:00,2010-05-10 21:00:00,5,2.9157,1.5738783
2010-05-10 17:00:00,2010-05-10 22:00:00,6,1.6507,1.0109241
2010-05-10 17:00:00,2010-05-10 23:00:00,7,1.412,0.53399336
2010-05-10 17:00:00,2010-05-11 00:00:00,8,1.4787667,0.44609463
2010-05-10 17:00:00,2010-05-11 01:00:00,9,1.4476334,0.3797148
2010-05-10 17:00:00,2010-05-11 02:00:00,10,1.4576666,0.37036765
2010-05-10 17:00:00,2010-05-11 03:00:00,11,0.3954,0.40006822
2010-05-10 17:00:00,2010-05-11 04:00:00,12,0.40703332,0.4272325
2010-05-10 17:00:00,2010-05-11 05:00:00,13,0.3084,0.492015
2010-05-10 17:00:00,2010-05-11 06:00:00,14,0.7299333,0.7540222
2010-05-10 17:00:00,2010-05-11 07:00:00,15,2.1199,1.1902992
2010-05-10 17:00:00,2010-05-11 08:00:00,16,2.2432,1.4270248
2010-05-10 17:00:00,2010-05-11 09:00:00,17,1.5963666,1.5805517
2010-05-10 17:00:00,2010-05-11 10:00:00,18,1.6475,1.6499527
2010-05-10 17:00:00,2010-05-11 11:00:00,19,1.6040666,1.5289314
2010-05-10 17:00:00,2010-05-11 12:00:00,20,1.2644,1.3671262
2010-05-10 17:00:00,2010-05-11 13:00:00,21,1.0311,1.1345032
2010-05-10 17:00:00,2010-05-11 14:00:00,22,0.46913335,1.023788
2010-05-10 17:00:00,2010-05-11 15:00:00,23,0.4855,0.8611994
2010-05-10 17:00:00,2010-05-11 16:00:00,24,0.76016665,0.57617044
2010-05-11 17:00:00,2010-05-11 17:00:00,1,0.8795,0.64650494
2010-05-11 17:00:00,2010-05-11 18:00:00,2,1.1376333,0.94440675
2010-05-11 17:00:00,2010-05-11 19:00:00,3,2.0624332,1.4343733
2010-05-11 17:00:00,2010-05-11 20:00:00,4,1.0880667,1.7559183
2010-05-11 17:00:00,2010-05-11 21:00:00,5,0.55586666,1.9142401
2010-05-11 17:00:00,2010-05-11 22:00:00,6,0.4442,1.291303
2010-05-11 17:00:00,2010-05-11 23:00:00,7,0.5756,0.7438831
2010-05-11 17:00:00,2010-05-12 00:00:00,8,0.3264,0.5580929
2010-05-11 17:00:00,2010-05-12 01:00:00,9,0.98616666,0.5027278
2010-05-11 17:00:00,2010-05-12 02:00:00,10,0.5014667,0.4909504
2010-05-11 17:00:00,2010-05-12 03:00:00,11,0.3509,0.43041813
2010-05-11 17:00:00,2010-05-12 04:00:00,12,0.3149,0.41267127
2010-05-11 17:00:00,2010-05-12 05:00:00,13,0.31976667,0.4155923
2010-05-11 17:00:00,2010-05-12 06:00:00,14,0.9449667,0.7148881
2010-05-11 17:00:00,2010-05-12 07:00:00,15,2.4613333,1.3278257
2010-05-11 17:00:00,2010-05-12 08:00:00,16,2.1047,1.4819516
2010-05-11 17:00:00,2010-05-12 09:00:00,17,1.6658,1.6573555
2010-05-11 17:00:00,2010-05-12 10:00:00,18,1.5169667,1.6788371
2010-05-11 17:00:00,2010-05-12 11:00:00,19,1.9225667,1.4983709
2010-05-11 17:00:00,2010-05-12 12:00:00,20,1.8470334,1.3203964
2010-05-11 17:00:00,2010-05-12 13:00:00,21,1.4408333,1.115847
2010-05-11 17:00:00,2010-05-12 14:00:00,22,2.9855332,1.0258592
2010-05-11 17:00:00,2010-05-12 15:00:00,23,1.8542,0.89325374
2010-05-11 17:00:00,2010-05-12 16:00:00,24,1.4608667,0.6748022
2010-05-12 17:00:00,2010-05-12 17:00:00,1,3.0760667,1.0910429
2010-05-12 17:00:00,2010-05-12 18:00:00,2,0.68693334,1.0805111
2010-05-12 17:00:00,2010-05-12 19:00:00,3,0.54116666,1.3516991
2010-05-12 17:00:00,2010-05-12 20:00:00,4,1.7231333,1.5560071
2010-05-12 17:00:00,2010-05-12 21:00:00,5,1.7869,1.4597689
2010-05-12 17:00:00,2010-05-12 22:00:00,6,1.561,1.1347855
2010-05-12 17:00:00,2010-05-12 23:00:00,7,1.5440333,0.82388926
2010-05-12 17:00:00,2010-05-13 00:00:00,8,0.3472,0.7322918
2010-05-12 17:00:00,2010-05-13 01:00:00,9,0.3643,0.6922102
2010-05-12 17:00:00,2010-05-13 02:00:00,10,0.3389,0.5965539
2010-05-12 17:00:00,2010-05-13 03:00:00,11,0.3558,0.44086808
2010-05-12 17:00:00,2010-05-13 04:00:00,12,0.34986666,0.43651068
2010-05-12 17:00:00,2010-05-13 05:00:00,13,0.3187,0.51158196
2010-05-12 17:00:00,2010-05-13 06:00:00,14,0.36946666,0.792819
2010-05-12 17:00:00,2010-05-13 07:00:00,15,0.30286667,1.347879
2010-05-12 17:00:00,2010-05-13 08:00:00,16,1.4711334,1.5282726
2010-05-12 17:00:00,2010-05-13 09:00:00,17,0.36616668,1.6363595
2010-05-12 17:00:00,2010-05-13 10:00:00,18,1.4741,1.6225837
2010-05-12 17:00:00,2010-05-13 11:00:00,19,1.9577667,1.5348501
2010-05-12 17:00:00,2010-05-13 12:00:00,20,1.9802,1.3533767
2010-05-12 17:00:00,2010-05-13 13:00:00,21,1.4075667,1.1352676
2010-05-12 17:00:00,2010-05-13 14:00:00,22,1.4837333,0.96014893
2010-05-12 17:00:00,2010-05-13 15:00:00,23,1.0083333,0.7963875
2010-05-12 17:00:00,2010-05-13 16:00:00,24,0.6708,0.7002439
2010-05-21 17:00:00,2010-05-21 17:00:00,1,0.3586,0.45266396
2010-05-21 17:00:00,2010-05-21 18:00:00,2,0.44763333,0.7226195
2010-05-21 17:00:00,2010-05-21 19:00:00,3,0.8801,1.1623677
2010-05-21 17:00:00,2010-05-21 20:00:00,4,1.7375667,1.2475662
2010-05-21 17:00:00,2010-05-21 21:00:00,5,0.9084333,1.040243
2010-05-21 17:00:00,2010-05-21 22:00:00,6,0.909,0.85917723
2010-05-21 17:00:00,2010-05-21 23:00:00,7,0.44603333,0.74557734
2010-05-21 17:00:00,2010-05-22 00:00:00,8,0.45573333,0.5367145
2010-05-21 17:00:00,2010-05-22 01:00:00,9,0.49613333,0.51931965
2010-05-21 17:00:00,2010-05-22 02:00:00,10,0.9549,0.4514647
2010-05-21 17:00:00,2010-05-22 03:00:00,11,0.57596666,0.37638378
2010-05-21 17:00:00,2010-05-22 04:00:00,12,0.46346667,0.41682476
2010-05-21 17:00:00,2010-05-22 05:00:00,13,0.42506668,0.43954235
2010-05-21 17:00:00,2010-05-22 06:00:00,14,0.86223334,0.61729014
2010-05-21 17:00:00,2010-05-22 07:00:00,15,1.8893334,1.2641095
2010-05-21 17:00:00,2010-05-22 08:00:00,16,2.1137667,1.5200452
2010-05-21 17:00:00,2010-05-22 09:00:00,17,2.0202,1.5520713
2010-05-21 17:00:00,2010-05-22 10:00:00,18,2.1044333,1.4990448
2010-05-21 17:00:00,2010-05-22 11:00:00,19,2.9777334,1.3610781
2010-05-21 17:00:00,2010-05-22 12:00:00,20,2.9287,1.1912236
2010-05-21 17:00:00,2010-05-22 13:00:00,21,1.3232334,1.0296935
2010-05-21 17:00:00,2010-05-22 14:00:00,22,1.7196333,0.87814623
2010-05-21 17:00:00,2010-05-22 15:00:00,23,1.7081667,0.6762701
2010-05-21 17:00:00,2010-05-22 16:00:00,24,1.6239667,0.49973315
2010-05-22 17:00:00,2010-05-22 17:00:00,1,1.3736666,1.269968
2010-05-22 17:00:00,2010-05-22 18:00:00,2,0.5486,1.2522895
2010-05-22 17:00:00,2010-05-22 19:00:00,3,1.6358666,1.5373778
2010-05-22 17:00:00,2010-05-22 20:00:00,4,2.6047666,1.7318156
2010-05-22 17:00:00,2010-05-22 21:00:00,5,1.8646333,1.6322548
2010-05-22 17:00:00,2010-05-22 22:00:00,6,1.6266333,1.4971018
2010-05-22 17:00:00,2010-05-22 23:00:00,7,0.6327,1.2240633
2010-05-22 17:00:00,2010-05-23 00:00:00,8,0.6506,0.9741595
2010-05-22 17:00:00,2010-05-23 01:00:00,9,0.5380667,0.7884042
2010-05-22 17:00:00,2010-05-23 02:00:00,10,0.36603335,0.7193935
2010-05-22 17:00:00,2010-05-23 03:00:00,11,0.43883333,0.5514839
2010-05-22 17:00:00,2010-05-23 04:00:00,12,0.39053333,0.4650604
2010-05-22 17:00:00,2010-05-23 05:00:00,13,1.0787,0.55908746
2010-05-22 17:00:00,2010-05-23 06:00:00,14,0.41263333,0.87377346
2010-05-22 17:00:00,2010-05-23 07:00:00,15,0.5722,1.4129918
2010-05-22 17:00:00,2010-05-23 08:00:00,16,0.5780333,1.7538787
2010-05-22 17:00:00,2010-05-23 09:00:00,17,2.0380666,1.8209863
2010-05-22 17:00:00,2010-05-23 10:00:00,18,1.4191667,1.8154081
2010-05-22 17:00:00,2010-05-23 11:00:00,19,1.3234,1.8060138
2010-05-22 17:00:00,2010-05-23 12:00:00,20,0.6875,1.6775742
2010-05-22 17:00:00,2010-05-23 13:00:00,21,1.4910667,1.5305196
2010-05-22 17:00:00,2010-05-23 14:00:00,22,1.8497334,1.4815638
2010-05-22 17:00:00,2010-05-23 15:00:00,23,1.7885667,1.3564177
2010-05-22 17:00:00,2010-05-23 16:00:00,24,1.7826333,1.1730684
2010-05-23 17:00:00,2010-05-23 17:00:00,1,0.91326666,1.420984
2010-05-23 17:00:00,2010-05-23 18:00:00,2,0.6145667,1.2881467
2010-05-23 17:00:00,2010-05-23 19:00:00,3,0.6609667,1.4977498
2010-05-23 17:00:00,2010-05-23 20:00:00,4,0.7431333,1.6956925
2010-05-23 17:00:00,2010-05-23 21:00:00,5,1.9589334,1.4196761
2010-05-23 17:00:00,2010-05-23 22:00:00,6,1.5712,1.1614727
2010-05-23 17:00:00,2010-05-23 23:00:00,7,0.92476666,0.7592284
2010-05-23 17:00:00,2010-05-24 00:00:00,8,0.47476667,0.55283344
2010-05-23 17:00:00,2010-05-24 01:00:00,9,0.47303334,0.47924608
2010-05-23 17:00:00,2010-05-24 02:00:00,10,0.46336666,0.46674168
2010-05-23 17:00:00,2010-05-24 03:00:00,11,0.42996666,0.4198509
2010-05-23 17:00:00,2010-05-24 04:00:00,12,0.3994,0.43413496
2010-05-23 17:00:00,2010-05-24 05:00:00,13,0.4326,0.51213735
2010-05-23 17:00:00,2010-05-24 06:00:00,14,1.0445334,0.76380396
2010-05-23 17:00:00,2010-05-24 07:00:00,15,0.5814667,1.5316215
2010-05-23 17:00:00,2010-05-24 08:00:00,16,0.83453333,1.7568281
2010-05-23 17:00:00,2010-05-24 09:00:00,17,0.6686,1.6784012
2010-05-23 17:00:00,2010-05-24 10:00:00,18,1.2894666,1.6699557
2010-05-23 17:00:00,2010-05-24 11:00:00,19,0.5929,1.6311855
2010-05-23 17:00:00,2010-05-24 12:00:00,20,1.4928666,1.4071307
2010-05-23 17:00:00,2010-05-24 13:00:00,21,0.47716665,1.2260233
2010-05-23 17:00:00,2010-05-24 14:00:00,22,0.45276666,1.1675084
2010-05-23 17:00:00,2010-05-24 15:00:00,23,0.40053332,1.1150726
2010-05-23 17:00:00,2010-05-24 16:00:00,24,0.9590333,0.9641017
2010-05-24 17:00:00,2010-05-24 17:00:00,1,1.6942667,0.6696086
2010-05-24 17:00:00,2010-05-24 18:00:00,2,1.7058333,0.66481817
2010-05-24 17:00:00,2010-05-24 19:00:00,3,1.3048,0.74472505
2010-05-24 17:00:00,2010-05-24 20:00:00,4,2.2538333,0.9756223
2010-05-24 17:00:00,2010-05-24 21:00:00,5,2.447,0.8617023
2010-05-24 17:00:00,2010-05-24 22:00:00,6,1.1054667,0.68234736
2010-05-24 17:00:00,2010-05-24 23:00:00,7,0.37733334,0.5379604
2010-05-24 17:00:00,2010-05-25 00:00:00,8,0.32733333,0.48183888
2010-05-24 17:00:00,2010-05-25 01:00:00,9,0.38263333,0.4816916
2010-05-24 17:00:00,2010-05-25 02:00:00,10,0.3298,0.44982773
2010-05-24 17:00:00,2010-05-25 03:00:00,11,0.36573333,0.4125877
2010-05-24 17:00:00,2010-05-25 04:00:00,12,0.34403333,0.415685
2010-05-24 17:00:00,2010-05-25 05:00:00,13,0.34303334,0.48931593
2010-05-24 17:00:00,2010-05-25 06:00:00,14,0.5341,0.74158686
2010-05-24 17:00:00,2010-05-25 07:00:00,15,1.6887333,1.2852187
2010-05-24 17:00:00,2010-05-25 08:00:00,16,1.7139666,1.4733189
2010-05-24 17:00:00,2010-05-25 09:00:00,17,1.5015666,1.4946886
2010-05-24 17:00:00,2010-05-25 10:00:00,18,1.5305333,1.4982524
2010-05-24 17:00:00,2010-05-25 11:00:00,19,1.4275666,1.4264591
2010-05-24 17:00:00,2010-05-25 12:00:00,20,0.79646665,1.2547379
2010-05-24 17:00:00,2010-05-25 13:00:00,21,0.3499,1.0507385
2010-05-24 17:00:00,2010-05-25 14:00:00,22,0.337,0.992835
2010-05-24 17:00:00,2010-05-25 15:00:00,23,0.3472,0.897021
2010-05-24 17:00:00,2010-05-25 16:00:00,24,0.4753,0.776279
2010-05-25 17:00:00,2010-05-25 17:00:00,1,0.58676666,0.56547564
2010-05-25 17:00:00,2010-05-25 18:00:00,2,0.49133334,0.7474645
2010-05-25 17:00:00,2010-05-25 19:00:00,3,1.3298666,0.944908
2010-05-25 17:00:00,2010-05-25 20:00:00,4,1.9245,1.1417915
2010-05-25 17:00:00,2010-05-25 21:00:00,5,1.8886,1.0025932
2010-05-25 17:00:00,2010-05-25 22:00:00,6,0.59673333,0.7689899
2010-05-25 17:00:00,2010-05-25 23:00:00,7,0.3644,0.6033268
2010-05-25 17:00:00,2010-05-26 00:00:00,8,0.3423,0.49264598
2010-05-25 17:00:00,2010-05-26 01:00:00,9,0.33646667,0.47225505
2010-05-25 17:00:00,2010-05-26 02:00:00,10,0.3501,0.43931586
2010-05-25 17:00:00,2010-05-26 03:00:00,11,0.3263,0.38500363
2010-05-25 17:00:00,2010-05-26 04:00:00,12,0.33913332,0.35756588
2010-05-25 17:00:00,2010-05-26 05:00:00,13,0.33626667,0.42771482
2010-05-25 17:00:00,2010-05-26 06:00:00,14,0.8395333,0.6716666
2010-05-25 17:00:00,2010-05-26 07:00:00,15,1.5743667,1.3320336
2010-05-25 17:00:00,2010-05-26 08:00:00,16,2.3483,1.7089951
2010-05-25 17:00:00,2010-05-26 09:00:00,17,2.3270667,1.6248789
2010-05-25 17:00:00,2010-05-26 10:00:00,18,1.6331667,1.6018353
2010-05-25 17:00:00,2010-05-26 11:00:00,19,1.6315,1.5596427
2010-05-25 17:00:00,2010-05-26 12:00:00,20,0.76166666,1.161969
2010-05-25 17:00:00,2010-05-26 13:00:00,21,1.4149,0.7981998
2010-05-25 17:00:00,2010-05-26 14:00:00,22,0.38863334,0.7446679
2010-05-25 17:00:00,2010-05-26 15:00:00,23,0.38826665,0.74263275
2010-05-25 17:00:00,2010-05-26 16:00:00,24,0.33896667,0.66638637
2010-05-26 17:00:00,2010-05-26 17:00:00,1,0.4154,0.4429549
2010-05-26 17:00:00,2010-05-26 18:00:00,2,0.5874,0.66513413
2010-05-26 17:00:00,2010-05-26 19:00:00,3,2.6902,0.9550354
2010-05-26 17:00:00,2010-05-26 20:00:00,4,2.1698,1.192526
2010-05-26 17:00:00,2010-05-26 21:00:00,5,0.7276,1.1641012
2010-05-26 17:00:00,2010-05-26 22:00:00,6,0.5349333,0.8779056
2010-05-26 17:00:00,2010-05-26 23:00:00,7,0.32913333,0.5958492
2010-05-26 17:00:00,2010-05-27 00:00:00,8,0.31276667,0.4311881
2010-05-26 17:00:00,2010-05-27 01:00:00,9,0.30916667,0.34506297
2010-05-26 17:00:00,2010-05-27 02:00:00,10,0.3158,0.32991403
2010-05-26 17:00:00,2010-05-27 03:00:00,11,0.6246667,0.3260396
2010-05-26 17:00:00,2010-05-27 04:00:00,12,0.6682,0.34516382
2010-05-26 17:00:00,2010-05-27 05:00:00,13,0.27793333,0.39329112
2010-05-26 17:00:00,2010-05-27 06:00:00,14,0.50096667,0.65655875
2010-05-26 17:00:00,2010-05-27 07:00:00,15,1.0825,1.2929782
2010-05-26 17:00:00,2010-05-27 08:00:00,16,1.6715667,1.6308882
2010-05-26 17:00:00,2010-05-27 09:00:00,17,1.6833333,1.6346629
2010-05-26 17:00:00,2010-05-27 10:00:00,18,1.3379667,1.5799661
2010-05-26 17:00:00,2010-05-27 11:00:00,19,1.3550333,1.4158528
2010-05-26 17:00:00,2010-05-27 12:00:00,20,1.5419333,1.1011236
2010-05-26 17:00:00,2010-05-27 13:00:00,21,1.7148334,0.8617803
2010-05-26 17:00:00,2010-05-27 14:00:00,22,0.45353332,0.7508107
2010-05-26 17:00:00,2010-05-27 15:00:00,23,0.7421,0.69375926
2010-05-26 17:00:00,2010-05-27 16:00:00,24,0.3142,0.6399864
2010-05-27 17:00:00,2010-05-27 17:00:00,1,0.47213334,0.41478002
2010-05-27 17:00:00,2010-05-27 18:00:00,2,0.62006664,0.6251528
2010-05-27 17:00:00,2010-05-27 19:00:00,3,1.0631666,1.1593468
2010-05-27 17:00:00,2010-05-27 20:00:00,4,1.8888,1.3853952
2010-05-27 17:00:00,2010-05-27 21:00:00,5,1.4042333,1.0987083
2010-05-27 17:00:00,2010-05-27 22:00:00,6,0.88673335,0.7004246
2010-05-27 17:00:00,2010-05-27 23:00:00,7,0.81406665,0.4258095
2010-05-27 17:00:00,2010-05-28 00:00:00,8,0.5976,0.33064103
2010-05-27 17:00:00,2010-05-28 01:00:00,9,0.38323334,0.28607804
2010-05-27 17:00:00,2010-05-28 02:00:00,10,0.307,0.30601138
2010-05-27 17:00:00,2010-05-28 03:00:00,11,0.3154,0.3272242
2010-05-27 17:00:00,2010-05-28 04:00:00,12,0.25553334,0.3328355
2010-05-27 17:00:00,2010-05-28 05:00:00,13,0.27203333,0.33830464
2010-05-27 17:00:00,2010-05-28 06:00:00,14,0.99726665,0.57641494
2010-05-27 17:00:00,2010-05-28 07:00:00,15,1.3094,1.1901635
2010-05-27 17:00:00,2010-05-28 08:00:00,16,1.5994333,1.7400014
2010-05-27 17:00:00,2010-05-28 09:00:00,17,1.8097334,1.765475
2010-05-27 17:00:00,2010-05-28 10:00:00,18,1.5336,1.7182281
2010-05-27 17:00:00,2010-05-28 11:00:00,19,1.2612333,1.5008514
2010-05-27 17:00:00,2010-05-28 12:00:00,20,0.7979,1.2099749
2010-05-27 17:00:00,2010-05-28 13:00:00,21,0.7848333,0.9372041
2010-05-27 17:00:00,2010-05-28 14:00:00,22,0.9882333,0.8359189
2010-05-27 17:00:00,2010-05-28 15:00:00,23,1.3665,0.8197098
2010-05-27 17:00:00,2010-05-28 16:00:00,24,1.4591334,0.70789015
2010-05-28 17:00:00,2010-05-28 17:00:00,1,1.3106667,1.0037806
2010-05-28 17:00:00,2010-05-28 18:00:00,2,0.88736665,1.0773529
2010-05-28 17:00:00,2010-05-28 19:00:00,3,0.72543335,1.3765596
2010-05-28 17:00:00,2010-05-28 20:00:00,4,0.6027667,1.5484536
2010-05-28 17:00:00,2010-05-28 21:00:00,5,0.8782333,1.2356352
2010-05-28 17:00:00,2010-05-28 22:00:00,6,1.5304,0.8858048
2010-05-28 17:00:00,2010-05-28 23:00:00,7,1.3298,0.54407895
2010-05-28 17:00:00,2010-05-29 00:00:00,8,0.5915,0.40637463
2010-05-28 17:00:00,2010-05-29 01:00:00,9,0.4802,0.3619511
2010-05-28 17:00:00,2010-05-29 02:00:00,10,0.3274,0.36049503
2010-05-28 17:00:00,2010-05-29 03:00:00,11,0.30016667,0.38024223
2010-05-28 17:00:00,2010-05-29 04:00:00,12,0.23386666,0.38727266
2010-05-28 17:00:00,2010-05-29 05:00:00,13,0.30946666,0.43110383
2010-05-28 17:00:00,2010-05-29 06:00:00,14,0.5893667,0.6721519
2010-05-28 17:00:00,2010-05-29 07:00:00,15,1.8147334,1.2103121
2010-05-28 17:00:00,2010-05-29 08:00:00,16,1.426,1.5620525
2010-05-28 17:00:00,2010-05-29 09:00:00,17,1.3294333,1.7601498
2010-05-28 17:00:00,2010-05-29 10:00:00,18,2.6568666,1.7769296
2010-05-28 17:00:00,2010-05-29 11:00:00,19,1.0861334,1.6994905
2010-05-28 17:00:00,2010-05-29 12:00:00,20,2.0979667,1.5182083
2010-05-28 17:00:00,2010-05-29 13:00:00,21,1.6629666,1.3696856
2010-05-28 17:00:00,2010-05-29 14:00:00,22,2.0310333,1.2800976
2010-05-28 17:00:00,2010-05-29 15:00:00,23,1.0608,1.2191644
2010-05-28 17:00:00,2010-05-29 16:00:00,24,0.8701,1.1347287
2010-05-29 17:00:00,2010-05-29 17:00:00,1,1.2503667,0.8911606
2010-05-29 17:00:00,2010-05-29 18:00:00,2,3.412,1.0185868
2010-05-29 17:00:00,2010-05-29 19:00:00,3,2.4054666,1.2891545
2010-05-29 17:00:00,2010-05-29 20:00:00,4,1.6508666,1.5358026
2010-05-29 17:00:00,2010-05-29 21:00:00,5,2.2383,1.6140627
2010-05-29 17:00:00,2010-05-29 22:00:00,6,2.0489,1.4045107
2010-05-29 17:00:00,2010-05-29 23:00:00,7,2.2895668,0.9588004
2010-05-29 17:00:00,2010-05-30 00:00:00,8,0.878,0.6181504
2010-05-29 17:00:00,2010-05-30 01:00:00,9,1.4239,0.43809062
2010-05-29 17:00:00,2010-05-30 02:00:00,10,0.525,0.3583296
2010-05-29 17:00:00,2010-05-30 03:00:00,11,0.46496665,0.30977666
2010-05-29 17:00:00,2010-05-30 04:00:00,12,0.4492,0.3096031
2010-05-29 17:00:00,2010-05-30 05:00:00,13,0.47576666,0.3528365
2010-05-29 17:00:00,2010-05-30 06:00:00,14,0.4659,0.4956192
2010-05-29 17:00:00,2010-05-30 07:00:00,15,0.7262667,0.8461633
2010-05-29 17:00:00,2010-05-30 08:00:00,16,1.3738667,1.1648618
2010-05-29 17:00:00,2010-05-30 09:00:00,17,0.6325667,1.4199594
2010-05-29 17:00:00,2010-05-30 10:00:00,18,1.6635667,1.4397899
2010-05-29 17:00:00,2010-05-30 11:00:00,19,1.3511333,1.3734226
2010-05-29 17:00:00,2010-05-30 12:00:00,20,0.8259,1.2540054
2010-05-29 17:00:00,2010-05-30 13:00:00,21,0.78173333,1.2153943
2010-05-29 17:00:00,2010-05-30 14:00:00,22,0.40626666,1.187856
2010-05-29 17:00:00,2010-05-30 15:00:00,23,1.6644666,1.1357634
2010-05-29 17:00:00,2010-05-30 16:00:00,24,1.0025,1.05224
2010-05-30 17:00:00,2010-05-30 17:00:00,1,2.586,0.873921
2010-05-30 17:00:00,2010-05-30 18:00:00,2,1.8243667,1.0307697
2010-05-30 17:00:00,2010-05-30 19:00:00,3,2.1343,1.3952111
2010-05-30 17:00:00,2010-05-30 20:00:00,4,3.0043666,1.5765319
2010-05-30 17:00:00,2010-05-30 21:00:00,5,2.2819667,1.5919116
2010-05-30 17:00:00,2010-05-30 22:00:00,6,0.49556667,1.1863333
2010-05-30 17:00:00,2010-05-30 23:00:00,7,0.3241,0.83290035
2010-05-30 17:00:00,2010-05-31 00:00:00,8,0.28866667,0.6087762
2010-05-30 17:00:00,2010-05-31 01:00:00,9,0.2657,0.49355602
2010-05-30 17:00:00,2010-05-31 02:00:00,10,0.2944,0.4326021
2010-05-30 17:00:00,2010-05-31 03:00:00,11,0.26416665,0.3963179
2010-05-30 17:00:00,2010-05-31 04:00:00,12,0.28153333,0.39323556
2010-05-30 17:00:00,2010-05-31 05:00:00,13,0.26603332,0.46930736
2010-05-30 17:00:00,2010-05-31 06:00:00,14,1.2971333,0.721147
2010-05-30 17:00:00,2010-05-31 07:00:00,15,1.8049667,1.172033
2010-05-30 17:00:00,2010-05-31 08:00:00,16,1.8329333,1.481329
2010-05-30 17:00:00,2010-05-31 09:00:00,17,1.3662,1.4709525
2010-05-30 17:00:00,2010-05-31 10:00:00,18,1.3382334,1.4413166
2010-05-30 17:00:00,2010-05-31 11:00:00,19,1.3549666,1.3054309
2010-05-30 17:00:00,2010-05-31 12:00:00,20,1.0731666,1.1108823
2010-05-30 17:00:00,2010-05-31 13:00:00,21,0.32886666,0.9192589
2010-05-30 17:00:00,2010-05-31 14:00:00,22,0.27386665,0.75157094
2010-05-30 17:00:00,2010-05-31 15:00:00,23,0.48593333,0.70636
2010-05-30 17:00:00,2010-05-31 16:00:00,24,1.585,0.6872996
2010-05-31 17:00:00,2010-05-31 17:00:00,1,1.1943333,1.322381
2010-05-31 17:00:00,2010-05-31 18:00:00,2,1.7174333,1.2099423
2010-05-31 17:00:00,2010-05-31 19:00:00,3,1.2718,1.6875873
2010-05-31 17:00:00,2010-05-31 20:00:00,4,0.60013336,1.8336856
2010-05-31 17:00:00,2010-05-31 21:00:00,5,1.2517333,1.5282441
2010-05-31 17:00:00,2010-05-31 22:00:00,6,1.4027,0.7938328
2010-05-31 17:00:00,2010-05-31 23:00:00,7,0.5011333,0.437604
2010-05-31 17:00:00,2010-06-01 00:00:00,8,0.30033332,0.36353695
2010-05-31 17:00:00,2010-06-01 01:00:00,9,0.31336668,0.27468932
2010-05-31 17:00:00,2010-06-01 02:00:00,10,0.25216666,0.2665921
2010-05-31 17:00:00,2010-06-01 03:00:00,11,0.31046668,0.2631303
2010-05-31 17:00:00,2010-06-01 04:00:00,12,0.2316,0.2545789
2010-05-31 17:00:00,2010-06-01 05:00:00,13,0.30003333,0.33494896
2010-05-31 17:00:00,2010-06-01 06:00:00,14,0.61436665,0.71199036
2010-05-31 17:00:00,2010-06-01 07:00:00,15,1.6050333,1.4942718
2010-05-31 17:00:00,2010-06-01 08:00:00,16,1.9330667,1.8315773
2010-05-31 17:00:00,2010-06-01 09:00:00,17,1.9972667,1.6354268
2010-05-31 17:00:00,2010-06-01 10:00:00,18,1.3527334,1.4714684
2010-05-31 17:00:00,2010-06-01 11:00:00,19,1.3441666,1.2310417
2010-05-31 17:00:00,2010-06-01 12:00:00,20,1.6768667,0.9147304
2010-05-31 17:00:00,2010-06-01 13:00:00,21,1.6020666,0.7299973
2010-05-31 17:00:00,2010-06-01 14:00:00,22,1.4453666,0.5767453
2010-05-31 17:00:00,2010-06-01 15:00:00,23,1.4784666,0.6857164
2010-05-31 17:00:00,2010-06-01 16:00:00,24,0.90933335,0.79106283
2010-06-01 17:00:00,2010-06-01 17:00:00,1,0.3416,0.8420521
2010-06-01 17:00:00,2010-06-01 18:00:00,2,0.35233334,1.1468565
2010-06-01 17:00:00,2010-06-01 19:00:00,3,0.3855,1.5144254
2010-06-01 17:00:00,2010-06-01 20:00:00,4,0.5895,1.5318291
2010-06-01 17:00:00,2010-06-01 21:00:00,5,0.52183336,1.2463464
2010-06-01 17:00:00,2010-06-01 22:00:00,6,0.6503,0.9193861
2010-06-01 17:00:00,2010-06-01 23:00:00,7,0.64163333,0.59292257
2010-06-01 17:00:00,2010-06-02 00:00:00,8,0.3203,0.4205302
2010-06-01 17:00:00,2010-06-02 01:00:00,9,0.7598,0.33185375
2010-06-01 17:00:00,2010-06-02 02:00:00,10,1.1001667,0.28221744
2010-06-01 17:00:00,2010-06-02 03:00:00,11,0.24943334,0.27219033
2010-06-01 17:00:00,2010-06-02 04:00:00,12,0.28026667,0.25811946
2010-06-01 17:00:00,2010-06-02 05:00:00,13,0.2608,0.33228928
2010-06-01 17:00:00,2010-06-02 06:00:00,14,0.6466,0.7505028
2010-06-01 17:00:00,2010-06-02 07:00:00,15,1.7422333,1.4412297
2010-06-01 17:00:00,2010-06-02 08:00:00,16,1.3471333,1.8189399
2010-06-01 17:00:00,2010-06-02 09:00:00,17,1.3300333,1.6766871
2010-06-01 17:00:00,2010-06-02 10:00:00,18,1.137,1.5494328
2010-06-01 17:00:00,2010-06-02 11:00:00,19,0.7223333,1.365841
2010-06-01 17:00:00,2010-06-02 12:00:00,20,0.41356668,1.1282028
2010-06-01 17:00:00,2010-06-02 13:00:00,21,0.4407,1.0156798
2010-06-01 17:00:00,2010-06-02 14:00:00,22,0.27143332,0.833119
2010-06-01 17:00:00,2010-06-02 15:00:00,23,1.0623667,0.8954893
2010-06-01 17:00:00,2010-06-02 16:00:00,24,0.30226666,0.9457189
2010-06-02 17:00:00,2010-06-02 17:00:00,1,0.31003332,0.60839987
2010-06-02 17:00:00,2010-06-02 18:00:00,2,0.28003332,0.83625203
2010-06-02 17:00:00,2010-06-02 19:00:00,3,0.34943333,0.9651308
2010-06-02 17:00:00,2010-06-02 20:00:00,4,0.91143334,0.9707831
2010-06-02 17:00:00,2010-06-02 21:00:00,5,1.2373,0.90148747
2010-06-02 17:00:00,2010-06-02 22:00:00,6,0.61183333,0.7249336
2010-06-02 17:00:00,2010-06-02 23:00:00,7,0.2618,0.50676894
2010-06-02 17:00:00,2010-06-03 00:00:00,8,0.52346665,0.38285035
2010-06-02 17:00:00,2010-06-03 01:00:00,9,0.25586668,0.33214414
2010-06-02 17:00:00,2010-06-03 02:00:00,10,0.3059,0.3148241
2010-06-02 17:00:00,2010-06-03 03:00:00,11,1.0056334,0.3043939
2010-06-02 17:00:00,2010-06-03 04:00:00,12,0.2177,0.30430418
2010-06-02 17:00:00,2010-06-03 05:00:00,13,0.30886668,0.36000305
2010-06-02 17:00:00,2010-06-03 06:00:00,14,0.9371333,0.64210206
2010-06-02 17:00:00,2010-06-03 07:00:00,15,1.7112334,1.1870832
2010-06-02 17:00:00,2010-06-03 08:00:00,16,2.2531,1.400085
2010-06-02 17:00:00,2010-06-03 09:00:00,17,1.8671,1.3360641
2010-06-02 17:00:00,2010-06-03 10:00:00,18,1.3756,1.2721323
2010-06-02 17:00:00,2010-06-03 11:00:00,19,1.3288667,1.1449391
2010-06-02 17:00:00,2010-06-03 12:00:00,20,1.9338334,1.036323
2010-06-02 17:00:00,2010-06-03 13:00:00,21,2.3048,0.9418532
2010-06-02 17:00:00,2010-06-03 14:00:00,22,1.3756334,0.832345
2010-06-02 17:00:00,2010-06-03 15:00:00,23,1.3578666,0.79816484
2010-06-02 17:00:00,2010-06-03 16:00:00,24,0.29583332,0.8059058
2010-06-03 17:00:00,2010-06-03 17:00:00,1,0.30856666,0.5378293
2010-06-03 17:00:00,2010-06-03 18:00:00,2,0.39896667,0.74573445
2010-06-03 17:00:00,2010-06-03 19:00:00,3,1.2475667,0.8894789
2010-06-03 17:00:00,2010-06-03 20:00:00,4,0.39553332,1.014627
2010-06-03 17:00:00,2010-06-03 21:00:00,5,0.6004,1.0005574
2010-06-03 17:00:00,2010-06-03 22:00:00,6,0.5785667,0.8416623
2010-06-03 17:00:00,2010-06-03 23:00:00,7,0.3484,0.5876106
2010-06-03 17:00:00,2010-06-04 00:00:00,8,0.3002,0.4137565
2010-06-03 17:00:00,2010-06-04 01:00:00,9,1.3538333,0.32534957
2010-06-03 17:00:00,2010-06-04 02:00:00,10,0.30773333,0.29472607
2010-06-03 17:00:00,2010-06-04 03:00:00,11,0.25643334,0.27990925
2010-06-03 17:00:00,2010-06-04 04:00:00,12,0.28013334,0.29020792
2010-06-03 17:00:00,2010-06-04 05:00:00,13,0.33456665,0.39562333
2010-06-03 17:00:00,2010-06-04 06:00:00,14,1.2161666,0.71253777
2010-06-03 17:00:00,2010-06-04 07:00:00,15,1.6454333,1.2027274
2010-06-03 17:00:00,2010-06-04 08:00:00,16,1.5706333,1.403244
2010-06-03 17:00:00,2010-06-04 09:00:00,17,1.8476334,1.4733235
2010-06-03 17:00:00,2010-06-04 10:00:00,18,1.3328667,1.4211764
2010-06-03 17:00:00,2010-06-04 11:00:00,19,1.1925,1.3156534
2010-06-03 17:00:00,2010-06-04 12:00:00,20,0.58063334,1.2168802
2010-06-03 17:00:00,2010-06-04 13:00:00,21,0.98763335,1.1403505
2010-06-03 17:00:00,2010-06-04 14:00:00,22,1.0285333,1.0870805
2010-06-03 17:00:00,2010-06-04 15:00:00,23,1.3963667,1.0414443
2010-06-03 17:00:00,2010-06-04 16:00:00,24,1.4777,0.9595215
2010-06-04 17:00:00,2010-06-04 17:00:00,1,0.8026,1.1441648
2010-06-04 17:00:00,2010-06-04 18:00:00,2,0.49603334,1.1507078
2010-06-04 17:00:00,2010-06-04 19:00:00,3,0.37173334,1.1688468
2010-06-04 17:00:00,2010-06-04 20:00:00,4,0.4455,1.1369435
2010-06-04 17:00:00,2010-06-04 21:00:00,5,1.8008333,1.0264148
2010-06-04 17:00:00,2010-06-04 22:00:00,6,1.3293333,0.83039975
2010-06-04 17:00:00,2010-06-04 23:00:00,7,1.3208667,0.58432853
2010-06-04 17:00:00,2010-06-05 00:00:00,8,1.9819334,0.40051025
2010-06-04 17:00:00,2010-06-05 01:00:00,9,0.9362,0.3183301
2010-06-04 17:00:00,2010-06-05 02:00:00,10,0.35656667,0.25296956
2010-06-04 17:00:00,2010-06-05 03:00:00,11,0.26943332,0.20517594
2010-06-04 17:00:00,2010-06-05 04:00:00,12,0.3643,0.21921766
2010-06-04 17:00:00,2010-06-05 05:00:00,13,0.31786665,0.37216687
2010-06-04 17:00:00,2010-06-05 06:00:00,14,0.6622667,0.65279377
2010-06-04 17:00:00,2010-06-05 07:00:00,15,1.5862334,1.1094208
2010-06-04 17:00:00,2010-06-05 08:00:00,16,1.4944,1.2794545
2010-06-04 17:00:00,2010-06-05 09:00:00,17,1.4394,1.3552611
2010-06-04 17:00:00,2010-06-05 10:00:00,18,1.1425667,1.3394157
2010-06-04 17:00:00,2010-06-05 11:00:00,19,1.6338,1.2397132
2010-06-04 17:00:00,2010-06-05 12:00:00,20,2.3738666,1.1520302
2010-06-04 17:00:00,2010-06-05 13:00:00,21,0.9036,1.0992882
2010-06-04 17:00:00,2010-06-05 14:00:00,22,1.3759,1.0656908
2010-06-04 17:00:00,2010-06-05 15:00:00,23,1.2071667,1.0560822
2010-06-04 17:00:00,2010-06-05 16:00:00,24,2.0770667,1.0381643
2010-06-05 17:00:00,2010-06-05 17:00:00,1,0.9001667,1.3579324
2010-06-05 17:00:00,2010-06-05 18:00:00,2,2.0113,1.2734678
2010-06-05 17:00:00,2010-06-05 19:00:00,3,1.8069,1.2272089
2010-06-05 17:00:00,2010-06-05 20:00:00,4,1.7313,1.2145455
2010-06-05 17:00:00,2010-06-05 21:00:00,5,0.64893335,1.176216
2010-06-05 17:00:00,2010-06-05 22:00:00,6,3.0245667,1.0548706
2010-06-05 17:00:00,2010-06-05 23:00:00,7,3.2483332,0.80702347
2010-06-05 17:00:00,2010-06-06 00:00:00,8,2.7726,0.5926453
2010-06-05 17:00:00,2010-06-06 01:00:00,9,1.3972334,0.46766192
2010-06-05 17:00:00,2010-06-06 02:00:00,10,0.4164,0.37134075
2010-06-05 17:00:00,2010-06-06 03:00:00,11,0.42623332,0.29454345
2010-06-05 17:00:00,2010-06-06 04:00:00,12,0.38103333,0.2988431
2010-06-05 17:00:00,2010-06-06 05:00:00,13,0.40376666,0.4737478
2010-06-05 17:00:00,2010-06-06 06:00:00,14,0.3208,0.81195354
2010-06-05 17:00:00,2010-06-06 07:00:00,15,0.44106665,1.2925636
2010-06-05 17:00:00,2010-06-06 08:00:00,16,0.42256665,1.4739962
2010-06-05 17:00:00,2010-06-06 09:00:00,17,1.3165333,1.4934944
2010-06-05 17:00:00,2010-06-06 10:00:00,18,0.7921,1.4551005
2010-06-05 17:00:00,2010-06-06 11:00:00,19,0.3429,1.3793511
2010-06-05 17:00:00,2010-06-06 12:00:00,20,2.4814334,1.2809913
2010-06-05 17:00:00,2010-06-06 13:00:00,21,1.9768,1.2117685
2010-06-05 17:00:00,2010-06-06 14:00:00,22,1.5261333,1.1848168
2010-06-05 17:00:00,2010-06-06 15:00:00,23,1.4523,1.2098773
2010-06-05 17:00:00,2010-06-06 16:00:00,24,2.7384,1.1798786
2010-06-06 17:00:00,2010-06-06 17:00:00,1,2.6080334,1.8910099
2010-06-06 17:00:00,2010-06-06 18:00:00,2,0.5265333,1.7098359
2010-06-06 17:00:00,2010-06-06 19:00:00,3,0.40873334,1.614888
2010-06-06 17:00:00,2010-06-06 20:00:00,4,0.4997,1.526295
2010-06-06 17:00:00,2010-06-06 21:00:00,5,2.1411667,1.3895948
2010-06-06 17:00:00,2010-06-06 22:00:00,6,2.5723,1.2117198
2010-06-06 17:00:00,2010-06-06 23:00:00,7,0.74843335,0.93751955
2010-06-06 17:00:00,2010-06-07 00:00:00,8,0.26736668,0.71709263
2010-06-06 17:00:00,2010-06-07 01:00:00,9,0.3768,0.5692401
2010-06-06 17:00:00,2010-06-07 02:00:00,10,0.31323335,0.4212507
2010-06-06 17:00:00,2010-06-07 03:00:00,11,0.36626667,0.30642688
2010-06-06 17:00:00,2010-06-07 04:00:00,12,0.31063333,0.2992947
2010-06-06 17:00:00,2010-06-07 05:00:00,13,0.28093332,0.42550623
2010-06-06 17:00:00,2010-06-07 06:00:00,14,0.79076666,0.74815404
2010-06-06 17:00:00,2010-06-07 07:00:00,15,1.7549,1.3008828
2010-06-06 17:00:00,2010-06-07 08:00:00,16,1.7765,1.5836196
2010-06-06 17:00:00,2010-06-07 09:00:00,17,1.8903667,1.5557346
2010-06-06 17:00:00,2010-06-07 10:00:00,18,0.80003333,1.5242677
2010-06-06 17:00:00,2010-06-07 11:00:00,19,0.35166666,1.4638515
2010-06-06 17:00:00,2010-06-07 12:00:00,20,0.41726667,1.4289122
2010-06-06 17:00:00,2010-06-07 13:00:00,21,0.4156,1.3478814
2010-06-06 17:00:00,2010-06-07 14:00:00,22,0.29886666,1.2784252
2010-06-06 17:00:00,2010-06-07 15:00:00,23,0.34903333,1.2358607
2010-06-06 17:00:00,2010-06-07 16:00:00,24,0.3284,1.1639571
2010-06-07 17:00:00,2010-06-07 17:00:00,1,1.0391,0.39306033
2010-06-07 17:00:00,2010-06-07 18:00:00,2,0.6155667,0.43908715
2010-06-07 17:00:00,2010-06-07 19:00:00,3,0.94013333,0.46869206
2010-06-07 17:00:00,2010-06-07 20:00:00,4,1.068,0.52878284
2010-06-07 17:00:00,2010-06-07 21:00:00,5,0.9030667,0.6202369
2010-06-07 17:00:00,2010-06-07 22:00:00,6,0.833,0.63516355
2010-06-07 17:00:00,2010-06-07 23:00:00,7,0.38053334,0.623268
2010-06-07 17:00:00,2010-06-08 00:00:00,8,0.6259,0.562029
2010-06-07 17:00:00,2010-06-08 01:00:00,9,0.8197,0.4680481
2010-06-07 17:00:00,2010-06-08 02:00:00,10,0.2473,0.41285253
2010-06-07 17:00:00,2010-06-08 03:00:00,11,0.33536667,0.3628397
2010-06-07 17:00:00,2010-06-08 04:00:00,12,0.31123334,0.36326116
2010-06-07 17:00:00,2010-06-08 05:00:00,13,0.34163332,0.44730407
2010-06-07 17:00:00,2010-06-08 06:00:00,14,0.48686665,0.60451853
2010-06-07 17:00:00,2010-06-08 07:00:00,15,1.8495667,0.8355031
2010-06-07 17:00:00,2010-06-08 08:00:00,16,2.2103333,0.95333457
2010-06-07 17:00:00,2010-06-08 09:00:00,17,1.9911667,0.99750024
2010-06-07 17:00:00,2010-06-08 10:00:00,18,1.4520667,0.91515607
2010-06-07 17:00:00,2010-06-08 11:00:00,19,1.4518666,0.8249936
2010-06-07 17:00:00,2010-06-08 12:00:00,20,1.3902,0.8107733
2010-06-07 17:00:00,2010-06-08 13:00:00,21,1.4037666,0.82098746
2010-06-07 17:00:00,2010-06-08 14:00:00,22,0.32176667,0.815525
2010-06-07 17:00:00,2010-06-08 15:00:00,23,0.44503334,0.7974665
2010-06-07 17:00:00,2010-06-08 16:00:00,24,0.56093335,0.74029875
2010-06-08 17:00:00,2010-06-08 17:00:00,1,0.62436664,0.5266162
2010-06-08 17:00:00,2010-06-08 18:00:00,2,0.72816664,0.6197659
2010-06-08 17:00:00,2010-06-08 19:00:00,3,1.4203666,0.71126413
2010-06-08 17:00:00,2010-06-08 20:00:00,4,1.0441,0.8004149
2010-06-08 17:00:00,2010-06-08 21:00:00,5,1.4155,0.8365396
2010-06-08 17:00:00,2010-06-08 22:00:00,6,0.5682,0.78245926
2010-06-08 17:00:00,2010-06-08 23:00:00,7,0.6551667,0.71220744
2010-06-08 17:00:00,2010-06-09 00:00:00,8,0.35376668,0.6167769
2010-06-08 17:00:00,2010-06-09 01:00:00,9,0.3973,0.5211228
2010-06-08 17:00:00,2010-06-09 02:00:00,10,0.26053333,0.39645255
2010-06-08 17:00:00,2010-06-09 03:00:00,11,0.37333333,0.3498878
2010-06-08 17:00:00,2010-06-09 04:00:00,12,0.32016668,0.32651752
2010-06-08 17:00:00,2010-06-09 05:00:00,13,0.38426667,0.43641472
2010-06-08 17:00:00,2010-06-09 06:00:00,14,0.89316666,0.7978509
2010-06-08 17:00:00,2010-06-09 07:00:00,15,1.9536,1.3260438
2010-06-08 17:00:00,2010-06-09 08:00:00,16,1.3556334,1.5799761
2010-06-08 17:00:00,2010-06-09 09:00:00,17,1.4013333,1.5626134
2010-06-08 17:00:00,2010-06-09 10:00:00,18,1.6439,1.3221571
2010-06-08 17:00:00,2010-06-09 11:00:00,19,1.6741,1.0940832
2010-06-08 17:00:00,2010-06-09 12:00:00,20,0.5093333,0.9013992
2010-06-08 17:00:00,2010-06-09 13:00:00,21,2.4124,0.7749218
2010-06-08 17:00:00,2010-06-09 14:00:00,22,0.8645333,0.6202371
2010-06-08 17:00:00,2010-06-09 15:00:00,23,0.9440333,0.5807714
2010-06-08 17:00:00,2010-06-09 16:00:00,24,0.36223334,0.5356561
2010-06-09 17:00:00,2010-06-09 17:00:00,1,1.4379667,0.47361833
2010-06-09 17:00:00,2010-06-09 18:00:00,2,1.5563333,0.6292728
2010-06-09 17:00:00,2010-06-09 19:00:00,3,1.2358333,0.81286514
2010-06-09 17:00:00,2010-06-09 20:00:00,4,1.9178667,0.8790988
2010-06-09 17:00:00,2010-06-09 21:00:00,5,1.5139667,0.98321134
2010-06-09 17:00:00,2010-06-09 22:00:00,6,1.1477667,0.8099718
2010-06-09 17:00:00,2010-06-09 23:00:00,7,0.66466665,0.57061505
2010-06-09 17:00:00,2010-06-10 00:00:00,8,0.40426666,0.49155754
2010-06-09 17:00:00,2010-06-10 01:00:00,9,0.32686666,0.40044278
2010-06-09 17:00:00,2010-06-10 02:00:00,10,0.31736666,0.28136533
2010-06-09 17:00:00,2010-06-10 03:00:00,11,0.32373333,0.30257547
2010-06-09 17:00:00,2010-06-10 04:00:00,12,0.75,0.28503639
2010-06-09 17:00:00,2010-06-10 05:00:00,13,0.6821667,0.33903635
2010-06-09 17:00:00,2010-06-10 06:00:00,14,0.5538333,0.7423465
2010-06-09 17:00:00,2010-06-10 07:00:00,15,1.4263,1.5572035
2010-06-09 17:00:00,2010-06-10 08:00:00,16,1.7923334,1.8183761
2010-06-09 17:00:00,2010-06-10 09:00:00,17,1.3549666,1.7621512
2010-06-09 17:00:00,2010-06-10 10:00:00,18,1.4778,1.5004843
2010-06-09 17:00:00,2010-06-10 11:00:00,19,1.3937,1.3900436
2010-06-09 17:00:00,2010-06-10 12:00:00,20,1.4353334,1.2716464
2010-06-09 17:00:00,2010-06-10 13:00:00,21,1.1014333,1.2234876
2010-06-09 17:00:00,2010-06-10 14:00:00,22,0.37483335,0.9397269
2010-06-09 17:00:00,2010-06-10 15:00:00,23,0.32436666,0.8170444
2010-06-09 17:00:00,2010-06-10 16:00:00,24,0.37913334,0.680479
2010-06-10 17:00:00,2010-06-10 17:00:00,1,0.44023332,0.5862309
2010-06-10 17:00:00,2010-06-10 18:00:00,2,0.6838667,0.8379715
2010-06-10 17:00:00,2010-06-10 19:00:00,3,1.0551667,0.9746278
2010-06-10 17:00:00,2010-06-10 20:00:00,4,1.7362334,1.0344723
2010-06-10 17:00:00,2010-06-10 21:00:00,5,1.0708667,1.0197419
2010-06-10 17:00:00,2010-06-10 22:00:00,6,0.52493334,0.9380576
2010-06-10 17:00:00,2010-06-10 23:00:00,7,0.32343334,0.67780954
2010-06-10 17:00:00,2010-06-11 00:00:00,8,0.3402,0.507549
2010-06-10 17:00:00,2010-06-11 01:00:00,9,0.3791,0.3997625
2010-06-10 17:00:00,2010-06-11 02:00:00,10,0.31623334,0.3119753
2010-06-10 17:00:00,2010-06-11 03:00:00,11,0.3017,0.31086975
2010-06-10 17:00:00,2010-06-11 04:00:00,12,0.33203334,0.3389994
2010-06-10 17:00:00,2010-06-11 05:00:00,13,0.25186667,0.4151358
2010-06-10 17:00:00,2010-06-11 06:00:00,14,1.6246667,0.7063508
2010-06-10 17:00:00,2010-06-11 07:00:00,15,1.8760333,1.2897868
2010-06-10 17:00:00,2010-06-11 08:00:00,16,2.0137,1.4759874
2010-06-10 17:00:00,2010-06-11 09:00:00,17,1.8483,1.5518675
2010-06-10 17:00:00,2010-06-11 10:00:00,18,1.4251333,1.4479804
2010-06-10 17:00:00,2010-06-11 11:00:00,19,1.4143,1.3375322
2010-06-10 17:00:00,2010-06-11 12:00:00,20,1.7594334,1.1890664
2010-06-10 17:00:00,2010-06-11 13:00:00,21,1.3205333,1.0795085
2010-06-10 17:00:00,2010-06-11 14:00:00,22,0.4647,0.9643609
2010-06-10 17:00:00,2010-06-11 15:00:00,23,1.0055333,0.95361394
2010-06-10 17:00:00,2010-06-11 16:00:00,24,1.1049334,0.94448715
2010-06-11 17:00:00,2010-06-11 17:00:00,1,0.52023333,0.9994086
2010-06-11 17:00:00,2010-06-11 18:00:00,2,0.47306666,1.1396335
2010-06-11 17:00:00,2010-06-11 19:00:00,3,1.7516667,1.2519808
2010-06-11 17:00:00,2010-06-11 20:00:00,4,0.5838,1.431349
2010-06-11 17:00:00,2010-06-11 21:00:00,5,1.1657,1.4517246
2010-06-11 17:00:00,2010-06-11 22:00:00,6,1.0965333,1.3280071
2010-06-11 17:00:00,2010-06-11 23:00:00,7,1.1418,0.99084765
2010-06-11 17:00:00,2010-06-12 00:00:00,8,0.9745333,0.73952156
2010-06-11 17:00:00,2010-06-12 01:00:00,9,0.42356667,0.5011869
2010-06-11 17:00:00,2010-06-12 02:00:00,10,0.8025333,0.33338952
2010-06-11 17:00:00,2010-06-12 03:00:00,11,0.31856668,0.29899746
2010-06-11 17:00:00,2010-06-12 04:00:00,12,0.34243333,0.3246243
2010-06-11 17:00:00,2010-06-12 05:00:00,13,0.3234,0.39823955
2010-06-11 17:00:00,2010-06-12 06:00:00,14,0.6063667,0.7253847
2010-06-11 17:00:00,2010-06-12 07:00:00,15,1.6914667,1.3140056
2010-06-11 17:00:00,2010-06-12 08:00:00,16,1.7133334,1.5976412
2010-06-11 17:00:00,2010-06-12 09:00:00,17,1.3865,1.7460304
2010-06-11 17:00:00,2010-06-12 10:00:00,18,1.3559,1.6459372
2010-06-11 17:00:00,2010-06-12 11:00:00,19,0.921,1.6220059
2010-06-11 17:00:00,2010-06-12 12:00:00,20,2.1129334,1.5976279
2010-06-11 17:00:00,2010-06-12 13:00:00,21,1.5753666,1.4572933
2010-06-11 17:00:00,2010-06-12 14:00:00,22,0.99343336,1.2461036
2010-06-11 17:00:00,2010-06-12 15:00:00,23,1.7003666,1.2073321
2010-06-11 17:00:00,2010-06-12 16:00:00,24,1.6876333,1.2838151
2010-06-20 17:00:00,2010-06-20 17:00:00,1,1.9162333,0.5009092
2010-06-20 17:00:00,2010-06-20 18:00:00,2,2.6058667,0.5213827
2010-06-20 17:00:00,2010-06-20 19:00:00,3,3.0546,0.60619515
2010-06-20 17:00:00,2010-06-20 20:00:00,4,2.1052666,1.1099946
2010-06-20 17:00:00,2010-06-20 21:00:00,5,1.7862333,1.2954355
2010-06-20 17:00:00,2010-06-20 22:00:00,6,1.7300667,1.149519
2010-06-20 17:00:00,2010-06-20 23:00:00,7,1.2456334,0.7318331
2010-06-20 17:00:00,2010-06-21 00:00:00,8,0.27436668,0.57527316
2010-06-20 17:00:00,2010-06-21 01:00:00,9,0.35246667,0.46911845
2010-06-20 17:00:00,2010-06-21 02:00:00,10,0.9393333,0.39960587
2010-06-20 17:00:00,2010-06-21 03:00:00,11,0.3492,0.3262779
2010-06-20 17:00:00,2010-06-21 04:00:00,12,0.24523333,0.3270405
2010-06-20 17:00:00,2010-06-21 05:00:00,13,0.35853332,0.34993398
2010-06-20 17:00:00,2010-06-21 06:00:00,14,0.27716666,0.511877
2010-06-20 17:00:00,2010-06-21 07:00:00,15,0.9789,0.7914254
2010-06-20 17:00:00,2010-06-21 08:00:00,16,1.4782667,1.1982851
2010-06-20 17:00:00,2010-06-21 09:00:00,17,1.4552667,1.2737602
2010-06-20 17:00:00,2010-06-21 10:00:00,18,1.2895334,1.331885
2010-06-20 17:00:00,2010-06-21 11:00:00,19,1.4134667,1.3932335
2010-06-20 17:00:00,2010-06-21 12:00:00,20,1.1166,1.3836042
2010-06-20 17:00:00,2010-06-21 13:00:00,21,0.6603,1.3193343
2010-06-20 17:00:00,2010-06-21 14:00:00,22,1.5395,0.9989523
2010-06-20 17:00:00,2010-06-21 15:00:00,23,2.51,0.62732154
2010-06-20 17:00:00,2010-06-21 16:00:00,24,0.3795,0.50679195
2010-06-21 17:00:00,2010-06-21 17:00:00,1,1.3744,0.47913122
2010-06-21 17:00:00,2010-06-21 18:00:00,2,2.5162334,0.606151
2010-06-21 17:00:00,2010-06-21 19:00:00,3,1.9449333,0.7157107
2010-06-21 17:00:00,2010-06-21 20:00:00,4,1.8373333,1.0258504
2010-06-21 17:00:00,2010-06-21 21:00:00,5,1.3321,1.1082488
2010-06-21 17:00:00,2010-06-21 22:00:00,6,2.3345666,1.0275351
2010-06-21 17:00:00,2010-06-21 23:00:00,7,0.7243,0.8032316
2010-06-21 17:00:00,2010-06-22 00:00:00,8,0.33473334,0.6034227
2010-06-21 17:00:00,2010-06-22 01:00:00,9,0.27003333,0.48885477
2010-06-21 17:00:00,2010-06-22 02:00:00,10,0.2868,0.4228217
2010-06-21 17:00:00,2010-06-22 03:00:00,11,0.2776,0.37240088
2010-06-21 17:00:00,2010-06-22 04:00:00,12,0.28636667,0.35845375
2010-06-21 17:00:00,2010-06-22 05:00:00,13,0.25856668,0.4111113
2010-06-21 17:00:00,2010-06-22 06:00:00,14,0.6382,0.54089814
2010-06-21 17:00:00,2010-06-22 07:00:00,15,2.0322,0.8067535
2010-06-21 17:00:00,2010-06-22 08:00:00,16,1.7978667,1.141489
2010-06-21 17:00:00,2010-06-22 09:00:00,17,1.8582,1.3098044
2010-06-21 17:00:00,2010-06-22 10:00:00,18,1.75,1.369232
2010-06-21 17:00:00,2010-06-22 11:00:00,19,1.1740333,1.449974
2010-06-21 17:00:00,2010-06-22 12:00:00,20,0.64536667,1.3932433
2010-06-21 17:00:00,2010-06-22 13:00:00,21,1.3182666,1.2928386
2010-06-21 17:00:00,2010-06-22 14:00:00,22,0.83856666,1.1036036
2010-06-21 17:00:00,2010-06-22 15:00:00,23,0.6612,0.8777799
2010-06-21 17:00:00,2010-06-22 16:00:00,24,0.45916668,0.7054915
2010-06-22 17:00:00,2010-06-22 17:00:00,1,2.0802667,0.7141128
2010-06-22 17:00:00,2010-06-22 18:00:00,2,1.5902,0.9715233
2010-06-22 17:00:00,2010-06-22 19:00:00,3,1.0886,1.1585495
2010-06-22 17:00:00,2010-06-22 20:00:00,4,1.0753334,1.3355455
2010-06-22 17:00:00,2010-06-22 21:00:00,5,1.2507334,1.356179
2010-06-22 17:00:00,2010-06-22 22:00:00,6,2.2101333,1.1968954
2010-06-22 17:00:00,2010-06-22 23:00:00,7,1.1607,0.870106
2010-06-22 17:00:00,2010-06-23 00:00:00,8,0.30716667,0.5810844
2010-06-22 17:00:00,2010-06-23 01:00:00,9,0.2552,0.4269386
2010-06-22 17:00:00,2010-06-23 02:00:00,10,0.28943333,0.3578655
2010-06-22 17:00:00,2010-06-23 03:00:00,11,0.2841,0.3050862
2010-06-22 17:00:00,2010-06-23 04:00:00,12,0.27876666,0.29370564
2010-06-22 17:00:00,2010-06-23 05:00:00,13,0.26673332,0.35226184
2010-06-22 17:00:00,2010-06-23 06:00:00,14,0.5191333,0.568
2010-06-22 17:00:00,2010-06-23 07:00:00,15,1.5606,0.9387759
2010-06-22 17:00:00,2010-06-23 08:00:00,16,1.3922,1.2338185
2010-06-22 17:00:00,2010-06-23 09:00:00,17,1.4414333,1.4246731
2010-06-22 17:00:00,2010-06-23 10:00:00,18,2.0485334,1.4872926
2010-06-22 17:00:00,2010-06-23 11:00:00,19,1.5051334,1.431702
2010-06-22 17:00:00,2010-06-23 12:00:00,20,1.2449,1.3239396
2010-06-22 17:00:00,2010-06-23 13:00:00,21,0.2992,1.2304899
2010-06-22 17:00:00,2010-06-23 14:00:00,22,0.375,1.1002443
2010-06-22 17:00:00,2010-06-23 15:00:00,23,0.3711,0.9742846
2010-06-22 17:00:00,2010-06-23 16:00:00,24,0.3139,0.906586
2010-06-23 17:00:00,2010-06-23 17:00:00,1,0.55473334,0.7814105
2010-06-23 17:00:00,2010-06-23 18:00:00,2,1.7482667,1.1271199
2010-06-23 17:00:00,2010-06-23 19:00:00,3,1.9592,1.243969
2010-06-23 17:00:00,2010-06-23 20:00:00,4,1.2290666,1.3885326
2010-06-23 17:00:00,2010-06-23 21:00:00,5,3.9411,1.4030695
2010-06-23 17:00:00,2010-06-23 22:00:00,6,1.4779,1.3657949
2010-06-23 17:00:00,2010-06-23 23:00:00,7,0.3716,0.87566507
2010-06-23 17:00:00,2010-06-24 00:00:00,8,0.3514,0.5216391
2010-06-23 17:00:00,2010-06-24 01:00:00,9,0.34043333,0.3235914
2010-06-23 17:00:00,2010-06-24 02:00:00,10,0.4146,0.2981193
2010-06-23 17:00:00,2010-06-24 03:00:00,11,0.5252,0.27966762
2010-06-23 17:00:00,2010-06-24 04:00:00,12,0.7032667,0.30363607
2010-06-23 17:00:00,2010-06-24 05:00:00,13,0.38776666,0.3492306
2010-06-23 17:00:00,2010-06-24 06:00:00,14,0.42356667,0.61377513
2010-06-23 17:00:00,2010-06-24 07:00:00,15,1.3824667,1.0772816
2010-06-23 17:00:00,2010-06-24 08:00:00,16,1.7109333,1.324356
2010-06-23 17:00:00,2010-06-24 09:00:00,17,1.4129666,1.3839644
2010-06-23 17:00:00,2010-06-24 10:00:00,18,0.9029667,1.4560761
2010-06-23 17:00:00,2010-06-24 11:00:00,19,0.36943334,1.4129765
2010-06-23 17:00:00,2010-06-24 12:00:00,20,0.37086666,1.1715903
2010-06-23 17:00:00,2010-06-24 13:00:00,21,0.3719,1.0160264
2010-06-23 17:00:00,2010-06-24 14:00:00,22,0.32403332,0.8785008
2010-06-23 17:00:00,2010-06-24 15:00:00,23,0.3697,0.7050859
2010-06-23 17:00:00,2010-06-24 16:00:00,24,0.33583334,0.68711793
2010-06-24 17:00:00,2010-06-24 17:00:00,1,0.42543334,0.5809427
2010-06-24 17:00:00,2010-06-24 18:00:00,2,0.6879,0.8237031
2010-06-24 17:00:00,2010-06-24 19:00:00,3,1.5256,0.96919155
2010-06-24 17:00:00,2010-06-24 20:00:00,4,1.2801,1.1125723
2010-06-24 17:00:00,2010-06-24 21:00:00,5,1.4406667,1.172516
2010-06-24 17:00:00,2010-06-24 22:00:00,6,1.8170667,1.0815481
2010-06-24 17:00:00,2010-06-24 23:00:00,7,0.3889,0.67555255
2010-06-24 17:00:00,2010-06-25 00:00:00,8,0.29856667,0.46001565
2010-06-24 17:00:00,2010-06-25 01:00:00,9,0.3066,0.34344935
2010-06-24 17:00:00,2010-06-25 02:00:00,10,0.28383332,0.3255905
2010-06-24 17:00:00,2010-06-25 03:00:00,11,0.33946666,0.3265934
2010-06-24 17:00:00,2010-06-25 04:00:00,12,0.33766666,0.35359806
2010-06-24 17:00:00,2010-06-25 05:00:00,13,0.28426668,0.37310416
2010-06-24 17:00:00,2010-06-25 06:00:00,14,1.0408666,0.54594076
2010-06-24 17:00:00,2010-06-25 07:00:00,15,1.4192333,1.0232579
2010-06-24 17:00:00,2010-06-25 08:00:00,16,1.1743333,1.4517179
2010-06-24 17:00:00,2010-06-25 09:00:00,17,1.4962333,1.3996817
2010-06-24 17:00:00,2010-06-25 10:00:00,18,1.4313667,1.3658621
2010-06-24 17:00:00,2010-06-25 11:00:00,19,1.6219333,1.1786977
2010-06-24 17:00:00,2010-06-25 12:00:00,20,1.9613667,0.9776165
2010-06-24 17:00:00,2010-06-25 13:00:00,21,0.97246665,0.8196471
2010-06-24 17:00:00,2010-06-25 14:00:00,22,0.28336668,0.6597401
2010-06-24 17:00:00,2010-06-25 15:00:00,23,0.27043334,0.5449822
2010-06-24 17:00:00,2010-06-25 16:00:00,24,0.31913334,0.5477514
2010-06-25 17:00:00,2010-06-25 17:00:00,1,0.3674,0.60573924
2010-06-25 17:00:00,2010-06-25 18:00:00,2,0.28436667,0.8500444
2010-06-25 17:00:00,2010-06-25 19:00:00,3,0.30556667,1.0658898
2010-06-25 17:00:00,2010-06-25 20:00:00,4,0.32926667,1.2440016
2010-06-25 17:00:00,2010-06-25 21:00:00,5,1.3311,1.3222766
2010-06-25 17:00:00,2010-06-25 22:00:00,6,1.4952667,1.1849239
2010-06-25 17:00:00,2010-06-25 23:00:00,7,0.36986667,0.74332535
2010-06-25 17:00:00,2010-06-26 00:00:00,8,0.36583334,0.4554147
2010-06-25 17:00:00,2010-06-26 01:00:00,9,0.28766668,0.34240025
2010-06-25 17:00:00,2010-06-26 02:00:00,10,0.29333332,0.30014914
2010-06-25 17:00:00,2010-06-26 03:00:00,11,0.35933334,0.2848686
2010-06-25 17:00:00,2010-06-26 04:00:00,12,0.3156,0.288171
2010-06-25 17:00:00,2010-06-26 05:00:00,13,0.8613667,0.30447733
2010-06-25 17:00:00,2010-06-26 06:00:00,14,0.47143334,0.42072254
2010-06-25 17:00:00,2010-06-26 07:00:00,15,0.50013334,0.75907934
2010-06-25 17:00:00,2010-06-26 08:00:00,16,0.32813334,1.0488126
2010-06-25 17:00:00,2010-06-26 09:00:00,17,0.89453334,1.2255336
2010-06-25 17:00:00,2010-06-26 10:00:00,18,1.8389333,1.2591685
2010-06-25 17:00:00,2010-06-26 11:00:00,19,0.8350667,1.1599112
2010-06-25 17:00:00,2010-06-26 12:00:00,20,1.445,0.9944697
2010-06-25 17:00:00,2010-06-26 13:00:00,21,1.0642333,0.90389645
2010-06-25 17:00:00,2010-06-26 14:00:00,22,0.43203333,0.8084237
2010-06-25 17:00:00,2010-06-26 15:00:00,23,0.43173334,0.75458485
2010-06-25 17:00:00,2010-06-26 16:00:00,24,0.8637667,0.7573511
2010-06-26 17:00:00,2010-06-26 17:00:00,1,1.4527667,0.85661155
2010-06-26 17:00:00,2010-06-26 18:00:00,2,1.4154667,0.9468827
2010-06-26 17:00:00,2010-06-26 19:00:00,3,0.35506666,1.1575384
2010-06-26 17:00:00,2010-06-26 20:00:00,4,0.35446668,1.2511163
2010-06-26 17:00:00,2010-06-26 21:00:00,5,0.30496666,1.4970713
2010-06-26 17:00:00,2010-06-26 22:00:00,6,0.34743333,1.4111038
2010-06-26 17:00:00,2010-06-26 23:00:00,7,0.5420333,0.7929029
2010-06-26 17:00:00,2010-06-27 00:00:00,8,0.35313332,0.47807145
2010-06-26 17:00:00,2010-06-27 01:00:00,9,0.5367,0.33475757
2010-06-26 17:00:00,2010-06-27 02:00:00,10,0.8454667,0.28953183
2010-06-26 17:00:00,2010-06-27 03:00:00,11,0.36376667,0.2617693
2010-06-26 17:00:00,2010-06-27 04:00:00,12,0.30593333,0.2443068
2010-06-26 17:00:00,2010-06-27 05:00:00,13,0.2873,0.29972088
2010-06-26 17:00:00,2010-06-27 06:00:00,14,0.32893333,0.39392585
2010-06-26 17:00:00,2010-06-27 07:00:00,15,0.4841,0.6321254
2010-06-26 17:00:00,2010-06-27 08:00:00,16,0.33186665,0.87978077
2010-06-26 17:00:00,2010-06-27 09:00:00,17,1.5325333,1.0595073
2010-06-26 17:00:00,2010-06-27 10:00:00,18,1.0246,1.1542423
2010-06-26 17:00:00,2010-06-27 11:00:00,19,0.5531333,1.1004269
2010-06-26 17:00:00,2010-06-27 12:00:00,20,1.0512,1.0378044
2010-06-26 17:00:00,2010-06-27 13:00:00,21,1.6409667,0.91261023
2010-06-26 17:00:00,2010-06-27 14:00:00,22,1.5251334,0.8168441
2010-06-26 17:00:00,2010-06-27 15:00:00,23,0.9024,0.76840055
2010-06-26 17:00:00,2010-06-27 16:00:00,24,0.8767667,0.75743693
2010-06-27 17:00:00,2010-06-27 17:00:00,1,0.6095667,1.1251025
2010-06-27 17:00:00,2010-06-27 18:00:00,2,0.77133334,1.3530947
2010-06-27 17:00:00,2010-06-27 19:00:00,3,0.42643332,1.4129119
2010-06-27 17:00:00,2010-06-27 20:00:00,4,0.39723334,1.3337667
2010-06-27 17:00:00,2010-06-27 21:00:00,5,0.8347333,1.2806648
2010-06-27 17:00:00,2010-06-27 22:00:00,6,2.0669334,1.2057472
2010-06-27 17:00:00,2010-06-27 23:00:00,7,0.94923335,0.7610829
2010-06-27 17:00:00,2010-06-28 00:00:00,8,0.35283333,0.4246248
2010-06-27 17:00:00,2010-06-28 01:00:00,9,0.3554,0.2978227
2010-06-27 17:00:00,2010-06-28 02:00:00,10,0.56483334,0.31349844
2010-06-27 17:00:00,2010-06-28 03:00:00,11,0.48326668,0.32855368
2010-06-27 17:00:00,2010-06-28 04:00:00,12,0.3338,0.31416112
2010-06-27 17:00:00,2010-06-28 05:00:00,13,0.3305,0.34834224
2010-06-27 17:00:00,2010-06-28 06:00:00,14,1.0942333,0.46998987
2010-06-27 17:00:00,2010-06-28 07:00:00,15,1.4126333,0.9046344
2010-06-27 17:00:00,2010-06-28 08:00:00,16,1.5397333,1.1066221
2010-06-27 17:00:00,2010-06-28 09:00:00,17,1.0228333,1.2430296
2010-06-27 17:00:00,2010-06-28 10:00:00,18,0.32566667,1.2511766
2010-06-27 17:00:00,2010-06-28 11:00:00,19,0.93366665,1.0877593
2010-06-27 17:00:00,2010-06-28 12:00:00,20,0.65846664,1.0105071
2010-06-27 17:00:00,2010-06-28 13:00:00,21,0.5480667,0.9274865
2010-06-27 17:00:00,2010-06-28 14:00:00,22,1.0419667,0.87796235
2010-06-27 17:00:00,2010-06-28 15:00:00,23,1.6852,0.8804424
2010-06-27 17:00:00,2010-06-28 16:00:00,24,1.0549333,0.84514046
2010-07-06 17:00:00,2010-07-06 17:00:00,1,0.5396,0.6750963
2010-07-06 17:00:00,2010-07-06 18:00:00,2,0.57136667,0.66094905
2010-07-06 17:00:00,2010-07-06 19:00:00,3,1.2738,0.65377533
2010-07-06 17:00:00,2010-07-06 20:00:00,4,1.5307667,0.6522422
2010-07-06 17:00:00,2010-07-06 21:00:00,5,0.7395333,0.64774615
2010-07-06 17:00:00,2010-07-06 22:00:00,6,0.312,0.65148365
2010-07-06 17:00:00,2010-07-06 23:00:00,7,0.47003335,0.6516349
2010-07-06 17:00:00,2010-07-07 00:00:00,8,0.383,0.64986295
2010-07-06 17:00:00,2010-07-07 01:00:00,9,0.6799,0.6478083
2010-07-06 17:00:00,2010-07-07 02:00:00,10,0.31396666,0.6527126
2010-07-06 17:00:00,2010-07-07 03:00:00,11,0.38383332,0.64769083
2010-07-06 17:00:00,2010-07-07 04:00:00,12,0.2915,0.64576244
2010-07-06 17:00:00,2010-07-07 05:00:00,13,0.28723332,0.6436028
2010-07-06 17:00:00,2010-07-07 06:00:00,14,0.9415,0.649273
2010-07-06 17:00:00,2010-07-07 07:00:00,15,0.30966666,0.6509721
2010-07-06 17:00:00,2010-07-07 08:00:00,16,1.0060667,0.6513088
2010-07-06 17:00:00,2010-07-07 09:00:00,17,0.3377,0.6500567
2010-07-06 17:00:00,2010-07-07 10:00:00,18,0.31576666,0.65102255
2010-07-06 17:00:00,2010-07-07 11:00:00,19,0.33836666,0.6478234
2010-07-06 17:00:00,2010-07-07 12:00:00,20,0.50306666,0.6468253
2010-07-06 17:00:00,2010-07-07 13:00:00,21,0.54683334,0.6455877
2010-07-06 17:00:00,2010-07-07 14:00:00,22,1.4143667,0.6459164
2010-07-06 17:00:00,2010-07-07 15:00:00,23,0.8498333,0.6421585
2010-07-06 17:00:00,2010-07-07 16:00:00,24,0.32593334,0.6409433
2010-07-07 17:00:00,2010-07-07 17:00:00,1,0.37283334,0.3807687
2010-07-07 17:00:00,2010-07-07 18:00:00,2,0.34276667,0.44110438
2010-07-07 17:00:00,2010-07-07 19:00:00,3,0.608,0.47209713
2010-07-07 17:00:00,2010-07-07 20:00:00,4,1.4613667,0.4906072
2010-07-07 17:00:00,2010-07-07 21:00:00,5,0.61473334,0.49679706
2010-07-07 17:00:00,2010-07-07 22:00:00,6,0.9587,0.5014243
2010-07-07 17:00:00,2010-07-07 23:00:00,7,0.3262,0.5102141
2010-07-07 17:00:00,2010-07-08 00:00:00,8,0.40786666,0.50732017
2010-07-07 17:00:00,2010-07-08 01:00:00,9,0.50673336,0.5053158
2010-07-07 17:00:00,2010-07-08 02:00:00,10,0.33473334,0.51426256
2010-07-07 17:00:00,2010-07-08 03:00:00,11,0.32993335,0.5136587
2010-07-07 17:00:00,2010-07-08 04:00:00,12,0.3731,0.5111479
2010-07-07 17:00:00,2010-07-08 05:00:00,13,0.32526666,0.51119477
2010-07-07 17:00:00,2010-07-08 06:00:00,14,0.5512,0.51674193
2010-07-07 17:00:00,2010-07-08 07:00:00,15,1.5392333,0.5232916
2010-07-07 17:00:00,2010-07-08 08:00:00,16,1.1991667,0.5239286
2010-07-07 17:00:00,2010-07-08 09:00:00,17,0.296,0.5240859
2010-07-07 17:00:00,2010-07-08 10:00:00,18,0.49923334,0.5264627
2010-07-07 17:00:00,2010-07-08 11:00:00,19,0.36466667,0.5241702
2010-07-07 17:00:00,2010-07-08 12:00:00,20,0.3126,0.52309453
2010-07-07 17:00:00,2010-07-08 13:00:00,21,1.0795,0.5253968
2010-07-07 17:00:00,2010-07-08 14:00:00,22,1.8475333,0.5267279
2010-07-07 17:00:00,2010-07-08 15:00:00,23,0.8857,0.525972
2010-07-07 17:00:00,2010-07-08 16:00:00,24,1.6610667,0.52123237
2010-07-08 17:00:00,2010-07-08 17:00:00,1,0.3451,0.79066104
2010-07-08 17:00:00,2010-07-08 18:00:00,2,0.5311667,0.6703948
2010-07-08 17:00:00,2010-07-08 19:00:00,3,0.6069,0.63410354
2010-07-08 17:00:00,2010-07-08 20:00:00,4,1.9543,0.61302567
2010-07-08 17:00:00,2010-07-08 21:00:00,5,1.2891667,0.5781143
2010-07-08 17:00:00,2010-07-08 22:00:00,6,1.6950667,0.5564327
2010-07-08 17:00:00,2010-07-08 23:00:00,7,1.2756333,0.53665984
2010-07-08 17:00:00,2010-07-09 00:00:00,8,1.3633667,0.53167576
2010-07-08 17:00:00,2010-07-09 01:00:00,9,0.42033333,0.5280803
2010-07-08 17:00:00,2010-07-09 02:00:00,10,0.53323334,0.5277829
2010-07-08 17:00:00,2010-07-09 03:00:00,11,0.42613333,0.52026546
2010-07-08 17:00:00,2010-07-09 04:00:00,12,0.46773332,0.51110786
2010-07-08 17:00:00,2010-07-09 05:00:00,13,0.6376,0.50622237
2010-07-08 17:00:00,2010-07-09 06:00:00,14,0.9163333,0.51345754
2010-07-08 17:00:00,2010-07-09 07:00:00,15,1.0592667,0.5282134
2010-07-08 17:00:00,2010-07-09 08:00:00,16,0.6099333,0.5357053
2010-07-08 17:00:00,2010-07-09 09:00:00,17,0.647,0.53028417
2010-07-08 17:00:00,2010-07-09 10:00:00,18,0.8554,0.52984416
2010-07-08 17:00:00,2010-07-09 11:00:00,19,0.4712,0.52821577
2010-07-08 17:00:00,2010-07-09 12:00:00,20,0.5798,0.53781426
2010-07-08 17:00:00,2010-07-09 13:00:00,21,1.2016667,0.5558587
2010-07-08 17:00:00,2010-07-09 14:00:00,22,0.6756333,0.5688664
2010-07-08 17:00:00,2010-07-09 15:00:00,23,0.60496664,0.5684128
2010-07-08 17:00:00,2010-07-09 16:00:00,24,0.6314667,0.5634898
2010-07-09 17:00:00,2010-07-09 17:00:00,1,0.50373334,0.62491477
2010-07-09 17:00:00,2010-07-09 18:00:00,2,0.5893667,0.6571905
2010-07-09 17:00:00,2010-07-09 19:00:00,3,0.53723335,0.70156956
2010-07-09 17:00:00,2010-07-09 20:00:00,4,0.96113336,0.7888568
2010-07-09 17:00:00,2010-07-09 21:00:00,5,0.59996665,0.7366623
2010-07-09 17:00:00,2010-07-09 22:00:00,6,1.4650333,0.72841716
2010-07-09 17:00:00,2010-07-09 23:00:00,7,1.3004333,0.69946563
2010-07-09 17:00:00,2010-07-10 00:00:00,8,0.64126664,0.69155604
2010-07-09 17:00:00,2010-07-10 01:00:00,9,0.40466666,0.6713952
2010-07-09 17:00:00,2010-07-10 02:00:00,10,0.4186,0.67937624
2010-07-09 17:00:00,2010-07-10 03:00:00,11,1.1348333,0.66142327
2010-07-09 17:00:00,2010-07-10 04:00:00,12,0.38363335,0.66287696
2010-07-09 17:00:00,2010-07-10 05:00:00,13,0.3547,0.661633
2010-07-09 17:00:00,2010-07-10 06:00:00,14,0.35163334,0.69606054
2010-07-09 17:00:00,2010-07-10 07:00:00,15,0.3391,0.7454158
2010-07-09 17:00:00,2010-07-10 08:00:00,16,0.51663333,0.75398546
2010-07-09 17:00:00,2010-07-10 09:00:00,17,1.9883333,0.7229802
2010-07-09 17:00:00,2010-07-10 10:00:00,18,1.0447,0.7266404
2010-07-09 17:00:00,2010-07-10 11:00:00,19,0.48613334,0.7029928
2010-07-09 17:00:00,2010-07-10 12:00:00,20,0.41693333,0.71303666
2010-07-09 17:00:00,2010-07-10 13:00:00,21,1.5450667,0.7400895
2010-07-09 17:00:00,2010-07-10 14:00:00,22,2.083,0.751983
2010-07-09 17:00:00,2010-07-10 15:00:00,23,1.4356333,0.72619355
2010-07-09 17:00:00,2010-07-10 16:00:00,24,0.8566333,0.71407574
2010-07-10 17:00:00,2010-07-10 17:00:00,1,0.8923,0.6835955
2010-07-10 17:00:00,2010-07-10 18:00:00,2,0.43693334,0.68642056
2010-07-10 17:00:00,2010-07-10 19:00:00,3,0.8882333,0.7559172
2010-07-10 17:00:00,2010-07-10 20:00:00,4,1.1920333,0.9631501
2010-07-10 17:00:00,2010-07-10 21:00:00,5,0.43083334,1.0445555
2010-07-10 17:00:00,2010-07-10 22:00:00,6,0.6331667,1.1976453
2010-07-10 17:00:00,2010-07-10 23:00:00,7,0.36673334,1.2183542
2010-07-10 17:00:00,2010-07-11 00:00:00,8,0.34796667,1.0715343
2010-07-10 17:00:00,2010-07-11 01:00:00,9,0.42986667,0.9141699
2010-07-10 17:00:00,2010-07-11 02:00:00,10,0.4083,0.8748335
2010-07-10 17:00:00,2010-07-11 03:00:00,11,0.36116666,0.7948489
2010-07-10 17:00:00,2010-07-11 04:00:00,12,0.34233335,0.74903345
2010-07-10 17:00:00,2010-07-11 05:00:00,13,0.5,0.7715933
2010-07-10 17:00:00,2010-07-11 06:00:00,14,0.75776666,0.86832863
2010-07-10 17:00:00,2010-07-11 07:00:00,15,0.33693334,0.963895
2010-07-10 17:00:00,2010-07-11 08:00:00,16,0.51066667,0.9899043
2010-07-10 17:00:00,2010-07-11 09:00:00,17,0.45973334,0.94274676
2010-07-10 17:00:00,2010-07-11 10:00:00,18,1.5354333,0.90929264
2010-07-10 17:00:00,2010-07-11 11:00:00,19,1.4741334,0.80397
2010-07-10 17:00:00,2010-07-11 12:00:00,20,0.68616664,0.7598109
2010-07-10 17:00:00,2010-07-11 13:00:00,21,0.75946665,0.80773133
2010-07-10 17:00:00,2010-07-11 14:00:00,22,0.4771,0.84698343
2010-07-10 17:00:00,2010-07-11 15:00:00,23,0.5211333,0.8119942
2010-07-10 17:00:00,2010-07-11 16:00:00,24,0.6413,0.7356441
2010-07-11 17:00:00,2010-07-11 17:00:00,1,0.60006666,0.5704912
2010-07-11 17:00:00,2010-07-11 18:00:00,2,0.7756,0.5969212
2010-07-11 17:00:00,2010-07-11 19:00:00,3,1.9487333,0.7301174
2010-07-11 17:00:00,2010-07-11 20:00:00,4,0.6913667,0.97153074
2010-07-11 17:00:00,2010-07-11 21:00:00,5,0.9413667,0.94672954
2010-07-11 17:00:00,2010-07-11 22:00:00,6,1.7915,0.8645115
2010-07-11 17:00:00,2010-07-11 23:00:00,7,2.5947666,0.64784396
2010-07-11 17:00:00,2010-07-12 00:00:00,8,1.1005334,0.50316525
2010-07-11 17:00:00,2010-07-12 01:00:00,9,0.3849,0.43697122
2010-07-11 17:00:00,2010-07-12 02:00:00,10,0.46873334,0.42382854
2010-07-11 17:00:00,2010-07-12 03:00:00,11,0.34106666,0.41702905
2010-07-11 17:00:00,2010-07-12 04:00:00,12,0.36253333,0.405267
2010-07-11 17:00:00,2010-07-12 05:00:00,13,0.37213334,0.39370915
2010-07-11 17:00:00,2010-07-12 06:00:00,14,0.5445,0.460217
2010-07-11 17:00:00,2010-07-12 07:00:00,15,0.8365333,0.6451249
2010-07-11 17:00:00,2010-07-12 08:00:00,16,0.94423336,0.77398944
2010-07-11 17:00:00,2010-07-12 09:00:00,17,0.6024,0.6685782
2010-07-11 17:00:00,2010-07-12 10:00:00,18,0.75916666,0.6248385
2010-07-11 17:00:00,2010-07-12 11:00:00,19,0.6285333,0.5493936
2010-07-11 17:00:00,2010-07-12 12:00:00,20,0.7223,0.57667327
2010-07-11 17:00:00,2010-07-12 13:00:00,21,0.62126666,0.7233346
2010-07-11 17:00:00,2010-07-12 14:00:00,22,0.5216333,0.97312
2010-07-11 17:00:00,2010-07-12 15:00:00,23,0.54293334,0.82216275
2010-07-11 17:00:00,2010-07-12 16:00:00,24,0.35303333,0.67526966
2010-07-12 17:00:00,2010-07-12 17:00:00,1,1.1607,0.44500518
2010-07-12 17:00:00,2010-07-12 18:00:00,2,0.68843335,0.54405683
2010-07-12 17:00:00,2010-07-12 19:00:00,3,0.5362,0.80912644
2010-07-12 17:00:00,2010-07-12 20:00:00,4,1.5040667,1.063394
2010-07-12 17:00:00,2010-07-12 21:00:00,5,1.9975667,0.9371105
2010-07-12 17:00:00,2010-07-12 22:00:00,6,1.8635666,0.96187454
2010-07-12 17:00:00,2010-07-12 23:00:00,7,0.63593334,0.7759389
2010-07-12 17:00:00,2010-07-13 00:00:00,8,0.3786,0.5854599
2010-07-12 17:00:00,2010-07-13 01:00:00,9,0.43576667,0.4343679
2010-07-12 17:00:00,2010-07-13 02:00:00,10,0.33016667,0.39084747
2010-07-12 17:00:00,2010-07-13 03:00:00,11,0.3643,0.3596431
2010-07-12 17:00:00,2010-07-13 04:00:00,12,0.4013,0.35525134
2010-07-12 17:00:00,2010-07-13 05:00:00,13,0.38996667,0.37957996
2010-07-12 17:00:00,2010-07-13 06:00:00,14,0.39246666,0.4761535
2010-07-12 17:00:00,2010-07-13 07:00:00,15,1.1433333,0.66670007
2010-07-12 17:00:00,2010-07-13 08:00:00,16,1.6144333,0.72974634
2010-07-12 17:00:00,2010-07-13 09:00:00,17,1.7105334,0.70704097
2010-07-12 17:00:00,2010-07-13 10:00:00,18,0.6229333,0.6914289
2010-07-12 17:00:00,2010-07-13 11:00:00,19,0.60113335,0.60310894
2010-07-12 17:00:00,2010-07-13 12:00:00,20,0.57386667,0.6029756
2010-07-12 17:00:00,2010-07-13 13:00:00,21,1.4215,0.7274517
2010-07-12 17:00:00,2010-07-13 14:00:00,22,1.7366667,0.7827916
2010-07-12 17:00:00,2010-07-13 15:00:00,23,1.0986,0.66796786
2010-07-12 17:00:00,2010-07-13 16:00:00,24,0.49313334,0.5725755
2010-07-13 17:00:00,2010-07-13 17:00:00,1,0.48986667,0.56924236
2010-07-13 17:00:00,2010-07-13 18:00:00,2,1.0689666,0.69077015
2010-07-13 17:00:00,2010-07-13 19:00:00,3,1.3580667,0.8677959
2010-07-13 17:00:00,2010-07-13 20:00:00,4,1.5689,1.0217977
2010-07-13 17:00:00,2010-07-13 21:00:00,5,2.1143334,0.97322077
2010-07-13 17:00:00,2010-07-13 22:00:00,6,1.8494667,0.9100229
2010-07-13 17:00:00,2010-07-13 23:00:00,7,0.87693334,0.7170373
2010-07-13 17:00:00,2010-07-14 00:00:00,8,0.49716666,0.53166926
2010-07-13 17:00:00,2010-07-14 01:00:00,9,0.6503,0.41151434
2010-07-13 17:00:00,2010-07-14 02:00:00,10,0.4663,0.37804627
2010-07-13 17:00:00,2010-07-14 03:00:00,11,0.35323334,0.3629614
2010-07-13 17:00:00,2010-07-14 04:00:00,12,0.39526665,0.35139123
2010-07-13 17:00:00,2010-07-14 05:00:00,13,0.38026667,0.35268086
2010-07-13 17:00:00,2010-07-14 06:00:00,14,0.4553,0.42214367
2010-07-13 17:00:00,2010-07-14 07:00:00,15,0.9360667,0.59947896
2010-07-13 17:00:00,2010-07-14 08:00:00,16,0.6037,0.7317732
2010-07-13 17:00:00,2010-07-14 09:00:00,17,0.5776333,0.70868
2010-07-13 17:00:00,2010-07-14 10:00:00,18,0.49763334,0.67072815
2010-07-13 17:00:00,2010-07-14 11:00:00,19,1.0361333,0.64062685
2010-07-13 17:00:00,2010-07-14 12:00:00,20,1.1338,0.66900986
2010-07-13 17:00:00,2010-07-14 13:00:00,21,1.2403333,0.74880314
2010-07-13 17:00:00,2010-07-14 14:00:00,22,1.4386667,0.7938326
2010-07-13 17:00:00,2010-07-14 15:00:00,23,1.0747666,0.70813125
2010-07-13 17:00:00,2010-07-14 16:00:00,24,0.525,0.6411967
2010-07-22 17:00:00,2010-07-22 17:00:00,1,0.38603333,0.45390096
2010-07-22 17:00:00,2010-07-22 18:00:00,2,0.37246665,0.52721834
2010-07-22 17:00:00,2010-07-22 19:00:00,3,0.37483335,0.61369205
2010-07-22 17:00:00,2010-07-22 20:00:00,4,0.39556667,0.7132022
2010-07-22 17:00:00,2010-07-22 21:00:00,5,0.9666,0.8499948
2010-07-22 17:00:00,2010-07-22 22:00:00,6,1.1483667,0.9406887
2010-07-22 17:00:00,2010-07-22 23:00:00,7,0.5283,0.9126926
2010-07-22 17:00:00,2010-07-23 00:00:00,8,0.5345333,0.8113358
2010-07-22 17:00:00,2010-07-23 01:00:00,9,1.2643334,0.6899634
2010-07-22 17:00:00,2010-07-23 02:00:00,10,0.59166664,0.56901526
2010-07-22 17:00:00,2010-07-23 03:00:00,11,1.2449666,0.4718256
2010-07-22 17:00:00,2010-07-23 04:00:00,12,1.1148,0.42118868
2010-07-22 17:00:00,2010-07-23 05:00:00,13,0.8448333,0.40103978
2010-07-22 17:00:00,2010-07-23 06:00:00,14,0.3563,0.381644
2010-07-22 17:00:00,2010-07-23 07:00:00,15,0.3832,0.3923473
2010-07-22 17:00:00,2010-07-23 08:00:00,16,0.7163,0.42717946
2010-07-22 17:00:00,2010-07-23 09:00:00,17,1.4133667,0.46262652
2010-07-22 17:00:00,2010-07-23 10:00:00,18,0.43273333,0.45847422
2010-07-22 17:00:00,2010-07-23 11:00:00,19,0.3619,0.4069715
2010-07-22 17:00:00,2010-07-23 12:00:00,20,0.58376664,0.37818342
2010-07-22 17:00:00,2010-07-23 13:00:00,21,0.78426665,0.38056272
2010-07-22 17:00:00,2010-07-23 14:00:00,22,0.45803332,0.39563894
2010-07-22 17:00:00,2010-07-23 15:00:00,23,0.9314333,0.43205
2010-07-22 17:00:00,2010-07-23 16:00:00,24,0.5397,0.42026758
2010-07-23 17:00:00,2010-07-23 17:00:00,1,0.35806668,0.50207794
2010-07-23 17:00:00,2010-07-23 18:00:00,2,0.3793,0.5515409
2010-07-23 17:00:00,2010-07-23 19:00:00,3,1.4078667,0.6141248
2010-07-23 17:00:00,2010-07-23 20:00:00,4,1.5015666,0.6853705
2010-07-23 17:00:00,2010-07-23 21:00:00,5,1.6510667,0.7527205
2010-07-23 17:00:00,2010-07-23 22:00:00,6,0.9489,0.7834853
2010-07-23 17:00:00,2010-07-23 23:00:00,7,0.79973334,0.7781167
2010-07-23 17:00:00,2010-07-24 00:00:00,8,0.77486664,0.72667116
2010-07-23 17:00:00,2010-07-24 01:00:00,9,0.7538667,0.6730356
2010-07-23 17:00:00,2010-07-24 02:00:00,10,0.47453332,0.63247734
2010-07-23 17:00:00,2010-07-24 03:00:00,11,0.3524,0.59615976
2010-07-23 17:00:00,2010-07-24 04:00:00,12,0.37033334,0.5464288
2010-07-23 17:00:00,2010-07-24 05:00:00,13,0.3557,0.52870667
2010-07-23 17:00:00,2010-07-24 06:00:00,14,0.38776666,0.52352744
2010-07-23 17:00:00,2010-07-24 07:00:00,15,0.91223335,0.51947135
2010-07-23 17:00:00,2010-07-24 08:00:00,16,0.53723335,0.53676534
2010-07-23 17:00:00,2010-07-24 09:00:00,17,0.3776,0.54547966
2010-07-23 17:00:00,2010-07-24 10:00:00,18,0.35336667,0.5175548
2010-07-23 17:00:00,2010-07-24 11:00:00,19,0.36346668,0.4634359
2010-07-23 17:00:00,2010-07-24 12:00:00,20,0.65353334,0.4385827
2010-07-23 17:00:00,2010-07-24 13:00:00,21,0.7953333,0.44912195
2010-07-23 17:00:00,2010-07-24 14:00:00,22,0.34243333,0.46071935
2010-07-23 17:00:00,2010-07-24 15:00:00,23,0.36103332,0.48101497
2010-07-23 17:00:00,2010-07-24 16:00:00,24,0.36346668,0.49593043
2010-07-24 17:00:00,2010-07-24 17:00:00,1,0.3763,0.44742966
2010-07-24 17:00:00,2010-07-24 18:00:00,2,0.75803334,0.65740573
2010-07-24 17:00:00,2010-07-24 19:00:00,3,0.88346666,0.77562255
2010-07-24 17:00:00,2010-07-24 20:00:00,4,0.6974,0.8172698
2010-07-24 17:00:00,2010-07-24 21:00:00,5,1.7543,0.81663305
2010-07-24 17:00:00,2010-07-24 22:00:00,6,1.2302667,0.84091043
2010-07-24 17:00:00,2010-07-24 23:00:00,7,1.1322,0.76302856
2010-07-24 17:00:00,2010-07-25 00:00:00,8,1.092,0.6298135
2010-07-24 17:00:00,2010-07-25 01:00:00,9,0.90136665,0.55151814
2010-07-24 17:00:00,2010-07-25 02:00:00,10,0.35196668,0.501348
2010-07-24 17:00:00,2010-07-25 03:00:00,11,0.32413334,0.4756242
2010-07-24 17:00:00,2010-07-25 04:00:00,12,0.38496667,0.4599719
2010-07-24 17:00:00,2010-07-25 05:00:00,13,0.36833334,0.47967207
2010-07-24 17:00:00,2010-07-25 06:00:00,14,0.8814333,0.505662
2010-07-24 17:00:00,2010-07-25 07:00:00,15,0.8028333,0.51780504
2010-07-24 17:00:00,2010-07-25 08:00:00,16,0.37666667,0.47193173
2010-07-24 17:00:00,2010-07-25 09:00:00,17,0.35486665,0.44314522
2010-07-24 17:00:00,2010-07-25 10:00:00,18,1.3948333,0.4022361
2010-07-24 17:00:00,2010-07-25 11:00:00,19,1.6441333,0.37561068
2010-07-24 17:00:00,2010-07-25 12:00:00,20,1.5775,0.36289427
2010-07-24 17:00:00,2010-07-25 13:00:00,21,0.8530333,0.37747636
2010-07-24 17:00:00,2010-07-25 14:00:00,22,0.36533332,0.3949517
2010-07-24 17:00:00,2010-07-25 15:00:00,23,0.36483333,0.42859083
2010-07-24 17:00:00,2010-07-25 16:00:00,24,0.38556665,0.47828352
2010-07-25 17:00:00,2010-07-25 17:00:00,1,0.36133334,0.51622456
2010-07-25 17:00:00,2010-07-25 18:00:00,2,0.37216666,0.64619917
2010-07-25 17:00:00,2010-07-25 19:00:00,3,0.8781,0.76768935
2010-07-25 17:00:00,2010-07-25 20:00:00,4,0.67946666,0.8299813
2010-07-25 17:00:00,2010-07-25 21:00:00,5,0.64166665,0.8679529
2010-07-25 17:00:00,2010-07-25 22:00:00,6,0.6522667,0.9204293
2010-07-25 17:00:00,2010-07-25 23:00:00,7,2.8313668,0.87835634
2010-07-25 17:00:00,2010-07-26 00:00:00,8,0.34063333,0.8008821
2010-07-25 17:00:00,2010-07-26 01:00:00,9,0.3388,0.6976507
2010-07-25 17:00:00,2010-07-26 02:00:00,10,0.27876666,0.6155755
2010-07-25 17:00:00,2010-07-26 03:00:00,11,0.36256668,0.5423962
2010-07-25 17:00:00,2010-07-26 04:00:00,12,0.3076,0.49190882
2010-07-25 17:00:00,2010-07-26 05:00:00,13,0.33383334,0.46450764
2010-07-25 17:00:00,2010-07-26 06:00:00,14,0.2578,0.46293262
2010-07-25 17:00:00,2010-07-26 07:00:00,15,0.3333,0.46377409
2010-07-25 17:00:00,2010-07-26 08:00:00,16,1.7709,0.46881944
2010-07-25 17:00:00,2010-07-26 09:00:00,17,0.41243333,0.4830986
2010-07-25 17:00:00,2010-07-26 10:00:00,18,0.7432333,0.5061666
2010-07-25 17:00:00,2010-07-26 11:00:00,19,1.0832334,0.4968034
2010-07-25 17:00:00,2010-07-26 12:00:00,20,0.51316667,0.48129392
2010-07-25 17:00:00,2010-07-26 13:00:00,21,0.32996666,0.48112804
2010-07-25 17:00:00,2010-07-26 14:00:00,22,0.32546666,0.48379868
2010-07-25 17:00:00,2010-07-26 15:00:00,23,0.29573333,0.49878883
2010-07-25 17:00:00,2010-07-26 16:00:00,24,0.3364,0.5360744
2010-07-26 17:00:00,2010-07-26 17:00:00,1,0.2747,0.40574133
2010-07-26 17:00:00,2010-07-26 18:00:00,2,0.3483,0.4685617
2010-07-26 17:00:00,2010-07-26 19:00:00,3,0.29503334,0.5300067
2010-07-26 17:00:00,2010-07-26 20:00:00,4,0.32423332,0.5884751
2010-07-26 17:00:00,2010-07-26 21:00:00,5,1.1442667,0.61407316
2010-07-26 17:00:00,2010-07-26 22:00:00,6,2.0912666,0.6387747
2010-07-26 17:00:00,2010-07-26 23:00:00,7,1.8942,0.6262195
2010-07-26 17:00:00,2010-07-27 00:00:00,8,1.6456333,0.5675614
2010-07-26 17:00:00,2010-07-27 01:00:00,9,1.6177666,0.5130169
2010-07-26 17:00:00,2010-07-27 02:00:00,10,0.81013334,0.47121167
2010-07-26 17:00:00,2010-07-27 03:00:00,11,0.35683334,0.42831218
2010-07-26 17:00:00,2010-07-27 04:00:00,12,0.28976667,0.40595853
2010-07-26 17:00:00,2010-07-27 05:00:00,13,0.31153333,0.40640864
2010-07-26 17:00:00,2010-07-27 06:00:00,14,0.3014,0.41996577
2010-07-26 17:00:00,2010-07-27 07:00:00,15,0.32026666,0.4415791
2010-07-26 17:00:00,2010-07-27 08:00:00,16,0.27533334,0.4700931
2010-07-26 17:00:00,2010-07-27 09:00:00,17,1.1635333,0.4964661
2010-07-26 17:00:00,2010-07-27 10:00:00,18,0.7449333,0.53149724
2010-07-26 17:00:00,2010-07-27 11:00:00,19,0.53136665,0.5243777
2010-07-26 17:00:00,2010-07-27 12:00:00,20,0.58183336,0.50027007
2010-07-26 17:00:00,2010-07-27 13:00:00,21,0.49633333,0.4787565
2010-07-26 17:00:00,2010-07-27 14:00:00,22,0.28953335,0.46485883
2010-07-26 17:00:00,2010-07-27 15:00:00,23,1.0975667,0.46370605
2010-07-26 17:00:00,2010-07-27 16:00:00,24,0.30306667,0.46221185
2010-07-27 17:00:00,2010-07-27 17:00:00,1,0.29016668,0.358731
2010-07-27 17:00:00,2010-07-27 18:00:00,2,0.3433,0.4236673
2010-07-27 17:00:00,2010-07-27 19:00:00,3,0.27576667,0.5206923
2010-07-27 17:00:00,2010-07-27 20:00:00,4,0.32926667,0.65469223
2010-07-27 17:00:00,2010-07-27 21:00:00,5,0.8642,0.8443333
2010-07-27 17:00:00,2010-07-27 22:00:00,6,1.2083334,0.9130596
2010-07-27 17:00:00,2010-07-27 23:00:00,7,1.4248,0.92131674
2010-07-27 17:00:00,2010-07-28 00:00:00,8,1.6895666,0.83210814
2010-07-27 17:00:00,2010-07-28 01:00:00,9,1.4232,0.7206968
2010-07-27 17:00:00,2010-07-28 02:00:00,10,0.70683336,0.58473134
2010-07-27 17:00:00,2010-07-28 03:00:00,11,0.3252,0.4678317
2010-07-27 17:00:00,2010-07-28 04:00:00,12,0.30223334,0.3991391
2010-07-27 17:00:00,2010-07-28 05:00:00,13,0.3055,0.36404622
2010-07-27 17:00:00,2010-07-28 06:00:00,14,0.45133334,0.37553513
2010-07-27 17:00:00,2010-07-28 07:00:00,15,1.5366666,0.4189991
2010-07-27 17:00:00,2010-07-28 08:00:00,16,1.3219,0.46607578
2010-07-27 17:00:00,2010-07-28 09:00:00,17,1.2511667,0.5144346
2010-07-27 17:00:00,2010-07-28 10:00:00,18,0.28926668,0.5318475
2010-07-27 17:00:00,2010-07-28 11:00:00,19,0.3096,0.54029036
2010-07-27 17:00:00,2010-07-28 12:00:00,20,0.3046,0.5256107
2010-07-27 17:00:00,2010-07-28 13:00:00,21,0.32016668,0.49415356
2010-07-27 17:00:00,2010-07-28 14:00:00,22,0.29183334,0.47705826
2010-07-27 17:00:00,2010-07-28 15:00:00,23,0.32106668,0.45596573
2010-07-27 17:00:00,2010-07-28 16:00:00,24,0.31606665,0.44462216
2010-07-28 17:00:00,2010-07-28 17:00:00,1,0.28303334,0.30529523
2010-07-28 17:00:00,2010-07-28 18:00:00,2,0.3363,0.31848156
2010-07-28 17:00:00,2010-07-28 19:00:00,3,0.6348,0.37832022
2010-07-28 17:00:00,2010-07-28 20:00:00,4,0.73856664,0.5015478
2010-07-28 17:00:00,2010-07-28 21:00:00,5,0.29513332,0.82067096
2010-07-28 17:00:00,2010-07-28 22:00:00,6,0.3436,0.99370134
2010-07-28 17:00:00,2010-07-28 23:00:00,7,0.27993333,1.0483565
2010-07-28 17:00:00,2010-07-29 00:00:00,8,0.3317,1.0505246
2010-07-28 17:00:00,2010-07-29 01:00:00,9,0.31736666,0.90775734
2010-07-28 17:00:00,2010-07-29 02:00:00,10,0.29726666,0.6421912
2010-07-28 17:00:00,2010-07-29 03:00:00,11,0.32653335,0.4822307
2010-07-28 17:00:00,2010-07-29 04:00:00,12,0.29933333,0.39042804
2010-07-28 17:00:00,2010-07-29 05:00:00,13,0.32223332,0.34266135
2010-07-28 17:00:00,2010-07-29 06:00:00,14,0.27486667,0.35307872
2010-07-28 17:00:00,2010-07-29 07:00:00,15,1.2340333,0.43082467
2010-07-28 17:00:00,2010-07-29 08:00:00,16,0.29463333,0.47268257
2010-07-28 17:00:00,2010-07-29 09:00:00,17,0.32453334,0.50433165
2010-07-28 17:00:00,2010-07-29 10:00:00,18,0.27076668,0.46974626
2010-07-28 17:00:00,2010-07-29 11:00:00,19,0.27603334,0.43660447
2010-07-28 17:00:00,2010-07-29 12:00:00,20,0.29866666,0.39735705
2010-07-28 17:00:00,2010-07-29 13:00:00,21,0.31646666,0.36249995
2010-07-28 17:00:00,2010-07-29 14:00:00,22,0.3056,0.34546557
2010-07-28 17:00:00,2010-07-29 15:00:00,23,0.28596666,0.3496528
2010-07-28 17:00:00,2010-07-29 16:00:00,24,0.33666667,0.36147842
2010-07-29 17:00:00,2010-07-29 17:00:00,1,0.27163333,0.32270306
2010-07-29 17:00:00,2010-07-29 18:00:00,2,0.45,0.32932654
2010-07-29 17:00:00,2010-07-29 19:00:00,3,1.0928667,0.3679209
2010-07-29 17:00:00,2010-07-29 20:00:00,4,0.31963333,0.3607767
2010-07-29 17:00:00,2010-07-29 21:00:00,5,0.2858,0.402986
2010-07-29 17:00:00,2010-07-29 22:00:00,6,0.33336666,0.37181035
2010-07-29 17:00:00,2010-07-29 23:00:00,7,0.28576666,0.3576962
2010-07-29 17:00:00,2010-07-30 00:00:00,8,0.3081,0.3401745
2010-07-29 17:00:00,2010-07-30 01:00:00,9,0.31893334,0.3404545
2010-07-29 17:00:00,2010-07-30 02:00:00,10,0.291,0.3232813
2010-07-29 17:00:00,2010-07-30 03:00:00,11,0.3068,0.32099047
2010-07-29 17:00:00,2010-07-30 04:00:00,12,0.3015,0.3154975
2010-07-29 17:00:00,2010-07-30 05:00:00,13,0.3123,0.31714022
2010-07-29 17:00:00,2010-07-30 06:00:00,14,0.36086667,0.31772402
2010-07-29 17:00:00,2010-07-30 07:00:00,15,1.1503,0.3357147
2010-07-29 17:00:00,2010-07-30 08:00:00,16,0.47643334,0.3314359
2010-07-29 17:00:00,2010-07-30 09:00:00,17,0.32466668,0.34360802
2010-07-29 17:00:00,2010-07-30 10:00:00,18,0.2971,0.33784384
2010-07-29 17:00:00,2010-07-30 11:00:00,19,0.3067,0.3332359
2010-07-29 17:00:00,2010-07-30 12:00:00,20,0.28143334,0.31523833
2010-07-29 17:00:00,2010-07-30 13:00:00,21,0.2663,0.3115955
2010-07-29 17:00:00,2010-07-30 14:00:00,22,0.2795,0.30450666
2010-07-29 17:00:00,2010-07-30 15:00:00,23,0.30273333,0.3022343
2010-07-29 17:00:00,2010-07-30 16:00:00,24,0.31716666,0.29765007
2010-07-30 17:00:00,2010-07-30 17:00:00,1,1.2049667,0.31459835
2010-07-30 17:00:00,2010-07-30 18:00:00,2,0.31516665,0.32345808
2010-07-30 17:00:00,2010-07-30 19:00:00,3,0.28963333,0.84593105
2010-07-30 17:00:00,2010-07-30 20:00:00,4,0.2808,0.3805033
2010-07-30 17:00:00,2010-07-30 21:00:00,5,0.2802,0.4622141
2010-07-30 17:00:00,2010-07-30 22:00:00,6,0.3385,0.4126603
2010-07-30 17:00:00,2010-07-30 23:00:00,7,0.27656665,0.35777205
2010-07-30 17:00:00,2010-07-31 00:00:00,8,0.31573334,0.33115312
2010-07-30 17:00:00,2010-07-31 01:00:00,9,0.30183333,0.33254373
2010-07-30 17:00:00,2010-07-31 02:00:00,10,0.30866668,0.31023982
2010-07-30 17:00:00,2010-07-31 03:00:00,11,0.28856668,0.3086272
2010-07-30 17:00:00,2010-07-31 04:00:00,12,0.55866665,0.29436642
2010-07-30 17:00:00,2010-07-31 05:00:00,13,1.0050334,0.30803
2010-07-30 17:00:00,2010-07-31 06:00:00,14,0.314,0.35719433
2010-07-30 17:00:00,2010-07-31 07:00:00,15,0.33153334,0.6791384
2010-07-30 17:00:00,2010-07-31 08:00:00,16,0.28463334,0.41970795
2010-07-30 17:00:00,2010-07-31 09:00:00,17,0.29686666,0.36732188
2010-07-30 17:00:00,2010-07-31 10:00:00,18,0.26063332,0.3395089
2010-07-30 17:00:00,2010-07-31 11:00:00,19,0.3007,0.34836087
2010-07-30 17:00:00,2010-07-31 12:00:00,20,0.284,0.33185852
2010-07-30 17:00:00,2010-07-31 13:00:00,21,0.3337,0.3135031
2010-07-30 17:00:00,2010-07-31 14:00:00,22,0.2824,0.29290724
2010-07-30 17:00:00,2010-07-31 15:00:00,23,0.31853333,0.29210654
2010-07-30 17:00:00,2010-07-31 16:00:00,24,0.68556666,0.29402292
2010-07-31 17:00:00,2010-07-31 17:00:00,1,0.90243334,0.8072372
2010-07-31 17:00:00,2010-07-31 18:00:00,2,0.28886667,0.3433004
2010-07-31 17:00:00,2010-07-31 19:00:00,3,0.3428,0.2778604
2010-07-31 17:00:00,2010-07-31 20:00:00,4,0.31096667,0.2788475
2010-07-31 17:00:00,2010-07-31 21:00:00,5,0.29786667,0.2804284
2010-07-31 17:00:00,2010-07-31 22:00:00,6,0.33733332,0.28512532
2010-07-31 17:00:00,2010-07-31 23:00:00,7,0.29226667,0.30187324
2010-07-31 17:00:00,2010-08-01 00:00:00,8,0.31706667,0.31688452
2010-07-31 17:00:00,2010-08-01 01:00:00,9,0.29283333,0.29792756
2010-07-31 17:00:00,2010-08-01 02:00:00,10,0.33506668,0.28312433
2010-07-31 17:00:00,2010-08-01 03:00:00,11,0.26416665,0.3038946
2010-07-31 17:00:00,2010-08-01 04:00:00,12,0.64273334,0.5679409
2010-07-31 17:00:00,2010-08-01 05:00:00,13,0.9396,0.623498
2010-07-31 17:00:00,2010-08-01 06:00:00,14,0.31583333,0.36389178
2010-07-31 17:00:00,2010-08-01 07:00:00,15,0.2658,0.32268453
2010-07-31 17:00:00,2010-08-01 08:00:00,16,0.3033,0.3085862
2010-07-31 17:00:00,2010-08-01 09:00:00,17,0.30963334,0.30748788
2010-07-31 17:00:00,2010-08-01 10:00:00,18,0.29066667,0.30508828
2010-07-31 17:00:00,2010-08-01 11:00:00,19,0.33926666,0.32243866
2010-07-31 17:00:00,2010-08-01 12:00:00,20,0.2644,0.3464287
2010-07-31 17:00:00,2010-08-01 13:00:00,21,0.33103332,0.3060328
2010-07-31 17:00:00,2010-08-01 14:00:00,22,0.2915,0.29708022
2010-07-31 17:00:00,2010-08-01 15:00:00,23,0.31366667,0.32256842
2010-07-31 17:00:00,2010-08-01 16:00:00,24,0.6569,0.421557
2010-08-01 17:00:00,2010-08-01 17:00:00,1,0.9184333,0.88873565
2010-08-01 17:00:00,2010-08-01 18:00:00,2,0.30323333,0.33405653
2010-08-01 17:00:00,2010-08-01 19:00:00,3,0.31216666,0.28247172
2010-08-01 17:00:00,2010-08-01 20:00:00,4,0.32836667,0.27969658
2010-08-01 17:00:00,2010-08-01 21:00:00,5,0.30546665,0.28120744
2010-08-01 17:00:00,2010-08-01 22:00:00,6,0.3077,0.28485474
2010-08-01 17:00:00,2010-08-01 23:00:00,7,0.31223333,0.30749595
2010-08-01 17:00:00,2010-08-02 00:00:00,8,0.3015,0.29753476
2010-08-01 17:00:00,2010-08-02 01:00:00,9,0.25253335,0.29968178
2010-08-01 17:00:00,2010-08-02 02:00:00,10,0.31683335,0.3054999
2010-08-01 17:00:00,2010-08-02 03:00:00,11,0.27706668,0.3094312
2010-08-01 17:00:00,2010-08-02 04:00:00,12,0.70773333,0.5307283
2010-08-01 17:00:00,2010-08-02 05:00:00,13,0.86003333,0.8310274
2010-08-01 17:00:00,2010-08-02 06:00:00,14,0.3291,0.3631292
2010-08-01 17:00:00,2010-08-02 07:00:00,15,0.2859,0.31352124
2010-08-01 17:00:00,2010-08-02 08:00:00,16,0.31646666,0.29928508
2010-08-01 17:00:00,2010-08-02 09:00:00,17,0.32283333,0.3013317
2010-08-01 17:00:00,2010-08-02 10:00:00,18,0.27466667,0.2950167
2010-08-01 17:00:00,2010-08-02 11:00:00,19,0.33933333,0.31469247
2010-08-01 17:00:00,2010-08-02 12:00:00,20,0.27933332,0.30065295
2010-08-01 17:00:00,2010-08-02 13:00:00,21,0.32263333,0.29839918
2010-08-01 17:00:00,2010-08-02 14:00:00,22,0.29173332,0.3090533
2010-08-01 17:00:00,2010-08-02 15:00:00,23,0.33123332,0.31816375
2010-08-01 17:00:00,2010-08-02 16:00:00,24,0.7540333,0.3990144
2010-08-02 17:00:00,2010-08-02 17:00:00,1,0.7425333,0.8874137
2010-08-02 17:00:00,2010-08-02 18:00:00,2,0.31673333,0.3372583
2010-08-02 17:00:00,2010-08-02 19:00:00,3,0.30816665,0.28145963
2010-08-02 17:00:00,2010-08-02 20:00:00,4,0.3232,0.2988577
2010-08-02 17:00:00,2010-08-02 21:00:00,5,0.30696666,0.28264326
2010-08-02 17:00:00,2010-08-02 22:00:00,6,0.3078,0.27776486
2010-08-02 17:00:00,2010-08-02 23:00:00,7,0.28966665,0.29918194
2010-08-02 17:00:00,2010-08-03 00:00:00,8,0.32186666,0.28123975
2010-08-02 17:00:00,2010-08-03 01:00:00,9,0.2728,0.28217906
2010-08-02 17:00:00,2010-08-03 02:00:00,10,0.32066667,0.27925974
2010-08-02 17:00:00,2010-08-03 03:00:00,11,0.29013333,0.3113293
2010-08-02 17:00:00,2010-08-03 04:00:00,12,0.92356664,0.80517673
2010-08-02 17:00:00,2010-08-03 05:00:00,13,0.5683,0.8318236
2010-08-02 17:00:00,2010-08-03 06:00:00,14,0.31893334,0.34235263
2010-08-02 17:00:00,2010-08-03 07:00:00,15,0.28266665,0.29933846
2010-08-02 17:00:00,2010-08-03 08:00:00,16,0.3582,0.29984477
2010-08-02 17:00:00,2010-08-03 09:00:00,17,0.41876668,0.3032768
2010-08-02 17:00:00,2010-08-03 10:00:00,18,0.38026667,0.2979977
2010-08-02 17:00:00,2010-08-03 11:00:00,19,0.39076668,0.31654835
2010-08-02 17:00:00,2010-08-03 12:00:00,20,0.3639,0.29709312
2010-08-02 17:00:00,2010-08-03 13:00:00,21,0.41583332,0.2864873
2010-08-02 17:00:00,2010-08-03 14:00:00,22,0.3883,0.28300926
2010-08-02 17:00:00,2010-08-03 15:00:00,23,0.42886665,0.32262915
2010-08-02 17:00:00,2010-08-03 16:00:00,24,1.3614,0.71074224
2010-08-03 17:00:00,2010-08-03 17:00:00,1,0.4335,0.87831235
2010-08-03 17:00:00,2010-08-03 18:00:00,2,0.3534,0.37629333
2010-08-03 17:00:00,2010-08-03 19:00:00,3,0.39443332,0.32466802
2010-08-03 17:00:00,2010-08-03 20:00:00,4,0.3806,0.34675157
2010-08-03 17:00:00,2010-08-03 21:00:00,5,0.2781,0.34248942
2010-08-03 17:00:00,2010-08-03 22:00:00,6,0.32203335,0.33462283
2010-08-03 17:00:00,2010-08-03 23:00:00,7,0.28623334,0.3421865
2010-08-03 17:00:00,2010-08-04 00:00:00,8,0.32286668,0.34895194
2010-08-03 17:00:00,2010-08-04 01:00:00,9,0.27,0.34115434
2010-08-03 17:00:00,2010-08-04 02:00:00,10,0.3335,0.32291993
2010-08-03 17:00:00,2010-08-04 03:00:00,11,0.33636665,0.3458436
2010-08-03 17:00:00,2010-08-04 04:00:00,12,1.1549333,0.9557042
2010-08-03 17:00:00,2010-08-04 05:00:00,13,0.32443333,0.6354971
2010-08-03 17:00:00,2010-08-04 06:00:00,14,0.2804,0.35853893
2010-08-03 17:00:00,2010-08-04 07:00:00,15,0.31623334,0.33391237
2010-08-03 17:00:00,2010-08-04 08:00:00,16,0.3183,0.3540211
2010-08-03 17:00:00,2010-08-04 09:00:00,17,0.30713335,0.35636377
2010-08-03 17:00:00,2010-08-04 10:00:00,18,0.28066668,0.34485316
2010-08-03 17:00:00,2010-08-04 11:00:00,19,0.3258,0.35160002
2010-08-03 17:00:00,2010-08-04 12:00:00,20,0.25503334,0.35789928
2010-08-03 17:00:00,2010-08-04 13:00:00,21,0.2776,0.34545648
2010-08-03 17:00:00,2010-08-04 14:00:00,22,0.29463333,0.32883927
2010-08-03 17:00:00,2010-08-04 15:00:00,23,0.5886,0.34543222
2010-08-03 17:00:00,2010-08-04 16:00:00,24,0.9815,0.84860957
2010-08-04 17:00:00,2010-08-04 17:00:00,1,0.31696665,0.39443997
2010-08-04 17:00:00,2010-08-04 18:00:00,2,0.30726665,0.3080202
2010-08-04 17:00:00,2010-08-04 19:00:00,3,0.29206666,0.3086538
2010-08-04 17:00:00,2010-08-04 20:00:00,4,0.34266666,0.30891928
2010-08-04 17:00:00,2010-08-04 21:00:00,5,0.27226666,0.2831856
2010-08-04 17:00:00,2010-08-04 22:00:00,6,0.30326667,0.29023018
2010-08-04 17:00:00,2010-08-04 23:00:00,7,0.25343335,0.30248165
2010-08-04 17:00:00,2010-08-05 00:00:00,8,0.30866668,0.29633313
2010-08-04 17:00:00,2010-08-05 01:00:00,9,0.27283335,0.2928696
2010-08-04 17:00:00,2010-08-05 02:00:00,10,0.32726666,0.29898027
2010-08-04 17:00:00,2010-08-05 03:00:00,11,0.6917,0.42011663
2010-08-04 17:00:00,2010-08-05 04:00:00,12,0.8628333,0.9734769
2010-08-04 17:00:00,2010-08-05 05:00:00,13,0.31463334,0.39344147
2010-08-04 17:00:00,2010-08-05 06:00:00,14,0.2312,0.30855688
2010-08-04 17:00:00,2010-08-05 07:00:00,15,0.29983333,0.3210477
2010-08-04 17:00:00,2010-08-05 08:00:00,16,0.29883334,0.31101155
2010-08-04 17:00:00,2010-08-05 09:00:00,17,0.31893334,0.2917349
2010-08-04 17:00:00,2010-08-05 10:00:00,18,0.27256668,0.3088586
2010-08-04 17:00:00,2010-08-05 11:00:00,19,0.27756667,0.32624257
2010-08-04 17:00:00,2010-08-05 12:00:00,20,0.2622,0.302481
2010-08-04 17:00:00,2010-08-05 13:00:00,21,0.31456667,0.2959965
2010-08-04 17:00:00,2010-08-05 14:00:00,22,0.2877,0.31131604
2010-08-04 17:00:00,2010-08-05 15:00:00,23,0.9668667,0.48167968
2010-08-04 17:00:00,2010-08-05 16:00:00,24,0.53653336,0.86705685
2010-08-05 17:00:00,2010-08-05 17:00:00,1,0.3036,0.30883527
2010-08-05 17:00:00,2010-08-05 18:00:00,2,0.3042,0.28234875
2010-08-05 17:00:00,2010-08-05 19:00:00,3,0.28536665,0.294624
2010-08-05 17:00:00,2010-08-05 20:00:00,4,0.33566666,0.28499323
2010-08-05 17:00:00,2010-08-05 21:00:00,5,0.20853333,0.2811216
2010-08-05 17:00:00,2010-08-05 22:00:00,6,0.3188,0.27520066
2010-08-05 17:00:00,2010-08-05 23:00:00,7,0.29036668,0.28137806
2010-08-05 17:00:00,2010-08-06 00:00:00,8,0.29856667,0.28543916
2010-08-05 17:00:00,2010-08-06 01:00:00,9,0.28073335,0.2918271
2010-08-05 17:00:00,2010-08-06 02:00:00,10,0.2885,0.33908498
2010-08-05 17:00:00,2010-08-06 03:00:00,11,1.2259,0.903847
2010-08-05 17:00:00,2010-08-06 04:00:00,12,0.30693334,0.5175832
2010-08-05 17:00:00,2010-08-06 05:00:00,13,0.2978,0.29646534
2010-08-05 17:00:00,2010-08-06 06:00:00,14,0.28183332,0.27009302
2010-08-05 17:00:00,2010-08-06 07:00:00,15,0.2632,0.31259084
2010-08-05 17:00:00,2010-08-06 08:00:00,16,0.275,0.28527462
2010-08-05 17:00:00,2010-08-06 09:00:00,17,0.2968,0.29309076
2010-08-05 17:00:00,2010-08-06 10:00:00,18,0.27463335,0.28618965
2010-08-05 17:00:00,2010-08-06 11:00:00,19,0.3009,0.29440176
2010-08-05 17:00:00,2010-08-06 12:00:00,20,0.2164,0.27729833
2010-08-05 17:00:00,2010-08-06 13:00:00,21,0.32413334,0.2882009
2010-08-05 17:00:00,2010-08-06 14:00:00,22,0.59786665,0.3682883
2010-08-05 17:00:00,2010-08-06 15:00:00,23,0.9192333,0.8577351
2010-08-05 17:00:00,2010-08-06 16:00:00,24,0.26703334,0.46059954
2010-08-06 17:00:00,2010-08-06 17:00:00,1,0.30326667,0.2892943
2010-08-06 17:00:00,2010-08-06 18:00:00,2,0.2873,0.30561703
2010-08-06 17:00:00,2010-08-06 19:00:00,3,0.2997,0.2969939
2010-08-06 17:00:00,2010-08-06 20:00:00,4,0.2709,0.26135024
2010-08-06 17:00:00,2010-08-06 21:00:00,5,0.2672,0.28381073
2010-08-06 17:00:00,2010-08-06 22:00:00,6,0.33063334,0.28375736
2010-08-06 17:00:00,2010-08-06 23:00:00,7,0.2713,0.29442352
2010-08-06 17:00:00,2010-08-07 00:00:00,8,0.2987,0.27108902
2010-08-06 17:00:00,2010-08-07 01:00:00,9,0.23376666,0.30402613
2010-08-06 17:00:00,2010-08-07 02:00:00,10,0.9127667,0.56889784
2010-08-06 17:00:00,2010-08-07 03:00:00,11,0.6713,0.9831358
2010-08-06 17:00:00,2010-08-07 04:00:00,12,0.3227,0.27271828
2010-08-06 17:00:00,2010-08-07 05:00:00,13,0.2813,0.30150342
2010-08-06 17:00:00,2010-08-07 06:00:00,14,0.23513333,0.29189765
2010-08-06 17:00:00,2010-08-07 07:00:00,15,0.306,0.29711604
2010-08-06 17:00:00,2010-08-07 08:00:00,16,0.29493332,0.2581862
2010-08-06 17:00:00,2010-08-07 09:00:00,17,0.30623335,0.29597884
2010-08-06 17:00:00,2010-08-07 10:00:00,18,0.22626667,0.3022275
2010-08-06 17:00:00,2010-08-07 11:00:00,19,0.30646667,0.28623787
2010-08-06 17:00:00,2010-08-07 12:00:00,20,0.2575,0.2551004
2010-08-06 17:00:00,2010-08-07 13:00:00,21,0.3364,0.32165346
2010-08-06 17:00:00,2010-08-07 14:00:00,22,0.8581333,0.6449416
2010-08-06 17:00:00,2010-08-07 15:00:00,23,0.61983335,0.93983865
2010-08-06 17:00:00,2010-08-07 16:00:00,24,0.2899,0.29615548
2010-08-07 17:00:00,2010-08-07 17:00:00,1,0.2991,0.28723997
2010-08-07 17:00:00,2010-08-07 18:00:00,2,0.2804,0.2979669
2010-08-07 17:00:00,2010-08-07 19:00:00,3,0.33936667,0.2891502
2010-08-07 17:00:00,2010-08-07 20:00:00,4,0.2285,0.27019924
2010-08-07 17:00:00,2010-08-07 21:00:00,5,0.29926667,0.2875235
2010-08-07 17:00:00,2010-08-07 22:00:00,6,0.3097,0.2903533
2010-08-07 17:00:00,2010-08-07 23:00:00,7,0.2776,0.28362423
2010-08-07 17:00:00,2010-08-08 00:00:00,8,0.31726667,0.27728254
2010-08-07 17:00:00,2010-08-08 01:00:00,9,0.285,0.31236026
2010-08-07 17:00:00,2010-08-08 02:00:00,10,1.1826333,0.8833757
2010-08-07 17:00:00,2010-08-08 03:00:00,11,0.32003334,0.49509078
2010-08-07 17:00:00,2010-08-08 04:00:00,12,0.3169,0.2983654
2010-08-07 17:00:00,2010-08-08 05:00:00,13,0.27016667,0.29531872
2010-08-07 17:00:00,2010-08-08 06:00:00,14,0.32046667,0.293442
2010-08-07 17:00:00,2010-08-08 07:00:00,15,0.2682,0.28974995
2010-08-07 17:00:00,2010-08-08 08:00:00,16,0.2649,0.27543622
2010-08-07 17:00:00,2010-08-08 09:00:00,17,0.29023334,0.29959363
2010-08-07 17:00:00,2010-08-08 10:00:00,18,0.31863335,0.2915493
2010-08-07 17:00:00,2010-08-08 11:00:00,19,0.27706668,0.28484026
2010-08-07 17:00:00,2010-08-08 12:00:00,20,0.24223334,0.2721551
2010-08-07 17:00:00,2010-08-08 13:00:00,21,0.5302333,0.32722265
2010-08-07 17:00:00,2010-08-08 14:00:00,22,1.0143,0.90351176
2010-08-07 17:00:00,2010-08-08 15:00:00,23,0.31326666,0.5018693
2010-08-07 17:00:00,2010-08-08 16:00:00,24,0.23006667,0.30130607
2010-08-08 17:00:00,2010-08-08 17:00:00,1,0.29296666,0.28259087
2010-08-08 17:00:00,2010-08-08 18:00:00,2,0.2939,0.28467208
2010-08-08 17:00:00,2010-08-08 19:00:00,3,0.3342,0.27285627
2010-08-08 17:00:00,2010-08-08 20:00:00,4,0.20953333,0.28549322
2010-08-08 17:00:00,2010-08-08 21:00:00,5,0.3331,0.28875253
2010-08-08 17:00:00,2010-08-08 22:00:00,6,0.26913333,0.28767365
2010-08-08 17:00:00,2010-08-08 23:00:00,7,0.31323335,0.28665447
2010-08-08 17:00:00,2010-08-09 00:00:00,8,0.28296667,0.2749756
2010-08-08 17:00:00,2010-08-09 01:00:00,9,0.8472667,0.5096427
2010-08-08 17:00:00,2010-08-09 02:00:00,10,0.6601667,0.95472133
2010-08-08 17:00:00,2010-08-09 03:00:00,11,0.3196,0.29868826
2010-08-08 17:00:00,2010-08-09 04:00:00,12,0.2963,0.27263588
2010-08-08 17:00:00,2010-08-09 05:00:00,13,0.28513333,0.2956394
2010-08-08 17:00:00,2010-08-09 06:00:00,14,0.31776667,0.2896726
2010-08-08 17:00:00,2010-08-09 07:00:00,15,0.29216668,0.28137988
2010-08-08 17:00:00,2010-08-09 08:00:00,16,0.2481,0.29719928
2010-08-08 17:00:00,2010-08-09 09:00:00,17,0.3048,0.29084182
2010-08-08 17:00:00,2010-08-09 10:00:00,18,0.29813334,0.2774644
2010-08-08 17:00:00,2010-08-09 11:00:00,19,0.27546668,0.28477514
2010-08-08 17:00:00,2010-08-09 12:00:00,20,0.33303332,0.2822694
2010-08-08 17:00:00,2010-08-09 13:00:00,21,1.0964667,0.5771968
2010-08-08 17:00:00,2010-08-09 14:00:00,22,0.39423335,0.91640157
2010-08-08 17:00:00,2010-08-09 15:00:00,23,0.2846,0.3071877
2010-08-08 17:00:00,2010-08-09 16:00:00,24,0.32086667,0.2806047
2010-08-09 17:00:00,2010-08-09 17:00:00,1,0.2699,0.32223773
2010-08-09 17:00:00,2010-08-09 18:00:00,2,0.30223334,0.28709036
2010-08-09 17:00:00,2010-08-09 19:00:00,3,0.2678,0.28506184
2010-08-09 17:00:00,2010-08-09 20:00:00,4,0.3088,0.3050992
2010-08-09 17:00:00,2010-08-09 21:00:00,5,0.30813333,0.309858
2010-08-09 17:00:00,2010-08-09 22:00:00,6,0.31356665,0.30466872
2010-08-09 17:00:00,2010-08-09 23:00:00,7,0.29023334,0.30587205
2010-08-09 17:00:00,2010-08-10 00:00:00,8,0.35376668,0.30409697
2010-08-09 17:00:00,2010-08-10 01:00:00,9,1.249,1.0727353
2010-08-09 17:00:00,2010-08-10 02:00:00,10,0.29036668,0.32433477
2010-08-09 17:00:00,2010-08-10 03:00:00,11,0.26193333,0.2990658
2010-08-09 17:00:00,2010-08-10 04:00:00,12,0.2945,0.30649453
2010-08-09 17:00:00,2010-08-10 05:00:00,13,0.31373334,0.30556795
2010-08-09 17:00:00,2010-08-10 06:00:00,14,0.2842,0.2915019
2010-08-09 17:00:00,2010-08-10 07:00:00,15,0.33316666,0.29886827
2010-08-09 17:00:00,2010-08-10 08:00:00,16,0.25796667,0.3181728
2010-08-09 17:00:00,2010-08-10 09:00:00,17,0.33896667,0.30344638
2010-08-09 17:00:00,2010-08-10 10:00:00,18,0.25873333,0.28476164
2010-08-09 17:00:00,2010-08-10 11:00:00,19,0.2742,0.3081834
2010-08-09 17:00:00,2010-08-10 12:00:00,20,0.4379,0.32621875
2010-08-09 17:00:00,2010-08-10 13:00:00,21,1.1548667,0.93164396
2010-08-09 17:00:00,2010-08-10 14:00:00,22,0.2911,0.31277093
2010-08-09 17:00:00,2010-08-10 15:00:00,23,0.30036667,0.28805453
2010-08-09 17:00:00,2010-08-10 16:00:00,24,0.3249,0.3136726
2010-08-10 17:00:00,2010-08-10 17:00:00,1,0.2845,0.2863226
2010-08-10 17:00:00,2010-08-10 18:00:00,2,0.32233334,0.2703459
2010-08-10 17:00:00,2010-08-10 19:00:00,3,0.26203334,0.29095381
2010-08-10 17:00:00,2010-08-10 20:00:00,4,0.2997,0.28089428
2010-08-10 17:00:00,2010-08-10 21:00:00,5,0.2843,0.2919815
2010-08-10 17:00:00,2010-08-10 22:00:00,6,0.3303,0.29406872
2010-08-10 17:00:00,2010-08-10 23:00:00,7,0.27646667,0.28670087
2010-08-10 17:00:00,2010-08-11 00:00:00,8,0.43663332,0.4728539
2010-08-10 17:00:00,2010-08-11 01:00:00,9,1.1349334,1.0055635
2010-08-10 17:00:00,2010-08-11 02:00:00,10,0.3216,0.29575142
2010-08-10 17:00:00,2010-08-11 03:00:00,11,0.27576667,0.28751963
2010-08-10 17:00:00,2010-08-11 04:00:00,12,0.327,0.32116306
2010-08-10 17:00:00,2010-08-11 05:00:00,13,0.24113333,0.27091923
2010-08-10 17:00:00,2010-08-11 06:00:00,14,0.2839,0.26811552
2010-08-10 17:00:00,2010-08-11 07:00:00,15,0.3261,0.2939167
2010-08-10 17:00:00,2010-08-11 08:00:00,16,0.28256667,0.2916568
2010-08-10 17:00:00,2010-08-11 09:00:00,17,0.3212,0.29010338
2010-08-10 17:00:00,2010-08-11 10:00:00,18,0.2798,0.28712687
2010-08-10 17:00:00,2010-08-11 11:00:00,19,0.3235,0.29119265
2010-08-10 17:00:00,2010-08-11 12:00:00,20,0.48443332,0.48378596
2010-08-10 17:00:00,2010-08-11 13:00:00,21,1.0255667,0.7559968
2010-08-10 17:00:00,2010-08-11 14:00:00,22,0.2878,0.2988825
2010-08-10 17:00:00,2010-08-11 15:00:00,23,0.30076668,0.28628615
2010-08-10 17:00:00,2010-08-11 16:00:00,24,0.28646666,0.34040084
2010-08-11 17:00:00,2010-08-11 17:00:00,1,0.3285,0.27532977
2010-08-11 17:00:00,2010-08-11 18:00:00,2,0.2832,0.28266194
2010-08-11 17:00:00,2010-08-11 19:00:00,3,0.31893334,0.29115263
2010-08-11 17:00:00,2010-08-11 20:00:00,4,0.25766668,0.28167778
2010-08-11 17:00:00,2010-08-11 21:00:00,5,0.29546666,0.2961943
2010-08-11 17:00:00,2010-08-11 22:00:00,6,0.31416667,0.2934647
2010-08-11 17:00:00,2010-08-11 23:00:00,7,0.29626667,0.30046013
2010-08-11 17:00:00,2010-08-12 00:00:00,8,0.6167333,0.52898246
2010-08-11 17:00:00,2010-08-12 01:00:00,9,0.9415,0.85265714
2010-08-11 17:00:00,2010-08-12 02:00:00,10,0.27763334,0.32297033
2010-08-11 17:00:00,2010-08-12 03:00:00,11,0.27013335,0.30631533
2010-08-11 17:00:00,2010-08-12 04:00:00,12,0.3089,0.29447615
2010-08-11 17:00:00,2010-08-12 05:00:00,13,0.2886,0.27147838
2010-08-11 17:00:00,2010-08-12 06:00:00,14,0.31153333,0.28896755
2010-08-11 17:00:00,2010-08-12 07:00:00,15,0.28036666,0.2919972
2010-08-11 17:00:00,2010-08-12 08:00:00,16,0.25986665,0.28344265
2010-08-11 17:00:00,2010-08-12 09:00:00,17,0.30693334,0.29680157
2010-08-11 17:00:00,2010-08-12 10:00:00,18,0.2762,0.29568213
2010-08-11 17:00:00,2010-08-12 11:00:00,19,0.3204,0.30354735
2010-08-11 17:00:00,2010-08-12 12:00:00,20,0.7539333,0.4852301
2010-08-11 17:00:00,2010-08-12 13:00:00,21,0.7424,0.6998097
2010-08-11 17:00:00,2010-08-12 14:00:00,22,0.2872,0.32396692
2010-08-11 17:00:00,2010-08-12 15:00:00,23,0.3151,0.30653435
2010-08-11 17:00:00,2010-08-12 16:00:00,24,0.2699,0.29950508
2010-08-12 17:00:00,2010-08-12 17:00:00,1,0.3038,0.28575402
2010-08-12 17:00:00,2010-08-12 18:00:00,2,0.24606666,0.2823059
2010-08-12 17:00:00,2010-08-12 19:00:00,3,0.31096667,0.28003865
2010-08-12 17:00:00,2010-08-12 20:00:00,4,0.30546665,0.27861512
2010-08-12 17:00:00,2010-08-12 21:00:00,5,0.31286666,0.2741479
2010-08-12 17:00:00,2010-08-12 22:00:00,6,0.26143333,0.27630132
2010-08-12 17:00:00,2010-08-12 23:00:00,7,0.26036668,0.3062596
2010-08-12 17:00:00,2010-08-13 00:00:00,8,1.0248667,0.6849005
2010-08-12 17:00:00,2010-08-13 01:00:00,9,0.5477667,0.7120648
2010-08-12 17:00:00,2010-08-13 02:00:00,10,0.3143,0.32975838
2010-08-12 17:00:00,2010-08-13 03:00:00,11,0.22713333,0.29200807
2010-08-12 17:00:00,2010-08-13 04:00:00,12,0.31073335,0.28712955
2010-08-12 17:00:00,2010-08-13 05:00:00,13,0.26273334,0.2904718
2010-08-12 17:00:00,2010-08-13 06:00:00,14,0.3305,0.28773576
2010-08-12 17:00:00,2010-08-13 07:00:00,15,0.26916668,0.28505063
2010-08-12 17:00:00,2010-08-13 08:00:00,16,0.25376666,0.28441346
2010-08-12 17:00:00,2010-08-13 09:00:00,17,0.31453332,0.27828223
2010-08-12 17:00:00,2010-08-13 10:00:00,18,0.276,0.27603716
2010-08-12 17:00:00,2010-08-13 11:00:00,19,0.3081,0.31677896
2010-08-12 17:00:00,2010-08-13 12:00:00,20,1.1694,0.63099915
2010-08-12 17:00:00,2010-08-13 13:00:00,21,0.34083334,0.5971464
2010-08-12 17:00:00,2010-08-13 14:00:00,22,0.25533333,0.32056212
2010-08-12 17:00:00,2010-08-13 15:00:00,23,0.3295,0.29102355
2010-08-12 17:00:00,2010-08-13 16:00:00,24,0.2618,0.29099572
2010-08-13 17:00:00,2010-08-13 17:00:00,1,0.2516,0.27936524
2010-08-13 17:00:00,2010-08-13 18:00:00,2,0.3005,0.29173094
2010-08-13 17:00:00,2010-08-13 19:00:00,3,0.29653335,0.27875936
2010-08-13 17:00:00,2010-08-13 20:00:00,4,0.2919,0.29798332
2010-08-13 17:00:00,2010-08-13 21:00:00,5,0.25283334,0.27574146
2010-08-13 17:00:00,2010-08-13 22:00:00,6,0.30193335,0.25872847
2010-08-13 17:00:00,2010-08-13 23:00:00,7,0.41313332,0.33153373
2010-08-13 17:00:00,2010-08-14 00:00:00,8,1.1578,0.98643714
2010-08-13 17:00:00,2010-08-14 01:00:00,9,0.2223,0.3350761
2010-08-13 17:00:00,2010-08-14 02:00:00,10,0.2961,0.2924253
2010-08-13 17:00:00,2010-08-14 03:00:00,11,0.283,0.29190823
2010-08-13 17:00:00,2010-08-14 04:00:00,12,0.3174,0.2743762
2010-08-13 17:00:00,2010-08-14 05:00:00,13,0.20033333,0.2693044
2010-08-13 17:00:00,2010-08-14 06:00:00,14,0.3201,0.2985346
2010-08-13 17:00:00,2010-08-14 07:00:00,15,0.26793334,0.2747771
2010-08-13 17:00:00,2010-08-14 08:00:00,16,0.3123,0.29231724
2010-08-13 17:00:00,2010-08-14 09:00:00,17,0.21163334,0.2660763
2010-08-13 17:00:00,2010-08-14 10:00:00,18,0.31903332,0.2675452
2010-08-13 17:00:00,2010-08-14 11:00:00,19,0.7287,0.34584457
2010-08-13 17:00:00,2010-08-14 12:00:00,20,0.7658333,0.987447
2010-08-13 17:00:00,2010-08-14 13:00:00,21,0.29586667,0.3325782
2010-08-13 17:00:00,2010-08-14 14:00:00,22,0.27933332,0.2892351
2010-08-13 17:00:00,2010-08-14 15:00:00,23,0.2941,0.2952459
2010-08-13 17:00:00,2010-08-14 16:00:00,24,0.2379,0.28556263
2010-08-14 17:00:00,2010-08-14 17:00:00,1,0.2874,0.26927513
2010-08-14 17:00:00,2010-08-14 18:00:00,2,0.2868,0.31478646
2010-08-14 17:00:00,2010-08-14 19:00:00,3,0.27193335,0.28604522
2010-08-14 17:00:00,2010-08-14 20:00:00,4,0.2736,0.27442703
2010-08-14 17:00:00,2010-08-14 21:00:00,5,0.30383334,0.2619742
2010-08-14 17:00:00,2010-08-14 22:00:00,6,0.29023334,0.28481996
2010-08-14 17:00:00,2010-08-14 23:00:00,7,1.0143666,0.6513736
2010-08-14 17:00:00,2010-08-15 00:00:00,8,0.47656667,0.82195085
2010-08-14 17:00:00,2010-08-15 01:00:00,9,0.3296,0.31124258
2010-08-14 17:00:00,2010-08-15 02:00:00,10,0.25833333,0.27778924
2010-08-14 17:00:00,2010-08-15 03:00:00,11,0.252,0.2734956
2010-08-14 17:00:00,2010-08-15 04:00:00,12,0.28223333,0.25739858
2010-08-14 17:00:00,2010-08-15 05:00:00,13,0.30906665,0.26459646
2010-08-14 17:00:00,2010-08-15 06:00:00,14,0.26486668,0.32376194
2010-08-14 17:00:00,2010-08-15 07:00:00,15,0.26443332,0.28726602
2010-08-14 17:00:00,2010-08-15 08:00:00,16,0.28026667,0.2685404
2010-08-14 17:00:00,2010-08-15 09:00:00,17,0.294,0.25068444
2010-08-14 17:00:00,2010-08-15 10:00:00,18,0.34773332,0.33770934
2010-08-14 17:00:00,2010-08-15 11:00:00,19,1.2265667,0.66068953
2010-08-14 17:00:00,2010-08-15 12:00:00,20,0.29006666,0.7567636
2010-08-14 17:00:00,2010-08-15 13:00:00,21,0.3015,0.31086513
2010-08-14 17:00:00,2010-08-15 14:00:00,22,0.99833333,0.28586346
2010-08-14 17:00:00,2010-08-15 15:00:00,23,0.4085,0.2756878
2010-08-14 17:00:00,2010-08-15 16:00:00,24,1.8561,0.27550077
2010-08-15 17:00:00,2010-08-15 17:00:00,1,1.9023,0.31997606
2010-08-15 17:00:00,2010-08-15 18:00:00,2,2.1767,0.29207957
2010-08-15 17:00:00,2010-08-15 19:00:00,3,0.9298667,0.29431033
2010-08-15 17:00:00,2010-08-15 20:00:00,4,1.2045,0.2947885
2010-08-15 17:00:00,2010-08-15 21:00:00,5,0.9719667,0.28783756
2010-08-15 17:00:00,2010-08-15 22:00:00,6,1.4498667,0.33187294
2010-08-15 17:00:00,2010-08-15 23:00:00,7,0.5244,0.831676
2010-08-15 17:00:00,2010-08-16 00:00:00,8,0.29763332,0.36154088
2010-08-15 17:00:00,2010-08-16 01:00:00,9,0.33293334,0.32107538
2010-08-15 17:00:00,2010-08-16 02:00:00,10,0.26386666,0.51033926
2010-08-15 17:00:00,2010-08-16 03:00:00,11,0.30246666,0.3077029
2010-08-15 17:00:00,2010-08-16 04:00:00,12,0.31856668,0.32850224
2010-08-15 17:00:00,2010-08-16 05:00:00,13,0.3097,0.29556698
2010-08-15 17:00:00,2010-08-16 06:00:00,14,0.2612,0.2966383
2010-08-15 17:00:00,2010-08-16 07:00:00,15,0.9650667,0.30150145
2010-08-15 17:00:00,2010-08-16 08:00:00,16,1.5165666,0.29644758
2010-08-15 17:00:00,2010-08-16 09:00:00,17,1.3763334,0.28368598
2010-08-15 17:00:00,2010-08-16 10:00:00,18,1.3420334,0.37526515
2010-08-15 17:00:00,2010-08-16 11:00:00,19,0.2498,0.6216421
2010-08-15 17:00:00,2010-08-16 12:00:00,20,0.48273334,0.3775288
2010-08-15 17:00:00,2010-08-16 13:00:00,21,0.7548,0.32423317
2010-08-15 17:00:00,2010-08-16 14:00:00,22,0.8666,0.51808286
2010-08-15 17:00:00,2010-08-16 15:00:00,23,0.3209,0.32587644
2010-08-15 17:00:00,2010-08-16 16:00:00,24,0.8527333,0.34212622
2010-08-16 17:00:00,2010-08-16 17:00:00,1,0.67123336,0.6991502
2010-08-16 17:00:00,2010-08-16 18:00:00,2,0.74383336,0.59799206
2010-08-16 17:00:00,2010-08-16 19:00:00,3,1.0497333,0.5871763
2010-08-16 17:00:00,2010-08-16 20:00:00,4,1.4753333,0.6330141
2010-08-16 17:00:00,2010-08-16 21:00:00,5,1.2868333,0.55902284
2010-08-16 17:00:00,2010-08-16 22:00:00,6,1.5521667,0.5081234
2010-08-16 17:00:00,2010-08-16 23:00:00,7,1.2357666,0.4848561
2010-08-16 17:00:00,2010-08-17 00:00:00,8,1.0600667,0.4512261
2010-08-16 17:00:00,2010-08-17 01:00:00,9,1.0796334,0.44519836
2010-08-16 17:00:00,2010-08-17 02:00:00,10,0.8246667,0.42785385
2010-08-16 17:00:00,2010-08-17 03:00:00,11,0.7446667,0.4026125
2010-08-16 17:00:00,2010-08-17 04:00:00,12,0.8127667,0.41533276
2010-08-16 17:00:00,2010-08-17 05:00:00,13,0.8006,0.44055584
2010-08-16 17:00:00,2010-08-17 06:00:00,14,0.75306666,0.44778675
2010-08-16 17:00:00,2010-08-17 07:00:00,15,1.0798666,0.47918075
2010-08-16 17:00:00,2010-08-17 08:00:00,16,1.1409667,0.5278111
2010-08-16 17:00:00,2010-08-17 09:00:00,17,1.8965334,0.49634287
2010-08-16 17:00:00,2010-08-17 10:00:00,18,1.3446333,0.47268617
2010-08-16 17:00:00,2010-08-17 11:00:00,19,0.77853334,0.4336223
2010-08-16 17:00:00,2010-08-17 12:00:00,20,0.29106668,0.41161814
2010-08-16 17:00:00,2010-08-17 13:00:00,21,0.41823334,0.40017757
2010-08-16 17:00:00,2010-08-17 14:00:00,22,0.33716667,0.38206917
2010-08-16 17:00:00,2010-08-17 15:00:00,23,0.35816666,0.35015285
2010-08-16 17:00:00,2010-08-17 16:00:00,24,0.7672333,0.37665793
2010-08-30 17:00:00,2010-08-30 17:00:00,1,0.3625,1.358562
2010-08-30 17:00:00,2010-08-30 18:00:00,2,0.33123332,1.379757
2010-08-30 17:00:00,2010-08-30 19:00:00,3,1.1589,0.9723158
2010-08-30 17:00:00,2010-08-30 20:00:00,4,0.8696333,0.8988812
2010-08-30 17:00:00,2010-08-30 21:00:00,5,2.2422333,1.0073141
2010-08-30 17:00:00,2010-08-30 22:00:00,6,1.1637666,0.8507042
2010-08-30 17:00:00,2010-08-30 23:00:00,7,0.5701,0.6794249
2010-08-30 17:00:00,2010-08-31 00:00:00,8,0.40176666,0.5061809
2010-08-30 17:00:00,2010-08-31 01:00:00,9,0.36636665,0.39909315
2010-08-30 17:00:00,2010-08-31 02:00:00,10,0.31963333,0.37443477
2010-08-30 17:00:00,2010-08-31 03:00:00,11,0.29553333,0.37899214
2010-08-30 17:00:00,2010-08-31 04:00:00,12,1.0354333,0.41765678
2010-08-30 17:00:00,2010-08-31 05:00:00,13,0.3288,0.504212
2010-08-30 17:00:00,2010-08-31 06:00:00,14,0.24463333,0.559384
2010-08-30 17:00:00,2010-08-31 07:00:00,15,0.5892,1.0905565
2010-08-30 17:00:00,2010-08-31 08:00:00,16,1.5327667,1.3816998
2010-08-30 17:00:00,2010-08-31 09:00:00,17,1.4823667,0.9861958
2010-08-30 17:00:00,2010-08-31 10:00:00,18,1.1666334,0.6538657
2010-08-30 17:00:00,2010-08-31 11:00:00,19,1.5806667,0.6458747
2010-08-30 17:00:00,2010-08-31 12:00:00,20,1.2884667,0.7670857
2010-08-30 17:00:00,2010-08-31 13:00:00,21,1.0535667,0.7966413
2010-08-30 17:00:00,2010-08-31 14:00:00,22,0.8699333,0.68946826
2010-08-30 17:00:00,2010-08-31 15:00:00,23,0.61303335,0.69808936
2010-08-30 17:00:00,2010-08-31 16:00:00,24,0.75423336,0.58652467
2010-08-31 17:00:00,2010-08-31 17:00:00,1,1.4517334,0.7720227
2010-08-31 17:00:00,2010-08-31 18:00:00,2,1.7887,0.9612596
2010-08-31 17:00:00,2010-08-31 19:00:00,3,1.3791,0.9716055
2010-08-31 17:00:00,2010-08-31 20:00:00,4,1.8193667,0.9723142
2010-08-31 17:00:00,2010-08-31 21:00:00,5,1.1395667,0.99678725
2010-08-31 17:00:00,2010-08-31 22:00:00,6,0.688,0.83896005
2010-08-31 17:00:00,2010-08-31 23:00:00,7,0.56226665,0.66556275
2010-08-31 17:00:00,2010-09-01 00:00:00,8,0.3771,0.5197408
2010-08-31 17:00:00,2010-09-01 01:00:00,9,0.28913334,0.4385908
2010-08-31 17:00:00,2010-09-01 02:00:00,10,0.34016666,0.4303555
2010-08-31 17:00:00,2010-09-01 03:00:00,11,0.30213332,0.41657096
2010-08-31 17:00:00,2010-09-01 04:00:00,12,0.8031667,0.45523214
2010-08-31 17:00:00,2010-09-01 05:00:00,13,0.31053334,0.487922
2010-08-31 17:00:00,2010-09-01 06:00:00,14,0.4614,0.57491183
2010-08-31 17:00:00,2010-09-01 07:00:00,15,0.98403335,0.8018203
2010-08-31 17:00:00,2010-09-01 08:00:00,16,1.4570667,0.9536067
2010-08-31 17:00:00,2010-09-01 09:00:00,17,0.8423667,0.99927706
2010-08-31 17:00:00,2010-09-01 10:00:00,18,1.9099333,0.9586075
2010-08-31 17:00:00,2010-09-01 11:00:00,19,2.1177332,0.92770404
2010-08-31 17:00:00,2010-09-01 12:00:00,20,1.6747333,0.9368377
2010-08-31 17:00:00,2010-09-01 13:00:00,21,1.6333,0.9243182
2010-08-31 17:00:00,2010-09-01 14:00:00,22,1.7136333,0.8950582
2010-08-31 17:00:00,2010-09-01 15:00:00,23,1.4292333,0.86019355
2010-08-31 17:00:00,2010-09-01 16:00:00,24,1.3891667,0.8249215
2010-09-01 17:00:00,2010-09-01 17:00:00,1,1.4856334,1.2111351
2010-09-01 17:00:00,2010-09-01 18:00:00,2,0.5392333,1.3005605
2010-09-01 17:00:00,2010-09-01 19:00:00,3,0.54943335,1.3126606
2010-09-01 17:00:00,2010-09-01 20:00:00,4,1.8614334,1.3112463
2010-09-01 17:00:00,2010-09-01 21:00:00,5,2.5369,1.1807969
2010-09-01 17:00:00,2010-09-01 22:00:00,6,1.1801333,0.95132554
2010-09-01 17:00:00,2010-09-01 23:00:00,7,0.3677,0.6507001
2010-09-01 17:00:00,2010-09-02 00:00:00,8,0.33306667,0.4745738
2010-09-01 17:00:00,2010-09-02 01:00:00,9,0.3055,0.36388963
2010-09-01 17:00:00,2010-09-02 02:00:00,10,0.3466,0.33725148
2010-09-01 17:00:00,2010-09-02 03:00:00,11,0.2548,0.3306626
2010-09-01 17:00:00,2010-09-02 04:00:00,12,0.33983332,0.38637275
2010-09-01 17:00:00,2010-09-02 05:00:00,13,0.30093333,0.4047172
2010-09-01 17:00:00,2010-09-02 06:00:00,14,1.0378667,0.49213362
2010-09-01 17:00:00,2010-09-02 07:00:00,15,0.7744333,0.70659983
2010-09-01 17:00:00,2010-09-02 08:00:00,16,1.5999334,0.9488438
2010-09-01 17:00:00,2010-09-02 09:00:00,17,1.6337334,1.0146407
2010-09-01 17:00:00,2010-09-02 10:00:00,18,1.7061,1.092589
2010-09-01 17:00:00,2010-09-02 11:00:00,19,1.6545334,1.2021356
2010-09-01 17:00:00,2010-09-02 12:00:00,20,1.5187666,1.264679
2010-09-01 17:00:00,2010-09-02 13:00:00,21,1.36,1.2507738
2010-09-01 17:00:00,2010-09-02 14:00:00,22,1.4055333,1.2084733
2010-09-01 17:00:00,2010-09-02 15:00:00,23,0.8876333,1.1504384
2010-09-01 17:00:00,2010-09-02 16:00:00,24,0.33906665,1.06775
2010-09-02 17:00:00,2010-09-02 17:00:00,1,0.4942,0.6557325
2010-09-02 17:00:00,2010-09-02 18:00:00,2,0.72616667,0.99981153
2010-09-02 17:00:00,2010-09-02 19:00:00,3,0.68086666,1.1300049
2010-09-02 17:00:00,2010-09-02 20:00:00,4,2.4065,1.1688972
2010-09-02 17:00:00,2010-09-02 21:00:00,5,1.5888333,1.0796686
2010-09-02 17:00:00,2010-09-02 22:00:00,6,0.91643333,0.83395857
2010-09-02 17:00:00,2010-09-02 23:00:00,7,0.59686667,0.59857047
2010-09-02 17:00:00,2010-09-03 00:00:00,8,0.39016667,0.45425802
2010-09-02 17:00:00,2010-09-03 01:00:00,9,0.345,0.3820268
2010-09-02 17:00:00,2010-09-03 02:00:00,10,0.34546667,0.35203618
2010-09-02 17:00:00,2010-09-03 03:00:00,11,0.4543,0.35451144
2010-09-02 17:00:00,2010-09-03 04:00:00,12,0.6939333,0.3692345
2010-09-02 17:00:00,2010-09-03 05:00:00,13,0.95563334,0.39751977
2010-09-02 17:00:00,2010-09-03 06:00:00,14,0.9327667,0.5077041
2010-09-02 17:00:00,2010-09-03 07:00:00,15,1.1414666,0.7618733
2010-09-02 17:00:00,2010-09-03 08:00:00,16,1.5048,1.0171261
2010-09-02 17:00:00,2010-09-03 09:00:00,17,1.4632,1.2347176
2010-09-02 17:00:00,2010-09-03 10:00:00,18,1.3639333,1.3853675
2010-09-02 17:00:00,2010-09-03 11:00:00,19,1.4092333,1.5519193
2010-09-02 17:00:00,2010-09-03 12:00:00,20,1.6444666,1.6511372
2010-09-02 17:00:00,2010-09-03 13:00:00,21,0.7313667,1.6611292
2010-09-02 17:00:00,2010-09-03 14:00:00,22,0.35523334,1.6363218
2010-09-02 17:00:00,2010-09-03 15:00:00,23,0.41023332,1.5244063
2010-09-02 17:00:00,2010-09-03 16:00:00,24,0.30913332,1.3545659
2010-09-03 17:00:00,2010-09-03 17:00:00,1,0.34396666,0.4926802
2010-09-03 17:00:00,2010-09-03 18:00:00,2,0.36483333,0.73639345
2010-09-03 17:00:00,2010-09-03 19:00:00,3,0.531,0.9747446
2010-09-03 17:00:00,2010-09-03 20:00:00,4,2.3058667,1.1913928
2010-09-03 17:00:00,2010-09-03 21:00:00,5,1.8044333,1.1013991
2010-09-03 17:00:00,2010-09-03 22:00:00,6,1.6770333,0.81111425
2010-09-03 17:00:00,2010-09-03 23:00:00,7,0.96276665,0.51672703
2010-09-03 17:00:00,2010-09-04 00:00:00,8,0.46866667,0.41994244
2010-09-03 17:00:00,2010-09-04 01:00:00,9,0.33326668,0.36384243
2010-09-03 17:00:00,2010-09-04 02:00:00,10,0.27526668,0.3731779
2010-09-03 17:00:00,2010-09-04 03:00:00,11,0.31376666,0.40366375
2010-09-03 17:00:00,2010-09-04 04:00:00,12,1.0629667,0.44633234
2010-09-03 17:00:00,2010-09-04 05:00:00,13,0.3229,0.47603703
2010-09-03 17:00:00,2010-09-04 06:00:00,14,0.6717333,0.5030004
2010-09-03 17:00:00,2010-09-04 07:00:00,15,1.9570333,0.6270863
2010-09-03 17:00:00,2010-09-04 08:00:00,16,1.446,0.8190055
2010-09-03 17:00:00,2010-09-04 09:00:00,17,0.779,0.9562932
2010-09-03 17:00:00,2010-09-04 10:00:00,18,0.90236664,1.129991
2010-09-03 17:00:00,2010-09-04 11:00:00,19,1.6402333,1.3304263
2010-09-03 17:00:00,2010-09-04 12:00:00,20,1.3255666,1.4665265
2010-09-03 17:00:00,2010-09-04 13:00:00,21,1.1751667,1.4083395
2010-09-03 17:00:00,2010-09-04 14:00:00,22,2.1476,1.3502216
2010-09-03 17:00:00,2010-09-04 15:00:00,23,1.7486666,1.2651075
2010-09-03 17:00:00,2010-09-04 16:00:00,24,0.7704667,1.1832999
2010-09-04 17:00:00,2010-09-04 17:00:00,1,0.56423336,0.7343963
2010-09-04 17:00:00,2010-09-04 18:00:00,2,1.6102,0.8991533
2010-09-04 17:00:00,2010-09-04 19:00:00,3,1.6162333,1.0774723
2010-09-04 17:00:00,2010-09-04 20:00:00,4,2.2788334,1.288464
2010-09-04 17:00:00,2010-09-04 21:00:00,5,2.5189667,1.248087
2010-09-04 17:00:00,2010-09-04 22:00:00,6,2.1733668,0.9958296
2010-09-04 17:00:00,2010-09-04 23:00:00,7,0.9615,0.6436229
2010-09-04 17:00:00,2010-09-05 00:00:00,8,0.5581,0.46673542
2010-09-04 17:00:00,2010-09-05 01:00:00,9,0.48303333,0.34098864
2010-09-04 17:00:00,2010-09-05 02:00:00,10,0.5433,0.32942957
2010-09-04 17:00:00,2010-09-05 03:00:00,11,0.3478,0.34524107
2010-09-04 17:00:00,2010-09-05 04:00:00,12,0.30803335,0.38107175
2010-09-04 17:00:00,2010-09-05 05:00:00,13,0.33823332,0.44974595
2010-09-04 17:00:00,2010-09-05 06:00:00,14,0.26953334,0.50572395
2010-09-04 17:00:00,2010-09-05 07:00:00,15,0.30996665,0.7580147
2010-09-04 17:00:00,2010-09-05 08:00:00,16,1.3496,1.014096
2010-09-04 17:00:00,2010-09-05 09:00:00,17,0.43196666,1.1161512
2010-09-04 17:00:00,2010-09-05 10:00:00,18,1.256,1.2636569
2010-09-04 17:00:00,2010-09-05 11:00:00,19,1.6126,1.4402544
2010-09-04 17:00:00,2010-09-05 12:00:00,20,0.9832,1.5622368
2010-09-04 17:00:00,2010-09-05 13:00:00,21,0.7989,1.5233918
2010-09-04 17:00:00,2010-09-05 14:00:00,22,1.2334666,1.3988512
2010-09-04 17:00:00,2010-09-05 15:00:00,23,2.2218332,1.2343775
2010-09-04 17:00:00,2010-09-05 16:00:00,24,1.0086334,1.0518941
2010-09-05 17:00:00,2010-09-05 17:00:00,1,0.5999333,0.8540325
2010-09-05 17:00:00,2010-09-05 18:00:00,2,0.8549,1.202579
2010-09-05 17:00:00,2010-09-05 19:00:00,3,1.3828666,1.4633424
2010-09-05 17:00:00,2010-09-05 20:00:00,4,1.0963666,1.890512
2010-09-05 17:00:00,2010-09-05 21:00:00,5,2.119,1.9898983
2010-09-05 17:00:00,2010-09-05 22:00:00,6,1.5342333,1.6005064
2010-09-05 17:00:00,2010-09-05 23:00:00,7,0.4088,0.851576
2010-09-05 17:00:00,2010-09-06 00:00:00,8,0.36146668,0.4753676
2010-09-05 17:00:00,2010-09-06 01:00:00,9,0.33393332,0.39366037
2010-09-05 17:00:00,2010-09-06 02:00:00,10,0.34256667,0.34664166
2010-09-05 17:00:00,2010-09-06 03:00:00,11,0.28243333,0.25619632
2010-09-05 17:00:00,2010-09-06 04:00:00,12,0.351,0.2876367
2010-09-05 17:00:00,2010-09-06 05:00:00,13,0.2231,0.3303159
2010-09-05 17:00:00,2010-09-06 06:00:00,14,1.5419333,0.45725614
2010-09-05 17:00:00,2010-09-06 07:00:00,15,1.8616333,0.8765466
2010-09-05 17:00:00,2010-09-06 08:00:00,16,1.5826334,1.3083742
2010-09-05 17:00:00,2010-09-06 09:00:00,17,1.4338,1.1593893
2010-09-05 17:00:00,2010-09-06 10:00:00,18,0.54836667,1.2812736
2010-09-05 17:00:00,2010-09-06 11:00:00,19,0.3156,1.4629691
2010-09-05 17:00:00,2010-09-06 12:00:00,20,1.2417667,1.411479
2010-09-05 17:00:00,2010-09-06 13:00:00,21,1.3418334,1.3930862
2010-09-05 17:00:00,2010-09-06 14:00:00,22,0.36543334,1.5045098
2010-09-05 17:00:00,2010-09-06 15:00:00,23,0.95816666,1.3930486
2010-09-05 17:00:00,2010-09-06 16:00:00,24,1.4072334,1.1059847
2010-09-06 17:00:00,2010-09-06 17:00:00,1,2.4976666,1.0398812
2010-09-06 17:00:00,2010-09-06 18:00:00,2,0.8907,1.0449946
2010-09-06 17:00:00,2010-09-06 19:00:00,3,1.2747333,1.1526457
2010-09-06 17:00:00,2010-09-06 20:00:00,4,1.1888666,1.4715365
2010-09-06 17:00:00,2010-09-06 21:00:00,5,1.7181667,1.4478672
2010-09-06 17:00:00,2010-09-06 22:00:00,6,1.2335,1.1154431
2010-09-06 17:00:00,2010-09-06 23:00:00,7,0.41806668,0.64343286
2010-09-06 17:00:00,2010-09-07 00:00:00,8,0.66206664,0.43651336
2010-09-06 17:00:00,2010-09-07 01:00:00,9,0.6508333,0.34222007
2010-09-06 17:00:00,2010-09-07 02:00:00,10,0.2722,0.3473118
2010-09-06 17:00:00,2010-09-07 03:00:00,11,0.31526667,0.34362954
2010-09-06 17:00:00,2010-09-07 04:00:00,12,0.305,0.36338407
2010-09-06 17:00:00,2010-09-07 05:00:00,13,0.32686666,0.40237075
2010-09-06 17:00:00,2010-09-07 06:00:00,14,0.6378,0.5822791
2010-09-06 17:00:00,2010-09-07 07:00:00,15,1.8521333,0.9032762
2010-09-06 17:00:00,2010-09-07 08:00:00,16,1.4305333,1.2714552
2010-09-06 17:00:00,2010-09-07 09:00:00,17,1.4320333,1.3441427
2010-09-06 17:00:00,2010-09-07 10:00:00,18,0.6150333,1.3657646
2010-09-06 17:00:00,2010-09-07 11:00:00,19,1.0950667,1.4218895
2010-09-06 17:00:00,2010-09-07 12:00:00,20,0.48646668,1.3907651
2010-09-06 17:00:00,2010-09-07 13:00:00,21,0.43636668,1.2911887
2010-09-06 17:00:00,2010-09-07 14:00:00,22,0.3362,1.1591816
2010-09-06 17:00:00,2010-09-07 15:00:00,23,0.33633333,1.0340564
2010-09-06 17:00:00,2010-09-07 16:00:00,24,0.9365,0.94069076
2010-09-07 17:00:00,2010-09-07 17:00:00,1,0.3335,1.0173541
2010-09-07 17:00:00,2010-09-07 18:00:00,2,1.0712667,1.1284099
2010-09-07 17:00:00,2010-09-07 19:00:00,3,2.7609334,1.1929886
2010-09-07 17:00:00,2010-09-07 20:00:00,4,2.1508334,1.4127902
2010-09-07 17:00:00,2010-09-07 21:00:00,5,2.2494333,1.4198318
2010-09-07 17:00:00,2010-09-07 22:00:00,6,2.4007666,1.114533
2010-09-07 17:00:00,2010-09-07 23:00:00,7,1.1041334,0.6379082
2010-09-07 17:00:00,2010-09-08 00:00:00,8,0.36596668,0.39070517
2010-09-07 17:00:00,2010-09-08 01:00:00,9,0.34976667,0.31549877
2010-09-07 17:00:00,2010-09-08 02:00:00,10,0.4579,0.28825086
2010-09-07 17:00:00,2010-09-08 03:00:00,11,0.30133334,0.26891488
2010-09-07 17:00:00,2010-09-08 04:00:00,12,0.346,0.2855758
2010-09-07 17:00:00,2010-09-08 05:00:00,13,0.32243332,0.35748744
2010-09-07 17:00:00,2010-09-08 06:00:00,14,0.7884333,0.60946965
2010-09-07 17:00:00,2010-09-08 07:00:00,15,1.9181,1.0227935
2010-09-07 17:00:00,2010-09-08 08:00:00,16,1.6187,1.272737
2010-09-07 17:00:00,2010-09-08 09:00:00,17,1.4468334,1.2219069
2010-09-07 17:00:00,2010-09-08 10:00:00,18,0.46386668,1.2810875
2010-09-07 17:00:00,2010-09-08 11:00:00,19,0.3372,1.3000264
2010-09-07 17:00:00,2010-09-08 12:00:00,20,0.6727667,1.2510219
2010-09-07 17:00:00,2010-09-08 13:00:00,21,0.45713332,1.1854627
2010-09-07 17:00:00,2010-09-08 14:00:00,22,0.5007,1.1867919
2010-09-07 17:00:00,2010-09-08 15:00:00,23,0.4572,1.1327497
2010-09-07 17:00:00,2010-09-08 16:00:00,24,0.56273335,1.0162903
2010-09-08 17:00:00,2010-09-08 17:00:00,1,0.9294,0.6606653
2010-09-08 17:00:00,2010-09-08 18:00:00,2,1.6340333,0.8697206
2010-09-08 17:00:00,2010-09-08 19:00:00,3,0.7245333,1.2324347
2010-09-08 17:00:00,2010-09-08 20:00:00,4,1.853,1.5977421
2010-09-08 17:00:00,2010-09-08 21:00:00,5,2.8006,1.6659725
2010-09-08 17:00:00,2010-09-08 22:00:00,6,1.4298333,1.3127081
2010-09-08 17:00:00,2010-09-08 23:00:00,7,0.9917333,0.6788243
2010-09-08 17:00:00,2010-09-09 00:00:00,8,0.90496665,0.41018748
2010-09-08 17:00:00,2010-09-09 01:00:00,9,0.47246668,0.2980482
2010-09-08 17:00:00,2010-09-09 02:00:00,10,0.32793334,0.2894525
2010-09-08 17:00:00,2010-09-09 03:00:00,11,0.2828,0.27693814
2010-09-08 17:00:00,2010-09-09 04:00:00,12,0.2496,0.2734192
2010-09-08 17:00:00,2010-09-09 05:00:00,13,0.7349333,0.38602483
2010-09-08 17:00:00,2010-09-09 06:00:00,14,0.8782667,0.7287464
2010-09-08 17:00:00,2010-09-09 07:00:00,15,1.9046,1.1813755
2010-09-08 17:00:00,2010-09-09 08:00:00,16,1.4102,1.4881659
2010-09-08 17:00:00,2010-09-09 09:00:00,17,0.9942667,1.3850296
2010-09-08 17:00:00,2010-09-09 10:00:00,18,0.42676666,1.2176431
2010-09-08 17:00:00,2010-09-09 11:00:00,19,0.84456664,1.0957304
2010-09-08 17:00:00,2010-09-09 12:00:00,20,0.82446665,0.9900714
2010-09-08 17:00:00,2010-09-09 13:00:00,21,0.958,0.87569153
2010-09-08 17:00:00,2010-09-09 14:00:00,22,0.42096666,0.8144083
2010-09-08 17:00:00,2010-09-09 15:00:00,23,0.77723336,0.71909106
2010-09-08 17:00:00,2010-09-09 16:00:00,24,0.30036667,0.62595636
2010-09-09 17:00:00,2010-09-09 17:00:00,1,0.71646667,0.48705563
2010-09-09 17:00:00,2010-09-09 18:00:00,2,0.47,0.8386943
2010-09-09 17:00:00,2010-09-09 19:00:00,3,1.5420667,1.1786742
2010-09-09 17:00:00,2010-09-09 20:00:00,4,2.6474333,1.7094576
2010-09-09 17:00:00,2010-09-09 21:00:00,5,1.2951666,1.807155
2010-09-09 17:00:00,2010-09-09 22:00:00,6,0.8265333,1.522887
2010-09-09 17:00:00,2010-09-09 23:00:00,7,0.43516666,0.9056783
2010-09-09 17:00:00,2010-09-10 00:00:00,8,0.3246,0.5194397
2010-09-09 17:00:00,2010-09-10 01:00:00,9,0.80626667,0.3403259
2010-09-09 17:00:00,2010-09-10 02:00:00,10,0.4391,0.28656244
2010-09-09 17:00:00,2010-09-10 03:00:00,11,0.33616668,0.2757358
2010-09-09 17:00:00,2010-09-10 04:00:00,12,0.27933332,0.3510399
2010-09-09 17:00:00,2010-09-10 05:00:00,13,0.26126668,0.47582313
2010-09-09 17:00:00,2010-09-10 06:00:00,14,0.91066664,0.7732806
2010-09-09 17:00:00,2010-09-10 07:00:00,15,1.698,1.3446878
2010-09-09 17:00:00,2010-09-10 08:00:00,16,0.31983334,1.5423775
2010-09-09 17:00:00,2010-09-10 09:00:00,17,0.307,1.3480766
2010-09-09 17:00:00,2010-09-10 10:00:00,18,0.34993333,1.2051955
2010-09-09 17:00:00,2010-09-10 11:00:00,19,0.46993333,1.1502297
2010-09-09 17:00:00,2010-09-10 12:00:00,20,0.23243333,1.0219778
2010-09-09 17:00:00,2010-09-10 13:00:00,21,0.37426665,0.8420812
2010-09-09 17:00:00,2010-09-10 14:00:00,22,0.42703333,0.6964498
2010-09-09 17:00:00,2010-09-10 15:00:00,23,0.3281,0.6682353
2010-09-09 17:00:00,2010-09-10 16:00:00,24,0.9026,0.57123196
2010-09-10 17:00:00,2010-09-10 17:00:00,1,1.0888,0.8180009
2010-09-10 17:00:00,2010-09-10 18:00:00,2,2.1483,0.9857497
2010-09-10 17:00:00,2010-09-10 19:00:00,3,1.8013,1.2257938
2010-09-10 17:00:00,2010-09-10 20:00:00,4,2.3795,1.6279482
2010-09-10 17:00:00,2010-09-10 21:00:00,5,2.0765,1.7798595
2010-09-10 17:00:00,2010-09-10 22:00:00,6,2.3522,1.3980193
2010-09-10 17:00:00,2010-09-10 23:00:00,7,1.522,0.7676336
2010-09-10 17:00:00,2010-09-11 00:00:00,8,1.0361333,0.5021125
2010-09-10 17:00:00,2010-09-11 01:00:00,9,0.461,0.39021975
2010-09-10 17:00:00,2010-09-11 02:00:00,10,0.345,0.3311423
2010-09-10 17:00:00,2010-09-11 03:00:00,11,0.27406666,0.31537807
2010-09-10 17:00:00,2010-09-11 04:00:00,12,0.3428,0.2907756
2010-09-10 17:00:00,2010-09-11 05:00:00,13,0.30256668,0.31533098
2010-09-10 17:00:00,2010-09-11 06:00:00,14,0.7187667,0.5197292
2010-09-10 17:00:00,2010-09-11 07:00:00,15,1.6514,0.94971824
2010-09-10 17:00:00,2010-09-11 08:00:00,16,1.4151,0.97521067
2010-09-10 17:00:00,2010-09-11 09:00:00,17,0.8931,0.89052683
2010-09-10 17:00:00,2010-09-11 10:00:00,18,1.3423,0.82882583
2010-09-10 17:00:00,2010-09-11 11:00:00,19,0.42766666,0.8964537
2010-09-10 17:00:00,2010-09-11 12:00:00,20,1.0580333,0.918564
2010-09-10 17:00:00,2010-09-11 13:00:00,21,1.7219,0.91971093
2010-09-10 17:00:00,2010-09-11 14:00:00,22,1.8109,0.9653635
2010-09-10 17:00:00,2010-09-11 15:00:00,23,0.9680667,1.0136288
2010-09-10 17:00:00,2010-09-11 16:00:00,24,0.45906666,0.97708523
2010-09-11 17:00:00,2010-09-11 17:00:00,1,1.2209333,0.9891535
2010-09-11 17:00:00,2010-09-11 18:00:00,2,0.73183334,1.3417552
2010-09-11 17:00:00,2010-09-11 19:00:00,3,0.38176668,1.687252
2010-09-11 17:00:00,2010-09-11 20:00:00,4,1.0723,1.9369886
2010-09-11 17:00:00,2010-09-11 21:00:00,5,1.8524,2.0318315
2010-09-11 17:00:00,2010-09-11 22:00:00,6,1.9503334,1.7428694
2010-09-11 17:00:00,2010-09-11 23:00:00,7,1.9510666,1.0402734
2010-09-11 17:00:00,2010-09-12 00:00:00,8,1.9163,0.6390396
2010-09-11 17:00:00,2010-09-12 01:00:00,9,1.7626333,0.44423652
2010-09-11 17:00:00,2010-09-12 02:00:00,10,2.2741,0.3523785
2010-09-11 17:00:00,2010-09-12 03:00:00,11,2.2359667,0.29660285
2010-09-11 17:00:00,2010-09-12 04:00:00,12,1.4288334,0.275384
2010-09-11 17:00:00,2010-09-12 05:00:00,13,0.2998,0.35468745
2010-09-11 17:00:00,2010-09-12 06:00:00,14,0.2696,0.56962013
2010-09-11 17:00:00,2010-09-12 07:00:00,15,0.3461,0.94563264
2010-09-11 17:00:00,2010-09-12 08:00:00,16,0.3628,1.0962586
2010-09-11 17:00:00,2010-09-12 09:00:00,17,0.4345,1.0696943
2010-09-11 17:00:00,2010-09-12 10:00:00,18,0.26186666,1.0724076
2010-09-11 17:00:00,2010-09-12 11:00:00,19,0.8206,1.0408992
2010-09-11 17:00:00,2010-09-12 12:00:00,20,1.1534333,1.0569556
2010-09-11 17:00:00,2010-09-12 13:00:00,21,2.1095333,1.0290949
2010-09-11 17:00:00,2010-09-12 14:00:00,22,1.6432,1.004619
2010-09-11 17:00:00,2010-09-12 15:00:00,23,1.5487334,1.0242268
2010-09-11 17:00:00,2010-09-12 16:00:00,24,1.0166,0.9731478
2010-09-12 17:00:00,2010-09-12 17:00:00,1,0.4826,0.9767285
2010-09-12 17:00:00,2010-09-12 18:00:00,2,0.42516667,0.99059075
2010-09-12 17:00:00,2010-09-12 19:00:00,3,0.30766666,1.1785508
2010-09-12 17:00:00,2010-09-12 20:00:00,4,1.3974,1.4091301
2010-09-12 17:00:00,2010-09-12 21:00:00,5,1.5438334,1.5305316
2010-09-12 17:00:00,2010-09-12 22:00:00,6,1.5374334,1.3611155
2010-09-12 17:00:00,2010-09-12 23:00:00,7,1.2895,0.9708821
2010-09-12 17:00:00,2010-09-13 00:00:00,8,0.77213335,0.753505
2010-09-12 17:00:00,2010-09-13 01:00:00,9,0.3366,0.5979849
2010-09-12 17:00:00,2010-09-13 02:00:00,10,0.9683333,0.514573
2010-09-12 17:00:00,2010-09-13 03:00:00,11,0.31066668,0.45131534
2010-09-12 17:00:00,2010-09-13 04:00:00,12,0.2142,0.375933
2010-09-12 17:00:00,2010-09-13 05:00:00,13,0.2632,0.36827362
2010-09-12 17:00:00,2010-09-13 06:00:00,14,0.6192333,0.7092967
2010-09-12 17:00:00,2010-09-13 07:00:00,15,1.9085667,1.384628
2010-09-12 17:00:00,2010-09-13 08:00:00,16,1.4395666,1.159471
2010-09-12 17:00:00,2010-09-13 09:00:00,17,0.5902333,0.9586369
2010-09-12 17:00:00,2010-09-13 10:00:00,18,0.35976666,0.63242674
2010-09-12 17:00:00,2010-09-13 11:00:00,19,0.33756667,0.6704751
2010-09-12 17:00:00,2010-09-13 12:00:00,20,0.26786667,0.7774858
2010-09-12 17:00:00,2010-09-13 13:00:00,21,1.2969,0.8395196
2010-09-12 17:00:00,2010-09-13 14:00:00,22,0.34996668,0.749871
2010-09-12 17:00:00,2010-09-13 15:00:00,23,0.2418,0.7874142
2010-09-12 17:00:00,2010-09-13 16:00:00,24,0.34806666,0.87388396
2010-09-13 17:00:00,2010-09-13 17:00:00,1,0.3459,0.53324974
2010-09-13 17:00:00,2010-09-13 18:00:00,2,0.71026665,0.9492398
2010-09-13 17:00:00,2010-09-13 19:00:00,3,1.2278334,1.2309148
2010-09-13 17:00:00,2010-09-13 20:00:00,4,1.4991,1.5706778
2010-09-13 17:00:00,2010-09-13 21:00:00,5,1.7951,1.6790597
2010-09-13 17:00:00,2010-09-13 22:00:00,6,1.4222333,1.4088664
2010-09-13 17:00:00,2010-09-13 23:00:00,7,0.31356665,0.86491114
2010-09-13 17:00:00,2010-09-14 00:00:00,8,0.33683333,0.58434296
2010-09-13 17:00:00,2010-09-14 01:00:00,9,0.3358,0.4221995
2010-09-13 17:00:00,2010-09-14 02:00:00,10,0.3402,0.36303985
2010-09-13 17:00:00,2010-09-14 03:00:00,11,0.27923334,0.31346035
2010-09-13 17:00:00,2010-09-14 04:00:00,12,0.25666666,0.25934088
2010-09-13 17:00:00,2010-09-14 05:00:00,13,0.2604,0.29262918
2010-09-13 17:00:00,2010-09-14 06:00:00,14,0.6287,0.60717916
2010-09-13 17:00:00,2010-09-14 07:00:00,15,1.7493334,1.4519587
2010-09-13 17:00:00,2010-09-14 08:00:00,16,1.4405,1.099128
2010-09-13 17:00:00,2010-09-14 09:00:00,17,2.1934333,0.76694345
2010-09-13 17:00:00,2010-09-14 10:00:00,18,0.9704667,0.45127568
2010-09-13 17:00:00,2010-09-14 11:00:00,19,1.7899,0.43886548
2010-09-13 17:00:00,2010-09-14 12:00:00,20,0.5667667,0.44149745
2010-09-13 17:00:00,2010-09-14 13:00:00,21,0.50916666,0.5180346
2010-09-13 17:00:00,2010-09-14 14:00:00,22,0.94516665,0.4712015
2010-09-13 17:00:00,2010-09-14 15:00:00,23,0.32896668,0.4641861
2010-09-13 17:00:00,2010-09-14 16:00:00,24,0.38696668,0.5018413
2010-09-14 17:00:00,2010-09-14 17:00:00,1,0.5251667,0.51116705
2010-09-14 17:00:00,2010-09-14 18:00:00,2,1.5987,0.90406907
2010-09-14 17:00:00,2010-09-14 19:00:00,3,1.9842334,1.4106393
2010-09-14 17:00:00,2010-09-14 20:00:00,4,2.0944333,1.8343246
2010-09-14 17:00:00,2010-09-14 21:00:00,5,2.1402667,1.9376099
2010-09-14 17:00:00,2010-09-14 22:00:00,6,1.3248333,1.626137
2010-09-14 17:00:00,2010-09-14 23:00:00,7,0.8585,0.89424
2010-09-14 17:00:00,2010-09-15 00:00:00,8,0.3932,0.5625498
2010-09-14 17:00:00,2010-09-15 01:00:00,9,0.40836668,0.4124962
2010-09-14 17:00:00,2010-09-15 02:00:00,10,0.38073334,0.33924198
2010-09-14 17:00:00,2010-09-15 03:00:00,11,0.351,0.2908525
2010-09-14 17:00:00,2010-09-15 04:00:00,12,0.23933333,0.26793414
2010-09-14 17:00:00,2010-09-15 05:00:00,13,0.305,0.32470715
2010-09-14 17:00:00,2010-09-15 06:00:00,14,0.81226665,0.8133898
2010-09-14 17:00:00,2010-09-15 07:00:00,15,2.0184,1.6766318
2010-09-14 17:00:00,2010-09-15 08:00:00,16,1.5053667,1.3325673
2010-09-14 17:00:00,2010-09-15 09:00:00,17,1.1082333,0.99296236
2010-09-14 17:00:00,2010-09-15 10:00:00,18,0.31056666,0.7074264
2010-09-14 17:00:00,2010-09-15 11:00:00,19,0.22896667,0.5718919
2010-09-14 17:00:00,2010-09-15 12:00:00,20,0.37286666,0.49643582
2010-09-14 17:00:00,2010-09-15 13:00:00,21,0.27376667,0.57647896
2010-09-14 17:00:00,2010-09-15 14:00:00,22,0.34433332,0.49040395
2010-09-14 17:00:00,2010-09-15 15:00:00,23,0.35886666,0.4323091
2010-09-14 17:00:00,2010-09-15 16:00:00,24,0.40313333,0.4786076
2010-09-15 17:00:00,2010-09-15 17:00:00,1,0.3624,0.49660128
2010-09-15 17:00:00,2010-09-15 18:00:00,2,0.98303336,1.0432924
2010-09-15 17:00:00,2010-09-15 19:00:00,3,0.20803334,1.475877
2010-09-15 17:00:00,2010-09-15 20:00:00,4,0.7553,1.8415427
2010-09-15 17:00:00,2010-09-15 21:00:00,5,1.5866667,1.7862121
2010-09-15 17:00:00,2010-09-15 22:00:00,6,1.7083666,1.5253646
2010-09-15 17:00:00,2010-09-15 23:00:00,7,1.0167,0.7745502
2010-09-15 17:00:00,2010-09-16 00:00:00,8,0.41856667,0.51964056
2010-09-15 17:00:00,2010-09-16 01:00:00,9,0.31413335,0.34166038
2010-09-15 17:00:00,2010-09-16 02:00:00,10,0.26486668,0.3226176
2010-09-15 17:00:00,2010-09-16 03:00:00,11,0.9835,0.3167513
2010-09-15 17:00:00,2010-09-16 04:00:00,12,0.2645,0.30693978
2010-09-15 17:00:00,2010-09-16 05:00:00,13,0.3104,0.33255172
2010-09-15 17:00:00,2010-09-16 06:00:00,14,0.63156664,0.7057867
2010-09-15 17:00:00,2010-09-16 07:00:00,15,1.9140667,1.6110404
2010-09-15 17:00:00,2010-09-16 08:00:00,16,1.4490334,1.2973828
2010-09-15 17:00:00,2010-09-16 09:00:00,17,0.55146664,0.8514346
2010-09-15 17:00:00,2010-09-16 10:00:00,18,0.5208333,0.6139561
2010-09-15 17:00:00,2010-09-16 11:00:00,19,1.34,0.4983491
2010-09-15 17:00:00,2010-09-16 12:00:00,20,1.4146667,0.47546571
2010-09-15 17:00:00,2010-09-16 13:00:00,21,1.4808333,0.5890052
2010-09-15 17:00:00,2010-09-16 14:00:00,22,0.5958667,0.5123364
2010-09-15 17:00:00,2010-09-16 15:00:00,23,0.27526668,0.44730955
2010-09-15 17:00:00,2010-09-16 16:00:00,24,0.2105,0.4178089
2010-09-16 17:00:00,2010-09-16 17:00:00,1,0.26183334,0.31392574
2010-09-16 17:00:00,2010-09-16 18:00:00,2,0.79153335,0.80752295
2010-09-16 17:00:00,2010-09-16 19:00:00,3,1.3970333,0.99929494
2010-09-16 17:00:00,2010-09-16 20:00:00,4,2.9843,1.3242527
2010-09-16 17:00:00,2010-09-16 21:00:00,5,1.7319334,1.4711714
2010-09-16 17:00:00,2010-09-16 22:00:00,6,1.4389,1.3950197
2010-09-16 17:00:00,2010-09-16 23:00:00,7,0.7833667,0.95562345
2010-09-16 17:00:00,2010-09-17 00:00:00,8,0.47656667,0.63437736
2010-09-16 17:00:00,2010-09-17 01:00:00,9,0.2953,0.46912086
2010-09-16 17:00:00,2010-09-17 02:00:00,10,0.5791,0.42576003
2010-09-16 17:00:00,2010-09-17 03:00:00,11,0.6627333,0.3951807
2010-09-16 17:00:00,2010-09-17 04:00:00,12,0.1995,0.36707056
2010-09-16 17:00:00,2010-09-17 05:00:00,13,0.26236665,0.3489133
2010-09-16 17:00:00,2010-09-17 06:00:00,14,0.63243335,0.5263193
2010-09-16 17:00:00,2010-09-17 07:00:00,15,1.9198,1.0013103
2010-09-16 17:00:00,2010-09-17 08:00:00,16,1.3942667,0.9231603
2010-09-16 17:00:00,2010-09-17 09:00:00,17,0.8596,0.7826069
2010-09-16 17:00:00,2010-09-17 10:00:00,18,0.1999,0.67281216
2010-09-16 17:00:00,2010-09-17 11:00:00,19,0.28723332,0.6379616
2010-09-16 17:00:00,2010-09-17 12:00:00,20,0.5261667,0.61140186
2010-09-16 17:00:00,2010-09-17 13:00:00,21,0.3563,0.61870384
2010-09-16 17:00:00,2010-09-17 14:00:00,22,0.7945667,0.5876939
2010-09-16 17:00:00,2010-09-17 15:00:00,23,1.6732334,0.5136863
2010-09-16 17:00:00,2010-09-17 16:00:00,24,2.9641666,0.5702324
2010-09-17 17:00:00,2010-09-17 17:00:00,1,1.5464667,1.8393517
2010-09-17 17:00:00,2010-09-17 18:00:00,2,1.9456333,1.6137135
2010-09-17 17:00:00,2010-09-17 19:00:00,3,2.9272,1.46011
2010-09-17 17:00:00,2010-09-17 20:00:00,4,2.8731334,1.7371523
2010-09-17 17:00:00,2010-09-17 21:00:00,5,0.57383335,1.8215137
2010-09-17 17:00:00,2010-09-17 22:00:00,6,0.5266333,1.6513143
2010-09-17 17:00:00,2010-09-17 23:00:00,7,0.484,1.2010666
2010-09-17 17:00:00,2010-09-18 00:00:00,8,0.29143333,0.78375405
2010-09-17 17:00:00,2010-09-18 01:00:00,9,0.26736668,0.5586002
2010-09-17 17:00:00,2010-09-18 02:00:00,10,0.82516664,0.5093323
2010-09-17 17:00:00,2010-09-18 03:00:00,11,0.35503334,0.42128593
2010-09-17 17:00:00,2010-09-18 04:00:00,12,0.331,0.29197347
2010-09-17 17:00:00,2010-09-18 05:00:00,13,0.20823333,0.31805265
2010-09-17 17:00:00,2010-09-18 06:00:00,14,0.61086667,0.5533758
2010-09-17 17:00:00,2010-09-18 07:00:00,15,1.804,1.1653819
2010-09-17 17:00:00,2010-09-18 08:00:00,16,1.3786,1.1238127
2010-09-17 17:00:00,2010-09-18 09:00:00,17,0.8287,0.8856235
2010-09-17 17:00:00,2010-09-18 10:00:00,18,0.51663333,0.7815765
2010-09-17 17:00:00,2010-09-18 11:00:00,19,0.36486667,0.7554264
2010-09-17 17:00:00,2010-09-18 12:00:00,20,0.3004,0.9176182
2010-09-17 17:00:00,2010-09-18 13:00:00,21,0.83463335,1.0744647
2010-09-17 17:00:00,2010-09-18 14:00:00,22,1.0549333,1.0792933
2010-09-17 17:00:00,2010-09-18 15:00:00,23,0.8408667,0.9939226
2010-09-17 17:00:00,2010-09-18 16:00:00,24,0.9072667,0.9497252
2010-09-18 17:00:00,2010-09-18 17:00:00,1,1.3213667,0.89766985
2010-09-18 17:00:00,2010-09-18 18:00:00,2,0.7356333,1.10853
2010-09-18 17:00:00,2010-09-18 19:00:00,3,1.5119,1.2522802
2010-09-18 17:00:00,2010-09-18 20:00:00,4,1.7384666,1.3533581
2010-09-18 17:00:00,2010-09-18 21:00:00,5,1.5982333,1.2663178
2010-09-18 17:00:00,2010-09-18 22:00:00,6,1.6708,1.0876801
2010-09-18 17:00:00,2010-09-18 23:00:00,7,0.5027,0.8777979
2010-09-18 17:00:00,2010-09-19 00:00:00,8,0.3826,0.7636216
2010-09-18 17:00:00,2010-09-19 01:00:00,9,0.40396667,0.7314286
2010-09-18 17:00:00,2010-09-19 02:00:00,10,0.414,0.77103615
2010-09-18 17:00:00,2010-09-19 03:00:00,11,0.4857,0.68994546
2010-09-18 17:00:00,2010-09-19 04:00:00,12,0.28163335,0.5656171
2010-09-18 17:00:00,2010-09-19 05:00:00,13,0.1971,0.53956604
2010-09-18 17:00:00,2010-09-19 06:00:00,14,0.23706667,0.60210705
2010-09-18 17:00:00,2010-09-19 07:00:00,15,0.5294333,0.8363003
2010-09-18 17:00:00,2010-09-19 08:00:00,16,0.94783336,0.87743294
2010-09-18 17:00:00,2010-09-19 09:00:00,17,0.81906664,0.74676603
2010-09-18 17:00:00,2010-09-19 10:00:00,18,0.56983334,0.6010159
2010-09-18 17:00:00,2010-09-19 11:00:00,19,0.2659,0.59032166
2010-09-18 17:00:00,2010-09-19 12:00:00,20,0.21293333,0.6390985
2010-09-18 17:00:00,2010-09-19 13:00:00,21,0.48093334,0.6997685
2010-09-18 17:00:00,2010-09-19 14:00:00,22,0.31873333,0.7083373
2010-09-18 17:00:00,2010-09-19 15:00:00,23,0.2951,0.70082605
2010-09-18 17:00:00,2010-09-19 16:00:00,24,0.2528,0.63286823
2010-09-19 17:00:00,2010-09-19 17:00:00,1,0.3328,0.33417368
2010-09-19 17:00:00,2010-09-19 18:00:00,2,1.6387334,0.68894494
2010-09-19 17:00:00,2010-09-19 19:00:00,3,1.0944667,1.013008
2010-09-19 17:00:00,2010-09-19 20:00:00,4,2.3435667,1.3675723
2010-09-19 17:00:00,2010-09-19 21:00:00,5,1.8975667,1.3844643
2010-09-19 17:00:00,2010-09-19 22:00:00,6,0.71723336,1.2071404
2010-09-19 17:00:00,2010-09-19 23:00:00,7,0.20766667,0.62884885
2010-09-19 17:00:00,2010-09-20 00:00:00,8,0.35776666,0.38897663
2010-09-19 17:00:00,2010-09-20 01:00:00,9,0.33073333,0.29701912
2010-09-19 17:00:00,2010-09-20 02:00:00,10,0.85046667,0.3251145
2010-09-19 17:00:00,2010-09-20 03:00:00,11,0.27186668,0.31826144
2010-09-19 17:00:00,2010-09-20 04:00:00,12,0.1951,0.29288518
2010-09-19 17:00:00,2010-09-20 05:00:00,13,0.27953333,0.26540852
2010-09-19 17:00:00,2010-09-20 06:00:00,14,0.6302,0.5041834
2010-09-19 17:00:00,2010-09-20 07:00:00,15,2.1169667,1.2530138
2010-09-19 17:00:00,2010-09-20 08:00:00,16,1.4034333,1.2713464
2010-09-19 17:00:00,2010-09-20 09:00:00,17,1.3784667,0.8801576
2010-09-19 17:00:00,2010-09-20 10:00:00,18,1.4202666,0.5142866
2010-09-19 17:00:00,2010-09-20 11:00:00,19,0.8689,0.38142258
2010-09-19 17:00:00,2010-09-20 12:00:00,20,2.1722667,0.3440281
2010-09-19 17:00:00,2010-09-20 13:00:00,21,1.1652666,0.45540854
2010-09-19 17:00:00,2010-09-20 14:00:00,22,0.9749333,0.43449697
2010-09-19 17:00:00,2010-09-20 15:00:00,23,1.3373333,0.32347053
2010-09-19 17:00:00,2010-09-20 16:00:00,24,1.3559,0.313253
2010-09-20 17:00:00,2010-09-20 17:00:00,1,1.4825333,1.0736907
2010-09-20 17:00:00,2010-09-20 18:00:00,2,1.1808667,1.3496196
2010-09-20 17:00:00,2010-09-20 19:00:00,3,1.3009,1.7199454
2010-09-20 17:00:00,2010-09-20 20:00:00,4,2.0630667,1.8345593
2010-09-20 17:00:00,2010-09-20 21:00:00,5,2.5983667,1.7142076
2010-09-20 17:00:00,2010-09-20 22:00:00,6,1.6893667,1.19054
2010-09-20 17:00:00,2010-09-20 23:00:00,7,0.6227,0.6987016
2010-09-20 17:00:00,2010-09-21 00:00:00,8,0.47203332,0.42150924
2010-09-20 17:00:00,2010-09-21 01:00:00,9,0.30283332,0.3273986
2010-09-20 17:00:00,2010-09-21 02:00:00,10,0.20446667,0.3422361
2010-09-20 17:00:00,2010-09-21 03:00:00,11,0.2689,0.3089698
2010-09-20 17:00:00,2010-09-21 04:00:00,12,0.2723,0.2521305
2010-09-20 17:00:00,2010-09-21 05:00:00,13,0.9105,0.29109824
2010-09-20 17:00:00,2010-09-21 06:00:00,14,0.61516666,0.62991095
2010-09-20 17:00:00,2010-09-21 07:00:00,15,1.8787333,1.3959818
2010-09-20 17:00:00,2010-09-21 08:00:00,16,1.3339666,1.3791775
2010-09-20 17:00:00,2010-09-21 09:00:00,17,1.3714666,1.2050138
2010-09-20 17:00:00,2010-09-21 10:00:00,18,1.0264,0.8847924
2010-09-20 17:00:00,2010-09-21 11:00:00,19,0.7342333,0.72643
2010-09-20 17:00:00,2010-09-21 12:00:00,20,0.83236665,0.6512653
2010-09-20 17:00:00,2010-09-21 13:00:00,21,0.59286666,0.6666074
2010-09-20 17:00:00,2010-09-21 14:00:00,22,0.30463332,0.72153914
2010-09-20 17:00:00,2010-09-21 15:00:00,23,0.42093334,0.7045851
2010-09-20 17:00:00,2010-09-21 16:00:00,24,0.41113332,0.7407852
2010-09-21 17:00:00,2010-09-21 17:00:00,1,0.24773334,0.42826828
2010-09-21 17:00:00,2010-09-21 18:00:00,2,0.31063333,1.0400426
2010-09-21 17:00:00,2010-09-21 19:00:00,3,0.5627667,1.3772831
2010-09-21 17:00:00,2010-09-21 20:00:00,4,2.0710332,1.8422832
2010-09-21 17:00:00,2010-09-21 21:00:00,5,2.0067666,1.7505488
2010-09-21 17:00:00,2010-09-21 22:00:00,6,1.0306667,1.1936095
2010-09-21 17:00:00,2010-09-21 23:00:00,7,0.3404,0.52869
2010-09-21 17:00:00,2010-09-22 00:00:00,8,0.28543332,0.34552467
2010-09-21 17:00:00,2010-09-22 01:00:00,9,0.30536667,0.2891273
2010-09-21 17:00:00,2010-09-22 02:00:00,10,0.32706666,0.35288692
2010-09-21 17:00:00,2010-09-22 03:00:00,11,0.26043335,0.28735983
2010-09-21 17:00:00,2010-09-22 04:00:00,12,0.7687,0.29979783
2010-09-21 17:00:00,2010-09-22 05:00:00,13,0.39396667,0.30850703
2010-09-21 17:00:00,2010-09-22 06:00:00,14,0.5784,0.6854202
2010-09-21 17:00:00,2010-09-22 07:00:00,15,2.0355334,1.6739752
2010-09-21 17:00:00,2010-09-22 08:00:00,16,1.8892,1.4698944
2010-09-21 17:00:00,2010-09-22 09:00:00,17,1.8499334,0.98393
2010-09-21 17:00:00,2010-09-22 10:00:00,18,1.5564,0.5889168
2010-09-21 17:00:00,2010-09-22 11:00:00,19,0.39383334,0.46832266
2010-09-21 17:00:00,2010-09-22 12:00:00,20,0.72726667,0.4615014
2010-09-21 17:00:00,2010-09-22 13:00:00,21,1.4374666,0.4468131
2010-09-21 17:00:00,2010-09-22 14:00:00,22,0.30463332,0.4666747
2010-09-21 17:00:00,2010-09-22 15:00:00,23,0.9953,0.524391
2010-09-21 17:00:00,2010-09-22 16:00:00,24,1.3890333,0.6399356
2010-09-22 17:00:00,2010-09-22 17:00:00,1,1.4524333,0.88465416
2010-09-22 17:00:00,2010-09-22 18:00:00,2,1.643,1.0486706
2010-09-22 17:00:00,2010-09-22 19:00:00,3,1.6807,1.4638913
2010-09-22 17:00:00,2010-09-22 20:00:00,4,2.1387,1.8904335
2010-09-22 17:00:00,2010-09-22 21:00:00,5,1.5795667,1.7851542
2010-09-22 17:00:00,2010-09-22 22:00:00,6,0.8024,1.3119905
2010-09-22 17:00:00,2010-09-22 23:00:00,7,0.37846667,0.65076137
2010-09-22 17:00:00,2010-09-23 00:00:00,8,0.33206666,0.42177767
2010-09-22 17:00:00,2010-09-23 01:00:00,9,0.4959,0.30598772
2010-09-22 17:00:00,2010-09-23 02:00:00,10,0.7034,0.29562044
2010-09-22 17:00:00,2010-09-23 03:00:00,11,0.29883334,0.30084318
2010-09-22 17:00:00,2010-09-23 04:00:00,12,0.20333333,0.3225808
2010-09-22 17:00:00,2010-09-23 05:00:00,13,0.2656,0.37562478
2010-09-22 17:00:00,2010-09-23 06:00:00,14,0.7313667,0.6838192
2010-09-22 17:00:00,2010-09-23 07:00:00,15,2.5547,1.5173466
2010-09-22 17:00:00,2010-09-23 08:00:00,16,1.9102334,1.5160496
2010-09-22 17:00:00,2010-09-23 09:00:00,17,1.4231666,1.1601915
2010-09-22 17:00:00,2010-09-23 10:00:00,18,1.8184667,0.95401734
2010-09-22 17:00:00,2010-09-23 11:00:00,19,0.8200667,0.7558557
2010-09-22 17:00:00,2010-09-23 12:00:00,20,1.5701,0.7647538
2010-09-22 17:00:00,2010-09-23 13:00:00,21,1.4991,0.76456153
2010-09-22 17:00:00,2010-09-23 14:00:00,22,1.4011667,0.69436854
2010-09-22 17:00:00,2010-09-23 15:00:00,23,0.6156667,0.74503434
2010-09-22 17:00:00,2010-09-23 16:00:00,24,0.3339,0.7789267
2010-09-23 17:00:00,2010-09-23 17:00:00,1,0.36843333,0.74391305
2010-09-23 17:00:00,2010-09-23 18:00:00,2,0.6257333,1.0391388
2010-09-23 17:00:00,2010-09-23 19:00:00,3,1.2010334,1.4811549
2010-09-23 17:00:00,2010-09-23 20:00:00,4,0.96793336,1.8144176
2010-09-23 17:00:00,2010-09-23 21:00:00,5,2.0422332,1.6370575
2010-09-23 17:00:00,2010-09-23 22:00:00,6,1.0331,1.06769
2010-09-23 17:00:00,2010-09-23 23:00:00,7,0.94883335,0.50318545
2010-09-23 17:00:00,2010-09-24 00:00:00,8,0.49993333,0.36024642
2010-09-23 17:00:00,2010-09-24 01:00:00,9,0.3203,0.35992706
2010-09-23 17:00:00,2010-09-24 02:00:00,10,0.31416667,0.3599311
2010-09-23 17:00:00,2010-09-24 03:00:00,11,0.26683334,0.3251772
2010-09-23 17:00:00,2010-09-24 04:00:00,12,0.2029,0.3379081
2010-09-23 17:00:00,2010-09-24 05:00:00,13,0.7952667,0.37350947
2010-09-23 17:00:00,2010-09-24 06:00:00,14,0.78276664,0.6163434
2010-09-23 17:00:00,2010-09-24 07:00:00,15,2.1366668,1.581765
2010-09-23 17:00:00,2010-09-24 08:00:00,16,1.4683334,1.5315833
2010-09-23 17:00:00,2010-09-24 09:00:00,17,1.3575333,1.2611963
2010-09-23 17:00:00,2010-09-24 10:00:00,18,1.2882,0.93631446
2010-09-23 17:00:00,2010-09-24 11:00:00,19,0.39576668,0.6429967
2010-09-23 17:00:00,2010-09-24 12:00:00,20,0.5886667,0.71214443
2010-09-23 17:00:00,2010-09-24 13:00:00,21,0.8107,0.8145079
2010-09-23 17:00:00,2010-09-24 14:00:00,22,0.9828333,0.86257976
2010-09-23 17:00:00,2010-09-24 15:00:00,23,0.26486668,1.0082811
2010-09-23 17:00:00,2010-09-24 16:00:00,24,0.6632,1.1293395
2010-10-06 17:00:00,2010-10-06 17:00:00,1,0.6263,0.82679605
2010-10-06 17:00:00,2010-10-06 18:00:00,2,0.84646666,1.0229211
2010-10-06 17:00:00,2010-10-06 19:00:00,3,0.5906,1.4396795
2010-10-06 17:00:00,2010-10-06 20:00:00,4,0.3264,1.8330634
2010-10-06 17:00:00,2010-10-06 21:00:00,5,0.6318333,1.7021811
2010-10-06 17:00:00,2010-10-06 22:00:00,6,2.0092,1.1059542
2010-10-06 17:00:00,2010-10-06 23:00:00,7,1.2147334,0.8148056
2010-10-06 17:00:00,2010-10-07 00:00:00,8,1.0243666,0.652943
2010-10-06 17:00:00,2010-10-07 01:00:00,9,0.38563332,0.5087831
2010-10-06 17:00:00,2010-10-07 02:00:00,10,0.38966668,0.4651274
2010-10-06 17:00:00,2010-10-07 03:00:00,11,0.35553333,0.4229194
2010-10-06 17:00:00,2010-10-07 04:00:00,12,0.3215,0.42209697
2010-10-06 17:00:00,2010-10-07 05:00:00,13,0.4098,0.45512766
2010-10-06 17:00:00,2010-10-07 06:00:00,14,1.0831667,0.74268633
2010-10-06 17:00:00,2010-10-07 07:00:00,15,1.9995333,1.5872219
2010-10-06 17:00:00,2010-10-07 08:00:00,16,1.6685333,1.5869765
2010-10-06 17:00:00,2010-10-07 09:00:00,17,1.3728334,1.4271251
2010-10-06 17:00:00,2010-10-07 10:00:00,18,0.30743334,1.3205073
2010-10-06 17:00:00,2010-10-07 11:00:00,19,2.0634665,1.2484492
2010-10-06 17:00:00,2010-10-07 12:00:00,20,2.7403333,1.1121055
2010-10-06 17:00:00,2010-10-07 13:00:00,21,1.7775,0.9235833
2010-10-06 17:00:00,2010-10-07 14:00:00,22,1.4842334,0.92217505
2010-10-06 17:00:00,2010-10-07 15:00:00,23,1.5586,0.8888453
2010-10-06 17:00:00,2010-10-07 16:00:00,24,0.8323333,0.83163065
2010-10-07 17:00:00,2010-10-07 17:00:00,1,0.3585,0.7090273
2010-10-07 17:00:00,2010-10-07 18:00:00,2,1.3071,0.8224803
2010-10-07 17:00:00,2010-10-07 19:00:00,3,1.5182333,1.0688871
2010-10-07 17:00:00,2010-10-07 20:00:00,4,2.6653333,1.3343165
2010-10-07 17:00:00,2010-10-07 21:00:00,5,2.6905668,1.2085725
2010-10-07 17:00:00,2010-10-07 22:00:00,6,1.0739334,0.95161355
2010-10-07 17:00:00,2010-10-07 23:00:00,7,0.77776664,0.78672564
2010-10-07 17:00:00,2010-10-08 00:00:00,8,0.6089333,0.629669
2010-10-07 17:00:00,2010-10-08 01:00:00,9,0.37006667,0.51779175
2010-10-07 17:00:00,2010-10-08 02:00:00,10,0.3442,0.4864474
2010-10-07 17:00:00,2010-10-08 03:00:00,11,0.39343333,0.47459084
2010-10-07 17:00:00,2010-10-08 04:00:00,12,0.36926666,0.45566487
2010-10-07 17:00:00,2010-10-08 05:00:00,13,0.91033334,0.48795336
2010-10-07 17:00:00,2010-10-08 06:00:00,14,1.2194333,0.7306963
2010-10-07 17:00:00,2010-10-08 07:00:00,15,2.5051334,1.5681057
2010-10-07 17:00:00,2010-10-08 08:00:00,16,1.4521667,1.4656882
2010-10-07 17:00:00,2010-10-08 09:00:00,17,1.4495333,1.2617143
2010-10-07 17:00:00,2010-10-08 10:00:00,18,1.1779,1.1640912
2010-10-07 17:00:00,2010-10-08 11:00:00,19,0.83956665,1.2820625
2010-10-07 17:00:00,2010-10-08 12:00:00,20,1.4639,1.2956098
2010-10-07 17:00:00,2010-10-08 13:00:00,21,0.81233335,1.1862038
2010-10-07 17:00:00,2010-10-08 14:00:00,22,0.5837333,1.2069572
2010-10-07 17:00:00,2010-10-08 15:00:00,23,0.538,1.1434138
2010-10-07 17:00:00,2010-10-08 16:00:00,24,0.4584,0.9608158
2010-10-08 17:00:00,2010-10-08 17:00:00,1,1.0036,0.4805413
2010-10-08 17:00:00,2010-10-08 18:00:00,2,1.0515333,0.73390377
2010-10-08 17:00:00,2010-10-08 19:00:00,3,1.6870667,1.3088284
2010-10-08 17:00:00,2010-10-08 20:00:00,4,2.4364333,1.8328861
2010-10-08 17:00:00,2010-10-08 21:00:00,5,2.3099334,1.7555704
2010-10-08 17:00:00,2010-10-08 22:00:00,6,0.6566333,1.201677
2010-10-08 17:00:00,2010-10-08 23:00:00,7,0.5327333,0.86998814
2010-10-08 17:00:00,2010-10-09 00:00:00,8,0.52063334,0.65945894
2010-10-08 17:00:00,2010-10-09 01:00:00,9,0.462,0.478051
2010-10-08 17:00:00,2010-10-09 02:00:00,10,0.44806665,0.48188478
2010-10-08 17:00:00,2010-10-09 03:00:00,11,0.4321,0.4303363
2010-10-08 17:00:00,2010-10-09 04:00:00,12,0.37166667,0.4400512
2010-10-08 17:00:00,2010-10-09 05:00:00,13,0.43496665,0.4984284
2010-10-08 17:00:00,2010-10-09 06:00:00,14,0.9831333,0.7681706
2010-10-08 17:00:00,2010-10-09 07:00:00,15,2.2699666,1.6540635
2010-10-08 17:00:00,2010-10-09 08:00:00,16,1.6211667,1.7135652
2010-10-08 17:00:00,2010-10-09 09:00:00,17,1.1513667,1.4519222
2010-10-08 17:00:00,2010-10-09 10:00:00,18,0.43253332,1.2600139
2010-10-08 17:00:00,2010-10-09 11:00:00,19,0.64966667,1.1734306
2010-10-08 17:00:00,2010-10-09 12:00:00,20,0.457,1.1760373
2010-10-08 17:00:00,2010-10-09 13:00:00,21,1.6798333,1.049613
2010-10-08 17:00:00,2010-10-09 14:00:00,22,1.0910333,1.1081703
2010-10-08 17:00:00,2010-10-09 15:00:00,23,1.7415667,1.0986215
2010-10-08 17:00:00,2010-10-09 16:00:00,24,2.0009,0.88885033
2010-10-09 17:00:00,2010-10-09 17:00:00,1,1.1672666,1.2938684
2010-10-09 17:00:00,2010-10-09 18:00:00,2,1.4580667,1.3765383
2010-10-09 17:00:00,2010-10-09 19:00:00,3,1.998,1.7422823
2010-10-09 17:00:00,2010-10-09 20:00:00,4,1.6389333,2.0426173
2010-10-09 17:00:00,2010-10-09 21:00:00,5,1.7664666,1.8444004
2010-10-09 17:00:00,2010-10-09 22:00:00,6,1.3904333,1.2883084
2010-10-09 17:00:00,2010-10-09 23:00:00,7,0.69623333,0.8860154
2010-10-09 17:00:00,2010-10-10 00:00:00,8,0.8864,0.6960689
2010-10-09 17:00:00,2010-10-10 01:00:00,9,0.46696666,0.5293795
2010-10-09 17:00:00,2010-10-10 02:00:00,10,0.56413335,0.46333814
2010-10-09 17:00:00,2010-10-10 03:00:00,11,0.4411,0.4091496
2010-10-09 17:00:00,2010-10-10 04:00:00,12,0.61766666,0.45144278
2010-10-09 17:00:00,2010-10-10 05:00:00,13,0.42736667,0.56181544
2010-10-09 17:00:00,2010-10-10 06:00:00,14,0.43576667,0.9035122
2010-10-09 17:00:00,2010-10-10 07:00:00,15,0.70486665,1.75247
2010-10-09 17:00:00,2010-10-10 08:00:00,16,0.9307,1.6369087
2010-10-09 17:00:00,2010-10-10 09:00:00,17,0.9249333,1.4821577
2010-10-09 17:00:00,2010-10-10 10:00:00,18,0.8739,1.1961349
2010-10-09 17:00:00,2010-10-10 11:00:00,19,2.3828666,1.157573
2010-10-09 17:00:00,2010-10-10 12:00:00,20,2.1923,1.1816813
2010-10-09 17:00:00,2010-10-10 13:00:00,21,1.5573666,1.0751152
2010-10-09 17:00:00,2010-10-10 14:00:00,22,1.1002333,1.0152252
2010-10-09 17:00:00,2010-10-10 15:00:00,23,0.5263,0.9250445
2010-10-09 17:00:00,2010-10-10 16:00:00,24,0.99703336,0.86753666
2010-10-10 17:00:00,2010-10-10 17:00:00,1,1.6078666,0.79665446
2010-10-10 17:00:00,2010-10-10 18:00:00,2,1.8290666,1.081933
2010-10-10 17:00:00,2010-10-10 19:00:00,3,3.4918,1.5588051
2010-10-10 17:00:00,2010-10-10 20:00:00,4,3.3115,1.7871706
2010-10-10 17:00:00,2010-10-10 21:00:00,5,3.9012666,1.692059
2010-10-10 17:00:00,2010-10-10 22:00:00,6,1.9866,1.0445331
2010-10-10 17:00:00,2010-10-10 23:00:00,7,1.1570667,0.7239666
2010-10-10 17:00:00,2010-10-11 00:00:00,8,0.51453334,0.6550952
2010-10-10 17:00:00,2010-10-11 01:00:00,9,0.44873333,0.53278077
2010-10-10 17:00:00,2010-10-11 02:00:00,10,0.5646667,0.4896189
2010-10-10 17:00:00,2010-10-11 03:00:00,11,0.4429,0.42057973
2010-10-10 17:00:00,2010-10-11 04:00:00,12,0.5548667,0.43844843
2010-10-10 17:00:00,2010-10-11 05:00:00,13,0.8807,0.5167865
2010-10-10 17:00:00,2010-10-11 06:00:00,14,0.94173336,0.91256875
2010-10-10 17:00:00,2010-10-11 07:00:00,15,2.3788333,1.8352612
2010-10-10 17:00:00,2010-10-11 08:00:00,16,1.6553,1.5768636
2010-10-10 17:00:00,2010-10-11 09:00:00,17,1.6319667,1.4347565
2010-10-10 17:00:00,2010-10-11 10:00:00,18,1.0574334,1.115365
2010-10-10 17:00:00,2010-10-11 11:00:00,19,0.44083333,1.1352694
2010-10-10 17:00:00,2010-10-11 12:00:00,20,0.6579667,1.3956478
2010-10-10 17:00:00,2010-10-11 13:00:00,21,0.5452333,1.1118559
2010-10-10 17:00:00,2010-10-11 14:00:00,22,1.0426667,0.9791819
2010-10-10 17:00:00,2010-10-11 15:00:00,23,0.6156667,0.83885884
2010-10-10 17:00:00,2010-10-11 16:00:00,24,0.4349,0.7498089
2010-10-11 17:00:00,2010-10-11 17:00:00,1,0.96386665,0.7529103
2010-10-11 17:00:00,2010-10-11 18:00:00,2,0.7316,1.1302825
2010-10-11 17:00:00,2010-10-11 19:00:00,3,3.0931666,1.6104028
2010-10-11 17:00:00,2010-10-11 20:00:00,4,2.2855666,1.8367834
2010-10-11 17:00:00,2010-10-11 21:00:00,5,3.043,1.6699927
2010-10-11 17:00:00,2010-10-11 22:00:00,6,1.514,1.1560254
2010-10-11 17:00:00,2010-10-11 23:00:00,7,0.6030333,0.72251964
2010-10-11 17:00:00,2010-10-12 00:00:00,8,0.39453334,0.61457306
2010-10-11 17:00:00,2010-10-12 01:00:00,9,0.39763334,0.46524507
2010-10-11 17:00:00,2010-10-12 02:00:00,10,0.46863332,0.46598846
2010-10-11 17:00:00,2010-10-12 03:00:00,11,0.33746666,0.39029515
2010-10-11 17:00:00,2010-10-12 04:00:00,12,0.33383334,0.38792652
2010-10-11 17:00:00,2010-10-12 05:00:00,13,0.45113334,0.51082075
2010-10-11 17:00:00,2010-10-12 06:00:00,14,1.1301666,0.8695049
2010-10-11 17:00:00,2010-10-12 07:00:00,15,2.5198667,1.7079147
2010-10-11 17:00:00,2010-10-12 08:00:00,16,1.7209333,1.5506749
2010-10-11 17:00:00,2010-10-12 09:00:00,17,1.7519333,1.4818457
2010-10-11 17:00:00,2010-10-12 10:00:00,18,1.8285667,1.2869086
2010-10-11 17:00:00,2010-10-12 11:00:00,19,0.94886667,1.2320317
2010-10-11 17:00:00,2010-10-12 12:00:00,20,1.8454,1.3052719
2010-10-11 17:00:00,2010-10-12 13:00:00,21,0.8567,1.2073785
2010-10-11 17:00:00,2010-10-12 14:00:00,22,0.45806667,1.2332911
2010-10-11 17:00:00,2010-10-12 15:00:00,23,0.58823335,1.0950443
2010-10-11 17:00:00,2010-10-12 16:00:00,24,0.416,0.9122096
2010-10-12 17:00:00,2010-10-12 17:00:00,1,0.41026667,0.52367026
2010-10-12 17:00:00,2010-10-12 18:00:00,2,2.1127334,0.96120816
2010-10-12 17:00:00,2010-10-12 19:00:00,3,2.1564667,1.748014
2010-10-12 17:00:00,2010-10-12 20:00:00,4,1.9102,2.0140076
2010-10-12 17:00:00,2010-10-12 21:00:00,5,1.3085667,2.1519642
2010-10-12 17:00:00,2010-10-12 22:00:00,6,1.2893,1.2787963
2010-10-12 17:00:00,2010-10-12 23:00:00,7,0.6927,0.7651292
2010-10-12 17:00:00,2010-10-13 00:00:00,8,0.38376668,0.5503587
2010-10-12 17:00:00,2010-10-13 01:00:00,9,0.4586,0.38644993
2010-10-12 17:00:00,2010-10-13 02:00:00,10,0.31696665,0.41007406
2010-10-12 17:00:00,2010-10-13 03:00:00,11,0.36466667,0.32429743
2010-10-12 17:00:00,2010-10-13 04:00:00,12,0.9848,0.37004048
2010-10-12 17:00:00,2010-10-13 05:00:00,13,0.4641,0.48628587
2010-10-12 17:00:00,2010-10-13 06:00:00,14,0.93013334,0.926734
2010-10-12 17:00:00,2010-10-13 07:00:00,15,2.8442667,1.9653368
2010-10-12 17:00:00,2010-10-13 08:00:00,16,2.3646667,1.5934588
2010-10-12 17:00:00,2010-10-13 09:00:00,17,1.6671,1.4792407
2010-10-12 17:00:00,2010-10-13 10:00:00,18,2.0778666,1.1546471
2010-10-12 17:00:00,2010-10-13 11:00:00,19,1.5266,1.0304774
2010-10-12 17:00:00,2010-10-13 12:00:00,20,1.6007667,1.137262
2010-10-12 17:00:00,2010-10-13 13:00:00,21,1.5731666,0.93322027
2010-10-12 17:00:00,2010-10-13 14:00:00,22,1.9105,0.8698425
2010-10-12 17:00:00,2010-10-13 15:00:00,23,1.9113,0.7592237
2010-10-12 17:00:00,2010-10-13 16:00:00,24,1.6611,0.7139176
2010-10-13 17:00:00,2010-10-13 17:00:00,1,1.5491,1.2823147
2010-10-13 17:00:00,2010-10-13 18:00:00,2,0.9845667,1.4018445
2010-10-13 17:00:00,2010-10-13 19:00:00,3,2.0344,2.0071242
2010-10-13 17:00:00,2010-10-13 20:00:00,4,2.377,1.87911
2010-10-13 17:00:00,2010-10-13 21:00:00,5,2.1648667,1.8737993
2010-10-13 17:00:00,2010-10-13 22:00:00,6,2.0436,1.3359311
2010-10-13 17:00:00,2010-10-13 23:00:00,7,0.37086666,0.780524
2010-10-13 17:00:00,2010-10-14 00:00:00,8,0.37043333,0.5824115
2010-10-13 17:00:00,2010-10-14 01:00:00,9,0.47763333,0.4028558
2010-10-13 17:00:00,2010-10-14 02:00:00,10,0.3412,0.3949368
2010-10-13 17:00:00,2010-10-14 03:00:00,11,0.38673332,0.34924114
2010-10-13 17:00:00,2010-10-14 04:00:00,12,0.37803334,0.4532352
2010-10-13 17:00:00,2010-10-14 05:00:00,13,0.43933332,0.6212949
2010-10-13 17:00:00,2010-10-14 06:00:00,14,1.1876,1.080654
2010-10-13 17:00:00,2010-10-14 07:00:00,15,2.9721,2.0564108
2010-10-13 17:00:00,2010-10-14 08:00:00,16,1.7274,1.8753288
2010-10-13 17:00:00,2010-10-14 09:00:00,17,3.2096,1.63918
2010-10-13 17:00:00,2010-10-14 10:00:00,18,1.8472667,1.2910718
2010-10-13 17:00:00,2010-10-14 11:00:00,19,0.99293333,1.3387802
2010-10-13 17:00:00,2010-10-14 12:00:00,20,0.9460667,1.4614564
2010-10-13 17:00:00,2010-10-14 13:00:00,21,1.2267667,1.2805426
2010-10-13 17:00:00,2010-10-14 14:00:00,22,1.9145,1.2264715
2010-10-13 17:00:00,2010-10-14 15:00:00,23,0.9038,1.1780127
2010-10-13 17:00:00,2010-10-14 16:00:00,24,0.95703334,1.0896766
2010-10-14 17:00:00,2010-10-14 17:00:00,1,0.41783333,1.0473306
2010-10-14 17:00:00,2010-10-14 18:00:00,2,1.7473333,1.5067968
2010-10-14 17:00:00,2010-10-14 19:00:00,3,4.117767,2.2915742
2010-10-14 17:00:00,2010-10-14 20:00:00,4,2.9113,2.2257051
2010-10-14 17:00:00,2010-10-14 21:00:00,5,3.2242,2.2118895
2010-10-14 17:00:00,2010-10-14 22:00:00,6,2.3347332,1.3474195
2010-10-14 17:00:00,2010-10-14 23:00:00,7,0.55376667,0.65190595
2010-10-14 17:00:00,2010-10-15 00:00:00,8,0.40123335,0.48161685
2010-10-14 17:00:00,2010-10-15 01:00:00,9,0.41296667,0.3448633
2010-10-14 17:00:00,2010-10-15 02:00:00,10,0.44096667,0.4054783
2010-10-14 17:00:00,2010-10-15 03:00:00,11,0.3288,0.3766079
2010-10-14 17:00:00,2010-10-15 04:00:00,12,0.33223334,0.40940654
2010-10-14 17:00:00,2010-10-15 05:00:00,13,0.43626666,0.5986335
2010-10-14 17:00:00,2010-10-15 06:00:00,14,1.1134666,1.1325899
2010-10-14 17:00:00,2010-10-15 07:00:00,15,2.0124,2.3078778
2010-10-14 17:00:00,2010-10-15 08:00:00,16,1.8972,1.843892
2010-10-14 17:00:00,2010-10-15 09:00:00,17,1.5839666,1.7372833
2010-10-14 17:00:00,2010-10-15 10:00:00,18,1.6329334,1.4018015
2010-10-14 17:00:00,2010-10-15 11:00:00,19,1.8261,0.9963453
2010-10-14 17:00:00,2010-10-15 12:00:00,20,2.0656667,1.2133926
2010-10-14 17:00:00,2010-10-15 13:00:00,21,1.5737667,1.0411584
2010-10-14 17:00:00,2010-10-15 14:00:00,22,1.4675333,0.9682051
2010-10-14 17:00:00,2010-10-15 15:00:00,23,0.5948667,0.85591877
2010-10-14 17:00:00,2010-10-15 16:00:00,24,0.5592,0.81781566
2010-10-15 17:00:00,2010-10-15 17:00:00,1,0.56443334,0.90555304
2010-10-15 17:00:00,2010-10-15 18:00:00,2,1.4324666,1.4019685
2010-10-15 17:00:00,2010-10-15 19:00:00,3,1.8231666,2.234684
2010-10-15 17:00:00,2010-10-15 20:00:00,4,1.4465333,2.3243866
2010-10-15 17:00:00,2010-10-15 21:00:00,5,1.1575,2.1814885
2010-10-15 17:00:00,2010-10-15 22:00:00,6,1.0036334,1.5653732
2010-10-15 17:00:00,2010-10-15 23:00:00,7,0.4981,0.8276051
2010-10-15 17:00:00,2010-10-16 00:00:00,8,0.32736668,0.5407313
2010-10-15 17:00:00,2010-10-16 01:00:00,9,0.30913332,0.4211269
2010-10-15 17:00:00,2010-10-16 02:00:00,10,0.43116668,0.39659297
2010-10-15 17:00:00,2010-10-16 03:00:00,11,0.3812,0.37020707
2010-10-15 17:00:00,2010-10-16 04:00:00,12,0.3765,0.3746662
2010-10-15 17:00:00,2010-10-16 05:00:00,13,0.34116668,0.41564
2010-10-15 17:00:00,2010-10-16 06:00:00,14,0.7945333,0.7399515
2010-10-15 17:00:00,2010-10-16 07:00:00,15,2.1444,1.5804837
2010-10-15 17:00:00,2010-10-16 08:00:00,16,1.9714333,1.6199797
2010-10-15 17:00:00,2010-10-16 09:00:00,17,0.9704,1.501195
2010-10-15 17:00:00,2010-10-16 10:00:00,18,1.8662333,1.2553095
2010-10-15 17:00:00,2010-10-16 11:00:00,19,1.3443667,1.1077327
2010-10-15 17:00:00,2010-10-16 12:00:00,20,0.7357,1.1835325
2010-10-15 17:00:00,2010-10-16 13:00:00,21,0.3585,1.2957271
2010-10-15 17:00:00,2010-10-16 14:00:00,22,0.4908,1.3094971
2010-10-15 17:00:00,2010-10-16 15:00:00,23,0.37156665,1.288395
2010-10-15 17:00:00,2010-10-16 16:00:00,24,0.317,1.2312459
2010-10-16 17:00:00,2010-10-16 17:00:00,1,0.41803333,0.60957205
2010-10-16 17:00:00,2010-10-16 18:00:00,2,0.33413333,1.0555959
2010-10-16 17:00:00,2010-10-16 19:00:00,3,0.373,1.9350569
2010-10-16 17:00:00,2010-10-16 20:00:00,4,0.87223333,1.7638277
2010-10-16 17:00:00,2010-10-16 21:00:00,5,0.38303334,1.6595185
2010-10-16 17:00:00,2010-10-16 22:00:00,6,0.41023332,1.1534561
2010-10-16 17:00:00,2010-10-16 23:00:00,7,0.34476668,0.5276196
2010-10-16 17:00:00,2010-10-17 00:00:00,8,0.37173334,0.39601034
2010-10-16 17:00:00,2010-10-17 01:00:00,9,0.3329,0.3005913
2010-10-16 17:00:00,2010-10-17 02:00:00,10,0.4126,0.32937783
2010-10-16 17:00:00,2010-10-17 03:00:00,11,0.3131,0.31340563
2010-10-16 17:00:00,2010-10-17 04:00:00,12,0.36276665,0.3830639
2010-10-16 17:00:00,2010-10-17 05:00:00,13,0.36233333,0.40319932
2010-10-16 17:00:00,2010-10-17 06:00:00,14,1.0407333,0.7027426
2010-10-16 17:00:00,2010-10-17 07:00:00,15,0.3727,1.5068119
2010-10-16 17:00:00,2010-10-17 08:00:00,16,0.3803,1.3811302
2010-10-16 17:00:00,2010-10-17 09:00:00,17,0.3763,1.3214643
2010-10-16 17:00:00,2010-10-17 10:00:00,18,0.32896668,1.2551665
2010-10-16 17:00:00,2010-10-17 11:00:00,19,0.30006668,1.1728412
2010-10-16 17:00:00,2010-10-17 12:00:00,20,0.31323335,1.1471488
2010-10-16 17:00:00,2010-10-17 13:00:00,21,0.36516666,0.96350205
2010-10-16 17:00:00,2010-10-17 14:00:00,22,0.4966,0.9233422
2010-10-16 17:00:00,2010-10-17 15:00:00,23,0.37656668,0.66184103
2010-10-16 17:00:00,2010-10-17 16:00:00,24,1.1914333,0.67751557
2010-10-17 17:00:00,2010-10-17 17:00:00,1,0.4926,0.6474702
2010-10-17 17:00:00,2010-10-17 18:00:00,2,0.5668333,0.6279819
2010-10-17 17:00:00,2010-10-17 19:00:00,3,2.0301,0.90560526
2010-10-17 17:00:00,2010-10-17 20:00:00,4,2.4540334,0.8541999
2010-10-17 17:00:00,2010-10-17 21:00:00,5,2.1380668,0.84853756
2010-10-17 17:00:00,2010-10-17 22:00:00,6,0.9011,0.59779966
2010-10-17 17:00:00,2010-10-17 23:00:00,7,1.1761333,0.42663038
2010-10-17 17:00:00,2010-10-18 00:00:00,8,0.5301333,0.38077545
2010-10-17 17:00:00,2010-10-18 01:00:00,9,0.3841,0.3754472
2010-10-17 17:00:00,2010-10-18 02:00:00,10,0.32136667,0.37753344
2010-10-17 17:00:00,2010-10-18 03:00:00,11,0.33143333,0.3301481
2010-10-17 17:00:00,2010-10-18 04:00:00,12,0.43443334,0.32973552
2010-10-17 17:00:00,2010-10-18 05:00:00,13,0.3197,0.40797526
2010-10-17 17:00:00,2010-10-18 06:00:00,14,0.7896,0.64018255
2010-10-17 17:00:00,2010-10-18 07:00:00,15,2.4543,1.0533477
2010-10-17 17:00:00,2010-10-18 08:00:00,16,2.4651,0.9728362
2010-10-17 17:00:00,2010-10-18 09:00:00,17,3.6570666,0.94535995
2010-10-17 17:00:00,2010-10-18 10:00:00,18,2.6036,0.7344553
2010-10-17 17:00:00,2010-10-18 11:00:00,19,2.8090334,0.5979889
2010-10-17 17:00:00,2010-10-18 12:00:00,20,3.8364334,0.5957262
2010-10-17 17:00:00,2010-10-18 13:00:00,21,3.2431,0.60549337
2010-10-17 17:00:00,2010-10-18 14:00:00,22,1.9637,0.6078536
2010-10-17 17:00:00,2010-10-18 15:00:00,23,0.51806664,0.61997956
2010-10-17 17:00:00,2010-10-18 16:00:00,24,0.4604,0.6309693
2010-10-18 17:00:00,2010-10-18 17:00:00,1,0.66473335,0.7375761
2010-10-18 17:00:00,2010-10-18 18:00:00,2,3.3914666,1.4528016
2010-10-18 17:00:00,2010-10-18 19:00:00,3,3.7569666,2.319939
2010-10-18 17:00:00,2010-10-18 20:00:00,4,2.67,2.3037767
2010-10-18 17:00:00,2010-10-18 21:00:00,5,3.3769,2.2770696
2010-10-18 17:00:00,2010-10-18 22:00:00,6,2.5095,1.6077805
2010-10-18 17:00:00,2010-10-18 23:00:00,7,1.7402667,0.8051213
2010-10-18 17:00:00,2010-10-19 00:00:00,8,1.5425667,0.5479225
2010-10-18 17:00:00,2010-10-19 01:00:00,9,0.6851,0.4166112
2010-10-18 17:00:00,2010-10-19 02:00:00,10,0.31743333,0.32554853
2010-10-18 17:00:00,2010-10-19 03:00:00,11,0.3078,0.33948708
2010-10-18 17:00:00,2010-10-19 04:00:00,12,0.43946666,0.3409704
2010-10-18 17:00:00,2010-10-19 05:00:00,13,0.39946666,0.4738233
2010-10-18 17:00:00,2010-10-19 06:00:00,14,1.0450333,1.1392553
2010-10-18 17:00:00,2010-10-19 07:00:00,15,2.9890332,2.4334981
2010-10-18 17:00:00,2010-10-19 08:00:00,16,2.1062,2.4102712
2010-10-18 17:00:00,2010-10-19 09:00:00,17,1.7980334,2.2781653
2010-10-18 17:00:00,2010-10-19 10:00:00,18,0.5930333,2.131879
2010-10-18 17:00:00,2010-10-19 11:00:00,19,1.8148,1.743742
2010-10-18 17:00:00,2010-10-19 12:00:00,20,1.1293,1.7233343
2010-10-18 17:00:00,2010-10-19 13:00:00,21,0.5172333,1.4970157
2010-10-18 17:00:00,2010-10-19 14:00:00,22,0.4046,1.3319972
2010-10-18 17:00:00,2010-10-19 15:00:00,23,0.40176666,1.095803
2010-10-18 17:00:00,2010-10-19 16:00:00,24,0.4735,0.9431187
2010-10-19 17:00:00,2010-10-19 17:00:00,1,1.1286666,0.54545313
2010-10-19 17:00:00,2010-10-19 18:00:00,2,3.5383334,1.0000026
2010-10-19 17:00:00,2010-10-19 19:00:00,3,2.9301,2.1104069
2010-10-19 17:00:00,2010-10-19 20:00:00,4,2.9603333,2.0401015
2010-10-19 17:00:00,2010-10-19 21:00:00,5,2.5300667,1.9247149
2010-10-19 17:00:00,2010-10-19 22:00:00,6,1.3266333,1.3575623
2010-10-19 17:00:00,2010-10-19 23:00:00,7,0.72113335,0.6907113
2010-10-19 17:00:00,2010-10-20 00:00:00,8,1.0303333,0.40200144
2010-10-19 17:00:00,2010-10-20 01:00:00,9,0.3934,0.29200703
2010-10-19 17:00:00,2010-10-20 02:00:00,10,0.3294,0.31320542
2010-10-19 17:00:00,2010-10-20 03:00:00,11,0.44256666,0.27261627
2010-10-19 17:00:00,2010-10-20 04:00:00,12,0.3193,0.30653882
2010-10-19 17:00:00,2010-10-20 05:00:00,13,0.31243333,0.27081198
2010-10-19 17:00:00,2010-10-20 06:00:00,14,0.92323333,0.9210628
2010-10-19 17:00:00,2010-10-20 07:00:00,15,2.8661,2.4745007
2010-10-19 17:00:00,2010-10-20 08:00:00,16,1.8684666,2.0910351
2010-10-19 17:00:00,2010-10-20 09:00:00,17,1.8460667,1.8309048
2010-10-19 17:00:00,2010-10-20 10:00:00,18,2.0108666,1.6435957
2010-10-19 17:00:00,2010-10-20 11:00:00,19,1.8959334,1.4837881
2010-10-19 17:00:00,2010-10-20 12:00:00,20,1.3926667,1.4991901
2010-10-19 17:00:00,2010-10-20 13:00:00,21,0.40853333,1.4112744
2010-10-19 17:00:00,2010-10-20 14:00:00,22,0.53006667,1.4139228
2010-10-19 17:00:00,2010-10-20 15:00:00,23,0.52783334,1.0935855
2010-10-19 17:00:00,2010-10-20 16:00:00,24,0.33186665,0.9705328
2010-10-20 17:00:00,2010-10-20 17:00:00,1,0.33213332,0.55112755
2010-10-20 17:00:00,2010-10-20 18:00:00,2,1.3226666,1.9218268
2010-10-20 17:00:00,2010-10-20 19:00:00,3,2.1848,2.7937078
2010-10-20 17:00:00,2010-10-20 20:00:00,4,2.2927666,2.5356617
2010-10-20 17:00:00,2010-10-20 21:00:00,5,2.8043334,2.287838
2010-10-20 17:00:00,2010-10-20 22:00:00,6,1.6536334,1.5744036
2010-10-20 17:00:00,2010-10-20 23:00:00,7,0.78,0.9654016
2010-10-20 17:00:00,2010-10-21 00:00:00,8,0.4468,0.7204872
2010-10-20 17:00:00,2010-10-21 01:00:00,9,0.6637667,0.52012026
2010-10-20 17:00:00,2010-10-21 02:00:00,10,0.43786666,0.45610112
2010-10-20 17:00:00,2010-10-21 03:00:00,11,0.34063333,0.38166177
2010-10-20 17:00:00,2010-10-21 04:00:00,12,0.341,0.36800885
2010-10-20 17:00:00,2010-10-21 05:00:00,13,1.0228667,0.32773823
2010-10-20 17:00:00,2010-10-21 06:00:00,14,1.2183666,1.0327214
2010-10-20 17:00:00,2010-10-21 07:00:00,15,2.4748666,2.4320958
2010-10-20 17:00:00,2010-10-21 08:00:00,16,1.2261667,2.0543177
2010-10-20 17:00:00,2010-10-21 09:00:00,17,0.31733334,2.1242528
2010-10-20 17:00:00,2010-10-21 10:00:00,18,0.32323334,1.8130252
2010-10-20 17:00:00,2010-10-21 11:00:00,19,0.39196667,1.5901536
2010-10-20 17:00:00,2010-10-21 12:00:00,20,0.49436668,1.4130572
2010-10-20 17:00:00,2010-10-21 13:00:00,21,0.38803333,1.0910599
2010-10-20 17:00:00,2010-10-21 14:00:00,22,0.47696668,0.8378202
2010-10-20 17:00:00,2010-10-21 15:00:00,23,0.32703334,0.58066535
2010-10-20 17:00:00,2010-10-21 16:00:00,24,0.9159333,0.46354705
2010-10-21 17:00:00,2010-10-21 17:00:00,1,0.36683333,0.86677843
2010-10-21 17:00:00,2010-10-21 18:00:00,2,1.3011333,2.0157552
2010-10-21 17:00:00,2010-10-21 19:00:00,3,1.8244333,2.4486141
2010-10-21 17:00:00,2010-10-21 20:00:00,4,1.9475666,2.4133253
2010-10-21 17:00:00,2010-10-21 21:00:00,5,2.5819666,2.2091594
2010-10-21 17:00:00,2010-10-21 22:00:00,6,1.9928666,1.4641854
2010-10-21 17:00:00,2010-10-21 23:00:00,7,0.76463336,0.87488765
2010-10-21 17:00:00,2010-10-22 00:00:00,8,0.5243667,0.6064295
2010-10-21 17:00:00,2010-10-22 01:00:00,9,0.63226664,0.39783692
2010-10-21 17:00:00,2010-10-22 02:00:00,10,0.5181,0.31555444
2010-10-21 17:00:00,2010-10-22 03:00:00,11,0.52056664,0.2774765
2010-10-21 17:00:00,2010-10-22 04:00:00,12,0.5208667,0.32591444
2010-10-21 17:00:00,2010-10-22 05:00:00,13,0.5856,0.3689099
2010-10-21 17:00:00,2010-10-22 06:00:00,14,1.7711667,1.0721262
2010-10-21 17:00:00,2010-10-22 07:00:00,15,2.4588,2.2040074
2010-10-21 17:00:00,2010-10-22 08:00:00,16,1.5222,1.9491541
2010-10-21 17:00:00,2010-10-22 09:00:00,17,1.5559334,1.6265211
2010-10-21 17:00:00,2010-10-22 10:00:00,18,1.3846,1.4235992
2010-10-21 17:00:00,2010-10-22 11:00:00,19,1.373,1.497462
2010-10-21 17:00:00,2010-10-22 12:00:00,20,1.7621666,1.4500172
2010-10-21 17:00:00,2010-10-22 13:00:00,21,1.5787,1.091084
2010-10-21 17:00:00,2010-10-22 14:00:00,22,1.4756,0.7746178
2010-10-21 17:00:00,2010-10-22 15:00:00,23,0.767,0.39728034
2010-10-21 17:00:00,2010-10-22 16:00:00,24,1.1825666,0.3673553
2010-10-22 17:00:00,2010-10-22 17:00:00,1,0.4821,0.94291615
2010-10-22 17:00:00,2010-10-22 18:00:00,2,0.7137,1.6493338
2010-10-22 17:00:00,2010-10-22 19:00:00,3,1.4246666,2.149847
2010-10-22 17:00:00,2010-10-22 20:00:00,4,1.3845,2.2394378
2010-10-22 17:00:00,2010-10-22 21:00:00,5,2.2917666,2.1087112
2010-10-22 17:00:00,2010-10-22 22:00:00,6,1.0726666,1.5691751
2010-10-22 17:00:00,2010-10-22 23:00:00,7,0.31196666,0.9859835
2010-10-22 17:00:00,2010-10-23 00:00:00,8,1.4291667,0.6799891
2010-10-22 17:00:00,2010-10-23 01:00:00,9,0.36633334,0.47991437
2010-10-22 17:00:00,2010-10-23 02:00:00,10,0.48646668,0.43905175
2010-10-22 17:00:00,2010-10-23 03:00:00,11,0.38813335,0.4190979
2010-10-22 17:00:00,2010-10-23 04:00:00,12,0.37733334,0.45692825
2010-10-22 17:00:00,2010-10-23 05:00:00,13,0.32753333,0.60044867
2010-10-22 17:00:00,2010-10-23 06:00:00,14,0.6353,1.0981184
2010-10-22 17:00:00,2010-10-23 07:00:00,15,2.3587334,1.7854745
2010-10-22 17:00:00,2010-10-23 08:00:00,16,1.5689334,1.7346725
2010-10-22 17:00:00,2010-10-23 09:00:00,17,1.2997667,1.5365105
2010-10-22 17:00:00,2010-10-23 10:00:00,18,0.4229,1.3466982
2010-10-22 17:00:00,2010-10-23 11:00:00,19,1.0934,1.1537478
2010-10-22 17:00:00,2010-10-23 12:00:00,20,2.0735,0.87479043
2010-10-22 17:00:00,2010-10-23 13:00:00,21,1.7854667,0.5987301
2010-10-22 17:00:00,2010-10-23 14:00:00,22,2.6106,0.49557596
2010-10-22 17:00:00,2010-10-23 15:00:00,23,2.4896,0.41993082
2010-10-22 17:00:00,2010-10-23 16:00:00,24,2.5465,0.41505545
2010-10-31 17:00:00,2010-10-31 17:00:00,1,0.45873332,0.45224202
2010-10-31 17:00:00,2010-10-31 18:00:00,2,0.32846665,0.5505917
2010-10-31 17:00:00,2010-10-31 19:00:00,3,0.36433333,0.6465968
2010-10-31 17:00:00,2010-10-31 20:00:00,4,0.3928,0.7513362
2010-10-31 17:00:00,2010-10-31 21:00:00,5,1.2171667,0.82240325
2010-10-31 17:00:00,2010-10-31 22:00:00,6,1.3272667,0.8612711
2010-10-31 17:00:00,2010-10-31 23:00:00,7,2.038,0.9028404
2010-10-31 17:00:00,2010-11-01 00:00:00,8,1.3194,0.90676033
2010-10-31 17:00:00,2010-11-01 01:00:00,9,1.4804333,0.84951246
2010-10-31 17:00:00,2010-11-01 02:00:00,10,1.2860334,0.82718873
2010-10-31 17:00:00,2010-11-01 03:00:00,11,1.0646666,0.79349846
2010-10-31 17:00:00,2010-11-01 04:00:00,12,0.32743335,0.75339216
2010-10-31 17:00:00,2010-11-01 05:00:00,13,0.4504,0.75402033
2010-10-31 17:00:00,2010-11-01 06:00:00,14,0.40496665,0.76639056
2010-10-31 17:00:00,2010-11-01 07:00:00,15,0.38456666,0.7925827
2010-10-31 17:00:00,2010-11-01 08:00:00,16,0.3178,0.82203627
2010-10-31 17:00:00,2010-11-01 09:00:00,17,1.1984,0.8807539
2010-10-31 17:00:00,2010-11-01 10:00:00,18,0.4413,0.91694576
2010-10-31 17:00:00,2010-11-01 11:00:00,19,0.40673333,0.9107909
2010-10-31 17:00:00,2010-11-01 12:00:00,20,0.72833335,0.8912473
2010-10-31 17:00:00,2010-11-01 13:00:00,21,1.8742666,0.89578533
2010-10-31 17:00:00,2010-11-01 14:00:00,22,1.4407,0.92273724
2010-10-31 17:00:00,2010-11-01 15:00:00,23,1.4621667,0.94063514
2010-10-31 17:00:00,2010-11-01 16:00:00,24,1.6175,0.9408206
2010-11-01 17:00:00,2010-11-01 17:00:00,1,1.4483,1.371203
2010-11-01 17:00:00,2010-11-01 18:00:00,2,0.6616333,1.2386302
2010-11-01 17:00:00,2010-11-01 19:00:00,3,0.33193332,1.1736069
2010-11-01 17:00:00,2010-11-01 20:00:00,4,0.475,1.1194293
2010-11-01 17:00:00,2010-11-01 21:00:00,5,1.0677333,1.0946451
2010-11-01 17:00:00,2010-11-01 22:00:00,6,1.3896667,1.0875272
2010-11-01 17:00:00,2010-11-01 23:00:00,7,1.4736333,1.084813
2010-11-01 17:00:00,2010-11-02 00:00:00,8,1.4327333,1.0703356
2010-11-01 17:00:00,2010-11-02 01:00:00,9,1.2633667,1.0416467
2010-11-01 17:00:00,2010-11-02 02:00:00,10,0.39633334,1.0088362
2010-11-01 17:00:00,2010-11-02 03:00:00,11,0.3301,0.97514963
2010-11-01 17:00:00,2010-11-02 04:00:00,12,1.4277333,0.9410428
2010-11-01 17:00:00,2010-11-02 05:00:00,13,0.37996668,0.9146022
2010-11-01 17:00:00,2010-11-02 06:00:00,14,0.40353334,0.90112996
2010-11-01 17:00:00,2010-11-02 07:00:00,15,0.4835,0.9076845
2010-11-01 17:00:00,2010-11-02 08:00:00,16,0.53433335,0.9222793
2010-11-01 17:00:00,2010-11-02 09:00:00,17,1.4453334,0.9355142
2010-11-01 17:00:00,2010-11-02 10:00:00,18,0.86536664,0.95015234
2010-11-01 17:00:00,2010-11-02 11:00:00,19,0.43026668,0.9563999
2010-11-01 17:00:00,2010-11-02 12:00:00,20,0.34396666,0.95323735
2010-11-01 17:00:00,2010-11-02 13:00:00,21,0.40273333,0.955924
2010-11-01 17:00:00,2010-11-02 14:00:00,22,0.36106667,0.9652922
2010-11-01 17:00:00,2010-11-02 15:00:00,23,0.37656668,0.96767145
2010-11-01 17:00:00,2010-11-02 16:00:00,24,0.3728,0.9590167
2010-11-02 17:00:00,2010-11-02 17:00:00,1,0.3232,0.40298122
2010-11-02 17:00:00,2010-11-02 18:00:00,2,1.1502334,0.4297338
2010-11-02 17:00:00,2010-11-02 19:00:00,3,0.8409,0.46344972
2010-11-02 17:00:00,2010-11-02 20:00:00,4,1.2145,0.5025029
2010-11-02 17:00:00,2010-11-02 21:00:00,5,1.3573667,0.53523546
2010-11-02 17:00:00,2010-11-02 22:00:00,6,1.429,0.55713546
2010-11-02 17:00:00,2010-11-02 23:00:00,7,2.2864666,0.5867747
2010-11-02 17:00:00,2010-11-03 00:00:00,8,0.6133,0.6030222
2010-11-02 17:00:00,2010-11-03 01:00:00,9,0.9561667,0.6205388
2010-11-02 17:00:00,2010-11-03 02:00:00,10,1.0623,0.6168367
2010-11-02 17:00:00,2010-11-03 03:00:00,11,0.40226668,0.62420857
2010-11-02 17:00:00,2010-11-03 04:00:00,12,0.33,0.62241656
2010-11-02 17:00:00,2010-11-03 05:00:00,13,0.38843334,0.6121322
2010-11-02 17:00:00,2010-11-03 06:00:00,14,0.52633333,0.6004133
2010-11-02 17:00:00,2010-11-03 07:00:00,15,1.0215,0.58478796
2010-11-02 17:00:00,2010-11-03 08:00:00,16,1.9960667,0.5780033
2010-11-02 17:00:00,2010-11-03 09:00:00,17,2.0325,0.58599293
2010-11-02 17:00:00,2010-11-03 10:00:00,18,1.0415666,0.5934571
2010-11-02 17:00:00,2010-11-03 11:00:00,19,0.38856667,0.59644186
2010-11-02 17:00:00,2010-11-03 12:00:00,20,0.3289,0.5861181
2010-11-02 17:00:00,2010-11-03 13:00:00,21,0.44353333,0.5884471
2010-11-02 17:00:00,2010-11-03 14:00:00,22,0.32583332,0.5868793
2010-11-02 17:00:00,2010-11-03 15:00:00,23,0.3891,0.5869254
2010-11-02 17:00:00,2010-11-03 16:00:00,24,0.38916665,0.5833603
2010-11-03 17:00:00,2010-11-03 17:00:00,1,0.67906666,0.45537066
2010-11-03 17:00:00,2010-11-03 18:00:00,2,0.9811,0.5412023
2010-11-03 17:00:00,2010-11-03 19:00:00,3,1.2302,0.62079215
2010-11-03 17:00:00,2010-11-03 20:00:00,4,1.6190333,0.6660754
2010-11-03 17:00:00,2010-11-03 21:00:00,5,3.1431668,0.7072228
2010-11-03 17:00:00,2010-11-03 22:00:00,6,0.8998,0.72224075
2010-11-03 17:00:00,2010-11-03 23:00:00,7,0.36706668,0.7294195
2010-11-03 17:00:00,2010-11-04 00:00:00,8,0.5018333,0.7255844
2010-11-03 17:00:00,2010-11-04 01:00:00,9,0.8423,0.70324755
2010-11-03 17:00:00,2010-11-04 02:00:00,10,0.5743667,0.6797694
2010-11-03 17:00:00,2010-11-04 03:00:00,11,0.34276667,0.6597309
2010-11-03 17:00:00,2010-11-04 04:00:00,12,0.45573333,0.64421177
2010-11-03 17:00:00,2010-11-04 05:00:00,13,0.39526665,0.6252222
2010-11-03 17:00:00,2010-11-04 06:00:00,14,0.81273335,0.6174488
2010-11-03 17:00:00,2010-11-04 07:00:00,15,2.2722,0.61729574
2010-11-03 17:00:00,2010-11-04 08:00:00,16,4.4189,0.6350733
2010-11-03 17:00:00,2010-11-04 09:00:00,17,2.2490335,0.65094507
2010-11-03 17:00:00,2010-11-04 10:00:00,18,3.6266334,0.6380389
2010-11-03 17:00:00,2010-11-04 11:00:00,19,3.2412667,0.6126419
2010-11-03 17:00:00,2010-11-04 12:00:00,20,2.1015666,0.59385276
2010-11-03 17:00:00,2010-11-04 13:00:00,21,2.1523,0.5788297
2010-11-03 17:00:00,2010-11-04 14:00:00,22,0.8233,0.56518257
2010-11-03 17:00:00,2010-11-04 15:00:00,23,0.7059,0.5587958
2010-11-03 17:00:00,2010-11-04 16:00:00,24,0.4495,0.5539673
2010-11-04 17:00:00,2010-11-04 17:00:00,1,0.65646666,0.47419947
2010-11-04 17:00:00,2010-11-04 18:00:00,2,1.6958667,0.52019644
2010-11-04 17:00:00,2010-11-04 19:00:00,3,4.0537667,0.5851466
2010-11-04 17:00:00,2010-11-04 20:00:00,4,4.4626,0.6574629
2010-11-04 17:00:00,2010-11-04 21:00:00,5,3.0971668,0.7286453
2010-11-04 17:00:00,2010-11-04 22:00:00,6,2.0152667,0.7606539
2010-11-04 17:00:00,2010-11-04 23:00:00,7,0.6390333,0.7677479
2010-11-04 17:00:00,2010-11-05 00:00:00,8,0.48776665,0.7576475
2010-11-04 17:00:00,2010-11-05 01:00:00,9,0.34176666,0.7505375
2010-11-04 17:00:00,2010-11-05 02:00:00,10,0.38386667,0.7491102
2010-11-04 17:00:00,2010-11-05 03:00:00,11,0.42143333,0.74013925
2010-11-04 17:00:00,2010-11-05 04:00:00,12,0.47933334,0.73674285
2010-11-04 17:00:00,2010-11-05 05:00:00,13,0.34576666,0.7434383
2010-11-04 17:00:00,2010-11-05 06:00:00,14,0.7456,0.76292443
2010-11-04 17:00:00,2010-11-05 07:00:00,15,2.7622,0.799652
2010-11-04 17:00:00,2010-11-05 08:00:00,16,1.8461334,0.81492233
2010-11-04 17:00:00,2010-11-05 09:00:00,17,1.5481,0.8316403
2010-11-04 17:00:00,2010-11-05 10:00:00,18,1.4172333,0.8329109
2010-11-04 17:00:00,2010-11-05 11:00:00,19,1.4705,0.8169953
2010-11-04 17:00:00,2010-11-05 12:00:00,20,1.7144333,0.8017203
2010-11-04 17:00:00,2010-11-05 13:00:00,21,1.6337,0.78291696
2010-11-04 17:00:00,2010-11-05 14:00:00,22,1.4995667,0.7680079
2010-11-04 17:00:00,2010-11-05 15:00:00,23,1.5889666,0.7485732
2010-11-04 17:00:00,2010-11-05 16:00:00,24,0.85246664,0.7351904
2010-11-05 17:00:00,2010-11-05 17:00:00,1,0.77426666,0.66457856
2010-11-05 17:00:00,2010-11-05 18:00:00,2,1.1301,0.7466699
2010-11-05 17:00:00,2010-11-05 19:00:00,3,1.7655,0.83998966
2010-11-05 17:00:00,2010-11-05 20:00:00,4,2.2045333,0.9107752
2010-11-05 17:00:00,2010-11-05 21:00:00,5,1.8398666,0.9570958
2010-11-05 17:00:00,2010-11-05 22:00:00,6,1.3280333,0.9631338
2010-11-05 17:00:00,2010-11-05 23:00:00,7,0.35366666,0.96715206
2010-11-05 17:00:00,2010-11-06 00:00:00,8,0.3185,0.9537637
2010-11-05 17:00:00,2010-11-06 01:00:00,9,0.48493335,0.9502742
2010-11-05 17:00:00,2010-11-06 02:00:00,10,1.0021334,0.9468698
2010-11-05 17:00:00,2010-11-06 03:00:00,11,0.3465,0.9325494
2010-11-05 17:00:00,2010-11-06 04:00:00,12,0.33843333,0.9346829
2010-11-05 17:00:00,2010-11-06 05:00:00,13,0.43973333,0.9485743
2010-11-05 17:00:00,2010-11-06 06:00:00,14,0.65673333,0.9710854
2010-11-05 17:00:00,2010-11-06 07:00:00,15,2.6104333,1.0048541
2010-11-05 17:00:00,2010-11-06 08:00:00,16,2.1137333,1.0107532
2010-11-05 17:00:00,2010-11-06 09:00:00,17,1.3696,1.0056354
2010-11-05 17:00:00,2010-11-06 10:00:00,18,1.1997334,1.0043588
2010-11-05 17:00:00,2010-11-06 11:00:00,19,2.4701333,0.9900278
2010-11-05 17:00:00,2010-11-06 12:00:00,20,1.9629667,0.98006666
2010-11-05 17:00:00,2010-11-06 13:00:00,21,1.1770333,0.9728899
2010-11-05 17:00:00,2010-11-06 14:00:00,22,0.54833335,0.9620706
2010-11-05 17:00:00,2010-11-06 15:00:00,23,1.8849,0.95400727
2010-11-05 17:00:00,2010-11-06 16:00:00,24,1.7088333,0.94973326
2010-11-06 17:00:00,2010-11-06 17:00:00,1,1.5478333,1.4658713
2010-11-06 17:00:00,2010-11-06 18:00:00,2,2.0902333,1.3806734
2010-11-06 17:00:00,2010-11-06 19:00:00,3,1.8949333,1.3672636
2010-11-06 17:00:00,2010-11-06 20:00:00,4,1.2521666,1.3977226
2010-11-06 17:00:00,2010-11-06 21:00:00,5,1.1034334,1.2883724
2010-11-06 17:00:00,2010-11-06 22:00:00,6,1.0556667,1.1659939
2010-11-06 17:00:00,2010-11-06 23:00:00,7,0.5132,1.0611838
2010-11-06 17:00:00,2010-11-07 00:00:00,8,0.511,0.9935091
2010-11-06 17:00:00,2010-11-07 01:00:00,9,0.3605,0.9570111
2010-11-06 17:00:00,2010-11-07 02:00:00,10,0.37623334,0.9354185
2010-11-06 17:00:00,2010-11-07 03:00:00,11,0.3991,0.8937391
2010-11-06 17:00:00,2010-11-07 04:00:00,12,0.4824,0.89983225
2010-11-06 17:00:00,2010-11-07 05:00:00,13,0.32783332,0.93880963
2010-11-06 17:00:00,2010-11-07 06:00:00,14,0.3385,1.0034771
2010-11-06 17:00:00,2010-11-07 07:00:00,15,1.0311,1.1140128
2010-11-06 17:00:00,2010-11-07 08:00:00,16,0.61076665,1.1697971
2010-11-06 17:00:00,2010-11-07 09:00:00,17,1.5049666,1.1571822
2010-11-06 17:00:00,2010-11-07 10:00:00,18,1.7558334,1.1544917
2010-11-06 17:00:00,2010-11-07 11:00:00,19,2.0469334,1.128926
2010-11-06 17:00:00,2010-11-07 12:00:00,20,1.7646,1.1074328
2010-11-06 17:00:00,2010-11-07 13:00:00,21,1.2351333,1.090617
2010-11-06 17:00:00,2010-11-07 14:00:00,22,1.4556,1.086858
2010-11-06 17:00:00,2010-11-07 15:00:00,23,1.7619,1.1175412
2010-11-06 17:00:00,2010-11-07 16:00:00,24,1.2386,1.1413422
2010-11-07 17:00:00,2010-11-07 17:00:00,1,1.2321334,1.0962174
2010-11-07 17:00:00,2010-11-07 18:00:00,2,1.9366,1.0730995
2010-11-07 17:00:00,2010-11-07 19:00:00,3,1.9461,1.1464945
2010-11-07 17:00:00,2010-11-07 20:00:00,4,2.1082335,1.2727945
2010-11-07 17:00:00,2010-11-07 21:00:00,5,1.7344333,1.2399918
2010-11-07 17:00:00,2010-11-07 22:00:00,6,1.2988334,1.0192516
2010-11-07 17:00:00,2010-11-07 23:00:00,7,0.4396,0.8099353
2010-11-07 17:00:00,2010-11-08 00:00:00,8,0.3135,0.66253424
2010-11-07 17:00:00,2010-11-08 01:00:00,9,0.40163332,0.5968382
2010-11-07 17:00:00,2010-11-08 02:00:00,10,0.376,0.49711663
2010-11-07 17:00:00,2010-11-08 03:00:00,11,1.0100666,0.38704026
2010-11-07 17:00:00,2010-11-08 04:00:00,12,0.3308,0.3792097
2010-11-07 17:00:00,2010-11-08 05:00:00,13,0.33143333,0.41978484
2010-11-07 17:00:00,2010-11-08 06:00:00,14,0.9282,0.5729209
2010-11-07 17:00:00,2010-11-08 07:00:00,15,2.6106668,0.9830932
2010-11-07 17:00:00,2010-11-08 08:00:00,16,1.7462,1.2400846
2010-11-07 17:00:00,2010-11-08 09:00:00,17,1.488,1.4259927
2010-11-07 17:00:00,2010-11-08 10:00:00,18,1.3425666,1.4194539
2010-11-07 17:00:00,2010-11-08 11:00:00,19,1.3471333,1.3770205
2010-11-07 17:00:00,2010-11-08 12:00:00,20,1.5107334,1.2304642
2010-11-07 17:00:00,2010-11-08 13:00:00,21,2.0889332,1.1330857
2010-11-07 17:00:00,2010-11-08 14:00:00,22,1.2387,1.0561099
2010-11-07 17:00:00,2010-11-08 15:00:00,23,0.94373333,1.0106001
2010-11-07 17:00:00,2010-11-08 16:00:00,24,0.44696668,0.92452186
2010-11-08 17:00:00,2010-11-08 17:00:00,1,0.6663333,0.65598863
2010-11-08 17:00:00,2010-11-08 18:00:00,2,1.5786,1.0228888
2010-11-08 17:00:00,2010-11-08 19:00:00,3,2.1504333,1.2957202
2010-11-08 17:00:00,2010-11-08 20:00:00,4,2.5562668,1.4182426
2010-11-08 17:00:00,2010-11-08 21:00:00,5,2.6497333,1.3335735
2010-11-08 17:00:00,2010-11-08 22:00:00,6,1.8272333,1.0990272
2010-11-08 17:00:00,2010-11-08 23:00:00,7,0.5418,0.75189215
2010-11-08 17:00:00,2010-11-09 00:00:00,8,0.3769,0.5592353
2010-11-08 17:00:00,2010-11-09 01:00:00,9,0.3479,0.4688483
2010-11-08 17:00:00,2010-11-09 02:00:00,10,0.31756666,0.46233326
2010-11-08 17:00:00,2010-11-09 03:00:00,11,0.31586668,0.43826157
2010-11-08 17:00:00,2010-11-09 04:00:00,12,0.31166667,0.4105975
2010-11-08 17:00:00,2010-11-09 05:00:00,13,0.39126667,0.46769345
2010-11-08 17:00:00,2010-11-09 06:00:00,14,1.6285,0.73983276
2010-11-08 17:00:00,2010-11-09 07:00:00,15,1.9789667,1.3034179
2010-11-08 17:00:00,2010-11-09 08:00:00,16,1.9015334,1.4537529
2010-11-08 17:00:00,2010-11-09 09:00:00,17,1.7798333,1.40786
2010-11-08 17:00:00,2010-11-09 10:00:00,18,1.0868334,1.2417501
2010-11-08 17:00:00,2010-11-09 11:00:00,19,1.5032,1.1067241
2010-11-08 17:00:00,2010-11-09 12:00:00,20,1.3461334,0.98749804
2010-11-08 17:00:00,2010-11-09 13:00:00,21,0.9226,0.89378786
2010-11-08 17:00:00,2010-11-09 14:00:00,22,0.5484333,0.81965435
2010-11-08 17:00:00,2010-11-09 15:00:00,23,0.48606667,0.75976026
2010-11-08 17:00:00,2010-11-09 16:00:00,24,0.6602,0.7526126
2010-11-09 17:00:00,2010-11-09 17:00:00,1,2.2828,0.79030406
2010-11-09 17:00:00,2010-11-09 18:00:00,2,2.8098333,1.27965
2010-11-09 17:00:00,2010-11-09 19:00:00,3,2.416,1.746068
2010-11-09 17:00:00,2010-11-09 20:00:00,4,3.7867,1.9165628
2010-11-09 17:00:00,2010-11-09 21:00:00,5,2.9360666,1.7689462
2010-11-09 17:00:00,2010-11-09 22:00:00,6,2.3407333,1.269319
2010-11-09 17:00:00,2010-11-09 23:00:00,7,1.2260333,0.6878986
2010-11-09 17:00:00,2010-11-10 00:00:00,8,0.7873333,0.50122434
2010-11-09 17:00:00,2010-11-10 01:00:00,9,0.4217,0.41190416
2010-11-09 17:00:00,2010-11-10 02:00:00,10,0.32753333,0.40814233
2010-11-09 17:00:00,2010-11-10 03:00:00,11,0.32993335,0.3363663
2010-11-09 17:00:00,2010-11-10 04:00:00,12,0.30846667,0.35980165
2010-11-09 17:00:00,2010-11-10 05:00:00,13,0.34516665,0.39815503
2010-11-09 17:00:00,2010-11-10 06:00:00,14,0.76143336,0.8665807
2010-11-09 17:00:00,2010-11-10 07:00:00,15,2.8744333,1.8088186
2010-11-09 17:00:00,2010-11-10 08:00:00,16,2.3632333,1.8788898
2010-11-09 17:00:00,2010-11-10 09:00:00,17,1.7861,1.6314611
2010-11-09 17:00:00,2010-11-10 10:00:00,18,3.372,1.4028418
2010-11-09 17:00:00,2010-11-10 11:00:00,19,3.2857332,1.3226777
2010-11-09 17:00:00,2010-11-10 12:00:00,20,1.4770334,1.1477302
2010-11-09 17:00:00,2010-11-10 13:00:00,21,2.4002333,0.9488691
2010-11-09 17:00:00,2010-11-10 14:00:00,22,2.0136666,0.829124
2010-11-09 17:00:00,2010-11-10 15:00:00,23,1.5725666,0.83788204
2010-11-09 17:00:00,2010-11-10 16:00:00,24,1.5676666,0.7958748
2010-11-10 17:00:00,2010-11-10 17:00:00,1,1.308,1.4644058
2010-11-10 17:00:00,2010-11-10 18:00:00,2,1.7590333,1.9929725
2010-11-10 17:00:00,2010-11-10 19:00:00,3,0.96316665,2.5417414
2010-11-10 17:00:00,2010-11-10 20:00:00,4,0.39333335,2.6277661
2010-11-10 17:00:00,2010-11-10 21:00:00,5,0.4352,2.2793176
2010-11-10 17:00:00,2010-11-10 22:00:00,6,0.38683334,1.5899585
2010-11-10 17:00:00,2010-11-10 23:00:00,7,1.2024333,0.71776724
2010-11-10 17:00:00,2010-11-11 00:00:00,8,0.5653333,0.46421695
2010-11-10 17:00:00,2010-11-11 01:00:00,9,0.35243332,0.39302516
2010-11-10 17:00:00,2010-11-11 02:00:00,10,0.3161,0.375498
2010-11-10 17:00:00,2010-11-11 03:00:00,11,0.34573334,0.32745934
2010-11-10 17:00:00,2010-11-11 04:00:00,12,0.36686668,0.31292236
2010-11-10 17:00:00,2010-11-11 05:00:00,13,0.36366665,0.41379893
2010-11-10 17:00:00,2010-11-11 06:00:00,14,1.1501666,0.93613726
2010-11-10 17:00:00,2010-11-11 07:00:00,15,0.64593333,2.0878806
2010-11-10 17:00:00,2010-11-11 08:00:00,16,0.8163,2.2246487
2010-11-10 17:00:00,2010-11-11 09:00:00,17,1.1073333,1.8557532
2010-11-10 17:00:00,2010-11-11 10:00:00,18,1.4271667,1.9029576
2010-11-10 17:00:00,2010-11-11 11:00:00,19,2.6264334,1.9165136
2010-11-10 17:00:00,2010-11-11 12:00:00,20,1.8741333,1.7615638
2010-11-10 17:00:00,2010-11-11 13:00:00,21,1.2342,1.6164982
2010-11-10 17:00:00,2010-11-11 14:00:00,22,1.7211666,1.3554245
2010-11-10 17:00:00,2010-11-11 15:00:00,23,2.8895,1.2560925
2010-11-10 17:00:00,2010-11-11 16:00:00,24,2.7048,1.0787385
2010-11-11 17:00:00,2010-11-11 17:00:00,1,2.3609,1.9702504
2010-11-11 17:00:00,2010-11-11 18:00:00,2,1.5769334,1.976805
2010-11-11 17:00:00,2010-11-11 19:00:00,3,1.6116333,2.0088797
2010-11-11 17:00:00,2010-11-11 20:00:00,4,1.8592666,1.9397347
2010-11-11 17:00:00,2010-11-11 21:00:00,5,0.8788,1.6510192
2010-11-11 17:00:00,2010-11-11 22:00:00,6,0.48406667,1.2611222
2010-11-11 17:00:00,2010-11-11 23:00:00,7,0.281,0.72127163
2010-11-11 17:00:00,2010-11-12 00:00:00,8,0.881,0.5458143
2010-11-11 17:00:00,2010-11-12 01:00:00,9,0.26726666,0.475528
2010-11-11 17:00:00,2010-11-12 02:00:00,10,0.35063332,0.4535324
2010-11-11 17:00:00,2010-11-12 03:00:00,11,0.3204,0.40657967
2010-11-11 17:00:00,2010-11-12 04:00:00,12,0.2792,0.3955778
2010-11-11 17:00:00,2010-11-12 05:00:00,13,0.2896,0.48379737
2010-11-11 17:00:00,2010-11-12 06:00:00,14,0.65636665,0.8992204
2010-11-11 17:00:00,2010-11-12 07:00:00,15,2.694,1.8199751
2010-11-11 17:00:00,2010-11-12 08:00:00,16,2.3759,1.6183484
2010-11-11 17:00:00,2010-11-12 09:00:00,17,1.5554667,1.5255386
2010-11-11 17:00:00,2010-11-12 10:00:00,18,1.8644333,1.5965157
2010-11-11 17:00:00,2010-11-12 11:00:00,19,1.4117334,1.7912027
2010-11-11 17:00:00,2010-11-12 12:00:00,20,1.4349333,1.7732191
2010-11-11 17:00:00,2010-11-12 13:00:00,21,0.80183333,1.709632
2010-11-11 17:00:00,2010-11-12 14:00:00,22,1.3209333,1.6219349
2010-11-11 17:00:00,2010-11-12 15:00:00,23,1.7907667,1.6582174
2010-11-11 17:00:00,2010-11-12 16:00:00,24,1.3616667,1.4445122
2010-11-12 17:00:00,2010-11-12 17:00:00,1,2.4561,1.4520332
2010-11-12 17:00:00,2010-11-12 18:00:00,2,2.2808666,1.7740083
2010-11-12 17:00:00,2010-11-12 19:00:00,3,2.3919666,1.8900079
2010-11-12 17:00:00,2010-11-12 20:00:00,4,1.7533333,1.8796747
2010-11-12 17:00:00,2010-11-12 21:00:00,5,1.1149,1.58423
2010-11-12 17:00:00,2010-11-12 22:00:00,6,0.32053334,1.1687046
2010-11-12 17:00:00,2010-11-12 23:00:00,7,0.63986665,0.6864824
2010-11-12 17:00:00,2010-11-13 00:00:00,8,0.6910333,0.46757054
2010-11-12 17:00:00,2010-11-13 01:00:00,9,0.8481,0.36031032
2010-11-12 17:00:00,2010-11-13 02:00:00,10,0.3094,0.3669139
2010-11-12 17:00:00,2010-11-13 03:00:00,11,0.28396666,0.37078828
2010-11-12 17:00:00,2010-11-13 04:00:00,12,0.34943333,0.36534083
2010-11-12 17:00:00,2010-11-13 05:00:00,13,0.37116668,0.44213158
2010-11-12 17:00:00,2010-11-13 06:00:00,14,0.5848,0.86123896
2010-11-12 17:00:00,2010-11-13 07:00:00,15,2.1326,1.4848601
2010-11-12 17:00:00,2010-11-13 08:00:00,16,1.4960333,1.5982192
2010-11-12 17:00:00,2010-11-13 09:00:00,17,0.7291667,1.5792142
2010-11-12 17:00:00,2010-11-13 10:00:00,18,0.42203334,1.6040612
2010-11-12 17:00:00,2010-11-13 11:00:00,19,1.1491,1.6743351
2010-11-12 17:00:00,2010-11-13 12:00:00,20,1.1453,1.6017241
2010-11-12 17:00:00,2010-11-13 13:00:00,21,2.062,1.4618089
2010-11-12 17:00:00,2010-11-13 14:00:00,22,2.0979333,1.3991022
2010-11-12 17:00:00,2010-11-13 15:00:00,23,2.1959667,1.4461303
2010-11-12 17:00:00,2010-11-13 16:00:00,24,3.2211332,1.4535514
2010-11-13 17:00:00,2010-11-13 17:00:00,1,2.7615666,2.6171439
2010-11-13 17:00:00,2010-11-13 18:00:00,2,1.7153,2.5261517
2010-11-13 17:00:00,2010-11-13 19:00:00,3,2.2923334,2.3196673
2010-11-13 17:00:00,2010-11-13 20:00:00,4,1.7131667,1.9767101
2010-11-13 17:00:00,2010-11-13 21:00:00,5,1.7058,1.4862311
2010-11-13 17:00:00,2010-11-13 22:00:00,6,1.6986333,0.98269665
2010-11-13 17:00:00,2010-11-13 23:00:00,7,1.7436,0.60260135
2010-11-13 17:00:00,2010-11-14 00:00:00,8,1.845,0.45049864
2010-11-13 17:00:00,2010-11-14 01:00:00,9,1.5677333,0.37705785
2010-11-13 17:00:00,2010-11-14 02:00:00,10,1.0019667,0.3285759
2010-11-13 17:00:00,2010-11-14 03:00:00,11,0.5980667,0.32228005
2010-11-13 17:00:00,2010-11-14 04:00:00,12,0.33706668,0.36062533
2010-11-13 17:00:00,2010-11-14 05:00:00,13,0.36503333,0.51617277
2010-11-13 17:00:00,2010-11-14 06:00:00,14,0.28716666,0.96345663
2010-11-13 17:00:00,2010-11-14 07:00:00,15,0.30586666,1.6007777
2010-11-13 17:00:00,2010-11-14 08:00:00,16,0.5280333,1.6034194
2010-11-13 17:00:00,2010-11-14 09:00:00,17,1.1209333,1.5800159
2010-11-13 17:00:00,2010-11-14 10:00:00,18,1.1384667,1.5203074
2010-11-13 17:00:00,2010-11-14 11:00:00,19,1.027,1.5796652
2010-11-13 17:00:00,2010-11-14 12:00:00,20,1.3779666,1.572572
2010-11-13 17:00:00,2010-11-14 13:00:00,21,1.2797667,1.5407038
2010-11-13 17:00:00,2010-11-14 14:00:00,22,1.4889667,1.5534091
2010-11-13 17:00:00,2010-11-14 15:00:00,23,4.1565666,1.6150402
2010-11-13 17:00:00,2010-11-14 16:00:00,24,2.8365333,1.6524956
2010-11-14 17:00:00,2010-11-14 17:00:00,1,2.3593667,2.32159
2010-11-14 17:00:00,2010-11-14 18:00:00,2,2.3845334,2.0510473
2010-11-14 17:00:00,2010-11-14 19:00:00,3,1.4889333,1.9262176
2010-11-14 17:00:00,2010-11-14 20:00:00,4,2.6314332,1.7681475
2010-11-14 17:00:00,2010-11-14 21:00:00,5,2.5521667,1.5409249
2010-11-14 17:00:00,2010-11-14 22:00:00,6,0.90646666,1.2084471
2010-11-14 17:00:00,2010-11-14 23:00:00,7,0.38816667,0.9392495
2010-11-14 17:00:00,2010-11-15 00:00:00,8,0.28103334,0.80588543
2010-11-14 17:00:00,2010-11-15 01:00:00,9,0.34606665,0.6874953
2010-11-14 17:00:00,2010-11-15 02:00:00,10,0.32846665,0.5364596
2010-11-14 17:00:00,2010-11-15 03:00:00,11,0.5818667,0.4434268
2010-11-14 17:00:00,2010-11-15 04:00:00,12,0.6005,0.3886031
2010-11-14 17:00:00,2010-11-15 05:00:00,13,0.3533,0.43330288
2010-11-14 17:00:00,2010-11-15 06:00:00,14,0.8715,0.666071
2010-11-14 17:00:00,2010-11-15 07:00:00,15,2.6275334,1.1377556
2010-11-14 17:00:00,2010-11-15 08:00:00,16,1.5821,1.260813
2010-11-14 17:00:00,2010-11-15 09:00:00,17,1.3828,1.2374185
2010-11-14 17:00:00,2010-11-15 10:00:00,18,1.3088666,1.2946444
2010-11-14 17:00:00,2010-11-15 11:00:00,19,1.3804,1.337216
2010-11-14 17:00:00,2010-11-15 12:00:00,20,3.3210666,1.4212912
2010-11-14 17:00:00,2010-11-15 13:00:00,21,2.8092666,1.4451591
2010-11-14 17:00:00,2010-11-15 14:00:00,22,0.42953333,1.41646
2010-11-14 17:00:00,2010-11-15 15:00:00,23,0.3873,1.4444894
2010-11-14 17:00:00,2010-11-15 16:00:00,24,0.51523334,1.3743278
2010-11-15 17:00:00,2010-11-15 17:00:00,1,0.8739333,1.1168299
2010-11-15 17:00:00,2010-11-15 18:00:00,2,1.3073334,1.5041225
2010-11-15 17:00:00,2010-11-15 19:00:00,3,1.5779333,1.7505186
2010-11-15 17:00:00,2010-11-15 20:00:00,4,2.9928,1.7633595
2010-11-15 17:00:00,2010-11-15 21:00:00,5,1.5087667,1.5964379
2010-11-15 17:00:00,2010-11-15 22:00:00,6,1.2497,1.2524862
2010-11-15 17:00:00,2010-11-15 23:00:00,7,0.5057333,0.8638184
2010-11-15 17:00:00,2010-11-16 00:00:00,8,0.3238,0.6325802
2010-11-15 17:00:00,2010-11-16 01:00:00,9,0.29226667,0.4757517
2010-11-15 17:00:00,2010-11-16 02:00:00,10,1.0268333,0.38487327
2010-11-15 17:00:00,2010-11-16 03:00:00,11,0.30073333,0.34396708
2010-11-15 17:00:00,2010-11-16 04:00:00,12,0.27913332,0.3339975
2010-11-15 17:00:00,2010-11-16 05:00:00,13,0.33756667,0.4462567
2010-11-15 17:00:00,2010-11-16 06:00:00,14,1.2221667,0.74370426
2010-11-15 17:00:00,2010-11-16 07:00:00,15,2.4552333,1.2463785
2010-11-15 17:00:00,2010-11-16 08:00:00,16,1.6832334,1.3849227
2010-11-15 17:00:00,2010-11-16 09:00:00,17,1.5805,1.4234064
2010-11-15 17:00:00,2010-11-16 10:00:00,18,1.4629667,1.4398931
2010-11-15 17:00:00,2010-11-16 11:00:00,19,0.90566665,1.4748349
2010-11-15 17:00:00,2010-11-16 12:00:00,20,0.37053335,1.4999458
2010-11-15 17:00:00,2010-11-16 13:00:00,21,0.36646667,1.495697
2010-11-15 17:00:00,2010-11-16 14:00:00,22,0.28203332,1.4823506
2010-11-15 17:00:00,2010-11-16 15:00:00,23,0.3146,1.5090945
2010-11-15 17:00:00,2010-11-16 16:00:00,24,0.5391,1.5550345
2010-11-16 17:00:00,2010-11-16 17:00:00,1,1.4056,0.97178936
2010-11-16 17:00:00,2010-11-16 18:00:00,2,2.0628667,1.2763793
2010-11-16 17:00:00,2010-11-16 19:00:00,3,1.9874,1.4274901
2010-11-16 17:00:00,2010-11-16 20:00:00,4,2.1772332,1.3872389
2010-11-16 17:00:00,2010-11-16 21:00:00,5,2.5300333,1.2048094
2010-11-16 17:00:00,2010-11-16 22:00:00,6,0.7507,0.937237
2010-11-16 17:00:00,2010-11-16 23:00:00,7,0.5058,0.6862053
2010-11-16 17:00:00,2010-11-17 00:00:00,8,0.3677,0.5232619
2010-11-16 17:00:00,2010-11-17 01:00:00,9,0.29406667,0.41061568
2010-11-16 17:00:00,2010-11-17 02:00:00,10,0.32846665,0.35101748
2010-11-16 17:00:00,2010-11-17 03:00:00,11,0.32553333,0.3284716
2010-11-16 17:00:00,2010-11-17 04:00:00,12,0.5885,0.3694359
2010-11-16 17:00:00,2010-11-17 05:00:00,13,0.74216664,0.5021932
2010-11-16 17:00:00,2010-11-17 06:00:00,14,0.9257,0.7493109
2010-11-16 17:00:00,2010-11-17 07:00:00,15,2.7571332,1.1460042
2010-11-16 17:00:00,2010-11-17 08:00:00,16,1.4536667,1.2611657
2010-11-16 17:00:00,2010-11-17 09:00:00,17,1.3489333,1.3174199
2010-11-16 17:00:00,2010-11-17 10:00:00,18,1.3998333,1.3544921
2010-11-16 17:00:00,2010-11-17 11:00:00,19,1.4121,1.3490525
2010-11-16 17:00:00,2010-11-17 12:00:00,20,1.5148,1.29543
2010-11-16 17:00:00,2010-11-17 13:00:00,21,0.69016665,1.3122876
2010-11-16 17:00:00,2010-11-17 14:00:00,22,0.2803,1.3674423
2010-11-16 17:00:00,2010-11-17 15:00:00,23,0.4599,1.4442568
2010-11-16 17:00:00,2010-11-17 16:00:00,24,0.80006665,1.4671475
2010-11-17 17:00:00,2010-11-17 17:00:00,1,1.0461,1.2145128
2010-11-17 17:00:00,2010-11-17 18:00:00,2,1.6297333,1.5414548
2010-11-17 17:00:00,2010-11-17 19:00:00,3,2.3266666,1.5940048
2010-11-17 17:00:00,2010-11-17 20:00:00,4,2.2446666,1.5050513
2010-11-17 17:00:00,2010-11-17 21:00:00,5,1.7382667,1.1952305
2010-11-17 17:00:00,2010-11-17 22:00:00,6,1.0596,0.7383753
2010-11-17 17:00:00,2010-11-17 23:00:00,7,0.63313335,0.51373416
2010-11-17 17:00:00,2010-11-18 00:00:00,8,0.44186667,0.38671762
2010-11-17 17:00:00,2010-11-18 01:00:00,9,0.39063334,0.31045175
2010-11-17 17:00:00,2010-11-18 02:00:00,10,0.51353335,0.32780284
2010-11-17 17:00:00,2010-11-18 03:00:00,11,1.0192,0.31651324
2010-11-17 17:00:00,2010-11-18 04:00:00,12,0.4596,0.35822874
2010-11-17 17:00:00,2010-11-18 05:00:00,13,0.38533333,0.5292442
2010-11-17 17:00:00,2010-11-18 06:00:00,14,0.9687,0.953642
2010-11-17 17:00:00,2010-11-18 07:00:00,15,2.6866667,1.4667397
2010-11-17 17:00:00,2010-11-18 08:00:00,16,1.5315,1.4978272
2010-11-17 17:00:00,2010-11-18 09:00:00,17,1.3510667,1.4623079
2010-11-17 17:00:00,2010-11-18 10:00:00,18,1.3487333,1.3998176
2010-11-17 17:00:00,2010-11-18 11:00:00,19,1.3437667,1.348292
2010-11-17 17:00:00,2010-11-18 12:00:00,20,1.5858,1.2528294
2010-11-17 17:00:00,2010-11-18 13:00:00,21,0.9234667,1.1149708
2010-11-17 17:00:00,2010-11-18 14:00:00,22,0.41346666,1.0497783
2010-11-17 17:00:00,2010-11-18 15:00:00,23,0.32563335,1.1566218
2010-11-17 17:00:00,2010-11-18 16:00:00,24,0.46526667,1.3484364
2010-11-18 17:00:00,2010-11-18 17:00:00,1,0.57783335,1.1235559
2010-11-18 17:00:00,2010-11-18 18:00:00,2,2.7284334,1.7265382
2010-11-18 17:00:00,2010-11-18 19:00:00,3,2.5739334,2.0196288
2010-11-18 17:00:00,2010-11-18 20:00:00,4,2.1646667,1.9680213
2010-11-18 17:00:00,2010-11-18 21:00:00,5,1.9349667,1.6250821
2010-11-18 17:00:00,2010-11-18 22:00:00,6,0.9224333,0.8890258
2010-11-18 17:00:00,2010-11-18 23:00:00,7,0.47936666,0.5299428
2010-11-18 17:00:00,2010-11-19 00:00:00,8,0.3419,0.42373532
2010-11-18 17:00:00,2010-11-19 01:00:00,9,0.27706668,0.36323965
2010-11-18 17:00:00,2010-11-19 02:00:00,10,0.95486665,0.41132498
2010-11-18 17:00:00,2010-11-19 03:00:00,11,0.3147,0.43357456
2010-11-18 17:00:00,2010-11-19 04:00:00,12,0.33873335,0.46002924
2010-11-18 17:00:00,2010-11-19 05:00:00,13,0.26493335,0.51926136
2010-11-18 17:00:00,2010-11-19 06:00:00,14,0.85006666,1.0086435
2010-11-18 17:00:00,2010-11-19 07:00:00,15,2.2033,2.2478664
2010-11-18 17:00:00,2010-11-19 08:00:00,16,1.4469666,1.7560395
2010-11-18 17:00:00,2010-11-19 09:00:00,17,1.3643667,1.3430958
2010-11-18 17:00:00,2010-11-19 10:00:00,18,1.3499,1.4339143
2010-11-18 17:00:00,2010-11-19 11:00:00,19,1.3954667,1.3597894
2010-11-18 17:00:00,2010-11-19 12:00:00,20,1.3907,1.3399454
2010-11-18 17:00:00,2010-11-19 13:00:00,21,1.5944,1.0098894
2010-11-18 17:00:00,2010-11-19 14:00:00,22,1.5211,0.87980306
2010-11-18 17:00:00,2010-11-19 15:00:00,23,1.6228666,1.0688096
2010-11-18 17:00:00,2010-11-19 16:00:00,24,1.4697,1.2135758
2010-11-19 17:00:00,2010-11-19 17:00:00,1,0.8242667,1.5695152
2010-11-19 17:00:00,2010-11-19 18:00:00,2,1.0184667,2.1764126
2010-11-19 17:00:00,2010-11-19 19:00:00,3,1.2497667,2.4369624
2010-11-19 17:00:00,2010-11-19 20:00:00,4,1.6652666,2.3323238
2010-11-19 17:00:00,2010-11-19 21:00:00,5,1.7783667,1.7497983
2010-11-19 17:00:00,2010-11-19 22:00:00,6,0.6019667,1.1210448
2010-11-19 17:00:00,2010-11-19 23:00:00,7,0.3342,0.7799859
2010-11-19 17:00:00,2010-11-20 00:00:00,8,0.31696665,0.57144964
2010-11-19 17:00:00,2010-11-20 01:00:00,9,0.2849,0.48444086
2010-11-19 17:00:00,2010-11-20 02:00:00,10,0.3567,0.48667967
2010-11-19 17:00:00,2010-11-20 03:00:00,11,0.31026667,0.45324045
2010-11-19 17:00:00,2010-11-20 04:00:00,12,0.32653335,0.40549678
2010-11-19 17:00:00,2010-11-20 05:00:00,13,0.88526666,0.42639536
2010-11-19 17:00:00,2010-11-20 06:00:00,14,0.7865667,0.72220665
2010-11-19 17:00:00,2010-11-20 07:00:00,15,2.6342332,1.6506335
2010-11-19 17:00:00,2010-11-20 08:00:00,16,1.9728333,1.383114
2010-11-19 17:00:00,2010-11-20 09:00:00,17,1.8750666,1.1170846
2010-11-19 17:00:00,2010-11-20 10:00:00,18,1.2921333,1.0372
2010-11-19 17:00:00,2010-11-20 11:00:00,19,2.6911333,1.2580043
2010-11-19 17:00:00,2010-11-20 12:00:00,20,1.1306,1.4577813
2010-11-19 17:00:00,2010-11-20 13:00:00,21,1.298,1.5648633
2010-11-19 17:00:00,2010-11-20 14:00:00,22,1.0514333,1.6303068
2010-11-19 17:00:00,2010-11-20 15:00:00,23,1.2581667,1.8132887
2010-11-19 17:00:00,2010-11-20 16:00:00,24,1.5170333,1.9263275
2010-11-20 17:00:00,2010-11-20 17:00:00,1,1.7953,1.6149961
2010-11-20 17:00:00,2010-11-20 18:00:00,2,5.6268334,1.7063012
2010-11-20 17:00:00,2010-11-20 19:00:00,3,3.2597,1.7127707
2010-11-20 17:00:00,2010-11-20 20:00:00,4,2.1171334,1.6623828
2010-11-20 17:00:00,2010-11-20 21:00:00,5,1.7741,1.5444735
2010-11-20 17:00:00,2010-11-20 22:00:00,6,1.3264,1.1985662
2010-11-20 17:00:00,2010-11-20 23:00:00,7,0.7294667,0.96187234
2010-11-20 17:00:00,2010-11-21 00:00:00,8,0.5199,0.88564324
2010-11-20 17:00:00,2010-11-21 01:00:00,9,0.2938,0.7657181
2010-11-20 17:00:00,2010-11-21 02:00:00,10,0.8968,0.54319197
2010-11-20 17:00:00,2010-11-21 03:00:00,11,0.3299,0.4198401
2010-11-20 17:00:00,2010-11-21 04:00:00,12,0.34456667,0.38882917
2010-11-20 17:00:00,2010-11-21 05:00:00,13,0.29026666,0.40985167
2010-11-20 17:00:00,2010-11-21 06:00:00,14,0.33686668,0.5103969
2010-11-20 17:00:00,2010-11-21 07:00:00,15,2.0713,0.82156444
2010-11-20 17:00:00,2010-11-21 08:00:00,16,1.4247,0.9899611
2010-11-20 17:00:00,2010-11-21 09:00:00,17,1.2906333,1.1157478
2010-11-20 17:00:00,2010-11-21 10:00:00,18,0.2681,1.1872313
2010-11-20 17:00:00,2010-11-21 11:00:00,19,0.29916668,1.310304
2010-11-20 17:00:00,2010-11-21 12:00:00,20,0.34963334,1.3885491
2010-11-20 17:00:00,2010-11-21 13:00:00,21,0.27686667,1.3794038
2010-11-20 17:00:00,2010-11-21 14:00:00,22,0.28096667,1.4060556
2010-11-20 17:00:00,2010-11-21 15:00:00,23,0.29733333,1.6046884
2010-11-20 17:00:00,2010-11-21 16:00:00,24,0.35083333,1.6050093
2010-11-21 17:00:00,2010-11-21 17:00:00,1,0.72393334,0.5052178
2010-11-21 17:00:00,2010-11-21 18:00:00,2,0.45113334,1.0674906
2010-11-21 17:00:00,2010-11-21 19:00:00,3,0.29546666,1.245532
2010-11-21 17:00:00,2010-11-21 20:00:00,4,0.60476667,1.2841051
2010-11-21 17:00:00,2010-11-21 21:00:00,5,1.2213,1.1275921
2010-11-21 17:00:00,2010-11-21 22:00:00,6,1.4937667,0.53127533
2010-11-21 17:00:00,2010-11-21 23:00:00,7,0.30316666,0.3061201
2010-11-21 17:00:00,2010-11-22 00:00:00,8,0.3675,0.29251158
2010-11-21 17:00:00,2010-11-22 01:00:00,9,0.27986667,0.20250326
2010-11-21 17:00:00,2010-11-22 02:00:00,10,0.28336668,0.2720875
2010-11-21 17:00:00,2010-11-22 03:00:00,11,0.27493334,0.23650563
2010-11-21 17:00:00,2010-11-22 04:00:00,12,0.3683,0.2461282
2010-11-21 17:00:00,2010-11-22 05:00:00,13,0.2859,0.32700324
2010-11-21 17:00:00,2010-11-22 06:00:00,14,0.9530333,0.55453825
2010-11-21 17:00:00,2010-11-22 07:00:00,15,2.137,1.4881678
2010-11-21 17:00:00,2010-11-22 08:00:00,16,2.5902333,1.0546991
2010-11-21 17:00:00,2010-11-22 09:00:00,17,1.4276,0.9246702
2010-11-21 17:00:00,2010-11-22 10:00:00,18,3.1053667,0.7269131
2010-11-21 17:00:00,2010-11-22 11:00:00,19,2.6391332,0.7385199
2010-11-21 17:00:00,2010-11-22 12:00:00,20,1.8669333,0.7420494
2010-11-21 17:00:00,2010-11-22 13:00:00,21,1.9867667,0.54635155
2010-11-21 17:00:00,2010-11-22 14:00:00,22,1.5176667,0.3849033
2010-11-21 17:00:00,2010-11-22 15:00:00,23,1.3865666,0.40200156
2010-11-21 17:00:00,2010-11-22 16:00:00,24,0.69263333,0.45201278
2010-11-22 17:00:00,2010-11-22 17:00:00,1,0.6457667,1.1000487
2010-11-22 17:00:00,2010-11-22 18:00:00,2,3.1683,2.1521192
2010-11-22 17:00:00,2010-11-22 19:00:00,3,2.5895,2.1512413
2010-11-22 17:00:00,2010-11-22 20:00:00,4,1.5825334,2.1375089
2010-11-22 17:00:00,2010-11-22 21:00:00,5,2.3887,1.8940508
2010-11-22 17:00:00,2010-11-22 22:00:00,6,1.1652,1.1519167
2010-11-22 17:00:00,2010-11-22 23:00:00,7,0.3228,0.6034882
2010-11-22 17:00:00,2010-11-23 00:00:00,8,0.36516666,0.38953674
2010-11-22 17:00:00,2010-11-23 01:00:00,9,0.29243332,0.33543402
2010-11-22 17:00:00,2010-11-23 02:00:00,10,0.28236666,0.48246568
2010-11-22 17:00:00,2010-11-23 03:00:00,11,0.2745,0.42907864
2010-11-22 17:00:00,2010-11-23 04:00:00,12,0.36016667,0.37885886
2010-11-22 17:00:00,2010-11-23 05:00:00,13,0.2802,0.3914649
2010-11-22 17:00:00,2010-11-23 06:00:00,14,0.6357333,1.0349913
2010-11-22 17:00:00,2010-11-23 07:00:00,15,2.5486,2.3118482
2010-11-22 17:00:00,2010-11-23 08:00:00,16,1.7040666,1.7822418
2010-11-22 17:00:00,2010-11-23 09:00:00,17,1.4006333,1.5821403
2010-11-22 17:00:00,2010-11-23 10:00:00,18,1.57,1.4585935
2010-11-22 17:00:00,2010-11-23 11:00:00,19,1.7039666,1.3071122
2010-11-22 17:00:00,2010-11-23 12:00:00,20,1.0491667,1.1710207
2010-11-22 17:00:00,2010-11-23 13:00:00,21,0.8319,0.90175754
2010-11-22 17:00:00,2010-11-23 14:00:00,22,1.5486333,0.71554595
2010-11-22 17:00:00,2010-11-23 15:00:00,23,0.4,0.7161976
2010-11-22 17:00:00,2010-11-23 16:00:00,24,0.5092667,0.8281585
2010-11-23 17:00:00,2010-11-23 17:00:00,1,0.97873336,0.672876
2010-11-23 17:00:00,2010-11-23 18:00:00,2,1.8401,1.6756525
2010-11-23 17:00:00,2010-11-23 19:00:00,3,2.2212334,1.7790878
2010-11-23 17:00:00,2010-11-23 20:00:00,4,2.6366668,1.5747213
2010-11-23 17:00:00,2010-11-23 21:00:00,5,1.4262333,1.8518243
2010-11-23 17:00:00,2010-11-23 22:00:00,6,0.8328,1.0442518
2010-11-23 17:00:00,2010-11-23 23:00:00,7,0.5997,0.45644593
2010-11-23 17:00:00,2010-11-24 00:00:00,8,0.35836667,0.34334874
2010-11-23 17:00:00,2010-11-24 01:00:00,9,0.2653,0.15029228
2010-11-23 17:00:00,2010-11-24 02:00:00,10,0.5021,0.3053869
2010-11-23 17:00:00,2010-11-24 03:00:00,11,0.75123334,0.2912199
2010-11-23 17:00:00,2010-11-24 04:00:00,12,0.3203,0.2861117
2010-11-23 17:00:00,2010-11-24 05:00:00,13,0.2844,0.3006065
2010-11-23 17:00:00,2010-11-24 06:00:00,14,0.8289667,0.79675615
2010-11-23 17:00:00,2010-11-24 07:00:00,15,2.8502333,2.2620182
2010-11-23 17:00:00,2010-11-24 08:00:00,16,1.5541667,1.6216097
2010-11-23 17:00:00,2010-11-24 09:00:00,17,1.3640333,1.380652
2010-11-23 17:00:00,2010-11-24 10:00:00,18,1.3726,1.4764159
2010-11-23 17:00:00,2010-11-24 11:00:00,19,1.3923666,1.533432
2010-11-23 17:00:00,2010-11-24 12:00:00,20,1.5837667,1.328773
2010-11-23 17:00:00,2010-11-24 13:00:00,21,1.9610333,0.97656775
2010-11-23 17:00:00,2010-11-24 14:00:00,22,2.0177667,0.9092712
2010-11-23 17:00:00,2010-11-24 15:00:00,23,1.5020334,0.8078067
2010-11-23 17:00:00,2010-11-24 16:00:00,24,0.87406665,0.67938113
2010-11-24 17:00:00,2010-11-24 17:00:00,1,1.9389334,0.9034951
2010-11-24 17:00:00,2010-11-24 18:00:00,2,2.0611334,2.4301476
2010-11-24 17:00:00,2010-11-24 19:00:00,3,1.4982333,2.4220047
2010-11-24 17:00:00,2010-11-24 20:00:00,4,2.3128667,1.95381
2010-11-24 17:00:00,2010-11-24 21:00:00,5,1.5683666,1.9226112
2010-11-24 17:00:00,2010-11-24 22:00:00,6,0.4221,1.0011014
2010-11-24 17:00:00,2010-11-24 23:00:00,7,0.3531,0.5943144
2010-11-24 17:00:00,2010-11-25 00:00:00,8,0.30346668,0.39350224
2010-11-24 17:00:00,2010-11-25 01:00:00,9,0.28966665,0.31556004
2010-11-24 17:00:00,2010-11-25 02:00:00,10,0.26636666,0.3753525
2010-11-24 17:00:00,2010-11-25 03:00:00,11,0.33573332,0.3282836
2010-11-24 17:00:00,2010-11-25 04:00:00,12,0.37706667,0.27433556
2010-11-24 17:00:00,2010-11-25 05:00:00,13,0.88053334,0.2699778
2010-11-24 17:00:00,2010-11-25 06:00:00,14,0.9632,0.73791575
2010-11-24 17:00:00,2010-11-25 07:00:00,15,2.6271334,2.3576627
2010-11-24 17:00:00,2010-11-25 08:00:00,16,1.6294,1.776173
2010-11-24 17:00:00,2010-11-25 09:00:00,17,1.2577,1.4405338
2010-11-24 17:00:00,2010-11-25 10:00:00,18,0.6454667,1.4955858
2010-11-24 17:00:00,2010-11-25 11:00:00,19,1.0280666,1.441853
2010-11-24 17:00:00,2010-11-25 12:00:00,20,0.49973333,1.2643336
2010-11-24 17:00:00,2010-11-25 13:00:00,21,0.35623333,1.205559
2010-11-24 17:00:00,2010-11-25 14:00:00,22,0.30066666,1.1822526
2010-11-24 17:00:00,2010-11-25 15:00:00,23,0.333,1.1037359
2010-11-24 17:00:00,2010-11-25 16:00:00,24,0.5418,0.946465
2010-11-25 17:00:00,2010-11-25 17:00:00,1,1.4801,0.69732547
2010-11-25 17:00:00,2010-11-25 18:00:00,2,2.2116,1.4903035
2010-11-25 17:00:00,2010-11-25 19:00:00,3,2.3304667,1.4688487
2010-11-25 17:00:00,2010-11-25 20:00:00,4,1.6478333,1.4409688
2010-11-25 17:00:00,2010-11-25 21:00:00,5,1.3429333,1.218873
2010-11-25 17:00:00,2010-11-25 22:00:00,6,1.2475667,0.6150584
2010-11-25 17:00:00,2010-11-25 23:00:00,7,0.957,0.34521437
2010-11-25 17:00:00,2010-11-26 00:00:00,8,0.2943,0.27542508
2010-11-25 17:00:00,2010-11-26 01:00:00,9,0.281,0.25830626
2010-11-25 17:00:00,2010-11-26 02:00:00,10,0.27343333,0.30897373
2010-11-25 17:00:00,2010-11-26 03:00:00,11,0.29836667,0.2665143
2010-11-25 17:00:00,2010-11-26 04:00:00,12,0.31403333,0.2928629
2010-11-25 17:00:00,2010-11-26 05:00:00,13,0.28256667,0.3273118
2010-11-25 17:00:00,2010-11-26 06:00:00,14,1.0087667,0.7498568
2010-11-25 17:00:00,2010-11-26 07:00:00,15,2.8839333,2.0642068
2010-11-25 17:00:00,2010-11-26 08:00:00,16,1.9993,1.6275299
2010-11-25 17:00:00,2010-11-26 09:00:00,17,1.8499666,1.4002753
2010-11-25 17:00:00,2010-11-26 10:00:00,18,1.3527666,1.3613086
2010-11-25 17:00:00,2010-11-26 11:00:00,19,1.3389,1.3632412
2010-11-25 17:00:00,2010-11-26 12:00:00,20,1.4902,1.2649783
2010-11-25 17:00:00,2010-11-26 13:00:00,21,1.6129333,1.1894438
2010-11-25 17:00:00,2010-11-26 14:00:00,22,1.4077667,1.1695387
2010-11-25 17:00:00,2010-11-26 15:00:00,23,0.8764333,1.1585168
2010-11-25 17:00:00,2010-11-26 16:00:00,24,1.0679333,0.96895885
