origin,timestamp,lead_hour,actual,prediction
2010-02-22 17:00:00,2010-02-22 17:00:00,1,0.43186668,0.38464415
2010-02-22 17:00:00,2010-02-22 18:00:00,2,0.6655,1.2302146
2010-02-22 17:00:00,2010-02-22 19:00:00,3,0.9057,2.2886734
2010-02-22 17:00:00,2010-02-22 20:00:00,4,2.6160333,2.1781833
2010-02-22 17:00:00,2010-02-22 21:00:00,5,1.6468333,2.0107582
2010-02-22 17:00:00,2010-02-22 22:00:00,6,0.4549,1.7050276
2010-02-22 17:00:00,2010-02-22 23:00:00,7,0.33076668,1.4151605
2010-02-22 17:00:00,2010-02-23 00:00:00,8,0.33413333,0.8028374
2010-02-22 17:00:00,2010-02-23 01:00:00,9,0.31586668,0.5852457
2010-02-22 17:00:00,2010-02-23 02:00:00,10,0.31993333,0.42175055
2010-02-22 17:00:00,2010-02-23 03:00:00,11,0.37166667,0.34705675
2010-02-22 17:00:00,2010-02-23 04:00:00,12,0.6367,0.32418227
2010-02-22 17:00:00,2010-02-23 05:00:00,13,0.72263336,0.3647977
2010-02-22 17:00:00,2010-02-23 06:00:00,14,0.47593334,0.6511773
2010-02-22 17:00:00,2010-02-23 07:00:00,15,1.5644333,1.9270941
2010-02-22 17:00:00,2010-02-23 08:00:00,16,1.6541667,2.0232992
2010-02-22 17:00:00,2010-02-23 09:00:00,17,1.7192333,2.0120995
2010-02-22 17:00:00,2010-02-23 10:00:00,18,1.5509334,1.8087776
2010-02-22 17:00:00,2010-02-23 11:00:00,19,1.5083667,1.7742369
2010-02-22 17:00:00,2010-02-23 12:00:00,20,1.0404667,1.4370992
2010-02-22 17:00:00,2010-02-23 13:00:00,21,0.31136668,1.4040016
2010-02-22 17:00:00,2010-02-23 14:00:00,22,0.305,0.9353298
2010-02-22 17:00:00,2010-02-23 15:00:00,23,0.41766667,0.67593795
2010-02-22 17:00:00,2010-02-23 16:00:00,24,0.34233335,0.58437216
2010-02-23 17:00:00,2010-02-23 17:00:00,1,0.34733334,0.38830447
2010-02-23 17:00:00,2010-02-23 18:00:00,2,1.1009,0.6902617
2010-02-23 17:00:00,2010-02-23 19:00:00,3,2.6907666,1.6649458
2010-02-23 17:00:00,2010-02-23 20:00:00,4,1.3579,2.0100152
2010-02-23 17:00:00,2010-02-23 21:00:00,5,2.1958666,1.7970636
2010-02-23 17:00:00,2010-02-23 22:00:00,6,2.6940668,1.2411067
2010-02-23 17:00:00,2010-02-23 23:00:00,7,0.377,0.68786687
2010-02-23 17:00:00,2010-02-24 00:00:00,8,0.3318,0.42966872
2010-02-23 17:00:00,2010-02-24 01:00:00,9,0.35223332,0.3645206
2010-02-23 17:00:00,2010-02-24 02:00:00,10,0.34156665,0.3508039
2010-02-23 17:00:00,2010-02-24 03:00:00,11,0.3921,0.3567838
2010-02-23 17:00:00,2010-02-24 04:00:00,12,0.38473332,0.35320228
2010-02-23 17:00:00,2010-02-24 05:00:00,13,0.32213333,0.383178
2010-02-23 17:00:00,2010-02-24 06:00:00,14,1.2889667,0.60909265
2010-02-23 17:00:00,2010-02-24 07:00:00,15,1.3173667,1.684144
2010-02-23 17:00:00,2010-02-24 08:00:00,16,3.3562667,1.8939211
2010-02-23 17:00:00,2010-02-24 09:00:00,17,2.1056,1.8204441
2010-02-23 17:00:00,2010-02-24 10:00:00,18,1.5845667,1.6384064
2010-02-23 17:00:00,2010-02-24 11:00:00,19,1.8057,1.5311227
2010-02-23 17:00:00,2010-02-24 12:00:00,20,1.8155667,1.1884776
2010-02-23 17:00:00,2010-02-24 13:00:00,21,1.5309666,0.787559
2010-02-23 17:00:00,2010-02-24 14:00:00,22,1.5017667,0.6494334
2010-02-23 17:00:00,2010-02-24 15:00:00,23,1.4699,0.52756655
2010-02-23 17:00:00,2010-02-24 16:00:00,24,1.434,0.46297222
2010-02-24 17:00:00,2010-02-24 17:00:00,1,1.4261667,1.3113217
2010-02-24 17:00:00,2010-02-24 18:00:00,2,1.4903,1.5980152
2010-02-24 17:00:00,2010-02-24 19:00:00,3,1.4791,2.2301388
2010-02-24 17:00:00,2010-02-24 20:00:00,4,2.8569334,2.1734903
2010-02-24 17:00:00,2010-02-24 21:00:00,5,1.4818,1.8825761
2010-02-24 17:00:00,2010-02-24 22:00:00,6,1.2430667,1.4290692
2010-02-24 17:00:00,2010-02-24 23:00:00,7,0.5920333,0.8552886
2010-02-24 17:00:00,2010-02-25 00:00:00,8,0.6841,0.46343774
2010-02-24 17:00:00,2010-02-25 01:00:00,9,0.41463333,0.395109
2010-02-24 17:00:00,2010-02-25 02:00:00,10,1.0814667,0.36148208
2010-02-24 17:00:00,2010-02-25 03:00:00,11,0.3294,0.3362444
2010-02-24 17:00:00,2010-02-25 04:00:00,12,0.2952,0.36214578
2010-02-24 17:00:00,2010-02-25 05:00:00,13,0.29506665,0.34278893
2010-02-24 17:00:00,2010-02-25 06:00:00,14,0.6400667,0.7761879
2010-02-24 17:00:00,2010-02-25 07:00:00,15,1.8048667,1.8733301
2010-02-24 17:00:00,2010-02-25 08:00:00,16,1.4933667,2.061695
2010-02-24 17:00:00,2010-02-25 09:00:00,17,1.4325,2.075917
2010-02-24 17:00:00,2010-02-25 10:00:00,18,1.5113,1.831527
2010-02-24 17:00:00,2010-02-25 11:00:00,19,1.7162,1.8174345
2010-02-24 17:00:00,2010-02-25 12:00:00,20,1.6984,1.5143725
2010-02-24 17:00:00,2010-02-25 13:00:00,21,1.5552666,1.4080129
2010-02-24 17:00:00,2010-02-25 14:00:00,22,1.5409334,1.2955358
2010-02-24 17:00:00,2010-02-25 15:00:00,23,1.4908333,1.1002735
2010-02-24 17:00:00,2010-02-25 16:00:00,24,2.0642667,1.0510402
2010-02-25 17:00:00,2010-02-25 17:00:00,1,2.0473666,1.6615856
2010-02-25 17:00:00,2010-02-25 18:00:00,2,1.8576,1.6542132
2010-02-25 17:00:00,2010-02-25 19:00:00,3,1.5351666,1.9842501
2010-02-25 17:00:00,2010-02-25 20:00:00,4,1.413,2.1176593
2010-02-25 17:00:00,2010-02-25 21:00:00,5,1.7670333,1.951951
2010-02-25 17:00:00,2010-02-25 22:00:00,6,1.6735,1.729463
2010-02-25 17:00:00,2010-02-25 23:00:00,7,0.9952,1.5496688
2010-02-25 17:00:00,2010-02-26 00:00:00,8,0.6328,1.4588546
2010-02-25 17:00:00,2010-02-26 01:00:00,9,0.33586666,0.83436745
2010-02-25 17:00:00,2010-02-26 02:00:00,10,0.33206666,0.45805854
2010-02-25 17:00:00,2010-02-26 03:00:00,11,0.68763334,0.41230065
2010-02-25 17:00:00,2010-02-26 04:00:00,12,0.637,0.45537943
2010-02-25 17:00:00,2010-02-26 05:00:00,13,0.38,0.43580145
2010-02-25 17:00:00,2010-02-26 06:00:00,14,0.6094,1.2062973
2010-02-25 17:00:00,2010-02-26 07:00:00,15,2.1114333,1.7219458
2010-02-25 17:00:00,2010-02-26 08:00:00,16,0.94206667,1.7920473
2010-02-25 17:00:00,2010-02-26 09:00:00,17,0.73726666,1.7133594
2010-02-25 17:00:00,2010-02-26 10:00:00,18,1.2963667,1.651531
2010-02-25 17:00:00,2010-02-26 11:00:00,19,1.9303334,1.581758
2010-02-25 17:00:00,2010-02-26 12:00:00,20,1.6533333,1.434019
2010-02-25 17:00:00,2010-02-26 13:00:00,21,2.9355333,1.3196741
2010-02-25 17:00:00,2010-02-26 14:00:00,22,1.4112667,0.88942313
2010-02-25 17:00:00,2010-02-26 15:00:00,23,0.8488,0.55156326
2010-02-25 17:00:00,2010-02-26 16:00:00,24,1.4314333,0.5861867
2010-02-26 17:00:00,2010-02-26 17:00:00,1,1.6354333,1.4687153
2010-02-26 17:00:00,2010-02-26 18:00:00,2,1.7331667,1.5391451
2010-02-26 17:00:00,2010-02-26 19:00:00,3,2.7013667,1.6527271
2010-02-26 17:00:00,2010-02-26 20:00:00,4,2.5437667,1.7019567
2010-02-26 17:00:00,2010-02-26 21:00:00,5,2.9376667,1.6537446
2010-02-26 17:00:00,2010-02-26 22:00:00,6,3.1803668,1.4483017
2010-02-26 17:00:00,2010-02-26 23:00:00,7,1.6915667,0.74991685
2010-02-26 17:00:00,2010-02-27 00:00:00,8,0.791,0.54781604
2010-02-26 17:00:00,2010-02-27 01:00:00,9,0.3078,0.45987082
2010-02-26 17:00:00,2010-02-27 02:00:00,10,0.37853333,0.41962636
2010-02-26 17:00:00,2010-02-27 03:00:00,11,0.37203333,0.40488714
2010-02-26 17:00:00,2010-02-27 04:00:00,12,0.30133334,0.4096079
2010-02-26 17:00:00,2010-02-27 05:00:00,13,0.30263335,0.42493743
2010-02-26 17:00:00,2010-02-27 06:00:00,14,0.3033,0.61569685
2010-02-26 17:00:00,2010-02-27 07:00:00,15,0.54256666,1.532276
2010-02-26 17:00:00,2010-02-27 08:00:00,16,0.64666665,1.6543938
2010-02-26 17:00:00,2010-02-27 09:00:00,17,1.5447667,1.656879
2010-02-26 17:00:00,2010-02-27 10:00:00,18,1.7581333,1.6537299
2010-02-26 17:00:00,2010-02-27 11:00:00,19,2.7527332,1.6907256
2010-02-26 17:00:00,2010-02-27 12:00:00,20,1.7181667,1.6057922
2010-02-26 17:00:00,2010-02-27 13:00:00,21,2.0614333,1.5118119
2010-02-26 17:00:00,2010-02-27 14:00:00,22,2.0583,1.3864708
2010-02-26 17:00:00,2010-02-27 15:00:00,23,1.3955333,1.3107079
2010-02-26 17:00:00,2010-02-27 16:00:00,24,2.101,1.2180343
2010-02-27 17:00:00,2010-02-27 17:00:00,1,2.4856668,1.869487
2010-02-27 17:00:00,2010-02-27 18:00:00,2,2.6312666,1.851129
2010-02-27 17:00:00,2010-02-27 19:00:00,3,1.6353,1.9184799
2010-02-27 17:00:00,2010-02-27 20:00:00,4,1.6345,1.9297225
2010-02-27 17:00:00,2010-02-27 21:00:00,5,0.6864333,1.8745489
2010-02-27 17:00:00,2010-02-27 22:00:00,6,0.5222,1.748834
2010-02-27 17:00:00,2010-02-27 23:00:00,7,0.4863,1.3478485
2010-02-27 17:00:00,2010-02-28 00:00:00,8,0.57016665,0.65989614
2010-02-27 17:00:00,2010-02-28 01:00:00,9,0.5520667,0.4059785
2010-02-27 17:00:00,2010-02-28 02:00:00,10,0.5487667,0.3665099
2010-02-27 17:00:00,2010-02-28 03:00:00,11,0.5045,0.36368418
2010-02-27 17:00:00,2010-02-28 04:00:00,12,0.51526666,0.3352704
2010-02-27 17:00:00,2010-02-28 05:00:00,13,1.1840667,0.36906213
2010-02-27 17:00:00,2010-02-28 06:00:00,14,0.6705,0.502334
2010-02-27 17:00:00,2010-02-28 07:00:00,15,0.599,1.1230099
2010-02-27 17:00:00,2010-02-28 08:00:00,16,0.49776667,1.5363898
2010-02-27 17:00:00,2010-02-28 09:00:00,17,0.47373334,1.6269433
2010-02-27 17:00:00,2010-02-28 10:00:00,18,0.4535,1.7017397
2010-02-27 17:00:00,2010-02-28 11:00:00,19,0.2943,1.7947377
2010-02-27 17:00:00,2010-02-28 12:00:00,20,0.32973334,1.7331572
2010-02-27 17:00:00,2010-02-28 13:00:00,21,0.3858,1.7431569
2010-02-27 17:00:00,2010-02-28 14:00:00,22,0.34983334,1.7258589
2010-02-27 17:00:00,2010-02-28 15:00:00,23,1.2580333,1.6506104
2010-02-27 17:00:00,2010-02-28 16:00:00,24,0.32913333,1.6567947
2010-02-28 17:00:00,2010-02-28 17:00:00,1,0.30826667,0.40216285
2010-02-28 17:00:00,2010-02-28 18:00:00,2,0.3589,0.44668257
2010-02-28 17:00:00,2010-02-28 19:00:00,3,0.40896666,0.5108754
2010-02-28 17:00:00,2010-02-28 20:00:00,4,0.3419,0.51503414
2010-02-28 17:00:00,2010-02-28 21:00:00,5,0.28543332,0.51738495
2010-02-28 17:00:00,2010-02-28 22:00:00,6,0.29613334,0.49439538
2010-02-28 17:00:00,2010-02-28 23:00:00,7,0.34533334,0.45290542
2010-02-28 17:00:00,2010-03-01 00:00:00,8,0.35743332,0.43726277
2010-02-28 17:00:00,2010-03-01 01:00:00,9,1.0627333,0.43905234
2010-02-28 17:00:00,2010-03-01 02:00:00,10,0.53316665,0.4205603
2010-02-28 17:00:00,2010-03-01 03:00:00,11,0.29276666,0.43416208
2010-02-28 17:00:00,2010-03-01 04:00:00,12,0.33686668,0.42241424
2010-02-28 17:00:00,2010-03-01 05:00:00,13,0.36653334,0.43797392
2010-02-28 17:00:00,2010-03-01 06:00:00,14,0.32596666,0.49817687
2010-02-28 17:00:00,2010-03-01 07:00:00,15,0.28966665,0.6819543
2010-02-28 17:00:00,2010-03-01 08:00:00,16,0.41626668,0.62519854
2010-02-28 17:00:00,2010-03-01 09:00:00,17,0.3872,0.60711473
2010-02-28 17:00:00,2010-03-01 10:00:00,18,0.39926666,0.55234385
2010-02-28 17:00:00,2010-03-01 11:00:00,19,2.3966334,0.52243066
2010-02-28 17:00:00,2010-03-01 12:00:00,20,2.1227667,0.46253967
2010-02-28 17:00:00,2010-03-01 13:00:00,21,1.4875667,0.45113963
2010-02-28 17:00:00,2010-03-01 14:00:00,22,1.4439666,0.43242443
2010-02-28 17:00:00,2010-03-01 15:00:00,23,1.0298333,0.44224054
2010-02-28 17:00:00,2010-03-01 16:00:00,24,0.9595,0.42986494
2010-03-01 17:00:00,2010-03-01 17:00:00,1,0.92476666,0.9010385
2010-03-01 17:00:00,2010-03-01 18:00:00,2,0.87596667,0.898895
2010-03-01 17:00:00,2010-03-01 19:00:00,3,0.84833336,0.9039278
2010-03-01 17:00:00,2010-03-01 20:00:00,4,1.5795,0.91573775
2010-03-01 17:00:00,2010-03-01 21:00:00,5,0.9711667,1.0085459
2010-03-01 17:00:00,2010-03-01 22:00:00,6,1.2349666,0.91066015
2010-03-01 17:00:00,2010-03-01 23:00:00,7,1.0026333,0.6125425
2010-03-01 17:00:00,2010-03-02 00:00:00,8,0.48003334,0.5558113
2010-03-01 17:00:00,2010-03-02 01:00:00,9,0.4935,0.5065624
2010-03-01 17:00:00,2010-03-02 02:00:00,10,0.55366665,0.51070255
2010-03-01 17:00:00,2010-03-02 03:00:00,11,0.5527667,0.48813385
2010-03-01 17:00:00,2010-03-02 04:00:00,12,0.48926666,0.49007863
2010-03-01 17:00:00,2010-03-02 05:00:00,13,0.50593334,0.49896294
2010-03-01 17:00:00,2010-03-02 06:00:00,14,0.5280667,0.5931083
2010-03-01 17:00:00,2010-03-02 07:00:00,15,0.48913333,1.300838
2010-03-01 17:00:00,2010-03-02 08:00:00,16,1.5749,1.2919738
2010-03-01 17:00:00,2010-03-02 09:00:00,17,0.3081,1.2253441
2010-03-01 17:00:00,2010-03-02 10:00:00,18,0.3351,1.271274
2010-03-01 17:00:00,2010-03-02 11:00:00,19,0.34136668,1.352924
2010-03-01 17:00:00,2010-03-02 12:00:00,20,0.5778667,1.3388226
2010-03-01 17:00:00,2010-03-02 13:00:00,21,0.9327667,1.2315532
2010-03-01 17:00:00,2010-03-02 14:00:00,22,0.35973334,1.1759137
2010-03-01 17:00:00,2010-03-02 15:00:00,23,0.31776667,1.1163788
2010-03-01 17:00:00,2010-03-02 16:00:00,24,0.3051,1.1608036
2010-03-02 17:00:00,2010-03-02 17:00:00,1,0.32773334,0.36383694
2010-03-02 17:00:00,2010-03-02 18:00:00,2,0.3562,0.53575176
2010-03-02 17:00:00,2010-03-02 19:00:00,3,0.38833332,0.37353832
2010-03-02 17:00:00,2010-03-02 20:00:00,4,0.32193333,0.3753407
2010-03-02 17:00:00,2010-03-02 21:00:00,5,0.41926667,0.37890637
2010-03-02 17:00:00,2010-03-02 22:00:00,6,1.0003667,0.42078638
2010-03-02 17:00:00,2010-03-02 23:00:00,7,0.8228667,0.44657475
2010-03-02 17:00:00,2010-03-03 00:00:00,8,0.76743335,0.38845092
2010-03-02 17:00:00,2010-03-03 01:00:00,9,0.6553,0.38227344
2010-03-02 17:00:00,2010-03-03 02:00:00,10,0.5165667,0.3912694
2010-03-02 17:00:00,2010-03-03 03:00:00,11,0.3934,0.491378
2010-03-02 17:00:00,2010-03-03 04:00:00,12,0.35006666,0.75271994
2010-03-02 17:00:00,2010-03-03 05:00:00,13,0.3809,0.40247184
2010-03-02 17:00:00,2010-03-03 06:00:00,14,0.31166667,0.40486342
2010-03-02 17:00:00,2010-03-03 07:00:00,15,1.0407667,0.43911308
2010-03-02 17:00:00,2010-03-03 08:00:00,16,1.5217333,0.5456775
2010-03-02 17:00:00,2010-03-03 09:00:00,17,1.4347,0.6318383
2010-03-02 17:00:00,2010-03-03 10:00:00,18,1.4497334,0.50497234
2010-03-02 17:00:00,2010-03-03 11:00:00,19,1.4351333,0.48560494
2010-03-02 17:00:00,2010-03-03 12:00:00,20,0.60676664,0.51076305
2010-03-02 17:00:00,2010-03-03 13:00:00,21,0.36253333,0.7201519
2010-03-02 17:00:00,2010-03-03 14:00:00,22,0.3437,0.9473905
2010-03-02 17:00:00,2010-03-03 15:00:00,23,0.41186666,0.52121544
2010-03-02 17:00:00,2010-03-03 16:00:00,24,0.33626667,0.5165936
2010-03-03 17:00:00,2010-03-03 17:00:00,1,0.36363333,0.36814636
2010-03-03 17:00:00,2010-03-03 18:00:00,2,0.32056665,0.39597368
2010-03-03 17:00:00,2010-03-03 19:00:00,3,0.32196668,0.4295544
2010-03-03 17:00:00,2010-03-03 20:00:00,4,0.99583334,0.43537712
2010-03-03 17:00:00,2010-03-03 21:00:00,5,0.5968,0.44712013
2010-03-03 17:00:00,2010-03-03 22:00:00,6,0.34376666,0.44683766
2010-03-03 17:00:00,2010-03-03 23:00:00,7,0.33613333,0.44343185
2010-03-03 17:00:00,2010-03-04 00:00:00,8,0.33713335,0.43656707
2010-03-03 17:00:00,2010-03-04 01:00:00,9,0.33816665,0.4358083
2010-03-03 17:00:00,2010-03-04 02:00:00,10,0.3848,0.43309593
2010-03-03 17:00:00,2010-03-04 03:00:00,11,0.34163332,0.45251793
2010-03-03 17:00:00,2010-03-04 04:00:00,12,0.3218,0.4940314
2010-03-03 17:00:00,2010-03-04 05:00:00,13,0.3137,0.4976873
2010-03-03 17:00:00,2010-03-04 06:00:00,14,1.28,0.50922275
2010-03-03 17:00:00,2010-03-04 07:00:00,15,0.40326667,0.51022565
2010-03-03 17:00:00,2010-03-04 08:00:00,16,0.35486665,0.52550685
2010-03-03 17:00:00,2010-03-04 09:00:00,17,0.37003332,0.5142486
2010-03-03 17:00:00,2010-03-04 10:00:00,18,0.3516,0.52349234
2010-03-03 17:00:00,2010-03-04 11:00:00,19,0.36406666,0.52339
2010-03-03 17:00:00,2010-03-04 12:00:00,20,0.3866,0.5158757
2010-03-03 17:00:00,2010-03-04 13:00:00,21,0.38593334,0.52764595
2010-03-03 17:00:00,2010-03-04 14:00:00,22,0.31716666,0.5479163
2010-03-03 17:00:00,2010-03-04 15:00:00,23,0.32573333,0.52945566
2010-03-03 17:00:00,2010-03-04 16:00:00,24,1.2828,0.51911694
2010-03-04 17:00:00,2010-03-04 17:00:00,1,0.38583332,0.93515134
2010-03-04 17:00:00,2010-03-04 18:00:00,2,0.6367667,0.42199725
2010-03-04 17:00:00,2010-03-04 19:00:00,3,0.48863333,0.40625432
2010-03-04 17:00:00,2010-03-04 20:00:00,4,0.48403335,0.39050314
2010-03-04 17:00:00,2010-03-04 21:00:00,5,0.48343334,0.3861381
2010-03-04 17:00:00,2010-03-04 22:00:00,6,0.49926665,0.3898776
2010-03-04 17:00:00,2010-03-04 23:00:00,7,0.54406667,0.3832906
2010-03-04 17:00:00,2010-03-05 00:00:00,8,0.5011333,0.3791922
2010-03-04 17:00:00,2010-03-05 01:00:00,9,0.48556668,0.3900611
2010-03-04 17:00:00,2010-03-05 02:00:00,10,1.3871,0.5734454
2010-03-04 17:00:00,2010-03-05 03:00:00,11,0.5762333,0.47615913
2010-03-04 17:00:00,2010-03-05 04:00:00,12,0.54793334,0.41300005
2010-03-04 17:00:00,2010-03-05 05:00:00,13,0.5155,0.4006751
2010-03-04 17:00:00,2010-03-05 06:00:00,14,0.4806,0.38925245
2010-03-04 17:00:00,2010-03-05 07:00:00,15,0.468,0.3931658
2010-03-04 17:00:00,2010-03-05 08:00:00,16,0.36953333,0.4028646
2010-03-04 17:00:00,2010-03-05 09:00:00,17,0.35926667,0.3947789
2010-03-04 17:00:00,2010-03-05 10:00:00,18,0.52503335,0.39360902
2010-03-04 17:00:00,2010-03-05 11:00:00,19,0.50636667,0.40125358
2010-03-04 17:00:00,2010-03-05 12:00:00,20,1.4802,0.4875306
2010-03-04 17:00:00,2010-03-05 13:00:00,21,2.0109334,0.48254094
2010-03-04 17:00:00,2010-03-05 14:00:00,22,2.0591667,0.4573879
2010-03-04 17:00:00,2010-03-05 15:00:00,23,0.66546667,0.41434628
2010-03-04 17:00:00,2010-03-05 16:00:00,24,0.40336666,0.40580237
2010-03-05 17:00:00,2010-03-05 17:00:00,1,0.3437,0.41230989
2010-03-05 17:00:00,2010-03-05 18:00:00,2,0.30566666,0.40347183
2010-03-05 17:00:00,2010-03-05 19:00:00,3,1.6201667,0.40091547
2010-03-05 17:00:00,2010-03-05 20:00:00,4,0.9943,0.40166637
2010-03-05 17:00:00,2010-03-05 21:00:00,5,0.88133335,0.40122995
2010-03-05 17:00:00,2010-03-05 22:00:00,6,0.9209667,0.4574016
2010-03-05 17:00:00,2010-03-05 23:00:00,7,0.4879,0.56380033
2010-03-05 17:00:00,2010-03-06 00:00:00,8,0.4579,0.6364311
2010-03-05 17:00:00,2010-03-06 01:00:00,9,0.37016666,0.4448895
2010-03-05 17:00:00,2010-03-06 02:00:00,10,0.30316666,0.408015
2010-03-05 17:00:00,2010-03-06 03:00:00,11,0.3353,0.4033551
2010-03-05 17:00:00,2010-03-06 04:00:00,12,0.2996,0.40529403
2010-03-05 17:00:00,2010-03-06 05:00:00,13,0.29463333,0.4075149
2010-03-05 17:00:00,2010-03-06 06:00:00,14,0.6253333,0.40945426
2010-03-05 17:00:00,2010-03-06 07:00:00,15,0.82126665,0.40963468
2010-03-05 17:00:00,2010-03-06 08:00:00,16,0.32383335,0.4542038
2010-03-05 17:00:00,2010-03-06 09:00:00,17,0.6305,0.72396624
2010-03-05 17:00:00,2010-03-06 10:00:00,18,1.2609667,0.7794549
2010-03-05 17:00:00,2010-03-06 11:00:00,19,1.1401,0.48684818
2010-03-05 17:00:00,2010-03-06 12:00:00,20,0.33876666,0.43460366
2010-03-05 17:00:00,2010-03-06 13:00:00,21,0.31003332,0.42813396
2010-03-05 17:00:00,2010-03-06 14:00:00,22,0.33093333,0.43397012
2010-03-05 17:00:00,2010-03-06 15:00:00,23,0.31883332,0.43137383
2010-03-05 17:00:00,2010-03-06 16:00:00,24,1.0034667,0.4288369
2010-03-06 17:00:00,2010-03-06 17:00:00,1,1.0667334,0.86031866
2010-03-06 17:00:00,2010-03-06 18:00:00,2,0.4813,0.4126943
2010-03-06 17:00:00,2010-03-06 19:00:00,3,0.4736,0.39991683
2010-03-06 17:00:00,2010-03-06 20:00:00,4,0.4773,0.45476228
2010-03-06 17:00:00,2010-03-06 21:00:00,5,0.50666666,0.50093514
2010-03-06 17:00:00,2010-03-06 22:00:00,6,0.56986666,0.3784999
2010-03-06 17:00:00,2010-03-06 23:00:00,7,0.50493336,0.36676455
2010-03-06 17:00:00,2010-03-07 00:00:00,8,0.49646667,0.36023706
2010-03-06 17:00:00,2010-03-07 01:00:00,9,1.1485667,0.38095847
2010-03-06 17:00:00,2010-03-07 02:00:00,10,0.61006665,0.6869885
2010-03-06 17:00:00,2010-03-07 03:00:00,11,0.5323333,0.51024413
2010-03-06 17:00:00,2010-03-07 04:00:00,12,0.5289,0.43117782
2010-03-06 17:00:00,2010-03-07 05:00:00,13,0.4928,0.42879814
2010-03-06 17:00:00,2010-03-07 06:00:00,14,0.49386665,0.46523863
2010-03-06 17:00:00,2010-03-07 07:00:00,15,0.4886,0.50044113
2010-03-06 17:00:00,2010-03-07 08:00:00,16,0.51886666,0.43484315
2010-03-06 17:00:00,2010-03-07 09:00:00,17,0.52526665,0.4182985
2010-03-06 17:00:00,2010-03-07 10:00:00,18,0.43756667,0.4171847
2010-03-06 17:00:00,2010-03-07 11:00:00,19,1.0612333,0.42713702
2010-03-06 17:00:00,2010-03-07 12:00:00,20,0.3059,0.5526347
2010-03-06 17:00:00,2010-03-07 13:00:00,21,0.29353333,0.48960853
2010-03-06 17:00:00,2010-03-07 14:00:00,22,0.3666,0.4528067
2010-03-06 17:00:00,2010-03-07 15:00:00,23,1.0190333,0.43758768
2010-03-06 17:00:00,2010-03-07 16:00:00,24,0.76933336,0.44771415
2010-03-07 17:00:00,2010-03-07 17:00:00,1,2.4348667,0.52998245
2010-03-07 17:00:00,2010-03-07 18:00:00,2,2.5753334,0.4516523
2010-03-07 17:00:00,2010-03-07 19:00:00,3,1.5285,0.41532683
2010-03-07 17:00:00,2010-03-07 20:00:00,4,2.1405,0.41284162
2010-03-07 17:00:00,2010-03-07 21:00:00,5,2.2098,0.43135595
2010-03-07 17:00:00,2010-03-07 22:00:00,6,1.1494334,0.43285853
2010-03-07 17:00:00,2010-03-07 23:00:00,7,0.7471667,0.44458765
2010-03-07 17:00:00,2010-03-08 00:00:00,8,0.7092,0.47309655
2010-03-07 17:00:00,2010-03-08 01:00:00,9,1.0575666,0.48669916
2010-03-07 17:00:00,2010-03-08 02:00:00,10,0.359,0.48872125
2010-03-07 17:00:00,2010-03-08 03:00:00,11,0.36603335,0.466313
2010-03-07 17:00:00,2010-03-08 04:00:00,12,0.3475,0.4550333
2010-03-07 17:00:00,2010-03-08 05:00:00,13,0.40583333,0.44909286
2010-03-07 17:00:00,2010-03-08 06:00:00,14,1.0259666,0.4481758
2010-03-07 17:00:00,2010-03-08 07:00:00,15,2.9262333,0.4507485
2010-03-07 17:00:00,2010-03-08 08:00:00,16,3.4103,0.45275825
2010-03-07 17:00:00,2010-03-08 09:00:00,17,3.5183334,0.4553601
2010-03-07 17:00:00,2010-03-08 10:00:00,18,2.1521,0.4611722
2010-03-07 17:00:00,2010-03-08 11:00:00,19,1.8522333,0.46924576
2010-03-07 17:00:00,2010-03-08 12:00:00,20,3.0424666,0.46821928
2010-03-07 17:00:00,2010-03-08 13:00:00,21,2.3847,0.46380293
2010-03-07 17:00:00,2010-03-08 14:00:00,22,2.0263333,0.4591754
2010-03-07 17:00:00,2010-03-08 15:00:00,23,3.969,0.45800892
2010-03-07 17:00:00,2010-03-08 16:00:00,24,2.0823,0.45879287
2010-03-08 17:00:00,2010-03-08 17:00:00,1,1.571,1.9057322
2010-03-08 17:00:00,2010-03-08 18:00:00,2,1.9182,1.8860879
2010-03-08 17:00:00,2010-03-08 19:00:00,3,1.7293333,1.8373349
2010-03-08 17:00:00,2010-03-08 20:00:00,4,2.4488666,1.7216053
2010-03-08 17:00:00,2010-03-08 21:00:00,5,1.4269333,1.6644973
2010-03-08 17:00:00,2010-03-08 22:00:00,6,1.5056,1.6236392
2010-03-08 17:00:00,2010-03-08 23:00:00,7,0.38326666,1.5998158
2010-03-08 17:00:00,2010-03-09 00:00:00,8,0.37643334,1.5301893
2010-03-08 17:00:00,2010-03-09 01:00:00,9,0.35986668,1.5256596
2010-03-08 17:00:00,2010-03-09 02:00:00,10,0.41736665,1.4765508
2010-03-08 17:00:00,2010-03-09 03:00:00,11,0.39373332,1.474812
2010-03-08 17:00:00,2010-03-09 04:00:00,12,0.3563,1.4758512
2010-03-08 17:00:00,2010-03-09 05:00:00,13,0.3386,1.4782307
2010-03-08 17:00:00,2010-03-09 06:00:00,14,1.043,1.4036009
2010-03-08 17:00:00,2010-03-09 07:00:00,15,2.7051334,1.3690331
2010-03-08 17:00:00,2010-03-09 08:00:00,16,2.2661333,1.3498245
2010-03-08 17:00:00,2010-03-09 09:00:00,17,1.5600333,1.3238164
2010-03-08 17:00:00,2010-03-09 10:00:00,18,1.5031333,1.2910017
2010-03-08 17:00:00,2010-03-09 11:00:00,19,1.6102,1.2769557
2010-03-08 17:00:00,2010-03-09 12:00:00,20,1.6400334,1.2514099
2010-03-08 17:00:00,2010-03-09 13:00:00,21,2.1889668,1.2452604
2010-03-08 17:00:00,2010-03-09 14:00:00,22,0.7654667,1.2320569
2010-03-08 17:00:00,2010-03-09 15:00:00,23,0.48246667,1.2157912
2010-03-08 17:00:00,2010-03-09 16:00:00,24,0.86436665,1.2073077
2010-03-09 17:00:00,2010-03-09 17:00:00,1,0.5411,0.68369746
2010-03-09 17:00:00,2010-03-09 18:00:00,2,0.9225,0.64784133
2010-03-09 17:00:00,2010-03-09 19:00:00,3,1.8510333,0.56594265
2010-03-09 17:00:00,2010-03-09 20:00:00,4,2.7466667,0.5576283
2010-03-09 17:00:00,2010-03-09 21:00:00,5,2.3795667,0.5664962
2010-03-09 17:00:00,2010-03-09 22:00:00,6,1.5587667,0.58465075
2010-03-09 17:00:00,2010-03-09 23:00:00,7,0.46433333,0.6984924
2010-03-09 17:00:00,2010-03-10 00:00:00,8,1.1348667,0.63261646
2010-03-09 17:00:00,2010-03-10 01:00:00,9,0.34586668,0.62412506
2010-03-09 17:00:00,2010-03-10 02:00:00,10,0.348,0.8277753
2010-03-09 17:00:00,2010-03-10 03:00:00,11,0.32676667,0.7754791
2010-03-09 17:00:00,2010-03-10 04:00:00,12,0.3226,0.75144565
2010-03-09 17:00:00,2010-03-10 05:00:00,13,0.38776666,0.66903263
2010-03-09 17:00:00,2010-03-10 06:00:00,14,0.9798333,0.6351125
2010-03-09 17:00:00,2010-03-10 07:00:00,15,2.5680332,0.6418112
2010-03-09 17:00:00,2010-03-10 08:00:00,16,2.0532,0.6470413
2010-03-09 17:00:00,2010-03-10 09:00:00,17,1.9632334,0.7105349
2010-03-09 17:00:00,2010-03-10 10:00:00,18,1.4259,0.67631817
2010-03-09 17:00:00,2010-03-10 11:00:00,19,1.4626,0.6563448
2010-03-09 17:00:00,2010-03-10 12:00:00,20,1.7757334,0.8612132
2010-03-09 17:00:00,2010-03-10 13:00:00,21,1.5464667,0.8359909
2010-03-09 17:00:00,2010-03-10 14:00:00,22,1.7727,0.6893468
2010-03-09 17:00:00,2010-03-10 15:00:00,23,1.7884333,0.60981244
2010-03-09 17:00:00,2010-03-10 16:00:00,24,1.7697333,0.59212565
2010-03-10 17:00:00,2010-03-10 17:00:00,1,1.769,1.65464
2010-03-10 17:00:00,2010-03-10 18:00:00,2,1.5340667,1.6511335
2010-03-10 17:00:00,2010-03-10 19:00:00,3,1.086,1.7471077
2010-03-10 17:00:00,2010-03-10 20:00:00,4,1.0920334,1.7773288
2010-03-10 17:00:00,2010-03-10 21:00:00,5,1.3783667,1.5431056
2010-03-10 17:00:00,2010-03-10 22:00:00,6,0.97893333,1.2609282
2010-03-10 17:00:00,2010-03-10 23:00:00,7,0.56706667,0.76934624
2010-03-10 17:00:00,2010-03-11 00:00:00,8,0.714,0.705178
2010-03-10 17:00:00,2010-03-11 01:00:00,9,0.8372667,0.568784
2010-03-10 17:00:00,2010-03-11 02:00:00,10,0.32546666,0.5082538
2010-03-10 17:00:00,2010-03-11 03:00:00,11,0.3885,0.4664514
2010-03-10 17:00:00,2010-03-11 04:00:00,12,0.32046667,0.50528383
2010-03-10 17:00:00,2010-03-11 05:00:00,13,0.32726666,0.53102744
2010-03-10 17:00:00,2010-03-11 06:00:00,14,0.92366666,1.035106
2010-03-10 17:00:00,2010-03-11 07:00:00,15,2.0521,1.6888571
2010-03-10 17:00:00,2010-03-11 08:00:00,16,1.9032333,1.6898415
2010-03-10 17:00:00,2010-03-11 09:00:00,17,1.4354,1.502448
2010-03-10 17:00:00,2010-03-11 10:00:00,18,1.4897333,1.4010687
2010-03-10 17:00:00,2010-03-11 11:00:00,19,1.3750334,1.4056948
2010-03-10 17:00:00,2010-03-11 12:00:00,20,1.3797667,1.4137657
2010-03-10 17:00:00,2010-03-11 13:00:00,21,1.4112,1.4609636
2010-03-10 17:00:00,2010-03-11 14:00:00,22,1.4503,1.335768
2010-03-10 17:00:00,2010-03-11 15:00:00,23,0.39733332,1.3108377
2010-03-10 17:00:00,2010-03-11 16:00:00,24,0.2986,1.2532444
2010-03-11 17:00:00,2010-03-11 17:00:00,1,0.3021,0.37589383
2010-03-11 17:00:00,2010-03-11 18:00:00,2,1.4762,0.75801164
2010-03-11 17:00:00,2010-03-11 19:00:00,3,2.4903667,1.2930439
2010-03-11 17:00:00,2010-03-11 20:00:00,4,3.4857333,1.4878752
2010-03-11 17:00:00,2010-03-11 21:00:00,5,3.9463665,1.3577467
2010-03-11 17:00:00,2010-03-11 22:00:00,6,2.0787,1.0830028
2010-03-11 17:00:00,2010-03-11 23:00:00,7,1.7093667,0.62418854
2010-03-11 17:00:00,2010-03-12 00:00:00,8,1.3978,0.5600387
2010-03-11 17:00:00,2010-03-12 01:00:00,9,0.3559,0.47302973
2010-03-11 17:00:00,2010-03-12 02:00:00,10,0.30193335,0.43357104
2010-03-11 17:00:00,2010-03-12 03:00:00,11,0.29826668,0.41818774
2010-03-11 17:00:00,2010-03-12 04:00:00,12,0.30716667,0.41789186
2010-03-11 17:00:00,2010-03-12 05:00:00,13,0.31303334,0.44029582
2010-03-11 17:00:00,2010-03-12 06:00:00,14,0.37306666,0.6650975
2010-03-11 17:00:00,2010-03-12 07:00:00,15,2.0167665,1.369515
2010-03-11 17:00:00,2010-03-12 08:00:00,16,2.374,1.3603805
2010-03-11 17:00:00,2010-03-12 09:00:00,17,1.9429,1.2927645
2010-03-11 17:00:00,2010-03-12 10:00:00,18,1.3724,1.1742797
2010-03-11 17:00:00,2010-03-12 11:00:00,19,1.4427,1.1247929
2010-03-11 17:00:00,2010-03-12 12:00:00,20,1.4186667,1.0838249
2010-03-11 17:00:00,2010-03-12 13:00:00,21,1.4136333,1.0044298
2010-03-11 17:00:00,2010-03-12 14:00:00,22,1.5757333,0.72462595
2010-03-11 17:00:00,2010-03-12 15:00:00,23,1.2898667,0.58874524
2010-03-11 17:00:00,2010-03-12 16:00:00,24,1.0065666,0.5811348
2010-03-12 17:00:00,2010-03-12 17:00:00,1,0.66833335,1.1443942
2010-03-12 17:00:00,2010-03-12 18:00:00,2,1.1187333,1.2938519
2010-03-12 17:00:00,2010-03-12 19:00:00,3,2.9231668,1.351414
2010-03-12 17:00:00,2010-03-12 20:00:00,4,0.90183336,1.4203706
2010-03-12 17:00:00,2010-03-12 21:00:00,5,0.7996333,1.3663362
2010-03-12 17:00:00,2010-03-12 22:00:00,6,0.72763336,1.1173902
2010-03-12 17:00:00,2010-03-12 23:00:00,7,1.084,0.5155578
2010-03-12 17:00:00,2010-03-13 00:00:00,8,0.34476668,0.4932406
2010-03-12 17:00:00,2010-03-13 01:00:00,9,0.31016666,0.40136617
2010-03-12 17:00:00,2010-03-13 02:00:00,10,0.30873334,0.3556751
2010-03-12 17:00:00,2010-03-13 03:00:00,11,0.36943334,0.34865266
2010-03-12 17:00:00,2010-03-13 04:00:00,12,0.30336666,0.34808904
2010-03-12 17:00:00,2010-03-13 05:00:00,13,0.31213334,0.36812216
2010-03-12 17:00:00,2010-03-13 06:00:00,14,0.60936666,0.67245674
2010-03-12 17:00:00,2010-03-13 07:00:00,15,2.1092334,1.5895251
2010-03-12 17:00:00,2010-03-13 08:00:00,16,1.6128,1.6646963
2010-03-12 17:00:00,2010-03-13 09:00:00,17,1.8924,1.463727
2010-03-12 17:00:00,2010-03-13 10:00:00,18,2.7700667,1.4018017
2010-03-12 17:00:00,2010-03-13 11:00:00,19,2.0014,1.3950657
2010-03-12 17:00:00,2010-03-13 12:00:00,20,2.3242333,1.328976
2010-03-12 17:00:00,2010-03-13 13:00:00,21,1.719,1.3077422
2010-03-12 17:00:00,2010-03-13 14:00:00,22,3.0405667,1.0287364
2010-03-12 17:00:00,2010-03-13 15:00:00,23,2.1255667,0.55038273
2010-03-12 17:00:00,2010-03-13 16:00:00,24,0.9097667,0.5308839
2010-03-13 17:00:00,2010-03-13 17:00:00,1,2.8752666,0.68110675
2010-03-13 17:00:00,2010-03-13 18:00:00,2,3.8424,1.3076403
2010-03-13 17:00:00,2010-03-13 19:00:00,3,3.4206667,1.8200536
2010-03-13 17:00:00,2010-03-13 20:00:00,4,2.0950334,2.090991
2010-03-13 17:00:00,2010-03-13 21:00:00,5,1.4258,1.9567332
2010-03-13 17:00:00,2010-03-13 22:00:00,6,1.454,1.417294
2010-03-13 17:00:00,2010-03-13 23:00:00,7,1.5406667,1.0075854
2010-03-13 17:00:00,2010-03-14 00:00:00,8,1.5161333,0.8682362
2010-03-13 17:00:00,2010-03-14 01:00:00,9,0.99506664,0.40353042
2010-03-13 17:00:00,2010-03-14 02:00:00,10,0.32976666,0.32278872
2010-03-13 17:00:00,2010-03-14 03:00:00,11,0.33253333,0.31377006
2010-03-13 17:00:00,2010-03-14 04:00:00,12,0.39686668,0.31012946
2010-03-13 17:00:00,2010-03-14 05:00:00,13,0.30993333,0.3081479
2010-03-13 17:00:00,2010-03-14 06:00:00,14,0.30563334,0.5935594
2010-03-13 17:00:00,2010-03-14 07:00:00,15,0.33866668,1.8294469
2010-03-13 17:00:00,2010-03-14 08:00:00,16,0.32763332,1.9521897
2010-03-13 17:00:00,2010-03-14 09:00:00,17,0.8662,1.8196123
2010-03-13 17:00:00,2010-03-14 10:00:00,18,1.1476333,1.5610563
2010-03-13 17:00:00,2010-03-14 11:00:00,19,1.0257334,1.5533917
2010-03-13 17:00:00,2010-03-14 12:00:00,20,1.7820333,1.6190255
2010-03-13 17:00:00,2010-03-14 13:00:00,21,1.7599334,1.5946558
2010-03-13 17:00:00,2010-03-14 14:00:00,22,1.0251666,1.5776803
2010-03-13 17:00:00,2010-03-14 15:00:00,23,1.0403334,1.4474201
2010-03-13 17:00:00,2010-03-14 16:00:00,24,0.7776667,1.2277982
2010-03-14 17:00:00,2010-03-14 17:00:00,1,1.5238,0.8131617
2010-03-14 17:00:00,2010-03-14 18:00:00,2,1.1731334,1.1678942
2010-03-14 17:00:00,2010-03-14 19:00:00,3,1.6451334,1.5545807
2010-03-14 17:00:00,2010-03-14 20:00:00,4,1.5069667,1.3736918
2010-03-14 17:00:00,2010-03-14 21:00:00,5,2.9930665,1.1881884
2010-03-14 17:00:00,2010-03-14 22:00:00,6,1.7999,1.0939468
2010-03-14 17:00:00,2010-03-14 23:00:00,7,1.1929667,0.84693813
2010-03-14 17:00:00,2010-03-15 00:00:00,8,0.42966667,0.8880592
2010-03-14 17:00:00,2010-03-15 01:00:00,9,0.3202,0.5559469
2010-03-14 17:00:00,2010-03-15 02:00:00,10,0.56296664,0.35230017
2010-03-14 17:00:00,2010-03-15 03:00:00,11,0.67473334,0.3386557
2010-03-14 17:00:00,2010-03-15 04:00:00,12,0.30633333,0.2773757
2010-03-14 17:00:00,2010-03-15 05:00:00,13,0.38783333,0.29230535
2010-03-14 17:00:00,2010-03-15 06:00:00,14,0.6480333,0.8136006
2010-03-14 17:00:00,2010-03-15 07:00:00,15,1.9643333,1.7609174
2010-03-14 17:00:00,2010-03-15 08:00:00,16,1.4282666,1.76793
2010-03-14 17:00:00,2010-03-15 09:00:00,17,1.4862666,1.6899732
2010-03-14 17:00:00,2010-03-15 10:00:00,18,1.5205667,1.6504147
2010-03-14 17:00:00,2010-03-15 11:00:00,19,1.5355667,1.5527666
2010-03-14 17:00:00,2010-03-15 12:00:00,20,1.6847,1.7065202
2010-03-14 17:00:00,2010-03-15 13:00:00,21,1.4186667,1.5944313
2010-03-14 17:00:00,2010-03-15 14:00:00,22,1.4522,1.4612806
2010-03-14 17:00:00,2010-03-15 15:00:00,23,1.5035,1.247951
2010-03-14 17:00:00,2010-03-15 16:00:00,24,1.0247333,0.95069516
2010-03-15 17:00:00,2010-03-15 17:00:00,1,0.4724,1.1575228
2010-03-15 17:00:00,2010-03-15 18:00:00,2,0.48893332,1.4648424
2010-03-15 17:00:00,2010-03-15 19:00:00,3,2.9292333,1.8436108
2010-03-15 17:00:00,2010-03-15 20:00:00,4,2.7648,1.7267251
2010-03-15 17:00:00,2010-03-15 21:00:00,5,2.5572667,1.6130643
2010-03-15 17:00:00,2010-03-15 22:00:00,6,1.7437,1.3564415
2010-03-15 17:00:00,2010-03-15 23:00:00,7,0.5592667,1.0763761
2010-03-15 17:00:00,2010-03-16 00:00:00,8,0.31283334,0.80880773
2010-03-15 17:00:00,2010-03-16 01:00:00,9,0.40213335,0.42841482
2010-03-15 17:00:00,2010-03-16 02:00:00,10,0.3346,0.36446422
2010-03-15 17:00:00,2010-03-16 03:00:00,11,0.29963332,0.36803782
2010-03-15 17:00:00,2010-03-16 04:00:00,12,0.90063334,0.31505245
2010-03-15 17:00:00,2010-03-16 05:00:00,13,0.33876666,0.31694853
2010-03-15 17:00:00,2010-03-16 06:00:00,14,1.5128,0.5701073
2010-03-15 17:00:00,2010-03-16 07:00:00,15,1.6480666,1.7904419
2010-03-15 17:00:00,2010-03-16 08:00:00,16,2.0392666,1.7197578
2010-03-15 17:00:00,2010-03-16 09:00:00,17,1.6070666,1.6080317
2010-03-15 17:00:00,2010-03-16 10:00:00,18,1.4285333,1.5727079
2010-03-15 17:00:00,2010-03-16 11:00:00,19,1.486,1.5428678
2010-03-15 17:00:00,2010-03-16 12:00:00,20,1.3935,1.6229808
2010-03-15 17:00:00,2010-03-16 13:00:00,21,0.6030667,1.5447093
2010-03-15 17:00:00,2010-03-16 14:00:00,22,0.52273333,1.4301012
2010-03-15 17:00:00,2010-03-16 15:00:00,23,0.6385667,1.2274925
2010-03-15 17:00:00,2010-03-16 16:00:00,24,0.7162333,1.0827196
2010-03-16 17:00:00,2010-03-16 17:00:00,1,0.71923333,0.93256485
2010-03-16 17:00:00,2010-03-16 18:00:00,2,1.5573666,1.4153692
2010-03-16 17:00:00,2010-03-16 19:00:00,3,1.7136667,1.9313827
2010-03-16 17:00:00,2010-03-16 20:00:00,4,1.4661334,1.7801956
2010-03-16 17:00:00,2010-03-16 21:00:00,5,1.6969,1.6319551
2010-03-16 17:00:00,2010-03-16 22:00:00,6,1.9267666,1.3859693
2010-03-16 17:00:00,2010-03-16 23:00:00,7,0.44633332,1.114252
2010-03-16 17:00:00,2010-03-17 00:00:00,8,0.34723333,0.7856349
2010-03-16 17:00:00,2010-03-17 01:00:00,9,0.31883332,0.47348207
2010-03-16 17:00:00,2010-03-17 02:00:00,10,0.4117,0.41372472
2010-03-16 17:00:00,2010-03-17 03:00:00,11,0.38026667,0.40914518
2010-03-16 17:00:00,2010-03-17 04:00:00,12,0.33183333,0.36868793
2010-03-16 17:00:00,2010-03-17 05:00:00,13,0.31906667,0.3556497
2010-03-16 17:00:00,2010-03-17 06:00:00,14,1.0988,0.6264781
2010-03-16 17:00:00,2010-03-17 07:00:00,15,2.0530334,1.6707579
2010-03-16 17:00:00,2010-03-17 08:00:00,16,2.0062332,1.6421156
2010-03-16 17:00:00,2010-03-17 09:00:00,17,1.9442333,1.5520437
2010-03-16 17:00:00,2010-03-17 10:00:00,18,1.4418666,1.5143604
2010-03-16 17:00:00,2010-03-17 11:00:00,19,1.7805333,1.4598876
2010-03-16 17:00:00,2010-03-17 12:00:00,20,2.9432333,1.4653982
2010-03-16 17:00:00,2010-03-17 13:00:00,21,2.5151334,1.3612183
2010-03-16 17:00:00,2010-03-17 14:00:00,22,1.7026666,1.3464408
2010-03-16 17:00:00,2010-03-17 15:00:00,23,1.6951,1.157953
2010-03-16 17:00:00,2010-03-17 16:00:00,24,1.4500667,0.84361374
2010-03-17 17:00:00,2010-03-17 17:00:00,1,1.2703333,1.4332811
2010-03-17 17:00:00,2010-03-17 18:00:00,2,2.4340334,1.8751549
2010-03-17 17:00:00,2010-03-17 19:00:00,3,1.7009667,2.431554
2010-03-17 17:00:00,2010-03-17 20:00:00,4,1.3442,2.1074715
2010-03-17 17:00:00,2010-03-17 21:00:00,5,2.2485,1.8932889
2010-03-17 17:00:00,2010-03-17 22:00:00,6,1.3505334,1.595197
2010-03-17 17:00:00,2010-03-17 23:00:00,7,0.3971,1.2039872
2010-03-17 17:00:00,2010-03-18 00:00:00,8,0.3686,0.62935036
2010-03-17 17:00:00,2010-03-18 01:00:00,9,0.38886666,0.37994576
2010-03-17 17:00:00,2010-03-18 02:00:00,10,0.31706667,0.34631675
2010-03-17 17:00:00,2010-03-18 03:00:00,11,0.33473334,0.3378756
2010-03-17 17:00:00,2010-03-18 04:00:00,12,0.30016667,0.32036233
2010-03-17 17:00:00,2010-03-18 05:00:00,13,0.6350333,0.3287573
2010-03-17 17:00:00,2010-03-18 06:00:00,14,1.9907,0.5932128
2010-03-17 17:00:00,2010-03-18 07:00:00,15,1.7793,1.5683464
2010-03-17 17:00:00,2010-03-18 08:00:00,16,1.7546,1.6147206
2010-03-17 17:00:00,2010-03-18 09:00:00,17,1.3706334,1.5454433
2010-03-17 17:00:00,2010-03-18 10:00:00,18,1.5128334,1.4760355
2010-03-17 17:00:00,2010-03-18 11:00:00,19,0.5765,1.4245363
2010-03-17 17:00:00,2010-03-18 12:00:00,20,0.44226667,1.4931355
2010-03-17 17:00:00,2010-03-18 13:00:00,21,0.41023332,1.393886
2010-03-17 17:00:00,2010-03-18 14:00:00,22,0.41486666,1.3130028
2010-03-17 17:00:00,2010-03-18 15:00:00,23,0.8074667,1.1445794
2010-03-17 17:00:00,2010-03-18 16:00:00,24,0.8887333,0.8993638
2010-03-18 17:00:00,2010-03-18 17:00:00,1,1.2522666,0.88274276
2010-03-18 17:00:00,2010-03-18 18:00:00,2,1.6198666,1.426517
2010-03-18 17:00:00,2010-03-18 19:00:00,3,2.4974666,1.7632097
2010-03-18 17:00:00,2010-03-18 20:00:00,4,3.0169666,1.6903512
2010-03-18 17:00:00,2010-03-18 21:00:00,5,1.9589,1.6335136
2010-03-18 17:00:00,2010-03-18 22:00:00,6,0.8262,1.3776153
2010-03-18 17:00:00,2010-03-18 23:00:00,7,0.5804333,0.65797544
2010-03-18 17:00:00,2010-03-19 00:00:00,8,0.47986665,0.42574596
2010-03-18 17:00:00,2010-03-19 01:00:00,9,0.52633333,0.37845898
2010-03-18 17:00:00,2010-03-19 02:00:00,10,0.5513667,0.34823567
2010-03-18 17:00:00,2010-03-19 03:00:00,11,0.73473334,0.3671382
2010-03-18 17:00:00,2010-03-19 04:00:00,12,0.903,0.33184576
2010-03-18 17:00:00,2010-03-19 05:00:00,13,0.5111333,0.38079703
2010-03-18 17:00:00,2010-03-19 06:00:00,14,0.73076665,1.2868289
2010-03-18 17:00:00,2010-03-19 07:00:00,15,1.4206,1.8050158
2010-03-18 17:00:00,2010-03-19 08:00:00,16,1.8107333,1.7795035
2010-03-18 17:00:00,2010-03-19 09:00:00,17,1.4098,1.7632098
2010-03-18 17:00:00,2010-03-19 10:00:00,18,1.4702,1.6822691
2010-03-18 17:00:00,2010-03-19 11:00:00,19,1.3697667,1.5616521
2010-03-18 17:00:00,2010-03-19 12:00:00,20,1.4409667,1.5103649
2010-03-18 17:00:00,2010-03-19 13:00:00,21,1.4527333,1.4153901
2010-03-18 17:00:00,2010-03-19 14:00:00,22,1.5994667,1.3033283
2010-03-18 17:00:00,2010-03-19 15:00:00,23,1.4221,1.3100122
2010-03-18 17:00:00,2010-03-19 16:00:00,24,0.4469,1.1982411
2010-03-28 17:00:00,2010-03-28 17:00:00,1,0.7676333,1.2031506
2010-03-28 17:00:00,2010-03-28 18:00:00,2,0.89316666,1.3055042
2010-03-28 17:00:00,2010-03-28 19:00:00,3,2.7665,1.4164543
2010-03-28 17:00:00,2010-03-28 20:00:00,4,3.0072,1.5510552
2010-03-28 17:00:00,2010-03-28 21:00:00,5,2.5727,1.5501502
2010-03-28 17:00:00,2010-03-28 22:00:00,6,2.6212,1.3935938
2010-03-28 17:00:00,2010-03-28 23:00:00,7,0.8194,1.1209779
2010-03-28 17:00:00,2010-03-29 00:00:00,8,0.3637,0.66901904
2010-03-28 17:00:00,2010-03-29 01:00:00,9,0.36753333,0.5326148
2010-03-28 17:00:00,2010-03-29 02:00:00,10,0.35103333,0.56322527
2010-03-28 17:00:00,2010-03-29 03:00:00,11,0.39496666,0.4874851
2010-03-28 17:00:00,2010-03-29 04:00:00,12,0.47396666,0.43687624
2010-03-28 17:00:00,2010-03-29 05:00:00,13,0.8832,0.4919126
2010-03-28 17:00:00,2010-03-29 06:00:00,14,0.60576665,0.6606648
2010-03-28 17:00:00,2010-03-29 07:00:00,15,2.2516334,0.9058838
2010-03-28 17:00:00,2010-03-29 08:00:00,16,1.4074667,1.1204836
2010-03-28 17:00:00,2010-03-29 09:00:00,17,1.4613,1.3197753
2010-03-28 17:00:00,2010-03-29 10:00:00,18,1.4277,1.4187436
2010-03-28 17:00:00,2010-03-29 11:00:00,19,1.4784334,1.4552404
2010-03-28 17:00:00,2010-03-29 12:00:00,20,1.4699667,1.3319144
2010-03-28 17:00:00,2010-03-29 13:00:00,21,1.5208,1.2729422
2010-03-28 17:00:00,2010-03-29 14:00:00,22,1.4192667,1.2512058
2010-03-28 17:00:00,2010-03-29 15:00:00,23,1.4636,1.0936292
2010-03-28 17:00:00,2010-03-29 16:00:00,24,1.4545,1.0076003
2010-03-29 17:00:00,2010-03-29 17:00:00,1,1.4808333,1.440993
2010-03-29 17:00:00,2010-03-29 18:00:00,2,0.89353335,1.4088761
2010-03-29 17:00:00,2010-03-29 19:00:00,3,0.8447,1.6026006
2010-03-29 17:00:00,2010-03-29 20:00:00,4,1.5333667,1.9049169
2010-03-29 17:00:00,2010-03-29 21:00:00,5,2.0416334,1.956415
2010-03-29 17:00:00,2010-03-29 22:00:00,6,0.8729333,1.4955693
2010-03-29 17:00:00,2010-03-29 23:00:00,7,0.5838,0.6978584
2010-03-29 17:00:00,2010-03-30 00:00:00,8,0.4822,0.49177402
2010-03-29 17:00:00,2010-03-30 01:00:00,9,0.44523335,0.41193724
2010-03-29 17:00:00,2010-03-30 02:00:00,10,0.41226667,0.37509805
2010-03-29 17:00:00,2010-03-30 03:00:00,11,0.44876668,0.367423
2010-03-29 17:00:00,2010-03-30 04:00:00,12,0.52386665,0.3838851
2010-03-29 17:00:00,2010-03-30 05:00:00,13,1.208,0.4453842
2010-03-29 17:00:00,2010-03-30 06:00:00,14,0.5168667,0.64138925
2010-03-29 17:00:00,2010-03-30 07:00:00,15,2.5761333,1.3520525
2010-03-29 17:00:00,2010-03-30 08:00:00,16,2.6258,1.5438266
2010-03-29 17:00:00,2010-03-30 09:00:00,17,2.0130668,1.5971677
2010-03-29 17:00:00,2010-03-30 10:00:00,18,1.7614334,1.6157978
2010-03-29 17:00:00,2010-03-30 11:00:00,19,1.4778,1.6110768
2010-03-29 17:00:00,2010-03-30 12:00:00,20,1.4474334,1.5148957
2010-03-29 17:00:00,2010-03-30 13:00:00,21,2.2496667,1.5061955
2010-03-29 17:00:00,2010-03-30 14:00:00,22,1.5428,1.474698
2010-03-29 17:00:00,2010-03-30 15:00:00,23,1.1431667,1.3337349
2010-03-29 17:00:00,2010-03-30 16:00:00,24,0.885,1.0012362
2010-03-30 17:00:00,2010-03-30 17:00:00,1,0.89926666,0.8988532
2010-03-30 17:00:00,2010-03-30 18:00:00,2,0.678,0.8685329
2010-03-30 17:00:00,2010-03-30 19:00:00,3,0.9486667,1.2983904
2010-03-30 17:00:00,2010-03-30 20:00:00,4,1.7603,1.7719039
2010-03-30 17:00:00,2010-03-30 21:00:00,5,2.9702334,1.8534541
2010-03-30 17:00:00,2010-03-30 22:00:00,6,2.2727666,1.3163104
2010-03-30 17:00:00,2010-03-30 23:00:00,7,0.4855,0.68940485
2010-03-30 17:00:00,2010-03-31 00:00:00,8,0.4668,0.45357513
2010-03-30 17:00:00,2010-03-31 01:00:00,9,0.32453334,0.4178946
2010-03-30 17:00:00,2010-03-31 02:00:00,10,0.33306667,0.40997767
2010-03-30 17:00:00,2010-03-31 03:00:00,11,0.29736668,0.4142229
2010-03-30 17:00:00,2010-03-31 04:00:00,12,0.2953,0.42603624
2010-03-30 17:00:00,2010-03-31 05:00:00,13,0.6300333,0.5632129
2010-03-30 17:00:00,2010-03-31 06:00:00,14,1.0479,0.7763546
2010-03-30 17:00:00,2010-03-31 07:00:00,15,1.8445333,1.6996129
2010-03-30 17:00:00,2010-03-31 08:00:00,16,2.2009666,1.7487662
2010-03-30 17:00:00,2010-03-31 09:00:00,17,2.2570333,1.7224925
2010-03-30 17:00:00,2010-03-31 10:00:00,18,1.406,1.6650327
2010-03-30 17:00:00,2010-03-31 11:00:00,19,1.9393,1.6652704
2010-03-30 17:00:00,2010-03-31 12:00:00,20,2.0071666,1.5544038
2010-03-30 17:00:00,2010-03-31 13:00:00,21,3.1350334,1.5785306
2010-03-30 17:00:00,2010-03-31 14:00:00,22,0.49153334,1.3871131
2010-03-30 17:00:00,2010-03-31 15:00:00,23,0.973,1.1173865
2010-03-30 17:00:00,2010-03-31 16:00:00,24,2.0605333,0.9303116
2010-03-31 17:00:00,2010-03-31 17:00:00,1,0.8503,1.8709778
2010-03-31 17:00:00,2010-03-31 18:00:00,2,1.1096333,1.285551
2010-03-31 17:00:00,2010-03-31 19:00:00,3,1.9378,1.3091612
2010-03-31 17:00:00,2010-03-31 20:00:00,4,2.1674333,1.6927738
2010-03-31 17:00:00,2010-03-31 21:00:00,5,2.6199,1.8735154
2010-03-31 17:00:00,2010-03-31 22:00:00,6,1.2260667,1.4415957
2010-03-31 17:00:00,2010-03-31 23:00:00,7,0.44213334,0.6722936
2010-03-31 17:00:00,2010-04-01 00:00:00,8,0.368,0.43662947
2010-03-31 17:00:00,2010-04-01 01:00:00,9,0.37436667,0.39484507
2010-03-31 17:00:00,2010-04-01 02:00:00,10,0.30866668,0.38321847
2010-03-31 17:00:00,2010-04-01 03:00:00,11,0.3153,0.40179753
2010-03-31 17:00:00,2010-04-01 04:00:00,12,0.41206667,0.39263082
2010-03-31 17:00:00,2010-04-01 05:00:00,13,0.956,0.56525666
2010-03-31 17:00:00,2010-04-01 06:00:00,14,0.7115,0.70494026
2010-03-31 17:00:00,2010-04-01 07:00:00,15,1.8976333,1.5809904
2010-03-31 17:00:00,2010-04-01 08:00:00,16,1.7394333,1.7299943
2010-03-31 17:00:00,2010-04-01 09:00:00,17,1.4106667,1.7895713
2010-03-31 17:00:00,2010-04-01 10:00:00,18,1.4278333,1.7205203
2010-03-31 17:00:00,2010-04-01 11:00:00,19,1.3922334,1.6249816
2010-03-31 17:00:00,2010-04-01 12:00:00,20,1.4118,1.472922
2010-03-31 17:00:00,2010-04-01 13:00:00,21,1.3622333,1.3680404
2010-03-31 17:00:00,2010-04-01 14:00:00,22,1.1203,1.155441
2010-03-31 17:00:00,2010-04-01 15:00:00,23,0.3688,1.1165308
2010-03-31 17:00:00,2010-04-01 16:00:00,24,0.43733335,1.1851829
2010-04-01 17:00:00,2010-04-01 17:00:00,1,0.34083334,0.6084916
2010-04-01 17:00:00,2010-04-01 18:00:00,2,0.6947,0.79360086
2010-04-01 17:00:00,2010-04-01 19:00:00,3,1.9912,1.3683895
2010-04-01 17:00:00,2010-04-01 20:00:00,4,2.8487334,1.8245641
2010-04-01 17:00:00,2010-04-01 21:00:00,5,2.4881666,1.9783698
2010-04-01 17:00:00,2010-04-01 22:00:00,6,2.3312666,1.4742107
2010-04-01 17:00:00,2010-04-01 23:00:00,7,1.4149333,0.70956993
2010-04-01 17:00:00,2010-04-02 00:00:00,8,0.72783333,0.4617129
2010-04-01 17:00:00,2010-04-02 01:00:00,9,0.2971,0.41176814
2010-04-01 17:00:00,2010-04-02 02:00:00,10,0.36936668,0.3870846
2010-04-01 17:00:00,2010-04-02 03:00:00,11,0.35196668,0.372809
2010-04-01 17:00:00,2010-04-02 04:00:00,12,0.2988,0.40287536
2010-04-01 17:00:00,2010-04-02 05:00:00,13,0.2917,0.6693203
2010-04-01 17:00:00,2010-04-02 06:00:00,14,1.0766,0.85288715
2010-04-01 17:00:00,2010-04-02 07:00:00,15,1.9195666,1.6121292
2010-04-01 17:00:00,2010-04-02 08:00:00,16,1.7476333,1.6282468
2010-04-01 17:00:00,2010-04-02 09:00:00,17,1.9030334,1.6411934
2010-04-01 17:00:00,2010-04-02 10:00:00,18,1.5308,1.5285532
2010-04-01 17:00:00,2010-04-02 11:00:00,19,1.4902333,1.4632326
2010-04-01 17:00:00,2010-04-02 12:00:00,20,1.8298334,1.3310248
2010-04-01 17:00:00,2010-04-02 13:00:00,21,0.4873,1.247959
2010-04-01 17:00:00,2010-04-02 14:00:00,22,0.7337667,1.0197916
2010-04-01 17:00:00,2010-04-02 15:00:00,23,1.5366,0.9587696
2010-04-01 17:00:00,2010-04-02 16:00:00,24,1.5783334,1.1003544
2010-04-02 17:00:00,2010-04-02 17:00:00,1,1.5146333,1.4390652
2010-04-02 17:00:00,2010-04-02 18:00:00,2,0.87583333,1.3567812
2010-04-02 17:00:00,2010-04-02 19:00:00,3,1.5252666,1.6386464
2010-04-02 17:00:00,2010-04-02 20:00:00,4,2.2630668,1.9601088
2010-04-02 17:00:00,2010-04-02 21:00:00,5,1.5465333,2.0838451
2010-04-02 17:00:00,2010-04-02 22:00:00,6,1.1645666,1.5610609
2010-04-02 17:00:00,2010-04-02 23:00:00,7,0.41666666,0.7658857
2010-04-02 17:00:00,2010-04-03 00:00:00,8,0.75876665,0.4850542
2010-04-02 17:00:00,2010-04-03 01:00:00,9,0.5699667,0.35442477
2010-04-02 17:00:00,2010-04-03 02:00:00,10,0.30013335,0.36517644
2010-04-02 17:00:00,2010-04-03 03:00:00,11,0.33786666,0.36664504
2010-04-02 17:00:00,2010-04-03 04:00:00,12,0.3004,0.37745243
2010-04-02 17:00:00,2010-04-03 05:00:00,13,0.28593335,0.58253074
2010-04-02 17:00:00,2010-04-03 06:00:00,14,0.6555333,0.7343891
2010-04-02 17:00:00,2010-04-03 07:00:00,15,2.5194333,1.5919533
2010-04-02 17:00:00,2010-04-03 08:00:00,16,1.9786,1.6586089
2010-04-02 17:00:00,2010-04-03 09:00:00,17,1.6327333,1.6501814
2010-04-02 17:00:00,2010-04-03 10:00:00,18,2.1151,1.6436487
2010-04-02 17:00:00,2010-04-03 11:00:00,19,2.3114667,1.6031728
2010-04-02 17:00:00,2010-04-03 12:00:00,20,1.7215333,1.5296073
2010-04-02 17:00:00,2010-04-03 13:00:00,21,1.6617666,1.4487387
2010-04-02 17:00:00,2010-04-03 14:00:00,22,1.5761666,1.3220996
2010-04-02 17:00:00,2010-04-03 15:00:00,23,1.4900334,1.0944743
2010-04-02 17:00:00,2010-04-03 16:00:00,24,1.5566666,1.1353955
2010-04-03 17:00:00,2010-04-03 17:00:00,1,1.5175667,1.371198
2010-04-03 17:00:00,2010-04-03 18:00:00,2,1.5235667,1.2063373
2010-04-03 17:00:00,2010-04-03 19:00:00,3,1.5149333,1.6010401
2010-04-03 17:00:00,2010-04-03 20:00:00,4,1.5903333,2.0568733
2010-04-03 17:00:00,2010-04-03 21:00:00,5,1.1560667,2.061844
2010-04-03 17:00:00,2010-04-03 22:00:00,6,0.44483334,1.5043291
2010-04-03 17:00:00,2010-04-03 23:00:00,7,0.5685667,0.56394213
2010-04-03 17:00:00,2010-04-04 00:00:00,8,0.55586666,0.43852466
2010-04-03 17:00:00,2010-04-04 01:00:00,9,0.33906665,0.37175024
2010-04-03 17:00:00,2010-04-04 02:00:00,10,0.96106666,0.35746706
2010-04-03 17:00:00,2010-04-04 03:00:00,11,0.5775,0.3418355
2010-04-03 17:00:00,2010-04-04 04:00:00,12,0.41233334,0.34815854
2010-04-03 17:00:00,2010-04-04 05:00:00,13,0.29393333,0.47657156
2010-04-03 17:00:00,2010-04-04 06:00:00,14,0.30756667,0.77991444
2010-04-03 17:00:00,2010-04-04 07:00:00,15,0.5575,1.8554459
2010-04-03 17:00:00,2010-04-04 08:00:00,16,0.5632667,1.8894539
2010-04-03 17:00:00,2010-04-04 09:00:00,17,1.3287,1.7033622
2010-04-03 17:00:00,2010-04-04 10:00:00,18,1.6264666,1.6690528
2010-04-03 17:00:00,2010-04-04 11:00:00,19,1.0288334,1.6939849
2010-04-03 17:00:00,2010-04-04 12:00:00,20,2.0579,1.6014901
2010-04-03 17:00:00,2010-04-04 13:00:00,21,1.5517334,1.5128778
2010-04-03 17:00:00,2010-04-04 14:00:00,22,1.4949334,1.3016046
2010-04-03 17:00:00,2010-04-04 15:00:00,23,2.7866,1.1439661
2010-04-03 17:00:00,2010-04-04 16:00:00,24,2.3451667,1.1880101
2010-04-04 17:00:00,2010-04-04 17:00:00,1,2.7621334,1.7560906
2010-04-04 17:00:00,2010-04-04 18:00:00,2,2.0107,1.5251663
2010-04-04 17:00:00,2010-04-04 19:00:00,3,2.0158,1.6495767
2010-04-04 17:00:00,2010-04-04 20:00:00,4,1.1565666,1.8466815
2010-04-04 17:00:00,2010-04-04 21:00:00,5,0.42906666,1.673045
2010-04-04 17:00:00,2010-04-04 22:00:00,6,0.5060667,0.95659643
2010-04-04 17:00:00,2010-04-04 23:00:00,7,0.5043667,0.5420651
2010-04-04 17:00:00,2010-04-05 00:00:00,8,0.36236668,0.45440555
2010-04-04 17:00:00,2010-04-05 01:00:00,9,0.28886667,0.41587543
2010-04-04 17:00:00,2010-04-05 02:00:00,10,0.44733334,0.42037648
2010-04-04 17:00:00,2010-04-05 03:00:00,11,0.83133334,0.40285802
2010-04-04 17:00:00,2010-04-05 04:00:00,12,0.3,0.39213896
2010-04-04 17:00:00,2010-04-05 05:00:00,13,0.3066,0.45547473
2010-04-04 17:00:00,2010-04-05 06:00:00,14,0.35753334,0.5469438
2010-04-04 17:00:00,2010-04-05 07:00:00,15,0.8574,1.5936792
2010-04-04 17:00:00,2010-04-05 08:00:00,16,0.41753334,1.6092597
2010-04-04 17:00:00,2010-04-05 09:00:00,17,1.1238667,1.5811757
2010-04-04 17:00:00,2010-04-05 10:00:00,18,2.7682,1.6052577
2010-04-04 17:00:00,2010-04-05 11:00:00,19,1.3233666,1.5722296
2010-04-04 17:00:00,2010-04-05 12:00:00,20,0.851,1.6306766
2010-04-04 17:00:00,2010-04-05 13:00:00,21,0.34883332,1.6109836
2010-04-04 17:00:00,2010-04-05 14:00:00,22,0.2985,1.5150033
2010-04-04 17:00:00,2010-04-05 15:00:00,23,0.5606,1.5090532
2010-04-04 17:00:00,2010-04-05 16:00:00,24,0.5683,1.4404593
2010-04-05 17:00:00,2010-04-05 17:00:00,1,0.44466665,0.65755945
2010-04-05 17:00:00,2010-04-05 18:00:00,2,1.3840667,0.82668245
2010-04-05 17:00:00,2010-04-05 19:00:00,3,0.6501667,1.1910874
2010-04-05 17:00:00,2010-04-05 20:00:00,4,1.2092,1.2919194
2010-04-05 17:00:00,2010-04-05 21:00:00,5,2.0313,1.084027
2010-04-05 17:00:00,2010-04-05 22:00:00,6,0.6023,0.9299407
2010-04-05 17:00:00,2010-04-05 23:00:00,7,0.31366667,0.7070486
2010-04-05 17:00:00,2010-04-06 00:00:00,8,0.31523332,0.5745955
2010-04-05 17:00:00,2010-04-06 01:00:00,9,0.39003333,0.48253453
2010-04-05 17:00:00,2010-04-06 02:00:00,10,0.35353333,0.49523467
2010-04-05 17:00:00,2010-04-06 03:00:00,11,0.29653335,0.48740286
2010-04-05 17:00:00,2010-04-06 04:00:00,12,0.3238,0.45916593
2010-04-05 17:00:00,2010-04-06 05:00:00,13,0.9582667,0.47719604
2010-04-05 17:00:00,2010-04-06 06:00:00,14,0.49876666,0.61163855
2010-04-05 17:00:00,2010-04-06 07:00:00,15,0.935,1.179113
2010-04-05 17:00:00,2010-04-06 08:00:00,16,1.728,1.2394422
2010-04-05 17:00:00,2010-04-06 09:00:00,17,1.8342,1.3767041
2010-04-05 17:00:00,2010-04-06 10:00:00,18,2.0517666,1.4168824
2010-04-05 17:00:00,2010-04-06 11:00:00,19,1.9221333,1.315531
2010-04-05 17:00:00,2010-04-06 12:00:00,20,1.5462,1.2115266
2010-04-05 17:00:00,2010-04-06 13:00:00,21,1.5704334,1.0459329
2010-04-05 17:00:00,2010-04-06 14:00:00,22,1.9942666,0.9177946
2010-04-05 17:00:00,2010-04-06 15:00:00,23,1.9803,1.0214432
2010-04-05 17:00:00,2010-04-06 16:00:00,24,0.7770333,1.0180075
2010-04-06 17:00:00,2010-04-06 17:00:00,1,0.73796666,0.8057585
2010-04-06 17:00:00,2010-04-06 18:00:00,2,0.7173,1.2279139
2010-04-06 17:00:00,2010-04-06 19:00:00,3,0.8582,1.4269493
2010-04-06 17:00:00,2010-04-06 20:00:00,4,3.1991,1.5706367
2010-04-06 17:00:00,2010-04-06 21:00:00,5,2.5128667,1.5102596
2010-04-06 17:00:00,2010-04-06 22:00:00,6,2.0876,0.8333347
2010-04-06 17:00:00,2010-04-06 23:00:00,7,0.8423333,0.4659121
2010-04-06 17:00:00,2010-04-07 00:00:00,8,0.34443334,0.40468115
2010-04-06 17:00:00,2010-04-07 01:00:00,9,0.36466667,0.36916786
2010-04-06 17:00:00,2010-04-07 02:00:00,10,0.93453336,0.35121292
2010-04-06 17:00:00,2010-04-07 03:00:00,11,0.47866666,0.33749557
2010-04-06 17:00:00,2010-04-07 04:00:00,12,0.39893332,0.33496976
2010-04-06 17:00:00,2010-04-07 05:00:00,13,0.42973334,0.40641385
2010-04-06 17:00:00,2010-04-07 06:00:00,14,0.9964333,0.60341686
2010-04-06 17:00:00,2010-04-07 07:00:00,15,2.4640667,1.3152721
2010-04-06 17:00:00,2010-04-07 08:00:00,16,1.4139,1.5582502
2010-04-06 17:00:00,2010-04-07 09:00:00,17,1.3653667,1.6764597
2010-04-06 17:00:00,2010-04-07 10:00:00,18,1.4228,1.7092865
2010-04-06 17:00:00,2010-04-07 11:00:00,19,1.9333333,1.6910274
2010-04-06 17:00:00,2010-04-07 12:00:00,20,1.6007333,1.6201663
2010-04-06 17:00:00,2010-04-07 13:00:00,21,1.6148,1.5497117
2010-04-06 17:00:00,2010-04-07 14:00:00,22,2.0127332,1.4203258
2010-04-06 17:00:00,2010-04-07 15:00:00,23,0.63876665,1.3984063
2010-04-06 17:00:00,2010-04-07 16:00:00,24,0.43076667,1.305498
2010-04-07 17:00:00,2010-04-07 17:00:00,1,0.3765,0.4657017
2010-04-07 17:00:00,2010-04-07 18:00:00,2,0.43633333,0.6562197
2010-04-07 17:00:00,2010-04-07 19:00:00,3,0.7996,1.4279037
2010-04-07 17:00:00,2010-04-07 20:00:00,4,2.7103,2.0207338
2010-04-07 17:00:00,2010-04-07 21:00:00,5,1.7610333,1.82524
2010-04-07 17:00:00,2010-04-07 22:00:00,6,1.3279667,1.3712804
2010-04-07 17:00:00,2010-04-07 23:00:00,7,0.35996667,0.7107657
2010-04-07 17:00:00,2010-04-08 00:00:00,8,0.40133333,0.43229222
2010-04-07 17:00:00,2010-04-08 01:00:00,9,0.9679667,0.37073588
2010-04-07 17:00:00,2010-04-08 02:00:00,10,0.51773334,0.39058876
2010-04-07 17:00:00,2010-04-08 03:00:00,11,0.34426665,0.35995942
2010-04-07 17:00:00,2010-04-08 04:00:00,12,0.30563334,0.3534664
2010-04-07 17:00:00,2010-04-08 05:00:00,13,0.36313334,0.37792838
2010-04-07 17:00:00,2010-04-08 06:00:00,14,0.6800333,0.71883273
2010-04-07 17:00:00,2010-04-08 07:00:00,15,2.0141,1.6033322
2010-04-07 17:00:00,2010-04-08 08:00:00,16,1.8648666,1.5934657
2010-04-07 17:00:00,2010-04-08 09:00:00,17,1.4587333,1.6183324
2010-04-07 17:00:00,2010-04-08 10:00:00,18,1.4527667,1.6176276
2010-04-07 17:00:00,2010-04-08 11:00:00,19,1.4484333,1.6273503
2010-04-07 17:00:00,2010-04-08 12:00:00,20,1.5700667,1.5902673
2010-04-07 17:00:00,2010-04-08 13:00:00,21,1.5657,1.4007946
2010-04-07 17:00:00,2010-04-08 14:00:00,22,1.2318667,1.3874398
2010-04-07 17:00:00,2010-04-08 15:00:00,23,0.40376666,1.2012404
2010-04-07 17:00:00,2010-04-08 16:00:00,24,0.35683334,1.0472615
2010-04-08 17:00:00,2010-04-08 17:00:00,1,0.55806667,0.43624824
2010-04-08 17:00:00,2010-04-08 18:00:00,2,0.8494667,0.55692583
2010-04-08 17:00:00,2010-04-08 19:00:00,3,1.5706,1.0896411
2010-04-08 17:00:00,2010-04-08 20:00:00,4,2.6542666,1.9227915
2010-04-08 17:00:00,2010-04-08 21:00:00,5,2.5194333,1.4875396
2010-04-08 17:00:00,2010-04-08 22:00:00,6,1.9635,1.0168763
2010-04-08 17:00:00,2010-04-08 23:00:00,7,0.42443332,0.45045823
2010-04-08 17:00:00,2010-04-09 00:00:00,8,0.31543332,0.40007037
2010-04-08 17:00:00,2010-04-09 01:00:00,9,0.33146667,0.39795876
2010-04-08 17:00:00,2010-04-09 02:00:00,10,0.28536665,0.39900047
2010-04-08 17:00:00,2010-04-09 03:00:00,11,0.3654,0.37238616
2010-04-08 17:00:00,2010-04-09 04:00:00,12,0.35596666,0.3594448
2010-04-08 17:00:00,2010-04-09 05:00:00,13,0.3725,0.37600088
2010-04-08 17:00:00,2010-04-09 06:00:00,14,0.86433333,0.6928059
2010-04-08 17:00:00,2010-04-09 07:00:00,15,2.0195334,1.7490063
2010-04-08 17:00:00,2010-04-09 08:00:00,16,2.0941334,1.636954
2010-04-08 17:00:00,2010-04-09 09:00:00,17,1.9298333,1.5946115
2010-04-08 17:00:00,2010-04-09 10:00:00,18,1.4441667,1.6724352
2010-04-08 17:00:00,2010-04-09 11:00:00,19,1.4657,1.6472514
2010-04-08 17:00:00,2010-04-09 12:00:00,20,1.2059667,1.6292132
2010-04-08 17:00:00,2010-04-09 13:00:00,21,0.33653334,1.4367781
2010-04-08 17:00:00,2010-04-09 14:00:00,22,0.4758,1.3703095
2010-04-08 17:00:00,2010-04-09 15:00:00,23,0.43883333,1.1139171
2010-04-08 17:00:00,2010-04-09 16:00:00,24,1.3990667,0.75197494
2010-04-09 17:00:00,2010-04-09 17:00:00,1,1.2937666,1.4338048
2010-04-09 17:00:00,2010-04-09 18:00:00,2,0.45643333,1.4379085
2010-04-09 17:00:00,2010-04-09 19:00:00,3,0.5301333,1.5661474
2010-04-09 17:00:00,2010-04-09 20:00:00,4,0.4002,1.8348277
2010-04-09 17:00:00,2010-04-09 21:00:00,5,0.5482,1.7544684
2010-04-09 17:00:00,2010-04-09 22:00:00,6,1.1739666,1.0813493
2010-04-09 17:00:00,2010-04-09 23:00:00,7,0.4531,0.5059389
2010-04-09 17:00:00,2010-04-10 00:00:00,8,0.4239,0.42951417
2010-04-09 17:00:00,2010-04-10 01:00:00,9,0.32263333,0.410999
2010-04-09 17:00:00,2010-04-10 02:00:00,10,0.33673334,0.40899175
2010-04-09 17:00:00,2010-04-10 03:00:00,11,0.29036668,0.3922255
2010-04-09 17:00:00,2010-04-10 04:00:00,12,0.35203335,0.37860525
2010-04-09 17:00:00,2010-04-10 05:00:00,13,0.82643336,0.44375885
2010-04-09 17:00:00,2010-04-10 06:00:00,14,0.7959333,0.7871597
2010-04-09 17:00:00,2010-04-10 07:00:00,15,2.0136666,1.6505747
2010-04-09 17:00:00,2010-04-10 08:00:00,16,1.4761333,1.7252657
2010-04-09 17:00:00,2010-04-10 09:00:00,17,1.3856,1.6179883
2010-04-09 17:00:00,2010-04-10 10:00:00,18,1.5903333,1.5781727
2010-04-09 17:00:00,2010-04-10 11:00:00,19,0.52346665,1.5466676
2010-04-09 17:00:00,2010-04-10 12:00:00,20,0.5199,1.4086641
2010-04-09 17:00:00,2010-04-10 13:00:00,21,0.39986667,1.2747201
2010-04-09 17:00:00,2010-04-10 14:00:00,22,0.29676667,1.1985803
2010-04-09 17:00:00,2010-04-10 15:00:00,23,0.3648,1.1669756
2010-04-09 17:00:00,2010-04-10 16:00:00,24,0.51533335,1.1067429
2010-04-18 17:00:00,2010-04-18 17:00:00,1,0.39476666,0.4476784
2010-04-18 17:00:00,2010-04-18 18:00:00,2,1.2476333,0.7021402
2010-04-18 17:00:00,2010-04-18 19:00:00,3,1.6654,1.1120005
2010-04-18 17:00:00,2010-04-18 20:00:00,4,1.8225666,1.3312844
2010-04-18 17:00:00,2010-04-18 21:00:00,5,2.1953,0.8945707
2010-04-18 17:00:00,2010-04-18 22:00:00,6,1.1288,0.6342927
2010-04-18 17:00:00,2010-04-18 23:00:00,7,0.5014,0.5123368
2010-04-18 17:00:00,2010-04-19 00:00:00,8,0.3788,0.48399878
2010-04-18 17:00:00,2010-04-19 01:00:00,9,0.36163333,0.41668636
2010-04-18 17:00:00,2010-04-19 02:00:00,10,0.44126666,0.43318272
2010-04-18 17:00:00,2010-04-19 03:00:00,11,0.3892,0.42145866
2010-04-18 17:00:00,2010-04-19 04:00:00,12,0.35443333,0.3778156
2010-04-18 17:00:00,2010-04-19 05:00:00,13,0.31926668,0.38008106
2010-04-18 17:00:00,2010-04-19 06:00:00,14,1.0650667,0.56762534
2010-04-18 17:00:00,2010-04-19 07:00:00,15,0.58003336,1.4931705
2010-04-18 17:00:00,2010-04-19 08:00:00,16,0.37463334,1.4261563
2010-04-18 17:00:00,2010-04-19 09:00:00,17,1.0736,1.4316843
2010-04-18 17:00:00,2010-04-19 10:00:00,18,2.2938,1.607079
2010-04-18 17:00:00,2010-04-19 11:00:00,19,1.7982666,1.6805606
2010-04-18 17:00:00,2010-04-19 12:00:00,20,1.6997334,1.6447885
2010-04-18 17:00:00,2010-04-19 13:00:00,21,1.5137,1.5288233
2010-04-18 17:00:00,2010-04-19 14:00:00,22,1.4145334,1.3276308
2010-04-18 17:00:00,2010-04-19 15:00:00,23,1.4509667,0.8148098
2010-04-18 17:00:00,2010-04-19 16:00:00,24,1.4736667,0.6517364
2010-04-19 17:00:00,2010-04-19 17:00:00,1,2.6827333,1.2861873
2010-04-19 17:00:00,2010-04-19 18:00:00,2,2.1485333,1.375315
2010-04-19 17:00:00,2010-04-19 19:00:00,3,2.1934667,1.671038
2010-04-19 17:00:00,2010-04-19 20:00:00,4,1.8416333,1.6540518
2010-04-19 17:00:00,2010-04-19 21:00:00,5,1.6705,1.6736753
2010-04-19 17:00:00,2010-04-19 22:00:00,6,0.61293334,1.243359
2010-04-19 17:00:00,2010-04-19 23:00:00,7,0.34416667,0.5099816
2010-04-19 17:00:00,2010-04-20 00:00:00,8,1.0682666,0.40271866
2010-04-19 17:00:00,2010-04-20 01:00:00,9,0.42886665,0.38598788
2010-04-19 17:00:00,2010-04-20 02:00:00,10,0.4137,0.39429116
2010-04-19 17:00:00,2010-04-20 03:00:00,11,0.35103333,0.37462646
2010-04-19 17:00:00,2010-04-20 04:00:00,12,0.3545,0.36666775
2010-04-19 17:00:00,2010-04-20 05:00:00,13,0.30126667,0.3773108
2010-04-19 17:00:00,2010-04-20 06:00:00,14,0.44443333,0.72009647
2010-04-19 17:00:00,2010-04-20 07:00:00,15,1.7821,1.3399993
2010-04-19 17:00:00,2010-04-20 08:00:00,16,1.5909,1.3156103
2010-04-19 17:00:00,2010-04-20 09:00:00,17,1.8861333,1.4256532
2010-04-19 17:00:00,2010-04-20 10:00:00,18,1.8644667,1.5734532
2010-04-19 17:00:00,2010-04-20 11:00:00,19,1.5847666,1.5389352
2010-04-19 17:00:00,2010-04-20 12:00:00,20,1.5754666,1.5223441
2010-04-19 17:00:00,2010-04-20 13:00:00,21,1.6598667,1.5155749
2010-04-19 17:00:00,2010-04-20 14:00:00,22,1.4857334,1.4811198
2010-04-19 17:00:00,2010-04-20 15:00:00,23,1.4511334,1.3849713
2010-04-19 17:00:00,2010-04-20 16:00:00,24,1.5280334,1.2527541
2010-04-20 17:00:00,2010-04-20 17:00:00,1,1.5625334,1.552479
2010-04-20 17:00:00,2010-04-20 18:00:00,2,1.2556334,1.5724211
2010-04-20 17:00:00,2010-04-20 19:00:00,3,1.406,1.6556036
2010-04-20 17:00:00,2010-04-20 20:00:00,4,2.4154,1.5178295
2010-04-20 17:00:00,2010-04-20 21:00:00,5,2.2705667,1.4592029
2010-04-20 17:00:00,2010-04-20 22:00:00,6,1.4235333,0.8040028
2010-04-20 17:00:00,2010-04-20 23:00:00,7,0.45613334,0.44802874
2010-04-20 17:00:00,2010-04-21 00:00:00,8,0.9508333,0.41111302
2010-04-20 17:00:00,2010-04-21 01:00:00,9,0.74583334,0.39657933
2010-04-20 17:00:00,2010-04-21 02:00:00,10,0.35946667,0.45271724
2010-04-20 17:00:00,2010-04-21 03:00:00,11,0.3177,0.38975018
2010-04-20 17:00:00,2010-04-21 04:00:00,12,0.41733333,0.35435325
2010-04-20 17:00:00,2010-04-21 05:00:00,13,0.42006665,0.3772878
2010-04-20 17:00:00,2010-04-21 06:00:00,14,0.47276667,0.6801787
2010-04-20 17:00:00,2010-04-21 07:00:00,15,1.1233333,1.6131496
2010-04-20 17:00:00,2010-04-21 08:00:00,16,1.4977334,1.5795585
2010-04-20 17:00:00,2010-04-21 09:00:00,17,1.2514334,1.6877424
2010-04-20 17:00:00,2010-04-21 10:00:00,18,1.7870333,1.6837399
2010-04-20 17:00:00,2010-04-21 11:00:00,19,1.7057,1.5886444
2010-04-20 17:00:00,2010-04-21 12:00:00,20,1.4616333,1.5592321
2010-04-20 17:00:00,2010-04-21 13:00:00,21,1.4520667,1.5897672
2010-04-20 17:00:00,2010-04-21 14:00:00,22,1.5218,1.5751424
2010-04-20 17:00:00,2010-04-21 15:00:00,23,0.9395,1.5014474
2010-04-20 17:00:00,2010-04-21 16:00:00,24,0.45783332,1.4237556
2010-04-21 17:00:00,2010-04-21 17:00:00,1,1.2767333,0.5548582
2010-04-21 17:00:00,2010-04-21 18:00:00,2,1.3145666,1.303898
2010-04-21 17:00:00,2010-04-21 19:00:00,3,0.58933336,1.5604082
2010-04-21 17:00:00,2010-04-21 20:00:00,4,1.2491,1.7208407
2010-04-21 17:00:00,2010-04-21 21:00:00,5,1.6814667,1.8282042
2010-04-21 17:00:00,2010-04-21 22:00:00,6,1.5153333,1.208724
2010-04-21 17:00:00,2010-04-21 23:00:00,7,1.8233,0.48200524
2010-04-21 17:00:00,2010-04-22 00:00:00,8,0.6506,0.44978923
2010-04-21 17:00:00,2010-04-22 01:00:00,9,0.3698,0.42052478
2010-04-21 17:00:00,2010-04-22 02:00:00,10,0.4421,0.41302603
2010-04-21 17:00:00,2010-04-22 03:00:00,11,0.41696668,0.39603537
2010-04-21 17:00:00,2010-04-22 04:00:00,12,0.92843336,0.38523513
2010-04-21 17:00:00,2010-04-22 05:00:00,13,0.41166666,0.38666797
2010-04-21 17:00:00,2010-04-22 06:00:00,14,0.3484,0.5474544
2010-04-21 17:00:00,2010-04-22 07:00:00,15,0.4622,1.3561103
2010-04-21 17:00:00,2010-04-22 08:00:00,16,0.88306665,1.4220523
2010-04-21 17:00:00,2010-04-22 09:00:00,17,1.7109667,1.482164
2010-04-21 17:00:00,2010-04-22 10:00:00,18,1.8938,1.542428
2010-04-21 17:00:00,2010-04-22 11:00:00,19,2.0479333,1.4307301
2010-04-21 17:00:00,2010-04-22 12:00:00,20,2.2073,1.4825602
2010-04-21 17:00:00,2010-04-22 13:00:00,21,1.9411,1.4135859
2010-04-21 17:00:00,2010-04-22 14:00:00,22,1.5782334,1.416653
2010-04-21 17:00:00,2010-04-22 15:00:00,23,1.4151334,1.2873394
2010-04-21 17:00:00,2010-04-22 16:00:00,24,1.465,1.2392871
2010-04-22 17:00:00,2010-04-22 17:00:00,1,1.0300333,1.3961264
2010-04-22 17:00:00,2010-04-22 18:00:00,2,0.48853335,1.3933091
2010-04-22 17:00:00,2010-04-22 19:00:00,3,0.5151,1.3844239
2010-04-22 17:00:00,2010-04-22 20:00:00,4,0.8746333,1.4347094
2010-04-22 17:00:00,2010-04-22 21:00:00,5,1.4799,1.5063503
2010-04-22 17:00:00,2010-04-22 22:00:00,6,0.36903334,1.4364578
2010-04-22 17:00:00,2010-04-22 23:00:00,7,0.41846666,1.3090417
2010-04-22 17:00:00,2010-04-23 00:00:00,8,0.3996,1.2410431
2010-04-22 17:00:00,2010-04-23 01:00:00,9,0.30923334,0.6216465
2010-04-22 17:00:00,2010-04-23 02:00:00,10,0.3478,0.47305328
2010-04-22 17:00:00,2010-04-23 03:00:00,11,0.34516665,0.4488827
2010-04-22 17:00:00,2010-04-23 04:00:00,12,0.369,0.43175638
2010-04-22 17:00:00,2010-04-23 05:00:00,13,0.3976,0.42701375
2010-04-22 17:00:00,2010-04-23 06:00:00,14,1.3673333,0.4361235
2010-04-22 17:00:00,2010-04-23 07:00:00,15,0.8757333,0.4864849
2010-04-22 17:00:00,2010-04-23 08:00:00,16,1.7224333,0.6796733
2010-04-22 17:00:00,2010-04-23 09:00:00,17,1.5311667,1.496282
2010-04-22 17:00:00,2010-04-23 10:00:00,18,1.5628,1.7167265
2010-04-22 17:00:00,2010-04-23 11:00:00,19,1.4343333,1.7549403
2010-04-22 17:00:00,2010-04-23 12:00:00,20,1.4431666,1.8153231
2010-04-22 17:00:00,2010-04-23 13:00:00,21,1.4595,1.7575005
2010-04-22 17:00:00,2010-04-23 14:00:00,22,1.5598667,1.6513089
2010-04-22 17:00:00,2010-04-23 15:00:00,23,0.74833333,1.5705707
2010-04-22 17:00:00,2010-04-23 16:00:00,24,0.4193,1.4949971
2010-04-23 17:00:00,2010-04-23 17:00:00,1,0.40643334,0.60796213
2010-04-23 17:00:00,2010-04-23 18:00:00,2,0.35116667,0.757914
2010-04-23 17:00:00,2010-04-23 19:00:00,3,0.8642,0.6620035
2010-04-23 17:00:00,2010-04-23 20:00:00,4,0.6341,0.9549645
2010-04-23 17:00:00,2010-04-23 21:00:00,5,0.4116,1.2389591
2010-04-23 17:00:00,2010-04-23 22:00:00,6,0.36393332,0.5633033
2010-04-23 17:00:00,2010-04-23 23:00:00,7,0.3518,0.46264237
2010-04-23 17:00:00,2010-04-24 00:00:00,8,0.30253333,0.4405247
2010-04-23 17:00:00,2010-04-24 01:00:00,9,0.39263332,0.39886737
2010-04-23 17:00:00,2010-04-24 02:00:00,10,0.43456668,0.40436834
2010-04-23 17:00:00,2010-04-24 03:00:00,11,0.3771,0.40045583
2010-04-23 17:00:00,2010-04-24 04:00:00,12,0.3519,0.39592648
2010-04-23 17:00:00,2010-04-24 05:00:00,13,1.0910333,0.4093173
2010-04-23 17:00:00,2010-04-24 06:00:00,14,0.37946665,0.47282988
2010-04-23 17:00:00,2010-04-24 07:00:00,15,0.41296667,0.7020112
2010-04-23 17:00:00,2010-04-24 08:00:00,16,0.34476668,1.2131186
2010-04-23 17:00:00,2010-04-24 09:00:00,17,0.35433334,1.4493201
2010-04-23 17:00:00,2010-04-24 10:00:00,18,0.3441,1.631105
2010-04-23 17:00:00,2010-04-24 11:00:00,19,0.35476667,1.5768194
2010-04-23 17:00:00,2010-04-24 12:00:00,20,0.52963334,1.5404475
2010-04-23 17:00:00,2010-04-24 13:00:00,21,0.6028,1.4830694
2010-04-23 17:00:00,2010-04-24 14:00:00,22,0.543,1.422081
2010-04-23 17:00:00,2010-04-24 15:00:00,23,1.2421334,1.2164414
2010-04-23 17:00:00,2010-04-24 16:00:00,24,0.6988,0.7538768
2010-04-24 17:00:00,2010-04-24 17:00:00,1,1.6808333,0.4844103
2010-04-24 17:00:00,2010-04-24 18:00:00,2,2.4453,0.47255397
2010-04-24 17:00:00,2010-04-24 19:00:00,3,2.4780667,0.48887998
2010-04-24 17:00:00,2010-04-24 20:00:00,4,2.0275,0.5428181
2010-04-24 17:00:00,2010-04-24 21:00:00,5,3.1433334,0.532587
2010-04-24 17:00:00,2010-04-24 22:00:00,6,3.0312,0.43332165
2010-04-24 17:00:00,2010-04-24 23:00:00,7,1.7442,0.40211952
2010-04-24 17:00:00,2010-04-25 00:00:00,8,1.6366333,0.3963793
2010-04-24 17:00:00,2010-04-25 01:00:00,9,2.7611334,0.39718366
2010-04-24 17:00:00,2010-04-25 02:00:00,10,1.9335333,0.4037673
2010-04-24 17:00:00,2010-04-25 03:00:00,11,1.6507334,0.4017278
2010-04-24 17:00:00,2010-04-25 04:00:00,12,1.866,0.38447165
2010-04-24 17:00:00,2010-04-25 05:00:00,13,1.7733667,0.3912555
2010-04-24 17:00:00,2010-04-25 06:00:00,14,0.42626667,0.4136992
2010-04-24 17:00:00,2010-04-25 07:00:00,15,0.41663334,0.4163379
2010-04-24 17:00:00,2010-04-25 08:00:00,16,0.42106667,0.44347125
2010-04-24 17:00:00,2010-04-25 09:00:00,17,0.42003334,0.5252791
2010-04-24 17:00:00,2010-04-25 10:00:00,18,1.9056667,0.9648575
2010-04-24 17:00:00,2010-04-25 11:00:00,19,1.8239334,1.1145115
2010-04-24 17:00:00,2010-04-25 12:00:00,20,1.9839667,1.142661
2010-04-24 17:00:00,2010-04-25 13:00:00,21,1.9141333,1.0547948
2010-04-24 17:00:00,2010-04-25 14:00:00,22,0.7066,1.0348264
2010-04-24 17:00:00,2010-04-25 15:00:00,23,0.42853335,0.87477815
2010-04-24 17:00:00,2010-04-25 16:00:00,24,0.44393334,0.6378119
2010-04-25 17:00:00,2010-04-25 17:00:00,1,0.3283,0.4514864
2010-04-25 17:00:00,2010-04-25 18:00:00,2,0.38276666,0.4629522
2010-04-25 17:00:00,2010-04-25 19:00:00,3,0.43536666,0.61054134
2010-04-25 17:00:00,2010-04-25 20:00:00,4,0.36833334,0.72836363
2010-04-25 17:00:00,2010-04-25 21:00:00,5,0.36783335,0.94253945
2010-04-25 17:00:00,2010-04-25 22:00:00,6,0.9214333,0.96171963
2010-04-25 17:00:00,2010-04-25 23:00:00,7,0.39616665,0.8350743
2010-04-25 17:00:00,2010-04-26 00:00:00,8,0.4195,0.7996148
2010-04-25 17:00:00,2010-04-26 01:00:00,9,0.3576,0.7991973
2010-04-25 17:00:00,2010-04-26 02:00:00,10,0.3525,0.826324
2010-04-25 17:00:00,2010-04-26 03:00:00,11,0.36146668,0.7549279
2010-04-25 17:00:00,2010-04-26 04:00:00,12,0.39893332,0.8231686
2010-04-25 17:00:00,2010-04-26 05:00:00,13,0.3567,0.8332163
2010-04-25 17:00:00,2010-04-26 06:00:00,14,0.35583332,0.8645396
2010-04-25 17:00:00,2010-04-26 07:00:00,15,0.35833332,0.9227304
2010-04-25 17:00:00,2010-04-26 08:00:00,16,1.1722333,0.9742369
2010-04-25 17:00:00,2010-04-26 09:00:00,17,0.57556665,1.1742544
2010-04-25 17:00:00,2010-04-26 10:00:00,18,0.399,1.2809486
2010-04-25 17:00:00,2010-04-26 11:00:00,19,0.5157667,1.3109518
2010-04-25 17:00:00,2010-04-26 12:00:00,20,0.41466665,1.3099356
2010-04-25 17:00:00,2010-04-26 13:00:00,21,0.5905667,1.2937443
2010-04-25 17:00:00,2010-04-26 14:00:00,22,0.42476666,1.1885072
2010-04-25 17:00:00,2010-04-26 15:00:00,23,1.7113667,0.9773611
2010-04-25 17:00:00,2010-04-26 16:00:00,24,0.9776,0.93796587
2010-04-26 17:00:00,2010-04-26 17:00:00,1,0.376,0.9286962
2010-04-26 17:00:00,2010-04-26 18:00:00,2,0.48513332,1.0384914
2010-04-26 17:00:00,2010-04-26 19:00:00,3,1.4830333,0.9997299
2010-04-26 17:00:00,2010-04-26 20:00:00,4,1.4643,1.0857346
2010-04-26 17:00:00,2010-04-26 21:00:00,5,1.4257667,1.1605288
2010-04-26 17:00:00,2010-04-26 22:00:00,6,2.1843333,1.0607158
2010-04-26 17:00:00,2010-04-26 23:00:00,7,0.8843,0.66556156
2010-04-26 17:00:00,2010-04-27 00:00:00,8,0.90566665,0.5759324
2010-04-26 17:00:00,2010-04-27 01:00:00,9,0.84493333,0.5772267
2010-04-26 17:00:00,2010-04-27 02:00:00,10,0.8372667,0.54240155
2010-04-26 17:00:00,2010-04-27 03:00:00,11,0.7849333,0.5200123
2010-04-26 17:00:00,2010-04-27 04:00:00,12,0.8844333,0.52440596
2010-04-26 17:00:00,2010-04-27 05:00:00,13,0.8395,0.515886
2010-04-26 17:00:00,2010-04-27 06:00:00,14,0.8296667,0.541234
2010-04-26 17:00:00,2010-04-27 07:00:00,15,0.805,0.62100965
2010-04-26 17:00:00,2010-04-27 08:00:00,16,2.2631667,0.7173489
2010-04-26 17:00:00,2010-04-27 09:00:00,17,1.5056666,0.8832927
2010-04-26 17:00:00,2010-04-27 10:00:00,18,1.4813,1.0148282
2010-04-26 17:00:00,2010-04-27 11:00:00,19,1.4488667,0.9606472
2010-04-26 17:00:00,2010-04-27 12:00:00,20,1.5308334,0.9952218
2010-04-26 17:00:00,2010-04-27 13:00:00,21,1.0180334,0.9815625
2010-04-26 17:00:00,2010-04-27 14:00:00,22,0.5066,0.8859588
2010-04-26 17:00:00,2010-04-27 15:00:00,23,0.44523335,0.7830853
2010-04-26 17:00:00,2010-04-27 16:00:00,24,0.4316,0.7131078
2010-04-27 17:00:00,2010-04-27 17:00:00,1,0.33816665,0.42802525
2010-04-27 17:00:00,2010-04-27 18:00:00,2,0.41353333,0.43327075
2010-04-27 17:00:00,2010-04-27 19:00:00,3,0.3387,0.44843602
2010-04-27 17:00:00,2010-04-27 20:00:00,4,0.4153,0.47455603
2010-04-27 17:00:00,2010-04-27 21:00:00,5,0.3497,0.5380491
2010-04-27 17:00:00,2010-04-27 22:00:00,6,0.44313332,0.5660283
2010-04-27 17:00:00,2010-04-27 23:00:00,7,1.1877667,0.49781457
2010-04-27 17:00:00,2010-04-28 00:00:00,8,0.41583332,0.44521552
2010-04-27 17:00:00,2010-04-28 01:00:00,9,0.33766666,0.44076043
2010-04-27 17:00:00,2010-04-28 02:00:00,10,0.351,0.42914826
2010-04-27 17:00:00,2010-04-28 03:00:00,11,0.32276666,0.4392445
2010-04-27 17:00:00,2010-04-28 04:00:00,12,0.40406665,0.44507998
2010-04-27 17:00:00,2010-04-28 05:00:00,13,0.3438,0.46259117
2010-04-27 17:00:00,2010-04-28 06:00:00,14,0.35293335,0.4772069
2010-04-27 17:00:00,2010-04-28 07:00:00,15,0.36983332,0.51408863
2010-04-27 17:00:00,2010-04-28 08:00:00,16,0.381,0.62681526
2010-04-27 17:00:00,2010-04-28 09:00:00,17,0.74543333,0.66752994
2010-04-27 17:00:00,2010-04-28 10:00:00,18,1.4462,0.661468
2010-04-27 17:00:00,2010-04-28 11:00:00,19,1.0110333,0.70538193
2010-04-27 17:00:00,2010-04-28 12:00:00,20,0.46066666,0.71039534
2010-04-27 17:00:00,2010-04-28 13:00:00,21,0.32486665,0.6662991
2010-04-27 17:00:00,2010-04-28 14:00:00,22,0.38823333,0.64595604
2010-04-27 17:00:00,2010-04-28 15:00:00,23,0.38673332,0.6628531
2010-04-27 17:00:00,2010-04-28 16:00:00,24,0.44023332,0.61879003
2010-04-28 17:00:00,2010-04-28 17:00:00,1,0.37943333,0.42016703
2010-04-28 17:00:00,2010-04-28 18:00:00,2,0.47446668,0.43179086
2010-04-28 17:00:00,2010-04-28 19:00:00,3,1.3490334,0.46111116
2010-04-28 17:00:00,2010-04-28 20:00:00,4,1.8294667,0.53980803
2010-04-28 17:00:00,2010-04-28 21:00:00,5,1.0706,0.5506507
2010-04-28 17:00:00,2010-04-28 22:00:00,6,0.3947,0.58055115
2010-04-28 17:00:00,2010-04-28 23:00:00,7,0.4843,0.5412851
2010-04-28 17:00:00,2010-04-29 00:00:00,8,1.5426,0.51943505
2010-04-28 17:00:00,2010-04-29 01:00:00,9,0.7933667,0.4980193
2010-04-28 17:00:00,2010-04-29 02:00:00,10,0.7035667,0.5117383
2010-04-28 17:00:00,2010-04-29 03:00:00,11,0.70163333,0.5116272
2010-04-28 17:00:00,2010-04-29 04:00:00,12,0.7249333,0.5107253
2010-04-28 17:00:00,2010-04-29 05:00:00,13,0.6062667,0.53047323
2010-04-28 17:00:00,2010-04-29 06:00:00,14,0.7924,0.52243406
2010-04-28 17:00:00,2010-04-29 07:00:00,15,1.4452333,0.55144525
2010-04-28 17:00:00,2010-04-29 08:00:00,16,1.6148334,0.6540967
2010-04-28 17:00:00,2010-04-29 09:00:00,17,1.8318,0.7502686
2010-04-28 17:00:00,2010-04-29 10:00:00,18,1.2689,0.9112295
2010-04-28 17:00:00,2010-04-29 11:00:00,19,0.35363334,0.91668123
2010-04-28 17:00:00,2010-04-29 12:00:00,20,0.3387,0.9507809
2010-04-28 17:00:00,2010-04-29 13:00:00,21,0.3834,0.7627029
2010-04-28 17:00:00,2010-04-29 14:00:00,22,0.4287,0.5216393
2010-04-28 17:00:00,2010-04-29 15:00:00,23,0.37493333,0.47159448
2010-04-28 17:00:00,2010-04-29 16:00:00,24,0.35006666,0.45495874
2010-04-29 17:00:00,2010-04-29 17:00:00,1,0.5626,0.35774025
2010-04-29 17:00:00,2010-04-29 18:00:00,2,0.8042667,0.356707
2010-04-29 17:00:00,2010-04-29 19:00:00,3,1.2683333,0.3648565
2010-04-29 17:00:00,2010-04-29 20:00:00,4,0.37853333,0.36646095
2010-04-29 17:00:00,2010-04-29 21:00:00,5,0.34723333,0.3673294
2010-04-29 17:00:00,2010-04-29 22:00:00,6,0.3579,0.36917552
2010-04-29 17:00:00,2010-04-29 23:00:00,7,0.42156667,0.36439854
2010-04-29 17:00:00,2010-04-30 00:00:00,8,0.41556665,0.3687328
2010-04-29 17:00:00,2010-04-30 01:00:00,9,0.3475,0.36849552
2010-04-29 17:00:00,2010-04-30 02:00:00,10,0.36446667,0.36525458
2010-04-29 17:00:00,2010-04-30 03:00:00,11,0.35,0.3694078
2010-04-29 17:00:00,2010-04-30 04:00:00,12,1.0403666,0.37120968
2010-04-29 17:00:00,2010-04-30 05:00:00,13,0.52926666,0.37392822
2010-04-29 17:00:00,2010-04-30 06:00:00,14,0.34483334,0.37374118
2010-04-29 17:00:00,2010-04-30 07:00:00,15,0.33043334,0.37510473
2010-04-29 17:00:00,2010-04-30 08:00:00,16,0.3597,0.38465977
2010-04-29 17:00:00,2010-04-30 09:00:00,17,0.9388667,0.38808984
2010-04-29 17:00:00,2010-04-30 10:00:00,18,1.2614334,0.39628664
2010-04-29 17:00:00,2010-04-30 11:00:00,19,0.61576664,0.39062735
2010-04-29 17:00:00,2010-04-30 12:00:00,20,1.9986,0.38165113
2010-04-29 17:00:00,2010-04-30 13:00:00,21,0.977,0.3841655
2010-04-29 17:00:00,2010-04-30 14:00:00,22,1.4853333,0.3856939
2010-04-29 17:00:00,2010-04-30 15:00:00,23,0.86053336,0.38735166
2010-04-29 17:00:00,2010-04-30 16:00:00,24,0.9906,0.40213054
2010-04-30 17:00:00,2010-04-30 17:00:00,1,2.8436334,0.8927971
2010-04-30 17:00:00,2010-04-30 18:00:00,2,0.7098333,0.85353214
2010-04-30 17:00:00,2010-04-30 19:00:00,3,0.36363333,0.8122801
2010-04-30 17:00:00,2010-04-30 20:00:00,4,0.35053334,0.82154053
2010-04-30 17:00:00,2010-04-30 21:00:00,5,0.35133332,0.78722936
2010-04-30 17:00:00,2010-04-30 22:00:00,6,0.43046665,0.7658486
2010-04-30 17:00:00,2010-04-30 23:00:00,7,0.3841,0.7404277
2010-04-30 17:00:00,2010-05-01 00:00:00,8,0.3496,0.7344863
2010-04-30 17:00:00,2010-05-01 01:00:00,9,0.4738,0.72853506
2010-04-30 17:00:00,2010-05-01 02:00:00,10,0.7753,0.716627
2010-04-30 17:00:00,2010-05-01 03:00:00,11,0.38893333,0.7074835
2010-04-30 17:00:00,2010-05-01 04:00:00,12,0.35083333,0.68529344
2010-04-30 17:00:00,2010-05-01 05:00:00,13,0.3363,0.67708236
2010-04-30 17:00:00,2010-05-01 06:00:00,14,0.37316668,0.6581688
2010-04-30 17:00:00,2010-05-01 07:00:00,15,0.41573334,0.6429367
2010-04-30 17:00:00,2010-05-01 08:00:00,16,0.31133333,0.62564164
2010-04-30 17:00:00,2010-05-01 09:00:00,17,0.3417,0.5966458
2010-04-30 17:00:00,2010-05-01 10:00:00,18,1.2088,0.56808126
2010-04-30 17:00:00,2010-05-01 11:00:00,19,2.6106,0.5304283
2010-04-30 17:00:00,2010-05-01 12:00:00,20,1.5781333,0.5148551
2010-04-30 17:00:00,2010-05-01 13:00:00,21,0.5086,0.48704758
2010-04-30 17:00:00,2010-05-01 14:00:00,22,2.5501,0.46867433
2010-04-30 17:00:00,2010-05-01 15:00:00,23,1.1692333,0.4576755
2010-04-30 17:00:00,2010-05-01 16:00:00,24,0.50443333,0.4496223
2010-05-01 17:00:00,2010-05-01 17:00:00,1,0.4151,0.45958525
2010-05-01 17:00:00,2010-05-01 18:00:00,2,0.3371,0.46428722
2010-05-01 17:00:00,2010-05-01 19:00:00,3,0.5240333,0.46807116
2010-05-01 17:00:00,2010-05-01 20:00:00,4,0.8862333,0.48290902
2010-05-01 17:00:00,2010-05-01 21:00:00,5,1.5693667,0.48325026
2010-05-01 17:00:00,2010-05-01 22:00:00,6,2.5912333,0.4874221
2010-05-01 17:00:00,2010-05-01 23:00:00,7,1.4329667,0.48367512
2010-05-01 17:00:00,2010-05-02 00:00:00,8,0.35856667,0.48982105
2010-05-01 17:00:00,2010-05-02 01:00:00,9,0.35653332,0.48232007
2010-05-01 17:00:00,2010-05-02 02:00:00,10,0.39083335,0.48611897
2010-05-01 17:00:00,2010-05-02 03:00:00,11,0.3836,0.4865722
2010-05-01 17:00:00,2010-05-02 04:00:00,12,0.36403334,0.49285603
2010-05-01 17:00:00,2010-05-02 05:00:00,13,0.36226666,0.49337444
2010-05-01 17:00:00,2010-05-02 06:00:00,14,0.35003334,0.49636856
2010-05-01 17:00:00,2010-05-02 07:00:00,15,1.5182333,0.50218576
2010-05-01 17:00:00,2010-05-02 08:00:00,16,1.5409666,0.50706244
2010-05-01 17:00:00,2010-05-02 09:00:00,17,1.636,0.5086069
2010-05-01 17:00:00,2010-05-02 10:00:00,18,0.83353335,0.51966417
2010-05-01 17:00:00,2010-05-02 11:00:00,19,1.6141666,0.5249742
2010-05-01 17:00:00,2010-05-02 12:00:00,20,3.5630667,0.5341141
2010-05-01 17:00:00,2010-05-02 13:00:00,21,3.5252333,0.5299461
2010-05-01 17:00:00,2010-05-02 14:00:00,22,1.9146333,0.5353781
2010-05-01 17:00:00,2010-05-02 15:00:00,23,2.2805333,0.5207664
2010-05-01 17:00:00,2010-05-02 16:00:00,24,1.7898333,0.52234316
2010-05-02 17:00:00,2010-05-02 17:00:00,1,1.7991333,1.2799013
2010-05-02 17:00:00,2010-05-02 18:00:00,2,1.7934667,1.1366687
2010-05-02 17:00:00,2010-05-02 19:00:00,3,3.7739,1.0156386
2010-05-02 17:00:00,2010-05-02 20:00:00,4,2.5308,0.94283694
2010-05-02 17:00:00,2010-05-02 21:00:00,5,2.776,0.8209517
2010-05-02 17:00:00,2010-05-02 22:00:00,6,0.61793333,0.76080596
2010-05-02 17:00:00,2010-05-02 23:00:00,7,0.39186665,0.71965724
2010-05-02 17:00:00,2010-05-03 00:00:00,8,0.41223332,0.6709634
2010-05-02 17:00:00,2010-05-03 01:00:00,9,0.37496668,0.6288547
2010-05-02 17:00:00,2010-05-03 02:00:00,10,0.3439,0.6116992
2010-05-02 17:00:00,2010-05-03 03:00:00,11,0.34063333,0.58308244
2010-05-02 17:00:00,2010-05-03 04:00:00,12,1.0999334,0.57423127
2010-05-02 17:00:00,2010-05-03 05:00:00,13,0.3263,0.55604696
2010-05-02 17:00:00,2010-05-03 06:00:00,14,0.77143335,0.5512882
2010-05-02 17:00:00,2010-05-03 07:00:00,15,2.0927,0.55173236
2010-05-02 17:00:00,2010-05-03 08:00:00,16,1.4167,0.5595504
2010-05-02 17:00:00,2010-05-03 09:00:00,17,1.3820333,0.5505719
2010-05-02 17:00:00,2010-05-03 10:00:00,18,1.3711667,0.55747575
2010-05-02 17:00:00,2010-05-03 11:00:00,19,1.3226334,0.55618703
2010-05-02 17:00:00,2010-05-03 12:00:00,20,0.9827667,0.5518093
2010-05-02 17:00:00,2010-05-03 13:00:00,21,0.3752,0.54294515
2010-05-02 17:00:00,2010-05-03 14:00:00,22,0.34176666,0.5446029
2010-05-02 17:00:00,2010-05-03 15:00:00,23,0.3299,0.534903
2010-05-02 17:00:00,2010-05-03 16:00:00,24,0.35293335,0.5364756
2010-05-03 17:00:00,2010-05-03 17:00:00,1,0.37,0.36040717
2010-05-03 17:00:00,2010-05-03 18:00:00,2,0.5389,0.3818971
2010-05-03 17:00:00,2010-05-03 19:00:00,3,2.1568334,0.40945312
2010-05-03 17:00:00,2010-05-03 20:00:00,4,2.6444666,0.42166856
2010-05-03 17:00:00,2010-05-03 21:00:00,5,2.3928,0.42745602
2010-05-03 17:00:00,2010-05-03 22:00:00,6,1.4212,0.43578047
2010-05-03 17:00:00,2010-05-03 23:00:00,7,0.3603,0.42541566
2010-05-03 17:00:00,2010-05-04 00:00:00,8,0.3779,0.42884645
2010-05-03 17:00:00,2010-05-04 01:00:00,9,0.33353335,0.42471728
2010-05-03 17:00:00,2010-05-04 02:00:00,10,0.3046,0.4277555
2010-05-03 17:00:00,2010-05-04 03:00:00,11,0.37926668,0.4376136
2010-05-03 17:00:00,2010-05-04 04:00:00,12,0.33933333,0.5013807
2010-05-03 17:00:00,2010-05-04 05:00:00,13,0.29293334,0.49422804
2010-05-03 17:00:00,2010-05-04 06:00:00,14,0.89676666,0.48407835
2010-05-03 17:00:00,2010-05-04 07:00:00,15,1.1859,0.5010188
2010-05-03 17:00:00,2010-05-04 08:00:00,16,1.9222333,0.5353483
2010-05-03 17:00:00,2010-05-04 09:00:00,17,1.9374666,0.580536
2010-05-03 17:00:00,2010-05-04 10:00:00,18,1.8925333,0.5902178
2010-05-03 17:00:00,2010-05-04 11:00:00,19,1.4468334,0.58541954
2010-05-03 17:00:00,2010-05-04 12:00:00,20,1.3913,0.580369
2010-05-03 17:00:00,2010-05-04 13:00:00,21,1.3236333,0.5526815
2010-05-03 17:00:00,2010-05-04 14:00:00,22,1.3724,0.5563245
2010-05-03 17:00:00,2010-05-04 15:00:00,23,1.3889667,0.53937167
2010-05-03 17:00:00,2010-05-04 16:00:00,24,0.7543333,0.5534589
2010-05-04 17:00:00,2010-05-04 17:00:00,1,0.5214,0.4975056
2010-05-04 17:00:00,2010-05-04 18:00:00,2,0.7041,0.7410152
2010-05-04 17:00:00,2010-05-04 19:00:00,3,1.3919667,1.249555
2010-05-04 17:00:00,2010-05-04 20:00:00,4,1.9786333,1.349552
2010-05-04 17:00:00,2010-05-04 21:00:00,5,1.4030666,1.2345188
2010-05-04 17:00:00,2010-05-04 22:00:00,6,1.1828667,0.8719725
2010-05-04 17:00:00,2010-05-04 23:00:00,7,0.5607,0.5589806
2010-05-04 17:00:00,2010-05-05 00:00:00,8,0.36133334,0.46629035
2010-05-04 17:00:00,2010-05-05 01:00:00,9,0.29863334,0.42044035
2010-05-04 17:00:00,2010-05-05 02:00:00,10,0.37863332,0.41647887
2010-05-04 17:00:00,2010-05-05 03:00:00,11,0.8437667,0.39915895
2010-05-04 17:00:00,2010-05-05 04:00:00,12,0.57,0.40439337
2010-05-04 17:00:00,2010-05-05 05:00:00,13,0.29203334,0.4159413
2010-05-04 17:00:00,2010-05-05 06:00:00,14,0.6113667,0.52044034
2010-05-04 17:00:00,2010-05-05 07:00:00,15,1.5195333,1.0202414
2010-05-04 17:00:00,2010-05-05 08:00:00,16,1.2416333,1.1551749
2010-05-04 17:00:00,2010-05-05 09:00:00,17,2.3683,1.1747957
2010-05-04 17:00:00,2010-05-05 10:00:00,18,2.1899667,1.0321345
2010-05-04 17:00:00,2010-05-05 11:00:00,19,1.5189667,0.93650526
2010-05-04 17:00:00,2010-05-05 12:00:00,20,1.4798666,0.68305236
2010-05-04 17:00:00,2010-05-05 13:00:00,21,1.4567667,0.50261384
2010-05-04 17:00:00,2010-05-05 14:00:00,22,2.4275334,0.5157082
2010-05-04 17:00:00,2010-05-05 15:00:00,23,1.9371,0.46986324
2010-05-04 17:00:00,2010-05-05 16:00:00,24,0.45446667,0.45606261
2010-05-05 17:00:00,2010-05-05 17:00:00,1,0.58453333,0.3604443
2010-05-05 17:00:00,2010-05-05 18:00:00,2,0.76856667,0.57071096
2010-05-05 17:00:00,2010-05-05 19:00:00,3,1.3298334,1.3907105
2010-05-05 17:00:00,2010-05-05 20:00:00,4,1.8826333,1.6495414
2010-05-05 17:00:00,2010-05-05 21:00:00,5,3.1247,1.6618116
2010-05-05 17:00:00,2010-05-05 22:00:00,6,1.8031666,1.4199964
2010-05-05 17:00:00,2010-05-05 23:00:00,7,0.6451333,0.77087384
2010-05-05 17:00:00,2010-05-06 00:00:00,8,0.3465,0.52783906
2010-05-05 17:00:00,2010-05-06 01:00:00,9,0.38966668,0.4122514
2010-05-05 17:00:00,2010-05-06 02:00:00,10,0.3371,0.4118423
2010-05-05 17:00:00,2010-05-06 03:00:00,11,0.6175,0.47834677
2010-05-05 17:00:00,2010-05-06 04:00:00,12,0.7809,0.39744258
2010-05-05 17:00:00,2010-05-06 05:00:00,13,0.32326666,0.3572935
2010-05-05 17:00:00,2010-05-06 06:00:00,14,0.5272,0.63886774
2010-05-05 17:00:00,2010-05-06 07:00:00,15,1.2249334,1.3768353
2010-05-05 17:00:00,2010-05-06 08:00:00,16,1.7262334,1.536798
2010-05-05 17:00:00,2010-05-06 09:00:00,17,1.3930666,1.7176726
2010-05-05 17:00:00,2010-05-06 10:00:00,18,1.3164667,1.5991058
2010-05-05 17:00:00,2010-05-06 11:00:00,19,1.4319667,1.4151187
2010-05-05 17:00:00,2010-05-06 12:00:00,20,1.4989333,1.282969
2010-05-05 17:00:00,2010-05-06 13:00:00,21,1.2481667,1.2293715
2010-05-05 17:00:00,2010-05-06 14:00:00,22,0.45546666,1.2057083
2010-05-05 17:00:00,2010-05-06 15:00:00,23,0.5316,1.2361478
2010-05-05 17:00:00,2010-05-06 16:00:00,24,0.34716666,0.71784675
2010-05-06 17:00:00,2010-05-06 17:00:00,1,0.4518,0.38224095
2010-05-06 17:00:00,2010-05-06 18:00:00,2,1.2337,0.5519205
2010-05-06 17:00:00,2010-05-06 19:00:00,3,1.8178667,1.2486911
2010-05-06 17:00:00,2010-05-06 20:00:00,4,1.4060667,1.5956157
2010-05-06 17:00:00,2010-05-06 21:00:00,5,0.9249333,1.5336615
2010-05-06 17:00:00,2010-05-06 22:00:00,6,0.87866664,1.1237994
2010-05-06 17:00:00,2010-05-06 23:00:00,7,0.445,0.4699787
2010-05-06 17:00:00,2010-05-07 00:00:00,8,0.3311,0.37325144
2010-05-06 17:00:00,2010-05-07 01:00:00,9,0.32666665,0.3611461
2010-05-06 17:00:00,2010-05-07 02:00:00,10,0.3429,0.35894406
2010-05-06 17:00:00,2010-05-07 03:00:00,11,0.36046666,0.40844214
2010-05-06 17:00:00,2010-05-07 04:00:00,12,1.0356,0.39221025
2010-05-06 17:00:00,2010-05-07 05:00:00,13,0.36173335,0.37412095
2010-05-06 17:00:00,2010-05-07 06:00:00,14,1.2250667,0.5516944
2010-05-06 17:00:00,2010-05-07 07:00:00,15,2.0432668,1.202578
2010-05-06 17:00:00,2010-05-07 08:00:00,16,1.7176666,1.3775318
2010-05-06 17:00:00,2010-05-07 09:00:00,17,1.863,1.4318223
2010-05-06 17:00:00,2010-05-07 10:00:00,18,1.3217666,1.3910335
2010-05-06 17:00:00,2010-05-07 11:00:00,19,1.3786334,1.3073964
2010-05-06 17:00:00,2010-05-07 12:00:00,20,1.6298333,1.1799111
2010-05-06 17:00:00,2010-05-07 13:00:00,21,0.67333335,0.9110675
2010-05-06 17:00:00,2010-05-07 14:00:00,22,0.6678,0.6595572
2010-05-06 17:00:00,2010-05-07 15:00:00,23,1.3448666,0.632313
2010-05-06 17:00:00,2010-05-07 16:00:00,24,0.90936667,0.4159451
2010-05-07 17:00:00,2010-05-07 17:00:00,1,0.36963335,0.48552293
2010-05-07 17:00:00,2010-05-07 18:00:00,2,0.5626,0.93448013
2010-05-07 17:00:00,2010-05-07 19:00:00,3,1.4755334,1.6317792
2010-05-07 17:00:00,2010-05-07 20:00:00,4,2.2909667,1.8523138
2010-05-07 17:00:00,2010-05-07 21:00:00,5,2.2999666,1.6937609
2010-05-07 17:00:00,2010-05-07 22:00:00,6,1.5582334,1.2444787
2010-05-07 17:00:00,2010-05-07 23:00:00,7,1.3100667,0.46802032
2010-05-07 17:00:00,2010-05-08 00:00:00,8,1.0309334,0.3718863
2010-05-07 17:00:00,2010-05-08 01:00:00,9,2.1358333,0.35173327
2010-05-07 17:00:00,2010-05-08 02:00:00,10,1.2079,0.34788668
2010-05-07 17:00:00,2010-05-08 03:00:00,11,0.9025,0.38608426
2010-05-07 17:00:00,2010-05-08 04:00:00,12,0.3192,0.40941882
2010-05-07 17:00:00,2010-05-08 05:00:00,13,0.39076668,0.35830396
2010-05-07 17:00:00,2010-05-08 06:00:00,14,0.33366665,0.7647047
2010-05-07 17:00:00,2010-05-08 07:00:00,15,0.3592,1.4410055
2010-05-07 17:00:00,2010-05-08 08:00:00,16,0.50133336,1.6026584
2010-05-07 17:00:00,2010-05-08 09:00:00,17,2.4222333,1.6712875
2010-05-07 17:00:00,2010-05-08 10:00:00,18,2.6937666,1.5519282
2010-05-07 17:00:00,2010-05-08 11:00:00,19,2.1389,1.5035462
2010-05-07 17:00:00,2010-05-08 12:00:00,20,1.4613,1.5092571
2010-05-07 17:00:00,2010-05-08 13:00:00,21,1.4432666,1.2173438
2010-05-07 17:00:00,2010-05-08 14:00:00,22,1.4543,1.1607537
2010-05-07 17:00:00,2010-05-08 15:00:00,23,0.60823333,1.107377
2010-05-07 17:00:00,2010-05-08 16:00:00,24,0.35373333,0.5774102
2010-05-08 17:00:00,2010-05-08 17:00:00,1,0.35506666,0.36243343
2010-05-08 17:00:00,2010-05-08 18:00:00,2,0.3776,0.6767912
2010-05-08 17:00:00,2010-05-08 19:00:00,3,0.32636666,1.6019328
2010-05-08 17:00:00,2010-05-08 20:00:00,4,0.4219,1.8853176
2010-05-08 17:00:00,2010-05-08 21:00:00,5,3.2730334,1.8155345
2010-05-08 17:00:00,2010-05-08 22:00:00,6,0.5933,1.297126
2010-05-08 17:00:00,2010-05-08 23:00:00,7,0.4527,0.66107607
2010-05-08 17:00:00,2010-05-09 00:00:00,8,0.41843334,0.42332143
2010-05-08 17:00:00,2010-05-09 01:00:00,9,0.5043333,0.3718812
2010-05-08 17:00:00,2010-05-09 02:00:00,10,0.40513334,0.36214173
2010-05-08 17:00:00,2010-05-09 03:00:00,11,0.4043,0.39958912
2010-05-08 17:00:00,2010-05-09 04:00:00,12,0.3339,0.38558644
2010-05-08 17:00:00,2010-05-09 05:00:00,13,0.34136668,0.34772485
2010-05-08 17:00:00,2010-05-09 06:00:00,14,0.91186666,0.5683881
2010-05-08 17:00:00,2010-05-09 07:00:00,15,0.5787,1.4310778
2010-05-08 17:00:00,2010-05-09 08:00:00,16,0.4759,1.613064
2010-05-08 17:00:00,2010-05-09 09:00:00,17,0.7206333,1.769048
2010-05-08 17:00:00,2010-05-09 10:00:00,18,2.589,1.6147714
2010-05-08 17:00:00,2010-05-09 11:00:00,19,2.0800667,1.4709895
2010-05-08 17:00:00,2010-05-09 12:00:00,20,1.5217,1.3643358
2010-05-08 17:00:00,2010-05-09 13:00:00,21,1.5006,1.0754776
2010-05-08 17:00:00,2010-05-09 14:00:00,22,1.6730334,0.87289596
2010-05-08 17:00:00,2010-05-09 15:00:00,23,0.9791,0.7719074
2010-05-08 17:00:00,2010-05-09 16:00:00,24,0.5596667,0.43979424
2010-05-09 17:00:00,2010-05-09 17:00:00,1,1.0072,0.43200338
2010-05-09 17:00:00,2010-05-09 18:00:00,2,0.92436665,0.5344024
2010-05-09 17:00:00,2010-05-09 19:00:00,3,1.8075,0.767943
2010-05-09 17:00:00,2010-05-09 20:00:00,4,2.4892,0.97363555
2010-05-09 17:00:00,2010-05-09 21:00:00,5,2.3592668,1.7037228
2010-05-09 17:00:00,2010-05-09 22:00:00,6,1.1152333,1.3813012
2010-05-09 17:00:00,2010-05-09 23:00:00,7,0.408,0.83878165
2010-05-09 17:00:00,2010-05-10 00:00:00,8,0.4233,0.60382706
2010-05-09 17:00:00,2010-05-10 01:00:00,9,0.34986666,0.54470986
2010-05-09 17:00:00,2010-05-10 02:00:00,10,0.41043332,0.5053146
2010-05-09 17:00:00,2010-05-10 03:00:00,11,0.3747,0.46280855
2010-05-09 17:00:00,2010-05-10 04:00:00,12,0.359,0.3865686
2010-05-09 17:00:00,2010-05-10 05:00:00,13,0.8362,0.34954798
2010-05-09 17:00:00,2010-05-10 06:00:00,14,0.633,0.4698124
2010-05-09 17:00:00,2010-05-10 07:00:00,15,1.8666667,0.7541535
2010-05-09 17:00:00,2010-05-10 08:00:00,16,1.4740666,0.86501056
2010-05-09 17:00:00,2010-05-10 09:00:00,17,1.3697,1.4735463
2010-05-09 17:00:00,2010-05-10 10:00:00,18,1.4806,1.6532174
2010-05-09 17:00:00,2010-05-10 11:00:00,19,1.4476,1.5801649
2010-05-09 17:00:00,2010-05-10 12:00:00,20,1.1581334,1.4473852
2010-05-09 17:00:00,2010-05-10 13:00:00,21,0.39683333,1.3618455
2010-05-09 17:00:00,2010-05-10 14:00:00,22,0.6421667,1.2153174
2010-05-09 17:00:00,2010-05-10 15:00:00,23,0.4062,0.85354584
2010-05-09 17:00:00,2010-05-10 16:00:00,24,0.42703333,0.49984884
2010-05-10 17:00:00,2010-05-10 17:00:00,1,0.41973335,0.41399205
2010-05-10 17:00:00,2010-05-10 18:00:00,2,0.43106666,0.8332066
2010-05-10 17:00:00,2010-05-10 19:00:00,3,1.1695,1.4265887
2010-05-10 17:00:00,2010-05-10 20:00:00,4,2.4106667,1.6396794
2010-05-10 17:00:00,2010-05-10 21:00:00,5,2.9157,1.5717961
2010-05-10 17:00:00,2010-05-10 22:00:00,6,1.6507,1.1209506
2010-05-10 17:00:00,2010-05-10 23:00:00,7,1.412,0.5252452
2010-05-10 17:00:00,2010-05-11 00:00:00,8,1.4787667,0.42305392
2010-05-10 17:00:00,2010-05-11 01:00:00,9,1.4476334,0.39067847
2010-05-10 17:00:00,2010-05-11 02:00:00,10,1.4576666,0.38584578
2010-05-10 17:00:00,2010-05-11 03:00:00,11,0.3954,0.40369713
2010-05-10 17:00:00,2010-05-11 04:00:00,12,0.40703332,0.38696158
2010-05-10 17:00:00,2010-05-11 05:00:00,13,0.3084,0.39033055
2010-05-10 17:00:00,2010-05-11 06:00:00,14,0.7299333,0.6760467
2010-05-10 17:00:00,2010-05-11 07:00:00,15,2.1199,1.3843384
2010-05-10 17:00:00,2010-05-11 08:00:00,16,2.2432,1.5515316
2010-05-10 17:00:00,2010-05-11 09:00:00,17,1.5963666,1.7001361
2010-05-10 17:00:00,2010-05-11 10:00:00,18,1.6475,1.6667883
2010-05-10 17:00:00,2010-05-11 11:00:00,19,1.6040666,1.5372565
2010-05-10 17:00:00,2010-05-11 12:00:00,20,1.2644,1.4146305
2010-05-10 17:00:00,2010-05-11 13:00:00,21,1.0311,1.203644
2010-05-10 17:00:00,2010-05-11 14:00:00,22,0.46913335,1.1656789
2010-05-10 17:00:00,2010-05-11 15:00:00,23,0.4855,1.0040652
2010-05-10 17:00:00,2010-05-11 16:00:00,24,0.76016665,0.541184
2010-05-11 17:00:00,2010-05-11 17:00:00,1,0.8795,0.5235805
2010-05-11 17:00:00,2010-05-11 18:00:00,2,1.1376333,0.8450137
2010-05-11 17:00:00,2010-05-11 19:00:00,3,2.0624332,1.5058686
2010-05-11 17:00:00,2010-05-11 20:00:00,4,1.0880667,1.8930502
2010-05-11 17:00:00,2010-05-11 21:00:00,5,0.55586666,1.9760755
2010-05-11 17:00:00,2010-05-11 22:00:00,6,0.4442,1.4888271
2010-05-11 17:00:00,2010-05-11 23:00:00,7,0.5756,1.0497432
2010-05-11 17:00:00,2010-05-12 00:00:00,8,0.3264,0.71403
2010-05-11 17:00:00,2010-05-12 01:00:00,9,0.98616666,0.5238294
2010-05-11 17:00:00,2010-05-12 02:00:00,10,0.5014667,0.46036613
2010-05-11 17:00:00,2010-05-12 03:00:00,11,0.3509,0.416287
2010-05-11 17:00:00,2010-05-12 04:00:00,12,0.3149,0.3859219
2010-05-11 17:00:00,2010-05-12 05:00:00,13,0.31976667,0.3868732
2010-05-11 17:00:00,2010-05-12 06:00:00,14,0.9449667,0.61790884
2010-05-11 17:00:00,2010-05-12 07:00:00,15,2.4613333,1.4583192
2010-05-11 17:00:00,2010-05-12 08:00:00,16,2.1047,1.6168668
2010-05-11 17:00:00,2010-05-12 09:00:00,17,1.6658,1.755491
2010-05-11 17:00:00,2010-05-12 10:00:00,18,1.5169667,1.6346349
2010-05-11 17:00:00,2010-05-12 11:00:00,19,1.9225667,1.462611
2010-05-11 17:00:00,2010-05-12 12:00:00,20,1.8470334,1.2968873
2010-05-11 17:00:00,2010-05-12 13:00:00,21,1.4408333,1.0284692
2010-05-11 17:00:00,2010-05-12 14:00:00,22,2.9855332,0.7836803
2010-05-11 17:00:00,2010-05-12 15:00:00,23,1.8542,0.5917022
2010-05-11 17:00:00,2010-05-12 16:00:00,24,1.4608667,0.4423893
2010-05-12 17:00:00,2010-05-12 17:00:00,1,3.0760667,0.98877627
2010-05-12 17:00:00,2010-05-12 18:00:00,2,0.68693334,1.1214855
2010-05-12 17:00:00,2010-05-12 19:00:00,3,0.54116666,1.6261349
2010-05-12 17:00:00,2010-05-12 20:00:00,4,1.7231333,1.694318
2010-05-12 17:00:00,2010-05-12 21:00:00,5,1.7869,1.4883096
2010-05-12 17:00:00,2010-05-12 22:00:00,6,1.561,1.1128583
2010-05-12 17:00:00,2010-05-12 23:00:00,7,1.5440333,0.7608261
2010-05-12 17:00:00,2010-05-13 00:00:00,8,0.3472,0.640419
2010-05-12 17:00:00,2010-05-13 01:00:00,9,0.3643,0.6697545
2010-05-12 17:00:00,2010-05-13 02:00:00,10,0.3389,0.5729731
2010-05-12 17:00:00,2010-05-13 03:00:00,11,0.3558,0.45861477
2010-05-12 17:00:00,2010-05-13 04:00:00,12,0.34986666,0.44824624
2010-05-12 17:00:00,2010-05-13 05:00:00,13,0.3187,0.46022618
2010-05-12 17:00:00,2010-05-13 06:00:00,14,0.36946666,0.67387825
2010-05-12 17:00:00,2010-05-13 07:00:00,15,0.30286667,1.5193838
2010-05-12 17:00:00,2010-05-13 08:00:00,16,1.4711334,1.60925
2010-05-12 17:00:00,2010-05-13 09:00:00,17,0.36616668,1.6360232
2010-05-12 17:00:00,2010-05-13 10:00:00,18,1.4741,1.4946402
2010-05-12 17:00:00,2010-05-13 11:00:00,19,1.9577667,1.4462372
2010-05-12 17:00:00,2010-05-13 12:00:00,20,1.9802,1.3072277
2010-05-12 17:00:00,2010-05-13 13:00:00,21,1.4075667,1.2098663
2010-05-12 17:00:00,2010-05-13 14:00:00,22,1.4837333,1.0047587
2010-05-12 17:00:00,2010-05-13 15:00:00,23,1.0083333,0.82537985
2010-05-12 17:00:00,2010-05-13 16:00:00,24,0.6708,0.69385237
2010-05-21 17:00:00,2010-05-21 17:00:00,1,0.3586,0.41187578
2010-05-21 17:00:00,2010-05-21 18:00:00,2,0.44763333,0.4766444
2010-05-21 17:00:00,2010-05-21 19:00:00,3,0.8801,1.1207547
2010-05-21 17:00:00,2010-05-21 20:00:00,4,1.7375667,1.3448997
2010-05-21 17:00:00,2010-05-21 21:00:00,5,0.9084333,1.2679977
2010-05-21 17:00:00,2010-05-21 22:00:00,6,0.909,0.82108784
2010-05-21 17:00:00,2010-05-21 23:00:00,7,0.44603333,0.70982254
2010-05-21 17:00:00,2010-05-22 00:00:00,8,0.45573333,0.52558655
2010-05-21 17:00:00,2010-05-22 01:00:00,9,0.49613333,0.49869877
2010-05-21 17:00:00,2010-05-22 02:00:00,10,0.9549,0.5040303
2010-05-21 17:00:00,2010-05-22 03:00:00,11,0.57596666,0.43830073
2010-05-21 17:00:00,2010-05-22 04:00:00,12,0.46346667,0.4094323
2010-05-21 17:00:00,2010-05-22 05:00:00,13,0.42506668,0.4205346
2010-05-21 17:00:00,2010-05-22 06:00:00,14,0.86223334,0.5313155
2010-05-21 17:00:00,2010-05-22 07:00:00,15,1.8893334,1.4045902
2010-05-21 17:00:00,2010-05-22 08:00:00,16,2.1137667,1.6178852
2010-05-21 17:00:00,2010-05-22 09:00:00,17,2.0202,1.6061662
2010-05-21 17:00:00,2010-05-22 10:00:00,18,2.1044333,1.4198581
2010-05-21 17:00:00,2010-05-22 11:00:00,19,2.9777334,1.3387002
2010-05-21 17:00:00,2010-05-22 12:00:00,20,2.9287,0.9448988
2010-05-21 17:00:00,2010-05-22 13:00:00,21,1.3232334,0.7574359
2010-05-21 17:00:00,2010-05-22 14:00:00,22,1.7196333,0.6768662
2010-05-21 17:00:00,2010-05-22 15:00:00,23,1.7081667,0.5394876
2010-05-21 17:00:00,2010-05-22 16:00:00,24,1.6239667,0.4773236
2010-05-22 17:00:00,2010-05-22 17:00:00,1,1.3736666,1.2241386
2010-05-22 17:00:00,2010-05-22 18:00:00,2,0.5486,1.1721735
2010-05-22 17:00:00,2010-05-22 19:00:00,3,1.6358666,1.4920237
2010-05-22 17:00:00,2010-05-22 20:00:00,4,2.6047666,1.7423291
2010-05-22 17:00:00,2010-05-22 21:00:00,5,1.8646333,1.5384642
2010-05-22 17:00:00,2010-05-22 22:00:00,6,1.6266333,1.1614213
2010-05-22 17:00:00,2010-05-22 23:00:00,7,0.6327,0.86673534
2010-05-22 17:00:00,2010-05-23 00:00:00,8,0.6506,0.6574167
2010-05-22 17:00:00,2010-05-23 01:00:00,9,0.5380667,0.65126276
2010-05-22 17:00:00,2010-05-23 02:00:00,10,0.36603335,0.7729634
2010-05-22 17:00:00,2010-05-23 03:00:00,11,0.43883333,0.5978595
2010-05-22 17:00:00,2010-05-23 04:00:00,12,0.39053333,0.53781366
2010-05-22 17:00:00,2010-05-23 05:00:00,13,1.0787,0.5263861
2010-05-22 17:00:00,2010-05-23 06:00:00,14,0.41263333,0.89088225
2010-05-22 17:00:00,2010-05-23 07:00:00,15,0.5722,1.6833875
2010-05-22 17:00:00,2010-05-23 08:00:00,16,0.5780333,1.8897045
2010-05-22 17:00:00,2010-05-23 09:00:00,17,2.0380666,1.8659388
2010-05-22 17:00:00,2010-05-23 10:00:00,18,1.4191667,1.802471
2010-05-22 17:00:00,2010-05-23 11:00:00,19,1.3234,1.7756197
2010-05-22 17:00:00,2010-05-23 12:00:00,20,0.6875,1.7074583
2010-05-22 17:00:00,2010-05-23 13:00:00,21,1.4910667,1.5440056
2010-05-22 17:00:00,2010-05-23 14:00:00,22,1.8497334,1.5384763
2010-05-22 17:00:00,2010-05-23 15:00:00,23,1.7885667,1.3459439
2010-05-22 17:00:00,2010-05-23 16:00:00,24,1.7826333,1.0610567
2010-05-23 17:00:00,2010-05-23 17:00:00,1,0.91326666,1.5121397
2010-05-23 17:00:00,2010-05-23 18:00:00,2,0.6145667,0.99388176
2010-05-23 17:00:00,2010-05-23 19:00:00,3,0.6609667,1.4926653
2010-05-23 17:00:00,2010-05-23 20:00:00,4,0.7431333,1.837655
2010-05-23 17:00:00,2010-05-23 21:00:00,5,1.9589334,1.5661073
2010-05-23 17:00:00,2010-05-23 22:00:00,6,1.5712,1.1695939
2010-05-23 17:00:00,2010-05-23 23:00:00,7,0.92476666,0.61533046
2010-05-23 17:00:00,2010-05-24 00:00:00,8,0.47476667,0.48503292
2010-05-23 17:00:00,2010-05-24 01:00:00,9,0.47303334,0.47160804
2010-05-23 17:00:00,2010-05-24 02:00:00,10,0.46336666,0.4580887
2010-05-23 17:00:00,2010-05-24 03:00:00,11,0.42996666,0.43388486
2010-05-23 17:00:00,2010-05-24 04:00:00,12,0.3994,0.42213786
2010-05-23 17:00:00,2010-05-24 05:00:00,13,0.4326,0.42633867
2010-05-23 17:00:00,2010-05-24 06:00:00,14,1.0445334,0.5434105
2010-05-23 17:00:00,2010-05-24 07:00:00,15,0.5814667,1.360342
2010-05-23 17:00:00,2010-05-24 08:00:00,16,0.83453333,1.5016642
2010-05-23 17:00:00,2010-05-24 09:00:00,17,0.6686,1.6360922
2010-05-23 17:00:00,2010-05-24 10:00:00,18,1.2894666,1.5895003
2010-05-23 17:00:00,2010-05-24 11:00:00,19,0.5929,1.6252217
2010-05-23 17:00:00,2010-05-24 12:00:00,20,1.4928666,1.5586853
2010-05-23 17:00:00,2010-05-24 13:00:00,21,0.47716665,1.4607692
2010-05-23 17:00:00,2010-05-24 14:00:00,22,0.45276666,1.511349
2010-05-23 17:00:00,2010-05-24 15:00:00,23,0.40053332,1.4046835
2010-05-23 17:00:00,2010-05-24 16:00:00,24,0.9590333,1.3238133
2010-05-24 17:00:00,2010-05-24 17:00:00,1,1.6942667,0.83959246
2010-05-24 17:00:00,2010-05-24 18:00:00,2,1.7058333,0.6654862
2010-05-24 17:00:00,2010-05-24 19:00:00,3,1.3048,0.7719068
2010-05-24 17:00:00,2010-05-24 20:00:00,4,2.2538333,0.94908196
2010-05-24 17:00:00,2010-05-24 21:00:00,5,2.447,0.91434085
2010-05-24 17:00:00,2010-05-24 22:00:00,6,1.1054667,0.8679836
2010-05-24 17:00:00,2010-05-24 23:00:00,7,0.37733334,0.6423731
2010-05-24 17:00:00,2010-05-25 00:00:00,8,0.32733333,0.5229684
2010-05-24 17:00:00,2010-05-25 01:00:00,9,0.38263333,0.49214363
2010-05-24 17:00:00,2010-05-25 02:00:00,10,0.3298,0.48514467
2010-05-24 17:00:00,2010-05-25 03:00:00,11,0.36573333,0.47254205
2010-05-24 17:00:00,2010-05-25 04:00:00,12,0.34403333,0.44844574
2010-05-24 17:00:00,2010-05-25 05:00:00,13,0.34303334,0.47830874
2010-05-24 17:00:00,2010-05-25 06:00:00,14,0.5341,0.54627204
2010-05-24 17:00:00,2010-05-25 07:00:00,15,1.6887333,0.78699267
2010-05-24 17:00:00,2010-05-25 08:00:00,16,1.7139666,1.0003325
2010-05-24 17:00:00,2010-05-25 09:00:00,17,1.5015666,1.2012906
2010-05-24 17:00:00,2010-05-25 10:00:00,18,1.5305333,1.1860156
2010-05-24 17:00:00,2010-05-25 11:00:00,19,1.4275666,1.142344
2010-05-24 17:00:00,2010-05-25 12:00:00,20,0.79646665,0.9906026
2010-05-24 17:00:00,2010-05-25 13:00:00,21,0.3499,0.7955879
2010-05-24 17:00:00,2010-05-25 14:00:00,22,0.337,0.7899239
2010-05-24 17:00:00,2010-05-25 15:00:00,23,0.3472,0.7337323
2010-05-24 17:00:00,2010-05-25 16:00:00,24,0.4753,0.67455757
2010-05-25 17:00:00,2010-05-25 17:00:00,1,0.58676666,0.5138978
2010-05-25 17:00:00,2010-05-25 18:00:00,2,0.49133334,0.7025229
2010-05-25 17:00:00,2010-05-25 19:00:00,3,1.3298666,1.1100771
2010-05-25 17:00:00,2010-05-25 20:00:00,4,1.9245,1.4490006
2010-05-25 17:00:00,2010-05-25 21:00:00,5,1.8886,1.2907828
2010-05-25 17:00:00,2010-05-25 22:00:00,6,0.59673333,0.96313566
2010-05-25 17:00:00,2010-05-25 23:00:00,7,0.3644,0.6536945
2010-05-25 17:00:00,2010-05-26 00:00:00,8,0.3423,0.47078413
2010-05-25 17:00:00,2010-05-26 01:00:00,9,0.33646667,0.4188488
2010-05-25 17:00:00,2010-05-26 02:00:00,10,0.3501,0.41785437
2010-05-25 17:00:00,2010-05-26 03:00:00,11,0.3263,0.39588308
2010-05-25 17:00:00,2010-05-26 04:00:00,12,0.33913332,0.3775558
2010-05-25 17:00:00,2010-05-26 05:00:00,13,0.33626667,0.39910787
2010-05-25 17:00:00,2010-05-26 06:00:00,14,0.8395333,0.49928653
2010-05-25 17:00:00,2010-05-26 07:00:00,15,1.5743667,1.122803
2010-05-25 17:00:00,2010-05-26 08:00:00,16,2.3483,1.502413
2010-05-25 17:00:00,2010-05-26 09:00:00,17,2.3270667,1.523259
2010-05-25 17:00:00,2010-05-26 10:00:00,18,1.6331667,1.4283661
2010-05-25 17:00:00,2010-05-26 11:00:00,19,1.6315,1.3277227
2010-05-25 17:00:00,2010-05-26 12:00:00,20,0.76166666,0.98858017
2010-05-25 17:00:00,2010-05-26 13:00:00,21,1.4149,0.59858614
2010-05-25 17:00:00,2010-05-26 14:00:00,22,0.38863334,0.5564335
2010-05-25 17:00:00,2010-05-26 15:00:00,23,0.38826665,0.52951795
2010-05-25 17:00:00,2010-05-26 16:00:00,24,0.33896667,0.5219933
2010-05-26 17:00:00,2010-05-26 17:00:00,1,0.4154,0.3933195
2010-05-26 17:00:00,2010-05-26 18:00:00,2,0.5874,0.53841627
2010-05-26 17:00:00,2010-05-26 19:00:00,3,2.6902,0.94797343
2010-05-26 17:00:00,2010-05-26 20:00:00,4,2.1698,1.3602443
2010-05-26 17:00:00,2010-05-26 21:00:00,5,0.7276,1.2773426
2010-05-26 17:00:00,2010-05-26 22:00:00,6,0.5349333,0.71808827
2010-05-26 17:00:00,2010-05-26 23:00:00,7,0.32913333,0.44219327
2010-05-26 17:00:00,2010-05-27 00:00:00,8,0.31276667,0.36857826
2010-05-26 17:00:00,2010-05-27 01:00:00,9,0.30916667,0.35115862
2010-05-26 17:00:00,2010-05-27 02:00:00,10,0.3158,0.34029895
2010-05-26 17:00:00,2010-05-27 03:00:00,11,0.6246667,0.33478385
2010-05-26 17:00:00,2010-05-27 04:00:00,12,0.6682,0.33552504
2010-05-26 17:00:00,2010-05-27 05:00:00,13,0.27793333,0.3656097
2010-05-26 17:00:00,2010-05-27 06:00:00,14,0.50096667,0.5702728
2010-05-26 17:00:00,2010-05-27 07:00:00,15,1.0825,1.3924142
2010-05-26 17:00:00,2010-05-27 08:00:00,16,1.6715667,1.7944697
2010-05-26 17:00:00,2010-05-27 09:00:00,17,1.6833333,1.8260953
2010-05-26 17:00:00,2010-05-27 10:00:00,18,1.3379667,1.6175727
2010-05-26 17:00:00,2010-05-27 11:00:00,19,1.3550333,1.4826119
2010-05-26 17:00:00,2010-05-27 12:00:00,20,1.5419333,1.079895
2010-05-26 17:00:00,2010-05-27 13:00:00,21,1.7148334,0.7079513
2010-05-26 17:00:00,2010-05-27 14:00:00,22,0.45353332,0.5636568
2010-05-26 17:00:00,2010-05-27 15:00:00,23,0.7421,0.48391974
2010-05-26 17:00:00,2010-05-27 16:00:00,24,0.3142,0.42388356
2010-05-27 17:00:00,2010-05-27 17:00:00,1,0.47213334,0.37289023
2010-05-27 17:00:00,2010-05-27 18:00:00,2,0.62006664,0.47897804
2010-05-27 17:00:00,2010-05-27 19:00:00,3,1.0631666,1.2280205
2010-05-27 17:00:00,2010-05-27 20:00:00,4,1.8888,1.5965426
2010-05-27 17:00:00,2010-05-27 21:00:00,5,1.4042333,1.0883628
2010-05-27 17:00:00,2010-05-27 22:00:00,6,0.88673335,0.66171443
2010-05-27 17:00:00,2010-05-27 23:00:00,7,0.81406665,0.42511284
2010-05-27 17:00:00,2010-05-28 00:00:00,8,0.5976,0.36915076
2010-05-27 17:00:00,2010-05-28 01:00:00,9,0.38323334,0.36027765
2010-05-27 17:00:00,2010-05-28 02:00:00,10,0.307,0.35771364
2010-05-27 17:00:00,2010-05-28 03:00:00,11,0.3154,0.3581215
2010-05-27 17:00:00,2010-05-28 04:00:00,12,0.25553334,0.34926236
2010-05-27 17:00:00,2010-05-28 05:00:00,13,0.27203333,0.35830474
2010-05-27 17:00:00,2010-05-28 06:00:00,14,0.99726665,0.5177827
2010-05-27 17:00:00,2010-05-28 07:00:00,15,1.3094,1.2362517
2010-05-27 17:00:00,2010-05-28 08:00:00,16,1.5994333,1.6727495
2010-05-27 17:00:00,2010-05-28 09:00:00,17,1.8097334,1.6882453
2010-05-27 17:00:00,2010-05-28 10:00:00,18,1.5336,1.5479846
2010-05-27 17:00:00,2010-05-28 11:00:00,19,1.2612333,1.4719921
2010-05-27 17:00:00,2010-05-28 12:00:00,20,0.7979,1.2273779
2010-05-27 17:00:00,2010-05-28 13:00:00,21,0.7848333,0.9090602
2010-05-27 17:00:00,2010-05-28 14:00:00,22,0.9882333,0.6918963
2010-05-27 17:00:00,2010-05-28 15:00:00,23,1.3665,0.6856047
2010-05-27 17:00:00,2010-05-28 16:00:00,24,1.4591334,0.542969
2010-05-28 17:00:00,2010-05-28 17:00:00,1,1.3106667,1.0237098
2010-05-28 17:00:00,2010-05-28 18:00:00,2,0.88736665,0.8605213
2010-05-28 17:00:00,2010-05-28 19:00:00,3,0.72543335,1.2501578
2010-05-28 17:00:00,2010-05-28 20:00:00,4,0.6027667,1.6778562
2010-05-28 17:00:00,2010-05-28 21:00:00,5,0.8782333,1.5743676
2010-05-28 17:00:00,2010-05-28 22:00:00,6,1.5304,1.0356793
2010-05-28 17:00:00,2010-05-28 23:00:00,7,1.3298,0.51542735
2010-05-28 17:00:00,2010-05-29 00:00:00,8,0.5915,0.39464575
2010-05-28 17:00:00,2010-05-29 01:00:00,9,0.4802,0.35557592
2010-05-28 17:00:00,2010-05-29 02:00:00,10,0.3274,0.33667392
2010-05-28 17:00:00,2010-05-29 03:00:00,11,0.30016667,0.3355471
2010-05-28 17:00:00,2010-05-29 04:00:00,12,0.23386666,0.3193797
2010-05-28 17:00:00,2010-05-29 05:00:00,13,0.30946666,0.38928103
2010-05-28 17:00:00,2010-05-29 06:00:00,14,0.5893667,0.6318684
2010-05-28 17:00:00,2010-05-29 07:00:00,15,1.8147334,1.1200875
2010-05-28 17:00:00,2010-05-29 08:00:00,16,1.426,1.4943339
2010-05-28 17:00:00,2010-05-29 09:00:00,17,1.3294333,1.6248183
2010-05-28 17:00:00,2010-05-29 10:00:00,18,2.6568666,1.5423719
2010-05-28 17:00:00,2010-05-29 11:00:00,19,1.0861334,1.4174095
2010-05-28 17:00:00,2010-05-29 12:00:00,20,2.0979667,1.1822281
2010-05-28 17:00:00,2010-05-29 13:00:00,21,1.6629666,1.033172
2010-05-28 17:00:00,2010-05-29 14:00:00,22,2.0310333,0.982817
2010-05-28 17:00:00,2010-05-29 15:00:00,23,1.0608,1.0280228
2010-05-28 17:00:00,2010-05-29 16:00:00,24,0.8701,1.029107
2010-05-29 17:00:00,2010-05-29 17:00:00,1,1.2503667,0.7584751
2010-05-29 17:00:00,2010-05-29 18:00:00,2,3.412,0.79527426
2010-05-29 17:00:00,2010-05-29 19:00:00,3,2.4054666,0.94312143
2010-05-29 17:00:00,2010-05-29 20:00:00,4,1.6508666,1.1843342
2010-05-29 17:00:00,2010-05-29 21:00:00,5,2.2383,1.2520124
2010-05-29 17:00:00,2010-05-29 22:00:00,6,2.0489,1.0727204
2010-05-29 17:00:00,2010-05-29 23:00:00,7,2.2895668,0.67258894
2010-05-29 17:00:00,2010-05-30 00:00:00,8,0.878,0.45779872
2010-05-29 17:00:00,2010-05-30 01:00:00,9,1.4239,0.38721806
2010-05-29 17:00:00,2010-05-30 02:00:00,10,0.525,0.32949364
2010-05-29 17:00:00,2010-05-30 03:00:00,11,0.46496665,0.33164793
2010-05-29 17:00:00,2010-05-30 04:00:00,12,0.4492,0.30163634
2010-05-29 17:00:00,2010-05-30 05:00:00,13,0.47576666,0.37463772
2010-05-29 17:00:00,2010-05-30 06:00:00,14,0.4659,0.66689557
2010-05-29 17:00:00,2010-05-30 07:00:00,15,0.7262667,1.1971198
2010-05-29 17:00:00,2010-05-30 08:00:00,16,1.3738667,1.4349856
2010-05-29 17:00:00,2010-05-30 09:00:00,17,0.6325667,1.5628862
2010-05-29 17:00:00,2010-05-30 10:00:00,18,1.6635667,1.5489947
2010-05-29 17:00:00,2010-05-30 11:00:00,19,1.3511333,1.3681089
2010-05-29 17:00:00,2010-05-30 12:00:00,20,0.8259,1.2086589
2010-05-29 17:00:00,2010-05-30 13:00:00,21,0.78173333,1.12442
2010-05-29 17:00:00,2010-05-30 14:00:00,22,0.40626666,1.0277717
2010-05-29 17:00:00,2010-05-30 15:00:00,23,1.6644666,0.9710358
2010-05-29 17:00:00,2010-05-30 16:00:00,24,1.0025,0.95533
2010-05-30 17:00:00,2010-05-30 17:00:00,1,2.586,1.009478
2010-05-30 17:00:00,2010-05-30 18:00:00,2,1.8243667,1.1980771
2010-05-30 17:00:00,2010-05-30 19:00:00,3,2.1343,1.4246764
2010-05-30 17:00:00,2010-05-30 20:00:00,4,3.0043666,1.5288363
2010-05-30 17:00:00,2010-05-30 21:00:00,5,2.2819667,1.4300523
2010-05-30 17:00:00,2010-05-30 22:00:00,6,0.49556667,1.2239898
2010-05-30 17:00:00,2010-05-30 23:00:00,7,0.3241,0.8667276
2010-05-30 17:00:00,2010-05-31 00:00:00,8,0.28866667,0.6120071
2010-05-30 17:00:00,2010-05-31 01:00:00,9,0.2657,0.46323878
2010-05-30 17:00:00,2010-05-31 02:00:00,10,0.2944,0.39298266
2010-05-30 17:00:00,2010-05-31 03:00:00,11,0.26416665,0.38469988
2010-05-30 17:00:00,2010-05-31 04:00:00,12,0.28153333,0.36972487
2010-05-30 17:00:00,2010-05-31 05:00:00,13,0.26603332,0.41561902
2010-05-30 17:00:00,2010-05-31 06:00:00,14,1.2971333,0.60285175
2010-05-30 17:00:00,2010-05-31 07:00:00,15,1.8049667,0.9806954
2010-05-30 17:00:00,2010-05-31 08:00:00,16,1.8329333,1.3224051
2010-05-30 17:00:00,2010-05-31 09:00:00,17,1.3662,1.3531991
2010-05-30 17:00:00,2010-05-31 10:00:00,18,1.3382334,1.3437572
2010-05-30 17:00:00,2010-05-31 11:00:00,19,1.3549666,1.2279236
2010-05-30 17:00:00,2010-05-31 12:00:00,20,1.0731666,1.0367892
2010-05-30 17:00:00,2010-05-31 13:00:00,21,0.32886666,0.7690946
2010-05-30 17:00:00,2010-05-31 14:00:00,22,0.27386665,0.58952844
2010-05-30 17:00:00,2010-05-31 15:00:00,23,0.48593333,0.6027089
2010-05-30 17:00:00,2010-05-31 16:00:00,24,1.585,0.633227
2010-05-31 17:00:00,2010-05-31 17:00:00,1,1.1943333,1.4294164
2010-05-31 17:00:00,2010-05-31 18:00:00,2,1.7174333,1.3421029
2010-05-31 17:00:00,2010-05-31 19:00:00,3,1.2718,1.6540973
2010-05-31 17:00:00,2010-05-31 20:00:00,4,0.60013336,1.8346713
2010-05-31 17:00:00,2010-05-31 21:00:00,5,1.2517333,1.5115153
2010-05-31 17:00:00,2010-05-31 22:00:00,6,1.4027,0.73130316
2010-05-31 17:00:00,2010-05-31 23:00:00,7,0.5011333,0.40979612
2010-05-31 17:00:00,2010-06-01 00:00:00,8,0.30033332,0.3321542
2010-05-31 17:00:00,2010-06-01 01:00:00,9,0.31336668,0.30163753
2010-05-31 17:00:00,2010-06-01 02:00:00,10,0.25216666,0.28246897
2010-05-31 17:00:00,2010-06-01 03:00:00,11,0.31046668,0.2859952
2010-05-31 17:00:00,2010-06-01 04:00:00,12,0.2316,0.30269843
2010-05-31 17:00:00,2010-06-01 05:00:00,13,0.30003333,0.3135457
2010-05-31 17:00:00,2010-06-01 06:00:00,14,0.61436665,0.7039053
2010-05-31 17:00:00,2010-06-01 07:00:00,15,1.6050333,1.5114056
2010-05-31 17:00:00,2010-06-01 08:00:00,16,1.9330667,1.7569175
2010-05-31 17:00:00,2010-06-01 09:00:00,17,1.9972667,1.6355567
2010-05-31 17:00:00,2010-06-01 10:00:00,18,1.3527334,1.5244019
2010-05-31 17:00:00,2010-06-01 11:00:00,19,1.3441666,1.3919139
2010-05-31 17:00:00,2010-06-01 12:00:00,20,1.6768667,0.91492355
2010-05-31 17:00:00,2010-06-01 13:00:00,21,1.6020666,0.54791284
2010-05-31 17:00:00,2010-06-01 14:00:00,22,1.4453666,0.3736078
2010-05-31 17:00:00,2010-06-01 15:00:00,23,1.4784666,0.43186253
2010-05-31 17:00:00,2010-06-01 16:00:00,24,0.90933335,0.4974137
2010-06-01 17:00:00,2010-06-01 17:00:00,1,0.3416,0.8597368
2010-06-01 17:00:00,2010-06-01 18:00:00,2,0.35233334,1.1658366
2010-06-01 17:00:00,2010-06-01 19:00:00,3,0.3855,1.3756533
2010-06-01 17:00:00,2010-06-01 20:00:00,4,0.5895,1.415698
2010-06-01 17:00:00,2010-06-01 21:00:00,5,0.52183336,1.2844163
2010-06-01 17:00:00,2010-06-01 22:00:00,6,0.6503,0.9992676
2010-06-01 17:00:00,2010-06-01 23:00:00,7,0.64163333,0.6436585
2010-06-01 17:00:00,2010-06-02 00:00:00,8,0.3203,0.40656728
2010-06-01 17:00:00,2010-06-02 01:00:00,9,0.7598,0.34728396
2010-06-01 17:00:00,2010-06-02 02:00:00,10,1.1001667,0.2947113
2010-06-01 17:00:00,2010-06-02 03:00:00,11,0.24943334,0.29498416
2010-06-01 17:00:00,2010-06-02 04:00:00,12,0.28026667,0.2684207
2010-06-01 17:00:00,2010-06-02 05:00:00,13,0.2608,0.306849
2010-06-01 17:00:00,2010-06-02 06:00:00,14,0.6466,0.7612946
2010-06-01 17:00:00,2010-06-02 07:00:00,15,1.7422333,1.4122404
2010-06-01 17:00:00,2010-06-02 08:00:00,16,1.3471333,1.6308265
2010-06-01 17:00:00,2010-06-02 09:00:00,17,1.3300333,1.6249824
2010-06-01 17:00:00,2010-06-02 10:00:00,18,1.137,1.5621507
2010-06-01 17:00:00,2010-06-02 11:00:00,19,0.7223333,1.4582087
2010-06-01 17:00:00,2010-06-02 12:00:00,20,0.41356668,1.3613181
2010-06-01 17:00:00,2010-06-02 13:00:00,21,0.4407,1.2761898
2010-06-01 17:00:00,2010-06-02 14:00:00,22,0.27143332,1.053312
2010-06-01 17:00:00,2010-06-02 15:00:00,23,1.0623667,1.0266559
2010-06-01 17:00:00,2010-06-02 16:00:00,24,0.30226666,0.9339905
2010-06-02 17:00:00,2010-06-02 17:00:00,1,0.31003332,0.3609001
2010-06-02 17:00:00,2010-06-02 18:00:00,2,0.28003332,0.5952904
2010-06-02 17:00:00,2010-06-02 19:00:00,3,0.34943333,0.8670845
2010-06-02 17:00:00,2010-06-02 20:00:00,4,0.91143334,1.0240887
2010-06-02 17:00:00,2010-06-02 21:00:00,5,1.2373,0.9678883
2010-06-02 17:00:00,2010-06-02 22:00:00,6,0.61183333,0.8787453
2010-06-02 17:00:00,2010-06-02 23:00:00,7,0.2618,0.66222274
2010-06-02 17:00:00,2010-06-03 00:00:00,8,0.52346665,0.35821706
2010-06-02 17:00:00,2010-06-03 01:00:00,9,0.25586668,0.33208185
2010-06-02 17:00:00,2010-06-03 02:00:00,10,0.3059,0.30193567
2010-06-02 17:00:00,2010-06-03 03:00:00,11,1.0056334,0.29323494
2010-06-02 17:00:00,2010-06-03 04:00:00,12,0.2177,0.25958157
2010-06-02 17:00:00,2010-06-03 05:00:00,13,0.30886668,0.28277165
2010-06-02 17:00:00,2010-06-03 06:00:00,14,0.9371333,0.6297629
2010-06-02 17:00:00,2010-06-03 07:00:00,15,1.7112334,1.2820683
2010-06-02 17:00:00,2010-06-03 08:00:00,16,2.2531,1.4190857
2010-06-02 17:00:00,2010-06-03 09:00:00,17,1.8671,1.3681482
2010-06-02 17:00:00,2010-06-03 10:00:00,18,1.3756,1.3029563
2010-06-02 17:00:00,2010-06-03 11:00:00,19,1.3288667,1.1716987
2010-06-02 17:00:00,2010-06-03 12:00:00,20,1.9338334,0.9629103
2010-06-02 17:00:00,2010-06-03 13:00:00,21,2.3048,0.77766955
2010-06-02 17:00:00,2010-06-03 14:00:00,22,1.3756334,0.65239036
2010-06-02 17:00:00,2010-06-03 15:00:00,23,1.3578666,0.80582577
2010-06-02 17:00:00,2010-06-03 16:00:00,24,0.29583332,0.6432012
2010-06-03 17:00:00,2010-06-03 17:00:00,1,0.30856666,0.3228612
2010-06-03 17:00:00,2010-06-03 18:00:00,2,0.39896667,0.3993284
2010-06-03 17:00:00,2010-06-03 19:00:00,3,1.2475667,0.54546607
2010-06-03 17:00:00,2010-06-03 20:00:00,4,0.39553332,0.7605932
2010-06-03 17:00:00,2010-06-03 21:00:00,5,0.6004,0.9100539
2010-06-03 17:00:00,2010-06-03 22:00:00,6,0.5785667,0.6785235
2010-06-03 17:00:00,2010-06-03 23:00:00,7,0.3484,0.41086978
2010-06-03 17:00:00,2010-06-04 00:00:00,8,0.3002,0.35263872
2010-06-03 17:00:00,2010-06-04 01:00:00,9,1.3538333,0.3235559
2010-06-03 17:00:00,2010-06-04 02:00:00,10,0.30773333,0.31268418
2010-06-03 17:00:00,2010-06-04 03:00:00,11,0.25643334,0.28576887
2010-06-03 17:00:00,2010-06-04 04:00:00,12,0.28013334,0.26411593
2010-06-03 17:00:00,2010-06-04 05:00:00,13,0.33456665,0.30929273
2010-06-03 17:00:00,2010-06-04 06:00:00,14,1.2161666,0.7826826
2010-06-03 17:00:00,2010-06-04 07:00:00,15,1.6454333,1.3724406
2010-06-03 17:00:00,2010-06-04 08:00:00,16,1.5706333,1.503005
2010-06-03 17:00:00,2010-06-04 09:00:00,17,1.8476334,1.4898756
2010-06-03 17:00:00,2010-06-04 10:00:00,18,1.3328667,1.3914187
2010-06-03 17:00:00,2010-06-04 11:00:00,19,1.1925,1.3035021
2010-06-03 17:00:00,2010-06-04 12:00:00,20,0.58063334,1.2216719
2010-06-03 17:00:00,2010-06-04 13:00:00,21,0.98763335,1.1265955
2010-06-03 17:00:00,2010-06-04 14:00:00,22,1.0285333,1.0181258
2010-06-03 17:00:00,2010-06-04 15:00:00,23,1.3963667,0.95819104
2010-06-03 17:00:00,2010-06-04 16:00:00,24,1.4777,0.77655625
2010-06-04 17:00:00,2010-06-04 17:00:00,1,0.8026,1.0535444
2010-06-04 17:00:00,2010-06-04 18:00:00,2,0.49603334,1.0818952
2010-06-04 17:00:00,2010-06-04 19:00:00,3,0.37173334,1.0843704
2010-06-04 17:00:00,2010-06-04 20:00:00,4,0.4455,1.0469587
2010-06-04 17:00:00,2010-06-04 21:00:00,5,1.8008333,1.015418
2010-06-04 17:00:00,2010-06-04 22:00:00,6,1.3293333,0.7464632
2010-06-04 17:00:00,2010-06-04 23:00:00,7,1.3208667,0.39672142
2010-06-04 17:00:00,2010-06-05 00:00:00,8,1.9819334,0.31965572
2010-06-04 17:00:00,2010-06-05 01:00:00,9,0.9362,0.32949185
2010-06-04 17:00:00,2010-06-05 02:00:00,10,0.35656667,0.28879452
2010-06-04 17:00:00,2010-06-05 03:00:00,11,0.26943332,0.27235472
2010-06-04 17:00:00,2010-06-05 04:00:00,12,0.3643,0.2406441
2010-06-04 17:00:00,2010-06-05 05:00:00,13,0.31786665,0.29375237
2010-06-04 17:00:00,2010-06-05 06:00:00,14,0.6622667,0.9294368
2010-06-04 17:00:00,2010-06-05 07:00:00,15,1.5862334,1.4744635
2010-06-04 17:00:00,2010-06-05 08:00:00,16,1.4944,1.5639058
2010-06-04 17:00:00,2010-06-05 09:00:00,17,1.4394,1.4934773
2010-06-04 17:00:00,2010-06-05 10:00:00,18,1.1425667,1.4594896
2010-06-04 17:00:00,2010-06-05 11:00:00,19,1.6338,1.3859532
2010-06-04 17:00:00,2010-06-05 12:00:00,20,2.3738666,1.3250161
2010-06-04 17:00:00,2010-06-05 13:00:00,21,0.9036,1.2861263
2010-06-04 17:00:00,2010-06-05 14:00:00,22,1.3759,1.1900139
2010-06-04 17:00:00,2010-06-05 15:00:00,23,1.2071667,1.2198546
2010-06-04 17:00:00,2010-06-05 16:00:00,24,2.0770667,0.9980937
2010-06-05 17:00:00,2010-06-05 17:00:00,1,0.9001667,1.4170623
2010-06-05 17:00:00,2010-06-05 18:00:00,2,2.0113,1.0420086
2010-06-05 17:00:00,2010-06-05 19:00:00,3,1.8069,0.8931182
2010-06-05 17:00:00,2010-06-05 20:00:00,4,1.7313,0.7141489
2010-06-05 17:00:00,2010-06-05 21:00:00,5,0.64893335,0.8023125
2010-06-05 17:00:00,2010-06-05 22:00:00,6,3.0245667,0.73812175
2010-06-05 17:00:00,2010-06-05 23:00:00,7,3.2483332,0.51206213
2010-06-05 17:00:00,2010-06-06 00:00:00,8,2.7726,0.40479845
2010-06-05 17:00:00,2010-06-06 01:00:00,9,1.3972334,0.425861
2010-06-05 17:00:00,2010-06-06 02:00:00,10,0.4164,0.36121583
2010-06-05 17:00:00,2010-06-06 03:00:00,11,0.42623332,0.31887132
2010-06-05 17:00:00,2010-06-06 04:00:00,12,0.38103333,0.3190927
2010-06-05 17:00:00,2010-06-06 05:00:00,13,0.40376666,0.3573063
2010-06-05 17:00:00,2010-06-06 06:00:00,14,0.3208,0.90998816
2010-06-05 17:00:00,2010-06-06 07:00:00,15,0.44106665,1.4335405
2010-06-05 17:00:00,2010-06-06 08:00:00,16,0.42256665,1.5046076
2010-06-05 17:00:00,2010-06-06 09:00:00,17,1.3165333,1.4881165
2010-06-05 17:00:00,2010-06-06 10:00:00,18,0.7921,1.3841761
2010-06-05 17:00:00,2010-06-06 11:00:00,19,0.3429,1.311977
2010-06-05 17:00:00,2010-06-06 12:00:00,20,2.4814334,1.1780727
2010-06-05 17:00:00,2010-06-06 13:00:00,21,1.9768,0.993239
2010-06-05 17:00:00,2010-06-06 14:00:00,22,1.5261333,0.76804864
2010-06-05 17:00:00,2010-06-06 15:00:00,23,1.4523,0.9572785
2010-06-05 17:00:00,2010-06-06 16:00:00,24,2.7384,0.9176593
2010-06-06 17:00:00,2010-06-06 17:00:00,1,2.6080334,2.0301447
2010-06-06 17:00:00,2010-06-06 18:00:00,2,0.5265333,1.7313454
2010-06-06 17:00:00,2010-06-06 19:00:00,3,0.40873334,1.5525651
2010-06-06 17:00:00,2010-06-06 20:00:00,4,0.4997,1.4393301
2010-06-06 17:00:00,2010-06-06 21:00:00,5,2.1411667,1.3408096
2010-06-06 17:00:00,2010-06-06 22:00:00,6,2.5723,1.3194007
2010-06-06 17:00:00,2010-06-06 23:00:00,7,0.74843335,1.2285309
2010-06-06 17:00:00,2010-06-07 00:00:00,8,0.26736668,1.1779196
2010-06-06 17:00:00,2010-06-07 01:00:00,9,0.3768,0.9305598
2010-06-06 17:00:00,2010-06-07 02:00:00,10,0.31323335,0.58786386
2010-06-06 17:00:00,2010-06-07 03:00:00,11,0.36626667,0.5180248
2010-06-06 17:00:00,2010-06-07 04:00:00,12,0.31063333,0.5101834
2010-06-06 17:00:00,2010-06-07 05:00:00,13,0.28093332,0.5030249
2010-06-06 17:00:00,2010-06-07 06:00:00,14,0.79076666,0.5817472
2010-06-06 17:00:00,2010-06-07 07:00:00,15,1.7549,0.86368173
2010-06-06 17:00:00,2010-06-07 08:00:00,16,1.7765,1.1037028
2010-06-06 17:00:00,2010-06-07 09:00:00,17,1.8903667,1.2031996
2010-06-06 17:00:00,2010-06-07 10:00:00,18,0.80003333,1.154486
2010-06-06 17:00:00,2010-06-07 11:00:00,19,0.35166666,1.193921
2010-06-06 17:00:00,2010-06-07 12:00:00,20,0.41726667,1.3844221
2010-06-06 17:00:00,2010-06-07 13:00:00,21,0.4156,1.3095086
2010-06-06 17:00:00,2010-06-07 14:00:00,22,0.29886666,1.2649076
2010-06-06 17:00:00,2010-06-07 15:00:00,23,0.34903333,1.2533237
2010-06-06 17:00:00,2010-06-07 16:00:00,24,0.3284,1.2595811
2010-06-07 17:00:00,2010-06-07 17:00:00,1,1.0391,0.33506268
2010-06-07 17:00:00,2010-06-07 18:00:00,2,0.6155667,0.37763697
2010-06-07 17:00:00,2010-06-07 19:00:00,3,0.94013333,0.4846819
2010-06-07 17:00:00,2010-06-07 20:00:00,4,1.068,0.4893573
2010-06-07 17:00:00,2010-06-07 21:00:00,5,0.9030667,0.5838095
2010-06-07 17:00:00,2010-06-07 22:00:00,6,0.833,0.6392522
2010-06-07 17:00:00,2010-06-07 23:00:00,7,0.38053334,0.495124
2010-06-07 17:00:00,2010-06-08 00:00:00,8,0.6259,0.45226765
2010-06-07 17:00:00,2010-06-08 01:00:00,9,0.8197,0.5568548
2010-06-07 17:00:00,2010-06-08 02:00:00,10,0.2473,0.39910632
2010-06-07 17:00:00,2010-06-08 03:00:00,11,0.33536667,0.3694864
2010-06-07 17:00:00,2010-06-08 04:00:00,12,0.31123334,0.33544612
2010-06-07 17:00:00,2010-06-08 05:00:00,13,0.34163332,0.3526731
2010-06-07 17:00:00,2010-06-08 06:00:00,14,0.48686665,0.5276742
2010-06-07 17:00:00,2010-06-08 07:00:00,15,1.8495667,1.1917669
2010-06-07 17:00:00,2010-06-08 08:00:00,16,2.2103333,1.1237727
2010-06-07 17:00:00,2010-06-08 09:00:00,17,1.9911667,1.2743707
2010-06-07 17:00:00,2010-06-08 10:00:00,18,1.4520667,1.0119276
2010-06-07 17:00:00,2010-06-08 11:00:00,19,1.4518666,0.6356715
2010-06-07 17:00:00,2010-06-08 12:00:00,20,1.3902,0.591766
2010-06-07 17:00:00,2010-06-08 13:00:00,21,1.4037666,0.5955341
2010-06-07 17:00:00,2010-06-08 14:00:00,22,0.32176667,0.4976197
2010-06-07 17:00:00,2010-06-08 15:00:00,23,0.44503334,0.5842957
2010-06-07 17:00:00,2010-06-08 16:00:00,24,0.56093335,0.4580583
2010-06-08 17:00:00,2010-06-08 17:00:00,1,0.62436664,0.4255545
2010-06-08 17:00:00,2010-06-08 18:00:00,2,0.72816664,0.44998688
2010-06-08 17:00:00,2010-06-08 19:00:00,3,1.4203666,0.66363764
2010-06-08 17:00:00,2010-06-08 20:00:00,4,1.0441,0.75270665
2010-06-08 17:00:00,2010-06-08 21:00:00,5,1.4155,0.9664722
2010-06-08 17:00:00,2010-06-08 22:00:00,6,0.5682,0.86114883
2010-06-08 17:00:00,2010-06-08 23:00:00,7,0.6551667,0.41432083
2010-06-08 17:00:00,2010-06-09 00:00:00,8,0.35376668,0.4690767
2010-06-08 17:00:00,2010-06-09 01:00:00,9,0.3973,0.4694121
2010-06-08 17:00:00,2010-06-09 02:00:00,10,0.26053333,0.33019274
2010-06-08 17:00:00,2010-06-09 03:00:00,11,0.37333333,0.3208149
2010-06-08 17:00:00,2010-06-09 04:00:00,12,0.32016668,0.31230038
2010-06-08 17:00:00,2010-06-09 05:00:00,13,0.38426667,0.33225632
2010-06-08 17:00:00,2010-06-09 06:00:00,14,0.89316666,0.56638986
2010-06-08 17:00:00,2010-06-09 07:00:00,15,1.9536,1.4838219
2010-06-08 17:00:00,2010-06-09 08:00:00,16,1.3556334,1.5780299
2010-06-08 17:00:00,2010-06-09 09:00:00,17,1.4013333,1.6070216
2010-06-08 17:00:00,2010-06-09 10:00:00,18,1.6439,1.3101782
2010-06-08 17:00:00,2010-06-09 11:00:00,19,1.6741,1.1537119
2010-06-08 17:00:00,2010-06-09 12:00:00,20,0.5093333,1.2072412
2010-06-08 17:00:00,2010-06-09 13:00:00,21,2.4124,1.144129
2010-06-08 17:00:00,2010-06-09 14:00:00,22,0.8645333,0.681288
2010-06-08 17:00:00,2010-06-09 15:00:00,23,0.9440333,0.6514218
2010-06-08 17:00:00,2010-06-09 16:00:00,24,0.36223334,0.48781872
2010-06-09 17:00:00,2010-06-09 17:00:00,1,1.4379667,0.4040777
2010-06-09 17:00:00,2010-06-09 18:00:00,2,1.5563333,0.619219
2010-06-09 17:00:00,2010-06-09 19:00:00,3,1.2358333,1.1534523
2010-06-09 17:00:00,2010-06-09 20:00:00,4,1.9178667,0.92142797
2010-06-09 17:00:00,2010-06-09 21:00:00,5,1.5139667,1.0999595
2010-06-09 17:00:00,2010-06-09 22:00:00,6,1.1477667,0.7324275
2010-06-09 17:00:00,2010-06-09 23:00:00,7,0.66466665,0.4700697
2010-06-09 17:00:00,2010-06-10 00:00:00,8,0.40426666,0.39226538
2010-06-09 17:00:00,2010-06-10 01:00:00,9,0.32686666,0.40442848
2010-06-09 17:00:00,2010-06-10 02:00:00,10,0.31736666,0.32019478
2010-06-09 17:00:00,2010-06-10 03:00:00,11,0.32373333,0.33096385
2010-06-09 17:00:00,2010-06-10 04:00:00,12,0.75,0.29183698
2010-06-09 17:00:00,2010-06-10 05:00:00,13,0.6821667,0.3337559
2010-06-09 17:00:00,2010-06-10 06:00:00,14,0.5538333,0.74835205
2010-06-09 17:00:00,2010-06-10 07:00:00,15,1.4263,1.5959089
2010-06-09 17:00:00,2010-06-10 08:00:00,16,1.7923334,1.5602951
2010-06-09 17:00:00,2010-06-10 09:00:00,17,1.3549666,1.6029241
2010-06-09 17:00:00,2010-06-10 10:00:00,18,1.4778,1.355276
2010-06-09 17:00:00,2010-06-10 11:00:00,19,1.3937,1.1569792
2010-06-09 17:00:00,2010-06-10 12:00:00,20,1.4353334,1.0418985
2010-06-09 17:00:00,2010-06-10 13:00:00,21,1.1014333,1.1494896
2010-06-09 17:00:00,2010-06-10 14:00:00,22,0.37483335,0.76445043
2010-06-09 17:00:00,2010-06-10 15:00:00,23,0.32436666,0.77917784
2010-06-09 17:00:00,2010-06-10 16:00:00,24,0.37913334,0.59372365
2010-06-10 17:00:00,2010-06-10 17:00:00,1,0.44023332,0.4301523
2010-06-10 17:00:00,2010-06-10 18:00:00,2,0.6838667,0.71000695
2010-06-10 17:00:00,2010-06-10 19:00:00,3,1.0551667,1.2514702
2010-06-10 17:00:00,2010-06-10 20:00:00,4,1.7362334,1.3539401
2010-06-10 17:00:00,2010-06-10 21:00:00,5,1.0708667,1.3536987
2010-06-10 17:00:00,2010-06-10 22:00:00,6,0.52493334,1.0912471
2010-06-10 17:00:00,2010-06-10 23:00:00,7,0.32343334,0.68874615
2010-06-10 17:00:00,2010-06-11 00:00:00,8,0.3402,0.4614156
2010-06-10 17:00:00,2010-06-11 01:00:00,9,0.3791,0.41729176
2010-06-10 17:00:00,2010-06-11 02:00:00,10,0.31623334,0.3222481
2010-06-10 17:00:00,2010-06-11 03:00:00,11,0.3017,0.32830912
2010-06-10 17:00:00,2010-06-11 04:00:00,12,0.33203334,0.35113138
2010-06-10 17:00:00,2010-06-11 05:00:00,13,0.25186667,0.41482627
2010-06-10 17:00:00,2010-06-11 06:00:00,14,1.6246667,0.69686365
2010-06-10 17:00:00,2010-06-11 07:00:00,15,1.8760333,1.407773
2010-06-10 17:00:00,2010-06-11 08:00:00,16,2.0137,1.4873142
2010-06-10 17:00:00,2010-06-11 09:00:00,17,1.8483,1.4897623
2010-06-10 17:00:00,2010-06-11 10:00:00,18,1.4251333,1.3636038
2010-06-10 17:00:00,2010-06-11 11:00:00,19,1.4143,1.2257437
2010-06-10 17:00:00,2010-06-11 12:00:00,20,1.7594334,1.0698483
2010-06-10 17:00:00,2010-06-11 13:00:00,21,1.3205333,0.9585026
2010-06-10 17:00:00,2010-06-11 14:00:00,22,0.4647,0.47796744
2010-06-10 17:00:00,2010-06-11 15:00:00,23,1.0055333,0.46676534
2010-06-10 17:00:00,2010-06-11 16:00:00,24,1.1049334,0.5229188
2010-06-11 17:00:00,2010-06-11 17:00:00,1,0.52023333,0.9352594
2010-06-11 17:00:00,2010-06-11 18:00:00,2,0.47306666,1.0304383
2010-06-11 17:00:00,2010-06-11 19:00:00,3,1.7516667,1.3431501
2010-06-11 17:00:00,2010-06-11 20:00:00,4,0.5838,1.4366487
2010-06-11 17:00:00,2010-06-11 21:00:00,5,1.1657,1.2667184
2010-06-11 17:00:00,2010-06-11 22:00:00,6,1.0965333,0.84059846
2010-06-11 17:00:00,2010-06-11 23:00:00,7,1.1418,0.56372666
2010-06-11 17:00:00,2010-06-12 00:00:00,8,0.9745333,0.4538685
2010-06-11 17:00:00,2010-06-12 01:00:00,9,0.42356667,0.40037334
2010-06-11 17:00:00,2010-06-12 02:00:00,10,0.8025333,0.31259018
2010-06-11 17:00:00,2010-06-12 03:00:00,11,0.31856668,0.31159317
2010-06-11 17:00:00,2010-06-12 04:00:00,12,0.34243333,0.3031
2010-06-11 17:00:00,2010-06-12 05:00:00,13,0.3234,0.3513261
2010-06-11 17:00:00,2010-06-12 06:00:00,14,0.6063667,0.7157941
2010-06-11 17:00:00,2010-06-12 07:00:00,15,1.6914667,1.488545
2010-06-11 17:00:00,2010-06-12 08:00:00,16,1.7133334,1.6452458
2010-06-11 17:00:00,2010-06-12 09:00:00,17,1.3865,1.5756234
2010-06-11 17:00:00,2010-06-12 10:00:00,18,1.3559,1.4293672
2010-06-11 17:00:00,2010-06-12 11:00:00,19,0.921,1.3557609
2010-06-11 17:00:00,2010-06-12 12:00:00,20,2.1129334,1.3764963
2010-06-11 17:00:00,2010-06-12 13:00:00,21,1.5753666,1.3177941
2010-06-11 17:00:00,2010-06-12 14:00:00,22,0.99343336,0.6153496
2010-06-11 17:00:00,2010-06-12 15:00:00,23,1.7003666,0.6862955
2010-06-11 17:00:00,2010-06-12 16:00:00,24,1.6876333,0.71468
2010-06-20 17:00:00,2010-06-20 17:00:00,1,1.9162333,0.51260585
2010-06-20 17:00:00,2010-06-20 18:00:00,2,2.6058667,0.4248963
2010-06-20 17:00:00,2010-06-20 19:00:00,3,3.0546,0.52479064
2010-06-20 17:00:00,2010-06-20 20:00:00,4,2.1052666,1.3223493
2010-06-20 17:00:00,2010-06-20 21:00:00,5,1.7862333,1.3242545
2010-06-20 17:00:00,2010-06-20 22:00:00,6,1.7300667,1.16454
2010-06-20 17:00:00,2010-06-20 23:00:00,7,1.2456334,0.8100269
2010-06-20 17:00:00,2010-06-21 00:00:00,8,0.27436668,0.6219933
2010-06-20 17:00:00,2010-06-21 01:00:00,9,0.35246667,0.5356819
2010-06-20 17:00:00,2010-06-21 02:00:00,10,0.9393333,0.41398686
2010-06-20 17:00:00,2010-06-21 03:00:00,11,0.3492,0.34166956
2010-06-20 17:00:00,2010-06-21 04:00:00,12,0.24523333,0.32309788
2010-06-20 17:00:00,2010-06-21 05:00:00,13,0.35853332,0.36650413
2010-06-20 17:00:00,2010-06-21 06:00:00,14,0.27716666,0.41829306
2010-06-20 17:00:00,2010-06-21 07:00:00,15,0.9789,0.6462035
2010-06-20 17:00:00,2010-06-21 08:00:00,16,1.4782667,1.3024468
2010-06-20 17:00:00,2010-06-21 09:00:00,17,1.4552667,1.4405026
2010-06-20 17:00:00,2010-06-21 10:00:00,18,1.2895334,1.4529159
2010-06-20 17:00:00,2010-06-21 11:00:00,19,1.4134667,1.4219918
2010-06-20 17:00:00,2010-06-21 12:00:00,20,1.1166,1.3842387
2010-06-20 17:00:00,2010-06-21 13:00:00,21,0.6603,1.3732642
2010-06-20 17:00:00,2010-06-21 14:00:00,22,1.5395,0.94168705
2010-06-20 17:00:00,2010-06-21 15:00:00,23,2.51,0.52930176
2010-06-20 17:00:00,2010-06-21 16:00:00,24,0.3795,0.45044383
2010-06-21 17:00:00,2010-06-21 17:00:00,1,1.3744,0.3849998
2010-06-21 17:00:00,2010-06-21 18:00:00,2,2.5162334,0.4150471
2010-06-21 17:00:00,2010-06-21 19:00:00,3,1.9449333,0.5783736
2010-06-21 17:00:00,2010-06-21 20:00:00,4,1.8373333,1.314377
2010-06-21 17:00:00,2010-06-21 21:00:00,5,1.3321,1.2992136
2010-06-21 17:00:00,2010-06-21 22:00:00,6,2.3345666,1.184812
2010-06-21 17:00:00,2010-06-21 23:00:00,7,0.7243,0.85958755
2010-06-21 17:00:00,2010-06-22 00:00:00,8,0.33473334,0.51748145
2010-06-21 17:00:00,2010-06-22 01:00:00,9,0.27003333,0.48433137
2010-06-21 17:00:00,2010-06-22 02:00:00,10,0.2868,0.44217348
2010-06-21 17:00:00,2010-06-22 03:00:00,11,0.2776,0.34774083
2010-06-21 17:00:00,2010-06-22 04:00:00,12,0.28636667,0.31972003
2010-06-21 17:00:00,2010-06-22 05:00:00,13,0.25856668,0.3600083
2010-06-21 17:00:00,2010-06-22 06:00:00,14,0.6382,0.36620164
2010-06-21 17:00:00,2010-06-22 07:00:00,15,2.0322,0.58808464
2010-06-21 17:00:00,2010-06-22 08:00:00,16,1.7978667,1.3329424
2010-06-21 17:00:00,2010-06-22 09:00:00,17,1.8582,1.412508
2010-06-21 17:00:00,2010-06-22 10:00:00,18,1.75,1.4326748
2010-06-21 17:00:00,2010-06-22 11:00:00,19,1.1740333,1.4591177
2010-06-21 17:00:00,2010-06-22 12:00:00,20,0.64536667,1.3692842
2010-06-21 17:00:00,2010-06-22 13:00:00,21,1.3182666,1.2893515
2010-06-21 17:00:00,2010-06-22 14:00:00,22,0.83856666,1.110616
2010-06-21 17:00:00,2010-06-22 15:00:00,23,0.6612,0.696882
2010-06-21 17:00:00,2010-06-22 16:00:00,24,0.45916668,0.5590525
2010-06-22 17:00:00,2010-06-22 17:00:00,1,2.0802667,0.5783949
2010-06-22 17:00:00,2010-06-22 18:00:00,2,1.5902,1.111959
2010-06-22 17:00:00,2010-06-22 19:00:00,3,1.0886,1.3607492
2010-06-22 17:00:00,2010-06-22 20:00:00,4,1.0753334,1.6076347
2010-06-22 17:00:00,2010-06-22 21:00:00,5,1.2507334,1.5526321
2010-06-22 17:00:00,2010-06-22 22:00:00,6,2.2101333,1.5043528
2010-06-22 17:00:00,2010-06-22 23:00:00,7,1.1607,1.0046153
2010-06-22 17:00:00,2010-06-23 00:00:00,8,0.30716667,0.48209584
2010-06-22 17:00:00,2010-06-23 01:00:00,9,0.2552,0.40275687
2010-06-22 17:00:00,2010-06-23 02:00:00,10,0.28943333,0.37218213
2010-06-22 17:00:00,2010-06-23 03:00:00,11,0.2841,0.3023274
2010-06-22 17:00:00,2010-06-23 04:00:00,12,0.27876666,0.27204806
2010-06-22 17:00:00,2010-06-23 05:00:00,13,0.26673332,0.32325083
2010-06-22 17:00:00,2010-06-23 06:00:00,14,0.5191333,0.42648196
2010-06-22 17:00:00,2010-06-23 07:00:00,15,1.5606,0.97297657
2010-06-22 17:00:00,2010-06-23 08:00:00,16,1.3922,1.5182996
2010-06-22 17:00:00,2010-06-23 09:00:00,17,1.4414333,1.5596495
2010-06-22 17:00:00,2010-06-23 10:00:00,18,2.0485334,1.5506475
2010-06-22 17:00:00,2010-06-23 11:00:00,19,1.5051334,1.3873876
2010-06-22 17:00:00,2010-06-23 12:00:00,20,1.2449,1.1154295
2010-06-22 17:00:00,2010-06-23 13:00:00,21,0.2992,1.0892887
2010-06-22 17:00:00,2010-06-23 14:00:00,22,0.375,0.90284413
2010-06-22 17:00:00,2010-06-23 15:00:00,23,0.3711,0.70526034
2010-06-22 17:00:00,2010-06-23 16:00:00,24,0.3139,0.57469624
2010-06-23 17:00:00,2010-06-23 17:00:00,1,0.55473334,0.6750632
2010-06-23 17:00:00,2010-06-23 18:00:00,2,1.7482667,1.1591054
2010-06-23 17:00:00,2010-06-23 19:00:00,3,1.9592,1.2991565
2010-06-23 17:00:00,2010-06-23 20:00:00,4,1.2290666,1.398369
2010-06-23 17:00:00,2010-06-23 21:00:00,5,3.9411,1.3772475
2010-06-23 17:00:00,2010-06-23 22:00:00,6,1.4779,1.4950739
2010-06-23 17:00:00,2010-06-23 23:00:00,7,0.3716,1.0222061
2010-06-23 17:00:00,2010-06-24 00:00:00,8,0.3514,0.42571837
2010-06-23 17:00:00,2010-06-24 01:00:00,9,0.34043333,0.31380832
2010-06-23 17:00:00,2010-06-24 02:00:00,10,0.4146,0.29047275
2010-06-23 17:00:00,2010-06-24 03:00:00,11,0.5252,0.26444244
2010-06-23 17:00:00,2010-06-24 04:00:00,12,0.7032667,0.2574904
2010-06-23 17:00:00,2010-06-24 05:00:00,13,0.38776666,0.28651977
2010-06-23 17:00:00,2010-06-24 06:00:00,14,0.42356667,0.47497427
2010-06-23 17:00:00,2010-06-24 07:00:00,15,1.3824667,1.1649246
2010-06-23 17:00:00,2010-06-24 08:00:00,16,1.7109333,1.411998
2010-06-23 17:00:00,2010-06-24 09:00:00,17,1.4129666,1.3999927
2010-06-23 17:00:00,2010-06-24 10:00:00,18,0.9029667,1.524256
2010-06-23 17:00:00,2010-06-24 11:00:00,19,0.36943334,1.4018998
2010-06-23 17:00:00,2010-06-24 12:00:00,20,0.37086666,1.0489047
2010-06-23 17:00:00,2010-06-24 13:00:00,21,0.3719,0.673988
2010-06-23 17:00:00,2010-06-24 14:00:00,22,0.32403332,0.5476483
2010-06-23 17:00:00,2010-06-24 15:00:00,23,0.3697,0.39610535
2010-06-23 17:00:00,2010-06-24 16:00:00,24,0.33583334,0.38063985
2010-06-24 17:00:00,2010-06-24 17:00:00,1,0.42543334,0.43341005
2010-06-24 17:00:00,2010-06-24 18:00:00,2,0.6879,1.0605904
2010-06-24 17:00:00,2010-06-24 19:00:00,3,1.5256,1.318317
2010-06-24 17:00:00,2010-06-24 20:00:00,4,1.2801,1.4167628
2010-06-24 17:00:00,2010-06-24 21:00:00,5,1.4406667,1.450573
2010-06-24 17:00:00,2010-06-24 22:00:00,6,1.8170667,1.3449279
2010-06-24 17:00:00,2010-06-24 23:00:00,7,0.3889,0.5543236
2010-06-24 17:00:00,2010-06-25 00:00:00,8,0.29856667,0.36357486
2010-06-24 17:00:00,2010-06-25 01:00:00,9,0.3066,0.35495013
2010-06-24 17:00:00,2010-06-25 02:00:00,10,0.28383332,0.35226703
2010-06-24 17:00:00,2010-06-25 03:00:00,11,0.33946666,0.34839904
2010-06-24 17:00:00,2010-06-25 04:00:00,12,0.33766666,0.34182668
2010-06-24 17:00:00,2010-06-25 05:00:00,13,0.28426668,0.3497458
2010-06-24 17:00:00,2010-06-25 06:00:00,14,1.0408666,0.4167688
2010-06-24 17:00:00,2010-06-25 07:00:00,15,1.4192333,1.0740784
2010-06-24 17:00:00,2010-06-25 08:00:00,16,1.1743333,1.3801168
2010-06-24 17:00:00,2010-06-25 09:00:00,17,1.4962333,1.4006431
2010-06-24 17:00:00,2010-06-25 10:00:00,18,1.4313667,1.3121772
2010-06-24 17:00:00,2010-06-25 11:00:00,19,1.6219333,0.73876977
2010-06-24 17:00:00,2010-06-25 12:00:00,20,1.9613667,0.42875195
2010-06-24 17:00:00,2010-06-25 13:00:00,21,0.97246665,0.397107
2010-06-24 17:00:00,2010-06-25 14:00:00,22,0.28336668,0.36341965
2010-06-24 17:00:00,2010-06-25 15:00:00,23,0.27043334,0.36956823
2010-06-24 17:00:00,2010-06-25 16:00:00,24,0.31913334,0.3695836
2010-06-25 17:00:00,2010-06-25 17:00:00,1,0.3674,0.55023646
2010-06-25 17:00:00,2010-06-25 18:00:00,2,0.28436667,1.123903
2010-06-25 17:00:00,2010-06-25 19:00:00,3,0.30556667,1.3777837
2010-06-25 17:00:00,2010-06-25 20:00:00,4,0.32926667,1.4115236
2010-06-25 17:00:00,2010-06-25 21:00:00,5,1.3311,1.5743945
2010-06-25 17:00:00,2010-06-25 22:00:00,6,1.4952667,1.6210412
2010-06-25 17:00:00,2010-06-25 23:00:00,7,0.36986667,0.74472606
2010-06-25 17:00:00,2010-06-26 00:00:00,8,0.36583334,0.3542657
2010-06-25 17:00:00,2010-06-26 01:00:00,9,0.28766668,0.32849252
2010-06-25 17:00:00,2010-06-26 02:00:00,10,0.29333332,0.3065095
2010-06-25 17:00:00,2010-06-26 03:00:00,11,0.35933334,0.28098565
2010-06-25 17:00:00,2010-06-26 04:00:00,12,0.3156,0.28876835
2010-06-25 17:00:00,2010-06-26 05:00:00,13,0.8613667,0.32592112
2010-06-25 17:00:00,2010-06-26 06:00:00,14,0.47143334,0.4937983
2010-06-25 17:00:00,2010-06-26 07:00:00,15,0.50013334,1.252495
2010-06-25 17:00:00,2010-06-26 08:00:00,16,0.32813334,1.3801602
2010-06-25 17:00:00,2010-06-26 09:00:00,17,0.89453334,1.4956617
2010-06-25 17:00:00,2010-06-26 10:00:00,18,1.8389333,1.523566
2010-06-25 17:00:00,2010-06-26 11:00:00,19,0.8350667,1.1924726
2010-06-25 17:00:00,2010-06-26 12:00:00,20,1.445,0.7522847
2010-06-25 17:00:00,2010-06-26 13:00:00,21,1.0642333,0.5055585
2010-06-25 17:00:00,2010-06-26 14:00:00,22,0.43203333,0.43252933
2010-06-25 17:00:00,2010-06-26 15:00:00,23,0.43173334,0.36555856
2010-06-25 17:00:00,2010-06-26 16:00:00,24,0.8637667,0.35593283
2010-06-26 17:00:00,2010-06-26 17:00:00,1,1.4527667,0.9943912
2010-06-26 17:00:00,2010-06-26 18:00:00,2,1.4154667,1.1108657
2010-06-26 17:00:00,2010-06-26 19:00:00,3,0.35506666,1.2344726
2010-06-26 17:00:00,2010-06-26 20:00:00,4,0.35446668,1.1932298
2010-06-26 17:00:00,2010-06-26 21:00:00,5,0.30496666,1.4121803
2010-06-26 17:00:00,2010-06-26 22:00:00,6,0.34743333,1.4296435
2010-06-26 17:00:00,2010-06-26 23:00:00,7,0.5420333,0.57123053
2010-06-26 17:00:00,2010-06-27 00:00:00,8,0.35313332,0.3542801
2010-06-26 17:00:00,2010-06-27 01:00:00,9,0.5367,0.33197385
2010-06-26 17:00:00,2010-06-27 02:00:00,10,0.8454667,0.31489503
2010-06-26 17:00:00,2010-06-27 03:00:00,11,0.36376667,0.31807756
2010-06-26 17:00:00,2010-06-27 04:00:00,12,0.30593333,0.3101644
2010-06-26 17:00:00,2010-06-27 05:00:00,13,0.2873,0.3270774
2010-06-26 17:00:00,2010-06-27 06:00:00,14,0.32893333,0.39423764
2010-06-26 17:00:00,2010-06-27 07:00:00,15,0.4841,0.92277503
2010-06-26 17:00:00,2010-06-27 08:00:00,16,0.33186665,1.1563663
2010-06-26 17:00:00,2010-06-27 09:00:00,17,1.5325333,1.3199534
2010-06-26 17:00:00,2010-06-27 10:00:00,18,1.0246,1.4020584
2010-06-26 17:00:00,2010-06-27 11:00:00,19,0.5531333,1.1913034
2010-06-26 17:00:00,2010-06-27 12:00:00,20,1.0512,1.0440087
2010-06-26 17:00:00,2010-06-27 13:00:00,21,1.6409667,0.5433565
2010-06-26 17:00:00,2010-06-27 14:00:00,22,1.5251334,0.46437517
2010-06-26 17:00:00,2010-06-27 15:00:00,23,0.9024,0.44731122
2010-06-26 17:00:00,2010-06-27 16:00:00,24,0.8767667,0.44884676
2010-06-27 17:00:00,2010-06-27 17:00:00,1,0.6095667,0.9405371
2010-06-27 17:00:00,2010-06-27 18:00:00,2,0.77133334,0.8855132
2010-06-27 17:00:00,2010-06-27 19:00:00,3,0.42643332,0.6669395
2010-06-27 17:00:00,2010-06-27 20:00:00,4,0.39723334,0.513462
2010-06-27 17:00:00,2010-06-27 21:00:00,5,0.8347333,0.57552594
2010-06-27 17:00:00,2010-06-27 22:00:00,6,2.0669334,0.6048099
2010-06-27 17:00:00,2010-06-27 23:00:00,7,0.94923335,0.45230433
2010-06-27 17:00:00,2010-06-28 00:00:00,8,0.35283333,0.41393924
2010-06-27 17:00:00,2010-06-28 01:00:00,9,0.3554,0.4121737
2010-06-27 17:00:00,2010-06-28 02:00:00,10,0.56483334,0.41529262
2010-06-27 17:00:00,2010-06-28 03:00:00,11,0.48326668,0.391931
2010-06-27 17:00:00,2010-06-28 04:00:00,12,0.3338,0.373051
2010-06-27 17:00:00,2010-06-28 05:00:00,13,0.3305,0.3838547
2010-06-27 17:00:00,2010-06-28 06:00:00,14,1.0942333,0.44940108
2010-06-27 17:00:00,2010-06-28 07:00:00,15,1.4126333,0.5743282
2010-06-27 17:00:00,2010-06-28 08:00:00,16,1.5397333,0.58382595
2010-06-27 17:00:00,2010-06-28 09:00:00,17,1.0228333,0.9997707
2010-06-27 17:00:00,2010-06-28 10:00:00,18,0.32566667,1.0346833
2010-06-27 17:00:00,2010-06-28 11:00:00,19,0.93366665,0.8820354
2010-06-27 17:00:00,2010-06-28 12:00:00,20,0.65846664,0.8776476
2010-06-27 17:00:00,2010-06-28 13:00:00,21,0.5480667,0.91090924
2010-06-27 17:00:00,2010-06-28 14:00:00,22,1.0419667,0.90820473
2010-06-27 17:00:00,2010-06-28 15:00:00,23,1.6852,0.7578218
2010-06-27 17:00:00,2010-06-28 16:00:00,24,1.0549333,0.6631514
2010-07-06 17:00:00,2010-07-06 17:00:00,1,0.5396,0.726509
2010-07-06 17:00:00,2010-07-06 18:00:00,2,0.57136667,0.7112621
2010-07-06 17:00:00,2010-07-06 19:00:00,3,1.2738,0.71615654
2010-07-06 17:00:00,2010-07-06 20:00:00,4,1.5307667,0.73428905
2010-07-06 17:00:00,2010-07-06 21:00:00,5,0.7395333,0.6704438
2010-07-06 17:00:00,2010-07-06 22:00:00,6,0.312,0.64003825
2010-07-06 17:00:00,2010-07-06 23:00:00,7,0.47003335,0.6535875
2010-07-06 17:00:00,2010-07-07 00:00:00,8,0.383,0.65001607
2010-07-06 17:00:00,2010-07-07 01:00:00,9,0.6799,0.6503707
2010-07-06 17:00:00,2010-07-07 02:00:00,10,0.31396666,0.6368208
2010-07-06 17:00:00,2010-07-07 03:00:00,11,0.38383332,0.62066436
2010-07-06 17:00:00,2010-07-07 04:00:00,12,0.2915,0.61713374
2010-07-06 17:00:00,2010-07-07 05:00:00,13,0.28723332,0.62596864
2010-07-06 17:00:00,2010-07-07 06:00:00,14,0.9415,0.6252825
2010-07-06 17:00:00,2010-07-07 07:00:00,15,0.30966666,0.6273695
2010-07-06 17:00:00,2010-07-07 08:00:00,16,1.0060667,0.6234361
2010-07-06 17:00:00,2010-07-07 09:00:00,17,0.3377,0.6053195
2010-07-06 17:00:00,2010-07-07 10:00:00,18,0.31576666,0.61653876
2010-07-06 17:00:00,2010-07-07 11:00:00,19,0.33836666,0.64312387
2010-07-06 17:00:00,2010-07-07 12:00:00,20,0.50306666,0.61942697
2010-07-06 17:00:00,2010-07-07 13:00:00,21,0.54683334,0.6183693
2010-07-06 17:00:00,2010-07-07 14:00:00,22,1.4143667,0.6260785
2010-07-06 17:00:00,2010-07-07 15:00:00,23,0.8498333,0.6132251
2010-07-06 17:00:00,2010-07-07 16:00:00,24,0.32593334,0.6118991
2010-07-07 17:00:00,2010-07-07 17:00:00,1,0.37283334,0.3507685
2010-07-07 17:00:00,2010-07-07 18:00:00,2,0.34276667,0.4246507
2010-07-07 17:00:00,2010-07-07 19:00:00,3,0.608,0.4732653
2010-07-07 17:00:00,2010-07-07 20:00:00,4,1.4613667,0.50712514
2010-07-07 17:00:00,2010-07-07 21:00:00,5,0.61473334,0.49302012
2010-07-07 17:00:00,2010-07-07 22:00:00,6,0.9587,0.48596627
2010-07-07 17:00:00,2010-07-07 23:00:00,7,0.3262,0.49489576
2010-07-07 17:00:00,2010-07-08 00:00:00,8,0.40786666,0.50488496
2010-07-07 17:00:00,2010-07-08 01:00:00,9,0.50673336,0.50828946
2010-07-07 17:00:00,2010-07-08 02:00:00,10,0.33473334,0.4979683
2010-07-07 17:00:00,2010-07-08 03:00:00,11,0.32993335,0.49211457
2010-07-07 17:00:00,2010-07-08 04:00:00,12,0.3731,0.482943
2010-07-07 17:00:00,2010-07-08 05:00:00,13,0.32526666,0.48619816
2010-07-07 17:00:00,2010-07-08 06:00:00,14,0.5512,0.49373204
2010-07-07 17:00:00,2010-07-08 07:00:00,15,1.5392333,0.50333476
2010-07-07 17:00:00,2010-07-08 08:00:00,16,1.1991667,0.5066595
2010-07-07 17:00:00,2010-07-08 09:00:00,17,0.296,0.491591
2010-07-07 17:00:00,2010-07-08 10:00:00,18,0.49923334,0.4970279
2010-07-07 17:00:00,2010-07-08 11:00:00,19,0.36466667,0.4971394
2010-07-07 17:00:00,2010-07-08 12:00:00,20,0.3126,0.49651176
2010-07-07 17:00:00,2010-07-08 13:00:00,21,1.0795,0.49667946
2010-07-07 17:00:00,2010-07-08 14:00:00,22,1.8475333,0.4946895
2010-07-07 17:00:00,2010-07-08 15:00:00,23,0.8857,0.49327758
2010-07-07 17:00:00,2010-07-08 16:00:00,24,1.6610667,0.49044204
2010-07-08 17:00:00,2010-07-08 17:00:00,1,0.3451,1.3138688
2010-07-08 17:00:00,2010-07-08 18:00:00,2,0.5311667,0.87848175
2010-07-08 17:00:00,2010-07-08 19:00:00,3,0.6069,0.74398065
2010-07-08 17:00:00,2010-07-08 20:00:00,4,1.9543,0.6776593
2010-07-08 17:00:00,2010-07-08 21:00:00,5,1.2891667,0.60009706
2010-07-08 17:00:00,2010-07-08 22:00:00,6,1.6950667,0.583187
2010-07-08 17:00:00,2010-07-08 23:00:00,7,1.2756333,0.5707041
2010-07-08 17:00:00,2010-07-09 00:00:00,8,1.3633667,0.5762574
2010-07-08 17:00:00,2010-07-09 01:00:00,9,0.42033333,0.6008957
2010-07-08 17:00:00,2010-07-09 02:00:00,10,0.53323334,0.60335153
2010-07-08 17:00:00,2010-07-09 03:00:00,11,0.42613333,0.5628294
2010-07-08 17:00:00,2010-07-09 04:00:00,12,0.46773332,0.55889857
2010-07-08 17:00:00,2010-07-09 05:00:00,13,0.6376,0.55624604
2010-07-08 17:00:00,2010-07-09 06:00:00,14,0.9163333,0.5662256
2010-07-08 17:00:00,2010-07-09 07:00:00,15,1.0592667,0.59915674
2010-07-08 17:00:00,2010-07-09 08:00:00,16,0.6099333,0.6205532
2010-07-08 17:00:00,2010-07-09 09:00:00,17,0.647,0.5385933
2010-07-08 17:00:00,2010-07-09 10:00:00,18,0.8554,0.5441652
2010-07-08 17:00:00,2010-07-09 11:00:00,19,0.4712,0.53819525
2010-07-08 17:00:00,2010-07-09 12:00:00,20,0.5798,0.5442374
2010-07-08 17:00:00,2010-07-09 13:00:00,21,1.2016667,0.56447893
2010-07-08 17:00:00,2010-07-09 14:00:00,22,0.6756333,0.5833862
2010-07-08 17:00:00,2010-07-09 15:00:00,23,0.60496664,0.54340696
2010-07-08 17:00:00,2010-07-09 16:00:00,24,0.6314667,0.54235655
2010-07-09 17:00:00,2010-07-09 17:00:00,1,0.50373334,0.58772844
2010-07-09 17:00:00,2010-07-09 18:00:00,2,0.5893667,0.6502645
2010-07-09 17:00:00,2010-07-09 19:00:00,3,0.53723335,0.84859836
2010-07-09 17:00:00,2010-07-09 20:00:00,4,0.96113336,1.2206596
2010-07-09 17:00:00,2010-07-09 21:00:00,5,0.59996665,0.9197941
2010-07-09 17:00:00,2010-07-09 22:00:00,6,1.4650333,0.87579346
2010-07-09 17:00:00,2010-07-09 23:00:00,7,1.3004333,0.79836327
2010-07-09 17:00:00,2010-07-10 00:00:00,8,0.64126664,0.74279493
2010-07-09 17:00:00,2010-07-10 01:00:00,9,0.40466666,0.7035341
2010-07-09 17:00:00,2010-07-10 02:00:00,10,0.4186,0.73447543
2010-07-09 17:00:00,2010-07-10 03:00:00,11,1.1348333,0.6676725
2010-07-09 17:00:00,2010-07-10 04:00:00,12,0.38363335,0.65849507
2010-07-09 17:00:00,2010-07-10 05:00:00,13,0.3547,0.6545408
2010-07-09 17:00:00,2010-07-10 06:00:00,14,0.35163334,0.75432503
2010-07-09 17:00:00,2010-07-10 07:00:00,15,0.3391,1.056015
2010-07-09 17:00:00,2010-07-10 08:00:00,16,0.51663333,0.9328941
2010-07-09 17:00:00,2010-07-10 09:00:00,17,1.9883333,0.7106663
2010-07-09 17:00:00,2010-07-10 10:00:00,18,1.0447,0.71920985
2010-07-09 17:00:00,2010-07-10 11:00:00,19,0.48613334,0.6795828
2010-07-09 17:00:00,2010-07-10 12:00:00,20,0.41693333,0.67851746
2010-07-09 17:00:00,2010-07-10 13:00:00,21,1.5450667,0.7526024
2010-07-09 17:00:00,2010-07-10 14:00:00,22,2.083,0.81388503
2010-07-09 17:00:00,2010-07-10 15:00:00,23,1.4356333,0.6958932
2010-07-09 17:00:00,2010-07-10 16:00:00,24,0.8566333,0.6684296
2010-07-10 17:00:00,2010-07-10 17:00:00,1,0.8923,0.5248723
2010-07-10 17:00:00,2010-07-10 18:00:00,2,0.43693334,0.5574691
2010-07-10 17:00:00,2010-07-10 19:00:00,3,0.8882333,0.7831137
2010-07-10 17:00:00,2010-07-10 20:00:00,4,1.1920333,1.203949
2010-07-10 17:00:00,2010-07-10 21:00:00,5,0.43083334,1.1594691
2010-07-10 17:00:00,2010-07-10 22:00:00,6,0.6331667,1.2696311
2010-07-10 17:00:00,2010-07-10 23:00:00,7,0.36673334,1.0966454
2010-07-10 17:00:00,2010-07-11 00:00:00,8,0.34796667,0.7748206
2010-07-10 17:00:00,2010-07-11 01:00:00,9,0.42986667,0.6175966
2010-07-10 17:00:00,2010-07-11 02:00:00,10,0.4083,0.6030052
2010-07-10 17:00:00,2010-07-11 03:00:00,11,0.36116666,0.5619839
2010-07-10 17:00:00,2010-07-11 04:00:00,12,0.34233335,0.521402
2010-07-10 17:00:00,2010-07-11 05:00:00,13,0.5,0.51593935
2010-07-10 17:00:00,2010-07-11 06:00:00,14,0.75776666,0.6572926
2010-07-10 17:00:00,2010-07-11 07:00:00,15,0.33693334,0.826184
2010-07-10 17:00:00,2010-07-11 08:00:00,16,0.51066667,0.95829844
2010-07-10 17:00:00,2010-07-11 09:00:00,17,0.45973334,0.7525127
2010-07-10 17:00:00,2010-07-11 10:00:00,18,1.5354333,0.69716334
2010-07-10 17:00:00,2010-07-11 11:00:00,19,1.4741334,0.56130147
2010-07-10 17:00:00,2010-07-11 12:00:00,20,0.68616664,0.592859
2010-07-10 17:00:00,2010-07-11 13:00:00,21,0.75946665,0.9334429
2010-07-10 17:00:00,2010-07-11 14:00:00,22,0.4771,1.1246969
2010-07-10 17:00:00,2010-07-11 15:00:00,23,0.5211333,0.89254856
2010-07-10 17:00:00,2010-07-11 16:00:00,24,0.6413,0.7459048
2010-07-11 17:00:00,2010-07-11 17:00:00,1,0.60006666,0.58699054
2010-07-11 17:00:00,2010-07-11 18:00:00,2,0.7756,0.5844733
2010-07-11 17:00:00,2010-07-11 19:00:00,3,1.9487333,0.72013736
2010-07-11 17:00:00,2010-07-11 20:00:00,4,0.6913667,0.9643957
2010-07-11 17:00:00,2010-07-11 21:00:00,5,0.9413667,0.7944129
2010-07-11 17:00:00,2010-07-11 22:00:00,6,1.7915,0.8846411
2010-07-11 17:00:00,2010-07-11 23:00:00,7,2.5947666,0.64878726
2010-07-11 17:00:00,2010-07-12 00:00:00,8,1.1005334,0.55230725
2010-07-11 17:00:00,2010-07-12 01:00:00,9,0.3849,0.48481464
2010-07-11 17:00:00,2010-07-12 02:00:00,10,0.46873334,0.4803573
2010-07-11 17:00:00,2010-07-12 03:00:00,11,0.34106666,0.44912416
2010-07-11 17:00:00,2010-07-12 04:00:00,12,0.36253333,0.4333732
2010-07-11 17:00:00,2010-07-12 05:00:00,13,0.37213334,0.44112286
2010-07-11 17:00:00,2010-07-12 06:00:00,14,0.5445,0.49110475
2010-07-11 17:00:00,2010-07-12 07:00:00,15,0.8365333,0.576347
2010-07-11 17:00:00,2010-07-12 08:00:00,16,0.94423336,0.68432915
2010-07-11 17:00:00,2010-07-12 09:00:00,17,0.6024,0.60594726
2010-07-11 17:00:00,2010-07-12 10:00:00,18,0.75916666,0.6168632
2010-07-11 17:00:00,2010-07-12 11:00:00,19,0.6285333,0.5324379
2010-07-11 17:00:00,2010-07-12 12:00:00,20,0.7223,0.5488218
2010-07-11 17:00:00,2010-07-12 13:00:00,21,0.62126666,0.7044993
2010-07-11 17:00:00,2010-07-12 14:00:00,22,0.5216333,0.805903
2010-07-11 17:00:00,2010-07-12 15:00:00,23,0.54293334,0.73145396
2010-07-11 17:00:00,2010-07-12 16:00:00,24,0.35303333,0.6938693
2010-07-12 17:00:00,2010-07-12 17:00:00,1,1.1607,0.4205928
2010-07-12 17:00:00,2010-07-12 18:00:00,2,0.68843335,0.50467575
2010-07-12 17:00:00,2010-07-12 19:00:00,3,0.5362,0.6446235
2010-07-12 17:00:00,2010-07-12 20:00:00,4,1.5040667,0.80594635
2010-07-12 17:00:00,2010-07-12 21:00:00,5,1.9975667,0.6035787
2010-07-12 17:00:00,2010-07-12 22:00:00,6,1.8635666,0.6607996
2010-07-12 17:00:00,2010-07-12 23:00:00,7,0.63593334,0.52880704
2010-07-12 17:00:00,2010-07-13 00:00:00,8,0.3786,0.49181676
2010-07-12 17:00:00,2010-07-13 01:00:00,9,0.43576667,0.46033123
2010-07-12 17:00:00,2010-07-13 02:00:00,10,0.33016667,0.45735425
2010-07-12 17:00:00,2010-07-13 03:00:00,11,0.3643,0.431321
2010-07-12 17:00:00,2010-07-13 04:00:00,12,0.4013,0.4036674
2010-07-12 17:00:00,2010-07-13 05:00:00,13,0.38996667,0.42472985
2010-07-12 17:00:00,2010-07-13 06:00:00,14,0.39246666,0.5042982
2010-07-12 17:00:00,2010-07-13 07:00:00,15,1.1433333,0.54741967
2010-07-12 17:00:00,2010-07-13 08:00:00,16,1.6144333,0.68014175
2010-07-12 17:00:00,2010-07-13 09:00:00,17,1.7105334,0.51654065
2010-07-12 17:00:00,2010-07-13 10:00:00,18,0.6229333,0.54894125
2010-07-12 17:00:00,2010-07-13 11:00:00,19,0.60113335,0.46709242
2010-07-12 17:00:00,2010-07-13 12:00:00,20,0.57386667,0.48522726
2010-07-12 17:00:00,2010-07-13 13:00:00,21,1.4215,0.5880971
2010-07-12 17:00:00,2010-07-13 14:00:00,22,1.7366667,0.6417441
2010-07-12 17:00:00,2010-07-13 15:00:00,23,1.0986,0.52404475
2010-07-12 17:00:00,2010-07-13 16:00:00,24,0.49313334,0.45170233
2010-07-13 17:00:00,2010-07-13 17:00:00,1,0.48986667,0.4883526
2010-07-13 17:00:00,2010-07-13 18:00:00,2,1.0689666,0.5240112
2010-07-13 17:00:00,2010-07-13 19:00:00,3,1.3580667,0.7023672
2010-07-13 17:00:00,2010-07-13 20:00:00,4,1.5689,1.2148262
2010-07-13 17:00:00,2010-07-13 21:00:00,5,2.1143334,0.90699506
2010-07-13 17:00:00,2010-07-13 22:00:00,6,1.8494667,0.9671942
2010-07-13 17:00:00,2010-07-13 23:00:00,7,0.87693334,0.6438807
2010-07-13 17:00:00,2010-07-14 00:00:00,8,0.49716666,0.54856825
2010-07-13 17:00:00,2010-07-14 01:00:00,9,0.6503,0.46535465
2010-07-13 17:00:00,2010-07-14 02:00:00,10,0.4663,0.44313273
2010-07-13 17:00:00,2010-07-14 03:00:00,11,0.35323334,0.41801402
2010-07-13 17:00:00,2010-07-14 04:00:00,12,0.39526665,0.3984362
2010-07-13 17:00:00,2010-07-14 05:00:00,13,0.38026667,0.42375386
2010-07-13 17:00:00,2010-07-14 06:00:00,14,0.4553,0.56319416
2010-07-13 17:00:00,2010-07-14 07:00:00,15,0.9360667,0.62162197
2010-07-13 17:00:00,2010-07-14 08:00:00,16,0.6037,0.720737
2010-07-13 17:00:00,2010-07-14 09:00:00,17,0.5776333,0.57013583
2010-07-13 17:00:00,2010-07-14 10:00:00,18,0.49763334,0.62335736
2010-07-13 17:00:00,2010-07-14 11:00:00,19,1.0361333,0.5388305
2010-07-13 17:00:00,2010-07-14 12:00:00,20,1.1338,0.57454187
2010-07-13 17:00:00,2010-07-14 13:00:00,21,1.2403333,0.80542594
2010-07-13 17:00:00,2010-07-14 14:00:00,22,1.4386667,0.84967214
2010-07-13 17:00:00,2010-07-14 15:00:00,23,1.0747666,0.69669974
2010-07-13 17:00:00,2010-07-14 16:00:00,24,0.525,0.5777035
2010-07-22 17:00:00,2010-07-22 17:00:00,1,0.38603333,0.3846805
2010-07-22 17:00:00,2010-07-22 18:00:00,2,0.37246665,0.4124204
2010-07-22 17:00:00,2010-07-22 19:00:00,3,0.37483335,0.51466054
2010-07-22 17:00:00,2010-07-22 20:00:00,4,0.39556667,0.6885365
2010-07-22 17:00:00,2010-07-22 21:00:00,5,0.9666,0.5322511
2010-07-22 17:00:00,2010-07-22 22:00:00,6,1.1483667,0.6089408
2010-07-22 17:00:00,2010-07-22 23:00:00,7,0.5283,0.6699409
2010-07-22 17:00:00,2010-07-23 00:00:00,8,0.5345333,0.6412282
2010-07-22 17:00:00,2010-07-23 01:00:00,9,1.2643334,0.69662064
2010-07-22 17:00:00,2010-07-23 02:00:00,10,0.59166664,0.680488
2010-07-22 17:00:00,2010-07-23 03:00:00,11,1.2449666,0.47600478
2010-07-22 17:00:00,2010-07-23 04:00:00,12,1.1148,0.44589865
2010-07-22 17:00:00,2010-07-23 05:00:00,13,0.8448333,0.41819948
2010-07-22 17:00:00,2010-07-23 06:00:00,14,0.3563,0.4125179
2010-07-22 17:00:00,2010-07-23 07:00:00,15,0.3832,0.40875232
2010-07-22 17:00:00,2010-07-23 08:00:00,16,0.7163,0.4103307
2010-07-22 17:00:00,2010-07-23 09:00:00,17,1.4133667,0.38974386
2010-07-22 17:00:00,2010-07-23 10:00:00,18,0.43273333,0.39369816
2010-07-22 17:00:00,2010-07-23 11:00:00,19,0.3619,0.3898927
2010-07-22 17:00:00,2010-07-23 12:00:00,20,0.58376664,0.3897145
2010-07-22 17:00:00,2010-07-23 13:00:00,21,0.78426665,0.39350638
2010-07-22 17:00:00,2010-07-23 14:00:00,22,0.45803332,0.4134432
2010-07-22 17:00:00,2010-07-23 15:00:00,23,0.9314333,0.40331474
2010-07-22 17:00:00,2010-07-23 16:00:00,24,0.5397,0.40718603
2010-07-23 17:00:00,2010-07-23 17:00:00,1,0.35806668,0.47997862
2010-07-23 17:00:00,2010-07-23 18:00:00,2,0.3793,0.49698615
2010-07-23 17:00:00,2010-07-23 19:00:00,3,1.4078667,0.5354596
2010-07-23 17:00:00,2010-07-23 20:00:00,4,1.5015666,0.59761083
2010-07-23 17:00:00,2010-07-23 21:00:00,5,1.6510667,0.6198893
2010-07-23 17:00:00,2010-07-23 22:00:00,6,0.9489,0.631975
2010-07-23 17:00:00,2010-07-23 23:00:00,7,0.79973334,0.6599897
2010-07-23 17:00:00,2010-07-24 00:00:00,8,0.77486664,0.67637956
2010-07-23 17:00:00,2010-07-24 01:00:00,9,0.7538667,0.6722471
2010-07-23 17:00:00,2010-07-24 02:00:00,10,0.47453332,0.63043267
2010-07-23 17:00:00,2010-07-24 03:00:00,11,0.3524,0.60733557
2010-07-23 17:00:00,2010-07-24 04:00:00,12,0.37033334,0.59626126
2010-07-23 17:00:00,2010-07-24 05:00:00,13,0.3557,0.5773668
2010-07-23 17:00:00,2010-07-24 06:00:00,14,0.38776666,0.55689764
2010-07-23 17:00:00,2010-07-24 07:00:00,15,0.91223335,0.5496361
2010-07-23 17:00:00,2010-07-24 08:00:00,16,0.53723335,0.5568134
2010-07-23 17:00:00,2010-07-24 09:00:00,17,0.3776,0.5517568
2010-07-23 17:00:00,2010-07-24 10:00:00,18,0.35336667,0.5500686
2010-07-23 17:00:00,2010-07-24 11:00:00,19,0.36346668,0.54271686
2010-07-23 17:00:00,2010-07-24 12:00:00,20,0.65353334,0.5423521
2010-07-23 17:00:00,2010-07-24 13:00:00,21,0.7953333,0.54365444
2010-07-23 17:00:00,2010-07-24 14:00:00,22,0.34243333,0.54164904
2010-07-23 17:00:00,2010-07-24 15:00:00,23,0.36103332,0.53895575
2010-07-23 17:00:00,2010-07-24 16:00:00,24,0.36346668,0.5441153
2010-07-24 17:00:00,2010-07-24 17:00:00,1,0.3763,0.39427733
2010-07-24 17:00:00,2010-07-24 18:00:00,2,0.75803334,0.5032963
2010-07-24 17:00:00,2010-07-24 19:00:00,3,0.88346666,0.82202446
2010-07-24 17:00:00,2010-07-24 20:00:00,4,0.6974,0.75039554
2010-07-24 17:00:00,2010-07-24 21:00:00,5,1.7543,0.61675644
2010-07-24 17:00:00,2010-07-24 22:00:00,6,1.2302667,0.69058007
2010-07-24 17:00:00,2010-07-24 23:00:00,7,1.1322,0.7454277
2010-07-24 17:00:00,2010-07-25 00:00:00,8,1.092,0.64722943
2010-07-24 17:00:00,2010-07-25 01:00:00,9,0.90136665,0.5689321
2010-07-24 17:00:00,2010-07-25 02:00:00,10,0.35196668,0.5069492
2010-07-24 17:00:00,2010-07-25 03:00:00,11,0.32413334,0.4842089
2010-07-24 17:00:00,2010-07-25 04:00:00,12,0.38496667,0.45941308
2010-07-24 17:00:00,2010-07-25 05:00:00,13,0.36833334,0.45015824
2010-07-24 17:00:00,2010-07-25 06:00:00,14,0.8814333,0.46954095
2010-07-24 17:00:00,2010-07-25 07:00:00,15,0.8028333,0.52065784
2010-07-24 17:00:00,2010-07-25 08:00:00,16,0.37666667,0.44505876
2010-07-24 17:00:00,2010-07-25 09:00:00,17,0.35486665,0.43044817
2010-07-24 17:00:00,2010-07-25 10:00:00,18,1.3948333,0.4351437
2010-07-24 17:00:00,2010-07-25 11:00:00,19,1.6441333,0.43812272
2010-07-24 17:00:00,2010-07-25 12:00:00,20,1.5775,0.43261325
2010-07-24 17:00:00,2010-07-25 13:00:00,21,0.8530333,0.43579832
2010-07-24 17:00:00,2010-07-25 14:00:00,22,0.36533332,0.42997557
2010-07-24 17:00:00,2010-07-25 15:00:00,23,0.36483333,0.43452725
2010-07-24 17:00:00,2010-07-25 16:00:00,24,0.38556665,0.44533074
2010-07-25 17:00:00,2010-07-25 17:00:00,1,0.36133334,0.40543288
2010-07-25 17:00:00,2010-07-25 18:00:00,2,0.37216666,0.5514575
2010-07-25 17:00:00,2010-07-25 19:00:00,3,0.8781,0.674359
2010-07-25 17:00:00,2010-07-25 20:00:00,4,0.67946666,0.548434
2010-07-25 17:00:00,2010-07-25 21:00:00,5,0.64166665,0.5503061
2010-07-25 17:00:00,2010-07-25 22:00:00,6,0.6522667,0.6745982
2010-07-25 17:00:00,2010-07-25 23:00:00,7,2.8313668,0.6984065
2010-07-25 17:00:00,2010-07-26 00:00:00,8,0.34063333,0.7059846
2010-07-25 17:00:00,2010-07-26 01:00:00,9,0.3388,0.6877352
2010-07-25 17:00:00,2010-07-26 02:00:00,10,0.27876666,0.5258631
2010-07-25 17:00:00,2010-07-26 03:00:00,11,0.36256668,0.49740848
2010-07-25 17:00:00,2010-07-26 04:00:00,12,0.3076,0.49062574
2010-07-25 17:00:00,2010-07-26 05:00:00,13,0.33383334,0.4875386
2010-07-25 17:00:00,2010-07-26 06:00:00,14,0.2578,0.52944875
2010-07-25 17:00:00,2010-07-26 07:00:00,15,0.3333,0.588564
2010-07-25 17:00:00,2010-07-26 08:00:00,16,1.7709,0.5053207
2010-07-25 17:00:00,2010-07-26 09:00:00,17,0.41243333,0.49925515
2010-07-25 17:00:00,2010-07-26 10:00:00,18,0.7432333,0.51133364
2010-07-25 17:00:00,2010-07-26 11:00:00,19,1.0832334,0.53413284
2010-07-25 17:00:00,2010-07-26 12:00:00,20,0.51316667,0.5360607
2010-07-25 17:00:00,2010-07-26 13:00:00,21,0.32996666,0.5209309
2010-07-25 17:00:00,2010-07-26 14:00:00,22,0.32546666,0.49691856
2010-07-25 17:00:00,2010-07-26 15:00:00,23,0.29573333,0.49319732
2010-07-25 17:00:00,2010-07-26 16:00:00,24,0.3364,0.49637598
2010-07-26 17:00:00,2010-07-26 17:00:00,1,0.2747,0.34712225
2010-07-26 17:00:00,2010-07-26 18:00:00,2,0.3483,0.3659015
2010-07-26 17:00:00,2010-07-26 19:00:00,3,0.29503334,0.44999558
2010-07-26 17:00:00,2010-07-26 20:00:00,4,0.32423332,0.6394216
2010-07-26 17:00:00,2010-07-26 21:00:00,5,1.1442667,0.48133135
2010-07-26 17:00:00,2010-07-26 22:00:00,6,2.0912666,0.6833994
2010-07-26 17:00:00,2010-07-26 23:00:00,7,1.8942,0.7592257
2010-07-26 17:00:00,2010-07-27 00:00:00,8,1.6456333,0.4577536
2010-07-26 17:00:00,2010-07-27 01:00:00,9,1.6177666,0.40129206
2010-07-26 17:00:00,2010-07-27 02:00:00,10,0.81013334,0.38594878
2010-07-26 17:00:00,2010-07-27 03:00:00,11,0.35683334,0.3777265
2010-07-26 17:00:00,2010-07-27 04:00:00,12,0.28976667,0.37135407
2010-07-26 17:00:00,2010-07-27 05:00:00,13,0.31153333,0.3735487
2010-07-26 17:00:00,2010-07-27 06:00:00,14,0.3014,0.38238555
2010-07-26 17:00:00,2010-07-27 07:00:00,15,0.32026666,0.4175224
2010-07-26 17:00:00,2010-07-27 08:00:00,16,0.27533334,0.472939
2010-07-26 17:00:00,2010-07-27 09:00:00,17,1.1635333,0.46924514
2010-07-26 17:00:00,2010-07-27 10:00:00,18,0.7449333,0.6677708
2010-07-26 17:00:00,2010-07-27 11:00:00,19,0.53136665,0.6862017
2010-07-26 17:00:00,2010-07-27 12:00:00,20,0.58183336,0.45741862
2010-07-26 17:00:00,2010-07-27 13:00:00,21,0.49633333,0.40570953
2010-07-26 17:00:00,2010-07-27 14:00:00,22,0.28953335,0.38776228
2010-07-26 17:00:00,2010-07-27 15:00:00,23,1.0975667,0.379337
2010-07-26 17:00:00,2010-07-27 16:00:00,24,0.30306667,0.37937054
2010-07-27 17:00:00,2010-07-27 17:00:00,1,0.29016668,0.30415493
2010-07-27 17:00:00,2010-07-27 18:00:00,2,0.3433,0.32376128
2010-07-27 17:00:00,2010-07-27 19:00:00,3,0.27576667,0.35969535
2010-07-27 17:00:00,2010-07-27 20:00:00,4,0.32926667,0.388429
2010-07-27 17:00:00,2010-07-27 21:00:00,5,0.8642,0.6968429
2010-07-27 17:00:00,2010-07-27 22:00:00,6,1.2083334,0.66645586
2010-07-27 17:00:00,2010-07-27 23:00:00,7,1.4248,0.6685321
2010-07-27 17:00:00,2010-07-28 00:00:00,8,1.6895666,0.6867279
2010-07-27 17:00:00,2010-07-28 01:00:00,9,1.4232,0.5079528
2010-07-27 17:00:00,2010-07-28 02:00:00,10,0.70683336,0.40474477
2010-07-27 17:00:00,2010-07-28 03:00:00,11,0.3252,0.39619973
2010-07-27 17:00:00,2010-07-28 04:00:00,12,0.30223334,0.36015394
2010-07-27 17:00:00,2010-07-28 05:00:00,13,0.3055,0.33403385
2010-07-27 17:00:00,2010-07-28 06:00:00,14,0.45133334,0.33953035
2010-07-27 17:00:00,2010-07-28 07:00:00,15,1.5366666,0.3778064
2010-07-27 17:00:00,2010-07-28 08:00:00,16,1.3219,0.3970384
2010-07-27 17:00:00,2010-07-28 09:00:00,17,1.2511667,0.4491302
2010-07-27 17:00:00,2010-07-28 10:00:00,18,0.28926668,0.47427753
2010-07-27 17:00:00,2010-07-28 11:00:00,19,0.3096,0.47921547
2010-07-27 17:00:00,2010-07-28 12:00:00,20,0.3046,0.4791057
2010-07-27 17:00:00,2010-07-28 13:00:00,21,0.32016668,0.43276307
2010-07-27 17:00:00,2010-07-28 14:00:00,22,0.29183334,0.36230013
2010-07-27 17:00:00,2010-07-28 15:00:00,23,0.32106668,0.3573933
2010-07-27 17:00:00,2010-07-28 16:00:00,24,0.31606665,0.34407452
2010-07-28 17:00:00,2010-07-28 17:00:00,1,0.28303334,0.3076612
2010-07-28 17:00:00,2010-07-28 18:00:00,2,0.3363,0.3117641
2010-07-28 17:00:00,2010-07-28 19:00:00,3,0.6348,0.39152014
2010-07-28 17:00:00,2010-07-28 20:00:00,4,0.73856664,0.5172527
2010-07-28 17:00:00,2010-07-28 21:00:00,5,0.29513332,0.8752486
2010-07-28 17:00:00,2010-07-28 22:00:00,6,0.3436,0.90478957
2010-07-28 17:00:00,2010-07-28 23:00:00,7,0.27993333,0.8779534
2010-07-28 17:00:00,2010-07-29 00:00:00,8,0.3317,0.7951422
2010-07-28 17:00:00,2010-07-29 01:00:00,9,0.31736666,0.6387464
2010-07-28 17:00:00,2010-07-29 02:00:00,10,0.29726666,0.38312635
2010-07-28 17:00:00,2010-07-29 03:00:00,11,0.32653335,0.34989214
2010-07-28 17:00:00,2010-07-29 04:00:00,12,0.29933333,0.32612467
2010-07-28 17:00:00,2010-07-29 05:00:00,13,0.32223332,0.3124166
2010-07-28 17:00:00,2010-07-29 06:00:00,14,0.27486667,0.33407608
2010-07-28 17:00:00,2010-07-29 07:00:00,15,1.2340333,0.41603845
2010-07-28 17:00:00,2010-07-29 08:00:00,16,0.29463333,0.4489569
2010-07-28 17:00:00,2010-07-29 09:00:00,17,0.32453334,0.63762474
2010-07-28 17:00:00,2010-07-29 10:00:00,18,0.27076668,0.5383356
2010-07-28 17:00:00,2010-07-29 11:00:00,19,0.27603334,0.4869035
2010-07-28 17:00:00,2010-07-29 12:00:00,20,0.29866666,0.46446347
2010-07-28 17:00:00,2010-07-29 13:00:00,21,0.31646666,0.38920906
2010-07-28 17:00:00,2010-07-29 14:00:00,22,0.3056,0.34330994
2010-07-28 17:00:00,2010-07-29 15:00:00,23,0.28596666,0.32154062
2010-07-28 17:00:00,2010-07-29 16:00:00,24,0.33666667,0.3110993
2010-07-29 17:00:00,2010-07-29 17:00:00,1,0.27163333,0.30991626
2010-07-29 17:00:00,2010-07-29 18:00:00,2,0.45,0.3315445
2010-07-29 17:00:00,2010-07-29 19:00:00,3,1.0928667,0.5535211
2010-07-29 17:00:00,2010-07-29 20:00:00,4,0.31963333,0.35428587
2010-07-29 17:00:00,2010-07-29 21:00:00,5,0.2858,0.3295378
2010-07-29 17:00:00,2010-07-29 22:00:00,6,0.33336666,0.31168622
2010-07-29 17:00:00,2010-07-29 23:00:00,7,0.28576666,0.3078572
2010-07-29 17:00:00,2010-07-30 00:00:00,8,0.3081,0.31380263
2010-07-29 17:00:00,2010-07-30 01:00:00,9,0.31893334,0.32040393
2010-07-29 17:00:00,2010-07-30 02:00:00,10,0.291,0.30600673
2010-07-29 17:00:00,2010-07-30 03:00:00,11,0.3068,0.31148168
2010-07-29 17:00:00,2010-07-30 04:00:00,12,0.3015,0.3127944
2010-07-29 17:00:00,2010-07-30 05:00:00,13,0.3123,0.3158279
2010-07-29 17:00:00,2010-07-30 06:00:00,14,0.36086667,0.3209809
2010-07-29 17:00:00,2010-07-30 07:00:00,15,1.1503,0.3694163
2010-07-29 17:00:00,2010-07-30 08:00:00,16,0.47643334,0.3307233
2010-07-29 17:00:00,2010-07-30 09:00:00,17,0.32466668,0.32913783
2010-07-29 17:00:00,2010-07-30 10:00:00,18,0.2971,0.31916106
2010-07-29 17:00:00,2010-07-30 11:00:00,19,0.3067,0.31262425
2010-07-29 17:00:00,2010-07-30 12:00:00,20,0.28143334,0.31816518
2010-07-29 17:00:00,2010-07-30 13:00:00,21,0.2663,0.3222171
2010-07-29 17:00:00,2010-07-30 14:00:00,22,0.2795,0.30938277
2010-07-29 17:00:00,2010-07-30 15:00:00,23,0.30273333,0.30981237
2010-07-29 17:00:00,2010-07-30 16:00:00,24,0.31716666,0.31024462
2010-07-30 17:00:00,2010-07-30 17:00:00,1,1.2049667,0.30099657
2010-07-30 17:00:00,2010-07-30 18:00:00,2,0.31516665,0.3521715
2010-07-30 17:00:00,2010-07-30 19:00:00,3,0.28963333,1.0888916
2010-07-30 17:00:00,2010-07-30 20:00:00,4,0.2808,0.33224034
2010-07-30 17:00:00,2010-07-30 21:00:00,5,0.2802,0.3076651
2010-07-30 17:00:00,2010-07-30 22:00:00,6,0.3385,0.30515572
2010-07-30 17:00:00,2010-07-30 23:00:00,7,0.27656665,0.3000329
2010-07-30 17:00:00,2010-07-31 00:00:00,8,0.31573334,0.3060167
2010-07-30 17:00:00,2010-07-31 01:00:00,9,0.30183333,0.3073614
2010-07-30 17:00:00,2010-07-31 02:00:00,10,0.30866668,0.2985262
2010-07-30 17:00:00,2010-07-31 03:00:00,11,0.28856668,0.30414644
2010-07-30 17:00:00,2010-07-31 04:00:00,12,0.55866665,0.30604708
2010-07-30 17:00:00,2010-07-31 05:00:00,13,1.0050334,0.30482703
2010-07-30 17:00:00,2010-07-31 06:00:00,14,0.314,0.35367596
2010-07-30 17:00:00,2010-07-31 07:00:00,15,0.33153334,1.0499988
2010-07-30 17:00:00,2010-07-31 08:00:00,16,0.28463334,0.3282364
2010-07-30 17:00:00,2010-07-31 09:00:00,17,0.29686666,0.31326506
2010-07-30 17:00:00,2010-07-31 10:00:00,18,0.26063332,0.30486172
2010-07-30 17:00:00,2010-07-31 11:00:00,19,0.3007,0.2991993
2010-07-30 17:00:00,2010-07-31 12:00:00,20,0.284,0.3056035
2010-07-30 17:00:00,2010-07-31 13:00:00,21,0.3337,0.30517918
2010-07-30 17:00:00,2010-07-31 14:00:00,22,0.2824,0.30193365
2010-07-30 17:00:00,2010-07-31 15:00:00,23,0.31853333,0.3054619
2010-07-30 17:00:00,2010-07-31 16:00:00,24,0.68556666,0.30564186
2010-07-31 17:00:00,2010-07-31 17:00:00,1,0.90243334,1.1105947
2010-07-31 17:00:00,2010-07-31 18:00:00,2,0.28886667,0.3096061
2010-07-31 17:00:00,2010-07-31 19:00:00,3,0.3428,0.30311918
2010-07-31 17:00:00,2010-07-31 20:00:00,4,0.31096667,0.2954026
2010-07-31 17:00:00,2010-07-31 21:00:00,5,0.29786667,0.29404137
2010-07-31 17:00:00,2010-07-31 22:00:00,6,0.33733332,0.29563233
2010-07-31 17:00:00,2010-07-31 23:00:00,7,0.29226667,0.2984896
2010-07-31 17:00:00,2010-08-01 00:00:00,8,0.31706667,0.3017247
2010-07-31 17:00:00,2010-08-01 01:00:00,9,0.29283333,0.30883956
2010-07-31 17:00:00,2010-08-01 02:00:00,10,0.33506668,0.30530062
2010-07-31 17:00:00,2010-08-01 03:00:00,11,0.26416665,0.33420843
2010-07-31 17:00:00,2010-08-01 04:00:00,12,0.64273334,0.72149396
2010-07-31 17:00:00,2010-08-01 05:00:00,13,0.9396,0.6805051
2010-07-31 17:00:00,2010-08-01 06:00:00,14,0.31583333,0.30966443
2010-07-31 17:00:00,2010-08-01 07:00:00,15,0.2658,0.30497578
2010-07-31 17:00:00,2010-08-01 08:00:00,16,0.3033,0.29863563
2010-07-31 17:00:00,2010-08-01 09:00:00,17,0.30963334,0.29904154
2010-07-31 17:00:00,2010-08-01 10:00:00,18,0.29066667,0.29708722
2010-07-31 17:00:00,2010-08-01 11:00:00,19,0.33926666,0.2999564
2010-07-31 17:00:00,2010-08-01 12:00:00,20,0.2644,0.30292082
2010-07-31 17:00:00,2010-08-01 13:00:00,21,0.33103332,0.30837736
2010-07-31 17:00:00,2010-08-01 14:00:00,22,0.2915,0.30884722
2010-07-31 17:00:00,2010-08-01 15:00:00,23,0.31366667,0.3507641
2010-07-31 17:00:00,2010-08-01 16:00:00,24,0.6569,0.4117537
2010-08-01 17:00:00,2010-08-01 17:00:00,1,0.9184333,0.9664322
2010-08-01 17:00:00,2010-08-01 18:00:00,2,0.30323333,0.3070137
2010-08-01 17:00:00,2010-08-01 19:00:00,3,0.31216666,0.30099666
2010-08-01 17:00:00,2010-08-01 20:00:00,4,0.32836667,0.29826885
2010-08-01 17:00:00,2010-08-01 21:00:00,5,0.30546665,0.29893574
2010-08-01 17:00:00,2010-08-01 22:00:00,6,0.3077,0.300851
2010-08-01 17:00:00,2010-08-01 23:00:00,7,0.31223333,0.3016832
2010-08-01 17:00:00,2010-08-02 00:00:00,8,0.3015,0.3011821
2010-08-01 17:00:00,2010-08-02 01:00:00,9,0.25253335,0.30696127
2010-08-01 17:00:00,2010-08-02 02:00:00,10,0.31683335,0.3054181
2010-08-01 17:00:00,2010-08-02 03:00:00,11,0.27706668,0.3215322
2010-08-01 17:00:00,2010-08-02 04:00:00,12,0.70773333,0.68201643
2010-08-01 17:00:00,2010-08-02 05:00:00,13,0.86003333,0.82278085
2010-08-01 17:00:00,2010-08-02 06:00:00,14,0.3291,0.3084141
2010-08-01 17:00:00,2010-08-02 07:00:00,15,0.2859,0.3039145
2010-08-01 17:00:00,2010-08-02 08:00:00,16,0.31646666,0.30157727
2010-08-01 17:00:00,2010-08-02 09:00:00,17,0.32283333,0.2996329
2010-08-01 17:00:00,2010-08-02 10:00:00,18,0.27466667,0.29920226
2010-08-01 17:00:00,2010-08-02 11:00:00,19,0.33933333,0.29940683
2010-08-01 17:00:00,2010-08-02 12:00:00,20,0.27933332,0.29996586
2010-08-01 17:00:00,2010-08-02 13:00:00,21,0.32263333,0.30385298
2010-08-01 17:00:00,2010-08-02 14:00:00,22,0.29173332,0.3056808
2010-08-01 17:00:00,2010-08-02 15:00:00,23,0.33123332,0.32423952
2010-08-01 17:00:00,2010-08-02 16:00:00,24,0.7540333,0.4831177
2010-08-02 17:00:00,2010-08-02 17:00:00,1,0.7425333,0.8664802
2010-08-02 17:00:00,2010-08-02 18:00:00,2,0.31673333,0.31275696
2010-08-02 17:00:00,2010-08-02 19:00:00,3,0.30816665,0.3072632
2010-08-02 17:00:00,2010-08-02 20:00:00,4,0.3232,0.30859762
2010-08-02 17:00:00,2010-08-02 21:00:00,5,0.30696666,0.30791986
2010-08-02 17:00:00,2010-08-02 22:00:00,6,0.3078,0.30802232
2010-08-02 17:00:00,2010-08-02 23:00:00,7,0.28966665,0.30925223
2010-08-02 17:00:00,2010-08-03 00:00:00,8,0.32186666,0.30514425
2010-08-02 17:00:00,2010-08-03 01:00:00,9,0.2728,0.30789402
2010-08-02 17:00:00,2010-08-03 02:00:00,10,0.32066667,0.30820966
2010-08-02 17:00:00,2010-08-03 03:00:00,11,0.29013333,0.31580812
2010-08-02 17:00:00,2010-08-03 04:00:00,12,0.92356664,0.7811787
2010-08-02 17:00:00,2010-08-03 05:00:00,13,0.5683,0.853724
2010-08-02 17:00:00,2010-08-03 06:00:00,14,0.31893334,0.31068462
2010-08-02 17:00:00,2010-08-03 07:00:00,15,0.28266665,0.30738953
2010-08-02 17:00:00,2010-08-03 08:00:00,16,0.3582,0.30787474
2010-08-02 17:00:00,2010-08-03 09:00:00,17,0.41876668,0.30815983
2010-08-02 17:00:00,2010-08-03 10:00:00,18,0.38026667,0.30644476
2010-08-02 17:00:00,2010-08-03 11:00:00,19,0.39076668,0.3067841
2010-08-02 17:00:00,2010-08-03 12:00:00,20,0.3639,0.30571306
2010-08-02 17:00:00,2010-08-03 13:00:00,21,0.41583332,0.30659115
2010-08-02 17:00:00,2010-08-03 14:00:00,22,0.3883,0.30927622
2010-08-02 17:00:00,2010-08-03 15:00:00,23,0.42886665,0.31777644
2010-08-02 17:00:00,2010-08-03 16:00:00,24,1.3614,0.72777826
2010-08-03 17:00:00,2010-08-03 17:00:00,1,0.4335,0.8789005
2010-08-03 17:00:00,2010-08-03 18:00:00,2,0.3534,0.41393742
2010-08-03 17:00:00,2010-08-03 19:00:00,3,0.39443332,0.40699393
2010-08-03 17:00:00,2010-08-03 20:00:00,4,0.3806,0.4119116
2010-08-03 17:00:00,2010-08-03 21:00:00,5,0.2781,0.4117599
2010-08-03 17:00:00,2010-08-03 22:00:00,6,0.32203335,0.4112885
2010-08-03 17:00:00,2010-08-03 23:00:00,7,0.28623334,0.3944657
2010-08-03 17:00:00,2010-08-04 00:00:00,8,0.32286668,0.39509413
2010-08-03 17:00:00,2010-08-04 01:00:00,9,0.27,0.39146197
2010-08-03 17:00:00,2010-08-04 02:00:00,10,0.3335,0.40798005
2010-08-03 17:00:00,2010-08-04 03:00:00,11,0.33636665,0.41040716
2010-08-03 17:00:00,2010-08-04 04:00:00,12,1.1549333,1.1529613
2010-08-03 17:00:00,2010-08-04 05:00:00,13,0.32443333,0.7361036
2010-08-03 17:00:00,2010-08-04 06:00:00,14,0.2804,0.39280027
2010-08-03 17:00:00,2010-08-04 07:00:00,15,0.31623334,0.39189425
2010-08-03 17:00:00,2010-08-04 08:00:00,16,0.3183,0.4035657
2010-08-03 17:00:00,2010-08-04 09:00:00,17,0.30713335,0.4085094
2010-08-03 17:00:00,2010-08-04 10:00:00,18,0.28066668,0.402286
2010-08-03 17:00:00,2010-08-04 11:00:00,19,0.3258,0.39705524
2010-08-03 17:00:00,2010-08-04 12:00:00,20,0.25503334,0.39043382
2010-08-03 17:00:00,2010-08-04 13:00:00,21,0.2776,0.39784893
2010-08-03 17:00:00,2010-08-04 14:00:00,22,0.29463333,0.4003018
2010-08-03 17:00:00,2010-08-04 15:00:00,23,0.5886,0.41334045
2010-08-03 17:00:00,2010-08-04 16:00:00,24,0.9815,0.99202776
2010-08-04 17:00:00,2010-08-04 17:00:00,1,0.31696665,0.32615858
2010-08-04 17:00:00,2010-08-04 18:00:00,2,0.30726665,0.30794647
2010-08-04 17:00:00,2010-08-04 19:00:00,3,0.29206666,0.32420248
2010-08-04 17:00:00,2010-08-04 20:00:00,4,0.34266666,0.3223446
2010-08-04 17:00:00,2010-08-04 21:00:00,5,0.27226666,0.30508372
2010-08-04 17:00:00,2010-08-04 22:00:00,6,0.30326667,0.3089263
2010-08-04 17:00:00,2010-08-04 23:00:00,7,0.25343335,0.30655646
2010-08-04 17:00:00,2010-08-05 00:00:00,8,0.30866668,0.30410635
2010-08-04 17:00:00,2010-08-05 01:00:00,9,0.27283335,0.29123533
2010-08-04 17:00:00,2010-08-05 02:00:00,10,0.32726666,0.32287383
2010-08-04 17:00:00,2010-08-05 03:00:00,11,0.6917,0.49108016
2010-08-04 17:00:00,2010-08-05 04:00:00,12,0.8628333,0.95443237
2010-08-04 17:00:00,2010-08-05 05:00:00,13,0.31463334,0.31016096
2010-08-04 17:00:00,2010-08-05 06:00:00,14,0.2312,0.30687454
2010-08-04 17:00:00,2010-08-05 07:00:00,15,0.29983333,0.31860635
2010-08-04 17:00:00,2010-08-05 08:00:00,16,0.29883334,0.31608567
2010-08-04 17:00:00,2010-08-05 09:00:00,17,0.31893334,0.30926162
2010-08-04 17:00:00,2010-08-05 10:00:00,18,0.27256668,0.3072288
2010-08-04 17:00:00,2010-08-05 11:00:00,19,0.27756667,0.30590522
2010-08-04 17:00:00,2010-08-05 12:00:00,20,0.2622,0.30130053
2010-08-04 17:00:00,2010-08-05 13:00:00,21,0.31456667,0.30456582
2010-08-04 17:00:00,2010-08-05 14:00:00,22,0.2877,0.31704918
2010-08-04 17:00:00,2010-08-05 15:00:00,23,0.9668667,0.59422815
2010-08-04 17:00:00,2010-08-05 16:00:00,24,0.53653336,0.7522445
2010-08-05 17:00:00,2010-08-05 17:00:00,1,0.3036,0.3041596
2010-08-05 17:00:00,2010-08-05 18:00:00,2,0.3042,0.29449975
2010-08-05 17:00:00,2010-08-05 19:00:00,3,0.28536665,0.30015707
2010-08-05 17:00:00,2010-08-05 20:00:00,4,0.33566666,0.30533955
2010-08-05 17:00:00,2010-08-05 21:00:00,5,0.20853333,0.30253792
2010-08-05 17:00:00,2010-08-05 22:00:00,6,0.3188,0.30044982
2010-08-05 17:00:00,2010-08-05 23:00:00,7,0.29036668,0.29604632
2010-08-05 17:00:00,2010-08-06 00:00:00,8,0.29856667,0.30006376
2010-08-05 17:00:00,2010-08-06 01:00:00,9,0.28073335,0.3018718
2010-08-05 17:00:00,2010-08-06 02:00:00,10,0.2885,0.33182523
2010-08-05 17:00:00,2010-08-06 03:00:00,11,1.2259,0.9797101
2010-08-05 17:00:00,2010-08-06 04:00:00,12,0.30693334,0.3880168
2010-08-05 17:00:00,2010-08-06 05:00:00,13,0.2978,0.30185205
2010-08-05 17:00:00,2010-08-06 06:00:00,14,0.28183332,0.2933084
2010-08-05 17:00:00,2010-08-06 07:00:00,15,0.2632,0.30715922
2010-08-05 17:00:00,2010-08-06 08:00:00,16,0.275,0.30415204
2010-08-05 17:00:00,2010-08-06 09:00:00,17,0.2968,0.30836472
2010-08-05 17:00:00,2010-08-06 10:00:00,18,0.27463335,0.29675046
2010-08-05 17:00:00,2010-08-06 11:00:00,19,0.3009,0.29697374
2010-08-05 17:00:00,2010-08-06 12:00:00,20,0.2164,0.29880866
2010-08-05 17:00:00,2010-08-06 13:00:00,21,0.32413334,0.30765757
2010-08-05 17:00:00,2010-08-06 14:00:00,22,0.59786665,0.45626783
2010-08-05 17:00:00,2010-08-06 15:00:00,23,0.9192333,0.9742496
2010-08-05 17:00:00,2010-08-06 16:00:00,24,0.26703334,0.31530586
2010-08-06 17:00:00,2010-08-06 17:00:00,1,0.30326667,0.29459453
2010-08-06 17:00:00,2010-08-06 18:00:00,2,0.2873,0.29480338
2010-08-06 17:00:00,2010-08-06 19:00:00,3,0.2997,0.27803168
2010-08-06 17:00:00,2010-08-06 20:00:00,4,0.2709,0.297025
2010-08-06 17:00:00,2010-08-06 21:00:00,5,0.2672,0.28119382
2010-08-06 17:00:00,2010-08-06 22:00:00,6,0.33063334,0.29438215
2010-08-06 17:00:00,2010-08-06 23:00:00,7,0.2713,0.28793156
2010-08-06 17:00:00,2010-08-07 00:00:00,8,0.2987,0.28530568
2010-08-06 17:00:00,2010-08-07 01:00:00,9,0.23376666,0.29347348
2010-08-06 17:00:00,2010-08-07 02:00:00,10,0.9127667,0.822166
2010-08-06 17:00:00,2010-08-07 03:00:00,11,0.6713,0.82040507
2010-08-06 17:00:00,2010-08-07 04:00:00,12,0.3227,0.27636328
2010-08-06 17:00:00,2010-08-07 05:00:00,13,0.2813,0.29807106
2010-08-06 17:00:00,2010-08-07 06:00:00,14,0.23513333,0.29231456
2010-08-06 17:00:00,2010-08-07 07:00:00,15,0.306,0.29187316
2010-08-06 17:00:00,2010-08-07 08:00:00,16,0.29493332,0.29070666
2010-08-06 17:00:00,2010-08-07 09:00:00,17,0.30623335,0.29170597
2010-08-06 17:00:00,2010-08-07 10:00:00,18,0.22626667,0.2903147
2010-08-06 17:00:00,2010-08-07 11:00:00,19,0.30646667,0.28780997
2010-08-06 17:00:00,2010-08-07 12:00:00,20,0.2575,0.28250524
2010-08-06 17:00:00,2010-08-07 13:00:00,21,0.3364,0.3180132
2010-08-06 17:00:00,2010-08-07 14:00:00,22,0.8581333,0.99114466
2010-08-06 17:00:00,2010-08-07 15:00:00,23,0.61983335,0.4804632
2010-08-06 17:00:00,2010-08-07 16:00:00,24,0.2899,0.28342298
2010-08-07 17:00:00,2010-08-07 17:00:00,1,0.2991,0.29375035
2010-08-07 17:00:00,2010-08-07 18:00:00,2,0.2804,0.2885551
2010-08-07 17:00:00,2010-08-07 19:00:00,3,0.33936667,0.28643173
2010-08-07 17:00:00,2010-08-07 20:00:00,4,0.2285,0.3021059
2010-08-07 17:00:00,2010-08-07 21:00:00,5,0.29926667,0.28194928
2010-08-07 17:00:00,2010-08-07 22:00:00,6,0.3097,0.29532266
2010-08-07 17:00:00,2010-08-07 23:00:00,7,0.2776,0.2731142
2010-08-07 17:00:00,2010-08-08 00:00:00,8,0.31726667,0.29728425
2010-08-07 17:00:00,2010-08-08 01:00:00,9,0.285,0.29974243
2010-08-07 17:00:00,2010-08-08 02:00:00,10,1.1826333,0.9953743
2010-08-07 17:00:00,2010-08-08 03:00:00,11,0.32003334,0.40762094
2010-08-07 17:00:00,2010-08-08 04:00:00,12,0.3169,0.29536366
2010-08-07 17:00:00,2010-08-08 05:00:00,13,0.27016667,0.29591104
2010-08-07 17:00:00,2010-08-08 06:00:00,14,0.32046667,0.28732675
2010-08-07 17:00:00,2010-08-08 07:00:00,15,0.2682,0.29687873
2010-08-07 17:00:00,2010-08-08 08:00:00,16,0.2649,0.2890575
2010-08-07 17:00:00,2010-08-08 09:00:00,17,0.29023334,0.29398796
2010-08-07 17:00:00,2010-08-08 10:00:00,18,0.31863335,0.2882238
2010-08-07 17:00:00,2010-08-08 11:00:00,19,0.27706668,0.28765547
2010-08-07 17:00:00,2010-08-08 12:00:00,20,0.24223334,0.28706017
2010-08-07 17:00:00,2010-08-08 13:00:00,21,0.5302333,0.48548138
2010-08-07 17:00:00,2010-08-08 14:00:00,22,1.0143,0.9575224
2010-08-07 17:00:00,2010-08-08 15:00:00,23,0.31326666,0.3319808
2010-08-07 17:00:00,2010-08-08 16:00:00,24,0.23006667,0.29921913
2010-08-08 17:00:00,2010-08-08 17:00:00,1,0.29296666,0.29532483
2010-08-08 17:00:00,2010-08-08 18:00:00,2,0.2939,0.2892745
2010-08-08 17:00:00,2010-08-08 19:00:00,3,0.3342,0.2884723
2010-08-08 17:00:00,2010-08-08 20:00:00,4,0.20953333,0.28470322
2010-08-08 17:00:00,2010-08-08 21:00:00,5,0.3331,0.28773725
2010-08-08 17:00:00,2010-08-08 22:00:00,6,0.26913333,0.28946966
2010-08-08 17:00:00,2010-08-08 23:00:00,7,0.31323335,0.28169647
2010-08-08 17:00:00,2010-08-09 00:00:00,8,0.28296667,0.2957105
2010-08-08 17:00:00,2010-08-09 01:00:00,9,0.8472667,0.52101123
2010-08-08 17:00:00,2010-08-09 02:00:00,10,0.6601667,0.9744328
2010-08-08 17:00:00,2010-08-09 03:00:00,11,0.3196,0.27427572
2010-08-08 17:00:00,2010-08-09 04:00:00,12,0.2963,0.2952428
2010-08-08 17:00:00,2010-08-09 05:00:00,13,0.28513333,0.28404793
2010-08-08 17:00:00,2010-08-09 06:00:00,14,0.31776667,0.30319253
2010-08-08 17:00:00,2010-08-09 07:00:00,15,0.29216668,0.28627586
2010-08-08 17:00:00,2010-08-09 08:00:00,16,0.2481,0.2858992
2010-08-08 17:00:00,2010-08-09 09:00:00,17,0.3048,0.2963717
2010-08-08 17:00:00,2010-08-09 10:00:00,18,0.29813334,0.28494284
2010-08-08 17:00:00,2010-08-09 11:00:00,19,0.27546668,0.28728646
2010-08-08 17:00:00,2010-08-09 12:00:00,20,0.33303332,0.28853026
2010-08-08 17:00:00,2010-08-09 13:00:00,21,1.0964667,0.9773098
2010-08-08 17:00:00,2010-08-09 14:00:00,22,0.39423335,0.57458127
2010-08-08 17:00:00,2010-08-09 15:00:00,23,0.2846,0.28711802
2010-08-08 17:00:00,2010-08-09 16:00:00,24,0.32086667,0.29081616
2010-08-09 17:00:00,2010-08-09 17:00:00,1,0.2699,0.2950632
2010-08-09 17:00:00,2010-08-09 18:00:00,2,0.30223334,0.29473662
2010-08-09 17:00:00,2010-08-09 19:00:00,3,0.2678,0.2817669
2010-08-09 17:00:00,2010-08-09 20:00:00,4,0.3088,0.28935447
2010-08-09 17:00:00,2010-08-09 21:00:00,5,0.30813333,0.2999886
2010-08-09 17:00:00,2010-08-09 22:00:00,6,0.31356665,0.29112655
2010-08-09 17:00:00,2010-08-09 23:00:00,7,0.29023334,0.285583
2010-08-09 17:00:00,2010-08-10 00:00:00,8,0.35376668,0.43533772
2010-08-09 17:00:00,2010-08-10 01:00:00,9,1.249,1.0641959
2010-08-09 17:00:00,2010-08-10 02:00:00,10,0.29036668,0.32447165
2010-08-09 17:00:00,2010-08-10 03:00:00,11,0.26193333,0.29271656
2010-08-09 17:00:00,2010-08-10 04:00:00,12,0.2945,0.2901343
2010-08-09 17:00:00,2010-08-10 05:00:00,13,0.31373334,0.2887112
2010-08-09 17:00:00,2010-08-10 06:00:00,14,0.2842,0.30999887
2010-08-09 17:00:00,2010-08-10 07:00:00,15,0.33316666,0.2762972
2010-08-09 17:00:00,2010-08-10 08:00:00,16,0.25796667,0.2940341
2010-08-09 17:00:00,2010-08-10 09:00:00,17,0.33896667,0.28948328
2010-08-09 17:00:00,2010-08-10 10:00:00,18,0.25873333,0.29183522
2010-08-09 17:00:00,2010-08-10 11:00:00,19,0.2742,0.29537687
2010-08-09 17:00:00,2010-08-10 12:00:00,20,0.4379,0.6286396
2010-08-09 17:00:00,2010-08-10 13:00:00,21,1.1548667,0.9336302
2010-08-09 17:00:00,2010-08-10 14:00:00,22,0.2911,0.29102692
2010-08-09 17:00:00,2010-08-10 15:00:00,23,0.30036667,0.3002977
2010-08-09 17:00:00,2010-08-10 16:00:00,24,0.3249,0.29272264
2010-08-10 17:00:00,2010-08-10 17:00:00,1,0.2845,0.2912537
2010-08-10 17:00:00,2010-08-10 18:00:00,2,0.32233334,0.29031277
2010-08-10 17:00:00,2010-08-10 19:00:00,3,0.26203334,0.28257114
2010-08-10 17:00:00,2010-08-10 20:00:00,4,0.2997,0.30342168
2010-08-10 17:00:00,2010-08-10 21:00:00,5,0.2843,0.29758966
2010-08-10 17:00:00,2010-08-10 22:00:00,6,0.3303,0.30069947
2010-08-10 17:00:00,2010-08-10 23:00:00,7,0.27646667,0.2806515
2010-08-10 17:00:00,2010-08-11 00:00:00,8,0.43663332,0.9459083
2010-08-10 17:00:00,2010-08-11 01:00:00,9,1.1349334,0.6283288
2010-08-10 17:00:00,2010-08-11 02:00:00,10,0.3216,0.28831887
2010-08-10 17:00:00,2010-08-11 03:00:00,11,0.27576667,0.29488093
2010-08-10 17:00:00,2010-08-11 04:00:00,12,0.327,0.29418048
2010-08-10 17:00:00,2010-08-11 05:00:00,13,0.24113333,0.2915132
2010-08-10 17:00:00,2010-08-11 06:00:00,14,0.2839,0.29353565
2010-08-10 17:00:00,2010-08-11 07:00:00,15,0.3261,0.29270914
2010-08-10 17:00:00,2010-08-11 08:00:00,16,0.28256667,0.29685375
2010-08-10 17:00:00,2010-08-11 09:00:00,17,0.3212,0.29267362
2010-08-10 17:00:00,2010-08-11 10:00:00,18,0.2798,0.28933024
2010-08-10 17:00:00,2010-08-11 11:00:00,19,0.3235,0.30646443
2010-08-10 17:00:00,2010-08-11 12:00:00,20,0.48443332,1.058943
2010-08-10 17:00:00,2010-08-11 13:00:00,21,1.0255667,0.47377494
2010-08-10 17:00:00,2010-08-11 14:00:00,22,0.2878,0.28564978
2010-08-10 17:00:00,2010-08-11 15:00:00,23,0.30076668,0.29986492
2010-08-10 17:00:00,2010-08-11 16:00:00,24,0.28646666,0.29580623
2010-08-11 17:00:00,2010-08-11 17:00:00,1,0.3285,0.296234
2010-08-11 17:00:00,2010-08-11 18:00:00,2,0.2832,0.29047433
2010-08-11 17:00:00,2010-08-11 19:00:00,3,0.31893334,0.2892958
2010-08-11 17:00:00,2010-08-11 20:00:00,4,0.25766668,0.30182788
2010-08-11 17:00:00,2010-08-11 21:00:00,5,0.29546666,0.29438
2010-08-11 17:00:00,2010-08-11 22:00:00,6,0.31416667,0.2973496
2010-08-11 17:00:00,2010-08-11 23:00:00,7,0.29626667,0.29079938
2010-08-11 17:00:00,2010-08-12 00:00:00,8,0.6167333,0.9609467
2010-08-11 17:00:00,2010-08-12 01:00:00,9,0.9415,0.6028277
2010-08-11 17:00:00,2010-08-12 02:00:00,10,0.27763334,0.29294604
2010-08-11 17:00:00,2010-08-12 03:00:00,11,0.27013335,0.29442888
2010-08-11 17:00:00,2010-08-12 04:00:00,12,0.3089,0.29514402
2010-08-11 17:00:00,2010-08-12 05:00:00,13,0.2886,0.29091558
2010-08-11 17:00:00,2010-08-12 06:00:00,14,0.31153333,0.2931891
2010-08-11 17:00:00,2010-08-12 07:00:00,15,0.28036666,0.2940728
2010-08-11 17:00:00,2010-08-12 08:00:00,16,0.25986665,0.2950185
2010-08-11 17:00:00,2010-08-12 09:00:00,17,0.30693334,0.29957998
2010-08-11 17:00:00,2010-08-12 10:00:00,18,0.2762,0.29249963
2010-08-11 17:00:00,2010-08-12 11:00:00,19,0.3204,0.3046947
2010-08-11 17:00:00,2010-08-12 12:00:00,20,0.7539333,1.0182292
2010-08-11 17:00:00,2010-08-12 13:00:00,21,0.7424,0.47160935
2010-08-11 17:00:00,2010-08-12 14:00:00,22,0.2872,0.29200703
2010-08-11 17:00:00,2010-08-12 15:00:00,23,0.3151,0.29543075
2010-08-11 17:00:00,2010-08-12 16:00:00,24,0.2699,0.2939638
2010-08-12 17:00:00,2010-08-12 17:00:00,1,0.3038,0.32935482
2010-08-12 17:00:00,2010-08-12 18:00:00,2,0.24606666,0.2850855
2010-08-12 17:00:00,2010-08-12 19:00:00,3,0.31096667,0.29535118
2010-08-12 17:00:00,2010-08-12 20:00:00,4,0.30546665,0.28070065
2010-08-12 17:00:00,2010-08-12 21:00:00,5,0.31286666,0.30599487
2010-08-12 17:00:00,2010-08-12 22:00:00,6,0.26143333,0.29202113
2010-08-12 17:00:00,2010-08-12 23:00:00,7,0.26036668,0.31139794
2010-08-12 17:00:00,2010-08-13 00:00:00,8,1.0248667,1.018173
2010-08-12 17:00:00,2010-08-13 01:00:00,9,0.5477667,0.4761507
2010-08-12 17:00:00,2010-08-13 02:00:00,10,0.3143,0.28909308
2010-08-12 17:00:00,2010-08-13 03:00:00,11,0.22713333,0.29975343
2010-08-12 17:00:00,2010-08-13 04:00:00,12,0.31073335,0.2978512
2010-08-12 17:00:00,2010-08-13 05:00:00,13,0.26273334,0.29865637
2010-08-12 17:00:00,2010-08-13 06:00:00,14,0.3305,0.29056826
2010-08-12 17:00:00,2010-08-13 07:00:00,15,0.26916668,0.2886405
2010-08-12 17:00:00,2010-08-13 08:00:00,16,0.25376666,0.28717554
2010-08-12 17:00:00,2010-08-13 09:00:00,17,0.31453332,0.3000537
2010-08-12 17:00:00,2010-08-13 10:00:00,18,0.276,0.29090095
2010-08-12 17:00:00,2010-08-13 11:00:00,19,0.3081,0.34362587
2010-08-12 17:00:00,2010-08-13 12:00:00,20,1.1694,1.0025809
2010-08-12 17:00:00,2010-08-13 13:00:00,21,0.34083334,0.32205287
2010-08-12 17:00:00,2010-08-13 14:00:00,22,0.25533333,0.29640782
2010-08-12 17:00:00,2010-08-13 15:00:00,23,0.3295,0.30247426
2010-08-12 17:00:00,2010-08-13 16:00:00,24,0.2618,0.29412362
2010-08-13 17:00:00,2010-08-13 17:00:00,1,0.2516,0.3016109
2010-08-13 17:00:00,2010-08-13 18:00:00,2,0.3005,0.28280064
2010-08-13 17:00:00,2010-08-13 19:00:00,3,0.29653335,0.28207135
2010-08-13 17:00:00,2010-08-13 20:00:00,4,0.2919,0.27794582
2010-08-13 17:00:00,2010-08-13 21:00:00,5,0.25283334,0.31346753
2010-08-13 17:00:00,2010-08-13 22:00:00,6,0.30193335,0.27532238
2010-08-13 17:00:00,2010-08-13 23:00:00,7,0.41313332,0.3843347
2010-08-13 17:00:00,2010-08-14 00:00:00,8,1.1578,1.0788119
2010-08-13 17:00:00,2010-08-14 01:00:00,9,0.2223,0.31371605
2010-08-13 17:00:00,2010-08-14 02:00:00,10,0.2961,0.28128722
2010-08-13 17:00:00,2010-08-14 03:00:00,11,0.283,0.29023385
2010-08-13 17:00:00,2010-08-14 04:00:00,12,0.3174,0.29342502
2010-08-13 17:00:00,2010-08-14 05:00:00,13,0.20033333,0.28273064
2010-08-13 17:00:00,2010-08-14 06:00:00,14,0.3201,0.29397514
2010-08-13 17:00:00,2010-08-14 07:00:00,15,0.26793334,0.2821892
2010-08-13 17:00:00,2010-08-14 08:00:00,16,0.3123,0.28168017
2010-08-13 17:00:00,2010-08-14 09:00:00,17,0.21163334,0.30049643
2010-08-13 17:00:00,2010-08-14 10:00:00,18,0.31903332,0.2810327
2010-08-13 17:00:00,2010-08-14 11:00:00,19,0.7287,0.5563491
2010-08-13 17:00:00,2010-08-14 12:00:00,20,0.7658333,0.9426988
2010-08-13 17:00:00,2010-08-14 13:00:00,21,0.29586667,0.28657237
2010-08-13 17:00:00,2010-08-14 14:00:00,22,0.27933332,0.28384924
2010-08-13 17:00:00,2010-08-14 15:00:00,23,0.2941,0.29734653
2010-08-13 17:00:00,2010-08-14 16:00:00,24,0.2379,0.2878592
2010-08-14 17:00:00,2010-08-14 17:00:00,1,0.2874,0.28165603
2010-08-14 17:00:00,2010-08-14 18:00:00,2,0.2868,0.29341668
2010-08-14 17:00:00,2010-08-14 19:00:00,3,0.27193335,0.2779595
2010-08-14 17:00:00,2010-08-14 20:00:00,4,0.2736,0.28264883
2010-08-14 17:00:00,2010-08-14 21:00:00,5,0.30383334,0.2693068
2010-08-14 17:00:00,2010-08-14 22:00:00,6,0.29023334,0.29513645
2010-08-14 17:00:00,2010-08-14 23:00:00,7,1.0143666,0.90637445
2010-08-14 17:00:00,2010-08-15 00:00:00,8,0.47656667,0.6153292
2010-08-14 17:00:00,2010-08-15 01:00:00,9,0.3296,0.27582738
2010-08-14 17:00:00,2010-08-15 02:00:00,10,0.25833333,0.2942189
2010-08-14 17:00:00,2010-08-15 03:00:00,11,0.252,0.28534287
2010-08-14 17:00:00,2010-08-15 04:00:00,12,0.28223333,0.27633327
2010-08-14 17:00:00,2010-08-15 05:00:00,13,0.30906665,0.27407712
2010-08-14 17:00:00,2010-08-15 06:00:00,14,0.26486668,0.2954693
2010-08-14 17:00:00,2010-08-15 07:00:00,15,0.26443332,0.27655408
2010-08-14 17:00:00,2010-08-15 08:00:00,16,0.28026667,0.2833623
2010-08-14 17:00:00,2010-08-15 09:00:00,17,0.294,0.2690556
2010-08-14 17:00:00,2010-08-15 10:00:00,18,0.34773332,0.34539852
2010-08-14 17:00:00,2010-08-15 11:00:00,19,1.2265667,0.9789771
2010-08-14 17:00:00,2010-08-15 12:00:00,20,0.29006666,0.3741836
2010-08-14 17:00:00,2010-08-15 13:00:00,21,0.3015,0.29049042
2010-08-14 17:00:00,2010-08-15 14:00:00,22,0.99833333,0.29346058
2010-08-14 17:00:00,2010-08-15 15:00:00,23,0.4085,0.28133377
2010-08-14 17:00:00,2010-08-15 16:00:00,24,1.8561,0.26443815
2010-08-15 17:00:00,2010-08-15 17:00:00,1,1.9023,0.4854489
2010-08-15 17:00:00,2010-08-15 18:00:00,2,2.1767,0.34260154
2010-08-15 17:00:00,2010-08-15 19:00:00,3,0.9298667,0.31685418
2010-08-15 17:00:00,2010-08-15 20:00:00,4,1.2045,0.3109411
2010-08-15 17:00:00,2010-08-15 21:00:00,5,0.9719667,0.31761396
2010-08-15 17:00:00,2010-08-15 22:00:00,6,1.4498667,0.37919423
2010-08-15 17:00:00,2010-08-15 23:00:00,7,0.5244,0.8128755
2010-08-15 17:00:00,2010-08-16 00:00:00,8,0.29763332,0.31506753
2010-08-15 17:00:00,2010-08-16 01:00:00,9,0.33293334,0.30808502
2010-08-15 17:00:00,2010-08-16 02:00:00,10,0.26386666,0.3064676
2010-08-15 17:00:00,2010-08-16 03:00:00,11,0.30246666,0.3002317
2010-08-15 17:00:00,2010-08-16 04:00:00,12,0.31856668,0.3191228
2010-08-15 17:00:00,2010-08-16 05:00:00,13,0.3097,0.3003635
2010-08-15 17:00:00,2010-08-16 06:00:00,14,0.2612,0.29912588
2010-08-15 17:00:00,2010-08-16 07:00:00,15,0.9650667,0.29645738
2010-08-15 17:00:00,2010-08-16 08:00:00,16,1.5165666,0.30146417
2010-08-15 17:00:00,2010-08-16 09:00:00,17,1.3763334,0.30048433
2010-08-15 17:00:00,2010-08-16 10:00:00,18,1.3420334,0.37581214
2010-08-15 17:00:00,2010-08-16 11:00:00,19,0.2498,0.7516521
2010-08-15 17:00:00,2010-08-16 12:00:00,20,0.48273334,0.3036995
2010-08-15 17:00:00,2010-08-16 13:00:00,21,0.7548,0.303328
2010-08-15 17:00:00,2010-08-16 14:00:00,22,0.8666,0.30554032
2010-08-15 17:00:00,2010-08-16 15:00:00,23,0.3209,0.29595608
2010-08-15 17:00:00,2010-08-16 16:00:00,24,0.8527333,0.3144359
2010-08-16 17:00:00,2010-08-16 17:00:00,1,0.67123336,0.44960004
2010-08-16 17:00:00,2010-08-16 18:00:00,2,0.74383336,0.40766898
2010-08-16 17:00:00,2010-08-16 19:00:00,3,1.0497333,0.41437858
2010-08-16 17:00:00,2010-08-16 20:00:00,4,1.4753333,0.647784
2010-08-16 17:00:00,2010-08-16 21:00:00,5,1.2868333,0.6748233
2010-08-16 17:00:00,2010-08-16 22:00:00,6,1.5521667,0.6969359
2010-08-16 17:00:00,2010-08-16 23:00:00,7,1.2357666,0.3684744
2010-08-16 17:00:00,2010-08-17 00:00:00,8,1.0600667,0.3555009
2010-08-16 17:00:00,2010-08-17 01:00:00,9,1.0796334,0.35300335
2010-08-16 17:00:00,2010-08-17 02:00:00,10,0.8246667,0.34371823
2010-08-16 17:00:00,2010-08-17 03:00:00,11,0.7446667,0.33566672
2010-08-16 17:00:00,2010-08-17 04:00:00,12,0.8127667,0.32943267
2010-08-16 17:00:00,2010-08-17 05:00:00,13,0.8006,0.33385673
2010-08-16 17:00:00,2010-08-17 06:00:00,14,0.75306666,0.33938298
2010-08-16 17:00:00,2010-08-17 07:00:00,15,1.0798666,0.3410989
2010-08-16 17:00:00,2010-08-17 08:00:00,16,1.1409667,0.36893293
2010-08-16 17:00:00,2010-08-17 09:00:00,17,1.8965334,0.7804398
2010-08-16 17:00:00,2010-08-17 10:00:00,18,1.3446333,0.3653552
2010-08-16 17:00:00,2010-08-17 11:00:00,19,0.77853334,0.33846733
2010-08-16 17:00:00,2010-08-17 12:00:00,20,0.29106668,0.33445054
2010-08-16 17:00:00,2010-08-17 13:00:00,21,0.41823334,0.34482184
2010-08-16 17:00:00,2010-08-17 14:00:00,22,0.33716667,0.33002478
2010-08-16 17:00:00,2010-08-17 15:00:00,23,0.35816666,0.32998472
2010-08-16 17:00:00,2010-08-17 16:00:00,24,0.7672333,0.3259878
2010-08-30 17:00:00,2010-08-30 17:00:00,1,0.3625,1.6784289
2010-08-30 17:00:00,2010-08-30 18:00:00,2,0.33123332,1.7653623
2010-08-30 17:00:00,2010-08-30 19:00:00,3,1.1589,1.623964
2010-08-30 17:00:00,2010-08-30 20:00:00,4,0.8696333,1.4372723
2010-08-30 17:00:00,2010-08-30 21:00:00,5,2.2422333,1.3861398
2010-08-30 17:00:00,2010-08-30 22:00:00,6,1.1637666,1.1193845
2010-08-30 17:00:00,2010-08-30 23:00:00,7,0.5701,0.7681061
2010-08-30 17:00:00,2010-08-31 00:00:00,8,0.40176666,0.65418166
2010-08-30 17:00:00,2010-08-31 01:00:00,9,0.36636665,0.41204724
2010-08-30 17:00:00,2010-08-31 02:00:00,10,0.31963333,0.38813126
2010-08-30 17:00:00,2010-08-31 03:00:00,11,0.29553333,0.36895007
2010-08-30 17:00:00,2010-08-31 04:00:00,12,1.0354333,0.39582545
2010-08-30 17:00:00,2010-08-31 05:00:00,13,0.3288,0.4781855
2010-08-30 17:00:00,2010-08-31 06:00:00,14,0.24463333,0.36160016
2010-08-30 17:00:00,2010-08-31 07:00:00,15,0.5892,0.48298666
2010-08-30 17:00:00,2010-08-31 08:00:00,16,1.5327667,0.98246306
2010-08-30 17:00:00,2010-08-31 09:00:00,17,1.4823667,1.0667541
2010-08-30 17:00:00,2010-08-31 10:00:00,18,1.1666334,1.0119613
2010-08-30 17:00:00,2010-08-31 11:00:00,19,1.5806667,1.301933
2010-08-30 17:00:00,2010-08-31 12:00:00,20,1.2884667,1.59953
2010-08-30 17:00:00,2010-08-31 13:00:00,21,1.0535667,1.6170692
2010-08-30 17:00:00,2010-08-31 14:00:00,22,0.8699333,1.6553261
2010-08-30 17:00:00,2010-08-31 15:00:00,23,0.61303335,1.4890314
2010-08-30 17:00:00,2010-08-31 16:00:00,24,0.75423336,1.1051902
2010-08-31 17:00:00,2010-08-31 17:00:00,1,1.4517334,0.8072095
2010-08-31 17:00:00,2010-08-31 18:00:00,2,1.7887,1.1623666
2010-08-31 17:00:00,2010-08-31 19:00:00,3,1.3791,1.2381105
2010-08-31 17:00:00,2010-08-31 20:00:00,4,1.8193667,1.1980196
2010-08-31 17:00:00,2010-08-31 21:00:00,5,1.1395667,1.5170648
2010-08-31 17:00:00,2010-08-31 22:00:00,6,0.688,1.2064015
2010-08-31 17:00:00,2010-08-31 23:00:00,7,0.56226665,0.63031054
2010-08-31 17:00:00,2010-09-01 00:00:00,8,0.3771,0.40404475
2010-08-31 17:00:00,2010-09-01 01:00:00,9,0.28913334,0.38214684
2010-08-31 17:00:00,2010-09-01 02:00:00,10,0.34016666,0.3635413
2010-08-31 17:00:00,2010-09-01 03:00:00,11,0.30213332,0.36059582
2010-08-31 17:00:00,2010-09-01 04:00:00,12,0.8031667,0.37038904
2010-08-31 17:00:00,2010-09-01 05:00:00,13,0.31053334,0.3716414
2010-08-31 17:00:00,2010-09-01 06:00:00,14,0.4614,0.3577559
2010-08-31 17:00:00,2010-09-01 07:00:00,15,0.98403335,0.4712192
2010-08-31 17:00:00,2010-09-01 08:00:00,16,1.4570667,0.9732188
2010-08-31 17:00:00,2010-09-01 09:00:00,17,0.8423667,0.8609004
2010-08-31 17:00:00,2010-09-01 10:00:00,18,1.9099333,0.39019537
2010-08-31 17:00:00,2010-09-01 11:00:00,19,2.1177332,0.44004267
2010-08-31 17:00:00,2010-09-01 12:00:00,20,1.6747333,0.5265894
2010-08-31 17:00:00,2010-09-01 13:00:00,21,1.6333,0.3920064
2010-08-31 17:00:00,2010-09-01 14:00:00,22,1.7136333,0.3856228
2010-08-31 17:00:00,2010-09-01 15:00:00,23,1.4292333,0.38328588
2010-08-31 17:00:00,2010-09-01 16:00:00,24,1.3891667,0.3775084
2010-09-01 17:00:00,2010-09-01 17:00:00,1,1.4856334,1.3341596
2010-09-01 17:00:00,2010-09-01 18:00:00,2,0.5392333,1.297356
2010-09-01 17:00:00,2010-09-01 19:00:00,3,0.54943335,1.284424
2010-09-01 17:00:00,2010-09-01 20:00:00,4,1.8614334,1.2535377
2010-09-01 17:00:00,2010-09-01 21:00:00,5,2.5369,1.151221
2010-09-01 17:00:00,2010-09-01 22:00:00,6,1.1801333,0.85468566
2010-09-01 17:00:00,2010-09-01 23:00:00,7,0.3677,0.6323587
2010-09-01 17:00:00,2010-09-02 00:00:00,8,0.33306667,0.49125427
2010-09-01 17:00:00,2010-09-02 01:00:00,9,0.3055,0.38399154
2010-09-01 17:00:00,2010-09-02 02:00:00,10,0.3466,0.38273573
2010-09-01 17:00:00,2010-09-02 03:00:00,11,0.2548,0.38083935
2010-09-01 17:00:00,2010-09-02 04:00:00,12,0.33983332,0.36412007
2010-09-01 17:00:00,2010-09-02 05:00:00,13,0.30093333,0.37393868
2010-09-01 17:00:00,2010-09-02 06:00:00,14,1.0378667,0.36683452
2010-09-01 17:00:00,2010-09-02 07:00:00,15,0.7744333,0.6628084
2010-09-01 17:00:00,2010-09-02 08:00:00,16,1.5999334,1.0547928
2010-09-01 17:00:00,2010-09-02 09:00:00,17,1.6337334,1.0078987
2010-09-01 17:00:00,2010-09-02 10:00:00,18,1.7061,0.98503864
2010-09-01 17:00:00,2010-09-02 11:00:00,19,1.6545334,1.2072221
2010-09-01 17:00:00,2010-09-02 12:00:00,20,1.5187666,1.3041861
2010-09-01 17:00:00,2010-09-02 13:00:00,21,1.36,1.1605324
2010-09-01 17:00:00,2010-09-02 14:00:00,22,1.4055333,1.1405612
2010-09-01 17:00:00,2010-09-02 15:00:00,23,0.8876333,0.9739354
2010-09-01 17:00:00,2010-09-02 16:00:00,24,0.33906665,0.88309675
2010-09-02 17:00:00,2010-09-02 17:00:00,1,0.4942,0.7422669
2010-09-02 17:00:00,2010-09-02 18:00:00,2,0.72616667,1.0736598
2010-09-02 17:00:00,2010-09-02 19:00:00,3,0.68086666,1.2905855
2010-09-02 17:00:00,2010-09-02 20:00:00,4,2.4065,1.5862508
2010-09-02 17:00:00,2010-09-02 21:00:00,5,1.5888333,1.5335605
2010-09-02 17:00:00,2010-09-02 22:00:00,6,0.91643333,0.9969569
2010-09-02 17:00:00,2010-09-02 23:00:00,7,0.59686667,0.5062311
2010-09-02 17:00:00,2010-09-03 00:00:00,8,0.39016667,0.4073295
2010-09-02 17:00:00,2010-09-03 01:00:00,9,0.345,0.34998995
2010-09-02 17:00:00,2010-09-03 02:00:00,10,0.34546667,0.330724
2010-09-02 17:00:00,2010-09-03 03:00:00,11,0.4543,0.32708633
2010-09-02 17:00:00,2010-09-03 04:00:00,12,0.6939333,0.33700943
2010-09-02 17:00:00,2010-09-03 05:00:00,13,0.95563334,0.35598361
2010-09-02 17:00:00,2010-09-03 06:00:00,14,0.9327667,0.4139542
2010-09-02 17:00:00,2010-09-03 07:00:00,15,1.1414666,0.7047969
2010-09-02 17:00:00,2010-09-03 08:00:00,16,1.5048,1.2421054
2010-09-02 17:00:00,2010-09-03 09:00:00,17,1.4632,1.3169826
2010-09-02 17:00:00,2010-09-03 10:00:00,18,1.3639333,1.4294719
2010-09-02 17:00:00,2010-09-03 11:00:00,19,1.4092333,1.6171287
2010-09-02 17:00:00,2010-09-03 12:00:00,20,1.6444666,1.708425
2010-09-02 17:00:00,2010-09-03 13:00:00,21,0.7313667,1.6533074
2010-09-02 17:00:00,2010-09-03 14:00:00,22,0.35523334,1.6321785
2010-09-02 17:00:00,2010-09-03 15:00:00,23,0.41023332,1.4529777
2010-09-02 17:00:00,2010-09-03 16:00:00,24,0.30913332,1.2951653
2010-09-03 17:00:00,2010-09-03 17:00:00,1,0.34396666,0.41185164
2010-09-03 17:00:00,2010-09-03 18:00:00,2,0.36483333,0.566089
2010-09-03 17:00:00,2010-09-03 19:00:00,3,0.531,0.982655
2010-09-03 17:00:00,2010-09-03 20:00:00,4,2.3058667,1.5765185
2010-09-03 17:00:00,2010-09-03 21:00:00,5,1.8044333,1.4566159
2010-09-03 17:00:00,2010-09-03 22:00:00,6,1.6770333,0.87924486
2010-09-03 17:00:00,2010-09-03 23:00:00,7,0.96276665,0.5124934
2010-09-03 17:00:00,2010-09-04 00:00:00,8,0.46866667,0.43640137
2010-09-03 17:00:00,2010-09-04 01:00:00,9,0.33326668,0.3952214
2010-09-03 17:00:00,2010-09-04 02:00:00,10,0.27526668,0.38899535
2010-09-03 17:00:00,2010-09-04 03:00:00,11,0.31376666,0.3914647
2010-09-03 17:00:00,2010-09-04 04:00:00,12,1.0629667,0.44531745
2010-09-03 17:00:00,2010-09-04 05:00:00,13,0.3229,0.54998076
2010-09-03 17:00:00,2010-09-04 06:00:00,14,0.6717333,0.5797554
2010-09-03 17:00:00,2010-09-04 07:00:00,15,1.9570333,0.8208558
2010-09-03 17:00:00,2010-09-04 08:00:00,16,1.446,1.1546092
2010-09-03 17:00:00,2010-09-04 09:00:00,17,0.779,1.1403972
2010-09-03 17:00:00,2010-09-04 10:00:00,18,0.90236664,1.1418705
2010-09-03 17:00:00,2010-09-04 11:00:00,19,1.6402333,1.2779211
2010-09-03 17:00:00,2010-09-04 12:00:00,20,1.3255666,1.3655337
2010-09-03 17:00:00,2010-09-04 13:00:00,21,1.1751667,1.1274463
2010-09-03 17:00:00,2010-09-04 14:00:00,22,2.1476,0.8643067
2010-09-03 17:00:00,2010-09-04 15:00:00,23,1.7486666,0.6967547
2010-09-03 17:00:00,2010-09-04 16:00:00,24,0.7704667,0.59068906
2010-09-04 17:00:00,2010-09-04 17:00:00,1,0.56423336,0.5405729
2010-09-04 17:00:00,2010-09-04 18:00:00,2,1.6102,0.5466596
2010-09-04 17:00:00,2010-09-04 19:00:00,3,1.6162333,0.8727236
2010-09-04 17:00:00,2010-09-04 20:00:00,4,2.2788334,1.7203453
2010-09-04 17:00:00,2010-09-04 21:00:00,5,2.5189667,1.7637527
2010-09-04 17:00:00,2010-09-04 22:00:00,6,2.1733668,1.1626477
2010-09-04 17:00:00,2010-09-04 23:00:00,7,0.9615,0.57630956
2010-09-04 17:00:00,2010-09-05 00:00:00,8,0.5581,0.3771943
2010-09-04 17:00:00,2010-09-05 01:00:00,9,0.48303333,0.33359897
2010-09-04 17:00:00,2010-09-05 02:00:00,10,0.5433,0.31620938
2010-09-04 17:00:00,2010-09-05 03:00:00,11,0.3478,0.31333995
2010-09-04 17:00:00,2010-09-05 04:00:00,12,0.30803335,0.4140345
2010-09-04 17:00:00,2010-09-05 05:00:00,13,0.33823332,0.38107657
2010-09-04 17:00:00,2010-09-05 06:00:00,14,0.26953334,0.47488022
2010-09-04 17:00:00,2010-09-05 07:00:00,15,0.30996665,0.9920646
2010-09-04 17:00:00,2010-09-05 08:00:00,16,1.3496,1.3724222
2010-09-04 17:00:00,2010-09-05 09:00:00,17,0.43196666,1.2255857
2010-09-04 17:00:00,2010-09-05 10:00:00,18,1.256,1.3010272
2010-09-04 17:00:00,2010-09-05 11:00:00,19,1.6126,1.5486784
2010-09-04 17:00:00,2010-09-05 12:00:00,20,0.9832,1.5413085
2010-09-04 17:00:00,2010-09-05 13:00:00,21,0.7989,1.3944218
2010-09-04 17:00:00,2010-09-05 14:00:00,22,1.2334666,1.3508716
2010-09-04 17:00:00,2010-09-05 15:00:00,23,2.2218332,1.0234226
2010-09-04 17:00:00,2010-09-05 16:00:00,24,1.0086334,0.6771467
2010-09-05 17:00:00,2010-09-05 17:00:00,1,0.5999333,0.79145825
2010-09-05 17:00:00,2010-09-05 18:00:00,2,0.8549,0.9441928
2010-09-05 17:00:00,2010-09-05 19:00:00,3,1.3828666,1.1862292
2010-09-05 17:00:00,2010-09-05 20:00:00,4,1.0963666,1.8609015
2010-09-05 17:00:00,2010-09-05 21:00:00,5,2.119,1.9369762
2010-09-05 17:00:00,2010-09-05 22:00:00,6,1.5342333,1.3752133
2010-09-05 17:00:00,2010-09-05 23:00:00,7,0.4088,0.6878526
2010-09-05 17:00:00,2010-09-06 00:00:00,8,0.36146668,0.44620067
2010-09-05 17:00:00,2010-09-06 01:00:00,9,0.33393332,0.38001698
2010-09-05 17:00:00,2010-09-06 02:00:00,10,0.34256667,0.33168685
2010-09-05 17:00:00,2010-09-06 03:00:00,11,0.28243333,0.31700516
2010-09-05 17:00:00,2010-09-06 04:00:00,12,0.351,0.37033916
2010-09-05 17:00:00,2010-09-06 05:00:00,13,0.2231,0.30562717
2010-09-05 17:00:00,2010-09-06 06:00:00,14,1.5419333,0.34916157
2010-09-05 17:00:00,2010-09-06 07:00:00,15,1.8616333,0.6965925
2010-09-05 17:00:00,2010-09-06 08:00:00,16,1.5826334,1.4354984
2010-09-05 17:00:00,2010-09-06 09:00:00,17,1.4338,1.2564042
2010-09-05 17:00:00,2010-09-06 10:00:00,18,0.54836667,1.328947
2010-09-05 17:00:00,2010-09-06 11:00:00,19,0.3156,1.5398723
2010-09-05 17:00:00,2010-09-06 12:00:00,20,1.2417667,1.4485855
2010-09-05 17:00:00,2010-09-06 13:00:00,21,1.3418334,1.3211322
2010-09-05 17:00:00,2010-09-06 14:00:00,22,0.36543334,1.3867162
2010-09-05 17:00:00,2010-09-06 15:00:00,23,0.95816666,1.1858507
2010-09-05 17:00:00,2010-09-06 16:00:00,24,1.4072334,1.0019119
2010-09-06 17:00:00,2010-09-06 17:00:00,1,2.4976666,1.1351087
2010-09-06 17:00:00,2010-09-06 18:00:00,2,0.8907,1.1694273
2010-09-06 17:00:00,2010-09-06 19:00:00,3,1.2747333,1.2811787
2010-09-06 17:00:00,2010-09-06 20:00:00,4,1.1888666,1.6359098
2010-09-06 17:00:00,2010-09-06 21:00:00,5,1.7181667,1.6599576
2010-09-06 17:00:00,2010-09-06 22:00:00,6,1.2335,1.2676016
2010-09-06 17:00:00,2010-09-06 23:00:00,7,0.41806668,0.5876663
2010-09-06 17:00:00,2010-09-07 00:00:00,8,0.66206664,0.38466263
2010-09-06 17:00:00,2010-09-07 01:00:00,9,0.6508333,0.34475935
2010-09-06 17:00:00,2010-09-07 02:00:00,10,0.2722,0.31757224
2010-09-06 17:00:00,2010-09-07 03:00:00,11,0.31526667,0.30612218
2010-09-06 17:00:00,2010-09-07 04:00:00,12,0.305,0.3697285
2010-09-06 17:00:00,2010-09-07 05:00:00,13,0.32686666,0.33125883
2010-09-06 17:00:00,2010-09-07 06:00:00,14,0.6378,0.48618174
2010-09-06 17:00:00,2010-09-07 07:00:00,15,1.8521333,0.78503066
2010-09-06 17:00:00,2010-09-07 08:00:00,16,1.4305333,1.3779056
2010-09-06 17:00:00,2010-09-07 09:00:00,17,1.4320333,1.2263675
2010-09-06 17:00:00,2010-09-07 10:00:00,18,0.6150333,1.2657546
2010-09-06 17:00:00,2010-09-07 11:00:00,19,1.0950667,1.3563387
2010-09-06 17:00:00,2010-09-07 12:00:00,20,0.48646668,1.3216275
2010-09-06 17:00:00,2010-09-07 13:00:00,21,0.43636668,1.1763561
2010-09-06 17:00:00,2010-09-07 14:00:00,22,0.3362,1.1359068
2010-09-06 17:00:00,2010-09-07 15:00:00,23,0.33633333,1.0925938
2010-09-06 17:00:00,2010-09-07 16:00:00,24,0.9365,1.001641
2010-09-07 17:00:00,2010-09-07 17:00:00,1,0.3335,1.498272
2010-09-07 17:00:00,2010-09-07 18:00:00,2,1.0712667,1.2237861
2010-09-07 17:00:00,2010-09-07 19:00:00,3,2.7609334,1.2635639
2010-09-07 17:00:00,2010-09-07 20:00:00,4,2.1508334,1.5200613
2010-09-07 17:00:00,2010-09-07 21:00:00,5,2.2494333,1.5771272
2010-09-07 17:00:00,2010-09-07 22:00:00,6,2.4007666,1.2862118
2010-09-07 17:00:00,2010-09-07 23:00:00,7,1.1041334,0.71163356
2010-09-07 17:00:00,2010-09-08 00:00:00,8,0.36596668,0.48734754
2010-09-07 17:00:00,2010-09-08 01:00:00,9,0.34976667,0.38578844
2010-09-07 17:00:00,2010-09-08 02:00:00,10,0.4579,0.31247705
2010-09-07 17:00:00,2010-09-08 03:00:00,11,0.30133334,0.30684263
2010-09-07 17:00:00,2010-09-08 04:00:00,12,0.346,0.34261876
2010-09-07 17:00:00,2010-09-08 05:00:00,13,0.32243332,0.34724766
2010-09-07 17:00:00,2010-09-08 06:00:00,14,0.7884333,0.6170373
2010-09-07 17:00:00,2010-09-08 07:00:00,15,1.9181,1.309053
2010-09-07 17:00:00,2010-09-08 08:00:00,16,1.6187,1.423162
2010-09-07 17:00:00,2010-09-08 09:00:00,17,1.4468334,1.2824459
2010-09-07 17:00:00,2010-09-08 10:00:00,18,0.46386668,1.1287923
2010-09-07 17:00:00,2010-09-08 11:00:00,19,0.3372,1.1854538
2010-09-07 17:00:00,2010-09-08 12:00:00,20,0.6727667,1.0984249
2010-09-07 17:00:00,2010-09-08 13:00:00,21,0.45713332,1.0106091
2010-09-07 17:00:00,2010-09-08 14:00:00,22,0.5007,0.873483
2010-09-07 17:00:00,2010-09-08 15:00:00,23,0.4572,0.9248747
2010-09-07 17:00:00,2010-09-08 16:00:00,24,0.56273335,0.90316117
2010-09-08 17:00:00,2010-09-08 17:00:00,1,0.9294,0.5815718
2010-09-08 17:00:00,2010-09-08 18:00:00,2,1.6340333,1.1216977
2010-09-08 17:00:00,2010-09-08 19:00:00,3,0.7245333,1.5741363
2010-09-08 17:00:00,2010-09-08 20:00:00,4,1.853,1.8161402
2010-09-08 17:00:00,2010-09-08 21:00:00,5,2.8006,1.8770363
2010-09-08 17:00:00,2010-09-08 22:00:00,6,1.4298333,1.5785581
2010-09-08 17:00:00,2010-09-08 23:00:00,7,0.9917333,0.9384548
2010-09-08 17:00:00,2010-09-09 00:00:00,8,0.90496665,0.5159264
2010-09-08 17:00:00,2010-09-09 01:00:00,9,0.47246668,0.39477938
2010-09-08 17:00:00,2010-09-09 02:00:00,10,0.32793334,0.34903407
2010-09-08 17:00:00,2010-09-09 03:00:00,11,0.2828,0.32630044
2010-09-08 17:00:00,2010-09-09 04:00:00,12,0.2496,0.32616895
2010-09-08 17:00:00,2010-09-09 05:00:00,13,0.7349333,0.3191448
2010-09-08 17:00:00,2010-09-09 06:00:00,14,0.8782667,0.6840861
2010-09-08 17:00:00,2010-09-09 07:00:00,15,1.9046,1.3578494
2010-09-08 17:00:00,2010-09-09 08:00:00,16,1.4102,1.5437838
2010-09-08 17:00:00,2010-09-09 09:00:00,17,0.9942667,1.3747147
2010-09-08 17:00:00,2010-09-09 10:00:00,18,0.42676666,0.9619586
2010-09-08 17:00:00,2010-09-09 11:00:00,19,0.84456664,0.8099766
2010-09-08 17:00:00,2010-09-09 12:00:00,20,0.82446665,0.7748406
2010-09-08 17:00:00,2010-09-09 13:00:00,21,0.958,0.5781436
2010-09-08 17:00:00,2010-09-09 14:00:00,22,0.42096666,0.5292791
2010-09-08 17:00:00,2010-09-09 15:00:00,23,0.77723336,0.5129025
2010-09-08 17:00:00,2010-09-09 16:00:00,24,0.30036667,0.5495751
2010-09-09 17:00:00,2010-09-09 17:00:00,1,0.71646667,0.46423894
2010-09-09 17:00:00,2010-09-09 18:00:00,2,0.47,0.9248334
2010-09-09 17:00:00,2010-09-09 19:00:00,3,1.5420667,1.278122
2010-09-09 17:00:00,2010-09-09 20:00:00,4,2.6474333,1.7359434
2010-09-09 17:00:00,2010-09-09 21:00:00,5,1.2951666,1.9430345
2010-09-09 17:00:00,2010-09-09 22:00:00,6,0.8265333,1.5465915
2010-09-09 17:00:00,2010-09-09 23:00:00,7,0.43516666,0.89572626
2010-09-09 17:00:00,2010-09-10 00:00:00,8,0.3246,0.5313236
2010-09-09 17:00:00,2010-09-10 01:00:00,9,0.80626667,0.39017522
2010-09-09 17:00:00,2010-09-10 02:00:00,10,0.4391,0.33896333
2010-09-09 17:00:00,2010-09-10 03:00:00,11,0.33616668,0.33172178
2010-09-09 17:00:00,2010-09-10 04:00:00,12,0.27933332,0.32879364
2010-09-09 17:00:00,2010-09-10 05:00:00,13,0.26126668,0.38105983
2010-09-09 17:00:00,2010-09-10 06:00:00,14,0.91066664,0.82001936
2010-09-09 17:00:00,2010-09-10 07:00:00,15,1.698,1.4780214
2010-09-09 17:00:00,2010-09-10 08:00:00,16,0.31983334,1.5034593
2010-09-09 17:00:00,2010-09-10 09:00:00,17,0.307,1.1642116
2010-09-09 17:00:00,2010-09-10 10:00:00,18,0.34993333,0.78327686
2010-09-09 17:00:00,2010-09-10 11:00:00,19,0.46993333,0.8126782
2010-09-09 17:00:00,2010-09-10 12:00:00,20,0.23243333,0.8728143
2010-09-09 17:00:00,2010-09-10 13:00:00,21,0.37426665,0.7223072
2010-09-09 17:00:00,2010-09-10 14:00:00,22,0.42703333,0.58255655
2010-09-09 17:00:00,2010-09-10 15:00:00,23,0.3281,0.6261952
2010-09-09 17:00:00,2010-09-10 16:00:00,24,0.9026,0.57362145
2010-09-10 17:00:00,2010-09-10 17:00:00,1,1.0888,0.77583224
2010-09-10 17:00:00,2010-09-10 18:00:00,2,2.1483,0.96029437
2010-09-10 17:00:00,2010-09-10 19:00:00,3,1.8013,1.3784604
2010-09-10 17:00:00,2010-09-10 20:00:00,4,2.3795,1.66235
2010-09-10 17:00:00,2010-09-10 21:00:00,5,2.0765,1.5920534
2010-09-10 17:00:00,2010-09-10 22:00:00,6,2.3522,1.2338123
2010-09-10 17:00:00,2010-09-10 23:00:00,7,1.522,0.6468557
2010-09-10 17:00:00,2010-09-11 00:00:00,8,1.0361333,0.4713548
2010-09-10 17:00:00,2010-09-11 01:00:00,9,0.461,0.40473026
2010-09-10 17:00:00,2010-09-11 02:00:00,10,0.345,0.35875714
2010-09-10 17:00:00,2010-09-11 03:00:00,11,0.27406666,0.33948606
2010-09-10 17:00:00,2010-09-11 04:00:00,12,0.3428,0.33114886
2010-09-10 17:00:00,2010-09-11 05:00:00,13,0.30256668,0.34737843
2010-09-10 17:00:00,2010-09-11 06:00:00,14,0.7187667,0.6059079
2010-09-10 17:00:00,2010-09-11 07:00:00,15,1.6514,1.2708844
2010-09-10 17:00:00,2010-09-11 08:00:00,16,1.4151,1.0353335
2010-09-10 17:00:00,2010-09-11 09:00:00,17,0.8931,0.5991818
2010-09-10 17:00:00,2010-09-11 10:00:00,18,1.3423,0.5114204
2010-09-10 17:00:00,2010-09-11 11:00:00,19,0.42766666,0.5588963
2010-09-10 17:00:00,2010-09-11 12:00:00,20,1.0580333,0.54942364
2010-09-10 17:00:00,2010-09-11 13:00:00,21,1.7219,0.5060533
2010-09-10 17:00:00,2010-09-11 14:00:00,22,1.8109,0.5216054
2010-09-10 17:00:00,2010-09-11 15:00:00,23,0.9680667,0.5618246
2010-09-10 17:00:00,2010-09-11 16:00:00,24,0.45906666,0.54541653
2010-09-11 17:00:00,2010-09-11 17:00:00,1,1.2209333,0.7373632
2010-09-11 17:00:00,2010-09-11 18:00:00,2,0.73183334,1.174444
2010-09-11 17:00:00,2010-09-11 19:00:00,3,0.38176668,1.5706567
2010-09-11 17:00:00,2010-09-11 20:00:00,4,1.0723,1.8049036
2010-09-11 17:00:00,2010-09-11 21:00:00,5,1.8524,1.8493354
2010-09-11 17:00:00,2010-09-11 22:00:00,6,1.9503334,1.4628865
2010-09-11 17:00:00,2010-09-11 23:00:00,7,1.9510666,0.78639925
2010-09-11 17:00:00,2010-09-12 00:00:00,8,1.9163,0.5172173
2010-09-11 17:00:00,2010-09-12 01:00:00,9,1.7626333,0.39897394
2010-09-11 17:00:00,2010-09-12 02:00:00,10,2.2741,0.33124393
2010-09-11 17:00:00,2010-09-12 03:00:00,11,2.2359667,0.31271243
2010-09-11 17:00:00,2010-09-12 04:00:00,12,1.4288334,0.30292737
2010-09-11 17:00:00,2010-09-12 05:00:00,13,0.2998,0.3302707
2010-09-11 17:00:00,2010-09-12 06:00:00,14,0.2696,0.7741732
2010-09-11 17:00:00,2010-09-12 07:00:00,15,0.3461,1.4710038
2010-09-11 17:00:00,2010-09-12 08:00:00,16,0.3628,1.3612736
2010-09-11 17:00:00,2010-09-12 09:00:00,17,0.4345,1.0109247
2010-09-11 17:00:00,2010-09-12 10:00:00,18,0.26186666,0.70107216
2010-09-11 17:00:00,2010-09-12 11:00:00,19,0.8206,0.5860645
2010-09-11 17:00:00,2010-09-12 12:00:00,20,1.1534333,0.6977387
2010-09-11 17:00:00,2010-09-12 13:00:00,21,2.1095333,0.77261615
2010-09-11 17:00:00,2010-09-12 14:00:00,22,1.6432,0.619009
2010-09-11 17:00:00,2010-09-12 15:00:00,23,1.5487334,0.6385823
2010-09-11 17:00:00,2010-09-12 16:00:00,24,1.0166,0.7206492
2010-09-12 17:00:00,2010-09-12 17:00:00,1,0.4826,0.8562796
2010-09-12 17:00:00,2010-09-12 18:00:00,2,0.42516667,0.6853504
2010-09-12 17:00:00,2010-09-12 19:00:00,3,0.30766666,0.5238744
2010-09-12 17:00:00,2010-09-12 20:00:00,4,1.3974,0.60442567
2010-09-12 17:00:00,2010-09-12 21:00:00,5,1.5438334,0.81771106
2010-09-12 17:00:00,2010-09-12 22:00:00,6,1.5374334,0.84527886
2010-09-12 17:00:00,2010-09-12 23:00:00,7,1.2895,0.9758703
2010-09-12 17:00:00,2010-09-13 00:00:00,8,0.77213335,1.0942587
2010-09-12 17:00:00,2010-09-13 01:00:00,9,0.3366,1.1535298
2010-09-12 17:00:00,2010-09-13 02:00:00,10,0.9683333,1.1911945
2010-09-12 17:00:00,2010-09-13 03:00:00,11,0.31066668,1.0963814
2010-09-12 17:00:00,2010-09-13 04:00:00,12,0.2142,0.7261182
2010-09-12 17:00:00,2010-09-13 05:00:00,13,0.2632,0.54371417
2010-09-12 17:00:00,2010-09-13 06:00:00,14,0.6192333,0.5822238
2010-09-12 17:00:00,2010-09-13 07:00:00,15,1.9085667,0.6755305
2010-09-12 17:00:00,2010-09-13 08:00:00,16,1.4395666,0.5437362
2010-09-12 17:00:00,2010-09-13 09:00:00,17,0.5902333,0.4556414
2010-09-12 17:00:00,2010-09-13 10:00:00,18,0.35976666,0.42549187
2010-09-12 17:00:00,2010-09-13 11:00:00,19,0.33756667,0.45519155
2010-09-12 17:00:00,2010-09-13 12:00:00,20,0.26786667,0.88103175
2010-09-12 17:00:00,2010-09-13 13:00:00,21,1.2969,1.3068519
2010-09-12 17:00:00,2010-09-13 14:00:00,22,0.34996668,1.2617717
2010-09-12 17:00:00,2010-09-13 15:00:00,23,0.2418,1.0868112
2010-09-12 17:00:00,2010-09-13 16:00:00,24,0.34806666,0.90604585
2010-09-13 17:00:00,2010-09-13 17:00:00,1,0.3459,0.49491796
2010-09-13 17:00:00,2010-09-13 18:00:00,2,0.71026665,0.76601756
2010-09-13 17:00:00,2010-09-13 19:00:00,3,1.2278334,1.3365109
2010-09-13 17:00:00,2010-09-13 20:00:00,4,1.4991,1.8640113
2010-09-13 17:00:00,2010-09-13 21:00:00,5,1.7951,1.7691305
2010-09-13 17:00:00,2010-09-13 22:00:00,6,1.4222333,1.5788438
2010-09-13 17:00:00,2010-09-13 23:00:00,7,0.31356665,1.0194625
2010-09-13 17:00:00,2010-09-14 00:00:00,8,0.33683333,0.6430538
2010-09-13 17:00:00,2010-09-14 01:00:00,9,0.3358,0.5057144
2010-09-13 17:00:00,2010-09-14 02:00:00,10,0.3402,0.43686104
2010-09-13 17:00:00,2010-09-14 03:00:00,11,0.27923334,0.38429594
2010-09-13 17:00:00,2010-09-14 04:00:00,12,0.25666666,0.3685168
2010-09-13 17:00:00,2010-09-14 05:00:00,13,0.2604,0.3970754
2010-09-13 17:00:00,2010-09-14 06:00:00,14,0.6287,0.5798835
2010-09-13 17:00:00,2010-09-14 07:00:00,15,1.7493334,1.5545144
2010-09-13 17:00:00,2010-09-14 08:00:00,16,1.4405,1.1426858
2010-09-13 17:00:00,2010-09-14 09:00:00,17,2.1934333,0.7478272
2010-09-13 17:00:00,2010-09-14 10:00:00,18,0.9704667,0.507824
2010-09-13 17:00:00,2010-09-14 11:00:00,19,1.7899,0.47534433
2010-09-13 17:00:00,2010-09-14 12:00:00,20,0.5667667,0.49900776
2010-09-13 17:00:00,2010-09-14 13:00:00,21,0.50916666,0.66582966
2010-09-13 17:00:00,2010-09-14 14:00:00,22,0.94516665,0.5542639
2010-09-13 17:00:00,2010-09-14 15:00:00,23,0.32896668,0.46296254
2010-09-13 17:00:00,2010-09-14 16:00:00,24,0.38696668,0.47201
2010-09-14 17:00:00,2010-09-14 17:00:00,1,0.5251667,0.57262224
2010-09-14 17:00:00,2010-09-14 18:00:00,2,1.5987,0.94969416
2010-09-14 17:00:00,2010-09-14 19:00:00,3,1.9842334,1.0914387
2010-09-14 17:00:00,2010-09-14 20:00:00,4,2.0944333,1.7685478
2010-09-14 17:00:00,2010-09-14 21:00:00,5,2.1402667,1.8833535
2010-09-14 17:00:00,2010-09-14 22:00:00,6,1.3248333,1.5555964
2010-09-14 17:00:00,2010-09-14 23:00:00,7,0.8585,0.94652677
2010-09-14 17:00:00,2010-09-15 00:00:00,8,0.3932,0.6403434
2010-09-14 17:00:00,2010-09-15 01:00:00,9,0.40836668,0.44520694
2010-09-14 17:00:00,2010-09-15 02:00:00,10,0.38073334,0.40386498
2010-09-14 17:00:00,2010-09-15 03:00:00,11,0.351,0.33234942
2010-09-14 17:00:00,2010-09-15 04:00:00,12,0.23933333,0.31414765
2010-09-14 17:00:00,2010-09-15 05:00:00,13,0.305,0.34709346
2010-09-14 17:00:00,2010-09-15 06:00:00,14,0.81226665,0.71280754
2010-09-14 17:00:00,2010-09-15 07:00:00,15,2.0184,1.7394532
2010-09-14 17:00:00,2010-09-15 08:00:00,16,1.5053667,1.4154787
2010-09-14 17:00:00,2010-09-15 09:00:00,17,1.1082333,0.98366135
2010-09-14 17:00:00,2010-09-15 10:00:00,18,0.31056666,0.53492546
2010-09-14 17:00:00,2010-09-15 11:00:00,19,0.22896667,0.47595683
2010-09-14 17:00:00,2010-09-15 12:00:00,20,0.37286666,0.54429173
2010-09-14 17:00:00,2010-09-15 13:00:00,21,0.27376667,0.750891
2010-09-14 17:00:00,2010-09-15 14:00:00,22,0.34433332,0.6611599
2010-09-14 17:00:00,2010-09-15 15:00:00,23,0.35886666,0.46066713
2010-09-14 17:00:00,2010-09-15 16:00:00,24,0.40313333,0.41455555
2010-09-15 17:00:00,2010-09-15 17:00:00,1,0.3624,0.46998346
2010-09-15 17:00:00,2010-09-15 18:00:00,2,0.98303336,1.1051387
2010-09-15 17:00:00,2010-09-15 19:00:00,3,0.20803334,1.669766
2010-09-15 17:00:00,2010-09-15 20:00:00,4,0.7553,1.8667188
2010-09-15 17:00:00,2010-09-15 21:00:00,5,1.5866667,1.7934033
2010-09-15 17:00:00,2010-09-15 22:00:00,6,1.7083666,1.2703543
2010-09-15 17:00:00,2010-09-15 23:00:00,7,1.0167,0.59039915
2010-09-15 17:00:00,2010-09-16 00:00:00,8,0.41856667,0.38693684
2010-09-15 17:00:00,2010-09-16 01:00:00,9,0.31413335,0.3458001
2010-09-15 17:00:00,2010-09-16 02:00:00,10,0.26486668,0.34364134
2010-09-15 17:00:00,2010-09-16 03:00:00,11,0.9835,0.30322063
2010-09-15 17:00:00,2010-09-16 04:00:00,12,0.2645,0.28624517
2010-09-15 17:00:00,2010-09-16 05:00:00,13,0.3104,0.30661166
2010-09-15 17:00:00,2010-09-16 06:00:00,14,0.63156664,0.80088615
2010-09-15 17:00:00,2010-09-16 07:00:00,15,1.9140667,1.791065
2010-09-15 17:00:00,2010-09-16 08:00:00,16,1.4490334,1.3495686
2010-09-15 17:00:00,2010-09-16 09:00:00,17,0.55146664,0.9752954
2010-09-15 17:00:00,2010-09-16 10:00:00,18,0.5208333,0.4046486
2010-09-15 17:00:00,2010-09-16 11:00:00,19,1.34,0.35532117
2010-09-15 17:00:00,2010-09-16 12:00:00,20,1.4146667,0.35819155
2010-09-15 17:00:00,2010-09-16 13:00:00,21,1.4808333,0.43701696
2010-09-15 17:00:00,2010-09-16 14:00:00,22,0.5958667,0.46545136
2010-09-15 17:00:00,2010-09-16 15:00:00,23,0.27526668,0.36625546
2010-09-15 17:00:00,2010-09-16 16:00:00,24,0.2105,0.3784786
2010-09-16 17:00:00,2010-09-16 17:00:00,1,0.26183334,0.3161388
2010-09-16 17:00:00,2010-09-16 18:00:00,2,0.79153335,0.73760116
2010-09-16 17:00:00,2010-09-16 19:00:00,3,1.3970333,0.61945486
2010-09-16 17:00:00,2010-09-16 20:00:00,4,2.9843,1.3567793
2010-09-16 17:00:00,2010-09-16 21:00:00,5,1.7319334,1.6990366
2010-09-16 17:00:00,2010-09-16 22:00:00,6,1.4389,1.5316544
2010-09-16 17:00:00,2010-09-16 23:00:00,7,0.7833667,1.0320524
2010-09-16 17:00:00,2010-09-17 00:00:00,8,0.47656667,0.5406412
2010-09-16 17:00:00,2010-09-17 01:00:00,9,0.2953,0.38411033
2010-09-16 17:00:00,2010-09-17 02:00:00,10,0.5791,0.3768903
2010-09-16 17:00:00,2010-09-17 03:00:00,11,0.6627333,0.29931343
2010-09-16 17:00:00,2010-09-17 04:00:00,12,0.1995,0.2730705
2010-09-16 17:00:00,2010-09-17 05:00:00,13,0.26236665,0.29891533
2010-09-16 17:00:00,2010-09-17 06:00:00,14,0.63243335,0.60470855
2010-09-16 17:00:00,2010-09-17 07:00:00,15,1.9198,1.6682215
2010-09-16 17:00:00,2010-09-17 08:00:00,16,1.3942667,1.2875516
2010-09-16 17:00:00,2010-09-17 09:00:00,17,0.8596,0.7610483
2010-09-16 17:00:00,2010-09-17 10:00:00,18,0.1999,0.49534208
2010-09-16 17:00:00,2010-09-17 11:00:00,19,0.28723332,0.5814439
2010-09-16 17:00:00,2010-09-17 12:00:00,20,0.5261667,0.6631829
2010-09-16 17:00:00,2010-09-17 13:00:00,21,0.3563,0.69632566
2010-09-16 17:00:00,2010-09-17 14:00:00,22,0.7945667,0.50301886
2010-09-16 17:00:00,2010-09-17 15:00:00,23,1.6732334,0.32182145
2010-09-16 17:00:00,2010-09-17 16:00:00,24,2.9641666,0.30201817
2010-09-17 17:00:00,2010-09-17 17:00:00,1,1.5464667,1.534091
2010-09-17 17:00:00,2010-09-17 18:00:00,2,1.9456333,1.2235346
2010-09-17 17:00:00,2010-09-17 19:00:00,3,2.9272,1.1846702
2010-09-17 17:00:00,2010-09-17 20:00:00,4,2.8731334,1.4208989
2010-09-17 17:00:00,2010-09-17 21:00:00,5,0.57383335,1.5328819
2010-09-17 17:00:00,2010-09-17 22:00:00,6,0.5266333,1.3266618
2010-09-17 17:00:00,2010-09-17 23:00:00,7,0.484,0.87083304
2010-09-17 17:00:00,2010-09-18 00:00:00,8,0.29143333,0.5302383
2010-09-17 17:00:00,2010-09-18 01:00:00,9,0.26736668,0.4374951
2010-09-17 17:00:00,2010-09-18 02:00:00,10,0.82516664,0.5250143
2010-09-17 17:00:00,2010-09-18 03:00:00,11,0.35503334,0.49184152
2010-09-17 17:00:00,2010-09-18 04:00:00,12,0.331,0.3599499
2010-09-17 17:00:00,2010-09-18 05:00:00,13,0.20823333,0.34503192
2010-09-17 17:00:00,2010-09-18 06:00:00,14,0.61086667,0.72426224
2010-09-17 17:00:00,2010-09-18 07:00:00,15,1.804,1.8049363
2010-09-17 17:00:00,2010-09-18 08:00:00,16,1.3786,1.5073448
2010-09-17 17:00:00,2010-09-18 09:00:00,17,0.8287,0.98901325
2010-09-17 17:00:00,2010-09-18 10:00:00,18,0.51663333,0.48601177
2010-09-17 17:00:00,2010-09-18 11:00:00,19,0.36486667,0.5729865
2010-09-17 17:00:00,2010-09-18 12:00:00,20,0.3004,0.61439437
2010-09-17 17:00:00,2010-09-18 13:00:00,21,0.83463335,0.63219774
2010-09-17 17:00:00,2010-09-18 14:00:00,22,1.0549333,0.617764
2010-09-17 17:00:00,2010-09-18 15:00:00,23,0.8408667,0.45411375
2010-09-17 17:00:00,2010-09-18 16:00:00,24,0.9072667,0.42086226
2010-09-18 17:00:00,2010-09-18 17:00:00,1,1.3213667,0.4581041
2010-09-18 17:00:00,2010-09-18 18:00:00,2,0.7356333,0.894133
2010-09-18 17:00:00,2010-09-18 19:00:00,3,1.5119,1.0485396
2010-09-18 17:00:00,2010-09-18 20:00:00,4,1.7384666,1.4204903
2010-09-18 17:00:00,2010-09-18 21:00:00,5,1.5982333,1.06224
2010-09-18 17:00:00,2010-09-18 22:00:00,6,1.6708,0.7756996
2010-09-18 17:00:00,2010-09-18 23:00:00,7,0.5027,0.52389586
2010-09-18 17:00:00,2010-09-19 00:00:00,8,0.3826,0.4129295
2010-09-18 17:00:00,2010-09-19 01:00:00,9,0.40396667,0.41457182
2010-09-18 17:00:00,2010-09-19 02:00:00,10,0.414,0.614413
2010-09-18 17:00:00,2010-09-19 03:00:00,11,0.4857,0.5066477
2010-09-18 17:00:00,2010-09-19 04:00:00,12,0.28163335,0.3482759
2010-09-18 17:00:00,2010-09-19 05:00:00,13,0.1971,0.3175037
2010-09-18 17:00:00,2010-09-19 06:00:00,14,0.23706667,0.7170871
2010-09-18 17:00:00,2010-09-19 07:00:00,15,0.5294333,1.7124388
2010-09-18 17:00:00,2010-09-19 08:00:00,16,0.94783336,1.4735851
2010-09-18 17:00:00,2010-09-19 09:00:00,17,0.81906664,0.83764106
2010-09-18 17:00:00,2010-09-19 10:00:00,18,0.56983334,0.41484046
2010-09-18 17:00:00,2010-09-19 11:00:00,19,0.2659,0.42678583
2010-09-18 17:00:00,2010-09-19 12:00:00,20,0.21293333,0.4555059
2010-09-18 17:00:00,2010-09-19 13:00:00,21,0.48093334,0.71459746
2010-09-18 17:00:00,2010-09-19 14:00:00,22,0.31873333,0.7622913
2010-09-18 17:00:00,2010-09-19 15:00:00,23,0.2951,0.51603705
2010-09-18 17:00:00,2010-09-19 16:00:00,24,0.2528,0.48560128
2010-09-19 17:00:00,2010-09-19 17:00:00,1,0.3328,0.30405623
2010-09-19 17:00:00,2010-09-19 18:00:00,2,1.6387334,0.6837
2010-09-19 17:00:00,2010-09-19 19:00:00,3,1.0944667,1.184407
2010-09-19 17:00:00,2010-09-19 20:00:00,4,2.3435667,1.4656012
2010-09-19 17:00:00,2010-09-19 21:00:00,5,1.8975667,1.3290558
2010-09-19 17:00:00,2010-09-19 22:00:00,6,0.71723336,1.0041769
2010-09-19 17:00:00,2010-09-19 23:00:00,7,0.20766667,0.49089035
2010-09-19 17:00:00,2010-09-20 00:00:00,8,0.35776666,0.35081175
2010-09-19 17:00:00,2010-09-20 01:00:00,9,0.33073333,0.33438736
2010-09-19 17:00:00,2010-09-20 02:00:00,10,0.85046667,0.3934254
2010-09-19 17:00:00,2010-09-20 03:00:00,11,0.27186668,0.31965905
2010-09-19 17:00:00,2010-09-20 04:00:00,12,0.1951,0.26086384
2010-09-19 17:00:00,2010-09-20 05:00:00,13,0.27953333,0.27709985
2010-09-19 17:00:00,2010-09-20 06:00:00,14,0.6302,0.5911735
2010-09-19 17:00:00,2010-09-20 07:00:00,15,2.1169667,1.575326
2010-09-19 17:00:00,2010-09-20 08:00:00,16,1.4034333,1.4861704
2010-09-19 17:00:00,2010-09-20 09:00:00,17,1.3784667,0.9941406
2010-09-19 17:00:00,2010-09-20 10:00:00,18,1.4202666,0.58526134
2010-09-19 17:00:00,2010-09-20 11:00:00,19,0.8689,0.46419135
2010-09-19 17:00:00,2010-09-20 12:00:00,20,2.1722667,0.42052555
2010-09-19 17:00:00,2010-09-20 13:00:00,21,1.1652666,0.590277
2010-09-19 17:00:00,2010-09-20 14:00:00,22,0.9749333,0.61215323
2010-09-19 17:00:00,2010-09-20 15:00:00,23,1.3373333,0.43150443
2010-09-19 17:00:00,2010-09-20 16:00:00,24,1.3559,0.38639963
2010-09-20 17:00:00,2010-09-20 17:00:00,1,1.4825333,1.0449734
2010-09-20 17:00:00,2010-09-20 18:00:00,2,1.1808667,1.3227334
2010-09-20 17:00:00,2010-09-20 19:00:00,3,1.3009,1.7598629
2010-09-20 17:00:00,2010-09-20 20:00:00,4,2.0630667,1.8630116
2010-09-20 17:00:00,2010-09-20 21:00:00,5,2.5983667,1.5441557
2010-09-20 17:00:00,2010-09-20 22:00:00,6,1.6893667,1.0785149
2010-09-20 17:00:00,2010-09-20 23:00:00,7,0.6227,0.60985005
2010-09-20 17:00:00,2010-09-21 00:00:00,8,0.47203332,0.45948482
2010-09-20 17:00:00,2010-09-21 01:00:00,9,0.30283332,0.41854537
2010-09-20 17:00:00,2010-09-21 02:00:00,10,0.20446667,0.52647567
2010-09-20 17:00:00,2010-09-21 03:00:00,11,0.2689,0.39319786
2010-09-20 17:00:00,2010-09-21 04:00:00,12,0.2723,0.2976637
2010-09-20 17:00:00,2010-09-21 05:00:00,13,0.9105,0.26735085
2010-09-20 17:00:00,2010-09-21 06:00:00,14,0.61516666,0.609087
2010-09-20 17:00:00,2010-09-21 07:00:00,15,1.8787333,1.5324695
2010-09-20 17:00:00,2010-09-21 08:00:00,16,1.3339666,1.4935685
2010-09-20 17:00:00,2010-09-21 09:00:00,17,1.3714666,1.0866833
2010-09-20 17:00:00,2010-09-21 10:00:00,18,1.0264,0.63787663
2010-09-20 17:00:00,2010-09-21 11:00:00,19,0.7342333,0.4689007
2010-09-20 17:00:00,2010-09-21 12:00:00,20,0.83236665,0.43899745
2010-09-20 17:00:00,2010-09-21 13:00:00,21,0.59286666,0.49876454
2010-09-20 17:00:00,2010-09-21 14:00:00,22,0.30463332,0.6395945
2010-09-20 17:00:00,2010-09-21 15:00:00,23,0.42093334,0.5452651
2010-09-20 17:00:00,2010-09-21 16:00:00,24,0.41113332,0.46286806
2010-09-21 17:00:00,2010-09-21 17:00:00,1,0.24773334,0.4145706
2010-09-21 17:00:00,2010-09-21 18:00:00,2,0.31063333,0.8941674
2010-09-21 17:00:00,2010-09-21 19:00:00,3,0.5627667,1.3852552
2010-09-21 17:00:00,2010-09-21 20:00:00,4,2.0710332,1.8724859
2010-09-21 17:00:00,2010-09-21 21:00:00,5,2.0067666,1.6390896
2010-09-21 17:00:00,2010-09-21 22:00:00,6,1.0306667,1.2437131
2010-09-21 17:00:00,2010-09-21 23:00:00,7,0.3404,0.5775093
2010-09-21 17:00:00,2010-09-22 00:00:00,8,0.28543332,0.41978088
2010-09-21 17:00:00,2010-09-22 01:00:00,9,0.30536667,0.3787142
2010-09-21 17:00:00,2010-09-22 02:00:00,10,0.32706666,0.39106476
2010-09-21 17:00:00,2010-09-22 03:00:00,11,0.26043335,0.35493356
2010-09-21 17:00:00,2010-09-22 04:00:00,12,0.7687,0.30061078
2010-09-21 17:00:00,2010-09-22 05:00:00,13,0.39396667,0.31526852
2010-09-21 17:00:00,2010-09-22 06:00:00,14,0.5784,0.5980406
2010-09-21 17:00:00,2010-09-22 07:00:00,15,2.0355334,1.7551484
2010-09-21 17:00:00,2010-09-22 08:00:00,16,1.8892,1.5779068
2010-09-21 17:00:00,2010-09-22 09:00:00,17,1.8499334,1.1472836
2010-09-21 17:00:00,2010-09-22 10:00:00,18,1.5564,0.6383954
2010-09-21 17:00:00,2010-09-22 11:00:00,19,0.39383334,0.4976172
2010-09-21 17:00:00,2010-09-22 12:00:00,20,0.72726667,0.536239
2010-09-21 17:00:00,2010-09-22 13:00:00,21,1.4374666,0.55231494
2010-09-21 17:00:00,2010-09-22 14:00:00,22,0.30463332,0.530607
2010-09-21 17:00:00,2010-09-22 15:00:00,23,0.9953,0.5209688
2010-09-21 17:00:00,2010-09-22 16:00:00,24,1.3890333,0.48920712
2010-09-22 17:00:00,2010-09-22 17:00:00,1,1.4524333,0.9493995
2010-09-22 17:00:00,2010-09-22 18:00:00,2,1.643,0.9881005
2010-09-22 17:00:00,2010-09-22 19:00:00,3,1.6807,1.4320565
2010-09-22 17:00:00,2010-09-22 20:00:00,4,2.1387,2.075418
2010-09-22 17:00:00,2010-09-22 21:00:00,5,1.5795667,1.7890847
2010-09-22 17:00:00,2010-09-22 22:00:00,6,0.8024,1.218617
2010-09-22 17:00:00,2010-09-22 23:00:00,7,0.37846667,0.4804017
2010-09-22 17:00:00,2010-09-23 00:00:00,8,0.33206666,0.37299037
2010-09-22 17:00:00,2010-09-23 01:00:00,9,0.4959,0.36674136
2010-09-22 17:00:00,2010-09-23 02:00:00,10,0.7034,0.3474186
2010-09-22 17:00:00,2010-09-23 03:00:00,11,0.29883334,0.3233763
2010-09-22 17:00:00,2010-09-23 04:00:00,12,0.20333333,0.30958688
2010-09-22 17:00:00,2010-09-23 05:00:00,13,0.2656,0.3060025
2010-09-22 17:00:00,2010-09-23 06:00:00,14,0.7313667,0.51297545
2010-09-22 17:00:00,2010-09-23 07:00:00,15,2.5547,1.6225607
2010-09-22 17:00:00,2010-09-23 08:00:00,16,1.9102334,1.5400665
2010-09-22 17:00:00,2010-09-23 09:00:00,17,1.4231666,1.2166822
2010-09-22 17:00:00,2010-09-23 10:00:00,18,1.8184667,0.8652035
2010-09-22 17:00:00,2010-09-23 11:00:00,19,0.8200667,0.4842146
2010-09-22 17:00:00,2010-09-23 12:00:00,20,1.5701,0.627836
2010-09-22 17:00:00,2010-09-23 13:00:00,21,1.4991,0.7352884
2010-09-22 17:00:00,2010-09-23 14:00:00,22,1.4011667,0.5419059
2010-09-22 17:00:00,2010-09-23 15:00:00,23,0.6156667,0.6710224
2010-09-22 17:00:00,2010-09-23 16:00:00,24,0.3339,0.7385225
2010-09-23 17:00:00,2010-09-23 17:00:00,1,0.36843333,0.42240858
2010-09-23 17:00:00,2010-09-23 18:00:00,2,0.6257333,0.6537234
2010-09-23 17:00:00,2010-09-23 19:00:00,3,1.2010334,1.2549057
2010-09-23 17:00:00,2010-09-23 20:00:00,4,0.96793336,1.774776
2010-09-23 17:00:00,2010-09-23 21:00:00,5,2.0422332,1.5171173
2010-09-23 17:00:00,2010-09-23 22:00:00,6,1.0331,1.0183008
2010-09-23 17:00:00,2010-09-23 23:00:00,7,0.94883335,0.40280676
2010-09-23 17:00:00,2010-09-24 00:00:00,8,0.49993333,0.3513592
2010-09-23 17:00:00,2010-09-24 01:00:00,9,0.3203,0.38137645
2010-09-23 17:00:00,2010-09-24 02:00:00,10,0.31416667,0.40315598
2010-09-23 17:00:00,2010-09-24 03:00:00,11,0.26683334,0.32299924
2010-09-23 17:00:00,2010-09-24 04:00:00,12,0.2029,0.30229408
2010-09-23 17:00:00,2010-09-24 05:00:00,13,0.7952667,0.32904214
2010-09-23 17:00:00,2010-09-24 06:00:00,14,0.78276664,0.5622473
2010-09-23 17:00:00,2010-09-24 07:00:00,15,2.1366668,1.6264884
2010-09-23 17:00:00,2010-09-24 08:00:00,16,1.4683334,1.6929402
2010-09-23 17:00:00,2010-09-24 09:00:00,17,1.3575333,1.4396157
2010-09-23 17:00:00,2010-09-24 10:00:00,18,1.2882,1.1340754
2010-09-23 17:00:00,2010-09-24 11:00:00,19,0.39576668,0.5787929
2010-09-23 17:00:00,2010-09-24 12:00:00,20,0.5886667,0.67500937
2010-09-23 17:00:00,2010-09-24 13:00:00,21,0.8107,0.8248788
2010-09-23 17:00:00,2010-09-24 14:00:00,22,0.9828333,0.66174895
2010-09-23 17:00:00,2010-09-24 15:00:00,23,0.26486668,0.6826914
2010-09-23 17:00:00,2010-09-24 16:00:00,24,0.6632,0.69624907
2010-10-06 17:00:00,2010-10-06 17:00:00,1,0.6263,0.8608763
2010-10-06 17:00:00,2010-10-06 18:00:00,2,0.84646666,1.2121738
2010-10-06 17:00:00,2010-10-06 19:00:00,3,0.5906,1.9333975
2010-10-06 17:00:00,2010-10-06 20:00:00,4,0.3264,2.0357304
2010-10-06 17:00:00,2010-10-06 21:00:00,5,0.6318333,1.6639479
2010-10-06 17:00:00,2010-10-06 22:00:00,6,2.0092,1.0946679
2010-10-06 17:00:00,2010-10-06 23:00:00,7,1.2147334,0.83550656
2010-10-06 17:00:00,2010-10-07 00:00:00,8,1.0243666,0.7137623
2010-10-06 17:00:00,2010-10-07 01:00:00,9,0.38563332,0.5984937
2010-10-06 17:00:00,2010-10-07 02:00:00,10,0.38966668,0.5948399
2010-10-06 17:00:00,2010-10-07 03:00:00,11,0.35553333,0.5164042
2010-10-06 17:00:00,2010-10-07 04:00:00,12,0.3215,0.48617697
2010-10-06 17:00:00,2010-10-07 05:00:00,13,0.4098,0.49546337
2010-10-06 17:00:00,2010-10-07 06:00:00,14,1.0831667,0.70513463
2010-10-06 17:00:00,2010-10-07 07:00:00,15,1.9995333,1.8942499
2010-10-06 17:00:00,2010-10-07 08:00:00,16,1.6685333,1.739851
2010-10-06 17:00:00,2010-10-07 09:00:00,17,1.3728334,1.4916342
2010-10-06 17:00:00,2010-10-07 10:00:00,18,0.30743334,1.2590477
2010-10-06 17:00:00,2010-10-07 11:00:00,19,2.0634665,1.208942
2010-10-06 17:00:00,2010-10-07 12:00:00,20,2.7403333,1.0987595
2010-10-06 17:00:00,2010-10-07 13:00:00,21,1.7775,0.8934805
2010-10-06 17:00:00,2010-10-07 14:00:00,22,1.4842334,1.089804
2010-10-06 17:00:00,2010-10-07 15:00:00,23,1.5586,0.8611151
2010-10-06 17:00:00,2010-10-07 16:00:00,24,0.8323333,0.7762528
2010-10-07 17:00:00,2010-10-07 17:00:00,1,0.3585,0.5901241
2010-10-07 17:00:00,2010-10-07 18:00:00,2,1.3071,0.78610766
2010-10-07 17:00:00,2010-10-07 19:00:00,3,1.5182333,1.5387137
2010-10-07 17:00:00,2010-10-07 20:00:00,4,2.6653333,1.7199738
2010-10-07 17:00:00,2010-10-07 21:00:00,5,2.6905668,1.6263949
2010-10-07 17:00:00,2010-10-07 22:00:00,6,1.0739334,1.0709921
2010-10-07 17:00:00,2010-10-07 23:00:00,7,0.77776664,1.0035912
2010-10-07 17:00:00,2010-10-08 00:00:00,8,0.6089333,0.8082962
2010-10-07 17:00:00,2010-10-08 01:00:00,9,0.37006667,0.62614477
2010-10-07 17:00:00,2010-10-08 02:00:00,10,0.3442,0.57990015
2010-10-07 17:00:00,2010-10-08 03:00:00,11,0.39343333,0.54147184
2010-10-07 17:00:00,2010-10-08 04:00:00,12,0.36926666,0.428945
2010-10-07 17:00:00,2010-10-08 05:00:00,13,0.91033334,0.43510008
2010-10-07 17:00:00,2010-10-08 06:00:00,14,1.2194333,0.90771216
2010-10-07 17:00:00,2010-10-08 07:00:00,15,2.5051334,2.0077534
2010-10-07 17:00:00,2010-10-08 08:00:00,16,1.4521667,1.7697253
2010-10-07 17:00:00,2010-10-08 09:00:00,17,1.4495333,1.2213185
2010-10-07 17:00:00,2010-10-08 10:00:00,18,1.1779,0.8078369
2010-10-07 17:00:00,2010-10-08 11:00:00,19,0.83956665,0.9897374
2010-10-07 17:00:00,2010-10-08 12:00:00,20,1.4639,1.0158774
2010-10-07 17:00:00,2010-10-08 13:00:00,21,0.81233335,0.9046488
2010-10-07 17:00:00,2010-10-08 14:00:00,22,0.5837333,1.1221777
2010-10-07 17:00:00,2010-10-08 15:00:00,23,0.538,1.1067466
2010-10-07 17:00:00,2010-10-08 16:00:00,24,0.4584,0.92984885
2010-10-08 17:00:00,2010-10-08 17:00:00,1,1.0036,0.42782682
2010-10-08 17:00:00,2010-10-08 18:00:00,2,1.0515333,0.93785536
2010-10-08 17:00:00,2010-10-08 19:00:00,3,1.6870667,1.4385808
2010-10-08 17:00:00,2010-10-08 20:00:00,4,2.4364333,1.7733371
2010-10-08 17:00:00,2010-10-08 21:00:00,5,2.3099334,1.4308829
2010-10-08 17:00:00,2010-10-08 22:00:00,6,0.6566333,0.9305818
2010-10-08 17:00:00,2010-10-08 23:00:00,7,0.5327333,0.7550651
2010-10-08 17:00:00,2010-10-09 00:00:00,8,0.52063334,0.69335663
2010-10-08 17:00:00,2010-10-09 01:00:00,9,0.462,0.42417455
2010-10-08 17:00:00,2010-10-09 02:00:00,10,0.44806665,0.38516545
2010-10-08 17:00:00,2010-10-09 03:00:00,11,0.4321,0.36091745
2010-10-08 17:00:00,2010-10-09 04:00:00,12,0.37166667,0.347566
2010-10-08 17:00:00,2010-10-09 05:00:00,13,0.43496665,0.395315
2010-10-08 17:00:00,2010-10-09 06:00:00,14,0.9831333,0.8042268
2010-10-08 17:00:00,2010-10-09 07:00:00,15,2.2699666,1.7814348
2010-10-08 17:00:00,2010-10-09 08:00:00,16,1.6211667,1.670381
2010-10-08 17:00:00,2010-10-09 09:00:00,17,1.1513667,1.69577
2010-10-08 17:00:00,2010-10-09 10:00:00,18,0.43253332,1.39835
2010-10-08 17:00:00,2010-10-09 11:00:00,19,0.64966667,1.6501577
2010-10-08 17:00:00,2010-10-09 12:00:00,20,0.457,1.5697274
2010-10-08 17:00:00,2010-10-09 13:00:00,21,1.6798333,1.2556478
2010-10-08 17:00:00,2010-10-09 14:00:00,22,1.0910333,1.518223
2010-10-08 17:00:00,2010-10-09 15:00:00,23,1.7415667,1.3897617
2010-10-08 17:00:00,2010-10-09 16:00:00,24,2.0009,0.8843515
2010-10-09 17:00:00,2010-10-09 17:00:00,1,1.1672666,1.2505587
2010-10-09 17:00:00,2010-10-09 18:00:00,2,1.4580667,1.2883286
2010-10-09 17:00:00,2010-10-09 19:00:00,3,1.998,1.8942722
2010-10-09 17:00:00,2010-10-09 20:00:00,4,1.6389333,2.3204756
2010-10-09 17:00:00,2010-10-09 21:00:00,5,1.7664666,1.9862665
2010-10-09 17:00:00,2010-10-09 22:00:00,6,1.3904333,1.3292118
2010-10-09 17:00:00,2010-10-09 23:00:00,7,0.69623333,1.0124172
2010-10-09 17:00:00,2010-10-10 00:00:00,8,0.8864,0.80325437
2010-10-09 17:00:00,2010-10-10 01:00:00,9,0.46696666,0.6278369
2010-10-09 17:00:00,2010-10-10 02:00:00,10,0.56413335,0.6609464
2010-10-09 17:00:00,2010-10-10 03:00:00,11,0.4411,0.56102544
2010-10-09 17:00:00,2010-10-10 04:00:00,12,0.61766666,0.52318716
2010-10-09 17:00:00,2010-10-10 05:00:00,13,0.42736667,0.5746359
2010-10-09 17:00:00,2010-10-10 06:00:00,14,0.43576667,1.0071189
2010-10-09 17:00:00,2010-10-10 07:00:00,15,0.70486665,2.133302
2010-10-09 17:00:00,2010-10-10 08:00:00,16,0.9307,1.7335585
2010-10-09 17:00:00,2010-10-10 09:00:00,17,0.9249333,1.5246303
2010-10-09 17:00:00,2010-10-10 10:00:00,18,0.8739,1.0503206
2010-10-09 17:00:00,2010-10-10 11:00:00,19,2.3828666,0.80881405
2010-10-09 17:00:00,2010-10-10 12:00:00,20,2.1923,1.0733981
2010-10-09 17:00:00,2010-10-10 13:00:00,21,1.5573666,0.65103656
2010-10-09 17:00:00,2010-10-10 14:00:00,22,1.1002333,0.64586383
2010-10-09 17:00:00,2010-10-10 15:00:00,23,0.5263,0.5720018
2010-10-09 17:00:00,2010-10-10 16:00:00,24,0.99703336,0.56706905
2010-10-10 17:00:00,2010-10-10 17:00:00,1,1.6078666,0.7884356
2010-10-10 17:00:00,2010-10-10 18:00:00,2,1.8290666,1.1033581
2010-10-10 17:00:00,2010-10-10 19:00:00,3,3.4918,1.4639978
2010-10-10 17:00:00,2010-10-10 20:00:00,4,3.3115,1.6014578
2010-10-10 17:00:00,2010-10-10 21:00:00,5,3.9012666,1.4249519
2010-10-10 17:00:00,2010-10-10 22:00:00,6,1.9866,0.9705021
2010-10-10 17:00:00,2010-10-10 23:00:00,7,1.1570667,0.77908164
2010-10-10 17:00:00,2010-10-11 00:00:00,8,0.51453334,0.8020519
2010-10-10 17:00:00,2010-10-11 01:00:00,9,0.44873333,0.5863834
2010-10-10 17:00:00,2010-10-11 02:00:00,10,0.5646667,0.5365906
2010-10-10 17:00:00,2010-10-11 03:00:00,11,0.4429,0.49639684
2010-10-10 17:00:00,2010-10-11 04:00:00,12,0.5548667,0.46430033
2010-10-10 17:00:00,2010-10-11 05:00:00,13,0.8807,0.47957468
2010-10-10 17:00:00,2010-10-11 06:00:00,14,0.94173336,0.8931244
2010-10-10 17:00:00,2010-10-11 07:00:00,15,2.3788333,1.7457652
2010-10-10 17:00:00,2010-10-11 08:00:00,16,1.6553,1.5885575
2010-10-10 17:00:00,2010-10-11 09:00:00,17,1.6319667,1.4218801
2010-10-10 17:00:00,2010-10-11 10:00:00,18,1.0574334,1.0997223
2010-10-10 17:00:00,2010-10-11 11:00:00,19,0.44083333,1.1483771
2010-10-10 17:00:00,2010-10-11 12:00:00,20,0.6579667,1.3477926
2010-10-10 17:00:00,2010-10-11 13:00:00,21,0.5452333,1.1838436
2010-10-10 17:00:00,2010-10-11 14:00:00,22,1.0426667,1.1028336
2010-10-10 17:00:00,2010-10-11 15:00:00,23,0.6156667,1.0320586
2010-10-10 17:00:00,2010-10-11 16:00:00,24,0.4349,0.9378728
2010-10-11 17:00:00,2010-10-11 17:00:00,1,0.96386665,0.57120895
2010-10-11 17:00:00,2010-10-11 18:00:00,2,0.7316,1.0483122
2010-10-11 17:00:00,2010-10-11 19:00:00,3,3.0931666,1.7790089
2010-10-11 17:00:00,2010-10-11 20:00:00,4,2.2855666,1.8925908
2010-10-11 17:00:00,2010-10-11 21:00:00,5,3.043,1.7622292
2010-10-11 17:00:00,2010-10-11 22:00:00,6,1.514,1.2636983
2010-10-11 17:00:00,2010-10-11 23:00:00,7,0.6030333,0.8635704
2010-10-11 17:00:00,2010-10-12 00:00:00,8,0.39453334,0.69247216
2010-10-11 17:00:00,2010-10-12 01:00:00,9,0.39763334,0.5379948
2010-10-11 17:00:00,2010-10-12 02:00:00,10,0.46863332,0.50698227
2010-10-11 17:00:00,2010-10-12 03:00:00,11,0.33746666,0.47099048
2010-10-11 17:00:00,2010-10-12 04:00:00,12,0.33383334,0.43890578
2010-10-11 17:00:00,2010-10-12 05:00:00,13,0.45113334,0.50075936
2010-10-11 17:00:00,2010-10-12 06:00:00,14,1.1301666,0.9779924
2010-10-11 17:00:00,2010-10-12 07:00:00,15,2.5198667,1.9845271
2010-10-11 17:00:00,2010-10-12 08:00:00,16,1.7209333,1.6962371
2010-10-11 17:00:00,2010-10-12 09:00:00,17,1.7519333,1.4875553
2010-10-11 17:00:00,2010-10-12 10:00:00,18,1.8285667,1.0199319
2010-10-11 17:00:00,2010-10-12 11:00:00,19,0.94886667,0.9585786
2010-10-11 17:00:00,2010-10-12 12:00:00,20,1.8454,1.0738387
2010-10-11 17:00:00,2010-10-12 13:00:00,21,0.8567,0.94663966
2010-10-11 17:00:00,2010-10-12 14:00:00,22,0.45806667,0.89828074
2010-10-11 17:00:00,2010-10-12 15:00:00,23,0.58823335,0.70852506
2010-10-11 17:00:00,2010-10-12 16:00:00,24,0.416,0.7116856
2010-10-12 17:00:00,2010-10-12 17:00:00,1,0.41026667,0.62102437
2010-10-12 17:00:00,2010-10-12 18:00:00,2,2.1127334,1.0312347
2010-10-12 17:00:00,2010-10-12 19:00:00,3,2.1564667,1.848772
2010-10-12 17:00:00,2010-10-12 20:00:00,4,1.9102,1.8362412
2010-10-12 17:00:00,2010-10-12 21:00:00,5,1.3085667,1.9585712
2010-10-12 17:00:00,2010-10-12 22:00:00,6,1.2893,1.3482952
2010-10-12 17:00:00,2010-10-12 23:00:00,7,0.6927,0.7617719
2010-10-12 17:00:00,2010-10-13 00:00:00,8,0.38376668,0.62208295
2010-10-12 17:00:00,2010-10-13 01:00:00,9,0.4586,0.49076462
2010-10-12 17:00:00,2010-10-13 02:00:00,10,0.31696665,0.45267493
2010-10-12 17:00:00,2010-10-13 03:00:00,11,0.36466667,0.41479236
2010-10-12 17:00:00,2010-10-13 04:00:00,12,0.9848,0.38196123
2010-10-12 17:00:00,2010-10-13 05:00:00,13,0.4641,0.48686647
2010-10-12 17:00:00,2010-10-13 06:00:00,14,0.93013334,0.9277663
2010-10-12 17:00:00,2010-10-13 07:00:00,15,2.8442667,2.1272771
2010-10-12 17:00:00,2010-10-13 08:00:00,16,2.3646667,1.6975102
2010-10-12 17:00:00,2010-10-13 09:00:00,17,1.6671,1.5761085
2010-10-12 17:00:00,2010-10-13 10:00:00,18,2.0778666,1.0624882
2010-10-12 17:00:00,2010-10-13 11:00:00,19,1.5266,0.97461295
2010-10-12 17:00:00,2010-10-13 12:00:00,20,1.6007667,1.183798
2010-10-12 17:00:00,2010-10-13 13:00:00,21,1.5731666,1.010464
2010-10-12 17:00:00,2010-10-13 14:00:00,22,1.9105,0.87677884
2010-10-12 17:00:00,2010-10-13 15:00:00,23,1.9113,0.70899177
2010-10-12 17:00:00,2010-10-13 16:00:00,24,1.6611,0.6750474
2010-10-13 17:00:00,2010-10-13 17:00:00,1,1.5491,1.3462944
2010-10-13 17:00:00,2010-10-13 18:00:00,2,0.9845667,1.6415989
2010-10-13 17:00:00,2010-10-13 19:00:00,3,2.0344,2.3515267
2010-10-13 17:00:00,2010-10-13 20:00:00,4,2.377,2.2400186
2010-10-13 17:00:00,2010-10-13 21:00:00,5,2.1648667,2.0354326
2010-10-13 17:00:00,2010-10-13 22:00:00,6,2.0436,1.487677
2010-10-13 17:00:00,2010-10-13 23:00:00,7,0.37086666,0.89613336
2010-10-13 17:00:00,2010-10-14 00:00:00,8,0.37043333,0.6590084
2010-10-13 17:00:00,2010-10-14 01:00:00,9,0.47763333,0.49737817
2010-10-13 17:00:00,2010-10-14 02:00:00,10,0.3412,0.46238357
2010-10-13 17:00:00,2010-10-14 03:00:00,11,0.38673332,0.4197293
2010-10-13 17:00:00,2010-10-14 04:00:00,12,0.37803334,0.43989134
2010-10-13 17:00:00,2010-10-14 05:00:00,13,0.43933332,0.51598865
2010-10-13 17:00:00,2010-10-14 06:00:00,14,1.1876,0.92663294
2010-10-13 17:00:00,2010-10-14 07:00:00,15,2.9721,1.9284382
2010-10-13 17:00:00,2010-10-14 08:00:00,16,1.7274,1.7004144
2010-10-13 17:00:00,2010-10-14 09:00:00,17,3.2096,1.547125
2010-10-13 17:00:00,2010-10-14 10:00:00,18,1.8472667,1.2677249
2010-10-13 17:00:00,2010-10-14 11:00:00,19,0.99293333,1.2615042
2010-10-13 17:00:00,2010-10-14 12:00:00,20,0.9460667,1.4534628
2010-10-13 17:00:00,2010-10-14 13:00:00,21,1.2267667,1.3034713
2010-10-13 17:00:00,2010-10-14 14:00:00,22,1.9145,1.1568736
2010-10-13 17:00:00,2010-10-14 15:00:00,23,0.9038,0.9995026
2010-10-13 17:00:00,2010-10-14 16:00:00,24,0.95703334,0.94189215
2010-10-14 17:00:00,2010-10-14 17:00:00,1,0.41783333,1.0959373
2010-10-14 17:00:00,2010-10-14 18:00:00,2,1.7473333,1.3696337
2010-10-14 17:00:00,2010-10-14 19:00:00,3,4.117767,2.4409733
2010-10-14 17:00:00,2010-10-14 20:00:00,4,2.9113,2.3352492
2010-10-14 17:00:00,2010-10-14 21:00:00,5,3.2242,2.245761
2010-10-14 17:00:00,2010-10-14 22:00:00,6,2.3347332,1.551016
2010-10-14 17:00:00,2010-10-14 23:00:00,7,0.55376667,0.63463295
2010-10-14 17:00:00,2010-10-15 00:00:00,8,0.40123335,0.47254968
2010-10-14 17:00:00,2010-10-15 01:00:00,9,0.41296667,0.44200945
2010-10-14 17:00:00,2010-10-15 02:00:00,10,0.44096667,0.4054783
2010-10-14 17:00:00,2010-10-15 03:00:00,11,0.3288,0.3883667
2010-10-14 17:00:00,2010-10-15 04:00:00,12,0.33223334,0.3842932
2010-10-14 17:00:00,2010-10-15 05:00:00,13,0.43626666,0.48122042
2010-10-14 17:00:00,2010-10-15 06:00:00,14,1.1134666,0.93911135
2010-10-14 17:00:00,2010-10-15 07:00:00,15,2.0124,2.2025526
2010-10-14 17:00:00,2010-10-15 08:00:00,16,1.8972,1.8874373
2010-10-14 17:00:00,2010-10-15 09:00:00,17,1.5839666,1.8183589
2010-10-14 17:00:00,2010-10-15 10:00:00,18,1.6329334,1.3692826
2010-10-14 17:00:00,2010-10-15 11:00:00,19,1.8261,0.9777915
2010-10-14 17:00:00,2010-10-15 12:00:00,20,2.0656667,1.0425371
2010-10-14 17:00:00,2010-10-15 13:00:00,21,1.5737667,1.107124
2010-10-14 17:00:00,2010-10-15 14:00:00,22,1.4675333,1.0306883
2010-10-14 17:00:00,2010-10-15 15:00:00,23,0.5948667,0.890576
2010-10-14 17:00:00,2010-10-15 16:00:00,24,0.5592,0.87418365
2010-10-15 17:00:00,2010-10-15 17:00:00,1,0.56443334,0.7355361
2010-10-15 17:00:00,2010-10-15 18:00:00,2,1.4324666,1.5345397
2010-10-15 17:00:00,2010-10-15 19:00:00,3,1.8231666,2.7291503
2010-10-15 17:00:00,2010-10-15 20:00:00,4,1.4465333,2.443103
2010-10-15 17:00:00,2010-10-15 21:00:00,5,1.1575,2.2777066
2010-10-15 17:00:00,2010-10-15 22:00:00,6,1.0036334,1.6672673
2010-10-15 17:00:00,2010-10-15 23:00:00,7,0.4981,0.644587
2010-10-15 17:00:00,2010-10-16 00:00:00,8,0.32736668,0.45752
2010-10-15 17:00:00,2010-10-16 01:00:00,9,0.30913332,0.4228881
2010-10-15 17:00:00,2010-10-16 02:00:00,10,0.43116668,0.4008113
2010-10-15 17:00:00,2010-10-16 03:00:00,11,0.3812,0.37227136
2010-10-15 17:00:00,2010-10-16 04:00:00,12,0.3765,0.3804736
2010-10-15 17:00:00,2010-10-16 05:00:00,13,0.34116668,0.42808497
2010-10-15 17:00:00,2010-10-16 06:00:00,14,0.7945333,0.9395062
2010-10-15 17:00:00,2010-10-16 07:00:00,15,2.1444,2.1399024
2010-10-15 17:00:00,2010-10-16 08:00:00,16,1.9714333,1.9309152
2010-10-15 17:00:00,2010-10-16 09:00:00,17,0.9704,1.8305098
2010-10-15 17:00:00,2010-10-16 10:00:00,18,1.8662333,1.5741421
2010-10-15 17:00:00,2010-10-16 11:00:00,19,1.3443667,1.3323032
2010-10-15 17:00:00,2010-10-16 12:00:00,20,0.7357,1.381558
2010-10-15 17:00:00,2010-10-16 13:00:00,21,0.3585,1.3540801
2010-10-15 17:00:00,2010-10-16 14:00:00,22,0.4908,1.2688417
2010-10-15 17:00:00,2010-10-16 15:00:00,23,0.37156665,0.9338523
2010-10-15 17:00:00,2010-10-16 16:00:00,24,0.317,0.89571667
2010-10-16 17:00:00,2010-10-16 17:00:00,1,0.41803333,0.45301884
2010-10-16 17:00:00,2010-10-16 18:00:00,2,0.33413333,1.0801724
2010-10-16 17:00:00,2010-10-16 19:00:00,3,0.373,2.031
2010-10-16 17:00:00,2010-10-16 20:00:00,4,0.87223333,1.8722968
2010-10-16 17:00:00,2010-10-16 21:00:00,5,0.38303334,1.625909
2010-10-16 17:00:00,2010-10-16 22:00:00,6,0.41023332,1.3264929
2010-10-16 17:00:00,2010-10-16 23:00:00,7,0.34476668,0.5333585
2010-10-16 17:00:00,2010-10-17 00:00:00,8,0.37173334,0.40641618
2010-10-16 17:00:00,2010-10-17 01:00:00,9,0.3329,0.38198996
2010-10-16 17:00:00,2010-10-17 02:00:00,10,0.4126,0.3881744
2010-10-16 17:00:00,2010-10-17 03:00:00,11,0.3131,0.35635012
2010-10-16 17:00:00,2010-10-17 04:00:00,12,0.36276665,0.36907148
2010-10-16 17:00:00,2010-10-17 05:00:00,13,0.36233333,0.39160126
2010-10-16 17:00:00,2010-10-17 06:00:00,14,1.0407333,0.7502994
2010-10-16 17:00:00,2010-10-17 07:00:00,15,0.3727,1.8432007
2010-10-16 17:00:00,2010-10-17 08:00:00,16,0.3803,1.6673709
2010-10-16 17:00:00,2010-10-17 09:00:00,17,0.3763,1.4097695
2010-10-16 17:00:00,2010-10-17 10:00:00,18,0.32896668,1.3580719
2010-10-16 17:00:00,2010-10-17 11:00:00,19,0.30006668,1.0320975
2010-10-16 17:00:00,2010-10-17 12:00:00,20,0.31323335,0.9065487
2010-10-16 17:00:00,2010-10-17 13:00:00,21,0.36516666,0.75755346
2010-10-16 17:00:00,2010-10-17 14:00:00,22,0.4966,0.80011904
2010-10-16 17:00:00,2010-10-17 15:00:00,23,0.37656668,0.5194885
2010-10-16 17:00:00,2010-10-17 16:00:00,24,1.1914333,0.51986533
2010-10-17 17:00:00,2010-10-17 17:00:00,1,0.4926,0.4933278
2010-10-17 17:00:00,2010-10-17 18:00:00,2,0.5668333,0.54761106
2010-10-17 17:00:00,2010-10-17 19:00:00,3,2.0301,0.8891499
2010-10-17 17:00:00,2010-10-17 20:00:00,4,2.4540334,1.0172064
2010-10-17 17:00:00,2010-10-17 21:00:00,5,2.1380668,0.6434201
2010-10-17 17:00:00,2010-10-17 22:00:00,6,0.9011,0.5624803
2010-10-17 17:00:00,2010-10-17 23:00:00,7,1.1761333,0.37498313
2010-10-17 17:00:00,2010-10-18 00:00:00,8,0.5301333,0.37583268
2010-10-17 17:00:00,2010-10-18 01:00:00,9,0.3841,0.3591563
2010-10-17 17:00:00,2010-10-18 02:00:00,10,0.32136667,0.36974162
2010-10-17 17:00:00,2010-10-18 03:00:00,11,0.33143333,0.33623505
2010-10-17 17:00:00,2010-10-18 04:00:00,12,0.43443334,0.3471706
2010-10-17 17:00:00,2010-10-18 05:00:00,13,0.3197,0.37088573
2010-10-17 17:00:00,2010-10-18 06:00:00,14,0.7896,0.8614763
2010-10-17 17:00:00,2010-10-18 07:00:00,15,2.4543,1.536674
2010-10-17 17:00:00,2010-10-18 08:00:00,16,2.4651,1.4051573
2010-10-17 17:00:00,2010-10-18 09:00:00,17,3.6570666,1.3099371
2010-10-17 17:00:00,2010-10-18 10:00:00,18,2.6036,1.1138637
2010-10-17 17:00:00,2010-10-18 11:00:00,19,2.8090334,0.6529819
2010-10-17 17:00:00,2010-10-18 12:00:00,20,3.8364334,0.7646353
2010-10-17 17:00:00,2010-10-18 13:00:00,21,3.2431,0.6207193
2010-10-17 17:00:00,2010-10-18 14:00:00,22,1.9637,0.80000603
2010-10-17 17:00:00,2010-10-18 15:00:00,23,0.51806664,0.49610543
2010-10-17 17:00:00,2010-10-18 16:00:00,24,0.4604,0.5141489
2010-10-18 17:00:00,2010-10-18 17:00:00,1,0.66473335,0.44066137
2010-10-18 17:00:00,2010-10-18 18:00:00,2,3.3914666,1.2946258
2010-10-18 17:00:00,2010-10-18 19:00:00,3,3.7569666,2.26515
2010-10-18 17:00:00,2010-10-18 20:00:00,4,2.67,2.1511416
2010-10-18 17:00:00,2010-10-18 21:00:00,5,3.3769,1.9007546
2010-10-18 17:00:00,2010-10-18 22:00:00,6,2.5095,1.3985851
2010-10-18 17:00:00,2010-10-18 23:00:00,7,1.7402667,0.59607303
2010-10-18 17:00:00,2010-10-19 00:00:00,8,1.5425667,0.41067225
2010-10-18 17:00:00,2010-10-19 01:00:00,9,0.6851,0.37903094
2010-10-18 17:00:00,2010-10-19 02:00:00,10,0.31743333,0.36806995
2010-10-18 17:00:00,2010-10-19 03:00:00,11,0.3078,0.35337198
2010-10-18 17:00:00,2010-10-19 04:00:00,12,0.43946666,0.3623659
2010-10-18 17:00:00,2010-10-19 05:00:00,13,0.39946666,0.36514664
2010-10-18 17:00:00,2010-10-19 06:00:00,14,1.0450333,1.1710062
2010-10-18 17:00:00,2010-10-19 07:00:00,15,2.9890332,2.2665973
2010-10-18 17:00:00,2010-10-19 08:00:00,16,2.1062,2.1628258
2010-10-18 17:00:00,2010-10-19 09:00:00,17,1.7980334,2.0869975
2010-10-18 17:00:00,2010-10-19 10:00:00,18,0.5930333,1.9856367
2010-10-18 17:00:00,2010-10-19 11:00:00,19,1.8148,1.7222569
2010-10-18 17:00:00,2010-10-19 12:00:00,20,1.1293,1.7095253
2010-10-18 17:00:00,2010-10-19 13:00:00,21,0.5172333,1.4626201
2010-10-18 17:00:00,2010-10-19 14:00:00,22,0.4046,1.3091625
2010-10-18 17:00:00,2010-10-19 15:00:00,23,0.40176666,0.7763437
2010-10-18 17:00:00,2010-10-19 16:00:00,24,0.4735,0.6422642
2010-10-19 17:00:00,2010-10-19 17:00:00,1,1.1286666,0.4543618
2010-10-19 17:00:00,2010-10-19 18:00:00,2,3.5383334,1.0882154
2010-10-19 17:00:00,2010-10-19 19:00:00,3,2.9301,1.9881465
2010-10-19 17:00:00,2010-10-19 20:00:00,4,2.9603333,1.89905
2010-10-19 17:00:00,2010-10-19 21:00:00,5,2.5300667,1.6630042
2010-10-19 17:00:00,2010-10-19 22:00:00,6,1.3266333,1.1369962
2010-10-19 17:00:00,2010-10-19 23:00:00,7,0.72113335,0.5598094
2010-10-19 17:00:00,2010-10-20 00:00:00,8,1.0303333,0.43024665
2010-10-19 17:00:00,2010-10-20 01:00:00,9,0.3934,0.38270134
2010-10-19 17:00:00,2010-10-20 02:00:00,10,0.3294,0.3733883
2010-10-19 17:00:00,2010-10-20 03:00:00,11,0.44256666,0.36661983
2010-10-19 17:00:00,2010-10-20 04:00:00,12,0.3193,0.37613243
2010-10-19 17:00:00,2010-10-20 05:00:00,13,0.31243333,0.37148
2010-10-19 17:00:00,2010-10-20 06:00:00,14,0.92323333,0.96354496
2010-10-19 17:00:00,2010-10-20 07:00:00,15,2.8661,2.2812169
2010-10-19 17:00:00,2010-10-20 08:00:00,16,1.8684666,2.0983016
2010-10-19 17:00:00,2010-10-20 09:00:00,17,1.8460667,1.8511982
2010-10-19 17:00:00,2010-10-20 10:00:00,18,2.0108666,1.6442008
2010-10-19 17:00:00,2010-10-20 11:00:00,19,1.8959334,1.4646816
2010-10-19 17:00:00,2010-10-20 12:00:00,20,1.3926667,1.2066896
2010-10-19 17:00:00,2010-10-20 13:00:00,21,0.40853333,0.81685007
2010-10-19 17:00:00,2010-10-20 14:00:00,22,0.53006667,0.8473327
2010-10-19 17:00:00,2010-10-20 15:00:00,23,0.52783334,0.504077
2010-10-19 17:00:00,2010-10-20 16:00:00,24,0.33186665,0.51764584
2010-10-20 17:00:00,2010-10-20 17:00:00,1,0.33213332,0.46935213
2010-10-20 17:00:00,2010-10-20 18:00:00,2,1.3226666,1.3813409
2010-10-20 17:00:00,2010-10-20 19:00:00,3,2.1848,2.171573
2010-10-20 17:00:00,2010-10-20 20:00:00,4,2.2927666,2.0483184
2010-10-20 17:00:00,2010-10-20 21:00:00,5,2.8043334,1.864404
2010-10-20 17:00:00,2010-10-20 22:00:00,6,1.6536334,1.1680171
2010-10-20 17:00:00,2010-10-20 23:00:00,7,0.78,0.6514089
2010-10-20 17:00:00,2010-10-21 00:00:00,8,0.4468,0.5424665
2010-10-20 17:00:00,2010-10-21 01:00:00,9,0.6637667,0.3701831
2010-10-20 17:00:00,2010-10-21 02:00:00,10,0.43786666,0.36667508
2010-10-20 17:00:00,2010-10-21 03:00:00,11,0.34063333,0.3571337
2010-10-20 17:00:00,2010-10-21 04:00:00,12,0.341,0.34889156
2010-10-20 17:00:00,2010-10-21 05:00:00,13,1.0228667,0.36000967
2010-10-20 17:00:00,2010-10-21 06:00:00,14,1.2183666,1.0130534
2010-10-20 17:00:00,2010-10-21 07:00:00,15,2.4748666,2.102652
2010-10-20 17:00:00,2010-10-21 08:00:00,16,1.2261667,1.814244
2010-10-20 17:00:00,2010-10-21 09:00:00,17,0.31733334,1.707624
2010-10-20 17:00:00,2010-10-21 10:00:00,18,0.32323334,1.3655295
2010-10-20 17:00:00,2010-10-21 11:00:00,19,0.39196667,1.2411803
2010-10-20 17:00:00,2010-10-21 12:00:00,20,0.49436668,1.0631276
2010-10-20 17:00:00,2010-10-21 13:00:00,21,0.38803333,0.5998131
2010-10-20 17:00:00,2010-10-21 14:00:00,22,0.47696668,0.7114186
2010-10-20 17:00:00,2010-10-21 15:00:00,23,0.32703334,0.45946348
2010-10-20 17:00:00,2010-10-21 16:00:00,24,0.9159333,0.4513049
2010-10-21 17:00:00,2010-10-21 17:00:00,1,0.36683333,0.7124471
2010-10-21 17:00:00,2010-10-21 18:00:00,2,1.3011333,1.4557128
2010-10-21 17:00:00,2010-10-21 19:00:00,3,1.8244333,2.0834937
2010-10-21 17:00:00,2010-10-21 20:00:00,4,1.9475666,1.9563584
2010-10-21 17:00:00,2010-10-21 21:00:00,5,2.5819666,1.6756551
2010-10-21 17:00:00,2010-10-21 22:00:00,6,1.9928666,1.0871277
2010-10-21 17:00:00,2010-10-21 23:00:00,7,0.76463336,0.7832899
2010-10-21 17:00:00,2010-10-22 00:00:00,8,0.5243667,0.5793975
2010-10-21 17:00:00,2010-10-22 01:00:00,9,0.63226664,0.39144188
2010-10-21 17:00:00,2010-10-22 02:00:00,10,0.5181,0.37816596
2010-10-21 17:00:00,2010-10-22 03:00:00,11,0.52056664,0.35280174
2010-10-21 17:00:00,2010-10-22 04:00:00,12,0.5208667,0.34746987
2010-10-21 17:00:00,2010-10-22 05:00:00,13,0.5856,0.3743013
2010-10-21 17:00:00,2010-10-22 06:00:00,14,1.7711667,0.9787445
2010-10-21 17:00:00,2010-10-22 07:00:00,15,2.4588,1.9619055
2010-10-21 17:00:00,2010-10-22 08:00:00,16,1.5222,1.7863911
2010-10-21 17:00:00,2010-10-22 09:00:00,17,1.5559334,1.621041
2010-10-21 17:00:00,2010-10-22 10:00:00,18,1.3846,1.2642435
2010-10-21 17:00:00,2010-10-22 11:00:00,19,1.373,1.2694606
2010-10-21 17:00:00,2010-10-22 12:00:00,20,1.7621666,1.1380963
2010-10-21 17:00:00,2010-10-22 13:00:00,21,1.5787,0.67318
2010-10-21 17:00:00,2010-10-22 14:00:00,22,1.4756,0.6355235
2010-10-21 17:00:00,2010-10-22 15:00:00,23,0.767,0.40416044
2010-10-21 17:00:00,2010-10-22 16:00:00,24,1.1825666,0.40684283
2010-10-22 17:00:00,2010-10-22 17:00:00,1,0.4821,1.0253462
2010-10-22 17:00:00,2010-10-22 18:00:00,2,0.7137,1.8310575
2010-10-22 17:00:00,2010-10-22 19:00:00,3,1.4246666,2.3717003
2010-10-22 17:00:00,2010-10-22 20:00:00,4,1.3845,2.2465034
2010-10-22 17:00:00,2010-10-22 21:00:00,5,2.2917666,2.186304
2010-10-22 17:00:00,2010-10-22 22:00:00,6,1.0726666,1.8036411
2010-10-22 17:00:00,2010-10-22 23:00:00,7,0.31196666,1.4236807
2010-10-22 17:00:00,2010-10-23 00:00:00,8,1.4291667,1.1549362
2010-10-22 17:00:00,2010-10-23 01:00:00,9,0.36633334,0.8238474
2010-10-22 17:00:00,2010-10-23 02:00:00,10,0.48646668,0.7160493
2010-10-22 17:00:00,2010-10-23 03:00:00,11,0.38813335,0.6113374
2010-10-22 17:00:00,2010-10-23 04:00:00,12,0.37733334,0.6472925
2010-10-22 17:00:00,2010-10-23 05:00:00,13,0.32753333,0.7674712
2010-10-22 17:00:00,2010-10-23 06:00:00,14,0.6353,1.6506044
2010-10-22 17:00:00,2010-10-23 07:00:00,15,2.3587334,2.1186533
2010-10-22 17:00:00,2010-10-23 08:00:00,16,1.5689334,1.8306323
2010-10-22 17:00:00,2010-10-23 09:00:00,17,1.2997667,1.5790107
2010-10-22 17:00:00,2010-10-23 10:00:00,18,0.4229,1.2185061
2010-10-22 17:00:00,2010-10-23 11:00:00,19,1.0934,1.1487681
2010-10-22 17:00:00,2010-10-23 12:00:00,20,2.0735,1.074409
2010-10-22 17:00:00,2010-10-23 13:00:00,21,1.7854667,0.7877022
2010-10-22 17:00:00,2010-10-23 14:00:00,22,2.6106,0.7850719
2010-10-22 17:00:00,2010-10-23 15:00:00,23,2.4896,0.6478547
2010-10-22 17:00:00,2010-10-23 16:00:00,24,2.5465,0.7937678
2010-10-31 17:00:00,2010-10-31 17:00:00,1,0.45873332,0.3892961
2010-10-31 17:00:00,2010-10-31 18:00:00,2,0.32846665,0.42211914
2010-10-31 17:00:00,2010-10-31 19:00:00,3,0.36433333,0.48409927
2010-10-31 17:00:00,2010-10-31 20:00:00,4,0.3928,0.57505345
2010-10-31 17:00:00,2010-10-31 21:00:00,5,1.2171667,0.57989633
2010-10-31 17:00:00,2010-10-31 22:00:00,6,1.3272667,0.70279074
2010-10-31 17:00:00,2010-10-31 23:00:00,7,2.038,0.90719616
2010-10-31 17:00:00,2010-11-01 00:00:00,8,1.3194,0.8964615
2010-10-31 17:00:00,2010-11-01 01:00:00,9,1.4804333,0.8343565
2010-10-31 17:00:00,2010-11-01 02:00:00,10,1.2860334,0.8401648
2010-10-31 17:00:00,2010-11-01 03:00:00,11,1.0646666,0.6969712
2010-10-31 17:00:00,2010-11-01 04:00:00,12,0.32743335,0.63009214
2010-10-31 17:00:00,2010-11-01 05:00:00,13,0.4504,0.6069944
2010-10-31 17:00:00,2010-11-01 06:00:00,14,0.40496665,0.6093267
2010-10-31 17:00:00,2010-11-01 07:00:00,15,0.38456666,0.65191215
2010-10-31 17:00:00,2010-11-01 08:00:00,16,0.3178,0.7208291
2010-10-31 17:00:00,2010-11-01 09:00:00,17,1.1984,0.6800462
2010-10-31 17:00:00,2010-11-01 10:00:00,18,0.4413,0.73817956
2010-10-31 17:00:00,2010-11-01 11:00:00,19,0.40673333,0.85339653
2010-10-31 17:00:00,2010-11-01 12:00:00,20,0.72833335,0.77371407
2010-10-31 17:00:00,2010-11-01 13:00:00,21,1.8742666,0.73706067
2010-10-31 17:00:00,2010-11-01 14:00:00,22,1.4407,0.765326
2010-10-31 17:00:00,2010-11-01 15:00:00,23,1.4621667,0.6784824
2010-10-31 17:00:00,2010-11-01 16:00:00,24,1.6175,0.64254725
2010-11-01 17:00:00,2010-11-01 17:00:00,1,1.4483,1.4860961
2010-11-01 17:00:00,2010-11-01 18:00:00,2,0.6616333,1.3303757
2010-11-01 17:00:00,2010-11-01 19:00:00,3,0.33193332,1.1595408
2010-11-01 17:00:00,2010-11-01 20:00:00,4,0.475,0.9180563
2010-11-01 17:00:00,2010-11-01 21:00:00,5,1.0677333,0.8408048
2010-11-01 17:00:00,2010-11-01 22:00:00,6,1.3896667,0.8588078
2010-11-01 17:00:00,2010-11-01 23:00:00,7,1.4736333,0.8943908
2010-11-01 17:00:00,2010-11-02 00:00:00,8,1.4327333,0.8817198
2010-11-01 17:00:00,2010-11-02 01:00:00,9,1.2633667,0.8736003
2010-11-01 17:00:00,2010-11-02 02:00:00,10,0.39633334,0.8439452
2010-11-01 17:00:00,2010-11-02 03:00:00,11,0.3301,0.8054134
2010-11-01 17:00:00,2010-11-02 04:00:00,12,1.4277333,0.7803456
2010-11-01 17:00:00,2010-11-02 05:00:00,13,0.37996668,0.76936096
2010-11-01 17:00:00,2010-11-02 06:00:00,14,0.40353334,0.76166224
2010-11-01 17:00:00,2010-11-02 07:00:00,15,0.4835,0.76348776
2010-11-01 17:00:00,2010-11-02 08:00:00,16,0.53433335,0.76266617
2010-11-01 17:00:00,2010-11-02 09:00:00,17,1.4453334,0.76423335
2010-11-01 17:00:00,2010-11-02 10:00:00,18,0.86536664,0.75742817
2010-11-01 17:00:00,2010-11-02 11:00:00,19,0.43026668,0.7552921
2010-11-01 17:00:00,2010-11-02 12:00:00,20,0.34396666,0.75628257
2010-11-01 17:00:00,2010-11-02 13:00:00,21,0.40273333,0.7564931
2010-11-01 17:00:00,2010-11-02 14:00:00,22,0.36106667,0.7622281
2010-11-01 17:00:00,2010-11-02 15:00:00,23,0.37656668,0.76564324
2010-11-01 17:00:00,2010-11-02 16:00:00,24,0.3728,0.74934256
2010-11-02 17:00:00,2010-11-02 17:00:00,1,0.3232,0.41781253
2010-11-02 17:00:00,2010-11-02 18:00:00,2,1.1502334,0.7382544
2010-11-02 17:00:00,2010-11-02 19:00:00,3,0.8409,0.74513704
2010-11-02 17:00:00,2010-11-02 20:00:00,4,1.2145,0.647464
2010-11-02 17:00:00,2010-11-02 21:00:00,5,1.3573667,0.6316112
2010-11-02 17:00:00,2010-11-02 22:00:00,6,1.429,0.68735194
2010-11-02 17:00:00,2010-11-02 23:00:00,7,2.2864666,0.77799726
2010-11-02 17:00:00,2010-11-03 00:00:00,8,0.6133,0.8150171
2010-11-02 17:00:00,2010-11-03 01:00:00,9,0.9561667,0.84802306
2010-11-02 17:00:00,2010-11-03 02:00:00,10,1.0623,0.8357786
2010-11-02 17:00:00,2010-11-03 03:00:00,11,0.40226668,0.74059063
2010-11-02 17:00:00,2010-11-03 04:00:00,12,0.33,0.719072
2010-11-02 17:00:00,2010-11-03 05:00:00,13,0.38843334,0.68150115
2010-11-02 17:00:00,2010-11-03 06:00:00,14,0.52633333,0.6338643
2010-11-02 17:00:00,2010-11-03 07:00:00,15,1.0215,0.6225928
2010-11-02 17:00:00,2010-11-03 08:00:00,16,1.9960667,0.61726975
2010-11-02 17:00:00,2010-11-03 09:00:00,17,2.0325,0.6048504
2010-11-02 17:00:00,2010-11-03 10:00:00,18,1.0415666,0.6181694
2010-11-02 17:00:00,2010-11-03 11:00:00,19,0.38856667,0.6176029
2010-11-02 17:00:00,2010-11-03 12:00:00,20,0.3289,0.6128653
2010-11-02 17:00:00,2010-11-03 13:00:00,21,0.44353333,0.62601256
2010-11-02 17:00:00,2010-11-03 14:00:00,22,0.32583332,0.6277692
2010-11-02 17:00:00,2010-11-03 15:00:00,23,0.3891,0.6229809
2010-11-02 17:00:00,2010-11-03 16:00:00,24,0.38916665,0.6195916
2010-11-03 17:00:00,2010-11-03 17:00:00,1,0.67906666,0.4104851
2010-11-03 17:00:00,2010-11-03 18:00:00,2,0.9811,0.50215477
2010-11-03 17:00:00,2010-11-03 19:00:00,3,1.2302,0.6545544
2010-11-03 17:00:00,2010-11-03 20:00:00,4,1.6190333,0.7300496
2010-11-03 17:00:00,2010-11-03 21:00:00,5,3.1431668,0.8053108
2010-11-03 17:00:00,2010-11-03 22:00:00,6,0.8998,0.78426355
2010-11-03 17:00:00,2010-11-03 23:00:00,7,0.36706668,0.79757494
2010-11-03 17:00:00,2010-11-04 00:00:00,8,0.5018333,0.76300925
2010-11-03 17:00:00,2010-11-04 01:00:00,9,0.8423,0.7384525
2010-11-03 17:00:00,2010-11-04 02:00:00,10,0.5743667,0.69867796
2010-11-03 17:00:00,2010-11-04 03:00:00,11,0.34276667,0.6957382
2010-11-03 17:00:00,2010-11-04 04:00:00,12,0.45573333,0.67792994
2010-11-03 17:00:00,2010-11-04 05:00:00,13,0.39526665,0.6757269
2010-11-03 17:00:00,2010-11-04 06:00:00,14,0.81273335,0.67789644
2010-11-03 17:00:00,2010-11-04 07:00:00,15,2.2722,0.67638654
2010-11-03 17:00:00,2010-11-04 08:00:00,16,4.4189,0.67737603
2010-11-03 17:00:00,2010-11-04 09:00:00,17,2.2490335,0.68723357
2010-11-03 17:00:00,2010-11-04 10:00:00,18,3.6266334,0.6764705
2010-11-03 17:00:00,2010-11-04 11:00:00,19,3.2412667,0.66192716
2010-11-03 17:00:00,2010-11-04 12:00:00,20,2.1015666,0.6585877
2010-11-03 17:00:00,2010-11-04 13:00:00,21,2.1523,0.6536529
2010-11-03 17:00:00,2010-11-04 14:00:00,22,0.8233,0.64558744
2010-11-03 17:00:00,2010-11-04 15:00:00,23,0.7059,0.64363205
2010-11-03 17:00:00,2010-11-04 16:00:00,24,0.4495,0.6411952
2010-11-04 17:00:00,2010-11-04 17:00:00,1,0.65646666,0.43699455
2010-11-04 17:00:00,2010-11-04 18:00:00,2,1.6958667,0.49120253
2010-11-04 17:00:00,2010-11-04 19:00:00,3,4.0537667,0.64598906
2010-11-04 17:00:00,2010-11-04 20:00:00,4,4.4626,0.8368269
2010-11-04 17:00:00,2010-11-04 21:00:00,5,3.0971668,1.1119697
2010-11-04 17:00:00,2010-11-04 22:00:00,6,2.0152667,0.91315484
2010-11-04 17:00:00,2010-11-04 23:00:00,7,0.6390333,0.8409498
2010-11-04 17:00:00,2010-11-05 00:00:00,8,0.48776665,0.7621168
2010-11-04 17:00:00,2010-11-05 01:00:00,9,0.34176666,0.8327216
2010-11-04 17:00:00,2010-11-05 02:00:00,10,0.38386667,0.6830338
2010-11-04 17:00:00,2010-11-05 03:00:00,11,0.42143333,0.64920706
2010-11-04 17:00:00,2010-11-05 04:00:00,12,0.47933334,0.61464643
2010-11-04 17:00:00,2010-11-05 05:00:00,13,0.34576666,0.63553584
2010-11-04 17:00:00,2010-11-05 06:00:00,14,0.7456,0.68558526
2010-11-04 17:00:00,2010-11-05 07:00:00,15,2.7622,0.75035894
2010-11-04 17:00:00,2010-11-05 08:00:00,16,1.8461334,0.82999694
2010-11-04 17:00:00,2010-11-05 09:00:00,17,1.5481,1.0549399
2010-11-04 17:00:00,2010-11-05 10:00:00,18,1.4172333,0.82762706
2010-11-04 17:00:00,2010-11-05 11:00:00,19,1.4705,0.77534336
2010-11-04 17:00:00,2010-11-05 12:00:00,20,1.7144333,0.74144113
2010-11-04 17:00:00,2010-11-05 13:00:00,21,1.6337,0.84821
2010-11-04 17:00:00,2010-11-05 14:00:00,22,1.4995667,0.72738516
2010-11-04 17:00:00,2010-11-05 15:00:00,23,1.5889666,0.6985785
2010-11-04 17:00:00,2010-11-05 16:00:00,24,0.85246664,0.664606
2010-11-05 17:00:00,2010-11-05 17:00:00,1,0.77426666,0.4848556
2010-11-05 17:00:00,2010-11-05 18:00:00,2,1.1301,0.77080077
2010-11-05 17:00:00,2010-11-05 19:00:00,3,1.7655,1.2193457
2010-11-05 17:00:00,2010-11-05 20:00:00,4,2.2045333,1.2472322
2010-11-05 17:00:00,2010-11-05 21:00:00,5,1.8398666,1.2583935
2010-11-05 17:00:00,2010-11-05 22:00:00,6,1.3280333,1.1443647
2010-11-05 17:00:00,2010-11-05 23:00:00,7,0.35366666,1.0310235
2010-11-05 17:00:00,2010-11-06 00:00:00,8,0.3185,0.9246356
2010-11-05 17:00:00,2010-11-06 01:00:00,9,0.48493335,1.0038329
2010-11-05 17:00:00,2010-11-06 02:00:00,10,1.0021334,0.8053309
2010-11-05 17:00:00,2010-11-06 03:00:00,11,0.3465,0.7545166
2010-11-05 17:00:00,2010-11-06 04:00:00,12,0.33843333,0.7686107
2010-11-05 17:00:00,2010-11-06 05:00:00,13,0.43973333,0.7453178
2010-11-05 17:00:00,2010-11-06 06:00:00,14,0.65673333,0.9672113
2010-11-05 17:00:00,2010-11-06 07:00:00,15,2.6104333,1.2671542
2010-11-05 17:00:00,2010-11-06 08:00:00,16,2.1137333,1.2554042
2010-11-05 17:00:00,2010-11-06 09:00:00,17,1.3696,1.2480168
2010-11-05 17:00:00,2010-11-06 10:00:00,18,1.1997334,1.1570129
2010-11-05 17:00:00,2010-11-06 11:00:00,19,2.4701333,1.0472817
2010-11-05 17:00:00,2010-11-06 12:00:00,20,1.9629667,0.9914866
2010-11-05 17:00:00,2010-11-06 13:00:00,21,1.1770333,1.1054715
2010-11-05 17:00:00,2010-11-06 14:00:00,22,0.54833335,0.9698067
2010-11-05 17:00:00,2010-11-06 15:00:00,23,1.8849,0.9550829
2010-11-05 17:00:00,2010-11-06 16:00:00,24,1.7088333,0.8979783
2010-11-06 17:00:00,2010-11-06 17:00:00,1,1.5478333,1.3714046
2010-11-06 17:00:00,2010-11-06 18:00:00,2,2.0902333,1.3282657
2010-11-06 17:00:00,2010-11-06 19:00:00,3,1.8949333,1.5263026
2010-11-06 17:00:00,2010-11-06 20:00:00,4,1.2521666,1.4446722
2010-11-06 17:00:00,2010-11-06 21:00:00,5,1.1034334,1.2467787
2010-11-06 17:00:00,2010-11-06 22:00:00,6,1.0556667,1.0579057
2010-11-06 17:00:00,2010-11-06 23:00:00,7,0.5132,0.87873363
2010-11-06 17:00:00,2010-11-07 00:00:00,8,0.511,0.8591497
2010-11-06 17:00:00,2010-11-07 01:00:00,9,0.3605,0.9157233
2010-11-06 17:00:00,2010-11-07 02:00:00,10,0.37623334,0.87162966
2010-11-06 17:00:00,2010-11-07 03:00:00,11,0.3991,0.89244473
2010-11-06 17:00:00,2010-11-07 04:00:00,12,0.4824,0.9033171
2010-11-06 17:00:00,2010-11-07 05:00:00,13,0.32783332,0.9023037
2010-11-06 17:00:00,2010-11-07 06:00:00,14,0.3385,1.0603383
2010-11-06 17:00:00,2010-11-07 07:00:00,15,1.0311,1.3755479
2010-11-06 17:00:00,2010-11-07 08:00:00,16,0.61076665,1.2974479
2010-11-06 17:00:00,2010-11-07 09:00:00,17,1.5049666,1.2176615
2010-11-06 17:00:00,2010-11-07 10:00:00,18,1.7558334,1.1306571
2010-11-06 17:00:00,2010-11-07 11:00:00,19,2.0469334,1.0314558
2010-11-06 17:00:00,2010-11-07 12:00:00,20,1.7646,1.0234371
2010-11-06 17:00:00,2010-11-07 13:00:00,21,1.2351333,1.0748277
2010-11-06 17:00:00,2010-11-07 14:00:00,22,1.4556,1.0054109
2010-11-06 17:00:00,2010-11-07 15:00:00,23,1.7619,1.044743
2010-11-06 17:00:00,2010-11-07 16:00:00,24,1.2386,1.0207554
2010-11-07 17:00:00,2010-11-07 17:00:00,1,1.2321334,1.1422014
2010-11-07 17:00:00,2010-11-07 18:00:00,2,1.9366,1.3179729
2010-11-07 17:00:00,2010-11-07 19:00:00,3,1.9461,1.5354851
2010-11-07 17:00:00,2010-11-07 20:00:00,4,2.1082335,1.4674467
2010-11-07 17:00:00,2010-11-07 21:00:00,5,1.7344333,1.3522811
2010-11-07 17:00:00,2010-11-07 22:00:00,6,1.2988334,1.1583889
2010-11-07 17:00:00,2010-11-07 23:00:00,7,0.4396,0.5507543
2010-11-07 17:00:00,2010-11-08 00:00:00,8,0.3135,0.487813
2010-11-07 17:00:00,2010-11-08 01:00:00,9,0.40163332,0.45588362
2010-11-07 17:00:00,2010-11-08 02:00:00,10,0.376,0.43824452
2010-11-07 17:00:00,2010-11-08 03:00:00,11,1.0100666,0.41215086
2010-11-07 17:00:00,2010-11-08 04:00:00,12,0.3308,0.40786922
2010-11-07 17:00:00,2010-11-08 05:00:00,13,0.33143333,0.42084235
2010-11-07 17:00:00,2010-11-08 06:00:00,14,0.9282,0.4861434
2010-11-07 17:00:00,2010-11-08 07:00:00,15,2.6106668,1.1594125
2010-11-07 17:00:00,2010-11-08 08:00:00,16,1.7462,1.2120945
2010-11-07 17:00:00,2010-11-08 09:00:00,17,1.488,1.2849787
2010-11-07 17:00:00,2010-11-08 10:00:00,18,1.3425666,1.2871199
2010-11-07 17:00:00,2010-11-08 11:00:00,19,1.3471333,1.298569
2010-11-07 17:00:00,2010-11-08 12:00:00,20,1.5107334,1.2798405
2010-11-07 17:00:00,2010-11-08 13:00:00,21,2.0889332,1.2270885
2010-11-07 17:00:00,2010-11-08 14:00:00,22,1.2387,1.1905057
2010-11-07 17:00:00,2010-11-08 15:00:00,23,0.94373333,1.201442
2010-11-07 17:00:00,2010-11-08 16:00:00,24,0.44696668,1.0151317
2010-11-08 17:00:00,2010-11-08 17:00:00,1,0.6663333,0.5656119
2010-11-08 17:00:00,2010-11-08 18:00:00,2,1.5786,1.237238
2010-11-08 17:00:00,2010-11-08 19:00:00,3,2.1504333,1.6212497
2010-11-08 17:00:00,2010-11-08 20:00:00,4,2.5562668,1.6585326
2010-11-08 17:00:00,2010-11-08 21:00:00,5,2.6497333,1.5519245
2010-11-08 17:00:00,2010-11-08 22:00:00,6,1.8272333,1.2933023
2010-11-08 17:00:00,2010-11-08 23:00:00,7,0.5418,0.64141905
2010-11-08 17:00:00,2010-11-09 00:00:00,8,0.3769,0.49769932
2010-11-08 17:00:00,2010-11-09 01:00:00,9,0.3479,0.47171843
2010-11-08 17:00:00,2010-11-09 02:00:00,10,0.31756666,0.43565524
2010-11-08 17:00:00,2010-11-09 03:00:00,11,0.31586668,0.43577904
2010-11-08 17:00:00,2010-11-09 04:00:00,12,0.31166667,0.42038894
2010-11-08 17:00:00,2010-11-09 05:00:00,13,0.39126667,0.41818094
2010-11-08 17:00:00,2010-11-09 06:00:00,14,1.6285,0.47520208
2010-11-08 17:00:00,2010-11-09 07:00:00,15,1.9789667,1.1220552
2010-11-08 17:00:00,2010-11-09 08:00:00,16,1.9015334,1.2404642
2010-11-08 17:00:00,2010-11-09 09:00:00,17,1.7798333,1.3022859
2010-11-08 17:00:00,2010-11-09 10:00:00,18,1.0868334,1.0272796
2010-11-08 17:00:00,2010-11-09 11:00:00,19,1.5032,0.60170555
2010-11-08 17:00:00,2010-11-09 12:00:00,20,1.3461334,0.51197857
2010-11-08 17:00:00,2010-11-09 13:00:00,21,0.9226,0.53319484
2010-11-08 17:00:00,2010-11-09 14:00:00,22,0.5484333,0.4616031
2010-11-08 17:00:00,2010-11-09 15:00:00,23,0.48606667,0.46749675
2010-11-08 17:00:00,2010-11-09 16:00:00,24,0.6602,0.46421617
2010-11-09 17:00:00,2010-11-09 17:00:00,1,2.2828,0.8085816
2010-11-09 17:00:00,2010-11-09 18:00:00,2,2.8098333,1.4685551
2010-11-09 17:00:00,2010-11-09 19:00:00,3,2.416,1.9228661
2010-11-09 17:00:00,2010-11-09 20:00:00,4,3.7867,2.0012975
2010-11-09 17:00:00,2010-11-09 21:00:00,5,2.9360666,1.9171425
2010-11-09 17:00:00,2010-11-09 22:00:00,6,2.3407333,1.273317
2010-11-09 17:00:00,2010-11-09 23:00:00,7,1.2260333,0.47375572
2010-11-09 17:00:00,2010-11-10 00:00:00,8,0.7873333,0.4098301
2010-11-09 17:00:00,2010-11-10 01:00:00,9,0.4217,0.4156561
2010-11-09 17:00:00,2010-11-10 02:00:00,10,0.32753333,0.39070123
2010-11-09 17:00:00,2010-11-10 03:00:00,11,0.32993335,0.35515535
2010-11-09 17:00:00,2010-11-10 04:00:00,12,0.30846667,0.36933118
2010-11-09 17:00:00,2010-11-10 05:00:00,13,0.34516665,0.34707618
2010-11-09 17:00:00,2010-11-10 06:00:00,14,0.76143336,0.81372875
2010-11-09 17:00:00,2010-11-10 07:00:00,15,2.8744333,1.8591077
2010-11-09 17:00:00,2010-11-10 08:00:00,16,2.3632333,1.9508144
2010-11-09 17:00:00,2010-11-10 09:00:00,17,1.7861,1.7713453
2010-11-09 17:00:00,2010-11-10 10:00:00,18,3.372,1.4311892
2010-11-09 17:00:00,2010-11-10 11:00:00,19,3.2857332,1.2761085
2010-11-09 17:00:00,2010-11-10 12:00:00,20,1.4770334,1.1191151
2010-11-09 17:00:00,2010-11-10 13:00:00,21,2.4002333,0.9573355
2010-11-09 17:00:00,2010-11-10 14:00:00,22,2.0136666,0.5914965
2010-11-09 17:00:00,2010-11-10 15:00:00,23,1.5725666,0.5550757
2010-11-09 17:00:00,2010-11-10 16:00:00,24,1.5676666,0.5373061
2010-11-10 17:00:00,2010-11-10 17:00:00,1,1.308,1.4918232
2010-11-10 17:00:00,2010-11-10 18:00:00,2,1.7590333,2.071533
2010-11-10 17:00:00,2010-11-10 19:00:00,3,0.96316665,2.573998
2010-11-10 17:00:00,2010-11-10 20:00:00,4,0.39333335,2.6354809
2010-11-10 17:00:00,2010-11-10 21:00:00,5,0.4352,2.1665115
2010-11-10 17:00:00,2010-11-10 22:00:00,6,0.38683334,1.6834575
2010-11-10 17:00:00,2010-11-10 23:00:00,7,1.2024333,0.6837036
2010-11-10 17:00:00,2010-11-11 00:00:00,8,0.5653333,0.46211147
2010-11-10 17:00:00,2010-11-11 01:00:00,9,0.35243332,0.40207696
2010-11-10 17:00:00,2010-11-11 02:00:00,10,0.3161,0.36121547
2010-11-10 17:00:00,2010-11-11 03:00:00,11,0.34573334,0.3305341
2010-11-10 17:00:00,2010-11-11 04:00:00,12,0.36686668,0.32192445
2010-11-10 17:00:00,2010-11-11 05:00:00,13,0.36366665,0.31002784
2010-11-10 17:00:00,2010-11-11 06:00:00,14,1.1501666,0.7795138
2010-11-10 17:00:00,2010-11-11 07:00:00,15,0.64593333,2.1773043
2010-11-10 17:00:00,2010-11-11 08:00:00,16,0.8163,2.1367154
2010-11-10 17:00:00,2010-11-11 09:00:00,17,1.1073333,1.8645148
2010-11-10 17:00:00,2010-11-11 10:00:00,18,1.4271667,1.9848428
2010-11-10 17:00:00,2010-11-11 11:00:00,19,2.6264334,2.0776844
2010-11-10 17:00:00,2010-11-11 12:00:00,20,1.8741333,1.8541406
2010-11-10 17:00:00,2010-11-11 13:00:00,21,1.2342,1.7073085
2010-11-10 17:00:00,2010-11-11 14:00:00,22,1.7211666,1.4546278
2010-11-10 17:00:00,2010-11-11 15:00:00,23,2.8895,1.3513025
2010-11-10 17:00:00,2010-11-11 16:00:00,24,2.7048,1.0785189
2010-11-11 17:00:00,2010-11-11 17:00:00,1,2.3609,1.95847
2010-11-11 17:00:00,2010-11-11 18:00:00,2,1.5769334,1.9246826
2010-11-11 17:00:00,2010-11-11 19:00:00,3,1.6116333,1.9054229
2010-11-11 17:00:00,2010-11-11 20:00:00,4,1.8592666,1.801625
2010-11-11 17:00:00,2010-11-11 21:00:00,5,0.8788,1.4963658
2010-11-11 17:00:00,2010-11-11 22:00:00,6,0.48406667,1.1570815
2010-11-11 17:00:00,2010-11-11 23:00:00,7,0.281,0.6090064
2010-11-11 17:00:00,2010-11-12 00:00:00,8,0.881,0.33034784
2010-11-11 17:00:00,2010-11-12 01:00:00,9,0.26726666,0.32617474
2010-11-11 17:00:00,2010-11-12 02:00:00,10,0.35063332,0.3244915
2010-11-11 17:00:00,2010-11-12 03:00:00,11,0.3204,0.32326895
2010-11-11 17:00:00,2010-11-12 04:00:00,12,0.2792,0.2738918
2010-11-11 17:00:00,2010-11-12 05:00:00,13,0.2896,0.2708745
2010-11-11 17:00:00,2010-11-12 06:00:00,14,0.65636665,0.8158041
2010-11-11 17:00:00,2010-11-12 07:00:00,15,2.694,1.8419967
2010-11-11 17:00:00,2010-11-12 08:00:00,16,2.3759,1.6519375
2010-11-11 17:00:00,2010-11-12 09:00:00,17,1.5554667,1.4954062
2010-11-11 17:00:00,2010-11-12 10:00:00,18,1.8644333,1.5714475
2010-11-11 17:00:00,2010-11-12 11:00:00,19,1.4117334,1.8096308
2010-11-11 17:00:00,2010-11-12 12:00:00,20,1.4349333,1.7335392
2010-11-11 17:00:00,2010-11-12 13:00:00,21,0.80183333,1.5975162
2010-11-11 17:00:00,2010-11-12 14:00:00,22,1.3209333,1.5411649
2010-11-11 17:00:00,2010-11-12 15:00:00,23,1.7907667,1.5806909
2010-11-11 17:00:00,2010-11-12 16:00:00,24,1.3616667,1.3605082
2010-11-12 17:00:00,2010-11-12 17:00:00,1,2.4561,1.401838
2010-11-12 17:00:00,2010-11-12 18:00:00,2,2.2808666,1.7459439
2010-11-12 17:00:00,2010-11-12 19:00:00,3,2.3919666,1.7763137
2010-11-12 17:00:00,2010-11-12 20:00:00,4,1.7533333,1.6397023
2010-11-12 17:00:00,2010-11-12 21:00:00,5,1.1149,1.2714517
2010-11-12 17:00:00,2010-11-12 22:00:00,6,0.32053334,0.8787476
2010-11-12 17:00:00,2010-11-12 23:00:00,7,0.63986665,0.50747854
2010-11-12 17:00:00,2010-11-13 00:00:00,8,0.6910333,0.4307534
2010-11-12 17:00:00,2010-11-13 01:00:00,9,0.8481,0.34354836
2010-11-12 17:00:00,2010-11-13 02:00:00,10,0.3094,0.3307281
2010-11-12 17:00:00,2010-11-13 03:00:00,11,0.28396666,0.32015932
2010-11-12 17:00:00,2010-11-13 04:00:00,12,0.34943333,0.29416198
2010-11-12 17:00:00,2010-11-13 05:00:00,13,0.37116668,0.3077479
2010-11-12 17:00:00,2010-11-13 06:00:00,14,0.5848,0.78208566
2010-11-12 17:00:00,2010-11-13 07:00:00,15,2.1326,1.6035137
2010-11-12 17:00:00,2010-11-13 08:00:00,16,1.4960333,1.5564737
2010-11-12 17:00:00,2010-11-13 09:00:00,17,0.7291667,1.53391
2010-11-12 17:00:00,2010-11-13 10:00:00,18,0.42203334,1.5715173
2010-11-12 17:00:00,2010-11-13 11:00:00,19,1.1491,1.7024363
2010-11-12 17:00:00,2010-11-13 12:00:00,20,1.1453,1.5957719
2010-11-12 17:00:00,2010-11-13 13:00:00,21,2.062,1.3459903
2010-11-12 17:00:00,2010-11-13 14:00:00,22,2.0979333,1.354962
2010-11-12 17:00:00,2010-11-13 15:00:00,23,2.1959667,1.5008466
2010-11-12 17:00:00,2010-11-13 16:00:00,24,3.2211332,1.3834007
2010-11-13 17:00:00,2010-11-13 17:00:00,1,2.7615666,2.4276836
2010-11-13 17:00:00,2010-11-13 18:00:00,2,1.7153,2.1643825
2010-11-13 17:00:00,2010-11-13 19:00:00,3,2.2923334,2.0084467
2010-11-13 17:00:00,2010-11-13 20:00:00,4,1.7131667,1.6693783
2010-11-13 17:00:00,2010-11-13 21:00:00,5,1.7058,1.1628757
2010-11-13 17:00:00,2010-11-13 22:00:00,6,1.6986333,0.6172777
2010-11-13 17:00:00,2010-11-13 23:00:00,7,1.7436,0.4697683
2010-11-13 17:00:00,2010-11-14 00:00:00,8,1.845,0.4285378
2010-11-13 17:00:00,2010-11-14 01:00:00,9,1.5677333,0.3676831
2010-11-13 17:00:00,2010-11-14 02:00:00,10,1.0019667,0.3271091
2010-11-13 17:00:00,2010-11-14 03:00:00,11,0.5980667,0.32135433
2010-11-13 17:00:00,2010-11-14 04:00:00,12,0.33706668,0.31272697
2010-11-13 17:00:00,2010-11-14 05:00:00,13,0.36503333,0.33778864
2010-11-13 17:00:00,2010-11-14 06:00:00,14,0.28716666,0.7845095
2010-11-13 17:00:00,2010-11-14 07:00:00,15,0.30586666,1.8090401
2010-11-13 17:00:00,2010-11-14 08:00:00,16,0.5280333,1.648087
2010-11-13 17:00:00,2010-11-14 09:00:00,17,1.1209333,1.4290383
2010-11-13 17:00:00,2010-11-14 10:00:00,18,1.1384667,1.4508821
2010-11-13 17:00:00,2010-11-14 11:00:00,19,1.027,1.6180393
2010-11-13 17:00:00,2010-11-14 12:00:00,20,1.3779666,1.602462
2010-11-13 17:00:00,2010-11-14 13:00:00,21,1.2797667,1.5731134
2010-11-13 17:00:00,2010-11-14 14:00:00,22,1.4889667,1.6049087
2010-11-13 17:00:00,2010-11-14 15:00:00,23,4.1565666,1.628365
2010-11-13 17:00:00,2010-11-14 16:00:00,24,2.8365333,1.5791097
2010-11-14 17:00:00,2010-11-14 17:00:00,1,2.3593667,2.2362316
2010-11-14 17:00:00,2010-11-14 18:00:00,2,2.3845334,2.0439901
2010-11-14 17:00:00,2010-11-14 19:00:00,3,1.4889333,1.9496789
2010-11-14 17:00:00,2010-11-14 20:00:00,4,2.6314332,1.6973832
2010-11-14 17:00:00,2010-11-14 21:00:00,5,2.5521667,1.4478623
2010-11-14 17:00:00,2010-11-14 22:00:00,6,0.90646666,1.1852697
2010-11-14 17:00:00,2010-11-14 23:00:00,7,0.38816667,0.99639046
2010-11-14 17:00:00,2010-11-15 00:00:00,8,0.28103334,0.9410205
2010-11-14 17:00:00,2010-11-15 01:00:00,9,0.34606665,0.6528906
2010-11-14 17:00:00,2010-11-15 02:00:00,10,0.32846665,0.4471326
2010-11-14 17:00:00,2010-11-15 03:00:00,11,0.5818667,0.39267194
2010-11-14 17:00:00,2010-11-15 04:00:00,12,0.6005,0.33495343
2010-11-14 17:00:00,2010-11-15 05:00:00,13,0.3533,0.34912187
2010-11-14 17:00:00,2010-11-15 06:00:00,14,0.8715,0.52799684
2010-11-14 17:00:00,2010-11-15 07:00:00,15,2.6275334,0.943933
2010-11-14 17:00:00,2010-11-15 08:00:00,16,1.5821,0.98704016
2010-11-14 17:00:00,2010-11-15 09:00:00,17,1.3828,1.0465227
2010-11-14 17:00:00,2010-11-15 10:00:00,18,1.3088666,1.0279459
2010-11-14 17:00:00,2010-11-15 11:00:00,19,1.3804,1.1678272
2010-11-14 17:00:00,2010-11-15 12:00:00,20,3.3210666,1.2446517
2010-11-14 17:00:00,2010-11-15 13:00:00,21,2.8092666,1.322494
2010-11-14 17:00:00,2010-11-15 14:00:00,22,0.42953333,1.4839083
2010-11-14 17:00:00,2010-11-15 15:00:00,23,0.3873,1.7499095
2010-11-14 17:00:00,2010-11-15 16:00:00,24,0.51523334,1.7644606
2010-11-15 17:00:00,2010-11-15 17:00:00,1,0.8739333,0.88433325
2010-11-15 17:00:00,2010-11-15 18:00:00,2,1.3073334,1.3638682
2010-11-15 17:00:00,2010-11-15 19:00:00,3,1.5779333,1.50803
2010-11-15 17:00:00,2010-11-15 20:00:00,4,2.9928,1.5760878
2010-11-15 17:00:00,2010-11-15 21:00:00,5,1.5087667,1.5150381
2010-11-15 17:00:00,2010-11-15 22:00:00,6,1.2497,1.4155855
2010-11-15 17:00:00,2010-11-15 23:00:00,7,0.5057333,1.2909108
2010-11-15 17:00:00,2010-11-16 00:00:00,8,0.3238,1.1563368
2010-11-15 17:00:00,2010-11-16 01:00:00,9,0.29226667,0.91358376
2010-11-15 17:00:00,2010-11-16 02:00:00,10,1.0268333,0.8126435
2010-11-15 17:00:00,2010-11-16 03:00:00,11,0.30073333,0.7683277
2010-11-15 17:00:00,2010-11-16 04:00:00,12,0.27913332,0.71401125
2010-11-15 17:00:00,2010-11-16 05:00:00,13,0.33756667,0.7268102
2010-11-15 17:00:00,2010-11-16 06:00:00,14,1.2221667,0.9194082
2010-11-15 17:00:00,2010-11-16 07:00:00,15,2.4552333,1.3459754
2010-11-15 17:00:00,2010-11-16 08:00:00,16,1.6832334,1.3497993
2010-11-15 17:00:00,2010-11-16 09:00:00,17,1.5805,1.3207729
2010-11-15 17:00:00,2010-11-16 10:00:00,18,1.4629667,1.3263923
2010-11-15 17:00:00,2010-11-16 11:00:00,19,0.90566665,1.3649384
2010-11-15 17:00:00,2010-11-16 12:00:00,20,0.37053335,1.2445314
2010-11-15 17:00:00,2010-11-16 13:00:00,21,0.36646667,1.2355995
2010-11-15 17:00:00,2010-11-16 14:00:00,22,0.28203332,1.1935763
2010-11-15 17:00:00,2010-11-16 15:00:00,23,0.3146,1.1220531
2010-11-15 17:00:00,2010-11-16 16:00:00,24,0.5391,1.0923514
2010-11-16 17:00:00,2010-11-16 17:00:00,1,1.4056,0.9192208
2010-11-16 17:00:00,2010-11-16 18:00:00,2,2.0628667,1.2186723
2010-11-16 17:00:00,2010-11-16 19:00:00,3,1.9874,1.3308296
2010-11-16 17:00:00,2010-11-16 20:00:00,4,2.1772332,1.3860108
2010-11-16 17:00:00,2010-11-16 21:00:00,5,2.5300333,1.1099697
2010-11-16 17:00:00,2010-11-16 22:00:00,6,0.7507,0.87043583
2010-11-16 17:00:00,2010-11-16 23:00:00,7,0.5058,0.7445547
2010-11-16 17:00:00,2010-11-17 00:00:00,8,0.3677,0.6027091
2010-11-16 17:00:00,2010-11-17 01:00:00,9,0.29406667,0.52425504
2010-11-16 17:00:00,2010-11-17 02:00:00,10,0.32846665,0.5293259
2010-11-16 17:00:00,2010-11-17 03:00:00,11,0.32553333,0.4778185
2010-11-16 17:00:00,2010-11-17 04:00:00,12,0.5885,0.44739872
2010-11-16 17:00:00,2010-11-17 05:00:00,13,0.74216664,0.4922958
2010-11-16 17:00:00,2010-11-17 06:00:00,14,0.9257,0.898021
2010-11-16 17:00:00,2010-11-17 07:00:00,15,2.7571332,1.5765898
2010-11-16 17:00:00,2010-11-17 08:00:00,16,1.4536667,1.3426051
2010-11-16 17:00:00,2010-11-17 09:00:00,17,1.3489333,1.2094018
2010-11-16 17:00:00,2010-11-17 10:00:00,18,1.3998333,1.2612944
2010-11-16 17:00:00,2010-11-17 11:00:00,19,1.4121,1.3235354
2010-11-16 17:00:00,2010-11-17 12:00:00,20,1.5148,1.1909821
2010-11-16 17:00:00,2010-11-17 13:00:00,21,0.69016665,1.2459525
2010-11-16 17:00:00,2010-11-17 14:00:00,22,0.2803,1.2450013
2010-11-16 17:00:00,2010-11-17 15:00:00,23,0.4599,1.2875448
2010-11-16 17:00:00,2010-11-17 16:00:00,24,0.80006665,1.3212025
2010-11-17 17:00:00,2010-11-17 17:00:00,1,1.0461,1.5678018
2010-11-17 17:00:00,2010-11-17 18:00:00,2,1.6297333,1.7891903
2010-11-17 17:00:00,2010-11-17 19:00:00,3,2.3266666,1.9367397
2010-11-17 17:00:00,2010-11-17 20:00:00,4,2.2446666,1.9279094
2010-11-17 17:00:00,2010-11-17 21:00:00,5,1.7382667,1.5926772
2010-11-17 17:00:00,2010-11-17 22:00:00,6,1.0596,1.0705383
2010-11-17 17:00:00,2010-11-17 23:00:00,7,0.63313335,0.6715897
2010-11-17 17:00:00,2010-11-18 00:00:00,8,0.44186667,0.44878834
2010-11-17 17:00:00,2010-11-18 01:00:00,9,0.39063334,0.34494454
2010-11-17 17:00:00,2010-11-18 02:00:00,10,0.51353335,0.32801336
2010-11-17 17:00:00,2010-11-18 03:00:00,11,1.0192,0.30778468
2010-11-17 17:00:00,2010-11-18 04:00:00,12,0.4596,0.3307954
2010-11-17 17:00:00,2010-11-18 05:00:00,13,0.38533333,0.43282926
2010-11-17 17:00:00,2010-11-18 06:00:00,14,0.9687,0.9385849
2010-11-17 17:00:00,2010-11-18 07:00:00,15,2.6866667,1.7854183
2010-11-17 17:00:00,2010-11-18 08:00:00,16,1.5315,1.457672
2010-11-17 17:00:00,2010-11-18 09:00:00,17,1.3510667,1.3290447
2010-11-17 17:00:00,2010-11-18 10:00:00,18,1.3487333,1.3288102
2010-11-17 17:00:00,2010-11-18 11:00:00,19,1.3437667,1.2953234
2010-11-17 17:00:00,2010-11-18 12:00:00,20,1.5858,1.3004038
2010-11-17 17:00:00,2010-11-18 13:00:00,21,0.9234667,1.0735207
2010-11-17 17:00:00,2010-11-18 14:00:00,22,0.41346666,1.0475702
2010-11-17 17:00:00,2010-11-18 15:00:00,23,0.32563335,1.2608482
2010-11-17 17:00:00,2010-11-18 16:00:00,24,0.46526667,1.381769
2010-11-18 17:00:00,2010-11-18 17:00:00,1,0.57783335,1.0233696
2010-11-18 17:00:00,2010-11-18 18:00:00,2,2.7284334,1.568801
2010-11-18 17:00:00,2010-11-18 19:00:00,3,2.5739334,2.105093
2010-11-18 17:00:00,2010-11-18 20:00:00,4,2.1646667,2.3563604
2010-11-18 17:00:00,2010-11-18 21:00:00,5,1.9349667,1.843717
2010-11-18 17:00:00,2010-11-18 22:00:00,6,0.9224333,1.1120824
2010-11-18 17:00:00,2010-11-18 23:00:00,7,0.47936666,0.58347136
2010-11-18 17:00:00,2010-11-19 00:00:00,8,0.3419,0.39789248
2010-11-18 17:00:00,2010-11-19 01:00:00,9,0.27706668,0.3652562
2010-11-18 17:00:00,2010-11-19 02:00:00,10,0.95486665,0.3487901
2010-11-18 17:00:00,2010-11-19 03:00:00,11,0.3147,0.31631
2010-11-18 17:00:00,2010-11-19 04:00:00,12,0.33873335,0.33835304
2010-11-18 17:00:00,2010-11-19 05:00:00,13,0.26493335,0.39108193
2010-11-18 17:00:00,2010-11-19 06:00:00,14,0.85006666,1.0657349
2010-11-18 17:00:00,2010-11-19 07:00:00,15,2.2033,2.4756064
2010-11-18 17:00:00,2010-11-19 08:00:00,16,1.4469666,1.6841483
2010-11-18 17:00:00,2010-11-19 09:00:00,17,1.3643667,1.4563483
2010-11-18 17:00:00,2010-11-19 10:00:00,18,1.3499,1.36959
2010-11-18 17:00:00,2010-11-19 11:00:00,19,1.3954667,1.2526107
2010-11-18 17:00:00,2010-11-19 12:00:00,20,1.3907,1.2176253
2010-11-18 17:00:00,2010-11-19 13:00:00,21,1.5944,0.84051186
2010-11-18 17:00:00,2010-11-19 14:00:00,22,1.5211,0.46465117
2010-11-18 17:00:00,2010-11-19 15:00:00,23,1.6228666,0.4414925
2010-11-18 17:00:00,2010-11-19 16:00:00,24,1.4697,0.7223189
2010-11-19 17:00:00,2010-11-19 17:00:00,1,0.8242667,1.4712026
2010-11-19 17:00:00,2010-11-19 18:00:00,2,1.0184667,1.7471201
2010-11-19 17:00:00,2010-11-19 19:00:00,3,1.2497667,1.875347
2010-11-19 17:00:00,2010-11-19 20:00:00,4,1.6652666,1.7966063
2010-11-19 17:00:00,2010-11-19 21:00:00,5,1.7783667,1.6311336
2010-11-19 17:00:00,2010-11-19 22:00:00,6,0.6019667,1.1887411
2010-11-19 17:00:00,2010-11-19 23:00:00,7,0.3342,0.9441078
2010-11-19 17:00:00,2010-11-20 00:00:00,8,0.31696665,0.7125483
2010-11-19 17:00:00,2010-11-20 01:00:00,9,0.2849,0.6442429
2010-11-19 17:00:00,2010-11-20 02:00:00,10,0.3567,0.6299695
2010-11-19 17:00:00,2010-11-20 03:00:00,11,0.31026667,0.5413832
2010-11-19 17:00:00,2010-11-20 04:00:00,12,0.32653335,0.5233299
2010-11-19 17:00:00,2010-11-20 05:00:00,13,0.88526666,0.55570805
2010-11-19 17:00:00,2010-11-20 06:00:00,14,0.7865667,0.78725
2010-11-19 17:00:00,2010-11-20 07:00:00,15,2.6342332,1.6438115
2010-11-19 17:00:00,2010-11-20 08:00:00,16,1.9728333,1.4175545
2010-11-19 17:00:00,2010-11-20 09:00:00,17,1.8750666,1.3097625
2010-11-19 17:00:00,2010-11-20 10:00:00,18,1.2921333,1.326755
2010-11-19 17:00:00,2010-11-20 11:00:00,19,2.6911333,1.3213651
2010-11-19 17:00:00,2010-11-20 12:00:00,20,1.1306,1.3678681
2010-11-19 17:00:00,2010-11-20 13:00:00,21,1.298,1.3730514
2010-11-19 17:00:00,2010-11-20 14:00:00,22,1.0514333,1.2999121
2010-11-19 17:00:00,2010-11-20 15:00:00,23,1.2581667,1.415045
2010-11-19 17:00:00,2010-11-20 16:00:00,24,1.5170333,1.4848611
2010-11-20 17:00:00,2010-11-20 17:00:00,1,1.7953,1.4322042
2010-11-20 17:00:00,2010-11-20 18:00:00,2,5.6268334,1.5962034
2010-11-20 17:00:00,2010-11-20 19:00:00,3,3.2597,1.7126727
2010-11-20 17:00:00,2010-11-20 20:00:00,4,2.1171334,1.8732886
2010-11-20 17:00:00,2010-11-20 21:00:00,5,1.7741,1.7383206
2010-11-20 17:00:00,2010-11-20 22:00:00,6,1.3264,0.8847728
2010-11-20 17:00:00,2010-11-20 23:00:00,7,0.7294667,0.4738521
2010-11-20 17:00:00,2010-11-21 00:00:00,8,0.5199,0.36349517
2010-11-20 17:00:00,2010-11-21 01:00:00,9,0.2938,0.35091275
2010-11-20 17:00:00,2010-11-21 02:00:00,10,0.8968,0.36374164
2010-11-20 17:00:00,2010-11-21 03:00:00,11,0.3299,0.35026437
2010-11-20 17:00:00,2010-11-21 04:00:00,12,0.34456667,0.35441715
2010-11-20 17:00:00,2010-11-21 05:00:00,13,0.29026666,0.42884558
2010-11-20 17:00:00,2010-11-21 06:00:00,14,0.33686668,0.85523295
2010-11-20 17:00:00,2010-11-21 07:00:00,15,2.0713,2.1041784
2010-11-20 17:00:00,2010-11-21 08:00:00,16,1.4247,1.6391466
2010-11-20 17:00:00,2010-11-21 09:00:00,17,1.2906333,1.5192318
2010-11-20 17:00:00,2010-11-21 10:00:00,18,0.2681,1.3953636
2010-11-20 17:00:00,2010-11-21 11:00:00,19,0.29916668,1.4654124
2010-11-20 17:00:00,2010-11-21 12:00:00,20,0.34963334,1.5506946
2010-11-20 17:00:00,2010-11-21 13:00:00,21,0.27686667,1.2816842
2010-11-20 17:00:00,2010-11-21 14:00:00,22,0.28096667,0.7484017
2010-11-20 17:00:00,2010-11-21 15:00:00,23,0.29733333,0.8154805
2010-11-20 17:00:00,2010-11-21 16:00:00,24,0.35083333,0.98197293
2010-11-21 17:00:00,2010-11-21 17:00:00,1,0.72393334,0.45205343
2010-11-21 17:00:00,2010-11-21 18:00:00,2,0.45113334,1.3194648
2010-11-21 17:00:00,2010-11-21 19:00:00,3,0.29546666,1.6891481
2010-11-21 17:00:00,2010-11-21 20:00:00,4,0.60476667,1.8395875
2010-11-21 17:00:00,2010-11-21 21:00:00,5,1.2213,1.6354518
2010-11-21 17:00:00,2010-11-21 22:00:00,6,1.4937667,0.8061235
2010-11-21 17:00:00,2010-11-21 23:00:00,7,0.30316666,0.4157676
2010-11-21 17:00:00,2010-11-22 00:00:00,8,0.3675,0.315216
2010-11-21 17:00:00,2010-11-22 01:00:00,9,0.27986667,0.29083216
2010-11-21 17:00:00,2010-11-22 02:00:00,10,0.28336668,0.30679595
2010-11-21 17:00:00,2010-11-22 03:00:00,11,0.27493334,0.27686208
2010-11-21 17:00:00,2010-11-22 04:00:00,12,0.3683,0.32964307
2010-11-21 17:00:00,2010-11-22 05:00:00,13,0.2859,0.37964958
2010-11-21 17:00:00,2010-11-22 06:00:00,14,0.9530333,0.80633706
2010-11-21 17:00:00,2010-11-22 07:00:00,15,2.137,2.4246607
2010-11-21 17:00:00,2010-11-22 08:00:00,16,2.5902333,1.5930799
2010-11-21 17:00:00,2010-11-22 09:00:00,17,1.4276,1.4472021
2010-11-21 17:00:00,2010-11-22 10:00:00,18,3.1053667,1.2872031
2010-11-21 17:00:00,2010-11-22 11:00:00,19,2.6391332,1.2366925
2010-11-21 17:00:00,2010-11-22 12:00:00,20,1.8669333,1.1410809
2010-11-21 17:00:00,2010-11-22 13:00:00,21,1.9867667,0.8968898
2010-11-21 17:00:00,2010-11-22 14:00:00,22,1.5176667,0.41205496
2010-11-21 17:00:00,2010-11-22 15:00:00,23,1.3865666,0.43995035
2010-11-21 17:00:00,2010-11-22 16:00:00,24,0.69263333,0.5506867
2010-11-22 17:00:00,2010-11-22 17:00:00,1,0.6457667,0.7887174
2010-11-22 17:00:00,2010-11-22 18:00:00,2,3.1683,1.5558246
2010-11-22 17:00:00,2010-11-22 19:00:00,3,2.5895,1.8509125
2010-11-22 17:00:00,2010-11-22 20:00:00,4,1.5825334,1.8394008
2010-11-22 17:00:00,2010-11-22 21:00:00,5,2.3887,1.706892
2010-11-22 17:00:00,2010-11-22 22:00:00,6,1.1652,1.0553741
2010-11-22 17:00:00,2010-11-22 23:00:00,7,0.3228,0.61732346
2010-11-22 17:00:00,2010-11-23 00:00:00,8,0.36516666,0.3887095
2010-11-22 17:00:00,2010-11-23 01:00:00,9,0.29243332,0.33232123
2010-11-22 17:00:00,2010-11-23 02:00:00,10,0.28236666,0.48610258
2010-11-22 17:00:00,2010-11-23 03:00:00,11,0.2745,0.3007548
2010-11-22 17:00:00,2010-11-23 04:00:00,12,0.36016667,0.29624045
2010-11-22 17:00:00,2010-11-23 05:00:00,13,0.2802,0.30896878
2010-11-22 17:00:00,2010-11-23 06:00:00,14,0.6357333,0.7410618
2010-11-22 17:00:00,2010-11-23 07:00:00,15,2.5486,2.2313457
2010-11-22 17:00:00,2010-11-23 08:00:00,16,1.7040666,1.6188859
2010-11-22 17:00:00,2010-11-23 09:00:00,17,1.4006333,1.470834
2010-11-22 17:00:00,2010-11-23 10:00:00,18,1.57,1.3933043
2010-11-22 17:00:00,2010-11-23 11:00:00,19,1.7039666,1.3690418
2010-11-22 17:00:00,2010-11-23 12:00:00,20,1.0491667,1.180737
2010-11-22 17:00:00,2010-11-23 13:00:00,21,0.8319,0.9195868
2010-11-22 17:00:00,2010-11-23 14:00:00,22,1.5486333,0.6588098
2010-11-22 17:00:00,2010-11-23 15:00:00,23,0.4,0.5744961
2010-11-22 17:00:00,2010-11-23 16:00:00,24,0.5092667,0.7200316
2010-11-23 17:00:00,2010-11-23 17:00:00,1,0.97873336,0.524072
2010-11-23 17:00:00,2010-11-23 18:00:00,2,1.8401,1.8916016
2010-11-23 17:00:00,2010-11-23 19:00:00,3,2.2212334,1.9677091
2010-11-23 17:00:00,2010-11-23 20:00:00,4,2.6366668,1.7058372
2010-11-23 17:00:00,2010-11-23 21:00:00,5,1.4262333,1.7759209
2010-11-23 17:00:00,2010-11-23 22:00:00,6,0.8328,1.0722641
2010-11-23 17:00:00,2010-11-23 23:00:00,7,0.5997,0.41845196
2010-11-23 17:00:00,2010-11-24 00:00:00,8,0.35836667,0.36514246
2010-11-23 17:00:00,2010-11-24 01:00:00,9,0.2653,0.30742884
2010-11-23 17:00:00,2010-11-24 02:00:00,10,0.5021,0.3219362
2010-11-23 17:00:00,2010-11-24 03:00:00,11,0.75123334,0.28462982
2010-11-23 17:00:00,2010-11-24 04:00:00,12,0.3203,0.30908853
2010-11-23 17:00:00,2010-11-24 05:00:00,13,0.2844,0.35713094
2010-11-23 17:00:00,2010-11-24 06:00:00,14,0.8289667,0.6839317
2010-11-23 17:00:00,2010-11-24 07:00:00,15,2.8502333,2.420967
2010-11-23 17:00:00,2010-11-24 08:00:00,16,1.5541667,1.7571187
2010-11-23 17:00:00,2010-11-24 09:00:00,17,1.3640333,1.5349687
2010-11-23 17:00:00,2010-11-24 10:00:00,18,1.3726,1.4960718
2010-11-23 17:00:00,2010-11-24 11:00:00,19,1.3923666,1.5699694
2010-11-23 17:00:00,2010-11-24 12:00:00,20,1.5837667,1.2989588
2010-11-23 17:00:00,2010-11-24 13:00:00,21,1.9610333,1.0503614
2010-11-23 17:00:00,2010-11-24 14:00:00,22,2.0177667,0.680621
2010-11-23 17:00:00,2010-11-24 15:00:00,23,1.5020334,0.5724756
2010-11-23 17:00:00,2010-11-24 16:00:00,24,0.87406665,0.6517272
2010-11-24 17:00:00,2010-11-24 17:00:00,1,1.9389334,1.0109355
2010-11-24 17:00:00,2010-11-24 18:00:00,2,2.0611334,2.2786345
2010-11-24 17:00:00,2010-11-24 19:00:00,3,1.4982333,2.2279067
2010-11-24 17:00:00,2010-11-24 20:00:00,4,2.3128667,1.9132338
2010-11-24 17:00:00,2010-11-24 21:00:00,5,1.5683666,1.7143382
2010-11-24 17:00:00,2010-11-24 22:00:00,6,0.4221,0.92985725
2010-11-24 17:00:00,2010-11-24 23:00:00,7,0.3531,0.44427055
2010-11-24 17:00:00,2010-11-25 00:00:00,8,0.30346668,0.35623747
2010-11-24 17:00:00,2010-11-25 01:00:00,9,0.28966665,0.30550897
2010-11-24 17:00:00,2010-11-25 02:00:00,10,0.26636666,0.3560801
2010-11-24 17:00:00,2010-11-25 03:00:00,11,0.33573332,0.34058392
2010-11-24 17:00:00,2010-11-25 04:00:00,12,0.37706667,0.30900782
2010-11-24 17:00:00,2010-11-25 05:00:00,13,0.88053334,0.29600275
2010-11-24 17:00:00,2010-11-25 06:00:00,14,0.9632,0.76532274
2010-11-24 17:00:00,2010-11-25 07:00:00,15,2.6271334,2.3896046
2010-11-24 17:00:00,2010-11-25 08:00:00,16,1.6294,1.7401559
2010-11-24 17:00:00,2010-11-25 09:00:00,17,1.2577,1.5462188
2010-11-24 17:00:00,2010-11-25 10:00:00,18,0.6454667,1.451924
2010-11-24 17:00:00,2010-11-25 11:00:00,19,1.0280666,1.4853238
2010-11-24 17:00:00,2010-11-25 12:00:00,20,0.49973333,1.2957664
2010-11-24 17:00:00,2010-11-25 13:00:00,21,0.35623333,1.2317499
2010-11-24 17:00:00,2010-11-25 14:00:00,22,0.30066666,1.1943833
2010-11-24 17:00:00,2010-11-25 15:00:00,23,0.333,0.94160676
2010-11-24 17:00:00,2010-11-25 16:00:00,24,0.5418,0.9256598
2010-11-25 17:00:00,2010-11-25 17:00:00,1,1.4801,0.649541
2010-11-25 17:00:00,2010-11-25 18:00:00,2,2.2116,1.2029097
2010-11-25 17:00:00,2010-11-25 19:00:00,3,2.3304667,1.3073598
2010-11-25 17:00:00,2010-11-25 20:00:00,4,1.6478333,1.3512602
2010-11-25 17:00:00,2010-11-25 21:00:00,5,1.3429333,1.2762182
2010-11-25 17:00:00,2010-11-25 22:00:00,6,1.2475667,0.6505234
2010-11-25 17:00:00,2010-11-25 23:00:00,7,0.957,0.37292308
2010-11-25 17:00:00,2010-11-26 00:00:00,8,0.2943,0.3340959
2010-11-25 17:00:00,2010-11-26 01:00:00,9,0.281,0.29836512
2010-11-25 17:00:00,2010-11-26 02:00:00,10,0.27343333,0.30609202
2010-11-25 17:00:00,2010-11-26 03:00:00,11,0.29836667,0.28869492
2010-11-25 17:00:00,2010-11-26 04:00:00,12,0.31403333,0.293477
2010-11-25 17:00:00,2010-11-26 05:00:00,13,0.28256667,0.3267858
2010-11-25 17:00:00,2010-11-26 06:00:00,14,1.0087667,0.75079757
2010-11-25 17:00:00,2010-11-26 07:00:00,15,2.8839333,2.4401634
2010-11-25 17:00:00,2010-11-26 08:00:00,16,1.9993,1.8750558
2010-11-25 17:00:00,2010-11-26 09:00:00,17,1.8499666,1.586396
2010-11-25 17:00:00,2010-11-26 10:00:00,18,1.3527666,1.3840631
2010-11-25 17:00:00,2010-11-26 11:00:00,19,1.3389,1.5623609
2010-11-25 17:00:00,2010-11-26 12:00:00,20,1.4902,1.3024547
2010-11-25 17:00:00,2010-11-26 13:00:00,21,1.6129333,1.3218853
2010-11-25 17:00:00,2010-11-26 14:00:00,22,1.4077667,1.3084987
2010-11-25 17:00:00,2010-11-26 15:00:00,23,0.8764333,1.0967778
2010-11-25 17:00:00,2010-11-26 16:00:00,24,1.0679333,0.9503223
