origin,timestamp,lead_hour,actual,prediction
2014-03-14,2014-03-14 00:00:00,1,36.90613,34.991707
2014-03-14,2014-03-14 01:00:00,2,33.309387,31.012276
2014-03-14,2014-03-14 02:00:00,3,14.377395,18.198483
2014-03-14,2014-03-14 03:00:00,4,14.377395,13.690876
2014-03-14,2014-03-14 04:00:00,5,16.05364,13.222923
2014-03-14,2014-03-14 05:00:00,6,16.05364,16.057083
2014-03-14,2014-03-14 06:00:00,7,12.461686,26.395966
2014-03-14,2014-03-14 07:00:00,8,13.180077,31.25748
2014-03-14,2014-03-14 08:00:00,9,18.448277,25.041786
2014-03-14,2014-03-14 09:00:00,10,25.402298,22.979603
2014-03-14,2014-03-14 10:00:00,11,30.19157,25.523426
2014-03-14,2014-03-14 11:00:00,12,32.346745,24.923351
2014-03-14,2014-03-14 12:00:00,13,39.54023,27.326107
2014-03-14,2014-03-14 13:00:00,14,34.02778,32.960075
2014-03-14,2014-03-14 14:00:00,15,36.42481,30.864002
2014-03-14,2014-03-14 15:00:00,16,35.706417,27.163956
2014-03-14,2014-03-14 16:00:00,17,31.867817,28.861671
2014-03-14,2014-03-14 17:00:00,18,35.94588,35.113796
2014-03-14,2014-03-14 18:00:00,19,41.69301,46.023212
2014-03-14,2014-03-14 19:00:00,20,52.71791,67.17271
2014-03-14,2014-03-14 20:00:00,21,54.636017,76.64644
2014-03-14,2014-03-14 21:00:00,22,51.76245,78.11697
2014-03-14,2014-03-14 22:00:00,23,45.52682,69.899086
2014-03-14,2014-03-14 23:00:00,24,40.977013,56.483368
2014-03-15,2014-03-15 00:00:00,1,40.019157,35.107346
2014-03-15,2014-03-15 01:00:00,2,40.019157,25.053833
2014-03-15,2014-03-15 02:00:00,3,15.335249,16.483276
2014-03-15,2014-03-15 03:00:00,4,12.461686,11.1856
2014-03-15,2014-03-15 04:00:00,5,14.377395,7.6073837
2014-03-15,2014-03-15 05:00:00,6,14.6168585,9.71455
2014-03-15,2014-03-15 06:00:00,7,10.06705,10.671368
2014-03-15,2014-03-15 07:00:00,8,11.743295,4.954159
2014-03-15,2014-03-15 08:00:00,9,11.503832,-1.801445
2014-03-15,2014-03-15 09:00:00,10,9.588122,-1.0900574
2014-03-15,2014-03-15 10:00:00,11,11.264368,1.2038193
2014-03-15,2014-03-15 11:00:00,12,11.743295,2.4770126
2014-03-15,2014-03-15 12:00:00,13,10.06705,4.6469116
2014-03-15,2014-03-15 13:00:00,14,13.41954,2.5420914
2014-03-15,2014-03-15 14:00:00,15,13.180077,4.3711586
2014-03-15,2014-03-15 15:00:00,16,11.024904,5.277725
2014-03-15,2014-03-15 16:00:00,17,14.137931,2.649376
2014-03-15,2014-03-15 17:00:00,18,14.856322,3.4286537
2014-03-15,2014-03-15 18:00:00,19,10.545977,4.5253906
2014-03-15,2014-03-15 19:00:00,20,15.095785,5.7667084
2014-03-15,2014-03-15 20:00:00,21,14.377395,5.0292625
2014-03-15,2014-03-15 21:00:00,22,15.095785,2.6271439
2014-03-15,2014-03-15 22:00:00,23,14.377395,5.3758087
2014-03-15,2014-03-15 23:00:00,24,13.898467,1.6817245
2014-03-16,2014-03-16 00:00:00,1,15.814177,14.345112
2014-03-16,2014-03-16 01:00:00,2,15.814177,13.965881
2014-03-16,2014-03-16 02:00:00,3,12.940613,13.6311
2014-03-16,2014-03-16 03:00:00,4,13.180077,13.699833
2014-03-16,2014-03-16 04:00:00,5,14.6168585,13.972855
2014-03-16,2014-03-16 05:00:00,6,14.856322,13.4995575
2014-03-16,2014-03-16 06:00:00,7,9.827586,13.407101
2014-03-16,2014-03-16 07:00:00,8,11.024904,12.916588
2014-03-16,2014-03-16 08:00:00,9,11.264368,11.495003
2014-03-16,2014-03-16 09:00:00,10,10.06705,12.124607
2014-03-16,2014-03-16 10:00:00,11,12.461686,11.737774
2014-03-16,2014-03-16 11:00:00,12,12.222222,10.919468
2014-03-16,2014-03-16 12:00:00,13,10.06705,10.250744
2014-03-16,2014-03-16 13:00:00,14,11.9827585,10.173481
2014-03-16,2014-03-16 14:00:00,15,13.41954,10.764805
2014-03-16,2014-03-16 15:00:00,16,12.461686,10.203835
2014-03-16,2014-03-16 16:00:00,17,13.41954,9.914673
2014-03-16,2014-03-16 17:00:00,18,15.574713,10.504223
2014-03-16,2014-03-16 18:00:00,19,11.743295,10.840488
2014-03-16,2014-03-16 19:00:00,20,15.814177,10.674007
2014-03-16,2014-03-16 20:00:00,21,14.137931,12.328201
2014-03-16,2014-03-16 21:00:00,22,15.814177,14.449268
2014-03-16,2014-03-16 22:00:00,23,13.41954,15.819939
2014-03-16,2014-03-16 23:00:00,24,13.180077,15.138889
2014-03-17,2014-03-17 00:00:00,1,16.293104,15.499985
2014-03-17,2014-03-17 01:00:00,2,15.814177,14.417625
2014-03-17,2014-03-17 02:00:00,3,13.180077,15.008434
2014-03-17,2014-03-17 03:00:00,4,12.701149,16.077698
2014-03-17,2014-03-17 04:00:00,5,14.856322,15.452328
2014-03-17,2014-03-17 05:00:00,6,15.095785,18.921005
2014-03-17,2014-03-17 06:00:00,7,11.024904,20.764236
2014-03-17,2014-03-17 07:00:00,8,13.180077,20.491615
2014-03-17,2014-03-17 08:00:00,9,21.566092,26.716183
2014-03-17,2014-03-17 09:00:00,10,28.517721,31.675373
2014-03-17,2014-03-17 10:00:00,11,37.62452,31.107056
2014-03-17,2014-03-17 11:00:00,12,35.948277,32.429657
2014-03-17,2014-03-17 12:00:00,13,34.509098,31.42199
2014-03-17,2014-03-17 13:00:00,14,31.38889,30.990704
2014-03-17,2014-03-17 14:00:00,15,28.996647,36.154373
2014-03-17,2014-03-17 15:00:00,16,25.881226,32.618935
2014-03-17,2014-03-17 16:00:00,17,31.15182,33.922863
2014-03-17,2014-03-17 17:00:00,18,39.779694,40.567467
2014-03-17,2014-03-17 18:00:00,19,53.19684,45.806107
2014-03-17,2014-03-17 19:00:00,20,69.01581,58.073948
2014-03-17,2014-03-17 20:00:00,21,81.23324,68.75383
2014-03-17,2014-03-17 21:00:00,22,89.62165,81.493645
2014-03-17,2014-03-17 22:00:00,23,81.71456,88.47819
2014-03-17,2014-03-17 23:00:00,24,63.742817,88.21283
2014-03-18,2014-03-18 00:00:00,1,26.83908,57.108093
2014-03-18,2014-03-18 01:00:00,2,22.528736,32.961273
2014-03-18,2014-03-18 02:00:00,3,18.211206,8.060913
2014-03-18,2014-03-18 03:00:00,4,14.137931,7.885929
2014-03-18,2014-03-18 04:00:00,5,15.574713,10.577274
2014-03-18,2014-03-18 05:00:00,6,14.377395,21.047482
2014-03-18,2014-03-18 06:00:00,7,9.827586,34.876408
2014-03-18,2014-03-18 07:00:00,8,11.024904,31.96735
2014-03-18,2014-03-18 08:00:00,9,17.011494,21.467327
2014-03-18,2014-03-18 09:00:00,10,17.729885,20.649075
2014-03-18,2014-03-18 10:00:00,11,23.005268,25.99207
2014-03-18,2014-03-18 11:00:00,12,25.162836,25.708317
2014-03-18,2014-03-18 12:00:00,13,36.903736,30.014736
2014-03-18,2014-03-18 13:00:00,14,32.828064,34.3031
2014-03-18,2014-03-18 14:00:00,15,29.712645,31.452576
2014-03-18,2014-03-18 15:00:00,16,30.670498,30.17699
2014-03-18,2014-03-18 16:00:00,17,33.546455,32.605247
2014-03-18,2014-03-18 17:00:00,18,51.522987,33.38099
2014-03-18,2014-03-18 18:00:00,19,73.32615,46.44136
2014-03-18,2014-03-18 19:00:00,20,89.14272,75.65884
2014-03-18,2014-03-18 20:00:00,21,82.67242,87.96323
2014-03-18,2014-03-18 21:00:00,22,78.60153,89.44064
2014-03-18,2014-03-18 22:00:00,23,75.72318,81.35841
2014-03-18,2014-03-18 23:00:00,24,73.086685,72.92749
2014-03-19,2014-03-19 00:00:00,1,40.01676,65.63992
2014-03-19,2014-03-19 01:00:00,2,18.927202,38.422356
2014-03-19,2014-03-19 02:00:00,3,14.377395,14.861904
2014-03-19,2014-03-19 03:00:00,4,11.743295,11.859249
2014-03-19,2014-03-19 04:00:00,5,14.137931,11.421787
2014-03-19,2014-03-19 05:00:00,6,14.137931,23.34584
2014-03-19,2014-03-19 06:00:00,7,10.545977,35.357704
2014-03-19,2014-03-19 07:00:00,8,19.41092,32.367188
2014-03-19,2014-03-19 08:00:00,9,90.82136,24.985779
2014-03-19,2014-03-19 09:00:00,10,92.5,25.851421
2014-03-19,2014-03-19 10:00:00,11,93.457855,25.85786
2014-03-19,2014-03-19 11:00:00,12,79.79885,23.83511
2014-03-19,2014-03-19 12:00:00,13,22.765804,25.889008
2014-03-19,2014-03-19 13:00:00,14,22.52634,29.150635
2014-03-19,2014-03-19 14:00:00,15,29.233717,28.60083
2014-03-19,2014-03-19 15:00:00,16,28.038794,24.562973
2014-03-19,2014-03-19 16:00:00,17,26.83908,30.816738
2014-03-19,2014-03-19 17:00:00,18,43.850574,40.58732
2014-03-19,2014-03-19 18:00:00,19,53.675766,57.13939
2014-03-19,2014-03-19 19:00:00,20,71.889366,82.279625
2014-03-19,2014-03-19 20:00:00,21,82.19349,89.14163
2014-03-19,2014-03-19 21:00:00,22,80.27778,87.21659
2014-03-19,2014-03-19 22:00:00,23,69.97127,80.06581
2014-03-19,2014-03-19 23:00:00,24,53.199234,78.52194
2014-03-20,2014-03-20 00:00:00,1,34.269634,53.180283
2014-03-20,2014-03-20 01:00:00,2,21.807951,50.21463
2014-03-20,2014-03-20 02:00:00,3,13.180077,28.012932
2014-03-20,2014-03-20 03:00:00,4,12.701149,4.4920425
2014-03-20,2014-03-20 04:00:00,5,14.137931,3.531723
2014-03-20,2014-03-20 05:00:00,6,14.137931,5.759781
2014-03-20,2014-03-20 06:00:00,7,11.503832,19.225536
2014-03-20,2014-03-20 07:00:00,8,35.94588,46.32929
2014-03-20,2014-03-20 08:00:00,9,90.10297,50.137474
2014-03-20,2014-03-20 09:00:00,10,70.68965,48.71109
2014-03-20,2014-03-20 10:00:00,11,43.61111,48.484085
2014-03-20,2014-03-20 11:00:00,12,46.245213,45.07833
2014-03-20,2014-03-20 12:00:00,13,41.934864,48.05083
2014-03-20,2014-03-20 13:00:00,14,38.57998,50.5529
2014-03-20,2014-03-20 14:00:00,15,25.162836,47.540634
2014-03-20,2014-03-20 15:00:00,16,28.75479,40.933586
2014-03-20,2014-03-20 16:00:00,17,28.036398,43.69478
2014-03-20,2014-03-20 17:00:00,18,38.34052,53.028076
2014-03-20,2014-03-20 18:00:00,19,57.75144,66.57345
2014-03-20,2014-03-20 19:00:00,20,113.34291,87.00709
2014-03-20,2014-03-20 20:00:00,21,105.68008,88.185196
2014-03-20,2014-03-20 21:00:00,22,104.48276,85.92707
2014-03-20,2014-03-20 22:00:00,23,101.36255,79.005005
2014-03-20,2014-03-20 23:00:00,24,101.84387,68.09904
2014-03-21,2014-03-21 00:00:00,1,89.38219,102.95448
2014-03-21,2014-03-21 01:00:00,2,43.371647,75.175186
2014-03-21,2014-03-21 02:00:00,3,16.05364,27.094414
2014-03-21,2014-03-21 03:00:00,4,15.095785,7.5594063
2014-03-21,2014-03-21 04:00:00,5,16.05364,4.1755753
2014-03-21,2014-03-21 05:00:00,6,15.095785,14.35783
2014-03-21,2014-03-21 06:00:00,7,12.940613,38.34442
2014-03-21,2014-03-21 07:00:00,8,14.6168585,60.390297
2014-03-21,2014-03-21 08:00:00,9,18.931992,66.210655
2014-03-21,2014-03-21 09:00:00,10,35.225098,69.44914
2014-03-21,2014-03-21 10:00:00,11,71.16858,85.17255
2014-03-21,2014-03-21 11:00:00,12,76.2045,72.18189
2014-03-21,2014-03-21 12:00:00,13,58.230366,64.53212
2014-03-21,2014-03-21 13:00:00,14,31.87021,72.320595
2014-03-21,2014-03-21 14:00:00,15,33.309387,59.04274
2014-03-21,2014-03-21 15:00:00,16,109.27203,53.89419
2014-03-21,2014-03-21 16:00:00,17,111.4272,58.855602
2014-03-21,2014-03-21 17:00:00,18,122.68918,68.72992
2014-03-21,2014-03-21 18:00:00,19,117.8999,82.13078
2014-03-21,2014-03-21 19:00:00,20,120.05747,109.126686
2014-03-21,2014-03-21 20:00:00,21,117.65804,104.63606
2014-03-21,2014-03-21 21:00:00,22,108.55364,99.15987
2014-03-21,2014-03-21 22:00:00,23,74.52347,91.99214
2014-03-21,2014-03-21 23:00:00,24,66.85824,87.38916
2014-03-22,2014-03-22 00:00:00,1,57.75144,48.330574
2014-03-22,2014-03-22 01:00:00,2,25.878832,29.34151
2014-03-22,2014-03-22 02:00:00,3,14.6168585,21.33012
2014-03-22,2014-03-22 03:00:00,4,14.137931,8.629852
2014-03-22,2014-03-22 04:00:00,5,16.05364,8.523109
2014-03-22,2014-03-22 05:00:00,6,15.814177,4.3552895
2014-03-22,2014-03-22 06:00:00,7,11.503832,3.0761108
2014-03-22,2014-03-22 07:00:00,8,13.180077,2.0028305
2014-03-22,2014-03-22 08:00:00,9,13.41954,-7.9988937
2014-03-22,2014-03-22 09:00:00,10,11.024904,-7.0883102
2014-03-22,2014-03-22 10:00:00,11,13.898467,-3.8434448
2014-03-22,2014-03-22 11:00:00,12,12.940613,-6.6282425
2014-03-22,2014-03-22 12:00:00,13,10.306514,-5.0473557
2014-03-22,2014-03-22 13:00:00,14,12.701149,-3.9680862
2014-03-22,2014-03-22 14:00:00,15,12.461686,-4.757019
2014-03-22,2014-03-22 15:00:00,16,10.545977,-4.1810913
2014-03-22,2014-03-22 16:00:00,17,13.180077,-1.84301
2014-03-22,2014-03-22 17:00:00,18,13.41954,-3.4951782
2014-03-22,2014-03-22 18:00:00,19,11.024904,-4.839264
2014-03-22,2014-03-22 19:00:00,20,17.490421,-0.09020996
2014-03-22,2014-03-22 20:00:00,21,17.250957,4.2088814
2014-03-22,2014-03-22 21:00:00,22,17.729885,9.390469
2014-03-22,2014-03-22 22:00:00,23,16.532568,8.18248
2014-03-22,2014-03-22 23:00:00,24,16.532568,6.6794853
2014-03-23,2014-03-23 00:00:00,1,20.368774,16.84481
2014-03-23,2014-03-23 01:00:00,2,19.645594,16.360786
2014-03-23,2014-03-23 02:00:00,3,15.574713,15.672016
2014-03-23,2014-03-23 03:00:00,4,14.856322,15.001755
2014-03-23,2014-03-23 04:00:00,5,17.490421,15.839863
2014-03-23,2014-03-23 05:00:00,6,18.448277,15.625694
2014-03-23,2014-03-23 06:00:00,7,12.222222,14.799549
2014-03-23,2014-03-23 07:00:00,8,12.461686,13.692596
2014-03-23,2014-03-23 08:00:00,9,12.940613,11.8100815
2014-03-23,2014-03-23 09:00:00,10,11.024904,11.958073
2014-03-23,2014-03-23 10:00:00,11,12.461686,12.251213
2014-03-23,2014-03-23 11:00:00,12,12.940613,11.935333
2014-03-23,2014-03-23 12:00:00,13,10.545977,10.616867
2014-03-23,2014-03-23 13:00:00,14,12.461686,11.207397
2014-03-23,2014-03-23 14:00:00,15,11.9827585,11.6329155
2014-03-23,2014-03-23 15:00:00,16,9.827586,11.424015
2014-03-23,2014-03-23 16:00:00,17,12.222222,11.561707
2014-03-23,2014-03-23 17:00:00,18,13.898467,13.344711
2014-03-23,2014-03-23 18:00:00,19,11.024904,14.213566
2014-03-23,2014-03-23 19:00:00,20,16.532568,14.902573
2014-03-23,2014-03-23 20:00:00,21,15.335249,16.288555
2014-03-23,2014-03-23 21:00:00,22,17.250957,17.219082
2014-03-23,2014-03-23 22:00:00,23,15.574713,17.248516
2014-03-23,2014-03-23 23:00:00,24,15.814177,16.616299
2014-03-24,2014-03-24 00:00:00,1,17.250957,17.847034
2014-03-24,2014-03-24 01:00:00,2,17.729885,18.174213
2014-03-24,2014-03-24 02:00:00,3,15.335249,21.4263
2014-03-24,2014-03-24 03:00:00,4,14.6168585,23.089611
2014-03-24,2014-03-24 04:00:00,5,17.969349,21.454857
2014-03-24,2014-03-24 05:00:00,6,17.729885,30.718834
2014-03-24,2014-03-24 06:00:00,7,11.743295,42.32614
2014-03-24,2014-03-24 07:00:00,8,13.41954,36.80642
2014-03-24,2014-03-24 08:00:00,9,22.04502,40.783493
2014-03-24,2014-03-24 09:00:00,10,28.275862,46.57978
2014-03-24,2014-03-24 10:00:00,11,71.41044,39.93275
2014-03-24,2014-03-24 11:00:00,12,94.89464,41.21216
2014-03-24,2014-03-24 12:00:00,13,93.215996,41.04695
2014-03-24,2014-03-24 13:00:00,14,93.69732,36.909912
2014-03-24,2014-03-24 14:00:00,15,96.570885,39.9747
2014-03-24,2014-03-24 15:00:00,16,62.06657,46.48266
2014-03-24,2014-03-24 16:00:00,17,65.421455,58.677444
2014-03-24,2014-03-24 17:00:00,18,70.68965,75.195305
2014-03-24,2014-03-24 18:00:00,19,71.40804,87.6024
2014-03-24,2014-03-24 19:00:00,20,82.909485,99.82649
2014-03-24,2014-03-24 20:00:00,21,82.67242,101.356064
2014-03-24,2014-03-24 21:00:00,22,80.51724,102.32631
2014-03-24,2014-03-24 22:00:00,23,75.48372,90.02991
2014-03-24,2014-03-24 23:00:00,24,69.25527,79.86126
2014-03-25,2014-03-25 00:00:00,1,31.15182,64.331345
2014-03-25,2014-03-25 01:00:00,2,18.208813,66.503494
2014-03-25,2014-03-25 02:00:00,3,14.856322,66.71264
2014-03-25,2014-03-25 03:00:00,4,13.898467,39.391243
2014-03-25,2014-03-25 04:00:00,5,14.856322,8.100693
2014-03-25,2014-03-25 05:00:00,6,15.095785,1.4192123
2014-03-25,2014-03-25 06:00:00,7,11.503832,1.6958389
2014-03-25,2014-03-25 07:00:00,8,16.534962,19.640362
2014-03-25,2014-03-25 08:00:00,9,44.329502,49.29949
2014-03-25,2014-03-25 09:00:00,10,37.62452,65.503136
2014-03-25,2014-03-25 10:00:00,11,41.45594,67.536285
2014-03-25,2014-03-25 11:00:00,12,39.779694,70.10714
2014-03-25,2014-03-25 12:00:00,13,40.019157,78.58053
2014-03-25,2014-03-25 13:00:00,14,40.019157,81.86536
2014-03-25,2014-03-25 14:00:00,15,44.80843,82.13071
2014-03-25,2014-03-25 15:00:00,16,44.57136,80.17406
2014-03-25,2014-03-25 16:00:00,17,50.325672,78.995
2014-03-25,2014-03-25 17:00:00,18,70.45258,78.60773
2014-03-25,2014-03-25 18:00:00,19,79.31753,83.88122
2014-03-25,2014-03-25 19:00:00,20,91.77921,88.97238
2014-03-25,2014-03-25 20:00:00,21,84.82758,86.94109
2014-03-25,2014-03-25 21:00:00,22,84.348656,88.45448
2014-03-25,2014-03-25 22:00:00,23,82.19349,86.77165
2014-03-25,2014-03-25 23:00:00,24,66.13745,81.54377
2014-03-26,2014-03-26 00:00:00,1,18.927202,67.63201
2014-03-26,2014-03-26 01:00:00,2,19.64799,49.731163
2014-03-26,2014-03-26 02:00:00,3,15.814177,18.313236
2014-03-26,2014-03-26 03:00:00,4,15.335249,12.190048
2014-03-26,2014-03-26 04:00:00,5,17.250957,10.580452
2014-03-26,2014-03-26 05:00:00,6,17.250957,11.901142
2014-03-26,2014-03-26 06:00:00,7,10.78544,29.225735
2014-03-26,2014-03-26 07:00:00,8,13.659004,44.237766
2014-03-26,2014-03-26 08:00:00,9,27.55747,46.92225
2014-03-26,2014-03-26 09:00:00,10,57.75144,51.60962
2014-03-26,2014-03-26 10:00:00,11,64.94253,55.1281
2014-03-26,2014-03-26 11:00:00,12,69.01341,53.106167
2014-03-26,2014-03-26 12:00:00,13,74.04454,56.167263
2014-03-26,2014-03-26 13:00:00,14,64.45881,59.11446
2014-03-26,2014-03-26 14:00:00,15,56.551723,56.341473
2014-03-26,2014-03-26 15:00:00,16,56.072796,49.03783
2014-03-26,2014-03-26 16:00:00,17,64.4636,53.558968
2014-03-26,2014-03-26 17:00:00,18,70.45258,62.76744
2014-03-26,2014-03-26 18:00:00,19,91.29789,72.67098
2014-03-26,2014-03-26 19:00:00,20,105.917145,87.90026
2014-03-26,2014-03-26 20:00:00,21,99.44684,87.8122
2014-03-26,2014-03-26 21:00:00,22,94.17625,87.18866
2014-03-26,2014-03-26 22:00:00,23,89.619255,79.62708
2014-03-26,2014-03-26 23:00:00,24,86.264366,70.39404
2014-03-27,2014-03-27 00:00:00,1,48.886494,77.03505
2014-03-27,2014-03-27 01:00:00,2,21.807951,45.125313
2014-03-27,2014-03-27 02:00:00,3,18.448277,16.116116
2014-03-27,2014-03-27 03:00:00,4,18.448277,14.164013
2014-03-27,2014-03-27 04:00:00,5,19.40613,14.221249
2014-03-27,2014-03-27 05:00:00,6,19.40613,30.739254
2014-03-27,2014-03-27 06:00:00,7,12.461686,46.391296
2014-03-27,2014-03-27 07:00:00,8,13.659004,48.906998
2014-03-27,2014-03-27 08:00:00,9,26.123085,50.360283
2014-03-27,2014-03-27 09:00:00,10,39.300766,58.72147
2014-03-27,2014-03-27 10:00:00,11,65.179596,62.52317
2014-03-27,2014-03-27 11:00:00,12,88.90086,57.084415
2014-03-27,2014-03-27 12:00:00,13,74.76293,59.039867
2014-03-27,2014-03-27 13:00:00,14,66.85824,62.950123
2014-03-27,2014-03-27 14:00:00,15,72.60776,60.087772
2014-03-27,2014-03-27 15:00:00,16,93.93678,56.484608
2014-03-27,2014-03-27 16:00:00,17,99.207375,59.96668
2014-03-27,2014-03-27 17:00:00,18,128.20163,68.26308
2014-03-27,2014-03-27 18:00:00,19,114.30316,80.028946
2014-03-27,2014-03-27 19:00:00,20,115.73755,98.01081
2014-03-27,2014-03-27 20:00:00,21,110.94827,97.4189
2014-03-27,2014-03-27 21:00:00,22,112.385056,92.85423
2014-03-27,2014-03-27 22:00:00,23,85.06944,85.75472
2014-03-27,2014-03-27 23:00:00,24,35.22749,82.42186
2014-03-28,2014-03-28 00:00:00,1,25.641762,34.711906
2014-03-28,2014-03-28 01:00:00,2,24.20498,55.0122
2014-03-28,2014-03-28 02:00:00,3,19.408525,50.199562
2014-03-28,2014-03-28 03:00:00,4,18.208813,32.160263
2014-03-28,2014-03-28 04:00:00,5,20.126915,20.909374
2014-03-28,2014-03-28 05:00:00,6,18.927202,5.0009537
2014-03-28,2014-03-28 06:00:00,7,11.264368,-7.8594513
2014-03-28,2014-03-28 07:00:00,8,16.534962,9.565567
2014-03-28,2014-03-28 08:00:00,9,32.590996,30.86251
2014-03-28,2014-03-28 09:00:00,10,35.225098,56.29205
2014-03-28,2014-03-28 10:00:00,11,61.82232,61.502247
2014-03-28,2014-03-28 11:00:00,12,76.9205,60.60814
2014-03-28,2014-03-28 12:00:00,13,79.31992,61.191475
2014-03-28,2014-03-28 13:00:00,14,76.683426,71.67689
2014-03-28,2014-03-28 14:00:00,15,82.91188,76.16432
2014-03-28,2014-03-28 15:00:00,16,78.59914,63.890263
2014-03-28,2014-03-28 16:00:00,17,82.67242,64.75865
2014-03-28,2014-03-28 17:00:00,18,99.6863,75.10982
2014-03-28,2014-03-28 18:00:00,19,92.97653,85.16335
2014-03-28,2014-03-28 19:00:00,20,89.62165,99.074646
2014-03-28,2014-03-28 20:00:00,21,95.610634,93.55677
2014-03-28,2014-03-28 21:00:00,22,98.965515,92.587364
2014-03-28,2014-03-28 22:00:00,23,91.53975,85.43964
2014-03-28,2014-03-28 23:00:00,24,33.311783,62.82539
2014-03-29,2014-03-29 00:00:00,1,18.929598,19.44635
2014-03-29,2014-03-29 01:00:00,2,17.250957,20.190884
2014-03-29,2014-03-29 02:00:00,3,14.137931,21.06771
2014-03-29,2014-03-29 03:00:00,4,13.41954,8.525917
2014-03-29,2014-03-29 04:00:00,5,14.377395,5.9556885
2014-03-29,2014-03-29 05:00:00,6,14.6168585,-6.887398
2014-03-29,2014-03-29 06:00:00,7,9.109196,-13.004028
2014-03-29,2014-03-29 07:00:00,8,9.588122,-4.183319
2014-03-29,2014-03-29 08:00:00,9,10.06705,-2.4668503
2014-03-29,2014-03-29 09:00:00,10,7.9118776,7.0143967
2014-03-29,2014-03-29 10:00:00,11,9.109196,9.118801
2014-03-29,2014-03-29 11:00:00,12,10.06705,2.3664703
2014-03-29,2014-03-29 12:00:00,13,8.38841,4.3686943
2014-03-29,2014-03-29 13:00:00,14,11.503832,8.255394
2014-03-29,2014-03-29 14:00:00,15,11.9827585,9.165756
2014-03-29,2014-03-29 15:00:00,16,7.672414,11.799023
2014-03-29,2014-03-29 16:00:00,17,9.348659,10.077621
2014-03-29,2014-03-29 17:00:00,18,9.588122,10.716049
2014-03-29,2014-03-29 18:00:00,19,7.670019,12.16581
2014-03-29,2014-03-29 19:00:00,20,14.377395,5.574005
2014-03-29,2014-03-29 20:00:00,21,15.095785,1.606163
2014-03-29,2014-03-29 21:00:00,22,15.095785,10.868263
2014-03-29,2014-03-29 22:00:00,23,12.461686,15.071411
2014-03-29,2014-03-29 23:00:00,24,12.701149,15.989475
2014-04-14,2014-04-14 00:00:00,1,13.659004,18.61575
2014-04-14,2014-04-14 01:00:00,2,15.814177,20.890278
2014-04-14,2014-04-14 02:00:00,3,13.180077,14.230564
2014-04-14,2014-04-14 03:00:00,4,12.222222,17.33609
2014-04-14,2014-04-14 04:00:00,5,14.377395,15.621494
2014-04-14,2014-04-14 05:00:00,6,14.377395,13.086121
2014-04-14,2014-04-14 06:00:00,7,11.9827585,19.324085
2014-04-14,2014-04-14 07:00:00,8,24.444445,13.670227
2014-04-14,2014-04-14 08:00:00,9,81.71456,31.64875
2014-04-14,2014-04-14 09:00:00,10,83.63027,52.3159
2014-04-14,2014-04-14 10:00:00,11,83.151344,61.440533
2014-04-14,2014-04-14 11:00:00,12,90.581894,62.72067
2014-04-14,2014-04-14 12:00:00,13,88.663795,56.43637
2014-04-14,2014-04-14 13:00:00,14,88.421936,59.631363
2014-04-14,2014-04-14 14:00:00,15,88.18247,66.32738
2014-04-14,2014-04-14 15:00:00,16,86.0249,56.75178
2014-04-14,2014-04-14 16:00:00,17,80.75671,50.128853
2014-04-14,2014-04-14 17:00:00,18,84.10919,42.20458
2014-04-14,2014-04-14 18:00:00,19,78.840996,24.14898
2014-04-14,2014-04-14 19:00:00,20,76.68582,35.278038
2014-04-14,2014-04-14 20:00:00,21,74.76533,56.43598
2014-04-14,2014-04-14 21:00:00,22,79.08046,79.70386
2014-04-14,2014-04-14 22:00:00,23,76.68104,110.565765
2014-04-14,2014-04-14 23:00:00,24,76.44636,118.54158
2014-04-15,2014-04-15 00:00:00,1,47.684387,65.97227
2014-04-15,2014-04-15 01:00:00,2,27.078545,43.843147
2014-04-15,2014-04-15 02:00:00,3,13.41954,19.211926
2014-04-15,2014-04-15 03:00:00,4,12.461686,15.872208
2014-04-15,2014-04-15 04:00:00,5,13.898467,19.898746
2014-04-15,2014-04-15 05:00:00,6,14.856322,22.499405
2014-04-15,2014-04-15 06:00:00,7,11.9827585,30.263817
2014-04-15,2014-04-15 07:00:00,8,11.264368,40.93756
2014-04-15,2014-04-15 08:00:00,9,28.273468,54.157986
2014-04-15,2014-04-15 09:00:00,10,32.828064,72.28222
2014-04-15,2014-04-15 10:00:00,11,31.149426,94.60881
2014-04-15,2014-04-15 11:00:00,12,38.82184,104.05014
2014-04-15,2014-04-15 12:00:00,13,40.498085,104.729416
2014-04-15,2014-04-15 13:00:00,14,39.779694,106.58637
2014-04-15,2014-04-15 14:00:00,15,28.994253,94.26665
2014-04-15,2014-04-15 15:00:00,16,29.952106,79.27883
2014-04-15,2014-04-15 16:00:00,17,26.83908,73.77521
2014-04-15,2014-04-15 17:00:00,18,31.149426,71.592186
2014-04-15,2014-04-15 18:00:00,19,31.391283,71.503975
2014-04-15,2014-04-15 19:00:00,20,45.53161,75.18291
2014-04-15,2014-04-15 20:00:00,21,53.67816,66.142494
2014-04-15,2014-04-15 21:00:00,22,51.04406,53.723175
2014-04-15,2014-04-15 22:00:00,23,46.00814,50.770725
2014-04-15,2014-04-15 23:00:00,24,32.11207,56.147438
2014-04-16,2014-04-16 00:00:00,1,17.011494,33.26118
2014-04-16,2014-04-16 01:00:00,2,18.448277,30.50465
2014-04-16,2014-04-16 02:00:00,3,13.898467,12.082039
2014-04-16,2014-04-16 03:00:00,4,12.701149,3.1805115
2014-04-16,2014-04-16 04:00:00,5,14.6168585,3.9142647
2014-04-16,2014-04-16 05:00:00,6,16.293104,9.92617
2014-04-16,2014-04-16 06:00:00,7,11.9827585,27.02789
2014-04-16,2014-04-16 07:00:00,8,17.974138,38.758446
2014-04-16,2014-04-16 08:00:00,9,44.329502,36.1744
2014-04-16,2014-04-16 09:00:00,10,47.44732,33.418552
2014-04-16,2014-04-16 10:00:00,11,54.15709,34.20157
2014-04-16,2014-04-16 11:00:00,12,56.072796,37.801308
2014-04-16,2014-04-16 12:00:00,13,50.08621,43.159554
2014-04-16,2014-04-16 13:00:00,14,37.86159,46.066696
2014-04-16,2014-04-16 14:00:00,15,16.532568,45.34851
2014-04-16,2014-04-16 15:00:00,16,12.701149,43.611317
2014-04-16,2014-04-16 16:00:00,17,20.371168,39.470375
2014-04-16,2014-04-16 17:00:00,18,27.55747,40.24504
2014-04-16,2014-04-16 18:00:00,19,24.202587,45.828323
2014-04-16,2014-04-16 19:00:00,20,28.038794,61.52375
2014-04-16,2014-04-16 20:00:00,21,48.884098,71.229904
2014-04-16,2014-04-16 21:00:00,22,78.122604,75.54593
2014-04-16,2014-04-16 22:00:00,23,63.98228,68.72376
2014-04-16,2014-04-16 23:00:00,24,54.15709,51.9767
2014-04-17,2014-04-17 00:00:00,1,39.779694,47.518024
2014-04-17,2014-04-17 01:00:00,2,20.608238,38.737576
2014-04-17,2014-04-17 02:00:00,3,13.659004,36.07733
2014-04-17,2014-04-17 03:00:00,4,12.461686,30.506802
2014-04-17,2014-04-17 04:00:00,5,14.6168585,28.0275
2014-04-17,2014-04-17 05:00:00,6,15.335249,30.135822
2014-04-17,2014-04-17 06:00:00,7,11.743295,34.53648
2014-04-17,2014-04-17 07:00:00,8,10.545977,42.89341
2014-04-17,2014-04-17 08:00:00,9,14.137931,57.912357
2014-04-17,2014-04-17 09:00:00,10,18.929598,69.89922
2014-04-17,2014-04-17 10:00:00,11,17.729885,69.91154
2014-04-17,2014-04-17 11:00:00,12,28.991858,65.60003
2014-04-17,2014-04-17 12:00:00,13,29.954502,60.996094
2014-04-17,2014-04-17 13:00:00,14,29.233717,55.913635
2014-04-17,2014-04-17 14:00:00,15,29.712645,42.725883
2014-04-17,2014-04-17 15:00:00,16,29.952106,21.237759
2014-04-17,2014-04-17 16:00:00,17,31.867817,15.957951
2014-04-17,2014-04-17 17:00:00,18,35.948277,18.920338
2014-04-17,2014-04-17 18:00:00,19,30.193966,25.536762
2014-04-17,2014-04-17 19:00:00,20,27.078545,46.048874
2014-04-17,2014-04-17 20:00:00,21,26.841475,49.822903
2014-04-17,2014-04-17 21:00:00,22,47.207855,35.280815
2014-04-17,2014-04-17 22:00:00,23,40.977013,37.02473
2014-04-17,2014-04-17 23:00:00,24,36.18774,44.339596
2014-04-18,2014-04-18 00:00:00,1,37.382664,40.211365
2014-04-18,2014-04-18 01:00:00,2,28.996647,38.623177
2014-04-18,2014-04-18 02:00:00,3,13.41954,23.130566
2014-04-18,2014-04-18 03:00:00,4,11.9827585,8.004604
2014-04-18,2014-04-18 04:00:00,5,14.137931,3.9356346
2014-04-18,2014-04-18 05:00:00,6,15.095785,4.0603447
2014-04-18,2014-04-18 06:00:00,7,11.264368,16.516663
2014-04-18,2014-04-18 07:00:00,8,13.661399,28.134964
2014-04-18,2014-04-18 08:00:00,9,54.154694,25.81654
2014-04-18,2014-04-18 09:00:00,10,58.706898,21.084396
2014-04-18,2014-04-18 10:00:00,11,58.706898,16.62825
2014-04-18,2014-04-18 11:00:00,12,59.667145,18.557709
2014-04-18,2014-04-18 12:00:00,13,34.50431,24.285347
2014-04-18,2014-04-18 13:00:00,14,31.628353,26.82
2014-04-18,2014-04-18 14:00:00,15,37.140804,30.501705
2014-04-18,2014-04-18 15:00:00,16,38.82184,31.945625
2014-04-18,2014-04-18 16:00:00,17,34.985634,28.05618
2014-04-18,2014-04-18 17:00:00,18,26.599617,28.851902
2014-04-18,2014-04-18 18:00:00,19,23.48659,35.003845
2014-04-18,2014-04-18 19:00:00,20,20.605843,43.389877
2014-04-18,2014-04-18 20:00:00,21,19.169062,51.376015
2014-04-18,2014-04-18 21:00:00,22,18.68774,62.04257
2014-04-18,2014-04-18 22:00:00,23,15.335249,64.894455
2014-04-18,2014-04-18 23:00:00,24,12.701149,55.95243
2014-04-19,2014-04-19 00:00:00,1,13.659004,11.625019
2014-04-19,2014-04-19 01:00:00,2,14.6168585,11.441338
2014-04-19,2014-04-19 02:00:00,3,13.41954,12.361973
2014-04-19,2014-04-19 03:00:00,4,11.9827585,6.0623016
2014-04-19,2014-04-19 04:00:00,5,14.856322,6.8396606
2014-04-19,2014-04-19 05:00:00,6,14.856322,10.438778
2014-04-19,2014-04-19 06:00:00,7,11.264368,10.034309
2014-04-19,2014-04-19 07:00:00,8,9.588122,14.653679
2014-04-19,2014-04-19 08:00:00,9,10.306514,23.07333
2014-04-19,2014-04-19 09:00:00,10,8.38841,29.280926
2014-04-19,2014-04-19 10:00:00,11,9.827586,41.33407
2014-04-19,2014-04-19 11:00:00,12,10.306514,48.616028
2014-04-19,2014-04-19 12:00:00,13,9.348659,45.51857
2014-04-19,2014-04-19 13:00:00,14,8.869732,41.808746
2014-04-19,2014-04-19 14:00:00,15,10.306514,39.55084
2014-04-19,2014-04-19 15:00:00,16,8.630268,29.315784
2014-04-19,2014-04-19 16:00:00,17,9.348659,20.625477
2014-04-19,2014-04-19 17:00:00,18,10.306514,18.062542
2014-04-19,2014-04-19 18:00:00,19,8.630268,16.264954
2014-04-19,2014-04-19 19:00:00,20,10.306514,16.645931
2014-04-19,2014-04-19 20:00:00,21,10.06705,14.150951
2014-04-19,2014-04-19 21:00:00,22,13.898467,4.6433372
2014-04-19,2014-04-19 22:00:00,23,13.41954,3.3164597
2014-04-19,2014-04-19 23:00:00,24,11.9827585,2.3296814
2014-04-20,2014-04-20 00:00:00,1,13.659004,11.019623
2014-04-20,2014-04-20 01:00:00,2,15.814177,11.823647
2014-04-20,2014-04-20 02:00:00,3,13.41954,12.286705
2014-04-20,2014-04-20 03:00:00,4,11.9827585,11.218166
2014-04-20,2014-04-20 04:00:00,5,13.898467,11.810215
2014-04-20,2014-04-20 05:00:00,6,14.6168585,11.864014
2014-04-20,2014-04-20 06:00:00,7,11.503832,10.259048
2014-04-20,2014-04-20 07:00:00,8,10.06705,11.288742
2014-04-20,2014-04-20 08:00:00,9,9.827586,11.8342705
2014-04-20,2014-04-20 09:00:00,10,8.630268,11.897572
2014-04-20,2014-04-20 10:00:00,11,9.348659,14.034977
2014-04-20,2014-04-20 11:00:00,12,10.306514,16.097054
2014-04-20,2014-04-20 12:00:00,13,8.630268,16.209389
2014-04-20,2014-04-20 13:00:00,14,9.588122,15.311935
2014-04-20,2014-04-20 14:00:00,15,11.024904,15.863285
2014-04-20,2014-04-20 15:00:00,16,8.630268,15.848278
2014-04-20,2014-04-20 16:00:00,17,9.346265,14.923073
2014-04-20,2014-04-20 17:00:00,18,10.06705,14.074577
2014-04-20,2014-04-20 18:00:00,19,8.630268,14.500019
2014-04-20,2014-04-20 19:00:00,20,9.588122,17.075771
2014-04-20,2014-04-20 20:00:00,21,10.306514,20.62785
2014-04-20,2014-04-20 21:00:00,22,14.6168585,25.988838
2014-04-20,2014-04-20 22:00:00,23,13.180077,31.99356
2014-04-20,2014-04-20 23:00:00,24,11.743295,38.451355
2014-04-21,2014-04-21 00:00:00,1,14.137931,36.902893
2014-04-21,2014-04-21 01:00:00,2,15.095785,49.312122
2014-04-21,2014-04-21 02:00:00,3,13.180077,43.83706
2014-04-21,2014-04-21 03:00:00,4,12.222222,36.957314
2014-04-21,2014-04-21 04:00:00,5,14.856322,33.848328
2014-04-21,2014-04-21 05:00:00,6,14.856322,38.799267
2014-04-21,2014-04-21 06:00:00,7,10.78544,34.93833
2014-04-21,2014-04-21 07:00:00,8,10.545977,35.864067
2014-04-21,2014-04-21 08:00:00,9,21.568487,42.06042
2014-04-21,2014-04-21 09:00:00,10,27.078545,43.866447
2014-04-21,2014-04-21 10:00:00,11,37.86159,67.61594
2014-04-21,2014-04-21 11:00:00,12,40.498085,84.63627
2014-04-21,2014-04-21 12:00:00,13,33.788315,80.36808
2014-04-21,2014-04-21 13:00:00,14,30.19157,85.11699
2014-04-21,2014-04-21 14:00:00,15,28.515326,93.458725
2014-04-21,2014-04-21 15:00:00,16,28.036398,87.80898
2014-04-21,2014-04-21 16:00:00,17,27.796934,84.18895
2014-04-21,2014-04-21 17:00:00,18,39.54023,70.84357
2014-04-21,2014-04-21 18:00:00,19,32.349136,56.498474
2014-04-21,2014-04-21 19:00:00,20,30.43343,36.159973
2014-04-21,2014-04-21 20:00:00,21,42.41379,24.132236
2014-04-21,2014-04-21 21:00:00,22,46.965996,24.971447
2014-04-21,2014-04-21 22:00:00,23,40.256226,15.946873
2014-04-21,2014-04-21 23:00:00,24,21.326628,14.527664
2014-04-22,2014-04-22 00:00:00,1,14.6168585,22.01857
2014-04-22,2014-04-22 01:00:00,2,15.095785,25.260265
2014-04-22,2014-04-22 02:00:00,3,13.41954,16.932194
2014-04-22,2014-04-22 03:00:00,4,12.461686,19.249866
2014-04-22,2014-04-22 04:00:00,5,14.6168585,22.680504
2014-04-22,2014-04-22 05:00:00,6,15.335249,18.112755
2014-04-22,2014-04-22 06:00:00,7,11.9827585,21.999493
2014-04-22,2014-04-22 07:00:00,8,10.78544,25.329037
2014-04-22,2014-04-22 08:00:00,9,17.729885,22.651234
2014-04-22,2014-04-22 09:00:00,10,16.05364,27.751072
2014-04-22,2014-04-22 10:00:00,11,17.971743,32.1029
2014-04-22,2014-04-22 11:00:00,12,23.48659,35.888092
2014-04-22,2014-04-22 12:00:00,13,32.83046,45.86673
2014-04-22,2014-04-22 13:00:00,14,30.909962,44.758156
2014-04-22,2014-04-22 14:00:00,15,29.712645,47.07169
2014-04-22,2014-04-22 15:00:00,16,27.318008,46.144173
2014-04-22,2014-04-22 16:00:00,17,25.402298,35.393715
2014-04-22,2014-04-22 17:00:00,18,32.83046,38.223877
2014-04-22,2014-04-22 18:00:00,19,26.12069,42.036354
2014-04-22,2014-04-22 19:00:00,20,48.16571,44.361443
2014-04-22,2014-04-22 20:00:00,21,76.68104,47.816936
2014-04-22,2014-04-22 21:00:00,22,85.78544,53.001934
2014-04-22,2014-04-22 22:00:00,23,90.82136,51.661247
2014-04-22,2014-04-22 23:00:00,24,90.58429,35.473564
2014-04-23,2014-04-23 00:00:00,1,93.93678,87.664276
2014-04-23,2014-04-23 01:00:00,2,79.31753,76.717545
2014-04-23,2014-04-23 02:00:00,3,19.169062,66.873924
2014-04-23,2014-04-23 03:00:00,4,15.095785,66.03896
2014-04-23,2014-04-23 04:00:00,5,16.293104,66.876396
2014-04-23,2014-04-23 05:00:00,6,15.574713,64.17008
2014-04-23,2014-04-23 06:00:00,7,12.222222,67.718666
2014-04-23,2014-04-23 07:00:00,8,18.213602,77.14919
2014-04-23,2014-04-23 08:00:00,9,92.02107,88.864494
2014-04-23,2014-04-23 09:00:00,10,92.5,101.82569
2014-04-23,2014-04-23 10:00:00,11,95.61303,116.678215
2014-04-23,2014-04-23 11:00:00,12,98.24712,121.46167
2014-04-23,2014-04-23 12:00:00,13,99.68391,118.27472
2014-04-23,2014-04-23 13:00:00,14,98.24712,122.94383
2014-04-23,2014-04-23 14:00:00,15,74.76533,121.33228
2014-04-23,2014-04-23 15:00:00,16,61.582855,99.37851
2014-04-23,2014-04-23 16:00:00,17,67.0977,69.29673
2014-04-23,2014-04-23 17:00:00,18,74.284004,50.827
2014-04-23,2014-04-23 18:00:00,19,66.618774,49.32116
2014-04-23,2014-04-23 19:00:00,20,66.13745,63.336437
2014-04-23,2014-04-23 20:00:00,21,73.328545,82.55476
2014-04-23,2014-04-23 21:00:00,22,80.75671,95.76617
2014-04-23,2014-04-23 22:00:00,23,89.62165,89.45552
2014-04-23,2014-04-23 23:00:00,24,87.70594,80.357155
2014-04-24,2014-04-24 00:00:00,1,82.91188,76.37278
2014-04-24,2014-04-24 01:00:00,2,43.371647,58.70017
2014-04-24,2014-04-24 02:00:00,3,13.898467,49.953632
2014-04-24,2014-04-24 03:00:00,4,12.701149,43.99739
2014-04-24,2014-04-24 04:00:00,5,15.095785,49.250797
2014-04-24,2014-04-24 05:00:00,6,15.574713,53.837677
2014-04-24,2014-04-24 06:00:00,7,10.78544,57.27793
2014-04-24,2014-04-24 07:00:00,8,11.264368,73.777016
2014-04-24,2014-04-24 08:00:00,9,18.929598,92.378006
2014-04-24,2014-04-24 09:00:00,10,20.847702,114.202126
2014-04-24,2014-04-24 10:00:00,11,33.069923,123.02739
2014-04-24,2014-04-24 11:00:00,12,44.810825,117.941986
2014-04-24,2014-04-24 12:00:00,13,61.82471,107.45656
2014-04-24,2014-04-24 13:00:00,14,66.13985,108.918625
2014-04-24,2014-04-24 14:00:00,15,66.85824,98.2649
2014-04-24,2014-04-24 15:00:00,16,68.534485,71.15494
2014-04-24,2014-04-24 16:00:00,17,73.32375,55.152386
2014-04-24,2014-04-24 17:00:00,18,76.92289,56.029297
2014-04-24,2014-04-24 18:00:00,19,69.97127,57.049263
2014-04-24,2014-04-24 19:00:00,20,67.0977,69.54965
2014-04-24,2014-04-24 20:00:00,21,72.131226,71.50315
2014-04-24,2014-04-24 21:00:00,22,93.93678,56.839382
2014-04-24,2014-04-24 22:00:00,23,90.34243,56.846905
2014-04-24,2014-04-24 23:00:00,24,84.82758,73.25162
2014-04-25,2014-04-25 00:00:00,1,84.82758,75.814064
2014-04-25,2014-04-25 01:00:00,2,85.06705,57.16203
2014-04-25,2014-04-25 02:00:00,3,52.478447,33.878197
2014-04-25,2014-04-25 03:00:00,4,15.335249,25.70927
2014-04-25,2014-04-25 04:00:00,5,16.293104,33.58888
2014-04-25,2014-04-25 05:00:00,6,16.77203,33.921627
2014-04-25,2014-04-25 06:00:00,7,11.743295,40.34091
2014-04-25,2014-04-25 07:00:00,8,12.222222,51.311424
2014-04-25,2014-04-25 08:00:00,9,17.729885,55.789577
2014-04-25,2014-04-25 09:00:00,10,19.887451,62.510445
2014-04-25,2014-04-25 10:00:00,11,20.366379,82.65296
2014-04-25,2014-04-25 11:00:00,12,20.124521,96.97192
2014-04-25,2014-04-25 12:00:00,13,19.889847,98.53173
2014-04-25,2014-04-25 13:00:00,14,20.126915,100.643364
2014-04-25,2014-04-25 14:00:00,15,21.810345,94.47189
2014-04-25,2014-04-25 15:00:00,16,19.169062,86.16855
2014-04-25,2014-04-25 16:00:00,17,24.920977,86.90614
2014-04-25,2014-04-25 17:00:00,18,34.988026,75.575714
2014-04-25,2014-04-25 18:00:00,19,34.269634,70.57281
2014-04-25,2014-04-25 19:00:00,20,37.863983,82.55762
2014-04-25,2014-04-25 20:00:00,21,51.520596,79.89497
2014-04-25,2014-04-25 21:00:00,22,58.467434,80.96137
2014-04-25,2014-04-25 22:00:00,23,56.31226,83.2724
2014-04-25,2014-04-25 23:00:00,24,51.522987,74.41394
2014-04-26,2014-04-26 00:00:00,1,51.76245,50.48633
2014-04-26,2014-04-26 01:00:00,2,48.886494,45.307964
2014-04-26,2014-04-26 02:00:00,3,15.335249,29.599907
2014-04-26,2014-04-26 03:00:00,4,12.940613,16.066593
2014-04-26,2014-04-26 04:00:00,5,14.856322,14.356846
2014-04-26,2014-04-26 05:00:00,6,15.574713,17.770172
2014-04-26,2014-04-26 06:00:00,7,12.701149,31.40347
2014-04-26,2014-04-26 07:00:00,8,10.78544,40.696384
2014-04-26,2014-04-26 08:00:00,9,11.024904,33.285297
2014-04-26,2014-04-26 09:00:00,10,9.588122,28.001114
2014-04-26,2014-04-26 10:00:00,11,10.545977,26.071651
2014-04-26,2014-04-26 11:00:00,12,11.503832,26.631844
2014-04-26,2014-04-26 12:00:00,13,9.588122,31.473469
2014-04-26,2014-04-26 13:00:00,14,10.78544,35.546806
2014-04-26,2014-04-26 14:00:00,15,12.222222,36.306824
2014-04-26,2014-04-26 15:00:00,16,10.545977,37.000916
2014-04-26,2014-04-26 16:00:00,17,11.024904,35.848503
2014-04-26,2014-04-26 17:00:00,18,11.743295,35.830196
2014-04-26,2014-04-26 18:00:00,19,10.06705,43.02207
2014-04-26,2014-04-26 19:00:00,20,10.78544,57.828026
2014-04-26,2014-04-26 20:00:00,21,11.024904,71.95625
2014-04-26,2014-04-26 21:00:00,22,15.095785,83.10509
2014-04-26,2014-04-26 22:00:00,23,15.095785,80.95276
2014-04-26,2014-04-26 23:00:00,24,13.41954,72.986435
2014-04-27,2014-04-27 00:00:00,1,15.095785,13.871227
2014-04-27,2014-04-27 01:00:00,2,16.05364,12.526176
2014-04-27,2014-04-27 02:00:00,3,14.137931,11.582573
2014-04-27,2014-04-27 03:00:00,4,14.377395,11.238548
2014-04-27,2014-04-27 04:00:00,5,15.814177,10.969444
2014-04-27,2014-04-27 05:00:00,6,15.814177,10.147251
2014-04-27,2014-04-27 06:00:00,7,11.503832,9.813599
2014-04-27,2014-04-27 07:00:00,8,9.827586,9.031586
2014-04-27,2014-04-27 08:00:00,9,11.264368,7.83757
2014-04-27,2014-04-27 09:00:00,10,9.109196,8.377106
2014-04-27,2014-04-27 10:00:00,11,10.545977,7.481472
2014-04-27,2014-04-27 11:00:00,12,10.78544,6.371559
2014-04-27,2014-04-27 12:00:00,13,10.306514,6.280815
2014-04-27,2014-04-27 13:00:00,14,11.743295,5.9575806
2014-04-27,2014-04-27 14:00:00,15,11.503832,7.751751
2014-04-27,2014-04-27 15:00:00,16,10.545977,6.9829445
2014-04-27,2014-04-27 16:00:00,17,10.78544,6.8280067
2014-04-27,2014-04-27 17:00:00,18,11.9827585,7.2916603
2014-04-27,2014-04-27 18:00:00,19,10.306514,8.031757
2014-04-27,2014-04-27 19:00:00,20,10.545977,8.506676
2014-04-27,2014-04-27 20:00:00,21,11.024904,9.8834
2014-04-27,2014-04-27 21:00:00,22,15.095785,12.33358
2014-04-27,2014-04-27 22:00:00,23,15.335249,14.463844
2014-04-27,2014-04-27 23:00:00,24,12.940613,14.084358
2014-04-28,2014-04-28 00:00:00,1,14.856322,15.226013
2014-04-28,2014-04-28 01:00:00,2,16.05364,13.32687
2014-04-28,2014-04-28 02:00:00,3,14.137931,13.289623
2014-04-28,2014-04-28 03:00:00,4,13.180077,15.165192
2014-04-28,2014-04-28 04:00:00,5,14.856322,14.803276
2014-04-28,2014-04-28 05:00:00,6,15.574713,16.473999
2014-04-28,2014-04-28 06:00:00,7,11.264368,15.9362335
2014-04-28,2014-04-28 07:00:00,8,10.545977,17.3821
2014-04-28,2014-04-28 08:00:00,9,13.659004,24.001225
2014-04-28,2014-04-28 09:00:00,10,15.814177,26.842731
2014-04-28,2014-04-28 10:00:00,11,17.729885,28.117588
2014-04-28,2014-04-28 11:00:00,12,21.805555,29.439846
2014-04-28,2014-04-28 12:00:00,13,25.402298,29.062988
2014-04-28,2014-04-28 13:00:00,14,22.52634,31.659626
2014-04-28,2014-04-28 14:00:00,15,27.55747,37.64086
2014-04-28,2014-04-28 15:00:00,16,29.233717,32.787003
2014-04-28,2014-04-28 16:00:00,17,28.515326,31.826172
2014-04-28,2014-04-28 17:00:00,18,34.02778,33.68882
2014-04-28,2014-04-28 18:00:00,19,26.83908,35.938774
2014-04-28,2014-04-28 19:00:00,20,34.509098,44.532402
2014-04-28,2014-04-28 20:00:00,21,43.613506,54.610466
2014-04-28,2014-04-28 21:00:00,22,61.34339,68.50289
2014-04-28,2014-04-28 22:00:00,23,59.904213,79.95484
2014-04-28,2014-04-28 23:00:00,24,57.270115,84.02359
2014-04-29,2014-04-29 00:00:00,1,57.03065,70.830154
2014-04-29,2014-04-29 01:00:00,2,57.988506,83.77113
2014-04-29,2014-04-29 02:00:00,3,18.211206,83.20258
2014-04-29,2014-04-29 03:00:00,4,13.41954,82.19227
2014-04-29,2014-04-29 04:00:00,5,16.05364,79.78109
2014-04-29,2014-04-29 05:00:00,6,17.011494,54.229736
2014-04-29,2014-04-29 06:00:00,7,11.503832,24.617409
2014-04-29,2014-04-29 07:00:00,8,10.78544,18.515812
2014-04-29,2014-04-29 08:00:00,9,21.805555,14.257587
2014-04-29,2014-04-29 09:00:00,10,27.796934,22.924213
2014-04-29,2014-04-29 10:00:00,11,29.475574,40.62989
2014-04-29,2014-04-29 11:00:00,12,35.466953,37.447983
2014-04-29,2014-04-29 12:00:00,13,31.630747,32.092808
2014-04-29,2014-04-29 13:00:00,14,26.599617,26.925304
2014-04-29,2014-04-29 14:00:00,15,23.48659,28.208427
2014-04-29,2014-04-29 15:00:00,16,19.64799,27.13705
2014-04-29,2014-04-29 16:00:00,17,25.162836,30.21814
2014-04-29,2014-04-29 17:00:00,18,24.439655,30.815933
2014-04-29,2014-04-29 18:00:00,19,20.847702,29.162346
2014-04-29,2014-04-29 19:00:00,20,39.779694,34.38889
2014-04-29,2014-04-29 20:00:00,21,52.480843,37.301224
2014-04-29,2014-04-29 21:00:00,22,55.59387,48.51908
2014-04-29,2014-04-29 22:00:00,23,58.467434,59.13532
2014-04-29,2014-04-29 23:00:00,24,56.551723,63.148952
2014-04-30,2014-04-30 00:00:00,1,49.604885,53.912582
2014-04-30,2014-04-30 01:00:00,2,34.509098,56.47376
2014-04-30,2014-04-30 02:00:00,3,14.377395,53.5918
2014-04-30,2014-04-30 03:00:00,4,13.659004,30.305923
2014-04-30,2014-04-30 04:00:00,5,15.095785,13.848106
2014-04-30,2014-04-30 05:00:00,6,17.011494,6.8828773
2014-04-30,2014-04-30 06:00:00,7,10.78544,9.294266
2014-04-30,2014-04-30 07:00:00,8,11.024904,23.584969
2014-04-30,2014-04-30 08:00:00,9,13.659004,27.881123
2014-04-30,2014-04-30 09:00:00,10,18.690134,28.050922
2014-04-30,2014-04-30 10:00:00,11,26.597221,19.8335
2014-04-30,2014-04-30 11:00:00,12,33.54885,14.314186
2014-04-30,2014-04-30 12:00:00,13,30.19157,17.395027
2014-04-30,2014-04-30 13:00:00,14,28.036398,22.463856
2014-04-30,2014-04-30 14:00:00,15,29.712645,23.357609
2014-04-30,2014-04-30 15:00:00,16,33.546455,22.09309
2014-04-30,2014-04-30 16:00:00,17,32.346745,20.685219
2014-04-30,2014-04-30 17:00:00,18,33.54885,22.244156
2014-04-30,2014-04-30 18:00:00,19,31.38889,29.389816
2014-04-30,2014-04-30 19:00:00,20,37.622128,42.881058
2014-04-30,2014-04-30 20:00:00,21,47.926247,56.15001
2014-04-30,2014-04-30 21:00:00,22,55.11494,71.14805
2014-04-30,2014-04-30 22:00:00,23,47.686783,76.539444
2014-04-30,2014-04-30 23:00:00,24,43.132183,73.26484
2014-05-01,2014-05-01 00:00:00,1,37.863983,43.79773
2014-05-01,2014-05-01 01:00:00,2,19.40613,48.618034
2014-05-01,2014-05-01 02:00:00,3,18.211206,44.904427
2014-05-01,2014-05-01 03:00:00,4,16.05364,24.682674
2014-05-01,2014-05-01 04:00:00,5,17.011494,10.839371
2014-05-01,2014-05-01 05:00:00,6,17.490421,2.886551
2014-05-01,2014-05-01 06:00:00,7,11.264368,3.8678665
2014-05-01,2014-05-01 07:00:00,8,11.503832,17.66257
2014-05-01,2014-05-01 08:00:00,9,16.293104,21.271938
2014-05-01,2014-05-01 09:00:00,10,17.250957,25.194122
2014-05-01,2014-05-01 10:00:00,11,17.011494,19.78072
2014-05-01,2014-05-01 11:00:00,12,17.729885,16.807148
2014-05-01,2014-05-01 12:00:00,13,16.05364,22.550102
2014-05-01,2014-05-01 13:00:00,14,15.814177,26.683945
2014-05-01,2014-05-01 14:00:00,15,15.095785,29.147621
2014-05-01,2014-05-01 15:00:00,16,17.011494,28.424355
2014-05-01,2014-05-01 16:00:00,17,22.04502,26.920826
2014-05-01,2014-05-01 17:00:00,18,37.140804,28.041424
2014-05-01,2014-05-01 18:00:00,19,28.75479,36.01909
2014-05-01,2014-05-01 19:00:00,20,28.994253,47.567223
2014-05-01,2014-05-01 20:00:00,21,39.777298,58.24196
2014-05-01,2014-05-01 21:00:00,22,52.480843,70.865944
2014-05-01,2014-05-01 22:00:00,23,74.2864,73.790596
2014-05-01,2014-05-01 23:00:00,24,78.840996,66.91911
2014-05-02,2014-05-02 00:00:00,1,77.64368,81.45742
2014-05-02,2014-05-02 01:00:00,2,47.92864,77.45141
2014-05-02,2014-05-02 02:00:00,3,17.011494,58.575825
2014-05-02,2014-05-02 03:00:00,4,15.095785,58.21619
2014-05-02,2014-05-02 04:00:00,5,16.293104,71.60863
2014-05-02,2014-05-02 05:00:00,6,15.574713,68.74006
2014-05-02,2014-05-02 06:00:00,7,11.264368,71.63562
2014-05-02,2014-05-02 07:00:00,8,10.78544,89.435234
2014-05-02,2014-05-02 08:00:00,9,14.6168585,97.017235
2014-05-02,2014-05-02 09:00:00,10,18.68774,97.999725
2014-05-02,2014-05-02 10:00:00,11,17.729885,111.29883
2014-05-02,2014-05-02 11:00:00,12,17.011494,113.98642
2014-05-02,2014-05-02 12:00:00,13,18.448277,103.15446
2014-05-02,2014-05-02 13:00:00,14,16.05364,108.31076
2014-05-02,2014-05-02 14:00:00,15,23.007664,115.354645
2014-05-02,2014-05-02 15:00:00,16,22.528736,106.68448
2014-05-02,2014-05-02 16:00:00,17,28.75479,97.31273
2014-05-02,2014-05-02 17:00:00,18,34.02778,82.14356
2014-05-02,2014-05-02 18:00:00,19,26.360153,63.073025
2014-05-02,2014-05-02 19:00:00,20,33.309387,49.5513
2014-05-02,2014-05-02 20:00:00,21,45.53161,45.908806
2014-05-02,2014-05-02 21:00:00,22,77.88314,65.9876
2014-05-02,2014-05-02 22:00:00,23,78.122604,73.16409
2014-05-02,2014-05-02 23:00:00,24,73.80268,67.27554
2014-05-03,2014-05-03 00:00:00,1,65.89799,74.36642
2014-05-03,2014-05-03 01:00:00,2,27.318008,51.76347
2014-05-03,2014-05-03 02:00:00,3,24.444445,27.475914
2014-05-03,2014-05-03 03:00:00,4,22.049809,16.90134
2014-05-03,2014-05-03 04:00:00,5,21.810345,11.95409
2014-05-03,2014-05-03 05:00:00,6,21.57088,13.669376
2014-05-03,2014-05-03 06:00:00,7,15.335249,26.060673
2014-05-03,2014-05-03 07:00:00,8,13.41954,21.565525
2014-05-03,2014-05-03 08:00:00,9,13.41954,9.536556
2014-05-03,2014-05-03 09:00:00,10,11.9827585,2.280922
2014-05-03,2014-05-03 10:00:00,11,13.41954,5.5637703
2014-05-03,2014-05-03 11:00:00,12,13.180077,13.592571
2014-05-03,2014-05-03 12:00:00,13,10.78544,10.786442
2014-05-03,2014-05-03 13:00:00,14,10.545977,11.322651
2014-05-03,2014-05-03 14:00:00,15,12.222222,17.791393
2014-05-03,2014-05-03 15:00:00,16,10.06705,16.004635
2014-05-03,2014-05-03 16:00:00,17,11.743295,15.05143
2014-05-03,2014-05-03 17:00:00,18,11.9827585,19.014156
2014-05-03,2014-05-03 18:00:00,19,10.545977,20.673393
2014-05-03,2014-05-03 19:00:00,20,13.898467,26.825989
2014-05-03,2014-05-03 20:00:00,21,12.940613,44.45095
2014-05-03,2014-05-03 21:00:00,22,17.250957,57.157513
2014-05-03,2014-05-03 22:00:00,23,15.814177,60.104614
2014-05-03,2014-05-03 23:00:00,24,16.293104,59.727512
2014-05-04,2014-05-04 00:00:00,1,17.490421,16.76614
2014-05-04,2014-05-04 01:00:00,2,17.011494,15.478336
2014-05-04,2014-05-04 02:00:00,3,14.856322,14.421219
2014-05-04,2014-05-04 03:00:00,4,14.377395,13.957428
2014-05-04,2014-05-04 04:00:00,5,15.574713,13.30497
2014-05-04,2014-05-04 05:00:00,6,16.77203,12.277203
2014-05-04,2014-05-04 06:00:00,7,10.306514,12.15572
2014-05-04,2014-05-04 07:00:00,8,10.545977,11.228516
2014-05-04,2014-05-04 08:00:00,9,11.9827585,10.0505905
2014-05-04,2014-05-04 09:00:00,10,9.827586,10.560318
2014-05-04,2014-05-04 10:00:00,11,11.743295,9.753113
2014-05-04,2014-05-04 11:00:00,12,11.743295,8.480652
2014-05-04,2014-05-04 12:00:00,13,10.545977,8.400261
2014-05-04,2014-05-04 13:00:00,14,11.024904,8.220047
2014-05-04,2014-05-04 14:00:00,15,11.9827585,10.211502
2014-05-04,2014-05-04 15:00:00,16,10.545977,9.319641
2014-05-04,2014-05-04 16:00:00,17,11.264368,9.399384
2014-05-04,2014-05-04 17:00:00,18,11.9827585,9.630974
2014-05-04,2014-05-04 18:00:00,19,11.503832,10.316479
2014-05-04,2014-05-04 19:00:00,20,11.024904,10.989433
2014-05-04,2014-05-04 20:00:00,21,11.503832,12.1281395
2014-05-04,2014-05-04 21:00:00,22,15.814177,14.240826
2014-05-04,2014-05-04 22:00:00,23,15.095785,16.378956
2014-05-04,2014-05-04 23:00:00,24,13.898467,16.046616
2014-05-05,2014-05-05 00:00:00,1,15.814177,16.331562
2014-05-05,2014-05-05 01:00:00,2,16.532568,14.252003
2014-05-05,2014-05-05 02:00:00,3,15.814177,14.209736
2014-05-05,2014-05-05 03:00:00,4,14.137931,16.122334
2014-05-05,2014-05-05 04:00:00,5,15.335249,15.797707
2014-05-05,2014-05-05 05:00:00,6,16.293104,17.26355
2014-05-05,2014-05-05 06:00:00,7,10.78544,16.23888
2014-05-05,2014-05-05 07:00:00,8,10.545977,17.727207
2014-05-05,2014-05-05 08:00:00,9,24.442049,24.44032
2014-05-05,2014-05-05 09:00:00,10,30.19157,27.064655
2014-05-05,2014-05-05 10:00:00,11,33.067528,28.715485
2014-05-05,2014-05-05 11:00:00,12,32.5886,30.064182
2014-05-05,2014-05-05 12:00:00,13,31.393679,29.490223
2014-05-05,2014-05-05 13:00:00,14,26.360153,32.391674
2014-05-05,2014-05-05 14:00:00,15,27.796934,38.569855
2014-05-05,2014-05-05 15:00:00,16,25.641762,33.478394
2014-05-05,2014-05-05 16:00:00,17,33.788315,32.394928
2014-05-05,2014-05-05 17:00:00,18,40.977013,33.88641
2014-05-05,2014-05-05 18:00:00,19,30.193966,35.534874
2014-05-05,2014-05-05 19:00:00,20,27.796934,43.75052
2014-05-05,2014-05-05 20:00:00,21,28.515326,53.600292
2014-05-05,2014-05-05 21:00:00,22,42.41379,67.34057
2014-05-05,2014-05-05 22:00:00,23,37.145596,79.4771
2014-05-05,2014-05-05 23:00:00,24,18.448277,84.39423
2014-05-06,2014-05-06 00:00:00,1,17.490421,29.532928
2014-05-06,2014-05-06 01:00:00,2,18.448277,49.891808
2014-05-06,2014-05-06 02:00:00,3,16.534962,54.375603
2014-05-06,2014-05-06 03:00:00,4,14.377395,56.111034
2014-05-06,2014-05-06 04:00:00,5,15.814177,53.963795
2014-05-06,2014-05-06 05:00:00,6,16.77203,40.417473
2014-05-06,2014-05-06 06:00:00,7,11.024904,25.701374
2014-05-06,2014-05-06 07:00:00,8,11.503832,23.598003
2014-05-06,2014-05-06 08:00:00,9,16.05364,21.86573
2014-05-06,2014-05-06 09:00:00,10,15.574713,24.760284
2014-05-06,2014-05-06 10:00:00,11,18.213602,32.66089
2014-05-06,2014-05-06 11:00:00,12,21.568487,30.686146
2014-05-06,2014-05-06 12:00:00,13,21.08956,34.36812
2014-05-06,2014-05-06 13:00:00,14,17.011494,26.25608
2014-05-06,2014-05-06 14:00:00,15,16.05364,27.672848
2014-05-06,2014-05-06 15:00:00,16,15.814177,28.592438
2014-05-06,2014-05-06 16:00:00,17,25.639368,26.840065
2014-05-06,2014-05-06 17:00:00,18,45.529213,27.366783
2014-05-06,2014-05-06 18:00:00,19,37.62452,31.428741
2014-05-06,2014-05-06 19:00:00,20,40.49569,36.919567
2014-05-06,2014-05-06 20:00:00,21,36.903736,37.665825
2014-05-06,2014-05-06 21:00:00,22,44.09004,42.07184
2014-05-06,2014-05-06 22:00:00,23,46.247604,42.337006
2014-05-06,2014-05-06 23:00:00,24,39.300766,32.238487
2014-05-07,2014-05-07 00:00:00,1,19.166666,41.197224
2014-05-07,2014-05-07 01:00:00,2,19.40613,38.4302
2014-05-07,2014-05-07 02:00:00,3,17.729885,35.665928
2014-05-07,2014-05-07 03:00:00,4,16.532568,35.61862
2014-05-07,2014-05-07 04:00:00,5,17.729885,44.819653
2014-05-07,2014-05-07 05:00:00,6,17.250957,49.32859
2014-05-07,2014-05-07 06:00:00,7,10.78544,56.72288
2014-05-07,2014-05-07 07:00:00,8,11.264368,59.673996
2014-05-07,2014-05-07 08:00:00,9,16.77203,59.06268
2014-05-07,2014-05-07 09:00:00,10,15.095785,74.045555
2014-05-07,2014-05-07 10:00:00,11,16.293104,84.33633
2014-05-07,2014-05-07 11:00:00,12,19.408525,82.93364
2014-05-07,2014-05-07 12:00:00,13,34.02778,85.66249
2014-05-07,2014-05-07 13:00:00,14,31.867817,95.40638
2014-05-07,2014-05-07 14:00:00,15,29.712645,97.44646
2014-05-07,2014-05-07 15:00:00,16,32.590996,79.92214
2014-05-07,2014-05-07 16:00:00,17,30.19157,66.89401
2014-05-07,2014-05-07 17:00:00,18,37.145596,66.89705
2014-05-07,2014-05-07 18:00:00,19,32.590996,67.30575
2014-05-07,2014-05-07 19:00:00,20,31.630747,76.07777
2014-05-07,2014-05-07 20:00:00,21,34.74617,76.66779
2014-05-07,2014-05-07 21:00:00,22,56.31226,67.31266
2014-05-07,2014-05-07 22:00:00,23,49.36542,61.399395
2014-05-07,2014-05-07 23:00:00,24,47.44732,46.371403
2014-05-08,2014-05-08 00:00:00,1,40.01676,44.880592
2014-05-08,2014-05-08 01:00:00,2,18.68774,35.02343
2014-05-08,2014-05-08 02:00:00,3,16.293104,37.9524
2014-05-08,2014-05-08 03:00:00,4,13.41954,44.84485
2014-05-08,2014-05-08 04:00:00,5,15.814177,39.288773
2014-05-08,2014-05-08 05:00:00,6,17.011494,42.246643
2014-05-08,2014-05-08 06:00:00,7,10.545977,49.63884
2014-05-08,2014-05-08 07:00:00,8,11.264368,54.50009
2014-05-08,2014-05-08 08:00:00,9,13.41954,63.30891
2014-05-08,2014-05-08 09:00:00,10,14.377395,62.843952
2014-05-08,2014-05-08 10:00:00,11,20.12931,63.434856
2014-05-08,2014-05-08 11:00:00,12,24.444445,58.966087
2014-05-08,2014-05-08 12:00:00,13,27.078545,67.02622
2014-05-08,2014-05-08 13:00:00,14,23.48659,71.252686
2014-05-08,2014-05-08 14:00:00,15,27.078545,61.340855
2014-05-08,2014-05-08 15:00:00,16,30.670498,54.189533
2014-05-08,2014-05-08 16:00:00,17,31.391283,56.20366
2014-05-08,2014-05-08 17:00:00,18,39.54023,52.951256
2014-05-08,2014-05-08 18:00:00,19,31.630747,53.28797
2014-05-08,2014-05-08 19:00:00,20,41.697796,61.85022
2014-05-08,2014-05-08 20:00:00,21,61.106323,62.220528
2014-05-08,2014-05-08 21:00:00,22,78.840996,78.39145
2014-05-08,2014-05-08 22:00:00,23,76.68104,87.49455
2014-05-08,2014-05-08 23:00:00,24,72.60536,82.72225
2014-05-09,2014-05-09 00:00:00,1,57.27251,71.27756
2014-05-09,2014-05-09 01:00:00,2,51.283524,62.35006
2014-05-09,2014-05-09 02:00:00,3,22.284483,52.116528
2014-05-09,2014-05-09 03:00:00,4,15.814177,54.88081
2014-05-09,2014-05-09 04:00:00,5,17.011494,54.61532
2014-05-09,2014-05-09 05:00:00,6,16.293104,51.098557
2014-05-09,2014-05-09 06:00:00,7,10.78544,52.616585
2014-05-09,2014-05-09 07:00:00,8,12.701149,59.05509
2014-05-09,2014-05-09 08:00:00,9,15.574713,69.52765
2014-05-09,2014-05-09 09:00:00,10,16.293104,78.62339
2014-05-09,2014-05-09 10:00:00,11,18.931992,96.048996
2014-05-09,2014-05-09 11:00:00,12,22.7682,107.49202
2014-05-09,2014-05-09 12:00:00,13,19.887451,106.00664
2014-05-09,2014-05-09 13:00:00,14,17.969349,116.763535
2014-05-09,2014-05-09 14:00:00,15,22.52634,112.95211
2014-05-09,2014-05-09 15:00:00,16,23.72366,96.623344
2014-05-09,2014-05-09 16:00:00,17,23.48659,82.63754
2014-05-09,2014-05-09 17:00:00,18,20.126915,63.871082
2014-05-09,2014-05-09 18:00:00,19,17.01389,56.94084
2014-05-09,2014-05-09 19:00:00,20,30.670498,62.83021
2014-05-09,2014-05-09 20:00:00,21,38.101055,67.38285
2014-05-09,2014-05-09 21:00:00,22,62.545498,83.37104
2014-05-09,2014-05-09 22:00:00,23,59.42529,81.00743
2014-05-09,2014-05-09 23:00:00,24,56.791187,69.19306
2014-05-10,2014-05-10 00:00:00,1,57.03065,62.260387
2014-05-10,2014-05-10 01:00:00,2,56.791187,63.4228
2014-05-10,2014-05-10 02:00:00,3,52.95977,52.60383
2014-05-10,2014-05-10 03:00:00,4,28.517721,49.966553
2014-05-10,2014-05-10 04:00:00,5,15.335249,59.684166
2014-05-10,2014-05-10 05:00:00,6,16.293104,58.251583
2014-05-10,2014-05-10 06:00:00,7,10.545977,56.766895
2014-05-10,2014-05-10 07:00:00,8,10.06705,67.53497
2014-05-10,2014-05-10 08:00:00,9,11.503832,67.87183
2014-05-10,2014-05-10 09:00:00,10,9.588122,74.63432
2014-05-10,2014-05-10 10:00:00,11,10.78544,97.38504
2014-05-10,2014-05-10 11:00:00,12,11.743295,103.88746
2014-05-10,2014-05-10 12:00:00,13,10.306514,99.48944
2014-05-10,2014-05-10 13:00:00,14,11.503832,104.84917
2014-05-10,2014-05-10 14:00:00,15,12.701149,110.12348
2014-05-10,2014-05-10 15:00:00,16,9.827586,103.538284
2014-05-10,2014-05-10 16:00:00,17,11.264368,89.286896
2014-05-10,2014-05-10 17:00:00,18,12.222222,66.70216
2014-05-10,2014-05-10 18:00:00,19,10.545977,53.75561
2014-05-10,2014-05-10 19:00:00,20,11.024904,48.752834
2014-05-10,2014-05-10 20:00:00,21,10.545977,51.975567
2014-05-10,2014-05-10 21:00:00,22,16.05364,74.74573
2014-05-10,2014-05-10 22:00:00,23,17.011494,73.34379
2014-05-10,2014-05-10 23:00:00,24,15.574713,53.56276
2014-05-11,2014-05-11 00:00:00,1,16.532568,16.472958
2014-05-11,2014-05-11 01:00:00,2,16.05364,18.055496
2014-05-11,2014-05-11 02:00:00,3,14.856322,17.928776
2014-05-11,2014-05-11 03:00:00,4,13.41954,17.806702
2014-05-11,2014-05-11 04:00:00,5,15.335249,18.58133
2014-05-11,2014-05-11 05:00:00,6,15.814177,17.17966
2014-05-11,2014-05-11 06:00:00,7,11.503832,16.169518
2014-05-11,2014-05-11 07:00:00,8,10.306514,15.732079
2014-05-11,2014-05-11 08:00:00,9,11.743295,13.0566635
2014-05-11,2014-05-11 09:00:00,10,10.06705,12.929508
2014-05-11,2014-05-11 10:00:00,11,10.78544,14.07494
2014-05-11,2014-05-11 11:00:00,12,11.743295,11.560726
2014-05-11,2014-05-11 12:00:00,13,10.306514,11.652035
2014-05-11,2014-05-11 13:00:00,14,11.024904,11.3342705
2014-05-11,2014-05-11 14:00:00,15,12.701149,13.89064
2014-05-11,2014-05-11 15:00:00,16,10.306514,12.102978
2014-05-11,2014-05-11 16:00:00,17,11.743295,11.911816
2014-05-11,2014-05-11 17:00:00,18,11.743295,12.8382225
2014-05-11,2014-05-11 18:00:00,19,10.545977,13.289433
2014-05-11,2014-05-11 19:00:00,20,11.503832,15.5715065
2014-05-11,2014-05-11 20:00:00,21,9.827586,17.06696
2014-05-11,2014-05-11 21:00:00,22,15.574713,19.984188
2014-05-11,2014-05-11 22:00:00,23,15.574713,22.070862
2014-05-11,2014-05-11 23:00:00,24,13.180077,20.625824
2014-05-12,2014-05-12 00:00:00,1,15.335249,15.223572
2014-05-12,2014-05-12 01:00:00,2,16.05364,14.104015
2014-05-12,2014-05-12 02:00:00,3,14.137931,13.797573
2014-05-12,2014-05-12 03:00:00,4,12.940613,15.821018
2014-05-12,2014-05-12 04:00:00,5,14.6168585,16.723152
2014-05-12,2014-05-12 05:00:00,6,15.574713,16.687862
2014-05-12,2014-05-12 06:00:00,7,10.545977,14.177326
2014-05-12,2014-05-12 07:00:00,8,10.78544,15.663826
2014-05-12,2014-05-12 08:00:00,9,14.6168585,20.83701
2014-05-12,2014-05-12 09:00:00,10,28.273468,25.261436
2014-05-12,2014-05-12 10:00:00,11,32.58621,28.84011
2014-05-12,2014-05-12 11:00:00,12,35.94588,30.74284
2014-05-12,2014-05-12 12:00:00,13,36.427204,30.556671
2014-05-12,2014-05-12 13:00:00,14,33.788315,32.864704
2014-05-12,2014-05-12 14:00:00,15,33.067528,39.59935
2014-05-12,2014-05-12 15:00:00,16,31.149426,34.8857
2014-05-12,2014-05-12 16:00:00,17,29.233717,32.968555
2014-05-12,2014-05-12 17:00:00,18,26.83908,33.466263
2014-05-12,2014-05-12 18:00:00,19,20.850096,32.87372
2014-05-12,2014-05-12 19:00:00,20,35.22749,37.970245
2014-05-12,2014-05-12 20:00:00,21,45.768677,48.381073
2014-05-12,2014-05-12 21:00:00,22,63.503353,62.91882
2014-05-12,2014-05-12 22:00:00,23,57.50958,78.2225
2014-05-12,2014-05-12 23:00:00,24,55.59387,86.7997
2014-05-13,2014-05-13 00:00:00,1,54.87548,46.20188
2014-05-13,2014-05-13 01:00:00,2,54.87548,31.31532
2014-05-13,2014-05-13 02:00:00,3,28.75479,14.529423
2014-05-13,2014-05-13 03:00:00,4,15.095785,11.841091
2014-05-13,2014-05-13 04:00:00,5,17.250957,19.420303
2014-05-13,2014-05-13 05:00:00,6,17.969349,17.933071
2014-05-13,2014-05-13 06:00:00,7,11.024904,29.71598
2014-05-13,2014-05-13 07:00:00,8,10.78544,38.16712
2014-05-13,2014-05-13 08:00:00,9,15.574713,32.182373
2014-05-13,2014-05-13 09:00:00,10,16.532568,30.67286
2014-05-13,2014-05-13 10:00:00,11,17.011494,38.854786
2014-05-13,2014-05-13 11:00:00,12,20.608238,48.88254
2014-05-13,2014-05-13 12:00:00,13,27.318008,53.988735
2014-05-13,2014-05-13 13:00:00,14,27.55747,54.98786
2014-05-13,2014-05-13 14:00:00,15,39.300766,52.452164
2014-05-13,2014-05-13 15:00:00,16,37.145596,50.040756
2014-05-13,2014-05-13 16:00:00,17,37.38506,46.67533
2014-05-13,2014-05-13 17:00:00,18,42.89272,36.70855
2014-05-13,2014-05-13 18:00:00,19,36.903736,34.47557
2014-05-13,2014-05-13 19:00:00,20,49.12356,39.584244
2014-05-13,2014-05-13 20:00:00,21,59.667145,43.900497
2014-05-13,2014-05-13 21:00:00,22,59.42529,59.565704
2014-05-13,2014-05-13 22:00:00,23,55.59387,62.09247
2014-05-13,2014-05-13 23:00:00,24,57.03065,48.93344
2014-05-14,2014-05-14 00:00:00,1,58.706898,51.984406
2014-05-14,2014-05-14 01:00:00,2,49.363026,48.713455
2014-05-14,2014-05-14 02:00:00,3,30.435823,39.620102
2014-05-14,2014-05-14 03:00:00,4,15.335249,14.98666
2014-05-14,2014-05-14 04:00:00,5,17.011494,2.6116867
2014-05-14,2014-05-14 05:00:00,6,16.293104,1.997467
2014-05-14,2014-05-14 06:00:00,7,10.545977,12.574486
2014-05-14,2014-05-14 07:00:00,8,11.024904,27.589333
2014-05-14,2014-05-14 08:00:00,9,21.08956,30.14925
2014-05-14,2014-05-14 09:00:00,10,21.568487,30.792332
2014-05-14,2014-05-14 10:00:00,11,23.48659,22.350964
2014-05-14,2014-05-14 11:00:00,12,23.726053,24.498951
2014-05-14,2014-05-14 12:00:00,13,26.599617,33.950367
2014-05-14,2014-05-14 13:00:00,14,24.20498,32.4878
2014-05-14,2014-05-14 14:00:00,15,23.726053,36.22871
2014-05-14,2014-05-14 15:00:00,16,21.807951,37.695908
2014-05-14,2014-05-14 16:00:00,17,27.55747,37.064022
2014-05-14,2014-05-14 17:00:00,18,34.985634,38.245834
2014-05-14,2014-05-14 18:00:00,19,23.247126,43.888496
2014-05-14,2014-05-14 19:00:00,20,24.681513,50.463036
2014-05-14,2014-05-14 20:00:00,21,35.466953,59.51031
2014-05-14,2014-05-14 21:00:00,22,40.25862,71.00114
2014-05-14,2014-05-14 22:00:00,23,60.148468,75.368416
2014-05-14,2014-05-14 23:00:00,24,69.49234,69.13194
2014-05-15,2014-05-15 00:00:00,1,75.48372,66.69485
2014-05-15,2014-05-15 01:00:00,2,72.60536,64.26339
2014-05-15,2014-05-15 02:00:00,3,54.15709,55.267204
2014-05-15,2014-05-15 03:00:00,4,30.193966,24.11433
2014-05-15,2014-05-15 04:00:00,5,26.83908,9.943413
2014-05-15,2014-05-15 05:00:00,6,19.887451,7.6427155
2014-05-15,2014-05-15 06:00:00,7,12.940613,13.620537
2014-05-15,2014-05-15 07:00:00,8,12.940613,32.826275
2014-05-15,2014-05-15 08:00:00,9,18.927202,39.53238
2014-05-15,2014-05-15 09:00:00,10,20.126915,31.424042
2014-05-15,2014-05-15 10:00:00,11,24.920977,19.266296
2014-05-15,2014-05-15 11:00:00,12,31.628353,13.684639
2014-05-15,2014-05-15 12:00:00,13,26.360153,18.204296
2014-05-15,2014-05-15 13:00:00,14,23.726053,23.512558
2014-05-15,2014-05-15 14:00:00,15,27.55747,24.014984
2014-05-15,2014-05-15 15:00:00,16,25.402298,24.393715
2014-05-15,2014-05-15 16:00:00,17,27.796934,23.448547
2014-05-15,2014-05-15 17:00:00,18,30.43343,27.21415
2014-05-15,2014-05-15 18:00:00,19,25.641762,30.556557
2014-05-15,2014-05-15 19:00:00,20,48.16571,33.352516
2014-05-15,2014-05-15 20:00:00,21,63.503353,40.1815
2014-05-15,2014-05-15 21:00:00,22,64.22174,57.409813
2014-05-15,2014-05-15 22:00:00,23,70.93151,70.51256
2014-05-15,2014-05-15 23:00:00,24,83.63266,73.58845
2014-05-16,2014-05-16 00:00:00,1,88.421936,83.08238
2014-05-16,2014-05-16 01:00:00,2,82.91188,80.00455
2014-05-16,2014-05-16 02:00:00,3,45.768677,78.31989
2014-05-16,2014-05-16 03:00:00,4,20.366379,62.657547
2014-05-16,2014-05-16 04:00:00,5,21.329023,32.784615
2014-05-16,2014-05-16 05:00:00,6,20.126915,17.49181
2014-05-16,2014-05-16 06:00:00,7,12.461686,15.959911
2014-05-16,2014-05-16 07:00:00,8,11.503832,14.612202
2014-05-16,2014-05-16 08:00:00,9,14.137931,23.058075
2014-05-16,2014-05-16 09:00:00,10,13.898467,34.492653
2014-05-16,2014-05-16 10:00:00,11,15.335249,28.743607
2014-05-16,2014-05-16 11:00:00,12,18.690134,26.064655
2014-05-16,2014-05-16 12:00:00,13,43.136974,24.685474
2014-05-16,2014-05-16 13:00:00,14,50.081417,25.220455
2014-05-16,2014-05-16 14:00:00,15,56.791187,28.620056
2014-05-16,2014-05-16 15:00:00,16,55.354404,26.495506
2014-05-16,2014-05-16 16:00:00,17,58.706898,26.27845
2014-05-16,2014-05-16 17:00:00,18,57.75383,29.04757
2014-05-16,2014-05-16 18:00:00,19,48.884098,31.209003
2014-05-16,2014-05-16 19:00:00,20,47.207855,42.34523
2014-05-16,2014-05-16 20:00:00,21,54.877872,55.21638
2014-05-16,2014-05-16 21:00:00,22,71.40804,68.46403
2014-05-16,2014-05-16 22:00:00,23,74.284004,81.09241
2014-05-16,2014-05-16 23:00:00,24,77.40421,85.17613
2014-05-17,2014-05-17 00:00:00,1,77.880745,75.13868
2014-05-17,2014-05-17 01:00:00,2,81.4751,60.804832
2014-05-17,2014-05-17 02:00:00,3,79.79885,50.239517
2014-05-17,2014-05-17 03:00:00,4,42.895115,23.800533
2014-05-17,2014-05-17 04:00:00,5,18.45067,5.5183372
2014-05-17,2014-05-17 05:00:00,6,16.05364,2.285675
2014-05-17,2014-05-17 06:00:00,7,10.306514,-1.0105515
2014-05-17,2014-05-17 07:00:00,8,11.024904,-0.36380768
2014-05-17,2014-05-17 08:00:00,9,12.222222,-5.347061
2014-05-17,2014-05-17 09:00:00,10,10.78544,-4.6711884
2014-05-17,2014-05-17 10:00:00,11,11.264368,0.08821869
2014-05-17,2014-05-17 11:00:00,12,11.743295,-3.917244
2014-05-17,2014-05-17 12:00:00,13,10.545977,0.45482635
2014-05-17,2014-05-17 13:00:00,14,11.024904,3.847435
2014-05-17,2014-05-17 14:00:00,15,11.743295,-0.9647598
2014-05-17,2014-05-17 15:00:00,16,10.545977,3.5907516
2014-05-17,2014-05-17 16:00:00,17,11.503832,3.9317245
2014-05-17,2014-05-17 17:00:00,18,12.461686,2.493164
2014-05-17,2014-05-17 18:00:00,19,11.264368,2.0226364
2014-05-17,2014-05-17 19:00:00,20,11.024904,-0.11677551
2014-05-17,2014-05-17 20:00:00,21,11.264368,-1.1204758
2014-05-17,2014-05-17 21:00:00,22,14.6168585,0.5771866
2014-05-17,2014-05-17 22:00:00,23,15.095785,-0.40654755
2014-05-17,2014-05-17 23:00:00,24,13.898467,-2.226242
2014-05-18,2014-05-18 00:00:00,1,15.574713,14.37936
2014-05-18,2014-05-18 01:00:00,2,17.490421,14.801079
2014-05-18,2014-05-18 02:00:00,3,14.856322,14.988544
2014-05-18,2014-05-18 03:00:00,4,14.6168585,15.10231
2014-05-18,2014-05-18 04:00:00,5,17.969349,14.732727
2014-05-18,2014-05-18 05:00:00,6,18.208813,13.95396
2014-05-18,2014-05-18 06:00:00,7,11.503832,13.960457
2014-05-18,2014-05-18 07:00:00,8,10.545977,13.378109
2014-05-18,2014-05-18 08:00:00,9,11.743295,12.247528
2014-05-18,2014-05-18 09:00:00,10,10.06705,13.366566
2014-05-18,2014-05-18 10:00:00,11,11.9827585,13.208546
2014-05-18,2014-05-18 11:00:00,12,11.9827585,11.11874
2014-05-18,2014-05-18 12:00:00,13,10.306514,10.614746
2014-05-18,2014-05-18 13:00:00,14,11.024904,10.4283905
2014-05-18,2014-05-18 14:00:00,15,12.222222,11.208904
2014-05-18,2014-05-18 15:00:00,16,11.024904,10.259758
2014-05-18,2014-05-18 16:00:00,17,11.024904,10.970215
2014-05-18,2014-05-18 17:00:00,18,12.222222,11.122959
2014-05-18,2014-05-18 18:00:00,19,11.024904,10.931778
2014-05-18,2014-05-18 19:00:00,20,11.264368,10.791279
2014-05-18,2014-05-18 20:00:00,21,10.306514,11.07774
2014-05-18,2014-05-18 21:00:00,22,16.05364,12.687008
2014-05-18,2014-05-18 22:00:00,23,15.095785,14.63438
2014-05-18,2014-05-18 23:00:00,24,13.659004,14.484673
2014-05-19,2014-05-19 00:00:00,1,15.814177,16.050896
2014-05-19,2014-05-19 01:00:00,2,17.011494,15.579681
2014-05-19,2014-05-19 02:00:00,3,15.095785,15.255436
2014-05-19,2014-05-19 03:00:00,4,13.41954,17.163002
2014-05-19,2014-05-19 04:00:00,5,15.574713,17.876656
2014-05-19,2014-05-19 05:00:00,6,16.293104,17.69638
2014-05-19,2014-05-19 06:00:00,7,10.06705,15.197655
2014-05-19,2014-05-19 07:00:00,8,10.78544,16.155514
2014-05-19,2014-05-19 08:00:00,9,16.77203,19.826931
2014-05-19,2014-05-19 09:00:00,10,17.729885,22.424847
2014-05-19,2014-05-19 10:00:00,11,23.72366,27.202572
2014-05-19,2014-05-19 11:00:00,12,28.036398,29.578426
2014-05-19,2014-05-19 12:00:00,13,25.162836,28.362339
2014-05-19,2014-05-19 13:00:00,14,23.726053,31.046146
2014-05-19,2014-05-19 14:00:00,15,66.376915,38.526722
2014-05-19,2014-05-19 15:00:00,16,86.50383,34.32186
2014-05-19,2014-05-19 16:00:00,17,86.74569,34.317684
2014-05-19,2014-05-19 17:00:00,18,87.46648,34.730373
2014-05-19,2014-05-19 18:00:00,19,77.88314,33.065105
2014-05-19,2014-05-19 19:00:00,20,77.88314,35.9618
2014-05-19,2014-05-19 20:00:00,21,75.48372,42.876503
2014-05-19,2014-05-19 21:00:00,22,79.55699,52.68201
2014-05-19,2014-05-19 22:00:00,23,79.79885,65.74739
2014-05-19,2014-05-19 23:00:00,24,80.038315,76.09941
2014-05-20,2014-05-20 00:00:00,1,85.06705,79.446785
2014-05-20,2014-05-20 01:00:00,2,61.82471,71.43588
2014-05-20,2014-05-20 02:00:00,3,22.523947,73.806175
2014-05-20,2014-05-20 03:00:00,4,17.969349,64.90661
2014-05-20,2014-05-20 04:00:00,5,19.166666,40.08818
2014-05-20,2014-05-20 05:00:00,6,18.927202,11.6172905
2014-05-20,2014-05-20 06:00:00,7,11.264368,-0.5364914
2014-05-20,2014-05-20 07:00:00,8,10.78544,0.59477234
2014-05-20,2014-05-20 08:00:00,9,17.01389,3.2307816
2014-05-20,2014-05-20 09:00:00,10,25.402298,24.845276
2014-05-20,2014-05-20 10:00:00,11,92.497604,30.24554
2014-05-20,2014-05-20 11:00:00,12,101.36255,27.721169
2014-05-20,2014-05-20 12:00:00,13,101.12548,37.68755
2014-05-20,2014-05-20 13:00:00,14,94.655174,38.47638
2014-05-20,2014-05-20 14:00:00,15,96.570885,44.679543
2014-05-20,2014-05-20 15:00:00,16,98.48659,44.510357
2014-05-20,2014-05-20 16:00:00,17,101.60441,50.229034
2014-05-20,2014-05-20 17:00:00,18,102.083336,59.002747
2014-05-20,2014-05-20 18:00:00,19,91.78161,60.812794
2014-05-20,2014-05-20 19:00:00,20,91.542145,61.381634
2014-05-20,2014-05-20 20:00:00,21,90.34243,70.92094
2014-05-20,2014-05-20 21:00:00,22,96.09196,77.08375
2014-05-20,2014-05-20 22:00:00,23,92.26054,79.35849
2014-05-20,2014-05-20 23:00:00,24,91.78161,90.77269
2014-05-21,2014-05-21 00:00:00,1,96.09196,86.10127
2014-05-21,2014-05-21 01:00:00,2,100.881226,82.613556
2014-05-21,2014-05-21 02:00:00,3,54.15709,84.12376
2014-05-21,2014-05-21 03:00:00,4,23.484196,45.924553
2014-05-21,2014-05-21 04:00:00,5,22.528736,1.5986099
2014-05-21,2014-05-21 05:00:00,6,22.047413,-3.7648468
2014-05-21,2014-05-21 06:00:00,7,13.180077,-7.318344
2014-05-21,2014-05-21 07:00:00,8,20.12931,10.794678
2014-05-21,2014-05-21 08:00:00,9,96.09196,51.869884
2014-05-21,2014-05-21 09:00:00,10,104.95929,71.62026
2014-05-21,2014-05-21 10:00:00,11,107.11686,75.1811
2014-05-21,2014-05-21 11:00:00,12,109.75096,77.86989
2014-05-21,2014-05-21 12:00:00,13,111.18774,83.42932
2014-05-21,2014-05-21 13:00:00,14,109.27203,88.24492
2014-05-21,2014-05-21 14:00:00,15,106.39847,89.094444
2014-05-21,2014-05-21 15:00:00,16,102.08094,88.20447
2014-05-21,2014-05-21 16:00:00,17,103.52251,90.15529
2014-05-21,2014-05-21 17:00:00,18,109.27203,87.072845
2014-05-21,2014-05-21 18:00:00,19,104.961685,88.19893
2014-05-21,2014-05-21 19:00:00,20,103.76197,92.482635
2014-05-21,2014-05-21 20:00:00,21,101.364944,90.54732
2014-05-21,2014-05-21 21:00:00,22,99.92337,92.439514
2014-05-21,2014-05-21 22:00:00,23,100.88602,90.517715
2014-05-21,2014-05-21 23:00:00,24,108.55364,90.28317
2014-05-22,2014-05-22 00:00:00,1,108.31418,105.59053
2014-05-22,2014-05-22 01:00:00,2,91.53975,104.032
2014-05-22,2014-05-22 02:00:00,3,40.974617,107.41775
2014-05-22,2014-05-22 03:00:00,4,18.68774,69.32134
2014-05-22,2014-05-22 04:00:00,5,17.969349,18.190311
2014-05-22,2014-05-22 05:00:00,6,17.011494,8.8855095
2014-05-22,2014-05-22 06:00:00,7,10.78544,5.224373
2014-05-22,2014-05-22 07:00:00,8,14.858716,20.948086
2014-05-22,2014-05-22 08:00:00,9,66.13985,67.94398
2014-05-22,2014-05-22 09:00:00,10,67.0977,92.792015
2014-05-22,2014-05-22 10:00:00,11,75.00479,95.46577
2014-05-22,2014-05-22 11:00:00,12,79.55939,97.40277
2014-05-22,2014-05-22 12:00:00,13,79.79885,98.18747
2014-05-22,2014-05-22 13:00:00,14,83.151344,104.916504
2014-05-22,2014-05-22 14:00:00,15,85.30651,108.50564
2014-05-22,2014-05-22 15:00:00,16,85.06705,105.719955
2014-05-22,2014-05-22 16:00:00,17,85.545975,105.608185
2014-05-22,2014-05-22 17:00:00,18,84.82758,105.162506
2014-05-22,2014-05-22 18:00:00,19,89.14512,108.3866
2014-05-22,2014-05-22 19:00:00,20,88.42433,111.79048
2014-05-22,2014-05-22 20:00:00,21,89.384575,108.6846
2014-05-22,2014-05-22 21:00:00,22,99.44444,107.71707
2014-05-22,2014-05-22 22:00:00,23,102.56226,105.73816
2014-05-22,2014-05-22 23:00:00,24,101.84387,109.47101
2014-05-23,2014-05-23 00:00:00,1,99.925766,98.4249
2014-05-23,2014-05-23 01:00:00,2,78.11781,97.304726
2014-05-23,2014-05-23 02:00:00,3,50.804596,93.72606
2014-05-23,2014-05-23 03:00:00,4,38.103447,46.615032
2014-05-23,2014-05-23 04:00:00,5,16.293104,13.98159
2014-05-23,2014-05-23 05:00:00,6,17.250957,10.441929
2014-05-23,2014-05-23 06:00:00,7,9.348659,8.525326
2014-05-23,2014-05-23 07:00:00,8,11.264368,33.892925
2014-05-23,2014-05-23 08:00:00,9,34.74856,67.286476
2014-05-23,2014-05-23 09:00:00,10,51.76245,82.05843
2014-05-23,2014-05-23 10:00:00,11,51.04406,84.60668
2014-05-23,2014-05-23 11:00:00,12,57.988506,85.80037
2014-05-23,2014-05-23 12:00:00,13,62.782566,89.487854
2014-05-23,2014-05-23 13:00:00,14,61.106323,95.34862
2014-05-23,2014-05-23 14:00:00,15,61.103928,94.79846
2014-05-23,2014-05-23 15:00:00,16,65.18199,91.242065
2014-05-23,2014-05-23 16:00:00,17,70.450195,90.79713
2014-05-23,2014-05-23 17:00:00,18,73.56322,91.742035
2014-05-23,2014-05-23 18:00:00,19,64.219345,93.99777
2014-05-23,2014-05-23 19:00:00,20,62.545498,97.276886
2014-05-23,2014-05-23 20:00:00,21,61.82471,96.73593
2014-05-23,2014-05-23 21:00:00,22,71.16858,99.521515
2014-05-23,2014-05-23 22:00:00,23,66.37931,100.64398
2014-05-23,2014-05-23 23:00:00,24,62.787357,97.53696
2014-05-24,2014-05-24 00:00:00,1,65.18199,61.706436
2014-05-24,2014-05-24 01:00:00,2,66.13985,62.23468
2014-05-24,2014-05-24 02:00:00,3,48.64703,64.62664
2014-05-24,2014-05-24 03:00:00,4,17.253353,51.52404
2014-05-24,2014-05-24 04:00:00,5,16.05364,19.140583
2014-05-24,2014-05-24 05:00:00,6,15.574713,-2.6030197
2014-05-24,2014-05-24 06:00:00,7,10.78544,-7.809799
2014-05-24,2014-05-24 07:00:00,8,9.827586,-1.7133331
2014-05-24,2014-05-24 08:00:00,9,10.78544,18.98721
2014-05-24,2014-05-24 09:00:00,10,9.588122,49.10459
2014-05-24,2014-05-24 10:00:00,11,10.545977,55.328403
2014-05-24,2014-05-24 11:00:00,12,11.264368,52.266323
2014-05-24,2014-05-24 12:00:00,13,9.588122,59.474167
2014-05-24,2014-05-24 13:00:00,14,11.503832,61.835613
2014-05-24,2014-05-24 14:00:00,15,12.222222,62.38192
2014-05-24,2014-05-24 15:00:00,16,9.588122,63.229836
2014-05-24,2014-05-24 16:00:00,17,11.264368,58.522808
2014-05-24,2014-05-24 17:00:00,18,11.743295,60.725777
2014-05-24,2014-05-24 18:00:00,19,12.461686,68.904015
2014-05-24,2014-05-24 19:00:00,20,12.940613,70.3786
2014-05-24,2014-05-24 20:00:00,21,11.264368,67.96846
2014-05-24,2014-05-24 21:00:00,22,15.574713,72.67894
2014-05-24,2014-05-24 22:00:00,23,15.574713,72.89805
2014-05-24,2014-05-24 23:00:00,24,15.335249,71.05082
2014-05-25,2014-05-25 00:00:00,1,16.05364,15.538635
2014-05-25,2014-05-25 01:00:00,2,15.574713,14.807819
2014-05-25,2014-05-25 02:00:00,3,13.898467,14.912045
2014-05-25,2014-05-25 03:00:00,4,13.180077,14.637058
2014-05-25,2014-05-25 04:00:00,5,15.574713,14.139645
2014-05-25,2014-05-25 05:00:00,6,15.095785,13.739677
2014-05-25,2014-05-25 06:00:00,7,9.588122,13.707699
2014-05-25,2014-05-25 07:00:00,8,10.06705,13.455402
2014-05-25,2014-05-25 08:00:00,9,11.024904,12.371304
2014-05-25,2014-05-25 09:00:00,10,9.109196,12.890228
2014-05-25,2014-05-25 10:00:00,11,10.06705,11.982105
2014-05-25,2014-05-25 11:00:00,12,12.461686,10.492111
2014-05-25,2014-05-25 12:00:00,13,10.06705,10.210247
2014-05-25,2014-05-25 13:00:00,14,10.306514,10.031536
2014-05-25,2014-05-25 14:00:00,15,11.264368,10.554905
2014-05-25,2014-05-25 15:00:00,16,9.827586,9.818165
2014-05-25,2014-05-25 16:00:00,17,10.78544,9.842148
2014-05-25,2014-05-25 17:00:00,18,11.743295,10.12709
2014-05-25,2014-05-25 18:00:00,19,9.827586,10.641884
2014-05-25,2014-05-25 19:00:00,20,12.222222,11.033234
2014-05-25,2014-05-25 20:00:00,21,9.588122,12.258511
2014-05-25,2014-05-25 21:00:00,22,13.898467,14.621143
2014-05-25,2014-05-25 22:00:00,23,13.898467,16.592052
2014-05-25,2014-05-25 23:00:00,24,12.940613,16.317001
2014-05-26,2014-05-26 00:00:00,1,15.095785,14.389591
2014-05-26,2014-05-26 01:00:00,2,15.574713,12.553192
2014-05-26,2014-05-26 02:00:00,3,15.095785,13.150349
2014-05-26,2014-05-26 03:00:00,4,12.701149,14.641678
2014-05-26,2014-05-26 04:00:00,5,14.6168585,15.434845
2014-05-26,2014-05-26 05:00:00,6,14.377395,16.349712
2014-05-26,2014-05-26 06:00:00,7,9.348659,13.894558
2014-05-26,2014-05-26 07:00:00,8,10.306514,14.562931
2014-05-26,2014-05-26 08:00:00,9,23.72366,21.68892
2014-05-26,2014-05-26 09:00:00,10,32.5886,28.982002
2014-05-26,2014-05-26 10:00:00,11,33.30699,30.26617
2014-05-26,2014-05-26 11:00:00,12,35.706417,32.294247
2014-05-26,2014-05-26 12:00:00,13,33.79071,32.82439
2014-05-26,2014-05-26 13:00:00,14,30.670498,34.017784
2014-05-26,2014-05-26 14:00:00,15,26.83908,40.208855
2014-05-26,2014-05-26 15:00:00,16,22.765804,35.11596
2014-05-26,2014-05-26 16:00:00,17,31.15182,34.07966
2014-05-26,2014-05-26 17:00:00,18,40.73755,36.46283
2014-05-26,2014-05-26 18:00:00,19,28.515326,36.73597
2014-05-26,2014-05-26 19:00:00,20,25.402298,46.11393
2014-05-26,2014-05-26 20:00:00,21,83.87212,58.324905
2014-05-26,2014-05-26 21:00:00,22,88.42433,75.93527
2014-05-26,2014-05-26 22:00:00,23,95.85249,92.65082
2014-05-26,2014-05-26 23:00:00,24,93.21839,97.1057
2014-05-27,2014-05-27 00:00:00,1,92.73946,94.9867
2014-05-27,2014-05-27 01:00:00,2,63.742817,68.324356
2014-05-27,2014-05-27 02:00:00,3,16.056034,33.62423
2014-05-27,2014-05-27 03:00:00,4,13.898467,14.266937
2014-05-27,2014-05-27 04:00:00,5,14.6168585,7.871952
2014-05-27,2014-05-27 05:00:00,6,14.856322,13.517597
2014-05-27,2014-05-27 06:00:00,7,9.109196,34.304985
2014-05-27,2014-05-27 07:00:00,8,10.78544,38.839684
2014-05-27,2014-05-27 08:00:00,9,14.856322,27.221577
2014-05-27,2014-05-27 09:00:00,10,20.126915,17.710632
2014-05-27,2014-05-27 10:00:00,11,23.726053,23.421677
2014-05-27,2014-05-27 11:00:00,12,29.952106,25.338932
2014-05-27,2014-05-27 12:00:00,13,31.87021,29.206848
2014-05-27,2014-05-27 13:00:00,14,33.065136,29.968052
2014-05-27,2014-05-27 14:00:00,15,34.506706,28.6997
2014-05-27,2014-05-27 15:00:00,16,37.62452,37.52333
2014-05-27,2014-05-27 16:00:00,17,38.82184,28.227062
2014-05-27,2014-05-27 17:00:00,18,60.38793,26.70684
2014-05-27,2014-05-27 18:00:00,19,65.18199,33.30126
2014-05-27,2014-05-27 19:00:00,20,60.38314,41.45406
2014-05-27,2014-05-27 20:00:00,21,63.98228,69.89365
2014-05-27,2014-05-27 21:00:00,22,68.534485,97.12454
2014-05-27,2014-05-27 22:00:00,23,68.534485,94.08992
2014-05-27,2014-05-27 23:00:00,24,64.94253,89.26859
2014-05-28,2014-05-28 00:00:00,1,66.13745,61.545567
2014-05-28,2014-05-28 01:00:00,2,49.841953,62.92033
2014-05-28,2014-05-28 02:00:00,3,23.4818,59.57235
2014-05-28,2014-05-28 03:00:00,4,17.490421,35.44854
2014-05-28,2014-05-28 04:00:00,5,17.729885,18.104187
2014-05-28,2014-05-28 05:00:00,6,16.77203,10.311794
2014-05-28,2014-05-28 06:00:00,7,9.588122,9.518425
2014-05-28,2014-05-28 07:00:00,8,11.264368,22.738853
2014-05-28,2014-05-28 08:00:00,9,28.994253,26.369183
2014-05-28,2014-05-28 09:00:00,10,75.96265,32.77301
2014-05-28,2014-05-28 10:00:00,11,75.48132,26.90924
2014-05-28,2014-05-28 11:00:00,12,82.67242,24.056637
2014-05-28,2014-05-28 12:00:00,13,84.82758,29.409077
2014-05-28,2014-05-28 13:00:00,14,83.151344,34.022373
2014-05-28,2014-05-28 14:00:00,15,74.76533,36.448944
2014-05-28,2014-05-28 15:00:00,16,64.69827,33.635067
2014-05-28,2014-05-28 16:00:00,17,56.31226,35.481003
2014-05-28,2014-05-28 17:00:00,18,63.26389,38.706913
2014-05-28,2014-05-28 18:00:00,19,51.041668,45.894936
2014-05-28,2014-05-28 19:00:00,20,49.604885,58.67743
2014-05-28,2014-05-28 20:00:00,21,56.551723,70.21593
2014-05-28,2014-05-28 21:00:00,22,70.68965,82.82451
2014-05-28,2014-05-28 22:00:00,23,80.27778,85.17843
2014-05-28,2014-05-28 23:00:00,24,79.55939,80.440155
2014-05-29,2014-05-29 00:00:00,1,75.244255,77.67454
2014-05-29,2014-05-29 01:00:00,2,23.242336,75.230995
2014-05-29,2014-05-29 02:00:00,3,14.6168585,68.23936
2014-05-29,2014-05-29 03:00:00,4,13.898467,26.042969
2014-05-29,2014-05-29 04:00:00,5,14.856322,9.103111
2014-05-29,2014-05-29 05:00:00,6,14.856322,9.69582
2014-05-29,2014-05-29 06:00:00,7,7.909483,12.79726
2014-05-29,2014-05-29 07:00:00,8,23.963123,43.267242
2014-05-29,2014-05-29 08:00:00,9,76.92289,63.27037
2014-05-29,2014-05-29 09:00:00,10,85.787834,62.722977
2014-05-29,2014-05-29 10:00:00,11,96.09196,65.086205
2014-05-29,2014-05-29 11:00:00,12,83.15373,68.46503
2014-05-29,2014-05-29 12:00:00,13,74.52347,66.78139
2014-05-29,2014-05-29 13:00:00,14,73.80747,72.40594
2014-05-29,2014-05-29 14:00:00,15,66.13745,73.74222
2014-05-29,2014-05-29 15:00:00,16,60.385536,69.10582
2014-05-29,2014-05-29 16:00:00,17,62.782566,68.63815
2014-05-29,2014-05-29 17:00:00,18,74.52347,71.22549
2014-05-29,2014-05-29 18:00:00,19,66.618774,71.2462
2014-05-29,2014-05-29 19:00:00,20,83.63027,74.94059
2014-05-29,2014-05-29 20:00:00,21,91.542145,75.43625
2014-05-29,2014-05-29 21:00:00,22,88.42673,82.388214
2014-05-29,2014-05-29 22:00:00,23,89.62404,87.361824
2014-05-29,2014-05-29 23:00:00,24,88.421936,81.89863
2014-05-30,2014-05-30 00:00:00,1,45.05029,84.1283
2014-05-30,2014-05-30 01:00:00,2,14.137931,80.62421
2014-05-30,2014-05-30 02:00:00,3,11.9827585,65.715355
2014-05-30,2014-05-30 03:00:00,4,12.222222,7.5910873
2014-05-30,2014-05-30 04:00:00,5,13.659004,-9.505615
2014-05-30,2014-05-30 05:00:00,6,13.659004,-7.549736
2014-05-30,2014-05-30 06:00:00,7,8.630268,-7.4600525
2014-05-30,2014-05-30 07:00:00,8,14.377395,33.62182
2014-05-30,2014-05-30 08:00:00,9,63.503353,60.841698
2014-05-30,2014-05-30 09:00:00,10,77.88314,67.87807
2014-05-30,2014-05-30 10:00:00,11,81.71456,72.315475
2014-05-30,2014-05-30 11:00:00,12,81.954025,73.819
2014-05-30,2014-05-30 12:00:00,13,79.55939,79.45755
2014-05-30,2014-05-30 13:00:00,14,75.24186,85.9737
2014-05-30,2014-05-30 14:00:00,15,80.280174,84.46797
2014-05-30,2014-05-30 15:00:00,16,89.8659,78.59274
2014-05-30,2014-05-30 16:00:00,17,92.25814,77.88053
2014-05-30,2014-05-30 17:00:00,18,100.64416,77.53783
2014-05-30,2014-05-30 18:00:00,19,90.34004,79.84922
2014-05-30,2014-05-30 19:00:00,20,84.58812,84.43503
2014-05-30,2014-05-30 20:00:00,21,77.40182,81.876274
2014-05-30,2014-05-30 21:00:00,22,81.71456,84.388214
2014-05-30,2014-05-30 22:00:00,23,90.10297,84.08107
2014-05-30,2014-05-30 23:00:00,24,88.90326,78.9363
2014-05-31,2014-05-31 00:00:00,1,86.98276,72.22408
2014-05-31,2014-05-31 01:00:00,2,34.02778,33.2695
2014-05-31,2014-05-31 02:00:00,3,12.701149,9.189556
2014-05-31,2014-05-31 03:00:00,4,11.743295,0.36123657
2014-05-31,2014-05-31 04:00:00,5,12.940613,-5.0725327
2014-05-31,2014-05-31 05:00:00,6,14.137931,-4.7232285
2014-05-31,2014-05-31 06:00:00,7,8.630268,-2.1285553
2014-05-31,2014-05-31 07:00:00,8,9.106801,-12.278503
2014-05-31,2014-05-31 08:00:00,9,9.348659,-17.589935
2014-05-31,2014-05-31 09:00:00,10,8.148947,-15.294769
2014-05-31,2014-05-31 10:00:00,11,9.109196,-12.700081
2014-05-31,2014-05-31 11:00:00,12,9.588122,-14.182762
2014-05-31,2014-05-31 12:00:00,13,8.151341,-15.129211
2014-05-31,2014-05-31 13:00:00,14,8.869732,-13.916649
2014-05-31,2014-05-31 14:00:00,15,9.588122,-12.929359
2014-05-31,2014-05-31 15:00:00,16,7.4305553,-18.331657
2014-05-31,2014-05-31 16:00:00,17,8.869732,-15.460602
2014-05-31,2014-05-31 17:00:00,18,9.588122,-11.181297
2014-05-31,2014-05-31 18:00:00,19,9.109196,-12.711678
2014-05-31,2014-05-31 19:00:00,20,11.264368,-11.435806
2014-05-31,2014-05-31 20:00:00,21,11.024904,-10.991867
2014-05-31,2014-05-31 21:00:00,22,12.701149,-7.0245056
2014-05-31,2014-05-31 22:00:00,23,12.461686,-6.8493576
2014-05-31,2014-05-31 23:00:00,24,13.180077,-8.231018
2014-06-01,2014-06-01 00:00:00,1,14.856322,13.335331
2014-06-01,2014-06-01 01:00:00,2,14.6168585,12.160061
2014-06-01,2014-06-01 02:00:00,3,12.222222,11.997086
2014-06-01,2014-06-01 03:00:00,4,12.940613,11.420261
2014-06-01,2014-06-01 04:00:00,5,13.41954,11.321232
2014-06-01,2014-06-01 05:00:00,6,13.659004,12.221241
2014-06-01,2014-06-01 06:00:00,7,8.38841,11.9827385
2014-06-01,2014-06-01 07:00:00,8,8.630268,10.999695
2014-06-01,2014-06-01 08:00:00,9,9.348659,9.484062
2014-06-01,2014-06-01 09:00:00,10,8.148947,9.240356
2014-06-01,2014-06-01 10:00:00,11,8.38841,8.513081
2014-06-01,2014-06-01 11:00:00,12,9.109196,7.6377373
2014-06-01,2014-06-01 12:00:00,13,7.909483,6.9889717
2014-06-01,2014-06-01 13:00:00,14,9.827586,7.038727
2014-06-01,2014-06-01 14:00:00,15,9.109196,7.2888374
2014-06-01,2014-06-01 15:00:00,16,7.9118776,6.953022
2014-06-01,2014-06-01 16:00:00,17,8.867337,7.0115433
2014-06-01,2014-06-01 17:00:00,18,9.348659,8.011463
2014-06-01,2014-06-01 18:00:00,19,7.9118776,8.799984
2014-06-01,2014-06-01 19:00:00,20,8.869732,9.694279
2014-06-01,2014-06-01 20:00:00,21,8.390804,11.141972
2014-06-01,2014-06-01 21:00:00,22,11.264368,13.027477
2014-06-01,2014-06-01 22:00:00,23,13.659004,14.256622
2014-06-01,2014-06-01 23:00:00,24,11.9827585,14.018288
2014-06-02,2014-06-02 00:00:00,1,13.180077,13.343864
2014-06-02,2014-06-02 01:00:00,2,14.856322,12.689545
2014-06-02,2014-06-02 02:00:00,3,12.940613,17.331852
2014-06-02,2014-06-02 03:00:00,4,11.503832,17.624035
2014-06-02,2014-06-02 04:00:00,5,14.137931,13.246117
2014-06-02,2014-06-02 05:00:00,6,13.898467,16.039867
2014-06-02,2014-06-02 06:00:00,7,8.390804,18.247803
2014-06-02,2014-06-02 07:00:00,8,9.109196,13.335747
2014-06-02,2014-06-02 08:00:00,9,13.898467,23.185753
2014-06-02,2014-06-02 09:00:00,10,18.927202,37.984398
2014-06-02,2014-06-02 10:00:00,11,24.442049,35.729603
2014-06-02,2014-06-02 11:00:00,12,27.796934,37.88919
2014-06-02,2014-06-02 12:00:00,13,26.83908,38.168167
2014-06-02,2014-06-02 13:00:00,14,29.233717,33.60674
2014-06-02,2014-06-02 14:00:00,15,35.943485,37.576553
2014-06-02,2014-06-02 15:00:00,16,40.977013,39.63798
2014-06-02,2014-06-02 16:00:00,17,42.41379,42.96253
2014-06-02,2014-06-02 17:00:00,18,45.53161,51.33123
2014-06-02,2014-06-02 18:00:00,19,34.267242,56.656456
2014-06-02,2014-06-02 19:00:00,20,33.788315,74.997345
2014-06-02,2014-06-02 20:00:00,21,86.0273,87.89266
2014-06-02,2014-06-02 21:00:00,22,89.38219,103.53866
2014-06-02,2014-06-02 22:00:00,23,89.38219,109.79831
2014-06-02,2014-06-02 23:00:00,24,86.74329,103.23926
2014-06-03,2014-06-03 00:00:00,1,34.74617,80.75412
2014-06-03,2014-06-03 01:00:00,2,16.05364,54.267986
2014-06-03,2014-06-03 02:00:00,3,15.095785,25.896267
2014-06-03,2014-06-03 03:00:00,4,13.898467,14.551746
2014-06-03,2014-06-03 04:00:00,5,15.574713,14.569733
2014-06-03,2014-06-03 05:00:00,6,15.574713,18.631413
2014-06-03,2014-06-03 06:00:00,7,10.306514,36.36994
2014-06-03,2014-06-03 07:00:00,8,11.264368,39.91748
2014-06-03,2014-06-03 08:00:00,9,24.920977,28.383785
2014-06-03,2014-06-03 09:00:00,10,25.881226,22.138218
2014-06-03,2014-06-03 10:00:00,11,25.641762,28.05695
2014-06-03,2014-06-03 11:00:00,12,29.47318,41.026424
2014-06-03,2014-06-03 12:00:00,13,32.83046,43.86039
2014-06-03,2014-06-03 13:00:00,14,31.38889,42.70427
2014-06-03,2014-06-03 14:00:00,15,28.515326,43.908417
2014-06-03,2014-06-03 15:00:00,16,24.683908,49.781654
2014-06-03,2014-06-03 16:00:00,17,23.726053,46.629463
2014-06-03,2014-06-03 17:00:00,18,43.850574,45.64624
2014-06-03,2014-06-03 18:00:00,19,35.225098,46.006775
2014-06-03,2014-06-03 19:00:00,20,59.66954,36.62314
2014-06-03,2014-06-03 20:00:00,21,92.26054,54.220547
2014-06-03,2014-06-03 21:00:00,22,88.42433,79.57366
2014-06-03,2014-06-03 22:00:00,23,86.26676,81.28485
2014-06-03,2014-06-03 23:00:00,24,86.74329,76.05536
2014-06-04,2014-06-04 00:00:00,1,83.86973,82.76832
2014-06-04,2014-06-04 01:00:00,2,34.506706,70.11014
2014-06-04,2014-06-04 02:00:00,3,15.095785,48.175766
2014-06-04,2014-06-04 03:00:00,4,13.659004,12.741116
2014-06-04,2014-06-04 04:00:00,5,15.335249,4.2488976
2014-06-04,2014-06-04 05:00:00,6,14.6168585,10.068928
2014-06-04,2014-06-04 06:00:00,7,10.06705,18.264652
2014-06-04,2014-06-04 07:00:00,8,11.503832,35.104744
2014-06-04,2014-06-04 08:00:00,9,31.630747,30.429375
2014-06-04,2014-06-04 09:00:00,10,47.207855,23.48901
2014-06-04,2014-06-04 10:00:00,11,57.75383,23.651066
2014-06-04,2014-06-04 11:00:00,12,67.81609,19.67854
2014-06-04,2014-06-04 12:00:00,13,63.261494,23.82307
2014-06-04,2014-06-04 13:00:00,14,60.143677,29.932545
2014-06-04,2014-06-04 14:00:00,15,58.706898,28.228642
2014-06-04,2014-06-04 15:00:00,16,59.904213,29.166245
2014-06-04,2014-06-04 16:00:00,17,62.54071,28.271729
2014-06-04,2014-06-04 17:00:00,18,69.973656,28.629581
2014-06-04,2014-06-04 18:00:00,19,57.270115,39.010757
2014-06-04,2014-06-04 19:00:00,20,54.87548,60.785526
2014-06-04,2014-06-04 20:00:00,21,49.363026,78.297325
2014-06-04,2014-06-04 21:00:00,22,64.94253,91.4695
2014-06-04,2014-06-04 22:00:00,23,70.450195,91.147835
2014-06-04,2014-06-04 23:00:00,24,71.40804,86.45857
2014-06-05,2014-06-05 00:00:00,1,63.261494,71.041
2014-06-05,2014-06-05 01:00:00,2,25.404694,71.97334
2014-06-05,2014-06-05 02:00:00,3,20.366379,63.057976
2014-06-05,2014-06-05 03:00:00,4,17.250957,26.811764
2014-06-05,2014-06-05 04:00:00,5,18.927202,13.012424
2014-06-05,2014-06-05 05:00:00,6,18.208813,12.512695
2014-06-05,2014-06-05 06:00:00,7,13.898467,12.724258
2014-06-05,2014-06-05 07:00:00,8,14.377395,38.025887
2014-06-05,2014-06-05 08:00:00,9,19.887451,55.228046
2014-06-05,2014-06-05 09:00:00,10,40.73755,57.811584
2014-06-05,2014-06-05 10:00:00,11,43.371647,56.74495
2014-06-05,2014-06-05 11:00:00,12,46.484673,56.80026
2014-06-05,2014-06-05 12:00:00,13,49.604885,55.12274
2014-06-05,2014-06-05 13:00:00,14,45.766285,58.1527
2014-06-05,2014-06-05 14:00:00,15,43.371647,64.06849
2014-06-05,2014-06-05 15:00:00,16,45.28975,60.9529
2014-06-05,2014-06-05 16:00:00,17,41.934864,60.213978
2014-06-05,2014-06-05 17:00:00,18,45.53161,64.114426
2014-06-05,2014-06-05 18:00:00,19,35.70402,67.94486
2014-06-05,2014-06-05 19:00:00,20,40.019157,73.71598
2014-06-05,2014-06-05 20:00:00,21,53.438698,73.487564
2014-06-05,2014-06-05 21:00:00,22,67.0977,79.101715
2014-06-05,2014-06-05 22:00:00,23,76.683426,85.817276
2014-06-05,2014-06-05 23:00:00,24,74.52347,81.32032
2014-06-06,2014-06-06 00:00:00,1,35.70402,70.3757
2014-06-06,2014-06-06 01:00:00,2,18.208813,41.87266
2014-06-06,2014-06-06 02:00:00,3,16.532568,6.168186
2014-06-06,2014-06-06 03:00:00,4,14.377395,-5.5240097
2014-06-06,2014-06-06 04:00:00,5,15.574713,1.0912857
2014-06-06,2014-06-06 05:00:00,6,16.293104,10.157719
2014-06-06,2014-06-06 06:00:00,7,10.306514,34.589134
2014-06-06,2014-06-06 07:00:00,8,25.881226,44.09951
2014-06-06,2014-06-06 08:00:00,9,83.86973,36.71363
2014-06-06,2014-06-06 09:00:00,10,88.663795,30.625507
2014-06-06,2014-06-06 10:00:00,11,93.21839,37.165474
2014-06-06,2014-06-06 11:00:00,12,99.20498,43.273735
2014-06-06,2014-06-06 12:00:00,13,98.48659,47.032333
2014-06-06,2014-06-06 13:00:00,14,96.81035,50.456215
2014-06-06,2014-06-06 14:00:00,15,97.52873,47.61113
2014-06-06,2014-06-06 15:00:00,16,96.33142,48.497467
2014-06-06,2014-06-06 16:00:00,17,100.88362,47.221
2014-06-06,2014-06-06 17:00:00,18,115.981804,37.603573
2014-06-06,2014-06-06 18:00:00,19,110.469345,36.925873
2014-06-06,2014-06-06 19:00:00,20,108.55364,54.04899
2014-06-06,2014-06-06 20:00:00,21,99.207375,70.26392
2014-06-06,2014-06-06 21:00:00,22,88.42433,85.226494
2014-06-06,2014-06-06 22:00:00,23,85.06705,82.06399
2014-06-06,2014-06-06 23:00:00,24,75.48372,67.8756
2014-06-07,2014-06-07 00:00:00,1,22.284483,65.510544
2014-06-07,2014-06-07 01:00:00,2,18.448277,42.278133
2014-06-07,2014-06-07 02:00:00,3,15.335249,15.2210045
2014-06-07,2014-06-07 03:00:00,4,14.6168585,2.9406128
2014-06-07,2014-06-07 04:00:00,5,16.293104,-2.1767883
2014-06-07,2014-06-07 05:00:00,6,16.293104,-2.3713455
2014-06-07,2014-06-07 06:00:00,7,9.588122,5.9327164
2014-06-07,2014-06-07 07:00:00,8,10.545977,15.9847145
2014-06-07,2014-06-07 08:00:00,9,11.024904,30.957561
2014-06-07,2014-06-07 09:00:00,10,10.06705,41.85388
2014-06-07,2014-06-07 10:00:00,11,10.545977,41.62297
2014-06-07,2014-06-07 11:00:00,12,13.180077,41.87007
2014-06-07,2014-06-07 12:00:00,13,10.306514,47.502796
2014-06-07,2014-06-07 13:00:00,14,11.264368,46.124115
2014-06-07,2014-06-07 14:00:00,15,11.503832,57.830986
2014-06-07,2014-06-07 15:00:00,16,10.306514,52.416916
2014-06-07,2014-06-07 16:00:00,17,11.264368,46.80628
2014-06-07,2014-06-07 17:00:00,18,11.743295,45.612427
2014-06-07,2014-06-07 18:00:00,19,11.024904,46.2166
2014-06-07,2014-06-07 19:00:00,20,11.9827585,46.92959
2014-06-07,2014-06-07 20:00:00,21,12.940613,35.671207
2014-06-07,2014-06-07 21:00:00,22,16.293104,35.251263
2014-06-07,2014-06-07 22:00:00,23,15.335249,31.85315
2014-06-07,2014-06-07 23:00:00,24,13.659004,27.857197
2014-06-08,2014-06-08 00:00:00,1,15.814177,14.13409
2014-06-08,2014-06-08 01:00:00,2,17.250957,13.462444
2014-06-08,2014-06-08 02:00:00,3,14.856322,13.340946
2014-06-08,2014-06-08 03:00:00,4,13.659004,12.913181
2014-06-08,2014-06-08 04:00:00,5,15.335249,13.23119
2014-06-08,2014-06-08 05:00:00,6,14.856322,13.92514
2014-06-08,2014-06-08 06:00:00,7,10.545977,13.284065
2014-06-08,2014-06-08 07:00:00,8,10.545977,12.341385
2014-06-08,2014-06-08 08:00:00,9,11.743295,10.737091
2014-06-08,2014-06-08 09:00:00,10,11.024904,10.585461
2014-06-08,2014-06-08 10:00:00,11,10.78544,10.437714
2014-06-08,2014-06-08 11:00:00,12,11.264368,9.397476
2014-06-08,2014-06-08 12:00:00,13,10.06705,8.257221
2014-06-08,2014-06-08 13:00:00,14,11.503832,8.50111
2014-06-08,2014-06-08 14:00:00,15,12.461686,8.710609
2014-06-08,2014-06-08 15:00:00,16,10.06705,8.4563675
2014-06-08,2014-06-08 16:00:00,17,12.222222,9.1469
2014-06-08,2014-06-08 17:00:00,18,11.743295,10.47356
2014-06-08,2014-06-08 18:00:00,19,10.306514,10.803982
2014-06-08,2014-06-08 19:00:00,20,11.024904,10.988491
2014-06-08,2014-06-08 20:00:00,21,10.306514,12.204536
2014-06-08,2014-06-08 21:00:00,22,13.659004,14.587971
2014-06-08,2014-06-08 22:00:00,23,15.095785,16.031975
2014-06-08,2014-06-08 23:00:00,24,14.6168585,16.399353
2014-06-09,2014-06-09 00:00:00,1,15.814177,16.063179
2014-06-09,2014-06-09 01:00:00,2,16.532568,15.174103
2014-06-09,2014-06-09 02:00:00,3,14.6168585,19.246792
2014-06-09,2014-06-09 03:00:00,4,13.180077,19.614452
2014-06-09,2014-06-09 04:00:00,5,15.335249,16.200718
2014-06-09,2014-06-09 05:00:00,6,15.335249,20.019928
2014-06-09,2014-06-09 06:00:00,7,11.264368,21.631924
2014-06-09,2014-06-09 07:00:00,8,10.78544,15.911682
2014-06-09,2014-06-09 08:00:00,9,14.377395,25.952492
2014-06-09,2014-06-09 09:00:00,10,22.52634,40.55696
2014-06-09,2014-06-09 10:00:00,11,24.683908,37.664963
2014-06-09,2014-06-09 11:00:00,12,23.247126,40.362915
2014-06-09,2014-06-09 12:00:00,13,24.444445,41.477272
2014-06-09,2014-06-09 13:00:00,14,22.52634,37.095047
2014-06-09,2014-06-09 14:00:00,15,24.444445,41.483475
2014-06-09,2014-06-09 15:00:00,16,24.923372,43.71672
2014-06-09,2014-06-09 16:00:00,17,32.590996,48.272408
2014-06-09,2014-06-09 17:00:00,18,38.103447,57.494072
2014-06-09,2014-06-09 18:00:00,19,32.5886,62.23385
2014-06-09,2014-06-09 19:00:00,20,22.04502,79.69635
2014-06-09,2014-06-09 20:00:00,21,31.633142,90.83534
2014-06-09,2014-06-09 21:00:00,22,54.396553,104.26833
2014-06-09,2014-06-09 22:00:00,23,76.68104,109.44699
2014-06-09,2014-06-09 23:00:00,24,53.675766,102.721924
2014-06-10,2014-06-10 00:00:00,1,16.77203,50.936592
2014-06-10,2014-06-10 01:00:00,2,16.532568,50.056602
2014-06-10,2014-06-10 02:00:00,3,15.095785,39.17621
2014-06-10,2014-06-10 03:00:00,4,14.6168585,17.79345
2014-06-10,2014-06-10 04:00:00,5,15.574713,9.385189
2014-06-10,2014-06-10 05:00:00,6,15.574713,5.860733
2014-06-10,2014-06-10 06:00:00,7,11.024904,16.757267
2014-06-10,2014-06-10 07:00:00,8,11.503832,33.924156
2014-06-10,2014-06-10 08:00:00,9,13.41954,34.273785
2014-06-10,2014-06-10 09:00:00,10,12.222222,27.56033
2014-06-10,2014-06-10 10:00:00,11,17.253353,20.007011
2014-06-10,2014-06-10 11:00:00,12,19.166666,18.324707
2014-06-10,2014-06-10 12:00:00,13,23.965517,23.825325
2014-06-10,2014-06-10 13:00:00,14,22.765804,26.628815
2014-06-10,2014-06-10 14:00:00,15,26.83908,28.296597
2014-06-10,2014-06-10 15:00:00,16,27.55747,30.465397
2014-06-10,2014-06-10 16:00:00,17,30.672894,26.854118
2014-06-10,2014-06-10 17:00:00,18,38.103447,26.830925
2014-06-10,2014-06-10 18:00:00,19,30.672894,32.220654
2014-06-10,2014-06-10 19:00:00,20,26.83908,38.95687
2014-06-10,2014-06-10 20:00:00,21,45.05029,50.3787
2014-06-10,2014-06-10 21:00:00,22,64.70067,69.19037
2014-06-10,2014-06-10 22:00:00,23,98.73084,76.43986
2014-06-10,2014-06-10 23:00:00,24,87.46408,70.49534
2014-06-11,2014-06-11 00:00:00,1,19.64799,88.13617
2014-06-11,2014-06-11 01:00:00,2,19.887451,83.77618
2014-06-11,2014-06-11 02:00:00,3,15.814177,70.89501
2014-06-11,2014-06-11 03:00:00,4,13.898467,62.375755
2014-06-11,2014-06-11 04:00:00,5,15.574713,77.669716
2014-06-11,2014-06-11 05:00:00,6,15.814177,77.743095
2014-06-11,2014-06-11 06:00:00,7,9.827586,75.70885
2014-06-11,2014-06-11 07:00:00,8,10.545977,91.94487
2014-06-11,2014-06-11 08:00:00,9,14.137931,87.08707
2014-06-11,2014-06-11 09:00:00,10,13.41954,88.06411
2014-06-11,2014-06-11 10:00:00,11,16.77203,114.51451
2014-06-11,2014-06-11 11:00:00,12,17.490421,127.32564
2014-06-11,2014-06-11 12:00:00,13,22.289272,122.51523
2014-06-11,2014-06-11 13:00:00,14,22.284483,126.7432
2014-06-11,2014-06-11 14:00:00,15,28.036398,132.17883
2014-06-11,2014-06-11 15:00:00,16,22.284483,122.51135
2014-06-11,2014-06-11 16:00:00,17,25.399904,120.54028
2014-06-11,2014-06-11 17:00:00,18,43.13458,100.98956
2014-06-11,2014-06-11 18:00:00,19,33.788315,71.17328
2014-06-11,2014-06-11 19:00:00,20,39.777298,54.33832
2014-06-11,2014-06-11 20:00:00,21,82.67002,48.083466
2014-06-11,2014-06-11 21:00:00,22,86.98515,61.24892
2014-06-11,2014-06-11 22:00:00,23,89.8635,74.63551
2014-06-11,2014-06-11 23:00:00,24,89.62404,76.62814
2014-06-12,2014-06-12 00:00:00,1,91.542145,89.38382
2014-06-12,2014-06-12 01:00:00,2,67.0977,83.35946
2014-06-12,2014-06-12 02:00:00,3,21.087164,57.502518
2014-06-12,2014-06-12 03:00:00,4,18.927202,52.766724
2014-06-12,2014-06-12 04:00:00,5,17.011494,68.65205
2014-06-12,2014-06-12 05:00:00,6,16.05364,63.705547
2014-06-12,2014-06-12 06:00:00,7,11.743295,62.222702
2014-06-12,2014-06-12 07:00:00,8,11.743295,74.08675
2014-06-12,2014-06-12 08:00:00,9,16.77203,78.487885
2014-06-12,2014-06-12 09:00:00,10,18.208813,89.471016
2014-06-12,2014-06-12 10:00:00,11,23.72366,109.133675
2014-06-12,2014-06-12 11:00:00,12,24.923372,118.10815
2014-06-12,2014-06-12 12:00:00,13,24.444445,107.66864
2014-06-12,2014-06-12 13:00:00,14,25.162836,110.22609
2014-06-12,2014-06-12 14:00:00,15,24.444445,116.06558
2014-06-12,2014-06-12 15:00:00,16,26.83908,106.03375
2014-06-12,2014-06-12 16:00:00,17,35.706417,92.08776
2014-06-12,2014-06-12 17:00:00,18,43.85297,68.960556
2014-06-12,2014-06-12 18:00:00,19,33.069923,58.009712
2014-06-12,2014-06-12 19:00:00,20,29.712645,63.03872
2014-06-12,2014-06-12 20:00:00,21,101.36255,72.285515
2014-06-12,2014-06-12 21:00:00,22,99.68391,95.509094
2014-06-12,2014-06-12 22:00:00,23,97.768196,98.12944
2014-06-12,2014-06-12 23:00:00,24,96.81035,76.77667
2014-06-13,2014-06-13 00:00:00,1,99.6863,99.315765
2014-06-13,2014-06-13 01:00:00,2,93.69253,76.575714
2014-06-13,2014-06-13 02:00:00,3,29.952106,45.38524
2014-06-13,2014-06-13 03:00:00,4,16.532568,41.595074
2014-06-13,2014-06-13 04:00:00,5,18.448277,42.434746
2014-06-13,2014-06-13 05:00:00,6,18.45067,41.492744
2014-06-13,2014-06-13 06:00:00,7,12.940613,59.807037
2014-06-13,2014-06-13 07:00:00,8,14.137931,60.53921
2014-06-13,2014-06-13 08:00:00,9,17.011494,51.075203
2014-06-13,2014-06-13 09:00:00,10,16.77203,44.101658
2014-06-13,2014-06-13 10:00:00,11,17.969349,41.36464
2014-06-13,2014-06-13 11:00:00,12,22.52634,41.806953
2014-06-13,2014-06-13 12:00:00,13,23.48659,43.26784
2014-06-13,2014-06-13 13:00:00,14,22.765804,36.621033
2014-06-13,2014-06-13 14:00:00,15,25.881226,39.359066
2014-06-13,2014-06-13 15:00:00,16,40.498085,48.55565
2014-06-13,2014-06-13 16:00:00,17,44.57136,43.438354
2014-06-13,2014-06-13 17:00:00,18,55.354404,41.996178
2014-06-13,2014-06-13 18:00:00,19,47.926247,47.23693
2014-06-13,2014-06-13 19:00:00,20,40.498085,51.58679
2014-06-13,2014-06-13 20:00:00,21,53.91523,79.206566
2014-06-13,2014-06-13 21:00:00,22,99.6887,105.99786
2014-06-13,2014-06-13 22:00:00,23,98.72605,103.314835
2014-06-13,2014-06-13 23:00:00,24,103.52251,93.30761
2014-06-14,2014-06-14 00:00:00,1,103.52251,100.466515
2014-06-14,2014-06-14 01:00:00,2,102.3228,94.09585
2014-06-14,2014-06-14 02:00:00,3,83.393196,81.18347
2014-06-14,2014-06-14 03:00:00,4,69.25288,40.633022
2014-06-14,2014-06-14 04:00:00,5,38.34291,27.071564
2014-06-14,2014-06-14 05:00:00,6,20.608238,28.078926
2014-06-14,2014-06-14 06:00:00,7,14.137931,34.84354
2014-06-14,2014-06-14 07:00:00,8,15.574713,53.29686
2014-06-14,2014-06-14 08:00:00,9,16.05364,53.63554
2014-06-14,2014-06-14 09:00:00,10,14.6168585,43.4593
2014-06-14,2014-06-14 10:00:00,11,15.814177,36.262535
2014-06-14,2014-06-14 11:00:00,12,16.77203,35.2302
2014-06-14,2014-06-14 12:00:00,13,15.574713,38.778526
2014-06-14,2014-06-14 13:00:00,14,16.05364,40.467094
2014-06-14,2014-06-14 14:00:00,15,18.45067,42.337994
2014-06-14,2014-06-14 15:00:00,16,15.335249,46.486176
2014-06-14,2014-06-14 16:00:00,17,17.011494,43.38507
2014-06-14,2014-06-14 17:00:00,18,17.490421,45.96247
2014-06-14,2014-06-14 18:00:00,19,16.05364,48.93489
2014-06-14,2014-06-14 19:00:00,20,16.293104,53.675644
2014-06-14,2014-06-14 20:00:00,21,16.77203,72.85688
2014-06-14,2014-06-14 21:00:00,22,19.889847,96.5679
2014-06-14,2014-06-14 22:00:00,23,20.608238,106.55153
2014-06-14,2014-06-14 23:00:00,24,19.887451,105.997856
2014-06-15,2014-06-15 00:00:00,1,20.12931,20.549393
2014-06-15,2014-06-15 01:00:00,2,21.568487,19.373402
2014-06-15,2014-06-15 02:00:00,3,19.40613,18.511154
2014-06-15,2014-06-15 03:00:00,4,18.208813,17.838188
2014-06-15,2014-06-15 04:00:00,5,19.887451,17.238918
2014-06-15,2014-06-15 05:00:00,6,19.650383,16.282593
2014-06-15,2014-06-15 06:00:00,7,14.856322,15.814358
2014-06-15,2014-06-15 07:00:00,8,15.814177,14.728806
2014-06-15,2014-06-15 08:00:00,9,16.77203,13.320869
2014-06-15,2014-06-15 09:00:00,10,14.856322,13.734001
2014-06-15,2014-06-15 10:00:00,11,15.814177,12.961445
2014-06-15,2014-06-15 11:00:00,12,16.293104,11.2915
2014-06-15,2014-06-15 12:00:00,13,15.574713,11.095169
2014-06-15,2014-06-15 13:00:00,14,16.05364,10.827309
2014-06-15,2014-06-15 14:00:00,15,17.011494,13.182354
2014-06-15,2014-06-15 15:00:00,16,15.574713,12.162823
2014-06-15,2014-06-15 16:00:00,17,16.05364,12.458721
2014-06-15,2014-06-15 17:00:00,18,17.729885,13.199127
2014-06-15,2014-06-15 18:00:00,19,15.335249,13.670235
2014-06-15,2014-06-15 19:00:00,20,17.969349,14.33836
2014-06-15,2014-06-15 20:00:00,21,15.335249,15.437679
2014-06-15,2014-06-15 21:00:00,22,18.69253,17.548103
2014-06-15,2014-06-15 22:00:00,23,19.887451,19.89038
2014-06-15,2014-06-15 23:00:00,24,18.208813,19.67683
2014-06-16,2014-06-16 00:00:00,1,20.605843,20.482899
2014-06-16,2014-06-16 01:00:00,2,21.087164,18.995705
2014-06-16,2014-06-16 02:00:00,3,19.887451,18.912445
2014-06-16,2014-06-16 03:00:00,4,18.208813,20.491741
2014-06-16,2014-06-16 04:00:00,5,21.087164,20.806324
2014-06-16,2014-06-16 05:00:00,6,19.64799,21.456978
2014-06-16,2014-06-16 06:00:00,7,15.095785,19.502934
2014-06-16,2014-06-16 07:00:00,8,15.335249,21.06734
2014-06-16,2014-06-16 08:00:00,9,19.645594,26.871685
2014-06-16,2014-06-16 09:00:00,10,17.969349,30.031933
2014-06-16,2014-06-16 10:00:00,11,16.293104,32.8823
2014-06-16,2014-06-16 11:00:00,12,20.366379,34.500977
2014-06-16,2014-06-16 12:00:00,13,35.94588,33.4441
2014-06-16,2014-06-16 13:00:00,14,40.977013,36.26803
2014-06-16,2014-06-16 14:00:00,15,37.62452,43.09764
2014-06-16,2014-06-16 15:00:00,16,44.09004,37.858414
2014-06-16,2014-06-16 16:00:00,17,52.71791,36.633743
2014-06-16,2014-06-16 17:00:00,18,50.56274,37.734116
2014-06-16,2014-06-16 18:00:00,19,41.934864,37.754837
2014-06-16,2014-06-16 19:00:00,20,36.90613,44.196304
2014-06-16,2014-06-16 20:00:00,21,47.444923,54.336353
2014-06-16,2014-06-16 21:00:00,22,76.68104,67.67917
2014-06-16,2014-06-16 22:00:00,23,77.64368,81.3902
2014-06-16,2014-06-16 23:00:00,24,51.76006,88.87114
2014-06-17,2014-06-17 00:00:00,1,23.965517,69.66183
2014-06-17,2014-06-17 01:00:00,2,24.20498,94.158035
2014-06-17,2014-06-17 02:00:00,3,21.807951,103.53752
2014-06-17,2014-06-17 03:00:00,4,20.366379,104.563965
2014-06-17,2014-06-17 04:00:00,5,22.528736,99.19368
2014-06-17,2014-06-17 05:00:00,6,22.047413,96.276794
2014-06-17,2014-06-17 06:00:00,7,17.011494,74.60053
2014-06-17,2014-06-17 07:00:00,8,15.574713,38.036034
2014-06-17,2014-06-17 08:00:00,9,17.969349,21.391094
2014-06-17,2014-06-17 09:00:00,10,20.126915,16.726078
2014-06-17,2014-06-17 10:00:00,11,18.68774,19.387062
2014-06-17,2014-06-17 11:00:00,12,20.847702,39.794304
2014-06-17,2014-06-17 12:00:00,13,23.007664,52.336933
2014-06-17,2014-06-17 13:00:00,14,23.007664,42.240917
2014-06-17,2014-06-17 14:00:00,15,23.007664,40.22897
2014-06-17,2014-06-17 15:00:00,16,28.75479,33.686504
2014-06-17,2014-06-17 16:00:00,17,33.54885,35.5241
2014-06-17,2014-06-17 17:00:00,18,39.300766,42.97757
2014-06-17,2014-06-17 18:00:00,19,34.506706,42.982372
2014-06-17,2014-06-17 19:00:00,20,35.22749,47.922565
2014-06-17,2014-06-17 20:00:00,21,82.43535,48.6273
2014-06-17,2014-06-17 21:00:00,22,92.5,57.94259
2014-06-17,2014-06-17 22:00:00,23,89.62404,62.689915
2014-06-17,2014-06-17 23:00:00,24,89.8659,53.696617
2014-06-18,2014-06-18 00:00:00,1,94.89224,91.16421
2014-06-18,2014-06-18 01:00:00,2,75.00479,92.002304
2014-06-18,2014-06-18 02:00:00,3,21.087164,78.5027
2014-06-18,2014-06-18 03:00:00,4,19.885057,74.722145
2014-06-18,2014-06-18 04:00:00,5,19.645594,85.5019
2014-06-18,2014-06-18 05:00:00,6,20.366379,83.39667
2014-06-18,2014-06-18 06:00:00,7,14.856322,87.55611
2014-06-18,2014-06-18 07:00:00,8,16.056034,103.893196
2014-06-18,2014-06-18 08:00:00,9,66.376915,115.18412
2014-06-18,2014-06-18 09:00:00,10,83.63027,126.97392
2014-06-18,2014-06-18 10:00:00,11,83.39081,138.85927
2014-06-18,2014-06-18 11:00:00,12,88.90086,136.49597
2014-06-18,2014-06-18 12:00:00,13,90.344826,128.7115
2014-06-18,2014-06-18 13:00:00,14,90.581894,128.64426
2014-06-18,2014-06-18 14:00:00,15,93.457855,140.37042
2014-06-18,2014-06-18 15:00:00,16,98.72605,129.24179
2014-06-18,2014-06-18 16:00:00,17,103.04119,96.94858
2014-06-18,2014-06-18 17:00:00,18,115.26102,76.51184
2014-06-18,2014-06-18 18:00:00,19,107.11686,60.452526
2014-06-18,2014-06-18 19:00:00,20,101.36255,59.616554
2014-06-18,2014-06-18 20:00:00,21,101.364944,81.32305
2014-06-18,2014-06-18 21:00:00,22,104.719826,101.505486
2014-06-18,2014-06-18 22:00:00,23,99.20977,100.13861
2014-06-18,2014-06-18 23:00:00,24,92.26054,83.74036
2014-06-19,2014-06-19 00:00:00,1,40.977013,74.38253
2014-06-19,2014-06-19 01:00:00,2,22.049809,55.222008
2014-06-19,2014-06-19 02:00:00,3,17.969349,37.025604
2014-06-19,2014-06-19 03:00:00,4,15.335249,35.141182
2014-06-19,2014-06-19 04:00:00,5,16.77203,47.63576
2014-06-19,2014-06-19 05:00:00,6,15.814177,55.04873
2014-06-19,2014-06-19 06:00:00,7,9.109196,58.265816
2014-06-19,2014-06-19 07:00:00,8,10.545977,67.94165
2014-06-19,2014-06-19 08:00:00,9,18.929598,81.75497
2014-06-19,2014-06-19 09:00:00,10,19.887451,105.00615
2014-06-19,2014-06-19 10:00:00,11,20.12931,124.51265
2014-06-19,2014-06-19 11:00:00,12,22.52634,125.566574
2014-06-19,2014-06-19 12:00:00,13,23.247126,122.66484
2014-06-19,2014-06-19 13:00:00,14,19.887451,128.36269
2014-06-19,2014-06-19 14:00:00,15,22.286877,116.41696
2014-06-19,2014-06-19 15:00:00,16,24.444445,95.09784
2014-06-19,2014-06-19 16:00:00,17,28.517721,83.74205
2014-06-19,2014-06-19 17:00:00,18,35.464558,85.73859
2014-06-19,2014-06-19 18:00:00,19,41.934864,88.12687
2014-06-19,2014-06-19 19:00:00,20,49.84435,99.80417
2014-06-19,2014-06-19 20:00:00,21,77.64128,94.50296
2014-06-19,2014-06-19 21:00:00,22,95.85249,73.59275
2014-06-19,2014-06-19 22:00:00,23,94.41571,71.5189
2014-06-19,2014-06-19 23:00:00,24,90.10297,77.511284
2014-06-20,2014-06-20 00:00:00,1,58.70929,88.84812
2014-06-20,2014-06-20 01:00:00,2,17.729885,89.00478
2014-06-20,2014-06-20 02:00:00,3,15.095785,71.43851
2014-06-20,2014-06-20 03:00:00,4,12.940613,66.33258
2014-06-20,2014-06-20 04:00:00,5,14.6168585,80.08623
2014-06-20,2014-06-20 05:00:00,6,13.659004,72.84307
2014-06-20,2014-06-20 06:00:00,7,9.348659,65.67842
2014-06-20,2014-06-20 07:00:00,8,10.78544,71.16393
2014-06-20,2014-06-20 08:00:00,9,15.814177,79.60765
2014-06-20,2014-06-20 09:00:00,10,15.574713,99.03853
2014-06-20,2014-06-20 10:00:00,11,17.729885,117.4529
2014-06-20,2014-06-20 11:00:00,12,22.528736,116.79353
2014-06-20,2014-06-20 12:00:00,13,22.7682,106.008316
2014-06-20,2014-06-20 13:00:00,14,20.845306,108.48954
2014-06-20,2014-06-20 14:00:00,15,23.007664,103.09903
2014-06-20,2014-06-20 15:00:00,16,27.318008,75.740074
2014-06-20,2014-06-20 16:00:00,17,29.715038,62.11363
2014-06-20,2014-06-20 17:00:00,18,47.444923,52.56449
2014-06-20,2014-06-20 18:00:00,19,43.850574,51.82885
2014-06-20,2014-06-20 19:00:00,20,60.38793,85.70774
2014-06-20,2014-06-20 20:00:00,21,87.94301,98.24346
2014-06-20,2014-06-20 21:00:00,22,91.300285,86.20996
2014-06-20,2014-06-20 22:00:00,23,92.01868,86.044556
2014-06-20,2014-06-20 23:00:00,24,89.38219,71.90033
2014-06-21,2014-06-21 00:00:00,1,87.22222,66.31893
2014-06-21,2014-06-21 01:00:00,2,59.667145,42.30552
2014-06-21,2014-06-21 02:00:00,3,16.77203,35.034325
2014-06-21,2014-06-21 03:00:00,4,15.574713,35.29685
2014-06-21,2014-06-21 04:00:00,5,16.05364,51.392906
2014-06-21,2014-06-21 05:00:00,6,14.137931,65.0472
2014-06-21,2014-06-21 06:00:00,7,10.545977,56.05685
2014-06-21,2014-06-21 07:00:00,8,9.827586,43.125267
2014-06-21,2014-06-21 08:00:00,9,10.306514,36.061806
2014-06-21,2014-06-21 09:00:00,10,9.827586,45.491486
2014-06-21,2014-06-21 10:00:00,11,9.588122,45.85034
2014-06-21,2014-06-21 11:00:00,12,11.743295,42.86441
2014-06-21,2014-06-21 12:00:00,13,9.588122,47.3026
2014-06-21,2014-06-21 13:00:00,14,9.588122,48.26478
2014-06-21,2014-06-21 14:00:00,15,10.545977,47.892006
2014-06-21,2014-06-21 15:00:00,16,9.588122,43.00471
2014-06-21,2014-06-21 16:00:00,17,10.78544,40.30371
2014-06-21,2014-06-21 17:00:00,18,10.545977,46.568253
2014-06-21,2014-06-21 18:00:00,19,11.024904,60.77322
2014-06-21,2014-06-21 19:00:00,20,12.940613,82.18967
2014-06-21,2014-06-21 20:00:00,21,12.222222,93.79549
2014-06-21,2014-06-21 21:00:00,22,13.180077,89.83938
2014-06-21,2014-06-21 22:00:00,23,14.137931,88.29844
2014-06-21,2014-06-21 23:00:00,24,13.898467,82.57917
2014-06-22,2014-06-22 00:00:00,1,14.856322,14.380817
2014-06-22,2014-06-22 01:00:00,2,15.095785,13.96426
2014-06-22,2014-06-22 02:00:00,3,13.41954,12.982098
2014-06-22,2014-06-22 03:00:00,4,13.41954,13.5683975
2014-06-22,2014-06-22 04:00:00,5,15.814177,13.847462
2014-06-22,2014-06-22 05:00:00,6,14.377395,12.873665
2014-06-22,2014-06-22 06:00:00,7,9.348659,13.567768
2014-06-22,2014-06-22 07:00:00,8,10.06705,12.742165
2014-06-22,2014-06-22 08:00:00,9,10.06705,10.543518
2014-06-22,2014-06-22 09:00:00,10,9.348659,10.988056
2014-06-22,2014-06-22 10:00:00,11,11.024904,11.091213
2014-06-22,2014-06-22 11:00:00,12,10.306514,10.55769
2014-06-22,2014-06-22 12:00:00,13,9.348659,9.8523445
2014-06-22,2014-06-22 13:00:00,14,10.78544,9.71957
2014-06-22,2014-06-22 14:00:00,15,10.545977,10.685013
2014-06-22,2014-06-22 15:00:00,16,9.348659,10.063721
2014-06-22,2014-06-22 16:00:00,17,11.024904,9.4419365
2014-06-22,2014-06-22 17:00:00,18,10.545977,9.837833
2014-06-22,2014-06-22 18:00:00,19,9.348659,10.175419
2014-06-22,2014-06-22 19:00:00,20,9.827586,9.950542
2014-06-22,2014-06-22 20:00:00,21,10.06705,11.977909
2014-06-22,2014-06-22 21:00:00,22,12.701149,13.970028
2014-06-22,2014-06-22 22:00:00,23,14.856322,14.989082
2014-06-22,2014-06-22 23:00:00,24,12.940613,14.054588
2014-06-23,2014-06-23 00:00:00,1,14.377395,14.867313
2014-06-23,2014-06-23 01:00:00,2,14.856322,12.854511
2014-06-23,2014-06-23 02:00:00,3,13.659004,14.427338
2014-06-23,2014-06-23 03:00:00,4,13.659004,16.542236
2014-06-23,2014-06-23 04:00:00,5,14.6168585,14.083809
2014-06-23,2014-06-23 05:00:00,6,14.6168585,17.277466
2014-06-23,2014-06-23 06:00:00,7,8.869732,21.087654
2014-06-23,2014-06-23 07:00:00,8,26.12069,19.470005
2014-06-23,2014-06-23 08:00:00,9,91.06322,27.480774
2014-06-23,2014-06-23 09:00:00,10,96.09196,35.385597
2014-06-23,2014-06-23 10:00:00,11,98.48659,33.160416
2014-06-23,2014-06-23 11:00:00,12,95.373566,33.60613
2014-06-23,2014-06-23 12:00:00,13,95.61303,33.975872
2014-06-23,2014-06-23 13:00:00,14,52.24138,32.695415
2014-06-23,2014-06-23 14:00:00,15,27.318008,35.086605
2014-06-23,2014-06-23 15:00:00,16,81.954025,33.798183
2014-06-23,2014-06-23 16:00:00,17,89.14033,36.671776
2014-06-23,2014-06-23 17:00:00,18,98.72845,43.95166
2014-06-23,2014-06-23 18:00:00,19,86.74569,50.96087
2014-06-23,2014-06-23 19:00:00,20,85.78544,67.17714
2014-06-23,2014-06-23 20:00:00,21,78.35728,77.34065
2014-06-23,2014-06-23 21:00:00,22,27.078545,92.53045
2014-06-23,2014-06-23 22:00:00,23,17.011494,99.56938
2014-06-23,2014-06-23 23:00:00,24,15.095785,96.18746
2014-06-24,2014-06-24 00:00:00,1,14.856322,14.891872
2014-06-24,2014-06-24 01:00:00,2,15.574713,30.636387
2014-06-24,2014-06-24 02:00:00,3,13.41954,28.544136
2014-06-24,2014-06-24 03:00:00,4,13.41954,14.936768
2014-06-24,2014-06-24 04:00:00,5,13.659004,12.852509
2014-06-24,2014-06-24 05:00:00,6,14.377395,10.529739
2014-06-24,2014-06-24 06:00:00,7,9.588122,6.503483
2014-06-24,2014-06-24 07:00:00,8,9.827586,21.677414
2014-06-24,2014-06-24 08:00:00,9,21.566092,31.169949
2014-06-24,2014-06-24 09:00:00,10,29.47318,40.54774
2014-06-24,2014-06-24 10:00:00,11,28.75479,38.38112
2014-06-24,2014-06-24 11:00:00,12,31.149426,34.395218
2014-06-24,2014-06-24 12:00:00,13,40.25862,35.911934
2014-06-24,2014-06-24 13:00:00,14,36.185345,39.32441
2014-06-24,2014-06-24 14:00:00,15,38.103447,39.798523
2014-06-24,2014-06-24 15:00:00,16,34.74856,31.982124
2014-06-24,2014-06-24 16:00:00,17,36.42481,37.93479
2014-06-24,2014-06-24 17:00:00,18,61.345787,47.28189
2014-06-24,2014-06-24 18:00:00,19,65.65852,50.22103
2014-06-24,2014-06-24 19:00:00,20,77.64368,66.42267
2014-06-24,2014-06-24 20:00:00,21,86.50383,63.850876
2014-06-24,2014-06-24 21:00:00,22,97.049805,60.861576
2014-06-24,2014-06-24 22:00:00,23,94.17625,57.340843
2014-06-24,2014-06-24 23:00:00,24,87.46648,35.306053
2014-06-25,2014-06-25 00:00:00,1,23.007664,53.63231
2014-06-25,2014-06-25 01:00:00,2,22.289272,33.33527
2014-06-25,2014-06-25 02:00:00,3,19.166666,34.419903
2014-06-25,2014-06-25 03:00:00,4,17.969349,36.71571
2014-06-25,2014-06-25 04:00:00,5,18.448277,57.987362
2014-06-25,2014-06-25 05:00:00,6,16.293104,71.335144
2014-06-25,2014-06-25 06:00:00,7,12.461686,53.249878
2014-06-25,2014-06-25 07:00:00,8,19.41092,37.90617
2014-06-25,2014-06-25 08:00:00,9,86.0273,35.617645
2014-06-25,2014-06-25 09:00:00,10,85.30651,51.57371
2014-06-25,2014-06-25 10:00:00,11,86.98515,50.166763
2014-06-25,2014-06-25 11:00:00,12,91.542145,49.02729
2014-06-25,2014-06-25 12:00:00,13,94.41571,55.371754
2014-06-25,2014-06-25 13:00:00,14,96.09196,52.138367
2014-06-25,2014-06-25 14:00:00,15,71.6499,57.067375
2014-06-25,2014-06-25 15:00:00,16,58.469826,54.69315
2014-06-25,2014-06-25 16:00:00,17,66.376915,46.520866
2014-06-25,2014-06-25 17:00:00,18,68.534485,57.06585
2014-06-25,2014-06-25 18:00:00,19,59.188217,73.43613
2014-06-25,2014-06-25 19:00:00,20,37.86159,87.69687
2014-06-25,2014-06-25 20:00:00,21,26.83908,96.20778
2014-06-25,2014-06-25 21:00:00,22,24.683908,90.85437
2014-06-25,2014-06-25 22:00:00,23,23.965517,90.53171
2014-06-25,2014-06-25 23:00:00,24,19.889847,79.40961
2014-06-26,2014-06-26 00:00:00,1,16.293104,20.769459
2014-06-26,2014-06-26 01:00:00,2,15.574713,22.47023
2014-06-26,2014-06-26 02:00:00,3,15.095785,6.803894
2014-06-26,2014-06-26 03:00:00,4,14.6168585,-9.490059
2014-06-26,2014-06-26 04:00:00,5,14.856322,-3.068344
2014-06-26,2014-06-26 05:00:00,6,15.095785,5.454872
2014-06-26,2014-06-26 06:00:00,7,10.545977,17.702557
2014-06-26,2014-06-26 07:00:00,8,11.024904,34.272766
2014-06-26,2014-06-26 08:00:00,9,15.814177,40.522194
2014-06-26,2014-06-26 09:00:00,10,18.927202,47.710033
2014-06-26,2014-06-26 10:00:00,11,20.126915,51.780544
2014-06-26,2014-06-26 11:00:00,12,20.126915,57.584015
2014-06-26,2014-06-26 12:00:00,13,21.568487,62.40464
2014-06-26,2014-06-26 13:00:00,14,22.049809,62.503517
2014-06-26,2014-06-26 14:00:00,15,23.005268,60.21528
2014-06-26,2014-06-26 15:00:00,16,25.402298,53.461372
2014-06-26,2014-06-26 16:00:00,17,36.903736,47.76853
2014-06-26,2014-06-26 17:00:00,18,44.331898,46.688217
2014-06-26,2014-06-26 18:00:00,19,32.590996,48.652447
2014-06-26,2014-06-26 19:00:00,20,28.75479,52.639404
2014-06-26,2014-06-26 20:00:00,21,25.162836,47.893936
2014-06-26,2014-06-26 21:00:00,22,64.70067,42.354324
2014-06-26,2014-06-26 22:00:00,23,56.314655,43.33438
2014-06-26,2014-06-26 23:00:00,24,20.366379,31.703598
2014-06-27,2014-06-27 00:00:00,1,18.448277,17.310078
2014-06-27,2014-06-27 01:00:00,2,19.40613,19.684711
2014-06-27,2014-06-27 02:00:00,3,16.532568,18.353607
2014-06-27,2014-06-27 03:00:00,4,16.05364,22.048172
2014-06-27,2014-06-27 04:00:00,5,16.293104,29.450375
2014-06-27,2014-06-27 05:00:00,6,14.137931,32.184437
2014-06-27,2014-06-27 06:00:00,7,10.06705,38.38043
2014-06-27,2014-06-27 07:00:00,8,11.024904,38.694897
2014-06-27,2014-06-27 08:00:00,9,18.453066,34.53556
2014-06-27,2014-06-27 09:00:00,10,22.52634,40.7778
2014-06-27,2014-06-27 10:00:00,11,23.726053,43.54328
2014-06-27,2014-06-27 11:00:00,12,30.670498,41.631794
2014-06-27,2014-06-27 12:00:00,13,29.712645,50.46775
2014-06-27,2014-06-27 13:00:00,14,29.712645,50.963703
2014-06-27,2014-06-27 14:00:00,15,30.431034,47.46783
2014-06-27,2014-06-27 15:00:00,16,29.233717,38.589966
2014-06-27,2014-06-27 16:00:00,17,32.5886,27.338367
2014-06-27,2014-06-27 17:00:00,18,29.23611,35.047646
2014-06-27,2014-06-27 18:00:00,19,19.889847,45.559036
2014-06-27,2014-06-27 19:00:00,20,18.448277,54.356457
2014-06-27,2014-06-27 20:00:00,21,24.681513,56.511463
2014-06-27,2014-06-27 21:00:00,22,41.45594,55.022312
2014-06-27,2014-06-27 22:00:00,23,34.267242,51.28829
2014-06-27,2014-06-27 23:00:00,24,14.377395,32.09702
2014-06-28,2014-06-28 00:00:00,1,15.095785,16.576664
2014-06-28,2014-06-28 01:00:00,2,16.293104,18.88881
2014-06-28,2014-06-28 02:00:00,3,14.137931,9.103111
2014-06-28,2014-06-28 03:00:00,4,15.335249,11.853497
2014-06-28,2014-06-28 04:00:00,5,14.6168585,15.071697
2014-06-28,2014-06-28 05:00:00,6,14.377395,15.115421
2014-06-28,2014-06-28 06:00:00,7,10.06705,25.249832
2014-06-28,2014-06-28 07:00:00,8,10.06705,27.54741
2014-06-28,2014-06-28 08:00:00,9,11.743295,26.671265
2014-06-28,2014-06-28 09:00:00,10,11.503832,28.825493
2014-06-28,2014-06-28 10:00:00,11,11.743295,33.71452
2014-06-28,2014-06-28 11:00:00,12,14.6168585,37.181335
2014-06-28,2014-06-28 12:00:00,13,13.898467,41.91161
2014-06-28,2014-06-28 13:00:00,14,13.898467,43.82129
2014-06-28,2014-06-28 14:00:00,15,13.898467,44.139954
2014-06-28,2014-06-28 15:00:00,16,11.743295,37.60177
2014-06-28,2014-06-28 16:00:00,17,12.701149,21.042381
2014-06-28,2014-06-28 17:00:00,18,13.180077,23.784676
2014-06-28,2014-06-28 18:00:00,19,11.9827585,32.149063
2014-06-28,2014-06-28 19:00:00,20,13.180077,38.508278
2014-06-28,2014-06-28 20:00:00,21,11.743295,47.24857
2014-06-28,2014-06-28 21:00:00,22,14.137931,50.236374
2014-06-28,2014-06-28 22:00:00,23,14.137931,45.54309
2014-06-28,2014-06-28 23:00:00,24,13.898467,26.448559
2014-06-29,2014-06-29 00:00:00,1,15.095785,19.957443
2014-06-29,2014-06-29 01:00:00,2,15.335249,19.086937
2014-06-29,2014-06-29 02:00:00,3,14.137931,14.912788
2014-06-29,2014-06-29 03:00:00,4,14.6168585,14.772831
2014-06-29,2014-06-29 04:00:00,5,14.856322,17.6786
2014-06-29,2014-06-29 05:00:00,6,14.856322,23.086224
2014-06-29,2014-06-29 06:00:00,7,9.588122,28.916767
2014-06-29,2014-06-29 07:00:00,8,10.545977,30.481358
2014-06-29,2014-06-29 08:00:00,9,10.78544,35.64272
2014-06-29,2014-06-29 09:00:00,10,11.503832,39.62811
2014-06-29,2014-06-29 10:00:00,11,11.743295,45.284943
2014-06-29,2014-06-29 11:00:00,12,14.137931,45.71496
2014-06-29,2014-06-29 12:00:00,13,12.222222,47.94849
2014-06-29,2014-06-29 13:00:00,14,12.701149,50.770226
2014-06-29,2014-06-29 14:00:00,15,12.940613,50.06089
2014-06-29,2014-06-29 15:00:00,16,12.461686,47.4117
2014-06-29,2014-06-29 16:00:00,17,12.701149,47.502525
2014-06-29,2014-06-29 17:00:00,18,13.41954,45.085743
2014-06-29,2014-06-29 18:00:00,19,11.9827585,36.524292
2014-06-29,2014-06-29 19:00:00,20,13.41954,42.722
2014-06-29,2014-06-29 20:00:00,21,11.264368,46.014168
2014-06-29,2014-06-29 21:00:00,22,13.659004,55.15792
2014-06-29,2014-06-29 22:00:00,23,14.6168585,69.35127
2014-06-29,2014-06-29 23:00:00,24,13.659004,74.45457
2014-06-30,2014-06-30 00:00:00,1,15.095785,23.35175
2014-06-30,2014-06-30 01:00:00,2,15.335249,28.266891
2014-06-30,2014-06-30 02:00:00,3,15.095785,22.98169
2014-06-30,2014-06-30 03:00:00,4,13.41954,26.28402
2014-06-30,2014-06-30 04:00:00,5,15.095785,20.283928
2014-06-30,2014-06-30 05:00:00,6,14.6168585,17.082615
2014-06-30,2014-06-30 06:00:00,7,10.06705,23.940338
2014-06-30,2014-06-30 07:00:00,8,10.78544,13.776543
2014-06-30,2014-06-30 08:00:00,9,12.940613,29.022667
2014-06-30,2014-06-30 09:00:00,10,14.6168585,50.577637
2014-06-30,2014-06-30 10:00:00,11,16.532568,56.67777
2014-06-30,2014-06-30 11:00:00,12,25.881226,60.308746
2014-06-30,2014-06-30 12:00:00,13,24.444445,61.81456
2014-06-30,2014-06-30 13:00:00,14,21.329023,68.12937
2014-06-30,2014-06-30 14:00:00,15,22.7682,74.14586
2014-06-30,2014-06-30 15:00:00,16,26.12069,61.989655
2014-06-30,2014-06-30 16:00:00,17,28.75479,57.38556
2014-06-30,2014-06-30 17:00:00,18,33.30699,48.67733
2014-06-30,2014-06-30 18:00:00,19,28.75479,27.144794
2014-06-30,2014-06-30 19:00:00,20,51.997128,33.693626
2014-06-30,2014-06-30 20:00:00,21,71.64751,44.66467
2014-06-30,2014-06-30 21:00:00,22,73.32615,57.82079
2014-06-30,2014-06-30 22:00:00,23,88.663795,86.80689
2014-06-30,2014-06-30 23:00:00,24,85.06705,100.982864
2014-07-01,2014-07-01 00:00:00,1,86.264366,80.28342
2014-07-01,2014-07-01 01:00:00,2,55.59387,71.18051
2014-07-01,2014-07-01 02:00:00,3,16.532568,45.514194
2014-07-01,2014-07-01 03:00:00,4,16.293104,43.208588
2014-07-01,2014-07-01 04:00:00,5,16.77203,61.267296
2014-07-01,2014-07-01 05:00:00,6,16.532568,56.80818
2014-07-01,2014-07-01 06:00:00,7,10.545977,56.119026
2014-07-01,2014-07-01 07:00:00,8,33.551247,68.9971
2014-07-01,2014-07-01 08:00:00,9,84.10919,73.5863
2014-07-01,2014-07-01 09:00:00,10,83.63027,84.23855
2014-07-01,2014-07-01 10:00:00,11,84.82758,104.46951
2014-07-01,2014-07-01 11:00:00,12,89.14272,116.09782
2014-07-01,2014-07-01 12:00:00,13,92.97653,105.39114
2014-07-01,2014-07-01 13:00:00,14,94.41571,109.46608
2014-07-01,2014-07-01 14:00:00,15,97.768196,113.5437
2014-07-01,2014-07-01 15:00:00,16,97.52873,98.05926
2014-07-01,2014-07-01 16:00:00,17,98.72845,85.537796
2014-07-01,2014-07-01 17:00:00,18,112.86638,66.96847
2014-07-01,2014-07-01 18:00:00,19,100.88602,58.938427
2014-07-01,2014-07-01 19:00:00,20,98.24712,64.81327
2014-07-01,2014-07-01 20:00:00,21,94.89464,68.81779
2014-07-01,2014-07-01 21:00:00,22,92.01868,85.92064
2014-07-01,2014-07-01 22:00:00,23,92.25814,88.348404
2014-07-01,2014-07-01 23:00:00,24,87.703545,70.15508
2014-07-02,2014-07-02 00:00:00,1,87.22222,64.22431
2014-07-02,2014-07-02 01:00:00,2,70.208336,44.109955
2014-07-02,2014-07-02 02:00:00,3,16.532568,30.98642
2014-07-02,2014-07-02 03:00:00,4,14.6168585,27.131256
2014-07-02,2014-07-02 04:00:00,5,15.814177,39.690536
2014-07-02,2014-07-02 05:00:00,6,15.814177,51.607227
2014-07-02,2014-07-02 06:00:00,7,10.545977,53.00395
2014-07-02,2014-07-02 07:00:00,8,13.180077,60.543633
2014-07-02,2014-07-02 08:00:00,9,74.04454,75.03471
2014-07-02,2014-07-02 09:00:00,10,90.344826,99.80797
2014-07-02,2014-07-02 10:00:00,11,93.21839,119.495316
2014-07-02,2014-07-02 11:00:00,12,99.44684,118.52068
2014-07-02,2014-07-02 12:00:00,13,103.28544,113.92003
2014-07-02,2014-07-02 13:00:00,14,89.38219,117.71579
2014-07-02,2014-07-02 14:00:00,15,75.00479,103.34821
2014-07-02,2014-07-02 15:00:00,16,74.76533,85.24593
2014-07-02,2014-07-02 16:00:00,17,72.36829,73.69185
2014-07-02,2014-07-02 17:00:00,18,75.48372,74.897896
2014-07-02,2014-07-02 18:00:00,19,66.37931,79.3404
2014-07-02,2014-07-02 19:00:00,20,59.185825,90.089615
2014-07-02,2014-07-02 20:00:00,21,63.74042,83.695854
2014-07-02,2014-07-02 21:00:00,22,75.244255,62.02194
2014-07-02,2014-07-02 22:00:00,23,76.925285,61.18804
2014-07-02,2014-07-02 23:00:00,24,76.44636,70.18097
2014-07-03,2014-07-03 00:00:00,1,78.36207,72.34204
2014-07-03,2014-07-03 01:00:00,2,42.176723,48.921852
2014-07-03,2014-07-03 02:00:00,3,15.814177,12.309433
2014-07-03,2014-07-03 03:00:00,4,14.137931,-0.6112671
2014-07-03,2014-07-03 04:00:00,5,14.6168585,12.963249
2014-07-03,2014-07-03 05:00:00,6,14.856322,20.553772
2014-07-03,2014-07-03 06:00:00,7,10.78544,43.188553
2014-07-03,2014-07-03 07:00:00,8,11.503832,62.683693
2014-07-03,2014-07-03 08:00:00,9,13.659004,64.69454
2014-07-03,2014-07-03 09:00:00,10,20.850096,67.96143
2014-07-03,2014-07-03 10:00:00,11,21.568487,84.01355
2014-07-03,2014-07-03 11:00:00,12,21.326628,94.570526
2014-07-03,2014-07-03 12:00:00,13,27.796934,98.95635
2014-07-03,2014-07-03 13:00:00,14,32.83046,101.7863
2014-07-03,2014-07-03 14:00:00,15,31.87021,99.8063
2014-07-03,2014-07-03 15:00:00,16,32.346745,94.45032
2014-07-03,2014-07-03 16:00:00,17,35.222702,97.54091
2014-07-03,2014-07-03 17:00:00,18,55.833332,91.01015
2014-07-03,2014-07-03 18:00:00,19,49.125957,81.05749
2014-07-03,2014-07-03 19:00:00,20,77.16235,83.59128
2014-07-03,2014-07-03 20:00:00,21,101.123085,83.488556
2014-07-03,2014-07-03 21:00:00,22,97.52873,84.06006
2014-07-03,2014-07-03 22:00:00,23,93.69732,79.60616
2014-07-03,2014-07-03 23:00:00,24,89.626434,74.61264
2014-07-04,2014-07-04 00:00:00,1,85.78544,80.94725
2014-07-04,2014-07-04 01:00:00,2,71.41044,73.75849
2014-07-04,2014-07-04 02:00:00,3,32.346745,55.78841
2014-07-04,2014-07-04 03:00:00,4,28.75479,50.832005
2014-07-04,2014-07-04 04:00:00,5,28.515326,64.89304
2014-07-04,2014-07-04 05:00:00,6,23.963123,62.786785
2014-07-04,2014-07-04 06:00:00,7,15.814177,55.316067
2014-07-04,2014-07-04 07:00:00,8,15.574713,54.884476
2014-07-04,2014-07-04 08:00:00,9,44.57136,59.5567
2014-07-04,2014-07-04 09:00:00,10,65.89799,87.433655
2014-07-04,2014-07-04 10:00:00,11,75.24186,107.96733
2014-07-04,2014-07-04 11:00:00,12,79.31992,109.02672
2014-07-04,2014-07-04 12:00:00,13,81.4751,101.01997
2014-07-04,2014-07-04 13:00:00,14,75.00479,105.94765
2014-07-04,2014-07-04 14:00:00,15,75.002396,94.24335
2014-07-04,2014-07-04 15:00:00,16,69.973656,67.3841
2014-07-04,2014-07-04 16:00:00,17,67.57663,59.394867
2014-07-04,2014-07-04 17:00:00,18,73.56561,51.017548
2014-07-04,2014-07-04 18:00:00,19,66.37931,55.833797
2014-07-04,2014-07-04 19:00:00,20,64.45881,94.808075
2014-07-04,2014-07-04 20:00:00,21,83.63027,105.772804
2014-07-04,2014-07-04 21:00:00,22,96.09196,87.49017
2014-07-04,2014-07-04 22:00:00,23,95.373566,84.91922
2014-07-04,2014-07-04 23:00:00,24,96.570885,67.41065
2014-07-05,2014-07-05 00:00:00,1,94.655174,86.11809
2014-07-05,2014-07-05 01:00:00,2,62.064175,67.09877
2014-07-05,2014-07-05 02:00:00,3,18.448277,53.109825
2014-07-05,2014-07-05 03:00:00,4,16.532568,45.598347
2014-07-05,2014-07-05 04:00:00,5,16.532568,44.187206
2014-07-05,2014-07-05 05:00:00,6,16.532568,46.09381
2014-07-05,2014-07-05 06:00:00,7,10.06705,50.57895
2014-07-05,2014-07-05 07:00:00,8,10.78544,61.88962
2014-07-05,2014-07-05 08:00:00,9,11.503832,72.25973
2014-07-05,2014-07-05 09:00:00,10,10.06705,82.486015
2014-07-05,2014-07-05 10:00:00,11,10.06705,100.33899
2014-07-05,2014-07-05 11:00:00,12,11.264368,102.54715
2014-07-05,2014-07-05 12:00:00,13,10.78544,97.89878
2014-07-05,2014-07-05 13:00:00,14,13.898467,102.98942
2014-07-05,2014-07-05 14:00:00,15,15.335249,87.67995
2014-07-05,2014-07-05 15:00:00,16,9.827586,73.113846
2014-07-05,2014-07-05 16:00:00,17,11.264368,66.88556
2014-07-05,2014-07-05 17:00:00,18,11.503832,63.098576
2014-07-05,2014-07-05 18:00:00,19,10.545977,65.05965
2014-07-05,2014-07-05 19:00:00,20,10.78544,80.21479
2014-07-05,2014-07-05 20:00:00,21,11.024904,81.07608
2014-07-05,2014-07-05 21:00:00,22,14.6168585,75.57375
2014-07-05,2014-07-05 22:00:00,23,15.814177,73.972404
2014-07-05,2014-07-05 23:00:00,24,14.377395,77.66805
2014-07-06,2014-07-06 00:00:00,1,15.574713,14.743465
2014-07-06,2014-07-06 01:00:00,2,16.293104,14.387508
2014-07-06,2014-07-06 02:00:00,3,14.856322,14.034214
2014-07-06,2014-07-06 03:00:00,4,13.898467,14.364162
2014-07-06,2014-07-06 04:00:00,5,15.095785,14.414249
2014-07-06,2014-07-06 05:00:00,6,14.856322,13.657318
2014-07-06,2014-07-06 06:00:00,7,11.024904,13.979416
2014-07-06,2014-07-06 07:00:00,8,10.78544,13.498398
2014-07-06,2014-07-06 08:00:00,9,11.743295,11.944183
2014-07-06,2014-07-06 09:00:00,10,10.306514,12.670227
2014-07-06,2014-07-06 10:00:00,11,10.78544,12.075024
2014-07-06,2014-07-06 11:00:00,12,11.024904,10.639523
2014-07-06,2014-07-06 12:00:00,13,10.06705,10.376541
2014-07-06,2014-07-06 13:00:00,14,10.78544,10.267284
2014-07-06,2014-07-06 14:00:00,15,11.503832,10.844112
2014-07-06,2014-07-06 15:00:00,16,10.545977,10.313232
2014-07-06,2014-07-06 16:00:00,17,10.78544,10.131737
2014-07-06,2014-07-06 17:00:00,18,11.9827585,10.605293
2014-07-06,2014-07-06 18:00:00,19,10.306514,10.660286
2014-07-06,2014-07-06 19:00:00,20,10.78544,10.418465
2014-07-06,2014-07-06 20:00:00,21,10.306514,11.69862
2014-07-06,2014-07-06 21:00:00,22,12.940613,13.791325
2014-07-06,2014-07-06 22:00:00,23,15.095785,15.5311775
2014-07-06,2014-07-06 23:00:00,24,14.377395,15.04911
2014-07-07,2014-07-07 00:00:00,1,16.293104,16.12222
2014-07-07,2014-07-07 01:00:00,2,15.335249,13.370262
2014-07-07,2014-07-07 02:00:00,3,14.6168585,13.983627
2014-07-07,2014-07-07 03:00:00,4,14.137931,15.687691
2014-07-07,2014-07-07 04:00:00,5,14.856322,15.026524
2014-07-07,2014-07-07 05:00:00,6,15.335249,17.757492
2014-07-07,2014-07-07 06:00:00,7,10.306514,17.396881
2014-07-07,2014-07-07 07:00:00,8,12.222222,17.18114
2014-07-07,2014-07-07 08:00:00,9,16.05364,25.762009
2014-07-07,2014-07-07 09:00:00,10,17.011494,31.791264
2014-07-07,2014-07-07 10:00:00,11,15.335249,30.858086
2014-07-07,2014-07-07 11:00:00,12,16.293104,32.88552
2014-07-07,2014-07-07 12:00:00,13,20.368774,33.85535
2014-07-07,2014-07-07 13:00:00,14,22.049809,35.11997
2014-07-07,2014-07-07 14:00:00,15,24.202587,39.911907
2014-07-07,2014-07-07 15:00:00,16,33.067528,35.625843
2014-07-07,2014-07-07 16:00:00,17,40.25862,36.461548
2014-07-07,2014-07-07 17:00:00,18,46.965996,40.16907
2014-07-07,2014-07-07 18:00:00,19,40.019157,42.474854
2014-07-07,2014-07-07 19:00:00,20,38.34052,54.570305
2014-07-07,2014-07-07 20:00:00,21,49.12356,64.4351
2014-07-07,2014-07-07 21:00:00,22,90.82136,81.84645
2014-07-07,2014-07-07 22:00:00,23,91.542145,96.68655
2014-07-07,2014-07-07 23:00:00,24,87.46408,97.37913
2014-07-08,2014-07-08 00:00:00,1,85.06705,72.17499
2014-07-08,2014-07-08 01:00:00,2,69.731804,57.298378
2014-07-08,2014-07-08 02:00:00,3,30.670498,42.243538
2014-07-08,2014-07-08 03:00:00,4,27.078545,37.83258
2014-07-08,2014-07-08 04:00:00,5,27.55747,43.62638
2014-07-08,2014-07-08 05:00:00,6,26.599617,44.289997
2014-07-08,2014-07-08 06:00:00,7,17.01389,46.452766
2014-07-08,2014-07-08 07:00:00,8,17.011494,51.52275
2014-07-08,2014-07-08 08:00:00,9,17.969349,55.721233
2014-07-08,2014-07-08 09:00:00,10,21.087164,57.390427
2014-07-08,2014-07-08 10:00:00,11,24.683908,61.86395
2014-07-08,2014-07-08 11:00:00,12,28.515326,70.368195
2014-07-08,2014-07-08 12:00:00,13,28.75479,84.83179
2014-07-08,2014-07-08 13:00:00,14,28.75479,94.310524
2014-07-08,2014-07-08 14:00:00,15,33.30699,90.220146
2014-07-08,2014-07-08 15:00:00,16,40.977013,88.27811
2014-07-08,2014-07-08 16:00:00,17,48.16571,95.9953
2014-07-08,2014-07-08 17:00:00,18,50.802204,91.720215
2014-07-08,2014-07-08 18:00:00,19,43.132183,77.45911
2014-07-08,2014-07-08 19:00:00,20,48.884098,67.82179
2014-07-08,2014-07-08 20:00:00,21,81.71456,63.083004
2014-07-08,2014-07-08 21:00:00,22,94.655174,73.27305
2014-07-08,2014-07-08 22:00:00,23,87.703545,88.61374
2014-07-08,2014-07-08 23:00:00,24,85.78544,89.16815
2014-07-09,2014-07-09 00:00:00,1,85.30651,81.80513
2014-07-09,2014-07-09 01:00:00,2,42.41379,68.94745
2014-07-09,2014-07-09 02:00:00,3,28.036398,47.88643
2014-07-09,2014-07-09 03:00:00,4,25.641762,28.408787
2014-07-09,2014-07-09 04:00:00,5,23.007664,23.14787
2014-07-09,2014-07-09 05:00:00,6,20.368774,23.970074
2014-07-09,2014-07-09 06:00:00,7,14.137931,39.179466
2014-07-09,2014-07-09 07:00:00,8,13.898467,50.04148
2014-07-09,2014-07-09 08:00:00,9,17.011494,41.585606
2014-07-09,2014-07-09 09:00:00,10,18.448277,32.700176
2014-07-09,2014-07-09 10:00:00,11,19.645594,28.858063
2014-07-09,2014-07-09 11:00:00,12,24.20498,30.923496
2014-07-09,2014-07-09 12:00:00,13,28.515326,34.41762
2014-07-09,2014-07-09 13:00:00,14,22.523947,31.40326
2014-07-09,2014-07-09 14:00:00,15,19.40613,35.5856
2014-07-09,2014-07-09 15:00:00,16,26.599617,41.833794
2014-07-09,2014-07-09 16:00:00,17,26.599617,38.63112
2014-07-09,2014-07-09 17:00:00,18,27.320402,37.684013
2014-07-09,2014-07-09 18:00:00,19,21.326628,44.18743
2014-07-09,2014-07-09 19:00:00,20,24.923372,50.02471
2014-07-09,2014-07-09 20:00:00,21,75.00479,68.31883
2014-07-09,2014-07-09 21:00:00,22,77.88314,90.94392
2014-07-09,2014-07-09 22:00:00,23,84.82758,93.24362
2014-07-09,2014-07-09 23:00:00,24,79.79885,86.713234
2014-07-10,2014-07-10 00:00:00,1,48.644634,79.46876
2014-07-10,2014-07-10 01:00:00,2,17.011494,75.40762
2014-07-10,2014-07-10 02:00:00,3,14.856322,60.67272
2014-07-10,2014-07-10 03:00:00,4,13.659004,30.579006
2014-07-10,2014-07-10 04:00:00,5,15.574713,20.430218
2014-07-10,2014-07-10 05:00:00,6,16.532568,21.190685
2014-07-10,2014-07-10 06:00:00,7,9.588122,32.775555
2014-07-10,2014-07-10 07:00:00,8,10.78544,48.252247
2014-07-10,2014-07-10 08:00:00,9,14.377395,45.17123
2014-07-10,2014-07-10 09:00:00,10,14.6168585,33.2495
2014-07-10,2014-07-10 10:00:00,11,15.814177,26.73875
2014-07-10,2014-07-10 11:00:00,12,22.52634,22.516037
2014-07-10,2014-07-10 12:00:00,13,40.73755,24.888855
2014-07-10,2014-07-10 13:00:00,14,39.061302,25.529076
2014-07-10,2014-07-10 14:00:00,15,36.903736,23.493382
2014-07-10,2014-07-10 15:00:00,16,41.45594,29.072105
2014-07-10,2014-07-10 16:00:00,17,47.926247,25.524899
2014-07-10,2014-07-10 17:00:00,18,66.13985,25.576252
2014-07-10,2014-07-10 18:00:00,19,54.636017,31.98378
2014-07-10,2014-07-10 19:00:00,20,46.00814,45.93495
2014-07-10,2014-07-10 20:00:00,21,64.70067,70.477325
2014-07-10,2014-07-10 21:00:00,22,102.56226,93.55324
2014-07-10,2014-07-10 22:00:00,23,105.43822,94.40808
2014-07-10,2014-07-10 23:00:00,24,104.48276,88.427635
2014-07-11,2014-07-11 00:00:00,1,98.00766,96.675476
2014-07-11,2014-07-11 01:00:00,2,84.35105,89.95879
2014-07-11,2014-07-11 02:00:00,3,23.247126,79.55827
2014-07-11,2014-07-11 03:00:00,4,18.208813,30.788586
2014-07-11,2014-07-11 04:00:00,5,18.68774,13.902683
2014-07-11,2014-07-11 05:00:00,6,18.448277,17.744122
2014-07-11,2014-07-11 06:00:00,7,13.180077,22.098583
2014-07-11,2014-07-11 07:00:00,8,13.898467,44.002815
2014-07-11,2014-07-11 08:00:00,9,17.490421,48.56813
2014-07-11,2014-07-11 09:00:00,10,17.490421,42.031082
2014-07-11,2014-07-11 10:00:00,11,18.929598,36.2165
2014-07-11,2014-07-11 11:00:00,12,28.515326,36.95614
2014-07-11,2014-07-11 12:00:00,13,27.078545,43.632492
2014-07-11,2014-07-11 13:00:00,14,24.683908,48.42556
2014-07-11,2014-07-11 14:00:00,15,27.318008,49.758698
2014-07-11,2014-07-11 15:00:00,16,28.036398,52.671097
2014-07-11,2014-07-11 16:00:00,17,34.267242,50.18127
2014-07-11,2014-07-11 17:00:00,18,58.22797,50.623047
2014-07-11,2014-07-11 18:00:00,19,50.323277,53.476887
2014-07-11,2014-07-11 19:00:00,20,49.36542,64.135925
2014-07-11,2014-07-11 20:00:00,21,73.80747,81.17203
2014-07-11,2014-07-11 21:00:00,22,96.33142,102.79101
2014-07-11,2014-07-11 22:00:00,23,84.82998,114.22922
2014-07-11,2014-07-11 23:00:00,24,82.67242,108.50346
2014-07-12,2014-07-12 00:00:00,1,77.16235,75.52309
2014-07-12,2014-07-12 01:00:00,2,45.766285,58.383827
2014-07-12,2014-07-12 02:00:00,3,15.335249,43.24106
2014-07-12,2014-07-12 03:00:00,4,13.898467,24.4346
2014-07-12,2014-07-12 04:00:00,5,15.335249,14.904011
2014-07-12,2014-07-12 05:00:00,6,15.814177,16.128185
2014-07-12,2014-07-12 06:00:00,7,10.06705,16.925587
2014-07-12,2014-07-12 07:00:00,8,11.264368,10.765999
2014-07-12,2014-07-12 08:00:00,9,11.264368,0.7404022
2014-07-12,2014-07-12 09:00:00,10,9.827586,1.2789383
2014-07-12,2014-07-12 10:00:00,11,11.264368,5.9126396
2014-07-12,2014-07-12 11:00:00,12,11.264368,5.5000153
2014-07-12,2014-07-12 12:00:00,13,10.306514,8.321564
2014-07-12,2014-07-12 13:00:00,14,11.743295,6.3361893
2014-07-12,2014-07-12 14:00:00,15,11.264368,6.6178474
2014-07-12,2014-07-12 15:00:00,16,10.78544,9.91391
2014-07-12,2014-07-12 16:00:00,17,10.78544,7.1765594
2014-07-12,2014-07-12 17:00:00,18,11.9827585,5.7393494
2014-07-12,2014-07-12 18:00:00,19,12.701149,5.524128
2014-07-12,2014-07-12 19:00:00,20,14.856322,4.482254
2014-07-12,2014-07-12 20:00:00,21,11.503832,6.819973
2014-07-12,2014-07-12 21:00:00,22,13.41954,6.8077316
2014-07-12,2014-07-12 22:00:00,23,16.05364,7.581333
2014-07-12,2014-07-12 23:00:00,24,14.377395,8.034161
2014-07-13,2014-07-13 00:00:00,1,17.729885,14.836239
2014-07-13,2014-07-13 01:00:00,2,17.250957,14.2480545
2014-07-13,2014-07-13 02:00:00,3,15.095785,13.414581
2014-07-13,2014-07-13 03:00:00,4,13.898467,13.635429
2014-07-13,2014-07-13 04:00:00,5,15.814177,13.929295
2014-07-13,2014-07-13 05:00:00,6,15.814177,13.271744
2014-07-13,2014-07-13 06:00:00,7,10.545977,13.465248
2014-07-13,2014-07-13 07:00:00,8,10.306514,12.638016
2014-07-13,2014-07-13 08:00:00,9,11.264368,10.809792
2014-07-13,2014-07-13 09:00:00,10,10.545977,11.30825
2014-07-13,2014-07-13 10:00:00,11,10.545977,11.1048355
2014-07-13,2014-07-13 11:00:00,12,11.264368,10.511875
2014-07-13,2014-07-13 12:00:00,13,10.545977,9.976627
2014-07-13,2014-07-13 13:00:00,14,10.306514,9.975784
2014-07-13,2014-07-13 14:00:00,15,11.9827585,10.780842
2014-07-13,2014-07-13 15:00:00,16,10.06705,10.297306
2014-07-13,2014-07-13 16:00:00,17,10.78544,9.719948
2014-07-13,2014-07-13 17:00:00,18,11.9827585,10.271984
2014-07-13,2014-07-13 18:00:00,19,9.827586,10.773739
2014-07-13,2014-07-13 19:00:00,20,10.78544,10.798443
2014-07-13,2014-07-13 20:00:00,21,11.024904,12.607796
2014-07-13,2014-07-13 21:00:00,22,12.701149,14.520725
2014-07-13,2014-07-13 22:00:00,23,15.814177,15.608765
2014-07-13,2014-07-13 23:00:00,24,13.898467,14.623543
2014-07-14,2014-07-14 00:00:00,1,14.856322,16.21243
2014-07-14,2014-07-14 01:00:00,2,16.293104,13.976978
2014-07-14,2014-07-14 02:00:00,3,14.377395,14.515633
2014-07-14,2014-07-14 03:00:00,4,13.659004,16.256203
2014-07-14,2014-07-14 04:00:00,5,15.814177,13.971661
2014-07-14,2014-07-14 05:00:00,6,16.05364,18.660835
2014-07-14,2014-07-14 06:00:00,7,9.827586,22.972198
2014-07-14,2014-07-14 07:00:00,8,10.545977,21.115479
2014-07-14,2014-07-14 08:00:00,9,22.52634,29.325256
2014-07-14,2014-07-14 09:00:00,10,23.007664,35.29071
2014-07-14,2014-07-14 10:00:00,11,27.078545,32.427914
2014-07-14,2014-07-14 11:00:00,12,27.55747,33.68503
2014-07-14,2014-07-14 12:00:00,13,28.275862,34.41605
2014-07-14,2014-07-14 13:00:00,14,25.402298,33.783653
2014-07-14,2014-07-14 14:00:00,15,31.867817,37.108345
2014-07-14,2014-07-14 15:00:00,16,29.712645,35.601646
2014-07-14,2014-07-14 16:00:00,17,46.96839,39.09793
2014-07-14,2014-07-14 17:00:00,18,51.283524,46.344704
2014-07-14,2014-07-14 18:00:00,19,42.41379,52.724373
2014-07-14,2014-07-14 19:00:00,20,39.061302,67.533516
2014-07-14,2014-07-14 20:00:00,21,41.934864,75.51146
2014-07-14,2014-07-14 21:00:00,22,52.24138,89.17564
2014-07-14,2014-07-14 22:00:00,23,63.024426,95.90683
2014-07-14,2014-07-14 23:00:00,24,74.52347,92.16116
2014-07-15,2014-07-15 00:00:00,1,77.638885,69.70803
2014-07-15,2014-07-15 01:00:00,2,46.731323,64.61442
2014-07-15,2014-07-15 02:00:00,3,18.929598,54.056953
2014-07-15,2014-07-15 03:00:00,4,17.011494,19.496151
2014-07-15,2014-07-15 04:00:00,5,18.448277,4.917759
2014-07-15,2014-07-15 05:00:00,6,16.293104,7.2170334
2014-07-15,2014-07-15 06:00:00,7,10.545977,13.081352
2014-07-15,2014-07-15 07:00:00,8,11.743295,28.831188
2014-07-15,2014-07-15 08:00:00,9,15.574713,33.09865
2014-07-15,2014-07-15 09:00:00,10,17.011494,27.763882
2014-07-15,2014-07-15 10:00:00,11,20.126915,22.682407
2014-07-15,2014-07-15 11:00:00,12,31.391283,22.508335
2014-07-15,2014-07-15 12:00:00,13,33.309387,27.267761
2014-07-15,2014-07-15 13:00:00,14,31.628353,32.62955
2014-07-15,2014-07-15 14:00:00,15,29.952106,32.741676
2014-07-15,2014-07-15 15:00:00,16,33.78592,33.78161
2014-07-15,2014-07-15 16:00:00,17,39.54023,32.75019
2014-07-15,2014-07-15 17:00:00,18,51.522987,34.769848
2014-07-15,2014-07-15 18:00:00,19,46.245213,39.46137
2014-07-15,2014-07-15 19:00:00,20,57.511974,42.809746
2014-07-15,2014-07-15 20:00:00,21,66.85824,51.878025
2014-07-15,2014-07-15 21:00:00,22,76.441574,67.14361
2014-07-15,2014-07-15 22:00:00,23,71.6499,75.343445
2014-07-15,2014-07-15 23:00:00,24,79.79885,79.02164
2014-07-16,2014-07-16 00:00:00,1,86.98276,74.28203
2014-07-16,2014-07-16 01:00:00,2,67.81609,67.9113
2014-07-16,2014-07-16 02:00:00,3,34.267242,53.766705
2014-07-16,2014-07-16 03:00:00,4,31.628353,18.4889
2014-07-16,2014-07-16 04:00:00,5,27.796934,7.375942
2014-07-16,2014-07-16 05:00:00,6,25.162836,11.026112
2014-07-16,2014-07-16 06:00:00,7,17.250957,17.413406
2014-07-16,2014-07-16 07:00:00,8,15.814177,34.141064
2014-07-16,2014-07-16 08:00:00,9,18.448277,33.38649
2014-07-16,2014-07-16 09:00:00,10,19.887451,29.18079
2014-07-16,2014-07-16 10:00:00,11,22.284483,24.103302
2014-07-16,2014-07-16 11:00:00,12,31.149426,23.29263
2014-07-16,2014-07-16 12:00:00,13,29.952106,28.668312
2014-07-16,2014-07-16 13:00:00,14,22.528736,33.043564
2014-07-16,2014-07-16 14:00:00,15,24.923372,34.649498
2014-07-16,2014-07-16 15:00:00,16,25.16044,35.303143
2014-07-16,2014-07-16 16:00:00,17,34.267242,35.219704
2014-07-16,2014-07-16 17:00:00,18,41.934864,35.813026
2014-07-16,2014-07-16 18:00:00,19,33.788315,43.025352
2014-07-16,2014-07-16 19:00:00,20,35.94588,56.380306
2014-07-16,2014-07-16 20:00:00,21,49.841953,69.89036
2014-07-16,2014-07-16 21:00:00,22,62.782566,85.32153
2014-07-16,2014-07-16 22:00:00,23,84.59291,89.07202
2014-07-16,2014-07-16 23:00:00,24,91.06322,84.334724
2014-07-17,2014-07-17 00:00:00,1,89.384575,87.7663
2014-07-17,2014-07-17 01:00:00,2,58.469826,83.66397
2014-07-17,2014-07-17 02:00:00,3,19.64799,72.64967
2014-07-17,2014-07-17 03:00:00,4,17.250957,34.791904
2014-07-17,2014-07-17 04:00:00,5,19.40613,19.142815
2014-07-17,2014-07-17 05:00:00,6,19.40613,18.754051
2014-07-17,2014-07-17 06:00:00,7,13.41954,24.996128
2014-07-17,2014-07-17 07:00:00,8,15.574713,43.600525
2014-07-17,2014-07-17 08:00:00,9,17.729885,47.361454
2014-07-17,2014-07-17 09:00:00,10,22.286877,37.63201
2014-07-17,2014-07-17 10:00:00,11,25.162836,27.590645
2014-07-17,2014-07-17 11:00:00,12,26.360153,23.790646
2014-07-17,2014-07-17 12:00:00,13,34.269634,27.883461
2014-07-17,2014-07-17 13:00:00,14,30.193966,31.794788
2014-07-17,2014-07-17 14:00:00,15,28.275862,32.136097
2014-07-17,2014-07-17 15:00:00,16,31.391283,34.191113
2014-07-17,2014-07-17 16:00:00,17,35.706417,32.38113
2014-07-17,2014-07-17 17:00:00,18,45.529213,35.623573
2014-07-17,2014-07-17 18:00:00,19,36.90134,38.769714
2014-07-17,2014-07-17 19:00:00,20,57.270115,43.506393
2014-07-17,2014-07-17 20:00:00,21,86.506226,57.129314
2014-07-17,2014-07-17 21:00:00,22,107.83525,77.905556
2014-07-17,2014-07-17 22:00:00,23,98.48659,89.38833
2014-07-17,2014-07-17 23:00:00,24,92.73946,90.66835
2014-07-18,2014-07-18 00:00:00,1,63.98228,86.754196
2014-07-18,2014-07-18 01:00:00,2,22.289272,81.370125
2014-07-18,2014-07-18 02:00:00,3,17.969349,72.48768
2014-07-18,2014-07-18 03:00:00,4,16.77203,34.31149
2014-07-18,2014-07-18 04:00:00,5,17.490421,17.23671
2014-07-18,2014-07-18 05:00:00,6,17.969349,15.243385
2014-07-18,2014-07-18 06:00:00,7,10.306514,17.046272
2014-07-18,2014-07-18 07:00:00,8,11.9827585,33.258366
2014-07-18,2014-07-18 08:00:00,9,15.814177,33.327507
2014-07-18,2014-07-18 09:00:00,10,75.96265,28.341034
2014-07-18,2014-07-18 10:00:00,11,89.62404,27.163261
2014-07-18,2014-07-18 11:00:00,12,99.44684,27.815205
2014-07-18,2014-07-18 12:00:00,13,84.11159,28.171478
2014-07-18,2014-07-18 13:00:00,14,63.02203,33.939198
2014-07-18,2014-07-18 14:00:00,15,56.072796,35.299618
2014-07-18,2014-07-18 15:00:00,16,36.42481,34.148365
2014-07-18,2014-07-18 16:00:00,17,29.712645,32.697746
2014-07-18,2014-07-18 17:00:00,18,35.94588,35.267246
2014-07-18,2014-07-18 18:00:00,19,48.168102,40.14436
2014-07-18,2014-07-18 19:00:00,20,55.59387,58.03704
2014-07-18,2014-07-18 20:00:00,21,62.30364,79.75244
2014-07-18,2014-07-18 21:00:00,22,81.95163,97.530716
2014-07-18,2014-07-18 22:00:00,23,75.244255,102.79625
2014-07-18,2014-07-18 23:00:00,24,71.64751,96.24847
2014-07-19,2014-07-19 00:00:00,1,50.325672,66.018524
2014-07-19,2014-07-19 01:00:00,2,30.675287,52.97937
2014-07-19,2014-07-19 02:00:00,3,20.126915,40.87256
2014-07-19,2014-07-19 03:00:00,4,19.645594,10.316952
2014-07-19,2014-07-19 04:00:00,5,19.166666,1.0783157
2014-07-19,2014-07-19 05:00:00,6,20.124521,2.3273315
2014-07-19,2014-07-19 06:00:00,7,14.856322,0.66109467
2014-07-19,2014-07-19 07:00:00,8,14.137931,-1.6221085
2014-07-19,2014-07-19 08:00:00,9,15.574713,-8.326271
2014-07-19,2014-07-19 09:00:00,10,12.461686,-8.179611
2014-07-19,2014-07-19 10:00:00,11,13.898467,-5.868355
2014-07-19,2014-07-19 11:00:00,12,14.137931,-9.260498
2014-07-19,2014-07-19 12:00:00,13,12.701149,-6.50679
2014-07-19,2014-07-19 13:00:00,14,11.743295,-4.0556183
2014-07-19,2014-07-19 14:00:00,15,12.701149,-5.935669
2014-07-19,2014-07-19 15:00:00,16,10.545977,-3.5055923
2014-07-19,2014-07-19 16:00:00,17,11.9827585,-3.2158432
2014-07-19,2014-07-19 17:00:00,18,13.180077,-3.4474487
2014-07-19,2014-07-19 18:00:00,19,10.78544,-3.3564758
2014-07-19,2014-07-19 19:00:00,20,12.222222,-5.8524246
2014-07-19,2014-07-19 20:00:00,21,10.545977,-2.9459534
2014-07-19,2014-07-19 21:00:00,22,13.898467,0.015785217
2014-07-19,2014-07-19 22:00:00,23,15.335249,0.09819031
2014-07-19,2014-07-19 23:00:00,24,13.41954,-0.12306976
2014-07-20,2014-07-20 00:00:00,1,15.574713,13.850891
2014-07-20,2014-07-20 01:00:00,2,17.011494,13.800892
2014-07-20,2014-07-20 02:00:00,3,13.898467,13.538898
2014-07-20,2014-07-20 03:00:00,4,13.41954,13.959934
2014-07-20,2014-07-20 04:00:00,5,15.095785,14.19643
2014-07-20,2014-07-20 05:00:00,6,15.574713,13.459553
2014-07-20,2014-07-20 06:00:00,7,9.588122,13.826847
2014-07-20,2014-07-20 07:00:00,8,10.306514,13.402576
2014-07-20,2014-07-20 08:00:00,9,11.743295,11.774818
2014-07-20,2014-07-20 09:00:00,10,9.588122,12.707039
2014-07-20,2014-07-20 10:00:00,11,11.503832,12.359676
2014-07-20,2014-07-20 11:00:00,12,11.9827585,11.013981
2014-07-20,2014-07-20 12:00:00,13,10.306514,10.4425125
2014-07-20,2014-07-20 13:00:00,14,11.503832,10.211231
2014-07-20,2014-07-20 14:00:00,15,12.461686,10.752281
2014-07-20,2014-07-20 15:00:00,16,10.78544,10.220165
2014-07-20,2014-07-20 16:00:00,17,11.503832,10.041447
2014-07-20,2014-07-20 17:00:00,18,13.659004,10.525341
2014-07-20,2014-07-20 18:00:00,19,11.024904,10.439899
2014-07-20,2014-07-20 19:00:00,20,11.503832,9.831726
2014-07-20,2014-07-20 20:00:00,21,10.78544,11.242912
2014-07-20,2014-07-20 21:00:00,22,14.377395,13.272713
2014-07-20,2014-07-20 22:00:00,23,15.095785,14.915108
2014-07-20,2014-07-20 23:00:00,24,14.137931,14.555439
2014-07-21,2014-07-21 00:00:00,1,15.095785,16.039307
2014-07-21,2014-07-21 01:00:00,2,15.814177,13.655972
2014-07-21,2014-07-21 02:00:00,3,15.095785,13.913284
2014-07-21,2014-07-21 03:00:00,4,12.940613,15.561241
2014-07-21,2014-07-21 04:00:00,5,14.6168585,15.449112
2014-07-21,2014-07-21 05:00:00,6,15.335249,17.538967
2014-07-21,2014-07-21 06:00:00,7,9.109196,16.68563
2014-07-21,2014-07-21 07:00:00,8,10.545977,17.469013
2014-07-21,2014-07-21 08:00:00,9,16.05364,25.122837
2014-07-21,2014-07-21 09:00:00,10,20.368774,29.973724
2014-07-21,2014-07-21 10:00:00,11,21.566092,30.36568
2014-07-21,2014-07-21 11:00:00,12,21.326628,32.153496
2014-07-21,2014-07-21 12:00:00,13,21.087164,32.243668
2014-07-21,2014-07-21 13:00:00,14,19.64799,34.054485
2014-07-21,2014-07-21 14:00:00,15,21.326628,39.598198
2014-07-21,2014-07-21 15:00:00,16,17.011494,34.64098
2014-07-21,2014-07-21 16:00:00,17,21.803162,34.576714
2014-07-21,2014-07-21 17:00:00,18,36.18295,37.615387
2014-07-21,2014-07-21 18:00:00,19,28.515326,39.314655
2014-07-21,2014-07-21 19:00:00,20,26.360153,49.439674
2014-07-21,2014-07-21 20:00:00,21,43.85297,59.756138
2014-07-21,2014-07-21 21:00:00,22,96.81035,75.796455
2014-07-21,2014-07-21 22:00:00,23,92.97893,90.130486
2014-07-21,2014-07-21 23:00:00,24,89.38219,93.10237
2014-07-22,2014-07-22 00:00:00,1,85.78544,88.29935
2014-07-22,2014-07-22 01:00:00,2,47.207855,63.782604
2014-07-22,2014-07-22 02:00:00,3,14.856322,36.412422
2014-07-22,2014-07-22 03:00:00,4,14.6168585,22.791924
2014-07-22,2014-07-22 04:00:00,5,15.814177,17.745598
2014-07-22,2014-07-22 05:00:00,6,16.05364,17.47403
2014-07-22,2014-07-22 06:00:00,7,9.348659,33.491714
2014-07-22,2014-07-22 07:00:00,8,10.78544,38.790077
2014-07-22,2014-07-22 08:00:00,9,19.889847,29.753414
2014-07-22,2014-07-22 09:00:00,10,22.7682,17.734276
2014-07-22,2014-07-22 10:00:00,11,33.54885,20.526192
2014-07-22,2014-07-22 11:00:00,12,37.62452,29.408424
2014-07-22,2014-07-22 12:00:00,13,35.948277,28.222824
2014-07-22,2014-07-22 13:00:00,14,36.185345,25.889828
2014-07-22,2014-07-22 14:00:00,15,33.30699,29.33646
2014-07-22,2014-07-22 15:00:00,16,32.10728,38.869003
2014-07-22,2014-07-22 16:00:00,17,39.061302,34.461525
2014-07-22,2014-07-22 17:00:00,18,54.87548,36.362656
2014-07-22,2014-07-22 18:00:00,19,47.207855,36.6687
2014-07-22,2014-07-22 19:00:00,20,41.45594,20.993351
2014-07-22,2014-07-22 20:00:00,21,47.44971,43.066895
2014-07-22,2014-07-22 21:00:00,22,93.215996,74.8484
2014-07-22,2014-07-22 22:00:00,23,88.18487,77.12213
2014-07-22,2014-07-22 23:00:00,24,85.06705,77.75362
2014-07-23,2014-07-23 00:00:00,1,83.86973,77.17751
2014-07-23,2014-07-23 01:00:00,2,58.711685,71.69952
2014-07-23,2014-07-23 02:00:00,3,30.43343,64.0837
2014-07-23,2014-07-23 03:00:00,4,25.402298,19.406246
2014-07-23,2014-07-23 04:00:00,5,22.7682,-0.1254425
2014-07-23,2014-07-23 05:00:00,6,21.087164,3.2565918
2014-07-23,2014-07-23 06:00:00,7,13.898467,8.477436
2014-07-23,2014-07-23 07:00:00,8,13.180077,28.278465
2014-07-23,2014-07-23 08:00:00,9,17.250957,33.781483
2014-07-23,2014-07-23 09:00:00,10,15.574713,28.402958
2014-07-23,2014-07-23 10:00:00,11,17.969349,20.662285
2014-07-23,2014-07-23 11:00:00,12,20.126915,20.822372
2014-07-23,2014-07-23 12:00:00,13,19.169062,27.660244
2014-07-23,2014-07-23 13:00:00,14,17.250957,31.974522
2014-07-23,2014-07-23 14:00:00,15,24.202587,33.762695
2014-07-23,2014-07-23 15:00:00,16,24.20498,35.482002
2014-07-23,2014-07-23 16:00:00,17,27.078545,33.566982
2014-07-23,2014-07-23 17:00:00,18,40.73755,35.45945
2014-07-23,2014-07-23 18:00:00,19,31.87021,38.197884
2014-07-23,2014-07-23 19:00:00,20,28.75479,45.91729
2014-07-23,2014-07-23 20:00:00,21,30.43343,61.555103
2014-07-23,2014-07-23 21:00:00,22,56.791187,79.56198
2014-07-23,2014-07-23 22:00:00,23,80.993774,90.62845
2014-07-23,2014-07-23 23:00:00,24,81.235634,89.91145
2014-07-24,2014-07-24 00:00:00,1,84.58812,77.38463
2014-07-24,2014-07-24 01:00:00,2,75.002396,75.7007
2014-07-24,2014-07-24 02:00:00,3,25.162836,71.12792
2014-07-24,2014-07-24 03:00:00,4,18.448277,38.91232
2014-07-24,2014-07-24 04:00:00,5,20.126915,20.785423
2014-07-24,2014-07-24 05:00:00,6,20.605843,15.629581
2014-07-24,2014-07-24 06:00:00,7,12.461686,19.143513
2014-07-24,2014-07-24 07:00:00,8,11.264368,36.949245
2014-07-24,2014-07-24 08:00:00,9,14.856322,44.404472
2014-07-24,2014-07-24 09:00:00,10,20.12931,38.247192
2014-07-24,2014-07-24 10:00:00,11,23.726053,25.650562
2014-07-24,2014-07-24 11:00:00,12,26.12069,19.607292
2014-07-24,2014-07-24 12:00:00,13,30.19157,23.32964
2014-07-24,2014-07-24 13:00:00,14,33.067528,25.162426
2014-07-24,2014-07-24 14:00:00,15,31.867817,26.246708
2014-07-24,2014-07-24 15:00:00,16,26.599617,28.262867
2014-07-24,2014-07-24 16:00:00,17,30.193966,27.126461
2014-07-24,2014-07-24 17:00:00,18,34.025383,30.22118
2014-07-24,2014-07-24 18:00:00,19,26.12069,32.73959
2014-07-24,2014-07-24 19:00:00,20,25.641762,35.24677
2014-07-24,2014-07-24 20:00:00,21,52.71791,45.231438
2014-07-24,2014-07-24 21:00:00,22,86.26676,65.18092
2014-07-24,2014-07-24 22:00:00,23,96.33142,80.55159
2014-07-24,2014-07-24 23:00:00,24,94.655174,84.8943
2014-07-25,2014-07-25 00:00:00,1,96.33142,88.58533
2014-07-25,2014-07-25 01:00:00,2,74.76533,81.36842
2014-07-25,2014-07-25 02:00:00,3,21.326628,82.8802
2014-07-25,2014-07-25 03:00:00,4,17.490421,64.764626
2014-07-25,2014-07-25 04:00:00,5,16.77203,28.35392
2014-07-25,2014-07-25 05:00:00,6,17.011494,12.774376
2014-07-25,2014-07-25 06:00:00,7,12.461686,13.2029
2014-07-25,2014-07-25 07:00:00,8,20.847702,17.031796
2014-07-25,2014-07-25 08:00:00,9,63.26389,30.658295
2014-07-25,2014-07-25 09:00:00,10,81.4751,39.207657
2014-07-25,2014-07-25 10:00:00,11,80.99617,34.363083
2014-07-25,2014-07-25 11:00:00,12,86.748085,32.19163
2014-07-25,2014-07-25 12:00:00,13,65.65852,28.979263
2014-07-25,2014-07-25 13:00:00,14,29.952106,29.946003
2014-07-25,2014-07-25 14:00:00,15,31.630747,31.716293
2014-07-25,2014-07-25 15:00:00,16,30.431034,32.37426
2014-07-25,2014-07-25 16:00:00,17,36.422413,29.389885
2014-07-25,2014-07-25 17:00:00,18,53.67816,28.187405
2014-07-25,2014-07-25 18:00:00,19,44.329502,28.18406
2014-07-25,2014-07-25 19:00:00,20,33.069923,41.34867
2014-07-25,2014-07-25 20:00:00,21,41.216476,62.634987
2014-07-25,2014-07-25 21:00:00,22,91.06082,88.71858
2014-07-25,2014-07-25 22:00:00,23,90.58429,102.75752
2014-07-25,2014-07-25 23:00:00,24,95.373566,100.11686
2014-07-26,2014-07-26 00:00:00,1,94.89464,89.91646
2014-07-26,2014-07-26 01:00:00,2,57.990902,82.00859
2014-07-26,2014-07-26 02:00:00,3,14.6168585,77.95824
2014-07-26,2014-07-26 03:00:00,4,13.180077,43.00251
2014-07-26,2014-07-26 04:00:00,5,14.6168585,17.424473
2014-07-26,2014-07-26 05:00:00,6,15.574713,10.157619
2014-07-26,2014-07-26 06:00:00,7,10.06705,1.9439468
2014-07-26,2014-07-26 07:00:00,8,10.306514,4.158844
2014-07-26,2014-07-26 08:00:00,9,10.545977,3.3675766
2014-07-26,2014-07-26 09:00:00,10,9.827586,2.5693817
2014-07-26,2014-07-26 10:00:00,11,11.024904,5.341404
2014-07-26,2014-07-26 11:00:00,12,11.743295,2.7402878
2014-07-26,2014-07-26 12:00:00,13,10.78544,5.453472
2014-07-26,2014-07-26 13:00:00,14,11.024904,10.259354
2014-07-26,2014-07-26 14:00:00,15,12.701149,4.357174
2014-07-26,2014-07-26 15:00:00,16,11.264368,7.5744133
2014-07-26,2014-07-26 16:00:00,17,11.503832,11.603573
2014-07-26,2014-07-26 17:00:00,18,12.461686,8.285191
2014-07-26,2014-07-26 18:00:00,19,10.78544,5.588135
2014-07-26,2014-07-26 19:00:00,20,16.532568,3.0460281
2014-07-26,2014-07-26 20:00:00,21,15.814177,2.7114334
2014-07-26,2014-07-26 21:00:00,22,15.095785,7.890877
2014-07-26,2014-07-26 22:00:00,23,14.856322,10.268051
2014-07-26,2014-07-26 23:00:00,24,14.856322,7.082527
2014-07-27,2014-07-27 00:00:00,1,15.814177,15.331581
2014-07-27,2014-07-27 01:00:00,2,16.293104,14.9312935
2014-07-27,2014-07-27 02:00:00,3,14.137931,14.255882
2014-07-27,2014-07-27 03:00:00,4,13.41954,14.384369
2014-07-27,2014-07-27 04:00:00,5,15.335249,14.403473
2014-07-27,2014-07-27 05:00:00,6,16.05364,13.788052
2014-07-27,2014-07-27 06:00:00,7,10.545977,13.9603195
2014-07-27,2014-07-27 07:00:00,8,11.264368,12.963909
2014-07-27,2014-07-27 08:00:00,9,11.024904,11.350613
2014-07-27,2014-07-27 09:00:00,10,9.827586,11.897339
2014-07-27,2014-07-27 10:00:00,11,10.306514,11.486271
2014-07-27,2014-07-27 11:00:00,12,11.024904,10.710632
2014-07-27,2014-07-27 12:00:00,13,11.264368,10.374203
2014-07-27,2014-07-27 13:00:00,14,11.743295,10.23782
2014-07-27,2014-07-27 14:00:00,15,11.9827585,11.475529
2014-07-27,2014-07-27 15:00:00,16,11.264368,10.804665
2014-07-27,2014-07-27 16:00:00,17,11.9827585,10.481686
2014-07-27,2014-07-27 17:00:00,18,12.461686,10.905628
2014-07-27,2014-07-27 18:00:00,19,10.545977,11.135231
2014-07-27,2014-07-27 19:00:00,20,11.9827585,11.059891
2014-07-27,2014-07-27 20:00:00,21,11.264368,12.829273
2014-07-27,2014-07-27 21:00:00,22,15.095785,15.037243
2014-07-27,2014-07-27 22:00:00,23,14.856322,16.505322
2014-07-27,2014-07-27 23:00:00,24,14.377395,15.749733
2014-07-28,2014-07-28 00:00:00,1,16.532568,16.667686
2014-07-28,2014-07-28 01:00:00,2,16.05364,14.0758705
2014-07-28,2014-07-28 02:00:00,3,14.6168585,14.182034
2014-07-28,2014-07-28 03:00:00,4,12.701149,15.922314
2014-07-28,2014-07-28 04:00:00,5,14.856322,15.033058
2014-07-28,2014-07-28 05:00:00,6,16.293104,17.911797
2014-07-28,2014-07-28 06:00:00,7,10.06705,18.309395
2014-07-28,2014-07-28 07:00:00,8,18.213602,18.855236
2014-07-28,2014-07-28 08:00:00,9,72.12883,26.830639
2014-07-28,2014-07-28 09:00:00,10,83.151344,30.64288
2014-07-28,2014-07-28 10:00:00,11,85.787834,30.309326
2014-07-28,2014-07-28 11:00:00,12,74.2864,31.948666
2014-07-28,2014-07-28 12:00:00,13,29.47318,32.04216
2014-07-28,2014-07-28 13:00:00,14,29.233717,33.79137
2014-07-28,2014-07-28 14:00:00,15,28.75479,38.931953
2014-07-28,2014-07-28 15:00:00,16,30.19157,34.47569
2014-07-28,2014-07-28 16:00:00,17,31.87021,34.77513
2014-07-28,2014-07-28 17:00:00,18,46.96839,38.220528
2014-07-28,2014-07-28 18:00:00,19,38.103447,41.291912
2014-07-28,2014-07-28 19:00:00,20,34.267242,52.188118
2014-07-28,2014-07-28 20:00:00,21,57.27251,61.671944
2014-07-28,2014-07-28 21:00:00,22,98.24712,77.00993
2014-07-28,2014-07-28 22:00:00,23,97.049805,89.140366
2014-07-28,2014-07-28 23:00:00,24,102.804115,90.56369
2014-07-29,2014-07-29 00:00:00,1,101.123085,92.90423
2014-07-29,2014-07-29 01:00:00,2,99.92337,86.866165
2014-07-29,2014-07-29 02:00:00,3,22.042625,88.81117
2014-07-29,2014-07-29 03:00:00,4,18.208813,53.396454
2014-07-29,2014-07-29 04:00:00,5,19.166666,15.051292
2014-07-29,2014-07-29 05:00:00,6,19.166666,10.560173
2014-07-29,2014-07-29 06:00:00,7,13.898467,14.643005
2014-07-29,2014-07-29 07:00:00,8,13.41954,26.71178
2014-07-29,2014-07-29 08:00:00,9,26.118296,44.725174
2014-07-29,2014-07-29 09:00:00,10,38.103447,49.389084
2014-07-29,2014-07-29 10:00:00,11,38.582375,46.112885
2014-07-29,2014-07-29 11:00:00,12,42.416187,48.666603
2014-07-29,2014-07-29 12:00:00,13,44.329502,43.097454
2014-07-29,2014-07-29 13:00:00,14,41.695404,47.341316
2014-07-29,2014-07-29 14:00:00,15,42.653255,47.042946
2014-07-29,2014-07-29 15:00:00,16,40.73755,46.72719
2014-07-29,2014-07-29 16:00:00,17,38.103447,42.70335
2014-07-29,2014-07-29 17:00:00,18,46.726532,34.400055
2014-07-29,2014-07-29 18:00:00,19,35.70402,35.73725
2014-07-29,2014-07-29 19:00:00,20,60.38793,57.419483
2014-07-29,2014-07-29 20:00:00,21,86.74329,77.15266
2014-07-29,2014-07-29 21:00:00,22,90.82136,98.38549
2014-07-29,2014-07-29 22:00:00,23,88.421936,107.860695
2014-07-29,2014-07-29 23:00:00,24,90.81896,102.534515
2014-07-30,2014-07-30 00:00:00,1,95.85249,83.0721
2014-07-30,2014-07-30 01:00:00,2,75.002396,79.63507
2014-07-30,2014-07-30 02:00:00,3,17.729885,80.066795
2014-07-30,2014-07-30 03:00:00,4,16.05364,50.07646
2014-07-30,2014-07-30 04:00:00,5,18.448277,21.451778
2014-07-30,2014-07-30 05:00:00,6,17.490421,15.651005
2014-07-30,2014-07-30 06:00:00,7,12.701149,18.759663
2014-07-30,2014-07-30 07:00:00,8,12.940613,32.201645
2014-07-30,2014-07-30 08:00:00,9,34.509098,42.42511
2014-07-30,2014-07-30 09:00:00,10,37.62452,47.881386
2014-07-30,2014-07-30 10:00:00,11,40.73755,40.53282
2014-07-30,2014-07-30 11:00:00,12,28.038794,36.704315
2014-07-30,2014-07-30 12:00:00,13,28.996647,37.933548
2014-07-30,2014-07-30 13:00:00,14,26.83908,41.164135
2014-07-30,2014-07-30 14:00:00,15,22.765804,41.84558
2014-07-30,2014-07-30 15:00:00,16,35.225098,40.50032
2014-07-30,2014-07-30 16:00:00,17,46.48707,38.049835
2014-07-30,2014-07-30 17:00:00,18,53.199234,39.610184
2014-07-30,2014-07-30 18:00:00,19,44.568966,49.04065
2014-07-30,2014-07-30 19:00:00,20,47.92385,69.27964
2014-07-30,2014-07-30 20:00:00,21,79.55939,87.088066
2014-07-30,2014-07-30 21:00:00,22,100.88362,102.129364
2014-07-30,2014-07-30 22:00:00,23,101.12548,104.192726
2014-07-30,2014-07-30 23:00:00,24,102.083336,99.76047
2014-07-31,2014-07-31 00:00:00,1,100.162834,94.74005
2014-07-31,2014-07-31 01:00:00,2,97.28927,90.9866
2014-07-31,2014-07-31 02:00:00,3,19.887451,85.016075
2014-07-31,2014-07-31 03:00:00,4,17.490421,43.253258
2014-07-31,2014-07-31 04:00:00,5,18.448277,19.65826
2014-07-31,2014-07-31 05:00:00,6,19.40613,17.802963
2014-07-31,2014-07-31 06:00:00,7,13.180077,20.958633
2014-07-31,2014-07-31 07:00:00,8,14.137931,39.6187
2014-07-31,2014-07-31 08:00:00,9,37.1432,46.652115
2014-07-31,2014-07-31 09:00:00,10,48.163315,44.024094
2014-07-31,2014-07-31 10:00:00,11,47.207855,36.429367
2014-07-31,2014-07-31 11:00:00,12,45.287357,33.485527
2014-07-31,2014-07-31 12:00:00,13,44.80843,37.292824
2014-07-31,2014-07-31 13:00:00,14,48.642242,42.60012
2014-07-31,2014-07-31 14:00:00,15,74.2864,43.40185
2014-07-31,2014-07-31 15:00:00,16,76.92289,44.683403
2014-07-31,2014-07-31 16:00:00,17,83.39081,40.757423
2014-07-31,2014-07-31 17:00:00,18,92.5,40.981483
2014-07-31,2014-07-31 18:00:00,19,78.11781,48.060738
2014-07-31,2014-07-31 19:00:00,20,104.95929,64.33601
2014-07-31,2014-07-31 20:00:00,21,112.86398,82.919586
2014-07-31,2014-07-31 21:00:00,22,109.5115,103.763985
2014-07-31,2014-07-31 22:00:00,23,106.877396,111.75769
2014-07-31,2014-07-31 23:00:00,24,100.64416,106.64555
2014-08-01,2014-08-01 00:00:00,1,101.60441,97.86173
2014-08-01,2014-08-01 01:00:00,2,56.070404,93.20442
2014-08-01,2014-08-01 02:00:00,3,25.881226,87.482765
2014-08-01,2014-08-01 03:00:00,4,21.08956,56.56725
2014-08-01,2014-08-01 04:00:00,5,20.605843,28.905628
2014-08-01,2014-08-01 05:00:00,6,18.208813,17.2711
2014-08-01,2014-08-01 06:00:00,7,13.180077,8.937309
2014-08-01,2014-08-01 07:00:00,8,33.069923,22.76775
2014-08-01,2014-08-01 08:00:00,9,81.71456,39.65599
2014-08-01,2014-08-01 09:00:00,10,83.86973,59.201756
2014-08-01,2014-08-01 10:00:00,11,85.78544,64.18813
2014-08-01,2014-08-01 11:00:00,12,86.264366,64.73059
2014-08-01,2014-08-01 12:00:00,13,87.22222,66.64925
2014-08-01,2014-08-01 13:00:00,14,43.613506,68.73486
2014-08-01,2014-08-01 14:00:00,15,33.788315,70.138504
2014-08-01,2014-08-01 15:00:00,16,36.666668,65.26705
2014-08-01,2014-08-01 16:00:00,17,43.85297,63.727867
2014-08-01,2014-08-01 17:00:00,18,57.270115,68.80269
2014-08-01,2014-08-01 18:00:00,19,49.363026,75.98145
2014-08-01,2014-08-01 19:00:00,20,63.503353,83.69043
2014-08-01,2014-08-01 20:00:00,21,99.6887,91.1334
2014-08-01,2014-08-01 21:00:00,22,107.35632,101.37785
2014-08-01,2014-08-01 22:00:00,23,103.28304,103.4319
2014-08-01,2014-08-01 23:00:00,24,99.92337,98.20775
2014-08-02,2014-08-02 00:00:00,1,99.20498,90.10013
2014-08-02,2014-08-02 01:00:00,2,78.8386,54.908134
2014-08-02,2014-08-02 02:00:00,3,24.920977,28.906837
2014-08-02,2014-08-02 03:00:00,4,14.856322,14.506134
2014-08-02,2014-08-02 04:00:00,5,16.532568,8.55769
2014-08-02,2014-08-02 05:00:00,6,16.05364,7.414562
2014-08-02,2014-08-02 06:00:00,7,11.264368,8.852673
2014-08-02,2014-08-02 07:00:00,8,11.9827585,-0.06487274
2014-08-02,2014-08-02 08:00:00,9,11.503832,-6.336113
2014-08-02,2014-08-02 09:00:00,10,10.545977,-2.2176895
2014-08-02,2014-08-02 10:00:00,11,12.222222,2.0293503
2014-08-02,2014-08-02 11:00:00,12,13.180077,-2.075531
2014-08-02,2014-08-02 12:00:00,13,12.222222,-1.8569489
2014-08-02,2014-08-02 13:00:00,14,12.222222,2.839798
2014-08-02,2014-08-02 14:00:00,15,13.659004,2.645279
2014-08-02,2014-08-02 15:00:00,16,11.9827585,0.8335495
2014-08-02,2014-08-02 16:00:00,17,12.701149,-0.34749603
2014-08-02,2014-08-02 17:00:00,18,13.898467,-1.3799133
2014-08-02,2014-08-02 18:00:00,19,11.743295,-1.0759048
2014-08-02,2014-08-02 19:00:00,20,12.461686,-2.8354645
2014-08-02,2014-08-02 20:00:00,21,11.9827585,2.234848
2014-08-02,2014-08-02 21:00:00,22,16.05364,8.466503
2014-08-02,2014-08-02 22:00:00,23,16.77203,6.120041
2014-08-02,2014-08-02 23:00:00,24,15.095785,4.4123497
2014-08-03,2014-08-03 00:00:00,1,16.293104,15.565746
2014-08-03,2014-08-03 01:00:00,2,17.250957,14.985157
2014-08-03,2014-08-03 02:00:00,3,15.574713,14.301422
2014-08-03,2014-08-03 03:00:00,4,14.6168585,14.618202
2014-08-03,2014-08-03 04:00:00,5,16.293104,15.048611
2014-08-03,2014-08-03 05:00:00,6,17.011494,14.410332
2014-08-03,2014-08-03 06:00:00,7,13.180077,14.520008
2014-08-03,2014-08-03 07:00:00,8,11.264368,13.728798
2014-08-03,2014-08-03 08:00:00,9,12.222222,11.729446
2014-08-03,2014-08-03 09:00:00,10,11.743295,12.205463
2014-08-03,2014-08-03 10:00:00,11,12.222222,12.006142
2014-08-03,2014-08-03 11:00:00,12,12.701149,11.079754
2014-08-03,2014-08-03 12:00:00,13,12.222222,10.4698105
2014-08-03,2014-08-03 13:00:00,14,12.461686,10.595833
2014-08-03,2014-08-03 14:00:00,15,13.180077,11.015137
2014-08-03,2014-08-03 15:00:00,16,12.701149,10.706966
2014-08-03,2014-08-03 16:00:00,17,12.940613,10.209007
2014-08-03,2014-08-03 17:00:00,18,13.898467,10.973385
2014-08-03,2014-08-03 18:00:00,19,11.9827585,11.463867
2014-08-03,2014-08-03 19:00:00,20,12.222222,11.46764
2014-08-03,2014-08-03 20:00:00,21,11.743295,13.157314
2014-08-03,2014-08-03 21:00:00,22,16.05364,14.968975
2014-08-03,2014-08-03 22:00:00,23,15.335249,16.086525
2014-08-03,2014-08-03 23:00:00,24,14.6168585,15.237423
2014-08-04,2014-08-04 00:00:00,1,16.05364,16.569695
2014-08-04,2014-08-04 01:00:00,2,16.532568,15.145546
2014-08-04,2014-08-04 02:00:00,3,14.137931,17.044613
2014-08-04,2014-08-04 03:00:00,4,13.180077,18.605324
2014-08-04,2014-08-04 04:00:00,5,15.574713,16.463558
2014-08-04,2014-08-04 05:00:00,6,16.05364,20.14495
2014-08-04,2014-08-04 06:00:00,7,10.78544,24.039028
2014-08-04,2014-08-04 07:00:00,8,11.024904,21.721806
2014-08-04,2014-08-04 08:00:00,9,14.6168585,29.451546
2014-08-04,2014-08-04 09:00:00,10,12.701149,38.27459
2014-08-04,2014-08-04 10:00:00,11,15.095785,36.00241
2014-08-04,2014-08-04 11:00:00,12,20.366379,36.825066
2014-08-04,2014-08-04 12:00:00,13,30.431034,36.53949
2014-08-04,2014-08-04 13:00:00,14,31.149426,34.04107
2014-08-04,2014-08-04 14:00:00,15,31.628353,37.204334
2014-08-04,2014-08-04 15:00:00,16,28.036398,36.378693
2014-08-04,2014-08-04 16:00:00,17,31.15182,40.24638
2014-08-04,2014-08-04 17:00:00,18,47.20546,48.99595
2014-08-04,2014-08-04 18:00:00,19,41.45594,55.823463
2014-08-04,2014-08-04 19:00:00,20,36.185345,72.181335
2014-08-04,2014-08-04 20:00:00,21,58.467434,82.27174
2014-08-04,2014-08-04 21:00:00,22,97.049805,95.78886
2014-08-04,2014-08-04 22:00:00,23,93.457855,101.31811
2014-08-04,2014-08-04 23:00:00,24,99.20498,97.10774
2014-08-05,2014-08-05 00:00:00,1,101.60201,93.494736
2014-08-05,2014-08-05 01:00:00,2,90.34004,73.94466
2014-08-05,2014-08-05 02:00:00,3,20.12931,52.73575
2014-08-05,2014-08-05 03:00:00,4,19.166666,30.125607
2014-08-05,2014-08-05 04:00:00,5,20.608238,21.692654
2014-08-05,2014-08-05 05:00:00,6,20.368774,23.655811
2014-08-05,2014-08-05 06:00:00,7,14.137931,34.266212
2014-08-05,2014-08-05 07:00:00,8,13.659004,41.83441
2014-08-05,2014-08-05 08:00:00,9,25.639368,38.296608
2014-08-05,2014-08-05 09:00:00,10,51.76245,30.394604
2014-08-05,2014-08-05 10:00:00,11,53.917625,32.580185
2014-08-05,2014-08-05 11:00:00,12,61.34818,40.693977
2014-08-05,2014-08-05 12:00:00,13,59.185825,43.592125
2014-08-05,2014-08-05 13:00:00,14,56.551723,42.490543
2014-08-05,2014-08-05 14:00:00,15,56.072796,42.4321
2014-08-05,2014-08-05 15:00:00,16,53.67816,50.68121
2014-08-05,2014-08-05 16:00:00,17,52.720306,52.800232
2014-08-05,2014-08-05 17:00:00,18,75.96265,54.414284
2014-08-05,2014-08-05 18:00:00,19,66.37931,50.823948
2014-08-05,2014-08-05 19:00:00,20,67.09531,32.989357
2014-08-05,2014-08-05 20:00:00,21,89.62404,40.89809
2014-08-05,2014-08-05 21:00:00,22,101.84387,67.80339
2014-08-05,2014-08-05 22:00:00,23,100.16523,81.04111
2014-08-05,2014-08-05 23:00:00,24,96.09196,84.28591
2014-08-06,2014-08-06 00:00:00,1,94.89464,87.14588
2014-08-06,2014-08-06 01:00:00,2,83.87452,79.465904
2014-08-06,2014-08-06 02:00:00,3,17.969349,78.78499
2014-08-06,2014-08-06 03:00:00,4,15.814177,45.510017
2014-08-06,2014-08-06 04:00:00,5,16.05364,9.274868
2014-08-06,2014-08-06 05:00:00,6,16.77203,2.9757614
2014-08-06,2014-08-06 06:00:00,7,11.503832,-0.43089294
2014-08-06,2014-08-06 07:00:00,8,11.743295,8.878468
2014-08-06,2014-08-06 08:00:00,9,20.850096,30.334679
2014-08-06,2014-08-06 09:00:00,10,18.929598,48.184498
2014-08-06,2014-08-06 10:00:00,11,17.011494,47.20339
2014-08-06,2014-08-06 11:00:00,12,18.448277,48.16691
2014-08-06,2014-08-06 12:00:00,13,20.608238,49.654263
2014-08-06,2014-08-06 13:00:00,14,19.408525,47.7246
2014-08-06,2014-08-06 14:00:00,15,18.211206,55.515747
2014-08-06,2014-08-06 15:00:00,16,18.208813,55.0971
2014-08-06,2014-08-06 16:00:00,17,23.484196,51.163628
2014-08-06,2014-08-06 17:00:00,18,48.644634,52.49029
2014-08-06,2014-08-06 18:00:00,19,39.300766,55.045433
2014-08-06,2014-08-06 19:00:00,20,55.11494,65.07581
2014-08-06,2014-08-06 20:00:00,21,80.99617,76.804016
2014-08-06,2014-08-06 21:00:00,22,82.19349,87.38278
2014-08-06,2014-08-06 22:00:00,23,78.840996,93.99431
2014-08-06,2014-08-06 23:00:00,24,98.48659,93.50789
2014-08-07,2014-08-07 00:00:00,1,99.68391,96.3289
2014-08-07,2014-08-07 01:00:00,2,96.56849,89.452805
2014-08-07,2014-08-07 02:00:00,3,20.12931,68.29343
2014-08-07,2014-08-07 03:00:00,4,19.40613,26.877625
2014-08-07,2014-08-07 04:00:00,5,19.64799,18.195831
2014-08-07,2014-08-07 05:00:00,6,18.208813,23.009537
2014-08-07,2014-08-07 06:00:00,7,14.6168585,28.330776
2014-08-07,2014-08-07 07:00:00,8,12.222222,46.2891
2014-08-07,2014-08-07 08:00:00,9,17.250957,40.82547
2014-08-07,2014-08-07 09:00:00,10,27.555077,32.062443
2014-08-07,2014-08-07 10:00:00,11,31.630747,31.91692
2014-08-07,2014-08-07 11:00:00,12,34.506706,25.385395
2014-08-07,2014-08-07 12:00:00,13,30.670498,27.649307
2014-08-07,2014-08-07 13:00:00,14,26.599617,36.96961
2014-08-07,2014-08-07 14:00:00,15,23.007664,31.7346
2014-08-07,2014-08-07 15:00:00,16,22.286877,31.590435
2014-08-07,2014-08-07 16:00:00,17,33.788315,33.768787
2014-08-07,2014-08-07 17:00:00,18,34.985634,34.128487
2014-08-07,2014-08-07 18:00:00,19,31.38889,45.84189
2014-08-07,2014-08-07 19:00:00,20,61.82232,68.50867
2014-08-07,2014-08-07 20:00:00,21,92.255745,81.41167
2014-08-07,2014-08-07 21:00:00,22,106.877396,94.57303
2014-08-07,2014-08-07 22:00:00,23,99.44684,97.6467
2014-08-07,2014-08-07 23:00:00,24,98.24712,95.29646
2014-08-08,2014-08-08 00:00:00,1,95.1341,96.4141
2014-08-08,2014-08-08 01:00:00,2,95.1341,83.20807
2014-08-08,2014-08-08 02:00:00,3,63.979885,55.23295
2014-08-08,2014-08-08 03:00:00,4,17.969349,19.602524
2014-08-08,2014-08-08 04:00:00,5,18.448277,14.008198
2014-08-08,2014-08-08 05:00:00,6,19.64799,18.535759
2014-08-08,2014-08-08 06:00:00,7,13.659004,27.43966
2014-08-08,2014-08-08 07:00:00,8,14.377395,45.401146
2014-08-08,2014-08-08 08:00:00,9,19.169062,38.7269
2014-08-08,2014-08-08 09:00:00,10,18.690134,29.486858
2014-08-08,2014-08-08 10:00:00,11,22.047413,32.023907
2014-08-08,2014-08-08 11:00:00,12,29.233717,26.11832
2014-08-08,2014-08-08 12:00:00,13,29.712645,29.119465
2014-08-08,2014-08-08 13:00:00,14,28.75479,36.608257
2014-08-08,2014-08-08 14:00:00,15,34.267242,32.44856
2014-08-08,2014-08-08 15:00:00,16,37.145596,33.459538
2014-08-08,2014-08-08 16:00:00,17,41.93726,32.76793
2014-08-08,2014-08-08 17:00:00,18,50.565136,32.07744
2014-08-08,2014-08-08 18:00:00,19,44.092434,44.567253
2014-08-08,2014-08-08 19:00:00,20,60.629787,73.174614
2014-08-08,2014-08-08 20:00:00,21,83.63027,91.73833
2014-08-08,2014-08-08 21:00:00,22,87.46408,105.92306
2014-08-08,2014-08-08 22:00:00,23,87.46408,104.04621
2014-08-08,2014-08-08 23:00:00,24,81.954025,95.27683
2014-08-09,2014-08-09 00:00:00,1,80.99617,75.73092
2014-08-09,2014-08-09 01:00:00,2,73.56801,56.64393
2014-08-09,2014-08-09 02:00:00,3,18.211206,39.582317
2014-08-09,2014-08-09 03:00:00,4,16.293104,25.83025
2014-08-09,2014-08-09 04:00:00,5,16.532568,18.188534
2014-08-09,2014-08-09 05:00:00,6,16.77203,20.733917
2014-08-09,2014-08-09 06:00:00,7,12.222222,22.1003
2014-08-09,2014-08-09 07:00:00,8,11.9827585,15.060566
2014-08-09,2014-08-09 08:00:00,9,11.9827585,5.9508667
2014-08-09,2014-08-09 09:00:00,10,10.545977,5.5378723
2014-08-09,2014-08-09 10:00:00,11,11.264368,11.0670395
2014-08-09,2014-08-09 11:00:00,12,12.461686,13.443466
2014-08-09,2014-08-09 12:00:00,13,10.545977,13.190987
2014-08-09,2014-08-09 13:00:00,14,11.743295,11.394123
2014-08-09,2014-08-09 14:00:00,15,12.222222,12.88419
2014-08-09,2014-08-09 15:00:00,16,10.78544,14.14893
2014-08-09,2014-08-09 16:00:00,17,11.9827585,12.618305
2014-08-09,2014-08-09 17:00:00,18,13.659004,12.23473
2014-08-09,2014-08-09 18:00:00,19,11.503832,12.87265
2014-08-09,2014-08-09 19:00:00,20,13.659004,12.425728
2014-08-09,2014-08-09 20:00:00,21,14.137931,16.111477
2014-08-09,2014-08-09 21:00:00,22,17.729885,18.88176
2014-08-09,2014-08-09 22:00:00,23,16.05364,19.28283
2014-08-09,2014-08-09 23:00:00,24,14.6168585,19.68198
2014-08-10,2014-08-10 00:00:00,1,15.335249,15.205151
2014-08-10,2014-08-10 01:00:00,2,17.729885,14.950413
2014-08-10,2014-08-10 02:00:00,3,15.095785,14.067375
2014-08-10,2014-08-10 03:00:00,4,13.659004,14.499634
2014-08-10,2014-08-10 04:00:00,5,16.293104,14.9417305
2014-08-10,2014-08-10 05:00:00,6,16.532568,14.127926
2014-08-10,2014-08-10 06:00:00,7,12.222222,14.356045
2014-08-10,2014-08-10 07:00:00,8,10.78544,13.316341
2014-08-10,2014-08-10 08:00:00,9,12.222222,11.238369
2014-08-10,2014-08-10 09:00:00,10,11.264368,11.762032
2014-08-10,2014-08-10 10:00:00,11,10.545977,11.643757
2014-08-10,2014-08-10 11:00:00,12,12.461686,10.883823
2014-08-10,2014-08-10 12:00:00,13,10.545977,10.445324
2014-08-10,2014-08-10 13:00:00,14,11.503832,10.550247
2014-08-10,2014-08-10 14:00:00,15,12.461686,11.418087
2014-08-10,2014-08-10 15:00:00,16,11.024904,11.024723
2014-08-10,2014-08-10 16:00:00,17,11.503832,10.473301
2014-08-10,2014-08-10 17:00:00,18,12.222222,11.012329
2014-08-10,2014-08-10 18:00:00,19,11.743295,11.430454
2014-08-10,2014-08-10 19:00:00,20,12.222222,11.188915
2014-08-10,2014-08-10 20:00:00,21,10.06705,13.058121
2014-08-10,2014-08-10 21:00:00,22,16.532568,15.216766
2014-08-10,2014-08-10 22:00:00,23,15.814177,16.374146
2014-08-10,2014-08-10 23:00:00,24,13.659004,15.348328
2014-08-11,2014-08-11 00:00:00,1,16.293104,15.5364
2014-08-11,2014-08-11 01:00:00,2,17.011494,14.140362
2014-08-11,2014-08-11 02:00:00,3,16.532568,15.875294
2014-08-11,2014-08-11 03:00:00,4,14.856322,17.633202
2014-08-11,2014-08-11 04:00:00,5,16.532568,15.360664
2014-08-11,2014-08-11 05:00:00,6,17.250957,18.600227
2014-08-11,2014-08-11 06:00:00,7,13.41954,22.601917
2014-08-11,2014-08-11 07:00:00,8,15.09818,21.228374
2014-08-11,2014-08-11 08:00:00,9,45.529213,28.689697
2014-08-11,2014-08-11 09:00:00,10,59.904213,36.539085
2014-08-11,2014-08-11 10:00:00,11,65.179596,34.78997
2014-08-11,2014-08-11 11:00:00,12,59.66475,35.19725
2014-08-11,2014-08-11 12:00:00,13,41.458332,34.94588
2014-08-11,2014-08-11 13:00:00,14,30.19157,33.19004
2014-08-11,2014-08-11 14:00:00,15,26.12069,36.31494
2014-08-11,2014-08-11 15:00:00,16,27.078545,34.837917
2014-08-11,2014-08-11 16:00:00,17,28.515326,37.156822
2014-08-11,2014-08-11 17:00:00,18,41.697796,44.491104
2014-08-11,2014-08-11 18:00:00,19,35.706417,51.458794
2014-08-11,2014-08-11 19:00:00,20,38.819443,67.04311
2014-08-11,2014-08-11 20:00:00,21,89.62404,77.99564
2014-08-11,2014-08-11 21:00:00,22,109.75096,93.12382
2014-08-11,2014-08-11 22:00:00,23,98.24952,99.46348
2014-08-11,2014-08-11 23:00:00,24,96.33142,95.874954
2014-08-12,2014-08-12 00:00:00,1,90.5795,89.1588
2014-08-12,2014-08-12 01:00:00,2,23.965517,85.97796
2014-08-12,2014-08-12 02:00:00,3,21.566092,74.20373
2014-08-12,2014-08-12 03:00:00,4,19.166666,22.271698
2014-08-12,2014-08-12 04:00:00,5,20.847702,4.675167
2014-08-12,2014-08-12 05:00:00,6,21.326628,11.533409
2014-08-12,2014-08-12 06:00:00,7,14.137931,19.147457
2014-08-12,2014-08-12 07:00:00,8,12.940613,45.241676
2014-08-12,2014-08-12 08:00:00,9,14.377395,49.172165
2014-08-12,2014-08-12 09:00:00,10,21.807951,40.331963
2014-08-12,2014-08-12 10:00:00,11,24.683908,41.615936
2014-08-12,2014-08-12 11:00:00,12,24.20498,37.747395
2014-08-12,2014-08-12 12:00:00,13,31.15182,36.318153
2014-08-12,2014-08-12 13:00:00,14,36.664272,41.75679
2014-08-12,2014-08-12 14:00:00,15,38.103447,34.09229
2014-08-12,2014-08-12 15:00:00,16,37.145596,35.82604
2014-08-12,2014-08-12 16:00:00,17,41.934864,31.18282
2014-08-12,2014-08-12 17:00:00,18,44.57136,27.658352
2014-08-12,2014-08-12 18:00:00,19,38.103447,39.41642
2014-08-12,2014-08-12 19:00:00,20,37.382664,69.36857
2014-08-12,2014-08-12 20:00:00,21,84.11159,89.96333
2014-08-12,2014-08-12 21:00:00,22,97.28927,103.37944
2014-08-12,2014-08-12 22:00:00,23,94.655174,102.38684
2014-08-12,2014-08-12 23:00:00,24,98.24712,93.37335
2014-08-13,2014-08-13 00:00:00,1,97.28927,91.740005
2014-08-13,2014-08-13 01:00:00,2,89.85872,88.42962
2014-08-13,2014-08-13 02:00:00,3,27.078545,81.239876
2014-08-13,2014-08-13 03:00:00,4,24.923372,39.943024
2014-08-13,2014-08-13 04:00:00,5,25.162836,20.377136
2014-08-13,2014-08-13 05:00:00,6,21.807951,20.851501
2014-08-13,2014-08-13 06:00:00,7,15.814177,26.567623
2014-08-13,2014-08-13 07:00:00,8,16.05364,46.24424
2014-08-13,2014-08-13 08:00:00,9,16.293104,50.535713
2014-08-13,2014-08-13 09:00:00,10,18.448277,43.22067
2014-08-13,2014-08-13 10:00:00,11,21.329023,37.10486
2014-08-13,2014-08-13 11:00:00,12,24.444445,33.97167
2014-08-13,2014-08-13 12:00:00,13,26.360153,38.12563
2014-08-13,2014-08-13 13:00:00,14,26.836685,41.733513
2014-08-13,2014-08-13 14:00:00,15,23.005268,40.82091
2014-08-13,2014-08-13 15:00:00,16,21.08956,44.54441
2014-08-13,2014-08-13 16:00:00,17,28.996647,39.22133
2014-08-13,2014-08-13 17:00:00,18,49.604885,38.542862
2014-08-13,2014-08-13 18:00:00,19,42.174328,45.4411
2014-08-13,2014-08-13 19:00:00,20,42.174328,61.952248
2014-08-13,2014-08-13 20:00:00,21,47.207855,83.71844
2014-08-13,2014-08-13 21:00:00,22,37.62452,106.25938
2014-08-13,2014-08-13 22:00:00,23,30.431034,111.32387
2014-08-13,2014-08-13 23:00:00,24,25.402298,104.314964
2014-08-14,2014-08-14 00:00:00,1,23.726053,35.55381
2014-08-14,2014-08-14 01:00:00,2,20.605843,53.41542
2014-08-14,2014-08-14 02:00:00,3,16.77203,51.96881
2014-08-14,2014-08-14 03:00:00,4,16.05364,42.195793
2014-08-14,2014-08-14 04:00:00,5,17.490421,33.622936
2014-08-14,2014-08-14 05:00:00,6,15.574713,22.294533
2014-08-14,2014-08-14 06:00:00,7,11.264368,17.145878
2014-08-14,2014-08-14 07:00:00,8,12.222222,22.726982
2014-08-14,2014-08-14 08:00:00,9,13.898467,22.106796
2014-08-14,2014-08-14 09:00:00,10,13.898467,25.79264
2014-08-14,2014-08-14 10:00:00,11,17.250957,26.261627
2014-08-14,2014-08-14 11:00:00,12,18.45067,24.634392
2014-08-14,2014-08-14 12:00:00,13,23.965517,30.733494
2014-08-14,2014-08-14 13:00:00,14,22.047413,32.633316
2014-08-14,2014-08-14 14:00:00,15,21.326628,31.362312
2014-08-14,2014-08-14 15:00:00,16,18.211206,28.83598
2014-08-14,2014-08-14 16:00:00,17,22.047413,25.00246
2014-08-14,2014-08-14 17:00:00,18,25.162836,26.038013
2014-08-14,2014-08-14 18:00:00,19,21.329023,35.543022
2014-08-14,2014-08-14 19:00:00,20,20.368774,50.529434
2014-08-14,2014-08-14 20:00:00,21,13.898467,60.094753
2014-08-14,2014-08-14 21:00:00,22,18.68774,68.06274
2014-08-14,2014-08-14 22:00:00,23,15.335249,65.36922
2014-08-14,2014-08-14 23:00:00,24,15.574713,47.960716
2014-08-15,2014-08-15 00:00:00,1,17.011494,19.826778
2014-08-15,2014-08-15 01:00:00,2,16.05364,22.141174
2014-08-15,2014-08-15 02:00:00,3,14.377395,17.77826
2014-08-15,2014-08-15 03:00:00,4,14.137931,16.590748
2014-08-15,2014-08-15 04:00:00,5,15.814177,17.047947
2014-08-15,2014-08-15 05:00:00,6,16.05364,16.72382
2014-08-15,2014-08-15 06:00:00,7,11.024904,18.36547
2014-08-15,2014-08-15 07:00:00,8,11.264368,17.95111
2014-08-15,2014-08-15 08:00:00,9,19.171455,14.244778
2014-08-15,2014-08-15 09:00:00,10,20.366379,12.521435
2014-08-15,2014-08-15 10:00:00,11,22.52634,11.611954
2014-08-15,2014-08-15 11:00:00,12,24.923372,11.579929
2014-08-15,2014-08-15 12:00:00,13,28.036398,13.560619
2014-08-15,2014-08-15 13:00:00,14,30.909962,13.3148575
2014-08-15,2014-08-15 14:00:00,15,30.909962,17.02007
2014-08-15,2014-08-15 15:00:00,16,34.025383,16.67894
2014-08-15,2014-08-15 16:00:00,17,39.300766,11.430977
2014-08-15,2014-08-15 17:00:00,18,44.80843,13.434322
2014-08-15,2014-08-15 18:00:00,19,38.82184,18.656235
2014-08-15,2014-08-15 19:00:00,20,34.02778,21.829865
2014-08-15,2014-08-15 20:00:00,21,30.670498,26.153404
2014-08-15,2014-08-15 21:00:00,22,36.18774,29.564259
2014-08-15,2014-08-15 22:00:00,23,29.233717,27.458294
2014-08-15,2014-08-15 23:00:00,24,27.796934,26.500282
2014-08-16,2014-08-16 00:00:00,1,28.515326,30.130386
2014-08-16,2014-08-16 01:00:00,2,25.162836,25.258484
2014-08-16,2014-08-16 02:00:00,3,22.289272,30.856956
2014-08-16,2014-08-16 03:00:00,4,23.965517,35.580856
2014-08-16,2014-08-16 04:00:00,5,24.683908,34.336582
2014-08-16,2014-08-16 05:00:00,6,24.444445,35.93145
2014-08-16,2014-08-16 06:00:00,7,19.887451,32.977398
2014-08-16,2014-08-16 07:00:00,8,20.366379,36.624947
2014-08-16,2014-08-16 08:00:00,9,19.40613,46.219837
2014-08-16,2014-08-16 09:00:00,10,18.208813,47.5852
2014-08-16,2014-08-16 10:00:00,11,21.087164,52.116554
2014-08-16,2014-08-16 11:00:00,12,22.528736,49.874496
2014-08-16,2014-08-16 12:00:00,13,21.329023,49.54258
2014-08-16,2014-08-16 13:00:00,14,22.7682,54.29355
2014-08-16,2014-08-16 14:00:00,15,22.286877,53.268326
2014-08-16,2014-08-16 15:00:00,16,20.126915,45.036522
2014-08-16,2014-08-16 16:00:00,17,23.007664,47.621456
2014-08-16,2014-08-16 17:00:00,18,21.810345,46.610657
2014-08-16,2014-08-16 18:00:00,19,20.845306,39.568665
2014-08-16,2014-08-16 19:00:00,20,23.726053,43.115288
2014-08-16,2014-08-16 20:00:00,21,21.807951,45.96027
2014-08-16,2014-08-16 21:00:00,22,27.55747,50.67572
2014-08-16,2014-08-16 22:00:00,23,23.965517,59.495495
2014-08-16,2014-08-16 23:00:00,24,24.923372,65.14431
2014-08-17,2014-08-17 00:00:00,1,26.599617,27.777176
2014-08-17,2014-08-17 01:00:00,2,26.599617,24.491482
2014-08-17,2014-08-17 02:00:00,3,24.20498,24.31726
2014-08-17,2014-08-17 03:00:00,4,24.683908,27.101768
2014-08-17,2014-08-17 04:00:00,5,26.599617,26.467838
2014-08-17,2014-08-17 05:00:00,6,26.83908,27.735859
2014-08-17,2014-08-17 06:00:00,7,21.568487,26.332157
2014-08-17,2014-08-17 07:00:00,8,21.08956,28.822273
2014-08-17,2014-08-17 08:00:00,9,21.329023,36.4352
2014-08-17,2014-08-17 09:00:00,10,19.40613,37.60222
2014-08-17,2014-08-17 10:00:00,11,22.049809,40.347122
2014-08-17,2014-08-17 11:00:00,12,21.568487,41.898247
2014-08-17,2014-08-17 12:00:00,13,20.847702,40.92451
2014-08-17,2014-08-17 13:00:00,14,22.049809,45.00488
2014-08-17,2014-08-17 14:00:00,15,21.810345,49.99481
2014-08-17,2014-08-17 15:00:00,16,20.366379,43.32713
2014-08-17,2014-08-17 16:00:00,17,22.289272,43.81126
2014-08-17,2014-08-17 17:00:00,18,22.286877,44.910267
2014-08-17,2014-08-17 18:00:00,19,20.126915,45.847015
2014-08-17,2014-08-17 19:00:00,20,22.52634,53.484108
2014-08-17,2014-08-17 20:00:00,21,22.04502,60.150368
2014-08-17,2014-08-17 21:00:00,22,26.599617,71.25063
2014-08-17,2014-08-17 22:00:00,23,24.444445,84.216736
2014-08-17,2014-08-17 23:00:00,24,25.162836,91.46217
2014-08-18,2014-08-18 00:00:00,1,26.360153,37.541367
2014-08-18,2014-08-18 01:00:00,2,26.83908,49.77461
2014-08-18,2014-08-18 02:00:00,3,24.683908,56.652542
2014-08-18,2014-08-18 03:00:00,4,24.444445,59.93593
2014-08-18,2014-08-18 04:00:00,5,28.515326,60.34163
2014-08-18,2014-08-18 05:00:00,6,26.360153,50.810646
2014-08-18,2014-08-18 06:00:00,7,21.805555,44.86382
2014-08-18,2014-08-18 07:00:00,8,22.528736,44.553444
2014-08-18,2014-08-18 08:00:00,9,24.444445,41.88699
2014-08-18,2014-08-18 09:00:00,10,25.402298,46.00716
2014-08-18,2014-08-18 10:00:00,11,32.825672,57.82351
2014-08-18,2014-08-18 11:00:00,12,33.546455,46.477463
2014-08-18,2014-08-18 12:00:00,13,32.109673,42.517094
2014-08-18,2014-08-18 13:00:00,14,32.349136,41.005608
2014-08-18,2014-08-18 14:00:00,15,37.38027,35.503063
2014-08-18,2014-08-18 15:00:00,16,41.934864,38.20833
2014-08-18,2014-08-18 16:00:00,17,49.125957,41.00152
2014-08-18,2014-08-18 17:00:00,18,50.802204,34.976192
2014-08-18,2014-08-18 18:00:00,19,40.498085,36.329437
2014-08-18,2014-08-18 19:00:00,20,34.988026,40.029816
2014-08-18,2014-08-18 20:00:00,21,27.796934,30.584011
2014-08-18,2014-08-18 21:00:00,22,29.952106,31.690155
2014-08-18,2014-08-18 22:00:00,23,25.881226,32.878536
2014-08-18,2014-08-18 23:00:00,24,22.52634,38.06683
2014-08-19,2014-08-19 00:00:00,1,22.049809,29.773876
2014-08-19,2014-08-19 01:00:00,2,21.568487,35.345375
2014-08-19,2014-08-19 02:00:00,3,18.208813,40.358803
2014-08-19,2014-08-19 03:00:00,4,17.011494,39.49539
2014-08-19,2014-08-19 04:00:00,5,18.68774,34.198547
2014-08-19,2014-08-19 05:00:00,6,17.490421,35.357533
2014-08-19,2014-08-19 06:00:00,7,12.701149,36.003494
2014-08-19,2014-08-19 07:00:00,8,12.940613,36.21463
2014-08-19,2014-08-19 08:00:00,9,17.490421,34.29069
2014-08-19,2014-08-19 09:00:00,10,25.641762,29.521
2014-08-19,2014-08-19 10:00:00,11,26.599617,34.683926
2014-08-19,2014-08-19 11:00:00,12,27.55747,36.910484
2014-08-19,2014-08-19 12:00:00,13,30.672894,34.042458
2014-08-19,2014-08-19 13:00:00,14,31.149426,35.450592
2014-08-19,2014-08-19 14:00:00,15,29.952106,39.302864
2014-08-19,2014-08-19 15:00:00,16,31.867817,35.737984
2014-08-19,2014-08-19 16:00:00,17,31.867817,43.67291
2014-08-19,2014-08-19 17:00:00,18,31.15182,46.264427
2014-08-19,2014-08-19 18:00:00,19,29.23611,50.025887
2014-08-19,2014-08-19 19:00:00,20,80.993774,41.353477
2014-08-19,2014-08-19 20:00:00,21,104.2409,31.471169
2014-08-19,2014-08-19 21:00:00,22,104.95929,31.068832
2014-08-19,2014-08-19 22:00:00,23,100.162834,30.948795
2014-08-19,2014-08-19 23:00:00,24,98.965515,43.331177
2014-08-20,2014-08-20 00:00:00,1,100.40469,97.1278
2014-08-20,2014-08-20 01:00:00,2,83.86973,79.31487
2014-08-20,2014-08-20 02:00:00,3,27.796934,62.90815
2014-08-20,2014-08-20 03:00:00,4,27.55747,71.672386
2014-08-20,2014-08-20 04:00:00,5,28.994253,66.13518
2014-08-20,2014-08-20 05:00:00,6,26.83908,68.052765
2014-08-20,2014-08-20 06:00:00,7,19.40613,91.474915
2014-08-20,2014-08-20 07:00:00,8,17.969349,94.01518
2014-08-20,2014-08-20 08:00:00,9,19.887451,99.748886
2014-08-20,2014-08-20 09:00:00,10,29.712645,102.706696
2014-08-20,2014-08-20 10:00:00,11,30.670498,84.632835
2014-08-20,2014-08-20 11:00:00,12,31.867817,65.666336
2014-08-20,2014-08-20 12:00:00,13,34.985634,77.74086
2014-08-20,2014-08-20 13:00:00,14,36.666668,76.92059
2014-08-20,2014-08-20 14:00:00,15,39.54023,60.339962
2014-08-20,2014-08-20 15:00:00,16,42.174328,30.362843
2014-08-20,2014-08-20 16:00:00,17,45.52682,24.110016
2014-08-20,2014-08-20 17:00:00,18,48.884098,32.50287
2014-08-20,2014-08-20 18:00:00,19,53.199234,53.901886
2014-08-20,2014-08-20 19:00:00,20,81.712166,82.445465
2014-08-20,2014-08-20 20:00:00,21,117.420975,94.01456
2014-08-20,2014-08-20 21:00:00,22,121.494255,103.696
2014-08-20,2014-08-20 22:00:00,23,105.91954,108.62792
2014-08-20,2014-08-20 23:00:00,24,103.04358,107.31273
2014-08-21,2014-08-21 00:00:00,1,104.72222,100.96565
2014-08-21,2014-08-21 01:00:00,2,78.11781,87.23102
2014-08-21,2014-08-21 02:00:00,3,24.444445,66.16458
2014-08-21,2014-08-21 03:00:00,4,21.807951,41.42372
2014-08-21,2014-08-21 04:00:00,5,23.48659,33.090878
2014-08-21,2014-08-21 05:00:00,6,22.049809,33.025265
2014-08-21,2014-08-21 06:00:00,7,14.137931,40.001595
2014-08-21,2014-08-21 07:00:00,8,14.137931,50.617752
2014-08-21,2014-08-21 08:00:00,9,16.532568,42.961594
2014-08-21,2014-08-21 09:00:00,10,16.05364,36.544518
2014-08-21,2014-08-21 10:00:00,11,20.847702,36.40955
2014-08-21,2014-08-21 11:00:00,12,32.828064,32.90978
2014-08-21,2014-08-21 12:00:00,13,35.943485,34.589016
2014-08-21,2014-08-21 13:00:00,14,36.90613,38.551357
2014-08-21,2014-08-21 14:00:00,15,33.54885,38.53464
2014-08-21,2014-08-21 15:00:00,16,26.360153,40.050564
2014-08-21,2014-08-21 16:00:00,17,29.954502,39.51995
2014-08-21,2014-08-21 17:00:00,18,37.62452,41.01966
2014-08-21,2014-08-21 18:00:00,19,29.233717,49.993404
2014-08-21,2014-08-21 19:00:00,20,57.990902,69.534805
2014-08-21,2014-08-21 20:00:00,21,96.81035,94.76693
2014-08-21,2014-08-21 21:00:00,22,101.60441,112.54553
2014-08-21,2014-08-21 22:00:00,23,104.48036,110.370056
2014-08-21,2014-08-21 23:00:00,24,105.20115,104.14035
2014-08-22,2014-08-22 00:00:00,1,103.28304,105.27427
2014-08-22,2014-08-22 01:00:00,2,64.70067,95.80058
2014-08-22,2014-08-22 02:00:00,3,23.242336,72.86834
2014-08-22,2014-08-22 03:00:00,4,16.532568,37.73005
2014-08-22,2014-08-22 04:00:00,5,17.490421,29.512894
2014-08-22,2014-08-22 05:00:00,6,16.293104,33.40308
2014-08-22,2014-08-22 06:00:00,7,12.701149,42.807823
2014-08-22,2014-08-22 07:00:00,8,11.743295,59.16461
2014-08-22,2014-08-22 08:00:00,9,20.608238,54.52879
2014-08-22,2014-08-22 09:00:00,10,33.30699,43.86537
2014-08-22,2014-08-22 10:00:00,11,42.174328,43.757683
2014-08-22,2014-08-22 11:00:00,12,37.382664,36.914696
2014-08-22,2014-08-22 12:00:00,13,31.87021,39.352272
2014-08-22,2014-08-22 13:00:00,14,33.309387,43.308907
2014-08-22,2014-08-22 14:00:00,15,30.431034,38.362724
2014-08-22,2014-08-22 15:00:00,16,34.985634,41.757446
2014-08-22,2014-08-22 16:00:00,17,39.779694,38.632557
2014-08-22,2014-08-22 17:00:00,18,49.604885,38.84255
2014-08-22,2014-08-22 18:00:00,19,39.54023,51.005356
2014-08-22,2014-08-22 19:00:00,20,36.42481,76.729065
2014-08-22,2014-08-22 20:00:00,21,43.371647,100.77809
2014-08-22,2014-08-22 21:00:00,22,55.11494,116.92639
2014-08-22,2014-08-22 22:00:00,23,53.441093,113.09065
2014-08-22,2014-08-22 23:00:00,24,55.117336,105.102325
2014-08-23,2014-08-23 00:00:00,1,48.886494,60.461376
2014-08-23,2014-08-23 01:00:00,2,40.01676,64.22754
2014-08-23,2014-08-23 02:00:00,3,15.095785,54.745228
2014-08-23,2014-08-23 03:00:00,4,14.137931,34.24602
2014-08-23,2014-08-23 04:00:00,5,16.293104,25.79218
2014-08-23,2014-08-23 05:00:00,6,15.335249,21.967945
2014-08-23,2014-08-23 06:00:00,7,11.264368,26.403076
2014-08-23,2014-08-23 07:00:00,8,11.264368,36.806976
2014-08-23,2014-08-23 08:00:00,9,10.545977,37.670162
2014-08-23,2014-08-23 09:00:00,10,9.588122,36.13855
2014-08-23,2014-08-23 10:00:00,11,11.503832,31.700455
2014-08-23,2014-08-23 11:00:00,12,11.503832,30.518753
2014-08-23,2014-08-23 12:00:00,13,10.06705,31.602245
2014-08-23,2014-08-23 13:00:00,14,14.137931,35.50374
2014-08-23,2014-08-23 14:00:00,15,11.503832,40.38518
2014-08-23,2014-08-23 15:00:00,16,10.306514,41.586857
2014-08-23,2014-08-23 16:00:00,17,12.222222,40.336254
2014-08-23,2014-08-23 17:00:00,18,12.461686,41.76611
2014-08-23,2014-08-23 18:00:00,19,11.024904,46.81093
2014-08-23,2014-08-23 19:00:00,20,13.180077,57.090683
2014-08-23,2014-08-23 20:00:00,21,11.503832,60.881004
2014-08-23,2014-08-23 21:00:00,22,16.05364,67.64824
2014-08-23,2014-08-23 22:00:00,23,14.137931,75.54907
2014-08-23,2014-08-23 23:00:00,24,15.335249,74.89433
2014-08-24,2014-08-24 00:00:00,1,16.05364,17.81644
2014-08-24,2014-08-24 01:00:00,2,17.011494,15.311871
2014-08-24,2014-08-24 02:00:00,3,14.856322,17.935951
2014-08-24,2014-08-24 03:00:00,4,13.659004,17.980675
2014-08-24,2014-08-24 04:00:00,5,16.05364,15.339226
2014-08-24,2014-08-24 05:00:00,6,15.335249,18.678665
2014-08-24,2014-08-24 06:00:00,7,11.9827585,17.469063
2014-08-24,2014-08-24 07:00:00,8,10.78544,19.289272
2014-08-24,2014-08-24 08:00:00,9,10.306514,28.506248
2014-08-24,2014-08-24 09:00:00,10,8.630268,28.015083
2014-08-24,2014-08-24 10:00:00,11,10.78544,28.51833
2014-08-24,2014-08-24 11:00:00,12,11.743295,29.435436
2014-08-24,2014-08-24 12:00:00,13,10.06705,26.406696
2014-08-24,2014-08-24 13:00:00,14,11.503832,29.784801
2014-08-24,2014-08-24 14:00:00,15,12.222222,34.916637
2014-08-24,2014-08-24 15:00:00,16,9.588122,29.885159
2014-08-24,2014-08-24 16:00:00,17,11.503832,31.155746
2014-08-24,2014-08-24 17:00:00,18,11.743295,32.903736
2014-08-24,2014-08-24 18:00:00,19,9.348659,37.51212
2014-08-24,2014-08-24 19:00:00,20,11.9827585,45.63951
2014-08-24,2014-08-24 20:00:00,21,11.264368,51.749313
2014-08-24,2014-08-24 21:00:00,22,17.011494,62.42889
2014-08-24,2014-08-24 22:00:00,23,13.898467,70.40349
2014-08-24,2014-08-24 23:00:00,24,14.377395,73.13379
2014-08-25,2014-08-25 00:00:00,1,16.293104,14.732403
2014-08-25,2014-08-25 01:00:00,2,15.335249,13.9025
2014-08-25,2014-08-25 02:00:00,3,12.940613,15.6549835
2014-08-25,2014-08-25 03:00:00,4,13.898467,17.742062
2014-08-25,2014-08-25 04:00:00,5,16.532568,16.385044
2014-08-25,2014-08-25 05:00:00,6,14.856322,15.086185
2014-08-25,2014-08-25 06:00:00,7,11.024904,14.164833
2014-08-25,2014-08-25 07:00:00,8,11.024904,16.688175
2014-08-25,2014-08-25 08:00:00,9,12.222222,22.169556
2014-08-25,2014-08-25 09:00:00,10,11.743295,23.839275
2014-08-25,2014-08-25 10:00:00,11,16.293104,28.437592
2014-08-25,2014-08-25 11:00:00,12,20.605843,28.002125
2014-08-25,2014-08-25 12:00:00,13,26.12069,23.47387
2014-08-25,2014-08-25 13:00:00,14,23.965517,25.869255
2014-08-25,2014-08-25 14:00:00,15,27.55747,31.67017
2014-08-25,2014-08-25 15:00:00,16,29.47318,27.594463
2014-08-25,2014-08-25 16:00:00,17,31.149426,27.828781
2014-08-25,2014-08-25 17:00:00,18,33.069923,26.286411
2014-08-25,2014-08-25 18:00:00,19,28.75479,23.926601
2014-08-25,2014-08-25 19:00:00,20,34.50431,24.371124
2014-08-25,2014-08-25 20:00:00,21,63.98228,32.10485
2014-08-25,2014-08-25 21:00:00,22,104.72222,38.48746
2014-08-25,2014-08-25 22:00:00,23,100.64176,47.623493
2014-08-25,2014-08-25 23:00:00,24,98.48659,61.412773
2014-08-26,2014-08-26 00:00:00,1,95.1341,88.31098
2014-08-26,2014-08-26 01:00:00,2,52.957375,71.68888
2014-08-26,2014-08-26 02:00:00,3,24.923372,56.215668
2014-08-26,2014-08-26 03:00:00,4,25.402298,52.262886
2014-08-26,2014-08-26 04:00:00,5,26.360153,48.035126
2014-08-26,2014-08-26 05:00:00,6,21.329023,45.07329
2014-08-26,2014-08-26 06:00:00,7,17.250957,40.605637
2014-08-26,2014-08-26 07:00:00,8,15.814177,40.029694
2014-08-26,2014-08-26 08:00:00,9,49.363026,47.747437
2014-08-26,2014-08-26 09:00:00,10,67.09531,49.58612
2014-08-26,2014-08-26 10:00:00,11,71.40804,61.29418
2014-08-26,2014-08-26 11:00:00,12,72.3659,77.95036
2014-08-26,2014-08-26 12:00:00,13,71.64751,78.8607
2014-08-26,2014-08-26 13:00:00,14,71.88697,87.803116
2014-08-26,2014-08-26 14:00:00,15,48.40278,82.74438
2014-08-26,2014-08-26 15:00:00,16,31.38889,76.10838
2014-08-26,2014-08-26 16:00:00,17,35.706417,73.30839
2014-08-26,2014-08-26 17:00:00,18,34.025383,58.95121
2014-08-26,2014-08-26 18:00:00,19,28.036398,48.439796
2014-08-26,2014-08-26 19:00:00,20,38.57998,38.51406
2014-08-26,2014-08-26 20:00:00,21,49.60249,48.972748
2014-08-26,2014-08-26 21:00:00,22,64.22414,83.02029
2014-08-26,2014-08-26 22:00:00,23,82.19109,96.67677
2014-08-26,2014-08-26 23:00:00,24,85.78544,90.86747
2014-08-27,2014-08-27 00:00:00,1,81.235634,76.23245
2014-08-27,2014-08-27 01:00:00,2,74.76293,58.693504
2014-08-27,2014-08-27 02:00:00,3,21.08956,51.016678
2014-08-27,2014-08-27 03:00:00,4,21.087164,40.85759
2014-08-27,2014-08-27 04:00:00,5,23.726053,32.762817
2014-08-27,2014-08-27 05:00:00,6,19.645594,34.782154
2014-08-27,2014-08-27 06:00:00,7,14.856322,39.696312
2014-08-27,2014-08-27 07:00:00,8,14.137931,51.795597
2014-08-27,2014-08-27 08:00:00,9,19.64799,63.554466
2014-08-27,2014-08-27 09:00:00,10,27.796934,69.75391
2014-08-27,2014-08-27 10:00:00,11,30.909962,83.362495
2014-08-27,2014-08-27 11:00:00,12,31.149426,82.84671
2014-08-27,2014-08-27 12:00:00,13,26.83908,82.13581
2014-08-27,2014-08-27 13:00:00,14,25.881226,86.99849
2014-08-27,2014-08-27 14:00:00,15,26.360153,70.259186
2014-08-27,2014-08-27 15:00:00,16,37.145596,55.15712
2014-08-27,2014-08-27 16:00:00,17,43.61111,45.88099
2014-08-27,2014-08-27 17:00:00,18,41.695404,35.043385
2014-08-27,2014-08-27 18:00:00,19,37.863983,34.01473
2014-08-27,2014-08-27 19:00:00,20,46.25,48.633244
2014-08-27,2014-08-27 20:00:00,21,81.235634,52.333145
2014-08-27,2014-08-27 21:00:00,22,91.06082,55.630985
2014-08-27,2014-08-27 22:00:00,23,83.151344,59.435196
2014-08-27,2014-08-27 23:00:00,24,82.91188,66.17044
2014-08-28,2014-08-28 00:00:00,1,80.27778,80.60774
2014-08-28,2014-08-28 01:00:00,2,24.683908,68.298355
2014-08-28,2014-08-28 02:00:00,3,16.293104,47.39997
2014-08-28,2014-08-28 03:00:00,4,16.532568,25.940125
2014-08-28,2014-08-28 04:00:00,5,17.490421,20.28542
2014-08-28,2014-08-28 05:00:00,6,16.77203,23.00729
2014-08-28,2014-08-28 06:00:00,7,13.180077,38.379517
2014-08-28,2014-08-28 07:00:00,8,13.180077,49.61553
2014-08-28,2014-08-28 08:00:00,9,19.169062,42.83017
2014-08-28,2014-08-28 09:00:00,10,19.887451,33.53953
2014-08-28,2014-08-28 10:00:00,11,20.126915,29.603127
2014-08-28,2014-08-28 11:00:00,12,23.48659,30.522709
2014-08-28,2014-08-28 12:00:00,13,27.796934,34.96189
2014-08-28,2014-08-28 13:00:00,14,30.670498,32.591396
2014-08-28,2014-08-28 14:00:00,15,35.464558,34.28787
2014-08-28,2014-08-28 15:00:00,16,34.267242,40.828995
2014-08-28,2014-08-28 16:00:00,17,41.216476,36.10053
2014-08-28,2014-08-28 17:00:00,18,48.405174,34.783554
2014-08-28,2014-08-28 18:00:00,19,46.726532,42.36751
2014-08-28,2014-08-28 19:00:00,20,67.57663,51.969227
2014-08-28,2014-08-28 20:00:00,21,105.43822,70.26977
2014-08-28,2014-08-28 21:00:00,22,105.43822,91.761894
2014-08-28,2014-08-28 22:00:00,23,95.373566,93.61703
2014-08-28,2014-08-28 23:00:00,24,94.655174,85.16723
2014-08-29,2014-08-29 00:00:00,1,93.21839,91.57583
2014-08-29,2014-08-29 01:00:00,2,75.00719,81.882385
2014-08-29,2014-08-29 02:00:00,3,25.641762,61.581165
2014-08-29,2014-08-29 03:00:00,4,24.444445,30.900387
2014-08-29,2014-08-29 04:00:00,5,25.162836,24.857452
2014-08-29,2014-08-29 05:00:00,6,23.965517,28.084393
2014-08-29,2014-08-29 06:00:00,7,18.68774,35.16833
2014-08-29,2014-08-29 07:00:00,8,17.490421,50.449974
2014-08-29,2014-08-29 08:00:00,9,21.805555,43.539356
2014-08-29,2014-08-29 09:00:00,10,20.126915,35.656395
2014-08-29,2014-08-29 10:00:00,11,24.20498,36.925323
2014-08-29,2014-08-29 11:00:00,12,26.83908,33.795624
2014-08-29,2014-08-29 12:00:00,13,25.881226,37.589043
2014-08-29,2014-08-29 13:00:00,14,26.12069,43.606262
2014-08-29,2014-08-29 14:00:00,15,26.83908,41.22454
2014-08-29,2014-08-29 15:00:00,16,23.247126,43.014244
2014-08-29,2014-08-29 16:00:00,17,25.881226,42.430706
2014-08-29,2014-08-29 17:00:00,18,32.828064,40.966576
2014-08-29,2014-08-29 18:00:00,19,27.55747,51.483578
2014-08-29,2014-08-29 19:00:00,20,47.686783,76.254974
2014-08-29,2014-08-29 20:00:00,21,87.945404,96.13214
2014-08-29,2014-08-29 21:00:00,22,94.89464,112.68542
2014-08-29,2014-08-29 22:00:00,23,88.18247,110.69342
2014-08-29,2014-08-29 23:00:00,24,87.70115,101.452995
2014-08-30,2014-08-30 00:00:00,1,60.38793,89.32185
2014-08-30,2014-08-30 01:00:00,2,37.622128,79.70969
2014-08-30,2014-08-30 02:00:00,3,16.77203,61.594437
2014-08-30,2014-08-30 03:00:00,4,17.011494,40.68113
2014-08-30,2014-08-30 04:00:00,5,18.68774,33.93014
2014-08-30,2014-08-30 05:00:00,6,18.448277,34.075485
2014-08-30,2014-08-30 06:00:00,7,13.898467,43.730053
2014-08-30,2014-08-30 07:00:00,8,13.41954,50.87668
2014-08-30,2014-08-30 08:00:00,9,13.659004,44.60564
2014-08-30,2014-08-30 09:00:00,10,11.743295,32.162422
2014-08-30,2014-08-30 10:00:00,11,16.532568,30.568722
2014-08-30,2014-08-30 11:00:00,12,15.574713,31.055878
2014-08-30,2014-08-30 12:00:00,13,13.659004,28.681461
2014-08-30,2014-08-30 13:00:00,14,14.856322,31.698154
2014-08-30,2014-08-30 14:00:00,15,13.898467,31.303215
2014-08-30,2014-08-30 15:00:00,16,12.701149,32.309864
2014-08-30,2014-08-30 16:00:00,17,14.856322,31.353638
2014-08-30,2014-08-30 17:00:00,18,14.137931,32.47228
2014-08-30,2014-08-30 18:00:00,19,12.461686,37.19569
2014-08-30,2014-08-30 19:00:00,20,15.095785,54.926956
2014-08-30,2014-08-30 20:00:00,21,14.856322,81.688324
2014-08-30,2014-08-30 21:00:00,22,18.68774,100.79707
2014-08-30,2014-08-30 22:00:00,23,16.293104,99.84568
2014-08-30,2014-08-30 23:00:00,24,17.250957,93.297035
2014-08-31,2014-08-31 00:00:00,1,19.40613,17.910954
2014-08-31,2014-08-31 01:00:00,2,18.208813,16.120655
2014-08-31,2014-08-31 02:00:00,3,16.77203,14.308052
2014-08-31,2014-08-31 03:00:00,4,16.293104,13.857353
2014-08-31,2014-08-31 04:00:00,5,18.927202,14.039009
2014-08-31,2014-08-31 05:00:00,6,17.729885,13.179802
2014-08-31,2014-08-31 06:00:00,7,14.856322,12.812233
2014-08-31,2014-08-31 07:00:00,8,12.940613,11.563416
2014-08-31,2014-08-31 08:00:00,9,13.41954,9.875381
2014-08-31,2014-08-31 09:00:00,10,12.461686,9.98061
2014-08-31,2014-08-31 10:00:00,11,14.137931,9.453732
2014-08-31,2014-08-31 11:00:00,12,14.137931,8.757347
2014-08-31,2014-08-31 12:00:00,13,12.461686,8.442806
2014-08-31,2014-08-31 13:00:00,14,14.6168585,7.971119
2014-08-31,2014-08-31 14:00:00,15,14.6168585,11.049339
2014-08-31,2014-08-31 15:00:00,16,12.701149,10.00029
2014-08-31,2014-08-31 16:00:00,17,15.095785,9.444073
2014-08-31,2014-08-31 17:00:00,18,14.856322,10.052902
2014-08-31,2014-08-31 18:00:00,19,12.222222,10.477852
2014-08-31,2014-08-31 19:00:00,20,14.6168585,11.13213
2014-08-31,2014-08-31 20:00:00,21,15.095785,12.85598
2014-08-31,2014-08-31 21:00:00,22,18.68774,14.834946
2014-08-31,2014-08-31 22:00:00,23,16.532568,16.820858
2014-08-31,2014-08-31 23:00:00,24,16.532568,16.223137
2014-09-01,2014-09-01 00:00:00,1,18.927202,19.357304
2014-09-01,2014-09-01 01:00:00,2,20.12931,16.939793
2014-09-01,2014-09-01 02:00:00,3,16.293104,16.855854
2014-09-01,2014-09-01 03:00:00,4,17.011494,18.829067
2014-09-01,2014-09-01 04:00:00,5,18.927202,17.359577
2014-09-01,2014-09-01 05:00:00,6,17.729885,20.177681
2014-09-01,2014-09-01 06:00:00,7,14.377395,21.708439
2014-09-01,2014-09-01 07:00:00,8,14.137931,22.443176
2014-09-01,2014-09-01 08:00:00,9,17.971743,29.693192
2014-09-01,2014-09-01 09:00:00,10,25.399904,32.11151
2014-09-01,2014-09-01 10:00:00,11,40.498085,31.875252
2014-09-01,2014-09-01 11:00:00,12,40.977013,32.81799
2014-09-01,2014-09-01 12:00:00,13,38.103447,32.459362
2014-09-01,2014-09-01 13:00:00,14,36.666668,34.369232
2014-09-01,2014-09-01 14:00:00,15,38.103447,39.42861
2014-09-01,2014-09-01 15:00:00,16,40.498085,35.64135
2014-09-01,2014-09-01 16:00:00,17,43.371647,35.084938
2014-09-01,2014-09-01 17:00:00,18,50.325672,38.32071
2014-09-01,2014-09-01 18:00:00,19,43.850574,43.032036
2014-09-01,2014-09-01 19:00:00,20,57.990902,54.09193
2014-09-01,2014-09-01 20:00:00,21,102.56226,63.957256
2014-09-01,2014-09-01 21:00:00,22,108.55364,77.43243
2014-09-01,2014-09-01 22:00:00,23,102.325195,85.576096
2014-09-01,2014-09-01 23:00:00,24,100.162834,86.64636
2014-09-02,2014-09-02 00:00:00,1,98.72605,97.24226
2014-09-02,2014-09-02 01:00:00,2,56.07519,90.97727
2014-09-02,2014-09-02 02:00:00,3,23.247126,92.61113
2014-09-02,2014-09-02 03:00:00,4,21.568487,86.825516
2014-09-02,2014-09-02 04:00:00,5,22.289272,59.19295
2014-09-02,2014-09-02 05:00:00,6,21.568487,33.918682
2014-09-02,2014-09-02 06:00:00,7,18.208813,25.60268
2014-09-02,2014-09-02 07:00:00,8,15.574713,23.722591
2014-09-02,2014-09-02 08:00:00,9,19.650383,29.353397
2014-09-02,2014-09-02 09:00:00,10,23.007664,50.620255
2014-09-02,2014-09-02 10:00:00,11,26.12069,56.93962
2014-09-02,2014-09-02 11:00:00,12,21.087164,53.118797
2014-09-02,2014-09-02 12:00:00,13,33.54885,47.99656
2014-09-02,2014-09-02 13:00:00,14,40.73755,45.16407
2014-09-02,2014-09-02 14:00:00,15,28.515326,44.792793
2014-09-02,2014-09-02 15:00:00,16,29.954502,44.09372
2014-09-02,2014-09-02 16:00:00,17,34.264847,42.5134
2014-09-02,2014-09-02 17:00:00,18,36.185345,39.9177
2014-09-02,2014-09-02 18:00:00,19,34.506706,42.30274
2014-09-02,2014-09-02 19:00:00,20,75.96265,56.526646
2014-09-02,2014-09-02 20:00:00,21,99.44444,79.81846
2014-09-02,2014-09-02 21:00:00,22,98.965515,107.51526
2014-09-02,2014-09-02 22:00:00,23,94.89464,113.55494
2014-09-02,2014-09-02 23:00:00,24,95.85249,108.61354
2014-09-03,2014-09-03 00:00:00,1,93.69732,90.29149
2014-09-03,2014-09-03 01:00:00,2,67.337166,89.29785
2014-09-03,2014-09-03 02:00:00,3,17.490421,84.96841
2014-09-03,2014-09-03 03:00:00,4,17.490421,53.867485
2014-09-03,2014-09-03 04:00:00,5,19.64799,34.456924
2014-09-03,2014-09-03 05:00:00,6,18.68774,27.953716
2014-09-03,2014-09-03 06:00:00,7,15.335249,27.618282
2014-09-03,2014-09-03 07:00:00,8,13.898467,43.375664
2014-09-03,2014-09-03 08:00:00,9,34.02778,46.900448
2014-09-03,2014-09-03 09:00:00,10,47.20546,46.103268
2014-09-03,2014-09-03 10:00:00,11,57.03065,40.9601
2014-09-03,2014-09-03 11:00:00,12,59.90661,31.5369
2014-09-03,2014-09-03 12:00:00,13,75.96265,32.32322
2014-09-03,2014-09-03 13:00:00,14,75.72318,41.731594
2014-09-03,2014-09-03 14:00:00,15,72.844826,36.54805
2014-09-03,2014-09-03 15:00:00,16,53.92002,34.641956
2014-09-03,2014-09-03 16:00:00,17,54.636017,35.652374
2014-09-03,2014-09-03 17:00:00,18,60.86686,36.89105
2014-09-03,2014-09-03 18:00:00,19,58.94636,47.29436
2014-09-03,2014-09-03 19:00:00,20,71.889366,75.86785
2014-09-03,2014-09-03 20:00:00,21,95.61303,97.33775
2014-09-03,2014-09-03 21:00:00,22,101.84387,112.89469
2014-09-03,2014-09-03 22:00:00,23,96.09196,112.820786
2014-09-03,2014-09-03 23:00:00,24,91.542145,103.66272
2014-09-04,2014-09-04 00:00:00,1,92.73946,87.12228
2014-09-04,2014-09-04 01:00:00,2,80.75671,86.081764
2014-09-04,2014-09-04 02:00:00,3,18.448277,83.39324
2014-09-04,2014-09-04 03:00:00,4,17.01389,48.72248
2014-09-04,2014-09-04 04:00:00,5,18.927202,26.157143
2014-09-04,2014-09-04 05:00:00,6,18.68774,21.677826
2014-09-04,2014-09-04 06:00:00,7,16.532568,17.805801
2014-09-04,2014-09-04 07:00:00,8,13.180077,42.02028
2014-09-04,2014-09-04 08:00:00,9,23.484196,59.561035
2014-09-04,2014-09-04 09:00:00,10,29.47318,67.33683
2014-09-04,2014-09-04 10:00:00,11,32.58621,71.098335
2014-09-04,2014-09-04 11:00:00,12,32.58621,71.20782
2014-09-04,2014-09-04 12:00:00,13,35.225098,71.41362
2014-09-04,2014-09-04 13:00:00,14,33.788315,75.227776
2014-09-04,2014-09-04 14:00:00,15,28.994253,74.67881
2014-09-04,2014-09-04 15:00:00,16,31.38889,70.18227
2014-09-04,2014-09-04 16:00:00,17,29.47318,64.48228
2014-09-04,2014-09-04 17:00:00,18,40.019157,67.23767
2014-09-04,2014-09-04 18:00:00,19,41.695404,77.889046
2014-09-04,2014-09-04 19:00:00,20,58.22797,91.37865
2014-09-04,2014-09-04 20:00:00,21,81.954025,99.75954
2014-09-04,2014-09-04 21:00:00,22,85.78544,109.3932
2014-09-04,2014-09-04 22:00:00,23,77.87835,106.02533
2014-09-04,2014-09-04 23:00:00,24,75.002396,95.83545
2014-09-05,2014-09-05 00:00:00,1,80.27778,71.76338
2014-09-05,2014-09-05 01:00:00,2,75.244255,69.686035
2014-09-05,2014-09-05 02:00:00,3,24.920977,56.98867
2014-09-05,2014-09-05 03:00:00,4,14.856322,26.097149
2014-09-05,2014-09-05 04:00:00,5,16.77203,18.7644
2014-09-05,2014-09-05 05:00:00,6,16.77203,20.119759
2014-09-05,2014-09-05 06:00:00,7,11.503832,25.870678
2014-09-05,2014-09-05 07:00:00,8,11.503832,44.047215
2014-09-05,2014-09-05 08:00:00,9,17.011494,41.4872
2014-09-05,2014-09-05 09:00:00,10,22.284483,33.73463
2014-09-05,2014-09-05 10:00:00,11,28.036398,31.771519
2014-09-05,2014-09-05 11:00:00,12,28.036398,30.329231
2014-09-05,2014-09-05 12:00:00,13,31.15182,32.012856
2014-09-05,2014-09-05 13:00:00,14,30.912355,37.605003
2014-09-05,2014-09-05 14:00:00,15,26.83908,36.051178
2014-09-05,2014-09-05 15:00:00,16,32.109673,35.010727
2014-09-05,2014-09-05 16:00:00,17,45.529213,35.4132
2014-09-05,2014-09-05 17:00:00,18,56.31226,36.55838
2014-09-05,2014-09-05 18:00:00,19,61.82232,45.496754
2014-09-05,2014-09-05 19:00:00,20,75.244255,68.38129
2014-09-05,2014-09-05 20:00:00,21,108.55125,83.13538
2014-09-05,2014-09-05 21:00:00,22,116.94205,95.41341
2014-09-05,2014-09-05 22:00:00,23,106.39847,95.22061
2014-09-05,2014-09-05 23:00:00,24,102.56465,85.95374
2014-09-06,2014-09-06 00:00:00,1,95.1341,91.09905
2014-09-06,2014-09-06 01:00:00,2,46.965996,58.218197
2014-09-06,2014-09-06 02:00:00,3,17.250957,35.860672
2014-09-06,2014-09-06 03:00:00,4,15.814177,23.112118
2014-09-06,2014-09-06 04:00:00,5,16.293104,17.901485
2014-09-06,2014-09-06 05:00:00,6,16.05364,16.323586
2014-09-06,2014-09-06 06:00:00,7,13.41954,16.135666
2014-09-06,2014-09-06 07:00:00,8,11.9827585,8.232693
2014-09-06,2014-09-06 08:00:00,9,12.701149,1.1647415
2014-09-06,2014-09-06 09:00:00,10,9.348659,5.182068
2014-09-06,2014-09-06 10:00:00,11,11.9827585,12.421101
2014-09-06,2014-09-06 11:00:00,12,11.264368,7.855667
2014-09-06,2014-09-06 12:00:00,13,9.588122,5.452011
2014-09-06,2014-09-06 13:00:00,14,11.743295,11.94582
2014-09-06,2014-09-06 14:00:00,15,11.743295,12.40971
2014-09-06,2014-09-06 15:00:00,16,10.306514,15.845226
2014-09-06,2014-09-06 16:00:00,17,11.9827585,17.01809
2014-09-06,2014-09-06 17:00:00,18,12.701149,9.602253
2014-09-06,2014-09-06 18:00:00,19,9.827586,9.0602
2014-09-06,2014-09-06 19:00:00,20,11.743295,7.6480713
2014-09-06,2014-09-06 20:00:00,21,12.940613,10.989986
2014-09-06,2014-09-06 21:00:00,22,16.05364,14.559338
2014-09-06,2014-09-06 22:00:00,23,13.898467,11.281776
2014-09-06,2014-09-06 23:00:00,24,14.6168585,11.903854
2014-09-07,2014-09-07 00:00:00,1,19.166666,15.068523
2014-09-07,2014-09-07 01:00:00,2,18.208813,14.55838
2014-09-07,2014-09-07 02:00:00,3,13.659004,13.805351
2014-09-07,2014-09-07 03:00:00,4,14.6168585,14.150272
2014-09-07,2014-09-07 04:00:00,5,17.969349,14.619381
2014-09-07,2014-09-07 05:00:00,6,17.729885,13.836109
2014-09-07,2014-09-07 06:00:00,7,13.659004,14.039043
2014-09-07,2014-09-07 07:00:00,8,11.9827585,13.346291
2014-09-07,2014-09-07 08:00:00,9,12.222222,11.224106
2014-09-07,2014-09-07 09:00:00,10,9.827586,11.604679
2014-09-07,2014-09-07 10:00:00,11,11.743295,11.624088
2014-09-07,2014-09-07 11:00:00,12,11.264368,10.9558525
2014-09-07,2014-09-07 12:00:00,13,10.06705,10.235966
2014-09-07,2014-09-07 13:00:00,14,11.9827585,10.275566
2014-09-07,2014-09-07 14:00:00,15,11.743295,10.75399
2014-09-07,2014-09-07 15:00:00,16,9.827586,10.308239
2014-09-07,2014-09-07 16:00:00,17,11.743295,9.712799
2014-09-07,2014-09-07 17:00:00,18,11.9827585,10.380459
2014-09-07,2014-09-07 18:00:00,19,10.78544,11.073994
2014-09-07,2014-09-07 19:00:00,20,11.743295,11.158749
2014-09-07,2014-09-07 20:00:00,21,12.701149,12.94376
2014-09-07,2014-09-07 21:00:00,22,16.293104,14.752361
2014-09-07,2014-09-07 22:00:00,23,13.898467,15.62595
2014-09-07,2014-09-07 23:00:00,24,13.898467,14.618652
2014-09-08,2014-09-08 00:00:00,1,16.532568,16.267082
2014-09-08,2014-09-08 01:00:00,2,16.532568,15.462429
2014-09-08,2014-09-08 02:00:00,3,14.6168585,18.14286
2014-09-08,2014-09-08 03:00:00,4,14.856322,19.712059
2014-09-08,2014-09-08 04:00:00,5,16.293104,16.366108
2014-09-08,2014-09-08 05:00:00,6,16.05364,21.048237
2014-09-08,2014-09-08 06:00:00,7,13.659004,28.191814
2014-09-08,2014-09-08 07:00:00,8,12.222222,25.01334
2014-09-08,2014-09-08 08:00:00,9,29.954502,31.65786
2014-09-08,2014-09-08 09:00:00,10,40.019157,40.213524
2014-09-08,2014-09-08 10:00:00,11,43.61111,37.29074
2014-09-08,2014-09-08 11:00:00,12,43.132183,37.57625
2014-09-08,2014-09-08 12:00:00,13,45.287357,37.088608
2014-09-08,2014-09-08 13:00:00,14,49.125957,33.52241
2014-09-08,2014-09-08 14:00:00,15,54.396553,35.193707
2014-09-08,2014-09-08 15:00:00,16,64.22174,36.62047
2014-09-08,2014-09-08 16:00:00,17,72.844826,42.95435
2014-09-08,2014-09-08 17:00:00,18,77.15996,54.154366
2014-09-08,2014-09-08 18:00:00,19,72.84722,64.56601
2014-09-08,2014-09-08 19:00:00,20,89.14272,82.0914
2014-09-08,2014-09-08 20:00:00,21,96.09196,90.5052
2014-09-08,2014-09-08 21:00:00,22,97.768196,101.493744
2014-09-08,2014-09-08 22:00:00,23,90.5795,100.52229
2014-09-08,2014-09-08 23:00:00,24,93.69492,93.76869
2014-09-09,2014-09-09 00:00:00,1,96.570885,89.62309
2014-09-09,2014-09-09 01:00:00,2,83.63027,68.59602
2014-09-09,2014-09-09 02:00:00,3,22.049809,38.897636
2014-09-09,2014-09-09 03:00:00,4,23.007664,11.53204
2014-09-09,2014-09-09 04:00:00,5,24.444445,5.1276207
2014-09-09,2014-09-09 05:00:00,6,21.329023,12.762936
2014-09-09,2014-09-09 06:00:00,7,17.011494,28.061245
2014-09-09,2014-09-09 07:00:00,8,15.574713,40.7072
2014-09-09,2014-09-09 08:00:00,9,15.814177,34.92846
2014-09-09,2014-09-09 09:00:00,10,14.6168585,33.396698
2014-09-09,2014-09-09 10:00:00,11,20.850096,36.948856
2014-09-09,2014-09-09 11:00:00,12,22.765804,37.15684
2014-09-09,2014-09-09 12:00:00,13,22.765804,41.65564
2014-09-09,2014-09-09 13:00:00,14,23.726053,44.747337
2014-09-09,2014-09-09 14:00:00,15,24.444445,44.708973
2014-09-09,2014-09-09 15:00:00,16,23.726053,47.208332
2014-09-09,2014-09-09 16:00:00,17,26.12069,49.93677
2014-09-09,2014-09-09 17:00:00,18,44.331898,49.41761
2014-09-09,2014-09-09 18:00:00,19,57.274902,57.410595
2014-09-09,2014-09-09 19:00:00,20,104.001434,72.51629
2014-09-09,2014-09-09 20:00:00,21,111.90613,87.26657
2014-09-09,2014-09-09 21:00:00,22,111.90613,100.51952
2014-09-09,2014-09-09 22:00:00,23,103.76197,98.53958
2014-09-09,2014-09-09 23:00:00,24,105.20115,94.11932
2014-09-10,2014-09-10 00:00:00,1,94.17864,103.359566
2014-09-10,2014-09-10 01:00:00,2,36.664272,78.61872
2014-09-10,2014-09-10 02:00:00,3,18.208813,43.38264
2014-09-10,2014-09-10 03:00:00,4,16.293104,28.16314
2014-09-10,2014-09-10 04:00:00,5,17.729885,27.493904
2014-09-10,2014-09-10 05:00:00,6,16.77203,29.728832
2014-09-10,2014-09-10 06:00:00,7,16.05364,40.889877
2014-09-10,2014-09-10 07:00:00,8,18.453066,45.648846
2014-09-10,2014-09-10 08:00:00,9,92.02107,34.80609
2014-09-10,2014-09-10 09:00:00,10,92.5,32.822323
2014-09-10,2014-09-10 10:00:00,11,93.69732,34.80214
2014-09-10,2014-09-10 11:00:00,12,93.457855,25.538372
2014-09-10,2014-09-10 12:00:00,13,93.69732,26.988152
2014-09-10,2014-09-10 13:00:00,14,94.89464,36.17063
2014-09-10,2014-09-10 14:00:00,15,103.04358,30.522644
2014-09-10,2014-09-10 15:00:00,16,109.75096,23.603745
2014-09-10,2014-09-10 16:00:00,17,113.3477,28.877876
2014-09-10,2014-09-10 17:00:00,18,121.01533,36.33048
2014-09-10,2014-09-10 18:00:00,19,117.41858,57.551605
2014-09-10,2014-09-10 19:00:00,20,111.4272,92.971794
2014-09-10,2014-09-10 20:00:00,21,109.75335,105.48688
2014-09-10,2014-09-10 21:00:00,22,115.50048,109.05049
2014-09-10,2014-09-10 22:00:00,23,100.88362,104.91124
2014-09-10,2014-09-10 23:00:00,24,98.965515,100.783264
2014-09-11,2014-09-11 00:00:00,1,97.768196,96.419014
2014-09-11,2014-09-11 01:00:00,2,40.498085,95.54247
2014-09-11,2014-09-11 02:00:00,3,17.969349,76.89249
2014-09-11,2014-09-11 03:00:00,4,17.729885,18.794937
2014-09-11,2014-09-11 04:00:00,5,17.969349,8.362217
2014-09-11,2014-09-11 05:00:00,6,15.814177,10.782597
2014-09-11,2014-09-11 06:00:00,7,14.377395,17.901566
2014-09-11,2014-09-11 07:00:00,8,17.255747,63.91377
2014-09-11,2014-09-11 08:00:00,9,81.4751,85.44455
2014-09-11,2014-09-11 09:00:00,10,84.348656,89.38743
2014-09-11,2014-09-11 10:00:00,11,88.6614,92.813995
2014-09-11,2014-09-11 11:00:00,12,94.89464,92.176865
2014-09-11,2014-09-11 12:00:00,13,103.76197,96.24902
2014-09-11,2014-09-11 13:00:00,14,101.60201,102.64397
2014-09-11,2014-09-11 14:00:00,15,84.348656,102.37515
2014-09-11,2014-09-11 15:00:00,16,34.988026,96.55999
2014-09-11,2014-09-11 16:00:00,17,40.73755,97.7962
2014-09-11,2014-09-11 17:00:00,18,46.247604,100.61696
2014-09-11,2014-09-11 18:00:00,19,39.300766,102.624176
2014-09-11,2014-09-11 19:00:00,20,80.51724,107.19635
2014-09-11,2014-09-11 20:00:00,21,99.20498,107.42717
2014-09-11,2014-09-11 21:00:00,22,98.24712,109.14072
2014-09-11,2014-09-11 22:00:00,23,91.78161,105.5229
2014-09-11,2014-09-11 23:00:00,24,86.74329,99.47629
2014-09-12,2014-09-12 00:00:00,1,84.82758,85.638275
2014-09-12,2014-09-12 01:00:00,2,48.16571,75.5009
2014-09-12,2014-09-12 02:00:00,3,17.490421,52.802444
2014-09-12,2014-09-12 03:00:00,4,17.250957,18.400723
2014-09-12,2014-09-12 04:00:00,5,18.68774,11.447945
2014-09-12,2014-09-12 05:00:00,6,18.208813,13.756252
2014-09-12,2014-09-12 06:00:00,7,15.574713,24.981483
2014-09-12,2014-09-12 07:00:00,8,18.45067,60.385597
2014-09-12,2014-09-12 08:00:00,9,73.32615,75.81044
2014-09-12,2014-09-12 09:00:00,10,81.235634,76.03815
2014-09-12,2014-09-12 10:00:00,11,40.73755,82.77365
2014-09-12,2014-09-12 11:00:00,12,36.18774,84.22531
2014-09-12,2014-09-12 12:00:00,13,32.828064,83.55736
2014-09-12,2014-09-12 13:00:00,14,31.149426,89.77408
2014-09-12,2014-09-12 14:00:00,15,32.83046,85.22876
2014-09-12,2014-09-12 15:00:00,16,34.267242,78.15436
2014-09-12,2014-09-12 16:00:00,17,35.225098,78.06552
2014-09-12,2014-09-12 17:00:00,18,30.193966,79.01046
2014-09-12,2014-09-12 18:00:00,19,22.528736,82.22066
2014-09-12,2014-09-12 19:00:00,20,46.48707,98.046555
2014-09-12,2014-09-12 20:00:00,21,69.01102,100.91373
2014-09-12,2014-09-12 21:00:00,22,72.3659,100.56554
2014-09-12,2014-09-12 22:00:00,23,96.09196,93.20504
2014-09-12,2014-09-12 23:00:00,24,92.97653,80.15968
2014-09-13,2014-09-13 00:00:00,1,75.002396,84.48577
2014-09-13,2014-09-13 01:00:00,2,33.788315,48.83252
2014-09-13,2014-09-13 02:00:00,3,15.095785,23.704708
2014-09-13,2014-09-13 03:00:00,4,14.377395,12.023674
2014-09-13,2014-09-13 04:00:00,5,16.05364,3.8430557
2014-09-13,2014-09-13 05:00:00,6,15.335249,5.932415
2014-09-13,2014-09-13 06:00:00,7,14.856322,7.934063
2014-09-13,2014-09-13 07:00:00,8,10.78544,-0.6294632
2014-09-13,2014-09-13 08:00:00,9,11.264368,-4.6468887
2014-09-13,2014-09-13 09:00:00,10,9.348659,-1.6314774
2014-09-13,2014-09-13 10:00:00,11,11.503832,3.2955627
2014-09-13,2014-09-13 11:00:00,12,10.78544,0.18091583
2014-09-13,2014-09-13 12:00:00,13,10.06705,3.913231
2014-09-13,2014-09-13 13:00:00,14,12.461686,9.046543
2014-09-13,2014-09-13 14:00:00,15,11.9827585,8.470253
2014-09-13,2014-09-13 15:00:00,16,9.588122,7.7756157
2014-09-13,2014-09-13 16:00:00,17,11.9827585,3.506569
2014-09-13,2014-09-13 17:00:00,18,11.743295,2.9954758
2014-09-13,2014-09-13 18:00:00,19,10.06705,3.7255058
2014-09-13,2014-09-13 19:00:00,20,11.9827585,-1.7020493
2014-09-13,2014-09-13 20:00:00,21,13.659004,2.361702
2014-09-13,2014-09-13 21:00:00,22,16.77203,10.008869
2014-09-13,2014-09-13 22:00:00,23,14.6168585,7.224037
2014-09-13,2014-09-13 23:00:00,24,13.898467,5.3588142
2014-09-14,2014-09-14 00:00:00,1,16.77203,14.373936
2014-09-14,2014-09-14 01:00:00,2,16.293104,13.97879
2014-09-14,2014-09-14 02:00:00,3,13.659004,13.403076
2014-09-14,2014-09-14 03:00:00,4,14.856322,13.635391
2014-09-14,2014-09-14 04:00:00,5,17.490421,13.935436
2014-09-14,2014-09-14 05:00:00,6,15.574713,13.30323
2014-09-14,2014-09-14 06:00:00,7,14.137931,13.298428
2014-09-14,2014-09-14 07:00:00,8,11.503832,12.474659
2014-09-14,2014-09-14 08:00:00,9,11.503832,10.717243
2014-09-14,2014-09-14 09:00:00,10,9.827586,11.233185
2014-09-14,2014-09-14 10:00:00,11,12.701149,10.776798
2014-09-14,2014-09-14 11:00:00,12,11.9827585,9.769455
2014-09-14,2014-09-14 12:00:00,13,9.588122,9.435654
2014-09-14,2014-09-14 13:00:00,14,11.743295,9.4902
2014-09-14,2014-09-14 14:00:00,15,11.503832,10.172489
2014-09-14,2014-09-14 15:00:00,16,10.306514,9.748619
2014-09-14,2014-09-14 16:00:00,17,12.222222,9.326416
2014-09-14,2014-09-14 17:00:00,18,11.264368,9.845497
2014-09-14,2014-09-14 18:00:00,19,11.264368,10.314507
2014-09-14,2014-09-14 19:00:00,20,11.743295,10.274147
2014-09-14,2014-09-14 20:00:00,21,14.137931,11.979847
2014-09-14,2014-09-14 21:00:00,22,16.293104,14.267067
2014-09-14,2014-09-14 22:00:00,23,13.898467,15.706703
2014-09-14,2014-09-14 23:00:00,24,14.6168585,14.868359
2014-09-15,2014-09-15 00:00:00,1,16.532568,16.952694
2014-09-15,2014-09-15 01:00:00,2,16.532568,14.784637
2014-09-15,2014-09-15 02:00:00,3,14.6168585,15.559162
2014-09-15,2014-09-15 03:00:00,4,14.6168585,17.245632
2014-09-15,2014-09-15 04:00:00,5,16.532568,14.851307
2014-09-15,2014-09-15 05:00:00,6,15.574713,19.139019
2014-09-15,2014-09-15 06:00:00,7,14.377395,22.51308
2014-09-15,2014-09-15 07:00:00,8,17.974138,21.347805
2014-09-15,2014-09-15 08:00:00,9,92.73707,29.45396
2014-09-15,2014-09-15 09:00:00,10,96.09196,34.637974
2014-09-15,2014-09-15 10:00:00,11,98.965515,32.484768
2014-09-15,2014-09-15 11:00:00,12,99.20498,33.743694
2014-09-15,2014-09-15 12:00:00,13,108.074715,34.324066
2014-09-15,2014-09-15 13:00:00,14,111.18774,34.084343
2014-09-15,2014-09-15 14:00:00,15,104.961685,37.85251
2014-09-15,2014-09-15 15:00:00,16,103.280655,35.385357
2014-09-15,2014-09-15 16:00:00,17,107.59579,37.46882
2014-09-15,2014-09-15 17:00:00,18,112.86638,43.298946
2014-09-15,2014-09-15 18:00:00,19,115.01916,49.36615
2014-09-15,2014-09-15 19:00:00,20,113.10345,63.1408
2014-09-15,2014-09-15 20:00:00,21,110.469345,71.93305
2014-09-15,2014-09-15 21:00:00,22,108.793106,86.93528
2014-09-15,2014-09-15 22:00:00,23,104.961685,94.8226
2014-09-15,2014-09-15 23:00:00,24,102.08094,92.25154
2014-09-16,2014-09-16 00:00:00,1,104.2409,97.65728
2014-09-16,2014-09-16 01:00:00,2,49.60249,97.72963
2014-09-16,2014-09-16 02:00:00,3,26.599617,98.70125
2014-09-16,2014-09-16 03:00:00,4,25.402298,58.139175
2014-09-16,2014-09-16 04:00:00,5,23.48659,16.114075
2014-09-16,2014-09-16 05:00:00,6,21.807951,11.182808
2014-09-16,2014-09-16 06:00:00,7,17.969349,7.4306374
2014-09-16,2014-09-16 07:00:00,8,28.75479,28.443573
2014-09-16,2014-09-16 08:00:00,9,82.91188,68.40777
2014-09-16,2014-09-16 09:00:00,10,81.71456,88.65125
2014-09-16,2014-09-16 10:00:00,11,82.91188,93.01423
2014-09-16,2014-09-16 11:00:00,12,84.10919,94.61327
2014-09-16,2014-09-16 12:00:00,13,94.41571,97.34609
2014-09-16,2014-09-16 13:00:00,14,96.33142,103.58583
2014-09-16,2014-09-16 14:00:00,15,98.24712,106.076126
2014-09-16,2014-09-16 15:00:00,16,106.159004,103.01497
2014-09-16,2014-09-16 16:00:00,17,114.0637,100.52289
2014-09-16,2014-09-16 17:00:00,18,120.77107,100.5687
2014-09-16,2014-09-16 18:00:00,19,112.385056,106.19196
2014-09-16,2014-09-16 19:00:00,20,107.11686,110.82072
2014-09-16,2014-09-16 20:00:00,21,104.961685,110.4786
2014-09-16,2014-09-16 21:00:00,22,103.52251,110.149475
2014-09-16,2014-09-16 22:00:00,23,98.00766,105.5076
2014-09-16,2014-09-16 23:00:00,24,100.162834,106.664856
2014-09-17,2014-09-17 00:00:00,1,99.6863,98.80114
2014-09-17,2014-09-17 01:00:00,2,57.50958,98.66863
2014-09-17,2014-09-17 02:00:00,3,14.377395,79.7186
2014-09-17,2014-09-17 03:00:00,4,14.856322,22.295902
2014-09-17,2014-09-17 04:00:00,5,16.05364,12.005085
2014-09-17,2014-09-17 05:00:00,6,15.814177,14.821754
2014-09-17,2014-09-17 06:00:00,7,14.6168585,23.105728
2014-09-17,2014-09-17 07:00:00,8,17.734674,65.17282
2014-09-17,2014-09-17 08:00:00,9,83.63027,83.85845
2014-09-17,2014-09-17 09:00:00,10,81.4751,86.76797
2014-09-17,2014-09-17 10:00:00,11,86.74569,90.41164
2014-09-17,2014-09-17 11:00:00,12,94.17625,90.77894
2014-09-17,2014-09-17 12:00:00,13,94.89464,94.58015
2014-09-17,2014-09-17 13:00:00,14,91.77921,99.9496
2014-09-17,2014-09-17 14:00:00,15,92.5,99.48752
2014-09-17,2014-09-17 15:00:00,16,89.62404,94.310165
2014-09-17,2014-09-17 16:00:00,17,95.85488,96.91249
2014-09-17,2014-09-17 17:00:00,18,109.030174,100.30112
2014-09-17,2014-09-17 18:00:00,19,91.06322,100.18492
2014-09-17,2014-09-17 19:00:00,20,99.44444,103.87537
2014-09-17,2014-09-17 20:00:00,21,109.27203,104.23476
2014-09-17,2014-09-17 21:00:00,22,115.50288,105.78046
2014-09-17,2014-09-17 22:00:00,23,113.34291,104.81935
2014-09-17,2014-09-17 23:00:00,24,105.20115,98.50658
2014-09-18,2014-09-18 00:00:00,1,101.60201,106.70453
2014-09-18,2014-09-18 01:00:00,2,80.75431,89.92909
2014-09-18,2014-09-18 02:00:00,3,17.250957,48.979153
2014-09-18,2014-09-18 03:00:00,4,17.490421,14.079956
2014-09-18,2014-09-18 04:00:00,5,17.490421,13.002079
2014-09-18,2014-09-18 05:00:00,6,15.095785,18.50563
2014-09-18,2014-09-18 06:00:00,7,13.898467,49.71553
2014-09-18,2014-09-18 07:00:00,8,11.9827585,80.83617
2014-09-18,2014-09-18 08:00:00,9,43.613506,86.28035
2014-09-18,2014-09-18 09:00:00,10,87.94301,87.45714
2014-09-18,2014-09-18 10:00:00,11,88.18008,93.681694
2014-09-18,2014-09-18 11:00:00,12,94.89464,96.2987
2014-09-18,2014-09-18 12:00:00,13,98.48898,101.54492
2014-09-18,2014-09-18 13:00:00,14,95.373566,104.82327
2014-09-18,2014-09-18 14:00:00,15,49.363026,105.44341
2014-09-18,2014-09-18 15:00:00,16,49.604885,101.82022
2014-09-18,2014-09-18 16:00:00,17,59.909004,102.0805
2014-09-18,2014-09-18 17:00:00,18,83.151344,104.31555
2014-09-18,2014-09-18 18:00:00,19,85.54837,100.25874
2014-09-18,2014-09-18 19:00:00,20,111.4272,104.812515
2014-09-18,2014-09-18 20:00:00,21,108.793106,107.89421
2014-09-18,2014-09-18 21:00:00,22,107.35632,111.74207
2014-09-18,2014-09-18 22:00:00,23,103.99904,108.307816
2014-09-18,2014-09-18 23:00:00,24,98.965515,100.24689
2014-09-19,2014-09-19 00:00:00,1,99.44444,98.99104
2014-09-19,2014-09-19 01:00:00,2,62.543102,86.06265
2014-09-19,2014-09-19 02:00:00,3,16.532568,49.890076
2014-09-19,2014-09-19 03:00:00,4,15.814177,14.295464
2014-09-19,2014-09-19 04:00:00,5,17.250957,10.030186
2014-09-19,2014-09-19 05:00:00,6,16.293104,13.433975
2014-09-19,2014-09-19 06:00:00,7,13.898467,40.09462
2014-09-19,2014-09-19 07:00:00,8,19.171455,74.6392
2014-09-19,2014-09-19 08:00:00,9,41.695404,85.53866
2014-09-19,2014-09-19 09:00:00,10,41.695404,89.533585
2014-09-19,2014-09-19 10:00:00,11,47.686783,92.55526
2014-09-19,2014-09-19 11:00:00,12,51.28113,91.32562
2014-09-19,2014-09-19 12:00:00,13,38.82184,96.50768
2014-09-19,2014-09-19 13:00:00,14,28.036398,99.239784
2014-09-19,2014-09-19 14:00:00,15,22.047413,97.84553
2014-09-19,2014-09-19 15:00:00,16,25.399904,92.361374
2014-09-19,2014-09-19 16:00:00,17,34.267242,95.024124
2014-09-19,2014-09-19 17:00:00,18,54.396553,98.09828
2014-09-19,2014-09-19 18:00:00,19,50.08621,97.81373
2014-09-19,2014-09-19 19:00:00,20,70.45258,106.4537
2014-09-19,2014-09-19 20:00:00,21,89.85872,105.80048
2014-09-19,2014-09-19 21:00:00,22,100.16523,105.613815
2014-09-19,2014-09-19 22:00:00,23,97.049805,99.19571
2014-09-19,2014-09-19 23:00:00,24,98.72605,91.730484
2014-09-20,2014-09-20 00:00:00,1,38.34052,85.993454
2014-09-20,2014-09-20 01:00:00,2,26.83908,52.427307
2014-09-20,2014-09-20 02:00:00,3,21.57088,29.934467
2014-09-20,2014-09-20 03:00:00,4,17.969349,22.623325
2014-09-20,2014-09-20 04:00:00,5,16.532568,18.992977
2014-09-20,2014-09-20 05:00:00,6,15.335249,21.975163
2014-09-20,2014-09-20 06:00:00,7,14.137931,21.766026
2014-09-20,2014-09-20 07:00:00,8,10.545977,15.287361
2014-09-20,2014-09-20 08:00:00,9,9.827586,12.852188
2014-09-20,2014-09-20 09:00:00,10,8.630268,13.571304
2014-09-20,2014-09-20 10:00:00,11,11.264368,18.828648
2014-09-20,2014-09-20 11:00:00,12,11.024904,18.172546
2014-09-20,2014-09-20 12:00:00,13,9.827586,17.541138
2014-09-20,2014-09-20 13:00:00,14,11.9827585,20.792133
2014-09-20,2014-09-20 14:00:00,15,11.503832,19.795082
2014-09-20,2014-09-20 15:00:00,16,10.06705,20.185162
2014-09-20,2014-09-20 16:00:00,17,11.264368,18.832615
2014-09-20,2014-09-20 17:00:00,18,10.78544,15.784512
2014-09-20,2014-09-20 18:00:00,19,9.827586,17.420135
2014-09-20,2014-09-20 19:00:00,20,11.743295,16.51979
2014-09-20,2014-09-20 20:00:00,21,14.377395,18.186222
2014-09-20,2014-09-20 21:00:00,22,18.690134,22.928104
2014-09-20,2014-09-20 22:00:00,23,14.6168585,21.744698
2014-09-20,2014-09-20 23:00:00,24,14.137931,21.972641
2014-09-21,2014-09-21 00:00:00,1,16.293104,14.630795
2014-09-21,2014-09-21 01:00:00,2,15.095785,14.173241
2014-09-21,2014-09-21 02:00:00,3,12.940613,13.461941
2014-09-21,2014-09-21 03:00:00,4,13.41954,13.525993
2014-09-21,2014-09-21 04:00:00,5,17.969349,14.142433
2014-09-21,2014-09-21 05:00:00,6,16.293104,13.613903
2014-09-21,2014-09-21 06:00:00,7,13.180077,13.258984
2014-09-21,2014-09-21 07:00:00,8,10.78544,12.294983
2014-09-21,2014-09-21 08:00:00,9,9.827586,10.330593
2014-09-21,2014-09-21 09:00:00,10,8.869732,10.665054
2014-09-21,2014-09-21 10:00:00,11,11.503832,10.509312
2014-09-21,2014-09-21 11:00:00,12,11.743295,9.737232
2014-09-21,2014-09-21 12:00:00,13,9.588122,9.193573
2014-09-21,2014-09-21 13:00:00,14,9.348659,9.542065
2014-09-21,2014-09-21 14:00:00,15,7.4305553,9.961372
2014-09-21,2014-09-21 15:00:00,16,6.4703064,9.684269
2014-09-21,2014-09-21 16:00:00,17,8.390804,9.256023
2014-09-21,2014-09-21 17:00:00,18,7.670019,10.07954
2014-09-21,2014-09-21 18:00:00,19,7.1886973,10.920822
2014-09-21,2014-09-21 19:00:00,20,7.9118776,11.182552
2014-09-21,2014-09-21 20:00:00,21,12.701149,12.942959
2014-09-21,2014-09-21 21:00:00,22,13.180077,15.058426
2014-09-21,2014-09-21 22:00:00,23,10.78544,16.097866
2014-09-21,2014-09-21 23:00:00,24,11.503832,15.033649
2014-09-22,2014-09-22 00:00:00,1,13.659004,13.597462
2014-09-22,2014-09-22 01:00:00,2,12.461686,13.257633
2014-09-22,2014-09-22 02:00:00,3,11.024904,16.504894
2014-09-22,2014-09-22 03:00:00,4,12.940613,17.762295
2014-09-22,2014-09-22 04:00:00,5,13.180077,14.013874
2014-09-22,2014-09-22 05:00:00,6,13.41954,18.474869
2014-09-22,2014-09-22 06:00:00,7,11.9827585,28.118164
2014-09-22,2014-09-22 07:00:00,8,17.016283,25.755135
2014-09-22,2014-09-22 08:00:00,9,77.16235,31.442276
2014-09-22,2014-09-22 09:00:00,10,86.98755,39.664864
2014-09-22,2014-09-22 10:00:00,11,94.41571,37.484833
2014-09-22,2014-09-22 11:00:00,12,94.89464,38.13984
2014-09-22,2014-09-22 12:00:00,13,99.20498,37.02897
2014-09-22,2014-09-22 13:00:00,14,93.69732,33.326694
2014-09-22,2014-09-22 14:00:00,15,95.1341,34.446697
2014-09-22,2014-09-22 15:00:00,16,94.41571,36.109085
2014-09-22,2014-09-22 16:00:00,17,103.759575,42.96498
2014-09-22,2014-09-22 17:00:00,18,120.292145,55.34299
2014-09-22,2014-09-22 18:00:00,19,114.0613,66.89049
2014-09-22,2014-09-22 19:00:00,20,110.469345,84.93964
2014-09-22,2014-09-22 20:00:00,21,109.5115,93.92976
2014-09-22,2014-09-22 21:00:00,22,113.582375,104.58884
2014-09-22,2014-09-22 22:00:00,23,103.759575,101.419525
2014-09-22,2014-09-22 23:00:00,24,99.92337,92.91454
2014-09-23,2014-09-23 00:00:00,1,98.00766,96.09613
2014-09-23,2014-09-23 01:00:00,2,40.49569,95.63982
2014-09-23,2014-09-23 02:00:00,3,26.360153,88.302795
2014-09-23,2014-09-23 03:00:00,4,26.360153,36.82511
2014-09-23,2014-09-23 04:00:00,5,24.923372,9.392509
2014-09-23,2014-09-23 05:00:00,6,21.807951,9.232395
2014-09-23,2014-09-23 06:00:00,7,16.05364,8.859459
2014-09-23,2014-09-23 07:00:00,8,23.244732,43.879925
2014-09-23,2014-09-23 08:00:00,9,87.461685,75.87776
2014-09-23,2014-09-23 09:00:00,10,88.663795,86.090355
2014-09-23,2014-09-23 10:00:00,11,92.73946,91.097305
2014-09-23,2014-09-23 11:00:00,12,98.00766,92.46349
2014-09-23,2014-09-23 12:00:00,13,98.48659,96.33443
2014-09-23,2014-09-23 13:00:00,14,98.48659,103.64642
2014-09-23,2014-09-23 14:00:00,15,94.41571,103.541435
2014-09-23,2014-09-23 15:00:00,16,91.542145,98.673225
2014-09-23,2014-09-23 16:00:00,17,95.373566,96.74189
2014-09-23,2014-09-23 17:00:00,18,108.55364,98.44273
2014-09-23,2014-09-23 18:00:00,19,99.68391,103.762924
2014-09-23,2014-09-23 19:00:00,20,97.049805,107.57921
2014-09-23,2014-09-23 20:00:00,21,96.570885,108.19903
2014-09-23,2014-09-23 21:00:00,22,96.81035,109.27662
2014-09-23,2014-09-23 22:00:00,23,94.17625,104.45534
2014-09-23,2014-09-23 23:00:00,24,88.18487,102.7074
2014-09-24,2014-09-24 00:00:00,1,50.081417,86.09342
2014-09-24,2014-09-24 01:00:00,2,20.608238,90.81114
2014-09-24,2014-09-24 02:00:00,3,16.293104,74.75977
2014-09-24,2014-09-24 03:00:00,4,17.969349,19.171486
2014-09-24,2014-09-24 04:00:00,5,18.208813,9.141064
2014-09-24,2014-09-24 05:00:00,6,17.969349,11.931698
2014-09-24,2014-09-24 06:00:00,7,15.335249,22.286629
2014-09-24,2014-09-24 07:00:00,8,16.056034,64.57309
2014-09-24,2014-09-24 08:00:00,9,24.923372,82.84415
2014-09-24,2014-09-24 09:00:00,10,28.036398,85.131096
2014-09-24,2014-09-24 10:00:00,11,29.233717,89.81686
2014-09-24,2014-09-24 11:00:00,12,25.641762,91.61264
2014-09-24,2014-09-24 12:00:00,13,24.20498,96.15796
2014-09-24,2014-09-24 13:00:00,14,21.805555,101.4129
2014-09-24,2014-09-24 14:00:00,15,26.118296,100.815735
2014-09-24,2014-09-24 15:00:00,16,30.19157,96.875786
2014-09-24,2014-09-24 16:00:00,17,33.788315,97.289825
2014-09-24,2014-09-24 17:00:00,18,38.57998,99.832306
2014-09-24,2014-09-24 18:00:00,19,31.149426,100.83447
2014-09-24,2014-09-24 19:00:00,20,57.990902,105.06148
2014-09-24,2014-09-24 20:00:00,21,102.08094,104.523834
2014-09-24,2014-09-24 21:00:00,22,109.5115,103.911606
2014-09-24,2014-09-24 22:00:00,23,99.207375,101.28349
2014-09-24,2014-09-24 23:00:00,24,74.04454,94.31831
2014-09-25,2014-09-25 00:00:00,1,36.903736,63.35754
2014-09-25,2014-09-25 01:00:00,2,19.166666,36.701744
2014-09-25,2014-09-25 02:00:00,3,13.180077,18.110748
2014-09-25,2014-09-25 03:00:00,4,13.898467,19.712257
2014-09-25,2014-09-25 04:00:00,5,15.095785,25.483177
2014-09-25,2014-09-25 05:00:00,6,13.41954,39.519913
2014-09-25,2014-09-25 06:00:00,7,12.222222,48.91999
2014-09-25,2014-09-25 07:00:00,8,12.703544,38.238476
2014-09-25,2014-09-25 08:00:00,9,32.351532,23.433887
2014-09-25,2014-09-25 09:00:00,10,40.25862,23.504093
2014-09-25,2014-09-25 10:00:00,11,42.89272,31.760113
2014-09-25,2014-09-25 11:00:00,12,45.05029,31.72768
2014-09-25,2014-09-25 12:00:00,13,49.604885,36.256348
2014-09-25,2014-09-25 13:00:00,14,44.813217,39.237053
2014-09-25,2014-09-25 14:00:00,15,35.94588,36.868446
2014-09-25,2014-09-25 15:00:00,16,36.666668,39.262352
2014-09-25,2014-09-25 16:00:00,17,46.245213,36.938705
2014-09-25,2014-09-25 17:00:00,18,52.238983,35.873672
2014-09-25,2014-09-25 18:00:00,19,74.52347,49.4636
2014-09-25,2014-09-25 19:00:00,20,116.93965,79.58451
2014-09-25,2014-09-25 20:00:00,21,113.10345,102.79578
2014-09-25,2014-09-25 21:00:00,22,109.03257,107.40062
2014-09-25,2014-09-25 22:00:00,23,97.28927,97.222595
2014-09-25,2014-09-25 23:00:00,24,94.89464,88.058075
2014-09-26,2014-09-26 00:00:00,1,94.41571,91.539024
2014-09-26,2014-09-26 01:00:00,2,64.70067,62.893696
2014-09-26,2014-09-26 02:00:00,3,11.503832,24.798862
2014-09-26,2014-09-26 03:00:00,4,12.701149,13.843399
2014-09-26,2014-09-26 04:00:00,5,14.377395,15.752876
2014-09-26,2014-09-26 05:00:00,6,13.898467,26.497341
2014-09-26,2014-09-26 06:00:00,7,11.503832,45.4905
2014-09-26,2014-09-26 07:00:00,8,13.421935,53.388657
2014-09-26,2014-09-26 08:00:00,9,27.796934,46.932747
2014-09-26,2014-09-26 09:00:00,10,29.233717,44.16419
2014-09-26,2014-09-26 10:00:00,11,26.360153,43.730286
2014-09-26,2014-09-26 11:00:00,12,29.712645,36.90352
2014-09-26,2014-09-26 12:00:00,13,28.515326,38.101685
2014-09-26,2014-09-26 13:00:00,14,26.83908,42.316906
2014-09-26,2014-09-26 14:00:00,15,24.20498,38.824287
2014-09-26,2014-09-26 15:00:00,16,25.641762,33.145237
2014-09-26,2014-09-26 16:00:00,17,39.29837,38.87426
2014-09-26,2014-09-26 17:00:00,18,108.31418,49.62706
2014-09-26,2014-09-26 18:00:00,19,109.27203,70.26178
2014-09-26,2014-09-26 19:00:00,20,107.59579,101.95337
2014-09-26,2014-09-26 20:00:00,21,103.52251,105.808426
2014-09-26,2014-09-26 21:00:00,22,104.24329,106.79355
2014-09-26,2014-09-26 22:00:00,23,104.2409,100.574234
2014-09-26,2014-09-26 23:00:00,24,113.34291,94.79433
2014-09-27,2014-09-27 00:00:00,1,54.63362,107.761154
2014-09-27,2014-09-27 01:00:00,2,22.286877,76.65233
2014-09-27,2014-09-27 02:00:00,3,17.250957,47.013542
2014-09-27,2014-09-27 03:00:00,4,16.293104,30.839588
2014-09-27,2014-09-27 04:00:00,5,17.729885,29.65865
2014-09-27,2014-09-27 05:00:00,6,14.856322,26.124226
2014-09-27,2014-09-27 06:00:00,7,13.180077,29.197853
2014-09-27,2014-09-27 07:00:00,8,9.588122,29.558113
2014-09-27,2014-09-27 08:00:00,9,9.348659,23.001854
2014-09-27,2014-09-27 09:00:00,10,7.670019,22.342575
2014-09-27,2014-09-27 10:00:00,11,9.109196,26.610413
2014-09-27,2014-09-27 11:00:00,12,9.348659,28.316368
2014-09-27,2014-09-27 12:00:00,13,8.38841,25.062832
2014-09-27,2014-09-27 13:00:00,14,11.503832,28.726852
2014-09-27,2014-09-27 14:00:00,15,10.306514,33.306713
2014-09-27,2014-09-27 15:00:00,16,8.630268,20.914791
2014-09-27,2014-09-27 16:00:00,17,9.109196,21.557465
2014-09-27,2014-09-27 17:00:00,18,8.869732,31.84676
2014-09-27,2014-09-27 18:00:00,19,7.4305553,44.732635
2014-09-27,2014-09-27 19:00:00,20,10.545977,61.620926
2014-09-27,2014-09-27 20:00:00,21,14.137931,73.412285
2014-09-27,2014-09-27 21:00:00,22,14.6168585,81.68414
2014-09-27,2014-09-27 22:00:00,23,11.743295,78.868004
2014-09-27,2014-09-27 23:00:00,24,13.180077,74.65184
2014-09-28,2014-09-28 00:00:00,1,14.377395,13.487419
2014-09-28,2014-09-28 01:00:00,2,15.335249,12.783302
2014-09-28,2014-09-28 02:00:00,3,12.940613,11.952583
2014-09-28,2014-09-28 03:00:00,4,12.461686,11.556259
2014-09-28,2014-09-28 04:00:00,5,13.898467,12.361042
2014-09-28,2014-09-28 05:00:00,6,13.898467,12.015278
2014-09-28,2014-09-28 06:00:00,7,13.659004,11.405235
2014-09-28,2014-09-28 07:00:00,8,9.588122,10.413673
2014-09-28,2014-09-28 08:00:00,9,9.109196,8.470505
2014-09-28,2014-09-28 09:00:00,10,7.191092,8.5950775
2014-09-28,2014-09-28 10:00:00,11,9.588122,8.780399
2014-09-28,2014-09-28 11:00:00,12,8.867337,8.487724
2014-09-28,2014-09-28 12:00:00,13,7.43295,7.457939
2014-09-28,2014-09-28 13:00:00,14,8.630268,7.974407
2014-09-28,2014-09-28 14:00:00,15,8.630268,8.361076
2014-09-28,2014-09-28 15:00:00,16,7.672414,8.027504
2014-09-28,2014-09-28 16:00:00,17,9.109196,7.840866
2014-09-28,2014-09-28 17:00:00,18,8.151341,9.325909
2014-09-28,2014-09-28 18:00:00,19,7.428161,10.281017
2014-09-28,2014-09-28 19:00:00,20,9.348659,10.930828
2014-09-28,2014-09-28 20:00:00,21,11.743295,12.374985
2014-09-28,2014-09-28 21:00:00,22,13.180077,13.435661
2014-09-28,2014-09-28 22:00:00,23,12.461686,13.757473
2014-09-28,2014-09-28 23:00:00,24,11.503832,12.840488
2014-09-29,2014-09-29 00:00:00,1,13.41954,13.732113
2014-09-29,2014-09-29 01:00:00,2,13.659004,14.028046
2014-09-29,2014-09-29 02:00:00,3,10.78544,17.218105
2014-09-29,2014-09-29 03:00:00,4,11.743295,18.595387
2014-09-29,2014-09-29 04:00:00,5,13.41954,16.830952
2014-09-29,2014-09-29 05:00:00,6,14.377395,23.968182
2014-09-29,2014-09-29 06:00:00,7,11.9827585,34.542892
2014-09-29,2014-09-29 07:00:00,8,12.461686,30.947083
2014-09-29,2014-09-29 08:00:00,9,32.11207,35.3347
2014-09-29,2014-09-29 09:00:00,10,36.18774,41.997246
2014-09-29,2014-09-29 10:00:00,11,39.061302,37.73719
2014-09-29,2014-09-29 11:00:00,12,39.54023,39.042755
2014-09-29,2014-09-29 12:00:00,13,29.954502,37.08943
2014-09-29,2014-09-29 13:00:00,14,28.515326,33.188084
2014-09-29,2014-09-29 14:00:00,15,21.087164,36.381393
2014-09-29,2014-09-29 15:00:00,16,18.211206,41.49604
2014-09-29,2014-09-29 16:00:00,17,31.633142,52.665916
2014-09-29,2014-09-29 17:00:00,18,52.480843,68.109436
2014-09-29,2014-09-29 18:00:00,19,46.00575,81.06094
2014-09-29,2014-09-29 19:00:00,20,69.97127,95.199905
2014-09-29,2014-09-29 20:00:00,21,90.10058,99.71721
2014-09-29,2014-09-29 21:00:00,22,102.56226,103.31039
2014-09-29,2014-09-29 22:00:00,23,102.325195,92.57604
2014-09-29,2014-09-29 23:00:00,24,100.162834,82.49095
2014-09-30,2014-09-30 00:00:00,1,100.4023,97.52202
2014-09-30,2014-09-30 01:00:00,2,71.40804,75.39028
2014-09-30,2014-09-30 02:00:00,3,22.286877,39.175476
2014-09-30,2014-09-30 03:00:00,4,21.08477,16.767944
2014-09-30,2014-09-30 04:00:00,5,21.807951,13.805317
2014-09-30,2014-09-30 05:00:00,6,18.448277,20.114964
2014-09-30,2014-09-30 06:00:00,7,15.335249,34.58741
2014-09-30,2014-09-30 07:00:00,8,14.379789,44.69761
2014-09-30,2014-09-30 08:00:00,9,23.484196,34.37526
2014-09-30,2014-09-30 09:00:00,10,21.810345,29.236488
2014-09-30,2014-09-30 10:00:00,11,33.309387,34.25655
2014-09-30,2014-09-30 11:00:00,12,43.132183,27.804207
2014-09-30,2014-09-30 12:00:00,13,46.25,31.975811
2014-09-30,2014-09-30 13:00:00,14,34.985634,40.09655
2014-09-30,2014-09-30 14:00:00,15,30.431034,33.377197
2014-09-30,2014-09-30 15:00:00,16,30.431034,33.25599
2014-09-30,2014-09-30 16:00:00,17,31.38889,35.672424
2014-09-30,2014-09-30 17:00:00,18,40.019157,33.510956
2014-09-30,2014-09-30 18:00:00,19,36.661877,49.754623
2014-09-30,2014-09-30 19:00:00,20,83.393196,80.282684
2014-09-30,2014-09-30 20:00:00,21,91.542145,89.72444
2014-09-30,2014-09-30 21:00:00,22,92.26054,99.88702
2014-09-30,2014-09-30 22:00:00,23,96.570885,97.90015
2014-09-30,2014-09-30 23:00:00,24,102.320404,92.083824
2014-10-01,2014-10-01 00:00:00,1,87.94301,99.84726
2014-10-01,2014-10-01 01:00:00,2,36.18295,83.40852
2014-10-01,2014-10-01 02:00:00,3,24.444445,50.68998
2014-10-01,2014-10-01 03:00:00,4,22.047413,18.92905
2014-10-01,2014-10-01 04:00:00,5,19.408525,15.394028
2014-10-01,2014-10-01 05:00:00,6,18.448277,21.301918
2014-10-01,2014-10-01 06:00:00,7,13.180077,31.778019
2014-10-01,2014-10-01 07:00:00,8,10.78544,47.94213
2014-10-01,2014-10-01 08:00:00,9,11.264368,41.543564
2014-10-01,2014-10-01 09:00:00,10,10.78544,36.053684
2014-10-01,2014-10-01 10:00:00,11,16.295498,38.052322
2014-10-01,2014-10-01 11:00:00,12,23.247126,28.592922
2014-10-01,2014-10-01 12:00:00,13,32.109673,32.27168
2014-10-01,2014-10-01 13:00:00,14,33.788315,40.744377
2014-10-01,2014-10-01 14:00:00,15,30.431034,33.49237
2014-10-01,2014-10-01 15:00:00,16,29.954502,32.19651
2014-10-01,2014-10-01 16:00:00,17,39.779694,35.002678
2014-10-01,2014-10-01 17:00:00,18,49.363026,34.945118
2014-10-01,2014-10-01 18:00:00,19,38.34291,51.535507
2014-10-01,2014-10-01 19:00:00,20,78.35728,85.92831
2014-10-01,2014-10-01 20:00:00,21,105.68008,96.2843
2014-10-01,2014-10-01 21:00:00,22,105.19875,102.786194
2014-10-01,2014-10-01 22:00:00,23,103.52251,100.2062
2014-10-01,2014-10-01 23:00:00,24,106.63793,92.25209
2014-10-02,2014-10-02 00:00:00,1,100.16523,105.64595
2014-10-02,2014-10-02 01:00:00,2,74.52347,78.08627
2014-10-02,2014-10-02 02:00:00,3,21.087164,40.203102
2014-10-02,2014-10-02 03:00:00,4,20.126915,21.703552
2014-10-02,2014-10-02 04:00:00,5,22.286877,18.242805
2014-10-02,2014-10-02 05:00:00,6,20.371168,22.075672
2014-10-02,2014-10-02 06:00:00,7,16.293104,36.313953
2014-10-02,2014-10-02 07:00:00,8,17.492817,42.108826
2014-10-02,2014-10-02 08:00:00,9,22.52634,29.964588
2014-10-02,2014-10-02 09:00:00,10,22.765804,25.120285
2014-10-02,2014-10-02 10:00:00,11,26.599617,31.719265
2014-10-02,2014-10-02 11:00:00,12,25.402298,28.506416
2014-10-02,2014-10-02 12:00:00,13,26.360153,31.583797
2014-10-02,2014-10-02 13:00:00,14,25.402298,37.11455
2014-10-02,2014-10-02 14:00:00,15,28.75479,37.049854
2014-10-02,2014-10-02 15:00:00,16,24.683908,38.740356
2014-10-02,2014-10-02 16:00:00,17,29.23611,37.151535
2014-10-02,2014-10-02 17:00:00,18,73.086685,36.05413
2014-10-02,2014-10-02 18:00:00,19,93.21839,48.421577
2014-10-02,2014-10-02 19:00:00,20,111.429596,74.12677
2014-10-02,2014-10-02 20:00:00,21,114.30316,95.44122
2014-10-02,2014-10-02 21:00:00,22,111.18774,111.3226
2014-10-02,2014-10-02 22:00:00,23,102.320404,106.96858
2014-10-02,2014-10-02 23:00:00,24,107.35632,100.14015
2014-10-03,2014-10-03 00:00:00,1,94.413315,103.12944
2014-10-03,2014-10-03 01:00:00,2,49.84435,89.24018
2014-10-03,2014-10-03 02:00:00,3,20.608238,68.46683
2014-10-03,2014-10-03 03:00:00,4,18.927202,36.569878
2014-10-03,2014-10-03 04:00:00,5,17.250957,29.387672
2014-10-03,2014-10-03 05:00:00,6,18.208813,20.765797
2014-10-03,2014-10-03 06:00:00,7,15.095785,20.980404
2014-10-03,2014-10-03 07:00:00,8,16.295498,38.714813
2014-10-03,2014-10-03 08:00:00,9,28.036398,38.123833
2014-10-03,2014-10-03 09:00:00,10,29.952106,35.746582
2014-10-03,2014-10-03 10:00:00,11,37.86159,31.992573
2014-10-03,2014-10-03 11:00:00,12,44.329502,28.433342
2014-10-03,2014-10-03 12:00:00,13,44.329502,23.566875
2014-10-03,2014-10-03 13:00:00,14,43.371647,30.596249
2014-10-03,2014-10-03 14:00:00,15,39.54023,30.504337
2014-10-03,2014-10-03 15:00:00,16,48.16571,15.915886
2014-10-03,2014-10-03 16:00:00,17,76.92289,25.257957
2014-10-03,2014-10-03 17:00:00,18,103.52012,46.705498
2014-10-03,2014-10-03 18:00:00,19,99.92816,64.350365
2014-10-03,2014-10-03 19:00:00,20,106.159004,89.7873
2014-10-03,2014-10-03 20:00:00,21,107.83525,99.10811
2014-10-03,2014-10-03 21:00:00,22,106.63554,102.871796
2014-10-03,2014-10-03 22:00:00,23,99.6863,100.13878
2014-10-03,2014-10-03 23:00:00,24,101.84387,90.5562
2014-10-04,2014-10-04 00:00:00,1,100.64176,78.47746
2014-10-04,2014-10-04 01:00:00,2,95.1341,42.047165
2014-10-04,2014-10-04 02:00:00,3,22.528736,26.270039
2014-10-04,2014-10-04 03:00:00,4,19.408525,18.439968
2014-10-04,2014-10-04 04:00:00,5,19.889847,16.10308
2014-10-04,2014-10-04 05:00:00,6,18.208813,14.329746
2014-10-04,2014-10-04 06:00:00,7,14.377395,11.327648
2014-10-04,2014-10-04 07:00:00,8,12.940613,5.365082
2014-10-04,2014-10-04 08:00:00,9,11.264368,1.4161072
2014-10-04,2014-10-04 09:00:00,10,10.06705,3.4455757
2014-10-04,2014-10-04 10:00:00,11,12.461686,7.22229
2014-10-04,2014-10-04 11:00:00,12,10.78544,2.7231293
2014-10-04,2014-10-04 12:00:00,13,10.06705,0.49623108
2014-10-04,2014-10-04 13:00:00,14,14.137931,7.1800613
2014-10-04,2014-10-04 14:00:00,15,13.659004,6.938923
2014-10-04,2014-10-04 15:00:00,16,9.827586,9.188854
2014-10-04,2014-10-04 16:00:00,17,11.503832,13.075577
2014-10-04,2014-10-04 17:00:00,18,11.264368,6.908886
2014-10-04,2014-10-04 18:00:00,19,10.545977,4.7373238
2014-10-04,2014-10-04 19:00:00,20,13.41954,6.3794937
2014-10-04,2014-10-04 20:00:00,21,15.574713,6.4608116
2014-10-04,2014-10-04 21:00:00,22,16.532568,8.013592
2014-10-04,2014-10-04 22:00:00,23,14.137931,5.7326164
2014-10-04,2014-10-04 23:00:00,24,15.335249,8.7344475
2014-10-05,2014-10-05 00:00:00,1,16.293104,15.796761
2014-10-05,2014-10-05 01:00:00,2,16.532568,15.217064
2014-10-05,2014-10-05 02:00:00,3,14.856322,14.401764
2014-10-05,2014-10-05 03:00:00,4,17.253353,14.307419
2014-10-05,2014-10-05 04:00:00,5,18.448277,14.980537
2014-10-05,2014-10-05 05:00:00,6,18.208813,14.58313
2014-10-05,2014-10-05 06:00:00,7,16.05364,14.301319
2014-10-05,2014-10-05 07:00:00,8,13.180077,13.069923
2014-10-05,2014-10-05 08:00:00,9,11.743295,10.654625
2014-10-05,2014-10-05 09:00:00,10,10.306514,10.861599
2014-10-05,2014-10-05 10:00:00,11,12.222222,11.134914
2014-10-05,2014-10-05 11:00:00,12,12.222222,10.558239
2014-10-05,2014-10-05 12:00:00,13,10.06705,9.550274
2014-10-05,2014-10-05 13:00:00,14,11.9827585,10.022388
2014-10-05,2014-10-05 14:00:00,15,11.743295,10.246536
2014-10-05,2014-10-05 15:00:00,16,10.06705,10.126518
2014-10-05,2014-10-05 16:00:00,17,11.9827585,9.727848
2014-10-05,2014-10-05 17:00:00,18,11.024904,11.008038
2014-10-05,2014-10-05 18:00:00,19,11.264368,11.990562
2014-10-05,2014-10-05 19:00:00,20,13.659004,12.555428
2014-10-05,2014-10-05 20:00:00,21,14.856322,14.347324
2014-10-05,2014-10-05 21:00:00,22,16.77203,15.6311
2014-10-05,2014-10-05 22:00:00,23,14.137931,15.974545
2014-10-05,2014-10-05 23:00:00,24,15.335249,14.981033
2014-10-06,2014-10-06 00:00:00,1,16.77203,17.752266
2014-10-06,2014-10-06 01:00:00,2,16.532568,17.663887
2014-10-06,2014-10-06 02:00:00,3,15.095785,20.378117
2014-10-06,2014-10-06 03:00:00,4,14.6168585,21.49482
2014-10-06,2014-10-06 04:00:00,5,16.77203,18.178257
2014-10-06,2014-10-06 05:00:00,6,16.05364,25.60213
2014-10-06,2014-10-06 06:00:00,7,14.6168585,37.1451
2014-10-06,2014-10-06 07:00:00,8,21.568487,32.76486
2014-10-06,2014-10-06 08:00:00,9,79.55939,37.69926
2014-10-06,2014-10-06 09:00:00,10,81.4751,44.418312
2014-10-06,2014-10-06 10:00:00,11,88.42433,39.463184
2014-10-06,2014-10-06 11:00:00,12,96.09196,40.495796
2014-10-06,2014-10-06 12:00:00,13,106.63554,40.17938
2014-10-06,2014-10-06 13:00:00,14,106.39847,35.968826
2014-10-06,2014-10-06 14:00:00,15,100.64176,37.50551
2014-10-06,2014-10-06 15:00:00,16,105.43582,41.825935
2014-10-06,2014-10-06 16:00:00,17,107.83525,52.268658
2014-10-06,2014-10-06 17:00:00,18,110.22988,67.187065
2014-10-06,2014-10-06 18:00:00,19,104.719826,80.114296
2014-10-06,2014-10-06 19:00:00,20,120.29454,95.99716
2014-10-06,2014-10-06 20:00:00,21,117.420975,100.42169
2014-10-06,2014-10-06 21:00:00,22,114.30316,106.317474
2014-10-06,2014-10-06 22:00:00,23,106.877396,98.02828
2014-10-06,2014-10-06 23:00:00,24,102.56226,88.53226
2014-10-07,2014-10-07 00:00:00,1,101.60441,97.8105
2014-10-07,2014-10-07 01:00:00,2,73.086685,95.79257
2014-10-07,2014-10-07 02:00:00,3,20.608238,88.15586
2014-10-07,2014-10-07 03:00:00,4,17.971743,37.725754
2014-10-07,2014-10-07 04:00:00,5,16.77203,10.39484
2014-10-07,2014-10-07 05:00:00,6,13.898467,9.596008
2014-10-07,2014-10-07 06:00:00,7,12.222222,8.582188
2014-10-07,2014-10-07 07:00:00,8,20.847702,42.438007
2014-10-07,2014-10-07 08:00:00,9,89.62404,73.610985
2014-10-07,2014-10-07 09:00:00,10,95.61303,84.90555
2014-10-07,2014-10-07 10:00:00,11,101.364944,89.84609
2014-10-07,2014-10-07 11:00:00,12,98.965515,90.88681
2014-10-07,2014-10-07 12:00:00,13,98.48659,95.93055
2014-10-07,2014-10-07 13:00:00,14,94.89464,103.10974
2014-10-07,2014-10-07 14:00:00,15,97.28927,102.53893
2014-10-07,2014-10-07 15:00:00,16,105.19875,97.661835
2014-10-07,2014-10-07 16:00:00,17,110.70881,94.923874
2014-10-07,2014-10-07 17:00:00,18,116.6978,96.17726
2014-10-07,2014-10-07 18:00:00,19,108.55364,101.293686
2014-10-07,2014-10-07 19:00:00,20,119.578545,105.56671
2014-10-07,2014-10-07 20:00:00,21,118.381226,107.132416
2014-10-07,2014-10-07 21:00:00,22,115.02395,109.50329
2014-10-07,2014-10-07 22:00:00,23,105.44061,104.69299
2014-10-07,2014-10-07 23:00:00,24,103.764366,101.8078
2014-10-08,2014-10-08 00:00:00,1,100.162834,100.641846
2014-10-08,2014-10-08 01:00:00,2,59.667145,98.959694
2014-10-08,2014-10-08 02:00:00,3,15.095785,82.173325
2014-10-08,2014-10-08 03:00:00,4,12.701149,23.707672
2014-10-08,2014-10-08 04:00:00,5,14.377395,8.607929
2014-10-08,2014-10-08 05:00:00,6,14.377395,9.214069
2014-10-08,2014-10-08 06:00:00,7,12.461686,13.484104
2014-10-08,2014-10-08 07:00:00,8,24.202587,58.89791
2014-10-08,2014-10-08 08:00:00,9,89.861115,84.9634
2014-10-08,2014-10-08 09:00:00,10,90.58429,90.582306
2014-10-08,2014-10-08 10:00:00,11,90.10536,94.40958
2014-10-08,2014-10-08 11:00:00,12,89.62404,93.99881
2014-10-08,2014-10-08 12:00:00,13,94.89224,98.15047
2014-10-08,2014-10-08 13:00:00,14,100.40469,106.18149
2014-10-08,2014-10-08 14:00:00,15,98.72605,105.44626
2014-10-08,2014-10-08 15:00:00,16,96.570885,98.997635
2014-10-08,2014-10-08 16:00:00,17,101.84148,98.586975
2014-10-08,2014-10-08 17:00:00,18,111.666664,101.000854
2014-10-08,2014-10-08 18:00:00,19,109.990425,104.62358
2014-10-08,2014-10-08 19:00:00,20,114.784485,108.59862
2014-10-08,2014-10-08 20:00:00,21,113.82184,108.558685
2014-10-08,2014-10-08 21:00:00,22,109.990425,110.72199
2014-10-08,2014-10-08 22:00:00,23,104.72222,107.16917
2014-10-08,2014-10-08 23:00:00,24,102.3228,102.41484
2014-10-09,2014-10-09 00:00:00,1,97.52873,99.68373
2014-10-09,2014-10-09 01:00:00,2,71.41044,97.4535
2014-10-09,2014-10-09 02:00:00,3,18.208813,72.66675
2014-10-09,2014-10-09 03:00:00,4,16.532568,16.181652
2014-10-09,2014-10-09 04:00:00,5,16.532568,9.932926
2014-10-09,2014-10-09 05:00:00,6,15.814177,13.117447
2014-10-09,2014-10-09 06:00:00,7,13.659004,26.954674
2014-10-09,2014-10-09 07:00:00,8,22.765804,72.44289
2014-10-09,2014-10-09 08:00:00,9,84.35105,89.60068
2014-10-09,2014-10-09 09:00:00,10,91.058426,92.57456
2014-10-09,2014-10-09 10:00:00,11,100.40709,95.1522
2014-10-09,2014-10-09 11:00:00,12,106.39847,94.19669
2014-10-09,2014-10-09 12:00:00,13,109.75096,99.736694
2014-10-09,2014-10-09 13:00:00,14,106.877396,105.47004
2014-10-09,2014-10-09 14:00:00,15,105.20115,104.54964
2014-10-09,2014-10-09 15:00:00,16,102.55987,98.59173
2014-10-09,2014-10-09 16:00:00,17,105.91954,99.49193
2014-10-09,2014-10-09 17:00:00,18,104.2385,102.24498
2014-10-09,2014-10-09 18:00:00,19,94.41571,102.558304
2014-10-09,2014-10-09 19:00:00,20,112.385056,108.071594
2014-10-09,2014-10-09 20:00:00,21,109.5115,108.1367
2014-10-09,2014-10-09 21:00:00,22,108.31418,109.068405
2014-10-09,2014-10-09 22:00:00,23,104.24329,106.36638
2014-10-09,2014-10-09 23:00:00,24,102.320404,99.33403
2014-10-10,2014-10-10 00:00:00,1,102.56226,100.16078
2014-10-10,2014-10-10 01:00:00,2,69.25527,98.7711
2014-10-10,2014-10-10 02:00:00,3,18.927202,73.1047
2014-10-10,2014-10-10 03:00:00,4,17.969349,15.763935
2014-10-10,2014-10-10 04:00:00,5,19.887451,9.659706
2014-10-10,2014-10-10 05:00:00,6,17.011494,14.268322
2014-10-10,2014-10-10 06:00:00,7,13.180077,30.91135
2014-10-10,2014-10-10 07:00:00,8,23.484196,75.748535
2014-10-10,2014-10-10 08:00:00,9,85.3113,91.17842
2014-10-10,2014-10-10 09:00:00,10,93.215996,91.82519
2014-10-10,2014-10-10 10:00:00,11,99.68391,96.300766
2014-10-10,2014-10-10 11:00:00,12,101.12548,97.86932
2014-10-10,2014-10-10 12:00:00,13,99.6863,103.30094
2014-10-10,2014-10-10 13:00:00,14,96.33142,109.03082
2014-10-10,2014-10-10 14:00:00,15,94.17625,108.312744
2014-10-10,2014-10-10 15:00:00,16,98.96791,103.09143
2014-10-10,2014-10-10 16:00:00,17,100.88362,102.99647
2014-10-10,2014-10-10 17:00:00,18,106.63793,105.551315
2014-10-10,2014-10-10 18:00:00,19,99.925766,104.5755
2014-10-10,2014-10-10 19:00:00,20,98.00766,109.3701
2014-10-10,2014-10-10 20:00:00,21,102.08094,109.46975
2014-10-10,2014-10-10 21:00:00,22,102.804115,110.056366
2014-10-10,2014-10-10 22:00:00,23,98.965515,107.66118
2014-10-10,2014-10-10 23:00:00,24,83.87212,100.61949
2014-10-11,2014-10-11 00:00:00,1,48.163315,76.995476
2014-10-11,2014-10-11 01:00:00,2,24.681513,80.29558
2014-10-11,2014-10-11 02:00:00,3,16.77203,73.010376
2014-10-11,2014-10-11 03:00:00,4,17.011494,26.83907
2014-10-11,2014-10-11 04:00:00,5,16.77203,10.753487
2014-10-11,2014-10-11 05:00:00,6,16.532568,3.8610992
2014-10-11,2014-10-11 06:00:00,7,14.377395,-3.3026047
2014-10-11,2014-10-11 07:00:00,8,13.659004,24.180878
2014-10-11,2014-10-11 08:00:00,9,11.024904,48.10856
2014-10-11,2014-10-11 09:00:00,10,9.588122,68.3293
2014-10-11,2014-10-11 10:00:00,11,12.701149,75.318
2014-10-11,2014-10-11 11:00:00,12,11.264368,71.8525
2014-10-11,2014-10-11 12:00:00,13,9.588122,75.71776
2014-10-11,2014-10-11 13:00:00,14,12.222222,77.159164
2014-10-11,2014-10-11 14:00:00,15,11.264368,78.374886
2014-10-11,2014-10-11 15:00:00,16,9.588122,78.9923
2014-10-11,2014-10-11 16:00:00,17,11.9827585,76.67599
2014-10-11,2014-10-11 17:00:00,18,12.222222,78.25607
2014-10-11,2014-10-11 18:00:00,19,9.588122,85.196144
2014-10-11,2014-10-11 19:00:00,20,14.856322,89.2117
2014-10-11,2014-10-11 20:00:00,21,16.532568,84.94782
2014-10-11,2014-10-11 21:00:00,22,17.490421,83.50918
2014-10-11,2014-10-11 22:00:00,23,15.095785,86.16009
2014-10-11,2014-10-11 23:00:00,24,15.335249,83.62559
2014-10-12,2014-10-12 00:00:00,1,18.927202,15.816235
2014-10-12,2014-10-12 01:00:00,2,17.011494,15.310562
2014-10-12,2014-10-12 02:00:00,3,13.180077,14.92511
2014-10-12,2014-10-12 03:00:00,4,14.137931,14.334858
2014-10-12,2014-10-12 04:00:00,5,16.293104,14.613743
2014-10-12,2014-10-12 05:00:00,6,15.574713,15.818947
2014-10-12,2014-10-12 06:00:00,7,14.137931,15.379673
2014-10-12,2014-10-12 07:00:00,8,14.377395,13.734169
2014-10-12,2014-10-12 08:00:00,9,10.545977,11.594189
2014-10-12,2014-10-12 09:00:00,10,9.348659,11.282272
2014-10-12,2014-10-12 10:00:00,11,11.024904,11.375565
2014-10-12,2014-10-12 11:00:00,12,10.545977,10.445232
2014-10-12,2014-10-12 12:00:00,13,9.588122,9.148315
2014-10-12,2014-10-12 13:00:00,14,12.701149,9.401283
2014-10-12,2014-10-12 14:00:00,15,11.264368,9.780247
2014-10-12,2014-10-12 15:00:00,16,9.827586,9.733437
2014-10-12,2014-10-12 16:00:00,17,11.264368,10.451481
2014-10-12,2014-10-12 17:00:00,18,11.264368,12.12175
2014-10-12,2014-10-12 18:00:00,19,9.827586,12.769749
2014-10-12,2014-10-12 19:00:00,20,14.6168585,13.478226
2014-10-12,2014-10-12 20:00:00,21,14.377395,14.73671
2014-10-12,2014-10-12 21:00:00,22,16.05364,17.077576
2014-10-12,2014-10-12 22:00:00,23,13.180077,18.119488
2014-10-12,2014-10-12 23:00:00,24,13.659004,18.501488
2014-10-13,2014-10-13 00:00:00,1,16.05364,14.40913
2014-10-13,2014-10-13 01:00:00,2,16.293104,14.593914
2014-10-13,2014-10-13 02:00:00,3,13.898467,16.316536
2014-10-13,2014-10-13 03:00:00,4,13.898467,14.49144
2014-10-13,2014-10-13 04:00:00,5,15.574713,18.622044
2014-10-13,2014-10-13 05:00:00,6,15.335249,18.225094
2014-10-13,2014-10-13 06:00:00,7,13.659004,24.782627
2014-10-13,2014-10-13 07:00:00,8,21.326628,45.74459
2014-10-13,2014-10-13 08:00:00,9,89.14512,67.276405
2014-10-13,2014-10-13 09:00:00,10,97.52873,90.02798
2014-10-13,2014-10-13 10:00:00,11,103.52012,103.92762
2014-10-13,2014-10-13 11:00:00,12,109.75096,108.609116
2014-10-13,2014-10-13 12:00:00,13,108.31418,107.26483
2014-10-13,2014-10-13 13:00:00,14,104.72222,111.18294
2014-10-13,2014-10-13 14:00:00,15,106.39847,111.99429
2014-10-13,2014-10-13 15:00:00,16,105.68008,106.46228
2014-10-13,2014-10-13 16:00:00,17,106.63793,104.647675
2014-10-13,2014-10-13 17:00:00,18,119.336685,106.80752
2014-10-13,2014-10-13 18:00:00,19,107.59579,110.83432
2014-10-13,2014-10-13 19:00:00,20,106.877396,113.9233
2014-10-13,2014-10-13 20:00:00,21,102.56226,120.94711
2014-10-13,2014-10-13 21:00:00,22,100.64416,121.49472
2014-10-13,2014-10-13 22:00:00,23,96.81035,118.655556
2014-10-13,2014-10-13 23:00:00,24,87.94301,120.814735
2014-10-14,2014-10-14 00:00:00,1,68.77395,85.228004
2014-10-14,2014-10-14 01:00:00,2,49.604885,90.12771
2014-10-14,2014-10-14 02:00:00,3,15.574713,85.32344
2014-10-14,2014-10-14 03:00:00,4,15.814177,37.617012
2014-10-14,2014-10-14 04:00:00,5,17.729885,10.69352
2014-10-14,2014-10-14 05:00:00,6,16.05364,10.620747
2014-10-14,2014-10-14 06:00:00,7,14.137931,13.63102
2014-10-14,2014-10-14 07:00:00,8,24.681513,48.165134
2014-10-14,2014-10-14 08:00:00,9,93.457855,80.36654
2014-10-14,2014-10-14 09:00:00,10,93.69732,89.154205
2014-10-14,2014-10-14 10:00:00,11,94.655174,93.582214
2014-10-14,2014-10-14 11:00:00,12,95.61303,96.3028
2014-10-14,2014-10-14 12:00:00,13,84.58812,99.57457
2014-10-14,2014-10-14 13:00:00,14,66.37931,106.63159
2014-10-14,2014-10-14 14:00:00,15,73.80747,107.050934
2014-10-14,2014-10-14 15:00:00,16,69.01581,102.827995
2014-10-14,2014-10-14 16:00:00,17,55.11494,101.81694
2014-10-14,2014-10-14 17:00:00,18,64.70067,103.5513
2014-10-14,2014-10-14 18:00:00,19,89.14272,108.73889
2014-10-14,2014-10-14 19:00:00,20,110.469345,113.05885
2014-10-14,2014-10-14 20:00:00,21,106.39847,111.34131
2014-10-14,2014-10-14 21:00:00,22,104.719826,108.153946
2014-10-14,2014-10-14 22:00:00,23,97.768196,102.14664
2014-10-14,2014-10-14 23:00:00,24,83.63266,99.50592
2014-10-15,2014-10-15 00:00:00,1,22.528736,79.48923
2014-10-15,2014-10-15 01:00:00,2,19.887451,82.81054
2014-10-15,2014-10-15 02:00:00,3,16.532568,67.80504
2014-10-15,2014-10-15 03:00:00,4,17.490421,16.125637
2014-10-15,2014-10-15 04:00:00,5,17.011494,8.673916
2014-10-15,2014-10-15 05:00:00,6,16.532568,7.9650764
2014-10-15,2014-10-15 06:00:00,7,15.095785,16.175484
2014-10-15,2014-10-15 07:00:00,8,21.087164,62.27221
2014-10-15,2014-10-15 08:00:00,9,87.945404,82.37099
2014-10-15,2014-10-15 09:00:00,10,92.5,87.969315
2014-10-15,2014-10-15 10:00:00,11,95.61303,90.149956
2014-10-15,2014-10-15 11:00:00,12,95.85249,87.89838
2014-10-15,2014-10-15 12:00:00,13,86.506226,93.58327
2014-10-15,2014-10-15 13:00:00,14,91.542145,99.280754
2014-10-15,2014-10-15 14:00:00,15,94.89464,95.9561
2014-10-15,2014-10-15 15:00:00,16,99.925766,89.46023
2014-10-15,2014-10-15 16:00:00,17,104.48276,89.467995
2014-10-15,2014-10-15 17:00:00,18,107.59579,93.38649
2014-10-15,2014-10-15 18:00:00,19,101.36255,97.88589
2014-10-15,2014-10-15 19:00:00,20,106.159004,106.789764
2014-10-15,2014-10-15 20:00:00,21,103.76197,107.221954
2014-10-15,2014-10-15 21:00:00,22,104.48036,105.752655
2014-10-15,2014-10-15 22:00:00,23,99.68391,98.67897
2014-10-15,2014-10-15 23:00:00,24,98.00766,88.74428
2014-10-16,2014-10-16 00:00:00,1,94.89464,97.392136
2014-10-16,2014-10-16 01:00:00,2,38.34052,93.7258
2014-10-16,2014-10-16 02:00:00,3,16.532568,64.30058
2014-10-16,2014-10-16 03:00:00,4,15.814177,12.461517
2014-10-16,2014-10-16 04:00:00,5,17.011494,9.000763
2014-10-16,2014-10-16 05:00:00,6,13.898467,14.616959
2014-10-16,2014-10-16 06:00:00,7,12.222222,36.000595
2014-10-16,2014-10-16 07:00:00,8,22.047413,77.285385
2014-10-16,2014-10-16 08:00:00,9,87.94301,88.621376
2014-10-16,2014-10-16 09:00:00,10,87.46648,89.69559
2014-10-16,2014-10-16 10:00:00,11,90.82375,93.835335
2014-10-16,2014-10-16 11:00:00,12,92.73946,95.50514
2014-10-16,2014-10-16 12:00:00,13,94.17625,100.916824
2014-10-16,2014-10-16 13:00:00,14,92.73946,104.33441
2014-10-16,2014-10-16 14:00:00,15,91.300285,104.524734
2014-10-16,2014-10-16 15:00:00,16,96.09196,99.98895
2014-10-16,2014-10-16 16:00:00,17,110.23228,101.30931
2014-10-16,2014-10-16 17:00:00,18,115.74234,104.29857
2014-10-16,2014-10-16 18:00:00,19,104.24329,102.05612
2014-10-16,2014-10-16 19:00:00,20,102.320404,107.150604
2014-10-16,2014-10-16 20:00:00,21,100.40469,107.66333
2014-10-16,2014-10-16 21:00:00,22,98.00766,107.96238
2014-10-16,2014-10-16 22:00:00,23,92.73946,105.10286
2014-10-16,2014-10-16 23:00:00,24,94.17625,98.17933
2014-10-17,2014-10-17 00:00:00,1,45.28975,94.92049
2014-10-17,2014-10-17 01:00:00,2,16.05364,83.84722
2014-10-17,2014-10-17 02:00:00,3,14.6168585,47.745964
2014-10-17,2014-10-17 03:00:00,4,13.180077,11.4729
2014-10-17,2014-10-17 04:00:00,5,15.335249,10.049438
2014-10-17,2014-10-17 05:00:00,6,13.898467,16.254578
2014-10-17,2014-10-17 06:00:00,7,11.9827585,46.72419
2014-10-17,2014-10-17 07:00:00,8,24.442049,79.31193
2014-10-17,2014-10-17 08:00:00,9,88.90326,86.35922
2014-10-17,2014-10-17 09:00:00,10,89.861115,89.94959
2014-10-17,2014-10-17 10:00:00,11,86.02969,93.85851
2014-10-17,2014-10-17 11:00:00,12,96.81035,96.00274
2014-10-17,2014-10-17 12:00:00,13,101.36255,101.765015
2014-10-17,2014-10-17 13:00:00,14,101.12069,102.270905
2014-10-17,2014-10-17 14:00:00,15,102.3228,102.907104
2014-10-17,2014-10-17 15:00:00,16,99.925766,99.046776
2014-10-17,2014-10-17 16:00:00,17,110.22988,101.26514
2014-10-17,2014-10-17 17:00:00,18,122.45211,103.47871
2014-10-17,2014-10-17 18:00:00,19,109.990425,101.20281
2014-10-17,2014-10-17 19:00:00,20,109.27203,106.4586
2014-10-17,2014-10-17 20:00:00,21,105.44061,106.47737
2014-10-17,2014-10-17 21:00:00,22,100.64416,106.130615
2014-10-17,2014-10-17 22:00:00,23,95.85249,101.73216
2014-10-17,2014-10-17 23:00:00,24,94.17625,95.703735
2014-10-18,2014-10-18 00:00:00,1,46.247604,87.29589
2014-10-18,2014-10-18 01:00:00,2,17.729885,58.930466
2014-10-18,2014-10-18 02:00:00,3,14.6168585,31.801544
2014-10-18,2014-10-18 03:00:00,4,14.377395,15.787525
2014-10-18,2014-10-18 04:00:00,5,15.095785,5.5911064
2014-10-18,2014-10-18 05:00:00,6,13.659004,1.2909164
2014-10-18,2014-10-18 06:00:00,7,11.743295,9.171204
2014-10-18,2014-10-18 07:00:00,8,11.743295,24.901855
2014-10-18,2014-10-18 08:00:00,9,9.109196,44.001522
2014-10-18,2014-10-18 09:00:00,10,6.946839,57.64565
2014-10-18,2014-10-18 10:00:00,11,9.109196,60.68077
2014-10-18,2014-10-18 11:00:00,12,9.585728,58.937668
2014-10-18,2014-10-18 12:00:00,13,7.428161,61.391045
2014-10-18,2014-10-18 13:00:00,14,8.869732,57.769123
2014-10-18,2014-10-18 14:00:00,15,8.869732,65.90006
2014-10-18,2014-10-18 15:00:00,16,7.1886973,64.35039
2014-10-18,2014-10-18 16:00:00,17,9.109196,64.317856
2014-10-18,2014-10-18 17:00:00,18,8.390804,63.245193
2014-10-18,2014-10-18 18:00:00,19,7.191092,63.396824
2014-10-18,2014-10-18 19:00:00,20,12.222222,67.8128
2014-10-18,2014-10-18 20:00:00,21,14.137931,66.44262
2014-10-18,2014-10-18 21:00:00,22,16.532568,64.65933
2014-10-18,2014-10-18 22:00:00,23,12.940613,57.55678
2014-10-18,2014-10-18 23:00:00,24,11.9827585,54.22461
2014-10-19,2014-10-19 00:00:00,1,15.574713,12.536034
2014-10-19,2014-10-19 01:00:00,2,15.095785,12.549381
2014-10-19,2014-10-19 02:00:00,3,11.743295,11.8274
2014-10-19,2014-10-19 03:00:00,4,12.461686,11.324139
2014-10-19,2014-10-19 04:00:00,5,13.898467,11.961079
2014-10-19,2014-10-19 05:00:00,6,13.659004,13.003185
2014-10-19,2014-10-19 06:00:00,7,12.222222,12.510269
2014-10-19,2014-10-19 07:00:00,8,11.264368,10.360847
2014-10-19,2014-10-19 08:00:00,9,8.869732,7.764969
2014-10-19,2014-10-19 09:00:00,10,7.428161,7.7518196
2014-10-19,2014-10-19 10:00:00,11,9.827586,8.316803
2014-10-19,2014-10-19 11:00:00,12,8.630268,7.3610535
2014-10-19,2014-10-19 12:00:00,13,6.9492335,5.6918716
2014-10-19,2014-10-19 13:00:00,14,8.630268,6.2354736
2014-10-19,2014-10-19 14:00:00,15,9.109196,6.875862
2014-10-19,2014-10-19 15:00:00,16,6.70977,6.933201
2014-10-19,2014-10-19 16:00:00,17,9.109196,7.6438217
2014-10-19,2014-10-19 17:00:00,18,10.06705,9.697327
2014-10-19,2014-10-19 18:00:00,19,6.9492335,10.525387
2014-10-19,2014-10-19 19:00:00,20,11.9827585,11.570694
2014-10-19,2014-10-19 20:00:00,21,11.743295,12.78862
2014-10-19,2014-10-19 21:00:00,22,13.180077,15.197529
2014-10-19,2014-10-19 22:00:00,23,11.503832,16.024628
2014-10-19,2014-10-19 23:00:00,24,11.9827585,16.317219
2014-10-20,2014-10-20 00:00:00,1,13.898467,12.901928
2014-10-20,2014-10-20 01:00:00,2,14.377395,12.812828
2014-10-20,2014-10-20 02:00:00,3,11.024904,13.001087
2014-10-20,2014-10-20 03:00:00,4,11.9827585,10.876278
2014-10-20,2014-10-20 04:00:00,5,13.898467,15.676212
2014-10-20,2014-10-20 05:00:00,6,13.41954,17.000854
2014-10-20,2014-10-20 06:00:00,7,11.743295,31.981724
2014-10-20,2014-10-20 07:00:00,8,24.920977,58.736877
2014-10-20,2014-10-20 08:00:00,9,89.62165,78.28537
2014-10-20,2014-10-20 09:00:00,10,95.1341,95.379105
2014-10-20,2014-10-20 10:00:00,11,98.72605,105.80445
2014-10-20,2014-10-20 11:00:00,12,101.36015,108.49734
2014-10-20,2014-10-20 12:00:00,13,102.325195,107.38547
2014-10-20,2014-10-20 13:00:00,14,102.083336,112.77505
2014-10-20,2014-10-20 14:00:00,15,102.3228,112.15629
2014-10-20,2014-10-20 15:00:00,16,104.48036,107.07341
2014-10-20,2014-10-20 16:00:00,17,61.345787,105.46869
2014-10-20,2014-10-20 17:00:00,18,57.270115,109.87624
2014-10-20,2014-10-20 18:00:00,19,86.26916,114.03108
2014-10-20,2014-10-20 19:00:00,20,102.56226,115.475006
2014-10-20,2014-10-20 20:00:00,21,103.52012,121.00374
2014-10-20,2014-10-20 21:00:00,22,109.03257,120.959656
2014-10-20,2014-10-20 22:00:00,23,94.17625,117.85237
2014-10-20,2014-10-20 23:00:00,24,93.93678,120.148056
2014-10-21,2014-10-21 00:00:00,1,95.61303,88.18314
2014-10-21,2014-10-21 01:00:00,2,89.62165,88.47676
2014-10-21,2014-10-21 02:00:00,3,17.011494,86.817024
2014-10-21,2014-10-21 03:00:00,4,17.011494,45.63998
2014-10-21,2014-10-21 04:00:00,5,15.814177,15.73518
2014-10-21,2014-10-21 05:00:00,6,15.814177,10.464512
2014-10-21,2014-10-21 06:00:00,7,14.137931,8.794125
2014-10-21,2014-10-21 07:00:00,8,16.774426,40.70492
2014-10-21,2014-10-21 08:00:00,9,63.742817,75.10718
2014-10-21,2014-10-21 09:00:00,10,75.96265,89.999626
2014-10-21,2014-10-21 10:00:00,11,84.348656,92.637085
2014-10-21,2014-10-21 11:00:00,12,85.06705,93.643036
2014-10-21,2014-10-21 12:00:00,13,81.4751,97.960365
2014-10-21,2014-10-21 13:00:00,14,80.75671,105.081024
2014-10-21,2014-10-21 14:00:00,15,87.46408,104.310524
2014-10-21,2014-10-21 15:00:00,16,98.24952,98.88612
2014-10-21,2014-10-21 16:00:00,17,104.961685,95.975685
2014-10-21,2014-10-21 17:00:00,18,109.990425,96.10368
2014-10-21,2014-10-21 18:00:00,19,106.39607,102.928696
2014-10-21,2014-10-21 19:00:00,20,113.34291,110.592316
2014-10-21,2014-10-21 20:00:00,21,109.27203,111.13521
2014-10-21,2014-10-21 21:00:00,22,104.001434,111.174255
2014-10-21,2014-10-21 22:00:00,23,96.33142,103.71866
2014-10-21,2014-10-21 23:00:00,24,94.655174,98.492226
2014-10-22,2014-10-22 00:00:00,1,94.41571,92.52182
2014-10-22,2014-10-22 01:00:00,2,79.79885,93.621544
2014-10-22,2014-10-22 02:00:00,3,18.68774,81.06706
2014-10-22,2014-10-22 03:00:00,4,17.011494,27.688507
2014-10-22,2014-10-22 04:00:00,5,17.490421,11.40757
2014-10-22,2014-10-22 05:00:00,6,17.011494,11.482792
2014-10-22,2014-10-22 06:00:00,7,14.137931,13.751293
2014-10-22,2014-10-22 07:00:00,8,13.898467,52.909683
2014-10-22,2014-10-22 08:00:00,9,45.05268,77.67695
2014-10-22,2014-10-22 09:00:00,10,74.52347,85.0175
2014-10-22,2014-10-22 10:00:00,11,77.64368,88.52318
2014-10-22,2014-10-22 11:00:00,12,77.880745,88.437874
2014-10-22,2014-10-22 12:00:00,13,79.79885,92.96971
2014-10-22,2014-10-22 13:00:00,14,78.840996,99.06521
2014-10-22,2014-10-22 14:00:00,15,81.4751,97.895355
2014-10-22,2014-10-22 15:00:00,16,82.19349,93.322296
2014-10-22,2014-10-22 16:00:00,17,86.98515,94.15789
2014-10-22,2014-10-22 17:00:00,18,90.82136,96.54659
2014-10-22,2014-10-22 18:00:00,19,100.40469,100.40826
2014-10-22,2014-10-22 19:00:00,20,113.82184,103.87042
2014-10-22,2014-10-22 20:00:00,21,110.469345,103.25282
2014-10-22,2014-10-22 21:00:00,22,107.11686,105.3665
2014-10-22,2014-10-22 22:00:00,23,101.84148,103.26262
2014-10-22,2014-10-22 23:00:00,24,104.48036,97.40909
2014-10-23,2014-10-23 00:00:00,1,103.5249,101.98483
2014-10-23,2014-10-23 01:00:00,2,83.15613,97.21477
2014-10-23,2014-10-23 02:00:00,3,34.74617,75.19734
2014-10-23,2014-10-23 03:00:00,4,18.208813,20.849262
2014-10-23,2014-10-23 04:00:00,5,19.885057,12.401241
2014-10-23,2014-10-23 05:00:00,6,19.169062,14.66172
2014-10-23,2014-10-23 06:00:00,7,14.137931,23.87128
2014-10-23,2014-10-23 07:00:00,8,15.095785,66.11843
2014-10-23,2014-10-23 08:00:00,9,37.622128,83.87483
2014-10-23,2014-10-23 09:00:00,10,39.779694,87.77847
2014-10-23,2014-10-23 10:00:00,11,37.86159,89.25354
2014-10-23,2014-10-23 11:00:00,12,34.985634,87.4644
2014-10-23,2014-10-23 12:00:00,13,36.18774,93.019005
2014-10-23,2014-10-23 13:00:00,14,37.382664,98.95142
2014-10-23,2014-10-23 14:00:00,15,41.695404,96.1144
2014-10-23,2014-10-23 15:00:00,16,37.38506,88.867584
2014-10-23,2014-10-23 16:00:00,17,41.695404,91.110016
2014-10-23,2014-10-23 17:00:00,18,88.90086,95.335175
2014-10-23,2014-10-23 18:00:00,19,104.961685,95.951744
2014-10-23,2014-10-23 19:00:00,20,110.22988,101.82056
2014-10-23,2014-10-23 20:00:00,21,107.83525,103.63263
2014-10-23,2014-10-23 21:00:00,22,104.2409,106.126274
2014-10-23,2014-10-23 22:00:00,23,97.28927,103.71895
2014-10-23,2014-10-23 23:00:00,24,94.41571,95.42026
2014-10-24,2014-10-24 00:00:00,1,95.373566,93.68101
2014-10-24,2014-10-24 01:00:00,2,71.64751,86.101135
2014-10-24,2014-10-24 02:00:00,3,18.927202,60.40212
2014-10-24,2014-10-24 03:00:00,4,17.729885,27.054188
2014-10-24,2014-10-24 04:00:00,5,17.490421,21.995705
2014-10-24,2014-10-24 05:00:00,6,16.77203,25.190632
2014-10-24,2014-10-24 06:00:00,7,15.335249,40.570774
2014-10-24,2014-10-24 07:00:00,8,20.12931,67.390884
2014-10-24,2014-10-24 08:00:00,9,82.43295,72.49569
2014-10-24,2014-10-24 09:00:00,10,69.01341,68.59192
2014-10-24,2014-10-24 10:00:00,11,59.667145,61.179317
2014-10-24,2014-10-24 11:00:00,12,42.653255,54.51858
2014-10-24,2014-10-24 12:00:00,13,42.653255,52.882187
2014-10-24,2014-10-24 13:00:00,14,40.498085,49.889057
2014-10-24,2014-10-24 14:00:00,15,43.61111,48.10408
2014-10-24,2014-10-24 15:00:00,16,52.001915,40.23285
2014-10-24,2014-10-24 16:00:00,17,80.75431,51.390705
2014-10-24,2014-10-24 17:00:00,18,98.24952,80.38394
2014-10-24,2014-10-24 18:00:00,19,113.58477,101.72353
2014-10-24,2014-10-24 19:00:00,20,125.804596,117.56301
2014-10-24,2014-10-24 20:00:00,21,118.376434,113.08637
2014-10-24,2014-10-24 21:00:00,22,115.74234,111.27717
2014-10-24,2014-10-24 22:00:00,23,107.83525,105.90886
2014-10-24,2014-10-24 23:00:00,24,99.20977,100.49589
2014-10-25,2014-10-25 00:00:00,1,46.726532,85.0996
2014-10-25,2014-10-25 01:00:00,2,24.444445,58.75763
2014-10-25,2014-10-25 02:00:00,3,21.566092,39.197266
2014-10-25,2014-10-25 03:00:00,4,19.408525,14.142757
2014-10-25,2014-10-25 04:00:00,5,19.40613,7.8109474
2014-10-25,2014-10-25 05:00:00,6,17.250957,9.980446
2014-10-25,2014-10-25 06:00:00,7,14.377395,7.7569733
2014-10-25,2014-10-25 07:00:00,8,15.335249,7.0069695
2014-10-25,2014-10-25 08:00:00,9,11.743295,5.1865005
2014-10-25,2014-10-25 09:00:00,10,9.827586,13.753834
2014-10-25,2014-10-25 10:00:00,11,12.701149,18.79189
2014-10-25,2014-10-25 11:00:00,12,14.6168585,18.353798
2014-10-25,2014-10-25 12:00:00,13,11.743295,16.461727
2014-10-25,2014-10-25 13:00:00,14,13.898467,15.292503
2014-10-25,2014-10-25 14:00:00,15,12.940613,17.960556
2014-10-25,2014-10-25 15:00:00,16,10.306514,20.556423
2014-10-25,2014-10-25 16:00:00,17,11.9827585,23.23273
2014-10-25,2014-10-25 17:00:00,18,12.222222,20.61028
2014-10-25,2014-10-25 18:00:00,19,11.024904,22.451084
2014-10-25,2014-10-25 19:00:00,20,17.250957,22.930626
2014-10-25,2014-10-25 20:00:00,21,17.011494,20.052181
2014-10-25,2014-10-25 21:00:00,22,17.011494,21.560349
2014-10-25,2014-10-25 22:00:00,23,14.377395,18.439175
2014-10-25,2014-10-25 23:00:00,24,15.335249,18.840595
2014-11-10,2014-11-10 00:00:00,1,14.6168585,16.064724
2014-11-10,2014-11-10 01:00:00,2,12.701149,16.177475
2014-11-10,2014-11-10 02:00:00,3,13.898467,20.673664
2014-11-10,2014-11-10 03:00:00,4,14.856322,22.62564
2014-11-10,2014-11-10 04:00:00,5,14.6168585,22.13438
2014-11-10,2014-11-10 05:00:00,6,12.940613,32.25021
2014-11-10,2014-11-10 06:00:00,7,14.137931,42.698444
2014-11-10,2014-11-10 07:00:00,8,21.08956,35.94281
2014-11-10,2014-11-10 08:00:00,9,76.441574,39.037766
2014-11-10,2014-11-10 09:00:00,10,90.5795,44.59191
2014-11-10,2014-11-10 10:00:00,11,94.89464,37.127243
2014-11-10,2014-11-10 11:00:00,12,93.93678,38.252396
2014-11-10,2014-11-10 12:00:00,13,98.72605,39.77475
2014-11-10,2014-11-10 13:00:00,14,92.02107,35.918724
2014-11-10,2014-11-10 14:00:00,15,96.09196,38.143364
2014-11-10,2014-11-10 15:00:00,16,100.4023,46.015686
2014-11-10,2014-11-10 16:00:00,17,104.47797,60.695858
2014-11-10,2014-11-10 17:00:00,18,112.385056,78.93371
2014-11-10,2014-11-10 18:00:00,19,103.04358,88.324295
2014-11-10,2014-11-10 19:00:00,20,100.40469,98.124695
2014-11-10,2014-11-10 20:00:00,21,98.24712,96.86489
2014-11-10,2014-11-10 21:00:00,22,98.965515,93.53873
2014-11-10,2014-11-10 22:00:00,23,95.373566,80.563416
2014-11-10,2014-11-10 23:00:00,24,96.09196,71.32545
2014-11-11,2014-11-11 00:00:00,1,96.570885,93.49574
2014-11-11,2014-11-11 01:00:00,2,77.15996,93.24301
2014-11-11,2014-11-11 02:00:00,3,19.408525,79.17764
2014-11-11,2014-11-11 03:00:00,4,19.64799,20.42057
2014-11-11,2014-11-11 04:00:00,5,18.208813,2.1202774
2014-11-11,2014-11-11 05:00:00,6,16.293104,5.9801064
2014-11-11,2014-11-11 06:00:00,7,17.250957,12.750259
2014-11-11,2014-11-11 07:00:00,8,11.024904,53.61214
2014-11-11,2014-11-11 08:00:00,9,59.185825,76.925606
2014-11-11,2014-11-11 09:00:00,10,99.92337,79.13304
2014-11-11,2014-11-11 10:00:00,11,104.961685,85.27782
2014-11-11,2014-11-11 11:00:00,12,113.82663,88.207184
2014-11-11,2014-11-11 12:00:00,13,122.691574,91.92622
2014-11-11,2014-11-11 13:00:00,14,113.3477,98.5473
2014-11-11,2014-11-11 14:00:00,15,106.39847,97.69798
2014-11-11,2014-11-11 15:00:00,16,107.35632,92.4052
2014-11-11,2014-11-11 16:00:00,17,110.23228,92.06431
2014-11-11,2014-11-11 17:00:00,18,121.01533,96.033615
2014-11-11,2014-11-11 18:00:00,19,112.86398,97.37165
2014-11-11,2014-11-11 19:00:00,20,109.03257,100.32083
2014-11-11,2014-11-11 20:00:00,21,107.59579,101.18691
2014-11-11,2014-11-11 21:00:00,22,101.84387,101.39331
2014-11-11,2014-11-11 22:00:00,23,91.30268,97.993095
2014-11-11,2014-11-11 23:00:00,24,93.93678,95.69623
2014-11-12,2014-11-12 00:00:00,1,91.30268,91.73745
2014-11-12,2014-11-12 01:00:00,2,72.131226,93.6837
2014-11-12,2014-11-12 02:00:00,3,14.856322,76.01462
2014-11-12,2014-11-12 03:00:00,4,17.011494,17.659584
2014-11-12,2014-11-12 04:00:00,5,16.532568,5.242298
2014-11-12,2014-11-12 05:00:00,6,15.335249,8.135883
2014-11-12,2014-11-12 06:00:00,7,17.250957,17.458675
2014-11-12,2014-11-12 07:00:00,8,13.898467,61.958008
2014-11-12,2014-11-12 08:00:00,9,27.559866,84.76074
2014-11-12,2014-11-12 09:00:00,10,29.952106,88.54092
2014-11-12,2014-11-12 10:00:00,11,31.38889,92.08532
2014-11-12,2014-11-12 11:00:00,12,39.537834,93.29573
2014-11-12,2014-11-12 12:00:00,13,41.934864,97.295334
2014-11-12,2014-11-12 13:00:00,14,36.90613,103.00868
2014-11-12,2014-11-12 14:00:00,15,35.70402,103.10785
2014-11-12,2014-11-12 15:00:00,16,47.684387,97.63977
2014-11-12,2014-11-12 16:00:00,17,112.86398,98.57454
2014-11-12,2014-11-12 17:00:00,18,117.41858,100.70192
2014-11-12,2014-11-12 18:00:00,19,104.95929,102.30543
2014-11-12,2014-11-12 19:00:00,20,103.76197,107.560165
2014-11-12,2014-11-12 20:00:00,21,104.719826,106.1409
2014-11-12,2014-11-12 21:00:00,22,100.88362,104.44632
2014-11-12,2014-11-12 22:00:00,23,96.09196,100.66855
2014-11-12,2014-11-12 23:00:00,24,97.768196,96.234535
2014-11-13,2014-11-13 00:00:00,1,93.457855,89.72844
2014-11-13,2014-11-13 01:00:00,2,80.51724,62.425293
2014-11-13,2014-11-13 02:00:00,3,19.64799,36.811325
2014-11-13,2014-11-13 03:00:00,4,18.929598,29.802326
2014-11-13,2014-11-13 04:00:00,5,15.574713,29.60374
2014-11-13,2014-11-13 05:00:00,6,13.898467,43.584488
2014-11-13,2014-11-13 06:00:00,7,16.77203,60.734962
2014-11-13,2014-11-13 07:00:00,8,18.931992,58.112606
2014-11-13,2014-11-13 08:00:00,9,90.34243,54.292076
2014-11-13,2014-11-13 09:00:00,10,94.89464,51.018227
2014-11-13,2014-11-13 10:00:00,11,93.457855,40.193405
2014-11-13,2014-11-13 11:00:00,12,96.33142,40.887787
2014-11-13,2014-11-13 12:00:00,13,97.52873,35.71938
2014-11-13,2014-11-13 13:00:00,14,93.93678,30.712673
2014-11-13,2014-11-13 14:00:00,15,93.457855,41.44245
2014-11-13,2014-11-13 15:00:00,16,97.28927,42.783127
2014-11-13,2014-11-13 16:00:00,17,98.00766,61.17443
2014-11-13,2014-11-13 17:00:00,18,121.494255,95.06073
2014-11-13,2014-11-13 18:00:00,19,122.45211,113.42117
2014-11-13,2014-11-13 19:00:00,20,121.97318,115.44271
2014-11-13,2014-11-13 20:00:00,21,117.420975,109.085434
2014-11-13,2014-11-13 21:00:00,22,110.94827,108.82921
2014-11-13,2014-11-13 22:00:00,23,105.20115,104.229805
2014-11-13,2014-11-13 23:00:00,24,104.48276,103.67471
2014-11-14,2014-11-14 00:00:00,1,102.3228,104.52817
2014-11-14,2014-11-14 01:00:00,2,71.16858,87.92467
2014-11-14,2014-11-14 02:00:00,3,17.969349,48.702774
2014-11-14,2014-11-14 03:00:00,4,18.208813,14.347755
2014-11-14,2014-11-14 04:00:00,5,17.250957,10.262722
2014-11-14,2014-11-14 05:00:00,6,15.095785,15.233459
2014-11-14,2014-11-14 06:00:00,7,14.856322,45.607098
2014-11-14,2014-11-14 07:00:00,8,10.545977,79.74277
2014-11-14,2014-11-14 08:00:00,9,71.6499,90.39568
2014-11-14,2014-11-14 09:00:00,10,106.875,95.4353
2014-11-14,2014-11-14 10:00:00,11,106.39847,98.542465
2014-11-14,2014-11-14 11:00:00,12,109.513885,97.63158
2014-11-14,2014-11-14 12:00:00,13,111.18774,102.8699
2014-11-14,2014-11-14 13:00:00,14,110.70881,104.38649
2014-11-14,2014-11-14 14:00:00,15,108.31418,105.08714
2014-11-14,2014-11-14 15:00:00,16,111.4272,100.42438
2014-11-14,2014-11-14 16:00:00,17,117.179115,101.99434
2014-11-14,2014-11-14 17:00:00,18,116.22127,105.13304
2014-11-14,2014-11-14 18:00:00,19,106.63793,105.89084
2014-11-14,2014-11-14 19:00:00,20,105.91954,111.75461
2014-11-14,2014-11-14 20:00:00,21,101.60441,110.82864
2014-11-14,2014-11-14 21:00:00,22,94.41571,112.004364
2014-11-14,2014-11-14 22:00:00,23,93.93678,104.333145
2014-11-14,2014-11-14 23:00:00,24,93.21839,99.280876
2014-11-15,2014-11-15 00:00:00,1,90.82375,81.13769
2014-11-15,2014-11-15 01:00:00,2,72.36829,51.031242
2014-11-15,2014-11-15 02:00:00,3,14.137931,29.735893
2014-11-15,2014-11-15 03:00:00,4,14.856322,14.525303
2014-11-15,2014-11-15 04:00:00,5,13.898467,10.08411
2014-11-15,2014-11-15 05:00:00,6,12.940613,11.110878
2014-11-15,2014-11-15 06:00:00,7,14.137931,13.791164
2014-11-15,2014-11-15 07:00:00,8,10.545977,4.737358
2014-11-15,2014-11-15 08:00:00,9,8.151341,-2.9045105
2014-11-15,2014-11-15 09:00:00,10,10.06705,0.8199768
2014-11-15,2014-11-15 10:00:00,11,10.306514,3.9684868
2014-11-15,2014-11-15 11:00:00,12,8.869732,3.2831573
2014-11-15,2014-11-15 12:00:00,13,10.78544,4.9637833
2014-11-15,2014-11-15 13:00:00,14,11.024904,5.958622
2014-11-15,2014-11-15 14:00:00,15,8.869732,7.071842
2014-11-15,2014-11-15 15:00:00,16,10.78544,3.6447182
2014-11-15,2014-11-15 16:00:00,17,10.78544,4.745613
2014-11-15,2014-11-15 17:00:00,18,9.827586,7.2405396
2014-11-15,2014-11-15 18:00:00,19,15.574713,8.970207
2014-11-15,2014-11-15 19:00:00,20,16.05364,10.562889
2014-11-15,2014-11-15 20:00:00,21,15.574713,12.156845
2014-11-15,2014-11-15 21:00:00,22,12.461686,14.423492
2014-11-15,2014-11-15 22:00:00,23,12.940613,12.695099
2014-11-15,2014-11-15 23:00:00,24,15.095785,8.996738
2014-11-16,2014-11-16 00:00:00,1,14.6168585,15.3713
2014-11-16,2014-11-16 01:00:00,2,12.461686,14.56831
2014-11-16,2014-11-16 02:00:00,3,13.180077,14.343094
2014-11-16,2014-11-16 03:00:00,4,14.856322,13.359554
2014-11-16,2014-11-16 04:00:00,5,14.377395,13.310909
2014-11-16,2014-11-16 05:00:00,6,12.701149,15.064419
2014-11-16,2014-11-16 06:00:00,7,15.335249,14.697224
2014-11-16,2014-11-16 07:00:00,8,9.109196,12.80397
2014-11-16,2014-11-16 08:00:00,9,8.151341,10.7966
2014-11-16,2014-11-16 09:00:00,10,10.545977,10.385399
2014-11-16,2014-11-16 10:00:00,11,9.827586,10.165821
2014-11-16,2014-11-16 11:00:00,12,8.869732,9.59127
2014-11-16,2014-11-16 12:00:00,13,10.78544,8.126442
2014-11-16,2014-11-16 13:00:00,14,11.264368,8.269672
2014-11-16,2014-11-16 14:00:00,15,8.869732,8.640217
2014-11-16,2014-11-16 15:00:00,16,11.024904,8.495224
2014-11-16,2014-11-16 16:00:00,17,10.06705,9.007351
2014-11-16,2014-11-16 17:00:00,18,9.588122,10.739887
2014-11-16,2014-11-16 18:00:00,19,14.856322,11.621025
2014-11-16,2014-11-16 19:00:00,20,13.41954,12.956985
2014-11-16,2014-11-16 20:00:00,21,15.814177,14.223316
2014-11-16,2014-11-16 21:00:00,22,12.701149,15.274414
2014-11-16,2014-11-16 22:00:00,23,13.180077,15.636528
2014-11-16,2014-11-16 23:00:00,24,14.856322,16.103714
2014-11-17,2014-11-17 00:00:00,1,14.6168585,16.328743
2014-11-17,2014-11-17 01:00:00,2,12.461686,18.17931
2014-11-17,2014-11-17 02:00:00,3,13.659004,23.572922
2014-11-17,2014-11-17 03:00:00,4,14.856322,20.898598
2014-11-17,2014-11-17 04:00:00,5,14.856322,22.285366
2014-11-17,2014-11-17 05:00:00,6,12.461686,23.680073
2014-11-17,2014-11-17 06:00:00,7,14.856322,22.287739
2014-11-17,2014-11-17 07:00:00,8,16.534962,28.211308
2014-11-17,2014-11-17 08:00:00,9,85.79023,40.591118
2014-11-17,2014-11-17 09:00:00,10,92.26054,59.304073
2014-11-17,2014-11-17 10:00:00,11,91.542145,72.640564
2014-11-17,2014-11-17 11:00:00,12,91.542145,82.67781
2014-11-17,2014-11-17 12:00:00,13,97.768196,78.836655
2014-11-17,2014-11-17 13:00:00,14,96.81035,80.37138
2014-11-17,2014-11-17 14:00:00,15,95.1341,84.07643
2014-11-17,2014-11-17 15:00:00,16,93.457855,79.89185
2014-11-17,2014-11-17 16:00:00,17,97.53113,84.091644
2014-11-17,2014-11-17 17:00:00,18,107.35632,89.27688
2014-11-17,2014-11-17 18:00:00,19,109.5115,95.44316
2014-11-17,2014-11-17 19:00:00,20,105.68008,106.20473
2014-11-17,2014-11-17 20:00:00,21,102.083336,115.120224
2014-11-17,2014-11-17 21:00:00,22,103.52012,118.750854
2014-11-17,2014-11-17 22:00:00,23,102.56465,111.6499
2014-11-17,2014-11-17 23:00:00,24,103.04119,108.35643
2014-11-18,2014-11-18 00:00:00,1,98.48659,99.352554
2014-11-18,2014-11-18 01:00:00,2,78.8386,98.92574
2014-11-18,2014-11-18 02:00:00,3,17.729885,93.92903
2014-11-18,2014-11-18 03:00:00,4,17.729885,41.33575
2014-11-18,2014-11-18 04:00:00,5,16.293104,10.650738
2014-11-18,2014-11-18 05:00:00,6,14.856322,11.314388
2014-11-18,2014-11-18 06:00:00,7,16.293104,11.500874
2014-11-18,2014-11-18 07:00:00,8,12.701149,45.042458
2014-11-18,2014-11-18 08:00:00,9,18.931992,78.2762
2014-11-18,2014-11-18 09:00:00,10,29.233717,87.69613
2014-11-18,2014-11-18 10:00:00,11,72.36829,92.72444
2014-11-18,2014-11-18 11:00:00,12,97.77059,94.77795
2014-11-18,2014-11-18 12:00:00,13,98.72605,97.246475
2014-11-18,2014-11-18 13:00:00,14,98.00766,104.32895
2014-11-18,2014-11-18 14:00:00,15,93.21839,104.278915
2014-11-18,2014-11-18 15:00:00,16,92.5,99.587906
2014-11-18,2014-11-18 16:00:00,17,93.457855,98.426636
2014-11-18,2014-11-18 17:00:00,18,104.71743,100.819305
2014-11-18,2014-11-18 18:00:00,19,105.43822,104.78401
2014-11-18,2014-11-18 19:00:00,20,102.55987,107.85886
2014-11-18,2014-11-18 20:00:00,21,106.39847,108.14287
2014-11-18,2014-11-18 21:00:00,22,98.965515,108.31654
2014-11-18,2014-11-18 22:00:00,23,100.4023,103.88098
2014-11-18,2014-11-18 23:00:00,24,104.48036,104.07953
2014-11-19,2014-11-19 00:00:00,1,97.768196,102.98124
2014-11-19,2014-11-19 01:00:00,2,84.10919,99.51631
2014-11-19,2014-11-19 02:00:00,3,18.929598,79.12332
2014-11-19,2014-11-19 03:00:00,4,18.68774,23.117142
2014-11-19,2014-11-19 04:00:00,5,16.532568,12.830444
2014-11-19,2014-11-19 05:00:00,6,14.6168585,16.854362
2014-11-19,2014-11-19 06:00:00,7,15.335249,26.045914
2014-11-19,2014-11-19 07:00:00,8,17.734674,64.82115
2014-11-19,2014-11-19 08:00:00,9,82.909485,81.08797
2014-11-19,2014-11-19 09:00:00,10,89.384575,82.81566
2014-11-19,2014-11-19 10:00:00,11,90.58429,86.47032
2014-11-19,2014-11-19 11:00:00,12,92.97893,87.67828
2014-11-19,2014-11-19 12:00:00,13,93.21839,92.45828
2014-11-19,2014-11-19 13:00:00,14,92.73946,97.21582
2014-11-19,2014-11-19 14:00:00,15,94.89464,95.98102
2014-11-19,2014-11-19 15:00:00,16,103.759575,90.54733
2014-11-19,2014-11-19 16:00:00,17,115.26102,93.092026
2014-11-19,2014-11-19 17:00:00,18,127.48084,97.069725
2014-11-19,2014-11-19 18:00:00,19,120.296936,95.68166
2014-11-19,2014-11-19 19:00:00,20,115.498085,99.779724
2014-11-19,2014-11-19 20:00:00,21,109.990425,102.19514
2014-11-19,2014-11-19 21:00:00,22,106.877396,104.70148
2014-11-19,2014-11-19 22:00:00,23,109.5115,103.856384
2014-11-19,2014-11-19 23:00:00,24,106.875,97.123375
2014-11-20,2014-11-20 00:00:00,1,93.21839,104.342896
2014-11-20,2014-11-20 01:00:00,2,57.03065,101.98178
2014-11-20,2014-11-20 02:00:00,3,17.011494,83.23241
2014-11-20,2014-11-20 03:00:00,4,17.969349,22.991318
2014-11-20,2014-11-20 04:00:00,5,17.250957,9.125793
2014-11-20,2014-11-20 05:00:00,6,14.6168585,11.151653
2014-11-20,2014-11-20 06:00:00,7,15.335249,17.286793
2014-11-20,2014-11-20 07:00:00,8,17.255747,62.741943
2014-11-20,2014-11-20 08:00:00,9,87.22462,87.140625
2014-11-20,2014-11-20 09:00:00,10,91.542145,91.52414
2014-11-20,2014-11-20 10:00:00,11,91.542145,94.72278
2014-11-20,2014-11-20 11:00:00,12,91.53975,94.107574
2014-11-20,2014-11-20 12:00:00,13,96.81035,97.33829
2014-11-20,2014-11-20 13:00:00,14,94.65278,104.39848
2014-11-20,2014-11-20 14:00:00,15,86.74329,104.07324
2014-11-20,2014-11-20 15:00:00,16,88.90326,97.51601
2014-11-20,2014-11-20 16:00:00,17,96.570885,98.929016
2014-11-20,2014-11-20 17:00:00,18,117.41858,101.746254
2014-11-20,2014-11-20 18:00:00,19,113.582375,103.371826
2014-11-20,2014-11-20 19:00:00,20,107.59579,107.3891
2014-11-20,2014-11-20 20:00:00,21,101.84387,107.05119
2014-11-20,2014-11-20 21:00:00,22,92.73946,108.571785
2014-11-20,2014-11-20 22:00:00,23,92.73946,106.36253
2014-11-20,2014-11-20 23:00:00,24,90.82136,102.51253
2014-11-21,2014-11-21 00:00:00,1,88.663795,88.58941
2014-11-21,2014-11-21 01:00:00,2,49.841953,88.56407
2014-11-21,2014-11-21 02:00:00,3,14.377395,64.128746
2014-11-21,2014-11-21 03:00:00,4,15.814177,13.166195
2014-11-21,2014-11-21 04:00:00,5,15.574713,9.304836
2014-11-21,2014-11-21 05:00:00,6,14.6168585,12.640263
2014-11-21,2014-11-21 06:00:00,7,14.6168585,29.420433
2014-11-21,2014-11-21 07:00:00,8,10.06705,72.40865
2014-11-21,2014-11-21 08:00:00,9,18.69253,87.49165
2014-11-21,2014-11-21 09:00:00,10,30.909962,91.46821
2014-11-21,2014-11-21 10:00:00,11,22.523947,92.579575
2014-11-21,2014-11-21 11:00:00,12,22.286877,91.803955
2014-11-21,2014-11-21 12:00:00,13,29.238506,97.47327
2014-11-21,2014-11-21 13:00:00,14,35.706417,100.61123
2014-11-21,2014-11-21 14:00:00,15,36.666668,100.62021
2014-11-21,2014-11-21 15:00:00,16,54.87548,95.09183
2014-11-21,2014-11-21 16:00:00,17,87.46408,97.04583
2014-11-21,2014-11-21 17:00:00,18,94.89464,100.00655
2014-11-21,2014-11-21 18:00:00,19,103.759575,100.74873
2014-11-21,2014-11-21 19:00:00,20,96.81035,107.58681
2014-11-21,2014-11-21 20:00:00,21,94.17625,106.189285
2014-11-21,2014-11-21 21:00:00,22,91.542145,104.182274
2014-11-21,2014-11-21 22:00:00,23,80.51724,100.3582
2014-11-21,2014-11-21 23:00:00,24,59.667145,93.10942
2014-11-22,2014-11-22 00:00:00,1,55.354404,41.941204
2014-11-22,2014-11-22 01:00:00,2,40.73755,31.452187
2014-11-22,2014-11-22 02:00:00,3,13.898467,29.238747
2014-11-22,2014-11-22 03:00:00,4,14.6168585,29.819477
2014-11-22,2014-11-22 04:00:00,5,14.137931,33.61261
2014-11-22,2014-11-22 05:00:00,6,12.701149,18.158
2014-11-22,2014-11-22 06:00:00,7,14.856322,9.184216
2014-11-22,2014-11-22 07:00:00,8,11.503832,11.958443
2014-11-22,2014-11-22 08:00:00,9,8.390804,7.9613686
2014-11-22,2014-11-22 09:00:00,10,10.06705,15.517036
2014-11-22,2014-11-22 10:00:00,11,9.827586,13.595367
2014-11-22,2014-11-22 11:00:00,12,8.390804,8.164581
2014-11-22,2014-11-22 12:00:00,13,10.06705,5.352947
2014-11-22,2014-11-22 13:00:00,14,10.545977,7.153961
2014-11-22,2014-11-22 14:00:00,15,8.869732,10.723728
2014-11-22,2014-11-22 15:00:00,16,10.545977,7.5292473
2014-11-22,2014-11-22 16:00:00,17,10.06705,12.277294
2014-11-22,2014-11-22 17:00:00,18,10.78544,17.957115
2014-11-22,2014-11-22 18:00:00,19,15.095785,23.210041
2014-11-22,2014-11-22 19:00:00,20,15.574713,25.731873
2014-11-22,2014-11-22 20:00:00,21,16.293104,26.574238
2014-11-22,2014-11-22 21:00:00,22,12.701149,28.254753
2014-11-22,2014-11-22 22:00:00,23,12.701149,32.223877
2014-11-22,2014-11-22 23:00:00,24,15.335249,32.107204
2014-11-23,2014-11-23 00:00:00,1,14.856322,15.4244995
2014-11-23,2014-11-23 01:00:00,2,12.701149,14.676895
2014-11-23,2014-11-23 02:00:00,3,13.898467,14.200375
2014-11-23,2014-11-23 03:00:00,4,14.856322,13.205147
2014-11-23,2014-11-23 04:00:00,5,14.377395,13.702892
2014-11-23,2014-11-23 05:00:00,6,12.940613,13.971153
2014-11-23,2014-11-23 06:00:00,7,15.095785,13.357662
2014-11-23,2014-11-23 07:00:00,8,10.06705,12.314091
2014-11-23,2014-11-23 08:00:00,9,9.348659,10.474327
2014-11-23,2014-11-23 09:00:00,10,9.827586,10.371609
2014-11-23,2014-11-23 10:00:00,11,10.06705,10.414528
2014-11-23,2014-11-23 11:00:00,12,8.630268,10.355412
2014-11-23,2014-11-23 12:00:00,13,10.545977,9.183121
2014-11-23,2014-11-23 13:00:00,14,10.06705,9.549679
2014-11-23,2014-11-23 14:00:00,15,9.109196,10.023281
2014-11-23,2014-11-23 15:00:00,16,10.306514,9.504482
2014-11-23,2014-11-23 16:00:00,17,10.06705,9.184338
2014-11-23,2014-11-23 17:00:00,18,9.827586,10.651222
2014-11-23,2014-11-23 18:00:00,19,14.377395,11.887798
2014-11-23,2014-11-23 19:00:00,20,13.180077,13.242554
2014-11-23,2014-11-23 20:00:00,21,15.095785,14.974972
2014-11-23,2014-11-23 21:00:00,22,12.701149,15.637051
2014-11-23,2014-11-23 22:00:00,23,12.940613,15.512127
2014-11-23,2014-11-23 23:00:00,24,15.095785,14.592773
2014-11-24,2014-11-24 00:00:00,1,14.377395,16.94719
2014-11-24,2014-11-24 01:00:00,2,12.222222,16.700321
2014-11-24,2014-11-24 02:00:00,3,12.940613,19.843895
2014-11-24,2014-11-24 03:00:00,4,15.814177,21.450066
2014-11-24,2014-11-24 04:00:00,5,14.377395,18.85419
2014-11-24,2014-11-24 05:00:00,6,13.180077,28.442402
2014-11-24,2014-11-24 06:00:00,7,14.377395,39.814415
2014-11-24,2014-11-24 07:00:00,8,10.06705,33.20955
2014-11-24,2014-11-24 08:00:00,9,11.264368,37.79203
2014-11-24,2014-11-24 09:00:00,10,19.650383,43.861763
2014-11-24,2014-11-24 10:00:00,11,22.7682,36.6177
2014-11-24,2014-11-24 11:00:00,12,20.366379,37.530914
2014-11-24,2014-11-24 12:00:00,13,20.608238,38.84127
2014-11-24,2014-11-24 13:00:00,14,20.368774,34.714664
2014-11-24,2014-11-24 14:00:00,15,15.574713,35.711998
2014-11-24,2014-11-24 15:00:00,16,23.72366,41.99959
2014-11-24,2014-11-24 16:00:00,17,90.581894,55.879692
2014-11-24,2014-11-24 17:00:00,18,105.20115,72.864555
2014-11-24,2014-11-24 18:00:00,19,116.93965,84.67984
2014-11-24,2014-11-24 19:00:00,20,111.666664,98.325874
2014-11-24,2014-11-24 20:00:00,21,106.159004,98.38987
2014-11-24,2014-11-24 21:00:00,22,106.877396,99.51047
2014-11-24,2014-11-24 22:00:00,23,108.074715,88.775505
2014-11-24,2014-11-24 23:00:00,24,103.28304,79.56741
2014-11-25,2014-11-25 00:00:00,1,98.24712,78.794365
2014-11-25,2014-11-25 01:00:00,2,48.163315,48.96971
2014-11-25,2014-11-25 02:00:00,3,16.05364,30.547028
2014-11-25,2014-11-25 03:00:00,4,16.77203,34.720356
2014-11-25,2014-11-25 04:00:00,5,16.293104,47.743927
2014-11-25,2014-11-25 05:00:00,6,13.41954,40.212902
2014-11-25,2014-11-25 06:00:00,7,15.814177,34.407642
2014-11-25,2014-11-25 07:00:00,8,23.963123,26.789204
2014-11-25,2014-11-25 08:00:00,9,91.06082,17.06501
2014-11-25,2014-11-25 09:00:00,10,102.3228,17.568054
2014-11-25,2014-11-25 10:00:00,11,102.80173,9.050865
2014-11-25,2014-11-25 11:00:00,12,100.40469,1.6185074
2014-11-25,2014-11-25 12:00:00,13,103.99904,-3.586998
2014-11-25,2014-11-25 13:00:00,14,107.59339,4.4787903
2014-11-25,2014-11-25 14:00:00,15,98.48659,16.886951
2014-11-25,2014-11-25 15:00:00,16,95.61303,19.757023
2014-11-25,2014-11-25 16:00:00,17,95.85249,37.184673
2014-11-25,2014-11-25 17:00:00,18,117.179115,69.70746
2014-11-25,2014-11-25 18:00:00,19,114.54023,91.97855
2014-11-25,2014-11-25 19:00:00,20,111.18774,97.5764
2014-11-25,2014-11-25 20:00:00,21,105.19875,94.49567
2014-11-25,2014-11-25 21:00:00,22,97.049805,98.9514
2014-11-25,2014-11-25 22:00:00,23,96.33142,102.00399
2014-11-25,2014-11-25 23:00:00,24,98.48659,92.87992
2014-11-26,2014-11-26 00:00:00,1,94.655174,99.041534
2014-11-26,2014-11-26 01:00:00,2,79.31992,67.7022
2014-11-26,2014-11-26 02:00:00,3,19.169062,19.896523
2014-11-26,2014-11-26 03:00:00,4,18.68774,6.6416626
2014-11-26,2014-11-26 04:00:00,5,14.856322,3.1516266
2014-11-26,2014-11-26 05:00:00,6,12.461686,16.127865
2014-11-26,2014-11-26 06:00:00,7,15.335249,62.353065
2014-11-26,2014-11-26 07:00:00,8,21.568487,79.18295
2014-11-26,2014-11-26 08:00:00,9,77.15996,81.00745
2014-11-26,2014-11-26 09:00:00,10,82.43295,88.37462
2014-11-26,2014-11-26 10:00:00,11,82.91188,93.465164
2014-11-26,2014-11-26 11:00:00,12,87.94301,93.91541
2014-11-26,2014-11-26 12:00:00,13,94.17385,99.86909
2014-11-26,2014-11-26 13:00:00,14,94.65278,97.31672
2014-11-26,2014-11-26 14:00:00,15,86.506226,94.898834
2014-11-26,2014-11-26 15:00:00,16,96.81035,93.64664
2014-11-26,2014-11-26 16:00:00,17,100.64416,98.54904
2014-11-26,2014-11-26 17:00:00,18,111.90613,100.58423
2014-11-26,2014-11-26 18:00:00,19,108.31418,99.70076
2014-11-26,2014-11-26 19:00:00,20,104.48036,103.767365
2014-11-26,2014-11-26 20:00:00,21,100.64416,100.78833
2014-11-26,2014-11-26 21:00:00,22,96.33142,103.04639
2014-11-26,2014-11-26 22:00:00,23,99.92337,95.60412
2014-11-26,2014-11-26 23:00:00,24,100.4023,93.864204
2014-11-27,2014-11-27 00:00:00,1,98.00766,102.084854
2014-11-27,2014-11-27 01:00:00,2,73.328545,83.90397
2014-11-27,2014-11-27 02:00:00,3,17.011494,42.57379
2014-11-27,2014-11-27 03:00:00,4,17.969349,9.739868
2014-11-27,2014-11-27 04:00:00,5,14.856322,7.267578
2014-11-27,2014-11-27 05:00:00,6,13.180077,13.759941
2014-11-27,2014-11-27 06:00:00,7,14.137931,46.69587
2014-11-27,2014-11-27 07:00:00,8,18.69253,76.22009
2014-11-27,2014-11-27 08:00:00,9,79.796455,82.61636
2014-11-27,2014-11-27 09:00:00,10,89.14512,86.47996
2014-11-27,2014-11-27 10:00:00,11,91.78161,90.632195
2014-11-27,2014-11-27 11:00:00,12,94.655174,91.993286
2014-11-27,2014-11-27 12:00:00,13,93.2136,97.116
2014-11-27,2014-11-27 13:00:00,14,94.89464,97.92162
2014-11-27,2014-11-27 14:00:00,15,94.41571,98.51856
2014-11-27,2014-11-27 15:00:00,16,103.04358,94.76472
2014-11-27,2014-11-27 16:00:00,17,104.47797,97.60112
2014-11-27,2014-11-27 17:00:00,18,112.626915,100.273254
2014-11-27,2014-11-27 18:00:00,19,118.85776,97.30448
2014-11-27,2014-11-27 19:00:00,20,124.84674,101.72963
2014-11-27,2014-11-27 20:00:00,21,118.139366,101.89806
2014-11-27,2014-11-27 21:00:00,22,107.59579,103.25049
2014-11-27,2014-11-27 22:00:00,23,105.20115,99.279076
2014-11-27,2014-11-27 23:00:00,24,103.52251,94.55692
2014-11-28,2014-11-28 00:00:00,1,100.88362,97.05287
2014-11-28,2014-11-28 01:00:00,2,103.28304,93.07155
2014-11-28,2014-11-28 02:00:00,3,34.267242,76.148544
2014-11-28,2014-11-28 03:00:00,4,28.275862,21.093765
2014-11-28,2014-11-28 04:00:00,5,26.12069,7.900646
2014-11-28,2014-11-28 05:00:00,6,21.810345,6.0676155
2014-11-28,2014-11-28 06:00:00,7,20.12931,1.4508514
2014-11-28,2014-11-28 07:00:00,8,22.523947,37.532207
2014-11-28,2014-11-28 08:00:00,9,78.35967,64.2149
2014-11-28,2014-11-28 09:00:00,10,82.67242,79.48918
2014-11-28,2014-11-28 10:00:00,11,81.71456,83.0677
2014-11-28,2014-11-28 11:00:00,12,82.674805,80.226456
2014-11-28,2014-11-28 12:00:00,13,92.5,84.0172
2014-11-28,2014-11-28 13:00:00,14,89.384575,86.46915
2014-11-28,2014-11-28 14:00:00,15,89.62165,89.89074
2014-11-28,2014-11-28 15:00:00,16,94.41571,85.51944
2014-11-28,2014-11-28 16:00:00,17,96.094345,84.58086
2014-11-28,2014-11-28 17:00:00,18,113.582375,86.06244
2014-11-28,2014-11-28 18:00:00,19,111.4272,91.73804
2014-11-28,2014-11-28 19:00:00,20,101.83908,100.019005
2014-11-28,2014-11-28 20:00:00,21,105.43822,95.78989
2014-11-28,2014-11-28 21:00:00,22,103.280655,92.318695
2014-11-28,2014-11-28 22:00:00,23,94.655174,92.72972
2014-11-28,2014-11-28 23:00:00,24,87.703545,89.09571
2014-11-29,2014-11-29 00:00:00,1,82.19349,77.040184
2014-11-29,2014-11-29 01:00:00,2,49.36542,51.80198
2014-11-29,2014-11-29 02:00:00,3,12.461686,32.224598
2014-11-29,2014-11-29 03:00:00,4,13.898467,13.298119
2014-11-29,2014-11-29 04:00:00,5,14.377395,9.475288
2014-11-29,2014-11-29 05:00:00,6,11.9827585,9.731884
2014-11-29,2014-11-29 06:00:00,7,14.137931,9.934391
2014-11-29,2014-11-29 07:00:00,8,9.348659,2.3777466
2014-11-29,2014-11-29 08:00:00,9,7.191092,-5.046257
2014-11-29,2014-11-29 09:00:00,10,9.109196,-2.2848816
2014-11-29,2014-11-29 10:00:00,11,9.588122,1.0588837
2014-11-29,2014-11-29 11:00:00,12,7.4305553,-0.8266907
2014-11-29,2014-11-29 12:00:00,13,9.348659,-0.8246918
2014-11-29,2014-11-29 13:00:00,14,8.630268,1.4359055
2014-11-29,2014-11-29 14:00:00,15,8.869732,2.5659027
2014-11-29,2014-11-29 15:00:00,16,11.9827585,0.40013123
2014-11-29,2014-11-29 16:00:00,17,11.743295,2.2059708
2014-11-29,2014-11-29 17:00:00,18,9.109196,3.1837234
2014-11-29,2014-11-29 18:00:00,19,13.41954,4.406143
2014-11-29,2014-11-29 19:00:00,20,12.940613,6.517536
2014-11-29,2014-11-29 20:00:00,21,15.095785,8.2435875
2014-11-29,2014-11-29 21:00:00,22,11.743295,9.753304
2014-11-29,2014-11-29 22:00:00,23,13.180077,8.044949
2014-11-29,2014-11-29 23:00:00,24,14.377395,4.9334755
2014-11-30,2014-11-30 00:00:00,1,13.659004,14.625477
2014-11-30,2014-11-30 01:00:00,2,11.264368,13.6695175
2014-11-30,2014-11-30 02:00:00,3,11.743295,13.252903
2014-11-30,2014-11-30 03:00:00,4,13.898467,12.460571
2014-11-30,2014-11-30 04:00:00,5,14.377395,12.702663
2014-11-30,2014-11-30 05:00:00,6,11.9827585,14.225025
2014-11-30,2014-11-30 06:00:00,7,13.898467,13.712296
2014-11-30,2014-11-30 07:00:00,8,9.588122,11.88261
2014-11-30,2014-11-30 08:00:00,9,7.428161,9.976513
2014-11-30,2014-11-30 09:00:00,10,9.109196,9.659447
2014-11-30,2014-11-30 10:00:00,11,9.348659,9.545246
2014-11-30,2014-11-30 11:00:00,12,8.151341,8.9926605
2014-11-30,2014-11-30 12:00:00,13,9.109196,7.4180984
2014-11-30,2014-11-30 13:00:00,14,9.109196,7.6371536
2014-11-30,2014-11-30 14:00:00,15,6.9492335,8.157005
2014-11-30,2014-11-30 15:00:00,16,9.588122,7.9524307
2014-11-30,2014-11-30 16:00:00,17,8.630268,8.614845
2014-11-30,2014-11-30 17:00:00,18,8.867337,10.562386
2014-11-30,2014-11-30 18:00:00,19,13.659004,11.209923
2014-11-30,2014-11-30 19:00:00,20,12.701149,12.288761
2014-11-30,2014-11-30 20:00:00,21,13.180077,13.284069
2014-11-30,2014-11-30 21:00:00,22,11.503832,14.213795
2014-11-30,2014-11-30 22:00:00,23,11.9827585,14.589294
2014-11-30,2014-11-30 23:00:00,24,14.137931,15.21344
2014-12-01,2014-12-01 00:00:00,1,13.659004,15.589584
2014-12-01,2014-12-01 01:00:00,2,12.222222,17.457191
2014-12-01,2014-12-01 02:00:00,3,12.222222,22.753845
2014-12-01,2014-12-01 03:00:00,4,13.898467,21.467197
2014-12-01,2014-12-01 04:00:00,5,13.659004,20.27155
2014-12-01,2014-12-01 05:00:00,6,11.9827585,24.979084
2014-12-01,2014-12-01 06:00:00,7,13.898467,31.902805
2014-12-01,2014-12-01 07:00:00,8,15.09818,30.686295
2014-12-01,2014-12-01 08:00:00,9,60.864464,36.026703
2014-12-01,2014-12-01 09:00:00,10,71.16858,47.194893
2014-12-01,2014-12-01 10:00:00,11,67.81609,48.89341
2014-12-01,2014-12-01 11:00:00,12,69.01341,53.779797
2014-12-01,2014-12-01 12:00:00,13,71.88697,51.567238
2014-12-01,2014-12-01 13:00:00,14,69.01341,49.50851
2014-12-01,2014-12-01 14:00:00,15,65.179596,54.359383
2014-12-01,2014-12-01 15:00:00,16,30.672894,57.57608
2014-12-01,2014-12-01 16:00:00,17,82.67242,65.75957
2014-12-01,2014-12-01 17:00:00,18,117.65804,78.45918
2014-12-01,2014-12-01 18:00:00,19,115.02395,89.12535
2014-12-01,2014-12-01 19:00:00,20,109.03257,102.42871
2014-12-01,2014-12-01 20:00:00,21,104.719826,109.66788
2014-12-01,2014-12-01 21:00:00,22,92.497604,114.60477
2014-12-01,2014-12-01 22:00:00,23,88.90326,105.33101
2014-12-01,2014-12-01 23:00:00,24,86.50383,95.43473
2014-12-02,2014-12-02 00:00:00,1,59.188217,83.74455
2014-12-02,2014-12-02 01:00:00,2,41.216476,84.89195
2014-12-02,2014-12-02 02:00:00,3,13.898467,71.90007
2014-12-02,2014-12-02 03:00:00,4,14.856322,26.933891
2014-12-02,2014-12-02 04:00:00,5,15.095785,15.744133
2014-12-02,2014-12-02 05:00:00,6,12.222222,11.376083
2014-12-02,2014-12-02 06:00:00,7,13.659004,14.180908
2014-12-02,2014-12-02 07:00:00,8,13.900862,55.735615
2014-12-02,2014-12-02 08:00:00,9,35.943485,75.641975
2014-12-02,2014-12-02 09:00:00,10,75.24186,83.28203
2014-12-02,2014-12-02 10:00:00,11,84.58812,83.79947
2014-12-02,2014-12-02 11:00:00,12,84.11159,79.3913
2014-12-02,2014-12-02 12:00:00,13,92.97893,82.28667
2014-12-02,2014-12-02 13:00:00,14,86.748085,85.930504
2014-12-02,2014-12-02 14:00:00,15,81.954025,84.12643
2014-12-02,2014-12-02 15:00:00,16,88.905655,73.64512
2014-12-02,2014-12-02 16:00:00,17,95.85488,79.08772
2014-12-02,2014-12-02 17:00:00,18,110.22988,92.460594
2014-12-02,2014-12-02 18:00:00,19,102.56465,99.78409
2014-12-02,2014-12-02 19:00:00,20,97.768196,106.34012
2014-12-02,2014-12-02 20:00:00,21,96.570885,105.510605
2014-12-02,2014-12-02 21:00:00,22,90.10536,103.587234
2014-12-02,2014-12-02 22:00:00,23,83.39081,98.09218
2014-12-02,2014-12-02 23:00:00,24,84.82758,90.681885
2014-12-03,2014-12-03 00:00:00,1,83.86973,87.54945
2014-12-03,2014-12-03 01:00:00,2,60.627396,70.45668
2014-12-03,2014-12-03 02:00:00,3,16.293104,35.207336
2014-12-03,2014-12-03 03:00:00,4,17.250957,14.663624
2014-12-03,2014-12-03 04:00:00,5,16.05364,13.471615
2014-12-03,2014-12-03 05:00:00,6,14.377395,17.53299
2014-12-03,2014-12-03 06:00:00,7,15.814177,46.155487
2014-12-03,2014-12-03 07:00:00,8,20.847702,67.880264
2014-12-03,2014-12-03 08:00:00,9,82.91427,71.43757
2014-12-03,2014-12-03 09:00:00,10,92.02107,78.087204
2014-12-03,2014-12-03 10:00:00,11,95.61303,81.62087
2014-12-03,2014-12-03 11:00:00,12,94.89464,83.965454
2014-12-03,2014-12-03 12:00:00,13,54.636017,88.344154
2014-12-03,2014-12-03 13:00:00,14,24.681513,87.629745
2014-12-03,2014-12-03 14:00:00,15,21.326628,88.181
2014-12-03,2014-12-03 15:00:00,16,34.264847,83.789856
2014-12-03,2014-12-03 16:00:00,17,78.36207,89.85382
2014-12-03,2014-12-03 17:00:00,18,109.27442,93.31914
2014-12-03,2014-12-03 18:00:00,19,111.4272,90.73294
2014-12-03,2014-12-03 19:00:00,20,107.83525,96.80973
2014-12-03,2014-12-03 20:00:00,21,101.84148,99.08177
2014-12-03,2014-12-03 21:00:00,22,91.30268,100.341805
2014-12-03,2014-12-03 22:00:00,23,86.0249,94.31962
2014-12-03,2014-12-03 23:00:00,24,86.0249,85.642166
2014-12-04,2014-12-04 00:00:00,1,84.10919,87.640144
2014-12-04,2014-12-04 01:00:00,2,69.731804,67.25185
2014-12-04,2014-12-04 02:00:00,3,14.377395,23.111305
2014-12-04,2014-12-04 03:00:00,4,15.574713,7.4202385
2014-12-04,2014-12-04 04:00:00,5,15.814177,3.7034836
2014-12-04,2014-12-04 05:00:00,6,11.9827585,10.054535
2014-12-04,2014-12-04 06:00:00,7,14.137931,53.00493
2014-12-04,2014-12-04 07:00:00,8,19.171455,76.14623
2014-12-04,2014-12-04 08:00:00,9,74.52586,82.94626
2014-12-04,2014-12-04 09:00:00,10,79.31992,88.168144
2014-12-04,2014-12-04 10:00:00,11,78.60153,90.95407
2014-12-04,2014-12-04 11:00:00,12,77.16235,89.07656
2014-12-04,2014-12-04 12:00:00,13,90.10058,88.40894
2014-12-04,2014-12-04 13:00:00,14,91.53975,81.153656
2014-12-04,2014-12-04 14:00:00,15,85.30651,88.049255
2014-12-04,2014-12-04 15:00:00,16,84.82758,85.431015
2014-12-04,2014-12-04 16:00:00,17,89.62165,88.72985
2014-12-04,2014-12-04 17:00:00,18,102.08094,102.8035
2014-12-04,2014-12-04 18:00:00,19,97.049805,107.233475
2014-12-04,2014-12-04 19:00:00,20,97.049805,108.82721
2014-12-04,2014-12-04 20:00:00,21,94.17625,105.32989
2014-12-04,2014-12-04 21:00:00,22,87.46648,104.43265
2014-12-04,2014-12-04 22:00:00,23,84.82758,91.160446
2014-12-04,2014-12-04 23:00:00,24,86.50383,86.91435
2014-12-05,2014-12-05 00:00:00,1,84.58812,88.84768
2014-12-05,2014-12-05 01:00:00,2,68.05556,71.48152
2014-12-05,2014-12-05 02:00:00,3,16.05364,33.303635
2014-12-05,2014-12-05 03:00:00,4,17.011494,10.482777
2014-12-05,2014-12-05 04:00:00,5,16.532568,9.633816
2014-12-05,2014-12-05 05:00:00,6,14.137931,16.745308
2014-12-05,2014-12-05 06:00:00,7,17.250957,50.237534
2014-12-05,2014-12-05 07:00:00,8,20.12931,74.26041
2014-12-05,2014-12-05 08:00:00,9,76.92289,78.048645
2014-12-05,2014-12-05 09:00:00,10,54.396553,82.94207
2014-12-05,2014-12-05 10:00:00,11,60.86686,86.93974
2014-12-05,2014-12-05 11:00:00,12,37.863983,89.50453
2014-12-05,2014-12-05 12:00:00,13,39.779694,94.59304
2014-12-05,2014-12-05 13:00:00,14,36.903736,93.745056
2014-12-05,2014-12-05 14:00:00,15,33.788315,94.07932
2014-12-05,2014-12-05 15:00:00,16,76.683426,90.064545
2014-12-05,2014-12-05 16:00:00,17,92.5,94.240654
2014-12-05,2014-12-05 17:00:00,18,95.85249,97.52861
2014-12-05,2014-12-05 18:00:00,19,92.26054,94.96765
2014-12-05,2014-12-05 19:00:00,20,93.457855,100.47015
2014-12-05,2014-12-05 20:00:00,21,92.01868,100.316956
2014-12-05,2014-12-05 21:00:00,22,86.50383,100.714226
2014-12-05,2014-12-05 22:00:00,23,83.39081,94.77834
2014-12-05,2014-12-05 23:00:00,24,85.30651,87.59819
2014-12-06,2014-12-06 00:00:00,1,76.9205,67.397125
2014-12-06,2014-12-06 01:00:00,2,42.895115,36.065414
2014-12-06,2014-12-06 02:00:00,3,12.701149,17.260334
2014-12-06,2014-12-06 03:00:00,4,14.6168585,4.279129
2014-12-06,2014-12-06 04:00:00,5,13.898467,1.1465225
2014-12-06,2014-12-06 05:00:00,6,12.222222,4.056793
2014-12-06,2014-12-06 06:00:00,7,14.6168585,5.558975
2014-12-06,2014-12-06 07:00:00,8,9.348659,-1.8775558
2014-12-06,2014-12-06 08:00:00,9,7.428161,-6.204979
2014-12-06,2014-12-06 09:00:00,10,9.109196,-4.0269012
2014-12-06,2014-12-06 10:00:00,11,9.348659,-1.2747192
2014-12-06,2014-12-06 11:00:00,12,7.6676245,-0.51908875
2014-12-06,2014-12-06 12:00:00,13,9.827586,-0.7871704
2014-12-06,2014-12-06 13:00:00,14,8.869732,0.11917877
2014-12-06,2014-12-06 14:00:00,15,7.4305553,-1.1215286
2014-12-06,2014-12-06 15:00:00,16,9.588122,0.44391632
2014-12-06,2014-12-06 16:00:00,17,8.630268,4.047535
2014-12-06,2014-12-06 17:00:00,18,9.827586,0.5297165
2014-12-06,2014-12-06 18:00:00,19,13.659004,0.69833374
2014-12-06,2014-12-06 19:00:00,20,11.9827585,3.2141876
2014-12-06,2014-12-06 20:00:00,21,13.659004,1.0301971
2014-12-06,2014-12-06 21:00:00,22,11.264368,1.755867
2014-12-06,2014-12-06 22:00:00,23,12.461686,0.75045013
2014-12-06,2014-12-06 23:00:00,24,14.377395,0.49599457
2014-12-07,2014-12-07 00:00:00,1,13.898467,14.434841
2014-12-07,2014-12-07 01:00:00,2,11.264368,13.197727
2014-12-07,2014-12-07 02:00:00,3,11.9827585,12.249012
2014-12-07,2014-12-07 03:00:00,4,14.137931,11.434658
2014-12-07,2014-12-07 04:00:00,5,14.377395,11.96825
2014-12-07,2014-12-07 05:00:00,6,12.222222,12.409534
2014-12-07,2014-12-07 06:00:00,7,13.898467,11.84552
2014-12-07,2014-12-07 07:00:00,8,9.588122,10.284088
2014-12-07,2014-12-07 08:00:00,9,6.9492335,8.370106
2014-12-07,2014-12-07 09:00:00,10,9.588122,8.450047
2014-12-07,2014-12-07 10:00:00,11,9.827586,8.377178
2014-12-07,2014-12-07 11:00:00,12,7.4305553,8.336597
2014-12-07,2014-12-07 12:00:00,13,9.348659,7.2469673
2014-12-07,2014-12-07 13:00:00,14,9.109196,7.6863213
2014-12-07,2014-12-07 14:00:00,15,7.428161,8.348614
2014-12-07,2014-12-07 15:00:00,16,9.348659,7.9855423
2014-12-07,2014-12-07 16:00:00,17,9.827586,7.5759315
2014-12-07,2014-12-07 17:00:00,18,8.867337,9.191448
2014-12-07,2014-12-07 18:00:00,19,13.41954,10.279285
2014-12-07,2014-12-07 19:00:00,20,11.9827585,11.506081
2014-12-07,2014-12-07 20:00:00,21,13.41954,13.13903
2014-12-07,2014-12-07 21:00:00,22,12.222222,13.569286
2014-12-07,2014-12-07 22:00:00,23,12.461686,13.680607
2014-12-07,2014-12-07 23:00:00,24,13.898467,12.96283
2014-12-08,2014-12-08 00:00:00,1,13.898467,15.860077
2014-12-08,2014-12-08 01:00:00,2,11.264368,15.409084
2014-12-08,2014-12-08 02:00:00,3,13.180077,18.46191
2014-12-08,2014-12-08 03:00:00,4,13.898467,19.87928
2014-12-08,2014-12-08 04:00:00,5,13.898467,17.309353
2014-12-08,2014-12-08 05:00:00,6,12.222222,26.956081
2014-12-08,2014-12-08 06:00:00,7,14.137931,38.34549
2014-12-08,2014-12-08 07:00:00,8,27.318008,32.14834
2014-12-08,2014-12-08 08:00:00,9,89.384575,36.662796
2014-12-08,2014-12-08 09:00:00,10,86.264366,41.946068
2014-12-08,2014-12-08 10:00:00,11,87.94301,34.962715
2014-12-08,2014-12-08 11:00:00,12,88.18247,35.989975
2014-12-08,2014-12-08 12:00:00,13,97.53113,37.41661
2014-12-08,2014-12-08 13:00:00,14,99.92337,33.519398
2014-12-08,2014-12-08 14:00:00,15,93.69732,34.480892
2014-12-08,2014-12-08 15:00:00,16,99.68391,39.752262
2014-12-08,2014-12-08 16:00:00,17,105.67768,52.44958
2014-12-08,2014-12-08 17:00:00,18,115.739944,68.82125
2014-12-08,2014-12-08 18:00:00,19,113.582375,80.05988
2014-12-08,2014-12-08 19:00:00,20,107.59579,93.57319
2014-12-08,2014-12-08 20:00:00,21,106.877396,93.76292
2014-12-08,2014-12-08 21:00:00,22,102.083336,95.25063
2014-12-08,2014-12-08 22:00:00,23,98.48659,85.54214
2014-12-08,2014-12-08 23:00:00,24,98.00766,76.31363
2014-12-09,2014-12-09 00:00:00,1,94.41571,95.21821
2014-12-09,2014-12-09 01:00:00,2,63.261494,96.80417
2014-12-09,2014-12-09 02:00:00,3,13.659004,88.63616
2014-12-09,2014-12-09 03:00:00,4,14.137931,36.35115
2014-12-09,2014-12-09 04:00:00,5,13.659004,12.213913
2014-12-09,2014-12-09 05:00:00,6,11.9827585,12.928989
2014-12-09,2014-12-09 06:00:00,7,14.377395,15.002125
2014-12-09,2014-12-09 07:00:00,8,17.255747,51.785713
2014-12-09,2014-12-09 08:00:00,9,84.58812,80.91495
2014-12-09,2014-12-09 09:00:00,10,61.345787,88.139305
2014-12-09,2014-12-09 10:00:00,11,31.149426,92.80405
2014-12-09,2014-12-09 11:00:00,12,23.72366,94.278244
2014-12-09,2014-12-09 12:00:00,13,27.55747,97.31709
2014-12-09,2014-12-09 13:00:00,14,28.036398,104.25992
2014-12-09,2014-12-09 14:00:00,15,24.20498,104.063
2014-12-09,2014-12-09 15:00:00,16,53.675766,99.1207
2014-12-09,2014-12-09 16:00:00,17,93.45546,98.68584
2014-12-09,2014-12-09 17:00:00,18,126.28592,101.64223
2014-12-09,2014-12-09 18:00:00,19,121.494255,105.97702
2014-12-09,2014-12-09 19:00:00,20,113.58477,109.44289
2014-12-09,2014-12-09 20:00:00,21,109.03257,108.544174
2014-12-09,2014-12-09 21:00:00,22,107.83525,107.571014
2014-12-09,2014-12-09 22:00:00,23,98.00766,103.412964
2014-12-09,2014-12-09 23:00:00,24,97.52873,101.53342
2014-12-10,2014-12-10 00:00:00,1,98.00766,96.9165
2014-12-10,2014-12-10 01:00:00,2,62.782566,86.23556
2014-12-10,2014-12-10 02:00:00,3,17.729885,55.804443
2014-12-10,2014-12-10 03:00:00,4,20.126915,21.464172
2014-12-10,2014-12-10 04:00:00,5,17.490421,15.902096
2014-12-10,2014-12-10 05:00:00,6,14.856322,13.794132
2014-12-10,2014-12-10 06:00:00,7,15.814177,33.854664
2014-12-10,2014-12-10 07:00:00,8,20.12931,69.46337
2014-12-10,2014-12-10 08:00:00,9,77.40182,82.155174
2014-12-10,2014-12-10 09:00:00,10,80.75671,85.64033
2014-12-10,2014-12-10 10:00:00,11,85.545975,87.58563
2014-12-10,2014-12-10 11:00:00,12,84.10919,82.13205
2014-12-10,2014-12-10 12:00:00,13,92.73946,79.19757
2014-12-10,2014-12-10 13:00:00,14,88.6614,76.673706
2014-12-10,2014-12-10 14:00:00,15,84.590515,80.61666
2014-12-10,2014-12-10 15:00:00,16,93.69732,72.11884
2014-12-10,2014-12-10 16:00:00,17,98.97031,80.21512
2014-12-10,2014-12-10 17:00:00,18,121.494255,106.17259
2014-12-10,2014-12-10 18:00:00,19,112.14559,114.73595
2014-12-10,2014-12-10 19:00:00,20,107.11686,114.89661
2014-12-10,2014-12-10 20:00:00,21,108.31418,111.775696
2014-12-10,2014-12-10 21:00:00,22,101.84387,110.67592
2014-12-10,2014-12-10 22:00:00,23,98.24712,101.51354
2014-12-10,2014-12-10 23:00:00,24,97.52873,95.29246
2014-12-11,2014-12-11 00:00:00,1,95.85488,98.73031
2014-12-11,2014-12-11 01:00:00,2,57.27251,76.4756
2014-12-11,2014-12-11 02:00:00,3,14.377395,34.25749
2014-12-11,2014-12-11 03:00:00,4,15.574713,13.037025
2014-12-11,2014-12-11 04:00:00,5,14.377395,10.823929
2014-12-11,2014-12-11 05:00:00,6,12.222222,17.997417
2014-12-11,2014-12-11 06:00:00,7,13.898467,54.724068
2014-12-11,2014-12-11 07:00:00,8,16.534962,78.17958
2014-12-11,2014-12-11 08:00:00,9,82.19349,82.294914
2014-12-11,2014-12-11 09:00:00,10,88.18247,88.64232
2014-12-11,2014-12-11 10:00:00,11,92.97893,92.2341
2014-12-11,2014-12-11 11:00:00,12,91.06082,92.54502
2014-12-11,2014-12-11 12:00:00,13,100.88362,98.16546
2014-12-11,2014-12-11 13:00:00,14,95.373566,97.46012
2014-12-11,2014-12-11 14:00:00,15,92.25814,97.482666
2014-12-11,2014-12-11 15:00:00,16,91.78161,93.896835
2014-12-11,2014-12-11 16:00:00,17,93.21839,98.31011
2014-12-11,2014-12-11 17:00:00,18,107.83525,101.256744
2014-12-11,2014-12-11 18:00:00,19,106.63554,99.390564
2014-12-11,2014-12-11 19:00:00,20,104.001434,105.083954
2014-12-11,2014-12-11 20:00:00,21,100.64416,104.60591
2014-12-11,2014-12-11 21:00:00,22,97.768196,106.48744
2014-12-11,2014-12-11 22:00:00,23,94.41571,99.95813
2014-12-11,2014-12-11 23:00:00,24,94.17625,94.3068
2014-12-12,2014-12-12 00:00:00,1,95.85249,95.77713
2014-12-12,2014-12-12 01:00:00,2,47.684387,74.54127
2014-12-12,2014-12-12 02:00:00,3,18.68774,30.889381
2014-12-12,2014-12-12 03:00:00,4,19.166666,8.200199
2014-12-12,2014-12-12 04:00:00,5,17.729885,6.5323906
2014-12-12,2014-12-12 05:00:00,6,15.095785,14.628815
2014-12-12,2014-12-12 06:00:00,7,16.532568,53.893227
2014-12-12,2014-12-12 07:00:00,8,22.523947,78.44667
2014-12-12,2014-12-12 08:00:00,9,82.19349,82.5021
2014-12-12,2014-12-12 09:00:00,10,94.655174,87.64406
2014-12-12,2014-12-12 10:00:00,11,92.01868,92.2486
2014-12-12,2014-12-12 11:00:00,12,87.22222,94.15216
2014-12-12,2014-12-12 12:00:00,13,95.615425,100.31398
2014-12-12,2014-12-12 13:00:00,14,94.65278,99.56608
2014-12-12,2014-12-12 14:00:00,15,92.01868,99.200874
2014-12-12,2014-12-12 15:00:00,16,96.81035,96.430534
2014-12-12,2014-12-12 16:00:00,17,106.15661,99.288734
2014-12-12,2014-12-12 17:00:00,18,116.46073,100.820656
2014-12-12,2014-12-12 18:00:00,19,113.10584,98.71889
2014-12-12,2014-12-12 19:00:00,20,104.48276,103.98764
2014-12-12,2014-12-12 20:00:00,21,105.19875,102.944595
2014-12-12,2014-12-12 21:00:00,22,100.40709,103.779045
2014-12-12,2014-12-12 22:00:00,23,91.06322,97.53618
2014-12-12,2014-12-12 23:00:00,24,94.655174,92.454956
2014-12-13,2014-12-13 00:00:00,1,95.61303,88.32884
2014-12-13,2014-12-13 01:00:00,2,66.85584,73.19743
2014-12-13,2014-12-13 02:00:00,3,19.166666,52.98829
2014-12-13,2014-12-13 03:00:00,4,19.64799,16.51073
2014-12-13,2014-12-13 04:00:00,5,17.729885,3.984272
2014-12-13,2014-12-13 05:00:00,6,16.293104,-2.072075
2014-12-13,2014-12-13 06:00:00,7,17.011494,-5.43351
2014-12-13,2014-12-13 07:00:00,8,13.180077,14.40406
2014-12-13,2014-12-13 08:00:00,9,7.4305553,32.569267
2014-12-13,2014-12-13 09:00:00,10,10.06705,50.716263
2014-12-13,2014-12-13 10:00:00,11,9.109196,56.192146
2014-12-13,2014-12-13 11:00:00,12,8.390804,52.798237
2014-12-13,2014-12-13 12:00:00,13,9.588122,56.603348
2014-12-13,2014-12-13 13:00:00,14,9.109196,53.77871
2014-12-13,2014-12-13 14:00:00,15,7.672414,58.468338
2014-12-13,2014-12-13 15:00:00,16,9.588122,56.125984
2014-12-13,2014-12-13 16:00:00,17,9.348659,56.016293
2014-12-13,2014-12-13 17:00:00,18,10.545977,60.79814
2014-12-13,2014-12-13 18:00:00,19,13.659004,62.429913
2014-12-13,2014-12-13 19:00:00,20,13.41954,64.21903
2014-12-13,2014-12-13 20:00:00,21,15.814177,62.037113
2014-12-13,2014-12-13 21:00:00,22,13.180077,59.83043
2014-12-13,2014-12-13 22:00:00,23,13.659004,57.377934
2014-12-13,2014-12-13 23:00:00,24,14.377395,55.075264
2014-12-14,2014-12-14 00:00:00,1,13.659004,14.690495
2014-12-14,2014-12-14 01:00:00,2,12.461686,14.095406
2014-12-14,2014-12-14 02:00:00,3,14.137931,13.471069
2014-12-14,2014-12-14 03:00:00,4,14.6168585,12.531445
2014-12-14,2014-12-14 04:00:00,5,14.6168585,12.746769
2014-12-14,2014-12-14 05:00:00,6,11.9827585,14.401035
2014-12-14,2014-12-14 06:00:00,7,14.377395,14.053085
2014-12-14,2014-12-14 07:00:00,8,10.306514,11.71114
2014-12-14,2014-12-14 08:00:00,9,7.43295,9.300823
2014-12-14,2014-12-14 09:00:00,10,10.545977,9.064396
2014-12-14,2014-12-14 10:00:00,11,8.869732,9.150532
2014-12-14,2014-12-14 11:00:00,12,7.909483,8.494053
2014-12-14,2014-12-14 12:00:00,13,9.827586,6.976307
2014-12-14,2014-12-14 13:00:00,14,8.869732,7.3234177
2014-12-14,2014-12-14 14:00:00,15,7.672414,7.8029175
2014-12-14,2014-12-14 15:00:00,16,10.78544,7.887966
2014-12-14,2014-12-14 16:00:00,17,8.869732,8.368607
2014-12-14,2014-12-14 17:00:00,18,9.106801,10.326439
2014-12-14,2014-12-14 18:00:00,19,13.659004,11.37215
2014-12-14,2014-12-14 19:00:00,20,12.461686,12.968613
2014-12-14,2014-12-14 20:00:00,21,13.898467,14.14624
2014-12-14,2014-12-14 21:00:00,22,11.264368,15.086979
2014-12-14,2014-12-14 22:00:00,23,13.41954,15.345856
2014-12-14,2014-12-14 23:00:00,24,14.137931,15.70636
2014-12-15,2014-12-15 00:00:00,1,13.898467,15.55632
2014-12-15,2014-12-15 01:00:00,2,11.503832,15.500252
2014-12-15,2014-12-15 02:00:00,3,11.9827585,15.993126
2014-12-15,2014-12-15 03:00:00,4,15.574713,13.444061
2014-12-15,2014-12-15 04:00:00,5,13.898467,17.50203
2014-12-15,2014-12-15 05:00:00,6,11.9827585,18.677513
2014-12-15,2014-12-15 06:00:00,7,14.377395,32.482533
2014-12-15,2014-12-15 07:00:00,8,14.619253,57.91774
2014-12-15,2014-12-15 08:00:00,9,82.91188,77.214294
2014-12-15,2014-12-15 09:00:00,10,99.44684,95.28453
2014-12-15,2014-12-15 10:00:00,11,96.81035,106.7726
2014-12-15,2014-12-15 11:00:00,12,98.48898,108.90509
2014-12-15,2014-12-15 12:00:00,13,104.001434,106.4473
2014-12-15,2014-12-15 13:00:00,14,97.28927,111.81017
2014-12-15,2014-12-15 14:00:00,15,92.5,111.01828
2014-12-15,2014-12-15 15:00:00,16,96.33142,105.82274
2014-12-15,2014-12-15 16:00:00,17,97.049805,105.7368
2014-12-15,2014-12-15 17:00:00,18,108.31418,109.73164
2014-12-15,2014-12-15 18:00:00,19,104.001434,114.40127
2014-12-15,2014-12-15 19:00:00,20,100.4023,116.91997
2014-12-15,2014-12-15 20:00:00,21,100.881226,121.24263
2014-12-15,2014-12-15 21:00:00,22,100.64176,120.245056
2014-12-15,2014-12-15 22:00:00,23,94.17625,116.124146
2014-12-15,2014-12-15 23:00:00,24,92.26054,119.35579
2014-12-16,2014-12-16 00:00:00,1,91.30268,88.71019
2014-12-16,2014-12-16 01:00:00,2,52.71791,92.02633
2014-12-16,2014-12-16 02:00:00,3,17.250957,93.96685
2014-12-16,2014-12-16 03:00:00,4,19.887451,53.530212
2014-12-16,2014-12-16 04:00:00,5,17.969349,14.6417885
2014-12-16,2014-12-16 05:00:00,6,15.095785,11.058346
2014-12-16,2014-12-16 06:00:00,7,16.293104,9.22155
2014-12-16,2014-12-16 07:00:00,8,18.929598,33.788517
2014-12-16,2014-12-16 08:00:00,9,82.909485,72.97342
2014-12-16,2014-12-16 09:00:00,10,90.10297,88.86368
2014-12-16,2014-12-16 10:00:00,11,90.58429,92.78343
2014-12-16,2014-12-16 11:00:00,12,90.344826,95.120026
2014-12-16,2014-12-16 12:00:00,13,92.26054,97.85709
2014-12-16,2014-12-16 13:00:00,14,91.53975,104.59256
2014-12-16,2014-12-16 14:00:00,15,87.703545,106.103806
2014-12-16,2014-12-16 15:00:00,16,95.1341,103.09334
2014-12-16,2014-12-16 16:00:00,17,101.123085,101.57919
2014-12-16,2014-12-16 17:00:00,18,118.37883,102.05458
2014-12-16,2014-12-16 18:00:00,19,112.62452,108.23416
2014-12-16,2014-12-16 19:00:00,20,104.719826,112.14592
2014-12-16,2014-12-16 20:00:00,21,101.364944,109.86323
2014-12-16,2014-12-16 21:00:00,22,97.049805,107.91387
2014-12-16,2014-12-16 22:00:00,23,96.33142,103.05943
2014-12-16,2014-12-16 23:00:00,24,94.41571,103.133194
2014-12-17,2014-12-17 00:00:00,1,92.02107,92.63692
2014-12-17,2014-12-17 01:00:00,2,73.80747,93.26542
2014-12-17,2014-12-17 02:00:00,3,14.856322,71.48674
2014-12-17,2014-12-17 03:00:00,4,15.814177,14.929352
2014-12-17,2014-12-17 04:00:00,5,14.377395,7.8508873
2014-12-17,2014-12-17 05:00:00,6,12.701149,10.942833
2014-12-17,2014-12-17 06:00:00,7,14.6168585,23.047207
2014-12-17,2014-12-17 07:00:00,8,18.213602,67.62717
2014-12-17,2014-12-17 08:00:00,9,86.98515,85.46236
2014-12-17,2014-12-17 09:00:00,10,96.09196,88.70389
2014-12-17,2014-12-17 10:00:00,11,95.61303,90.97566
2014-12-17,2014-12-17 11:00:00,12,100.40469,90.673004
2014-12-17,2014-12-17 12:00:00,13,103.28544,95.43554
2014-12-17,2014-12-17 13:00:00,14,102.56226,100.24115
2014-12-17,2014-12-17 14:00:00,15,100.4023,99.938065
2014-12-17,2014-12-17 15:00:00,16,104.95929,94.33282
2014-12-17,2014-12-17 16:00:00,17,116.93965,96.44541
2014-12-17,2014-12-17 17:00:00,18,130.35919,99.50127
2014-12-17,2014-12-17 18:00:00,19,125.56753,99.84425
2014-12-17,2014-12-17 19:00:00,20,118.62069,105.1151
2014-12-17,2014-12-17 20:00:00,21,113.34531,104.32083
2014-12-17,2014-12-17 21:00:00,22,107.35632,103.84837
2014-12-17,2014-12-17 22:00:00,23,103.764366,101.59813
2014-12-17,2014-12-17 23:00:00,24,99.44444,95.30316
2014-12-18,2014-12-18 00:00:00,1,96.33142,96.99722
2014-12-18,2014-12-18 01:00:00,2,66.85584,93.271065
2014-12-18,2014-12-18 02:00:00,3,24.923372,64.72226
2014-12-18,2014-12-18 03:00:00,4,23.726053,13.374165
2014-12-18,2014-12-18 04:00:00,5,19.887451,9.224369
2014-12-18,2014-12-18 05:00:00,6,18.208813,12.669586
2014-12-18,2014-12-18 06:00:00,7,16.532568,31.857506
2014-12-18,2014-12-18 07:00:00,8,18.453066,75.57838
2014-12-18,2014-12-18 08:00:00,9,79.55699,90.70618
2014-12-18,2014-12-18 09:00:00,10,89.62404,94.8037
2014-12-18,2014-12-18 10:00:00,11,90.10297,96.5182
2014-12-18,2014-12-18 11:00:00,12,88.90086,95.09674
2014-12-18,2014-12-18 12:00:00,13,94.655174,100.92306
2014-12-18,2014-12-18 13:00:00,14,89.38219,104.91804
2014-12-18,2014-12-18 14:00:00,15,76.20211,104.87437
2014-12-18,2014-12-18 15:00:00,16,79.08046,99.22858
2014-12-18,2014-12-18 16:00:00,17,86.50862,100.37423
2014-12-18,2014-12-18 17:00:00,18,90.81896,102.9513
2014-12-18,2014-12-18 18:00:00,19,96.81035,103.712494
2014-12-18,2014-12-18 19:00:00,20,103.28304,110.28508
2014-12-18,2014-12-18 20:00:00,21,98.96791,109.87038
2014-12-18,2014-12-18 21:00:00,22,97.768196,109.2126
2014-12-18,2014-12-18 22:00:00,23,92.5,104.84029
2014-12-18,2014-12-18 23:00:00,24,92.02107,98.5072
2014-12-19,2014-12-19 00:00:00,1,91.542145,91.04109
2014-12-19,2014-12-19 01:00:00,2,77.64368,90.3932
2014-12-19,2014-12-19 02:00:00,3,19.887451,64.127174
2014-12-19,2014-12-19 03:00:00,4,21.810345,14.306992
2014-12-19,2014-12-19 04:00:00,5,19.887451,11.23473
2014-12-19,2014-12-19 05:00:00,6,16.77203,15.890995
2014-12-19,2014-12-19 06:00:00,7,17.969349,35.210278
2014-12-19,2014-12-19 07:00:00,8,20.368774,76.20031
2014-12-19,2014-12-19 08:00:00,9,83.86973,87.92581
2014-12-19,2014-12-19 09:00:00,10,89.861115,89.88342
2014-12-19,2014-12-19 10:00:00,11,90.34243,92.44689
2014-12-19,2014-12-19 11:00:00,12,96.09196,93.16896
2014-12-19,2014-12-19 12:00:00,13,109.75096,99.13465
2014-12-19,2014-12-19 13:00:00,14,109.03257,102.42058
2014-12-19,2014-12-19 14:00:00,15,103.280655,101.64464
2014-12-19,2014-12-19 15:00:00,16,108.793106,96.574234
2014-12-19,2014-12-19 16:00:00,17,105.91954,98.324554
2014-12-19,2014-12-19 17:00:00,18,114.30316,101.799065
2014-12-19,2014-12-19 18:00:00,19,110.22988,100.95461
2014-12-19,2014-12-19 19:00:00,20,104.001434,107.11525
2014-12-19,2014-12-19 20:00:00,21,106.39847,106.648026
2014-12-19,2014-12-19 21:00:00,22,105.91954,105.724106
2014-12-19,2014-12-19 22:00:00,23,96.570885,102.51482
2014-12-19,2014-12-19 23:00:00,24,94.655174,94.21563
2014-12-20,2014-12-20 00:00:00,1,94.41571,88.93048
2014-12-20,2014-12-20 01:00:00,2,62.78496,87.951065
2014-12-20,2014-12-20 02:00:00,3,17.250957,76.04726
2014-12-20,2014-12-20 03:00:00,4,17.011494,26.07978
2014-12-20,2014-12-20 04:00:00,5,16.05364,8.986259
2014-12-20,2014-12-20 05:00:00,6,14.856322,2.7363663
2014-12-20,2014-12-20 06:00:00,7,16.532568,-3.9627533
2014-12-20,2014-12-20 07:00:00,8,13.180077,23.511654
2014-12-20,2014-12-20 08:00:00,9,8.869732,47.25792
2014-12-20,2014-12-20 09:00:00,10,10.78544,66.849815
2014-12-20,2014-12-20 10:00:00,11,9.588122,73.53258
2014-12-20,2014-12-20 11:00:00,12,7.670019,69.93636
2014-12-20,2014-12-20 12:00:00,13,9.348659,73.12298
2014-12-20,2014-12-20 13:00:00,14,8.869732,73.71724
2014-12-20,2014-12-20 14:00:00,15,8.151341,75.833664
2014-12-20,2014-12-20 15:00:00,16,11.9827585,75.12811
2014-12-20,2014-12-20 16:00:00,17,9.827586,74.15907
2014-12-20,2014-12-20 17:00:00,18,8.869732,77.845085
2014-12-20,2014-12-20 18:00:00,19,13.41954,83.914665
2014-12-20,2014-12-20 19:00:00,20,11.743295,88.29735
2014-12-20,2014-12-20 20:00:00,21,13.41954,83.30916
2014-12-20,2014-12-20 21:00:00,22,11.743295,81.169
2014-12-20,2014-12-20 22:00:00,23,11.9827585,84.4837
2014-12-20,2014-12-20 23:00:00,24,13.41954,83.23701
2014-12-21,2014-12-21 00:00:00,1,13.41954,13.807907
2014-12-21,2014-12-21 01:00:00,2,11.024904,12.968559
2014-12-21,2014-12-21 02:00:00,3,12.461686,12.7468605
2014-12-21,2014-12-21 03:00:00,4,14.137931,11.952442
2014-12-21,2014-12-21 04:00:00,5,13.180077,11.973293
2014-12-21,2014-12-21 05:00:00,6,11.743295,13.565254
2014-12-21,2014-12-21 06:00:00,7,13.898467,13.139263
2014-12-21,2014-12-21 07:00:00,8,11.024904,11.466114
2014-12-21,2014-12-21 08:00:00,9,7.4305553,9.551411
2014-12-21,2014-12-21 09:00:00,10,9.348659,9.0131035
2014-12-21,2014-12-21 10:00:00,11,8.390804,8.957191
2014-12-21,2014-12-21 11:00:00,12,7.43295,8.4077
2014-12-21,2014-12-21 12:00:00,13,9.348659,6.6652184
2014-12-21,2014-12-21 13:00:00,14,9.588122,6.804775
2014-12-21,2014-12-21 14:00:00,15,7.670019,7.1297035
2014-12-21,2014-12-21 15:00:00,16,9.109196,6.9522247
2014-12-21,2014-12-21 16:00:00,17,8.869732,7.829479
2014-12-21,2014-12-21 17:00:00,18,8.38841,9.76265
2014-12-21,2014-12-21 18:00:00,19,13.659004,10.354614
2014-12-21,2014-12-21 19:00:00,20,11.743295,11.309475
2014-12-21,2014-12-21 20:00:00,21,13.180077,12.316586
2014-12-21,2014-12-21 21:00:00,22,10.78544,13.665382
2014-12-21,2014-12-21 22:00:00,23,11.743295,14.400127
2014-12-21,2014-12-21 23:00:00,24,14.6168585,15.371704
2014-12-22,2014-12-22 00:00:00,1,13.41954,16.072102
2014-12-22,2014-12-22 01:00:00,2,11.024904,16.980297
2014-12-22,2014-12-22 02:00:00,3,11.503832,19.262318
2014-12-22,2014-12-22 03:00:00,4,13.659004,17.154915
2014-12-22,2014-12-22 04:00:00,5,13.898467,19.532837
2014-12-22,2014-12-22 05:00:00,6,11.743295,20.088692
2014-12-22,2014-12-22 06:00:00,7,13.898467,26.8312
2014-12-22,2014-12-22 07:00:00,8,16.295498,45.350708
2014-12-22,2014-12-22 08:00:00,9,74.04454,65.262245
2014-12-22,2014-12-22 09:00:00,10,77.638885,86.49541
2014-12-22,2014-12-22 10:00:00,11,87.22701,100.898575
2014-12-22,2014-12-22 11:00:00,12,88.42433,106.08046
2014-12-22,2014-12-22 12:00:00,13,93.93678,101.30206
2014-12-22,2014-12-22 13:00:00,14,89.14272,104.86325
2014-12-22,2014-12-22 14:00:00,15,88.66619,105.61001
2014-12-22,2014-12-22 15:00:00,16,86.264366,100.16159
2014-12-22,2014-12-22 16:00:00,17,97.768196,101.74219
2014-12-22,2014-12-22 17:00:00,18,110.23228,104.75111
2014-12-22,2014-12-22 18:00:00,19,115.01916,110.16168
2014-12-22,2014-12-22 19:00:00,20,113.58477,115.25763
2014-12-22,2014-12-22 20:00:00,21,110.469345,119.31307
2014-12-22,2014-12-22 21:00:00,22,107.83525,118.77882
2014-12-22,2014-12-22 22:00:00,23,98.00766,112.43495
2014-12-22,2014-12-22 23:00:00,24,98.965515,115.38693
2014-12-23,2014-12-23 00:00:00,1,94.655174,95.09029
2014-12-23,2014-12-23 01:00:00,2,87.70594,96.22877
2014-12-23,2014-12-23 02:00:00,3,21.805555,95.044235
2014-12-23,2014-12-23 03:00:00,4,20.847702,55.45739
2014-12-23,2014-12-23 04:00:00,5,19.40613,20.47213
2014-12-23,2014-12-23 05:00:00,6,16.532568,15.703835
2014-12-23,2014-12-23 06:00:00,7,16.05364,12.24477
2014-12-23,2014-12-23 07:00:00,8,28.036398,35.531944
2014-12-23,2014-12-23 08:00:00,9,83.86973,70.829544
2014-12-23,2014-12-23 09:00:00,10,95.85249,89.11569
2014-12-23,2014-12-23 10:00:00,11,96.094345,92.328964
2014-12-23,2014-12-23 11:00:00,12,94.17385,92.70266
2014-12-23,2014-12-23 12:00:00,13,100.64176,96.38492
2014-12-23,2014-12-23 13:00:00,14,100.64416,102.07812
2014-12-23,2014-12-23 14:00:00,15,91.77682,103.520294
2014-12-23,2014-12-23 15:00:00,16,94.89464,100.082825
2014-12-23,2014-12-23 16:00:00,17,98.72845,98.32154
2014-12-23,2014-12-23 17:00:00,18,108.79071,98.95895
2014-12-23,2014-12-23 18:00:00,19,115.02155,105.51746
2014-12-23,2014-12-23 19:00:00,20,113.10345,110.61473
2014-12-23,2014-12-23 20:00:00,21,105.91954,109.539024
2014-12-23,2014-12-23 21:00:00,22,103.280655,109.43085
2014-12-23,2014-12-23 22:00:00,23,98.48659,105.64828
2014-12-23,2014-12-23 23:00:00,24,98.965515,104.419945
2014-12-24,2014-12-24 00:00:00,1,99.20498,96.60711
2014-12-24,2014-12-24 01:00:00,2,91.058426,96.62386
2014-12-24,2014-12-24 02:00:00,3,27.79933,77.90516
2014-12-24,2014-12-24 03:00:00,4,24.444445,20.321415
2014-12-24,2014-12-24 04:00:00,5,22.047413,9.628876
2014-12-24,2014-12-24 05:00:00,6,19.169062,11.276524
2014-12-24,2014-12-24 06:00:00,7,16.77203,18.79998
2014-12-24,2014-12-24 07:00:00,8,18.213602,63.98278
2014-12-24,2014-12-24 08:00:00,9,86.98515,86.04596
2014-12-24,2014-12-24 09:00:00,10,96.09196,90.570786
2014-12-24,2014-12-24 10:00:00,11,95.61303,92.96246
2014-12-24,2014-12-24 11:00:00,12,100.40469,92.082664
2014-12-24,2014-12-24 12:00:00,13,103.28544,96.418625
2014-12-24,2014-12-24 13:00:00,14,102.56226,102.68692
2014-12-24,2014-12-24 14:00:00,15,100.4023,102.04035
2014-12-24,2014-12-24 15:00:00,16,104.95929,95.9493
2014-12-24,2014-12-24 16:00:00,17,116.93965,97.308365
2014-12-24,2014-12-24 17:00:00,18,130.35919,100.14169
2014-12-24,2014-12-24 18:00:00,19,125.56753,102.184235
2014-12-24,2014-12-24 19:00:00,20,118.62069,107.064804
2014-12-24,2014-12-24 20:00:00,21,113.34531,105.92811
2014-12-24,2014-12-24 21:00:00,22,107.35632,106.188515
2014-12-24,2014-12-24 22:00:00,23,103.764366,103.58606
2014-12-24,2014-12-24 23:00:00,24,99.44444,97.95133
2014-12-25,2014-12-25 00:00:00,1,14.856322,96.08192
2014-12-25,2014-12-25 01:00:00,2,12.940613,97.2264
2014-12-25,2014-12-25 02:00:00,3,12.940613,78.603806
2014-12-25,2014-12-25 03:00:00,4,15.095785,21.295868
2014-12-25,2014-12-25 04:00:00,5,14.137931,11.69442
2014-12-25,2014-12-25 05:00:00,6,12.701149,13.342911
2014-12-25,2014-12-25 06:00:00,7,15.095785,21.444977
2014-12-25,2014-12-25 07:00:00,8,11.743295,67.59329
2014-12-25,2014-12-25 08:00:00,9,8.390804,89.92754
2014-12-25,2014-12-25 09:00:00,10,10.306514,95.028885
2014-12-25,2014-12-25 10:00:00,11,10.06705,97.243576
2014-12-25,2014-12-25 11:00:00,12,9.109196,96.27005
2014-12-25,2014-12-25 12:00:00,13,10.545977,101.17495
2014-12-25,2014-12-25 13:00:00,14,10.06705,107.32419
2014-12-25,2014-12-25 14:00:00,15,8.390804,106.948135
2014-12-25,2014-12-25 15:00:00,16,10.06705,100.90174
2014-12-25,2014-12-25 16:00:00,17,10.06705,101.37757
2014-12-25,2014-12-25 17:00:00,18,10.306514,103.362274
2014-12-25,2014-12-25 18:00:00,19,15.095785,106.1797
2014-12-25,2014-12-25 19:00:00,20,15.095785,111.88197
2014-12-25,2014-12-25 20:00:00,21,16.77203,111.33188
2014-12-25,2014-12-25 21:00:00,22,13.41954,110.89574
2014-12-25,2014-12-25 22:00:00,23,13.180077,107.09043
2014-12-25,2014-12-25 23:00:00,24,15.095785,101.166
2014-12-26,2014-12-26 00:00:00,1,91.542145,16.578785
2014-12-26,2014-12-26 01:00:00,2,77.64368,16.67669
2014-12-26,2014-12-26 02:00:00,3,19.887451,15.827
2014-12-26,2014-12-26 03:00:00,4,21.810345,15.061684
2014-12-26,2014-12-26 04:00:00,5,19.887451,15.500988
2014-12-26,2014-12-26 05:00:00,6,16.77203,15.775085
2014-12-26,2014-12-26 06:00:00,7,17.969349,16.309193
2014-12-26,2014-12-26 07:00:00,8,20.368774,15.580429
2014-12-26,2014-12-26 08:00:00,9,83.86973,13.027901
2014-12-26,2014-12-26 09:00:00,10,89.861115,12.214523
2014-12-26,2014-12-26 10:00:00,11,90.34243,11.01527
2014-12-26,2014-12-26 11:00:00,12,96.09196,10.574909
2014-12-26,2014-12-26 12:00:00,13,109.75096,11.092133
2014-12-26,2014-12-26 13:00:00,14,109.03257,10.546883
2014-12-26,2014-12-26 14:00:00,15,103.280655,11.528336
2014-12-26,2014-12-26 15:00:00,16,108.793106,10.354397
2014-12-26,2014-12-26 16:00:00,17,105.91954,8.846302
2014-12-26,2014-12-26 17:00:00,18,114.30316,10.563377
2014-12-26,2014-12-26 18:00:00,19,110.22988,13.784031
2014-12-26,2014-12-26 19:00:00,20,104.001434,15.776375
2014-12-26,2014-12-26 20:00:00,21,106.39847,18.16978
2014-12-26,2014-12-26 21:00:00,22,105.91954,21.37817
2014-12-26,2014-12-26 22:00:00,23,96.570885,21.291248
2014-12-26,2014-12-26 23:00:00,24,94.655174,20.28954
2014-12-27,2014-12-27 00:00:00,1,91.30268,83.681564
2014-12-27,2014-12-27 01:00:00,2,67.574234,65.858154
2014-12-27,2014-12-27 02:00:00,3,14.377395,44.06328
2014-12-27,2014-12-27 03:00:00,4,15.574713,35.084038
2014-12-27,2014-12-27 04:00:00,5,14.856322,38.705475
2014-12-27,2014-12-27 05:00:00,6,13.41954,41.563705
2014-12-27,2014-12-27 06:00:00,7,14.377395,47.821968
2014-12-27,2014-12-27 07:00:00,8,11.503832,58.516235
2014-12-27,2014-12-27 08:00:00,9,8.630268,71.01725
2014-12-27,2014-12-27 09:00:00,10,10.545977,87.77359
2014-12-27,2014-12-27 10:00:00,11,9.348659,106.7918
2014-12-27,2014-12-27 11:00:00,12,9.109196,119.4666
2014-12-27,2014-12-27 12:00:00,13,10.06705,128.09114
2014-12-27,2014-12-27 13:00:00,14,9.588122,129.72195
2014-12-27,2014-12-27 14:00:00,15,8.151341,118.74339
2014-12-27,2014-12-27 15:00:00,16,10.306514,105.531265
2014-12-27,2014-12-27 16:00:00,17,9.588122,102.47148
2014-12-27,2014-12-27 17:00:00,18,11.264368,97.41426
2014-12-27,2014-12-27 18:00:00,19,15.814177,96.78883
2014-12-27,2014-12-27 19:00:00,20,12.461686,100.79999
2014-12-27,2014-12-27 20:00:00,21,14.137931,89.1253
2014-12-27,2014-12-27 21:00:00,22,11.9827585,79.067825
2014-12-27,2014-12-27 22:00:00,23,12.940613,77.6838
2014-12-27,2014-12-27 23:00:00,24,14.856322,77.79329
2014-12-28,2014-12-28 00:00:00,1,14.137931,15.639725
2014-12-28,2014-12-28 01:00:00,2,13.180077,14.582096
2014-12-28,2014-12-28 02:00:00,3,14.137931,13.738781
2014-12-28,2014-12-28 03:00:00,4,14.856322,13.150372
2014-12-28,2014-12-28 04:00:00,5,14.6168585,13.035404
2014-12-28,2014-12-28 05:00:00,6,12.940613,13.097355
2014-12-28,2014-12-28 06:00:00,7,14.6168585,12.9981
2014-12-28,2014-12-28 07:00:00,8,11.743295,12.161278
2014-12-28,2014-12-28 08:00:00,9,8.151341,10.395378
2014-12-28,2014-12-28 09:00:00,10,9.827586,10.118092
2014-12-28,2014-12-28 10:00:00,11,11.024904,9.35247
2014-12-28,2014-12-28 11:00:00,12,7.9118776,8.791702
2014-12-28,2014-12-28 12:00:00,13,8.869732,8.675785
2014-12-28,2014-12-28 13:00:00,14,8.148947,8.507618
2014-12-28,2014-12-28 14:00:00,15,6.951628,10.15036
2014-12-28,2014-12-28 15:00:00,16,9.348659,9.351444
2014-12-28,2014-12-28 16:00:00,17,8.38841,8.154118
2014-12-28,2014-12-28 17:00:00,18,7.9070883,8.814678
2014-12-28,2014-12-28 18:00:00,19,12.940613,10.48098
2014-12-28,2014-12-28 19:00:00,20,11.264368,12.356533
2014-12-28,2014-12-28 20:00:00,21,12.461686,15.166603
2014-12-28,2014-12-28 21:00:00,22,11.024904,17.477161
2014-12-28,2014-12-28 22:00:00,23,11.503832,18.35239
2014-12-28,2014-12-28 23:00:00,24,12.940613,17.394768
2014-12-29,2014-12-29 00:00:00,1,12.701149,15.462608
2014-12-29,2014-12-29 01:00:00,2,10.545977,13.876499
2014-12-29,2014-12-29 02:00:00,3,11.024904,15.735195
2014-12-29,2014-12-29 03:00:00,4,14.377395,17.13388
2014-12-29,2014-12-29 04:00:00,5,12.701149,13.565685
2014-12-29,2014-12-29 05:00:00,6,11.024904,18.77301
2014-12-29,2014-12-29 06:00:00,7,12.940613,24.22955
2014-12-29,2014-12-29 07:00:00,8,21.329023,20.759865
2014-12-29,2014-12-29 08:00:00,9,81.235634,28.646152
2014-12-29,2014-12-29 09:00:00,10,100.40709,36.269775
2014-12-29,2014-12-29 10:00:00,11,98.010056,32.619675
2014-12-29,2014-12-29 11:00:00,12,92.5,33.404728
2014-12-29,2014-12-29 12:00:00,13,97.28927,34.083286
2014-12-29,2014-12-29 13:00:00,14,93.69732,31.563114
2014-12-29,2014-12-29 14:00:00,15,85.78544,33.791676
2014-12-29,2014-12-29 15:00:00,16,84.348656,33.903763
2014-12-29,2014-12-29 16:00:00,17,85.30891,39.169594
2014-12-29,2014-12-29 17:00:00,18,108.55364,48.51728
2014-12-29,2014-12-29 18:00:00,19,110.94827,57.093437
2014-12-29,2014-12-29 19:00:00,20,113.34291,73.96637
2014-12-29,2014-12-29 20:00:00,21,108.074715,81.41792
2014-12-29,2014-12-29 21:00:00,22,102.56226,93.80239
2014-12-29,2014-12-29 22:00:00,23,92.26054,96.9361
2014-12-29,2014-12-29 23:00:00,24,86.506226,92.0179
2014-12-30,2014-12-30 00:00:00,1,87.22222,84.294426
2014-12-30,2014-12-30 01:00:00,2,82.91188,85.10213
2014-12-30,2014-12-30 02:00:00,3,81.954025,62.17743
2014-12-30,2014-12-30 03:00:00,4,74.52347,10.468327
2014-12-30,2014-12-30 04:00:00,5,15.574713,5.771984
2014-12-30,2014-12-30 05:00:00,6,11.503832,8.725384
2014-12-30,2014-12-30 06:00:00,7,13.898467,23.835316
2014-12-30,2014-12-30 07:00:00,8,21.807951,68.80833
2014-12-30,2014-12-30 08:00:00,9,92.25814,85.82368
2014-12-30,2014-12-30 09:00:00,10,102.083336,88.552475
2014-12-30,2014-12-30 10:00:00,11,101.123085,89.451225
2014-12-30,2014-12-30 11:00:00,12,101.59962,89.34088
2014-12-30,2014-12-30 12:00:00,13,102.56226,95.340836
2014-12-30,2014-12-30 13:00:00,14,94.41571,99.50449
2014-12-30,2014-12-30 14:00:00,15,90.34243,98.31229
2014-12-30,2014-12-30 15:00:00,16,97.768196,92.31364
2014-12-30,2014-12-30 16:00:00,17,96.570885,94.7117
2014-12-30,2014-12-30 17:00:00,18,104.95929,97.907364
2014-12-30,2014-12-30 18:00:00,19,115.50048,99.5892
2014-12-30,2014-12-30 19:00:00,20,114.30316,108.11189
2014-12-30,2014-12-30 20:00:00,21,105.44061,106.45064
2014-12-30,2014-12-30 21:00:00,22,103.52012,102.19396
2014-12-30,2014-12-30 22:00:00,23,94.655174,96.584946
2014-12-30,2014-12-30 23:00:00,24,94.655174,87.61695
2014-12-31,2014-12-31 00:00:00,1,86.98515,91.14061
2014-12-31,2014-12-31 01:00:00,2,82.19349,92.59732
2014-12-31,2014-12-31 02:00:00,3,80.99617,92.86044
2014-12-31,2014-12-31 03:00:00,4,57.50958,54.995625
2014-12-31,2014-12-31 04:00:00,5,16.77203,13.1492
2014-12-31,2014-12-31 05:00:00,6,15.095785,5.0272713
2014-12-31,2014-12-31 06:00:00,7,15.574713,0.77427673
2014-12-31,2014-12-31 07:00:00,8,24.920977,19.982983
2014-12-31,2014-12-31 08:00:00,9,66.85824,62.378716
2014-12-31,2014-12-31 09:00:00,10,78.12021,86.9638
2014-12-31,2014-12-31 10:00:00,11,85.30651,89.5757
2014-12-31,2014-12-31 11:00:00,12,81.4751,90.19892
2014-12-31,2014-12-31 12:00:00,13,86.0273,92.10904
2014-12-31,2014-12-31 13:00:00,14,82.67242,97.71086
2014-12-31,2014-12-31 14:00:00,15,75.96504,101.93541
2014-12-31,2014-12-31 15:00:00,16,79.79885,98.84993
2014-12-31,2014-12-31 16:00:00,17,81.95163,96.54922
2014-12-31,2014-12-31 17:00:00,18,40.256226,95.971985
2014-12-31,2014-12-31 18:00:00,19,36.42481,102.90705
2014-12-31,2014-12-31 19:00:00,20,30.19157,108.011795
2014-12-31,2014-12-31 20:00:00,21,28.515326,105.48355
2014-12-31,2014-12-31 21:00:00,22,23.247126,103.73098
2014-12-31,2014-12-31 22:00:00,23,20.366379,100.17203
2014-12-31,2014-12-31 23:00:00,24,20.847702,101.09589
