origin,timestamp,lead_hour,actual,prediction
2014-03-14,2014-03-14 00:00:00,1,166.66667,158.21523
2014-03-14,2014-03-14 01:00:00,2,39.0625,40.13359
2014-03-14,2014-03-14 02:00:00,3,36.458332,32.480934
2014-03-14,2014-03-14 03:00:00,4,36.458332,36.199
2014-03-14,2014-03-14 04:00:00,5,104.166664,57.88521
2014-03-14,2014-03-14 05:00:00,6,104.166664,111.05013
2014-03-14,2014-03-14 06:00:00,7,153.64583,144.83423
2014-03-14,2014-03-14 07:00:00,8,0.0,1.303463
2014-03-14,2014-03-14 08:00:00,9,0.0,-0.08229828
2014-03-14,2014-03-14 09:00:00,10,0.0,0.6191826
2014-03-14,2014-03-14 10:00:00,11,0.0,0.3827896
2014-03-14,2014-03-14 11:00:00,12,0.0,0.71250916
2014-03-14,2014-03-14 12:00:00,13,0.0,0.64208984
2014-03-14,2014-03-14 13:00:00,14,0.0,0.6828613
2014-03-14,2014-03-14 14:00:00,15,59.895832,0.32968903
2014-03-14,2014-03-14 15:00:00,16,0.0,0.45632935
2014-03-14,2014-03-14 16:00:00,17,33.854168,0.1413765
2014-03-14,2014-03-14 17:00:00,18,0.0,0.1158371
2014-03-14,2014-03-14 18:00:00,19,0.0,0.5250664
2014-03-14,2014-03-14 19:00:00,20,0.0,0.18069077
2014-03-14,2014-03-14 20:00:00,21,0.0,0.15058136
2014-03-14,2014-03-14 21:00:00,22,0.0,-0.15496445
2014-03-14,2014-03-14 22:00:00,23,0.0,-0.69921494
2014-03-14,2014-03-14 23:00:00,24,0.0,-1.3053894
2014-03-15,2014-03-15 00:00:00,1,166.66667,85.53432
2014-03-15,2014-03-15 01:00:00,2,36.458332,22.011284
2014-03-15,2014-03-15 02:00:00,3,36.458332,21.747395
2014-03-15,2014-03-15 03:00:00,4,33.854168,38.389874
2014-03-15,2014-03-15 04:00:00,5,33.854168,79.06122
2014-03-15,2014-03-15 05:00:00,6,33.854168,100.69816
2014-03-15,2014-03-15 06:00:00,7,33.854168,125.772156
2014-03-15,2014-03-15 07:00:00,8,39.0625,125.86072
2014-03-15,2014-03-15 08:00:00,9,31.25,116.73239
2014-03-15,2014-03-15 09:00:00,10,65.104164,85.30339
2014-03-15,2014-03-15 10:00:00,11,0.0,49.140244
2014-03-15,2014-03-15 11:00:00,12,0.0,48.511528
2014-03-15,2014-03-15 12:00:00,13,0.0,57.65838
2014-03-15,2014-03-15 13:00:00,14,208.33333,101.3208
2014-03-15,2014-03-15 14:00:00,15,33.854168,82.807495
2014-03-15,2014-03-15 15:00:00,16,39.0625,73.90514
2014-03-15,2014-03-15 16:00:00,17,36.458332,78.30325
2014-03-15,2014-03-15 17:00:00,18,36.458332,66.49021
2014-03-15,2014-03-15 18:00:00,19,44.270832,67.05961
2014-03-15,2014-03-15 19:00:00,20,0.0,54.745094
2014-03-15,2014-03-15 20:00:00,21,0.0,60.278114
2014-03-15,2014-03-15 21:00:00,22,0.0,64.37329
2014-03-15,2014-03-15 22:00:00,23,164.0625,103.480804
2014-03-15,2014-03-15 23:00:00,24,36.458332,98.83627
2014-03-16,2014-03-16 00:00:00,1,41.666668,62.484795
2014-03-16,2014-03-16 01:00:00,2,39.0625,64.12827
2014-03-16,2014-03-16 02:00:00,3,36.458332,71.00714
2014-03-16,2014-03-16 03:00:00,4,36.458332,83.615845
2014-03-16,2014-03-16 04:00:00,5,36.458332,93.3945
2014-03-16,2014-03-16 05:00:00,6,36.458332,95.534454
2014-03-16,2014-03-16 06:00:00,7,36.458332,99.35852
2014-03-16,2014-03-16 07:00:00,8,36.458332,104.7398
2014-03-16,2014-03-16 08:00:00,9,36.458332,104.59302
2014-03-16,2014-03-16 09:00:00,10,39.0625,100.47096
2014-03-16,2014-03-16 10:00:00,11,33.854168,100.369835
2014-03-16,2014-03-16 11:00:00,12,33.854168,102.99339
2014-03-16,2014-03-16 12:00:00,13,33.854168,102.88165
2014-03-16,2014-03-16 13:00:00,14,33.854168,103.92774
2014-03-16,2014-03-16 14:00:00,15,36.458332,105.85399
2014-03-16,2014-03-16 15:00:00,16,33.854168,107.84928
2014-03-16,2014-03-16 16:00:00,17,36.458332,111.59502
2014-03-16,2014-03-16 17:00:00,18,36.458332,111.35922
2014-03-16,2014-03-16 18:00:00,19,33.854168,111.78727
2014-03-16,2014-03-16 19:00:00,20,39.0625,118.05182
2014-03-16,2014-03-16 20:00:00,21,36.458332,117.686455
2014-03-16,2014-03-16 21:00:00,22,36.458332,114.777145
2014-03-16,2014-03-16 22:00:00,23,33.854168,120.87236
2014-03-16,2014-03-16 23:00:00,24,36.458332,124.78788
2014-03-17,2014-03-17 00:00:00,1,36.458332,70.72307
2014-03-17,2014-03-17 01:00:00,2,36.458332,51.428688
2014-03-17,2014-03-17 02:00:00,3,39.0625,48.341644
2014-03-17,2014-03-17 03:00:00,4,36.458332,47.746143
2014-03-17,2014-03-17 04:00:00,5,39.0625,53.794197
2014-03-17,2014-03-17 05:00:00,6,41.666668,68.20274
2014-03-17,2014-03-17 06:00:00,7,54.6875,70.81158
2014-03-17,2014-03-17 07:00:00,8,502.60416,15.237345
2014-03-17,2014-03-17 08:00:00,9,184.89583,6.565304
2014-03-17,2014-03-17 09:00:00,10,0.0,9.150057
2014-03-17,2014-03-17 10:00:00,11,0.0,8.685804
2014-03-17,2014-03-17 11:00:00,12,0.0,4.42638
2014-03-17,2014-03-17 12:00:00,13,0.0,2.820778
2014-03-17,2014-03-17 13:00:00,14,0.0,4.3513813
2014-03-17,2014-03-17 14:00:00,15,0.0,4.83584
2014-03-17,2014-03-17 15:00:00,16,0.0,4.3634815
2014-03-17,2014-03-17 16:00:00,17,0.0,4.536827
2014-03-17,2014-03-17 17:00:00,18,0.0,2.6698608
2014-03-17,2014-03-17 18:00:00,19,0.0,2.7790203
2014-03-17,2014-03-17 19:00:00,20,0.0,3.1284637
2014-03-17,2014-03-17 20:00:00,21,0.0,2.8236656
2014-03-17,2014-03-17 21:00:00,22,0.0,2.3378086
2014-03-17,2014-03-17 22:00:00,23,0.0,1.2118988
2014-03-17,2014-03-17 23:00:00,24,0.0,2.354124
2014-03-18,2014-03-18 00:00:00,1,161.45833,136.9862
2014-03-18,2014-03-18 01:00:00,2,33.854168,22.683601
2014-03-18,2014-03-18 02:00:00,3,33.854168,18.841396
2014-03-18,2014-03-18 03:00:00,4,33.854168,21.005522
2014-03-18,2014-03-18 04:00:00,5,98.958336,42.14977
2014-03-18,2014-03-18 05:00:00,6,101.5625,89.47635
2014-03-18,2014-03-18 06:00:00,7,132.8125,115.01347
2014-03-18,2014-03-18 07:00:00,8,0.0,1.9397812
2014-03-18,2014-03-18 08:00:00,9,0.0,0.67697144
2014-03-18,2014-03-18 09:00:00,10,0.0,1.4543743
2014-03-18,2014-03-18 10:00:00,11,0.0,1.0303326
2014-03-18,2014-03-18 11:00:00,12,0.0,1.0927238
2014-03-18,2014-03-18 12:00:00,13,0.0,1.0031109
2014-03-18,2014-03-18 13:00:00,14,0.0,0.9258919
2014-03-18,2014-03-18 14:00:00,15,0.0,1.1604214
2014-03-18,2014-03-18 15:00:00,16,0.0,1.1597786
2014-03-18,2014-03-18 16:00:00,17,0.0,0.9236679
2014-03-18,2014-03-18 17:00:00,18,0.0,0.9123726
2014-03-18,2014-03-18 18:00:00,19,0.0,1.3616371
2014-03-18,2014-03-18 19:00:00,20,0.0,1.1466084
2014-03-18,2014-03-18 20:00:00,21,0.0,1.0444736
2014-03-18,2014-03-18 21:00:00,22,0.0,0.8113575
2014-03-18,2014-03-18 22:00:00,23,0.0,0.34635544
2014-03-18,2014-03-18 23:00:00,24,0.0,0.35033798
2014-03-19,2014-03-19 00:00:00,1,169.27083,154.54541
2014-03-19,2014-03-19 01:00:00,2,36.458332,39.65113
2014-03-19,2014-03-19 02:00:00,3,36.458332,34.71673
2014-03-19,2014-03-19 03:00:00,4,33.854168,36.60167
2014-03-19,2014-03-19 04:00:00,5,52.083332,79.87991
2014-03-19,2014-03-19 05:00:00,6,98.958336,106.80246
2014-03-19,2014-03-19 06:00:00,7,148.4375,140.82475
2014-03-19,2014-03-19 07:00:00,8,0.0,0.61780167
2014-03-19,2014-03-19 08:00:00,9,0.0,0.7523098
2014-03-19,2014-03-19 09:00:00,10,0.0,1.1030331
2014-03-19,2014-03-19 10:00:00,11,0.0,0.8423195
2014-03-19,2014-03-19 11:00:00,12,0.0,1.1137981
2014-03-19,2014-03-19 12:00:00,13,0.0,0.86903954
2014-03-19,2014-03-19 13:00:00,14,0.0,0.84952927
2014-03-19,2014-03-19 14:00:00,15,0.0,0.7662296
2014-03-19,2014-03-19 15:00:00,16,0.0,0.7709503
2014-03-19,2014-03-19 16:00:00,17,57.291668,0.89235306
2014-03-19,2014-03-19 17:00:00,18,0.0,0.95806694
2014-03-19,2014-03-19 18:00:00,19,0.0,1.27211
2014-03-19,2014-03-19 19:00:00,20,0.0,1.0934963
2014-03-19,2014-03-19 20:00:00,21,0.0,0.95726585
2014-03-19,2014-03-19 21:00:00,22,0.0,0.6764469
2014-03-19,2014-03-19 22:00:00,23,0.0,0.17498016
2014-03-19,2014-03-19 23:00:00,24,0.0,0.20115662
2014-03-20,2014-03-20 00:00:00,1,161.45833,148.87541
2014-03-20,2014-03-20 01:00:00,2,36.458332,37.82433
2014-03-20,2014-03-20 02:00:00,3,33.854168,33.04699
2014-03-20,2014-03-20 03:00:00,4,31.25,36.9104
2014-03-20,2014-03-20 04:00:00,5,36.458332,78.31604
2014-03-20,2014-03-20 05:00:00,6,119.791664,103.91159
2014-03-20,2014-03-20 06:00:00,7,138.02083,135.09016
2014-03-20,2014-03-20 07:00:00,8,0.0,0.8875313
2014-03-20,2014-03-20 08:00:00,9,0.0,0.26589203
2014-03-20,2014-03-20 09:00:00,10,0.0,0.5268936
2014-03-20,2014-03-20 10:00:00,11,0.0,0.19433594
2014-03-20,2014-03-20 11:00:00,12,0.0,0.28034592
2014-03-20,2014-03-20 12:00:00,13,31.25,0.036193848
2014-03-20,2014-03-20 13:00:00,14,0.0,0.03195572
2014-03-20,2014-03-20 14:00:00,15,0.0,0.08508682
2014-03-20,2014-03-20 15:00:00,16,0.0,0.23306656
2014-03-20,2014-03-20 16:00:00,17,0.0,0.9437542
2014-03-20,2014-03-20 17:00:00,18,0.0,0.20455933
2014-03-20,2014-03-20 18:00:00,19,0.0,0.65097046
2014-03-20,2014-03-20 19:00:00,20,0.0,0.58418274
2014-03-20,2014-03-20 20:00:00,21,0.0,0.42539215
2014-03-20,2014-03-20 21:00:00,22,0.0,0.25169754
2014-03-20,2014-03-20 22:00:00,23,0.0,-0.34101868
2014-03-20,2014-03-20 23:00:00,24,0.0,-0.2958336
2014-03-21,2014-03-21 00:00:00,1,169.27083,149.84433
2014-03-21,2014-03-21 01:00:00,2,36.458332,38.95955
2014-03-21,2014-03-21 02:00:00,3,33.854168,31.53167
2014-03-21,2014-03-21 03:00:00,4,36.458332,31.074697
2014-03-21,2014-03-21 04:00:00,5,70.3125,63.685505
2014-03-21,2014-03-21 05:00:00,6,109.375,107.41193
2014-03-21,2014-03-21 06:00:00,7,171.875,131.23851
2014-03-21,2014-03-21 07:00:00,8,0.0,1.3362541
2014-03-21,2014-03-21 08:00:00,9,0.0,0.4044609
2014-03-21,2014-03-21 09:00:00,10,0.0,0.52708435
2014-03-21,2014-03-21 10:00:00,11,0.0,0.3144455
2014-03-21,2014-03-21 11:00:00,12,0.0,0.63713074
2014-03-21,2014-03-21 12:00:00,13,0.0,0.4677925
2014-03-21,2014-03-21 13:00:00,14,0.0,0.16699219
2014-03-21,2014-03-21 14:00:00,15,0.0,0.13799286
2014-03-21,2014-03-21 15:00:00,16,0.0,0.10944748
2014-03-21,2014-03-21 16:00:00,17,0.0,0.98319244
2014-03-21,2014-03-21 17:00:00,18,0.0,-0.02167511
2014-03-21,2014-03-21 18:00:00,19,0.0,0.57307434
2014-03-21,2014-03-21 19:00:00,20,0.0,0.3876915
2014-03-21,2014-03-21 20:00:00,21,0.0,0.26070023
2014-03-21,2014-03-21 21:00:00,22,0.0,0.14064789
2014-03-21,2014-03-21 22:00:00,23,0.0,-0.18706131
2014-03-21,2014-03-21 23:00:00,24,0.0,-0.05605316
2014-03-22,2014-03-22 00:00:00,1,158.85417,144.57256
2014-03-22,2014-03-22 01:00:00,2,33.854168,36.154263
2014-03-22,2014-03-22 02:00:00,3,36.458332,27.371151
2014-03-22,2014-03-22 03:00:00,4,36.458332,30.734236
2014-03-22,2014-03-22 04:00:00,5,91.145836,47.435444
2014-03-22,2014-03-22 05:00:00,6,104.166664,77.02795
2014-03-22,2014-03-22 06:00:00,7,117.1875,94.23868
2014-03-22,2014-03-22 07:00:00,8,177.08333,21.789698
2014-03-22,2014-03-22 08:00:00,9,109.375,11.125187
2014-03-22,2014-03-22 09:00:00,10,135.41667,14.418673
2014-03-22,2014-03-22 10:00:00,11,0.0,5.3031273
2014-03-22,2014-03-22 11:00:00,12,0.0,3.440258
2014-03-22,2014-03-22 12:00:00,13,0.0,5.3965073
2014-03-22,2014-03-22 13:00:00,14,166.66667,30.841219
2014-03-22,2014-03-22 14:00:00,15,36.458332,20.238974
2014-03-22,2014-03-22 15:00:00,16,36.458332,15.02854
2014-03-22,2014-03-22 16:00:00,17,36.458332,26.509855
2014-03-22,2014-03-22 17:00:00,18,88.541664,23.505972
2014-03-22,2014-03-22 18:00:00,19,283.85416,21.973228
2014-03-22,2014-03-22 19:00:00,20,242.1875,11.277132
2014-03-22,2014-03-22 20:00:00,21,169.27083,12.107153
2014-03-22,2014-03-22 21:00:00,22,122.395836,16.644382
2014-03-22,2014-03-22 22:00:00,23,166.66667,32.75875
2014-03-22,2014-03-22 23:00:00,24,119.791664,34.33933
2014-03-23,2014-03-23 00:00:00,1,171.875,141.27454
2014-03-23,2014-03-23 01:00:00,2,174.47917,142.35233
2014-03-23,2014-03-23 02:00:00,3,122.395836,143.22296
2014-03-23,2014-03-23 03:00:00,4,171.875,146.94696
2014-03-23,2014-03-23 04:00:00,5,171.875,147.87267
2014-03-23,2014-03-23 05:00:00,6,169.27083,153.3393
2014-03-23,2014-03-23 06:00:00,7,130.20833,159.51295
2014-03-23,2014-03-23 07:00:00,8,169.27083,159.39749
2014-03-23,2014-03-23 08:00:00,9,166.66667,144.54932
2014-03-23,2014-03-23 09:00:00,10,164.0625,113.804855
2014-03-23,2014-03-23 10:00:00,11,161.45833,88.590614
2014-03-23,2014-03-23 11:00:00,12,117.1875,79.11868
2014-03-23,2014-03-23 12:00:00,13,164.0625,76.02527
2014-03-23,2014-03-23 13:00:00,14,174.47917,75.73921
2014-03-23,2014-03-23 14:00:00,15,119.791664,78.87524
2014-03-23,2014-03-23 15:00:00,16,169.27083,76.116035
2014-03-23,2014-03-23 16:00:00,17,122.395836,91.31453
2014-03-23,2014-03-23 17:00:00,18,174.47917,105.95942
2014-03-23,2014-03-23 18:00:00,19,169.27083,121.35716
2014-03-23,2014-03-23 19:00:00,20,117.1875,125.98657
2014-03-23,2014-03-23 20:00:00,21,166.66667,125.2606
2014-03-23,2014-03-23 21:00:00,22,177.08333,122.69703
2014-03-23,2014-03-23 22:00:00,23,169.27083,118.68995
2014-03-23,2014-03-23 23:00:00,24,171.875,117.398796
2014-03-24,2014-03-24 00:00:00,1,122.395836,182.34677
2014-03-24,2014-03-24 01:00:00,2,166.66667,175.83667
2014-03-24,2014-03-24 02:00:00,3,164.0625,171.16449
2014-03-24,2014-03-24 03:00:00,4,169.27083,170.39665
2014-03-24,2014-03-24 04:00:00,5,171.875,170.61127
2014-03-24,2014-03-24 05:00:00,6,179.6875,173.06609
2014-03-24,2014-03-24 06:00:00,7,169.27083,173.55486
2014-03-24,2014-03-24 07:00:00,8,2.6041667,174.93839
2014-03-24,2014-03-24 08:00:00,9,0.0,133.87384
2014-03-24,2014-03-24 09:00:00,10,0.0,47.647446
2014-03-24,2014-03-24 10:00:00,11,5.2083335,23.037148
2014-03-24,2014-03-24 11:00:00,12,244.79167,10.900307
2014-03-24,2014-03-24 12:00:00,13,0.0,6.570072
2014-03-24,2014-03-24 13:00:00,14,0.0,3.8118248
2014-03-24,2014-03-24 14:00:00,15,0.0,0.74243927
2014-03-24,2014-03-24 15:00:00,16,0.0,1.7478218
2014-03-24,2014-03-24 16:00:00,17,0.0,1.9467583
2014-03-24,2014-03-24 17:00:00,18,0.0,2.763565
2014-03-24,2014-03-24 18:00:00,19,0.0,3.6735306
2014-03-24,2014-03-24 19:00:00,20,0.0,5.3541756
2014-03-24,2014-03-24 20:00:00,21,0.0,2.2803345
2014-03-24,2014-03-24 21:00:00,22,0.0,5.879219
2014-03-24,2014-03-24 22:00:00,23,0.0,3.7601547
2014-03-24,2014-03-24 23:00:00,24,0.0,8.20924
2014-03-25,2014-03-25 00:00:00,1,156.25,153.93222
2014-03-25,2014-03-25 01:00:00,2,36.458332,26.655384
2014-03-25,2014-03-25 02:00:00,3,41.666668,18.927395
2014-03-25,2014-03-25 03:00:00,4,39.0625,22.174839
2014-03-25,2014-03-25 04:00:00,5,111.979164,54.978703
2014-03-25,2014-03-25 05:00:00,6,111.979164,106.22687
2014-03-25,2014-03-25 06:00:00,7,127.604164,138.6256
2014-03-25,2014-03-25 07:00:00,8,0.0,1.9670563
2014-03-25,2014-03-25 08:00:00,9,0.0,0.82920074
2014-03-25,2014-03-25 09:00:00,10,0.0,1.5631752
2014-03-25,2014-03-25 10:00:00,11,0.0,1.0463142
2014-03-25,2014-03-25 11:00:00,12,0.0,1.7704086
2014-03-25,2014-03-25 12:00:00,13,0.0,1.722393
2014-03-25,2014-03-25 13:00:00,14,0.0,1.5429955
2014-03-25,2014-03-25 14:00:00,15,0.0,1.4221153
2014-03-25,2014-03-25 15:00:00,16,0.0,1.5442047
2014-03-25,2014-03-25 16:00:00,17,0.0,1.4716187
2014-03-25,2014-03-25 17:00:00,18,0.0,1.0269699
2014-03-25,2014-03-25 18:00:00,19,0.0,1.831192
2014-03-25,2014-03-25 19:00:00,20,0.0,1.4174156
2014-03-25,2014-03-25 20:00:00,21,0.0,1.2968864
2014-03-25,2014-03-25 21:00:00,22,0.0,0.9077873
2014-03-25,2014-03-25 22:00:00,23,0.0,0.23136139
2014-03-25,2014-03-25 23:00:00,24,0.0,-0.592865
2014-03-26,2014-03-26 00:00:00,1,166.66667,150.42245
2014-03-26,2014-03-26 01:00:00,2,36.458332,35.871826
2014-03-26,2014-03-26 02:00:00,3,33.854168,31.33084
2014-03-26,2014-03-26 03:00:00,4,36.458332,34.515938
2014-03-26,2014-03-26 04:00:00,5,135.41667,66.48794
2014-03-26,2014-03-26 05:00:00,6,119.791664,119.91408
2014-03-26,2014-03-26 06:00:00,7,132.8125,142.89624
2014-03-26,2014-03-26 07:00:00,8,0.0,1.8870888
2014-03-26,2014-03-26 08:00:00,9,0.0,0.92136765
2014-03-26,2014-03-26 09:00:00,10,0.0,1.7038155
2014-03-26,2014-03-26 10:00:00,11,0.0,1.242176
2014-03-26,2014-03-26 11:00:00,12,0.0,1.9213486
2014-03-26,2014-03-26 12:00:00,13,28.645834,1.8420486
2014-03-26,2014-03-26 13:00:00,14,0.0,1.5651817
2014-03-26,2014-03-26 14:00:00,15,0.0,1.2432098
2014-03-26,2014-03-26 15:00:00,16,0.0,1.1515617
2014-03-26,2014-03-26 16:00:00,17,0.0,1.1750336
2014-03-26,2014-03-26 17:00:00,18,0.0,1.069706
2014-03-26,2014-03-26 18:00:00,19,0.0,1.6655083
2014-03-26,2014-03-26 19:00:00,20,0.0,1.3505554
2014-03-26,2014-03-26 20:00:00,21,0.0,1.0943985
2014-03-26,2014-03-26 21:00:00,22,0.0,0.978096
2014-03-26,2014-03-26 22:00:00,23,0.0,0.27408218
2014-03-26,2014-03-26 23:00:00,24,0.0,-0.09544754
2014-03-27,2014-03-27 00:00:00,1,158.85417,158.0817
2014-03-27,2014-03-27 01:00:00,2,41.666668,41.057465
2014-03-27,2014-03-27 02:00:00,3,44.270832,35.78867
2014-03-27,2014-03-27 03:00:00,4,44.270832,41.813873
2014-03-27,2014-03-27 04:00:00,5,145.83333,97.524956
2014-03-27,2014-03-27 05:00:00,6,135.41667,122.058914
2014-03-27,2014-03-27 06:00:00,7,138.02083,138.08212
2014-03-27,2014-03-27 07:00:00,8,0.0,1.386982
2014-03-27,2014-03-27 08:00:00,9,0.0,0.39665985
2014-03-27,2014-03-27 09:00:00,10,0.0,1.4110222
2014-03-27,2014-03-27 10:00:00,11,0.0,1.1459427
2014-03-27,2014-03-27 11:00:00,12,0.0,1.665348
2014-03-27,2014-03-27 12:00:00,13,0.0,3.012146
2014-03-27,2014-03-27 13:00:00,14,0.0,1.0843735
2014-03-27,2014-03-27 14:00:00,15,0.0,0.6185074
2014-03-27,2014-03-27 15:00:00,16,0.0,0.75740814
2014-03-27,2014-03-27 16:00:00,17,0.0,0.30846024
2014-03-27,2014-03-27 17:00:00,18,0.0,0.5082779
2014-03-27,2014-03-27 18:00:00,19,0.0,0.8816948
2014-03-27,2014-03-27 19:00:00,20,0.0,0.62737274
2014-03-27,2014-03-27 20:00:00,21,0.0,0.23145294
2014-03-27,2014-03-27 21:00:00,22,0.0,0.12086487
2014-03-27,2014-03-27 22:00:00,23,0.0,-0.5511589
2014-03-27,2014-03-27 23:00:00,24,0.0,-0.85087967
2014-03-28,2014-03-28 00:00:00,1,171.875,150.4201
2014-03-28,2014-03-28 01:00:00,2,36.458332,44.07901
2014-03-28,2014-03-28 02:00:00,3,36.458332,35.07635
2014-03-28,2014-03-28 03:00:00,4,39.0625,45.419212
2014-03-28,2014-03-28 04:00:00,5,80.729164,125.42253
2014-03-28,2014-03-28 05:00:00,6,101.5625,132.44748
2014-03-28,2014-03-28 06:00:00,7,145.83333,137.64372
2014-03-28,2014-03-28 07:00:00,8,0.0,4.4945793
2014-03-28,2014-03-28 08:00:00,9,0.0,0.14021301
2014-03-28,2014-03-28 09:00:00,10,0.0,0.6357269
2014-03-28,2014-03-28 10:00:00,11,0.0,0.27175522
2014-03-28,2014-03-28 11:00:00,12,0.0,0.63152695
2014-03-28,2014-03-28 12:00:00,13,0.0,0.61221313
2014-03-28,2014-03-28 13:00:00,14,0.0,0.6178551
2014-03-28,2014-03-28 14:00:00,15,0.0,0.27643585
2014-03-28,2014-03-28 15:00:00,16,0.0,0.32873154
2014-03-28,2014-03-28 16:00:00,17,0.0,-0.66952896
2014-03-28,2014-03-28 17:00:00,18,0.0,-0.60069275
2014-03-28,2014-03-28 18:00:00,19,0.0,-0.31484985
2014-03-28,2014-03-28 19:00:00,20,0.0,-0.26085663
2014-03-28,2014-03-28 20:00:00,21,0.0,-0.5670891
2014-03-28,2014-03-28 21:00:00,22,0.0,-0.6001091
2014-03-28,2014-03-28 22:00:00,23,0.0,-1.302536
2014-03-28,2014-03-28 23:00:00,24,0.0,-0.8351898
2014-03-29,2014-03-29 00:00:00,1,156.25,138.9283
2014-03-29,2014-03-29 01:00:00,2,33.854168,32.040493
2014-03-29,2014-03-29 02:00:00,3,36.458332,27.515575
2014-03-29,2014-03-29 03:00:00,4,33.854168,33.079815
2014-03-29,2014-03-29 04:00:00,5,125.0,94.886154
2014-03-29,2014-03-29 05:00:00,6,117.1875,116.54996
2014-03-29,2014-03-29 06:00:00,7,117.1875,138.555
2014-03-29,2014-03-29 07:00:00,8,171.875,127.57655
2014-03-29,2014-03-29 08:00:00,9,117.1875,94.63011
2014-03-29,2014-03-29 09:00:00,10,80.729164,59.179863
2014-03-29,2014-03-29 10:00:00,11,0.0,15.419624
2014-03-29,2014-03-29 11:00:00,12,0.0,7.8898125
2014-03-29,2014-03-29 12:00:00,13,0.0,12.681229
2014-03-29,2014-03-29 13:00:00,14,171.875,49.994858
2014-03-29,2014-03-29 14:00:00,15,33.854168,26.004951
2014-03-29,2014-03-29 15:00:00,16,36.458332,22.262985
2014-03-29,2014-03-29 16:00:00,17,33.854168,90.32651
2014-03-29,2014-03-29 17:00:00,18,62.5,128.34758
2014-03-29,2014-03-29 18:00:00,19,75.520836,153.36497
2014-03-29,2014-03-29 19:00:00,20,0.0,157.46548
2014-03-29,2014-03-29 20:00:00,21,0.0,154.26064
2014-03-29,2014-03-29 21:00:00,22,0.0,153.34096
2014-03-29,2014-03-29 22:00:00,23,158.85417,157.11464
2014-03-29,2014-03-29 23:00:00,24,33.854168,155.6454
2014-04-07,2014-04-07 00:00:00,1,117.1875,157.84535
2014-04-07,2014-04-07 01:00:00,2,174.47917,147.70673
2014-04-07,2014-04-07 02:00:00,3,122.395836,137.45383
2014-04-07,2014-04-07 03:00:00,4,171.875,148.61853
2014-04-07,2014-04-07 04:00:00,5,122.395836,147.53061
2014-04-07,2014-04-07 05:00:00,6,184.89583,148.41351
2014-04-07,2014-04-07 06:00:00,7,119.791664,146.80603
2014-04-07,2014-04-07 07:00:00,8,0.0,19.869076
2014-04-07,2014-04-07 08:00:00,9,0.0,4.3146744
2014-04-07,2014-04-07 09:00:00,10,0.0,9.203514
2014-04-07,2014-04-07 10:00:00,11,0.0,1.9560738
2014-04-07,2014-04-07 11:00:00,12,0.0,0.06668091
2014-04-07,2014-04-07 12:00:00,13,0.0,-0.36199188
2014-04-07,2014-04-07 13:00:00,14,0.0,0.8614769
2014-04-07,2014-04-07 14:00:00,15,0.0,-0.59991074
2014-04-07,2014-04-07 15:00:00,16,0.0,0.22935486
2014-04-07,2014-04-07 16:00:00,17,0.0,0.30050278
2014-04-07,2014-04-07 17:00:00,18,0.0,0.5450287
2014-04-07,2014-04-07 18:00:00,19,0.0,0.7928963
2014-04-07,2014-04-07 19:00:00,20,0.0,0.6367073
2014-04-07,2014-04-07 20:00:00,21,0.0,-0.028224945
2014-04-07,2014-04-07 21:00:00,22,0.0,0.39269257
2014-04-07,2014-04-07 22:00:00,23,0.0,-0.15309143
2014-04-07,2014-04-07 23:00:00,24,0.0,0.9647484
2014-04-08,2014-04-08 00:00:00,1,158.85417,157.83919
2014-04-08,2014-04-08 01:00:00,2,36.458332,26.783897
2014-04-08,2014-04-08 02:00:00,3,36.458332,23.232029
2014-04-08,2014-04-08 03:00:00,4,39.0625,27.119368
2014-04-08,2014-04-08 04:00:00,5,36.458332,64.13255
2014-04-08,2014-04-08 05:00:00,6,119.791664,110.925026
2014-04-08,2014-04-08 06:00:00,7,156.25,139.32727
2014-04-08,2014-04-08 07:00:00,8,0.0,1.7389984
2014-04-08,2014-04-08 08:00:00,9,0.0,0.79784775
2014-04-08,2014-04-08 09:00:00,10,0.0,1.2208939
2014-04-08,2014-04-08 10:00:00,11,0.0,0.885437
2014-04-08,2014-04-08 11:00:00,12,0.0,1.3609085
2014-04-08,2014-04-08 12:00:00,13,41.666668,1.2941284
2014-04-08,2014-04-08 13:00:00,14,0.0,1.2984467
2014-04-08,2014-04-08 14:00:00,15,0.0,1.0769005
2014-04-08,2014-04-08 15:00:00,16,0.0,1.0891495
2014-04-08,2014-04-08 16:00:00,17,0.0,0.8155899
2014-04-08,2014-04-08 17:00:00,18,0.0,0.71556854
2014-04-08,2014-04-08 18:00:00,19,0.0,1.2920303
2014-04-08,2014-04-08 19:00:00,20,0.0,1.0676384
2014-04-08,2014-04-08 20:00:00,21,0.0,0.74040985
2014-04-08,2014-04-08 21:00:00,22,0.0,0.5766182
2014-04-08,2014-04-08 22:00:00,23,0.0,-0.1405983
2014-04-08,2014-04-08 23:00:00,24,0.0,-0.58503723
2014-04-09,2014-04-09 00:00:00,1,169.27083,160.22961
2014-04-09,2014-04-09 01:00:00,2,33.854168,32.78084
2014-04-09,2014-04-09 02:00:00,3,36.458332,30.708208
2014-04-09,2014-04-09 03:00:00,4,33.854168,35.197887
2014-04-09,2014-04-09 04:00:00,5,36.458332,66.17655
2014-04-09,2014-04-09 05:00:00,6,85.9375,114.834656
2014-04-09,2014-04-09 06:00:00,7,91.145836,142.53094
2014-04-09,2014-04-09 07:00:00,8,0.0,0.34950256
2014-04-09,2014-04-09 08:00:00,9,0.0,0.3754692
2014-04-09,2014-04-09 09:00:00,10,0.0,0.38767242
2014-04-09,2014-04-09 10:00:00,11,0.0,0.73111725
2014-04-09,2014-04-09 11:00:00,12,0.0,0.91031265
2014-04-09,2014-04-09 12:00:00,13,0.0,0.6904793
2014-04-09,2014-04-09 13:00:00,14,0.0,0.5227699
2014-04-09,2014-04-09 14:00:00,15,0.0,0.27756882
2014-04-09,2014-04-09 15:00:00,16,0.0,0.55158234
2014-04-09,2014-04-09 16:00:00,17,0.0,0.8264847
2014-04-09,2014-04-09 17:00:00,18,0.0,0.870842
2014-04-09,2014-04-09 18:00:00,19,0.0,1.0884552
2014-04-09,2014-04-09 19:00:00,20,0.0,0.85791016
2014-04-09,2014-04-09 20:00:00,21,0.0,0.5222168
2014-04-09,2014-04-09 21:00:00,22,0.0,0.3644867
2014-04-09,2014-04-09 22:00:00,23,0.0,-0.40950012
2014-04-09,2014-04-09 23:00:00,24,0.0,-0.93379974
2014-04-10,2014-04-10 00:00:00,1,200.52083,158.31375
2014-04-10,2014-04-10 01:00:00,2,36.458332,31.030277
2014-04-10,2014-04-10 02:00:00,3,36.458332,26.9522
2014-04-10,2014-04-10 03:00:00,4,39.0625,32.916893
2014-04-10,2014-04-10 04:00:00,5,36.458332,55.153423
2014-04-10,2014-04-10 05:00:00,6,57.291668,104.80645
2014-04-10,2014-04-10 06:00:00,7,114.583336,125.19454
2014-04-10,2014-04-10 07:00:00,8,0.0,1.1999512
2014-04-10,2014-04-10 08:00:00,9,0.0,0.35045624
2014-04-10,2014-04-10 09:00:00,10,0.0,0.9813919
2014-04-10,2014-04-10 10:00:00,11,0.0,0.6055908
2014-04-10,2014-04-10 11:00:00,12,0.0,1.110302
2014-04-10,2014-04-10 12:00:00,13,0.0,1.1458092
2014-04-10,2014-04-10 13:00:00,14,0.0,1.0992966
2014-04-10,2014-04-10 14:00:00,15,0.0,0.7604332
2014-04-10,2014-04-10 15:00:00,16,0.0,0.92027664
2014-04-10,2014-04-10 16:00:00,17,0.0,0.70833206
2014-04-10,2014-04-10 17:00:00,18,0.0,0.55511856
2014-04-10,2014-04-10 18:00:00,19,0.0,1.1316032
2014-04-10,2014-04-10 19:00:00,20,0.0,0.93955994
2014-04-10,2014-04-10 20:00:00,21,0.0,0.6787796
2014-04-10,2014-04-10 21:00:00,22,0.0,0.5019493
2014-04-10,2014-04-10 22:00:00,23,0.0,-0.074962616
2014-04-10,2014-04-10 23:00:00,24,0.0,-0.5421181
2014-04-11,2014-04-11 00:00:00,1,166.66667,164.81107
2014-04-11,2014-04-11 01:00:00,2,36.458332,33.843216
2014-04-11,2014-04-11 02:00:00,3,33.854168,25.839624
2014-04-11,2014-04-11 03:00:00,4,33.854168,31.315886
2014-04-11,2014-04-11 04:00:00,5,39.0625,41.547268
2014-04-11,2014-04-11 05:00:00,6,114.583336,91.28358
2014-04-11,2014-04-11 06:00:00,7,130.20833,113.78276
2014-04-11,2014-04-11 07:00:00,8,0.0,2.0818672
2014-04-11,2014-04-11 08:00:00,9,0.0,0.33831787
2014-04-11,2014-04-11 09:00:00,10,0.0,0.8627205
2014-04-11,2014-04-11 10:00:00,11,0.0,0.359478
2014-04-11,2014-04-11 11:00:00,12,0.0,0.9415474
2014-04-11,2014-04-11 12:00:00,13,0.0,0.87789917
2014-04-11,2014-04-11 13:00:00,14,0.0,0.7720833
2014-04-11,2014-04-11 14:00:00,15,0.0,0.5802307
2014-04-11,2014-04-11 15:00:00,16,0.0,0.6324043
2014-04-11,2014-04-11 16:00:00,17,0.0,0.26127625
2014-04-11,2014-04-11 17:00:00,18,0.0,0.16414642
2014-04-11,2014-04-11 18:00:00,19,0.0,0.4415741
2014-04-11,2014-04-11 19:00:00,20,0.0,0.16932678
2014-04-11,2014-04-11 20:00:00,21,0.0,0.17230606
2014-04-11,2014-04-11 21:00:00,22,0.0,0.072257996
2014-04-11,2014-04-11 22:00:00,23,0.0,-0.46075058
2014-04-11,2014-04-11 23:00:00,24,0.0,-0.8518982
2014-04-12,2014-04-12 00:00:00,1,161.45833,139.78146
2014-04-12,2014-04-12 01:00:00,2,36.458332,17.746136
2014-04-12,2014-04-12 02:00:00,3,36.458332,14.179821
2014-04-12,2014-04-12 03:00:00,4,36.458332,26.256966
2014-04-12,2014-04-12 04:00:00,5,36.458332,42.974995
2014-04-12,2014-04-12 05:00:00,6,109.375,112.36792
2014-04-12,2014-04-12 06:00:00,7,106.770836,131.06226
2014-04-12,2014-04-12 07:00:00,8,117.1875,108.796814
2014-04-12,2014-04-12 08:00:00,9,127.604164,86.8745
2014-04-12,2014-04-12 09:00:00,10,161.45833,24.835028
2014-04-12,2014-04-12 10:00:00,11,153.64583,22.858206
2014-04-12,2014-04-12 11:00:00,12,130.20833,21.71874
2014-04-12,2014-04-12 12:00:00,13,109.375,22.249857
2014-04-12,2014-04-12 13:00:00,14,132.8125,35.702736
2014-04-12,2014-04-12 14:00:00,15,148.4375,82.26533
2014-04-12,2014-04-12 15:00:00,16,109.375,64.16983
2014-04-12,2014-04-12 16:00:00,17,114.583336,72.488815
2014-04-12,2014-04-12 17:00:00,18,130.20833,66.80482
2014-04-12,2014-04-12 18:00:00,19,148.4375,79.55581
2014-04-12,2014-04-12 19:00:00,20,98.958336,99.41579
2014-04-12,2014-04-12 20:00:00,21,0.0,79.90335
2014-04-12,2014-04-12 21:00:00,22,0.0,84.21558
2014-04-12,2014-04-12 22:00:00,23,171.875,107.04837
2014-04-12,2014-04-12 23:00:00,24,36.458332,105.79411
2014-04-13,2014-04-13 00:00:00,1,36.458332,73.3546
2014-04-13,2014-04-13 01:00:00,2,36.458332,83.13414
2014-04-13,2014-04-13 02:00:00,3,36.458332,98.90958
2014-04-13,2014-04-13 03:00:00,4,111.979164,119.58384
2014-04-13,2014-04-13 04:00:00,5,114.583336,128.78299
2014-04-13,2014-04-13 05:00:00,6,111.979164,132.96484
2014-04-13,2014-04-13 06:00:00,7,111.979164,136.24617
2014-04-13,2014-04-13 07:00:00,8,132.8125,139.03987
2014-04-13,2014-04-13 08:00:00,9,151.04167,139.2975
2014-04-13,2014-04-13 09:00:00,10,109.375,139.37901
2014-04-13,2014-04-13 10:00:00,11,117.1875,139.64041
2014-04-13,2014-04-13 11:00:00,12,153.64583,139.59772
2014-04-13,2014-04-13 12:00:00,13,117.1875,140.22443
2014-04-13,2014-04-13 13:00:00,14,109.375,141.26003
2014-04-13,2014-04-13 14:00:00,15,109.375,140.18816
2014-04-13,2014-04-13 15:00:00,16,130.20833,141.59814
2014-04-13,2014-04-13 16:00:00,17,138.02083,135.60188
2014-04-13,2014-04-13 17:00:00,18,125.0,136.16931
2014-04-13,2014-04-13 18:00:00,19,104.166664,140.13031
2014-04-13,2014-04-13 19:00:00,20,106.770836,139.17395
2014-04-13,2014-04-13 20:00:00,21,132.8125,137.13046
2014-04-13,2014-04-13 21:00:00,22,138.02083,139.56352
2014-04-13,2014-04-13 22:00:00,23,109.375,132.426
2014-04-13,2014-04-13 23:00:00,24,114.583336,138.9379
2014-04-14,2014-04-14 00:00:00,1,164.0625,142.67444
2014-04-14,2014-04-14 01:00:00,2,122.395836,126.76212
2014-04-14,2014-04-14 02:00:00,3,114.583336,120.84512
2014-04-14,2014-04-14 03:00:00,4,169.27083,128.53639
2014-04-14,2014-04-14 04:00:00,5,109.375,121.832054
2014-04-14,2014-04-14 05:00:00,6,132.8125,137.74403
2014-04-14,2014-04-14 06:00:00,7,151.04167,130.81454
2014-04-14,2014-04-14 07:00:00,8,0.0,3.8086739
2014-04-14,2014-04-14 08:00:00,9,0.0,-0.16524506
2014-04-14,2014-04-14 09:00:00,10,41.666668,-0.8979378
2014-04-14,2014-04-14 10:00:00,11,0.0,-0.8450928
2014-04-14,2014-04-14 11:00:00,12,0.0,-0.24590302
2014-04-14,2014-04-14 12:00:00,13,0.0,-0.51062393
2014-04-14,2014-04-14 13:00:00,14,0.0,0.32979584
2014-04-14,2014-04-14 14:00:00,15,0.0,-0.50499725
2014-04-14,2014-04-14 15:00:00,16,0.0,-0.08213043
2014-04-14,2014-04-14 16:00:00,17,0.0,-0.119888306
2014-04-14,2014-04-14 17:00:00,18,0.0,-0.16630173
2014-04-14,2014-04-14 18:00:00,19,0.0,0.62955475
2014-04-14,2014-04-14 19:00:00,20,0.0,0.7542343
2014-04-14,2014-04-14 20:00:00,21,0.0,0.57175446
2014-04-14,2014-04-14 21:00:00,22,0.0,0.5536194
2014-04-14,2014-04-14 22:00:00,23,0.0,0.20030594
2014-04-14,2014-04-14 23:00:00,24,0.0,0.48778152
2014-04-15,2014-04-15 00:00:00,1,184.89583,173.77293
2014-04-15,2014-04-15 01:00:00,2,33.854168,27.487507
2014-04-15,2014-04-15 02:00:00,3,36.458332,25.697447
2014-04-15,2014-04-15 03:00:00,4,36.458332,32.307217
2014-04-15,2014-04-15 04:00:00,5,36.458332,32.394245
2014-04-15,2014-04-15 05:00:00,6,75.520836,91.321915
2014-04-15,2014-04-15 06:00:00,7,96.354164,111.697044
2014-04-15,2014-04-15 07:00:00,8,0.0,1.6169968
2014-04-15,2014-04-15 08:00:00,9,0.0,1.3691025
2014-04-15,2014-04-15 09:00:00,10,0.0,1.9448738
2014-04-15,2014-04-15 10:00:00,11,0.0,1.4554749
2014-04-15,2014-04-15 11:00:00,12,0.0,2.0709572
2014-04-15,2014-04-15 12:00:00,13,0.0,1.6945152
2014-04-15,2014-04-15 13:00:00,14,0.0,1.703598
2014-04-15,2014-04-15 14:00:00,15,0.0,1.522625
2014-04-15,2014-04-15 15:00:00,16,0.0,1.5221443
2014-04-15,2014-04-15 16:00:00,17,0.0,1.1740723
2014-04-15,2014-04-15 17:00:00,18,0.0,1.0155754
2014-04-15,2014-04-15 18:00:00,19,0.0,1.7350998
2014-04-15,2014-04-15 19:00:00,20,0.0,1.3475685
2014-04-15,2014-04-15 20:00:00,21,0.0,0.947525
2014-04-15,2014-04-15 21:00:00,22,0.0,0.8177872
2014-04-15,2014-04-15 22:00:00,23,0.0,0.35464478
2014-04-15,2014-04-15 23:00:00,24,0.0,-0.416317
2014-04-16,2014-04-16 00:00:00,1,169.27083,180.92921
2014-04-16,2014-04-16 01:00:00,2,33.854168,34.28971
2014-04-16,2014-04-16 02:00:00,3,33.854168,31.960443
2014-04-16,2014-04-16 03:00:00,4,33.854168,38.17212
2014-04-16,2014-04-16 04:00:00,5,33.854168,33.164574
2014-04-16,2014-04-16 05:00:00,6,111.979164,79.867584
2014-04-16,2014-04-16 06:00:00,7,93.75,116.00933
2014-04-16,2014-04-16 07:00:00,8,0.0,2.1377945
2014-04-16,2014-04-16 08:00:00,9,0.0,1.5838547
2014-04-16,2014-04-16 09:00:00,10,0.0,2.6703873
2014-04-16,2014-04-16 10:00:00,11,0.0,1.8785095
2014-04-16,2014-04-16 11:00:00,12,0.0,2.3122635
2014-04-16,2014-04-16 12:00:00,13,0.0,1.9250259
2014-04-16,2014-04-16 13:00:00,14,0.0,2.432228
2014-04-16,2014-04-16 14:00:00,15,0.0,1.5664444
2014-04-16,2014-04-16 15:00:00,16,0.0,1.262352
2014-04-16,2014-04-16 16:00:00,17,0.0,0.9300995
2014-04-16,2014-04-16 17:00:00,18,0.0,0.8627777
2014-04-16,2014-04-16 18:00:00,19,0.0,1.2674751
2014-04-16,2014-04-16 19:00:00,20,0.0,0.9888115
2014-04-16,2014-04-16 20:00:00,21,0.0,0.98291016
2014-04-16,2014-04-16 21:00:00,22,0.0,0.806118
2014-04-16,2014-04-16 22:00:00,23,0.0,0.35946655
2014-04-16,2014-04-16 23:00:00,24,0.0,-0.22477722
2014-04-17,2014-04-17 00:00:00,1,177.08333,173.56586
2014-04-17,2014-04-17 01:00:00,2,33.854168,35.720413
2014-04-17,2014-04-17 02:00:00,3,36.458332,32.21225
2014-04-17,2014-04-17 03:00:00,4,33.854168,38.832516
2014-04-17,2014-04-17 04:00:00,5,36.458332,38.181496
2014-04-17,2014-04-17 05:00:00,6,111.979164,96.3824
2014-04-17,2014-04-17 06:00:00,7,80.729164,110.296646
2014-04-17,2014-04-17 07:00:00,8,0.0,2.0463943
2014-04-17,2014-04-17 08:00:00,9,0.0,1.0315933
2014-04-17,2014-04-17 09:00:00,10,0.0,2.0571785
2014-04-17,2014-04-17 10:00:00,11,0.0,1.4158516
2014-04-17,2014-04-17 11:00:00,12,0.0,1.7675858
2014-04-17,2014-04-17 12:00:00,13,0.0,1.2789955
2014-04-17,2014-04-17 13:00:00,14,0.0,1.6553459
2014-04-17,2014-04-17 14:00:00,15,0.0,1.0327873
2014-04-17,2014-04-17 15:00:00,16,0.0,0.8379555
2014-04-17,2014-04-17 16:00:00,17,0.0,0.026168823
2014-04-17,2014-04-17 17:00:00,18,0.0,-0.056175232
2014-04-17,2014-04-17 18:00:00,19,0.0,0.16236877
2014-04-17,2014-04-17 19:00:00,20,0.0,-0.0064353943
2014-04-17,2014-04-17 20:00:00,21,0.0,-0.180233
2014-04-17,2014-04-17 21:00:00,22,0.0,-0.238945
2014-04-17,2014-04-17 22:00:00,23,0.0,-0.574234
2014-04-17,2014-04-17 23:00:00,24,0.0,-0.42331314
2014-04-18,2014-04-18 00:00:00,1,174.47917,172.58316
2014-04-18,2014-04-18 01:00:00,2,33.854168,37.590553
2014-04-18,2014-04-18 02:00:00,3,36.458332,32.009315
2014-04-18,2014-04-18 03:00:00,4,33.854168,37.78895
2014-04-18,2014-04-18 04:00:00,5,39.0625,36.86359
2014-04-18,2014-04-18 05:00:00,6,104.166664,114.11905
2014-04-18,2014-04-18 06:00:00,7,93.75,104.932816
2014-04-18,2014-04-18 07:00:00,8,101.5625,2.5370674
2014-04-18,2014-04-18 08:00:00,9,104.166664,0.704834
2014-04-18,2014-04-18 09:00:00,10,143.22917,1.8026733
2014-04-18,2014-04-18 10:00:00,11,132.8125,1.2789383
2014-04-18,2014-04-18 11:00:00,12,109.375,1.4041367
2014-04-18,2014-04-18 12:00:00,13,117.1875,1.1561546
2014-04-18,2014-04-18 13:00:00,14,161.45833,0.91635895
2014-04-18,2014-04-18 14:00:00,15,117.1875,1.0274506
2014-04-18,2014-04-18 15:00:00,16,117.1875,0.73220825
2014-04-18,2014-04-18 16:00:00,17,145.83333,0.14049911
2014-04-18,2014-04-18 17:00:00,18,151.04167,-0.50027466
2014-04-18,2014-04-18 18:00:00,19,117.1875,-0.12841797
2014-04-18,2014-04-18 19:00:00,20,138.02083,-0.16188431
2014-04-18,2014-04-18 20:00:00,21,156.25,-0.444458
2014-04-18,2014-04-18 21:00:00,22,117.1875,-0.5579033
2014-04-18,2014-04-18 22:00:00,23,171.875,-1.1596832
2014-04-18,2014-04-18 23:00:00,24,117.1875,-0.7525673
2014-04-19,2014-04-19 00:00:00,1,138.02083,123.759705
2014-04-19,2014-04-19 01:00:00,2,148.4375,111.24631
2014-04-19,2014-04-19 02:00:00,3,114.583336,113.80702
2014-04-19,2014-04-19 03:00:00,4,169.27083,123.58903
2014-04-19,2014-04-19 04:00:00,5,117.1875,126.90493
2014-04-19,2014-04-19 05:00:00,6,171.875,134.42404
2014-04-19,2014-04-19 06:00:00,7,125.0,137.57762
2014-04-19,2014-04-19 07:00:00,8,171.875,140.58092
2014-04-19,2014-04-19 08:00:00,9,119.791664,139.69879
2014-04-19,2014-04-19 09:00:00,10,0.0,140.38976
2014-04-19,2014-04-19 10:00:00,11,0.0,140.14246
2014-04-19,2014-04-19 11:00:00,12,0.0,138.01591
2014-04-19,2014-04-19 12:00:00,13,0.0,137.01004
2014-04-19,2014-04-19 13:00:00,14,0.0,136.38649
2014-04-19,2014-04-19 14:00:00,15,164.0625,135.37251
2014-04-19,2014-04-19 15:00:00,16,39.0625,132.98923
2014-04-19,2014-04-19 16:00:00,17,39.0625,135.41429
2014-04-19,2014-04-19 17:00:00,18,33.854168,136.06296
2014-04-19,2014-04-19 18:00:00,19,36.458332,135.22934
2014-04-19,2014-04-19 19:00:00,20,135.41667,128.5885
2014-04-19,2014-04-19 20:00:00,21,0.0,122.14482
2014-04-19,2014-04-19 21:00:00,22,0.0,119.49924
2014-04-19,2014-04-19 22:00:00,23,171.875,130.29997
2014-04-19,2014-04-19 23:00:00,24,41.666668,122.50297
2014-04-20,2014-04-20 00:00:00,1,36.458332,83.95976
2014-04-20,2014-04-20 01:00:00,2,39.0625,85.07924
2014-04-20,2014-04-20 02:00:00,3,36.458332,92.636765
2014-04-20,2014-04-20 03:00:00,4,117.1875,123.34564
2014-04-20,2014-04-20 04:00:00,5,140.625,129.72916
2014-04-20,2014-04-20 05:00:00,6,119.791664,133.52007
2014-04-20,2014-04-20 06:00:00,7,114.583336,134.06023
2014-04-20,2014-04-20 07:00:00,8,145.83333,135.68718
2014-04-20,2014-04-20 08:00:00,9,145.83333,127.52754
2014-04-20,2014-04-20 09:00:00,10,111.979164,120.006226
2014-04-20,2014-04-20 10:00:00,11,166.66667,111.53303
2014-04-20,2014-04-20 11:00:00,12,109.375,111.03552
2014-04-20,2014-04-20 12:00:00,13,117.1875,105.20077
2014-04-20,2014-04-20 13:00:00,14,169.27083,98.254036
2014-04-20,2014-04-20 14:00:00,15,119.791664,95.61269
2014-04-20,2014-04-20 15:00:00,16,106.770836,95.08066
2014-04-20,2014-04-20 16:00:00,17,169.27083,69.93351
2014-04-20,2014-04-20 17:00:00,18,119.791664,60.204586
2014-04-20,2014-04-20 18:00:00,19,125.0,49.451073
2014-04-20,2014-04-20 19:00:00,20,161.45833,47.853996
2014-04-20,2014-04-20 20:00:00,21,111.979164,45.424473
2014-04-20,2014-04-20 21:00:00,22,164.0625,44.93062
2014-04-20,2014-04-20 22:00:00,23,114.583336,35.502716
2014-04-20,2014-04-20 23:00:00,24,166.66667,34.15888
2014-04-21,2014-04-21 00:00:00,1,117.1875,157.78445
2014-04-21,2014-04-21 01:00:00,2,169.27083,132.97366
2014-04-21,2014-04-21 02:00:00,3,127.604164,124.71483
2014-04-21,2014-04-21 03:00:00,4,171.875,137.5205
2014-04-21,2014-04-21 04:00:00,5,122.395836,125.03049
2014-04-21,2014-04-21 05:00:00,6,177.08333,140.35953
2014-04-21,2014-04-21 06:00:00,7,182.29167,133.6592
2014-04-21,2014-04-21 07:00:00,8,26.041666,5.7199287
2014-04-21,2014-04-21 08:00:00,9,0.0,0.8621597
2014-04-21,2014-04-21 09:00:00,10,0.0,2.742981
2014-04-21,2014-04-21 10:00:00,11,0.0,0.46637344
2014-04-21,2014-04-21 11:00:00,12,0.0,1.1249428
2014-04-21,2014-04-21 12:00:00,13,0.0,0.06988144
2014-04-21,2014-04-21 13:00:00,14,0.0,0.86299515
2014-04-21,2014-04-21 14:00:00,15,0.0,-0.07792282
2014-04-21,2014-04-21 15:00:00,16,0.0,0.051555634
2014-04-21,2014-04-21 16:00:00,17,0.0,-0.24087906
2014-04-21,2014-04-21 17:00:00,18,0.0,-0.21281052
2014-04-21,2014-04-21 18:00:00,19,0.0,0.19234848
2014-04-21,2014-04-21 19:00:00,20,0.0,0.240448
2014-04-21,2014-04-21 20:00:00,21,0.0,0.15984726
2014-04-21,2014-04-21 21:00:00,22,0.0,0.21959305
2014-04-21,2014-04-21 22:00:00,23,0.0,0.22563171
2014-04-21,2014-04-21 23:00:00,24,0.0,1.2070122
2014-04-22,2014-04-22 00:00:00,1,161.45833,162.39082
2014-04-22,2014-04-22 01:00:00,2,33.854168,28.012424
2014-04-22,2014-04-22 02:00:00,3,33.854168,20.582088
2014-04-22,2014-04-22 03:00:00,4,31.25,29.275803
2014-04-22,2014-04-22 04:00:00,5,36.458332,35.577988
2014-04-22,2014-04-22 05:00:00,6,119.791664,112.04689
2014-04-22,2014-04-22 06:00:00,7,145.83333,101.50336
2014-04-22,2014-04-22 07:00:00,8,0.0,2.2495422
2014-04-22,2014-04-22 08:00:00,9,0.0,0.64247894
2014-04-22,2014-04-22 09:00:00,10,0.0,1.4783554
2014-04-22,2014-04-22 10:00:00,11,0.0,1.0287018
2014-04-22,2014-04-22 11:00:00,12,0.0,1.5171623
2014-04-22,2014-04-22 12:00:00,13,0.0,1.6211853
2014-04-22,2014-04-22 13:00:00,14,0.0,1.3444366
2014-04-22,2014-04-22 14:00:00,15,0.0,1.1364517
2014-04-22,2014-04-22 15:00:00,16,0.0,1.0961113
2014-04-22,2014-04-22 16:00:00,17,0.0,-0.2747383
2014-04-22,2014-04-22 17:00:00,18,0.0,0.42502213
2014-04-22,2014-04-22 18:00:00,19,0.0,0.44025803
2014-04-22,2014-04-22 19:00:00,20,0.0,0.32921982
2014-04-22,2014-04-22 20:00:00,21,0.0,0.079524994
2014-04-22,2014-04-22 21:00:00,22,0.0,0.10233307
2014-04-22,2014-04-22 22:00:00,23,0.0,-0.1535492
2014-04-22,2014-04-22 23:00:00,24,0.0,0.34560776
2014-04-23,2014-04-23 00:00:00,1,169.27083,164.18808
2014-04-23,2014-04-23 01:00:00,2,33.854168,32.071777
2014-04-23,2014-04-23 02:00:00,3,36.458332,27.801098
2014-04-23,2014-04-23 03:00:00,4,33.854168,28.771496
2014-04-23,2014-04-23 04:00:00,5,36.458332,31.112234
2014-04-23,2014-04-23 05:00:00,6,122.395836,124.42013
2014-04-23,2014-04-23 06:00:00,7,117.1875,113.93372
2014-04-23,2014-04-23 07:00:00,8,0.0,3.247467
2014-04-23,2014-04-23 08:00:00,9,0.0,1.3493919
2014-04-23,2014-04-23 09:00:00,10,0.0,1.9106445
2014-04-23,2014-04-23 10:00:00,11,0.0,1.4295578
2014-04-23,2014-04-23 11:00:00,12,0.0,1.5478477
2014-04-23,2014-04-23 12:00:00,13,0.0,1.8687668
2014-04-23,2014-04-23 13:00:00,14,0.0,1.2909355
2014-04-23,2014-04-23 14:00:00,15,0.0,1.6946373
2014-04-23,2014-04-23 15:00:00,16,0.0,1.1530228
2014-04-23,2014-04-23 16:00:00,17,0.0,0.73103714
2014-04-23,2014-04-23 17:00:00,18,0.0,1.0180817
2014-04-23,2014-04-23 18:00:00,19,0.0,0.74009705
2014-04-23,2014-04-23 19:00:00,20,0.0,0.8396187
2014-04-23,2014-04-23 20:00:00,21,0.0,1.059166
2014-04-23,2014-04-23 21:00:00,22,0.0,0.935009
2014-04-23,2014-04-23 22:00:00,23,0.0,0.31318283
2014-04-23,2014-04-23 23:00:00,24,0.0,0.15221786
2014-04-24,2014-04-24 00:00:00,1,158.85417,132.48044
2014-04-24,2014-04-24 01:00:00,2,33.854168,11.030083
2014-04-24,2014-04-24 02:00:00,3,36.458332,4.93787
2014-04-24,2014-04-24 03:00:00,4,36.458332,9.278404
2014-04-24,2014-04-24 04:00:00,5,65.104164,15.810158
2014-04-24,2014-04-24 05:00:00,6,106.770836,105.04027
2014-04-24,2014-04-24 06:00:00,7,143.22917,101.74729
2014-04-24,2014-04-24 07:00:00,8,195.3125,1.1058006
2014-04-24,2014-04-24 08:00:00,9,0.0,-0.2810936
2014-04-24,2014-04-24 09:00:00,10,0.0,0.41813278
2014-04-24,2014-04-24 10:00:00,11,0.0,0.21127701
2014-04-24,2014-04-24 11:00:00,12,0.0,0.84394836
2014-04-24,2014-04-24 12:00:00,13,0.0,0.99346924
2014-04-24,2014-04-24 13:00:00,14,0.0,0.70671844
2014-04-24,2014-04-24 14:00:00,15,0.0,0.68717957
2014-04-24,2014-04-24 15:00:00,16,0.0,0.7100487
2014-04-24,2014-04-24 16:00:00,17,0.0,0.48021317
2014-04-24,2014-04-24 17:00:00,18,0.0,0.13283539
2014-04-24,2014-04-24 18:00:00,19,0.0,-0.035808563
2014-04-24,2014-04-24 19:00:00,20,0.0,0.05669403
2014-04-24,2014-04-24 20:00:00,21,0.0,-0.28980637
2014-04-24,2014-04-24 21:00:00,22,0.0,-0.29409027
2014-04-24,2014-04-24 22:00:00,23,0.0,-0.49399185
2014-04-24,2014-04-24 23:00:00,24,0.0,0.7889862
2014-04-25,2014-04-25 00:00:00,1,156.25,140.57996
2014-04-25,2014-04-25 01:00:00,2,33.854168,41.947365
2014-04-25,2014-04-25 02:00:00,3,33.854168,26.856846
2014-04-25,2014-04-25 03:00:00,4,36.458332,24.745895
2014-04-25,2014-04-25 04:00:00,5,98.958336,38.978592
2014-04-25,2014-04-25 05:00:00,6,104.166664,116.94574
2014-04-25,2014-04-25 06:00:00,7,122.395836,125.16679
2014-04-25,2014-04-25 07:00:00,8,174.47917,47.709908
2014-04-25,2014-04-25 08:00:00,9,117.1875,2.5290184
2014-04-25,2014-04-25 09:00:00,10,151.04167,2.0613518
2014-04-25,2014-04-25 10:00:00,11,130.20833,1.3692894
2014-04-25,2014-04-25 11:00:00,12,114.583336,1.1380081
2014-04-25,2014-04-25 12:00:00,13,171.875,1.1614532
2014-04-25,2014-04-25 13:00:00,14,117.1875,1.9853363
2014-04-25,2014-04-25 14:00:00,15,145.83333,1.6440163
2014-04-25,2014-04-25 15:00:00,16,153.64583,2.262001
2014-04-25,2014-04-25 16:00:00,17,119.791664,3.0825768
2014-04-25,2014-04-25 17:00:00,18,171.875,4.5529633
2014-04-25,2014-04-25 18:00:00,19,119.791664,3.9260635
2014-04-25,2014-04-25 19:00:00,20,169.27083,7.742214
2014-04-25,2014-04-25 20:00:00,21,119.791664,4.4668045
2014-04-25,2014-04-25 21:00:00,22,145.83333,4.4314194
2014-04-25,2014-04-25 22:00:00,23,153.64583,13.245705
2014-04-25,2014-04-25 23:00:00,24,138.02083,20.991829
2014-04-26,2014-04-26 00:00:00,1,151.04167,151.14243
2014-04-26,2014-04-26 01:00:00,2,166.66667,152.1114
2014-04-26,2014-04-26 02:00:00,3,117.1875,152.09897
2014-04-26,2014-04-26 03:00:00,4,169.27083,155.59961
2014-04-26,2014-04-26 04:00:00,5,117.1875,155.71686
2014-04-26,2014-04-26 05:00:00,6,169.27083,157.85382
2014-04-26,2014-04-26 06:00:00,7,119.791664,157.4997
2014-04-26,2014-04-26 07:00:00,8,171.875,155.24731
2014-04-26,2014-04-26 08:00:00,9,177.08333,141.85812
2014-04-26,2014-04-26 09:00:00,10,0.0,97.32193
2014-04-26,2014-04-26 10:00:00,11,0.0,84.161194
2014-04-26,2014-04-26 11:00:00,12,0.0,72.71253
2014-04-26,2014-04-26 12:00:00,13,0.0,77.59587
2014-04-26,2014-04-26 13:00:00,14,0.0,88.85992
2014-04-26,2014-04-26 14:00:00,15,177.08333,109.14241
2014-04-26,2014-04-26 15:00:00,16,33.854168,100.39013
2014-04-26,2014-04-26 16:00:00,17,33.854168,83.51184
2014-04-26,2014-04-26 17:00:00,18,31.25,77.16971
2014-04-26,2014-04-26 18:00:00,19,33.854168,81.135635
2014-04-26,2014-04-26 19:00:00,20,127.604164,100.986206
2014-04-26,2014-04-26 20:00:00,21,0.0,69.05522
2014-04-26,2014-04-26 21:00:00,22,0.0,72.68802
2014-04-26,2014-04-26 22:00:00,23,161.45833,107.454575
2014-04-26,2014-04-26 23:00:00,24,33.854168,101.183975
2014-04-27,2014-04-27 00:00:00,1,36.458332,95.81039
2014-04-27,2014-04-27 01:00:00,2,33.854168,95.09842
2014-04-27,2014-04-27 02:00:00,3,67.708336,94.79187
2014-04-27,2014-04-27 03:00:00,4,106.770836,122.50253
2014-04-27,2014-04-27 04:00:00,5,138.02083,137.13321
2014-04-27,2014-04-27 05:00:00,6,143.22917,144.73322
2014-04-27,2014-04-27 06:00:00,7,122.395836,145.15013
2014-04-27,2014-04-27 07:00:00,8,174.47917,137.74847
2014-04-27,2014-04-27 08:00:00,9,117.1875,120.41637
2014-04-27,2014-04-27 09:00:00,10,166.66667,103.81331
2014-04-27,2014-04-27 10:00:00,11,111.979164,93.56183
2014-04-27,2014-04-27 11:00:00,12,135.41667,81.141685
2014-04-27,2014-04-27 12:00:00,13,153.64583,81.36727
2014-04-27,2014-04-27 13:00:00,14,119.791664,86.685905
2014-04-27,2014-04-27 14:00:00,15,153.64583,83.45832
2014-04-27,2014-04-27 15:00:00,16,145.83333,79.23833
2014-04-27,2014-04-27 16:00:00,17,119.791664,64.52233
2014-04-27,2014-04-27 17:00:00,18,151.04167,57.11965
2014-04-27,2014-04-27 18:00:00,19,140.625,53.690113
2014-04-27,2014-04-27 19:00:00,20,117.1875,54.530262
2014-04-27,2014-04-27 20:00:00,21,166.66667,44.364685
2014-04-27,2014-04-27 21:00:00,22,117.1875,47.466038
2014-04-27,2014-04-27 22:00:00,23,174.47917,39.7607
2014-04-27,2014-04-27 23:00:00,24,125.0,52.712746
2014-04-28,2014-04-28 00:00:00,1,177.08333,152.6257
2014-04-28,2014-04-28 01:00:00,2,122.395836,146.26674
2014-04-28,2014-04-28 02:00:00,3,174.47917,136.14525
2014-04-28,2014-04-28 03:00:00,4,125.0,138.85223
2014-04-28,2014-04-28 04:00:00,5,174.47917,135.21295
2014-04-28,2014-04-28 05:00:00,6,174.47917,154.10938
2014-04-28,2014-04-28 06:00:00,7,119.791664,149.07413
2014-04-28,2014-04-28 07:00:00,8,0.0,58.776237
2014-04-28,2014-04-28 08:00:00,9,0.0,0.2874298
2014-04-28,2014-04-28 09:00:00,10,0.0,-1.1617737
2014-04-28,2014-04-28 10:00:00,11,0.0,-0.48480225
2014-04-28,2014-04-28 11:00:00,12,0.0,-0.52189636
2014-04-28,2014-04-28 12:00:00,13,0.0,-0.49393463
2014-04-28,2014-04-28 13:00:00,14,0.0,0.35430908
2014-04-28,2014-04-28 14:00:00,15,0.0,-0.33094025
2014-04-28,2014-04-28 15:00:00,16,0.0,0.01977539
2014-04-28,2014-04-28 16:00:00,17,0.0,-0.0020828247
2014-04-28,2014-04-28 17:00:00,18,0.0,-0.0738678
2014-04-28,2014-04-28 18:00:00,19,0.0,0.0050735474
2014-04-28,2014-04-28 19:00:00,20,0.0,0.051506042
2014-04-28,2014-04-28 20:00:00,21,0.0,0.07235718
2014-04-28,2014-04-28 21:00:00,22,0.0,-0.026313782
2014-04-28,2014-04-28 22:00:00,23,0.0,-0.19528961
2014-04-28,2014-04-28 23:00:00,24,0.0,1.4788284
2014-04-29,2014-04-29 00:00:00,1,166.66667,152.59293
2014-04-29,2014-04-29 01:00:00,2,33.854168,19.968246
2014-04-29,2014-04-29 02:00:00,3,33.854168,19.676468
2014-04-29,2014-04-29 03:00:00,4,36.458332,19.784893
2014-04-29,2014-04-29 04:00:00,5,33.854168,46.34266
2014-04-29,2014-04-29 05:00:00,6,117.1875,129.97237
2014-04-29,2014-04-29 06:00:00,7,140.625,134.66208
2014-04-29,2014-04-29 07:00:00,8,0.0,12.015892
2014-04-29,2014-04-29 08:00:00,9,0.0,0.4071045
2014-04-29,2014-04-29 09:00:00,10,0.0,1.0761566
2014-04-29,2014-04-29 10:00:00,11,0.0,0.91664886
2014-04-29,2014-04-29 11:00:00,12,0.0,1.5353279
2014-04-29,2014-04-29 12:00:00,13,0.0,1.8606873
2014-04-29,2014-04-29 13:00:00,14,0.0,1.6704445
2014-04-29,2014-04-29 14:00:00,15,0.0,1.7820091
2014-04-29,2014-04-29 15:00:00,16,0.0,1.361023
2014-04-29,2014-04-29 16:00:00,17,0.0,0.5688629
2014-04-29,2014-04-29 17:00:00,18,0.0,0.5201416
2014-04-29,2014-04-29 18:00:00,19,0.0,1.2865295
2014-04-29,2014-04-29 19:00:00,20,0.0,0.42971802
2014-04-29,2014-04-29 20:00:00,21,0.0,0.72859955
2014-04-29,2014-04-29 21:00:00,22,0.0,0.518013
2014-04-29,2014-04-29 22:00:00,23,0.0,0.38622284
2014-04-29,2014-04-29 23:00:00,24,0.0,1.6862068
2014-04-30,2014-04-30 00:00:00,1,158.85417,168.74628
2014-04-30,2014-04-30 01:00:00,2,33.854168,19.183987
2014-04-30,2014-04-30 02:00:00,3,31.25,24.152817
2014-04-30,2014-04-30 03:00:00,4,33.854168,23.506046
2014-04-30,2014-04-30 04:00:00,5,33.854168,39.62093
2014-04-30,2014-04-30 05:00:00,6,117.1875,117.962715
2014-04-30,2014-04-30 06:00:00,7,85.9375,146.57245
2014-04-30,2014-04-30 07:00:00,8,0.0,83.31316
2014-04-30,2014-04-30 08:00:00,9,0.0,0.892746
2014-04-30,2014-04-30 09:00:00,10,0.0,1.7126007
2014-04-30,2014-04-30 10:00:00,11,0.0,1.2552261
2014-04-30,2014-04-30 11:00:00,12,0.0,2.355011
2014-04-30,2014-04-30 12:00:00,13,0.0,2.2252502
2014-04-30,2014-04-30 13:00:00,14,0.0,2.5630913
2014-04-30,2014-04-30 14:00:00,15,0.0,2.6602364
2014-04-30,2014-04-30 15:00:00,16,0.0,2.1565285
2014-04-30,2014-04-30 16:00:00,17,31.25,1.2136078
2014-04-30,2014-04-30 17:00:00,18,0.0,1.1650085
2014-04-30,2014-04-30 18:00:00,19,0.0,1.4818382
2014-04-30,2014-04-30 19:00:00,20,0.0,1.0690002
2014-04-30,2014-04-30 20:00:00,21,0.0,1.57201
2014-04-30,2014-04-30 21:00:00,22,0.0,1.3792953
2014-04-30,2014-04-30 22:00:00,23,0.0,0.8612747
2014-04-30,2014-04-30 23:00:00,24,0.0,1.1761322
2014-05-01,2014-05-01 00:00:00,1,171.875,114.82129
2014-05-01,2014-05-01 01:00:00,2,33.854168,10.780312
2014-05-01,2014-05-01 02:00:00,3,33.854168,4.93153
2014-05-01,2014-05-01 03:00:00,4,33.854168,9.635376
2014-05-01,2014-05-01 04:00:00,5,36.458332,23.993687
2014-05-01,2014-05-01 05:00:00,6,111.979164,107.21359
2014-05-01,2014-05-01 06:00:00,7,104.166664,109.12546
2014-05-01,2014-05-01 07:00:00,8,101.5625,18.644642
2014-05-01,2014-05-01 08:00:00,9,111.979164,-0.9838562
2014-05-01,2014-05-01 09:00:00,10,151.04167,-0.32352448
2014-05-01,2014-05-01 10:00:00,11,119.791664,-0.44087982
2014-05-01,2014-05-01 11:00:00,12,101.5625,0.007873535
2014-05-01,2014-05-01 12:00:00,13,114.583336,0.2390976
2014-05-01,2014-05-01 13:00:00,14,143.22917,0.18848419
2014-05-01,2014-05-01 14:00:00,15,114.583336,0.055877686
2014-05-01,2014-05-01 15:00:00,16,106.770836,0.1438446
2014-05-01,2014-05-01 16:00:00,17,104.166664,-0.45197296
2014-05-01,2014-05-01 17:00:00,18,143.22917,-1.002655
2014-05-01,2014-05-01 18:00:00,19,127.604164,-0.85513306
2014-05-01,2014-05-01 19:00:00,20,109.375,-0.76145935
2014-05-01,2014-05-01 20:00:00,21,109.375,-1.46064
2014-05-01,2014-05-01 21:00:00,22,151.04167,-0.9861069
2014-05-01,2014-05-01 22:00:00,23,135.41667,-0.0109939575
2014-05-01,2014-05-01 23:00:00,24,114.583336,5.9060745
2014-05-02,2014-05-02 00:00:00,1,117.1875,141.85706
2014-05-02,2014-05-02 01:00:00,2,171.875,137.56714
2014-05-02,2014-05-02 02:00:00,3,114.583336,135.06877
2014-05-02,2014-05-02 03:00:00,4,111.979164,132.59297
2014-05-02,2014-05-02 04:00:00,5,171.875,132.31952
2014-05-02,2014-05-02 05:00:00,6,122.395836,135.53847
2014-05-02,2014-05-02 06:00:00,7,125.0,128.57228
2014-05-02,2014-05-02 07:00:00,8,0.0,82.81993
2014-05-02,2014-05-02 08:00:00,9,0.0,34.33421
2014-05-02,2014-05-02 09:00:00,10,0.0,2.8380356
2014-05-02,2014-05-02 10:00:00,11,0.0,-0.5721512
2014-05-02,2014-05-02 11:00:00,12,0.0,0.7281418
2014-05-02,2014-05-02 12:00:00,13,0.0,1.3962326
2014-05-02,2014-05-02 13:00:00,14,0.0,1.6189423
2014-05-02,2014-05-02 14:00:00,15,0.0,3.2893753
2014-05-02,2014-05-02 15:00:00,16,0.0,3.728325
2014-05-02,2014-05-02 16:00:00,17,0.0,5.028984
2014-05-02,2014-05-02 17:00:00,18,0.0,3.7075882
2014-05-02,2014-05-02 18:00:00,19,0.0,3.5726776
2014-05-02,2014-05-02 19:00:00,20,0.0,3.8454514
2014-05-02,2014-05-02 20:00:00,21,0.0,2.1381989
2014-05-02,2014-05-02 21:00:00,22,0.0,3.4134598
2014-05-02,2014-05-02 22:00:00,23,0.0,8.819649
2014-05-02,2014-05-02 23:00:00,24,0.0,17.352901
2014-05-03,2014-05-03 00:00:00,1,203.125,86.69559
2014-05-03,2014-05-03 01:00:00,2,33.854168,10.81617
2014-05-03,2014-05-03 02:00:00,3,36.458332,4.825821
2014-05-03,2014-05-03 03:00:00,4,39.0625,8.521656
2014-05-03,2014-05-03 04:00:00,5,36.458332,15.23555
2014-05-03,2014-05-03 05:00:00,6,39.0625,83.24597
2014-05-03,2014-05-03 06:00:00,7,104.166664,66.63206
2014-05-03,2014-05-03 07:00:00,8,106.770836,5.498497
2014-05-03,2014-05-03 08:00:00,9,93.75,0.0065307617
2014-05-03,2014-05-03 09:00:00,10,0.0,0.5786171
2014-05-03,2014-05-03 10:00:00,11,0.0,0.060749054
2014-05-03,2014-05-03 11:00:00,12,0.0,0.64141464
2014-05-03,2014-05-03 12:00:00,13,0.0,0.578907
2014-05-03,2014-05-03 13:00:00,14,0.0,1.0767708
2014-05-03,2014-05-03 14:00:00,15,210.9375,0.7551346
2014-05-03,2014-05-03 15:00:00,16,36.458332,0.9493027
2014-05-03,2014-05-03 16:00:00,17,36.458332,1.6223335
2014-05-03,2014-05-03 17:00:00,18,36.458332,1.265049
2014-05-03,2014-05-03 18:00:00,19,39.0625,0.5932121
2014-05-03,2014-05-03 19:00:00,20,36.458332,0.32759476
2014-05-03,2014-05-03 20:00:00,21,49.479168,-0.18759537
2014-05-03,2014-05-03 21:00:00,22,85.9375,0.90779495
2014-05-03,2014-05-03 22:00:00,23,111.979164,3.5455017
2014-05-03,2014-05-03 23:00:00,24,119.791664,12.213226
2014-05-04,2014-05-04 00:00:00,1,117.1875,143.95033
2014-05-04,2014-05-04 01:00:00,2,98.958336,138.32645
2014-05-04,2014-05-04 02:00:00,3,101.5625,138.68643
2014-05-04,2014-05-04 03:00:00,4,111.979164,144.31267
2014-05-04,2014-05-04 04:00:00,5,140.625,154.811
2014-05-04,2014-05-04 05:00:00,6,132.8125,161.69264
2014-05-04,2014-05-04 06:00:00,7,106.770836,155.23117
2014-05-04,2014-05-04 07:00:00,8,109.375,121.649895
2014-05-04,2014-05-04 08:00:00,9,111.979164,103.322495
2014-05-04,2014-05-04 09:00:00,10,143.22917,100.99982
2014-05-04,2014-05-04 10:00:00,11,119.791664,88.478485
2014-05-04,2014-05-04 11:00:00,12,96.354164,81.27155
2014-05-04,2014-05-04 12:00:00,13,98.958336,78.33315
2014-05-04,2014-05-04 13:00:00,14,119.791664,72.72086
2014-05-04,2014-05-04 14:00:00,15,125.0,70.96806
2014-05-04,2014-05-04 15:00:00,16,132.8125,66.30376
2014-05-04,2014-05-04 16:00:00,17,101.5625,45.89649
2014-05-04,2014-05-04 17:00:00,18,101.5625,41.27247
2014-05-04,2014-05-04 18:00:00,19,104.166664,34.84279
2014-05-04,2014-05-04 19:00:00,20,111.979164,32.872097
2014-05-04,2014-05-04 20:00:00,21,135.41667,33.330063
2014-05-04,2014-05-04 21:00:00,22,130.20833,36.49343
2014-05-04,2014-05-04 22:00:00,23,109.375,37.881813
2014-05-04,2014-05-04 23:00:00,24,111.979164,49.369396
2014-05-05,2014-05-05 00:00:00,1,119.791664,128.22485
2014-05-05,2014-05-05 01:00:00,2,158.85417,118.69474
2014-05-05,2014-05-05 02:00:00,3,114.583336,113.91176
2014-05-05,2014-05-05 03:00:00,4,119.791664,116.28732
2014-05-05,2014-05-05 04:00:00,5,153.64583,124.12693
2014-05-05,2014-05-05 05:00:00,6,140.625,131.0593
2014-05-05,2014-05-05 06:00:00,7,135.41667,127.69857
2014-05-05,2014-05-05 07:00:00,8,171.875,107.04254
2014-05-05,2014-05-05 08:00:00,9,0.0,104.0251
2014-05-05,2014-05-05 09:00:00,10,0.0,105.01871
2014-05-05,2014-05-05 10:00:00,11,0.0,101.27212
2014-05-05,2014-05-05 11:00:00,12,0.0,91.79019
2014-05-05,2014-05-05 12:00:00,13,0.0,94.00232
2014-05-05,2014-05-05 13:00:00,14,0.0,96.78186
2014-05-05,2014-05-05 14:00:00,15,46.875,100.30976
2014-05-05,2014-05-05 15:00:00,16,0.0,93.90849
2014-05-05,2014-05-05 16:00:00,17,0.0,107.655426
2014-05-05,2014-05-05 17:00:00,18,0.0,109.479065
2014-05-05,2014-05-05 18:00:00,19,0.0,108.69658
2014-05-05,2014-05-05 19:00:00,20,0.0,108.80531
2014-05-05,2014-05-05 20:00:00,21,0.0,111.749374
2014-05-05,2014-05-05 21:00:00,22,0.0,115.58914
2014-05-05,2014-05-05 22:00:00,23,0.0,115.725464
2014-05-05,2014-05-05 23:00:00,24,0.0,116.060196
2014-05-06,2014-05-06 00:00:00,1,169.27083,152.55153
2014-05-06,2014-05-06 01:00:00,2,33.854168,35.851562
2014-05-06,2014-05-06 02:00:00,3,33.854168,25.643421
2014-05-06,2014-05-06 03:00:00,4,33.854168,26.559994
2014-05-06,2014-05-06 04:00:00,5,36.458332,34.73513
2014-05-06,2014-05-06 05:00:00,6,114.583336,107.71619
2014-05-06,2014-05-06 06:00:00,7,109.375,113.014854
2014-05-06,2014-05-06 07:00:00,8,0.0,17.285557
2014-05-06,2014-05-06 08:00:00,9,0.0,1.1965599
2014-05-06,2014-05-06 09:00:00,10,0.0,1.6819038
2014-05-06,2014-05-06 10:00:00,11,0.0,1.0228271
2014-05-06,2014-05-06 11:00:00,12,41.666668,1.2550316
2014-05-06,2014-05-06 12:00:00,13,0.0,1.3829765
2014-05-06,2014-05-06 13:00:00,14,0.0,1.2825851
2014-05-06,2014-05-06 14:00:00,15,0.0,3.8865433
2014-05-06,2014-05-06 15:00:00,16,0.0,1.6095619
2014-05-06,2014-05-06 16:00:00,17,0.0,0.6924782
2014-05-06,2014-05-06 17:00:00,18,0.0,0.46829605
2014-05-06,2014-05-06 18:00:00,19,0.0,0.2911911
2014-05-06,2014-05-06 19:00:00,20,0.0,0.60822296
2014-05-06,2014-05-06 20:00:00,21,0.0,0.78871155
2014-05-06,2014-05-06 21:00:00,22,0.0,0.65803146
2014-05-06,2014-05-06 22:00:00,23,0.0,-0.24978256
2014-05-06,2014-05-06 23:00:00,24,0.0,0.8970146
2014-05-07,2014-05-07 00:00:00,1,164.0625,131.27422
2014-05-07,2014-05-07 01:00:00,2,36.458332,23.918427
2014-05-07,2014-05-07 02:00:00,3,33.854168,11.1208
2014-05-07,2014-05-07 03:00:00,4,33.854168,14.572323
2014-05-07,2014-05-07 04:00:00,5,36.458332,22.173931
2014-05-07,2014-05-07 05:00:00,6,98.958336,84.89023
2014-05-07,2014-05-07 06:00:00,7,109.375,86.016685
2014-05-07,2014-05-07 07:00:00,8,0.0,17.231846
2014-05-07,2014-05-07 08:00:00,9,0.0,3.2021942
2014-05-07,2014-05-07 09:00:00,10,0.0,4.1474037
2014-05-07,2014-05-07 10:00:00,11,0.0,3.3672218
2014-05-07,2014-05-07 11:00:00,12,0.0,3.9414062
2014-05-07,2014-05-07 12:00:00,13,0.0,1.7139435
2014-05-07,2014-05-07 13:00:00,14,0.0,1.0883827
2014-05-07,2014-05-07 14:00:00,15,0.0,3.3186798
2014-05-07,2014-05-07 15:00:00,16,0.0,3.8108788
2014-05-07,2014-05-07 16:00:00,17,0.0,2.5948296
2014-05-07,2014-05-07 17:00:00,18,0.0,1.9721107
2014-05-07,2014-05-07 18:00:00,19,0.0,1.9335403
2014-05-07,2014-05-07 19:00:00,20,0.0,1.9085388
2014-05-07,2014-05-07 20:00:00,21,0.0,2.153366
2014-05-07,2014-05-07 21:00:00,22,0.0,2.512169
2014-05-07,2014-05-07 22:00:00,23,0.0,1.9335556
2014-05-07,2014-05-07 23:00:00,24,0.0,5.8853874
2014-05-08,2014-05-08 00:00:00,1,169.27083,146.82596
2014-05-08,2014-05-08 01:00:00,2,33.854168,30.125546
2014-05-08,2014-05-08 02:00:00,3,33.854168,21.018227
2014-05-08,2014-05-08 03:00:00,4,33.854168,26.143627
2014-05-08,2014-05-08 04:00:00,5,33.854168,35.008682
2014-05-08,2014-05-08 05:00:00,6,106.770836,93.033356
2014-05-08,2014-05-08 06:00:00,7,104.166664,99.368256
2014-05-08,2014-05-08 07:00:00,8,0.0,17.008007
2014-05-08,2014-05-08 08:00:00,9,0.0,2.6160011
2014-05-08,2014-05-08 09:00:00,10,0.0,3.056488
2014-05-08,2014-05-08 10:00:00,11,0.0,1.3402519
2014-05-08,2014-05-08 11:00:00,12,0.0,3.4726486
2014-05-08,2014-05-08 12:00:00,13,0.0,0.66503906
2014-05-08,2014-05-08 13:00:00,14,0.0,0.5484772
2014-05-08,2014-05-08 14:00:00,15,0.0,2.2004166
2014-05-08,2014-05-08 15:00:00,16,0.0,2.0847206
2014-05-08,2014-05-08 16:00:00,17,0.0,1.71352
2014-05-08,2014-05-08 17:00:00,18,0.0,2.676487
2014-05-08,2014-05-08 18:00:00,19,0.0,1.8747025
2014-05-08,2014-05-08 19:00:00,20,0.0,2.4645195
2014-05-08,2014-05-08 20:00:00,21,0.0,2.4735336
2014-05-08,2014-05-08 21:00:00,22,0.0,3.8011398
2014-05-08,2014-05-08 22:00:00,23,0.0,2.2522125
2014-05-08,2014-05-08 23:00:00,24,0.0,5.07777
2014-05-09,2014-05-09 00:00:00,1,161.45833,159.65034
2014-05-09,2014-05-09 01:00:00,2,33.854168,39.286884
2014-05-09,2014-05-09 02:00:00,3,33.854168,29.097488
2014-05-09,2014-05-09 03:00:00,4,33.854168,30.752533
2014-05-09,2014-05-09 04:00:00,5,31.25,37.941296
2014-05-09,2014-05-09 05:00:00,6,117.1875,99.784256
2014-05-09,2014-05-09 06:00:00,7,117.1875,101.820984
2014-05-09,2014-05-09 07:00:00,8,7.8125,1.7356339
2014-05-09,2014-05-09 08:00:00,9,0.0,0.4559288
2014-05-09,2014-05-09 09:00:00,10,0.0,1.1190338
2014-05-09,2014-05-09 10:00:00,11,0.0,0.60476303
2014-05-09,2014-05-09 11:00:00,12,0.0,1.1693001
2014-05-09,2014-05-09 12:00:00,13,0.0,0.9124794
2014-05-09,2014-05-09 13:00:00,14,0.0,0.9193802
2014-05-09,2014-05-09 14:00:00,15,0.0,0.8175125
2014-05-09,2014-05-09 15:00:00,16,0.0,0.6090927
2014-05-09,2014-05-09 16:00:00,17,0.0,0.37455368
2014-05-09,2014-05-09 17:00:00,18,0.0,0.12477875
2014-05-09,2014-05-09 18:00:00,19,0.0,0.44698715
2014-05-09,2014-05-09 19:00:00,20,0.0,0.3367958
2014-05-09,2014-05-09 20:00:00,21,0.0,0.1603508
2014-05-09,2014-05-09 21:00:00,22,0.0,0.13951874
2014-05-09,2014-05-09 22:00:00,23,0.0,-0.45493698
2014-05-09,2014-05-09 23:00:00,24,0.0,-0.6610222
2014-05-10,2014-05-10 00:00:00,1,190.10417,158.27296
2014-05-10,2014-05-10 01:00:00,2,36.458332,44.346577
2014-05-10,2014-05-10 02:00:00,3,39.0625,34.362602
2014-05-10,2014-05-10 03:00:00,4,36.458332,41.16318
2014-05-10,2014-05-10 04:00:00,5,36.458332,43.557804
2014-05-10,2014-05-10 05:00:00,6,117.1875,88.927246
2014-05-10,2014-05-10 06:00:00,7,111.979164,114.16533
2014-05-10,2014-05-10 07:00:00,8,104.166664,84.02513
2014-05-10,2014-05-10 08:00:00,9,119.791664,68.34993
2014-05-10,2014-05-10 09:00:00,10,0.0,16.989614
2014-05-10,2014-05-10 10:00:00,11,0.0,7.089058
2014-05-10,2014-05-10 11:00:00,12,0.0,7.826195
2014-05-10,2014-05-10 12:00:00,13,0.0,4.1272507
2014-05-10,2014-05-10 13:00:00,14,0.0,16.848215
2014-05-10,2014-05-10 14:00:00,15,203.125,114.19017
2014-05-10,2014-05-10 15:00:00,16,33.854168,68.99847
2014-05-10,2014-05-10 16:00:00,17,31.25,79.05682
2014-05-10,2014-05-10 17:00:00,18,33.854168,76.86481
2014-05-10,2014-05-10 18:00:00,19,36.458332,80.810486
2014-05-10,2014-05-10 19:00:00,20,57.291668,87.49963
2014-05-10,2014-05-10 20:00:00,21,0.0,99.42009
2014-05-10,2014-05-10 21:00:00,22,0.0,106.36417
2014-05-10,2014-05-10 22:00:00,23,208.33333,112.45262
2014-05-10,2014-05-10 23:00:00,24,33.854168,117.54404
2014-05-11,2014-05-11 00:00:00,1,33.854168,74.30827
2014-05-11,2014-05-11 01:00:00,2,33.854168,76.912964
2014-05-11,2014-05-11 02:00:00,3,33.854168,80.58505
2014-05-11,2014-05-11 03:00:00,4,98.958336,85.70743
2014-05-11,2014-05-11 04:00:00,5,93.75,90.45778
2014-05-11,2014-05-11 05:00:00,6,101.5625,92.40971
2014-05-11,2014-05-11 06:00:00,7,111.979164,91.90345
2014-05-11,2014-05-11 07:00:00,8,145.83333,88.75066
2014-05-11,2014-05-11 08:00:00,9,122.395836,85.043564
2014-05-11,2014-05-11 09:00:00,10,101.5625,77.92454
2014-05-11,2014-05-11 10:00:00,11,109.375,75.08159
2014-05-11,2014-05-11 11:00:00,12,151.04167,72.31334
2014-05-11,2014-05-11 12:00:00,13,117.1875,75.213196
2014-05-11,2014-05-11 13:00:00,14,106.770836,81.26277
2014-05-11,2014-05-11 14:00:00,15,111.979164,83.683716
2014-05-11,2014-05-11 15:00:00,16,151.04167,83.47423
2014-05-11,2014-05-11 16:00:00,17,140.625,80.969376
2014-05-11,2014-05-11 17:00:00,18,111.979164,78.99713
2014-05-11,2014-05-11 18:00:00,19,109.375,81.02308
2014-05-11,2014-05-11 19:00:00,20,122.395836,83.73134
2014-05-11,2014-05-11 20:00:00,21,158.85417,86.845566
2014-05-11,2014-05-11 21:00:00,22,109.375,89.57862
2014-05-11,2014-05-11 22:00:00,23,111.979164,92.56453
2014-05-11,2014-05-11 23:00:00,24,164.0625,94.855865
2014-05-12,2014-05-12 00:00:00,1,122.395836,152.35336
2014-05-12,2014-05-12 01:00:00,2,114.583336,138.8674
2014-05-12,2014-05-12 02:00:00,3,171.875,131.54448
2014-05-12,2014-05-12 03:00:00,4,122.395836,132.06421
2014-05-12,2014-05-12 04:00:00,5,161.45833,136.08958
2014-05-12,2014-05-12 05:00:00,6,130.20833,141.54556
2014-05-12,2014-05-12 06:00:00,7,182.29167,139.03676
2014-05-12,2014-05-12 07:00:00,8,0.0,120.11192
2014-05-12,2014-05-12 08:00:00,9,0.0,2.8929825
2014-05-12,2014-05-12 09:00:00,10,0.0,0.031982422
2014-05-12,2014-05-12 10:00:00,11,0.0,-0.51003265
2014-05-12,2014-05-12 11:00:00,12,36.458332,-0.7732086
2014-05-12,2014-05-12 12:00:00,13,0.0,-0.3870468
2014-05-12,2014-05-12 13:00:00,14,0.0,0.94488144
2014-05-12,2014-05-12 14:00:00,15,0.0,1.9999504
2014-05-12,2014-05-12 15:00:00,16,36.458332,0.5701523
2014-05-12,2014-05-12 16:00:00,17,10.416667,-0.14035034
2014-05-12,2014-05-12 17:00:00,18,0.0,0.4008751
2014-05-12,2014-05-12 18:00:00,19,0.0,0.081417084
2014-05-12,2014-05-12 19:00:00,20,0.0,0.0691452
2014-05-12,2014-05-12 20:00:00,21,0.0,-0.22182846
2014-05-12,2014-05-12 21:00:00,22,0.0,0.11881256
2014-05-12,2014-05-12 22:00:00,23,0.0,-0.27672577
2014-05-12,2014-05-12 23:00:00,24,0.0,0.48884964
2014-05-13,2014-05-13 00:00:00,1,195.3125,166.20067
2014-05-13,2014-05-13 01:00:00,2,33.854168,33.1489
2014-05-13,2014-05-13 02:00:00,3,33.854168,27.935627
2014-05-13,2014-05-13 03:00:00,4,33.854168,29.65075
2014-05-13,2014-05-13 04:00:00,5,33.854168,33.52361
2014-05-13,2014-05-13 05:00:00,6,117.1875,105.20715
2014-05-13,2014-05-13 06:00:00,7,122.395836,104.621826
2014-05-13,2014-05-13 07:00:00,8,0.0,2.511673
2014-05-13,2014-05-13 08:00:00,9,0.0,0.91059494
2014-05-13,2014-05-13 09:00:00,10,0.0,1.524704
2014-05-13,2014-05-13 10:00:00,11,0.0,0.9814415
2014-05-13,2014-05-13 11:00:00,12,0.0,1.5705833
2014-05-13,2014-05-13 12:00:00,13,0.0,1.3184395
2014-05-13,2014-05-13 13:00:00,14,0.0,1.4094734
2014-05-13,2014-05-13 14:00:00,15,0.0,1.2782936
2014-05-13,2014-05-13 15:00:00,16,0.0,0.939106
2014-05-13,2014-05-13 16:00:00,17,0.0,1.0169754
2014-05-13,2014-05-13 17:00:00,18,0.0,1.2133293
2014-05-13,2014-05-13 18:00:00,19,0.0,1.1295357
2014-05-13,2014-05-13 19:00:00,20,0.0,1.1663666
2014-05-13,2014-05-13 20:00:00,21,0.0,1.0075378
2014-05-13,2014-05-13 21:00:00,22,0.0,0.70314026
2014-05-13,2014-05-13 22:00:00,23,0.0,0.18221283
2014-05-13,2014-05-13 23:00:00,24,0.0,-0.3551712
2014-05-14,2014-05-14 00:00:00,1,205.72917,166.27391
2014-05-14,2014-05-14 01:00:00,2,33.854168,33.277878
2014-05-14,2014-05-14 02:00:00,3,33.854168,31.812199
2014-05-14,2014-05-14 03:00:00,4,36.458332,33.479813
2014-05-14,2014-05-14 04:00:00,5,33.854168,31.838547
2014-05-14,2014-05-14 05:00:00,6,41.666668,110.731705
2014-05-14,2014-05-14 06:00:00,7,132.8125,109.60632
2014-05-14,2014-05-14 07:00:00,8,0.0,0.968174
2014-05-14,2014-05-14 08:00:00,9,0.0,0.7789917
2014-05-14,2014-05-14 09:00:00,10,0.0,1.3879356
2014-05-14,2014-05-14 10:00:00,11,0.0,0.86896133
2014-05-14,2014-05-14 11:00:00,12,0.0,1.2470818
2014-05-14,2014-05-14 12:00:00,13,0.0,0.99274063
2014-05-14,2014-05-14 13:00:00,14,0.0,1.2119331
2014-05-14,2014-05-14 14:00:00,15,0.0,0.99087906
2014-05-14,2014-05-14 15:00:00,16,0.0,0.5547676
2014-05-14,2014-05-14 16:00:00,17,0.0,0.8256302
2014-05-14,2014-05-14 17:00:00,18,0.0,0.9678345
2014-05-14,2014-05-14 18:00:00,19,0.0,0.8685379
2014-05-14,2014-05-14 19:00:00,20,0.0,0.9953766
2014-05-14,2014-05-14 20:00:00,21,0.0,1.0474205
2014-05-14,2014-05-14 21:00:00,22,0.0,0.81110764
2014-05-14,2014-05-14 22:00:00,23,0.0,0.3038025
2014-05-14,2014-05-14 23:00:00,24,0.0,-0.09812546
2014-05-15,2014-05-15 00:00:00,1,208.33333,182.03851
2014-05-15,2014-05-15 01:00:00,2,33.854168,34.234795
2014-05-15,2014-05-15 02:00:00,3,36.458332,29.847633
2014-05-15,2014-05-15 03:00:00,4,36.458332,34.75273
2014-05-15,2014-05-15 04:00:00,5,33.854168,32.715492
2014-05-15,2014-05-15 05:00:00,6,41.666668,96.43401
2014-05-15,2014-05-15 06:00:00,7,109.375,118.93886
2014-05-15,2014-05-15 07:00:00,8,0.0,2.543953
2014-05-15,2014-05-15 08:00:00,9,0.0,0.90208435
2014-05-15,2014-05-15 09:00:00,10,0.0,1.6337013
2014-05-15,2014-05-15 10:00:00,11,0.0,1.0898514
2014-05-15,2014-05-15 11:00:00,12,0.0,1.5733681
2014-05-15,2014-05-15 12:00:00,13,0.0,1.2216759
2014-05-15,2014-05-15 13:00:00,14,0.0,1.5993271
2014-05-15,2014-05-15 14:00:00,15,0.0,1.2411194
2014-05-15,2014-05-15 15:00:00,16,0.0,1.120472
2014-05-15,2014-05-15 16:00:00,17,0.0,1.075573
2014-05-15,2014-05-15 17:00:00,18,0.0,1.0603409
2014-05-15,2014-05-15 18:00:00,19,0.0,1.3929672
2014-05-15,2014-05-15 19:00:00,20,0.0,1.2239189
2014-05-15,2014-05-15 20:00:00,21,0.0,1.1070137
2014-05-15,2014-05-15 21:00:00,22,0.0,0.99645996
2014-05-15,2014-05-15 22:00:00,23,0.0,0.60339737
2014-05-15,2014-05-15 23:00:00,24,0.0,0.36196136
2014-05-16,2014-05-16 00:00:00,1,205.72917,189.97893
2014-05-16,2014-05-16 01:00:00,2,33.854168,32.81228
2014-05-16,2014-05-16 02:00:00,3,33.854168,24.732054
2014-05-16,2014-05-16 03:00:00,4,33.854168,30.066822
2014-05-16,2014-05-16 04:00:00,5,36.458332,29.872532
2014-05-16,2014-05-16 05:00:00,6,36.458332,63.766083
2014-05-16,2014-05-16 06:00:00,7,125.0,114.78798
2014-05-16,2014-05-16 07:00:00,8,0.0,2.3677063
2014-05-16,2014-05-16 08:00:00,9,0.0,0.5690422
2014-05-16,2014-05-16 09:00:00,10,0.0,1.1577034
2014-05-16,2014-05-16 10:00:00,11,0.0,0.58564377
2014-05-16,2014-05-16 11:00:00,12,0.0,1.0781364
2014-05-16,2014-05-16 12:00:00,13,0.0,0.89151
2014-05-16,2014-05-16 13:00:00,14,0.0,0.95495605
2014-05-16,2014-05-16 14:00:00,15,0.0,0.6875534
2014-05-16,2014-05-16 15:00:00,16,0.0,0.7713814
2014-05-16,2014-05-16 16:00:00,17,0.0,0.7325821
2014-05-16,2014-05-16 17:00:00,18,0.0,0.53265
2014-05-16,2014-05-16 18:00:00,19,0.0,0.82810974
2014-05-16,2014-05-16 19:00:00,20,0.0,0.60848236
2014-05-16,2014-05-16 20:00:00,21,0.0,0.5547676
2014-05-16,2014-05-16 21:00:00,22,0.0,0.59978104
2014-05-16,2014-05-16 22:00:00,23,0.0,0.0071372986
2014-05-16,2014-05-16 23:00:00,24,0.0,-0.19778061
2014-05-17,2014-05-17 00:00:00,1,208.33333,168.48628
2014-05-17,2014-05-17 01:00:00,2,39.0625,16.22721
2014-05-17,2014-05-17 02:00:00,3,36.458332,12.117672
2014-05-17,2014-05-17 03:00:00,4,36.458332,22.10126
2014-05-17,2014-05-17 04:00:00,5,36.458332,25.233013
2014-05-17,2014-05-17 05:00:00,6,36.458332,72.83724
2014-05-17,2014-05-17 06:00:00,7,156.25,114.606125
2014-05-17,2014-05-17 07:00:00,8,236.97917,71.67373
2014-05-17,2014-05-17 08:00:00,9,218.75,62.24943
2014-05-17,2014-05-17 09:00:00,10,130.20833,7.570835
2014-05-17,2014-05-17 10:00:00,11,122.395836,4.8813705
2014-05-17,2014-05-17 11:00:00,12,127.604164,8.251774
2014-05-17,2014-05-17 12:00:00,13,114.583336,4.3178406
2014-05-17,2014-05-17 13:00:00,14,117.1875,8.620735
2014-05-17,2014-05-17 14:00:00,15,125.0,90.28768
2014-05-17,2014-05-17 15:00:00,16,101.5625,43.923042
2014-05-17,2014-05-17 16:00:00,17,101.5625,36.42402
2014-05-17,2014-05-17 17:00:00,18,93.75,31.45918
2014-05-17,2014-05-17 18:00:00,19,101.5625,33.617165
2014-05-17,2014-05-17 19:00:00,20,145.83333,37.464325
2014-05-17,2014-05-17 20:00:00,21,0.0,36.218647
2014-05-17,2014-05-17 21:00:00,22,0.0,33.41481
2014-05-17,2014-05-17 22:00:00,23,205.72917,83.7544
2014-05-17,2014-05-17 23:00:00,24,39.0625,73.187546
2014-05-18,2014-05-18 00:00:00,1,39.0625,76.386
2014-05-18,2014-05-18 01:00:00,2,36.458332,83.98839
2014-05-18,2014-05-18 02:00:00,3,36.458332,94.90532
2014-05-18,2014-05-18 03:00:00,4,44.270832,109.03854
2014-05-18,2014-05-18 04:00:00,5,96.354164,117.016075
2014-05-18,2014-05-18 05:00:00,6,111.979164,121.31598
2014-05-18,2014-05-18 06:00:00,7,114.583336,126.732574
2014-05-18,2014-05-18 07:00:00,8,117.1875,130.61264
2014-05-18,2014-05-18 08:00:00,9,93.75,129.73041
2014-05-18,2014-05-18 09:00:00,10,93.75,126.31228
2014-05-18,2014-05-18 10:00:00,11,109.375,127.80299
2014-05-18,2014-05-18 11:00:00,12,130.20833,128.48962
2014-05-18,2014-05-18 12:00:00,13,127.604164,129.86594
2014-05-18,2014-05-18 13:00:00,14,106.770836,129.6022
2014-05-18,2014-05-18 14:00:00,15,104.166664,132.26103
2014-05-18,2014-05-18 15:00:00,16,101.5625,134.50978
2014-05-18,2014-05-18 16:00:00,17,104.166664,127.266045
2014-05-18,2014-05-18 17:00:00,18,125.0,126.45908
2014-05-18,2014-05-18 18:00:00,19,135.41667,126.82825
2014-05-18,2014-05-18 19:00:00,20,122.395836,130.74924
2014-05-18,2014-05-18 20:00:00,21,104.166664,130.81586
2014-05-18,2014-05-18 21:00:00,22,109.375,128.77899
2014-05-18,2014-05-18 22:00:00,23,158.85417,130.02371
2014-05-18,2014-05-18 23:00:00,24,130.20833,136.39798
2014-05-19,2014-05-19 00:00:00,1,117.1875,154.49423
2014-05-19,2014-05-19 01:00:00,2,140.625,124.48035
2014-05-19,2014-05-19 02:00:00,3,135.41667,125.915184
2014-05-19,2014-05-19 03:00:00,4,109.375,122.39118
2014-05-19,2014-05-19 04:00:00,5,171.875,127.126236
2014-05-19,2014-05-19 05:00:00,6,119.791664,133.87677
2014-05-19,2014-05-19 06:00:00,7,153.64583,141.90958
2014-05-19,2014-05-19 07:00:00,8,0.0,11.630558
2014-05-19,2014-05-19 08:00:00,9,0.0,1.8631744
2014-05-19,2014-05-19 09:00:00,10,0.0,1.6314774
2014-05-19,2014-05-19 10:00:00,11,0.0,-0.30802917
2014-05-19,2014-05-19 11:00:00,12,0.0,2.5557556
2014-05-19,2014-05-19 12:00:00,13,0.0,0.24840164
2014-05-19,2014-05-19 13:00:00,14,0.0,1.4240265
2014-05-19,2014-05-19 14:00:00,15,0.0,0.1396904
2014-05-19,2014-05-19 15:00:00,16,0.0,2.1782112
2014-05-19,2014-05-19 16:00:00,17,0.0,0.9416809
2014-05-19,2014-05-19 17:00:00,18,0.0,0.09736252
2014-05-19,2014-05-19 18:00:00,19,0.0,0.56051254
2014-05-19,2014-05-19 19:00:00,20,0.0,0.31513214
2014-05-19,2014-05-19 20:00:00,21,0.0,0.10321045
2014-05-19,2014-05-19 21:00:00,22,0.0,0.017349243
2014-05-19,2014-05-19 22:00:00,23,0.0,-0.3474083
2014-05-19,2014-05-19 23:00:00,24,0.0,0.109111786
2014-05-20,2014-05-20 00:00:00,1,169.27083,198.00394
2014-05-20,2014-05-20 01:00:00,2,36.458332,27.82732
2014-05-20,2014-05-20 02:00:00,3,33.854168,25.073074
2014-05-20,2014-05-20 03:00:00,4,36.458332,28.327892
2014-05-20,2014-05-20 04:00:00,5,57.291668,29.111399
2014-05-20,2014-05-20 05:00:00,6,96.354164,45.598557
2014-05-20,2014-05-20 06:00:00,7,161.45833,110.88206
2014-05-20,2014-05-20 07:00:00,8,0.0,1.8544846
2014-05-20,2014-05-20 08:00:00,9,0.0,1.2757912
2014-05-20,2014-05-20 09:00:00,10,0.0,1.917469
2014-05-20,2014-05-20 10:00:00,11,0.0,1.5243912
2014-05-20,2014-05-20 11:00:00,12,0.0,1.8026505
2014-05-20,2014-05-20 12:00:00,13,75.520836,1.6483116
2014-05-20,2014-05-20 13:00:00,14,57.291668,1.838192
2014-05-20,2014-05-20 14:00:00,15,0.0,1.6308136
2014-05-20,2014-05-20 15:00:00,16,0.0,1.600563
2014-05-20,2014-05-20 16:00:00,17,0.0,1.1198502
2014-05-20,2014-05-20 17:00:00,18,0.0,1.0225334
2014-05-20,2014-05-20 18:00:00,19,0.0,1.4301796
2014-05-20,2014-05-20 19:00:00,20,0.0,1.2411766
2014-05-20,2014-05-20 20:00:00,21,0.0,0.9138489
2014-05-20,2014-05-20 21:00:00,22,0.0,0.873806
2014-05-20,2014-05-20 22:00:00,23,0.0,0.45613098
2014-05-20,2014-05-20 23:00:00,24,0.0,0.036075592
2014-05-21,2014-05-21 00:00:00,1,174.47917,188.5062
2014-05-21,2014-05-21 01:00:00,2,33.854168,35.865883
2014-05-21,2014-05-21 02:00:00,3,39.0625,31.19673
2014-05-21,2014-05-21 03:00:00,4,36.458332,37.809875
2014-05-21,2014-05-21 04:00:00,5,39.0625,41.673077
2014-05-21,2014-05-21 05:00:00,6,117.1875,60.254456
2014-05-21,2014-05-21 06:00:00,7,153.64583,133.9896
2014-05-21,2014-05-21 07:00:00,8,0.0,2.4677773
2014-05-21,2014-05-21 08:00:00,9,0.0,1.049324
2014-05-21,2014-05-21 09:00:00,10,0.0,1.5711174
2014-05-21,2014-05-21 10:00:00,11,0.0,1.1951103
2014-05-21,2014-05-21 11:00:00,12,0.0,1.2043037
2014-05-21,2014-05-21 12:00:00,13,0.0,3.1893997
2014-05-21,2014-05-21 13:00:00,14,0.0,2.4892082
2014-05-21,2014-05-21 14:00:00,15,0.0,0.8398056
2014-05-21,2014-05-21 15:00:00,16,0.0,0.89193726
2014-05-21,2014-05-21 16:00:00,17,0.0,0.9082413
2014-05-21,2014-05-21 17:00:00,18,0.0,0.9134865
2014-05-21,2014-05-21 18:00:00,19,0.0,1.250843
2014-05-21,2014-05-21 19:00:00,20,0.0,1.1722527
2014-05-21,2014-05-21 20:00:00,21,0.0,0.8823509
2014-05-21,2014-05-21 21:00:00,22,0.0,0.6826668
2014-05-21,2014-05-21 22:00:00,23,0.0,0.056243896
2014-05-21,2014-05-21 23:00:00,24,0.0,-0.3342247
2014-05-22,2014-05-22 00:00:00,1,161.45833,190.34186
2014-05-22,2014-05-22 01:00:00,2,33.854168,34.814903
2014-05-22,2014-05-22 02:00:00,3,33.854168,28.673208
2014-05-22,2014-05-22 03:00:00,4,36.458332,33.57164
2014-05-22,2014-05-22 04:00:00,5,49.479168,38.005287
2014-05-22,2014-05-22 05:00:00,6,106.770836,75.57895
2014-05-22,2014-05-22 06:00:00,7,164.0625,149.56467
2014-05-22,2014-05-22 07:00:00,8,0.0,2.8889275
2014-05-22,2014-05-22 08:00:00,9,0.0,0.5502777
2014-05-22,2014-05-22 09:00:00,10,0.0,1.3113861
2014-05-22,2014-05-22 10:00:00,11,0.0,0.948452
2014-05-22,2014-05-22 11:00:00,12,0.0,1.4415321
2014-05-22,2014-05-22 12:00:00,13,0.0,1.5153847
2014-05-22,2014-05-22 13:00:00,14,0.0,1.7389603
2014-05-22,2014-05-22 14:00:00,15,0.0,1.0668869
2014-05-22,2014-05-22 15:00:00,16,0.0,1.011692
2014-05-22,2014-05-22 16:00:00,17,0.0,0.4435768
2014-05-22,2014-05-22 17:00:00,18,0.0,0.39035034
2014-05-22,2014-05-22 18:00:00,19,0.0,0.92817307
2014-05-22,2014-05-22 19:00:00,20,0.0,0.85014343
2014-05-22,2014-05-22 20:00:00,21,0.0,0.37699127
2014-05-22,2014-05-22 21:00:00,22,0.0,0.30548096
2014-05-22,2014-05-22 22:00:00,23,0.0,-0.35504532
2014-05-22,2014-05-22 23:00:00,24,0.0,-0.44829178
2014-05-23,2014-05-23 00:00:00,1,164.0625,163.5429
2014-05-23,2014-05-23 01:00:00,2,33.854168,37.900974
2014-05-23,2014-05-23 02:00:00,3,36.458332,25.130924
2014-05-23,2014-05-23 03:00:00,4,33.854168,30.603746
2014-05-23,2014-05-23 04:00:00,5,36.458332,47.0489
2014-05-23,2014-05-23 05:00:00,6,122.395836,104.067245
2014-05-23,2014-05-23 06:00:00,7,158.85417,155.6228
2014-05-23,2014-05-23 07:00:00,8,49.479168,0.9494629
2014-05-23,2014-05-23 08:00:00,9,0.0,0.2218399
2014-05-23,2014-05-23 09:00:00,10,0.0,1.0847778
2014-05-23,2014-05-23 10:00:00,11,0.0,0.8205223
2014-05-23,2014-05-23 11:00:00,12,0.0,1.2219543
2014-05-23,2014-05-23 12:00:00,13,0.0,1.1260376
2014-05-23,2014-05-23 13:00:00,14,0.0,1.0426254
2014-05-23,2014-05-23 14:00:00,15,0.0,0.7653465
2014-05-23,2014-05-23 15:00:00,16,0.0,0.98277664
2014-05-23,2014-05-23 16:00:00,17,0.0,0.5151634
2014-05-23,2014-05-23 17:00:00,18,0.0,0.103954315
2014-05-23,2014-05-23 18:00:00,19,0.0,0.6117668
2014-05-23,2014-05-23 19:00:00,20,0.0,0.2611084
2014-05-23,2014-05-23 20:00:00,21,0.0,0.42417908
2014-05-23,2014-05-23 21:00:00,22,0.0,0.23003769
2014-05-23,2014-05-23 22:00:00,23,0.0,-0.11237717
2014-05-23,2014-05-23 23:00:00,24,0.0,0.16427994
2014-05-24,2014-05-24 00:00:00,1,171.875,92.82404
2014-05-24,2014-05-24 01:00:00,2,33.854168,6.217724
2014-05-24,2014-05-24 02:00:00,3,36.458332,4.5626907
2014-05-24,2014-05-24 03:00:00,4,36.458332,6.7694626
2014-05-24,2014-05-24 04:00:00,5,83.333336,25.524538
2014-05-24,2014-05-24 05:00:00,6,106.770836,56.025482
2014-05-24,2014-05-24 06:00:00,7,130.20833,127.75705
2014-05-24,2014-05-24 07:00:00,8,161.45833,138.24307
2014-05-24,2014-05-24 08:00:00,9,119.791664,118.24036
2014-05-24,2014-05-24 09:00:00,10,31.25,100.987564
2014-05-24,2014-05-24 10:00:00,11,0.0,95.0385
2014-05-24,2014-05-24 11:00:00,12,0.0,92.73273
2014-05-24,2014-05-24 12:00:00,13,0.0,88.91989
2014-05-24,2014-05-24 13:00:00,14,0.0,84.553024
2014-05-24,2014-05-24 14:00:00,15,197.91667,80.392136
2014-05-24,2014-05-24 15:00:00,16,36.458332,74.59003
2014-05-24,2014-05-24 16:00:00,17,33.854168,77.29541
2014-05-24,2014-05-24 17:00:00,18,33.854168,80.416916
2014-05-24,2014-05-24 18:00:00,19,36.458332,87.01448
2014-05-24,2014-05-24 19:00:00,20,140.625,84.02459
2014-05-24,2014-05-24 20:00:00,21,0.0,42.666576
2014-05-24,2014-05-24 21:00:00,22,0.0,42.13758
2014-05-24,2014-05-24 22:00:00,23,171.875,87.33145
2014-05-24,2014-05-24 23:00:00,24,39.0625,58.99693
2014-05-25,2014-05-25 00:00:00,1,33.854168,80.07866
2014-05-25,2014-05-25 01:00:00,2,36.458332,81.787056
2014-05-25,2014-05-25 02:00:00,3,65.104164,87.793785
2014-05-25,2014-05-25 03:00:00,4,109.375,99.06625
2014-05-25,2014-05-25 04:00:00,5,140.625,119.69251
2014-05-25,2014-05-25 05:00:00,6,145.83333,125.11083
2014-05-25,2014-05-25 06:00:00,7,119.791664,125.61311
2014-05-25,2014-05-25 07:00:00,8,169.27083,120.95778
2014-05-25,2014-05-25 08:00:00,9,127.604164,111.744995
2014-05-25,2014-05-25 09:00:00,10,125.0,107.14029
2014-05-25,2014-05-25 10:00:00,11,156.25,105.29634
2014-05-25,2014-05-25 11:00:00,12,111.979164,109.391014
2014-05-25,2014-05-25 12:00:00,13,166.66667,108.78848
2014-05-25,2014-05-25 13:00:00,14,111.979164,106.81769
2014-05-25,2014-05-25 14:00:00,15,169.27083,103.94255
2014-05-25,2014-05-25 15:00:00,16,114.583336,104.2279
2014-05-25,2014-05-25 16:00:00,17,145.83333,106.55523
2014-05-25,2014-05-25 17:00:00,18,140.625,111.226326
2014-05-25,2014-05-25 18:00:00,19,122.395836,116.113945
2014-05-25,2014-05-25 19:00:00,20,171.875,115.76384
2014-05-25,2014-05-25 20:00:00,21,119.791664,114.242516
2014-05-25,2014-05-25 21:00:00,22,169.27083,115.89848
2014-05-25,2014-05-25 22:00:00,23,122.395836,123.398346
2014-05-25,2014-05-25 23:00:00,24,174.47917,128.33469
2014-05-26,2014-05-26 00:00:00,1,125.0,154.8944
2014-05-26,2014-05-26 01:00:00,2,177.08333,146.85568
2014-05-26,2014-05-26 02:00:00,3,127.604164,145.5926
2014-05-26,2014-05-26 03:00:00,4,171.875,144.97478
2014-05-26,2014-05-26 04:00:00,5,171.875,147.5058
2014-05-26,2014-05-26 05:00:00,6,132.8125,149.57457
2014-05-26,2014-05-26 06:00:00,7,164.0625,148.49448
2014-05-26,2014-05-26 07:00:00,8,0.0,29.97862
2014-05-26,2014-05-26 08:00:00,9,0.0,2.442501
2014-05-26,2014-05-26 09:00:00,10,0.0,0.7012787
2014-05-26,2014-05-26 10:00:00,11,0.0,0.23144913
2014-05-26,2014-05-26 11:00:00,12,0.0,-0.30657578
2014-05-26,2014-05-26 12:00:00,13,0.0,0.15289307
2014-05-26,2014-05-26 13:00:00,14,0.0,0.9313545
2014-05-26,2014-05-26 14:00:00,15,0.0,-0.309021
2014-05-26,2014-05-26 15:00:00,16,0.0,0.20649338
2014-05-26,2014-05-26 16:00:00,17,0.0,0.022628784
2014-05-26,2014-05-26 17:00:00,18,0.0,0.15124512
2014-05-26,2014-05-26 18:00:00,19,0.0,0.6284981
2014-05-26,2014-05-26 19:00:00,20,0.0,0.5315895
2014-05-26,2014-05-26 20:00:00,21,0.0,0.29958344
2014-05-26,2014-05-26 21:00:00,22,0.0,0.52212906
2014-05-26,2014-05-26 22:00:00,23,0.0,0.39332962
2014-05-26,2014-05-26 23:00:00,24,0.0,1.6290092
2014-05-27,2014-05-27 00:00:00,1,164.0625,157.61894
2014-05-27,2014-05-27 01:00:00,2,33.854168,22.046158
2014-05-27,2014-05-27 02:00:00,3,36.458332,19.586592
2014-05-27,2014-05-27 03:00:00,4,39.0625,21.228506
2014-05-27,2014-05-27 04:00:00,5,62.5,39.025017
2014-05-27,2014-05-27 05:00:00,6,106.770836,108.75534
2014-05-27,2014-05-27 06:00:00,7,179.6875,150.32083
2014-05-27,2014-05-27 07:00:00,8,23.4375,7.083149
2014-05-27,2014-05-27 08:00:00,9,0.0,0.9474945
2014-05-27,2014-05-27 09:00:00,10,0.0,1.5115967
2014-05-27,2014-05-27 10:00:00,11,0.0,1.0864639
2014-05-27,2014-05-27 11:00:00,12,0.0,1.5681419
2014-05-27,2014-05-27 12:00:00,13,0.0,1.5761681
2014-05-27,2014-05-27 13:00:00,14,0.0,1.4902916
2014-05-27,2014-05-27 14:00:00,15,0.0,1.4135132
2014-05-27,2014-05-27 15:00:00,16,0.0,1.3570213
2014-05-27,2014-05-27 16:00:00,17,0.0,1.2801819
2014-05-27,2014-05-27 17:00:00,18,0.0,0.9700241
2014-05-27,2014-05-27 18:00:00,19,0.0,1.6390152
2014-05-27,2014-05-27 19:00:00,20,0.0,1.2938576
2014-05-27,2014-05-27 20:00:00,21,0.0,1.2493515
2014-05-27,2014-05-27 21:00:00,22,0.0,0.95105743
2014-05-27,2014-05-27 22:00:00,23,0.0,0.48259735
2014-05-27,2014-05-27 23:00:00,24,0.0,0.27734756
2014-05-28,2014-05-28 00:00:00,1,179.6875,158.49864
2014-05-28,2014-05-28 01:00:00,2,36.458332,33.587566
2014-05-28,2014-05-28 02:00:00,3,39.0625,34.23128
2014-05-28,2014-05-28 03:00:00,4,33.854168,37.3226
2014-05-28,2014-05-28 04:00:00,5,36.458332,47.869736
2014-05-28,2014-05-28 05:00:00,6,119.791664,111.06742
2014-05-28,2014-05-28 06:00:00,7,130.20833,165.39154
2014-05-28,2014-05-28 07:00:00,8,0.0,14.799641
2014-05-28,2014-05-28 08:00:00,9,72.916664,0.455616
2014-05-28,2014-05-28 09:00:00,10,106.770836,0.91451645
2014-05-28,2014-05-28 10:00:00,11,39.0625,0.31487274
2014-05-28,2014-05-28 11:00:00,12,31.25,0.5834198
2014-05-28,2014-05-28 12:00:00,13,39.0625,0.65143967
2014-05-28,2014-05-28 13:00:00,14,36.458332,0.84604645
2014-05-28,2014-05-28 14:00:00,15,46.875,0.44430923
2014-05-28,2014-05-28 15:00:00,16,46.875,0.4588127
2014-05-28,2014-05-28 16:00:00,17,57.291668,0.60873413
2014-05-28,2014-05-28 17:00:00,18,59.895832,0.6603775
2014-05-28,2014-05-28 18:00:00,19,46.875,0.84573364
2014-05-28,2014-05-28 19:00:00,20,54.6875,0.71990204
2014-05-28,2014-05-28 20:00:00,21,41.666668,0.95695114
2014-05-28,2014-05-28 21:00:00,22,52.083332,0.64141846
2014-05-28,2014-05-28 22:00:00,23,26.041666,0.05416107
2014-05-28,2014-05-28 23:00:00,24,13.020833,-0.5416107
2014-05-29,2014-05-29 00:00:00,1,10.416667,159.61353
2014-05-29,2014-05-29 01:00:00,2,13.020833,47.794582
2014-05-29,2014-05-29 02:00:00,3,13.020833,48.14226
2014-05-29,2014-05-29 03:00:00,4,15.625,53.8553
2014-05-29,2014-05-29 04:00:00,5,13.020833,64.11456
2014-05-29,2014-05-29 05:00:00,6,26.041666,116.73505
2014-05-29,2014-05-29 06:00:00,7,26.041666,155.45164
2014-05-29,2014-05-29 07:00:00,8,33.854168,32.489223
2014-05-29,2014-05-29 08:00:00,9,46.875,9.700111
2014-05-29,2014-05-29 09:00:00,10,31.25,10.60041
2014-05-29,2014-05-29 10:00:00,11,44.270832,6.5376053
2014-05-29,2014-05-29 11:00:00,12,41.666668,4.966831
2014-05-29,2014-05-29 12:00:00,13,59.895832,3.8167877
2014-05-29,2014-05-29 13:00:00,14,49.479168,4.5952034
2014-05-29,2014-05-29 14:00:00,15,41.666668,3.902588
2014-05-29,2014-05-29 15:00:00,16,44.270832,4.1664276
2014-05-29,2014-05-29 16:00:00,17,41.666668,6.09774
2014-05-29,2014-05-29 17:00:00,18,44.270832,4.9743233
2014-05-29,2014-05-29 18:00:00,19,44.270832,3.6322937
2014-05-29,2014-05-29 19:00:00,20,52.083332,4.003704
2014-05-29,2014-05-29 20:00:00,21,54.6875,3.8337326
2014-05-29,2014-05-29 21:00:00,22,49.479168,3.154396
2014-05-29,2014-05-29 22:00:00,23,41.666668,2.3111
2014-05-29,2014-05-29 23:00:00,24,18.229166,4.478821
2014-05-30,2014-05-30 00:00:00,1,5.2083335,13.614655
2014-05-30,2014-05-30 01:00:00,2,13.020833,12.309017
2014-05-30,2014-05-30 02:00:00,3,13.020833,14.450645
2014-05-30,2014-05-30 03:00:00,4,13.020833,16.413387
2014-05-30,2014-05-30 04:00:00,5,15.625,18.414059
2014-05-30,2014-05-30 05:00:00,6,28.645834,25.41761
2014-05-30,2014-05-30 06:00:00,7,33.854168,27.102081
2014-05-30,2014-05-30 07:00:00,8,28.645834,14.797379
2014-05-30,2014-05-30 08:00:00,9,39.0625,5.714878
2014-05-30,2014-05-30 09:00:00,10,39.0625,4.586117
2014-05-30,2014-05-30 10:00:00,11,44.270832,4.5306625
2014-05-30,2014-05-30 11:00:00,12,46.875,3.8601913
2014-05-30,2014-05-30 12:00:00,13,203.125,3.8165398
2014-05-30,2014-05-30 13:00:00,14,190.10417,4.423355
2014-05-30,2014-05-30 14:00:00,15,190.10417,3.9135704
2014-05-30,2014-05-30 15:00:00,16,192.70833,4.390438
2014-05-30,2014-05-30 16:00:00,17,195.3125,3.2210426
2014-05-30,2014-05-30 17:00:00,18,197.91667,3.6416512
2014-05-30,2014-05-30 18:00:00,19,302.08334,3.2556572
2014-05-30,2014-05-30 19:00:00,20,93.75,3.1439705
2014-05-30,2014-05-30 20:00:00,21,213.54167,3.022564
2014-05-30,2014-05-30 21:00:00,22,49.479168,4.0059814
2014-05-30,2014-05-30 22:00:00,23,39.0625,3.8574295
2014-05-30,2014-05-30 23:00:00,24,36.458332,5.019329
2014-05-31,2014-05-31 00:00:00,1,46.875,29.686047
2014-05-31,2014-05-31 01:00:00,2,101.5625,29.56631
2014-05-31,2014-05-31 02:00:00,3,130.20833,30.450275
2014-05-31,2014-05-31 03:00:00,4,135.41667,31.776882
2014-05-31,2014-05-31 04:00:00,5,111.979164,36.516563
2014-05-31,2014-05-31 05:00:00,6,117.1875,41.606606
2014-05-31,2014-05-31 06:00:00,7,161.45833,43.828712
2014-05-31,2014-05-31 07:00:00,8,138.02083,43.07827
2014-05-31,2014-05-31 08:00:00,9,145.83333,43.645172
2014-05-31,2014-05-31 09:00:00,10,10.416667,41.393982
2014-05-31,2014-05-31 10:00:00,11,0.0,41.849068
2014-05-31,2014-05-31 11:00:00,12,0.0,44.18455
2014-05-31,2014-05-31 12:00:00,13,0.0,48.479996
2014-05-31,2014-05-31 13:00:00,14,0.0,49.60371
2014-05-31,2014-05-31 14:00:00,15,197.91667,50.651752
2014-05-31,2014-05-31 15:00:00,16,33.854168,50.33399
2014-05-31,2014-05-31 16:00:00,17,31.25,51.926643
2014-05-31,2014-05-31 17:00:00,18,39.0625,51.99399
2014-05-31,2014-05-31 18:00:00,19,31.25,53.141926
2014-05-31,2014-05-31 19:00:00,20,62.5,48.906155
2014-05-31,2014-05-31 20:00:00,21,0.0,44.627968
2014-05-31,2014-05-31 21:00:00,22,0.0,37.9274
2014-05-31,2014-05-31 22:00:00,23,208.33333,32.868423
2014-05-31,2014-05-31 23:00:00,24,33.854168,28.26809
2014-06-01,2014-06-01 00:00:00,1,33.854168,58.19375
2014-06-01,2014-06-01 01:00:00,2,36.458332,49.454933
2014-06-01,2014-06-01 02:00:00,3,36.458332,58.81486
2014-06-01,2014-06-01 03:00:00,4,80.729164,65.001625
2014-06-01,2014-06-01 04:00:00,5,93.75,72.1445
2014-06-01,2014-06-01 05:00:00,6,98.958336,84.897354
2014-06-01,2014-06-01 06:00:00,7,132.8125,93.400406
2014-06-01,2014-06-01 07:00:00,8,138.02083,60.585827
2014-06-01,2014-06-01 08:00:00,9,106.770836,52.63865
2014-06-01,2014-06-01 09:00:00,10,104.166664,44.14091
2014-06-01,2014-06-01 10:00:00,11,119.791664,40.35396
2014-06-01,2014-06-01 11:00:00,12,145.83333,37.809242
2014-06-01,2014-06-01 12:00:00,13,101.5625,43.073936
2014-06-01,2014-06-01 13:00:00,14,98.958336,43.806004
2014-06-01,2014-06-01 14:00:00,15,132.8125,51.23795
2014-06-01,2014-06-01 15:00:00,16,143.22917,49.64208
2014-06-01,2014-06-01 16:00:00,17,101.5625,52.476974
2014-06-01,2014-06-01 17:00:00,18,104.166664,52.131157
2014-06-01,2014-06-01 18:00:00,19,127.604164,50.375347
2014-06-01,2014-06-01 19:00:00,20,140.625,45.916073
2014-06-01,2014-06-01 20:00:00,21,104.166664,41.5663
2014-06-01,2014-06-01 21:00:00,22,106.770836,37.26741
2014-06-01,2014-06-01 22:00:00,23,145.83333,37.367256
2014-06-01,2014-06-01 23:00:00,24,138.02083,37.30098
2014-06-02,2014-06-02 00:00:00,1,111.979164,125.353226
2014-06-02,2014-06-02 01:00:00,2,127.604164,124.40022
2014-06-02,2014-06-02 02:00:00,3,164.0625,130.92029
2014-06-02,2014-06-02 03:00:00,4,117.1875,131.36076
2014-06-02,2014-06-02 04:00:00,5,138.02083,122.58533
2014-06-02,2014-06-02 05:00:00,6,164.0625,122.06882
2014-06-02,2014-06-02 06:00:00,7,138.02083,129.6266
2014-06-02,2014-06-02 07:00:00,8,80.729164,127.975464
2014-06-02,2014-06-02 08:00:00,9,0.0,118.94765
2014-06-02,2014-06-02 09:00:00,10,0.0,115.67633
2014-06-02,2014-06-02 10:00:00,11,0.0,119.53579
2014-06-02,2014-06-02 11:00:00,12,0.0,117.66429
2014-06-02,2014-06-02 12:00:00,13,0.0,109.88437
2014-06-02,2014-06-02 13:00:00,14,0.0,107.513855
2014-06-02,2014-06-02 14:00:00,15,0.0,115.9917
2014-06-02,2014-06-02 15:00:00,16,0.0,115.05658
2014-06-02,2014-06-02 16:00:00,17,0.0,103.44092
2014-06-02,2014-06-02 17:00:00,18,0.0,102.11034
2014-06-02,2014-06-02 18:00:00,19,0.0,107.59361
2014-06-02,2014-06-02 19:00:00,20,0.0,107.01535
2014-06-02,2014-06-02 20:00:00,21,0.0,102.090546
2014-06-02,2014-06-02 21:00:00,22,0.0,96.843155
2014-06-02,2014-06-02 22:00:00,23,0.0,99.44603
2014-06-02,2014-06-02 23:00:00,24,0.0,95.48375
2014-06-03,2014-06-03 00:00:00,1,195.3125,3.402855
2014-06-03,2014-06-03 01:00:00,2,36.458332,3.183731
2014-06-03,2014-06-03 02:00:00,3,33.854168,6.2299995
2014-06-03,2014-06-03 03:00:00,4,36.458332,9.662468
2014-06-03,2014-06-03 04:00:00,5,39.0625,14.395916
2014-06-03,2014-06-03 05:00:00,6,114.583336,22.650898
2014-06-03,2014-06-03 06:00:00,7,135.41667,27.063866
2014-06-03,2014-06-03 07:00:00,8,0.0,24.913258
2014-06-03,2014-06-03 08:00:00,9,0.0,29.881996
2014-06-03,2014-06-03 09:00:00,10,0.0,30.564724
2014-06-03,2014-06-03 10:00:00,11,0.0,32.95096
2014-06-03,2014-06-03 11:00:00,12,0.0,35.296318
2014-06-03,2014-06-03 12:00:00,13,0.0,39.052803
2014-06-03,2014-06-03 13:00:00,14,0.0,41.34024
2014-06-03,2014-06-03 14:00:00,15,0.0,47.89964
2014-06-03,2014-06-03 15:00:00,16,0.0,49.07656
2014-06-03,2014-06-03 16:00:00,17,0.0,49.686703
2014-06-03,2014-06-03 17:00:00,18,0.0,51.918236
2014-06-03,2014-06-03 18:00:00,19,0.0,51.695114
2014-06-03,2014-06-03 19:00:00,20,0.0,51.653755
2014-06-03,2014-06-03 20:00:00,21,0.0,51.02398
2014-06-03,2014-06-03 21:00:00,22,0.0,50.749672
2014-06-03,2014-06-03 22:00:00,23,0.0,49.80275
2014-06-03,2014-06-03 23:00:00,24,0.0,48.912148
2014-06-04,2014-06-04 00:00:00,1,190.10417,0.75888443
2014-06-04,2014-06-04 01:00:00,2,33.854168,0.7060623
2014-06-04,2014-06-04 02:00:00,3,33.854168,0.5750351
2014-06-04,2014-06-04 03:00:00,4,36.458332,0.8400574
2014-06-04,2014-06-04 04:00:00,5,41.666668,0.8018799
2014-06-04,2014-06-04 05:00:00,6,117.1875,1.5301323
2014-06-04,2014-06-04 06:00:00,7,138.02083,1.5804291
2014-06-04,2014-06-04 07:00:00,8,0.0,1.1384125
2014-06-04,2014-06-04 08:00:00,9,0.0,0.7241287
2014-06-04,2014-06-04 09:00:00,10,0.0,0.87678146
2014-06-04,2014-06-04 10:00:00,11,0.0,0.7640228
2014-06-04,2014-06-04 11:00:00,12,0.0,1.237133
2014-06-04,2014-06-04 12:00:00,13,0.0,1.4820328
2014-06-04,2014-06-04 13:00:00,14,0.0,1.3911858
2014-06-04,2014-06-04 14:00:00,15,0.0,1.168026
2014-06-04,2014-06-04 15:00:00,16,0.0,1.3546867
2014-06-04,2014-06-04 16:00:00,17,0.0,2.347309
2014-06-04,2014-06-04 17:00:00,18,0.0,1.8197174
2014-06-04,2014-06-04 18:00:00,19,0.0,2.235363
2014-06-04,2014-06-04 19:00:00,20,0.0,2.0814247
2014-06-04,2014-06-04 20:00:00,21,0.0,2.0760498
2014-06-04,2014-06-04 21:00:00,22,0.0,1.9389763
2014-06-04,2014-06-04 22:00:00,23,0.0,1.9448738
2014-06-04,2014-06-04 23:00:00,24,0.0,1.5747452
2014-06-05,2014-06-05 00:00:00,1,161.45833,142.26978
2014-06-05,2014-06-05 01:00:00,2,33.854168,32.8811
2014-06-05,2014-06-05 02:00:00,3,33.854168,21.659527
2014-06-05,2014-06-05 03:00:00,4,39.0625,24.29646
2014-06-05,2014-06-05 04:00:00,5,49.479168,37.080273
2014-06-05,2014-06-05 05:00:00,6,111.979164,115.09973
2014-06-05,2014-06-05 06:00:00,7,171.875,126.873604
2014-06-05,2014-06-05 07:00:00,8,31.25,5.906925
2014-06-05,2014-06-05 08:00:00,9,0.0,0.8686142
2014-06-05,2014-06-05 09:00:00,10,0.0,2.0712204
2014-06-05,2014-06-05 10:00:00,11,0.0,1.3141632
2014-06-05,2014-06-05 11:00:00,12,0.0,1.7417564
2014-06-05,2014-06-05 12:00:00,13,0.0,1.5785484
2014-06-05,2014-06-05 13:00:00,14,0.0,1.4133873
2014-06-05,2014-06-05 14:00:00,15,0.0,1.6122551
2014-06-05,2014-06-05 15:00:00,16,0.0,1.7578049
2014-06-05,2014-06-05 16:00:00,17,0.0,0.78546906
2014-06-05,2014-06-05 17:00:00,18,33.854168,0.56334305
2014-06-05,2014-06-05 18:00:00,19,0.0,0.783226
2014-06-05,2014-06-05 19:00:00,20,0.0,0.8230972
2014-06-05,2014-06-05 20:00:00,21,0.0,0.7745247
2014-06-05,2014-06-05 21:00:00,22,0.0,0.8864212
2014-06-05,2014-06-05 22:00:00,23,0.0,0.28167725
2014-06-05,2014-06-05 23:00:00,24,0.0,0.6794052
2014-06-06,2014-06-06 00:00:00,1,203.125,156.62196
2014-06-06,2014-06-06 01:00:00,2,33.854168,40.0036
2014-06-06,2014-06-06 02:00:00,3,36.458332,33.32847
2014-06-06,2014-06-06 03:00:00,4,33.854168,37.38098
2014-06-06,2014-06-06 04:00:00,5,41.666668,46.489807
2014-06-06,2014-06-06 05:00:00,6,78.125,123.08931
2014-06-06,2014-06-06 06:00:00,7,96.354164,145.02657
2014-06-06,2014-06-06 07:00:00,8,0.0,19.849247
2014-06-06,2014-06-06 08:00:00,9,0.0,2.5235863
2014-06-06,2014-06-06 09:00:00,10,0.0,2.5663948
2014-06-06,2014-06-06 10:00:00,11,0.0,1.3440933
2014-06-06,2014-06-06 11:00:00,12,0.0,1.3645821
2014-06-06,2014-06-06 12:00:00,13,0.0,1.0361137
2014-06-06,2014-06-06 13:00:00,14,0.0,1.1478996
2014-06-06,2014-06-06 14:00:00,15,0.0,1.3190498
2014-06-06,2014-06-06 15:00:00,16,0.0,1.1959724
2014-06-06,2014-06-06 16:00:00,17,0.0,1.2902832
2014-06-06,2014-06-06 17:00:00,18,0.0,3.458149
2014-06-06,2014-06-06 18:00:00,19,0.0,1.8633614
2014-06-06,2014-06-06 19:00:00,20,0.0,1.2271843
2014-06-06,2014-06-06 20:00:00,21,0.0,1.2573166
2014-06-06,2014-06-06 21:00:00,22,0.0,1.0410347
2014-06-06,2014-06-06 22:00:00,23,0.0,0.8837433
2014-06-06,2014-06-06 23:00:00,24,0.0,1.3211136
2014-06-07,2014-06-07 00:00:00,1,190.10417,68.41167
2014-06-07,2014-06-07 01:00:00,2,33.854168,29.43162
2014-06-07,2014-06-07 02:00:00,3,33.854168,33.635574
2014-06-07,2014-06-07 03:00:00,4,33.854168,53.65588
2014-06-07,2014-06-07 04:00:00,5,39.0625,60.302036
2014-06-07,2014-06-07 05:00:00,6,111.979164,81.11144
2014-06-07,2014-06-07 06:00:00,7,96.354164,121.39937
2014-06-07,2014-06-07 07:00:00,8,101.5625,93.46666
2014-06-07,2014-06-07 08:00:00,9,132.8125,66.83504
2014-06-07,2014-06-07 09:00:00,10,39.0625,8.048145
2014-06-07,2014-06-07 10:00:00,11,0.0,3.21986
2014-06-07,2014-06-07 11:00:00,12,0.0,5.3465385
2014-06-07,2014-06-07 12:00:00,13,0.0,2.8142166
2014-06-07,2014-06-07 13:00:00,14,0.0,6.8244247
2014-06-07,2014-06-07 14:00:00,15,205.72917,72.718094
2014-06-07,2014-06-07 15:00:00,16,33.854168,27.53872
2014-06-07,2014-06-07 16:00:00,17,44.270832,20.202515
2014-06-07,2014-06-07 17:00:00,18,39.0625,20.574936
2014-06-07,2014-06-07 18:00:00,19,33.854168,22.722193
2014-06-07,2014-06-07 19:00:00,20,62.5,30.188225
2014-06-07,2014-06-07 20:00:00,21,85.9375,19.534271
2014-06-07,2014-06-07 21:00:00,22,111.979164,24.72079
2014-06-07,2014-06-07 22:00:00,23,132.8125,75.53646
2014-06-07,2014-06-07 23:00:00,24,119.791664,48.923744
2014-06-08,2014-06-08 00:00:00,1,109.375,121.445724
2014-06-08,2014-06-08 01:00:00,2,109.375,122.6638
2014-06-08,2014-06-08 02:00:00,3,156.25,126.822395
2014-06-08,2014-06-08 03:00:00,4,125.0,132.94777
2014-06-08,2014-06-08 04:00:00,5,117.1875,139.63324
2014-06-08,2014-06-08 05:00:00,6,145.83333,144.19655
2014-06-08,2014-06-08 06:00:00,7,135.41667,143.51859
2014-06-08,2014-06-08 07:00:00,8,114.583336,140.8349
2014-06-08,2014-06-08 08:00:00,9,138.02083,132.02051
2014-06-08,2014-06-08 09:00:00,10,138.02083,126.565025
2014-06-08,2014-06-08 10:00:00,11,106.770836,125.17935
2014-06-08,2014-06-08 11:00:00,12,148.4375,125.37993
2014-06-08,2014-06-08 12:00:00,13,125.0,123.20531
2014-06-08,2014-06-08 13:00:00,14,117.1875,124.1448
2014-06-08,2014-06-08 14:00:00,15,153.64583,128.24487
2014-06-08,2014-06-08 15:00:00,16,132.8125,127.32121
2014-06-08,2014-06-08 16:00:00,17,114.583336,118.68663
2014-06-08,2014-06-08 17:00:00,18,132.8125,120.84303
2014-06-08,2014-06-08 18:00:00,19,148.4375,122.58595
2014-06-08,2014-06-08 19:00:00,20,109.375,124.99837
2014-06-08,2014-06-08 20:00:00,21,125.0,126.287056
2014-06-08,2014-06-08 21:00:00,22,151.04167,127.29426
2014-06-08,2014-06-08 22:00:00,23,106.770836,130.30588
2014-06-08,2014-06-08 23:00:00,24,158.85417,134.43875
2014-06-09,2014-06-09 00:00:00,1,106.770836,153.5387
2014-06-09,2014-06-09 01:00:00,2,169.27083,145.99391
2014-06-09,2014-06-09 02:00:00,3,111.979164,146.25862
2014-06-09,2014-06-09 03:00:00,4,130.20833,139.04384
2014-06-09,2014-06-09 04:00:00,5,153.64583,139.66075
2014-06-09,2014-06-09 05:00:00,6,122.395836,152.00883
2014-06-09,2014-06-09 06:00:00,7,182.29167,147.06903
2014-06-09,2014-06-09 07:00:00,8,0.0,86.40971
2014-06-09,2014-06-09 08:00:00,9,0.0,4.8597717
2014-06-09,2014-06-09 09:00:00,10,0.0,1.7246094
2014-06-09,2014-06-09 10:00:00,11,0.0,0.46118927
2014-06-09,2014-06-09 11:00:00,12,0.0,0.28504944
2014-06-09,2014-06-09 12:00:00,13,0.0,0.34322357
2014-06-09,2014-06-09 13:00:00,14,0.0,0.84233475
2014-06-09,2014-06-09 14:00:00,15,0.0,0.42806244
2014-06-09,2014-06-09 15:00:00,16,0.0,0.8912926
2014-06-09,2014-06-09 16:00:00,17,0.0,-0.2661209
2014-06-09,2014-06-09 17:00:00,18,0.0,0.570076
2014-06-09,2014-06-09 18:00:00,19,0.0,0.2933159
2014-06-09,2014-06-09 19:00:00,20,0.0,0.39886093
2014-06-09,2014-06-09 20:00:00,21,0.0,0.24962616
2014-06-09,2014-06-09 21:00:00,22,0.0,0.5548401
2014-06-09,2014-06-09 22:00:00,23,0.0,0.16872406
2014-06-09,2014-06-09 23:00:00,24,0.0,1.2000809
2014-06-10,2014-06-10 00:00:00,1,190.10417,178.66681
2014-06-10,2014-06-10 01:00:00,2,36.458332,22.67632
2014-06-10,2014-06-10 02:00:00,3,36.458332,21.993149
2014-06-10,2014-06-10 03:00:00,4,36.458332,26.336456
2014-06-10,2014-06-10 04:00:00,5,36.458332,34.954136
2014-06-10,2014-06-10 05:00:00,6,114.583336,96.52171
2014-06-10,2014-06-10 06:00:00,7,138.02083,116.82922
2014-06-10,2014-06-10 07:00:00,8,109.375,4.9301987
2014-06-10,2014-06-10 08:00:00,9,114.583336,1.3373108
2014-06-10,2014-06-10 09:00:00,10,114.583336,1.7663574
2014-06-10,2014-06-10 10:00:00,11,151.04167,1.1976509
2014-06-10,2014-06-10 11:00:00,12,125.0,1.6681061
2014-06-10,2014-06-10 12:00:00,13,106.770836,1.5931702
2014-06-10,2014-06-10 13:00:00,14,111.979164,1.6736374
2014-06-10,2014-06-10 14:00:00,15,143.22917,1.6957397
2014-06-10,2014-06-10 15:00:00,16,143.22917,1.5945854
2014-06-10,2014-06-10 16:00:00,17,106.770836,0.95851135
2014-06-10,2014-06-10 17:00:00,18,114.583336,1.0160179
2014-06-10,2014-06-10 18:00:00,19,132.8125,1.3981018
2014-06-10,2014-06-10 19:00:00,20,148.4375,1.0000534
2014-06-10,2014-06-10 20:00:00,21,114.583336,0.92749786
2014-06-10,2014-06-10 21:00:00,22,106.770836,0.81498337
2014-06-10,2014-06-10 22:00:00,23,169.27083,0.42105103
2014-06-10,2014-06-10 23:00:00,24,111.979164,0.11287308
2014-06-11,2014-06-11 00:00:00,1,114.583336,147.18118
2014-06-11,2014-06-11 01:00:00,2,169.27083,125.962006
2014-06-11,2014-06-11 02:00:00,3,117.1875,119.79387
2014-06-11,2014-06-11 03:00:00,4,151.04167,115.40706
2014-06-11,2014-06-11 04:00:00,5,140.625,117.71317
2014-06-11,2014-06-11 05:00:00,6,122.395836,137.24829
2014-06-11,2014-06-11 06:00:00,7,177.08333,145.63354
2014-06-11,2014-06-11 07:00:00,8,0.0,15.650372
2014-06-11,2014-06-11 08:00:00,9,0.0,1.481987
2014-06-11,2014-06-11 09:00:00,10,0.0,0.8037224
2014-06-11,2014-06-11 10:00:00,11,0.0,1.4232178
2014-06-11,2014-06-11 11:00:00,12,0.0,1.117321
2014-06-11,2014-06-11 12:00:00,13,0.0,1.314827
2014-06-11,2014-06-11 13:00:00,14,0.0,1.2625122
2014-06-11,2014-06-11 14:00:00,15,0.0,1.2213669
2014-06-11,2014-06-11 15:00:00,16,0.0,0.8541298
2014-06-11,2014-06-11 16:00:00,17,0.0,0.9967804
2014-06-11,2014-06-11 17:00:00,18,0.0,1.0208626
2014-06-11,2014-06-11 18:00:00,19,0.0,1.4175491
2014-06-11,2014-06-11 19:00:00,20,0.0,1.2189064
2014-06-11,2014-06-11 20:00:00,21,0.0,1.5756493
2014-06-11,2014-06-11 21:00:00,22,0.0,1.7582245
2014-06-11,2014-06-11 22:00:00,23,0.0,0.96240616
2014-06-11,2014-06-11 23:00:00,24,0.0,1.565731
2014-06-12,2014-06-12 00:00:00,1,208.33333,165.62515
2014-06-12,2014-06-12 01:00:00,2,33.854168,17.454521
2014-06-12,2014-06-12 02:00:00,3,33.854168,11.960327
2014-06-12,2014-06-12 03:00:00,4,36.458332,15.591019
2014-06-12,2014-06-12 04:00:00,5,36.458332,25.166264
2014-06-12,2014-06-12 05:00:00,6,44.270832,90.66129
2014-06-12,2014-06-12 06:00:00,7,135.41667,119.71092
2014-06-12,2014-06-12 07:00:00,8,0.0,8.396072
2014-06-12,2014-06-12 08:00:00,9,0.0,1.7554207
2014-06-12,2014-06-12 09:00:00,10,0.0,2.3134537
2014-06-12,2014-06-12 10:00:00,11,0.0,1.620533
2014-06-12,2014-06-12 11:00:00,12,0.0,2.2693977
2014-06-12,2014-06-12 12:00:00,13,0.0,2.0145798
2014-06-12,2014-06-12 13:00:00,14,0.0,2.2203903
2014-06-12,2014-06-12 14:00:00,15,0.0,2.2023392
2014-06-12,2014-06-12 15:00:00,16,0.0,2.4269714
2014-06-12,2014-06-12 16:00:00,17,0.0,1.8902168
2014-06-12,2014-06-12 17:00:00,18,0.0,2.7342377
2014-06-12,2014-06-12 18:00:00,19,0.0,2.6096573
2014-06-12,2014-06-12 19:00:00,20,0.0,3.155201
2014-06-12,2014-06-12 20:00:00,21,0.0,2.9055138
2014-06-12,2014-06-12 21:00:00,22,0.0,3.2712212
2014-06-12,2014-06-12 22:00:00,23,0.0,3.491375
2014-06-12,2014-06-12 23:00:00,24,0.0,8.110859
2014-06-13,2014-06-13 00:00:00,1,203.125,203.65588
2014-06-13,2014-06-13 01:00:00,2,33.854168,17.097157
2014-06-13,2014-06-13 02:00:00,3,36.458332,14.393864
2014-06-13,2014-06-13 03:00:00,4,33.854168,21.216652
2014-06-13,2014-06-13 04:00:00,5,36.458332,21.029972
2014-06-13,2014-06-13 05:00:00,6,41.666668,84.68382
2014-06-13,2014-06-13 06:00:00,7,104.166664,114.241745
2014-06-13,2014-06-13 07:00:00,8,0.0,36.324905
2014-06-13,2014-06-13 08:00:00,9,0.0,34.17089
2014-06-13,2014-06-13 09:00:00,10,0.0,5.4514847
2014-06-13,2014-06-13 10:00:00,11,0.0,3.127491
2014-06-13,2014-06-13 11:00:00,12,0.0,3.263832
2014-06-13,2014-06-13 12:00:00,13,0.0,2.246952
2014-06-13,2014-06-13 13:00:00,14,0.0,1.6326218
2014-06-13,2014-06-13 14:00:00,15,0.0,62.030876
2014-06-13,2014-06-13 15:00:00,16,0.0,2.7150345
2014-06-13,2014-06-13 16:00:00,17,0.0,1.4902
2014-06-13,2014-06-13 17:00:00,18,0.0,0.90169907
2014-06-13,2014-06-13 18:00:00,19,0.0,2.007557
2014-06-13,2014-06-13 19:00:00,20,0.0,2.088932
2014-06-13,2014-06-13 20:00:00,21,0.0,2.4090157
2014-06-13,2014-06-13 21:00:00,22,0.0,2.860569
2014-06-13,2014-06-13 22:00:00,23,0.0,2.4536629
2014-06-13,2014-06-13 23:00:00,24,0.0,2.811798
2014-06-14,2014-06-14 00:00:00,1,216.14583,162.46939
2014-06-14,2014-06-14 01:00:00,2,36.458332,17.660194
2014-06-14,2014-06-14 02:00:00,3,39.0625,12.046814
2014-06-14,2014-06-14 03:00:00,4,39.0625,11.461086
2014-06-14,2014-06-14 04:00:00,5,39.0625,12.09354
2014-06-14,2014-06-14 05:00:00,6,39.0625,38.63876
2014-06-14,2014-06-14 06:00:00,7,80.729164,100.84732
2014-06-14,2014-06-14 07:00:00,8,65.104164,21.283669
2014-06-14,2014-06-14 08:00:00,9,122.395836,8.687496
2014-06-14,2014-06-14 09:00:00,10,0.0,6.736698
2014-06-14,2014-06-14 10:00:00,11,0.0,4.1435013
2014-06-14,2014-06-14 11:00:00,12,0.0,4.0754776
2014-06-14,2014-06-14 12:00:00,13,0.0,4.1994553
2014-06-14,2014-06-14 13:00:00,14,0.0,5.8221893
2014-06-14,2014-06-14 14:00:00,15,205.72917,27.13432
2014-06-14,2014-06-14 15:00:00,16,39.0625,15.113667
2014-06-14,2014-06-14 16:00:00,17,39.0625,14.486584
2014-06-14,2014-06-14 17:00:00,18,36.458332,16.56557
2014-06-14,2014-06-14 18:00:00,19,39.0625,24.039383
2014-06-14,2014-06-14 19:00:00,20,88.541664,32.480125
2014-06-14,2014-06-14 20:00:00,21,0.0,47.525993
2014-06-14,2014-06-14 21:00:00,22,0.0,59.88224
2014-06-14,2014-06-14 22:00:00,23,213.54167,64.03299
2014-06-14,2014-06-14 23:00:00,24,36.458332,83.181816
2014-06-15,2014-06-15 00:00:00,1,36.458332,161.80817
2014-06-15,2014-06-15 01:00:00,2,44.270832,95.027214
2014-06-15,2014-06-15 02:00:00,3,36.458332,85.83252
2014-06-15,2014-06-15 03:00:00,4,33.854168,82.47412
2014-06-15,2014-06-15 04:00:00,5,33.854168,78.93615
2014-06-15,2014-06-15 05:00:00,6,98.958336,85.35589
2014-06-15,2014-06-15 06:00:00,7,83.333336,131.26196
2014-06-15,2014-06-15 07:00:00,8,72.916664,10.391903
2014-06-15,2014-06-15 08:00:00,9,91.145836,3.448227
2014-06-15,2014-06-15 09:00:00,10,111.979164,3.151699
2014-06-15,2014-06-15 10:00:00,11,111.979164,1.499958
2014-06-15,2014-06-15 11:00:00,12,91.145836,1.6444397
2014-06-15,2014-06-15 12:00:00,13,80.729164,1.2720413
2014-06-15,2014-06-15 13:00:00,14,85.9375,1.3774605
2014-06-15,2014-06-15 14:00:00,15,111.979164,1.9672508
2014-06-15,2014-06-15 15:00:00,16,114.583336,1.3037491
2014-06-15,2014-06-15 16:00:00,17,109.375,0.9620056
2014-06-15,2014-06-15 17:00:00,18,80.729164,0.85515976
2014-06-15,2014-06-15 18:00:00,19,83.333336,1.5452538
2014-06-15,2014-06-15 19:00:00,20,96.354164,1.7812843
2014-06-15,2014-06-15 20:00:00,21,111.979164,1.7876129
2014-06-15,2014-06-15 21:00:00,22,114.583336,2.64579
2014-06-15,2014-06-15 22:00:00,23,109.375,3.3015518
2014-06-15,2014-06-15 23:00:00,24,96.354164,4.054573
2014-06-16,2014-06-16 00:00:00,1,93.75,117.271385
2014-06-16,2014-06-16 01:00:00,2,101.5625,107.183075
2014-06-16,2014-06-16 02:00:00,3,122.395836,103.13968
2014-06-16,2014-06-16 03:00:00,4,119.791664,102.921814
2014-06-16,2014-06-16 04:00:00,5,127.604164,105.6296
2014-06-16,2014-06-16 05:00:00,6,106.770836,108.75081
2014-06-16,2014-06-16 06:00:00,7,177.08333,115.42236
2014-06-16,2014-06-16 07:00:00,8,39.0625,82.13
2014-06-16,2014-06-16 08:00:00,9,0.0,67.67289
2014-06-16,2014-06-16 09:00:00,10,0.0,56.869984
2014-06-16,2014-06-16 10:00:00,11,0.0,54.739468
2014-06-16,2014-06-16 11:00:00,12,0.0,41.42674
2014-06-16,2014-06-16 12:00:00,13,0.0,37.036247
2014-06-16,2014-06-16 13:00:00,14,0.0,41.811684
2014-06-16,2014-06-16 14:00:00,15,0.0,49.744232
2014-06-16,2014-06-16 15:00:00,16,0.0,43.71193
2014-06-16,2014-06-16 16:00:00,17,0.0,35.49793
2014-06-16,2014-06-16 17:00:00,18,0.0,30.375492
2014-06-16,2014-06-16 18:00:00,19,0.0,34.45593
2014-06-16,2014-06-16 19:00:00,20,0.0,36.336594
2014-06-16,2014-06-16 20:00:00,21,0.0,30.753088
2014-06-16,2014-06-16 21:00:00,22,0.0,30.503263
2014-06-16,2014-06-16 22:00:00,23,0.0,48.277172
2014-06-16,2014-06-16 23:00:00,24,0.0,40.600105
2014-06-17,2014-06-17 00:00:00,1,208.33333,195.83392
2014-06-17,2014-06-17 01:00:00,2,39.0625,39.598423
2014-06-17,2014-06-17 02:00:00,3,39.0625,31.948143
2014-06-17,2014-06-17 03:00:00,4,36.458332,37.792828
2014-06-17,2014-06-17 04:00:00,5,39.0625,36.98954
2014-06-17,2014-06-17 05:00:00,6,39.0625,56.99006
2014-06-17,2014-06-17 06:00:00,7,75.520836,114.07743
2014-06-17,2014-06-17 07:00:00,8,0.0,11.792267
2014-06-17,2014-06-17 08:00:00,9,0.0,1.6892166
2014-06-17,2014-06-17 09:00:00,10,0.0,2.6684227
2014-06-17,2014-06-17 10:00:00,11,0.0,1.1600876
2014-06-17,2014-06-17 11:00:00,12,0.0,1.6916962
2014-06-17,2014-06-17 12:00:00,13,0.0,0.92858887
2014-06-17,2014-06-17 13:00:00,14,0.0,1.3250885
2014-06-17,2014-06-17 14:00:00,15,0.0,1.0824928
2014-06-17,2014-06-17 15:00:00,16,0.0,1.4371834
2014-06-17,2014-06-17 16:00:00,17,0.0,0.7812309
2014-06-17,2014-06-17 17:00:00,18,0.0,0.5752373
2014-06-17,2014-06-17 18:00:00,19,0.0,0.9600067
2014-06-17,2014-06-17 19:00:00,20,0.0,1.4558487
2014-06-17,2014-06-17 20:00:00,21,0.0,1.2080574
2014-06-17,2014-06-17 21:00:00,22,0.0,1.0505371
2014-06-17,2014-06-17 22:00:00,23,0.0,0.46693802
2014-06-17,2014-06-17 23:00:00,24,0.0,0.7224655
2014-06-18,2014-06-18 00:00:00,1,210.9375,183.47232
2014-06-18,2014-06-18 01:00:00,2,33.854168,27.90876
2014-06-18,2014-06-18 02:00:00,3,36.458332,27.587646
2014-06-18,2014-06-18 03:00:00,4,33.854168,32.97899
2014-06-18,2014-06-18 04:00:00,5,36.458332,29.684921
2014-06-18,2014-06-18 05:00:00,6,39.0625,36.086987
2014-06-18,2014-06-18 06:00:00,7,184.89583,89.98212
2014-06-18,2014-06-18 07:00:00,8,0.0,1.3019447
2014-06-18,2014-06-18 08:00:00,9,0.0,0.9449997
2014-06-18,2014-06-18 09:00:00,10,0.0,1.4009361
2014-06-18,2014-06-18 10:00:00,11,0.0,1.0858765
2014-06-18,2014-06-18 11:00:00,12,0.0,1.2299919
2014-06-18,2014-06-18 12:00:00,13,0.0,0.7662506
2014-06-18,2014-06-18 13:00:00,14,0.0,1.2725487
2014-06-18,2014-06-18 14:00:00,15,0.0,0.86397934
2014-06-18,2014-06-18 15:00:00,16,0.0,0.88274384
2014-06-18,2014-06-18 16:00:00,17,0.0,0.73862076
2014-06-18,2014-06-18 17:00:00,18,0.0,0.757267
2014-06-18,2014-06-18 18:00:00,19,0.0,1.040432
2014-06-18,2014-06-18 19:00:00,20,0.0,1.0449333
2014-06-18,2014-06-18 20:00:00,21,0.0,0.94390106
2014-06-18,2014-06-18 21:00:00,22,0.0,0.7883415
2014-06-18,2014-06-18 22:00:00,23,0.0,0.29693604
2014-06-18,2014-06-18 23:00:00,24,0.0,-0.32487106
2014-06-19,2014-06-19 00:00:00,1,203.125,213.5076
2014-06-19,2014-06-19 01:00:00,2,31.25,37.602497
2014-06-19,2014-06-19 02:00:00,3,36.458332,36.098385
2014-06-19,2014-06-19 03:00:00,4,33.854168,39.904526
2014-06-19,2014-06-19 04:00:00,5,36.458332,39.039726
2014-06-19,2014-06-19 05:00:00,6,36.458332,45.283527
2014-06-19,2014-06-19 06:00:00,7,145.83333,106.54562
2014-06-19,2014-06-19 07:00:00,8,0.0,2.2757416
2014-06-19,2014-06-19 08:00:00,9,0.0,0.5296974
2014-06-19,2014-06-19 09:00:00,10,0.0,1.4137383
2014-06-19,2014-06-19 10:00:00,11,0.0,1.1496239
2014-06-19,2014-06-19 11:00:00,12,0.0,1.2956619
2014-06-19,2014-06-19 12:00:00,13,0.0,0.9282875
2014-06-19,2014-06-19 13:00:00,14,0.0,1.446991
2014-06-19,2014-06-19 14:00:00,15,0.0,1.0867348
2014-06-19,2014-06-19 15:00:00,16,0.0,0.94278336
2014-06-19,2014-06-19 16:00:00,17,0.0,1.0349693
2014-06-19,2014-06-19 17:00:00,18,0.0,0.9681206
2014-06-19,2014-06-19 18:00:00,19,0.0,1.3200569
2014-06-19,2014-06-19 19:00:00,20,0.0,1.4856911
2014-06-19,2014-06-19 20:00:00,21,153.64583,1.4857635
2014-06-19,2014-06-19 21:00:00,22,364.58334,1.5390396
2014-06-19,2014-06-19 22:00:00,23,328.125,0.9638901
2014-06-19,2014-06-19 23:00:00,24,41.666668,1.46492
2014-06-20,2014-06-20 00:00:00,1,33.854168,191.23705
2014-06-20,2014-06-20 01:00:00,2,33.854168,57.02609
2014-06-20,2014-06-20 02:00:00,3,44.270832,46.219173
2014-06-20,2014-06-20 03:00:00,4,106.770836,52.867176
2014-06-20,2014-06-20 04:00:00,5,88.541664,53.71193
2014-06-20,2014-06-20 05:00:00,6,101.5625,54.974346
2014-06-20,2014-06-20 06:00:00,7,119.791664,119.5137
2014-06-20,2014-06-20 07:00:00,8,156.25,6.9040413
2014-06-20,2014-06-20 08:00:00,9,119.791664,0.77028275
2014-06-20,2014-06-20 09:00:00,10,109.375,1.1059113
2014-06-20,2014-06-20 10:00:00,11,119.791664,0.7436676
2014-06-20,2014-06-20 11:00:00,12,156.25,0.6435623
2014-06-20,2014-06-20 12:00:00,13,125.0,0.33254242
2014-06-20,2014-06-20 13:00:00,14,106.770836,0.32395554
2014-06-20,2014-06-20 14:00:00,15,106.770836,0.42748642
2014-06-20,2014-06-20 15:00:00,16,148.4375,0.6190758
2014-06-20,2014-06-20 16:00:00,17,132.8125,0.5473175
2014-06-20,2014-06-20 17:00:00,18,111.979164,0.59067154
2014-06-20,2014-06-20 18:00:00,19,111.979164,1.1280518
2014-06-20,2014-06-20 19:00:00,20,119.791664,1.2408104
2014-06-20,2014-06-20 20:00:00,21,151.04167,1.1773415
2014-06-20,2014-06-20 21:00:00,22,135.41667,0.95111084
2014-06-20,2014-06-20 22:00:00,23,111.979164,0.43627548
2014-06-20,2014-06-20 23:00:00,24,111.979164,1.5553703
2014-06-21,2014-06-21 00:00:00,1,156.25,120.43152
2014-06-21,2014-06-21 01:00:00,2,125.0,118.10357
2014-06-21,2014-06-21 02:00:00,3,111.979164,117.63049
2014-06-21,2014-06-21 03:00:00,4,127.604164,118.060776
2014-06-21,2014-06-21 04:00:00,5,164.0625,119.78868
2014-06-21,2014-06-21 05:00:00,6,114.583336,121.97279
2014-06-21,2014-06-21 06:00:00,7,114.583336,122.57434
2014-06-21,2014-06-21 07:00:00,8,135.41667,123.244095
2014-06-21,2014-06-21 08:00:00,9,151.04167,121.68132
2014-06-21,2014-06-21 09:00:00,10,109.375,118.9914
2014-06-21,2014-06-21 10:00:00,11,106.770836,118.45329
2014-06-21,2014-06-21 11:00:00,12,140.625,118.776436
2014-06-21,2014-06-21 12:00:00,13,143.22917,117.568756
2014-06-21,2014-06-21 13:00:00,14,106.770836,118.62948
2014-06-21,2014-06-21 14:00:00,15,109.375,120.211334
2014-06-21,2014-06-21 15:00:00,16,156.25,118.9039
2014-06-21,2014-06-21 16:00:00,17,130.20833,118.35359
2014-06-21,2014-06-21 17:00:00,18,114.583336,113.53392
2014-06-21,2014-06-21 18:00:00,19,117.1875,112.735756
2014-06-21,2014-06-21 19:00:00,20,156.25,114.952736
2014-06-21,2014-06-21 20:00:00,21,132.8125,116.6693
2014-06-21,2014-06-21 21:00:00,22,109.375,114.669815
2014-06-21,2014-06-21 22:00:00,23,130.20833,114.82968
2014-06-21,2014-06-21 23:00:00,24,161.45833,113.48648
2014-06-22,2014-06-22 00:00:00,1,114.583336,139.19174
2014-06-22,2014-06-22 01:00:00,2,125.0,134.23053
2014-06-22,2014-06-22 02:00:00,3,151.04167,133.89856
2014-06-22,2014-06-22 03:00:00,4,143.22917,136.22372
2014-06-22,2014-06-22 04:00:00,5,119.791664,136.36938
2014-06-22,2014-06-22 05:00:00,6,145.83333,136.07666
2014-06-22,2014-06-22 06:00:00,7,138.02083,135.94382
2014-06-22,2014-06-22 07:00:00,8,119.791664,136.87273
2014-06-22,2014-06-22 08:00:00,9,166.66667,134.55722
2014-06-22,2014-06-22 09:00:00,10,111.979164,132.86115
2014-06-22,2014-06-22 10:00:00,11,111.979164,132.25038
2014-06-22,2014-06-22 11:00:00,12,158.85417,133.6534
2014-06-22,2014-06-22 12:00:00,13,114.583336,131.82076
2014-06-22,2014-06-22 13:00:00,14,106.770836,130.47464
2014-06-22,2014-06-22 14:00:00,15,138.02083,131.52473
2014-06-22,2014-06-22 15:00:00,16,143.22917,133.16292
2014-06-22,2014-06-22 16:00:00,17,109.375,127.0849
2014-06-22,2014-06-22 17:00:00,18,122.395836,113.76104
2014-06-22,2014-06-22 18:00:00,19,158.85417,115.864944
2014-06-22,2014-06-22 19:00:00,20,109.375,119.44043
2014-06-22,2014-06-22 20:00:00,21,119.791664,117.389
2014-06-22,2014-06-22 21:00:00,22,166.66667,109.76474
2014-06-22,2014-06-22 22:00:00,23,109.375,105.44397
2014-06-22,2014-06-22 23:00:00,24,114.583336,107.33385
2014-06-23,2014-06-23 00:00:00,1,177.08333,138.431
2014-06-23,2014-06-23 01:00:00,2,114.583336,132.79367
2014-06-23,2014-06-23 02:00:00,3,114.583336,132.89624
2014-06-23,2014-06-23 03:00:00,4,177.08333,131.47496
2014-06-23,2014-06-23 04:00:00,5,114.583336,131.17496
2014-06-23,2014-06-23 05:00:00,6,132.8125,134.91945
2014-06-23,2014-06-23 06:00:00,7,164.0625,138.56516
2014-06-23,2014-06-23 07:00:00,8,119.791664,119.65485
2014-06-23,2014-06-23 08:00:00,9,114.583336,111.88025
2014-06-23,2014-06-23 09:00:00,10,28.645834,112.54021
2014-06-23,2014-06-23 10:00:00,11,31.25,107.14396
2014-06-23,2014-06-23 11:00:00,12,28.645834,109.880554
2014-06-23,2014-06-23 12:00:00,13,33.854168,110.86757
2014-06-23,2014-06-23 13:00:00,14,184.89583,103.345566
2014-06-23,2014-06-23 14:00:00,15,187.5,102.27857
2014-06-23,2014-06-23 15:00:00,16,174.47917,110.7724
2014-06-23,2014-06-23 16:00:00,17,70.3125,77.472664
2014-06-23,2014-06-23 17:00:00,18,0.0,73.9746
2014-06-23,2014-06-23 18:00:00,19,36.458332,76.33633
2014-06-23,2014-06-23 19:00:00,20,39.0625,76.00188
2014-06-23,2014-06-23 20:00:00,21,0.0,83.804
2014-06-23,2014-06-23 21:00:00,22,0.0,90.27449
2014-06-23,2014-06-23 22:00:00,23,0.0,79.82114
2014-06-23,2014-06-23 23:00:00,24,0.0,84.131355
2014-06-24,2014-06-24 00:00:00,1,203.125,132.84254
2014-06-24,2014-06-24 01:00:00,2,36.458332,25.635109
2014-06-24,2014-06-24 02:00:00,3,36.458332,20.884579
2014-06-24,2014-06-24 03:00:00,4,36.458332,24.224503
2014-06-24,2014-06-24 04:00:00,5,44.270832,24.554863
2014-06-24,2014-06-24 05:00:00,6,98.958336,40.195496
2014-06-24,2014-06-24 06:00:00,7,88.541664,78.264984
2014-06-24,2014-06-24 07:00:00,8,0.0,6.1302032
2014-06-24,2014-06-24 08:00:00,9,0.0,3.354393
2014-06-24,2014-06-24 09:00:00,10,0.0,3.259369
2014-06-24,2014-06-24 10:00:00,11,0.0,2.835228
2014-06-24,2014-06-24 11:00:00,12,0.0,2.9554672
2014-06-24,2014-06-24 12:00:00,13,0.0,2.2144318
2014-06-24,2014-06-24 13:00:00,14,0.0,1.8914108
2014-06-24,2014-06-24 14:00:00,15,0.0,1.9610977
2014-06-24,2014-06-24 15:00:00,16,0.0,1.3335724
2014-06-24,2014-06-24 16:00:00,17,0.0,1.9644089
2014-06-24,2014-06-24 17:00:00,18,0.0,1.7447433
2014-06-24,2014-06-24 18:00:00,19,0.0,2.750084
2014-06-24,2014-06-24 19:00:00,20,0.0,2.7394333
2014-06-24,2014-06-24 20:00:00,21,0.0,3.0123215
2014-06-24,2014-06-24 21:00:00,22,0.0,3.4762344
2014-06-24,2014-06-24 22:00:00,23,0.0,2.785881
2014-06-24,2014-06-24 23:00:00,24,0.0,3.4099808
2014-06-25,2014-06-25 00:00:00,1,210.9375,149.67188
2014-06-25,2014-06-25 01:00:00,2,33.854168,24.109425
2014-06-25,2014-06-25 02:00:00,3,33.854168,17.182735
2014-06-25,2014-06-25 03:00:00,4,36.458332,19.902927
2014-06-25,2014-06-25 04:00:00,5,36.458332,22.299747
2014-06-25,2014-06-25 05:00:00,6,101.5625,50.674473
2014-06-25,2014-06-25 06:00:00,7,70.3125,113.42254
2014-06-25,2014-06-25 07:00:00,8,0.0,3.810707
2014-06-25,2014-06-25 08:00:00,9,0.0,2.7988129
2014-06-25,2014-06-25 09:00:00,10,0.0,3.5126038
2014-06-25,2014-06-25 10:00:00,11,0.0,3.0850601
2014-06-25,2014-06-25 11:00:00,12,0.0,3.616211
2014-06-25,2014-06-25 12:00:00,13,0.0,3.6349869
2014-06-25,2014-06-25 13:00:00,14,0.0,3.2416153
2014-06-25,2014-06-25 14:00:00,15,0.0,3.3676605
2014-06-25,2014-06-25 15:00:00,16,0.0,3.0642776
2014-06-25,2014-06-25 16:00:00,17,0.0,3.2845306
2014-06-25,2014-06-25 17:00:00,18,0.0,2.8230896
2014-06-25,2014-06-25 18:00:00,19,0.0,3.4192352
2014-06-25,2014-06-25 19:00:00,20,0.0,3.2845078
2014-06-25,2014-06-25 20:00:00,21,0.0,3.7640076
2014-06-25,2014-06-25 21:00:00,22,0.0,4.157013
2014-06-25,2014-06-25 22:00:00,23,0.0,3.2627945
2014-06-25,2014-06-25 23:00:00,24,0.0,3.9045258
2014-06-26,2014-06-26 00:00:00,1,200.52083,125.01053
2014-06-26,2014-06-26 01:00:00,2,33.854168,19.49577
2014-06-26,2014-06-26 02:00:00,3,33.854168,14.043823
2014-06-26,2014-06-26 03:00:00,4,33.854168,21.213692
2014-06-26,2014-06-26 04:00:00,5,33.854168,29.15044
2014-06-26,2014-06-26 05:00:00,6,114.583336,81.206825
2014-06-26,2014-06-26 06:00:00,7,78.125,80.89024
2014-06-26,2014-06-26 07:00:00,8,0.0,4.130699
2014-06-26,2014-06-26 08:00:00,9,0.0,1.8907776
2014-06-26,2014-06-26 09:00:00,10,0.0,2.390213
2014-06-26,2014-06-26 10:00:00,11,0.0,2.0632706
2014-06-26,2014-06-26 11:00:00,12,0.0,2.657196
2014-06-26,2014-06-26 12:00:00,13,0.0,2.1519012
2014-06-26,2014-06-26 13:00:00,14,0.0,2.0141678
2014-06-26,2014-06-26 14:00:00,15,0.0,2.220665
2014-06-26,2014-06-26 15:00:00,16,0.0,2.0137177
2014-06-26,2014-06-26 16:00:00,17,0.0,1.1531906
2014-06-26,2014-06-26 17:00:00,18,0.0,0.73223877
2014-06-26,2014-06-26 18:00:00,19,0.0,0.98721313
2014-06-26,2014-06-26 19:00:00,20,0.0,1.3667603
2014-06-26,2014-06-26 20:00:00,21,0.0,1.085907
2014-06-26,2014-06-26 21:00:00,22,0.0,0.58005524
2014-06-26,2014-06-26 22:00:00,23,0.0,1.3770294
2014-06-26,2014-06-26 23:00:00,24,0.0,2.2599182
2014-06-27,2014-06-27 00:00:00,1,208.33333,150.68918
2014-06-27,2014-06-27 01:00:00,2,36.458332,18.948456
2014-06-27,2014-06-27 02:00:00,3,36.458332,14.090851
2014-06-27,2014-06-27 03:00:00,4,41.666668,19.04171
2014-06-27,2014-06-27 04:00:00,5,36.458332,24.405014
2014-06-27,2014-06-27 05:00:00,6,96.354164,79.669174
2014-06-27,2014-06-27 06:00:00,7,88.541664,62.46417
2014-06-27,2014-06-27 07:00:00,8,0.0,12.092365
2014-06-27,2014-06-27 08:00:00,9,0.0,4.0583878
2014-06-27,2014-06-27 09:00:00,10,0.0,3.8444366
2014-06-27,2014-06-27 10:00:00,11,0.0,2.5892563
2014-06-27,2014-06-27 11:00:00,12,0.0,2.7773438
2014-06-27,2014-06-27 12:00:00,13,0.0,1.934288
2014-06-27,2014-06-27 13:00:00,14,0.0,1.3274155
2014-06-27,2014-06-27 14:00:00,15,0.0,2.2172928
2014-06-27,2014-06-27 15:00:00,16,0.0,1.9436111
2014-06-27,2014-06-27 16:00:00,17,0.0,3.2514877
2014-06-27,2014-06-27 17:00:00,18,0.0,1.588211
2014-06-27,2014-06-27 18:00:00,19,0.0,1.4634018
2014-06-27,2014-06-27 19:00:00,20,0.0,1.3898697
2014-06-27,2014-06-27 20:00:00,21,0.0,1.4428635
2014-06-27,2014-06-27 21:00:00,22,0.0,2.021759
2014-06-27,2014-06-27 22:00:00,23,0.0,1.9889679
2014-06-27,2014-06-27 23:00:00,24,0.0,2.3443527
2014-06-28,2014-06-28 00:00:00,1,203.125,87.05976
2014-06-28,2014-06-28 01:00:00,2,33.854168,16.605057
2014-06-28,2014-06-28 02:00:00,3,36.458332,19.34668
2014-06-28,2014-06-28 03:00:00,4,33.854168,26.529316
2014-06-28,2014-06-28 04:00:00,5,33.854168,32.863884
2014-06-28,2014-06-28 05:00:00,6,70.3125,41.68493
2014-06-28,2014-06-28 06:00:00,7,85.9375,34.367233
2014-06-28,2014-06-28 07:00:00,8,106.770836,20.697819
2014-06-28,2014-06-28 08:00:00,9,153.64583,22.101997
2014-06-28,2014-06-28 09:00:00,10,0.0,15.395527
2014-06-28,2014-06-28 10:00:00,11,0.0,12.668755
2014-06-28,2014-06-28 11:00:00,12,0.0,16.923752
2014-06-28,2014-06-28 12:00:00,13,0.0,13.968975
2014-06-28,2014-06-28 13:00:00,14,0.0,12.287174
2014-06-28,2014-06-28 14:00:00,15,216.14583,16.33434
2014-06-28,2014-06-28 15:00:00,16,36.458332,24.79451
2014-06-28,2014-06-28 16:00:00,17,36.458332,27.646645
2014-06-28,2014-06-28 17:00:00,18,36.458332,27.00824
2014-06-28,2014-06-28 18:00:00,19,36.458332,30.256702
2014-06-28,2014-06-28 19:00:00,20,57.291668,32.335117
2014-06-28,2014-06-28 20:00:00,21,0.0,32.224377
2014-06-28,2014-06-28 21:00:00,22,0.0,34.066
2014-06-28,2014-06-28 22:00:00,23,200.52083,30.75224
2014-06-28,2014-06-28 23:00:00,24,36.458332,37.91763
2014-06-29,2014-06-29 00:00:00,1,39.0625,62.763004
2014-06-29,2014-06-29 01:00:00,2,36.458332,64.96393
2014-06-29,2014-06-29 02:00:00,3,39.0625,71.19347
2014-06-29,2014-06-29 03:00:00,4,109.375,72.96776
2014-06-29,2014-06-29 04:00:00,5,114.583336,73.46907
2014-06-29,2014-06-29 05:00:00,6,104.166664,79.488144
2014-06-29,2014-06-29 06:00:00,7,109.375,79.01524
2014-06-29,2014-06-29 07:00:00,8,138.02083,79.72719
2014-06-29,2014-06-29 08:00:00,9,138.02083,75.35807
2014-06-29,2014-06-29 09:00:00,10,104.166664,59.93363
2014-06-29,2014-06-29 10:00:00,11,125.0,51.163322
2014-06-29,2014-06-29 11:00:00,12,153.64583,51.756554
2014-06-29,2014-06-29 12:00:00,13,106.770836,54.68222
2014-06-29,2014-06-29 13:00:00,14,109.375,58.656494
2014-06-29,2014-06-29 14:00:00,15,132.8125,69.03816
2014-06-29,2014-06-29 15:00:00,16,151.04167,69.848595
2014-06-29,2014-06-29 16:00:00,17,117.1875,59.91504
2014-06-29,2014-06-29 17:00:00,18,114.583336,62.258392
2014-06-29,2014-06-29 18:00:00,19,114.583336,64.23793
2014-06-29,2014-06-29 19:00:00,20,161.45833,59.170845
2014-06-29,2014-06-29 20:00:00,21,122.395836,56.72162
2014-06-29,2014-06-29 21:00:00,22,117.1875,59.682655
2014-06-29,2014-06-29 22:00:00,23,151.04167,60.70889
2014-06-29,2014-06-29 23:00:00,24,132.8125,64.55927
2014-06-30,2014-06-30 00:00:00,1,117.1875,138.45547
2014-06-30,2014-06-30 01:00:00,2,158.85417,133.87953
2014-06-30,2014-06-30 02:00:00,3,130.20833,133.22673
2014-06-30,2014-06-30 03:00:00,4,119.791664,138.25629
2014-06-30,2014-06-30 04:00:00,5,171.875,138.37254
2014-06-30,2014-06-30 05:00:00,6,125.0,141.0342
2014-06-30,2014-06-30 06:00:00,7,182.29167,142.70605
2014-06-30,2014-06-30 07:00:00,8,0.0,140.7926
2014-06-30,2014-06-30 08:00:00,9,0.0,134.31413
2014-06-30,2014-06-30 09:00:00,10,0.0,115.14331
2014-06-30,2014-06-30 10:00:00,11,0.0,108.356674
2014-06-30,2014-06-30 11:00:00,12,0.0,105.07593
2014-06-30,2014-06-30 12:00:00,13,0.0,108.34702
2014-06-30,2014-06-30 13:00:00,14,0.0,136.37558
2014-06-30,2014-06-30 14:00:00,15,0.0,143.2409
2014-06-30,2014-06-30 15:00:00,16,0.0,136.68526
2014-06-30,2014-06-30 16:00:00,17,0.0,61.204163
2014-06-30,2014-06-30 17:00:00,18,0.0,19.826176
2014-06-30,2014-06-30 18:00:00,19,0.0,25.326757
2014-06-30,2014-06-30 19:00:00,20,0.0,21.10822
2014-06-30,2014-06-30 20:00:00,21,0.0,5.0787277
2014-06-30,2014-06-30 21:00:00,22,0.0,4.496952
2014-06-30,2014-06-30 22:00:00,23,0.0,2.2553444
2014-06-30,2014-06-30 23:00:00,24,0.0,7.8759727
2014-07-01,2014-07-01 00:00:00,1,208.33333,207.97765
2014-07-01,2014-07-01 01:00:00,2,36.458332,30.59971
2014-07-01,2014-07-01 02:00:00,3,33.854168,28.4514
2014-07-01,2014-07-01 03:00:00,4,36.458332,34.247658
2014-07-01,2014-07-01 04:00:00,5,44.270832,35.77861
2014-07-01,2014-07-01 05:00:00,6,98.958336,94.99722
2014-07-01,2014-07-01 06:00:00,7,101.5625,79.80207
2014-07-01,2014-07-01 07:00:00,8,0.0,2.0968895
2014-07-01,2014-07-01 08:00:00,9,0.0,0.8971977
2014-07-01,2014-07-01 09:00:00,10,0.0,1.6978111
2014-07-01,2014-07-01 10:00:00,11,0.0,1.3078957
2014-07-01,2014-07-01 11:00:00,12,0.0,1.6152763
2014-07-01,2014-07-01 12:00:00,13,0.0,1.3805618
2014-07-01,2014-07-01 13:00:00,14,0.0,1.2932472
2014-07-01,2014-07-01 14:00:00,15,0.0,1.4355545
2014-07-01,2014-07-01 15:00:00,16,0.0,1.3735046
2014-07-01,2014-07-01 16:00:00,17,0.0,1.03685
2014-07-01,2014-07-01 17:00:00,18,0.0,1.373249
2014-07-01,2014-07-01 18:00:00,19,0.0,1.5004425
2014-07-01,2014-07-01 19:00:00,20,0.0,1.2132416
2014-07-01,2014-07-01 20:00:00,21,0.0,1.0347404
2014-07-01,2014-07-01 21:00:00,22,0.0,0.863369
2014-07-01,2014-07-01 22:00:00,23,0.0,0.33382034
2014-07-01,2014-07-01 23:00:00,24,0.0,-0.20539856
2014-07-02,2014-07-02 00:00:00,1,197.91667,199.08643
2014-07-02,2014-07-02 01:00:00,2,33.854168,34.874496
2014-07-02,2014-07-02 02:00:00,3,36.458332,33.011585
2014-07-02,2014-07-02 03:00:00,4,36.458332,37.55564
2014-07-02,2014-07-02 04:00:00,5,36.458332,36.726177
2014-07-02,2014-07-02 05:00:00,6,104.166664,104.27182
2014-07-02,2014-07-02 06:00:00,7,104.166664,84.45226
2014-07-02,2014-07-02 07:00:00,8,0.0,1.4583244
2014-07-02,2014-07-02 08:00:00,9,0.0,0.8843422
2014-07-02,2014-07-02 09:00:00,10,0.0,1.6333656
2014-07-02,2014-07-02 10:00:00,11,0.0,1.1504593
2014-07-02,2014-07-02 11:00:00,12,36.458332,1.3202133
2014-07-02,2014-07-02 12:00:00,13,0.0,1.2146149
2014-07-02,2014-07-02 13:00:00,14,0.0,1.0808067
2014-07-02,2014-07-02 14:00:00,15,109.375,1.2280693
2014-07-02,2014-07-02 15:00:00,16,0.0,0.8714485
2014-07-02,2014-07-02 16:00:00,17,0.0,0.87841797
2014-07-02,2014-07-02 17:00:00,18,0.0,1.4437561
2014-07-02,2014-07-02 18:00:00,19,0.0,1.2680511
2014-07-02,2014-07-02 19:00:00,20,0.0,1.0615082
2014-07-02,2014-07-02 20:00:00,21,0.0,1.1655121
2014-07-02,2014-07-02 21:00:00,22,0.0,0.9831085
2014-07-02,2014-07-02 22:00:00,23,0.0,0.58473206
2014-07-02,2014-07-02 23:00:00,24,0.0,-0.0064086914
2014-07-03,2014-07-03 00:00:00,1,205.72917,201.50475
2014-07-03,2014-07-03 01:00:00,2,33.854168,36.844173
2014-07-03,2014-07-03 02:00:00,3,33.854168,35.148632
2014-07-03,2014-07-03 03:00:00,4,36.458332,42.30454
2014-07-03,2014-07-03 04:00:00,5,33.854168,41.256916
2014-07-03,2014-07-03 05:00:00,6,67.708336,100.9653
2014-07-03,2014-07-03 06:00:00,7,104.166664,93.97708
2014-07-03,2014-07-03 07:00:00,8,0.0,2.2250137
2014-07-03,2014-07-03 08:00:00,9,0.0,0.33169937
2014-07-03,2014-07-03 09:00:00,10,0.0,1.4089966
2014-07-03,2014-07-03 10:00:00,11,0.0,0.76865005
2014-07-03,2014-07-03 11:00:00,12,0.0,1.1844597
2014-07-03,2014-07-03 12:00:00,13,0.0,0.5147095
2014-07-03,2014-07-03 13:00:00,14,0.0,0.6727066
2014-07-03,2014-07-03 14:00:00,15,0.0,1.1226921
2014-07-03,2014-07-03 15:00:00,16,0.0,0.31116867
2014-07-03,2014-07-03 16:00:00,17,0.0,0.32226562
2014-07-03,2014-07-03 17:00:00,18,0.0,0.94446945
2014-07-03,2014-07-03 18:00:00,19,0.0,0.8193474
2014-07-03,2014-07-03 19:00:00,20,0.0,0.69543076
2014-07-03,2014-07-03 20:00:00,21,0.0,0.5516815
2014-07-03,2014-07-03 21:00:00,22,0.0,0.42082214
2014-07-03,2014-07-03 22:00:00,23,0.0,0.11608124
2014-07-03,2014-07-03 23:00:00,24,0.0,0.258255
2014-07-04,2014-07-04 00:00:00,1,200.52083,200.59824
2014-07-04,2014-07-04 01:00:00,2,36.458332,33.557064
2014-07-04,2014-07-04 02:00:00,3,33.854168,24.29328
2014-07-04,2014-07-04 03:00:00,4,36.458332,31.781345
2014-07-04,2014-07-04 04:00:00,5,36.458332,34.39802
2014-07-04,2014-07-04 05:00:00,6,52.083332,87.657715
2014-07-04,2014-07-04 06:00:00,7,135.41667,92.19008
2014-07-04,2014-07-04 07:00:00,8,31.25,1.9295464
2014-07-04,2014-07-04 08:00:00,9,0.0,0.38546753
2014-07-04,2014-07-04 09:00:00,10,0.0,1.1423569
2014-07-04,2014-07-04 10:00:00,11,0.0,0.6262665
2014-07-04,2014-07-04 11:00:00,12,0.0,1.1879234
2014-07-04,2014-07-04 12:00:00,13,0.0,0.8605881
2014-07-04,2014-07-04 13:00:00,14,0.0,0.25239182
2014-07-04,2014-07-04 14:00:00,15,0.0,9.595161
2014-07-04,2014-07-04 15:00:00,16,0.0,-0.14210892
2014-07-04,2014-07-04 16:00:00,17,0.0,0.7694855
2014-07-04,2014-07-04 17:00:00,18,0.0,0.66264343
2014-07-04,2014-07-04 18:00:00,19,0.0,0.9002533
2014-07-04,2014-07-04 19:00:00,20,0.0,0.81204224
2014-07-04,2014-07-04 20:00:00,21,0.0,0.60237885
2014-07-04,2014-07-04 21:00:00,22,0.0,0.71489334
2014-07-04,2014-07-04 22:00:00,23,0.0,0.19225693
2014-07-04,2014-07-04 23:00:00,24,0.0,-0.15680313
2014-07-05,2014-07-05 00:00:00,1,208.33333,143.0458
2014-07-05,2014-07-05 01:00:00,2,33.854168,26.462442
2014-07-05,2014-07-05 02:00:00,3,33.854168,19.19537
2014-07-05,2014-07-05 03:00:00,4,33.854168,32.291744
2014-07-05,2014-07-05 04:00:00,5,36.458332,45.78748
2014-07-05,2014-07-05 05:00:00,6,80.729164,80.64833
2014-07-05,2014-07-05 06:00:00,7,91.145836,109.174515
2014-07-05,2014-07-05 07:00:00,8,98.958336,114.90747
2014-07-05,2014-07-05 08:00:00,9,158.85417,107.97943
2014-07-05,2014-07-05 09:00:00,10,0.0,27.557512
2014-07-05,2014-07-05 10:00:00,11,0.0,21.085518
2014-07-05,2014-07-05 11:00:00,12,0.0,24.740402
2014-07-05,2014-07-05 12:00:00,13,0.0,17.124405
2014-07-05,2014-07-05 13:00:00,14,0.0,25.221636
2014-07-05,2014-07-05 14:00:00,15,203.125,130.56058
2014-07-05,2014-07-05 15:00:00,16,39.0625,76.30902
2014-07-05,2014-07-05 16:00:00,17,49.479168,70.45431
2014-07-05,2014-07-05 17:00:00,18,39.0625,65.51333
2014-07-05,2014-07-05 18:00:00,19,36.458332,62.330482
2014-07-05,2014-07-05 19:00:00,20,46.875,76.11848
2014-07-05,2014-07-05 20:00:00,21,0.0,68.913734
2014-07-05,2014-07-05 21:00:00,22,0.0,69.487656
2014-07-05,2014-07-05 22:00:00,23,210.9375,111.396454
2014-07-05,2014-07-05 23:00:00,24,36.458332,101.03547
2014-07-06,2014-07-06 00:00:00,1,36.458332,73.009445
2014-07-06,2014-07-06 01:00:00,2,36.458332,78.09111
2014-07-06,2014-07-06 02:00:00,3,33.854168,87.65962
2014-07-06,2014-07-06 03:00:00,4,72.916664,105.918594
2014-07-06,2014-07-06 04:00:00,5,88.541664,116.4474
2014-07-06,2014-07-06 05:00:00,6,104.166664,119.22255
2014-07-06,2014-07-06 06:00:00,7,130.20833,123.010666
2014-07-06,2014-07-06 07:00:00,8,132.8125,126.10213
2014-07-06,2014-07-06 08:00:00,9,109.375,120.59918
2014-07-06,2014-07-06 09:00:00,10,101.5625,115.509705
2014-07-06,2014-07-06 10:00:00,11,114.583336,114.752884
2014-07-06,2014-07-06 11:00:00,12,153.64583,115.91319
2014-07-06,2014-07-06 12:00:00,13,106.770836,114.99922
2014-07-06,2014-07-06 13:00:00,14,101.5625,117.87288
2014-07-06,2014-07-06 14:00:00,15,148.4375,121.42854
2014-07-06,2014-07-06 15:00:00,16,127.604164,120.986786
2014-07-06,2014-07-06 16:00:00,17,111.979164,113.28659
2014-07-06,2014-07-06 17:00:00,18,106.770836,115.17114
2014-07-06,2014-07-06 18:00:00,19,151.04167,115.249084
2014-07-06,2014-07-06 19:00:00,20,125.0,119.23543
2014-07-06,2014-07-06 20:00:00,21,109.375,119.336945
2014-07-06,2014-07-06 21:00:00,22,143.22917,118.578735
2014-07-06,2014-07-06 22:00:00,23,132.8125,123.19389
2014-07-06,2014-07-06 23:00:00,24,114.583336,126.089264
2014-07-07,2014-07-07 00:00:00,1,164.0625,142.4996
2014-07-07,2014-07-07 01:00:00,2,122.395836,130.06293
2014-07-07,2014-07-07 02:00:00,3,122.395836,124.26512
2014-07-07,2014-07-07 03:00:00,4,177.08333,127.53411
2014-07-07,2014-07-07 04:00:00,5,122.395836,129.32866
2014-07-07,2014-07-07 05:00:00,6,158.85417,132.83975
2014-07-07,2014-07-07 06:00:00,7,151.04167,134.05458
2014-07-07,2014-07-07 07:00:00,8,0.0,20.495443
2014-07-07,2014-07-07 08:00:00,9,0.0,2.2349052
2014-07-07,2014-07-07 09:00:00,10,0.0,0.22261429
2014-07-07,2014-07-07 10:00:00,11,0.0,-0.92131424
2014-07-07,2014-07-07 11:00:00,12,0.0,-0.83698654
2014-07-07,2014-07-07 12:00:00,13,0.0,-0.34812546
2014-07-07,2014-07-07 13:00:00,14,0.0,0.3632126
2014-07-07,2014-07-07 14:00:00,15,0.0,-0.20433426
2014-07-07,2014-07-07 15:00:00,16,0.0,0.48285294
2014-07-07,2014-07-07 16:00:00,17,0.0,0.48257828
2014-07-07,2014-07-07 17:00:00,18,0.0,0.12306976
2014-07-07,2014-07-07 18:00:00,19,0.0,0.61608124
2014-07-07,2014-07-07 19:00:00,20,0.0,0.58937454
2014-07-07,2014-07-07 20:00:00,21,0.0,0.44575882
2014-07-07,2014-07-07 21:00:00,22,0.0,0.659729
2014-07-07,2014-07-07 22:00:00,23,0.0,0.34776306
2014-07-07,2014-07-07 23:00:00,24,0.0,1.5715828
2014-07-08,2014-07-08 00:00:00,1,203.125,203.92715
2014-07-08,2014-07-08 01:00:00,2,39.0625,25.91994
2014-07-08,2014-07-08 02:00:00,3,36.458332,22.301771
2014-07-08,2014-07-08 03:00:00,4,36.458332,30.712318
2014-07-08,2014-07-08 04:00:00,5,33.854168,32.048573
2014-07-08,2014-07-08 05:00:00,6,122.395836,74.75989
2014-07-08,2014-07-08 06:00:00,7,111.979164,101.33794
2014-07-08,2014-07-08 07:00:00,8,0.0,4.384346
2014-07-08,2014-07-08 08:00:00,9,0.0,0.8859329
2014-07-08,2014-07-08 09:00:00,10,0.0,1.2143059
2014-07-08,2014-07-08 10:00:00,11,0.0,0.8487053
2014-07-08,2014-07-08 11:00:00,12,0.0,1.475193
2014-07-08,2014-07-08 12:00:00,13,0.0,0.94363403
2014-07-08,2014-07-08 13:00:00,14,0.0,1.3485603
2014-07-08,2014-07-08 14:00:00,15,0.0,1.1956215
2014-07-08,2014-07-08 15:00:00,16,0.0,1.0561409
2014-07-08,2014-07-08 16:00:00,17,0.0,0.8657341
2014-07-08,2014-07-08 17:00:00,18,0.0,0.79748154
2014-07-08,2014-07-08 18:00:00,19,0.0,1.3290901
2014-07-08,2014-07-08 19:00:00,20,0.0,1.1460724
2014-07-08,2014-07-08 20:00:00,21,0.0,0.81674576
2014-07-08,2014-07-08 21:00:00,22,0.0,0.6559868
2014-07-08,2014-07-08 22:00:00,23,0.0,0.028865814
2014-07-08,2014-07-08 23:00:00,24,0.0,-0.6270256
2014-07-09,2014-07-09 00:00:00,1,210.9375,197.13751
2014-07-09,2014-07-09 01:00:00,2,33.854168,35.180027
2014-07-09,2014-07-09 02:00:00,3,36.458332,31.497303
2014-07-09,2014-07-09 03:00:00,4,36.458332,38.726543
2014-07-09,2014-07-09 04:00:00,5,36.458332,33.06453
2014-07-09,2014-07-09 05:00:00,6,65.104164,83.09868
2014-07-09,2014-07-09 06:00:00,7,106.770836,112.1983
2014-07-09,2014-07-09 07:00:00,8,0.0,2.9400597
2014-07-09,2014-07-09 08:00:00,9,0.0,1.2314491
2014-07-09,2014-07-09 09:00:00,10,0.0,1.603302
2014-07-09,2014-07-09 10:00:00,11,0.0,1.1011581
2014-07-09,2014-07-09 11:00:00,12,0.0,1.6172256
2014-07-09,2014-07-09 12:00:00,13,0.0,0.93968964
2014-07-09,2014-07-09 13:00:00,14,0.0,1.2932892
2014-07-09,2014-07-09 14:00:00,15,0.0,0.8868065
2014-07-09,2014-07-09 15:00:00,16,0.0,0.8216324
2014-07-09,2014-07-09 16:00:00,17,0.0,1.1713448
2014-07-09,2014-07-09 17:00:00,18,0.0,1.0756454
2014-07-09,2014-07-09 18:00:00,19,0.0,1.4535713
2014-07-09,2014-07-09 19:00:00,20,0.0,1.3309402
2014-07-09,2014-07-09 20:00:00,21,0.0,1.1626472
2014-07-09,2014-07-09 21:00:00,22,0.0,1.0798607
2014-07-09,2014-07-09 22:00:00,23,0.0,0.56150055
2014-07-09,2014-07-09 23:00:00,24,0.0,0.108760834
2014-07-10,2014-07-10 00:00:00,1,205.72917,205.52661
2014-07-10,2014-07-10 01:00:00,2,33.854168,36.108418
2014-07-10,2014-07-10 02:00:00,3,36.458332,30.955505
2014-07-10,2014-07-10 03:00:00,4,33.854168,35.895386
2014-07-10,2014-07-10 04:00:00,5,33.854168,34.185787
2014-07-10,2014-07-10 05:00:00,6,39.0625,78.539024
2014-07-10,2014-07-10 06:00:00,7,109.375,112.649414
2014-07-10,2014-07-10 07:00:00,8,0.0,7.510391
2014-07-10,2014-07-10 08:00:00,9,0.0,0.816391
2014-07-10,2014-07-10 09:00:00,10,0.0,1.4799156
2014-07-10,2014-07-10 10:00:00,11,0.0,1.0799141
2014-07-10,2014-07-10 11:00:00,12,57.291668,1.3919373
2014-07-10,2014-07-10 12:00:00,13,0.0,1.1460114
2014-07-10,2014-07-10 13:00:00,14,0.0,1.6240463
2014-07-10,2014-07-10 14:00:00,15,0.0,1.1340523
2014-07-10,2014-07-10 15:00:00,16,0.0,0.9973755
2014-07-10,2014-07-10 16:00:00,17,0.0,0.9509163
2014-07-10,2014-07-10 17:00:00,18,0.0,0.91579056
2014-07-10,2014-07-10 18:00:00,19,0.0,1.2787743
2014-07-10,2014-07-10 19:00:00,20,0.0,1.0288773
2014-07-10,2014-07-10 20:00:00,21,0.0,0.85985184
2014-07-10,2014-07-10 21:00:00,22,0.0,0.7685623
2014-07-10,2014-07-10 22:00:00,23,0.0,0.40049362
2014-07-10,2014-07-10 23:00:00,24,0.0,0.09471512
2014-07-11,2014-07-11 00:00:00,1,208.33333,198.99776
2014-07-11,2014-07-11 01:00:00,2,33.854168,33.743088
2014-07-11,2014-07-11 02:00:00,3,36.458332,26.726807
2014-07-11,2014-07-11 03:00:00,4,36.458332,32.097214
2014-07-11,2014-07-11 04:00:00,5,36.458332,31.716682
2014-07-11,2014-07-11 05:00:00,6,36.458332,65.34271
2014-07-11,2014-07-11 06:00:00,7,70.3125,105.37358
2014-07-11,2014-07-11 07:00:00,8,0.0,4.971367
2014-07-11,2014-07-11 08:00:00,9,0.0,0.42461395
2014-07-11,2014-07-11 09:00:00,10,0.0,0.8630562
2014-07-11,2014-07-11 10:00:00,11,0.0,0.14622116
2014-07-11,2014-07-11 11:00:00,12,0.0,1.4407768
2014-07-11,2014-07-11 12:00:00,13,0.0,0.45705795
2014-07-11,2014-07-11 13:00:00,14,0.0,0.6986885
2014-07-11,2014-07-11 14:00:00,15,0.0,0.6018677
2014-07-11,2014-07-11 15:00:00,16,0.0,0.71466446
2014-07-11,2014-07-11 16:00:00,17,0.0,0.58338547
2014-07-11,2014-07-11 17:00:00,18,0.0,0.33675766
2014-07-11,2014-07-11 18:00:00,19,0.0,0.6222954
2014-07-11,2014-07-11 19:00:00,20,0.0,0.40566635
2014-07-11,2014-07-11 20:00:00,21,0.0,0.4281273
2014-07-11,2014-07-11 21:00:00,22,0.0,0.39931107
2014-07-11,2014-07-11 22:00:00,23,0.0,-0.26021957
2014-07-11,2014-07-11 23:00:00,24,0.0,-0.58842087
2014-07-12,2014-07-12 00:00:00,1,208.33333,141.41507
2014-07-12,2014-07-12 01:00:00,2,39.0625,9.837109
2014-07-12,2014-07-12 02:00:00,3,39.0625,4.384857
2014-07-12,2014-07-12 03:00:00,4,36.458332,8.066166
2014-07-12,2014-07-12 04:00:00,5,39.0625,19.029335
2014-07-12,2014-07-12 05:00:00,6,41.666668,49.579803
2014-07-12,2014-07-12 06:00:00,7,44.270832,73.57067
2014-07-12,2014-07-12 07:00:00,8,36.458332,75.33563
2014-07-12,2014-07-12 08:00:00,9,70.3125,74.83372
2014-07-12,2014-07-12 09:00:00,10,0.0,11.561691
2014-07-12,2014-07-12 10:00:00,11,0.0,9.337341
2014-07-12,2014-07-12 11:00:00,12,0.0,15.150629
2014-07-12,2014-07-12 12:00:00,13,0.0,10.38184
2014-07-12,2014-07-12 13:00:00,14,0.0,16.268986
2014-07-12,2014-07-12 14:00:00,15,213.54167,107.29004
2014-07-12,2014-07-12 15:00:00,16,36.458332,66.33688
2014-07-12,2014-07-12 16:00:00,17,36.458332,54.252987
2014-07-12,2014-07-12 17:00:00,18,36.458332,48.846405
2014-07-12,2014-07-12 18:00:00,19,39.0625,50.478878
2014-07-12,2014-07-12 19:00:00,20,54.6875,45.202526
2014-07-12,2014-07-12 20:00:00,21,0.0,33.032234
2014-07-12,2014-07-12 21:00:00,22,0.0,41.731373
2014-07-12,2014-07-12 22:00:00,23,210.9375,92.54733
2014-07-12,2014-07-12 23:00:00,24,39.0625,61.29098
2014-07-13,2014-07-13 00:00:00,1,39.0625,59.300713
2014-07-13,2014-07-13 01:00:00,2,39.0625,58.69614
2014-07-13,2014-07-13 02:00:00,3,39.0625,63.138992
2014-07-13,2014-07-13 03:00:00,4,39.0625,77.15674
2014-07-13,2014-07-13 04:00:00,5,36.458332,89.434906
2014-07-13,2014-07-13 05:00:00,6,44.270832,93.92055
2014-07-13,2014-07-13 06:00:00,7,41.666668,96.6458
2014-07-13,2014-07-13 07:00:00,8,39.0625,97.03735
2014-07-13,2014-07-13 08:00:00,9,39.0625,91.908325
2014-07-13,2014-07-13 09:00:00,10,36.458332,87.85622
2014-07-13,2014-07-13 10:00:00,11,33.854168,87.963524
2014-07-13,2014-07-13 11:00:00,12,33.854168,89.79294
2014-07-13,2014-07-13 12:00:00,13,31.25,88.787704
2014-07-13,2014-07-13 13:00:00,14,33.854168,90.92939
2014-07-13,2014-07-13 14:00:00,15,33.854168,94.64502
2014-07-13,2014-07-13 15:00:00,16,36.458332,93.59558
2014-07-13,2014-07-13 16:00:00,17,33.854168,92.22984
2014-07-13,2014-07-13 17:00:00,18,36.458332,93.65402
2014-07-13,2014-07-13 18:00:00,19,41.666668,98.718124
2014-07-13,2014-07-13 19:00:00,20,33.854168,97.879135
2014-07-13,2014-07-13 20:00:00,21,36.458332,98.08239
2014-07-13,2014-07-13 21:00:00,22,36.458332,100.11261
2014-07-13,2014-07-13 22:00:00,23,33.854168,101.25258
2014-07-13,2014-07-13 23:00:00,24,36.458332,100.92042
2014-07-14,2014-07-14 00:00:00,1,36.458332,68.10825
2014-07-14,2014-07-14 01:00:00,2,33.854168,50.617447
2014-07-14,2014-07-14 02:00:00,3,36.458332,47.964317
2014-07-14,2014-07-14 03:00:00,4,36.458332,48.28795
2014-07-14,2014-07-14 04:00:00,5,39.0625,46.91006
2014-07-14,2014-07-14 05:00:00,6,39.0625,54.06997
2014-07-14,2014-07-14 06:00:00,7,72.916664,55.325356
2014-07-14,2014-07-14 07:00:00,8,221.35417,14.729977
2014-07-14,2014-07-14 08:00:00,9,0.0,6.759592
2014-07-14,2014-07-14 09:00:00,10,0.0,5.2486057
2014-07-14,2014-07-14 10:00:00,11,0.0,3.3530903
2014-07-14,2014-07-14 11:00:00,12,0.0,2.357975
2014-07-14,2014-07-14 12:00:00,13,0.0,0.30366516
2014-07-14,2014-07-14 13:00:00,14,0.0,2.0555477
2014-07-14,2014-07-14 14:00:00,15,0.0,1.9019489
2014-07-14,2014-07-14 15:00:00,16,0.0,3.0884724
2014-07-14,2014-07-14 16:00:00,17,0.0,1.1929722
2014-07-14,2014-07-14 17:00:00,18,0.0,1.906395
2014-07-14,2014-07-14 18:00:00,19,148.4375,2.5597744
2014-07-14,2014-07-14 19:00:00,20,221.35417,1.4565773
2014-07-14,2014-07-14 20:00:00,21,0.0,1.4434414
2014-07-14,2014-07-14 21:00:00,22,0.0,1.1113071
2014-07-14,2014-07-14 22:00:00,23,0.0,0.5124111
2014-07-14,2014-07-14 23:00:00,24,0.0,2.0329514
2014-07-15,2014-07-15 00:00:00,1,203.125,157.18251
2014-07-15,2014-07-15 01:00:00,2,36.458332,25.261028
2014-07-15,2014-07-15 02:00:00,3,36.458332,25.969078
2014-07-15,2014-07-15 03:00:00,4,33.854168,27.66681
2014-07-15,2014-07-15 04:00:00,5,36.458332,25.583912
2014-07-15,2014-07-15 05:00:00,6,54.6875,45.181076
2014-07-15,2014-07-15 06:00:00,7,117.1875,67.00072
2014-07-15,2014-07-15 07:00:00,8,0.0,1.5109482
2014-07-15,2014-07-15 08:00:00,9,0.0,0.35843277
2014-07-15,2014-07-15 09:00:00,10,0.0,0.9532566
2014-07-15,2014-07-15 10:00:00,11,0.0,0.36730957
2014-07-15,2014-07-15 11:00:00,12,0.0,0.85264397
2014-07-15,2014-07-15 12:00:00,13,0.0,0.38563347
2014-07-15,2014-07-15 13:00:00,14,0.0,0.4652195
2014-07-15,2014-07-15 14:00:00,15,0.0,0.68243027
2014-07-15,2014-07-15 15:00:00,16,0.0,0.40613556
2014-07-15,2014-07-15 16:00:00,17,0.0,0.30791473
2014-07-15,2014-07-15 17:00:00,18,0.0,0.51467323
2014-07-15,2014-07-15 18:00:00,19,0.0,0.7305813
2014-07-15,2014-07-15 19:00:00,20,0.0,0.51103973
2014-07-15,2014-07-15 20:00:00,21,0.0,0.62324524
2014-07-15,2014-07-15 21:00:00,22,0.0,0.50756645
2014-07-15,2014-07-15 22:00:00,23,0.0,0.074855804
2014-07-15,2014-07-15 23:00:00,24,0.0,0.038095474
2014-07-16,2014-07-16 00:00:00,1,210.9375,153.37738
2014-07-16,2014-07-16 01:00:00,2,33.854168,38.749245
2014-07-16,2014-07-16 02:00:00,3,33.854168,31.400202
2014-07-16,2014-07-16 03:00:00,4,36.458332,33.020252
2014-07-16,2014-07-16 04:00:00,5,33.854168,34.754074
2014-07-16,2014-07-16 05:00:00,6,39.0625,49.12206
2014-07-16,2014-07-16 06:00:00,7,145.83333,82.55479
2014-07-16,2014-07-16 07:00:00,8,0.0,2.107664
2014-07-16,2014-07-16 08:00:00,9,0.0,0.54179573
2014-07-16,2014-07-16 09:00:00,10,0.0,0.96631813
2014-07-16,2014-07-16 10:00:00,11,0.0,0.5929909
2014-07-16,2014-07-16 11:00:00,12,0.0,1.0424557
2014-07-16,2014-07-16 12:00:00,13,0.0,0.61434937
2014-07-16,2014-07-16 13:00:00,14,0.0,0.6668587
2014-07-16,2014-07-16 14:00:00,15,0.0,0.6521225
2014-07-16,2014-07-16 15:00:00,16,0.0,0.47156715
2014-07-16,2014-07-16 16:00:00,17,0.0,0.59856415
2014-07-16,2014-07-16 17:00:00,18,0.0,0.7310085
2014-07-16,2014-07-16 18:00:00,19,0.0,0.8864956
2014-07-16,2014-07-16 19:00:00,20,0.0,0.59350777
2014-07-16,2014-07-16 20:00:00,21,0.0,0.7596531
2014-07-16,2014-07-16 21:00:00,22,0.0,0.64447784
2014-07-16,2014-07-16 22:00:00,23,0.0,0.120607376
2014-07-16,2014-07-16 23:00:00,24,0.0,0.3052082
2014-07-17,2014-07-17 00:00:00,1,208.33333,202.11578
2014-07-17,2014-07-17 01:00:00,2,36.458332,38.06894
2014-07-17,2014-07-17 02:00:00,3,36.458332,37.001465
2014-07-17,2014-07-17 03:00:00,4,36.458332,39.70481
2014-07-17,2014-07-17 04:00:00,5,39.0625,36.86407
2014-07-17,2014-07-17 05:00:00,6,39.0625,45.296803
2014-07-17,2014-07-17 06:00:00,7,127.604164,91.45128
2014-07-17,2014-07-17 07:00:00,8,28.645834,1.7110176
2014-07-17,2014-07-17 08:00:00,9,0.0,0.3078575
2014-07-17,2014-07-17 09:00:00,10,0.0,0.8083725
2014-07-17,2014-07-17 10:00:00,11,0.0,0.43615913
2014-07-17,2014-07-17 11:00:00,12,0.0,0.7797699
2014-07-17,2014-07-17 12:00:00,13,0.0,0.24260902
2014-07-17,2014-07-17 13:00:00,14,0.0,0.5493679
2014-07-17,2014-07-17 14:00:00,15,0.0,0.61172295
2014-07-17,2014-07-17 15:00:00,16,0.0,0.29273033
2014-07-17,2014-07-17 16:00:00,17,0.0,0.4178028
2014-07-17,2014-07-17 17:00:00,18,0.0,0.42767143
2014-07-17,2014-07-17 18:00:00,19,0.0,0.848629
2014-07-17,2014-07-17 19:00:00,20,0.0,0.83867073
2014-07-17,2014-07-17 20:00:00,21,0.0,0.8716068
2014-07-17,2014-07-17 21:00:00,22,0.0,0.62571526
2014-07-17,2014-07-17 22:00:00,23,0.0,0.1734066
2014-07-17,2014-07-17 23:00:00,24,0.0,0.26003075
2014-07-18,2014-07-18 00:00:00,1,208.33333,167.13266
2014-07-18,2014-07-18 01:00:00,2,36.458332,41.775723
2014-07-18,2014-07-18 02:00:00,3,33.854168,30.800797
2014-07-18,2014-07-18 03:00:00,4,36.458332,35.429237
2014-07-18,2014-07-18 04:00:00,5,33.854168,36.451447
2014-07-18,2014-07-18 05:00:00,6,72.916664,46.917145
2014-07-18,2014-07-18 06:00:00,7,109.375,93.17032
2014-07-18,2014-07-18 07:00:00,8,0.0,11.459265
2014-07-18,2014-07-18 08:00:00,9,0.0,0.47171402
2014-07-18,2014-07-18 09:00:00,10,0.0,0.8160572
2014-07-18,2014-07-18 10:00:00,11,0.0,0.42640114
2014-07-18,2014-07-18 11:00:00,12,0.0,0.7494354
2014-07-18,2014-07-18 12:00:00,13,0.0,0.364563
2014-07-18,2014-07-18 13:00:00,14,0.0,0.34238243
2014-07-18,2014-07-18 14:00:00,15,0.0,0.22550964
2014-07-18,2014-07-18 15:00:00,16,0.0,0.13142395
2014-07-18,2014-07-18 16:00:00,17,0.0,0.5019665
2014-07-18,2014-07-18 17:00:00,18,0.0,0.40899086
2014-07-18,2014-07-18 18:00:00,19,0.0,0.8436413
2014-07-18,2014-07-18 19:00:00,20,0.0,0.46927452
2014-07-18,2014-07-18 20:00:00,21,0.0,0.78541183
2014-07-18,2014-07-18 21:00:00,22,0.0,0.6282177
2014-07-18,2014-07-18 22:00:00,23,0.0,0.26721
2014-07-18,2014-07-18 23:00:00,24,0.0,1.1052532
2014-07-19,2014-07-19 00:00:00,1,203.125,188.16672
2014-07-19,2014-07-19 01:00:00,2,33.854168,41.310432
2014-07-19,2014-07-19 02:00:00,3,33.854168,35.60592
2014-07-19,2014-07-19 03:00:00,4,33.854168,37.745247
2014-07-19,2014-07-19 04:00:00,5,28.645834,37.47253
2014-07-19,2014-07-19 05:00:00,6,33.854168,52.996635
2014-07-19,2014-07-19 06:00:00,7,101.5625,85.928055
2014-07-19,2014-07-19 07:00:00,8,114.583336,24.075449
2014-07-19,2014-07-19 08:00:00,9,117.1875,11.831741
2014-07-19,2014-07-19 09:00:00,10,26.041666,3.3356857
2014-07-19,2014-07-19 10:00:00,11,0.0,0.7426243
2014-07-19,2014-07-19 11:00:00,12,0.0,0.7851677
2014-07-19,2014-07-19 12:00:00,13,0.0,-0.124694824
2014-07-19,2014-07-19 13:00:00,14,0.0,0.69007874
2014-07-19,2014-07-19 14:00:00,15,216.14583,12.82782
2014-07-19,2014-07-19 15:00:00,16,36.458332,8.951565
2014-07-19,2014-07-19 16:00:00,17,39.0625,21.767303
2014-07-19,2014-07-19 17:00:00,18,39.0625,23.63802
2014-07-19,2014-07-19 18:00:00,19,39.0625,24.40538
2014-07-19,2014-07-19 19:00:00,20,54.6875,22.914711
2014-07-19,2014-07-19 20:00:00,21,0.0,21.012161
2014-07-19,2014-07-19 21:00:00,22,0.0,22.425232
2014-07-19,2014-07-19 22:00:00,23,203.125,30.204176
2014-07-19,2014-07-19 23:00:00,24,33.854168,33.588028
2014-07-20,2014-07-20 00:00:00,1,36.458332,38.10953
2014-07-20,2014-07-20 01:00:00,2,41.666668,36.78404
2014-07-20,2014-07-20 02:00:00,3,36.458332,35.752644
2014-07-20,2014-07-20 03:00:00,4,83.333336,35.934696
2014-07-20,2014-07-20 04:00:00,5,88.541664,37.165585
2014-07-20,2014-07-20 05:00:00,6,98.958336,41.36906
2014-07-20,2014-07-20 06:00:00,7,119.791664,43.358997
2014-07-20,2014-07-20 07:00:00,8,135.41667,42.277157
2014-07-20,2014-07-20 08:00:00,9,127.604164,34.990665
2014-07-20,2014-07-20 09:00:00,10,101.5625,25.52166
2014-07-20,2014-07-20 10:00:00,11,98.958336,20.025112
2014-07-20,2014-07-20 11:00:00,12,145.83333,18.336164
2014-07-20,2014-07-20 12:00:00,13,135.41667,20.913952
2014-07-20,2014-07-20 13:00:00,14,106.770836,23.23205
2014-07-20,2014-07-20 14:00:00,15,106.770836,27.04196
2014-07-20,2014-07-20 15:00:00,16,109.375,26.96902
2014-07-20,2014-07-20 16:00:00,17,140.625,30.42868
2014-07-20,2014-07-20 17:00:00,18,140.625,32.473778
2014-07-20,2014-07-20 18:00:00,19,109.375,32.71427
2014-07-20,2014-07-20 19:00:00,20,109.375,31.683783
2014-07-20,2014-07-20 20:00:00,21,111.979164,29.363739
2014-07-20,2014-07-20 21:00:00,22,148.4375,29.52952
2014-07-20,2014-07-20 22:00:00,23,135.41667,30.71949
2014-07-20,2014-07-20 23:00:00,24,111.979164,33.55638
2014-07-21,2014-07-21 00:00:00,1,122.395836,121.938705
2014-07-21,2014-07-21 01:00:00,2,158.85417,120.40481
2014-07-21,2014-07-21 02:00:00,3,111.979164,119.42432
2014-07-21,2014-07-21 03:00:00,4,140.625,122.58797
2014-07-21,2014-07-21 04:00:00,5,138.02083,128.22765
2014-07-21,2014-07-21 05:00:00,6,114.583336,132.15503
2014-07-21,2014-07-21 06:00:00,7,187.5,143.14798
2014-07-21,2014-07-21 07:00:00,8,0.0,145.52116
2014-07-21,2014-07-21 08:00:00,9,0.0,100.97915
2014-07-21,2014-07-21 09:00:00,10,36.458332,81.99492
2014-07-21,2014-07-21 10:00:00,11,0.0,67.33734
2014-07-21,2014-07-21 11:00:00,12,0.0,59.07801
2014-07-21,2014-07-21 12:00:00,13,0.0,57.037003
2014-07-21,2014-07-21 13:00:00,14,0.0,53.586777
2014-07-21,2014-07-21 14:00:00,15,0.0,47.28789
2014-07-21,2014-07-21 15:00:00,16,0.0,43.873245
2014-07-21,2014-07-21 16:00:00,17,0.0,43.634453
2014-07-21,2014-07-21 17:00:00,18,0.0,41.615112
2014-07-21,2014-07-21 18:00:00,19,0.0,54.7285
2014-07-21,2014-07-21 19:00:00,20,0.0,55.166344
2014-07-21,2014-07-21 20:00:00,21,0.0,41.281662
2014-07-21,2014-07-21 21:00:00,22,0.0,44.690277
2014-07-21,2014-07-21 22:00:00,23,0.0,37.563175
2014-07-21,2014-07-21 23:00:00,24,0.0,46.036777
2014-07-22,2014-07-22 00:00:00,1,213.54167,208.63513
2014-07-22,2014-07-22 01:00:00,2,33.854168,29.65189
2014-07-22,2014-07-22 02:00:00,3,36.458332,28.418938
2014-07-22,2014-07-22 03:00:00,4,36.458332,34.574512
2014-07-22,2014-07-22 04:00:00,5,36.458332,32.34443
2014-07-22,2014-07-22 05:00:00,6,41.666668,50.03358
2014-07-22,2014-07-22 06:00:00,7,130.20833,115.46836
2014-07-22,2014-07-22 07:00:00,8,0.0,7.344101
2014-07-22,2014-07-22 08:00:00,9,0.0,1.3689384
2014-07-22,2014-07-22 09:00:00,10,0.0,1.4251862
2014-07-22,2014-07-22 10:00:00,11,0.0,1.0761795
2014-07-22,2014-07-22 11:00:00,12,0.0,1.3632584
2014-07-22,2014-07-22 12:00:00,13,0.0,1.1057472
2014-07-22,2014-07-22 13:00:00,14,0.0,1.4955521
2014-07-22,2014-07-22 14:00:00,15,0.0,1.2242622
2014-07-22,2014-07-22 15:00:00,16,0.0,1.1570206
2014-07-22,2014-07-22 16:00:00,17,0.0,0.96657944
2014-07-22,2014-07-22 17:00:00,18,0.0,0.9639015
2014-07-22,2014-07-22 18:00:00,19,0.0,1.1706314
2014-07-22,2014-07-22 19:00:00,20,0.0,1.2291908
2014-07-22,2014-07-22 20:00:00,21,0.0,1.00737
2014-07-22,2014-07-22 21:00:00,22,0.0,1.0851402
2014-07-22,2014-07-22 22:00:00,23,0.0,0.5818825
2014-07-22,2014-07-22 23:00:00,24,0.0,0.24204254
2014-07-23,2014-07-23 00:00:00,1,205.72917,202.19562
2014-07-23,2014-07-23 01:00:00,2,33.854168,33.187756
2014-07-23,2014-07-23 02:00:00,3,33.854168,33.61663
2014-07-23,2014-07-23 03:00:00,4,36.458332,37.672653
2014-07-23,2014-07-23 04:00:00,5,33.854168,33.48928
2014-07-23,2014-07-23 05:00:00,6,39.0625,48.17003
2014-07-23,2014-07-23 06:00:00,7,151.04167,117.37072
2014-07-23,2014-07-23 07:00:00,8,0.0,10.536133
2014-07-23,2014-07-23 08:00:00,9,0.0,1.0738716
2014-07-23,2014-07-23 09:00:00,10,0.0,1.5069046
2014-07-23,2014-07-23 10:00:00,11,0.0,1.2553291
2014-07-23,2014-07-23 11:00:00,12,0.0,1.3083344
2014-07-23,2014-07-23 12:00:00,13,0.0,0.9518051
2014-07-23,2014-07-23 13:00:00,14,0.0,1.5697975
2014-07-23,2014-07-23 14:00:00,15,0.0,1.0305481
2014-07-23,2014-07-23 15:00:00,16,0.0,0.72102356
2014-07-23,2014-07-23 16:00:00,17,0.0,1.1424408
2014-07-23,2014-07-23 17:00:00,18,0.0,1.1770096
2014-07-23,2014-07-23 18:00:00,19,0.0,1.3605614
2014-07-23,2014-07-23 19:00:00,20,0.0,1.4715233
2014-07-23,2014-07-23 20:00:00,21,0.0,1.4466171
2014-07-23,2014-07-23 21:00:00,22,0.0,1.4168549
2014-07-23,2014-07-23 22:00:00,23,0.0,0.7256241
2014-07-23,2014-07-23 23:00:00,24,0.0,0.31321716
2014-07-24,2014-07-24 00:00:00,1,213.54167,214.97632
2014-07-24,2014-07-24 01:00:00,2,36.458332,35.78771
2014-07-24,2014-07-24 02:00:00,3,36.458332,31.976871
2014-07-24,2014-07-24 03:00:00,4,36.458332,39.455444
2014-07-24,2014-07-24 04:00:00,5,36.458332,34.38091
2014-07-24,2014-07-24 05:00:00,6,39.0625,50.93478
2014-07-24,2014-07-24 06:00:00,7,132.8125,127.24839
2014-07-24,2014-07-24 07:00:00,8,0.0,6.8097878
2014-07-24,2014-07-24 08:00:00,9,0.0,0.6997528
2014-07-24,2014-07-24 09:00:00,10,0.0,1.36166
2014-07-24,2014-07-24 10:00:00,11,0.0,0.84031296
2014-07-24,2014-07-24 11:00:00,12,0.0,1.1854401
2014-07-24,2014-07-24 12:00:00,13,0.0,0.90628433
2014-07-24,2014-07-24 13:00:00,14,0.0,1.5414314
2014-07-24,2014-07-24 14:00:00,15,0.0,0.9533539
2014-07-24,2014-07-24 15:00:00,16,0.0,0.7774849
2014-07-24,2014-07-24 16:00:00,17,0.0,0.71416855
2014-07-24,2014-07-24 17:00:00,18,0.0,0.75341034
2014-07-24,2014-07-24 18:00:00,19,0.0,1.0192528
2014-07-24,2014-07-24 19:00:00,20,0.0,1.1335106
2014-07-24,2014-07-24 20:00:00,21,0.0,0.9905014
2014-07-24,2014-07-24 21:00:00,22,0.0,1.1718483
2014-07-24,2014-07-24 22:00:00,23,0.0,0.43837738
2014-07-24,2014-07-24 23:00:00,24,0.0,0.7196808
2014-07-25,2014-07-25 00:00:00,1,205.72917,208.19987
2014-07-25,2014-07-25 01:00:00,2,33.854168,37.359467
2014-07-25,2014-07-25 02:00:00,3,36.458332,28.248129
2014-07-25,2014-07-25 03:00:00,4,36.458332,35.97752
2014-07-25,2014-07-25 04:00:00,5,36.458332,33.01207
2014-07-25,2014-07-25 05:00:00,6,39.0625,47.030155
2014-07-25,2014-07-25 06:00:00,7,125.0,127.504135
2014-07-25,2014-07-25 07:00:00,8,15.625,1.9847679
2014-07-25,2014-07-25 08:00:00,9,85.9375,0.41265488
2014-07-25,2014-07-25 09:00:00,10,0.0,1.2316704
2014-07-25,2014-07-25 10:00:00,11,0.0,0.73088837
2014-07-25,2014-07-25 11:00:00,12,0.0,0.92442703
2014-07-25,2014-07-25 12:00:00,13,0.0,0.7292137
2014-07-25,2014-07-25 13:00:00,14,0.0,1.0075531
2014-07-25,2014-07-25 14:00:00,15,0.0,0.50471497
2014-07-25,2014-07-25 15:00:00,16,0.0,0.5461273
2014-07-25,2014-07-25 16:00:00,17,0.0,0.6314926
2014-07-25,2014-07-25 17:00:00,18,0.0,0.5430374
2014-07-25,2014-07-25 18:00:00,19,0.0,0.8852539
2014-07-25,2014-07-25 19:00:00,20,0.0,0.92736435
2014-07-25,2014-07-25 20:00:00,21,0.0,0.6181412
2014-07-25,2014-07-25 21:00:00,22,0.0,0.8532219
2014-07-25,2014-07-25 22:00:00,23,0.0,0.12712097
2014-07-25,2014-07-25 23:00:00,24,0.0,-0.05253601
2014-07-26,2014-07-26 00:00:00,1,210.9375,136.88782
2014-07-26,2014-07-26 01:00:00,2,33.854168,13.375336
2014-07-26,2014-07-26 02:00:00,3,36.458332,10.733273
2014-07-26,2014-07-26 03:00:00,4,39.0625,17.476215
2014-07-26,2014-07-26 04:00:00,5,36.458332,27.772453
2014-07-26,2014-07-26 05:00:00,6,36.458332,42.528008
2014-07-26,2014-07-26 06:00:00,7,109.375,114.328224
2014-07-26,2014-07-26 07:00:00,8,104.166664,119.287445
2014-07-26,2014-07-26 08:00:00,9,117.1875,111.24797
2014-07-26,2014-07-26 09:00:00,10,0.0,44.39963
2014-07-26,2014-07-26 10:00:00,11,0.0,27.291687
2014-07-26,2014-07-26 11:00:00,12,0.0,32.453568
2014-07-26,2014-07-26 12:00:00,13,0.0,31.146027
2014-07-26,2014-07-26 13:00:00,14,0.0,34.261986
2014-07-26,2014-07-26 14:00:00,15,200.52083,128.77228
2014-07-26,2014-07-26 15:00:00,16,36.458332,84.13124
2014-07-26,2014-07-26 16:00:00,17,36.458332,85.008514
2014-07-26,2014-07-26 17:00:00,18,33.854168,80.703125
2014-07-26,2014-07-26 18:00:00,19,36.458332,75.10742
2014-07-26,2014-07-26 19:00:00,20,96.354164,73.76405
2014-07-26,2014-07-26 20:00:00,21,0.0,66.24184
2014-07-26,2014-07-26 21:00:00,22,0.0,74.837845
2014-07-26,2014-07-26 22:00:00,23,210.9375,117.99426
2014-07-26,2014-07-26 23:00:00,24,33.854168,91.58899
2014-07-27,2014-07-27 00:00:00,1,44.270832,65.561226
2014-07-27,2014-07-27 01:00:00,2,33.854168,68.6056
2014-07-27,2014-07-27 02:00:00,3,39.0625,75.17218
2014-07-27,2014-07-27 03:00:00,4,36.458332,88.62921
2014-07-27,2014-07-27 04:00:00,5,101.5625,99.25577
2014-07-27,2014-07-27 05:00:00,6,104.166664,104.086685
2014-07-27,2014-07-27 06:00:00,7,104.166664,108.790665
2014-07-27,2014-07-27 07:00:00,8,106.770836,112.66484
2014-07-27,2014-07-27 08:00:00,9,104.166664,109.824234
2014-07-27,2014-07-27 09:00:00,10,104.166664,104.74988
2014-07-27,2014-07-27 10:00:00,11,101.5625,103.83073
2014-07-27,2014-07-27 11:00:00,12,101.5625,106.03041
2014-07-27,2014-07-27 12:00:00,13,101.5625,105.47568
2014-07-27,2014-07-27 13:00:00,14,109.375,106.604004
2014-07-27,2014-07-27 14:00:00,15,104.166664,106.14706
2014-07-27,2014-07-27 15:00:00,16,104.166664,106.17192
2014-07-27,2014-07-27 16:00:00,17,106.770836,110.107025
2014-07-27,2014-07-27 17:00:00,18,104.166664,111.08616
2014-07-27,2014-07-27 18:00:00,19,104.166664,109.16302
2014-07-27,2014-07-27 19:00:00,20,101.5625,110.40247
2014-07-27,2014-07-27 20:00:00,21,101.5625,110.72885
2014-07-27,2014-07-27 21:00:00,22,106.770836,110.16199
2014-07-27,2014-07-27 22:00:00,23,106.770836,112.40222
2014-07-27,2014-07-27 23:00:00,24,106.770836,113.18286
2014-07-28,2014-07-28 00:00:00,1,104.166664,117.05458
2014-07-28,2014-07-28 01:00:00,2,101.5625,114.51184
2014-07-28,2014-07-28 02:00:00,3,101.5625,113.411194
2014-07-28,2014-07-28 03:00:00,4,106.770836,114.57942
2014-07-28,2014-07-28 04:00:00,5,101.5625,114.102844
2014-07-28,2014-07-28 05:00:00,6,104.166664,114.61459
2014-07-28,2014-07-28 06:00:00,7,125.0,116.3241
2014-07-28,2014-07-28 07:00:00,8,0.0,57.631657
2014-07-28,2014-07-28 08:00:00,9,0.0,31.505184
2014-07-28,2014-07-28 09:00:00,10,0.0,29.021885
2014-07-28,2014-07-28 10:00:00,11,0.0,3.1697235
2014-07-28,2014-07-28 11:00:00,12,0.0,0.8821411
2014-07-28,2014-07-28 12:00:00,13,0.0,-0.29903412
2014-07-28,2014-07-28 13:00:00,14,0.0,-0.53286743
2014-07-28,2014-07-28 14:00:00,15,0.0,-0.3154297
2014-07-28,2014-07-28 15:00:00,16,0.0,0.5365944
2014-07-28,2014-07-28 16:00:00,17,0.0,-0.8450241
2014-07-28,2014-07-28 17:00:00,18,0.0,-1.0371666
2014-07-28,2014-07-28 18:00:00,19,0.0,-0.5546417
2014-07-28,2014-07-28 19:00:00,20,0.0,-0.5997009
2014-07-28,2014-07-28 20:00:00,21,0.0,-0.96588516
2014-07-28,2014-07-28 21:00:00,22,0.0,-0.6321106
2014-07-28,2014-07-28 22:00:00,23,0.0,-1.2071152
2014-07-28,2014-07-28 23:00:00,24,0.0,-0.27830505
2014-07-29,2014-07-29 00:00:00,1,205.72917,193.90013
2014-07-29,2014-07-29 01:00:00,2,36.458332,23.861149
2014-07-29,2014-07-29 02:00:00,3,39.0625,22.606316
2014-07-29,2014-07-29 03:00:00,4,39.0625,27.638653
2014-07-29,2014-07-29 04:00:00,5,36.458332,26.17049
2014-07-29,2014-07-29 05:00:00,6,39.0625,33.986652
2014-07-29,2014-07-29 06:00:00,7,111.979164,111.785805
2014-07-29,2014-07-29 07:00:00,8,0.0,4.391659
2014-07-29,2014-07-29 08:00:00,9,0.0,1.1757736
2014-07-29,2014-07-29 09:00:00,10,0.0,1.2076912
2014-07-29,2014-07-29 10:00:00,11,0.0,0.69101715
2014-07-29,2014-07-29 11:00:00,12,0.0,1.1389351
2014-07-29,2014-07-29 12:00:00,13,0.0,0.89673615
2014-07-29,2014-07-29 13:00:00,14,0.0,1.162117
2014-07-29,2014-07-29 14:00:00,15,0.0,1.0488586
2014-07-29,2014-07-29 15:00:00,16,0.0,1.0209694
2014-07-29,2014-07-29 16:00:00,17,0.0,0.92948914
2014-07-29,2014-07-29 17:00:00,18,0.0,0.8146782
2014-07-29,2014-07-29 18:00:00,19,0.0,1.0289459
2014-07-29,2014-07-29 19:00:00,20,0.0,1.0329094
2014-07-29,2014-07-29 20:00:00,21,0.0,0.6238518
2014-07-29,2014-07-29 21:00:00,22,0.0,0.6333351
2014-07-29,2014-07-29 22:00:00,23,0.0,0.0012550354
2014-07-29,2014-07-29 23:00:00,24,0.0,-0.22453308
2014-07-30,2014-07-30 00:00:00,1,213.54167,199.91287
2014-07-30,2014-07-30 01:00:00,2,36.458332,32.093746
2014-07-30,2014-07-30 02:00:00,3,36.458332,32.36194
2014-07-30,2014-07-30 03:00:00,4,36.458332,36.93847
2014-07-30,2014-07-30 04:00:00,5,39.0625,31.427588
2014-07-30,2014-07-30 05:00:00,6,39.0625,38.397827
2014-07-30,2014-07-30 06:00:00,7,44.270832,112.81296
2014-07-30,2014-07-30 07:00:00,8,26.041666,2.8690224
2014-07-30,2014-07-30 08:00:00,9,0.0,1.5870094
2014-07-30,2014-07-30 09:00:00,10,0.0,1.5752182
2014-07-30,2014-07-30 10:00:00,11,0.0,1.1959991
2014-07-30,2014-07-30 11:00:00,12,0.0,1.456131
2014-07-30,2014-07-30 12:00:00,13,0.0,0.99581146
2014-07-30,2014-07-30 13:00:00,14,0.0,1.5289917
2014-07-30,2014-07-30 14:00:00,15,0.0,1.1897049
2014-07-30,2014-07-30 15:00:00,16,0.0,0.9976883
2014-07-30,2014-07-30 16:00:00,17,0.0,1.0456123
2014-07-30,2014-07-30 17:00:00,18,0.0,0.94044876
2014-07-30,2014-07-30 18:00:00,19,0.0,1.1254807
2014-07-30,2014-07-30 19:00:00,20,0.0,1.2601204
2014-07-30,2014-07-30 20:00:00,21,0.0,1.0925941
2014-07-30,2014-07-30 21:00:00,22,0.0,1.1427727
2014-07-30,2014-07-30 22:00:00,23,0.0,0.5659065
2014-07-30,2014-07-30 23:00:00,24,0.0,0.19768143
2014-07-31,2014-07-31 00:00:00,1,213.54167,194.33925
2014-07-31,2014-07-31 01:00:00,2,39.0625,35.268497
2014-07-31,2014-07-31 02:00:00,3,36.458332,32.195225
2014-07-31,2014-07-31 03:00:00,4,39.0625,36.279274
2014-07-31,2014-07-31 04:00:00,5,39.0625,35.002827
2014-07-31,2014-07-31 05:00:00,6,39.0625,39.610992
2014-07-31,2014-07-31 06:00:00,7,88.541664,86.5255
2014-07-31,2014-07-31 07:00:00,8,0.0,10.463413
2014-07-31,2014-07-31 08:00:00,9,0.0,1.8973808
2014-07-31,2014-07-31 09:00:00,10,0.0,1.3258858
2014-07-31,2014-07-31 10:00:00,11,0.0,0.9609909
2014-07-31,2014-07-31 11:00:00,12,0.0,1.2156181
2014-07-31,2014-07-31 12:00:00,13,0.0,0.82800674
2014-07-31,2014-07-31 13:00:00,14,0.0,1.1242142
2014-07-31,2014-07-31 14:00:00,15,0.0,1.0244179
2014-07-31,2014-07-31 15:00:00,16,0.0,0.87023544
2014-07-31,2014-07-31 16:00:00,17,0.0,0.71411514
2014-07-31,2014-07-31 17:00:00,18,0.0,0.6856575
2014-07-31,2014-07-31 18:00:00,19,0.0,0.97994995
2014-07-31,2014-07-31 19:00:00,20,0.0,0.8209419
2014-07-31,2014-07-31 20:00:00,21,0.0,0.8898239
2014-07-31,2014-07-31 21:00:00,22,0.0,0.7476311
2014-07-31,2014-07-31 22:00:00,23,0.0,0.5684662
2014-07-31,2014-07-31 23:00:00,24,0.0,0.5526581
2014-08-01,2014-08-01 00:00:00,1,208.33333,207.2939
2014-08-01,2014-08-01 01:00:00,2,36.458332,36.08309
2014-08-01,2014-08-01 02:00:00,3,36.458332,32.470253
2014-08-01,2014-08-01 03:00:00,4,36.458332,35.898895
2014-08-01,2014-08-01 04:00:00,5,33.854168,36.226406
2014-08-01,2014-08-01 05:00:00,6,36.458332,41.37063
2014-08-01,2014-08-01 06:00:00,7,135.41667,67.070496
2014-08-01,2014-08-01 07:00:00,8,2.6041667,15.17404
2014-08-01,2014-08-01 08:00:00,9,0.0,1.3513718
2014-08-01,2014-08-01 09:00:00,10,0.0,1.0470772
2014-08-01,2014-08-01 10:00:00,11,0.0,0.89042664
2014-08-01,2014-08-01 11:00:00,12,0.0,1.0243874
2014-08-01,2014-08-01 12:00:00,13,0.0,0.70137405
2014-08-01,2014-08-01 13:00:00,14,0.0,0.9673195
2014-08-01,2014-08-01 14:00:00,15,0.0,0.8498993
2014-08-01,2014-08-01 15:00:00,16,0.0,0.722065
2014-08-01,2014-08-01 16:00:00,17,0.0,0.9638176
2014-08-01,2014-08-01 17:00:00,18,0.0,0.83065796
2014-08-01,2014-08-01 18:00:00,19,0.0,0.97175217
2014-08-01,2014-08-01 19:00:00,20,0.0,0.96437454
2014-08-01,2014-08-01 20:00:00,21,0.0,0.6841011
2014-08-01,2014-08-01 21:00:00,22,0.0,0.7489548
2014-08-01,2014-08-01 22:00:00,23,0.0,0.33346558
2014-08-01,2014-08-01 23:00:00,24,0.0,0.25946808
2014-08-02,2014-08-02 00:00:00,1,203.125,151.77922
2014-08-02,2014-08-02 01:00:00,2,36.458332,18.21154
2014-08-02,2014-08-02 02:00:00,3,39.0625,16.732254
2014-08-02,2014-08-02 03:00:00,4,39.0625,20.573645
2014-08-02,2014-08-02 04:00:00,5,39.0625,43.367832
2014-08-02,2014-08-02 05:00:00,6,46.875,55.567818
2014-08-02,2014-08-02 06:00:00,7,111.979164,113.15515
2014-08-02,2014-08-02 07:00:00,8,104.166664,95.165146
2014-08-02,2014-08-02 08:00:00,9,130.20833,80.954834
2014-08-02,2014-08-02 09:00:00,10,0.0,21.918755
2014-08-02,2014-08-02 10:00:00,11,0.0,15.512138
2014-08-02,2014-08-02 11:00:00,12,0.0,17.092882
2014-08-02,2014-08-02 12:00:00,13,0.0,15.713028
2014-08-02,2014-08-02 13:00:00,14,0.0,23.465172
2014-08-02,2014-08-02 14:00:00,15,208.33333,118.538025
2014-08-02,2014-08-02 15:00:00,16,33.854168,70.21428
2014-08-02,2014-08-02 16:00:00,17,33.854168,70.67775
2014-08-02,2014-08-02 17:00:00,18,31.25,66.656906
2014-08-02,2014-08-02 18:00:00,19,33.854168,63.84411
2014-08-02,2014-08-02 19:00:00,20,59.895832,78.39699
2014-08-02,2014-08-02 20:00:00,21,0.0,36.91485
2014-08-02,2014-08-02 21:00:00,22,0.0,41.733383
2014-08-02,2014-08-02 22:00:00,23,197.91667,103.78348
2014-08-02,2014-08-02 23:00:00,24,33.854168,69.78771
2014-08-03,2014-08-03 00:00:00,1,33.854168,72.11599
2014-08-03,2014-08-03 01:00:00,2,33.854168,68.294876
2014-08-03,2014-08-03 02:00:00,3,33.854168,74.693474
2014-08-03,2014-08-03 03:00:00,4,44.270832,83.12688
2014-08-03,2014-08-03 04:00:00,5,104.166664,103.24429
2014-08-03,2014-08-03 05:00:00,6,104.166664,109.66047
2014-08-03,2014-08-03 06:00:00,7,104.166664,113.25227
2014-08-03,2014-08-03 07:00:00,8,104.166664,113.67077
2014-08-03,2014-08-03 08:00:00,9,106.770836,107.6237
2014-08-03,2014-08-03 09:00:00,10,104.166664,103.18677
2014-08-03,2014-08-03 10:00:00,11,98.958336,99.23732
2014-08-03,2014-08-03 11:00:00,12,101.5625,99.63844
2014-08-03,2014-08-03 12:00:00,13,101.5625,100.25775
2014-08-03,2014-08-03 13:00:00,14,104.166664,102.789764
2014-08-03,2014-08-03 14:00:00,15,104.166664,103.191345
2014-08-03,2014-08-03 15:00:00,16,104.166664,103.84765
2014-08-03,2014-08-03 16:00:00,17,104.166664,107.59135
2014-08-03,2014-08-03 17:00:00,18,104.166664,108.005554
2014-08-03,2014-08-03 18:00:00,19,104.166664,109.119
2014-08-03,2014-08-03 19:00:00,20,111.979164,110.20723
2014-08-03,2014-08-03 20:00:00,21,101.5625,108.96144
2014-08-03,2014-08-03 21:00:00,22,101.5625,109.60982
2014-08-03,2014-08-03 22:00:00,23,104.166664,110.427765
2014-08-03,2014-08-03 23:00:00,24,106.770836,110.136986
2014-08-04,2014-08-04 00:00:00,1,106.770836,114.18065
2014-08-04,2014-08-04 01:00:00,2,104.166664,109.80881
2014-08-04,2014-08-04 02:00:00,3,106.770836,107.66107
2014-08-04,2014-08-04 03:00:00,4,106.770836,109.29941
2014-08-04,2014-08-04 04:00:00,5,109.375,109.13985
2014-08-04,2014-08-04 05:00:00,6,109.375,110.44211
2014-08-04,2014-08-04 06:00:00,7,135.41667,112.55771
2014-08-04,2014-08-04 07:00:00,8,0.0,18.863033
2014-08-04,2014-08-04 08:00:00,9,127.604164,1.9948463
2014-08-04,2014-08-04 09:00:00,10,210.9375,0.025051117
2014-08-04,2014-08-04 10:00:00,11,0.0,-0.70274734
2014-08-04,2014-08-04 11:00:00,12,0.0,-0.983181
2014-08-04,2014-08-04 12:00:00,13,0.0,-0.5804901
2014-08-04,2014-08-04 13:00:00,14,0.0,0.20091629
2014-08-04,2014-08-04 14:00:00,15,0.0,-0.70352936
2014-08-04,2014-08-04 15:00:00,16,0.0,0.10913849
2014-08-04,2014-08-04 16:00:00,17,0.0,0.015655518
2014-08-04,2014-08-04 17:00:00,18,0.0,-0.055404663
2014-08-04,2014-08-04 18:00:00,19,0.0,0.14841461
2014-08-04,2014-08-04 19:00:00,20,0.0,0.15181732
2014-08-04,2014-08-04 20:00:00,21,0.0,0.21204758
2014-08-04,2014-08-04 21:00:00,22,0.0,0.16586685
2014-08-04,2014-08-04 22:00:00,23,0.0,-0.07130432
2014-08-04,2014-08-04 23:00:00,24,0.0,0.90278625
2014-08-05,2014-08-05 00:00:00,1,205.72917,198.34204
2014-08-05,2014-08-05 01:00:00,2,36.458332,25.841896
2014-08-05,2014-08-05 02:00:00,3,39.0625,26.452663
2014-08-05,2014-08-05 03:00:00,4,36.458332,32.20827
2014-08-05,2014-08-05 04:00:00,5,36.458332,30.750053
2014-08-05,2014-08-05 05:00:00,6,59.895832,38.208878
2014-08-05,2014-08-05 06:00:00,7,114.583336,80.42641
2014-08-05,2014-08-05 07:00:00,8,0.0,5.540798
2014-08-05,2014-08-05 08:00:00,9,0.0,1.0428696
2014-08-05,2014-08-05 09:00:00,10,0.0,1.5259323
2014-08-05,2014-08-05 10:00:00,11,0.0,0.6883888
2014-08-05,2014-08-05 11:00:00,12,0.0,1.189621
2014-08-05,2014-08-05 12:00:00,13,0.0,0.7865486
2014-08-05,2014-08-05 13:00:00,14,0.0,1.1049576
2014-08-05,2014-08-05 14:00:00,15,0.0,1.2155533
2014-08-05,2014-08-05 15:00:00,16,0.0,1.1601448
2014-08-05,2014-08-05 16:00:00,17,0.0,0.79858017
2014-08-05,2014-08-05 17:00:00,18,0.0,0.82878494
2014-08-05,2014-08-05 18:00:00,19,0.0,1.0781403
2014-08-05,2014-08-05 19:00:00,20,0.0,0.9978409
2014-08-05,2014-08-05 20:00:00,21,0.0,0.7976303
2014-08-05,2014-08-05 21:00:00,22,0.0,0.65787125
2014-08-05,2014-08-05 22:00:00,23,0.0,0.3306961
2014-08-05,2014-08-05 23:00:00,24,0.0,0.060710907
2014-08-06,2014-08-06 00:00:00,1,213.54167,202.41278
2014-08-06,2014-08-06 01:00:00,2,33.854168,35.314243
2014-08-06,2014-08-06 02:00:00,3,36.458332,36.428005
2014-08-06,2014-08-06 03:00:00,4,36.458332,40.570637
2014-08-06,2014-08-06 04:00:00,5,36.458332,34.146137
2014-08-06,2014-08-06 05:00:00,6,41.666668,46.370422
2014-08-06,2014-08-06 06:00:00,7,138.02083,91.16124
2014-08-06,2014-08-06 07:00:00,8,125.0,3.2405396
2014-08-06,2014-08-06 08:00:00,9,0.0,1.002449
2014-08-06,2014-08-06 09:00:00,10,0.0,1.5798225
2014-08-06,2014-08-06 10:00:00,11,0.0,1.212162
2014-08-06,2014-08-06 11:00:00,12,0.0,1.4476929
2014-08-06,2014-08-06 12:00:00,13,0.0,0.8387604
2014-08-06,2014-08-06 13:00:00,14,0.0,1.3790588
2014-08-06,2014-08-06 14:00:00,15,0.0,1.1451988
2014-08-06,2014-08-06 15:00:00,16,0.0,0.8257141
2014-08-06,2014-08-06 16:00:00,17,0.0,0.83148193
2014-08-06,2014-08-06 17:00:00,18,0.0,0.8600197
2014-08-06,2014-08-06 18:00:00,19,0.0,1.0540962
2014-08-06,2014-08-06 19:00:00,20,0.0,1.1996498
2014-08-06,2014-08-06 20:00:00,21,0.0,1.2185745
2014-08-06,2014-08-06 21:00:00,22,0.0,1.1395988
2014-08-06,2014-08-06 22:00:00,23,0.0,0.4784546
2014-08-06,2014-08-06 23:00:00,24,0.0,0.20729828
2014-08-07,2014-08-07 00:00:00,1,208.33333,206.38828
2014-08-07,2014-08-07 01:00:00,2,36.458332,38.446793
2014-08-07,2014-08-07 02:00:00,3,33.854168,36.803337
2014-08-07,2014-08-07 03:00:00,4,36.458332,41.45066
2014-08-07,2014-08-07 04:00:00,5,36.458332,37.15459
2014-08-07,2014-08-07 05:00:00,6,36.458332,48.239326
2014-08-07,2014-08-07 06:00:00,7,91.145836,120.157974
2014-08-07,2014-08-07 07:00:00,8,0.0,13.670542
2014-08-07,2014-08-07 08:00:00,9,0.0,0.5168381
2014-08-07,2014-08-07 09:00:00,10,0.0,1.1191826
2014-08-07,2014-08-07 10:00:00,11,0.0,0.7875366
2014-08-07,2014-08-07 11:00:00,12,0.0,1.076889
2014-08-07,2014-08-07 12:00:00,13,0.0,0.71377563
2014-08-07,2014-08-07 13:00:00,14,0.0,1.1472168
2014-08-07,2014-08-07 14:00:00,15,0.0,1.0260735
2014-08-07,2014-08-07 15:00:00,16,0.0,0.7170639
2014-08-07,2014-08-07 16:00:00,17,0.0,0.9849777
2014-08-07,2014-08-07 17:00:00,18,0.0,0.95960236
2014-08-07,2014-08-07 18:00:00,19,0.0,1.1565628
2014-08-07,2014-08-07 19:00:00,20,0.0,1.191803
2014-08-07,2014-08-07 20:00:00,21,0.0,1.5148926
2014-08-07,2014-08-07 21:00:00,22,0.0,1.4387856
2014-08-07,2014-08-07 22:00:00,23,0.0,0.9673424
2014-08-07,2014-08-07 23:00:00,24,0.0,1.965107
2014-08-08,2014-08-08 00:00:00,1,213.54167,201.57062
2014-08-08,2014-08-08 01:00:00,2,33.854168,36.72423
2014-08-08,2014-08-08 02:00:00,3,33.854168,26.443819
2014-08-08,2014-08-08 03:00:00,4,36.458332,31.342083
2014-08-08,2014-08-08 04:00:00,5,36.458332,31.621727
2014-08-08,2014-08-08 05:00:00,6,33.854168,41.45641
2014-08-08,2014-08-08 06:00:00,7,122.395836,103.0755
2014-08-08,2014-08-08 07:00:00,8,31.25,21.801435
2014-08-08,2014-08-08 08:00:00,9,0.0,0.33016968
2014-08-08,2014-08-08 09:00:00,10,0.0,0.8666115
2014-08-08,2014-08-08 10:00:00,11,0.0,0.6758957
2014-08-08,2014-08-08 11:00:00,12,0.0,0.93457794
2014-08-08,2014-08-08 12:00:00,13,0.0,0.778759
2014-08-08,2014-08-08 13:00:00,14,0.0,1.0057297
2014-08-08,2014-08-08 14:00:00,15,0.0,0.7545624
2014-08-08,2014-08-08 15:00:00,16,0.0,0.7717056
2014-08-08,2014-08-08 16:00:00,17,0.0,0.6592407
2014-08-08,2014-08-08 17:00:00,18,0.0,0.717083
2014-08-08,2014-08-08 18:00:00,19,0.0,0.85007477
2014-08-08,2014-08-08 19:00:00,20,0.0,0.8763466
2014-08-08,2014-08-08 20:00:00,21,0.0,0.76791763
2014-08-08,2014-08-08 21:00:00,22,0.0,0.783123
2014-08-08,2014-08-08 22:00:00,23,0.0,0.2946396
2014-08-08,2014-08-08 23:00:00,24,0.0,0.44909286
2014-08-09,2014-08-09 00:00:00,1,205.72917,160.09988
2014-08-09,2014-08-09 01:00:00,2,33.854168,22.659008
2014-08-09,2014-08-09 02:00:00,3,33.854168,16.623768
2014-08-09,2014-08-09 03:00:00,4,36.458332,25.751738
2014-08-09,2014-08-09 04:00:00,5,33.854168,36.72459
2014-08-09,2014-08-09 05:00:00,6,33.854168,54.19188
2014-08-09,2014-08-09 06:00:00,7,85.9375,115.62143
2014-08-09,2014-08-09 07:00:00,8,109.375,76.41559
2014-08-09,2014-08-09 08:00:00,9,117.1875,53.103767
2014-08-09,2014-08-09 09:00:00,10,0.0,10.898958
2014-08-09,2014-08-09 10:00:00,11,0.0,7.1362457
2014-08-09,2014-08-09 11:00:00,12,0.0,10.354473
2014-08-09,2014-08-09 12:00:00,13,0.0,8.047462
2014-08-09,2014-08-09 13:00:00,14,0.0,12.110085
2014-08-09,2014-08-09 14:00:00,15,208.33333,100.48416
2014-08-09,2014-08-09 15:00:00,16,36.458332,53.528095
2014-08-09,2014-08-09 16:00:00,17,36.458332,52.76933
2014-08-09,2014-08-09 17:00:00,18,44.270832,47.320995
2014-08-09,2014-08-09 18:00:00,19,36.458332,47.45753
2014-08-09,2014-08-09 19:00:00,20,138.02083,54.908295
2014-08-09,2014-08-09 20:00:00,21,0.0,30.252243
2014-08-09,2014-08-09 21:00:00,22,0.0,37.08235
2014-08-09,2014-08-09 22:00:00,23,203.125,96.031006
2014-08-09,2014-08-09 23:00:00,24,33.854168,72.92405
2014-08-10,2014-08-10 00:00:00,1,33.854168,65.79237
2014-08-10,2014-08-10 01:00:00,2,33.854168,69.62448
2014-08-10,2014-08-10 02:00:00,3,33.854168,77.42595
2014-08-10,2014-08-10 03:00:00,4,33.854168,88.82813
2014-08-10,2014-08-10 04:00:00,5,91.145836,101.88473
2014-08-10,2014-08-10 05:00:00,6,106.770836,107.767105
2014-08-10,2014-08-10 06:00:00,7,104.166664,111.20737
2014-08-10,2014-08-10 07:00:00,8,104.166664,112.736694
2014-08-10,2014-08-10 08:00:00,9,106.770836,109.485275
2014-08-10,2014-08-10 09:00:00,10,101.5625,104.959625
2014-08-10,2014-08-10 10:00:00,11,104.166664,99.777885
2014-08-10,2014-08-10 11:00:00,12,98.958336,96.58024
2014-08-10,2014-08-10 12:00:00,13,101.5625,93.20581
2014-08-10,2014-08-10 13:00:00,14,104.166664,95.07478
2014-08-10,2014-08-10 14:00:00,15,106.770836,95.16734
2014-08-10,2014-08-10 15:00:00,16,104.166664,94.770004
2014-08-10,2014-08-10 16:00:00,17,111.979164,99.83708
2014-08-10,2014-08-10 17:00:00,18,106.770836,101.22887
2014-08-10,2014-08-10 18:00:00,19,104.166664,101.44176
2014-08-10,2014-08-10 19:00:00,20,104.166664,101.75973
2014-08-10,2014-08-10 20:00:00,21,98.958336,101.03467
2014-08-10,2014-08-10 21:00:00,22,104.166664,101.42212
2014-08-10,2014-08-10 22:00:00,23,104.166664,102.63696
2014-08-10,2014-08-10 23:00:00,24,106.770836,105.42421
2014-08-11,2014-08-11 00:00:00,1,106.770836,108.01497
2014-08-11,2014-08-11 01:00:00,2,106.770836,108.14595
2014-08-11,2014-08-11 02:00:00,3,106.770836,108.13045
2014-08-11,2014-08-11 03:00:00,4,104.166664,108.64017
2014-08-11,2014-08-11 04:00:00,5,111.979164,108.35808
2014-08-11,2014-08-11 05:00:00,6,104.166664,108.59093
2014-08-11,2014-08-11 06:00:00,7,135.41667,109.832016
2014-08-11,2014-08-11 07:00:00,8,0.0,97.30966
2014-08-11,2014-08-11 08:00:00,9,0.0,103.61459
2014-08-11,2014-08-11 09:00:00,10,0.0,103.640594
2014-08-11,2014-08-11 10:00:00,11,0.0,21.762712
2014-08-11,2014-08-11 11:00:00,12,0.0,5.8848763
2014-08-11,2014-08-11 12:00:00,13,0.0,1.237339
2014-08-11,2014-08-11 13:00:00,14,0.0,-1.7918472
2014-08-11,2014-08-11 14:00:00,15,0.0,-2.4848022
2014-08-11,2014-08-11 15:00:00,16,0.0,-1.2293358
2014-08-11,2014-08-11 16:00:00,17,0.0,-0.74944305
2014-08-11,2014-08-11 17:00:00,18,0.0,-0.30639648
2014-08-11,2014-08-11 18:00:00,19,0.0,0.04080963
2014-08-11,2014-08-11 19:00:00,20,0.0,0.13651657
2014-08-11,2014-08-11 20:00:00,21,0.0,-0.08802414
2014-08-11,2014-08-11 21:00:00,22,0.0,0.18883514
2014-08-11,2014-08-11 22:00:00,23,0.0,0.112018585
2014-08-11,2014-08-11 23:00:00,24,0.0,2.586544
2014-08-12,2014-08-12 00:00:00,1,210.9375,192.6381
2014-08-12,2014-08-12 01:00:00,2,33.854168,23.740082
2014-08-12,2014-08-12 02:00:00,3,36.458332,22.417746
2014-08-12,2014-08-12 03:00:00,4,36.458332,25.960781
2014-08-12,2014-08-12 04:00:00,5,36.458332,27.851154
2014-08-12,2014-08-12 05:00:00,6,59.895832,35.538685
2014-08-12,2014-08-12 06:00:00,7,145.83333,100.24717
2014-08-12,2014-08-12 07:00:00,8,39.0625,16.912788
2014-08-12,2014-08-12 08:00:00,9,0.0,0.49991608
2014-08-12,2014-08-12 09:00:00,10,0.0,0.8492241
2014-08-12,2014-08-12 10:00:00,11,0.0,0.6683998
2014-08-12,2014-08-12 11:00:00,12,0.0,1.0161247
2014-08-12,2014-08-12 12:00:00,13,0.0,0.94734573
2014-08-12,2014-08-12 13:00:00,14,0.0,1.1735954
2014-08-12,2014-08-12 14:00:00,15,0.0,1.0684471
2014-08-12,2014-08-12 15:00:00,16,0.0,1.0435791
2014-08-12,2014-08-12 16:00:00,17,0.0,1.1611671
2014-08-12,2014-08-12 17:00:00,18,0.0,1.2091293
2014-08-12,2014-08-12 18:00:00,19,0.0,1.3213043
2014-08-12,2014-08-12 19:00:00,20,0.0,1.1513176
2014-08-12,2014-08-12 20:00:00,21,0.0,1.0129852
2014-08-12,2014-08-12 21:00:00,22,0.0,0.94410706
2014-08-12,2014-08-12 22:00:00,23,83.333336,0.44721603
2014-08-12,2014-08-12 23:00:00,24,2.6041667,0.282032
2014-08-13,2014-08-13 00:00:00,1,210.9375,201.65652
2014-08-13,2014-08-13 01:00:00,2,36.458332,38.164616
2014-08-13,2014-08-13 02:00:00,3,39.0625,35.52716
2014-08-13,2014-08-13 03:00:00,4,33.854168,40.167343
2014-08-13,2014-08-13 04:00:00,5,36.458332,37.81932
2014-08-13,2014-08-13 05:00:00,6,36.458332,47.99509
2014-08-13,2014-08-13 06:00:00,7,75.520836,115.30487
2014-08-13,2014-08-13 07:00:00,8,390.625,33.63569
2014-08-13,2014-08-13 08:00:00,9,333.33334,0.966732
2014-08-13,2014-08-13 09:00:00,10,231.77083,1.0343361
2014-08-13,2014-08-13 10:00:00,11,106.770836,1.0642395
2014-08-13,2014-08-13 11:00:00,12,119.791664,1.4110298
2014-08-13,2014-08-13 12:00:00,13,39.0625,1.0850754
2014-08-13,2014-08-13 13:00:00,14,41.666668,1.372982
2014-08-13,2014-08-13 14:00:00,15,39.0625,1.1470108
2014-08-13,2014-08-13 15:00:00,16,39.0625,1.0214958
2014-08-13,2014-08-13 16:00:00,17,39.0625,1.2662659
2014-08-13,2014-08-13 17:00:00,18,52.083332,1.2722168
2014-08-13,2014-08-13 18:00:00,19,260.41666,1.4072304
2014-08-13,2014-08-13 19:00:00,20,229.16667,1.5933609
2014-08-13,2014-08-13 20:00:00,21,309.89584,1.8219452
2014-08-13,2014-08-13 21:00:00,22,104.166664,1.7712784
2014-08-13,2014-08-13 22:00:00,23,39.0625,1.935894
2014-08-13,2014-08-13 23:00:00,24,36.458332,0.8355217
2014-08-14,2014-08-14 00:00:00,1,33.854168,120.71095
2014-08-14,2014-08-14 01:00:00,2,36.458332,65.05235
2014-08-14,2014-08-14 02:00:00,3,36.458332,61.107883
2014-08-14,2014-08-14 03:00:00,4,36.458332,63.872055
2014-08-14,2014-08-14 04:00:00,5,36.458332,69.92808
2014-08-14,2014-08-14 05:00:00,6,39.0625,80.281006
2014-08-14,2014-08-14 06:00:00,7,41.666668,113.0938
2014-08-14,2014-08-14 07:00:00,8,41.666668,81.079865
2014-08-14,2014-08-14 08:00:00,9,260.41666,56.963882
2014-08-14,2014-08-14 09:00:00,10,179.6875,47.491474
2014-08-14,2014-08-14 10:00:00,11,255.20833,44.187286
2014-08-14,2014-08-14 11:00:00,12,356.77084,42.35914
2014-08-14,2014-08-14 12:00:00,13,231.77083,41.70443
2014-08-14,2014-08-14 13:00:00,14,114.583336,38.029102
2014-08-14,2014-08-14 14:00:00,15,111.979164,38.698948
2014-08-14,2014-08-14 15:00:00,16,312.5,37.950485
2014-08-14,2014-08-14 16:00:00,17,463.54166,30.512001
2014-08-14,2014-08-14 17:00:00,18,471.35416,29.717426
2014-08-14,2014-08-14 18:00:00,19,244.79167,38.11384
2014-08-14,2014-08-14 19:00:00,20,0.0,34.309757
2014-08-14,2014-08-14 20:00:00,21,0.0,34.573563
2014-08-14,2014-08-14 21:00:00,22,0.0,31.496246
2014-08-14,2014-08-14 22:00:00,23,0.0,37.208626
2014-08-14,2014-08-14 23:00:00,24,0.0,42.640514
2014-08-15,2014-08-15 00:00:00,1,208.33333,58.548138
2014-08-15,2014-08-15 01:00:00,2,31.25,15.992229
2014-08-15,2014-08-15 02:00:00,3,33.854168,16.750496
2014-08-15,2014-08-15 03:00:00,4,33.854168,18.754105
2014-08-15,2014-08-15 04:00:00,5,33.854168,22.492226
2014-08-15,2014-08-15 05:00:00,6,80.729164,29.792751
2014-08-15,2014-08-15 06:00:00,7,88.541664,47.579853
2014-08-15,2014-08-15 07:00:00,8,101.5625,58.208023
2014-08-15,2014-08-15 08:00:00,9,135.41667,45.6236
2014-08-15,2014-08-15 09:00:00,10,143.22917,28.846622
2014-08-15,2014-08-15 10:00:00,11,96.354164,22.866535
2014-08-15,2014-08-15 11:00:00,12,98.958336,19.010746
2014-08-15,2014-08-15 12:00:00,13,111.979164,13.685024
2014-08-15,2014-08-15 13:00:00,14,132.8125,12.622753
2014-08-15,2014-08-15 14:00:00,15,130.20833,16.629715
2014-08-15,2014-08-15 15:00:00,16,104.166664,18.072224
2014-08-15,2014-08-15 16:00:00,17,104.166664,18.49546
2014-08-15,2014-08-15 17:00:00,18,98.958336,20.654972
2014-08-15,2014-08-15 18:00:00,19,127.604164,21.225334
2014-08-15,2014-08-15 19:00:00,20,135.41667,17.532856
2014-08-15,2014-08-15 20:00:00,21,106.770836,15.619892
2014-08-15,2014-08-15 21:00:00,22,109.375,14.313889
2014-08-15,2014-08-15 22:00:00,23,106.770836,16.967957
2014-08-15,2014-08-15 23:00:00,24,151.04167,20.59525
2014-08-16,2014-08-16 00:00:00,1,127.604164,143.75818
2014-08-16,2014-08-16 01:00:00,2,104.166664,132.66483
2014-08-16,2014-08-16 02:00:00,3,130.20833,127.39376
2014-08-16,2014-08-16 03:00:00,4,156.25,124.98509
2014-08-16,2014-08-16 04:00:00,5,114.583336,122.11467
2014-08-16,2014-08-16 05:00:00,6,119.791664,121.77942
2014-08-16,2014-08-16 06:00:00,7,161.45833,120.82916
2014-08-16,2014-08-16 07:00:00,8,130.20833,120.124245
2014-08-16,2014-08-16 08:00:00,9,127.604164,118.68942
2014-08-16,2014-08-16 09:00:00,10,341.14584,115.30205
2014-08-16,2014-08-16 10:00:00,11,0.0,112.65558
2014-08-16,2014-08-16 11:00:00,12,0.0,111.16939
2014-08-16,2014-08-16 12:00:00,13,0.0,109.67146
2014-08-16,2014-08-16 13:00:00,14,0.0,106.15712
2014-08-16,2014-08-16 14:00:00,15,213.54167,105.727135
2014-08-16,2014-08-16 15:00:00,16,36.458332,103.5003
2014-08-16,2014-08-16 16:00:00,17,36.458332,96.915695
2014-08-16,2014-08-16 17:00:00,18,36.458332,97.745316
2014-08-16,2014-08-16 18:00:00,19,36.458332,95.912994
2014-08-16,2014-08-16 19:00:00,20,59.895832,93.13666
2014-08-16,2014-08-16 20:00:00,21,0.0,90.56404
2014-08-16,2014-08-16 21:00:00,22,0.0,91.35164
2014-08-16,2014-08-16 22:00:00,23,218.75,93.79666
2014-08-16,2014-08-16 23:00:00,24,36.458332,95.40591
2014-08-17,2014-08-17 00:00:00,1,39.0625,43.54052
2014-08-17,2014-08-17 01:00:00,2,36.458332,44.075283
2014-08-17,2014-08-17 02:00:00,3,36.458332,46.02811
2014-08-17,2014-08-17 03:00:00,4,36.458332,48.625267
2014-08-17,2014-08-17 04:00:00,5,75.520836,56.291733
2014-08-17,2014-08-17 05:00:00,6,70.3125,62.47974
2014-08-17,2014-08-17 06:00:00,7,98.958336,68.707146
2014-08-17,2014-08-17 07:00:00,8,117.1875,74.910904
2014-08-17,2014-08-17 08:00:00,9,117.1875,75.66028
2014-08-17,2014-08-17 09:00:00,10,101.5625,74.779884
2014-08-17,2014-08-17 10:00:00,11,85.9375,68.983604
2014-08-17,2014-08-17 11:00:00,12,91.145836,66.33818
2014-08-17,2014-08-17 12:00:00,13,109.375,64.939415
2014-08-17,2014-08-17 13:00:00,14,111.979164,63.681194
2014-08-17,2014-08-17 14:00:00,15,114.583336,63.467495
2014-08-17,2014-08-17 15:00:00,16,93.75,63.595924
2014-08-17,2014-08-17 16:00:00,17,80.729164,62.988926
2014-08-17,2014-08-17 17:00:00,18,85.9375,64.61978
2014-08-17,2014-08-17 18:00:00,19,109.375,64.25665
2014-08-17,2014-08-17 19:00:00,20,111.979164,61.698288
2014-08-17,2014-08-17 20:00:00,21,117.1875,59.411545
2014-08-17,2014-08-17 21:00:00,22,101.5625,59.571533
2014-08-17,2014-08-17 22:00:00,23,98.958336,59.24996
2014-08-17,2014-08-17 23:00:00,24,101.5625,58.62779
2014-08-18,2014-08-18 00:00:00,1,111.979164,105.4191
2014-08-18,2014-08-18 01:00:00,2,140.625,103.98717
2014-08-18,2014-08-18 02:00:00,3,132.8125,104.0856
2014-08-18,2014-08-18 03:00:00,4,101.5625,105.031456
2014-08-18,2014-08-18 04:00:00,5,104.166664,104.087006
2014-08-18,2014-08-18 05:00:00,6,119.791664,105.01298
2014-08-18,2014-08-18 06:00:00,7,179.6875,105.38
2014-08-18,2014-08-18 07:00:00,8,0.0,104.26333
2014-08-18,2014-08-18 08:00:00,9,0.0,103.350746
2014-08-18,2014-08-18 09:00:00,10,0.0,99.93838
2014-08-18,2014-08-18 10:00:00,11,0.0,93.065865
2014-08-18,2014-08-18 11:00:00,12,0.0,88.22949
2014-08-18,2014-08-18 12:00:00,13,0.0,85.82519
2014-08-18,2014-08-18 13:00:00,14,0.0,83.91423
2014-08-18,2014-08-18 14:00:00,15,0.0,85.71839
2014-08-18,2014-08-18 15:00:00,16,0.0,80.4151
2014-08-18,2014-08-18 16:00:00,17,0.0,82.766266
2014-08-18,2014-08-18 17:00:00,18,0.0,82.50489
2014-08-18,2014-08-18 18:00:00,19,0.0,81.313835
2014-08-18,2014-08-18 19:00:00,20,0.0,80.20469
2014-08-18,2014-08-18 20:00:00,21,0.0,80.87815
2014-08-18,2014-08-18 21:00:00,22,0.0,79.64498
2014-08-18,2014-08-18 22:00:00,23,0.0,81.7691
2014-08-18,2014-08-18 23:00:00,24,0.0,82.36502
2014-08-19,2014-08-19 00:00:00,1,213.54167,7.0014954
2014-08-19,2014-08-19 01:00:00,2,36.458332,8.093338
2014-08-19,2014-08-19 02:00:00,3,33.854168,11.788376
2014-08-19,2014-08-19 03:00:00,4,39.0625,20.788498
2014-08-19,2014-08-19 04:00:00,5,33.854168,43.63009
2014-08-19,2014-08-19 05:00:00,6,72.916664,63.83559
2014-08-19,2014-08-19 06:00:00,7,104.166664,82.686554
2014-08-19,2014-08-19 07:00:00,8,0.0,98.36907
2014-08-19,2014-08-19 08:00:00,9,0.0,102.78482
2014-08-19,2014-08-19 09:00:00,10,0.0,99.519295
2014-08-19,2014-08-19 10:00:00,11,41.666668,94.7925
2014-08-19,2014-08-19 11:00:00,12,0.0,90.58173
2014-08-19,2014-08-19 12:00:00,13,0.0,92.96791
2014-08-19,2014-08-19 13:00:00,14,0.0,97.012665
2014-08-19,2014-08-19 14:00:00,15,0.0,96.3167
2014-08-19,2014-08-19 15:00:00,16,0.0,90.37165
2014-08-19,2014-08-19 16:00:00,17,0.0,85.62067
2014-08-19,2014-08-19 17:00:00,18,0.0,87.13306
2014-08-19,2014-08-19 18:00:00,19,0.0,93.91105
2014-08-19,2014-08-19 19:00:00,20,0.0,97.78725
2014-08-19,2014-08-19 20:00:00,21,0.0,97.59621
2014-08-19,2014-08-19 21:00:00,22,0.0,94.776115
2014-08-19,2014-08-19 22:00:00,23,0.0,92.276695
2014-08-19,2014-08-19 23:00:00,24,0.0,95.98008
2014-08-20,2014-08-20 00:00:00,1,208.33333,3.101738
2014-08-20,2014-08-20 01:00:00,2,33.854168,3.3182068
2014-08-20,2014-08-20 02:00:00,3,36.458332,3.2867737
2014-08-20,2014-08-20 03:00:00,4,36.458332,3.5697174
2014-08-20,2014-08-20 04:00:00,5,36.458332,3.3453445
2014-08-20,2014-08-20 05:00:00,6,111.979164,3.824768
2014-08-20,2014-08-20 06:00:00,7,109.375,3.7204514
2014-08-20,2014-08-20 07:00:00,8,0.0,3.468048
2014-08-20,2014-08-20 08:00:00,9,0.0,3.4266891
2014-08-20,2014-08-20 09:00:00,10,0.0,3.653305
2014-08-20,2014-08-20 10:00:00,11,0.0,3.4034119
2014-08-20,2014-08-20 11:00:00,12,0.0,3.889
2014-08-20,2014-08-20 12:00:00,13,0.0,4.3154297
2014-08-20,2014-08-20 13:00:00,14,0.0,3.9394302
2014-08-20,2014-08-20 14:00:00,15,0.0,3.4083252
2014-08-20,2014-08-20 15:00:00,16,0.0,3.9678802
2014-08-20,2014-08-20 16:00:00,17,0.0,2.6899948
2014-08-20,2014-08-20 17:00:00,18,0.0,2.406952
2014-08-20,2014-08-20 18:00:00,19,0.0,2.9392319
2014-08-20,2014-08-20 19:00:00,20,0.0,2.3305054
2014-08-20,2014-08-20 20:00:00,21,0.0,2.2205887
2014-08-20,2014-08-20 21:00:00,22,0.0,2.487297
2014-08-20,2014-08-20 22:00:00,23,0.0,3.0427628
2014-08-20,2014-08-20 23:00:00,24,0.0,3.543129
2014-08-21,2014-08-21 00:00:00,1,210.9375,172.85199
2014-08-21,2014-08-21 01:00:00,2,36.458332,26.082901
2014-08-21,2014-08-21 02:00:00,3,33.854168,10.672428
2014-08-21,2014-08-21 03:00:00,4,36.458332,16.917511
2014-08-21,2014-08-21 04:00:00,5,39.0625,17.34021
2014-08-21,2014-08-21 05:00:00,6,83.333336,85.218994
2014-08-21,2014-08-21 06:00:00,7,104.166664,91.75682
2014-08-21,2014-08-21 07:00:00,8,0.0,2.9301758
2014-08-21,2014-08-21 08:00:00,9,0.0,-0.12755585
2014-08-21,2014-08-21 09:00:00,10,0.0,1.1868744
2014-08-21,2014-08-21 10:00:00,11,0.0,2.184227
2014-08-21,2014-08-21 11:00:00,12,0.0,1.4524918
2014-08-21,2014-08-21 12:00:00,13,0.0,0.64902496
2014-08-21,2014-08-21 13:00:00,14,0.0,0.68289185
2014-08-21,2014-08-21 14:00:00,15,0.0,1.1889496
2014-08-21,2014-08-21 15:00:00,16,0.0,1.9634018
2014-08-21,2014-08-21 16:00:00,17,0.0,1.1303406
2014-08-21,2014-08-21 17:00:00,18,0.0,0.39378357
2014-08-21,2014-08-21 18:00:00,19,0.0,0.831604
2014-08-21,2014-08-21 19:00:00,20,0.0,1.4440613
2014-08-21,2014-08-21 20:00:00,21,0.0,1.187149
2014-08-21,2014-08-21 21:00:00,22,0.0,1.3739853
2014-08-21,2014-08-21 22:00:00,23,0.0,0.7668228
2014-08-21,2014-08-21 23:00:00,24,0.0,0.91856384
2014-08-22,2014-08-22 00:00:00,1,208.33333,204.28587
2014-08-22,2014-08-22 01:00:00,2,36.458332,38.27112
2014-08-22,2014-08-22 02:00:00,3,36.458332,32.27554
2014-08-22,2014-08-22 03:00:00,4,36.458332,35.864746
2014-08-22,2014-08-22 04:00:00,5,39.0625,36.642677
2014-08-22,2014-08-22 05:00:00,6,70.3125,91.5598
2014-08-22,2014-08-22 06:00:00,7,104.166664,105.86099
2014-08-22,2014-08-22 07:00:00,8,0.0,6.86409
2014-08-22,2014-08-22 08:00:00,9,0.0,1.5037842
2014-08-22,2014-08-22 09:00:00,10,0.0,2.9880905
2014-08-22,2014-08-22 10:00:00,11,0.0,1.7639961
2014-08-22,2014-08-22 11:00:00,12,0.0,1.5174713
2014-08-22,2014-08-22 12:00:00,13,0.0,0.46359634
2014-08-22,2014-08-22 13:00:00,14,0.0,1.0727043
2014-08-22,2014-08-22 14:00:00,15,0.0,1.5524101
2014-08-22,2014-08-22 15:00:00,16,0.0,1.2303696
2014-08-22,2014-08-22 16:00:00,17,0.0,0.1795578
2014-08-22,2014-08-22 17:00:00,18,0.0,0.40594482
2014-08-22,2014-08-22 18:00:00,19,0.0,2.9994164
2014-08-22,2014-08-22 19:00:00,20,0.0,4.2789803
2014-08-22,2014-08-22 20:00:00,21,0.0,1.1441116
2014-08-22,2014-08-22 21:00:00,22,0.0,3.2803688
2014-08-22,2014-08-22 22:00:00,23,0.0,26.601658
2014-08-22,2014-08-22 23:00:00,24,0.0,27.905546
2014-08-23,2014-08-23 00:00:00,1,213.54167,108.47946
2014-08-23,2014-08-23 01:00:00,2,33.854168,23.7957
2014-08-23,2014-08-23 02:00:00,3,33.854168,27.187187
2014-08-23,2014-08-23 03:00:00,4,33.854168,36.72845
2014-08-23,2014-08-23 04:00:00,5,36.458332,47.36828
2014-08-23,2014-08-23 05:00:00,6,104.166664,70.283966
2014-08-23,2014-08-23 06:00:00,7,93.75,94.36075
2014-08-23,2014-08-23 07:00:00,8,104.166664,64.96829
2014-08-23,2014-08-23 08:00:00,9,138.02083,59.414413
2014-08-23,2014-08-23 09:00:00,10,0.0,71.2522
2014-08-23,2014-08-23 10:00:00,11,0.0,12.410202
2014-08-23,2014-08-23 11:00:00,12,0.0,11.828716
2014-08-23,2014-08-23 12:00:00,13,0.0,11.086208
2014-08-23,2014-08-23 13:00:00,14,0.0,14.8181305
2014-08-23,2014-08-23 14:00:00,15,205.72917,61.865883
2014-08-23,2014-08-23 15:00:00,16,33.854168,36.31796
2014-08-23,2014-08-23 16:00:00,17,33.854168,28.225067
2014-08-23,2014-08-23 17:00:00,18,33.854168,28.03238
2014-08-23,2014-08-23 18:00:00,19,31.25,37.1989
2014-08-23,2014-08-23 19:00:00,20,75.520836,39.894093
2014-08-23,2014-08-23 20:00:00,21,0.0,34.081593
2014-08-23,2014-08-23 21:00:00,22,0.0,31.56262
2014-08-23,2014-08-23 22:00:00,23,210.9375,63.80467
2014-08-23,2014-08-23 23:00:00,24,33.854168,49.231014
2014-08-24,2014-08-24 00:00:00,1,39.0625,58.39659
2014-08-24,2014-08-24 01:00:00,2,36.458332,58.341248
2014-08-24,2014-08-24 02:00:00,3,39.0625,59.915733
2014-08-24,2014-08-24 03:00:00,4,101.5625,65.45895
2014-08-24,2014-08-24 04:00:00,5,96.354164,78.73474
2014-08-24,2014-08-24 05:00:00,6,106.770836,86.595474
2014-08-24,2014-08-24 06:00:00,7,114.583336,90.70722
2014-08-24,2014-08-24 07:00:00,8,148.4375,92.99005
2014-08-24,2014-08-24 08:00:00,9,138.02083,87.77244
2014-08-24,2014-08-24 09:00:00,10,109.375,78.35947
2014-08-24,2014-08-24 10:00:00,11,101.5625,74.23309
2014-08-24,2014-08-24 11:00:00,12,135.41667,77.46366
2014-08-24,2014-08-24 12:00:00,13,135.41667,82.75221
2014-08-24,2014-08-24 13:00:00,14,106.770836,86.39964
2014-08-24,2014-08-24 14:00:00,15,109.375,85.230125
2014-08-24,2014-08-24 15:00:00,16,104.166664,81.927
2014-08-24,2014-08-24 16:00:00,17,130.20833,81.062416
2014-08-24,2014-08-24 17:00:00,18,130.20833,80.223755
2014-08-24,2014-08-24 18:00:00,19,130.20833,85.273926
2014-08-24,2014-08-24 19:00:00,20,101.5625,89.124054
2014-08-24,2014-08-24 20:00:00,21,104.166664,88.92269
2014-08-24,2014-08-24 21:00:00,22,125.0,87.87865
2014-08-24,2014-08-24 22:00:00,23,153.64583,89.2686
2014-08-24,2014-08-24 23:00:00,24,111.979164,91.678856
2014-08-25,2014-08-25 00:00:00,1,111.979164,135.95729
2014-08-25,2014-08-25 01:00:00,2,132.8125,124.60657
2014-08-25,2014-08-25 02:00:00,3,161.45833,122.71524
2014-08-25,2014-08-25 03:00:00,4,117.1875,123.354965
2014-08-25,2014-08-25 04:00:00,5,114.583336,122.9588
2014-08-25,2014-08-25 05:00:00,6,174.47917,131.38777
2014-08-25,2014-08-25 06:00:00,7,132.8125,136.58067
2014-08-25,2014-08-25 07:00:00,8,0.0,34.72188
2014-08-25,2014-08-25 08:00:00,9,0.0,5.5692024
2014-08-25,2014-08-25 09:00:00,10,0.0,3.1797562
2014-08-25,2014-08-25 10:00:00,11,0.0,-0.96416473
2014-08-25,2014-08-25 11:00:00,12,0.0,-1.0482674
2014-08-25,2014-08-25 12:00:00,13,0.0,-0.6524658
2014-08-25,2014-08-25 13:00:00,14,0.0,0.43720245
2014-08-25,2014-08-25 14:00:00,15,0.0,-0.44326782
2014-08-25,2014-08-25 15:00:00,16,0.0,0.36458206
2014-08-25,2014-08-25 16:00:00,17,0.0,0.34864044
2014-08-25,2014-08-25 17:00:00,18,0.0,0.0008087158
2014-08-25,2014-08-25 18:00:00,19,0.0,-0.01977539
2014-08-25,2014-08-25 19:00:00,20,0.0,0.055599213
2014-08-25,2014-08-25 20:00:00,21,0.0,-0.17720795
2014-08-25,2014-08-25 21:00:00,22,0.0,-0.054325104
2014-08-25,2014-08-25 22:00:00,23,0.0,-0.38603592
2014-08-25,2014-08-25 23:00:00,24,0.0,0.75566864
2014-08-26,2014-08-26 00:00:00,1,213.54167,209.21542
2014-08-26,2014-08-26 01:00:00,2,36.458332,25.885612
2014-08-26,2014-08-26 02:00:00,3,33.854168,24.379135
2014-08-26,2014-08-26 03:00:00,4,36.458332,29.891336
2014-08-26,2014-08-26 04:00:00,5,36.458332,31.372124
2014-08-26,2014-08-26 05:00:00,6,39.0625,81.2266
2014-08-26,2014-08-26 06:00:00,7,130.20833,92.23917
2014-08-26,2014-08-26 07:00:00,8,0.0,1.9115982
2014-08-26,2014-08-26 08:00:00,9,0.0,0.92059326
2014-08-26,2014-08-26 09:00:00,10,0.0,1.586174
2014-08-26,2014-08-26 10:00:00,11,0.0,1.2739029
2014-08-26,2014-08-26 11:00:00,12,0.0,1.7030144
2014-08-26,2014-08-26 12:00:00,13,0.0,1.2587547
2014-08-26,2014-08-26 13:00:00,14,0.0,1.4844017
2014-08-26,2014-08-26 14:00:00,15,0.0,1.4805527
2014-08-26,2014-08-26 15:00:00,16,0.0,1.4241982
2014-08-26,2014-08-26 16:00:00,17,0.0,1.2349968
2014-08-26,2014-08-26 17:00:00,18,0.0,1.3800354
2014-08-26,2014-08-26 18:00:00,19,0.0,1.7386894
2014-08-26,2014-08-26 19:00:00,20,0.0,1.4551201
2014-08-26,2014-08-26 20:00:00,21,0.0,1.2600098
2014-08-26,2014-08-26 21:00:00,22,0.0,1.0295029
2014-08-26,2014-08-26 22:00:00,23,0.0,0.4645958
2014-08-26,2014-08-26 23:00:00,24,0.0,-0.117733
2014-08-27,2014-08-27 00:00:00,1,213.54167,201.70609
2014-08-27,2014-08-27 01:00:00,2,33.854168,34.532585
2014-08-27,2014-08-27 02:00:00,3,31.25,30.916237
2014-08-27,2014-08-27 03:00:00,4,33.854168,36.475895
2014-08-27,2014-08-27 04:00:00,5,33.854168,34.606197
2014-08-27,2014-08-27 05:00:00,6,36.458332,73.11055
2014-08-27,2014-08-27 06:00:00,7,127.604164,107.68853
2014-08-27,2014-08-27 07:00:00,8,0.0,1.2232513
2014-08-27,2014-08-27 08:00:00,9,0.0,0.78923416
2014-08-27,2014-08-27 09:00:00,10,0.0,1.4582062
2014-08-27,2014-08-27 10:00:00,11,0.0,1.0429764
2014-08-27,2014-08-27 11:00:00,12,0.0,1.4314651
2014-08-27,2014-08-27 12:00:00,13,0.0,0.9309387
2014-08-27,2014-08-27 13:00:00,14,0.0,1.2603722
2014-08-27,2014-08-27 14:00:00,15,0.0,0.9990883
2014-08-27,2014-08-27 15:00:00,16,0.0,0.9647293
2014-08-27,2014-08-27 16:00:00,17,0.0,0.95450974
2014-08-27,2014-08-27 17:00:00,18,0.0,1.038517
2014-08-27,2014-08-27 18:00:00,19,0.0,1.3621025
2014-08-27,2014-08-27 19:00:00,20,0.0,1.1922836
2014-08-27,2014-08-27 20:00:00,21,0.0,1.1825027
2014-08-27,2014-08-27 21:00:00,22,0.0,1.0575638
2014-08-27,2014-08-27 22:00:00,23,0.0,0.5047951
2014-08-27,2014-08-27 23:00:00,24,0.0,0.020763397
2014-08-28,2014-08-28 00:00:00,1,210.9375,216.37637
2014-08-28,2014-08-28 01:00:00,2,31.25,36.679466
2014-08-28,2014-08-28 02:00:00,3,36.458332,30.482811
2014-08-28,2014-08-28 03:00:00,4,33.854168,39.17007
2014-08-28,2014-08-28 04:00:00,5,33.854168,36.5401
2014-08-28,2014-08-28 05:00:00,6,36.458332,57.577232
2014-08-28,2014-08-28 06:00:00,7,145.83333,116.87587
2014-08-28,2014-08-28 07:00:00,8,0.0,2.416893
2014-08-28,2014-08-28 08:00:00,9,0.0,0.63603973
2014-08-28,2014-08-28 09:00:00,10,0.0,1.6150513
2014-08-28,2014-08-28 10:00:00,11,0.0,1.2676392
2014-08-28,2014-08-28 11:00:00,12,0.0,1.5096436
2014-08-28,2014-08-28 12:00:00,13,0.0,1.1087646
2014-08-28,2014-08-28 13:00:00,14,0.0,1.7266235
2014-08-28,2014-08-28 14:00:00,15,0.0,1.1380997
2014-08-28,2014-08-28 15:00:00,16,0.0,1.2384758
2014-08-28,2014-08-28 16:00:00,17,0.0,1.1825943
2014-08-28,2014-08-28 17:00:00,18,0.0,1.1563835
2014-08-28,2014-08-28 18:00:00,19,234.375,1.4861298
2014-08-28,2014-08-28 19:00:00,20,0.0,1.4157333
2014-08-28,2014-08-28 20:00:00,21,0.0,1.1189804
2014-08-28,2014-08-28 21:00:00,22,0.0,1.1913033
2014-08-28,2014-08-28 22:00:00,23,0.0,0.7516937
2014-08-28,2014-08-28 23:00:00,24,0.0,0.7261276
2014-08-29,2014-08-29 00:00:00,1,210.9375,202.75644
2014-08-29,2014-08-29 01:00:00,2,33.854168,34.654404
2014-08-29,2014-08-29 02:00:00,3,39.0625,24.991718
2014-08-29,2014-08-29 03:00:00,4,39.0625,33.43118
2014-08-29,2014-08-29 04:00:00,5,36.458332,33.03021
2014-08-29,2014-08-29 05:00:00,6,96.354164,45.227726
2014-08-29,2014-08-29 06:00:00,7,111.979164,122.574554
2014-08-29,2014-08-29 07:00:00,8,0.0,2.6282883
2014-08-29,2014-08-29 08:00:00,9,0.0,1.0609818
2014-08-29,2014-08-29 09:00:00,10,0.0,1.3931046
2014-08-29,2014-08-29 10:00:00,11,0.0,0.7222862
2014-08-29,2014-08-29 11:00:00,12,0.0,1.0312958
2014-08-29,2014-08-29 12:00:00,13,0.0,0.93294525
2014-08-29,2014-08-29 13:00:00,14,0.0,0.8960533
2014-08-29,2014-08-29 14:00:00,15,0.0,0.601387
2014-08-29,2014-08-29 15:00:00,16,0.0,0.67063904
2014-08-29,2014-08-29 16:00:00,17,0.0,0.88051224
2014-08-29,2014-08-29 17:00:00,18,0.0,0.772316
2014-08-29,2014-08-29 18:00:00,19,0.0,1.7380219
2014-08-29,2014-08-29 19:00:00,20,0.0,1.2097206
2014-08-29,2014-08-29 20:00:00,21,0.0,1.0493469
2014-08-29,2014-08-29 21:00:00,22,0.0,1.1468391
2014-08-29,2014-08-29 22:00:00,23,0.0,0.6045799
2014-08-29,2014-08-29 23:00:00,24,0.0,0.78952026
2014-08-30,2014-08-30 00:00:00,1,210.9375,156.46254
2014-08-30,2014-08-30 01:00:00,2,33.854168,24.728363
2014-08-30,2014-08-30 02:00:00,3,36.458332,11.968924
2014-08-30,2014-08-30 03:00:00,4,39.0625,23.227432
2014-08-30,2014-08-30 04:00:00,5,39.0625,41.833042
2014-08-30,2014-08-30 05:00:00,6,65.104164,88.64413
2014-08-30,2014-08-30 06:00:00,7,91.145836,115.3018
2014-08-30,2014-08-30 07:00:00,8,106.770836,112.87681
2014-08-30,2014-08-30 08:00:00,9,140.625,101.90857
2014-08-30,2014-08-30 09:00:00,10,36.458332,20.755058
2014-08-30,2014-08-30 10:00:00,11,0.0,14.525549
2014-08-30,2014-08-30 11:00:00,12,0.0,17.888939
2014-08-30,2014-08-30 12:00:00,13,0.0,16.316599
2014-08-30,2014-08-30 13:00:00,14,0.0,19.691011
2014-08-30,2014-08-30 14:00:00,15,213.54167,102.75473
2014-08-30,2014-08-30 15:00:00,16,36.458332,61.597885
2014-08-30,2014-08-30 16:00:00,17,36.458332,59.494213
2014-08-30,2014-08-30 17:00:00,18,36.458332,56.784405
2014-08-30,2014-08-30 18:00:00,19,36.458332,62.02659
2014-08-30,2014-08-30 19:00:00,20,36.458332,64.31627
2014-08-30,2014-08-30 20:00:00,21,46.875,55.0685
2014-08-30,2014-08-30 21:00:00,22,91.145836,59.775608
2014-08-30,2014-08-30 22:00:00,23,114.583336,116.33418
2014-08-30,2014-08-30 23:00:00,24,119.791664,90.61619
2014-08-31,2014-08-31 00:00:00,1,114.583336,120.8712
2014-08-31,2014-08-31 01:00:00,2,101.5625,121.29558
2014-08-31,2014-08-31 02:00:00,3,104.166664,125.64641
2014-08-31,2014-08-31 03:00:00,4,109.375,131.9508
2014-08-31,2014-08-31 04:00:00,5,130.20833,137.43114
2014-08-31,2014-08-31 05:00:00,6,143.22917,139.69948
2014-08-31,2014-08-31 06:00:00,7,122.395836,138.56317
2014-08-31,2014-08-31 07:00:00,8,109.375,138.065
2014-08-31,2014-08-31 08:00:00,9,106.770836,132.73935
2014-08-31,2014-08-31 09:00:00,10,145.83333,128.1509
2014-08-31,2014-08-31 10:00:00,11,125.0,126.05795
2014-08-31,2014-08-31 11:00:00,12,104.166664,125.01482
2014-08-31,2014-08-31 12:00:00,13,96.354164,123.50537
2014-08-31,2014-08-31 13:00:00,14,119.791664,123.028046
2014-08-31,2014-08-31 14:00:00,15,125.0,122.763565
2014-08-31,2014-08-31 15:00:00,16,119.791664,121.2879
2014-08-31,2014-08-31 16:00:00,17,93.75,116.232285
2014-08-31,2014-08-31 17:00:00,18,96.354164,119.622986
2014-08-31,2014-08-31 18:00:00,19,96.354164,119.58287
2014-08-31,2014-08-31 19:00:00,20,125.0,119.870605
2014-08-31,2014-08-31 20:00:00,21,127.604164,121.97179
2014-08-31,2014-08-31 21:00:00,22,114.583336,124.48982
2014-08-31,2014-08-31 22:00:00,23,106.770836,126.80893
2014-08-31,2014-08-31 23:00:00,24,106.770836,130.94783
2014-09-01,2014-09-01 00:00:00,1,109.375,140.39192
2014-09-01,2014-09-01 01:00:00,2,148.4375,121.27409
2014-09-01,2014-09-01 02:00:00,3,132.8125,121.9655
2014-09-01,2014-09-01 03:00:00,4,106.770836,118.00954
2014-09-01,2014-09-01 04:00:00,5,109.375,119.09624
2014-09-01,2014-09-01 05:00:00,6,132.8125,128.2451
2014-09-01,2014-09-01 06:00:00,7,161.45833,131.9288
2014-09-01,2014-09-01 07:00:00,8,0.0,17.259071
2014-09-01,2014-09-01 08:00:00,9,0.0,2.1034203
2014-09-01,2014-09-01 09:00:00,10,0.0,1.593811
2014-09-01,2014-09-01 10:00:00,11,0.0,-1.0694618
2014-09-01,2014-09-01 11:00:00,12,0.0,-1.2791824
2014-09-01,2014-09-01 12:00:00,13,0.0,-1.2424278
2014-09-01,2014-09-01 13:00:00,14,0.0,-0.4385643
2014-09-01,2014-09-01 14:00:00,15,0.0,-1.2629433
2014-09-01,2014-09-01 15:00:00,16,0.0,-0.47946548
2014-09-01,2014-09-01 16:00:00,17,0.0,-0.7723961
2014-09-01,2014-09-01 17:00:00,18,0.0,-1.4143219
2014-09-01,2014-09-01 18:00:00,19,0.0,1.4246979
2014-09-01,2014-09-01 19:00:00,20,0.0,-0.5271759
2014-09-01,2014-09-01 20:00:00,21,0.0,-0.48212433
2014-09-01,2014-09-01 21:00:00,22,0.0,-0.5741539
2014-09-01,2014-09-01 22:00:00,23,0.0,-0.6875496
2014-09-01,2014-09-01 23:00:00,24,0.0,1.2665825
2014-09-02,2014-09-02 00:00:00,1,213.54167,201.73724
2014-09-02,2014-09-02 01:00:00,2,36.458332,23.280828
2014-09-02,2014-09-02 02:00:00,3,36.458332,23.537994
2014-09-02,2014-09-02 03:00:00,4,39.0625,27.906519
2014-09-02,2014-09-02 04:00:00,5,33.854168,25.868332
2014-09-02,2014-09-02 05:00:00,6,36.458332,46.864876
2014-09-02,2014-09-02 06:00:00,7,78.125,111.96686
2014-09-02,2014-09-02 07:00:00,8,0.0,2.1968384
2014-09-02,2014-09-02 08:00:00,9,0.0,1.1243019
2014-09-02,2014-09-02 09:00:00,10,0.0,1.5269127
2014-09-02,2014-09-02 10:00:00,11,0.0,0.9310837
2014-09-02,2014-09-02 11:00:00,12,0.0,1.3088608
2014-09-02,2014-09-02 12:00:00,13,0.0,1.1045494
2014-09-02,2014-09-02 13:00:00,14,0.0,1.1529579
2014-09-02,2014-09-02 14:00:00,15,0.0,1.2459221
2014-09-02,2014-09-02 15:00:00,16,0.0,1.0773506
2014-09-02,2014-09-02 16:00:00,17,0.0,1.1232872
2014-09-02,2014-09-02 17:00:00,18,0.0,1.0199089
2014-09-02,2014-09-02 18:00:00,19,0.0,1.6002312
2014-09-02,2014-09-02 19:00:00,20,0.0,1.3304901
2014-09-02,2014-09-02 20:00:00,21,0.0,1.0827103
2014-09-02,2014-09-02 21:00:00,22,0.0,1.0364609
2014-09-02,2014-09-02 22:00:00,23,0.0,0.532444
2014-09-02,2014-09-02 23:00:00,24,0.0,0.44111252
2014-09-03,2014-09-03 00:00:00,1,213.54167,184.44463
2014-09-03,2014-09-03 01:00:00,2,33.854168,33.94786
2014-09-03,2014-09-03 02:00:00,3,33.854168,31.386143
2014-09-03,2014-09-03 03:00:00,4,33.854168,34.14275
2014-09-03,2014-09-03 04:00:00,5,33.854168,31.16077
2014-09-03,2014-09-03 05:00:00,6,36.458332,45.40951
2014-09-03,2014-09-03 06:00:00,7,184.89583,100.17971
2014-09-03,2014-09-03 07:00:00,8,372.39584,1.4904785
2014-09-03,2014-09-03 08:00:00,9,36.458332,1.0404625
2014-09-03,2014-09-03 09:00:00,10,31.25,1.4836655
2014-09-03,2014-09-03 10:00:00,11,28.645834,1.1442986
2014-09-03,2014-09-03 11:00:00,12,356.77084,1.548336
2014-09-03,2014-09-03 12:00:00,13,403.64584,1.1629639
2014-09-03,2014-09-03 13:00:00,14,341.14584,1.2437325
2014-09-03,2014-09-03 14:00:00,15,244.79167,0.9856987
2014-09-03,2014-09-03 15:00:00,16,291.66666,0.8052635
2014-09-03,2014-09-03 16:00:00,17,440.10416,0.92090225
2014-09-03,2014-09-03 17:00:00,18,106.770836,0.9559555
2014-09-03,2014-09-03 18:00:00,19,111.979164,1.4560242
2014-09-03,2014-09-03 19:00:00,20,117.1875,1.274807
2014-09-03,2014-09-03 20:00:00,21,130.20833,0.83631516
2014-09-03,2014-09-03 21:00:00,22,158.85417,0.7834778
2014-09-03,2014-09-03 22:00:00,23,125.0,0.13442612
2014-09-03,2014-09-03 23:00:00,24,109.375,0.016464233
2014-09-04,2014-09-04 00:00:00,1,104.166664,208.5057
2014-09-04,2014-09-04 01:00:00,2,130.20833,131.19116
2014-09-04,2014-09-04 02:00:00,3,145.83333,124.17798
2014-09-04,2014-09-04 03:00:00,4,109.375,125.29779
2014-09-04,2014-09-04 04:00:00,5,106.770836,120.95006
2014-09-04,2014-09-04 05:00:00,6,119.791664,140.52225
2014-09-04,2014-09-04 06:00:00,7,156.25,165.32257
2014-09-04,2014-09-04 07:00:00,8,276.04166,83.170334
2014-09-04,2014-09-04 08:00:00,9,114.583336,64.33414
2014-09-04,2014-09-04 09:00:00,10,192.70833,69.91586
2014-09-04,2014-09-04 10:00:00,11,257.8125,63.06509
2014-09-04,2014-09-04 11:00:00,12,7.8125,58.41238
2014-09-04,2014-09-04 12:00:00,13,0.0,54.844402
2014-09-04,2014-09-04 13:00:00,14,0.0,52.73318
2014-09-04,2014-09-04 14:00:00,15,0.0,54.05382
2014-09-04,2014-09-04 15:00:00,16,0.0,54.870354
2014-09-04,2014-09-04 16:00:00,17,0.0,77.274216
2014-09-04,2014-09-04 17:00:00,18,0.0,75.043785
2014-09-04,2014-09-04 18:00:00,19,0.0,87.14667
2014-09-04,2014-09-04 19:00:00,20,0.0,77.75607
2014-09-04,2014-09-04 20:00:00,21,0.0,83.49267
2014-09-04,2014-09-04 21:00:00,22,0.0,81.2631
2014-09-04,2014-09-04 22:00:00,23,0.0,67.77406
2014-09-04,2014-09-04 23:00:00,24,0.0,74.08325
2014-09-05,2014-09-05 00:00:00,1,208.33333,157.06128
2014-09-05,2014-09-05 01:00:00,2,33.854168,33.06291
2014-09-05,2014-09-05 02:00:00,3,36.458332,12.635738
2014-09-05,2014-09-05 03:00:00,4,36.458332,18.297024
2014-09-05,2014-09-05 04:00:00,5,36.458332,23.349998
2014-09-05,2014-09-05 05:00:00,6,72.916664,54.423225
2014-09-05,2014-09-05 06:00:00,7,104.166664,92.77455
2014-09-05,2014-09-05 07:00:00,8,0.0,34.851093
2014-09-05,2014-09-05 08:00:00,9,0.0,7.184326
2014-09-05,2014-09-05 09:00:00,10,0.0,3.8728027
2014-09-05,2014-09-05 10:00:00,11,0.0,1.2205276
2014-09-05,2014-09-05 11:00:00,12,0.0,2.3112335
2014-09-05,2014-09-05 12:00:00,13,0.0,1.6199722
2014-09-05,2014-09-05 13:00:00,14,0.0,0.83678436
2014-09-05,2014-09-05 14:00:00,15,0.0,1.0154648
2014-09-05,2014-09-05 15:00:00,16,0.0,2.421341
2014-09-05,2014-09-05 16:00:00,17,0.0,2.9363632
2014-09-05,2014-09-05 17:00:00,18,0.0,1.5760803
2014-09-05,2014-09-05 18:00:00,19,0.0,2.642662
2014-09-05,2014-09-05 19:00:00,20,0.0,2.8952713
2014-09-05,2014-09-05 20:00:00,21,0.0,2.922142
2014-09-05,2014-09-05 21:00:00,22,0.0,3.871109
2014-09-05,2014-09-05 22:00:00,23,0.0,3.5747604
2014-09-05,2014-09-05 23:00:00,24,0.0,8.907486
2014-09-06,2014-09-06 00:00:00,1,208.33333,115.17445
2014-09-06,2014-09-06 01:00:00,2,36.458332,15.483116
2014-09-06,2014-09-06 02:00:00,3,36.458332,10.733028
2014-09-06,2014-09-06 03:00:00,4,39.0625,15.505356
2014-09-06,2014-09-06 04:00:00,5,39.0625,22.119251
2014-09-06,2014-09-06 05:00:00,6,39.0625,46.1735
2014-09-06,2014-09-06 06:00:00,7,101.5625,64.90652
2014-09-06,2014-09-06 07:00:00,8,109.375,36.760555
2014-09-06,2014-09-06 08:00:00,9,127.604164,17.125553
2014-09-06,2014-09-06 09:00:00,10,26.041666,8.440289
2014-09-06,2014-09-06 10:00:00,11,0.0,5.455986
2014-09-06,2014-09-06 11:00:00,12,0.0,3.3295288
2014-09-06,2014-09-06 12:00:00,13,0.0,3.9444351
2014-09-06,2014-09-06 13:00:00,14,88.541664,4.001816
2014-09-06,2014-09-06 14:00:00,15,192.70833,14.1898155
2014-09-06,2014-09-06 15:00:00,16,33.854168,10.336231
2014-09-06,2014-09-06 16:00:00,17,36.458332,30.610458
2014-09-06,2014-09-06 17:00:00,18,33.854168,34.546173
2014-09-06,2014-09-06 18:00:00,19,33.854168,39.935497
2014-09-06,2014-09-06 19:00:00,20,101.5625,53.75744
2014-09-06,2014-09-06 20:00:00,21,385.41666,70.325966
2014-09-06,2014-09-06 21:00:00,22,39.0625,86.33068
2014-09-06,2014-09-06 22:00:00,23,36.458332,98.9971
2014-09-06,2014-09-06 23:00:00,24,36.458332,107.69386
2014-09-07,2014-09-07 00:00:00,1,36.458332,82.89315
2014-09-07,2014-09-07 01:00:00,2,54.6875,84.26882
2014-09-07,2014-09-07 02:00:00,3,83.333336,85.27463
2014-09-07,2014-09-07 03:00:00,4,111.979164,89.617256
2014-09-07,2014-09-07 04:00:00,5,127.604164,94.6883
2014-09-07,2014-09-07 05:00:00,6,119.791664,100.767876
2014-09-07,2014-09-07 06:00:00,7,98.958336,105.01314
2014-09-07,2014-09-07 07:00:00,8,156.25,103.211655
2014-09-07,2014-09-07 08:00:00,9,440.10416,101.25626
2014-09-07,2014-09-07 09:00:00,10,101.5625,100.510925
2014-09-07,2014-09-07 10:00:00,11,33.854168,99.1068
2014-09-07,2014-09-07 11:00:00,12,33.854168,95.80635
2014-09-07,2014-09-07 12:00:00,13,31.25,95.57295
2014-09-07,2014-09-07 13:00:00,14,83.333336,95.91103
2014-09-07,2014-09-07 14:00:00,15,78.125,95.064064
2014-09-07,2014-09-07 15:00:00,16,88.541664,89.22907
2014-09-07,2014-09-07 16:00:00,17,119.791664,93.776085
2014-09-07,2014-09-07 17:00:00,18,117.1875,86.70994
2014-09-07,2014-09-07 18:00:00,19,125.0,82.48936
2014-09-07,2014-09-07 19:00:00,20,104.166664,89.26575
2014-09-07,2014-09-07 20:00:00,21,101.5625,94.7442
2014-09-07,2014-09-07 21:00:00,22,104.166664,90.04537
2014-09-07,2014-09-07 22:00:00,23,117.1875,86.90459
2014-09-07,2014-09-07 23:00:00,24,138.02083,87.23074
2014-09-08,2014-09-08 00:00:00,1,138.02083,150.69339
2014-09-08,2014-09-08 01:00:00,2,104.166664,146.10303
2014-09-08,2014-09-08 02:00:00,3,104.166664,144.13834
2014-09-08,2014-09-08 03:00:00,4,145.83333,140.29175
2014-09-08,2014-09-08 04:00:00,5,135.41667,141.4606
2014-09-08,2014-09-08 05:00:00,6,109.375,147.81845
2014-09-08,2014-09-08 06:00:00,7,111.979164,158.48648
2014-09-08,2014-09-08 07:00:00,8,153.64583,119.83804
2014-09-08,2014-09-08 08:00:00,9,257.8125,72.63894
2014-09-08,2014-09-08 09:00:00,10,208.33333,46.519783
2014-09-08,2014-09-08 10:00:00,11,39.0625,25.324627
2014-09-08,2014-09-08 11:00:00,12,36.458332,7.42255
2014-09-08,2014-09-08 12:00:00,13,41.666668,4.0595703
2014-09-08,2014-09-08 13:00:00,14,111.979164,3.2934875
2014-09-08,2014-09-08 14:00:00,15,75.520836,4.47303
2014-09-08,2014-09-08 15:00:00,16,88.541664,3.3505936
2014-09-08,2014-09-08 16:00:00,17,117.1875,11.333542
2014-09-08,2014-09-08 17:00:00,18,127.604164,11.860962
2014-09-08,2014-09-08 18:00:00,19,114.583336,13.434177
2014-09-08,2014-09-08 19:00:00,20,0.0,16.879478
2014-09-08,2014-09-08 20:00:00,21,0.0,17.98676
2014-09-08,2014-09-08 21:00:00,22,0.0,17.352867
2014-09-08,2014-09-08 22:00:00,23,0.0,18.411781
2014-09-08,2014-09-08 23:00:00,24,0.0,31.702442
2014-09-09,2014-09-09 00:00:00,1,210.9375,22.043308
2014-09-09,2014-09-09 01:00:00,2,36.458332,12.619537
2014-09-09,2014-09-09 02:00:00,3,36.458332,14.537857
2014-09-09,2014-09-09 03:00:00,4,36.458332,20.824238
2014-09-09,2014-09-09 04:00:00,5,36.458332,24.603027
2014-09-09,2014-09-09 05:00:00,6,59.895832,36.876663
2014-09-09,2014-09-09 06:00:00,7,119.791664,50.31332
2014-09-09,2014-09-09 07:00:00,8,0.0,40.100723
2014-09-09,2014-09-09 08:00:00,9,0.0,22.00573
2014-09-09,2014-09-09 09:00:00,10,0.0,8.553917
2014-09-09,2014-09-09 10:00:00,11,0.0,1.7725601
2014-09-09,2014-09-09 11:00:00,12,0.0,2.635086
2014-09-09,2014-09-09 12:00:00,13,0.0,3.806427
2014-09-09,2014-09-09 13:00:00,14,0.0,4.6192093
2014-09-09,2014-09-09 14:00:00,15,0.0,4.7844315
2014-09-09,2014-09-09 15:00:00,16,0.0,4.487564
2014-09-09,2014-09-09 16:00:00,17,0.0,7.731964
2014-09-09,2014-09-09 17:00:00,18,0.0,8.755447
2014-09-09,2014-09-09 18:00:00,19,0.0,8.837151
2014-09-09,2014-09-09 19:00:00,20,0.0,10.2897415
2014-09-09,2014-09-09 20:00:00,21,0.0,10.294403
2014-09-09,2014-09-09 21:00:00,22,0.0,12.15789
2014-09-09,2014-09-09 22:00:00,23,0.0,15.000511
2014-09-09,2014-09-09 23:00:00,24,0.0,23.9496
2014-09-10,2014-09-10 00:00:00,1,210.9375,114.75552
2014-09-10,2014-09-10 01:00:00,2,36.458332,19.64378
2014-09-10,2014-09-10 02:00:00,3,39.0625,13.154045
2014-09-10,2014-09-10 03:00:00,4,39.0625,18.812923
2014-09-10,2014-09-10 04:00:00,5,36.458332,20.28048
2014-09-10,2014-09-10 05:00:00,6,36.458332,38.272068
2014-09-10,2014-09-10 06:00:00,7,130.20833,84.26008
2014-09-10,2014-09-10 07:00:00,8,7.8125,34.257084
2014-09-10,2014-09-10 08:00:00,9,0.0,12.167213
2014-09-10,2014-09-10 09:00:00,10,0.0,4.9055176
2014-09-10,2014-09-10 10:00:00,11,0.0,0.69433594
2014-09-10,2014-09-10 11:00:00,12,0.0,2.0039978
2014-09-10,2014-09-10 12:00:00,13,0.0,1.1615067
2014-09-10,2014-09-10 13:00:00,14,0.0,2.3766403
2014-09-10,2014-09-10 14:00:00,15,0.0,2.579712
2014-09-10,2014-09-10 15:00:00,16,0.0,2.0352783
2014-09-10,2014-09-10 16:00:00,17,0.0,6.210266
2014-09-10,2014-09-10 17:00:00,18,0.0,6.8004303
2014-09-10,2014-09-10 18:00:00,19,0.0,6.3650284
2014-09-10,2014-09-10 19:00:00,20,0.0,9.120819
2014-09-10,2014-09-10 20:00:00,21,0.0,10.867325
2014-09-10,2014-09-10 21:00:00,22,0.0,11.856499
2014-09-10,2014-09-10 22:00:00,23,0.0,11.4021225
2014-09-10,2014-09-10 23:00:00,24,0.0,19.190125
2014-09-11,2014-09-11 00:00:00,1,192.70833,164.25818
2014-09-11,2014-09-11 01:00:00,2,33.854168,19.68069
2014-09-11,2014-09-11 02:00:00,3,33.854168,27.959816
2014-09-11,2014-09-11 03:00:00,4,33.854168,32.31074
2014-09-11,2014-09-11 04:00:00,5,36.458332,29.103306
2014-09-11,2014-09-11 05:00:00,6,36.458332,48.552837
2014-09-11,2014-09-11 06:00:00,7,98.958336,107.03026
2014-09-11,2014-09-11 07:00:00,8,0.0,17.028477
2014-09-11,2014-09-11 08:00:00,9,0.0,2.43758
2014-09-11,2014-09-11 09:00:00,10,0.0,2.3973427
2014-09-11,2014-09-11 10:00:00,11,0.0,1.6247787
2014-09-11,2014-09-11 11:00:00,12,0.0,2.2642174
2014-09-11,2014-09-11 12:00:00,13,0.0,1.6411438
2014-09-11,2014-09-11 13:00:00,14,0.0,2.1319427
2014-09-11,2014-09-11 14:00:00,15,0.0,1.9303856
2014-09-11,2014-09-11 15:00:00,16,0.0,1.776104
2014-09-11,2014-09-11 16:00:00,17,0.0,0.9564514
2014-09-11,2014-09-11 17:00:00,18,0.0,0.8351898
2014-09-11,2014-09-11 18:00:00,19,0.0,1.4391975
2014-09-11,2014-09-11 19:00:00,20,0.0,1.3115959
2014-09-11,2014-09-11 20:00:00,21,0.0,1.0403671
2014-09-11,2014-09-11 21:00:00,22,0.0,1.7225342
2014-09-11,2014-09-11 22:00:00,23,0.0,1.3514595
2014-09-11,2014-09-11 23:00:00,24,0.0,3.726345
2014-09-12,2014-09-12 00:00:00,1,210.9375,185.20341
2014-09-12,2014-09-12 01:00:00,2,36.458332,41.545444
2014-09-12,2014-09-12 02:00:00,3,39.0625,31.036493
2014-09-12,2014-09-12 03:00:00,4,36.458332,38.444214
2014-09-12,2014-09-12 04:00:00,5,39.0625,35.06343
2014-09-12,2014-09-12 05:00:00,6,39.0625,51.126244
2014-09-12,2014-09-12 06:00:00,7,158.85417,109.53046
2014-09-12,2014-09-12 07:00:00,8,0.0,9.178616
2014-09-12,2014-09-12 08:00:00,9,0.0,0.8237686
2014-09-12,2014-09-12 09:00:00,10,0.0,1.2918282
2014-09-12,2014-09-12 10:00:00,11,0.0,0.71762466
2014-09-12,2014-09-12 11:00:00,12,0.0,1.1876144
2014-09-12,2014-09-12 12:00:00,13,0.0,0.52666473
2014-09-12,2014-09-12 13:00:00,14,0.0,0.8629265
2014-09-12,2014-09-12 14:00:00,15,0.0,0.5633507
2014-09-12,2014-09-12 15:00:00,16,0.0,0.5650978
2014-09-12,2014-09-12 16:00:00,17,0.0,-0.37894058
2014-09-12,2014-09-12 17:00:00,18,0.0,-0.37422562
2014-09-12,2014-09-12 18:00:00,19,0.0,0.22174072
2014-09-12,2014-09-12 19:00:00,20,0.0,0.2644043
2014-09-12,2014-09-12 20:00:00,21,0.0,0.1426239
2014-09-12,2014-09-12 21:00:00,22,0.0,-0.34388733
2014-09-12,2014-09-12 22:00:00,23,0.0,-0.79774094
2014-09-12,2014-09-12 23:00:00,24,0.0,0.62285995
2014-09-13,2014-09-13 00:00:00,1,208.33333,193.62471
2014-09-13,2014-09-13 01:00:00,2,36.458332,33.585796
2014-09-13,2014-09-13 02:00:00,3,36.458332,33.280647
2014-09-13,2014-09-13 03:00:00,4,33.854168,36.447624
2014-09-13,2014-09-13 04:00:00,5,33.854168,33.347996
2014-09-13,2014-09-13 05:00:00,6,33.854168,44.259666
2014-09-13,2014-09-13 06:00:00,7,106.770836,131.79018
2014-09-13,2014-09-13 07:00:00,8,114.583336,47.41756
2014-09-13,2014-09-13 08:00:00,9,114.583336,43.858162
2014-09-13,2014-09-13 09:00:00,10,0.0,5.3514442
2014-09-13,2014-09-13 10:00:00,11,0.0,-0.79416275
2014-09-13,2014-09-13 11:00:00,12,0.0,-0.6641617
2014-09-13,2014-09-13 12:00:00,13,0.0,-2.1050644
2014-09-13,2014-09-13 13:00:00,14,0.0,26.52477
2014-09-13,2014-09-13 14:00:00,15,213.54167,49.166206
2014-09-13,2014-09-13 15:00:00,16,36.458332,5.8160095
2014-09-13,2014-09-13 16:00:00,17,33.854168,7.4180603
2014-09-13,2014-09-13 17:00:00,18,36.458332,8.282185
2014-09-13,2014-09-13 18:00:00,19,36.458332,10.979599
2014-09-13,2014-09-13 19:00:00,20,67.708336,25.185665
2014-09-13,2014-09-13 20:00:00,21,0.0,71.426994
2014-09-13,2014-09-13 21:00:00,22,0.0,18.170185
2014-09-13,2014-09-13 22:00:00,23,218.75,23.830467
2014-09-13,2014-09-13 23:00:00,24,39.0625,30.452324
2014-09-14,2014-09-14 00:00:00,1,36.458332,61.954678
2014-09-14,2014-09-14 01:00:00,2,39.0625,57.495586
2014-09-14,2014-09-14 02:00:00,3,36.458332,74.676895
2014-09-14,2014-09-14 03:00:00,4,36.458332,92.51997
2014-09-14,2014-09-14 04:00:00,5,104.166664,98.29578
2014-09-14,2014-09-14 05:00:00,6,114.583336,92.74676
2014-09-14,2014-09-14 06:00:00,7,117.1875,101.82744
2014-09-14,2014-09-14 07:00:00,8,98.958336,134.90536
2014-09-14,2014-09-14 08:00:00,9,96.354164,185.07124
2014-09-14,2014-09-14 09:00:00,10,93.75,99.93123
2014-09-14,2014-09-14 10:00:00,11,119.791664,16.833008
2014-09-14,2014-09-14 11:00:00,12,132.8125,11.001972
2014-09-14,2014-09-14 12:00:00,13,109.375,20.405485
2014-09-14,2014-09-14 13:00:00,14,96.354164,56.93766
2014-09-14,2014-09-14 14:00:00,15,98.958336,70.60712
2014-09-14,2014-09-14 15:00:00,16,106.770836,71.73223
2014-09-14,2014-09-14 16:00:00,17,132.8125,73.96683
2014-09-14,2014-09-14 17:00:00,18,130.20833,74.70927
2014-09-14,2014-09-14 18:00:00,19,101.5625,72.65129
2014-09-14,2014-09-14 19:00:00,20,98.958336,52.94702
2014-09-14,2014-09-14 20:00:00,21,109.375,39.97109
2014-09-14,2014-09-14 21:00:00,22,140.625,43.863205
2014-09-14,2014-09-14 22:00:00,23,138.02083,64.23775
2014-09-14,2014-09-14 23:00:00,24,117.1875,73.969124
2014-09-15,2014-09-15 00:00:00,1,109.375,121.76203
2014-09-15,2014-09-15 01:00:00,2,111.979164,120.86144
2014-09-15,2014-09-15 02:00:00,3,148.4375,121.66096
2014-09-15,2014-09-15 03:00:00,4,119.791664,123.403694
2014-09-15,2014-09-15 04:00:00,5,106.770836,125.71309
2014-09-15,2014-09-15 05:00:00,6,106.770836,125.78563
2014-09-15,2014-09-15 06:00:00,7,179.6875,127.042175
2014-09-15,2014-09-15 07:00:00,8,0.0,132.62936
2014-09-15,2014-09-15 08:00:00,9,0.0,134.26224
2014-09-15,2014-09-15 09:00:00,10,0.0,128.51881
2014-09-15,2014-09-15 10:00:00,11,0.0,116.40428
2014-09-15,2014-09-15 11:00:00,12,0.0,110.18579
2014-09-15,2014-09-15 12:00:00,13,0.0,107.797424
2014-09-15,2014-09-15 13:00:00,14,0.0,111.29036
2014-09-15,2014-09-15 14:00:00,15,0.0,111.391266
2014-09-15,2014-09-15 15:00:00,16,0.0,112.59746
2014-09-15,2014-09-15 16:00:00,17,0.0,92.88414
2014-09-15,2014-09-15 17:00:00,18,0.0,80.8817
2014-09-15,2014-09-15 18:00:00,19,0.0,61.65107
2014-09-15,2014-09-15 19:00:00,20,0.0,22.296467
2014-09-15,2014-09-15 20:00:00,21,0.0,8.374798
2014-09-15,2014-09-15 21:00:00,22,0.0,8.848095
2014-09-15,2014-09-15 22:00:00,23,0.0,5.8976326
2014-09-15,2014-09-15 23:00:00,24,0.0,11.282707
2014-09-16,2014-09-16 00:00:00,1,208.33333,207.38066
2014-09-16,2014-09-16 01:00:00,2,33.854168,29.91914
2014-09-16,2014-09-16 02:00:00,3,36.458332,30.39953
2014-09-16,2014-09-16 03:00:00,4,36.458332,33.540752
2014-09-16,2014-09-16 04:00:00,5,33.854168,33.25545
2014-09-16,2014-09-16 05:00:00,6,36.458332,41.587173
2014-09-16,2014-09-16 06:00:00,7,127.604164,120.700615
2014-09-16,2014-09-16 07:00:00,8,0.0,3.3167534
2014-09-16,2014-09-16 08:00:00,9,0.0,1.3133011
2014-09-16,2014-09-16 09:00:00,10,0.0,1.6603012
2014-09-16,2014-09-16 10:00:00,11,0.0,1.3516273
2014-09-16,2014-09-16 11:00:00,12,0.0,1.5525856
2014-09-16,2014-09-16 12:00:00,13,0.0,1.3544807
2014-09-16,2014-09-16 13:00:00,14,0.0,1.4912872
2014-09-16,2014-09-16 14:00:00,15,0.0,1.4115372
2014-09-16,2014-09-16 15:00:00,16,0.0,1.1670952
2014-09-16,2014-09-16 16:00:00,17,0.0,1.4597778
2014-09-16,2014-09-16 17:00:00,18,65.104164,1.4375763
2014-09-16,2014-09-16 18:00:00,19,0.0,1.6691856
2014-09-16,2014-09-16 19:00:00,20,0.0,1.6412735
2014-09-16,2014-09-16 20:00:00,21,0.0,1.2698936
2014-09-16,2014-09-16 21:00:00,22,0.0,1.3215523
2014-09-16,2014-09-16 22:00:00,23,0.0,0.71256256
2014-09-16,2014-09-16 23:00:00,24,0.0,0.35951614
2014-09-17,2014-09-17 00:00:00,1,213.54167,193.28925
2014-09-17,2014-09-17 01:00:00,2,36.458332,31.08561
2014-09-17,2014-09-17 02:00:00,3,36.458332,31.802898
2014-09-17,2014-09-17 03:00:00,4,36.458332,36.781216
2014-09-17,2014-09-17 04:00:00,5,31.25,30.740503
2014-09-17,2014-09-17 05:00:00,6,33.854168,39.404903
2014-09-17,2014-09-17 06:00:00,7,70.3125,111.5571
2014-09-17,2014-09-17 07:00:00,8,0.0,1.837616
2014-09-17,2014-09-17 08:00:00,9,0.0,0.94148254
2014-09-17,2014-09-17 09:00:00,10,0.0,1.5276451
2014-09-17,2014-09-17 10:00:00,11,0.0,1.232727
2014-09-17,2014-09-17 11:00:00,12,0.0,1.3741608
2014-09-17,2014-09-17 12:00:00,13,0.0,0.9928589
2014-09-17,2014-09-17 13:00:00,14,145.83333,1.2911072
2014-09-17,2014-09-17 14:00:00,15,80.729164,1.0136108
2014-09-17,2014-09-17 15:00:00,16,80.729164,0.693161
2014-09-17,2014-09-17 16:00:00,17,0.0,1.2338829
2014-09-17,2014-09-17 17:00:00,18,0.0,1.280201
2014-09-17,2014-09-17 18:00:00,19,0.0,1.2520523
2014-09-17,2014-09-17 19:00:00,20,0.0,1.4780617
2014-09-17,2014-09-17 20:00:00,21,0.0,1.4551697
2014-09-17,2014-09-17 21:00:00,22,0.0,1.363884
2014-09-17,2014-09-17 22:00:00,23,0.0,0.74349976
2014-09-17,2014-09-17 23:00:00,24,0.0,0.2667389
2014-09-18,2014-09-18 00:00:00,1,216.14583,204.76869
2014-09-18,2014-09-18 01:00:00,2,36.458332,35.158646
2014-09-18,2014-09-18 02:00:00,3,33.854168,32.520676
2014-09-18,2014-09-18 03:00:00,4,36.458332,37.327663
2014-09-18,2014-09-18 04:00:00,5,36.458332,31.368576
2014-09-18,2014-09-18 05:00:00,6,41.666668,35.588314
2014-09-18,2014-09-18 06:00:00,7,67.708336,105.85197
2014-09-18,2014-09-18 07:00:00,8,0.0,2.1104698
2014-09-18,2014-09-18 08:00:00,9,0.0,0.51317596
2014-09-18,2014-09-18 09:00:00,10,0.0,0.83052826
2014-09-18,2014-09-18 10:00:00,11,0.0,0.6233635
2014-09-18,2014-09-18 11:00:00,12,0.0,0.7421074
2014-09-18,2014-09-18 12:00:00,13,59.895832,-0.16275787
2014-09-18,2014-09-18 13:00:00,14,0.0,1.0457954
2014-09-18,2014-09-18 14:00:00,15,67.708336,0.0018196106
2014-09-18,2014-09-18 15:00:00,16,0.0,0.2207222
2014-09-18,2014-09-18 16:00:00,17,0.0,0.25879288
2014-09-18,2014-09-18 17:00:00,18,0.0,0.62425613
2014-09-18,2014-09-18 18:00:00,19,0.0,0.7441368
2014-09-18,2014-09-18 19:00:00,20,0.0,1.1117172
2014-09-18,2014-09-18 20:00:00,21,0.0,1.0547104
2014-09-18,2014-09-18 21:00:00,22,0.0,1.1270142
2014-09-18,2014-09-18 22:00:00,23,0.0,0.8622818
2014-09-18,2014-09-18 23:00:00,24,0.0,1.9379463
2014-09-19,2014-09-19 00:00:00,1,203.125,191.04175
2014-09-19,2014-09-19 01:00:00,2,33.854168,34.522137
2014-09-19,2014-09-19 02:00:00,3,36.458332,24.690031
2014-09-19,2014-09-19 03:00:00,4,33.854168,31.37535
2014-09-19,2014-09-19 04:00:00,5,36.458332,33.792114
2014-09-19,2014-09-19 05:00:00,6,36.458332,39.537945
2014-09-19,2014-09-19 06:00:00,7,62.5,70.19987
2014-09-19,2014-09-19 07:00:00,8,0.0,4.380268
2014-09-19,2014-09-19 08:00:00,9,0.0,0.9338379
2014-09-19,2014-09-19 09:00:00,10,0.0,0.7064171
2014-09-19,2014-09-19 10:00:00,11,0.0,0.24590683
2014-09-19,2014-09-19 11:00:00,12,0.0,0.6011696
2014-09-19,2014-09-19 12:00:00,13,0.0,0.5814781
2014-09-19,2014-09-19 13:00:00,14,0.0,0.6801605
2014-09-19,2014-09-19 14:00:00,15,0.0,16.948746
2014-09-19,2014-09-19 15:00:00,16,0.0,-0.09054184
2014-09-19,2014-09-19 16:00:00,17,0.0,0.31437302
2014-09-19,2014-09-19 17:00:00,18,0.0,0.1428833
2014-09-19,2014-09-19 18:00:00,19,0.0,0.44340515
2014-09-19,2014-09-19 19:00:00,20,0.0,0.37199402
2014-09-19,2014-09-19 20:00:00,21,0.0,0.39752197
2014-09-19,2014-09-19 21:00:00,22,0.0,0.12471008
2014-09-19,2014-09-19 22:00:00,23,0.0,-0.07624817
2014-09-19,2014-09-19 23:00:00,24,0.0,-0.2041893
2014-09-20,2014-09-20 00:00:00,1,205.72917,149.66827
2014-09-20,2014-09-20 01:00:00,2,31.25,13.055904
2014-09-20,2014-09-20 02:00:00,3,33.854168,7.9631996
2014-09-20,2014-09-20 03:00:00,4,31.25,9.6406975
2014-09-20,2014-09-20 04:00:00,5,36.458332,20.719505
2014-09-20,2014-09-20 05:00:00,6,33.854168,35.41427
2014-09-20,2014-09-20 06:00:00,7,33.854168,77.09877
2014-09-20,2014-09-20 07:00:00,8,36.458332,45.937553
2014-09-20,2014-09-20 08:00:00,9,72.916664,29.047531
2014-09-20,2014-09-20 09:00:00,10,0.0,3.6298447
2014-09-20,2014-09-20 10:00:00,11,0.0,0.6192322
2014-09-20,2014-09-20 11:00:00,12,0.0,1.4954338
2014-09-20,2014-09-20 12:00:00,13,0.0,1.436142
2014-09-20,2014-09-20 13:00:00,14,0.0,2.896843
2014-09-20,2014-09-20 14:00:00,15,216.14583,72.62804
2014-09-20,2014-09-20 15:00:00,16,33.854168,27.489689
2014-09-20,2014-09-20 16:00:00,17,31.25,16.171938
2014-09-20,2014-09-20 17:00:00,18,33.854168,10.73955
2014-09-20,2014-09-20 18:00:00,19,33.854168,6.376869
2014-09-20,2014-09-20 19:00:00,20,57.291668,6.859638
2014-09-20,2014-09-20 20:00:00,21,0.0,2.693016
2014-09-20,2014-09-20 21:00:00,22,0.0,6.0697746
2014-09-20,2014-09-20 22:00:00,23,200.52083,51.196236
2014-09-20,2014-09-20 23:00:00,24,36.458332,23.106798
2014-09-21,2014-09-21 00:00:00,1,31.25,68.05867
2014-09-21,2014-09-21 01:00:00,2,31.25,62.117188
2014-09-21,2014-09-21 02:00:00,3,33.854168,64.01709
2014-09-21,2014-09-21 03:00:00,4,33.854168,77.07982
2014-09-21,2014-09-21 04:00:00,5,31.25,109.07521
2014-09-21,2014-09-21 05:00:00,6,36.458332,112.090004
2014-09-21,2014-09-21 06:00:00,7,33.854168,114.685425
2014-09-21,2014-09-21 07:00:00,8,41.666668,108.865585
2014-09-21,2014-09-21 08:00:00,9,33.854168,101.362
2014-09-21,2014-09-21 09:00:00,10,33.854168,97.88884
2014-09-21,2014-09-21 10:00:00,11,31.25,97.91547
2014-09-21,2014-09-21 11:00:00,12,33.854168,98.81239
2014-09-21,2014-09-21 12:00:00,13,33.854168,97.36638
2014-09-21,2014-09-21 13:00:00,14,36.458332,97.18544
2014-09-21,2014-09-21 14:00:00,15,36.458332,98.31977
2014-09-21,2014-09-21 15:00:00,16,41.666668,101.202805
2014-09-21,2014-09-21 16:00:00,17,39.0625,112.7325
2014-09-21,2014-09-21 17:00:00,18,36.458332,112.97843
2014-09-21,2014-09-21 18:00:00,19,33.854168,112.69232
2014-09-21,2014-09-21 19:00:00,20,36.458332,112.09904
2014-09-21,2014-09-21 20:00:00,21,33.854168,112.073784
2014-09-21,2014-09-21 21:00:00,22,36.458332,115.38861
2014-09-21,2014-09-21 22:00:00,23,36.458332,118.150665
2014-09-21,2014-09-21 23:00:00,24,39.0625,119.24938
2014-09-22,2014-09-22 00:00:00,1,36.458332,69.55655
2014-09-22,2014-09-22 01:00:00,2,31.25,54.119797
2014-09-22,2014-09-22 02:00:00,3,33.854168,50.903328
2014-09-22,2014-09-22 03:00:00,4,33.854168,49.402294
2014-09-22,2014-09-22 04:00:00,5,31.25,48.637268
2014-09-22,2014-09-22 05:00:00,6,36.458332,49.379642
2014-09-22,2014-09-22 06:00:00,7,39.0625,50.01348
2014-09-22,2014-09-22 07:00:00,8,403.64584,36.532234
2014-09-22,2014-09-22 08:00:00,9,98.958336,28.28526
2014-09-22,2014-09-22 09:00:00,10,0.0,24.98449
2014-09-22,2014-09-22 10:00:00,11,0.0,22.184792
2014-09-22,2014-09-22 11:00:00,12,0.0,21.517765
2014-09-22,2014-09-22 12:00:00,13,0.0,21.731224
2014-09-22,2014-09-22 13:00:00,14,0.0,22.571335
2014-09-22,2014-09-22 14:00:00,15,0.0,23.806087
2014-09-22,2014-09-22 15:00:00,16,0.0,23.963133
2014-09-22,2014-09-22 16:00:00,17,0.0,25.353426
2014-09-22,2014-09-22 17:00:00,18,0.0,23.112478
2014-09-22,2014-09-22 18:00:00,19,0.0,20.556503
2014-09-22,2014-09-22 19:00:00,20,0.0,20.108807
2014-09-22,2014-09-22 20:00:00,21,0.0,18.923113
2014-09-22,2014-09-22 21:00:00,22,0.0,18.17258
2014-09-22,2014-09-22 22:00:00,23,0.0,19.27488
2014-09-22,2014-09-22 23:00:00,24,0.0,23.847889
2014-09-23,2014-09-23 00:00:00,1,210.9375,148.48796
2014-09-23,2014-09-23 01:00:00,2,39.0625,25.474897
2014-09-23,2014-09-23 02:00:00,3,36.458332,24.699112
2014-09-23,2014-09-23 03:00:00,4,33.854168,24.773838
2014-09-23,2014-09-23 04:00:00,5,33.854168,28.069727
2014-09-23,2014-09-23 05:00:00,6,54.6875,34.408165
2014-09-23,2014-09-23 06:00:00,7,125.0,47.06706
2014-09-23,2014-09-23 07:00:00,8,0.0,4.57885
2014-09-23,2014-09-23 08:00:00,9,0.0,1.2196178
2014-09-23,2014-09-23 09:00:00,10,0.0,1.1403141
2014-09-23,2014-09-23 10:00:00,11,0.0,0.68387794
2014-09-23,2014-09-23 11:00:00,12,0.0,0.8485069
2014-09-23,2014-09-23 12:00:00,13,0.0,0.30420303
2014-09-23,2014-09-23 13:00:00,14,0.0,0.34545898
2014-09-23,2014-09-23 14:00:00,15,0.0,0.46297264
2014-09-23,2014-09-23 15:00:00,16,0.0,0.3759613
2014-09-23,2014-09-23 16:00:00,17,0.0,0.92029953
2014-09-23,2014-09-23 17:00:00,18,0.0,0.7930622
2014-09-23,2014-09-23 18:00:00,19,0.0,1.1633434
2014-09-23,2014-09-23 19:00:00,20,0.0,0.96640587
2014-09-23,2014-09-23 20:00:00,21,0.0,0.8223305
2014-09-23,2014-09-23 21:00:00,22,0.0,0.6503372
2014-09-23,2014-09-23 22:00:00,23,0.0,0.28334618
2014-09-23,2014-09-23 23:00:00,24,0.0,0.45222855
2014-09-24,2014-09-24 00:00:00,1,203.125,209.47145
2014-09-24,2014-09-24 01:00:00,2,39.0625,42.196384
2014-09-24,2014-09-24 02:00:00,3,36.458332,34.57966
2014-09-24,2014-09-24 03:00:00,4,39.0625,37.429485
2014-09-24,2014-09-24 04:00:00,5,33.854168,36.371952
2014-09-24,2014-09-24 05:00:00,6,59.895832,52.82637
2014-09-24,2014-09-24 06:00:00,7,125.0,74.83399
2014-09-24,2014-09-24 07:00:00,8,0.0,1.792923
2014-09-24,2014-09-24 08:00:00,9,0.0,0.6091919
2014-09-24,2014-09-24 09:00:00,10,0.0,0.68169975
2014-09-24,2014-09-24 10:00:00,11,0.0,0.4526806
2014-09-24,2014-09-24 11:00:00,12,0.0,0.8976307
2014-09-24,2014-09-24 12:00:00,13,0.0,0.06553841
2014-09-24,2014-09-24 13:00:00,14,0.0,0.18174362
2014-09-24,2014-09-24 14:00:00,15,0.0,2.9073944
2014-09-24,2014-09-24 15:00:00,16,0.0,-0.085746765
2014-09-24,2014-09-24 16:00:00,17,0.0,0.24193382
2014-09-24,2014-09-24 17:00:00,18,0.0,0.17479515
2014-09-24,2014-09-24 18:00:00,19,0.0,0.59672356
2014-09-24,2014-09-24 19:00:00,20,0.0,0.5407467
2014-09-24,2014-09-24 20:00:00,21,0.0,0.55773544
2014-09-24,2014-09-24 21:00:00,22,0.0,0.3595066
2014-09-24,2014-09-24 22:00:00,23,0.0,0.024000168
2014-09-24,2014-09-24 23:00:00,24,0.0,0.09243584
2014-09-25,2014-09-25 00:00:00,1,210.9375,213.77408
2014-09-25,2014-09-25 01:00:00,2,36.458332,43.096924
2014-09-25,2014-09-25 02:00:00,3,39.0625,39.545773
2014-09-25,2014-09-25 03:00:00,4,36.458332,42.01326
2014-09-25,2014-09-25 04:00:00,5,36.458332,39.774582
2014-09-25,2014-09-25 05:00:00,6,49.479168,54.402435
2014-09-25,2014-09-25 06:00:00,7,125.0,89.86496
2014-09-25,2014-09-25 07:00:00,8,0.0,1.9812374
2014-09-25,2014-09-25 08:00:00,9,0.0,0.3262024
2014-09-25,2014-09-25 09:00:00,10,0.0,0.5735378
2014-09-25,2014-09-25 10:00:00,11,0.0,0.44293022
2014-09-25,2014-09-25 11:00:00,12,0.0,0.76633835
2014-09-25,2014-09-25 12:00:00,13,0.0,0.21086693
2014-09-25,2014-09-25 13:00:00,14,0.0,0.5093746
2014-09-25,2014-09-25 14:00:00,15,0.0,0.5696144
2014-09-25,2014-09-25 15:00:00,16,0.0,0.40335083
2014-09-25,2014-09-25 16:00:00,17,0.0,0.3730526
2014-09-25,2014-09-25 17:00:00,18,0.0,0.4635868
2014-09-25,2014-09-25 18:00:00,19,0.0,0.828516
2014-09-25,2014-09-25 19:00:00,20,0.0,0.7272644
2014-09-25,2014-09-25 20:00:00,21,0.0,0.82242584
2014-09-25,2014-09-25 21:00:00,22,0.0,0.5452137
2014-09-25,2014-09-25 22:00:00,23,0.0,0.27840042
2014-09-25,2014-09-25 23:00:00,24,0.0,0.21872139
2014-09-26,2014-09-26 00:00:00,1,203.125,199.21323
2014-09-26,2014-09-26 01:00:00,2,33.854168,44.795197
2014-09-26,2014-09-26 02:00:00,3,33.854168,35.28077
2014-09-26,2014-09-26 03:00:00,4,36.458332,38.6806
2014-09-26,2014-09-26 04:00:00,5,36.458332,37.68051
2014-09-26,2014-09-26 05:00:00,6,36.458332,58.080914
2014-09-26,2014-09-26 06:00:00,7,96.354164,102.20607
2014-09-26,2014-09-26 07:00:00,8,0.0,2.71801
2014-09-26,2014-09-26 08:00:00,9,0.0,0.46380806
2014-09-26,2014-09-26 09:00:00,10,0.0,1.0563354
2014-09-26,2014-09-26 10:00:00,11,0.0,0.7124977
2014-09-26,2014-09-26 11:00:00,12,0.0,0.943964
2014-09-26,2014-09-26 12:00:00,13,0.0,0.50536156
2014-09-26,2014-09-26 13:00:00,14,0.0,0.7778454
2014-09-26,2014-09-26 14:00:00,15,0.0,0.63376427
2014-09-26,2014-09-26 15:00:00,16,0.0,0.5432682
2014-09-26,2014-09-26 16:00:00,17,0.0,0.28059387
2014-09-26,2014-09-26 17:00:00,18,0.0,0.28733063
2014-09-26,2014-09-26 18:00:00,19,0.0,0.62846756
2014-09-26,2014-09-26 19:00:00,20,0.0,0.6452484
2014-09-26,2014-09-26 20:00:00,21,0.0,0.6499653
2014-09-26,2014-09-26 21:00:00,22,0.0,0.41815567
2014-09-26,2014-09-26 22:00:00,23,0.0,0.06337166
2014-09-26,2014-09-26 23:00:00,24,0.0,0.34091377
2014-09-27,2014-09-27 00:00:00,1,213.54167,179.59799
2014-09-27,2014-09-27 01:00:00,2,39.0625,32.970226
2014-09-27,2014-09-27 02:00:00,3,36.458332,27.936615
2014-09-27,2014-09-27 03:00:00,4,36.458332,29.497046
2014-09-27,2014-09-27 04:00:00,5,36.458332,30.385433
2014-09-27,2014-09-27 05:00:00,6,33.854168,38.494644
2014-09-27,2014-09-27 06:00:00,7,85.9375,57.938347
2014-09-27,2014-09-27 07:00:00,8,109.375,25.600534
2014-09-27,2014-09-27 08:00:00,9,179.6875,18.136187
2014-09-27,2014-09-27 09:00:00,10,179.6875,3.7650795
2014-09-27,2014-09-27 10:00:00,11,0.0,1.6817341
2014-09-27,2014-09-27 11:00:00,12,49.479168,2.0066147
2014-09-27,2014-09-27 12:00:00,13,0.0,1.3861427
2014-09-27,2014-09-27 13:00:00,14,0.0,6.0289345
2014-09-27,2014-09-27 14:00:00,15,210.9375,64.65776
2014-09-27,2014-09-27 15:00:00,16,39.0625,40.408398
2014-09-27,2014-09-27 16:00:00,17,36.458332,35.1597
2014-09-27,2014-09-27 17:00:00,18,33.854168,34.11443
2014-09-27,2014-09-27 18:00:00,19,36.458332,33.28284
2014-09-27,2014-09-27 19:00:00,20,49.479168,32.402966
2014-09-27,2014-09-27 20:00:00,21,0.0,26.749659
2014-09-27,2014-09-27 21:00:00,22,0.0,29.246557
2014-09-27,2014-09-27 22:00:00,23,200.52083,42.50561
2014-09-27,2014-09-27 23:00:00,24,33.854168,37.788128
2014-09-28,2014-09-28 00:00:00,1,33.854168,31.99861
2014-09-28,2014-09-28 01:00:00,2,31.25,31.061146
2014-09-28,2014-09-28 02:00:00,3,33.854168,30.674784
2014-09-28,2014-09-28 03:00:00,4,41.666668,31.34461
2014-09-28,2014-09-28 04:00:00,5,101.5625,31.883911
2014-09-28,2014-09-28 05:00:00,6,104.166664,33.888245
2014-09-28,2014-09-28 06:00:00,7,101.5625,37.082245
2014-09-28,2014-09-28 07:00:00,8,114.583336,39.22882
2014-09-28,2014-09-28 08:00:00,9,106.770836,33.242226
2014-09-28,2014-09-28 09:00:00,10,104.166664,26.909193
2014-09-28,2014-09-28 10:00:00,11,104.166664,21.995733
2014-09-28,2014-09-28 11:00:00,12,101.5625,20.641869
2014-09-28,2014-09-28 12:00:00,13,101.5625,22.143692
2014-09-28,2014-09-28 13:00:00,14,101.5625,24.168158
2014-09-28,2014-09-28 14:00:00,15,101.5625,27.743645
2014-09-28,2014-09-28 15:00:00,16,104.166664,28.371681
2014-09-28,2014-09-28 16:00:00,17,101.5625,31.735298
2014-09-28,2014-09-28 17:00:00,18,104.166664,26.56753
2014-09-28,2014-09-28 18:00:00,19,109.375,21.77057
2014-09-28,2014-09-28 19:00:00,20,101.5625,20.53181
2014-09-28,2014-09-28 20:00:00,21,101.5625,19.84896
2014-09-28,2014-09-28 21:00:00,22,106.770836,21.652908
2014-09-28,2014-09-28 22:00:00,23,106.770836,24.115181
2014-09-28,2014-09-28 23:00:00,24,104.166664,25.347872
2014-09-29,2014-09-29 00:00:00,1,106.770836,111.97473
2014-09-29,2014-09-29 01:00:00,2,104.166664,110.190125
2014-09-29,2014-09-29 02:00:00,3,104.166664,109.42288
2014-09-29,2014-09-29 03:00:00,4,106.770836,106.87717
2014-09-29,2014-09-29 04:00:00,5,106.770836,108.75989
2014-09-29,2014-09-29 05:00:00,6,109.375,111.93973
2014-09-29,2014-09-29 06:00:00,7,127.604164,114.7323
2014-09-29,2014-09-29 07:00:00,8,0.0,116.12251
2014-09-29,2014-09-29 08:00:00,9,0.0,107.99017
2014-09-29,2014-09-29 09:00:00,10,0.0,63.385674
2014-09-29,2014-09-29 10:00:00,11,0.0,41.787987
2014-09-29,2014-09-29 11:00:00,12,0.0,28.954561
2014-09-29,2014-09-29 12:00:00,13,0.0,19.17643
2014-09-29,2014-09-29 13:00:00,14,0.0,14.917078
2014-09-29,2014-09-29 14:00:00,15,0.0,11.230295
2014-09-29,2014-09-29 15:00:00,16,0.0,13.57531
2014-09-29,2014-09-29 16:00:00,17,0.0,10.815556
2014-09-29,2014-09-29 17:00:00,18,0.0,13.00375
2014-09-29,2014-09-29 18:00:00,19,0.0,14.0908985
2014-09-29,2014-09-29 19:00:00,20,0.0,12.648817
2014-09-29,2014-09-29 20:00:00,21,0.0,7.4972076
2014-09-29,2014-09-29 21:00:00,22,0.0,11.679697
2014-09-29,2014-09-29 22:00:00,23,0.0,7.687298
2014-09-29,2014-09-29 23:00:00,24,0.0,14.720261
2014-09-30,2014-09-30 00:00:00,1,210.9375,184.15814
2014-09-30,2014-09-30 01:00:00,2,33.854168,25.595623
2014-09-30,2014-09-30 02:00:00,3,33.854168,23.712255
2014-09-30,2014-09-30 03:00:00,4,36.458332,27.932674
2014-09-30,2014-09-30 04:00:00,5,33.854168,26.312057
2014-09-30,2014-09-30 05:00:00,6,72.916664,42.190693
2014-09-30,2014-09-30 06:00:00,7,119.791664,93.86241
2014-09-30,2014-09-30 07:00:00,8,0.0,1.4834938
2014-09-30,2014-09-30 08:00:00,9,0.0,0.8525696
2014-09-30,2014-09-30 09:00:00,10,0.0,1.3955307
2014-09-30,2014-09-30 10:00:00,11,0.0,0.979702
2014-09-30,2014-09-30 11:00:00,12,0.0,1.4178543
2014-09-30,2014-09-30 12:00:00,13,0.0,1.0712624
2014-09-30,2014-09-30 13:00:00,14,0.0,1.2826385
2014-09-30,2014-09-30 14:00:00,15,0.0,1.1798439
2014-09-30,2014-09-30 15:00:00,16,0.0,1.2920647
2014-09-30,2014-09-30 16:00:00,17,0.0,1.0883675
2014-09-30,2014-09-30 17:00:00,18,0.0,1.0507774
2014-09-30,2014-09-30 18:00:00,19,0.0,1.2612534
2014-09-30,2014-09-30 19:00:00,20,0.0,1.2535744
2014-09-30,2014-09-30 20:00:00,21,0.0,0.9145508
2014-09-30,2014-09-30 21:00:00,22,0.0,0.9341278
2014-09-30,2014-09-30 22:00:00,23,0.0,0.41758347
2014-09-30,2014-09-30 23:00:00,24,0.0,0.21062088
2014-10-01,2014-10-01 00:00:00,1,205.72917,191.88522
2014-10-01,2014-10-01 01:00:00,2,36.458332,34.892014
2014-10-01,2014-10-01 02:00:00,3,36.458332,35.29493
2014-10-01,2014-10-01 03:00:00,4,39.0625,40.586456
2014-10-01,2014-10-01 04:00:00,5,33.854168,36.449768
2014-10-01,2014-10-01 05:00:00,6,33.854168,57.355686
2014-10-01,2014-10-01 06:00:00,7,104.166664,113.10592
2014-10-01,2014-10-01 07:00:00,8,0.0,0.90680313
2014-10-01,2014-10-01 08:00:00,9,0.0,0.7314186
2014-10-01,2014-10-01 09:00:00,10,0.0,1.5623398
2014-10-01,2014-10-01 10:00:00,11,0.0,1.1357346
2014-10-01,2014-10-01 11:00:00,12,0.0,1.5312004
2014-10-01,2014-10-01 12:00:00,13,0.0,0.9385643
2014-10-01,2014-10-01 13:00:00,14,0.0,1.3819313
2014-10-01,2014-10-01 14:00:00,15,0.0,0.9663658
2014-10-01,2014-10-01 15:00:00,16,0.0,0.7836838
2014-10-01,2014-10-01 16:00:00,17,0.0,1.0367355
2014-10-01,2014-10-01 17:00:00,18,0.0,1.0349388
2014-10-01,2014-10-01 18:00:00,19,0.0,1.260067
2014-10-01,2014-10-01 19:00:00,20,0.0,1.2954559
2014-10-01,2014-10-01 20:00:00,21,0.0,1.0463028
2014-10-01,2014-10-01 21:00:00,22,0.0,1.0221443
2014-10-01,2014-10-01 22:00:00,23,0.0,0.38608932
2014-10-01,2014-10-01 23:00:00,24,0.0,0.11175156
2014-10-02,2014-10-02 00:00:00,1,213.54167,201.10474
2014-10-02,2014-10-02 01:00:00,2,33.854168,35.606956
2014-10-02,2014-10-02 02:00:00,3,36.458332,30.880817
2014-10-02,2014-10-02 03:00:00,4,33.854168,37.041157
2014-10-02,2014-10-02 04:00:00,5,36.458332,32.600204
2014-10-02,2014-10-02 05:00:00,6,39.0625,46.838005
2014-10-02,2014-10-02 06:00:00,7,111.979164,105.48477
2014-10-02,2014-10-02 07:00:00,8,0.0,1.9954948
2014-10-02,2014-10-02 08:00:00,9,46.875,0.44760895
2014-10-02,2014-10-02 09:00:00,10,0.0,1.3524971
2014-10-02,2014-10-02 10:00:00,11,0.0,0.9218178
2014-10-02,2014-10-02 11:00:00,12,0.0,1.2370949
2014-10-02,2014-10-02 12:00:00,13,0.0,0.7991028
2014-10-02,2014-10-02 13:00:00,14,0.0,1.3461571
2014-10-02,2014-10-02 14:00:00,15,0.0,0.9088707
2014-10-02,2014-10-02 15:00:00,16,0.0,0.93084335
2014-10-02,2014-10-02 16:00:00,17,0.0,0.6577759
2014-10-02,2014-10-02 17:00:00,18,0.0,0.6228943
2014-10-02,2014-10-02 18:00:00,19,0.0,0.92656326
2014-10-02,2014-10-02 19:00:00,20,0.0,0.9072075
2014-10-02,2014-10-02 20:00:00,21,0.0,0.5743141
2014-10-02,2014-10-02 21:00:00,22,0.0,0.72797394
2014-10-02,2014-10-02 22:00:00,23,0.0,0.23268509
2014-10-02,2014-10-02 23:00:00,24,0.0,0.30871582
2014-10-03,2014-10-03 00:00:00,1,213.54167,198.03255
2014-10-03,2014-10-03 01:00:00,2,36.458332,36.938972
2014-10-03,2014-10-03 02:00:00,3,36.458332,30.02018
2014-10-03,2014-10-03 03:00:00,4,36.458332,36.10619
2014-10-03,2014-10-03 04:00:00,5,39.0625,37.039494
2014-10-03,2014-10-03 05:00:00,6,36.458332,47.019028
2014-10-03,2014-10-03 06:00:00,7,101.5625,100.67798
2014-10-03,2014-10-03 07:00:00,8,0.0,3.1738663
2014-10-03,2014-10-03 08:00:00,9,0.0,1.2063637
2014-10-03,2014-10-03 09:00:00,10,0.0,1.2188606
2014-10-03,2014-10-03 10:00:00,11,0.0,0.83180237
2014-10-03,2014-10-03 11:00:00,12,0.0,1.158371
2014-10-03,2014-10-03 12:00:00,13,0.0,0.7257614
2014-10-03,2014-10-03 13:00:00,14,0.0,1.0220184
2014-10-03,2014-10-03 14:00:00,15,0.0,0.64886856
2014-10-03,2014-10-03 15:00:00,16,0.0,0.73856735
2014-10-03,2014-10-03 16:00:00,17,0.0,0.6214371
2014-10-03,2014-10-03 17:00:00,18,0.0,0.53876114
2014-10-03,2014-10-03 18:00:00,19,0.0,0.72520447
2014-10-03,2014-10-03 19:00:00,20,0.0,0.87636566
2014-10-03,2014-10-03 20:00:00,21,0.0,0.44109344
2014-10-03,2014-10-03 21:00:00,22,0.0,0.54855347
2014-10-03,2014-10-03 22:00:00,23,0.0,-0.09007263
2014-10-03,2014-10-03 23:00:00,24,0.0,-0.3138275
2014-10-04,2014-10-04 00:00:00,1,216.14583,149.5845
2014-10-04,2014-10-04 01:00:00,2,36.458332,19.20084
2014-10-04,2014-10-04 02:00:00,3,39.0625,16.792988
2014-10-04,2014-10-04 03:00:00,4,39.0625,19.248938
2014-10-04,2014-10-04 04:00:00,5,33.854168,39.68379
2014-10-04,2014-10-04 05:00:00,6,54.6875,50.0922
2014-10-04,2014-10-04 06:00:00,7,106.770836,101.48199
2014-10-04,2014-10-04 07:00:00,8,106.770836,98.4055
2014-10-04,2014-10-04 08:00:00,9,138.02083,113.51909
2014-10-04,2014-10-04 09:00:00,10,0.0,105.22029
2014-10-04,2014-10-04 10:00:00,11,0.0,38.596092
2014-10-04,2014-10-04 11:00:00,12,0.0,43.40363
2014-10-04,2014-10-04 12:00:00,13,0.0,24.743275
2014-10-04,2014-10-04 13:00:00,14,0.0,20.937098
2014-10-04,2014-10-04 14:00:00,15,213.54167,88.70984
2014-10-04,2014-10-04 15:00:00,16,36.458332,55.554977
2014-10-04,2014-10-04 16:00:00,17,36.458332,38.84038
2014-10-04,2014-10-04 17:00:00,18,39.0625,32.609955
2014-10-04,2014-10-04 18:00:00,19,33.854168,30.886679
2014-10-04,2014-10-04 19:00:00,20,67.708336,19.47216
2014-10-04,2014-10-04 20:00:00,21,0.0,6.097988
2014-10-04,2014-10-04 21:00:00,22,0.0,6.6447754
2014-10-04,2014-10-04 22:00:00,23,210.9375,72.553345
2014-10-04,2014-10-04 23:00:00,24,36.458332,32.359154
2014-10-05,2014-10-05 00:00:00,1,33.854168,71.51552
2014-10-05,2014-10-05 01:00:00,2,33.854168,70.35931
2014-10-05,2014-10-05 02:00:00,3,36.458332,75.573
2014-10-05,2014-10-05 03:00:00,4,46.875,86.422714
2014-10-05,2014-10-05 04:00:00,5,101.5625,100.597694
2014-10-05,2014-10-05 05:00:00,6,101.5625,106.54376
2014-10-05,2014-10-05 06:00:00,7,109.375,109.04347
2014-10-05,2014-10-05 07:00:00,8,106.770836,109.87317
2014-10-05,2014-10-05 08:00:00,9,104.166664,105.51303
2014-10-05,2014-10-05 09:00:00,10,101.5625,101.81193
2014-10-05,2014-10-05 10:00:00,11,101.5625,97.64086
2014-10-05,2014-10-05 11:00:00,12,101.5625,97.26753
2014-10-05,2014-10-05 12:00:00,13,101.5625,96.18067
2014-10-05,2014-10-05 13:00:00,14,104.166664,96.912
2014-10-05,2014-10-05 14:00:00,15,104.166664,97.56416
2014-10-05,2014-10-05 15:00:00,16,104.166664,97.96332
2014-10-05,2014-10-05 16:00:00,17,104.166664,100.521454
2014-10-05,2014-10-05 17:00:00,18,104.166664,102.27957
2014-10-05,2014-10-05 18:00:00,19,109.375,104.04799
2014-10-05,2014-10-05 19:00:00,20,101.5625,105.032135
2014-10-05,2014-10-05 20:00:00,21,104.166664,104.2838
2014-10-05,2014-10-05 21:00:00,22,106.770836,105.542404
2014-10-05,2014-10-05 22:00:00,23,104.166664,105.375656
2014-10-05,2014-10-05 23:00:00,24,106.770836,107.18602
2014-10-06,2014-10-06 00:00:00,1,98.958336,113.28958
2014-10-06,2014-10-06 01:00:00,2,101.5625,110.618
2014-10-06,2014-10-06 02:00:00,3,101.5625,109.05586
2014-10-06,2014-10-06 03:00:00,4,104.166664,110.0668
2014-10-06,2014-10-06 04:00:00,5,104.166664,110.285995
2014-10-06,2014-10-06 05:00:00,6,111.979164,112.148834
2014-10-06,2014-10-06 06:00:00,7,132.8125,114.00638
2014-10-06,2014-10-06 07:00:00,8,182.29167,23.208576
2014-10-06,2014-10-06 08:00:00,9,200.52083,3.2901955
2014-10-06,2014-10-06 09:00:00,10,54.6875,0.64310074
2014-10-06,2014-10-06 10:00:00,11,52.083332,-0.66073227
2014-10-06,2014-10-06 11:00:00,12,44.270832,-0.954834
2014-10-06,2014-10-06 12:00:00,13,49.479168,-0.7634697
2014-10-06,2014-10-06 13:00:00,14,109.375,0.17380905
2014-10-06,2014-10-06 14:00:00,15,114.583336,-0.70500565
2014-10-06,2014-10-06 15:00:00,16,106.770836,-0.056671143
2014-10-06,2014-10-06 16:00:00,17,111.979164,-0.48480225
2014-10-06,2014-10-06 17:00:00,18,117.1875,-0.7777786
2014-10-06,2014-10-06 18:00:00,19,114.583336,-0.30392456
2014-10-06,2014-10-06 19:00:00,20,119.791664,-0.20405197
2014-10-06,2014-10-06 20:00:00,21,109.375,-0.5290985
2014-10-06,2014-10-06 21:00:00,22,109.375,-0.42666245
2014-10-06,2014-10-06 22:00:00,23,104.166664,-0.83610153
2014-10-06,2014-10-06 23:00:00,24,101.5625,-0.060474396
2014-10-07,2014-10-07 00:00:00,1,101.5625,172.15138
2014-10-07,2014-10-07 01:00:00,2,104.166664,104.03698
2014-10-07,2014-10-07 02:00:00,3,104.166664,99.80844
2014-10-07,2014-10-07 03:00:00,4,104.166664,100.25499
2014-10-07,2014-10-07 04:00:00,5,104.166664,98.102234
2014-10-07,2014-10-07 05:00:00,6,104.166664,112.22396
2014-10-07,2014-10-07 06:00:00,7,106.770836,145.76332
2014-10-07,2014-10-07 07:00:00,8,109.375,66.59064
2014-10-07,2014-10-07 08:00:00,9,111.979164,44.55063
2014-10-07,2014-10-07 09:00:00,10,72.916664,26.468578
2014-10-07,2014-10-07 10:00:00,11,15.625,14.45499
2014-10-07,2014-10-07 11:00:00,12,20.833334,12.01598
2014-10-07,2014-10-07 12:00:00,13,31.25,9.650246
2014-10-07,2014-10-07 13:00:00,14,26.041666,10.823231
2014-10-07,2014-10-07 14:00:00,15,10.416667,10.922222
2014-10-07,2014-10-07 15:00:00,16,23.4375,10.728291
2014-10-07,2014-10-07 16:00:00,17,13.020833,16.158123
2014-10-07,2014-10-07 17:00:00,18,15.625,13.480072
2014-10-07,2014-10-07 18:00:00,19,20.833334,13.808895
2014-10-07,2014-10-07 19:00:00,20,15.625,14.209034
2014-10-07,2014-10-07 20:00:00,21,33.854168,11.590549
2014-10-07,2014-10-07 21:00:00,22,20.833334,11.735561
2014-10-07,2014-10-07 22:00:00,23,15.625,8.997902
2014-10-07,2014-10-07 23:00:00,24,18.229166,16.80587
2014-10-08,2014-10-08 00:00:00,1,0.0,136.57837
2014-10-08,2014-10-08 01:00:00,2,0.0,47.076942
2014-10-08,2014-10-08 02:00:00,3,0.0,46.381317
2014-10-08,2014-10-08 03:00:00,4,0.0,50.347786
2014-10-08,2014-10-08 04:00:00,5,0.0,51.55074
2014-10-08,2014-10-08 05:00:00,6,10.416667,61.623623
2014-10-08,2014-10-08 06:00:00,7,5.2083335,101.209274
2014-10-08,2014-10-08 07:00:00,8,15.625,51.825333
2014-10-08,2014-10-08 08:00:00,9,20.833334,43.52379
2014-10-08,2014-10-08 09:00:00,10,15.625,18.994781
2014-10-08,2014-10-08 10:00:00,11,26.041666,10.256084
2014-10-08,2014-10-08 11:00:00,12,20.833334,10.5056
2014-10-08,2014-10-08 12:00:00,13,15.625,10.282562
2014-10-08,2014-10-08 13:00:00,14,7.8125,10.555458
2014-10-08,2014-10-08 14:00:00,15,0.0,9.179138
2014-10-08,2014-10-08 15:00:00,16,0.0,9.046539
2014-10-08,2014-10-08 16:00:00,17,0.0,8.559135
2014-10-08,2014-10-08 17:00:00,18,13.020833,8.943886
2014-10-08,2014-10-08 18:00:00,19,13.020833,9.503288
2014-10-08,2014-10-08 19:00:00,20,18.229166,9.802872
2014-10-08,2014-10-08 20:00:00,21,26.041666,11.554741
2014-10-08,2014-10-08 21:00:00,22,15.625,10.053959
2014-10-08,2014-10-08 22:00:00,23,2.6041667,10.010063
2014-10-08,2014-10-08 23:00:00,24,20.833334,11.033531
2014-10-09,2014-10-09 00:00:00,1,7.8125,10.721825
2014-10-09,2014-10-09 01:00:00,2,10.416667,6.869755
2014-10-09,2014-10-09 02:00:00,3,15.625,5.7641335
2014-10-09,2014-10-09 03:00:00,4,13.020833,5.131157
2014-10-09,2014-10-09 04:00:00,5,15.625,6.7035484
2014-10-09,2014-10-09 05:00:00,6,13.020833,10.9841
2014-10-09,2014-10-09 06:00:00,7,13.020833,15.612076
2014-10-09,2014-10-09 07:00:00,8,13.020833,15.963406
2014-10-09,2014-10-09 08:00:00,9,10.416667,15.148937
2014-10-09,2014-10-09 09:00:00,10,36.458332,11.278519
2014-10-09,2014-10-09 10:00:00,11,31.25,8.808159
2014-10-09,2014-10-09 11:00:00,12,33.854168,6.1399727
2014-10-09,2014-10-09 12:00:00,13,33.854168,5.3552322
2014-10-09,2014-10-09 13:00:00,14,36.458332,5.900322
2014-10-09,2014-10-09 14:00:00,15,41.666668,4.8130417
2014-10-09,2014-10-09 15:00:00,16,28.645834,5.009941
2014-10-09,2014-10-09 16:00:00,17,26.041666,8.472
2014-10-09,2014-10-09 17:00:00,18,26.041666,9.259026
2014-10-09,2014-10-09 18:00:00,19,23.4375,10.519035
2014-10-09,2014-10-09 19:00:00,20,13.020833,11.600735
2014-10-09,2014-10-09 20:00:00,21,28.645834,12.953758
2014-10-09,2014-10-09 21:00:00,22,15.625,11.016354
2014-10-09,2014-10-09 22:00:00,23,15.625,9.695053
2014-10-09,2014-10-09 23:00:00,24,15.625,10.375458
2014-10-10,2014-10-10 00:00:00,1,7.8125,15.453617
2014-10-10,2014-10-10 01:00:00,2,10.416667,15.566757
2014-10-10,2014-10-10 02:00:00,3,13.020833,16.103443
2014-10-10,2014-10-10 03:00:00,4,13.020833,16.411003
2014-10-10,2014-10-10 04:00:00,5,13.020833,17.023823
2014-10-10,2014-10-10 05:00:00,6,7.8125,17.923504
2014-10-10,2014-10-10 06:00:00,7,15.625,18.806911
2014-10-10,2014-10-10 07:00:00,8,23.4375,18.940388
2014-10-10,2014-10-10 08:00:00,9,13.020833,19.621082
2014-10-10,2014-10-10 09:00:00,10,15.625,20.268421
2014-10-10,2014-10-10 10:00:00,11,15.625,20.111885
2014-10-10,2014-10-10 11:00:00,12,15.625,19.850384
2014-10-10,2014-10-10 12:00:00,13,23.4375,20.102844
2014-10-10,2014-10-10 13:00:00,14,7.8125,19.712273
2014-10-10,2014-10-10 14:00:00,15,20.833334,19.285679
2014-10-10,2014-10-10 15:00:00,16,65.104164,18.490597
2014-10-10,2014-10-10 16:00:00,17,114.583336,17.086346
2014-10-10,2014-10-10 17:00:00,18,156.25,17.479057
2014-10-10,2014-10-10 18:00:00,19,283.85416,18.244362
2014-10-10,2014-10-10 19:00:00,20,236.97917,19.076054
2014-10-10,2014-10-10 20:00:00,21,52.083332,20.171444
2014-10-10,2014-10-10 21:00:00,22,39.0625,19.540104
2014-10-10,2014-10-10 22:00:00,23,52.083332,19.255093
2014-10-10,2014-10-10 23:00:00,24,106.770836,19.156307
2014-10-11,2014-10-11 00:00:00,1,101.5625,96.21141
2014-10-11,2014-10-11 01:00:00,2,106.770836,85.98941
2014-10-11,2014-10-11 02:00:00,3,101.5625,79.976425
2014-10-11,2014-10-11 03:00:00,4,104.166664,76.48035
2014-10-11,2014-10-11 04:00:00,5,101.5625,75.57139
2014-10-11,2014-10-11 05:00:00,6,101.5625,79.075035
2014-10-11,2014-10-11 06:00:00,7,104.166664,82.94892
2014-10-11,2014-10-11 07:00:00,8,101.5625,84.24202
2014-10-11,2014-10-11 08:00:00,9,101.5625,78.1797
2014-10-11,2014-10-11 09:00:00,10,104.166664,68.876305
2014-10-11,2014-10-11 10:00:00,11,111.979164,60.75626
2014-10-11,2014-10-11 11:00:00,12,109.375,55.593575
2014-10-11,2014-10-11 12:00:00,13,104.166664,52.840572
2014-10-11,2014-10-11 13:00:00,14,101.5625,51.778446
2014-10-11,2014-10-11 14:00:00,15,98.958336,53.215584
2014-10-11,2014-10-11 15:00:00,16,101.5625,54.738754
2014-10-11,2014-10-11 16:00:00,17,104.166664,62.06653
2014-10-11,2014-10-11 17:00:00,18,104.166664,63.26065
2014-10-11,2014-10-11 18:00:00,19,101.5625,63.439457
2014-10-11,2014-10-11 19:00:00,20,104.166664,63.295433
2014-10-11,2014-10-11 20:00:00,21,111.979164,62.73845
2014-10-11,2014-10-11 21:00:00,22,104.166664,59.36338
2014-10-11,2014-10-11 22:00:00,23,101.5625,58.784447
2014-10-11,2014-10-11 23:00:00,24,106.770836,56.524487
2014-10-12,2014-10-12 00:00:00,1,104.166664,104.95194
2014-10-12,2014-10-12 01:00:00,2,101.5625,104.89392
2014-10-12,2014-10-12 02:00:00,3,104.166664,104.9489
2014-10-12,2014-10-12 03:00:00,4,104.166664,104.929214
2014-10-12,2014-10-12 04:00:00,5,101.5625,104.64125
2014-10-12,2014-10-12 05:00:00,6,109.375,104.8722
2014-10-12,2014-10-12 06:00:00,7,104.166664,104.88553
2014-10-12,2014-10-12 07:00:00,8,104.166664,104.76625
2014-10-12,2014-10-12 08:00:00,9,106.770836,104.8389
2014-10-12,2014-10-12 09:00:00,10,101.5625,104.86632
2014-10-12,2014-10-12 10:00:00,11,101.5625,104.39116
2014-10-12,2014-10-12 11:00:00,12,98.958336,104.64874
2014-10-12,2014-10-12 12:00:00,13,101.5625,104.28772
2014-10-12,2014-10-12 13:00:00,14,98.958336,104.51605
2014-10-12,2014-10-12 14:00:00,15,104.166664,104.72173
2014-10-12,2014-10-12 15:00:00,16,106.770836,104.68298
2014-10-12,2014-10-12 16:00:00,17,104.166664,104.33444
2014-10-12,2014-10-12 17:00:00,18,104.166664,104.0766
2014-10-12,2014-10-12 18:00:00,19,106.770836,104.56375
2014-10-12,2014-10-12 19:00:00,20,104.166664,104.449936
2014-10-12,2014-10-12 20:00:00,21,106.770836,104.19647
2014-10-12,2014-10-12 21:00:00,22,106.770836,104.43225
2014-10-12,2014-10-12 22:00:00,23,104.166664,104.36104
2014-10-12,2014-10-12 23:00:00,24,98.958336,104.48189
2014-10-13,2014-10-13 00:00:00,1,106.770836,101.73602
2014-10-13,2014-10-13 01:00:00,2,101.5625,101.584404
2014-10-13,2014-10-13 02:00:00,3,104.166664,102.34653
2014-10-13,2014-10-13 03:00:00,4,101.5625,102.214645
2014-10-13,2014-10-13 04:00:00,5,104.166664,101.95097
2014-10-13,2014-10-13 05:00:00,6,104.166664,102.43103
2014-10-13,2014-10-13 06:00:00,7,104.166664,102.252945
2014-10-13,2014-10-13 07:00:00,8,114.583336,102.844086
2014-10-13,2014-10-13 08:00:00,9,130.20833,102.13507
2014-10-13,2014-10-13 09:00:00,10,283.85416,102.183815
2014-10-13,2014-10-13 10:00:00,11,0.0,102.31785
2014-10-13,2014-10-13 11:00:00,12,0.0,101.86893
2014-10-13,2014-10-13 12:00:00,13,0.0,102.04559
2014-10-13,2014-10-13 13:00:00,14,0.0,101.74096
2014-10-13,2014-10-13 14:00:00,15,75.520836,101.76398
2014-10-13,2014-10-13 15:00:00,16,177.08333,101.63333
2014-10-13,2014-10-13 16:00:00,17,0.0,100.96231
2014-10-13,2014-10-13 17:00:00,18,0.0,101.20362
2014-10-13,2014-10-13 18:00:00,19,0.0,101.41123
2014-10-13,2014-10-13 19:00:00,20,0.0,101.58952
2014-10-13,2014-10-13 20:00:00,21,0.0,100.49679
2014-10-13,2014-10-13 21:00:00,22,0.0,97.928085
2014-10-13,2014-10-13 22:00:00,23,0.0,95.69093
2014-10-13,2014-10-13 23:00:00,24,0.0,90.30534
2014-10-14,2014-10-14 00:00:00,1,177.08333,2.3616905
2014-10-14,2014-10-14 01:00:00,2,39.0625,2.477581
2014-10-14,2014-10-14 02:00:00,3,36.458332,2.5586243
2014-10-14,2014-10-14 03:00:00,4,41.666668,3.0211983
2014-10-14,2014-10-14 04:00:00,5,33.854168,2.9891205
2014-10-14,2014-10-14 05:00:00,6,96.354164,3.3542137
2014-10-14,2014-10-14 06:00:00,7,130.20833,3.1221352
2014-10-14,2014-10-14 07:00:00,8,0.0,3.1147957
2014-10-14,2014-10-14 08:00:00,9,0.0,3.283207
2014-10-14,2014-10-14 09:00:00,10,0.0,3.5178108
2014-10-14,2014-10-14 10:00:00,11,0.0,3.3308525
2014-10-14,2014-10-14 11:00:00,12,0.0,3.5303001
2014-10-14,2014-10-14 12:00:00,13,7.8125,3.6620636
2014-10-14,2014-10-14 13:00:00,14,54.6875,3.5540924
2014-10-14,2014-10-14 14:00:00,15,0.0,3.6669579
2014-10-14,2014-10-14 15:00:00,16,0.0,3.688858
2014-10-14,2014-10-14 16:00:00,17,0.0,3.7378807
2014-10-14,2014-10-14 17:00:00,18,0.0,3.9822998
2014-10-14,2014-10-14 18:00:00,19,0.0,4.077812
2014-10-14,2014-10-14 19:00:00,20,0.0,4.396118
2014-10-14,2014-10-14 20:00:00,21,0.0,4.0556564
2014-10-14,2014-10-14 21:00:00,22,0.0,4.4297485
2014-10-14,2014-10-14 22:00:00,23,0.0,4.17725
2014-10-14,2014-10-14 23:00:00,24,0.0,4.394459
2014-10-15,2014-10-15 00:00:00,1,203.125,0.71465683
2014-10-15,2014-10-15 01:00:00,2,33.854168,0.7088928
2014-10-15,2014-10-15 02:00:00,3,33.854168,0.71713257
2014-10-15,2014-10-15 03:00:00,4,36.458332,0.8624344
2014-10-15,2014-10-15 04:00:00,5,33.854168,0.5111046
2014-10-15,2014-10-15 05:00:00,6,62.5,0.987133
2014-10-15,2014-10-15 06:00:00,7,109.375,0.93325806
2014-10-15,2014-10-15 07:00:00,8,132.8125,0.8842125
2014-10-15,2014-10-15 08:00:00,9,59.895832,0.58999634
2014-10-15,2014-10-15 09:00:00,10,0.0,0.8562927
2014-10-15,2014-10-15 10:00:00,11,0.0,0.7159996
2014-10-15,2014-10-15 11:00:00,12,0.0,1.2467461
2014-10-15,2014-10-15 12:00:00,13,0.0,1.4240265
2014-10-15,2014-10-15 13:00:00,14,0.0,1.4139023
2014-10-15,2014-10-15 14:00:00,15,0.0,0.89819336
2014-10-15,2014-10-15 15:00:00,16,0.0,0.79491043
2014-10-15,2014-10-15 16:00:00,17,0.0,1.2601242
2014-10-15,2014-10-15 17:00:00,18,0.0,1.1989403
2014-10-15,2014-10-15 18:00:00,19,0.0,1.2020302
2014-10-15,2014-10-15 19:00:00,20,41.666668,1.1340027
2014-10-15,2014-10-15 20:00:00,21,0.0,0.72540283
2014-10-15,2014-10-15 21:00:00,22,0.0,1.2753754
2014-10-15,2014-10-15 22:00:00,23,44.270832,1.278038
2014-10-15,2014-10-15 23:00:00,24,0.0,1.2705002
2014-10-16,2014-10-16 00:00:00,1,205.72917,4.554802
2014-10-16,2014-10-16 01:00:00,2,36.458332,10.673069
2014-10-16,2014-10-16 02:00:00,3,33.854168,14.085011
2014-10-16,2014-10-16 03:00:00,4,33.854168,19.08834
2014-10-16,2014-10-16 04:00:00,5,36.458332,25.504227
2014-10-16,2014-10-16 05:00:00,6,36.458332,34.218464
2014-10-16,2014-10-16 06:00:00,7,109.375,31.264776
2014-10-16,2014-10-16 07:00:00,8,0.0,25.193241
2014-10-16,2014-10-16 08:00:00,9,0.0,17.571213
2014-10-16,2014-10-16 09:00:00,10,0.0,9.841076
2014-10-16,2014-10-16 10:00:00,11,0.0,7.0677795
2014-10-16,2014-10-16 11:00:00,12,0.0,4.315296
2014-10-16,2014-10-16 12:00:00,13,0.0,4.2662506
2014-10-16,2014-10-16 13:00:00,14,0.0,4.248043
2014-10-16,2014-10-16 14:00:00,15,0.0,4.2747
2014-10-16,2014-10-16 15:00:00,16,0.0,4.8579254
2014-10-16,2014-10-16 16:00:00,17,0.0,4.482849
2014-10-16,2014-10-16 17:00:00,18,0.0,2.7621613
2014-10-16,2014-10-16 18:00:00,19,0.0,3.100895
2014-10-16,2014-10-16 19:00:00,20,0.0,4.8898125
2014-10-16,2014-10-16 20:00:00,21,0.0,4.569004
2014-10-16,2014-10-16 21:00:00,22,0.0,6.046154
2014-10-16,2014-10-16 22:00:00,23,0.0,6.959675
2014-10-16,2014-10-16 23:00:00,24,0.0,9.842468
2014-10-17,2014-10-17 00:00:00,1,205.72917,128.44531
2014-10-17,2014-10-17 01:00:00,2,36.458332,36.80723
2014-10-17,2014-10-17 02:00:00,3,39.0625,23.962288
2014-10-17,2014-10-17 03:00:00,4,36.458332,27.13329
2014-10-17,2014-10-17 04:00:00,5,36.458332,29.003366
2014-10-17,2014-10-17 05:00:00,6,39.0625,52.911514
2014-10-17,2014-10-17 06:00:00,7,106.770836,79.926254
2014-10-17,2014-10-17 07:00:00,8,0.0,27.072021
2014-10-17,2014-10-17 08:00:00,9,0.0,2.955288
2014-10-17,2014-10-17 09:00:00,10,0.0,2.2782059
2014-10-17,2014-10-17 10:00:00,11,0.0,1.5253639
2014-10-17,2014-10-17 11:00:00,12,0.0,1.7888641
2014-10-17,2014-10-17 12:00:00,13,0.0,1.4885826
2014-10-17,2014-10-17 13:00:00,14,0.0,1.550251
2014-10-17,2014-10-17 14:00:00,15,0.0,1.7306976
2014-10-17,2014-10-17 15:00:00,16,0.0,1.9034233
2014-10-17,2014-10-17 16:00:00,17,0.0,1.5925713
2014-10-17,2014-10-17 17:00:00,18,0.0,1.7958717
2014-10-17,2014-10-17 18:00:00,19,0.0,1.9602814
2014-10-17,2014-10-17 19:00:00,20,0.0,1.8653259
2014-10-17,2014-10-17 20:00:00,21,0.0,1.44767
2014-10-17,2014-10-17 21:00:00,22,0.0,1.6930008
2014-10-17,2014-10-17 22:00:00,23,0.0,1.4780464
2014-10-17,2014-10-17 23:00:00,24,0.0,4.084511
2014-10-18,2014-10-18 00:00:00,1,205.72917,62.443375
2014-10-18,2014-10-18 01:00:00,2,33.854168,16.466911
2014-10-18,2014-10-18 02:00:00,3,36.458332,16.38884
2014-10-18,2014-10-18 03:00:00,4,33.854168,20.041504
2014-10-18,2014-10-18 04:00:00,5,36.458332,23.781168
2014-10-18,2014-10-18 05:00:00,6,41.666668,30.266722
2014-10-18,2014-10-18 06:00:00,7,109.375,37.47329
2014-10-18,2014-10-18 07:00:00,8,111.979164,30.752865
2014-10-18,2014-10-18 08:00:00,9,111.979164,24.108925
2014-10-18,2014-10-18 09:00:00,10,0.0,23.740435
2014-10-18,2014-10-18 10:00:00,11,0.0,29.192501
2014-10-18,2014-10-18 11:00:00,12,0.0,25.868355
2014-10-18,2014-10-18 12:00:00,13,0.0,21.701736
2014-10-18,2014-10-18 13:00:00,14,0.0,21.5358
2014-10-18,2014-10-18 14:00:00,15,205.72917,23.964756
2014-10-18,2014-10-18 15:00:00,16,33.854168,27.143093
2014-10-18,2014-10-18 16:00:00,17,36.458332,34.554363
2014-10-18,2014-10-18 17:00:00,18,33.854168,35.87775
2014-10-18,2014-10-18 18:00:00,19,36.458332,38.6966
2014-10-18,2014-10-18 19:00:00,20,49.479168,44.4956
2014-10-18,2014-10-18 20:00:00,21,0.0,48.694893
2014-10-18,2014-10-18 21:00:00,22,0.0,47.949844
2014-10-18,2014-10-18 22:00:00,23,200.52083,47.418186
2014-10-18,2014-10-18 23:00:00,24,41.666668,49.172554
2014-10-19,2014-10-19 00:00:00,1,33.854168,73.76272
2014-10-19,2014-10-19 01:00:00,2,33.854168,74.25041
2014-10-19,2014-10-19 02:00:00,3,36.458332,75.14293
2014-10-19,2014-10-19 03:00:00,4,46.875,75.256485
2014-10-19,2014-10-19 04:00:00,5,104.166664,77.70281
2014-10-19,2014-10-19 05:00:00,6,101.5625,80.23347
2014-10-19,2014-10-19 06:00:00,7,104.166664,83.5173
2014-10-19,2014-10-19 07:00:00,8,104.166664,85.37112
2014-10-19,2014-10-19 08:00:00,9,104.166664,84.22623
2014-10-19,2014-10-19 09:00:00,10,109.375,75.44232
2014-10-19,2014-10-19 10:00:00,11,98.958336,62.31546
2014-10-19,2014-10-19 11:00:00,12,101.5625,55.865906
2014-10-19,2014-10-19 12:00:00,13,98.958336,58.032078
2014-10-19,2014-10-19 13:00:00,14,101.5625,64.15529
2014-10-19,2014-10-19 14:00:00,15,104.166664,71.88759
2014-10-19,2014-10-19 15:00:00,16,104.166664,74.55774
2014-10-19,2014-10-19 16:00:00,17,101.5625,74.42816
2014-10-19,2014-10-19 17:00:00,18,104.166664,73.43837
2014-10-19,2014-10-19 18:00:00,19,101.5625,74.69116
2014-10-19,2014-10-19 19:00:00,20,106.770836,74.24085
2014-10-19,2014-10-19 20:00:00,21,114.583336,74.53617
2014-10-19,2014-10-19 21:00:00,22,106.770836,78.229904
2014-10-19,2014-10-19 22:00:00,23,101.5625,80.437805
2014-10-19,2014-10-19 23:00:00,24,104.166664,81.45507
2014-10-20,2014-10-20 00:00:00,1,104.166664,107.562935
2014-10-20,2014-10-20 01:00:00,2,104.166664,107.76849
2014-10-20,2014-10-20 02:00:00,3,104.166664,108.74982
2014-10-20,2014-10-20 03:00:00,4,106.770836,107.75325
2014-10-20,2014-10-20 04:00:00,5,106.770836,108.66588
2014-10-20,2014-10-20 05:00:00,6,106.770836,109.53177
2014-10-20,2014-10-20 06:00:00,7,135.41667,111.004364
2014-10-20,2014-10-20 07:00:00,8,0.0,111.60864
2014-10-20,2014-10-20 08:00:00,9,0.0,113.49051
2014-10-20,2014-10-20 09:00:00,10,0.0,113.8232
2014-10-20,2014-10-20 10:00:00,11,0.0,37.567116
2014-10-20,2014-10-20 11:00:00,12,0.0,11.61264
2014-10-20,2014-10-20 12:00:00,13,0.0,5.3291893
2014-10-20,2014-10-20 13:00:00,14,0.0,5.5749702
2014-10-20,2014-10-20 14:00:00,15,0.0,41.09327
2014-10-20,2014-10-20 15:00:00,16,0.0,39.834873
2014-10-20,2014-10-20 16:00:00,17,0.0,0.9595604
2014-10-20,2014-10-20 17:00:00,18,0.0,-1.1915627
2014-10-20,2014-10-20 18:00:00,19,0.0,-0.5168991
2014-10-20,2014-10-20 19:00:00,20,0.0,0.6632347
2014-10-20,2014-10-20 20:00:00,21,0.0,-1.312355
2014-10-20,2014-10-20 21:00:00,22,0.0,0.05240631
2014-10-20,2014-10-20 22:00:00,23,0.0,-0.050559998
2014-10-20,2014-10-20 23:00:00,24,0.0,3.880764
2014-10-21,2014-10-21 00:00:00,1,200.52083,160.90579
2014-10-21,2014-10-21 01:00:00,2,33.854168,16.949076
2014-10-21,2014-10-21 02:00:00,3,33.854168,14.020519
2014-10-21,2014-10-21 03:00:00,4,33.854168,15.167625
2014-10-21,2014-10-21 04:00:00,5,33.854168,20.1389
2014-10-21,2014-10-21 05:00:00,6,33.854168,39.77425
2014-10-21,2014-10-21 06:00:00,7,98.958336,98.99909
2014-10-21,2014-10-21 07:00:00,8,0.0,4.462963
2014-10-21,2014-10-21 08:00:00,9,0.0,0.8333206
2014-10-21,2014-10-21 09:00:00,10,0.0,1.5319138
2014-10-21,2014-10-21 10:00:00,11,0.0,0.9170189
2014-10-21,2014-10-21 11:00:00,12,0.0,1.4979935
2014-10-21,2014-10-21 12:00:00,13,0.0,1.4414406
2014-10-21,2014-10-21 13:00:00,14,0.0,1.4695091
2014-10-21,2014-10-21 14:00:00,15,0.0,1.2677155
2014-10-21,2014-10-21 15:00:00,16,0.0,1.2691383
2014-10-21,2014-10-21 16:00:00,17,0.0,1.0014877
2014-10-21,2014-10-21 17:00:00,18,0.0,0.9700432
2014-10-21,2014-10-21 18:00:00,19,0.0,1.2856941
2014-10-21,2014-10-21 19:00:00,20,0.0,1.2693748
2014-10-21,2014-10-21 20:00:00,21,0.0,1.03722
2014-10-21,2014-10-21 21:00:00,22,0.0,0.85710907
2014-10-21,2014-10-21 22:00:00,23,0.0,0.49122238
2014-10-21,2014-10-21 23:00:00,24,0.0,0.43556595
2014-10-22,2014-10-22 00:00:00,1,200.52083,191.61185
2014-10-22,2014-10-22 01:00:00,2,39.0625,31.648647
2014-10-22,2014-10-22 02:00:00,3,39.0625,30.448978
2014-10-22,2014-10-22 03:00:00,4,36.458332,33.582874
2014-10-22,2014-10-22 04:00:00,5,36.458332,30.245173
2014-10-22,2014-10-22 05:00:00,6,39.0625,36.316166
2014-10-22,2014-10-22 06:00:00,7,109.375,96.86485
2014-10-22,2014-10-22 07:00:00,8,0.0,2.6525192
2014-10-22,2014-10-22 08:00:00,9,0.0,0.99433136
2014-10-22,2014-10-22 09:00:00,10,0.0,1.3309097
2014-10-22,2014-10-22 10:00:00,11,0.0,1.0390549
2014-10-22,2014-10-22 11:00:00,12,0.0,1.4203987
2014-10-22,2014-10-22 12:00:00,13,0.0,0.8778305
2014-10-22,2014-10-22 13:00:00,14,0.0,1.4183846
2014-10-22,2014-10-22 14:00:00,15,0.0,1.0196114
2014-10-22,2014-10-22 15:00:00,16,0.0,0.829052
2014-10-22,2014-10-22 16:00:00,17,0.0,0.86709595
2014-10-22,2014-10-22 17:00:00,18,0.0,0.7785835
2014-10-22,2014-10-22 18:00:00,19,0.0,1.0595703
2014-10-22,2014-10-22 19:00:00,20,0.0,1.2337914
2014-10-22,2014-10-22 20:00:00,21,0.0,0.9923897
2014-10-22,2014-10-22 21:00:00,22,0.0,1.0066948
2014-10-22,2014-10-22 22:00:00,23,0.0,0.49972534
2014-10-22,2014-10-22 23:00:00,24,0.0,-0.056381226
2014-10-23,2014-10-23 00:00:00,1,203.125,195.45155
2014-10-23,2014-10-23 01:00:00,2,36.458332,37.31183
2014-10-23,2014-10-23 02:00:00,3,31.25,34.550735
2014-10-23,2014-10-23 03:00:00,4,33.854168,37.93301
2014-10-23,2014-10-23 04:00:00,5,36.458332,35.48903
2014-10-23,2014-10-23 05:00:00,6,36.458332,40.04901
2014-10-23,2014-10-23 06:00:00,7,111.979164,103.29326
2014-10-23,2014-10-23 07:00:00,8,18.229166,2.2049446
2014-10-23,2014-10-23 08:00:00,9,0.0,0.43284988
2014-10-23,2014-10-23 09:00:00,10,0.0,1.1997643
2014-10-23,2014-10-23 10:00:00,11,0.0,0.8788376
2014-10-23,2014-10-23 11:00:00,12,0.0,1.1034393
2014-10-23,2014-10-23 12:00:00,13,0.0,0.75587845
2014-10-23,2014-10-23 13:00:00,14,0.0,1.1514244
2014-10-23,2014-10-23 14:00:00,15,0.0,0.8506584
2014-10-23,2014-10-23 15:00:00,16,0.0,0.6864319
2014-10-23,2014-10-23 16:00:00,17,0.0,0.83234787
2014-10-23,2014-10-23 17:00:00,18,0.0,0.77017593
2014-10-23,2014-10-23 18:00:00,19,0.0,1.0786896
2014-10-23,2014-10-23 19:00:00,20,0.0,1.0219078
2014-10-23,2014-10-23 20:00:00,21,0.0,0.763813
2014-10-23,2014-10-23 21:00:00,22,0.0,0.8310051
2014-10-23,2014-10-23 22:00:00,23,0.0,0.23873138
2014-10-23,2014-10-23 23:00:00,24,0.0,0.37836456
2014-10-24,2014-10-24 00:00:00,1,203.125,194.10278
2014-10-24,2014-10-24 01:00:00,2,36.458332,40.960266
2014-10-24,2014-10-24 02:00:00,3,39.0625,31.685259
2014-10-24,2014-10-24 03:00:00,4,36.458332,35.62004
2014-10-24,2014-10-24 04:00:00,5,36.458332,35.78268
2014-10-24,2014-10-24 05:00:00,6,36.458332,41.44825
2014-10-24,2014-10-24 06:00:00,7,114.583336,100.43852
2014-10-24,2014-10-24 07:00:00,8,0.0,6.6290264
2014-10-24,2014-10-24 08:00:00,9,0.0,0.68378067
2014-10-24,2014-10-24 09:00:00,10,0.0,1.093956
2014-10-24,2014-10-24 10:00:00,11,0.0,1.0145454
2014-10-24,2014-10-24 11:00:00,12,0.0,1.1764908
2014-10-24,2014-10-24 12:00:00,13,0.0,0.84944534
2014-10-24,2014-10-24 13:00:00,14,0.0,1.119545
2014-10-24,2014-10-24 14:00:00,15,0.0,0.6966133
2014-10-24,2014-10-24 15:00:00,16,0.0,0.7304611
2014-10-24,2014-10-24 16:00:00,17,0.0,0.7515526
2014-10-24,2014-10-24 17:00:00,18,0.0,0.74389267
2014-10-24,2014-10-24 18:00:00,19,0.0,0.8713646
2014-10-24,2014-10-24 19:00:00,20,0.0,0.92933655
2014-10-24,2014-10-24 20:00:00,21,0.0,0.6861229
2014-10-24,2014-10-24 21:00:00,22,0.0,0.7984352
2014-10-24,2014-10-24 22:00:00,23,0.0,0.21331406
2014-10-24,2014-10-24 23:00:00,24,0.0,0.1275177
2014-10-25,2014-10-25 00:00:00,1,210.9375,158.21333
2014-10-25,2014-10-25 01:00:00,2,33.854168,18.534662
2014-10-25,2014-10-25 02:00:00,3,33.854168,16.910078
2014-10-25,2014-10-25 03:00:00,4,36.458332,19.325987
2014-10-25,2014-10-25 04:00:00,5,33.854168,40.810097
2014-10-25,2014-10-25 05:00:00,6,33.854168,52.078724
2014-10-25,2014-10-25 06:00:00,7,44.270832,118.78128
2014-10-25,2014-10-25 07:00:00,8,106.770836,95.965645
2014-10-25,2014-10-25 08:00:00,9,171.875,79.80127
2014-10-25,2014-10-25 09:00:00,10,0.0,14.300352
2014-10-25,2014-10-25 10:00:00,11,0.0,9.382074
2014-10-25,2014-10-25 11:00:00,12,0.0,10.508581
2014-10-25,2014-10-25 12:00:00,13,0.0,7.5517635
2014-10-25,2014-10-25 13:00:00,14,0.0,11.680922
2014-10-25,2014-10-25 14:00:00,15,210.9375,132.98181
2014-10-25,2014-10-25 15:00:00,16,39.0625,63.548676
2014-10-25,2014-10-25 16:00:00,17,36.458332,63.34558
2014-10-25,2014-10-25 17:00:00,18,39.0625,58.30316
2014-10-25,2014-10-25 18:00:00,19,36.458332,51.522133
2014-10-25,2014-10-25 19:00:00,20,41.666668,51.65572
2014-10-25,2014-10-25 20:00:00,21,0.0,27.251698
2014-10-25,2014-10-25 21:00:00,22,0.0,27.621042
2014-10-25,2014-10-25 22:00:00,23,213.54167,104.196785
2014-10-25,2014-10-25 23:00:00,24,33.854168,67.48708
2014-11-03,2014-11-03 00:00:00,1,33.854168,57.578407
2014-11-03,2014-11-03 01:00:00,2,33.854168,47.929634
2014-11-03,2014-11-03 02:00:00,3,44.270832,46.028435
2014-11-03,2014-11-03 03:00:00,4,33.854168,45.294594
2014-11-03,2014-11-03 04:00:00,5,31.25,44.862152
2014-11-03,2014-11-03 05:00:00,6,36.458332,45.981308
2014-11-03,2014-11-03 06:00:00,7,57.291668,48.73182
2014-11-03,2014-11-03 07:00:00,8,164.0625,38.629112
2014-11-03,2014-11-03 08:00:00,9,0.0,32.16047
2014-11-03,2014-11-03 09:00:00,10,0.0,31.00354
2014-11-03,2014-11-03 10:00:00,11,0.0,29.108023
2014-11-03,2014-11-03 11:00:00,12,0.0,28.562939
2014-11-03,2014-11-03 12:00:00,13,0.0,27.574108
2014-11-03,2014-11-03 13:00:00,14,0.0,28.021854
2014-11-03,2014-11-03 14:00:00,15,0.0,28.34919
2014-11-03,2014-11-03 15:00:00,16,0.0,28.884472
2014-11-03,2014-11-03 16:00:00,17,0.0,26.799728
2014-11-03,2014-11-03 17:00:00,18,0.0,23.740585
2014-11-03,2014-11-03 18:00:00,19,0.0,24.110023
2014-11-03,2014-11-03 19:00:00,20,0.0,23.431458
2014-11-03,2014-11-03 20:00:00,21,0.0,23.261944
2014-11-03,2014-11-03 21:00:00,22,0.0,22.087128
2014-11-03,2014-11-03 22:00:00,23,0.0,24.303299
2014-11-03,2014-11-03 23:00:00,24,0.0,26.342049
2014-11-04,2014-11-04 00:00:00,1,164.0625,165.9633
2014-11-04,2014-11-04 01:00:00,2,33.854168,33.97193
2014-11-04,2014-11-04 02:00:00,3,33.854168,26.359497
2014-11-04,2014-11-04 03:00:00,4,36.458332,29.496504
2014-11-04,2014-11-04 04:00:00,5,36.458332,29.951185
2014-11-04,2014-11-04 05:00:00,6,122.395836,42.35045
2014-11-04,2014-11-04 06:00:00,7,135.41667,90.59721
2014-11-04,2014-11-04 07:00:00,8,0.0,9.718664
2014-11-04,2014-11-04 08:00:00,9,2.6041667,1.4775352
2014-11-04,2014-11-04 09:00:00,10,31.25,1.5320396
2014-11-04,2014-11-04 10:00:00,11,0.0,0.9567547
2014-11-04,2014-11-04 11:00:00,12,0.0,1.178688
2014-11-04,2014-11-04 12:00:00,13,0.0,0.72722054
2014-11-04,2014-11-04 13:00:00,14,0.0,0.3355198
2014-11-04,2014-11-04 14:00:00,15,0.0,0.16457558
2014-11-04,2014-11-04 15:00:00,16,0.0,-0.02835083
2014-11-04,2014-11-04 16:00:00,17,0.0,0.80724335
2014-11-04,2014-11-04 17:00:00,18,0.0,0.91106796
2014-11-04,2014-11-04 18:00:00,19,0.0,1.1361809
2014-11-04,2014-11-04 19:00:00,20,0.0,1.1875858
2014-11-04,2014-11-04 20:00:00,21,0.0,1.3054028
2014-11-04,2014-11-04 21:00:00,22,0.0,1.1443043
2014-11-04,2014-11-04 22:00:00,23,0.0,1.0170612
2014-11-04,2014-11-04 23:00:00,24,0.0,0.9407253
2014-11-05,2014-11-05 00:00:00,1,174.47917,170.07806
2014-11-05,2014-11-05 01:00:00,2,33.854168,35.05788
2014-11-05,2014-11-05 02:00:00,3,33.854168,26.633118
2014-11-05,2014-11-05 03:00:00,4,33.854168,30.550602
2014-11-05,2014-11-05 04:00:00,5,85.9375,30.65893
2014-11-05,2014-11-05 05:00:00,6,109.375,53.789116
2014-11-05,2014-11-05 06:00:00,7,169.27083,113.15129
2014-11-05,2014-11-05 07:00:00,8,0.0,5.7127934
2014-11-05,2014-11-05 08:00:00,9,0.0,1.1082726
2014-11-05,2014-11-05 09:00:00,10,0.0,1.3866348
2014-11-05,2014-11-05 10:00:00,11,0.0,0.6846943
2014-11-05,2014-11-05 11:00:00,12,0.0,1.0303726
2014-11-05,2014-11-05 12:00:00,13,0.0,0.40390778
2014-11-05,2014-11-05 13:00:00,14,0.0,0.43595695
2014-11-05,2014-11-05 14:00:00,15,0.0,0.46810913
2014-11-05,2014-11-05 15:00:00,16,0.0,0.39950752
2014-11-05,2014-11-05 16:00:00,17,0.0,1.0255718
2014-11-05,2014-11-05 17:00:00,18,0.0,0.9511299
2014-11-05,2014-11-05 18:00:00,19,0.0,1.2594109
2014-11-05,2014-11-05 19:00:00,20,0.0,1.177454
2014-11-05,2014-11-05 20:00:00,21,0.0,1.1586437
2014-11-05,2014-11-05 21:00:00,22,0.0,1.2122993
2014-11-05,2014-11-05 22:00:00,23,0.0,0.89928627
2014-11-05,2014-11-05 23:00:00,24,0.0,1.4190979
2014-11-06,2014-11-06 00:00:00,1,161.45833,168.81519
2014-11-06,2014-11-06 01:00:00,2,33.854168,34.286644
2014-11-06,2014-11-06 02:00:00,3,36.458332,28.155956
2014-11-06,2014-11-06 03:00:00,4,33.854168,32.618153
2014-11-06,2014-11-06 04:00:00,5,67.708336,41.67367
2014-11-06,2014-11-06 05:00:00,6,101.5625,80.27362
2014-11-06,2014-11-06 06:00:00,7,153.64583,136.47746
2014-11-06,2014-11-06 07:00:00,8,26.041666,7.494194
2014-11-06,2014-11-06 08:00:00,9,0.0,1.310915
2014-11-06,2014-11-06 09:00:00,10,0.0,1.6743946
2014-11-06,2014-11-06 10:00:00,11,0.0,0.85398483
2014-11-06,2014-11-06 11:00:00,12,0.0,1.0075092
2014-11-06,2014-11-06 12:00:00,13,0.0,0.88106155
2014-11-06,2014-11-06 13:00:00,14,0.0,0.78513336
2014-11-06,2014-11-06 14:00:00,15,0.0,0.82925797
2014-11-06,2014-11-06 15:00:00,16,0.0,0.68647003
2014-11-06,2014-11-06 16:00:00,17,0.0,0.6438637
2014-11-06,2014-11-06 17:00:00,18,0.0,0.6206322
2014-11-06,2014-11-06 18:00:00,19,0.0,0.9647026
2014-11-06,2014-11-06 19:00:00,20,0.0,0.88069916
2014-11-06,2014-11-06 20:00:00,21,0.0,0.9961643
2014-11-06,2014-11-06 21:00:00,22,0.0,0.9850731
2014-11-06,2014-11-06 22:00:00,23,0.0,0.8170185
2014-11-06,2014-11-06 23:00:00,24,0.0,0.81692886
2014-11-07,2014-11-07 00:00:00,1,205.72917,156.91737
2014-11-07,2014-11-07 01:00:00,2,33.854168,36.129055
2014-11-07,2014-11-07 02:00:00,3,36.458332,30.799017
2014-11-07,2014-11-07 03:00:00,4,33.854168,33.86195
2014-11-07,2014-11-07 04:00:00,5,33.854168,56.95175
2014-11-07,2014-11-07 05:00:00,6,117.1875,94.65698
2014-11-07,2014-11-07 06:00:00,7,122.395836,140.2796
2014-11-07,2014-11-07 07:00:00,8,18.229166,23.81088
2014-11-07,2014-11-07 08:00:00,9,0.0,0.5770874
2014-11-07,2014-11-07 09:00:00,10,26.041666,1.1908627
2014-11-07,2014-11-07 10:00:00,11,0.0,0.5933838
2014-11-07,2014-11-07 11:00:00,12,0.0,0.59926796
2014-11-07,2014-11-07 12:00:00,13,0.0,0.57907486
2014-11-07,2014-11-07 13:00:00,14,0.0,0.6952038
2014-11-07,2014-11-07 14:00:00,15,0.0,0.7064457
2014-11-07,2014-11-07 15:00:00,16,0.0,0.60069656
2014-11-07,2014-11-07 16:00:00,17,0.0,0.864521
2014-11-07,2014-11-07 17:00:00,18,0.0,0.75914955
2014-11-07,2014-11-07 18:00:00,19,0.0,0.8001003
2014-11-07,2014-11-07 19:00:00,20,0.0,0.7786865
2014-11-07,2014-11-07 20:00:00,21,0.0,0.3962307
2014-11-07,2014-11-07 21:00:00,22,0.0,0.6336689
2014-11-07,2014-11-07 22:00:00,23,0.0,18.944805
2014-11-07,2014-11-07 23:00:00,24,0.0,2.4978237
2014-11-08,2014-11-08 00:00:00,1,171.875,158.01266
2014-11-08,2014-11-08 01:00:00,2,36.458332,35.087914
2014-11-08,2014-11-08 02:00:00,3,33.854168,29.442747
2014-11-08,2014-11-08 03:00:00,4,36.458332,31.92577
2014-11-08,2014-11-08 04:00:00,5,36.458332,41.348232
2014-11-08,2014-11-08 05:00:00,6,36.458332,59.77345
2014-11-08,2014-11-08 06:00:00,7,36.458332,66.21798
2014-11-08,2014-11-08 07:00:00,8,36.458332,45.379936
2014-11-08,2014-11-08 08:00:00,9,36.458332,32.590538
2014-11-08,2014-11-08 09:00:00,10,65.104164,34.96321
2014-11-08,2014-11-08 10:00:00,11,0.0,16.21769
2014-11-08,2014-11-08 11:00:00,12,0.0,11.264153
2014-11-08,2014-11-08 12:00:00,13,0.0,15.948744
2014-11-08,2014-11-08 13:00:00,14,161.45833,52.22203
2014-11-08,2014-11-08 14:00:00,15,33.854168,41.437428
2014-11-08,2014-11-08 15:00:00,16,33.854168,42.295937
2014-11-08,2014-11-08 16:00:00,17,31.25,39.79679
2014-11-08,2014-11-08 17:00:00,18,44.270832,35.329117
2014-11-08,2014-11-08 18:00:00,19,0.0,31.295517
2014-11-08,2014-11-08 19:00:00,20,0.0,26.594326
2014-11-08,2014-11-08 20:00:00,21,0.0,27.991056
2014-11-08,2014-11-08 21:00:00,22,0.0,31.817566
2014-11-08,2014-11-08 22:00:00,23,171.875,41.787697
2014-11-08,2014-11-08 23:00:00,24,36.458332,41.87906
2014-11-09,2014-11-09 00:00:00,1,36.458332,32.891605
2014-11-09,2014-11-09 01:00:00,2,36.458332,31.72222
2014-11-09,2014-11-09 02:00:00,3,36.458332,31.544937
2014-11-09,2014-11-09 03:00:00,4,36.458332,31.560442
2014-11-09,2014-11-09 04:00:00,5,33.854168,31.261463
2014-11-09,2014-11-09 05:00:00,6,33.854168,31.851522
2014-11-09,2014-11-09 06:00:00,7,33.854168,33.384647
2014-11-09,2014-11-09 07:00:00,8,33.854168,34.5346
2014-11-09,2014-11-09 08:00:00,9,36.458332,29.82812
2014-11-09,2014-11-09 09:00:00,10,33.854168,25.983486
2014-11-09,2014-11-09 10:00:00,11,31.25,22.9511
2014-11-09,2014-11-09 11:00:00,12,31.25,21.904696
2014-11-09,2014-11-09 12:00:00,13,33.854168,23.404537
2014-11-09,2014-11-09 13:00:00,14,36.458332,25.901783
2014-11-09,2014-11-09 14:00:00,15,33.854168,27.370844
2014-11-09,2014-11-09 15:00:00,16,36.458332,29.09744
2014-11-09,2014-11-09 16:00:00,17,36.458332,31.793
2014-11-09,2014-11-09 17:00:00,18,33.854168,26.952566
2014-11-09,2014-11-09 18:00:00,19,31.25,24.274525
2014-11-09,2014-11-09 19:00:00,20,33.854168,24.585007
2014-11-09,2014-11-09 20:00:00,21,33.854168,25.732286
2014-11-09,2014-11-09 21:00:00,22,36.458332,26.634153
2014-11-09,2014-11-09 22:00:00,23,36.458332,29.940016
2014-11-09,2014-11-09 23:00:00,24,36.458332,31.943623
2014-11-10,2014-11-10 00:00:00,1,36.458332,48.77165
2014-11-10,2014-11-10 01:00:00,2,33.854168,44.82332
2014-11-10,2014-11-10 02:00:00,3,36.458332,44.98228
2014-11-10,2014-11-10 03:00:00,4,36.458332,43.718613
2014-11-10,2014-11-10 04:00:00,5,33.854168,43.796497
2014-11-10,2014-11-10 05:00:00,6,41.666668,46.751503
2014-11-10,2014-11-10 06:00:00,7,49.479168,49.283955
2014-11-10,2014-11-10 07:00:00,8,117.1875,42.100727
2014-11-10,2014-11-10 08:00:00,9,122.395836,5.415804
2014-11-10,2014-11-10 09:00:00,10,41.666668,5.427742
2014-11-10,2014-11-10 10:00:00,11,0.0,2.5346088
2014-11-10,2014-11-10 11:00:00,12,0.0,0.7468567
2014-11-10,2014-11-10 12:00:00,13,0.0,0.27066612
2014-11-10,2014-11-10 13:00:00,14,0.0,-0.037748337
2014-11-10,2014-11-10 14:00:00,15,0.0,-1.334549
2014-11-10,2014-11-10 15:00:00,16,0.0,0.00935173
2014-11-10,2014-11-10 16:00:00,17,0.0,2.7794552
2014-11-10,2014-11-10 17:00:00,18,0.0,2.948347
2014-11-10,2014-11-10 18:00:00,19,0.0,2.7648182
2014-11-10,2014-11-10 19:00:00,20,0.0,2.354803
2014-11-10,2014-11-10 20:00:00,21,0.0,2.6812477
2014-11-10,2014-11-10 21:00:00,22,0.0,2.7603035
2014-11-10,2014-11-10 22:00:00,23,0.0,1.952713
2014-11-10,2014-11-10 23:00:00,24,0.0,3.5596256
2014-11-11,2014-11-11 00:00:00,1,164.0625,153.85776
2014-11-11,2014-11-11 01:00:00,2,31.25,26.646187
2014-11-11,2014-11-11 02:00:00,3,33.854168,25.188442
2014-11-11,2014-11-11 03:00:00,4,33.854168,27.331644
2014-11-11,2014-11-11 04:00:00,5,33.854168,46.202816
2014-11-11,2014-11-11 05:00:00,6,104.166664,96.92617
2014-11-11,2014-11-11 06:00:00,7,106.770836,114.69603
2014-11-11,2014-11-11 07:00:00,8,0.0,8.628757
2014-11-11,2014-11-11 08:00:00,9,0.0,1.7723866
2014-11-11,2014-11-11 09:00:00,10,0.0,4.2216663
2014-11-11,2014-11-11 10:00:00,11,0.0,1.2509556
2014-11-11,2014-11-11 11:00:00,12,0.0,1.3966446
2014-11-11,2014-11-11 12:00:00,13,0.0,1.1276722
2014-11-11,2014-11-11 13:00:00,14,0.0,1.2902012
2014-11-11,2014-11-11 14:00:00,15,0.0,1.4167461
2014-11-11,2014-11-11 15:00:00,16,0.0,1.5041237
2014-11-11,2014-11-11 16:00:00,17,0.0,1.0670662
2014-11-11,2014-11-11 17:00:00,18,0.0,1.0354633
2014-11-11,2014-11-11 18:00:00,19,0.0,1.4674816
2014-11-11,2014-11-11 19:00:00,20,0.0,1.1430683
2014-11-11,2014-11-11 20:00:00,21,0.0,1.1136265
2014-11-11,2014-11-11 21:00:00,22,0.0,1.0308285
2014-11-11,2014-11-11 22:00:00,23,0.0,0.5962162
2014-11-11,2014-11-11 23:00:00,24,0.0,0.6938305
2014-11-12,2014-11-12 00:00:00,1,158.85417,147.92847
2014-11-12,2014-11-12 01:00:00,2,31.25,30.726938
2014-11-12,2014-11-12 02:00:00,3,33.854168,29.263857
2014-11-12,2014-11-12 03:00:00,4,33.854168,29.59739
2014-11-12,2014-11-12 04:00:00,5,39.0625,44.917213
2014-11-12,2014-11-12 05:00:00,6,104.166664,91.6987
2014-11-12,2014-11-12 06:00:00,7,111.979164,112.12563
2014-11-12,2014-11-12 07:00:00,8,0.0,8.047308
2014-11-12,2014-11-12 08:00:00,9,0.0,1.1089058
2014-11-12,2014-11-12 09:00:00,10,0.0,1.4634781
2014-11-12,2014-11-12 10:00:00,11,0.0,0.86192894
2014-11-12,2014-11-12 11:00:00,12,57.291668,1.1708965
2014-11-12,2014-11-12 12:00:00,13,0.0,0.96746063
2014-11-12,2014-11-12 13:00:00,14,0.0,1.1614933
2014-11-12,2014-11-12 14:00:00,15,0.0,0.9400635
2014-11-12,2014-11-12 15:00:00,16,0.0,0.78591347
2014-11-12,2014-11-12 16:00:00,17,0.0,0.98683167
2014-11-12,2014-11-12 17:00:00,18,0.0,0.98376846
2014-11-12,2014-11-12 18:00:00,19,0.0,1.2394047
2014-11-12,2014-11-12 19:00:00,20,0.0,1.1208725
2014-11-12,2014-11-12 20:00:00,21,0.0,1.0898972
2014-11-12,2014-11-12 21:00:00,22,0.0,0.8999882
2014-11-12,2014-11-12 22:00:00,23,0.0,0.5530834
2014-11-12,2014-11-12 23:00:00,24,0.0,0.42900658
2014-11-13,2014-11-13 00:00:00,1,197.91667,159.4618
2014-11-13,2014-11-13 01:00:00,2,33.854168,33.665283
2014-11-13,2014-11-13 02:00:00,3,33.854168,32.416363
2014-11-13,2014-11-13 03:00:00,4,33.854168,35.416767
2014-11-13,2014-11-13 04:00:00,5,36.458332,39.761883
2014-11-13,2014-11-13 05:00:00,6,36.458332,97.61607
2014-11-13,2014-11-13 06:00:00,7,49.479168,107.73326
2014-11-13,2014-11-13 07:00:00,8,0.0,10.03982
2014-11-13,2014-11-13 08:00:00,9,0.0,0.9624977
2014-11-13,2014-11-13 09:00:00,10,0.0,1.7447586
2014-11-13,2014-11-13 10:00:00,11,0.0,0.3146
2014-11-13,2014-11-13 11:00:00,12,0.0,1.377634
2014-11-13,2014-11-13 12:00:00,13,0.0,0.4703102
2014-11-13,2014-11-13 13:00:00,14,0.0,0.7582264
2014-11-13,2014-11-13 14:00:00,15,0.0,0.6729984
2014-11-13,2014-11-13 15:00:00,16,0.0,0.54089546
2014-11-13,2014-11-13 16:00:00,17,0.0,0.7139015
2014-11-13,2014-11-13 17:00:00,18,0.0,0.8189354
2014-11-13,2014-11-13 18:00:00,19,0.0,0.8698158
2014-11-13,2014-11-13 19:00:00,20,0.0,0.8038502
2014-11-13,2014-11-13 20:00:00,21,85.9375,0.82001877
2014-11-13,2014-11-13 21:00:00,22,0.0,0.625864
2014-11-13,2014-11-13 22:00:00,23,0.0,0.28146172
2014-11-13,2014-11-13 23:00:00,24,117.1875,0.33498383
2014-11-14,2014-11-14 00:00:00,1,57.291668,166.5624
2014-11-14,2014-11-14 01:00:00,2,36.458332,39.0766
2014-11-14,2014-11-14 02:00:00,3,33.854168,32.36341
2014-11-14,2014-11-14 03:00:00,4,36.458332,34.34471
2014-11-14,2014-11-14 04:00:00,5,39.0625,37.94573
2014-11-14,2014-11-14 05:00:00,6,119.791664,75.57473
2014-11-14,2014-11-14 06:00:00,7,148.4375,78.105156
2014-11-14,2014-11-14 07:00:00,8,0.0,5.4447556
2014-11-14,2014-11-14 08:00:00,9,46.875,0.9769211
2014-11-14,2014-11-14 09:00:00,10,0.0,1.9271164
2014-11-14,2014-11-14 10:00:00,11,119.791664,0.53858376
2014-11-14,2014-11-14 11:00:00,12,0.0,0.8366718
2014-11-14,2014-11-14 12:00:00,13,0.0,0.3078041
2014-11-14,2014-11-14 13:00:00,14,0.0,0.4910965
2014-11-14,2014-11-14 14:00:00,15,0.0,0.81947327
2014-11-14,2014-11-14 15:00:00,16,0.0,0.7076721
2014-11-14,2014-11-14 16:00:00,17,0.0,0.3317356
2014-11-14,2014-11-14 17:00:00,18,0.0,0.4736328
2014-11-14,2014-11-14 18:00:00,19,0.0,0.5082989
2014-11-14,2014-11-14 19:00:00,20,0.0,0.55833435
2014-11-14,2014-11-14 20:00:00,21,0.0,0.46009636
2014-11-14,2014-11-14 21:00:00,22,0.0,0.348835
2014-11-14,2014-11-14 22:00:00,23,0.0,0.09153175
2014-11-14,2014-11-14 23:00:00,24,0.0,0.8543358
2014-11-15,2014-11-15 00:00:00,1,161.45833,70.620766
2014-11-15,2014-11-15 01:00:00,2,36.458332,34.28736
2014-11-15,2014-11-15 02:00:00,3,36.458332,27.334545
2014-11-15,2014-11-15 03:00:00,4,36.458332,29.643019
2014-11-15,2014-11-15 04:00:00,5,36.458332,32.055332
2014-11-15,2014-11-15 05:00:00,6,39.0625,42.259537
2014-11-15,2014-11-15 06:00:00,7,36.458332,41.7443
2014-11-15,2014-11-15 07:00:00,8,36.458332,31.084621
2014-11-15,2014-11-15 08:00:00,9,36.458332,27.452759
2014-11-15,2014-11-15 09:00:00,10,59.895832,25.396437
2014-11-15,2014-11-15 10:00:00,11,39.0625,20.984993
2014-11-15,2014-11-15 11:00:00,12,0.0,16.109097
2014-11-15,2014-11-15 12:00:00,13,0.0,15.11599
2014-11-15,2014-11-15 13:00:00,14,145.83333,17.221636
2014-11-15,2014-11-15 14:00:00,15,28.645834,20.215462
2014-11-15,2014-11-15 15:00:00,16,31.25,18.276577
2014-11-15,2014-11-15 16:00:00,17,28.645834,19.559559
2014-11-15,2014-11-15 17:00:00,18,28.645834,17.770142
2014-11-15,2014-11-15 18:00:00,19,33.854168,14.348562
2014-11-15,2014-11-15 19:00:00,20,0.0,13.465433
2014-11-15,2014-11-15 20:00:00,21,0.0,15.569047
2014-11-15,2014-11-15 21:00:00,22,0.0,20.366858
2014-11-15,2014-11-15 22:00:00,23,169.27083,27.998793
2014-11-15,2014-11-15 23:00:00,24,33.854168,32.570297
2014-11-16,2014-11-16 00:00:00,1,36.458332,35.507122
2014-11-16,2014-11-16 01:00:00,2,33.854168,35.642166
2014-11-16,2014-11-16 02:00:00,3,31.25,35.957844
2014-11-16,2014-11-16 03:00:00,4,33.854168,37.16009
2014-11-16,2014-11-16 04:00:00,5,36.458332,36.80561
2014-11-16,2014-11-16 05:00:00,6,33.854168,37.10678
2014-11-16,2014-11-16 06:00:00,7,36.458332,37.637524
2014-11-16,2014-11-16 07:00:00,8,33.854168,38.957687
2014-11-16,2014-11-16 08:00:00,9,33.854168,37.3423
2014-11-16,2014-11-16 09:00:00,10,33.854168,31.722925
2014-11-16,2014-11-16 10:00:00,11,33.854168,24.938278
2014-11-16,2014-11-16 11:00:00,12,31.25,21.32324
2014-11-16,2014-11-16 12:00:00,13,33.854168,23.307331
2014-11-16,2014-11-16 13:00:00,14,31.25,25.07087
2014-11-16,2014-11-16 14:00:00,15,33.854168,25.214447
2014-11-16,2014-11-16 15:00:00,16,36.458332,25.959448
2014-11-16,2014-11-16 16:00:00,17,31.25,29.229961
2014-11-16,2014-11-16 17:00:00,18,31.25,27.915619
2014-11-16,2014-11-16 18:00:00,19,33.854168,26.300934
2014-11-16,2014-11-16 19:00:00,20,36.458332,26.60264
2014-11-16,2014-11-16 20:00:00,21,33.854168,27.312181
2014-11-16,2014-11-16 21:00:00,22,36.458332,29.228258
2014-11-16,2014-11-16 22:00:00,23,31.25,31.75652
2014-11-16,2014-11-16 23:00:00,24,33.854168,33.444485
2014-11-17,2014-11-17 00:00:00,1,33.854168,40.204212
2014-11-17,2014-11-17 01:00:00,2,36.458332,39.569744
2014-11-17,2014-11-17 02:00:00,3,31.25,39.314255
2014-11-17,2014-11-17 03:00:00,4,33.854168,39.88699
2014-11-17,2014-11-17 04:00:00,5,31.25,39.577682
2014-11-17,2014-11-17 05:00:00,6,33.854168,40.44115
2014-11-17,2014-11-17 06:00:00,7,41.666668,41.11599
2014-11-17,2014-11-17 07:00:00,8,151.04167,42.44892
2014-11-17,2014-11-17 08:00:00,9,0.0,37.345093
2014-11-17,2014-11-17 09:00:00,10,0.0,20.83215
2014-11-17,2014-11-17 10:00:00,11,0.0,6.7271404
2014-11-17,2014-11-17 11:00:00,12,0.0,1.8179817
2014-11-17,2014-11-17 12:00:00,13,0.0,0.2660389
2014-11-17,2014-11-17 13:00:00,14,0.0,0.45719147
2014-11-17,2014-11-17 14:00:00,15,0.0,-0.3834324
2014-11-17,2014-11-17 15:00:00,16,0.0,1.6584682
2014-11-17,2014-11-17 16:00:00,17,0.0,1.428482
2014-11-17,2014-11-17 17:00:00,18,0.0,1.7447243
2014-11-17,2014-11-17 18:00:00,19,0.0,0.7824173
2014-11-17,2014-11-17 19:00:00,20,0.0,1.0103588
2014-11-17,2014-11-17 20:00:00,21,0.0,1.5647354
2014-11-17,2014-11-17 21:00:00,22,0.0,0.7761116
2014-11-17,2014-11-17 22:00:00,23,0.0,0.5295124
2014-11-17,2014-11-17 23:00:00,24,0.0,6.851177
2014-11-18,2014-11-18 00:00:00,1,158.85417,108.76189
2014-11-18,2014-11-18 01:00:00,2,33.854168,26.047379
2014-11-18,2014-11-18 02:00:00,3,33.854168,21.323242
2014-11-18,2014-11-18 03:00:00,4,33.854168,23.47933
2014-11-18,2014-11-18 04:00:00,5,67.708336,28.549042
2014-11-18,2014-11-18 05:00:00,6,101.5625,57.909096
2014-11-18,2014-11-18 06:00:00,7,151.04167,59.534943
2014-11-18,2014-11-18 07:00:00,8,0.0,2.4901485
2014-11-18,2014-11-18 08:00:00,9,0.0,0.9719906
2014-11-18,2014-11-18 09:00:00,10,0.0,1.7882385
2014-11-18,2014-11-18 10:00:00,11,0.0,1.2723007
2014-11-18,2014-11-18 11:00:00,12,0.0,1.3489437
2014-11-18,2014-11-18 12:00:00,13,0.0,1.1150036
2014-11-18,2014-11-18 13:00:00,14,0.0,1.2238235
2014-11-18,2014-11-18 14:00:00,15,0.0,1.30966
2014-11-18,2014-11-18 15:00:00,16,0.0,1.3298054
2014-11-18,2014-11-18 16:00:00,17,0.0,0.6731186
2014-11-18,2014-11-18 17:00:00,18,0.0,0.8933201
2014-11-18,2014-11-18 18:00:00,19,0.0,1.0110435
2014-11-18,2014-11-18 19:00:00,20,0.0,0.85977936
2014-11-18,2014-11-18 20:00:00,21,0.0,0.81222916
2014-11-18,2014-11-18 21:00:00,22,0.0,0.73098755
2014-11-18,2014-11-18 22:00:00,23,0.0,0.38405418
2014-11-18,2014-11-18 23:00:00,24,0.0,0.7270851
2014-11-19,2014-11-19 00:00:00,1,210.9375,142.47989
2014-11-19,2014-11-19 01:00:00,2,36.458332,38.067673
2014-11-19,2014-11-19 02:00:00,3,36.458332,26.715914
2014-11-19,2014-11-19 03:00:00,4,33.854168,30.13774
2014-11-19,2014-11-19 04:00:00,5,33.854168,40.599403
2014-11-19,2014-11-19 05:00:00,6,117.1875,80.87727
2014-11-19,2014-11-19 06:00:00,7,125.0,89.860634
2014-11-19,2014-11-19 07:00:00,8,0.0,3.9137096
2014-11-19,2014-11-19 08:00:00,9,0.0,0.9870739
2014-11-19,2014-11-19 09:00:00,10,0.0,1.4355183
2014-11-19,2014-11-19 10:00:00,11,0.0,0.80958366
2014-11-19,2014-11-19 11:00:00,12,0.0,1.0495033
2014-11-19,2014-11-19 12:00:00,13,0.0,0.8530731
2014-11-19,2014-11-19 13:00:00,14,0.0,0.9205246
2014-11-19,2014-11-19 14:00:00,15,0.0,0.88640785
2014-11-19,2014-11-19 15:00:00,16,0.0,0.88929176
2014-11-19,2014-11-19 16:00:00,17,0.0,0.92121506
2014-11-19,2014-11-19 17:00:00,18,0.0,0.87335587
2014-11-19,2014-11-19 18:00:00,19,0.0,1.0775948
2014-11-19,2014-11-19 19:00:00,20,0.0,1.0573902
2014-11-19,2014-11-19 20:00:00,21,0.0,0.90610886
2014-11-19,2014-11-19 21:00:00,22,0.0,1.0233097
2014-11-19,2014-11-19 22:00:00,23,0.0,0.3823471
2014-11-19,2014-11-19 23:00:00,24,0.0,1.0786037
2014-11-20,2014-11-20 00:00:00,1,195.3125,158.03189
2014-11-20,2014-11-20 01:00:00,2,36.458332,38.42313
2014-11-20,2014-11-20 02:00:00,3,36.458332,30.862305
2014-11-20,2014-11-20 03:00:00,4,36.458332,35.532967
2014-11-20,2014-11-20 04:00:00,5,33.854168,43.706474
2014-11-20,2014-11-20 05:00:00,6,80.729164,99.4778
2014-11-20,2014-11-20 06:00:00,7,88.541664,118.45639
2014-11-20,2014-11-20 07:00:00,8,0.0,1.6934662
2014-11-20,2014-11-20 08:00:00,9,0.0,0.84675026
2014-11-20,2014-11-20 09:00:00,10,0.0,1.3201008
2014-11-20,2014-11-20 10:00:00,11,0.0,0.85464096
2014-11-20,2014-11-20 11:00:00,12,0.0,1.0390434
2014-11-20,2014-11-20 12:00:00,13,0.0,0.81510353
2014-11-20,2014-11-20 13:00:00,14,0.0,0.90776443
2014-11-20,2014-11-20 14:00:00,15,0.0,0.9582882
2014-11-20,2014-11-20 15:00:00,16,0.0,0.8933506
2014-11-20,2014-11-20 16:00:00,17,0.0,0.62540627
2014-11-20,2014-11-20 17:00:00,18,0.0,0.5001793
2014-11-20,2014-11-20 18:00:00,19,0.0,0.96744347
2014-11-20,2014-11-20 19:00:00,20,0.0,0.9011421
2014-11-20,2014-11-20 20:00:00,21,0.0,0.84202576
2014-11-20,2014-11-20 21:00:00,22,0.0,0.77840614
2014-11-20,2014-11-20 22:00:00,23,0.0,0.3832283
2014-11-20,2014-11-20 23:00:00,24,0.0,1.1390152
2014-11-21,2014-11-21 00:00:00,1,205.72917,158.91362
2014-11-21,2014-11-21 01:00:00,2,36.458332,36.3717
2014-11-21,2014-11-21 02:00:00,3,36.458332,27.977264
2014-11-21,2014-11-21 03:00:00,4,36.458332,31.050344
2014-11-21,2014-11-21 04:00:00,5,36.458332,36.5661
2014-11-21,2014-11-21 05:00:00,6,78.125,94.311386
2014-11-21,2014-11-21 06:00:00,7,93.75,102.82457
2014-11-21,2014-11-21 07:00:00,8,0.0,2.6086884
2014-11-21,2014-11-21 08:00:00,9,0.0,0.81355476
2014-11-21,2014-11-21 09:00:00,10,0.0,1.0327034
2014-11-21,2014-11-21 10:00:00,11,0.0,0.82354736
2014-11-21,2014-11-21 11:00:00,12,0.0,0.80605507
2014-11-21,2014-11-21 12:00:00,13,197.91667,0.607254
2014-11-21,2014-11-21 13:00:00,14,192.70833,0.64860725
2014-11-21,2014-11-21 14:00:00,15,75.520836,0.69613266
2014-11-21,2014-11-21 15:00:00,16,0.0,0.52835846
2014-11-21,2014-11-21 16:00:00,17,0.0,0.5553856
2014-11-21,2014-11-21 17:00:00,18,0.0,0.45085716
2014-11-21,2014-11-21 18:00:00,19,0.0,0.69002724
2014-11-21,2014-11-21 19:00:00,20,0.0,0.60207367
2014-11-21,2014-11-21 20:00:00,21,0.0,0.5151806
2014-11-21,2014-11-21 21:00:00,22,0.0,0.36644173
2014-11-21,2014-11-21 22:00:00,23,0.0,-0.012264252
2014-11-21,2014-11-21 23:00:00,24,0.0,-0.026906967
2014-11-22,2014-11-22 00:00:00,1,195.3125,118.62425
2014-11-22,2014-11-22 01:00:00,2,33.854168,24.749336
2014-11-22,2014-11-22 02:00:00,3,33.854168,19.46301
2014-11-22,2014-11-22 03:00:00,4,36.458332,25.088669
2014-11-22,2014-11-22 04:00:00,5,33.854168,29.173325
2014-11-22,2014-11-22 05:00:00,6,96.354164,47.199898
2014-11-22,2014-11-22 06:00:00,7,91.145836,47.320168
2014-11-22,2014-11-22 07:00:00,8,104.166664,25.796019
2014-11-22,2014-11-22 08:00:00,9,114.583336,22.714361
2014-11-22,2014-11-22 09:00:00,10,96.354164,28.917978
2014-11-22,2014-11-22 10:00:00,11,0.0,22.481123
2014-11-22,2014-11-22 11:00:00,12,0.0,17.586113
2014-11-22,2014-11-22 12:00:00,13,0.0,29.54709
2014-11-22,2014-11-22 13:00:00,14,205.72917,58.522766
2014-11-22,2014-11-22 14:00:00,15,33.854168,45.288513
2014-11-22,2014-11-22 15:00:00,16,33.854168,35.72844
2014-11-22,2014-11-22 16:00:00,17,36.458332,26.017508
2014-11-22,2014-11-22 17:00:00,18,33.854168,23.98877
2014-11-22,2014-11-22 18:00:00,19,26.041666,23.13711
2014-11-22,2014-11-22 19:00:00,20,0.0,20.021124
2014-11-22,2014-11-22 20:00:00,21,0.0,20.875353
2014-11-22,2014-11-22 21:00:00,22,0.0,23.554688
2014-11-22,2014-11-22 22:00:00,23,190.10417,29.546734
2014-11-22,2014-11-22 23:00:00,24,36.458332,32.408188
2014-11-23,2014-11-23 00:00:00,1,36.458332,34.971058
2014-11-23,2014-11-23 01:00:00,2,33.854168,33.267128
2014-11-23,2014-11-23 02:00:00,3,36.458332,33.295147
2014-11-23,2014-11-23 03:00:00,4,111.979164,34.52154
2014-11-23,2014-11-23 04:00:00,5,111.979164,35.337357
2014-11-23,2014-11-23 05:00:00,6,106.770836,37.197697
2014-11-23,2014-11-23 06:00:00,7,109.375,37.880894
2014-11-23,2014-11-23 07:00:00,8,132.8125,36.66189
2014-11-23,2014-11-23 08:00:00,9,153.64583,29.675337
2014-11-23,2014-11-23 09:00:00,10,114.583336,24.25359
2014-11-23,2014-11-23 10:00:00,11,111.979164,21.424484
2014-11-23,2014-11-23 11:00:00,12,174.47917,21.111214
2014-11-23,2014-11-23 12:00:00,13,117.1875,24.089872
2014-11-23,2014-11-23 13:00:00,14,117.1875,26.022614
2014-11-23,2014-11-23 14:00:00,15,153.64583,26.267117
2014-11-23,2014-11-23 15:00:00,16,138.02083,24.629168
2014-11-23,2014-11-23 16:00:00,17,117.1875,20.233536
2014-11-23,2014-11-23 17:00:00,18,151.04167,19.075197
2014-11-23,2014-11-23 18:00:00,19,132.8125,18.839241
2014-11-23,2014-11-23 19:00:00,20,117.1875,19.222012
2014-11-23,2014-11-23 20:00:00,21,164.0625,18.507298
2014-11-23,2014-11-23 21:00:00,22,114.583336,20.835325
2014-11-23,2014-11-23 22:00:00,23,174.47917,22.926666
2014-11-23,2014-11-23 23:00:00,24,119.791664,27.272694
2014-11-24,2014-11-24 00:00:00,1,140.625,134.50516
2014-11-24,2014-11-24 01:00:00,2,148.4375,132.53957
2014-11-24,2014-11-24 02:00:00,3,117.1875,137.08276
2014-11-24,2014-11-24 03:00:00,4,174.47917,140.34863
2014-11-24,2014-11-24 04:00:00,5,117.1875,141.39606
2014-11-24,2014-11-24 05:00:00,6,174.47917,142.72159
2014-11-24,2014-11-24 06:00:00,7,122.395836,145.62912
2014-11-24,2014-11-24 07:00:00,8,0.0,146.91766
2014-11-24,2014-11-24 08:00:00,9,0.0,73.63034
2014-11-24,2014-11-24 09:00:00,10,0.0,54.34755
2014-11-24,2014-11-24 10:00:00,11,0.0,36.263927
2014-11-24,2014-11-24 11:00:00,12,0.0,24.267351
2014-11-24,2014-11-24 12:00:00,13,0.0,19.534418
2014-11-24,2014-11-24 13:00:00,14,0.0,14.3883705
2014-11-24,2014-11-24 14:00:00,15,0.0,8.053684
2014-11-24,2014-11-24 15:00:00,16,0.0,9.008358
2014-11-24,2014-11-24 16:00:00,17,0.0,8.116482
2014-11-24,2014-11-24 17:00:00,18,0.0,11.610504
2014-11-24,2014-11-24 18:00:00,19,0.0,10.657196
2014-11-24,2014-11-24 19:00:00,20,0.0,11.540253
2014-11-24,2014-11-24 20:00:00,21,0.0,8.652786
2014-11-24,2014-11-24 21:00:00,22,0.0,12.328737
2014-11-24,2014-11-24 22:00:00,23,0.0,8.663658
2014-11-24,2014-11-24 23:00:00,24,0.0,16.934034
2014-11-25,2014-11-25 00:00:00,1,177.08333,187.71284
2014-11-25,2014-11-25 01:00:00,2,33.854168,25.697258
2014-11-25,2014-11-25 02:00:00,3,33.854168,16.805151
2014-11-25,2014-11-25 03:00:00,4,36.458332,19.849897
2014-11-25,2014-11-25 04:00:00,5,36.458332,27.70191
2014-11-25,2014-11-25 05:00:00,6,114.583336,93.319336
2014-11-25,2014-11-25 06:00:00,7,132.8125,100.67624
2014-11-25,2014-11-25 07:00:00,8,0.0,1.7923927
2014-11-25,2014-11-25 08:00:00,9,36.458332,0.7786789
2014-11-25,2014-11-25 09:00:00,10,18.229166,1.5135765
2014-11-25,2014-11-25 10:00:00,11,0.0,1.2637177
2014-11-25,2014-11-25 11:00:00,12,0.0,2.0267334
2014-11-25,2014-11-25 12:00:00,13,0.0,1.5149574
2014-11-25,2014-11-25 13:00:00,14,0.0,1.489357
2014-11-25,2014-11-25 14:00:00,15,0.0,1.530468
2014-11-25,2014-11-25 15:00:00,16,0.0,1.5421906
2014-11-25,2014-11-25 16:00:00,17,0.0,0.91524124
2014-11-25,2014-11-25 17:00:00,18,0.0,1.1691933
2014-11-25,2014-11-25 18:00:00,19,0.0,1.4403572
2014-11-25,2014-11-25 19:00:00,20,0.0,1.1660423
2014-11-25,2014-11-25 20:00:00,21,0.0,0.919014
2014-11-25,2014-11-25 21:00:00,22,0.0,0.7603378
2014-11-25,2014-11-25 22:00:00,23,0.0,0.22998047
2014-11-25,2014-11-25 23:00:00,24,0.0,-0.06852722
2014-11-26,2014-11-26 00:00:00,1,174.47917,189.22054
2014-11-26,2014-11-26 01:00:00,2,36.458332,30.817593
2014-11-26,2014-11-26 02:00:00,3,36.458332,31.453651
2014-11-26,2014-11-26 03:00:00,4,33.854168,36.868225
2014-11-26,2014-11-26 04:00:00,5,65.104164,33.325035
2014-11-26,2014-11-26 05:00:00,6,106.770836,97.41467
2014-11-26,2014-11-26 06:00:00,7,169.27083,102.78436
2014-11-26,2014-11-26 07:00:00,8,0.0,2.6876068
2014-11-26,2014-11-26 08:00:00,9,0.0,2.1534386
2014-11-26,2014-11-26 09:00:00,10,0.0,2.3500214
2014-11-26,2014-11-26 10:00:00,11,0.0,1.1254845
2014-11-26,2014-11-26 11:00:00,12,0.0,1.6511497
2014-11-26,2014-11-26 12:00:00,13,0.0,1.0233955
2014-11-26,2014-11-26 13:00:00,14,0.0,1.3169746
2014-11-26,2014-11-26 14:00:00,15,0.0,1.072464
2014-11-26,2014-11-26 15:00:00,16,0.0,0.838562
2014-11-26,2014-11-26 16:00:00,17,0.0,0.9034653
2014-11-26,2014-11-26 17:00:00,18,0.0,1.109829
2014-11-26,2014-11-26 18:00:00,19,0.0,1.0830574
2014-11-26,2014-11-26 19:00:00,20,0.0,1.0754776
2014-11-26,2014-11-26 20:00:00,21,0.0,0.8701019
2014-11-26,2014-11-26 21:00:00,22,0.0,0.7870903
2014-11-26,2014-11-26 22:00:00,23,0.0,0.3114395
2014-11-26,2014-11-26 23:00:00,24,0.0,-0.09390259
2014-11-27,2014-11-27 00:00:00,1,164.0625,183.04362
2014-11-27,2014-11-27 01:00:00,2,36.458332,34.89856
2014-11-27,2014-11-27 02:00:00,3,36.458332,25.182178
2014-11-27,2014-11-27 03:00:00,4,33.854168,34.326717
2014-11-27,2014-11-27 04:00:00,5,33.854168,40.343666
2014-11-27,2014-11-27 05:00:00,6,119.791664,107.855515
2014-11-27,2014-11-27 06:00:00,7,111.979164,120.52458
2014-11-27,2014-11-27 07:00:00,8,0.0,4.2891273
2014-11-27,2014-11-27 08:00:00,9,0.0,1.4725952
2014-11-27,2014-11-27 09:00:00,10,0.0,2.2294197
2014-11-27,2014-11-27 10:00:00,11,0.0,1.0995979
2014-11-27,2014-11-27 11:00:00,12,0.0,1.6901321
2014-11-27,2014-11-27 12:00:00,13,0.0,1.1988297
2014-11-27,2014-11-27 13:00:00,14,0.0,1.6077957
2014-11-27,2014-11-27 14:00:00,15,0.0,1.2639923
2014-11-27,2014-11-27 15:00:00,16,0.0,1.360363
2014-11-27,2014-11-27 16:00:00,17,0.0,0.6510887
2014-11-27,2014-11-27 17:00:00,18,0.0,0.62295914
2014-11-27,2014-11-27 18:00:00,19,0.0,1.0193405
2014-11-27,2014-11-27 19:00:00,20,0.0,0.97901917
2014-11-27,2014-11-27 20:00:00,21,0.0,0.68645096
2014-11-27,2014-11-27 21:00:00,22,0.0,0.5706978
2014-11-27,2014-11-27 22:00:00,23,0.0,-0.008609772
2014-11-27,2014-11-27 23:00:00,24,0.0,-0.029914856
2014-11-28,2014-11-28 00:00:00,1,203.125,170.61331
2014-11-28,2014-11-28 01:00:00,2,33.854168,30.242886
2014-11-28,2014-11-28 02:00:00,3,33.854168,26.939724
2014-11-28,2014-11-28 03:00:00,4,33.854168,30.47367
2014-11-28,2014-11-28 04:00:00,5,31.25,37.792343
2014-11-28,2014-11-28 05:00:00,6,122.395836,107.485756
2014-11-28,2014-11-28 06:00:00,7,132.8125,118.456474
2014-11-28,2014-11-28 07:00:00,8,0.0,0.767498
2014-11-28,2014-11-28 08:00:00,9,0.0,0.73414993
2014-11-28,2014-11-28 09:00:00,10,0.0,0.87205124
2014-11-28,2014-11-28 10:00:00,11,0.0,0.40180206
2014-11-28,2014-11-28 11:00:00,12,0.0,0.9384842
2014-11-28,2014-11-28 12:00:00,13,0.0,0.3228531
2014-11-28,2014-11-28 13:00:00,14,0.0,1.3696709
2014-11-28,2014-11-28 14:00:00,15,0.0,0.51418686
2014-11-28,2014-11-28 15:00:00,16,0.0,0.38471985
2014-11-28,2014-11-28 16:00:00,17,0.0,0.25632858
2014-11-28,2014-11-28 17:00:00,18,0.0,0.2969818
2014-11-28,2014-11-28 18:00:00,19,0.0,0.235672
2014-11-28,2014-11-28 19:00:00,20,0.0,0.15425491
2014-11-28,2014-11-28 20:00:00,21,0.0,0.1903305
2014-11-28,2014-11-28 21:00:00,22,0.0,0.056797028
2014-11-28,2014-11-28 22:00:00,23,0.0,-0.45978546
2014-11-28,2014-11-28 23:00:00,24,0.0,-0.8634491
2014-11-29,2014-11-29 00:00:00,1,161.45833,160.52121
2014-11-29,2014-11-29 01:00:00,2,41.666668,21.94934
2014-11-29,2014-11-29 02:00:00,3,36.458332,19.252396
2014-11-29,2014-11-29 03:00:00,4,36.458332,29.972437
2014-11-29,2014-11-29 04:00:00,5,49.479168,43.293354
2014-11-29,2014-11-29 05:00:00,6,104.166664,101.52252
2014-11-29,2014-11-29 06:00:00,7,148.4375,115.09776
2014-11-29,2014-11-29 07:00:00,8,130.20833,95.51788
2014-11-29,2014-11-29 08:00:00,9,80.729164,105.96912
2014-11-29,2014-11-29 09:00:00,10,46.875,76.7022
2014-11-29,2014-11-29 10:00:00,11,46.875,29.711887
2014-11-29,2014-11-29 11:00:00,12,54.6875,27.05489
2014-11-29,2014-11-29 12:00:00,13,36.458332,28.563011
2014-11-29,2014-11-29 13:00:00,14,28.645834,113.25953
2014-11-29,2014-11-29 14:00:00,15,39.0625,59.18453
2014-11-29,2014-11-29 15:00:00,16,41.666668,57.225468
2014-11-29,2014-11-29 16:00:00,17,46.875,52.093468
2014-11-29,2014-11-29 17:00:00,18,195.3125,53.711555
2014-11-29,2014-11-29 18:00:00,19,156.25,53.3808
2014-11-29,2014-11-29 19:00:00,20,44.270832,36.373837
2014-11-29,2014-11-29 20:00:00,21,65.104164,58.41497
2014-11-29,2014-11-29 21:00:00,22,104.166664,54.213745
2014-11-29,2014-11-29 22:00:00,23,145.83333,119.71288
2014-11-29,2014-11-29 23:00:00,24,145.83333,102.2815
2014-11-30,2014-11-30 00:00:00,1,119.791664,136.24477
2014-11-30,2014-11-30 01:00:00,2,125.0,132.85995
2014-11-30,2014-11-30 02:00:00,3,177.08333,135.74374
2014-11-30,2014-11-30 03:00:00,4,122.395836,142.19548
2014-11-30,2014-11-30 04:00:00,5,145.83333,145.69366
2014-11-30,2014-11-30 05:00:00,6,161.45833,145.04709
2014-11-30,2014-11-30 06:00:00,7,122.395836,144.78479
2014-11-30,2014-11-30 07:00:00,8,182.29167,144.67607
2014-11-30,2014-11-30 08:00:00,9,122.395836,142.06921
2014-11-30,2014-11-30 09:00:00,10,171.875,139.06686
2014-11-30,2014-11-30 10:00:00,11,127.604164,136.99023
2014-11-30,2014-11-30 11:00:00,12,177.08333,136.20447
2014-11-30,2014-11-30 12:00:00,13,117.1875,133.48741
2014-11-30,2014-11-30 13:00:00,14,140.625,133.90169
2014-11-30,2014-11-30 14:00:00,15,166.66667,135.36554
2014-11-30,2014-11-30 15:00:00,16,122.395836,133.78217
2014-11-30,2014-11-30 16:00:00,17,140.625,122.58862
2014-11-30,2014-11-30 17:00:00,18,158.85417,126.27932
2014-11-30,2014-11-30 18:00:00,19,117.1875,126.0699
2014-11-30,2014-11-30 19:00:00,20,171.875,125.8233
2014-11-30,2014-11-30 20:00:00,21,125.0,128.42123
2014-11-30,2014-11-30 21:00:00,22,177.08333,127.44255
2014-11-30,2014-11-30 22:00:00,23,127.604164,130.33572
2014-11-30,2014-11-30 23:00:00,24,179.6875,132.79718
2014-12-01,2014-12-01 00:00:00,1,119.791664,170.81036
2014-12-01,2014-12-01 01:00:00,2,151.04167,158.59587
2014-12-01,2014-12-01 02:00:00,3,156.25,158.92285
2014-12-01,2014-12-01 03:00:00,4,125.0,163.16397
2014-12-01,2014-12-01 04:00:00,5,177.08333,157.8262
2014-12-01,2014-12-01 05:00:00,6,127.604164,171.70071
2014-12-01,2014-12-01 06:00:00,7,182.29167,158.18742
2014-12-01,2014-12-01 07:00:00,8,0.0,45.578033
2014-12-01,2014-12-01 08:00:00,9,0.0,22.207878
2014-12-01,2014-12-01 09:00:00,10,0.0,17.151123
2014-12-01,2014-12-01 10:00:00,11,0.0,10.620235
2014-12-01,2014-12-01 11:00:00,12,0.0,7.650734
2014-12-01,2014-12-01 12:00:00,13,0.0,4.154232
2014-12-01,2014-12-01 13:00:00,14,0.0,4.613899
2014-12-01,2014-12-01 14:00:00,15,0.0,1.8555069
2014-12-01,2014-12-01 15:00:00,16,0.0,4.381626
2014-12-01,2014-12-01 16:00:00,17,0.0,1.2789078
2014-12-01,2014-12-01 17:00:00,18,0.0,4.413727
2014-12-01,2014-12-01 18:00:00,19,0.0,3.4803429
2014-12-01,2014-12-01 19:00:00,20,0.0,4.173355
2014-12-01,2014-12-01 20:00:00,21,0.0,4.158268
2014-12-01,2014-12-01 21:00:00,22,0.0,4.3284073
2014-12-01,2014-12-01 22:00:00,23,0.0,2.9746857
2014-12-01,2014-12-01 23:00:00,24,0.0,10.640022
2014-12-02,2014-12-02 00:00:00,1,158.85417,175.60764
2014-12-02,2014-12-02 01:00:00,2,31.25,22.587246
2014-12-02,2014-12-02 02:00:00,3,33.854168,20.261585
2014-12-02,2014-12-02 03:00:00,4,31.25,21.73091
2014-12-02,2014-12-02 04:00:00,5,78.125,32.333996
2014-12-02,2014-12-02 05:00:00,6,101.5625,106.014694
2014-12-02,2014-12-02 06:00:00,7,143.22917,130.05795
2014-12-02,2014-12-02 07:00:00,8,0.0,2.1907082
2014-12-02,2014-12-02 08:00:00,9,0.0,1.1431961
2014-12-02,2014-12-02 09:00:00,10,0.0,1.6601791
2014-12-02,2014-12-02 10:00:00,11,0.0,1.1915627
2014-12-02,2014-12-02 11:00:00,12,0.0,1.565506
2014-12-02,2014-12-02 12:00:00,13,0.0,1.5098839
2014-12-02,2014-12-02 13:00:00,14,0.0,1.3905907
2014-12-02,2014-12-02 14:00:00,15,0.0,1.4319916
2014-12-02,2014-12-02 15:00:00,16,0.0,1.4504166
2014-12-02,2014-12-02 16:00:00,17,0.0,1.0974274
2014-12-02,2014-12-02 17:00:00,18,0.0,1.0292282
2014-12-02,2014-12-02 18:00:00,19,0.0,1.5163116
2014-12-02,2014-12-02 19:00:00,20,0.0,1.2953987
2014-12-02,2014-12-02 20:00:00,21,0.0,1.0955887
2014-12-02,2014-12-02 21:00:00,22,0.0,0.79203033
2014-12-02,2014-12-02 22:00:00,23,0.0,0.25553894
2014-12-02,2014-12-02 23:00:00,24,0.0,0.08742905
2014-12-03,2014-12-03 00:00:00,1,130.20833,172.34943
2014-12-03,2014-12-03 01:00:00,2,13.020833,35.951447
2014-12-03,2014-12-03 02:00:00,3,13.020833,34.47776
2014-12-03,2014-12-03 03:00:00,4,15.625,34.615116
2014-12-03,2014-12-03 04:00:00,5,13.020833,47.32083
2014-12-03,2014-12-03 05:00:00,6,13.020833,117.550865
2014-12-03,2014-12-03 06:00:00,7,33.854168,132.14838
2014-12-03,2014-12-03 07:00:00,8,145.83333,1.1990623
2014-12-03,2014-12-03 08:00:00,9,187.5,0.8249512
2014-12-03,2014-12-03 09:00:00,10,0.0,1.340332
2014-12-03,2014-12-03 10:00:00,11,0.0,0.97379684
2014-12-03,2014-12-03 11:00:00,12,0.0,1.321022
2014-12-03,2014-12-03 12:00:00,13,0.0,1.1796494
2014-12-03,2014-12-03 13:00:00,14,0.0,1.2736855
2014-12-03,2014-12-03 14:00:00,15,0.0,0.85702896
2014-12-03,2014-12-03 15:00:00,16,0.0,0.5380287
2014-12-03,2014-12-03 16:00:00,17,0.0,0.47761917
2014-12-03,2014-12-03 17:00:00,18,0.0,0.5692558
2014-12-03,2014-12-03 18:00:00,19,52.083332,0.85398865
2014-12-03,2014-12-03 19:00:00,20,0.0,0.7422104
2014-12-03,2014-12-03 20:00:00,21,0.0,0.73254776
2014-12-03,2014-12-03 21:00:00,22,0.0,0.42718124
2014-12-03,2014-12-03 22:00:00,23,0.0,0.009113312
2014-12-03,2014-12-03 23:00:00,24,0.0,-0.39518738
2014-12-04,2014-12-04 00:00:00,1,153.64583,153.95955
2014-12-04,2014-12-04 01:00:00,2,33.854168,20.222076
2014-12-04,2014-12-04 02:00:00,3,44.270832,16.614922
2014-12-04,2014-12-04 03:00:00,4,36.458332,20.15963
2014-12-04,2014-12-04 04:00:00,5,70.3125,31.810516
2014-12-04,2014-12-04 05:00:00,6,109.375,80.44398
2014-12-04,2014-12-04 06:00:00,7,101.5625,101.32854
2014-12-04,2014-12-04 07:00:00,8,52.083332,17.377033
2014-12-04,2014-12-04 08:00:00,9,44.270832,3.9101639
2014-12-04,2014-12-04 09:00:00,10,0.0,1.8264542
2014-12-04,2014-12-04 10:00:00,11,0.0,0.8181038
2014-12-04,2014-12-04 11:00:00,12,0.0,1.2886276
2014-12-04,2014-12-04 12:00:00,13,0.0,1.3534546
2014-12-04,2014-12-04 13:00:00,14,0.0,1.4165344
2014-12-04,2014-12-04 14:00:00,15,0.0,1.2341003
2014-12-04,2014-12-04 15:00:00,16,0.0,1.3804016
2014-12-04,2014-12-04 16:00:00,17,0.0,0.80555344
2014-12-04,2014-12-04 17:00:00,18,0.0,0.77757645
2014-12-04,2014-12-04 18:00:00,19,0.0,2.042984
2014-12-04,2014-12-04 19:00:00,20,0.0,0.9758148
2014-12-04,2014-12-04 20:00:00,21,0.0,0.8840904
2014-12-04,2014-12-04 21:00:00,22,0.0,1.1233749
2014-12-04,2014-12-04 22:00:00,23,0.0,0.5626335
2014-12-04,2014-12-04 23:00:00,24,0.0,2.211197
2014-12-05,2014-12-05 00:00:00,1,153.64583,143.04489
2014-12-05,2014-12-05 01:00:00,2,36.458332,29.527548
2014-12-05,2014-12-05 02:00:00,3,36.458332,22.044975
2014-12-05,2014-12-05 03:00:00,4,41.666668,26.657322
2014-12-05,2014-12-05 04:00:00,5,88.541664,52.818607
2014-12-05,2014-12-05 05:00:00,6,104.166664,94.867096
2014-12-05,2014-12-05 06:00:00,7,109.375,110.25105
2014-12-05,2014-12-05 07:00:00,8,0.0,53.961205
2014-12-05,2014-12-05 08:00:00,9,0.0,22.305685
2014-12-05,2014-12-05 09:00:00,10,0.0,1.666584
2014-12-05,2014-12-05 10:00:00,11,0.0,0.7852783
2014-12-05,2014-12-05 11:00:00,12,0.0,1.3376694
2014-12-05,2014-12-05 12:00:00,13,0.0,1.5802574
2014-12-05,2014-12-05 13:00:00,14,0.0,1.8012924
2014-12-05,2014-12-05 14:00:00,15,0.0,1.4416313
2014-12-05,2014-12-05 15:00:00,16,0.0,1.4872398
2014-12-05,2014-12-05 16:00:00,17,0.0,0.1422348
2014-12-05,2014-12-05 17:00:00,18,0.0,0.08306122
2014-12-05,2014-12-05 18:00:00,19,0.0,0.8641281
2014-12-05,2014-12-05 19:00:00,20,0.0,0.51439667
2014-12-05,2014-12-05 20:00:00,21,0.0,0.26605225
2014-12-05,2014-12-05 21:00:00,22,0.0,0.3018074
2014-12-05,2014-12-05 22:00:00,23,0.0,-0.116882324
2014-12-05,2014-12-05 23:00:00,24,0.0,1.2222404
2014-12-06,2014-12-06 00:00:00,1,171.875,120.99492
2014-12-06,2014-12-06 01:00:00,2,36.458332,30.8644
2014-12-06,2014-12-06 02:00:00,3,36.458332,27.032162
2014-12-06,2014-12-06 03:00:00,4,36.458332,30.427994
2014-12-06,2014-12-06 04:00:00,5,80.729164,52.197243
2014-12-06,2014-12-06 05:00:00,6,106.770836,100.57373
2014-12-06,2014-12-06 06:00:00,7,104.166664,120.87956
2014-12-06,2014-12-06 07:00:00,8,104.166664,108.26692
2014-12-06,2014-12-06 08:00:00,9,104.166664,76.30448
2014-12-06,2014-12-06 09:00:00,10,65.104164,49.15485
2014-12-06,2014-12-06 10:00:00,11,0.0,41.216614
2014-12-06,2014-12-06 11:00:00,12,0.0,31.070475
2014-12-06,2014-12-06 12:00:00,13,0.0,22.519611
2014-12-06,2014-12-06 13:00:00,14,151.04167,18.424706
2014-12-06,2014-12-06 14:00:00,15,31.25,17.265766
2014-12-06,2014-12-06 15:00:00,16,31.25,19.898563
2014-12-06,2014-12-06 16:00:00,17,33.854168,57.925945
2014-12-06,2014-12-06 17:00:00,18,67.708336,91.063095
2014-12-06,2014-12-06 18:00:00,19,39.0625,92.66704
2014-12-06,2014-12-06 19:00:00,20,0.0,80.84136
2014-12-06,2014-12-06 20:00:00,21,0.0,87.26448
2014-12-06,2014-12-06 21:00:00,22,0.0,103.08963
2014-12-06,2014-12-06 22:00:00,23,174.47917,118.22507
2014-12-06,2014-12-06 23:00:00,24,33.854168,125.44211
2014-12-07,2014-12-07 00:00:00,1,39.0625,86.89897
2014-12-07,2014-12-07 01:00:00,2,33.854168,89.78136
2014-12-07,2014-12-07 02:00:00,3,70.3125,95.590836
2014-12-07,2014-12-07 03:00:00,4,104.166664,97.47364
2014-12-07,2014-12-07 04:00:00,5,104.166664,101.81601
2014-12-07,2014-12-07 05:00:00,6,101.5625,104.18448
2014-12-07,2014-12-07 06:00:00,7,109.375,104.228455
2014-12-07,2014-12-07 07:00:00,8,101.5625,106.31398
2014-12-07,2014-12-07 08:00:00,9,101.5625,105.506836
2014-12-07,2014-12-07 09:00:00,10,98.958336,104.586105
2014-12-07,2014-12-07 10:00:00,11,98.958336,103.10713
2014-12-07,2014-12-07 11:00:00,12,98.958336,103.92908
2014-12-07,2014-12-07 12:00:00,13,101.5625,102.248566
2014-12-07,2014-12-07 13:00:00,14,101.5625,104.64923
2014-12-07,2014-12-07 14:00:00,15,145.83333,104.7591
2014-12-07,2014-12-07 15:00:00,16,122.395836,101.9115
2014-12-07,2014-12-07 16:00:00,17,140.625,102.385925
2014-12-07,2014-12-07 17:00:00,18,96.354164,102.987045
2014-12-07,2014-12-07 18:00:00,19,109.375,102.354065
2014-12-07,2014-12-07 19:00:00,20,104.166664,104.577484
2014-12-07,2014-12-07 20:00:00,21,104.166664,107.51178
2014-12-07,2014-12-07 21:00:00,22,104.166664,108.96295
2014-12-07,2014-12-07 22:00:00,23,106.770836,111.70516
2014-12-07,2014-12-07 23:00:00,24,101.5625,120.61551
2014-12-08,2014-12-08 00:00:00,1,101.5625,117.65282
2014-12-08,2014-12-08 01:00:00,2,109.375,112.00941
2014-12-08,2014-12-08 02:00:00,3,104.166664,112.62811
2014-12-08,2014-12-08 03:00:00,4,104.166664,114.20826
2014-12-08,2014-12-08 04:00:00,5,104.166664,117.1823
2014-12-08,2014-12-08 05:00:00,6,104.166664,116.20975
2014-12-08,2014-12-08 06:00:00,7,104.166664,117.2435
2014-12-08,2014-12-08 07:00:00,8,106.770836,50.609554
2014-12-08,2014-12-08 08:00:00,9,109.375,13.591957
2014-12-08,2014-12-08 09:00:00,10,106.770836,4.699028
2014-12-08,2014-12-08 10:00:00,11,101.5625,-0.17489243
2014-12-08,2014-12-08 11:00:00,12,98.958336,0.63463974
2014-12-08,2014-12-08 12:00:00,13,101.5625,1.0099678
2014-12-08,2014-12-08 13:00:00,14,101.5625,0.5133209
2014-12-08,2014-12-08 14:00:00,15,101.5625,0.49685287
2014-12-08,2014-12-08 15:00:00,16,104.166664,1.1906242
2014-12-08,2014-12-08 16:00:00,17,104.166664,-0.56243515
2014-12-08,2014-12-08 17:00:00,18,101.5625,0.26865768
2014-12-08,2014-12-08 18:00:00,19,104.166664,0.92310715
2014-12-08,2014-12-08 19:00:00,20,104.166664,0.24067307
2014-12-08,2014-12-08 20:00:00,21,106.770836,-0.21362686
2014-12-08,2014-12-08 21:00:00,22,106.770836,0.37656784
2014-12-08,2014-12-08 22:00:00,23,104.166664,-0.22458267
2014-12-08,2014-12-08 23:00:00,24,106.770836,2.0488892
2014-12-09,2014-12-09 00:00:00,1,104.166664,121.41142
2014-12-09,2014-12-09 01:00:00,2,111.979164,113.135315
2014-12-09,2014-12-09 02:00:00,3,106.770836,109.36996
2014-12-09,2014-12-09 03:00:00,4,106.770836,110.352005
2014-12-09,2014-12-09 04:00:00,5,104.166664,112.20526
2014-12-09,2014-12-09 05:00:00,6,106.770836,115.60272
2014-12-09,2014-12-09 06:00:00,7,140.625,115.84997
2014-12-09,2014-12-09 07:00:00,8,0.0,104.76483
2014-12-09,2014-12-09 08:00:00,9,0.0,77.54932
2014-12-09,2014-12-09 09:00:00,10,0.0,47.71658
2014-12-09,2014-12-09 10:00:00,11,0.0,28.295256
2014-12-09,2014-12-09 11:00:00,12,0.0,19.31755
2014-12-09,2014-12-09 12:00:00,13,0.0,17.961876
2014-12-09,2014-12-09 13:00:00,14,0.0,23.79665
2014-12-09,2014-12-09 14:00:00,15,0.0,20.188137
2014-12-09,2014-12-09 15:00:00,16,0.0,20.29838
2014-12-09,2014-12-09 16:00:00,17,0.0,32.214195
2014-12-09,2014-12-09 17:00:00,18,0.0,26.52685
2014-12-09,2014-12-09 18:00:00,19,0.0,33.935078
2014-12-09,2014-12-09 19:00:00,20,0.0,25.7982
2014-12-09,2014-12-09 20:00:00,21,0.0,20.501476
2014-12-09,2014-12-09 21:00:00,22,0.0,17.92731
2014-12-09,2014-12-09 22:00:00,23,0.0,18.183205
2014-12-09,2014-12-09 23:00:00,24,0.0,36.395832
2014-12-10,2014-12-10 00:00:00,1,153.64583,86.22171
2014-12-10,2014-12-10 01:00:00,2,33.854168,17.686905
2014-12-10,2014-12-10 02:00:00,3,33.854168,18.979305
2014-12-10,2014-12-10 03:00:00,4,36.458332,27.742182
2014-12-10,2014-12-10 04:00:00,5,98.958336,56.035168
2014-12-10,2014-12-10 05:00:00,6,106.770836,78.70561
2014-12-10,2014-12-10 06:00:00,7,106.770836,80.79652
2014-12-10,2014-12-10 07:00:00,8,0.0,36.111725
2014-12-10,2014-12-10 08:00:00,9,0.0,13.372871
2014-12-10,2014-12-10 09:00:00,10,0.0,2.3052177
2014-12-10,2014-12-10 10:00:00,11,0.0,1.6188011
2014-12-10,2014-12-10 11:00:00,12,0.0,1.8704681
2014-12-10,2014-12-10 12:00:00,13,0.0,1.8978615
2014-12-10,2014-12-10 13:00:00,14,0.0,2.208931
2014-12-10,2014-12-10 14:00:00,15,140.625,1.5804253
2014-12-10,2014-12-10 15:00:00,16,0.0,1.7537804
2014-12-10,2014-12-10 16:00:00,17,0.0,1.2405167
2014-12-10,2014-12-10 17:00:00,18,0.0,1.4298897
2014-12-10,2014-12-10 18:00:00,19,0.0,1.1971321
2014-12-10,2014-12-10 19:00:00,20,0.0,1.182251
2014-12-10,2014-12-10 20:00:00,21,0.0,1.2826958
2014-12-10,2014-12-10 21:00:00,22,0.0,1.3994064
2014-12-10,2014-12-10 22:00:00,23,0.0,0.83826447
2014-12-10,2014-12-10 23:00:00,24,0.0,1.8936768
2014-12-11,2014-12-11 00:00:00,1,171.875,132.60046
2014-12-11,2014-12-11 01:00:00,2,33.854168,41.305252
2014-12-11,2014-12-11 02:00:00,3,36.458332,38.975258
2014-12-11,2014-12-11 03:00:00,4,41.666668,45.85324
2014-12-11,2014-12-11 04:00:00,5,85.9375,92.73342
2014-12-11,2014-12-11 05:00:00,6,109.375,112.322975
2014-12-11,2014-12-11 06:00:00,7,104.166664,117.21683
2014-12-11,2014-12-11 07:00:00,8,0.0,12.042065
2014-12-11,2014-12-11 08:00:00,9,0.0,2.258545
2014-12-11,2014-12-11 09:00:00,10,0.0,1.3899422
2014-12-11,2014-12-11 10:00:00,11,0.0,0.5761223
2014-12-11,2014-12-11 11:00:00,12,0.0,0.6212921
2014-12-11,2014-12-11 12:00:00,13,0.0,0.066272736
2014-12-11,2014-12-11 13:00:00,14,0.0,0.7425728
2014-12-11,2014-12-11 14:00:00,15,0.0,1.6807289
2014-12-11,2014-12-11 15:00:00,16,0.0,-0.3696251
2014-12-11,2014-12-11 16:00:00,17,0.0,0.7545662
2014-12-11,2014-12-11 17:00:00,18,0.0,1.1125984
2014-12-11,2014-12-11 18:00:00,19,0.0,0.9194603
2014-12-11,2014-12-11 19:00:00,20,0.0,0.6688652
2014-12-11,2014-12-11 20:00:00,21,0.0,0.5586891
2014-12-11,2014-12-11 21:00:00,22,0.0,0.47096634
2014-12-11,2014-12-11 22:00:00,23,0.0,-0.15364456
2014-12-11,2014-12-11 23:00:00,24,0.0,0.25287628
2014-12-12,2014-12-12 00:00:00,1,153.64583,143.38416
2014-12-12,2014-12-12 01:00:00,2,36.458332,31.052677
2014-12-12,2014-12-12 02:00:00,3,33.854168,24.529013
2014-12-12,2014-12-12 03:00:00,4,31.25,39.054783
2014-12-12,2014-12-12 04:00:00,5,70.3125,88.18565
2014-12-12,2014-12-12 05:00:00,6,104.166664,112.30542
2014-12-12,2014-12-12 06:00:00,7,101.5625,107.6036
2014-12-12,2014-12-12 07:00:00,8,0.0,2.5457535
2014-12-12,2014-12-12 08:00:00,9,0.0,0.8138771
2014-12-12,2014-12-12 09:00:00,10,0.0,1.1983528
2014-12-12,2014-12-12 10:00:00,11,0.0,0.76758957
2014-12-12,2014-12-12 11:00:00,12,0.0,1.1948433
2014-12-12,2014-12-12 12:00:00,13,0.0,0.54278946
2014-12-12,2014-12-12 13:00:00,14,0.0,0.7933464
2014-12-12,2014-12-12 14:00:00,15,0.0,3.6785812
2014-12-12,2014-12-12 15:00:00,16,0.0,-0.722435
2014-12-12,2014-12-12 16:00:00,17,0.0,0.67484283
2014-12-12,2014-12-12 17:00:00,18,0.0,0.6092453
2014-12-12,2014-12-12 18:00:00,19,0.0,0.7650795
2014-12-12,2014-12-12 19:00:00,20,0.0,0.6023483
2014-12-12,2014-12-12 20:00:00,21,0.0,0.37674332
2014-12-12,2014-12-12 21:00:00,22,0.0,0.19868088
2014-12-12,2014-12-12 22:00:00,23,0.0,-0.3732071
2014-12-12,2014-12-12 23:00:00,24,0.0,-0.014572144
2014-12-13,2014-12-13 00:00:00,1,179.6875,138.68352
2014-12-13,2014-12-13 01:00:00,2,33.854168,35.951645
2014-12-13,2014-12-13 02:00:00,3,33.854168,30.219042
2014-12-13,2014-12-13 03:00:00,4,36.458332,37.656765
2014-12-13,2014-12-13 04:00:00,5,52.083332,83.546555
2014-12-13,2014-12-13 05:00:00,6,106.770836,111.80887
2014-12-13,2014-12-13 06:00:00,7,106.770836,107.62883
2014-12-13,2014-12-13 07:00:00,8,106.770836,8.94146
2014-12-13,2014-12-13 08:00:00,9,106.770836,1.8030396
2014-12-13,2014-12-13 09:00:00,10,46.875,1.280613
2014-12-13,2014-12-13 10:00:00,11,0.0,0.24850082
2014-12-13,2014-12-13 11:00:00,12,0.0,0.29558563
2014-12-13,2014-12-13 12:00:00,13,0.0,-1.0032349
2014-12-13,2014-12-13 13:00:00,14,153.64583,0.5287895
2014-12-13,2014-12-13 14:00:00,15,33.854168,0.57943344
2014-12-13,2014-12-13 15:00:00,16,36.458332,-0.031719208
2014-12-13,2014-12-13 16:00:00,17,41.666668,0.6176529
2014-12-13,2014-12-13 17:00:00,18,59.895832,0.188488
2014-12-13,2014-12-13 18:00:00,19,72.916664,0.14803314
2014-12-13,2014-12-13 19:00:00,20,0.0,-0.11702347
2014-12-13,2014-12-13 20:00:00,21,0.0,-1.273613
2014-12-13,2014-12-13 21:00:00,22,0.0,-1.4487572
2014-12-13,2014-12-13 22:00:00,23,166.66667,7.881378
2014-12-13,2014-12-13 23:00:00,24,31.25,1.7197609
2014-12-14,2014-12-14 00:00:00,1,33.854168,64.993355
2014-12-14,2014-12-14 01:00:00,2,39.0625,66.3507
2014-12-14,2014-12-14 02:00:00,3,80.729164,86.20587
2014-12-14,2014-12-14 03:00:00,4,104.166664,98.99899
2014-12-14,2014-12-14 04:00:00,5,104.166664,103.294876
2014-12-14,2014-12-14 05:00:00,6,101.5625,104.82381
2014-12-14,2014-12-14 06:00:00,7,104.166664,106.293655
2014-12-14,2014-12-14 07:00:00,8,104.166664,105.45819
2014-12-14,2014-12-14 08:00:00,9,101.5625,102.8093
2014-12-14,2014-12-14 09:00:00,10,101.5625,99.913345
2014-12-14,2014-12-14 10:00:00,11,104.166664,98.02461
2014-12-14,2014-12-14 11:00:00,12,106.770836,97.23311
2014-12-14,2014-12-14 12:00:00,13,104.166664,98.47812
2014-12-14,2014-12-14 13:00:00,14,106.770836,100.98406
2014-12-14,2014-12-14 14:00:00,15,104.166664,103.61894
2014-12-14,2014-12-14 15:00:00,16,104.166664,104.15534
2014-12-14,2014-12-14 16:00:00,17,101.5625,105.2121
2014-12-14,2014-12-14 17:00:00,18,101.5625,105.487206
2014-12-14,2014-12-14 18:00:00,19,104.166664,105.11037
2014-12-14,2014-12-14 19:00:00,20,109.375,104.3272
2014-12-14,2014-12-14 20:00:00,21,104.166664,103.427704
2014-12-14,2014-12-14 21:00:00,22,106.770836,104.0448
2014-12-14,2014-12-14 22:00:00,23,101.5625,103.517456
2014-12-14,2014-12-14 23:00:00,24,104.166664,104.509735
2014-12-15,2014-12-15 00:00:00,1,101.5625,102.28478
2014-12-15,2014-12-15 01:00:00,2,101.5625,102.80931
2014-12-15,2014-12-15 02:00:00,3,101.5625,102.662674
2014-12-15,2014-12-15 03:00:00,4,109.375,102.783134
2014-12-15,2014-12-15 04:00:00,5,106.770836,102.91888
2014-12-15,2014-12-15 05:00:00,6,106.770836,103.14307
2014-12-15,2014-12-15 06:00:00,7,127.604164,102.781204
2014-12-15,2014-12-15 07:00:00,8,10.416667,102.83475
2014-12-15,2014-12-15 08:00:00,9,0.0,102.66809
2014-12-15,2014-12-15 09:00:00,10,0.0,102.65188
2014-12-15,2014-12-15 10:00:00,11,0.0,102.78864
2014-12-15,2014-12-15 11:00:00,12,0.0,102.14166
2014-12-15,2014-12-15 12:00:00,13,0.0,102.49019
2014-12-15,2014-12-15 13:00:00,14,0.0,102.78708
2014-12-15,2014-12-15 14:00:00,15,0.0,102.318825
2014-12-15,2014-12-15 15:00:00,16,0.0,102.847244
2014-12-15,2014-12-15 16:00:00,17,0.0,102.01329
2014-12-15,2014-12-15 17:00:00,18,0.0,102.50311
2014-12-15,2014-12-15 18:00:00,19,0.0,102.29915
2014-12-15,2014-12-15 19:00:00,20,0.0,103.50305
2014-12-15,2014-12-15 20:00:00,21,0.0,102.97807
2014-12-15,2014-12-15 21:00:00,22,0.0,103.607025
2014-12-15,2014-12-15 22:00:00,23,0.0,102.9225
2014-12-15,2014-12-15 23:00:00,24,0.0,103.53421
2014-12-16,2014-12-16 00:00:00,1,158.85417,139.06915
2014-12-16,2014-12-16 01:00:00,2,36.458332,26.441423
2014-12-16,2014-12-16 02:00:00,3,39.0625,21.08708
2014-12-16,2014-12-16 03:00:00,4,44.270832,30.792685
2014-12-16,2014-12-16 04:00:00,5,72.916664,71.83536
2014-12-16,2014-12-16 05:00:00,6,106.770836,101.08159
2014-12-16,2014-12-16 06:00:00,7,119.791664,102.442795
2014-12-16,2014-12-16 07:00:00,8,2.6041667,0.539814
2014-12-16,2014-12-16 08:00:00,9,0.0,0.36587906
2014-12-16,2014-12-16 09:00:00,10,0.0,0.83748245
2014-12-16,2014-12-16 10:00:00,11,0.0,0.577343
2014-12-16,2014-12-16 11:00:00,12,0.0,1.0485992
2014-12-16,2014-12-16 12:00:00,13,0.0,0.858181
2014-12-16,2014-12-16 13:00:00,14,0.0,0.9462013
2014-12-16,2014-12-16 14:00:00,15,0.0,0.892334
2014-12-16,2014-12-16 15:00:00,16,0.0,0.6856575
2014-12-16,2014-12-16 16:00:00,17,0.0,0.09780121
2014-12-16,2014-12-16 17:00:00,18,0.0,0.18223953
2014-12-16,2014-12-16 18:00:00,19,0.0,0.5544319
2014-12-16,2014-12-16 19:00:00,20,0.0,0.33273697
2014-12-16,2014-12-16 20:00:00,21,0.0,0.17482758
2014-12-16,2014-12-16 21:00:00,22,0.0,-0.1436882
2014-12-16,2014-12-16 22:00:00,23,0.0,-0.74321365
2014-12-16,2014-12-16 23:00:00,24,0.0,-0.86185074
2014-12-17,2014-12-17 00:00:00,1,169.27083,147.13016
2014-12-17,2014-12-17 01:00:00,2,36.458332,35.97342
2014-12-17,2014-12-17 02:00:00,3,36.458332,36.27996
2014-12-17,2014-12-17 03:00:00,4,33.854168,43.249756
2014-12-17,2014-12-17 04:00:00,5,49.479168,76.793976
2014-12-17,2014-12-17 05:00:00,6,104.166664,106.70183
2014-12-17,2014-12-17 06:00:00,7,114.583336,109.559235
2014-12-17,2014-12-17 07:00:00,8,0.0,0.6426468
2014-12-17,2014-12-17 08:00:00,9,0.0,0.555233
2014-12-17,2014-12-17 09:00:00,10,0.0,0.9720192
2014-12-17,2014-12-17 10:00:00,11,0.0,0.6235008
2014-12-17,2014-12-17 11:00:00,12,0.0,0.97421265
2014-12-17,2014-12-17 12:00:00,13,0.0,0.44958878
2014-12-17,2014-12-17 13:00:00,14,0.0,0.8722954
2014-12-17,2014-12-17 14:00:00,15,0.0,0.5591583
2014-12-17,2014-12-17 15:00:00,16,0.0,0.3378334
2014-12-17,2014-12-17 16:00:00,17,0.0,0.7201805
2014-12-17,2014-12-17 17:00:00,18,0.0,0.9914055
2014-12-17,2014-12-17 18:00:00,19,0.0,1.0700035
2014-12-17,2014-12-17 19:00:00,20,0.0,0.8743057
2014-12-17,2014-12-17 20:00:00,21,0.0,0.77376556
2014-12-17,2014-12-17 21:00:00,22,0.0,0.5577431
2014-12-17,2014-12-17 22:00:00,23,0.0,0.024177551
2014-12-17,2014-12-17 23:00:00,24,0.0,-0.20635605
2014-12-18,2014-12-18 00:00:00,1,153.64583,155.48302
2014-12-18,2014-12-18 01:00:00,2,36.458332,37.025593
2014-12-18,2014-12-18 02:00:00,3,39.0625,34.24538
2014-12-18,2014-12-18 03:00:00,4,36.458332,40.619198
2014-12-18,2014-12-18 04:00:00,5,88.541664,67.24555
2014-12-18,2014-12-18 05:00:00,6,106.770836,107.56427
2014-12-18,2014-12-18 06:00:00,7,109.375,109.9444
2014-12-18,2014-12-18 07:00:00,8,0.0,1.0253448
2014-12-18,2014-12-18 08:00:00,9,0.0,0.26434708
2014-12-18,2014-12-18 09:00:00,10,0.0,1.0395737
2014-12-18,2014-12-18 10:00:00,11,0.0,0.5600395
2014-12-18,2014-12-18 11:00:00,12,0.0,0.8777313
2014-12-18,2014-12-18 12:00:00,13,0.0,0.5260086
2014-12-18,2014-12-18 13:00:00,14,0.0,0.96224594
2014-12-18,2014-12-18 14:00:00,15,0.0,0.46413422
2014-12-18,2014-12-18 15:00:00,16,0.0,0.34292603
2014-12-18,2014-12-18 16:00:00,17,0.0,0.3301201
2014-12-18,2014-12-18 17:00:00,18,0.0,0.44215012
2014-12-18,2014-12-18 18:00:00,19,0.0,0.6207695
2014-12-18,2014-12-18 19:00:00,20,0.0,0.4030838
2014-12-18,2014-12-18 20:00:00,21,0.0,0.21292496
2014-12-18,2014-12-18 21:00:00,22,0.0,0.133358
2014-12-18,2014-12-18 22:00:00,23,0.0,-0.34017944
2014-12-18,2014-12-18 23:00:00,24,0.0,-0.30436325
2014-12-19,2014-12-19 00:00:00,1,169.27083,153.58298
2014-12-19,2014-12-19 01:00:00,2,36.458332,39.100475
2014-12-19,2014-12-19 02:00:00,3,39.0625,34.16502
2014-12-19,2014-12-19 03:00:00,4,39.0625,38.54315
2014-12-19,2014-12-19 04:00:00,5,98.958336,65.679054
2014-12-19,2014-12-19 05:00:00,6,106.770836,109.03797
2014-12-19,2014-12-19 06:00:00,7,109.375,109.74732
2014-12-19,2014-12-19 07:00:00,8,0.0,1.3276749
2014-12-19,2014-12-19 08:00:00,9,0.0,0.10851288
2014-12-19,2014-12-19 09:00:00,10,0.0,0.61540985
2014-12-19,2014-12-19 10:00:00,11,0.0,0.29837036
2014-12-19,2014-12-19 11:00:00,12,0.0,0.6882858
2014-12-19,2014-12-19 12:00:00,13,0.0,0.4635353
2014-12-19,2014-12-19 13:00:00,14,0.0,0.62241745
2014-12-19,2014-12-19 14:00:00,15,0.0,0.34345627
2014-12-19,2014-12-19 15:00:00,16,0.0,0.23087311
2014-12-19,2014-12-19 16:00:00,17,0.0,0.55340576
2014-12-19,2014-12-19 17:00:00,18,0.0,0.5187607
2014-12-19,2014-12-19 18:00:00,19,0.0,0.51865005
2014-12-19,2014-12-19 19:00:00,20,0.0,0.25286865
2014-12-19,2014-12-19 20:00:00,21,0.0,0.078998566
2014-12-19,2014-12-19 21:00:00,22,0.0,-0.21757126
2014-12-19,2014-12-19 22:00:00,23,0.0,-0.6366615
2014-12-19,2014-12-19 23:00:00,24,0.0,-0.8431473
2014-12-20,2014-12-20 00:00:00,1,153.64583,123.34448
2014-12-20,2014-12-20 01:00:00,2,31.25,26.943531
2014-12-20,2014-12-20 02:00:00,3,41.666668,35.732567
2014-12-20,2014-12-20 03:00:00,4,33.854168,52.59444
2014-12-20,2014-12-20 04:00:00,5,98.958336,89.344055
2014-12-20,2014-12-20 05:00:00,6,101.5625,112.77673
2014-12-20,2014-12-20 06:00:00,7,101.5625,115.86339
2014-12-20,2014-12-20 07:00:00,8,104.166664,109.303955
2014-12-20,2014-12-20 08:00:00,9,101.5625,104.15123
2014-12-20,2014-12-20 09:00:00,10,85.9375,73.053986
2014-12-20,2014-12-20 10:00:00,11,0.0,42.742706
2014-12-20,2014-12-20 11:00:00,12,0.0,44.26753
2014-12-20,2014-12-20 12:00:00,13,0.0,47.968193
2014-12-20,2014-12-20 13:00:00,14,166.66667,104.66658
2014-12-20,2014-12-20 14:00:00,15,36.458332,74.94946
2014-12-20,2014-12-20 15:00:00,16,33.854168,70.15509
2014-12-20,2014-12-20 16:00:00,17,33.854168,84.7496
2014-12-20,2014-12-20 17:00:00,18,59.895832,91.05322
2014-12-20,2014-12-20 18:00:00,19,46.875,93.20736
2014-12-20,2014-12-20 19:00:00,20,0.0,61.342957
2014-12-20,2014-12-20 20:00:00,21,0.0,65.352554
2014-12-20,2014-12-20 21:00:00,22,0.0,65.65581
2014-12-20,2014-12-20 22:00:00,23,151.04167,100.9756
2014-12-20,2014-12-20 23:00:00,24,39.0625,97.59986
2014-12-21,2014-12-21 00:00:00,1,39.0625,72.43461
2014-12-21,2014-12-21 01:00:00,2,44.270832,77.467896
2014-12-21,2014-12-21 02:00:00,3,72.916664,90.325226
2014-12-21,2014-12-21 03:00:00,4,111.979164,101.32808
2014-12-21,2014-12-21 04:00:00,5,114.583336,105.67998
2014-12-21,2014-12-21 05:00:00,6,117.1875,107.342896
2014-12-21,2014-12-21 06:00:00,7,109.375,107.71646
2014-12-21,2014-12-21 07:00:00,8,111.979164,106.992096
2014-12-21,2014-12-21 08:00:00,9,111.979164,103.97893
2014-12-21,2014-12-21 09:00:00,10,106.770836,102.560745
2014-12-21,2014-12-21 10:00:00,11,106.770836,100.69166
2014-12-21,2014-12-21 11:00:00,12,101.5625,101.04578
2014-12-21,2014-12-21 12:00:00,13,101.5625,101.85105
2014-12-21,2014-12-21 13:00:00,14,104.166664,101.92322
2014-12-21,2014-12-21 14:00:00,15,104.166664,99.62497
2014-12-21,2014-12-21 15:00:00,16,104.166664,99.90661
2014-12-21,2014-12-21 16:00:00,17,101.5625,100.82042
2014-12-21,2014-12-21 17:00:00,18,98.958336,101.635735
2014-12-21,2014-12-21 18:00:00,19,98.958336,102.35588
2014-12-21,2014-12-21 19:00:00,20,96.354164,102.94643
2014-12-21,2014-12-21 20:00:00,21,98.958336,102.635994
2014-12-21,2014-12-21 21:00:00,22,111.979164,103.081024
2014-12-21,2014-12-21 22:00:00,23,106.770836,101.52113
2014-12-21,2014-12-21 23:00:00,24,109.375,104.28232
2014-12-22,2014-12-22 00:00:00,1,109.375,119.53145
2014-12-22,2014-12-22 01:00:00,2,109.375,114.26813
2014-12-22,2014-12-22 02:00:00,3,109.375,111.969635
2014-12-22,2014-12-22 03:00:00,4,109.375,113.429016
2014-12-22,2014-12-22 04:00:00,5,109.375,114.78084
2014-12-22,2014-12-22 05:00:00,6,114.583336,116.690735
2014-12-22,2014-12-22 06:00:00,7,132.8125,117.02246
2014-12-22,2014-12-22 07:00:00,8,0.0,16.220844
2014-12-22,2014-12-22 08:00:00,9,0.0,0.028060913
2014-12-22,2014-12-22 09:00:00,10,0.0,-0.7241821
2014-12-22,2014-12-22 10:00:00,11,0.0,-0.24150848
2014-12-22,2014-12-22 11:00:00,12,0.0,-0.29312515
2014-12-22,2014-12-22 12:00:00,13,0.0,-0.19295502
2014-12-22,2014-12-22 13:00:00,14,0.0,-0.054042816
2014-12-22,2014-12-22 14:00:00,15,0.0,-0.38171387
2014-12-22,2014-12-22 15:00:00,16,0.0,-0.32677078
2014-12-22,2014-12-22 16:00:00,17,0.0,-0.06889343
2014-12-22,2014-12-22 17:00:00,18,0.0,0.23742676
2014-12-22,2014-12-22 18:00:00,19,0.0,0.6814308
2014-12-22,2014-12-22 19:00:00,20,0.0,0.49069214
2014-12-22,2014-12-22 20:00:00,21,0.0,0.27632904
2014-12-22,2014-12-22 21:00:00,22,0.0,0.3735466
2014-12-22,2014-12-22 22:00:00,23,0.0,-0.37361908
2014-12-22,2014-12-22 23:00:00,24,0.0,0.4460907
2014-12-23,2014-12-23 00:00:00,1,171.875,155.85742
2014-12-23,2014-12-23 01:00:00,2,33.854168,30.878944
2014-12-23,2014-12-23 02:00:00,3,33.854168,31.612276
2014-12-23,2014-12-23 03:00:00,4,33.854168,35.98945
2014-12-23,2014-12-23 04:00:00,5,59.895832,75.47325
2014-12-23,2014-12-23 05:00:00,6,101.5625,107.41882
2014-12-23,2014-12-23 06:00:00,7,98.958336,111.87138
2014-12-23,2014-12-23 07:00:00,8,0.0,1.3995895
2014-12-23,2014-12-23 08:00:00,9,0.0,1.0672226
2014-12-23,2014-12-23 09:00:00,10,0.0,1.4306526
2014-12-23,2014-12-23 10:00:00,11,0.0,1.2178574
2014-12-23,2014-12-23 11:00:00,12,0.0,1.4492035
2014-12-23,2014-12-23 12:00:00,13,0.0,1.1860962
2014-12-23,2014-12-23 13:00:00,14,0.0,1.180069
2014-12-23,2014-12-23 14:00:00,15,0.0,1.087883
2014-12-23,2014-12-23 15:00:00,16,0.0,1.0468826
2014-12-23,2014-12-23 16:00:00,17,0.0,0.5582657
2014-12-23,2014-12-23 17:00:00,18,0.0,0.72532654
2014-12-23,2014-12-23 18:00:00,19,0.0,0.9728241
2014-12-23,2014-12-23 19:00:00,20,0.0,0.6939926
2014-12-23,2014-12-23 20:00:00,21,0.0,0.5311203
2014-12-23,2014-12-23 21:00:00,22,0.0,0.3588524
2014-12-23,2014-12-23 22:00:00,23,0.0,-0.28077316
2014-12-23,2014-12-23 23:00:00,24,0.0,-0.43701935
2014-12-24,2014-12-24 00:00:00,1,161.45833,152.75296
2014-12-24,2014-12-24 01:00:00,2,39.0625,34.600784
2014-12-24,2014-12-24 02:00:00,3,41.666668,34.04539
2014-12-24,2014-12-24 03:00:00,4,39.0625,36.80821
2014-12-24,2014-12-24 04:00:00,5,62.5,74.797714
2014-12-24,2014-12-24 05:00:00,6,114.583336,100.864334
2014-12-24,2014-12-24 06:00:00,7,114.583336,102.77623
2014-12-24,2014-12-24 07:00:00,8,0.0,0.8166733
2014-12-24,2014-12-24 08:00:00,9,0.0,0.73999023
2014-12-24,2014-12-24 09:00:00,10,0.0,1.2623978
2014-12-24,2014-12-24 10:00:00,11,0.0,0.85977554
2014-12-24,2014-12-24 11:00:00,12,0.0,1.1248665
2014-12-24,2014-12-24 12:00:00,13,0.0,0.8581848
2014-12-24,2014-12-24 13:00:00,14,0.0,1.2474289
2014-12-24,2014-12-24 14:00:00,15,0.0,0.79831696
2014-12-24,2014-12-24 15:00:00,16,0.0,0.579586
2014-12-24,2014-12-24 16:00:00,17,0.0,0.90541077
2014-12-24,2014-12-24 17:00:00,18,0.0,1.2033005
2014-12-24,2014-12-24 18:00:00,19,0.0,1.2184105
2014-12-24,2014-12-24 19:00:00,20,0.0,0.9463806
2014-12-24,2014-12-24 20:00:00,21,0.0,0.86374664
2014-12-24,2014-12-24 21:00:00,22,177.08333,0.7654114
2014-12-24,2014-12-24 22:00:00,23,33.854168,0.24643326
2014-12-24,2014-12-24 23:00:00,24,31.25,-0.017868042
2014-12-25,2014-12-25 00:00:00,1,33.854168,151.40347
2014-12-25,2014-12-25 01:00:00,2,54.6875,54.40045
2014-12-25,2014-12-25 02:00:00,3,106.770836,47.94231
2014-12-25,2014-12-25 03:00:00,4,106.770836,53.42383
2014-12-25,2014-12-25 04:00:00,5,106.770836,89.67115
2014-12-25,2014-12-25 05:00:00,6,109.375,118.11279
2014-12-25,2014-12-25 06:00:00,7,109.375,116.03737
2014-12-25,2014-12-25 07:00:00,8,106.770836,2.5515633
2014-12-25,2014-12-25 08:00:00,9,106.770836,0.36920166
2014-12-25,2014-12-25 09:00:00,10,104.166664,1.2951508
2014-12-25,2014-12-25 10:00:00,11,101.5625,0.6654587
2014-12-25,2014-12-25 11:00:00,12,98.958336,0.78357697
2014-12-25,2014-12-25 12:00:00,13,98.958336,0.2857437
2014-12-25,2014-12-25 13:00:00,14,104.166664,0.45374298
2014-12-25,2014-12-25 14:00:00,15,106.770836,0.18011856
2014-12-25,2014-12-25 15:00:00,16,106.770836,0.046310425
2014-12-25,2014-12-25 16:00:00,17,101.5625,0.18803406
2014-12-25,2014-12-25 17:00:00,18,101.5625,0.43618774
2014-12-25,2014-12-25 18:00:00,19,104.166664,0.6289406
2014-12-25,2014-12-25 19:00:00,20,104.166664,0.50344086
2014-12-25,2014-12-25 20:00:00,21,106.770836,0.045101166
2014-12-25,2014-12-25 21:00:00,22,106.770836,0.86198425
2014-12-25,2014-12-25 22:00:00,23,111.979164,-0.09410095
2014-12-25,2014-12-25 23:00:00,24,106.770836,1.608326
2014-12-26,2014-12-26 00:00:00,1,104.166664,111.88014
2014-12-26,2014-12-26 01:00:00,2,104.166664,109.62219
2014-12-26,2014-12-26 02:00:00,3,104.166664,108.991135
2014-12-26,2014-12-26 03:00:00,4,104.166664,109.86985
2014-12-26,2014-12-26 04:00:00,5,104.166664,110.251564
2014-12-26,2014-12-26 05:00:00,6,111.979164,113.13838
2014-12-26,2014-12-26 06:00:00,7,164.0625,112.08122
2014-12-26,2014-12-26 07:00:00,8,26.041666,36.317715
2014-12-26,2014-12-26 08:00:00,9,0.0,12.684616
2014-12-26,2014-12-26 09:00:00,10,33.854168,8.730793
2014-12-26,2014-12-26 10:00:00,11,0.0,3.7565918
2014-12-26,2014-12-26 11:00:00,12,0.0,1.7174568
2014-12-26,2014-12-26 12:00:00,13,0.0,0.93055344
2014-12-26,2014-12-26 13:00:00,14,0.0,1.0181236
2014-12-26,2014-12-26 14:00:00,15,0.0,1.4573135
2014-12-26,2014-12-26 15:00:00,16,0.0,1.429245
2014-12-26,2014-12-26 16:00:00,17,0.0,1.1789436
2014-12-26,2014-12-26 17:00:00,18,0.0,1.2615776
2014-12-26,2014-12-26 18:00:00,19,0.0,1.5414085
2014-12-26,2014-12-26 19:00:00,20,0.0,1.3423729
2014-12-26,2014-12-26 20:00:00,21,0.0,0.0847168
2014-12-26,2014-12-26 21:00:00,22,0.0,1.672554
2014-12-26,2014-12-26 22:00:00,23,0.0,1.4992294
2014-12-26,2014-12-26 23:00:00,24,0.0,6.6059456
2014-12-27,2014-12-27 00:00:00,1,151.04167,133.6355
2014-12-27,2014-12-27 01:00:00,2,33.854168,17.277977
2014-12-27,2014-12-27 02:00:00,3,36.458332,18.831974
2014-12-27,2014-12-27 03:00:00,4,33.854168,24.995792
2014-12-27,2014-12-27 04:00:00,5,80.729164,62.578316
2014-12-27,2014-12-27 05:00:00,6,101.5625,107.621765
2014-12-27,2014-12-27 06:00:00,7,106.770836,108.748985
2014-12-27,2014-12-27 07:00:00,8,104.166664,4.653717
2014-12-27,2014-12-27 08:00:00,9,114.583336,0.5706215
2014-12-27,2014-12-27 09:00:00,10,83.333336,2.057354
2014-12-27,2014-12-27 10:00:00,11,0.0,0.84173965
2014-12-27,2014-12-27 11:00:00,12,0.0,1.1243286
2014-12-27,2014-12-27 12:00:00,13,0.0,0.5855255
2014-12-27,2014-12-27 13:00:00,14,174.47917,1.4257507
2014-12-27,2014-12-27 14:00:00,15,36.458332,1.1408463
2014-12-27,2014-12-27 15:00:00,16,33.854168,1.2621956
2014-12-27,2014-12-27 16:00:00,17,33.854168,0.35440445
2014-12-27,2014-12-27 17:00:00,18,59.895832,0.3346176
2014-12-27,2014-12-27 18:00:00,19,59.895832,0.64435196
2014-12-27,2014-12-27 19:00:00,20,0.0,0.5454445
2014-12-27,2014-12-27 20:00:00,21,0.0,0.41825104
2014-12-27,2014-12-27 21:00:00,22,0.0,0.7612686
2014-12-27,2014-12-27 22:00:00,23,151.04167,-0.13502884
2014-12-27,2014-12-27 23:00:00,24,31.25,0.71792984
2014-12-28,2014-12-28 00:00:00,1,36.458332,107.48872
2014-12-28,2014-12-28 01:00:00,2,36.458332,71.199776
2014-12-28,2014-12-28 02:00:00,3,57.291668,78.33906
2014-12-28,2014-12-28 03:00:00,4,106.770836,86.41182
2014-12-28,2014-12-28 04:00:00,5,106.770836,101.098816
2014-12-28,2014-12-28 05:00:00,6,106.770836,115.64137
2014-12-28,2014-12-28 06:00:00,7,106.770836,116.48935
2014-12-28,2014-12-28 07:00:00,8,104.166664,46.379513
2014-12-28,2014-12-28 08:00:00,9,106.770836,15.913078
2014-12-28,2014-12-28 09:00:00,10,101.5625,10.108429
2014-12-28,2014-12-28 10:00:00,11,98.958336,2.7489548
2014-12-28,2014-12-28 11:00:00,12,104.166664,1.624321
2014-12-28,2014-12-28 12:00:00,13,104.166664,1.0282097
2014-12-28,2014-12-28 13:00:00,14,106.770836,1.5431709
2014-12-28,2014-12-28 14:00:00,15,109.375,1.3075867
2014-12-28,2014-12-28 15:00:00,16,104.166664,2.0570602
2014-12-28,2014-12-28 16:00:00,17,101.5625,1.9216995
2014-12-28,2014-12-28 17:00:00,18,101.5625,1.8979187
2014-12-28,2014-12-28 18:00:00,19,101.5625,1.7402649
2014-12-28,2014-12-28 19:00:00,20,101.5625,0.7920151
2014-12-28,2014-12-28 20:00:00,21,101.5625,2.2773552
2014-12-28,2014-12-28 21:00:00,22,109.375,40.32026
2014-12-28,2014-12-28 22:00:00,23,111.979164,26.56557
2014-12-28,2014-12-28 23:00:00,24,109.375,34.91064
2014-12-29,2014-12-29 00:00:00,1,104.166664,114.46748
2014-12-29,2014-12-29 01:00:00,2,106.770836,113.05527
2014-12-29,2014-12-29 02:00:00,3,109.375,111.617874
2014-12-29,2014-12-29 03:00:00,4,106.770836,112.33523
2014-12-29,2014-12-29 04:00:00,5,106.770836,112.537125
2014-12-29,2014-12-29 05:00:00,6,109.375,115.88655
2014-12-29,2014-12-29 06:00:00,7,143.22917,118.27846
2014-12-29,2014-12-29 07:00:00,8,109.375,29.538193
2014-12-29,2014-12-29 08:00:00,9,41.666668,3.9141197
2014-12-29,2014-12-29 09:00:00,10,111.979164,10.6343155
2014-12-29,2014-12-29 10:00:00,11,169.27083,-0.070812225
2014-12-29,2014-12-29 11:00:00,12,190.10417,-0.4583931
2014-12-29,2014-12-29 12:00:00,13,0.0,-2.2960472
2014-12-29,2014-12-29 13:00:00,14,49.479168,-1.0751991
2014-12-29,2014-12-29 14:00:00,15,0.0,-1.0255241
2014-12-29,2014-12-29 15:00:00,16,10.416667,-0.08044052
2014-12-29,2014-12-29 16:00:00,17,46.875,0.65010834
2014-12-29,2014-12-29 17:00:00,18,0.0,1.769867
2014-12-29,2014-12-29 18:00:00,19,0.0,2.2487106
2014-12-29,2014-12-29 19:00:00,20,0.0,4.95652
2014-12-29,2014-12-29 20:00:00,21,0.0,2.8569565
2014-12-29,2014-12-29 21:00:00,22,0.0,13.041054
2014-12-29,2014-12-29 22:00:00,23,0.0,9.978161
2014-12-29,2014-12-29 23:00:00,24,0.0,26.52963
2014-12-30,2014-12-30 00:00:00,1,169.27083,127.44023
2014-12-30,2014-12-30 01:00:00,2,36.458332,36.907127
2014-12-30,2014-12-30 02:00:00,3,36.458332,26.93832
2014-12-30,2014-12-30 03:00:00,4,36.458332,35.472862
2014-12-30,2014-12-30 04:00:00,5,65.104164,76.13105
2014-12-30,2014-12-30 05:00:00,6,111.979164,103.78841
2014-12-30,2014-12-30 06:00:00,7,106.770836,107.10507
2014-12-30,2014-12-30 07:00:00,8,0.0,50.529808
2014-12-30,2014-12-30 08:00:00,9,0.0,42.118298
2014-12-30,2014-12-30 09:00:00,10,0.0,35.301865
2014-12-30,2014-12-30 10:00:00,11,0.0,13.565285
2014-12-30,2014-12-30 11:00:00,12,0.0,8.195301
2014-12-30,2014-12-30 12:00:00,13,0.0,7.19503
2014-12-30,2014-12-30 13:00:00,14,0.0,15.680038
2014-12-30,2014-12-30 14:00:00,15,0.0,7.448612
2014-12-30,2014-12-30 15:00:00,16,0.0,2.0584793
2014-12-30,2014-12-30 16:00:00,17,0.0,0.8655319
2014-12-30,2014-12-30 17:00:00,18,0.0,1.2087708
2014-12-30,2014-12-30 18:00:00,19,0.0,0.17001724
2014-12-30,2014-12-30 19:00:00,20,0.0,-1.3897858
2014-12-30,2014-12-30 20:00:00,21,0.0,-1.5897446
2014-12-30,2014-12-30 21:00:00,22,0.0,3.4987564
2014-12-30,2014-12-30 22:00:00,23,0.0,12.3615
2014-12-30,2014-12-30 23:00:00,24,0.0,14.0588
2014-12-31,2014-12-31 00:00:00,1,156.25,29.493021
2014-12-31,2014-12-31 01:00:00,2,31.25,16.584488
2014-12-31,2014-12-31 02:00:00,3,33.854168,39.41002
2014-12-31,2014-12-31 03:00:00,4,33.854168,57.240604
2014-12-31,2014-12-31 04:00:00,5,88.541664,82.28853
2014-12-31,2014-12-31 05:00:00,6,104.166664,92.7867
2014-12-31,2014-12-31 06:00:00,7,104.166664,95.17621
2014-12-31,2014-12-31 07:00:00,8,0.0,85.17146
2014-12-31,2014-12-31 08:00:00,9,0.0,77.57923
2014-12-31,2014-12-31 09:00:00,10,0.0,74.201096
2014-12-31,2014-12-31 10:00:00,11,0.0,69.735374
2014-12-31,2014-12-31 11:00:00,12,0.0,63.150517
2014-12-31,2014-12-31 12:00:00,13,0.0,61.549465
2014-12-31,2014-12-31 13:00:00,14,0.0,65.46121
2014-12-31,2014-12-31 14:00:00,15,0.0,62.934998
2014-12-31,2014-12-31 15:00:00,16,0.0,63.062416
2014-12-31,2014-12-31 16:00:00,17,0.0,66.38472
2014-12-31,2014-12-31 17:00:00,18,0.0,55.80982
2014-12-31,2014-12-31 18:00:00,19,0.0,54.11091
2014-12-31,2014-12-31 19:00:00,20,0.0,55.803833
2014-12-31,2014-12-31 20:00:00,21,0.0,58.54313
2014-12-31,2014-12-31 21:00:00,22,169.27083,67.091385
2014-12-31,2014-12-31 22:00:00,23,41.666668,72.51684
2014-12-31,2014-12-31 23:00:00,24,36.458332,75.684906
