origin,timestamp,lead_hour,actual,prediction
2014-03-14,2014-03-14 00:00:00,1,55.519268,3.4321537
2014-03-14,2014-03-14 01:00:00,2,40.82299,29.294903
2014-03-14,2014-03-14 02:00:00,3,34.291313,29.873554
2014-03-14,2014-03-14 03:00:00,4,31.025473,27.083004
2014-03-14,2014-03-14 04:00:00,5,29.392553,27.620121
2014-03-14,2014-03-14 05:00:00,6,31.025473,26.606472
2014-03-14,2014-03-14 06:00:00,7,35.924232,25.915981
2014-03-14,2014-03-14 07:00:00,8,0.0,15.310198
2014-03-14,2014-03-14 08:00:00,9,0.0,2.5404396
2014-03-14,2014-03-14 09:00:00,10,0.0,0.39471245
2014-03-14,2014-03-14 10:00:00,11,0.0,0.30600548
2014-03-14,2014-03-14 11:00:00,12,0.0,-0.05090809
2014-03-14,2014-03-14 12:00:00,13,0.0,-0.04413414
2014-03-14,2014-03-14 13:00:00,14,0.0,0.25481224
2014-03-14,2014-03-14 14:00:00,15,0.0,0.2049694
2014-03-14,2014-03-14 15:00:00,16,0.0,0.60196877
2014-03-14,2014-03-14 16:00:00,17,0.0,0.616663
2014-03-14,2014-03-14 17:00:00,18,0.0,0.3521843
2014-03-14,2014-03-14 18:00:00,19,0.0,0.23715973
2014-03-14,2014-03-14 19:00:00,20,0.0,0.2979803
2014-03-14,2014-03-14 20:00:00,21,0.0,0.10612106
2014-03-14,2014-03-14 21:00:00,22,0.0,0.14570808
2014-03-14,2014-03-14 22:00:00,23,0.0,0.22219276
2014-03-14,2014-03-14 23:00:00,24,0.0,-0.057278633
2014-03-15,2014-03-15 00:00:00,1,60.418026,3.431508
2014-03-15,2014-03-15 01:00:00,2,45.721752,29.224651
2014-03-15,2014-03-15 02:00:00,3,42.45591,29.747963
2014-03-15,2014-03-15 03:00:00,4,40.82299,26.95715
2014-03-15,2014-03-15 04:00:00,5,39.19007,27.528267
2014-03-15,2014-03-15 05:00:00,6,37.55715,26.481228
2014-03-15,2014-03-15 06:00:00,7,39.19007,25.77013
2014-03-15,2014-03-15 07:00:00,8,34.291313,15.152006
2014-03-15,2014-03-15 08:00:00,9,32.658394,2.4362526
2014-03-15,2014-03-15 09:00:00,10,29.392553,0.35913658
2014-03-15,2014-03-15 10:00:00,11,0.0,0.29265213
2014-03-15,2014-03-15 11:00:00,12,0.0,-0.06104946
2014-03-15,2014-03-15 12:00:00,13,0.0,-0.04515934
2014-03-15,2014-03-15 13:00:00,14,57.152187,0.25100803
2014-03-15,2014-03-15 14:00:00,15,47.35467,0.20313644
2014-03-15,2014-03-15 15:00:00,16,47.35467,0.60190296
2014-03-15,2014-03-15 16:00:00,17,42.45591,0.6196079
2014-03-15,2014-03-15 17:00:00,18,42.45591,0.35185432
2014-03-15,2014-03-15 18:00:00,19,44.08883,0.23443699
2014-03-15,2014-03-15 19:00:00,20,42.45591,0.29906368
2014-03-15,2014-03-15 20:00:00,21,42.45591,0.108649254
2014-03-15,2014-03-15 21:00:00,22,42.45591,0.14648342
2014-03-15,2014-03-15 22:00:00,23,40.82299,0.22414112
2014-03-15,2014-03-15 23:00:00,24,42.45591,-0.055768967
2014-03-16,2014-03-16 00:00:00,1,42.45591,42.137897
2014-03-16,2014-03-16 01:00:00,2,42.45591,42.086273
2014-03-16,2014-03-16 02:00:00,3,39.19007,42.027355
2014-03-16,2014-03-16 03:00:00,4,35.924232,41.732426
2014-03-16,2014-03-16 04:00:00,5,34.291313,41.72307
2014-03-16,2014-03-16 05:00:00,6,29.392553,41.387375
2014-03-16,2014-03-16 06:00:00,7,35.924232,41.47143
2014-03-16,2014-03-16 07:00:00,8,35.924232,41.04284
2014-03-16,2014-03-16 08:00:00,9,35.924232,40.856388
2014-03-16,2014-03-16 09:00:00,10,34.291313,40.591713
2014-03-16,2014-03-16 10:00:00,11,35.924232,40.63886
2014-03-16,2014-03-16 11:00:00,12,32.658394,40.214794
2014-03-16,2014-03-16 12:00:00,13,34.291313,40.37824
2014-03-16,2014-03-16 13:00:00,14,31.025473,39.98867
2014-03-16,2014-03-16 14:00:00,15,31.025473,39.68322
2014-03-16,2014-03-16 15:00:00,16,32.658394,39.61655
2014-03-16,2014-03-16 16:00:00,17,32.658394,39.605694
2014-03-16,2014-03-16 17:00:00,18,31.025473,39.554577
2014-03-16,2014-03-16 18:00:00,19,26.126715,39.729546
2014-03-16,2014-03-16 19:00:00,20,26.126715,39.81974
2014-03-16,2014-03-16 20:00:00,21,26.126715,40.155594
2014-03-16,2014-03-16 21:00:00,22,29.392553,40.370026
2014-03-16,2014-03-16 22:00:00,23,26.126715,40.486485
2014-03-16,2014-03-16 23:00:00,24,27.759634,40.42755
2014-03-17,2014-03-17 00:00:00,1,29.392553,27.95057
2014-03-17,2014-03-17 01:00:00,2,27.759634,29.384472
2014-03-17,2014-03-17 02:00:00,3,26.126715,28.226881
2014-03-17,2014-03-17 03:00:00,4,29.392553,25.95197
2014-03-17,2014-03-17 04:00:00,5,27.759634,18.613386
2014-03-17,2014-03-17 05:00:00,6,14.696277,10.050598
2014-03-17,2014-03-17 06:00:00,7,0.0,6.388823
2014-03-17,2014-03-17 07:00:00,8,0.0,3.6342373
2014-03-17,2014-03-17 08:00:00,9,0.0,1.0924082
2014-03-17,2014-03-17 09:00:00,10,0.0,1.6337738
2014-03-17,2014-03-17 10:00:00,11,0.0,1.5086374
2014-03-17,2014-03-17 11:00:00,12,0.0,0.31360722
2014-03-17,2014-03-17 12:00:00,13,0.0,3.0940437
2014-03-17,2014-03-17 13:00:00,14,0.0,3.4588137
2014-03-17,2014-03-17 14:00:00,15,0.0,2.8094263
2014-03-17,2014-03-17 15:00:00,16,0.0,3.7788773
2014-03-17,2014-03-17 16:00:00,17,0.0,2.5824242
2014-03-17,2014-03-17 17:00:00,18,0.0,4.252941
2014-03-17,2014-03-17 18:00:00,19,0.0,3.627489
2014-03-17,2014-03-17 19:00:00,20,0.0,2.141652
2014-03-17,2014-03-17 20:00:00,21,0.0,2.7398987
2014-03-17,2014-03-17 21:00:00,22,0.0,5.0969443
2014-03-17,2014-03-17 22:00:00,23,0.0,7.0037484
2014-03-17,2014-03-17 23:00:00,24,0.0,8.009567
2014-03-18,2014-03-18 00:00:00,1,52.25343,1.7461643
2014-03-18,2014-03-18 01:00:00,2,37.55715,12.2247095
2014-03-18,2014-03-18 02:00:00,3,37.55715,11.431229
2014-03-18,2014-03-18 03:00:00,4,32.658394,10.507942
2014-03-18,2014-03-18 04:00:00,5,32.658394,11.767105
2014-03-18,2014-03-18 05:00:00,6,34.291313,9.256022
2014-03-18,2014-03-18 06:00:00,7,39.19007,7.7804947
2014-03-18,2014-03-18 07:00:00,8,0.0,1.8319778
2014-03-18,2014-03-18 08:00:00,9,0.0,-2.4344187
2014-03-18,2014-03-18 09:00:00,10,0.0,-1.2576122
2014-03-18,2014-03-18 10:00:00,11,0.0,-0.3268509
2014-03-18,2014-03-18 11:00:00,12,0.0,-0.2576084
2014-03-18,2014-03-18 12:00:00,13,0.0,0.12260151
2014-03-18,2014-03-18 13:00:00,14,0.0,-0.03056717
2014-03-18,2014-03-18 14:00:00,15,0.0,0.092494965
2014-03-18,2014-03-18 15:00:00,16,0.0,0.37244987
2014-03-18,2014-03-18 16:00:00,17,0.0,0.43770123
2014-03-18,2014-03-18 17:00:00,18,0.0,0.060959816
2014-03-18,2014-03-18 18:00:00,19,0.0,-0.07774067
2014-03-18,2014-03-18 19:00:00,20,0.0,-0.040406227
2014-03-18,2014-03-18 20:00:00,21,0.0,-0.069833755
2014-03-18,2014-03-18 21:00:00,22,0.0,0.015425682
2014-03-18,2014-03-18 22:00:00,23,0.0,0.34257984
2014-03-18,2014-03-18 23:00:00,24,0.0,0.19053555
2014-03-19,2014-03-19 00:00:00,1,53.88635,3.4233904
2014-03-19,2014-03-19 01:00:00,2,39.19007,29.4403
2014-03-19,2014-03-19 02:00:00,3,37.55715,30.198723
2014-03-19,2014-03-19 03:00:00,4,34.291313,27.40588
2014-03-19,2014-03-19 04:00:00,5,31.025473,27.818108
2014-03-19,2014-03-19 05:00:00,6,29.392553,26.927393
2014-03-19,2014-03-19 06:00:00,7,39.19007,26.312565
2014-03-19,2014-03-19 07:00:00,8,0.0,15.784608
2014-03-19,2014-03-19 08:00:00,9,0.0,2.8819551
2014-03-19,2014-03-19 09:00:00,10,0.0,0.50350285
2014-03-19,2014-03-19 10:00:00,11,0.0,0.3401289
2014-03-19,2014-03-19 11:00:00,12,0.0,-0.02346325
2014-03-19,2014-03-19 12:00:00,13,0.0,-0.048836708
2014-03-19,2014-03-19 13:00:00,14,0.0,0.25737762
2014-03-19,2014-03-19 14:00:00,15,0.0,0.20520115
2014-03-19,2014-03-19 15:00:00,16,0.0,0.594677
2014-03-19,2014-03-19 16:00:00,17,0.0,0.6067095
2014-03-19,2014-03-19 17:00:00,18,0.0,0.35132885
2014-03-19,2014-03-19 18:00:00,19,0.0,0.24259663
2014-03-19,2014-03-19 19:00:00,20,0.0,0.29388046
2014-03-19,2014-03-19 20:00:00,21,0.0,0.10178852
2014-03-19,2014-03-19 21:00:00,22,0.0,0.14505291
2014-03-19,2014-03-19 22:00:00,23,0.0,0.21470547
2014-03-19,2014-03-19 23:00:00,24,0.0,-0.060334206
2014-03-20,2014-03-20 00:00:00,1,58.785107,3.4323769
2014-03-20,2014-03-20 01:00:00,2,44.08883,29.289867
2014-03-20,2014-03-20 02:00:00,3,34.291313,29.862919
2014-03-20,2014-03-20 03:00:00,4,32.658394,27.072243
2014-03-20,2014-03-20 04:00:00,5,31.025473,27.613226
2014-03-20,2014-03-20 05:00:00,6,32.658394,26.596659
2014-03-20,2014-03-20 06:00:00,7,40.82299,25.904171
2014-03-20,2014-03-20 07:00:00,8,0.0,15.296567
2014-03-20,2014-03-20 08:00:00,9,0.0,2.5306644
2014-03-20,2014-03-20 09:00:00,10,0.0,0.39116192
2014-03-20,2014-03-20 10:00:00,11,0.0,0.3046074
2014-03-20,2014-03-20 11:00:00,12,0.0,-0.05189514
2014-03-20,2014-03-20 12:00:00,13,0.0,-0.044392586
2014-03-20,2014-03-20 13:00:00,14,0.0,0.25439453
2014-03-20,2014-03-20 14:00:00,15,0.0,0.20490932
2014-03-20,2014-03-20 15:00:00,16,0.0,0.6021986
2014-03-20,2014-03-20 16:00:00,17,0.0,0.617486
2014-03-20,2014-03-20 17:00:00,18,0.0,0.35252094
2014-03-20,2014-03-20 18:00:00,19,0.0,0.23725319
2014-03-20,2014-03-20 19:00:00,20,0.0,0.29850674
2014-03-20,2014-03-20 20:00:00,21,0.0,0.106640816
2014-03-20,2014-03-20 21:00:00,22,0.0,0.14575672
2014-03-20,2014-03-20 22:00:00,23,0.0,0.22213268
2014-03-20,2014-03-20 23:00:00,24,0.0,-0.057681084
2014-03-21,2014-03-21 00:00:00,1,55.519268,3.4346828
2014-03-21,2014-03-21 01:00:00,2,39.19007,29.348164
2014-03-21,2014-03-21 02:00:00,3,35.924232,29.958347
2014-03-21,2014-03-21 03:00:00,4,31.025473,27.169636
2014-03-21,2014-03-21 04:00:00,5,31.025473,27.689333
2014-03-21,2014-03-21 05:00:00,6,32.658394,26.688232
2014-03-21,2014-03-21 06:00:00,7,40.82299,26.0058
2014-03-21,2014-03-21 07:00:00,8,1.6329197,15.398826
2014-03-21,2014-03-21 08:00:00,9,0.0,2.593645
2014-03-21,2014-03-21 09:00:00,10,0.0,0.41517925
2014-03-21,2014-03-21 10:00:00,11,0.0,0.3166685
2014-03-21,2014-03-21 11:00:00,12,0.0,-0.042461395
2014-03-21,2014-03-21 12:00:00,13,0.0,-0.040104866
2014-03-21,2014-03-21 13:00:00,14,0.0,0.2598791
2014-03-21,2014-03-21 14:00:00,15,0.0,0.2077713
2014-03-21,2014-03-21 15:00:00,16,0.0,0.6041546
2014-03-21,2014-03-21 16:00:00,17,0.0,0.6150284
2014-03-21,2014-03-21 17:00:00,18,0.0,0.3525982
2014-03-21,2014-03-21 18:00:00,19,0.0,0.23924446
2014-03-21,2014-03-21 19:00:00,20,0.0,0.29755688
2014-03-21,2014-03-21 20:00:00,21,0.0,0.10443306
2014-03-21,2014-03-21 21:00:00,22,0.0,0.14593315
2014-03-21,2014-03-21 22:00:00,23,0.0,0.22266006
2014-03-21,2014-03-21 23:00:00,24,0.0,-0.056786537
2014-03-22,2014-03-22 00:00:00,1,52.25343,3.427455
2014-03-22,2014-03-22 01:00:00,2,34.291313,29.338371
2014-03-22,2014-03-22 02:00:00,3,29.392553,29.979996
2014-03-22,2014-03-22 03:00:00,4,29.392553,27.186808
2014-03-22,2014-03-22 04:00:00,5,27.759634,27.678154
2014-03-22,2014-03-22 05:00:00,6,29.392553,26.711063
2014-03-22,2014-03-22 06:00:00,7,26.126715,26.049496
2014-03-22,2014-03-22 07:00:00,8,26.126715,15.476074
2014-03-22,2014-03-22 08:00:00,9,26.126715,2.6639652
2014-03-22,2014-03-22 09:00:00,10,22.860876,0.4340086
2014-03-22,2014-03-22 10:00:00,11,22.860876,0.3168249
2014-03-22,2014-03-22 11:00:00,12,21.227955,-0.04305935
2014-03-22,2014-03-22 12:00:00,13,22.860876,-0.047367096
2014-03-22,2014-03-22 13:00:00,14,21.227955,0.25407505
2014-03-22,2014-03-22 14:00:00,15,21.227955,0.20335579
2014-03-22,2014-03-22 15:00:00,16,22.860876,0.5971689
2014-03-22,2014-03-22 16:00:00,17,22.860876,0.61074066
2014-03-22,2014-03-22 17:00:00,18,21.227955,0.34988976
2014-03-22,2014-03-22 18:00:00,19,21.227955,0.23688602
2014-03-22,2014-03-22 19:00:00,20,22.860876,0.29419804
2014-03-22,2014-03-22 20:00:00,21,21.227955,0.10312271
2014-03-22,2014-03-22 21:00:00,22,21.227955,0.14471817
2014-03-22,2014-03-22 22:00:00,23,22.860876,0.21931934
2014-03-22,2014-03-22 23:00:00,24,21.227955,-0.057217598
2014-03-23,2014-03-23 00:00:00,1,22.860876,21.113214
2014-03-23,2014-03-23 01:00:00,2,21.227955,21.227798
2014-03-23,2014-03-23 02:00:00,3,22.860876,21.272568
2014-03-23,2014-03-23 03:00:00,4,21.227955,21.351429
2014-03-23,2014-03-23 04:00:00,5,21.227955,21.439089
2014-03-23,2014-03-23 05:00:00,6,24.493795,21.377415
2014-03-23,2014-03-23 06:00:00,7,22.860876,21.344097
2014-03-23,2014-03-23 07:00:00,8,22.860876,21.063452
2014-03-23,2014-03-23 08:00:00,9,21.227955,20.911707
2014-03-23,2014-03-23 09:00:00,10,21.227955,20.706474
2014-03-23,2014-03-23 10:00:00,11,22.860876,20.497288
2014-03-23,2014-03-23 11:00:00,12,21.227955,20.495235
2014-03-23,2014-03-23 12:00:00,13,21.227955,20.706411
2014-03-23,2014-03-23 13:00:00,14,22.860876,20.346176
2014-03-23,2014-03-23 14:00:00,15,22.860876,20.102552
2014-03-23,2014-03-23 15:00:00,16,21.227955,20.135077
2014-03-23,2014-03-23 16:00:00,17,22.860876,20.065235
2014-03-23,2014-03-23 17:00:00,18,21.227955,20.023981
2014-03-23,2014-03-23 18:00:00,19,22.860876,19.921371
2014-03-23,2014-03-23 19:00:00,20,22.860876,20.105099
2014-03-23,2014-03-23 20:00:00,21,21.227955,20.409523
2014-03-23,2014-03-23 21:00:00,22,22.860876,20.565144
2014-03-23,2014-03-23 22:00:00,23,22.860876,20.62041
2014-03-23,2014-03-23 23:00:00,24,21.227955,20.719296
2014-03-24,2014-03-24 00:00:00,1,22.860876,21.387533
2014-03-24,2014-03-24 01:00:00,2,21.227955,22.51222
2014-03-24,2014-03-24 02:00:00,3,24.493795,23.403858
2014-03-24,2014-03-24 03:00:00,4,52.25343,24.44825
2014-03-24,2014-03-24 04:00:00,5,37.55715,23.449203
2014-03-24,2014-03-24 05:00:00,6,19.595036,21.086584
2014-03-24,2014-03-24 06:00:00,7,19.595036,19.732838
2014-03-24,2014-03-24 07:00:00,8,3.2658393,15.305772
2014-03-24,2014-03-24 08:00:00,9,0.0,9.1333685
2014-03-24,2014-03-24 09:00:00,10,0.0,5.9600925
2014-03-24,2014-03-24 10:00:00,11,0.0,1.3381071
2014-03-24,2014-03-24 11:00:00,12,0.0,-1.2407999
2014-03-24,2014-03-24 12:00:00,13,0.0,-0.19116402
2014-03-24,2014-03-24 13:00:00,14,0.0,-0.1740675
2014-03-24,2014-03-24 14:00:00,15,0.0,-0.37924767
2014-03-24,2014-03-24 15:00:00,16,0.0,0.91046333
2014-03-24,2014-03-24 16:00:00,17,0.0,-0.30123615
2014-03-24,2014-03-24 17:00:00,18,0.0,1.2025938
2014-03-24,2014-03-24 18:00:00,19,0.0,0.39579868
2014-03-24,2014-03-24 19:00:00,20,0.0,-0.1335249
2014-03-24,2014-03-24 20:00:00,21,0.0,-0.04322338
2014-03-24,2014-03-24 21:00:00,22,0.0,-0.04347992
2014-03-24,2014-03-24 22:00:00,23,0.0,-0.17065239
2014-03-24,2014-03-24 23:00:00,24,0.0,-0.2887926
2014-03-25,2014-03-25 00:00:00,1,47.35467,3.4358892
2014-03-25,2014-03-25 01:00:00,2,39.19007,28.667572
2014-03-25,2014-03-25 02:00:00,3,34.291313,28.769863
2014-03-25,2014-03-25 03:00:00,4,31.025473,26.023388
2014-03-25,2014-03-25 04:00:00,5,31.025473,26.893549
2014-03-25,2014-03-25 05:00:00,6,31.025473,25.54322
2014-03-25,2014-03-25 06:00:00,7,37.55715,24.640472
2014-03-25,2014-03-25 07:00:00,8,0.0,13.898005
2014-03-25,2014-03-25 08:00:00,9,0.0,1.5639315
2014-03-25,2014-03-25 09:00:00,10,0.0,0.054382324
2014-03-25,2014-03-25 10:00:00,11,0.0,0.19045258
2014-03-25,2014-03-25 11:00:00,12,3.2658393,-0.12545013
2014-03-25,2014-03-25 12:00:00,13,0.0,-0.03587246
2014-03-25,2014-03-25 13:00:00,14,0.0,0.24613667
2014-03-25,2014-03-25 14:00:00,15,0.0,0.21399403
2014-03-25,2014-03-25 15:00:00,16,0.0,0.6403599
2014-03-25,2014-03-25 16:00:00,17,26.126715,0.6724081
2014-03-25,2014-03-25 17:00:00,18,0.0,0.377573
2014-03-25,2014-03-25 18:00:00,19,0.0,0.2413702
2014-03-25,2014-03-25 19:00:00,20,0.0,0.32605648
2014-03-25,2014-03-25 20:00:00,21,0.0,0.123579025
2014-03-25,2014-03-25 21:00:00,22,0.0,0.13217354
2014-03-25,2014-03-25 22:00:00,23,0.0,0.21116829
2014-03-25,2014-03-25 23:00:00,24,0.0,-0.08695793
2014-03-26,2014-03-26 00:00:00,1,48.98759,3.4403515
2014-03-26,2014-03-26 01:00:00,2,44.08883,29.150723
2014-03-26,2014-03-26 02:00:00,3,40.82299,29.488232
2014-03-26,2014-03-26 03:00:00,4,39.19007,26.652464
2014-03-26,2014-03-26 04:00:00,5,39.19007,27.25785
2014-03-26,2014-03-26 05:00:00,6,37.55715,25.995678
2014-03-26,2014-03-26 06:00:00,7,42.45591,25.164085
2014-03-26,2014-03-26 07:00:00,8,0.0,14.438975
2014-03-26,2014-03-26 08:00:00,9,0.0,1.9321918
2014-03-26,2014-03-26 09:00:00,10,0.0,0.20320511
2014-03-26,2014-03-26 10:00:00,11,0.0,0.25152206
2014-03-26,2014-03-26 11:00:00,12,0.0,-0.08924484
2014-03-26,2014-03-26 12:00:00,13,0.0,0.0012626648
2014-03-26,2014-03-26 13:00:00,14,0.0,0.23791409
2014-03-26,2014-03-26 14:00:00,15,0.0,0.15116596
2014-03-26,2014-03-26 15:00:00,16,0.0,0.53747654
2014-03-26,2014-03-26 16:00:00,17,0.0,0.46536827
2014-03-26,2014-03-26 17:00:00,18,0.0,0.19642162
2014-03-26,2014-03-26 18:00:00,19,0.0,0.053442955
2014-03-26,2014-03-26 19:00:00,20,0.0,0.11122513
2014-03-26,2014-03-26 20:00:00,21,0.0,-0.026863098
2014-03-26,2014-03-26 21:00:00,22,0.0,0.08257103
2014-03-26,2014-03-26 22:00:00,23,0.0,0.21815872
2014-03-26,2014-03-26 23:00:00,24,0.0,0.017086983
2014-03-27,2014-03-27 00:00:00,1,48.98759,3.4244947
2014-03-27,2014-03-27 01:00:00,2,47.35467,29.495895
2014-03-27,2014-03-27 02:00:00,3,40.82299,30.301666
2014-03-27,2014-03-27 03:00:00,4,40.82299,27.51667
2014-03-27,2014-03-27 04:00:00,5,39.19007,27.907875
2014-03-27,2014-03-27 05:00:00,6,35.924232,27.040863
2014-03-27,2014-03-27 06:00:00,7,45.721752,26.440582
2014-03-27,2014-03-27 07:00:00,8,0.0,15.9199095
2014-03-27,2014-03-27 08:00:00,9,0.0,2.964984
2014-03-27,2014-03-27 09:00:00,10,0.0,0.53064346
2014-03-27,2014-03-27 10:00:00,11,0.0,0.34901428
2014-03-27,2014-03-27 11:00:00,12,0.0,-0.01640606
2014-03-27,2014-03-27 12:00:00,13,0.0,-0.04774666
2014-03-27,2014-03-27 13:00:00,14,0.0,0.26382828
2014-03-27,2014-03-27 14:00:00,15,0.0,0.20973015
2014-03-27,2014-03-27 15:00:00,16,0.0,0.5996227
2014-03-27,2014-03-27 16:00:00,17,0.0,0.60610867
2014-03-27,2014-03-27 17:00:00,18,0.0,0.35492516
2014-03-27,2014-03-27 18:00:00,19,0.0,0.247859
2014-03-27,2014-03-27 19:00:00,20,0.0,0.29330254
2014-03-27,2014-03-27 20:00:00,21,0.0,0.09569073
2014-03-27,2014-03-27 21:00:00,22,0.0,0.13848305
2014-03-27,2014-03-27 22:00:00,23,0.0,0.20669556
2014-03-27,2014-03-27 23:00:00,24,0.0,-0.06918335
2014-03-28,2014-03-28 00:00:00,1,57.152187,3.427227
2014-03-28,2014-03-28 01:00:00,2,47.35467,29.527061
2014-03-28,2014-03-28 02:00:00,3,40.82299,30.343945
2014-03-28,2014-03-28 03:00:00,4,39.19007,27.56055
2014-03-28,2014-03-28 04:00:00,5,39.19007,27.946976
2014-03-28,2014-03-28 05:00:00,6,37.55715,27.07894
2014-03-28,2014-03-28 06:00:00,7,42.45591,26.478508
2014-03-28,2014-03-28 07:00:00,8,0.0,15.950651
2014-03-28,2014-03-28 08:00:00,9,0.0,2.979169
2014-03-28,2014-03-28 09:00:00,10,0.0,0.5386019
2014-03-28,2014-03-28 10:00:00,11,0.0,0.3557768
2014-03-28,2014-03-28 11:00:00,12,0.0,-0.0109500885
2014-03-28,2014-03-28 12:00:00,13,0.0,-0.043114662
2014-03-28,2014-03-28 13:00:00,14,0.0,0.26837444
2014-03-28,2014-03-28 14:00:00,15,0.0,0.21234417
2014-03-28,2014-03-28 15:00:00,16,0.0,0.6024046
2014-03-28,2014-03-28 16:00:00,17,0.0,0.605567
2014-03-28,2014-03-28 17:00:00,18,0.0,0.35537338
2014-03-28,2014-03-28 18:00:00,19,0.0,0.24914646
2014-03-28,2014-03-28 19:00:00,20,0.0,0.2932024
2014-03-28,2014-03-28 20:00:00,21,0.0,0.09471512
2014-03-28,2014-03-28 21:00:00,22,0.0,0.1390686
2014-03-28,2014-03-28 22:00:00,23,0.0,0.20823479
2014-03-28,2014-03-28 23:00:00,24,0.0,-0.067635536
2014-03-29,2014-03-29 00:00:00,1,57.152187,3.4303274
2014-03-29,2014-03-29 01:00:00,2,50.62051,29.515888
2014-03-29,2014-03-29 02:00:00,3,44.08883,30.30394
2014-03-29,2014-03-29 03:00:00,4,42.45591,27.520994
2014-03-29,2014-03-29 04:00:00,5,42.45591,27.929316
2014-03-29,2014-03-29 05:00:00,6,42.45591,27.041231
2014-03-29,2014-03-29 06:00:00,7,42.45591,26.42807
2014-03-29,2014-03-29 07:00:00,8,42.45591,15.8829975
2014-03-29,2014-03-29 08:00:00,9,42.45591,2.9257574
2014-03-29,2014-03-29 09:00:00,10,39.19007,0.5220337
2014-03-29,2014-03-29 10:00:00,11,55.519268,0.35138893
2014-03-29,2014-03-29 11:00:00,12,11.430438,-0.014371872
2014-03-29,2014-03-29 12:00:00,13,4.898759,-0.041822433
2014-03-29,2014-03-29 13:00:00,14,52.25343,0.26886368
2014-03-29,2014-03-29 14:00:00,15,35.924232,0.21325779
2014-03-29,2014-03-29 15:00:00,16,34.291313,0.60472775
2014-03-29,2014-03-29 16:00:00,17,34.291313,0.60853386
2014-03-29,2014-03-29 17:00:00,18,29.392553,0.3566389
2014-03-29,2014-03-29 18:00:00,19,31.025473,0.24964142
2014-03-29,2014-03-29 19:00:00,20,29.392553,0.29533768
2014-03-29,2014-03-29 20:00:00,21,29.392553,0.096256256
2014-03-29,2014-03-29 21:00:00,22,29.392553,0.13948727
2014-03-29,2014-03-29 22:00:00,23,27.759634,0.20937634
2014-03-29,2014-03-29 23:00:00,24,29.392553,-0.0683651
2014-04-14,2014-04-14 00:00:00,1,24.493795,26.06681
2014-04-14,2014-04-14 01:00:00,2,26.126715,27.079979
2014-04-14,2014-04-14 02:00:00,3,24.493795,28.09816
2014-04-14,2014-04-14 03:00:00,4,52.25343,29.348053
2014-04-14,2014-04-14 04:00:00,5,52.25343,28.304585
2014-04-14,2014-04-14 05:00:00,6,0.0,26.333649
2014-04-14,2014-04-14 06:00:00,7,0.0,25.055767
2014-04-14,2014-04-14 07:00:00,8,0.0,20.425278
2014-04-14,2014-04-14 08:00:00,9,0.0,13.31896
2014-04-14,2014-04-14 09:00:00,10,0.0,9.201414
2014-04-14,2014-04-14 10:00:00,11,0.0,3.6965952
2014-04-14,2014-04-14 11:00:00,12,0.0,0.6275873
2014-04-14,2014-04-14 12:00:00,13,0.0,1.4829254
2014-04-14,2014-04-14 13:00:00,14,0.0,1.2249069
2014-04-14,2014-04-14 14:00:00,15,0.0,1.200079
2014-04-14,2014-04-14 15:00:00,16,0.0,2.528473
2014-04-14,2014-04-14 16:00:00,17,0.0,1.4219608
2014-04-14,2014-04-14 17:00:00,18,0.0,3.2947922
2014-04-14,2014-04-14 18:00:00,19,0.0,2.834199
2014-04-14,2014-04-14 19:00:00,20,0.0,2.3924007
2014-04-14,2014-04-14 20:00:00,21,0.0,2.3911533
2014-04-14,2014-04-14 21:00:00,22,0.0,2.2467985
2014-04-14,2014-04-14 22:00:00,23,0.0,2.002325
2014-04-14,2014-04-14 23:00:00,24,0.0,2.0417538
2014-04-15,2014-04-15 00:00:00,1,45.721752,2.6132803
2014-04-15,2014-04-15 01:00:00,2,27.759634,19.418974
2014-04-15,2014-04-15 02:00:00,3,26.126715,18.30591
2014-04-15,2014-04-15 03:00:00,4,26.126715,16.488888
2014-04-15,2014-04-15 04:00:00,5,27.759634,17.930344
2014-04-15,2014-04-15 05:00:00,6,26.126715,15.140916
2014-04-15,2014-04-15 06:00:00,7,35.924232,13.463475
2014-04-15,2014-04-15 07:00:00,8,0.0,4.9243755
2014-04-15,2014-04-15 08:00:00,9,0.0,-2.5132427
2014-04-15,2014-04-15 09:00:00,10,0.0,-1.2695808
2014-04-15,2014-04-15 10:00:00,11,0.0,-0.0994997
2014-04-15,2014-04-15 11:00:00,12,0.0,-0.12071705
2014-04-15,2014-04-15 12:00:00,13,0.0,0.27654552
2014-04-15,2014-04-15 13:00:00,14,0.0,0.21037579
2014-04-15,2014-04-15 14:00:00,15,0.0,0.23974514
2014-04-15,2014-04-15 15:00:00,16,0.0,0.6390419
2014-04-15,2014-04-15 16:00:00,17,0.0,0.6267929
2014-04-15,2014-04-15 17:00:00,18,0.0,0.22205257
2014-04-15,2014-04-15 18:00:00,19,0.0,0.051631927
2014-04-15,2014-04-15 19:00:00,20,0.0,0.14312172
2014-04-15,2014-04-15 20:00:00,21,0.0,0.01930046
2014-04-15,2014-04-15 21:00:00,22,0.0,0.0062475204
2014-04-15,2014-04-15 22:00:00,23,0.0,0.23196411
2014-04-15,2014-04-15 23:00:00,24,3.2658393,0.0333004
2014-04-16,2014-04-16 00:00:00,1,45.721752,6.674771
2014-04-16,2014-04-16 01:00:00,2,29.392553,32.62051
2014-04-16,2014-04-16 02:00:00,3,27.759634,33.340385
2014-04-16,2014-04-16 03:00:00,4,26.126715,30.790524
2014-04-16,2014-04-16 04:00:00,5,27.759634,31.259464
2014-04-16,2014-04-16 05:00:00,6,27.759634,30.27861
2014-04-16,2014-04-16 06:00:00,7,34.291313,29.543201
2014-04-16,2014-04-16 07:00:00,8,3.2658393,18.917406
2014-04-16,2014-04-16 08:00:00,9,0.0,5.945732
2014-04-16,2014-04-16 09:00:00,10,0.0,3.440198
2014-04-16,2014-04-16 10:00:00,11,0.0,3.1896667
2014-04-16,2014-04-16 11:00:00,12,0.0,2.909707
2014-04-16,2014-04-16 12:00:00,13,0.0,2.913291
2014-04-16,2014-04-16 13:00:00,14,0.0,3.2600527
2014-04-16,2014-04-16 14:00:00,15,0.0,3.2388659
2014-04-16,2014-04-16 15:00:00,16,0.0,3.6114283
2014-04-16,2014-04-16 16:00:00,17,0.0,3.4246626
2014-04-16,2014-04-16 17:00:00,18,0.0,3.2346678
2014-04-16,2014-04-16 18:00:00,19,0.0,3.0472317
2014-04-16,2014-04-16 19:00:00,20,0.0,3.0654955
2014-04-16,2014-04-16 20:00:00,21,0.0,2.8264475
2014-04-16,2014-04-16 21:00:00,22,0.0,2.903327
2014-04-16,2014-04-16 22:00:00,23,0.0,3.0767431
2014-04-16,2014-04-16 23:00:00,24,0.0,3.047699
2014-04-17,2014-04-17 00:00:00,1,47.35467,3.410902
2014-04-17,2014-04-17 01:00:00,2,32.658394,29.040512
2014-04-17,2014-04-17 02:00:00,3,27.759634,29.522903
2014-04-17,2014-04-17 03:00:00,4,26.126715,26.722647
2014-04-17,2014-04-17 04:00:00,5,26.126715,27.299053
2014-04-17,2014-04-17 05:00:00,6,29.392553,26.264599
2014-04-17,2014-04-17 06:00:00,7,27.759634,25.561527
2014-04-17,2014-04-17 07:00:00,8,13.063357,15.003917
2014-04-17,2014-04-17 08:00:00,9,0.0,2.3890991
2014-04-17,2014-04-17 09:00:00,10,0.0,0.3320923
2014-04-17,2014-04-17 10:00:00,11,0.0,0.26518345
2014-04-17,2014-04-17 11:00:00,12,0.0,-0.0845232
2014-04-17,2014-04-17 12:00:00,13,0.0,-0.06481171
2014-04-17,2014-04-17 13:00:00,14,0.0,0.2302618
2014-04-17,2014-04-17 14:00:00,15,0.0,0.18894482
2014-04-17,2014-04-17 15:00:00,16,0.0,0.58523655
2014-04-17,2014-04-17 16:00:00,17,0.0,0.6146765
2014-04-17,2014-04-17 17:00:00,18,0.0,0.3454218
2014-04-17,2014-04-17 18:00:00,19,0.0,0.22414207
2014-04-17,2014-04-17 19:00:00,20,0.0,0.29313755
2014-04-17,2014-04-17 20:00:00,21,0.0,0.109334946
2014-04-17,2014-04-17 21:00:00,22,0.0,0.14403915
2014-04-17,2014-04-17 22:00:00,23,0.0,0.21969509
2014-04-17,2014-04-17 23:00:00,24,0.0,-0.054257393
2014-04-18,2014-04-18 00:00:00,1,48.98759,3.3155098
2014-04-18,2014-04-18 01:00:00,2,31.025473,28.993505
2014-04-18,2014-04-18 02:00:00,3,27.759634,30.184978
2014-04-18,2014-04-18 03:00:00,4,26.126715,27.468845
2014-04-18,2014-04-18 04:00:00,5,27.759634,27.580446
2014-04-18,2014-04-18 05:00:00,6,24.493795,27.004799
2014-04-18,2014-04-18 06:00:00,7,26.126715,26.581322
2014-04-18,2014-04-18 07:00:00,8,24.493795,16.449478
2014-04-18,2014-04-18 08:00:00,9,26.126715,3.5590687
2014-04-18,2014-04-18 09:00:00,10,26.126715,0.6268053
2014-04-18,2014-04-18 10:00:00,11,24.493795,0.29213428
2014-04-18,2014-04-18 11:00:00,12,24.493795,-0.048908234
2014-04-18,2014-04-18 12:00:00,13,24.493795,-0.13366222
2014-04-18,2014-04-18 13:00:00,14,24.493795,0.18131447
2014-04-18,2014-04-18 14:00:00,15,26.126715,0.1486969
2014-04-18,2014-04-18 15:00:00,16,24.493795,0.5209265
2014-04-18,2014-04-18 16:00:00,17,24.493795,0.56199646
2014-04-18,2014-04-18 17:00:00,18,26.126715,0.31728077
2014-04-18,2014-04-18 18:00:00,19,24.493795,0.2147913
2014-04-18,2014-04-18 19:00:00,20,24.493795,0.26136684
2014-04-18,2014-04-18 20:00:00,21,24.493795,0.08901501
2014-04-18,2014-04-18 21:00:00,22,27.759634,0.13943672
2014-04-18,2014-04-18 22:00:00,23,24.493795,0.19561386
2014-04-18,2014-04-18 23:00:00,24,22.860876,-0.049897194
2014-04-19,2014-04-19 00:00:00,1,26.126715,22.8289
2014-04-19,2014-04-19 01:00:00,2,24.493795,22.999279
2014-04-19,2014-04-19 02:00:00,3,22.860876,23.078884
2014-04-19,2014-04-19 03:00:00,4,26.126715,23.155334
2014-04-19,2014-04-19 04:00:00,5,24.493795,23.258678
2014-04-19,2014-04-19 05:00:00,6,24.493795,23.116238
2014-04-19,2014-04-19 06:00:00,7,24.493795,23.16277
2014-04-19,2014-04-19 07:00:00,8,24.493795,22.911602
2014-04-19,2014-04-19 08:00:00,9,24.493795,22.811737
2014-04-19,2014-04-19 09:00:00,10,24.493795,22.603344
2014-04-19,2014-04-19 10:00:00,11,24.493795,22.408184
2014-04-19,2014-04-19 11:00:00,12,24.493795,22.425732
2014-04-19,2014-04-19 12:00:00,13,22.860876,22.695118
2014-04-19,2014-04-19 13:00:00,14,24.493795,22.257767
2014-04-19,2014-04-19 14:00:00,15,24.493795,21.981464
2014-04-19,2014-04-19 15:00:00,16,22.860876,22.040318
2014-04-19,2014-04-19 16:00:00,17,24.493795,22.037777
2014-04-19,2014-04-19 17:00:00,18,24.493795,21.982948
2014-04-19,2014-04-19 18:00:00,19,24.493795,21.875156
2014-04-19,2014-04-19 19:00:00,20,24.493795,22.076385
2014-04-19,2014-04-19 20:00:00,21,24.493795,22.451967
2014-04-19,2014-04-19 21:00:00,22,24.493795,22.634949
2014-04-19,2014-04-19 22:00:00,23,26.126715,22.590588
2014-04-19,2014-04-19 23:00:00,24,24.493795,22.540585
2014-04-20,2014-04-20 00:00:00,1,22.860876,24.625353
2014-04-20,2014-04-20 01:00:00,2,24.493795,25.892344
2014-04-20,2014-04-20 02:00:00,3,26.126715,26.733185
2014-04-20,2014-04-20 03:00:00,4,24.493795,27.779972
2014-04-20,2014-04-20 04:00:00,5,26.126715,26.50676
2014-04-20,2014-04-20 05:00:00,6,24.493795,23.601404
2014-04-20,2014-04-20 06:00:00,7,24.493795,21.89368
2014-04-20,2014-04-20 07:00:00,8,24.493795,17.043983
2014-04-20,2014-04-20 08:00:00,9,24.493795,10.519688
2014-04-20,2014-04-20 09:00:00,10,22.860876,7.425948
2014-04-20,2014-04-20 10:00:00,11,24.493795,3.068266
2014-04-20,2014-04-20 11:00:00,12,24.493795,0.62130356
2014-04-20,2014-04-20 12:00:00,13,24.493795,1.9099998
2014-04-20,2014-04-20 13:00:00,14,24.493795,1.9401455
2014-04-20,2014-04-20 14:00:00,15,22.860876,1.6721401
2014-04-20,2014-04-20 15:00:00,16,24.493795,3.0216932
2014-04-20,2014-04-20 16:00:00,17,24.493795,1.8482037
2014-04-20,2014-04-20 17:00:00,18,24.493795,3.5391703
2014-04-20,2014-04-20 18:00:00,19,22.860876,2.7236214
2014-04-20,2014-04-20 19:00:00,20,24.493795,2.050765
2014-04-20,2014-04-20 20:00:00,21,24.493795,2.0620918
2014-04-20,2014-04-20 21:00:00,22,24.493795,2.205905
2014-04-20,2014-04-20 22:00:00,23,24.493795,2.286646
2014-04-20,2014-04-20 23:00:00,24,24.493795,2.2709618
2014-04-21,2014-04-21 00:00:00,1,24.493795,24.49783
2014-04-21,2014-04-21 01:00:00,2,24.493795,24.719883
2014-04-21,2014-04-21 02:00:00,3,26.126715,25.212471
2014-04-21,2014-04-21 03:00:00,4,26.126715,25.514557
2014-04-21,2014-04-21 04:00:00,5,63.68387,25.106567
2014-04-21,2014-04-21 05:00:00,6,24.493795,26.006145
2014-04-21,2014-04-21 06:00:00,7,0.0,26.158817
2014-04-21,2014-04-21 07:00:00,8,0.0,24.967896
2014-04-21,2014-04-21 08:00:00,9,0.0,23.3101
2014-04-21,2014-04-21 09:00:00,10,0.0,22.509727
2014-04-21,2014-04-21 10:00:00,11,0.0,18.09756
2014-04-21,2014-04-21 11:00:00,12,0.0,14.031577
2014-04-21,2014-04-21 12:00:00,13,0.0,10.399401
2014-04-21,2014-04-21 13:00:00,14,0.0,7.302211
2014-04-21,2014-04-21 14:00:00,15,0.0,6.0089474
2014-04-21,2014-04-21 15:00:00,16,0.0,5.7230372
2014-04-21,2014-04-21 16:00:00,17,0.0,5.010993
2014-04-21,2014-04-21 17:00:00,18,0.0,5.3722
2014-04-21,2014-04-21 18:00:00,19,0.0,4.991931
2014-04-21,2014-04-21 19:00:00,20,0.0,5.2168026
2014-04-21,2014-04-21 20:00:00,21,0.0,5.777889
2014-04-21,2014-04-21 21:00:00,22,0.0,5.853905
2014-04-21,2014-04-21 22:00:00,23,0.0,5.66682
2014-04-21,2014-04-21 23:00:00,24,0.0,5.4469547
2014-04-22,2014-04-22 00:00:00,1,48.98759,-2.002716e-05
2014-04-22,2014-04-22 01:00:00,2,29.392553,-0.028301239
2014-04-22,2014-04-22 02:00:00,3,27.759634,-0.035758972
2014-04-22,2014-04-22 03:00:00,4,27.759634,-0.003935814
2014-04-22,2014-04-22 04:00:00,5,26.126715,-0.020187378
2014-04-22,2014-04-22 05:00:00,6,26.126715,-0.031741142
2014-04-22,2014-04-22 06:00:00,7,39.19007,-0.015255928
2014-04-22,2014-04-22 07:00:00,8,0.0,-0.036824226
2014-04-22,2014-04-22 08:00:00,9,0.0,-0.008618355
2014-04-22,2014-04-22 09:00:00,10,0.0,-0.03489685
2014-04-22,2014-04-22 10:00:00,11,0.0,-0.03999138
2014-04-22,2014-04-22 11:00:00,12,0.0,-0.05086136
2014-04-22,2014-04-22 12:00:00,13,0.0,-0.05251217
2014-04-22,2014-04-22 13:00:00,14,0.0,-0.066018105
2014-04-22,2014-04-22 14:00:00,15,0.0,-0.05455494
2014-04-22,2014-04-22 15:00:00,16,0.0,-0.095710754
2014-04-22,2014-04-22 16:00:00,17,0.0,-0.05811596
2014-04-22,2014-04-22 17:00:00,18,0.0,-0.099188805
2014-04-22,2014-04-22 18:00:00,19,0.0,-0.0745821
2014-04-22,2014-04-22 19:00:00,20,0.0,-0.0786953
2014-04-22,2014-04-22 20:00:00,21,0.0,-0.065600395
2014-04-22,2014-04-22 21:00:00,22,0.0,-0.037409782
2014-04-22,2014-04-22 22:00:00,23,0.0,-0.0005578995
2014-04-22,2014-04-22 23:00:00,24,0.0,-0.013301849
2014-04-23,2014-04-23 00:00:00,1,44.08883,3.4108706
2014-04-23,2014-04-23 01:00:00,2,29.392553,29.199032
2014-04-23,2014-04-23 02:00:00,3,27.759634,29.820557
2014-04-23,2014-04-23 03:00:00,4,27.759634,27.02162
2014-04-23,2014-04-23 04:00:00,5,26.126715,27.506758
2014-04-23,2014-04-23 05:00:00,6,26.126715,26.554905
2014-04-23,2014-04-23 06:00:00,7,32.658394,25.903233
2014-04-23,2014-04-23 07:00:00,8,0.0,15.37973
2014-04-23,2014-04-23 08:00:00,9,0.0,2.642354
2014-04-23,2014-04-23 09:00:00,10,0.0,0.41585064
2014-04-23,2014-04-23 10:00:00,11,0.0,0.2962017
2014-04-23,2014-04-23 11:00:00,12,0.0,-0.059588432
2014-04-23,2014-04-23 12:00:00,13,0.0,-0.063697815
2014-04-23,2014-04-23 13:00:00,14,0.0,0.23682594
2014-04-23,2014-04-23 14:00:00,15,0.0,0.19219208
2014-04-23,2014-04-23 15:00:00,16,0.0,0.58280945
2014-04-23,2014-04-23 16:00:00,17,0.0,0.6074085
2014-04-23,2014-04-23 17:00:00,18,0.0,0.34570026
2014-04-23,2014-04-23 18:00:00,19,0.0,0.23028564
2014-04-23,2014-04-23 19:00:00,20,0.0,0.2921934
2014-04-23,2014-04-23 20:00:00,21,0.0,0.10702896
2014-04-23,2014-04-23 21:00:00,22,0.0,0.1459856
2014-04-23,2014-04-23 22:00:00,23,0.0,0.21779156
2014-04-23,2014-04-23 23:00:00,24,0.0,-0.054725647
2014-04-24,2014-04-24 00:00:00,1,42.45591,3.4117708
2014-04-24,2014-04-24 01:00:00,2,27.759634,28.962284
2014-04-24,2014-04-24 02:00:00,3,26.126715,29.378761
2014-04-24,2014-04-24 03:00:00,4,27.759634,26.582916
2014-04-24,2014-04-24 04:00:00,5,27.759634,27.204138
2014-04-24,2014-04-24 05:00:00,6,26.126715,26.123623
2014-04-24,2014-04-24 06:00:00,7,35.924232,25.392292
2014-04-24,2014-04-24 07:00:00,8,0.0,14.814358
2014-04-24,2014-04-24 08:00:00,9,0.0,2.258914
2014-04-24,2014-04-24 09:00:00,10,0.0,0.2890091
2014-04-24,2014-04-24 10:00:00,11,0.0,0.25065994
2014-04-24,2014-04-24 11:00:00,12,0.0,-0.09491062
2014-04-24,2014-04-24 12:00:00,13,0.0,-0.063607216
2014-04-24,2014-04-24 13:00:00,14,0.0,0.2295599
2014-04-24,2014-04-24 14:00:00,15,0.0,0.19012928
2014-04-24,2014-04-24 15:00:00,16,0.0,0.5890837
2014-04-24,2014-04-24 16:00:00,17,0.0,0.6206808
2014-04-24,2014-04-24 17:00:00,18,0.0,0.34849548
2014-04-24,2014-04-24 18:00:00,19,0.0,0.22475147
2014-04-24,2014-04-24 19:00:00,20,0.0,0.2972126
2014-04-24,2014-04-24 20:00:00,21,0.0,0.11234951
2014-04-24,2014-04-24 21:00:00,22,0.0,0.14398575
2014-04-24,2014-04-24 22:00:00,23,0.0,0.22100353
2014-04-24,2014-04-24 23:00:00,24,0.0,-0.055582047
2014-04-25,2014-04-25 00:00:00,1,47.35467,3.4070492
2014-04-25,2014-04-25 01:00:00,2,24.493795,29.029625
2014-04-25,2014-04-25 02:00:00,3,27.759634,29.528454
2014-04-25,2014-04-25 03:00:00,4,26.126715,26.73088
2014-04-25,2014-04-25 04:00:00,5,26.126715,27.29704
2014-04-25,2014-04-25 05:00:00,6,26.126715,26.278276
2014-04-25,2014-04-25 06:00:00,7,26.126715,25.585022
2014-04-25,2014-04-25 07:00:00,8,24.493795,15.043348
2014-04-25,2014-04-25 08:00:00,9,24.493795,2.4229708
2014-04-25,2014-04-25 09:00:00,10,26.126715,0.34037113
2014-04-25,2014-04-25 10:00:00,11,26.126715,0.2633772
2014-04-25,2014-04-25 11:00:00,12,24.493795,-0.08631706
2014-04-25,2014-04-25 12:00:00,13,24.493795,-0.06967735
2014-04-25,2014-04-25 13:00:00,14,24.493795,0.22827435
2014-04-25,2014-04-25 14:00:00,15,24.493795,0.18810844
2014-04-25,2014-04-25 15:00:00,16,24.493795,0.58319664
2014-04-25,2014-04-25 16:00:00,17,22.860876,0.6140747
2014-04-25,2014-04-25 17:00:00,18,26.126715,0.34680748
2014-04-25,2014-04-25 18:00:00,19,24.493795,0.22615623
2014-04-25,2014-04-25 19:00:00,20,26.126715,0.29420567
2014-04-25,2014-04-25 20:00:00,21,24.493795,0.108810425
2014-04-25,2014-04-25 21:00:00,22,24.493795,0.14227009
2014-04-25,2014-04-25 22:00:00,23,24.493795,0.21655941
2014-04-25,2014-04-25 23:00:00,24,24.493795,-0.058091164
2014-04-26,2014-04-26 00:00:00,1,24.493795,24.3162
2014-04-26,2014-04-26 01:00:00,2,22.860876,24.404583
2014-04-26,2014-04-26 02:00:00,3,24.493795,24.423769
2014-04-26,2014-04-26 03:00:00,4,24.493795,24.473606
2014-04-26,2014-04-26 04:00:00,5,26.126715,24.548178
2014-04-26,2014-04-26 05:00:00,6,22.860876,24.511423
2014-04-26,2014-04-26 06:00:00,7,24.493795,24.45464
2014-04-26,2014-04-26 07:00:00,8,24.493795,24.165573
2014-04-26,2014-04-26 08:00:00,9,24.493795,24.003304
2014-04-26,2014-04-26 09:00:00,10,24.493795,23.807228
2014-04-26,2014-04-26 10:00:00,11,24.493795,23.595642
2014-04-26,2014-04-26 11:00:00,12,22.860876,23.570236
2014-04-26,2014-04-26 12:00:00,13,24.493795,23.770294
2014-04-26,2014-04-26 13:00:00,14,22.860876,23.412874
2014-04-26,2014-04-26 14:00:00,15,24.493795,23.185143
2014-04-26,2014-04-26 15:00:00,16,22.860876,23.222084
2014-04-26,2014-04-26 16:00:00,17,24.493795,23.156635
2014-04-26,2014-04-26 17:00:00,18,22.860876,23.1172
2014-04-26,2014-04-26 18:00:00,19,24.493795,23.034369
2014-04-26,2014-04-26 19:00:00,20,24.493795,23.224985
2014-04-26,2014-04-26 20:00:00,21,26.126715,23.506926
2014-04-26,2014-04-26 21:00:00,22,24.493795,23.614391
2014-04-26,2014-04-26 22:00:00,23,24.493795,23.6517
2014-04-26,2014-04-26 23:00:00,24,22.860876,23.785763
2014-04-27,2014-04-27 00:00:00,1,24.493795,23.06795
2014-04-27,2014-04-27 01:00:00,2,24.493795,24.498974
2014-04-27,2014-04-27 02:00:00,3,24.493795,25.212276
2014-04-27,2014-04-27 03:00:00,4,26.126715,26.099678
2014-04-27,2014-04-27 04:00:00,5,24.493795,24.79356
2014-04-27,2014-04-27 05:00:00,6,22.860876,21.400723
2014-04-27,2014-04-27 06:00:00,7,24.493795,19.305172
2014-04-27,2014-04-27 07:00:00,8,24.493795,14.088801
2014-04-27,2014-04-27 08:00:00,9,24.493795,7.6382914
2014-04-27,2014-04-27 09:00:00,10,24.493795,4.9862337
2014-04-27,2014-04-27 10:00:00,11,24.493795,1.1993523
2014-04-27,2014-04-27 11:00:00,12,24.493795,-0.95224476
2014-04-27,2014-04-27 12:00:00,13,24.493795,0.606863
2014-04-27,2014-04-27 13:00:00,14,22.860876,0.70643425
2014-04-27,2014-04-27 14:00:00,15,24.493795,0.44964695
2014-04-27,2014-04-27 15:00:00,16,24.493795,1.8268471
2014-04-27,2014-04-27 16:00:00,17,22.860876,0.58078766
2014-04-27,2014-04-27 17:00:00,18,24.493795,2.2417908
2014-04-27,2014-04-27 18:00:00,19,24.493795,1.326046
2014-04-27,2014-04-27 19:00:00,20,24.493795,0.64175415
2014-04-27,2014-04-27 20:00:00,21,22.860876,0.71976566
2014-04-27,2014-04-27 21:00:00,22,26.126715,0.8526602
2014-04-27,2014-04-27 22:00:00,23,24.493795,0.9771433
2014-04-27,2014-04-27 23:00:00,24,24.493795,1.1097059
2014-04-28,2014-04-28 00:00:00,1,24.493795,24.5083
2014-04-28,2014-04-28 01:00:00,2,24.493795,24.733955
2014-04-28,2014-04-28 02:00:00,3,24.493795,25.228085
2014-04-28,2014-04-28 03:00:00,4,39.19007,25.495564
2014-04-28,2014-04-28 04:00:00,5,50.62051,25.090473
2014-04-28,2014-04-28 05:00:00,6,16.329197,26.005592
2014-04-28,2014-04-28 06:00:00,7,0.0,26.190998
2014-04-28,2014-04-28 07:00:00,8,0.0,25.017363
2014-04-28,2014-04-28 08:00:00,9,0.0,23.42141
2014-04-28,2014-04-28 09:00:00,10,0.0,22.707783
2014-04-28,2014-04-28 10:00:00,11,0.0,18.406971
2014-04-28,2014-04-28 11:00:00,12,0.0,14.343535
2014-04-28,2014-04-28 12:00:00,13,0.0,10.638986
2014-04-28,2014-04-28 13:00:00,14,0.0,7.45076
2014-04-28,2014-04-28 14:00:00,15,0.0,6.0875964
2014-04-28,2014-04-28 15:00:00,16,0.0,5.745169
2014-04-28,2014-04-28 16:00:00,17,0.0,5.040285
2014-04-28,2014-04-28 17:00:00,18,0.0,5.3731985
2014-04-28,2014-04-28 18:00:00,19,0.0,4.980873
2014-04-28,2014-04-28 19:00:00,20,0.0,5.1996098
2014-04-28,2014-04-28 20:00:00,21,0.0,5.777245
2014-04-28,2014-04-28 21:00:00,22,0.0,5.878138
2014-04-28,2014-04-28 22:00:00,23,0.0,5.7035456
2014-04-28,2014-04-28 23:00:00,24,1.6329197,5.4194946
2014-04-29,2014-04-29 00:00:00,1,45.721752,1.5615196
2014-04-29,2014-04-29 01:00:00,2,32.658394,1.4648476
2014-04-29,2014-04-29 02:00:00,3,26.126715,1.4163084
2014-04-29,2014-04-29 03:00:00,4,26.126715,1.4398947
2014-04-29,2014-04-29 04:00:00,5,26.126715,1.3682995
2014-04-29,2014-04-29 05:00:00,6,27.759634,1.333641
2014-04-29,2014-04-29 06:00:00,7,34.291313,1.2791233
2014-04-29,2014-04-29 07:00:00,8,3.2658393,1.2457485
2014-04-29,2014-04-29 08:00:00,9,0.0,1.3163061
2014-04-29,2014-04-29 09:00:00,10,0.0,1.3332481
2014-04-29,2014-04-29 10:00:00,11,0.0,1.3202887
2014-04-29,2014-04-29 11:00:00,12,0.0,1.3230543
2014-04-29,2014-04-29 12:00:00,13,0.0,1.3451176
2014-04-29,2014-04-29 13:00:00,14,0.0,1.3710737
2014-04-29,2014-04-29 14:00:00,15,0.0,1.3853807
2014-04-29,2014-04-29 15:00:00,16,0.0,1.301136
2014-04-29,2014-04-29 16:00:00,17,0.0,1.200758
2014-04-29,2014-04-29 17:00:00,18,0.0,1.1935902
2014-04-29,2014-04-29 18:00:00,19,0.0,1.1906824
2014-04-29,2014-04-29 19:00:00,20,0.0,1.2067356
2014-04-29,2014-04-29 20:00:00,21,0.0,1.1833115
2014-04-29,2014-04-29 21:00:00,22,0.0,1.19174
2014-04-29,2014-04-29 22:00:00,23,0.0,1.2860126
2014-04-29,2014-04-29 23:00:00,24,0.0,1.3795109
2014-04-30,2014-04-30 00:00:00,1,47.35467,3.3981476
2014-04-30,2014-04-30 01:00:00,2,31.025473,29.165474
2014-04-30,2014-04-30 02:00:00,3,27.759634,29.838905
2014-04-30,2014-04-30 03:00:00,4,26.126715,27.0388
2014-04-30,2014-04-30 04:00:00,5,26.126715,27.481262
2014-04-30,2014-04-30 05:00:00,6,26.126715,26.579636
2014-04-30,2014-04-30 06:00:00,7,32.658394,25.95848
2014-04-30,2014-04-30 07:00:00,8,4.898759,15.488354
2014-04-30,2014-04-30 08:00:00,9,0.0,2.7447004
2014-04-30,2014-04-30 09:00:00,10,0.0,0.43957233
2014-04-30,2014-04-30 10:00:00,11,0.0,0.29328156
2014-04-30,2014-04-30 11:00:00,12,0.0,-0.062030792
2014-04-30,2014-04-30 12:00:00,13,0.0,-0.07585716
2014-04-30,2014-04-30 13:00:00,14,0.0,0.22628975
2014-04-30,2014-04-30 14:00:00,15,0.0,0.18411064
2014-04-30,2014-04-30 15:00:00,16,0.0,0.5715189
2014-04-30,2014-04-30 16:00:00,17,0.0,0.6006708
2014-04-30,2014-04-30 17:00:00,18,0.0,0.34038353
2014-04-30,2014-04-30 18:00:00,19,0.0,0.22555828
2014-04-30,2014-04-30 19:00:00,20,0.0,0.28663635
2014-04-30,2014-04-30 20:00:00,21,0.0,0.10508251
2014-04-30,2014-04-30 21:00:00,22,0.0,0.14473248
2014-04-30,2014-04-30 22:00:00,23,0.0,0.21382618
2014-04-30,2014-04-30 23:00:00,24,0.0,-0.054301262
2014-05-01,2014-05-01 00:00:00,1,48.98759,3.3942356
2014-05-01,2014-05-01 01:00:00,2,31.025473,29.019926
2014-05-01,2014-05-01 02:00:00,3,27.759634,29.58672
2014-05-01,2014-05-01 03:00:00,4,27.759634,26.784256
2014-05-01,2014-05-01 04:00:00,5,26.126715,27.294548
2014-05-01,2014-05-01 05:00:00,6,24.493795,26.338104
2014-05-01,2014-05-01 06:00:00,7,26.126715,25.682919
2014-05-01,2014-05-01 07:00:00,8,24.493795,15.199543
2014-05-01,2014-05-01 08:00:00,9,22.860876,2.5588808
2014-05-01,2014-05-01 09:00:00,10,24.493795,0.37616062
2014-05-01,2014-05-01 10:00:00,11,22.860876,0.2652874
2014-05-01,2014-05-01 11:00:00,12,24.493795,-0.08568001
2014-05-01,2014-05-01 12:00:00,13,22.860876,-0.081671715
2014-05-01,2014-05-01 13:00:00,14,24.493795,0.21751499
2014-05-01,2014-05-01 14:00:00,15,24.493795,0.17900944
2014-05-01,2014-05-01 15:00:00,16,24.493795,0.56994057
2014-05-01,2014-05-01 16:00:00,17,22.860876,0.6044884
2014-05-01,2014-05-01 17:00:00,18,24.493795,0.33923054
2014-05-01,2014-05-01 18:00:00,19,24.493795,0.21966553
2014-05-01,2014-05-01 19:00:00,20,22.860876,0.2862444
2014-05-01,2014-05-01 20:00:00,21,24.493795,0.106036186
2014-05-01,2014-05-01 21:00:00,22,24.493795,0.14189911
2014-05-01,2014-05-01 22:00:00,23,26.126715,0.21357727
2014-05-01,2014-05-01 23:00:00,24,22.860876,-0.054926872
2014-05-02,2014-05-02 00:00:00,1,24.493795,22.821995
2014-05-02,2014-05-02 01:00:00,2,24.493795,22.982792
2014-05-02,2014-05-02 02:00:00,3,22.860876,23.046879
2014-05-02,2014-05-02 03:00:00,4,26.126715,23.120975
2014-05-02,2014-05-02 04:00:00,5,22.860876,23.21106
2014-05-02,2014-05-02 05:00:00,6,24.493795,23.072655
2014-05-02,2014-05-02 06:00:00,7,34.291313,23.108734
2014-05-02,2014-05-02 07:00:00,8,4.898759,22.834003
2014-05-02,2014-05-02 08:00:00,9,0.0,22.71236
2014-05-02,2014-05-02 09:00:00,10,0.0,22.505594
2014-05-02,2014-05-02 10:00:00,11,0.0,22.303993
2014-05-02,2014-05-02 11:00:00,12,0.0,22.306232
2014-05-02,2014-05-02 12:00:00,13,0.0,22.568714
2014-05-02,2014-05-02 13:00:00,14,0.0,22.181618
2014-05-02,2014-05-02 14:00:00,15,0.0,21.898401
2014-05-02,2014-05-02 15:00:00,16,0.0,21.937044
2014-05-02,2014-05-02 16:00:00,17,0.0,21.90896
2014-05-02,2014-05-02 17:00:00,18,0.0,21.862299
2014-05-02,2014-05-02 18:00:00,19,0.0,21.7603
2014-05-02,2014-05-02 19:00:00,20,0.0,21.933708
2014-05-02,2014-05-02 20:00:00,21,0.0,22.26391
2014-05-02,2014-05-02 21:00:00,22,0.0,22.457903
2014-05-02,2014-05-02 22:00:00,23,0.0,22.465004
2014-05-02,2014-05-02 23:00:00,24,0.0,22.433216
2014-05-03,2014-05-03 00:00:00,1,50.62051,-0.0027856827
2014-05-03,2014-05-03 01:00:00,2,32.658394,-0.03390503
2014-05-03,2014-05-03 02:00:00,3,29.392553,-0.039486885
2014-05-03,2014-05-03 03:00:00,4,29.392553,-0.0055856705
2014-05-03,2014-05-03 04:00:00,5,27.759634,-0.011387825
2014-05-03,2014-05-03 05:00:00,6,27.759634,-0.016195297
2014-05-03,2014-05-03 06:00:00,7,27.759634,-0.0017938614
2014-05-03,2014-05-03 07:00:00,8,26.126715,-0.021891594
2014-05-03,2014-05-03 08:00:00,9,26.126715,-0.0006494522
2014-05-03,2014-05-03 09:00:00,10,26.126715,-0.035063744
2014-05-03,2014-05-03 10:00:00,11,26.126715,-0.036717415
2014-05-03,2014-05-03 11:00:00,12,24.493795,-0.053977013
2014-05-03,2014-05-03 12:00:00,13,24.493795,-0.065057755
2014-05-03,2014-05-03 13:00:00,14,26.126715,-0.08664703
2014-05-03,2014-05-03 14:00:00,15,26.126715,-0.0726223
2014-05-03,2014-05-03 15:00:00,16,24.493795,-0.11375332
2014-05-03,2014-05-03 16:00:00,17,24.493795,-0.06982994
2014-05-03,2014-05-03 17:00:00,18,24.493795,-0.12144947
2014-05-03,2014-05-03 18:00:00,19,26.126715,-0.086447716
2014-05-03,2014-05-03 19:00:00,20,24.493795,-0.080667496
2014-05-03,2014-05-03 20:00:00,21,24.493795,-0.053813934
2014-05-03,2014-05-03 21:00:00,22,24.493795,-0.018604279
2014-05-03,2014-05-03 22:00:00,23,24.493795,0.030143738
2014-05-03,2014-05-03 23:00:00,24,26.126715,0.033988
2014-05-04,2014-05-04 00:00:00,1,24.493795,25.802174
2014-05-04,2014-05-04 01:00:00,2,26.126715,25.820488
2014-05-04,2014-05-04 02:00:00,3,24.493795,25.763851
2014-05-04,2014-05-04 03:00:00,4,24.493795,25.765697
2014-05-04,2014-05-04 04:00:00,5,26.126715,25.778938
2014-05-04,2014-05-04 05:00:00,6,24.493795,25.810648
2014-05-04,2014-05-04 06:00:00,7,24.493795,25.64134
2014-05-04,2014-05-04 07:00:00,8,24.493795,25.279789
2014-05-04,2014-05-04 08:00:00,9,24.493795,25.057814
2014-05-04,2014-05-04 09:00:00,10,24.493795,24.875935
2014-05-04,2014-05-04 10:00:00,11,24.493795,24.656591
2014-05-04,2014-05-04 11:00:00,12,24.493795,24.55928
2014-05-04,2014-05-04 12:00:00,13,24.493795,24.705864
2014-05-04,2014-05-04 13:00:00,14,24.493795,24.46658
2014-05-04,2014-05-04 14:00:00,15,24.493795,24.224804
2014-05-04,2014-05-04 15:00:00,16,24.493795,24.212116
2014-05-04,2014-05-04 16:00:00,17,24.493795,24.089039
2014-05-04,2014-05-04 17:00:00,18,24.493795,24.046246
2014-05-04,2014-05-04 18:00:00,19,24.493795,23.984156
2014-05-04,2014-05-04 19:00:00,20,24.493795,24.135975
2014-05-04,2014-05-04 20:00:00,21,24.493795,24.28386
2014-05-04,2014-05-04 21:00:00,22,26.126715,24.334858
2014-05-04,2014-05-04 22:00:00,23,24.493795,24.460043
2014-05-04,2014-05-04 23:00:00,24,24.493795,24.746887
2014-05-05,2014-05-05 00:00:00,1,24.493795,24.634098
2014-05-05,2014-05-05 01:00:00,2,24.493795,25.841232
2014-05-05,2014-05-05 02:00:00,3,29.392553,26.470013
2014-05-05,2014-05-05 03:00:00,4,57.152187,27.344746
2014-05-05,2014-05-05 04:00:00,5,32.658394,26.015831
2014-05-05,2014-05-05 05:00:00,6,16.329197,23.01944
2014-05-05,2014-05-05 06:00:00,7,0.0,21.034733
2014-05-05,2014-05-05 07:00:00,8,0.0,16.38453
2014-05-05,2014-05-05 08:00:00,9,0.0,10.567209
2014-05-05,2014-05-05 09:00:00,10,0.0,7.9866676
2014-05-05,2014-05-05 10:00:00,11,0.0,4.170821
2014-05-05,2014-05-05 11:00:00,12,0.0,2.1188793
2014-05-05,2014-05-05 12:00:00,13,0.0,3.4053316
2014-05-05,2014-05-05 13:00:00,14,0.0,3.6438236
2014-05-05,2014-05-05 14:00:00,15,0.0,3.3584309
2014-05-05,2014-05-05 15:00:00,16,0.0,4.6817913
2014-05-05,2014-05-05 16:00:00,17,0.0,3.4468775
2014-05-05,2014-05-05 17:00:00,18,0.0,4.631281
2014-05-05,2014-05-05 18:00:00,19,0.0,3.8730268
2014-05-05,2014-05-05 19:00:00,20,0.0,3.4392242
2014-05-05,2014-05-05 20:00:00,21,0.0,3.4357462
2014-05-05,2014-05-05 21:00:00,22,0.0,3.6807747
2014-05-05,2014-05-05 22:00:00,23,0.0,4.042674
2014-05-05,2014-05-05 23:00:00,24,0.0,4.605365
2014-05-06,2014-05-06 00:00:00,1,45.721752,-0.0018157959
2014-05-06,2014-05-06 01:00:00,2,29.392553,-0.024904251
2014-05-06,2014-05-06 02:00:00,3,27.759634,-0.036895752
2014-05-06,2014-05-06 03:00:00,4,27.759634,-0.008895874
2014-05-06,2014-05-06 04:00:00,5,27.759634,-0.018141747
2014-05-06,2014-05-06 05:00:00,6,27.759634,-0.03758812
2014-05-06,2014-05-06 06:00:00,7,34.291313,-0.030361176
2014-05-06,2014-05-06 07:00:00,8,0.0,-0.06242466
2014-05-06,2014-05-06 08:00:00,9,0.0,-0.04826641
2014-05-06,2014-05-06 09:00:00,10,0.0,-0.080760956
2014-05-06,2014-05-06 10:00:00,11,0.0,-0.09336376
2014-05-06,2014-05-06 11:00:00,12,0.0,-0.1146059
2014-05-06,2014-05-06 12:00:00,13,17.962116,-0.11587906
2014-05-06,2014-05-06 13:00:00,14,34.291313,-0.13020325
2014-05-06,2014-05-06 14:00:00,15,0.0,-0.111195564
2014-05-06,2014-05-06 15:00:00,16,0.0,-0.13655663
2014-05-06,2014-05-06 16:00:00,17,0.0,-0.082149506
2014-05-06,2014-05-06 17:00:00,18,0.0,-0.10832214
2014-05-06,2014-05-06 18:00:00,19,0.0,-0.06813431
2014-05-06,2014-05-06 19:00:00,20,0.0,-0.05765438
2014-05-06,2014-05-06 20:00:00,21,0.0,-0.034057617
2014-05-06,2014-05-06 21:00:00,22,0.0,-0.006767273
2014-05-06,2014-05-06 22:00:00,23,0.0,0.028220177
2014-05-06,2014-05-06 23:00:00,24,1.6329197,0.004258156
2014-05-07,2014-05-07 00:00:00,1,44.08883,5.012414
2014-05-07,2014-05-07 01:00:00,2,32.658394,30.258976
2014-05-07,2014-05-07 02:00:00,3,27.759634,30.547314
2014-05-07,2014-05-07 03:00:00,4,26.126715,27.884771
2014-05-07,2014-05-07 04:00:00,5,26.126715,28.592712
2014-05-07,2014-05-07 05:00:00,6,26.126715,27.30534
2014-05-07,2014-05-07 06:00:00,7,35.924232,26.446522
2014-05-07,2014-05-07 07:00:00,8,0.0,15.844277
2014-05-07,2014-05-07 08:00:00,9,0.0,3.5328093
2014-05-07,2014-05-07 09:00:00,10,0.0,1.7944107
2014-05-07,2014-05-07 10:00:00,11,0.0,1.7711573
2014-05-07,2014-05-07 11:00:00,12,0.0,1.4267178
2014-05-07,2014-05-07 12:00:00,13,0.0,1.5077791
2014-05-07,2014-05-07 13:00:00,14,0.0,1.7850771
2014-05-07,2014-05-07 14:00:00,15,0.0,1.7304497
2014-05-07,2014-05-07 15:00:00,16,0.0,2.091591
2014-05-07,2014-05-07 16:00:00,17,0.0,1.9942217
2014-05-07,2014-05-07 17:00:00,18,0.0,1.7915354
2014-05-07,2014-05-07 18:00:00,19,0.0,1.6582785
2014-05-07,2014-05-07 19:00:00,20,0.0,1.7120104
2014-05-07,2014-05-07 20:00:00,21,0.0,1.5065336
2014-05-07,2014-05-07 21:00:00,22,0.0,1.5905924
2014-05-07,2014-05-07 22:00:00,23,0.0,1.7631149
2014-05-07,2014-05-07 23:00:00,24,1.6329197,1.5931072
2014-05-08,2014-05-08 00:00:00,1,44.08883,5.0543156
2014-05-08,2014-05-08 01:00:00,2,29.392553,30.857643
2014-05-08,2014-05-08 02:00:00,3,26.126715,31.412025
2014-05-08,2014-05-08 03:00:00,4,27.759634,28.734138
2014-05-08,2014-05-08 04:00:00,5,26.126715,29.296307
2014-05-08,2014-05-08 05:00:00,6,26.126715,28.243595
2014-05-08,2014-05-08 06:00:00,7,34.291313,27.498974
2014-05-08,2014-05-08 07:00:00,8,0.0,16.857927
2014-05-08,2014-05-08 08:00:00,9,0.0,4.071045
2014-05-08,2014-05-08 09:00:00,10,0.0,1.8638544
2014-05-08,2014-05-08 10:00:00,11,0.0,1.7343502
2014-05-08,2014-05-08 11:00:00,12,0.0,1.4202147
2014-05-08,2014-05-08 12:00:00,13,0.0,1.4424105
2014-05-08,2014-05-08 13:00:00,14,0.0,1.7615271
2014-05-08,2014-05-08 14:00:00,15,0.0,1.7277536
2014-05-08,2014-05-08 15:00:00,16,0.0,2.1147642
2014-05-08,2014-05-08 16:00:00,17,0.0,2.0258589
2014-05-08,2014-05-08 17:00:00,18,0.0,1.7968693
2014-05-08,2014-05-08 18:00:00,19,0.0,1.6383028
2014-05-08,2014-05-08 19:00:00,20,0.0,1.6822319
2014-05-08,2014-05-08 20:00:00,21,0.0,1.4708557
2014-05-08,2014-05-08 21:00:00,22,0.0,1.5263891
2014-05-08,2014-05-08 22:00:00,23,0.0,1.6549683
2014-05-08,2014-05-08 23:00:00,24,0.0,1.502223
2014-05-09,2014-05-09 00:00:00,1,44.08883,3.4147234
2014-05-09,2014-05-09 01:00:00,2,29.392553,28.975925
2014-05-09,2014-05-09 02:00:00,3,27.759634,29.387058
2014-05-09,2014-05-09 03:00:00,4,26.126715,26.59227
2014-05-09,2014-05-09 04:00:00,5,26.126715,27.21936
2014-05-09,2014-05-09 05:00:00,6,26.126715,26.12908
2014-05-09,2014-05-09 06:00:00,7,34.291313,25.391884
2014-05-09,2014-05-09 07:00:00,8,0.0,14.802221
2014-05-09,2014-05-09 08:00:00,9,0.0,2.2439785
2014-05-09,2014-05-09 09:00:00,10,0.0,0.286541
2014-05-09,2014-05-09 10:00:00,11,0.0,0.25314236
2014-05-09,2014-05-09 11:00:00,12,0.0,-0.09271908
2014-05-09,2014-05-09 12:00:00,13,0.0,-0.059903145
2014-05-09,2014-05-09 13:00:00,14,0.0,0.23241138
2014-05-09,2014-05-09 14:00:00,15,0.0,0.19191551
2014-05-09,2014-05-09 15:00:00,16,0.0,0.5915842
2014-05-09,2014-05-09 16:00:00,17,0.0,0.62130356
2014-05-09,2014-05-09 17:00:00,18,0.0,0.34884834
2014-05-09,2014-05-09 18:00:00,19,0.0,0.2252779
2014-05-09,2014-05-09 19:00:00,20,0.0,0.2977085
2014-05-09,2014-05-09 20:00:00,21,0.0,0.112389565
2014-05-09,2014-05-09 21:00:00,22,0.0,0.14469433
2014-05-09,2014-05-09 22:00:00,23,0.0,0.22266197
2014-05-09,2014-05-09 23:00:00,24,0.0,-0.054325104
2014-05-10,2014-05-10 00:00:00,1,50.62051,3.4103098
2014-05-10,2014-05-10 01:00:00,2,27.759634,28.984838
2014-05-10,2014-05-10 02:00:00,3,29.392553,29.427467
2014-05-10,2014-05-10 03:00:00,4,26.126715,26.630627
2014-05-10,2014-05-10 04:00:00,5,26.126715,27.233646
2014-05-10,2014-05-10 05:00:00,6,26.126715,26.171932
2014-05-10,2014-05-10 06:00:00,7,27.759634,25.45245
2014-05-10,2014-05-10 07:00:00,8,32.658394,14.885584
2014-05-10,2014-05-10 08:00:00,9,35.924232,2.3103914
2014-05-10,2014-05-10 09:00:00,10,35.924232,0.3057623
2014-05-10,2014-05-10 10:00:00,11,35.924232,0.25536728
2014-05-10,2014-05-10 11:00:00,12,37.55715,-0.091807365
2014-05-10,2014-05-10 12:00:00,13,34.291313,-0.06496906
2014-05-10,2014-05-10 13:00:00,14,37.55715,0.2293644
2014-05-10,2014-05-10 14:00:00,15,35.924232,0.18939114
2014-05-10,2014-05-10 15:00:00,16,37.55715,0.58691597
2014-05-10,2014-05-10 16:00:00,17,35.924232,0.6178713
2014-05-10,2014-05-10 17:00:00,18,37.55715,0.34738445
2014-05-10,2014-05-10 18:00:00,19,35.924232,0.22466564
2014-05-10,2014-05-10 19:00:00,20,37.55715,0.29574108
2014-05-10,2014-05-10 20:00:00,21,37.55715,0.11110878
2014-05-10,2014-05-10 21:00:00,22,35.924232,0.1439209
2014-05-10,2014-05-10 22:00:00,23,37.55715,0.22049046
2014-05-10,2014-05-10 23:00:00,24,37.55715,-0.055103302
2014-05-11,2014-05-11 00:00:00,1,37.55715,37.247124
2014-05-11,2014-05-11 01:00:00,2,35.924232,37.25256
2014-05-11,2014-05-11 02:00:00,3,37.55715,37.142403
2014-05-11,2014-05-11 03:00:00,4,37.55715,36.989326
2014-05-11,2014-05-11 04:00:00,5,37.55715,36.912235
2014-05-11,2014-05-11 05:00:00,6,37.55715,36.81225
2014-05-11,2014-05-11 06:00:00,7,37.55715,36.78319
2014-05-11,2014-05-11 07:00:00,8,37.55715,36.30408
2014-05-11,2014-05-11 08:00:00,9,37.55715,36.044765
2014-05-11,2014-05-11 09:00:00,10,35.924232,35.857216
2014-05-11,2014-05-11 10:00:00,11,37.55715,35.578564
2014-05-11,2014-05-11 11:00:00,12,35.924232,35.32041
2014-05-11,2014-05-11 12:00:00,13,35.924232,35.529907
2014-05-11,2014-05-11 13:00:00,14,35.924232,35.36204
2014-05-11,2014-05-11 14:00:00,15,35.924232,35.0376
2014-05-11,2014-05-11 15:00:00,16,35.924232,34.896797
2014-05-11,2014-05-11 16:00:00,17,35.924232,34.747055
2014-05-11,2014-05-11 17:00:00,18,35.924232,34.652294
2014-05-11,2014-05-11 18:00:00,19,37.55715,34.587868
2014-05-11,2014-05-11 19:00:00,20,35.924232,34.548813
2014-05-11,2014-05-11 20:00:00,21,37.55715,34.60375
2014-05-11,2014-05-11 21:00:00,22,35.924232,34.630207
2014-05-11,2014-05-11 22:00:00,23,37.55715,34.70925
2014-05-11,2014-05-11 23:00:00,24,35.924232,34.83967
2014-05-12,2014-05-12 00:00:00,1,35.924232,35.436188
2014-05-12,2014-05-12 01:00:00,2,32.658394,36.344837
2014-05-12,2014-05-12 02:00:00,3,26.126715,35.895454
2014-05-12,2014-05-12 03:00:00,4,39.19007,33.91343
2014-05-12,2014-05-12 04:00:00,5,50.62051,32.256058
2014-05-12,2014-05-12 05:00:00,6,1.6329197,28.784286
2014-05-12,2014-05-12 06:00:00,7,0.0,26.301712
2014-05-12,2014-05-12 07:00:00,8,0.0,18.335112
2014-05-12,2014-05-12 08:00:00,9,0.0,8.211082
2014-05-12,2014-05-12 09:00:00,10,0.0,4.573721
2014-05-12,2014-05-12 10:00:00,11,0.0,0.65177155
2014-05-12,2014-05-12 11:00:00,12,0.0,-2.440815
2014-05-12,2014-05-12 12:00:00,13,0.0,-0.889451
2014-05-12,2014-05-12 13:00:00,14,0.0,-1.840848
2014-05-12,2014-05-12 14:00:00,15,0.0,-1.5340157
2014-05-12,2014-05-12 15:00:00,16,0.0,-0.5728884
2014-05-12,2014-05-12 16:00:00,17,0.0,-1.9592218
2014-05-12,2014-05-12 17:00:00,18,0.0,0.024744034
2014-05-12,2014-05-12 18:00:00,19,0.0,0.408844
2014-05-12,2014-05-12 19:00:00,20,0.0,0.10751343
2014-05-12,2014-05-12 20:00:00,21,0.0,-0.13783073
2014-05-12,2014-05-12 21:00:00,22,0.0,-0.9168987
2014-05-12,2014-05-12 22:00:00,23,0.0,-0.6882019
2014-05-12,2014-05-12 23:00:00,24,1.6329197,-1.664855
2014-05-13,2014-05-13 00:00:00,1,47.35467,4.058571
2014-05-13,2014-05-13 01:00:00,2,27.759634,19.45249
2014-05-13,2014-05-13 02:00:00,3,26.126715,18.4366
2014-05-13,2014-05-13 03:00:00,4,26.126715,16.981802
2014-05-13,2014-05-13 04:00:00,5,26.126715,18.454302
2014-05-13,2014-05-13 05:00:00,6,27.759634,15.464567
2014-05-13,2014-05-13 06:00:00,7,35.924232,13.688215
2014-05-13,2014-05-13 07:00:00,8,1.6329197,5.5902023
2014-05-13,2014-05-13 08:00:00,9,0.0,-1.2990055
2014-05-13,2014-05-13 09:00:00,10,0.0,0.07255077
2014-05-13,2014-05-13 10:00:00,11,0.0,1.3186235
2014-05-13,2014-05-13 11:00:00,12,0.0,1.3406687
2014-05-13,2014-05-13 12:00:00,13,0.0,1.7843437
2014-05-13,2014-05-13 13:00:00,14,0.0,1.6888475
2014-05-13,2014-05-13 14:00:00,15,0.0,1.7330008
2014-05-13,2014-05-13 15:00:00,16,0.0,2.121047
2014-05-13,2014-05-13 16:00:00,17,0.0,1.9126854
2014-05-13,2014-05-13 17:00:00,18,0.0,1.543129
2014-05-13,2014-05-13 18:00:00,19,0.0,1.344017
2014-05-13,2014-05-13 19:00:00,20,0.0,1.4129047
2014-05-13,2014-05-13 20:00:00,21,0.0,1.3018217
2014-05-13,2014-05-13 21:00:00,22,0.0,1.3491507
2014-05-13,2014-05-13 22:00:00,23,0.0,1.7185392
2014-05-13,2014-05-13 23:00:00,24,0.0,1.690238
2014-05-14,2014-05-14 00:00:00,1,44.08883,3.4009838
2014-05-14,2014-05-14 01:00:00,2,31.025473,29.101952
2014-05-14,2014-05-14 02:00:00,3,27.759634,29.698753
2014-05-14,2014-05-14 03:00:00,4,26.126715,26.898788
2014-05-14,2014-05-14 04:00:00,5,26.126715,27.395935
2014-05-14,2014-05-14 05:00:00,6,26.126715,26.44614
2014-05-14,2014-05-14 06:00:00,7,39.19007,25.795439
2014-05-14,2014-05-14 07:00:00,8,0.0,15.297423
2014-05-14,2014-05-14 08:00:00,9,0.0,2.6084423
2014-05-14,2014-05-14 09:00:00,10,44.08883,0.3978548
2014-05-14,2014-05-14 10:00:00,11,0.0,0.2793808
2014-05-14,2014-05-14 11:00:00,12,0.0,-0.07426071
2014-05-14,2014-05-14 12:00:00,13,0.0,-0.0746479
2014-05-14,2014-05-14 13:00:00,14,0.0,0.22619724
2014-05-14,2014-05-14 14:00:00,15,0.0,0.18485928
2014-05-14,2014-05-14 15:00:00,16,0.0,0.5754261
2014-05-14,2014-05-14 16:00:00,17,0.0,0.6053829
2014-05-14,2014-05-14 17:00:00,18,0.0,0.34247398
2014-05-14,2014-05-14 18:00:00,19,0.0,0.22521782
2014-05-14,2014-05-14 19:00:00,20,0.0,0.28900814
2014-05-14,2014-05-14 20:00:00,21,0.0,0.105579376
2014-05-14,2014-05-14 21:00:00,22,0.0,0.1427126
2014-05-14,2014-05-14 22:00:00,23,0.0,0.21443748
2014-05-14,2014-05-14 23:00:00,24,0.0,-0.056311607
2014-05-15,2014-05-15 00:00:00,1,35.924232,3.3291054
2014-05-15,2014-05-15 01:00:00,2,22.860876,27.380186
2014-05-15,2014-05-15 02:00:00,3,22.860876,27.122046
2014-05-15,2014-05-15 03:00:00,4,21.227955,24.406086
2014-05-15,2014-05-15 04:00:00,5,21.227955,25.414982
2014-05-15,2014-05-15 05:00:00,6,21.227955,23.87358
2014-05-15,2014-05-15 06:00:00,7,34.291313,22.862247
2014-05-15,2014-05-15 07:00:00,8,3.2658393,12.423408
2014-05-15,2014-05-15 08:00:00,9,0.0,0.87659645
2014-05-15,2014-05-15 09:00:00,10,0.0,-0.15925884
2014-05-15,2014-05-15 10:00:00,11,0.0,0.09900284
2014-05-15,2014-05-15 11:00:00,12,0.0,-0.19174957
2014-05-15,2014-05-15 12:00:00,13,0.0,-0.03814125
2014-05-15,2014-05-15 13:00:00,14,0.0,0.21957302
2014-05-15,2014-05-15 14:00:00,15,0.0,0.19243717
2014-05-15,2014-05-15 15:00:00,16,0.0,0.61531544
2014-05-15,2014-05-15 16:00:00,17,0.0,0.66131496
2014-05-15,2014-05-15 17:00:00,18,0.0,0.36684322
2014-05-15,2014-05-15 18:00:00,19,0.0,0.2145176
2014-05-15,2014-05-15 19:00:00,20,0.0,0.3063898
2014-05-15,2014-05-15 20:00:00,21,0.0,0.1153183
2014-05-15,2014-05-15 21:00:00,22,0.0,0.11423683
2014-05-15,2014-05-15 22:00:00,23,0.0,0.20879173
2014-05-15,2014-05-15 23:00:00,24,0.0,-0.062037468
2014-05-16,2014-05-16 00:00:00,1,35.924232,3.3471107
2014-05-16,2014-05-16 01:00:00,2,22.860876,28.8818
2014-05-16,2014-05-16 02:00:00,3,21.227955,29.676796
2014-05-16,2014-05-16 03:00:00,4,22.860876,26.909441
2014-05-16,2014-05-16 04:00:00,5,21.227955,27.269745
2014-05-16,2014-05-16 05:00:00,6,21.227955,26.485191
2014-05-16,2014-05-16 06:00:00,7,31.025473,25.935158
2014-05-16,2014-05-16 07:00:00,8,1.6329197,15.636958
2014-05-16,2014-05-16 08:00:00,9,0.0,2.9484406
2014-05-16,2014-05-16 09:00:00,10,0.0,0.46374226
2014-05-16,2014-05-16 10:00:00,11,0.0,0.25313568
2014-05-16,2014-05-16 11:00:00,12,0.0,-0.09305477
2014-05-16,2014-05-16 12:00:00,13,0.0,-0.12349701
2014-05-16,2014-05-16 13:00:00,14,6.5316787,0.18771839
2014-05-16,2014-05-16 14:00:00,15,44.08883,0.1572485
2014-05-16,2014-05-16 15:00:00,16,0.0,0.5384817
2014-05-16,2014-05-16 16:00:00,17,0.0,0.584692
2014-05-16,2014-05-16 17:00:00,18,0.0,0.3301525
2014-05-16,2014-05-16 18:00:00,19,0.0,0.21661377
2014-05-16,2014-05-16 19:00:00,20,0.0,0.27677155
2014-05-16,2014-05-16 20:00:00,21,0.0,0.09866333
2014-05-16,2014-05-16 21:00:00,22,0.0,0.13612175
2014-05-16,2014-05-16 22:00:00,23,0.0,0.1997242
2014-05-16,2014-05-16 23:00:00,24,1.6329197,-0.06039238
2014-05-17,2014-05-17 00:00:00,1,45.721752,5.004883
2014-05-17,2014-05-17 01:00:00,2,29.392553,30.138535
2014-05-17,2014-05-17 02:00:00,3,31.025473,30.332767
2014-05-17,2014-05-17 03:00:00,4,29.392553,27.635815
2014-05-17,2014-05-17 04:00:00,5,24.493795,28.338589
2014-05-17,2014-05-17 05:00:00,6,26.126715,26.982527
2014-05-17,2014-05-17 06:00:00,7,26.126715,26.080582
2014-05-17,2014-05-17 07:00:00,8,26.126715,15.493565
2014-05-17,2014-05-17 08:00:00,9,26.126715,3.2973022
2014-05-17,2014-05-17 09:00:00,10,26.126715,1.6911087
2014-05-17,2014-05-17 10:00:00,11,24.493795,1.7226572
2014-05-17,2014-05-17 11:00:00,12,24.493795,1.39956
2014-05-17,2014-05-17 12:00:00,13,22.860876,1.5137119
2014-05-17,2014-05-17 13:00:00,14,24.493795,1.7483587
2014-05-17,2014-05-17 14:00:00,15,24.493795,1.678154
2014-05-17,2014-05-17 15:00:00,16,24.493795,2.0260344
2014-05-17,2014-05-17 16:00:00,17,22.860876,1.9281225
2014-05-17,2014-05-17 17:00:00,18,24.493795,1.6927471
2014-05-17,2014-05-17 18:00:00,19,24.493795,1.545351
2014-05-17,2014-05-17 19:00:00,20,24.493795,1.6072941
2014-05-17,2014-05-17 20:00:00,21,26.126715,1.4485626
2014-05-17,2014-05-17 21:00:00,22,26.126715,1.5782976
2014-05-17,2014-05-17 22:00:00,23,24.493795,1.7948713
2014-05-17,2014-05-17 23:00:00,24,24.493795,1.6458702
2014-05-18,2014-05-18 00:00:00,1,24.493795,24.361832
2014-05-18,2014-05-18 01:00:00,2,24.493795,24.46698
2014-05-18,2014-05-18 02:00:00,3,24.493795,24.500263
2014-05-18,2014-05-18 03:00:00,4,24.493795,24.554901
2014-05-18,2014-05-18 04:00:00,5,24.493795,24.61853
2014-05-18,2014-05-18 05:00:00,6,24.493795,24.556849
2014-05-18,2014-05-18 06:00:00,7,24.493795,24.511015
2014-05-18,2014-05-18 07:00:00,8,24.493795,24.22427
2014-05-18,2014-05-18 08:00:00,9,22.860876,24.076216
2014-05-18,2014-05-18 09:00:00,10,24.493795,23.880787
2014-05-18,2014-05-18 10:00:00,11,24.493795,23.6764
2014-05-18,2014-05-18 11:00:00,12,22.860876,23.657112
2014-05-18,2014-05-18 12:00:00,13,24.493795,23.855072
2014-05-18,2014-05-18 13:00:00,14,22.860876,23.505455
2014-05-18,2014-05-18 14:00:00,15,22.860876,23.256086
2014-05-18,2014-05-18 15:00:00,16,24.493795,23.29427
2014-05-18,2014-05-18 16:00:00,17,22.860876,23.23649
2014-05-18,2014-05-18 17:00:00,18,24.493795,23.17107
2014-05-18,2014-05-18 18:00:00,19,24.493795,23.08141
2014-05-18,2014-05-18 19:00:00,20,22.860876,23.263432
2014-05-18,2014-05-18 20:00:00,21,26.126715,23.56974
2014-05-18,2014-05-18 21:00:00,22,24.493795,23.714355
2014-05-18,2014-05-18 22:00:00,23,24.493795,23.74799
2014-05-18,2014-05-18 23:00:00,24,22.860876,23.845749
2014-05-19,2014-05-19 00:00:00,1,24.493795,23.062895
2014-05-19,2014-05-19 01:00:00,2,24.493795,24.428226
2014-05-19,2014-05-19 02:00:00,3,24.493795,25.158356
2014-05-19,2014-05-19 03:00:00,4,24.493795,26.060684
2014-05-19,2014-05-19 04:00:00,5,24.493795,24.79152
2014-05-19,2014-05-19 05:00:00,6,42.45591,21.567108
2014-05-19,2014-05-19 06:00:00,7,0.0,19.602257
2014-05-19,2014-05-19 07:00:00,8,0.0,14.556487
2014-05-19,2014-05-19 08:00:00,9,0.0,8.238149
2014-05-19,2014-05-19 09:00:00,10,0.0,5.5529485
2014-05-19,2014-05-19 10:00:00,11,0.0,1.6811457
2014-05-19,2014-05-19 11:00:00,12,0.0,-0.50347424
2014-05-19,2014-05-19 12:00:00,13,0.0,0.96611404
2014-05-19,2014-05-19 13:00:00,14,0.0,1.0756874
2014-05-19,2014-05-19 14:00:00,15,0.0,0.8118353
2014-05-19,2014-05-19 15:00:00,16,0.0,2.1700191
2014-05-19,2014-05-19 16:00:00,17,0.0,0.9270544
2014-05-19,2014-05-19 17:00:00,18,0.0,2.500867
2014-05-19,2014-05-19 18:00:00,19,0.0,1.6032362
2014-05-19,2014-05-19 19:00:00,20,0.0,0.95761395
2014-05-19,2014-05-19 20:00:00,21,0.0,1.0380068
2014-05-19,2014-05-19 21:00:00,22,0.0,1.1820326
2014-05-19,2014-05-19 22:00:00,23,0.0,1.3007355
2014-05-19,2014-05-19 23:00:00,24,0.0,1.4094954
2014-05-20,2014-05-20 00:00:00,1,44.08883,3.0964212
2014-05-20,2014-05-20 01:00:00,2,26.126715,24.027836
2014-05-20,2014-05-20 02:00:00,3,24.493795,22.933441
2014-05-20,2014-05-20 03:00:00,4,27.759634,20.48059
2014-05-20,2014-05-20 04:00:00,5,26.126715,21.87941
2014-05-20,2014-05-20 05:00:00,6,26.126715,19.436153
2014-05-20,2014-05-20 06:00:00,7,40.82299,17.911705
2014-05-20,2014-05-20 07:00:00,8,53.88635,8.029341
2014-05-20,2014-05-20 08:00:00,9,0.0,-1.5182753
2014-05-20,2014-05-20 09:00:00,10,0.0,-0.8939171
2014-05-20,2014-05-20 10:00:00,11,0.0,0.014318466
2014-05-20,2014-05-20 11:00:00,12,57.152187,-0.14177227
2014-05-20,2014-05-20 12:00:00,13,16.329197,0.1897564
2014-05-20,2014-05-20 13:00:00,14,0.0,0.2705431
2014-05-20,2014-05-20 14:00:00,15,0.0,0.24500561
2014-05-20,2014-05-20 15:00:00,16,0.0,0.6753578
2014-05-20,2014-05-20 16:00:00,17,0.0,0.6823311
2014-05-20,2014-05-20 17:00:00,18,0.0,0.31981373
2014-05-20,2014-05-20 18:00:00,19,0.0,0.14309597
2014-05-20,2014-05-20 19:00:00,20,0.0,0.24881458
2014-05-20,2014-05-20 20:00:00,21,0.0,0.09524059
2014-05-20,2014-05-20 21:00:00,22,0.0,0.07314491
2014-05-20,2014-05-20 22:00:00,23,0.0,0.22082138
2014-05-20,2014-05-20 23:00:00,24,0.0,-0.024093628
2014-05-21,2014-05-21 00:00:00,1,42.45591,2.9916563
2014-05-21,2014-05-21 01:00:00,2,27.759634,27.134167
2014-05-21,2014-05-21 02:00:00,3,27.759634,29.781967
2014-05-21,2014-05-21 03:00:00,4,29.392553,27.76281
2014-05-21,2014-05-21 04:00:00,5,29.392553,27.17554
2014-05-21,2014-05-21 05:00:00,6,31.025473,27.044357
2014-05-21,2014-05-21 06:00:00,7,50.62051,26.91184
2014-05-21,2014-05-21 07:00:00,8,22.860876,17.758957
2014-05-21,2014-05-21 08:00:00,9,0.0,5.1556664
2014-05-21,2014-05-21 09:00:00,10,0.0,0.9860325
2014-05-21,2014-05-21 10:00:00,11,0.0,0.2738018
2014-05-21,2014-05-21 11:00:00,12,0.0,-0.016571045
2014-05-21,2014-05-21 12:00:00,13,0.0,-0.18918514
2014-05-21,2014-05-21 13:00:00,14,0.0,0.14247608
2014-05-21,2014-05-21 14:00:00,15,0.0,0.10563278
2014-05-21,2014-05-21 15:00:00,16,0.0,0.43946934
2014-05-21,2014-05-21 16:00:00,17,0.0,0.4502821
2014-05-21,2014-05-21 17:00:00,18,0.0,0.31552124
2014-05-21,2014-05-21 18:00:00,19,0.0,0.27691936
2014-05-21,2014-05-21 19:00:00,20,0.0,0.25651264
2014-05-21,2014-05-21 20:00:00,21,0.0,0.053282738
2014-05-21,2014-05-21 21:00:00,22,0.0,0.15642929
2014-05-21,2014-05-21 22:00:00,23,0.0,0.22459507
2014-05-21,2014-05-21 23:00:00,24,0.0,0.047296524
2014-05-22,2014-05-22 00:00:00,1,45.721752,2.6122885
2014-05-22,2014-05-22 01:00:00,2,22.860876,25.7336
2014-05-22,2014-05-22 02:00:00,3,26.126715,31.532696
2014-05-22,2014-05-22 03:00:00,4,21.227955,30.733875
2014-05-22,2014-05-22 04:00:00,5,21.227955,28.585331
2014-05-22,2014-05-22 05:00:00,6,21.227955,29.099224
2014-05-22,2014-05-22 06:00:00,7,37.55715,29.2981
2014-05-22,2014-05-22 07:00:00,8,1.6329197,21.543715
2014-05-22,2014-05-22 08:00:00,9,0.0,8.759409
2014-05-22,2014-05-22 09:00:00,10,0.0,1.747159
2014-05-22,2014-05-22 10:00:00,11,0.0,0.20708084
2014-05-22,2014-05-22 11:00:00,12,0.0,0.1337595
2014-05-22,2014-05-22 12:00:00,13,0.0,-0.21863747
2014-05-22,2014-05-22 13:00:00,14,0.0,0.15072155
2014-05-22,2014-05-22 14:00:00,15,0.0,0.082717896
2014-05-22,2014-05-22 15:00:00,16,0.0,0.36063957
2014-05-22,2014-05-22 16:00:00,17,19.595036,0.3942051
2014-05-22,2014-05-22 17:00:00,18,0.0,0.26340294
2014-05-22,2014-05-22 18:00:00,19,0.0,0.2132225
2014-05-22,2014-05-22 19:00:00,20,0.0,0.1317606
2014-05-22,2014-05-22 20:00:00,21,0.0,0.008730888
2014-05-22,2014-05-22 21:00:00,22,0.0,0.19839382
2014-05-22,2014-05-22 22:00:00,23,0.0,0.20942688
2014-05-22,2014-05-22 23:00:00,24,1.6329197,0.16128063
2014-05-23,2014-05-23 00:00:00,1,52.25343,5.066799
2014-05-23,2014-05-23 01:00:00,2,29.392553,30.508667
2014-05-23,2014-05-23 02:00:00,3,26.126715,30.65429
2014-05-23,2014-05-23 03:00:00,4,26.126715,27.95538
2014-05-23,2014-05-23 04:00:00,5,24.493795,28.71074
2014-05-23,2014-05-23 05:00:00,6,24.493795,27.27611
2014-05-23,2014-05-23 06:00:00,7,24.493795,26.311428
2014-05-23,2014-05-23 07:00:00,8,17.962116,15.49314
2014-05-23,2014-05-23 08:00:00,9,0.0,3.1089249
2014-05-23,2014-05-23 09:00:00,10,0.0,1.5555468
2014-05-23,2014-05-23 10:00:00,11,0.0,1.6485806
2014-05-23,2014-05-23 11:00:00,12,0.0,1.3608294
2014-05-23,2014-05-23 12:00:00,13,0.0,1.4970331
2014-05-23,2014-05-23 13:00:00,14,0.0,1.7544584
2014-05-23,2014-05-23 14:00:00,15,0.0,1.6881781
2014-05-23,2014-05-23 15:00:00,16,0.0,2.077711
2014-05-23,2014-05-23 16:00:00,17,0.0,1.9164953
2014-05-23,2014-05-23 17:00:00,18,0.0,1.6769476
2014-05-23,2014-05-23 18:00:00,19,0.0,1.4890432
2014-05-23,2014-05-23 19:00:00,20,0.0,1.5378218
2014-05-23,2014-05-23 20:00:00,21,0.0,1.3676605
2014-05-23,2014-05-23 21:00:00,22,0.0,1.4803715
2014-05-23,2014-05-23 22:00:00,23,0.0,1.6738834
2014-05-23,2014-05-23 23:00:00,24,0.0,1.579216
2014-05-24,2014-05-24 00:00:00,1,52.25343,3.233406
2014-05-24,2014-05-24 01:00:00,2,27.759634,28.662533
2014-05-24,2014-05-24 02:00:00,3,29.392553,30.354462
2014-05-24,2014-05-24 03:00:00,4,24.493795,27.794767
2014-05-24,2014-05-24 04:00:00,5,26.126715,27.623013
2014-05-24,2014-05-24 05:00:00,6,26.126715,27.26525
2014-05-24,2014-05-24 06:00:00,7,21.227955,26.97179
2014-05-24,2014-05-24 07:00:00,8,32.658394,17.130733
2014-05-24,2014-05-24 08:00:00,9,37.55715,4.181449
2014-05-24,2014-05-24 09:00:00,10,1.6329197,0.7364445
2014-05-24,2014-05-24 10:00:00,11,34.291313,0.26636505
2014-05-24,2014-05-24 11:00:00,12,55.519268,-0.04038334
2014-05-24,2014-05-24 12:00:00,13,40.82299,-0.17195606
2014-05-24,2014-05-24 13:00:00,14,35.924232,0.14879417
2014-05-24,2014-05-24 14:00:00,15,34.291313,0.12466335
2014-05-24,2014-05-24 15:00:00,16,34.291313,0.48817158
2014-05-24,2014-05-24 16:00:00,17,34.291313,0.53475857
2014-05-24,2014-05-24 17:00:00,18,34.291313,0.30270195
2014-05-24,2014-05-24 18:00:00,19,34.291313,0.2092514
2014-05-24,2014-05-24 19:00:00,20,35.924232,0.24491882
2014-05-24,2014-05-24 20:00:00,21,35.924232,0.078471184
2014-05-24,2014-05-24 21:00:00,22,35.924232,0.13968849
2014-05-24,2014-05-24 22:00:00,23,35.924232,0.18932247
2014-05-24,2014-05-24 23:00:00,24,37.55715,-0.034708023
2014-05-25,2014-05-25 00:00:00,1,35.924232,37.19641
2014-05-25,2014-05-25 01:00:00,2,37.55715,37.17488
2014-05-25,2014-05-25 02:00:00,3,35.924232,37.017605
2014-05-25,2014-05-25 03:00:00,4,35.924232,36.808563
2014-05-25,2014-05-25 04:00:00,5,37.55715,36.695595
2014-05-25,2014-05-25 05:00:00,6,35.924232,36.55037
2014-05-25,2014-05-25 06:00:00,7,37.55715,36.49005
2014-05-25,2014-05-25 07:00:00,8,35.924232,35.975254
2014-05-25,2014-05-25 08:00:00,9,35.924232,35.7515
2014-05-25,2014-05-25 09:00:00,10,35.924232,35.577713
2014-05-25,2014-05-25 10:00:00,11,35.924232,35.339676
2014-05-25,2014-05-25 11:00:00,12,37.55715,35.056156
2014-05-25,2014-05-25 12:00:00,13,35.924232,35.29647
2014-05-25,2014-05-25 13:00:00,14,37.55715,35.153255
2014-05-25,2014-05-25 14:00:00,15,35.924232,34.836815
2014-05-25,2014-05-25 15:00:00,16,35.924232,34.707493
2014-05-25,2014-05-25 16:00:00,17,34.291313,34.59706
2014-05-25,2014-05-25 17:00:00,18,35.924232,34.531006
2014-05-25,2014-05-25 18:00:00,19,35.924232,34.532887
2014-05-25,2014-05-25 19:00:00,20,40.82299,34.513775
2014-05-25,2014-05-25 20:00:00,21,48.98759,34.486908
2014-05-25,2014-05-25 21:00:00,22,52.25343,34.44974
2014-05-25,2014-05-25 22:00:00,23,50.62051,34.50961
2014-05-25,2014-05-25 23:00:00,24,52.25343,34.577785
2014-05-26,2014-05-26 00:00:00,1,37.55715,49.379112
2014-05-26,2014-05-26 01:00:00,2,27.759634,38.58792
2014-05-26,2014-05-26 02:00:00,3,26.126715,27.724434
2014-05-26,2014-05-26 03:00:00,4,37.55715,20.838995
2014-05-26,2014-05-26 04:00:00,5,50.62051,15.0655985
2014-05-26,2014-05-26 05:00:00,6,55.519268,11.172577
2014-05-26,2014-05-26 06:00:00,7,0.0,11.773854
2014-05-26,2014-05-26 07:00:00,8,0.0,10.215168
2014-05-26,2014-05-26 08:00:00,9,0.0,10.144904
2014-05-26,2014-05-26 09:00:00,10,0.0,10.498161
2014-05-26,2014-05-26 10:00:00,11,0.0,9.348085
2014-05-26,2014-05-26 11:00:00,12,0.0,8.286389
2014-05-26,2014-05-26 12:00:00,13,0.0,10.360716
2014-05-26,2014-05-26 13:00:00,14,0.0,9.297705
2014-05-26,2014-05-26 14:00:00,15,0.0,9.805284
2014-05-26,2014-05-26 15:00:00,16,0.0,9.380454
2014-05-26,2014-05-26 16:00:00,17,0.0,9.556608
2014-05-26,2014-05-26 17:00:00,18,0.0,9.768772
2014-05-26,2014-05-26 18:00:00,19,0.0,10.537455
2014-05-26,2014-05-26 19:00:00,20,0.0,13.273599
2014-05-26,2014-05-26 20:00:00,21,0.0,15.477516
2014-05-26,2014-05-26 21:00:00,22,0.0,14.750547
2014-05-26,2014-05-26 22:00:00,23,0.0,14.255924
2014-05-26,2014-05-26 23:00:00,24,1.6329197,12.1645775
2014-05-27,2014-05-27 00:00:00,1,40.82299,5.077948
2014-05-27,2014-05-27 01:00:00,2,29.392553,29.916939
2014-05-27,2014-05-27 02:00:00,3,26.126715,29.723598
2014-05-27,2014-05-27 03:00:00,4,24.493795,27.146324
2014-05-27,2014-05-27 04:00:00,5,24.493795,28.2248
2014-05-27,2014-05-27 05:00:00,6,22.860876,26.464304
2014-05-27,2014-05-27 06:00:00,7,50.62051,25.29253
2014-05-27,2014-05-27 07:00:00,8,0.0,14.335611
2014-05-27,2014-05-27 08:00:00,9,0.0,2.2602167
2014-05-27,2014-05-27 09:00:00,10,0.0,1.2613106
2014-05-27,2014-05-27 10:00:00,11,0.0,1.5939331
2014-05-27,2014-05-27 11:00:00,12,0.0,1.3419428
2014-05-27,2014-05-27 12:00:00,13,0.0,1.5219431
2014-05-27,2014-05-27 13:00:00,14,0.0,1.7890711
2014-05-27,2014-05-27 14:00:00,15,0.0,1.7572613
2014-05-27,2014-05-27 15:00:00,16,0.0,2.1950922
2014-05-27,2014-05-27 16:00:00,17,0.0,2.063838
2014-05-27,2014-05-27 17:00:00,18,0.0,1.7912378
2014-05-27,2014-05-27 18:00:00,19,0.0,1.5986099
2014-05-27,2014-05-27 19:00:00,20,0.0,1.6726341
2014-05-27,2014-05-27 20:00:00,21,0.0,1.4555931
2014-05-27,2014-05-27 21:00:00,22,0.0,1.4952126
2014-05-27,2014-05-27 22:00:00,23,0.0,1.6678562
2014-05-27,2014-05-27 23:00:00,24,0.0,1.5097084
2014-05-28,2014-05-28 00:00:00,1,44.08883,3.400298
2014-05-28,2014-05-28 01:00:00,2,26.126715,29.147938
2014-05-28,2014-05-28 02:00:00,3,26.126715,29.791649
2014-05-28,2014-05-28 03:00:00,4,24.493795,26.996927
2014-05-28,2014-05-28 04:00:00,5,22.860876,27.469225
2014-05-28,2014-05-28 05:00:00,6,24.493795,26.544846
2014-05-28,2014-05-28 06:00:00,7,47.35467,25.910484
2014-05-28,2014-05-28 07:00:00,8,0.0,15.424232
2014-05-28,2014-05-28 08:00:00,9,0.0,2.693369
2014-05-28,2014-05-28 09:00:00,10,0.0,0.42761803
2014-05-28,2014-05-28 10:00:00,11,0.0,0.29001045
2014-05-28,2014-05-28 11:00:00,12,0.0,-0.06650257
2014-05-28,2014-05-28 12:00:00,13,0.0,-0.073719025
2014-05-28,2014-05-28 13:00:00,14,0.0,0.23058605
2014-05-28,2014-05-28 14:00:00,15,0.0,0.18723297
2014-05-28,2014-05-28 15:00:00,16,0.0,0.5764313
2014-05-28,2014-05-28 16:00:00,17,0.0,0.6025028
2014-05-28,2014-05-28 17:00:00,18,0.0,0.3439703
2014-05-28,2014-05-28 18:00:00,19,0.0,0.22936153
2014-05-28,2014-05-28 19:00:00,20,0.0,0.28901196
2014-05-28,2014-05-28 20:00:00,21,0.0,0.10218716
2014-05-28,2014-05-28 21:00:00,22,0.0,0.14060688
2014-05-28,2014-05-28 22:00:00,23,0.0,0.21188164
2014-05-28,2014-05-28 23:00:00,24,0.0,-0.0590477
2014-05-29,2014-05-29 00:00:00,1,40.82299,3.3995867
2014-05-29,2014-05-29 01:00:00,2,27.759634,29.104652
2014-05-29,2014-05-29 02:00:00,3,26.126715,29.714909
2014-05-29,2014-05-29 03:00:00,4,24.493795,26.919556
2014-05-29,2014-05-29 04:00:00,5,24.493795,27.412495
2014-05-29,2014-05-29 05:00:00,6,24.493795,26.470444
2014-05-29,2014-05-29 06:00:00,7,42.45591,25.824953
2014-05-29,2014-05-29 07:00:00,8,0.0,15.333139
2014-05-29,2014-05-29 08:00:00,9,0.0,2.633688
2014-05-29,2014-05-29 09:00:00,10,0.0,0.40647888
2014-05-29,2014-05-29 10:00:00,11,0.0,0.28079033
2014-05-29,2014-05-29 11:00:00,12,0.0,-0.07375336
2014-05-29,2014-05-29 12:00:00,13,0.0,-0.07566452
2014-05-29,2014-05-29 13:00:00,14,0.0,0.22775364
2014-05-29,2014-05-29 14:00:00,15,0.0,0.1859169
2014-05-29,2014-05-29 15:00:00,16,0.0,0.5761719
2014-05-29,2014-05-29 16:00:00,17,0.0,0.60462
2014-05-29,2014-05-29 17:00:00,18,0.0,0.34425354
2014-05-29,2014-05-29 18:00:00,19,0.0,0.2280302
2014-05-29,2014-05-29 19:00:00,20,0.0,0.28979492
2014-05-29,2014-05-29 20:00:00,21,0.0,0.103476524
2014-05-29,2014-05-29 21:00:00,22,0.0,0.14025784
2014-05-29,2014-05-29 22:00:00,23,0.0,0.21184921
2014-05-29,2014-05-29 23:00:00,24,0.0,-0.059617996
2014-05-30,2014-05-30 00:00:00,1,45.721752,3.4010792
2014-05-30,2014-05-30 01:00:00,2,29.392553,29.053493
2014-05-30,2014-05-30 02:00:00,3,26.126715,29.609177
2014-05-30,2014-05-30 03:00:00,4,22.860876,26.812187
2014-05-30,2014-05-30 04:00:00,5,24.493795,27.339062
2014-05-30,2014-05-30 05:00:00,6,22.860876,26.362614
2014-05-30,2014-05-30 06:00:00,7,29.392553,25.695873
2014-05-30,2014-05-30 07:00:00,8,57.152187,15.186396
2014-05-30,2014-05-30 08:00:00,9,47.35467,2.5325518
2014-05-30,2014-05-30 09:00:00,10,47.35467,0.37378693
2014-05-30,2014-05-30 10:00:00,11,39.19007,0.27031803
2014-05-30,2014-05-30 11:00:00,12,39.19007,-0.0817852
2014-05-30,2014-05-30 12:00:00,13,37.55715,-0.074689865
2014-05-30,2014-05-30 13:00:00,14,39.19007,0.22611141
2014-05-30,2014-05-30 14:00:00,15,39.19007,0.18549824
2014-05-30,2014-05-30 15:00:00,16,37.55715,0.577631
2014-05-30,2014-05-30 16:00:00,17,57.152187,0.6080828
2014-05-30,2014-05-30 17:00:00,18,58.785107,0.3445711
2014-05-30,2014-05-30 18:00:00,19,0.0,0.22601986
2014-05-30,2014-05-30 19:00:00,20,0.0,0.29106903
2014-05-30,2014-05-30 20:00:00,21,0.0,0.105861664
2014-05-30,2014-05-30 21:00:00,22,0.0,0.14116192
2014-05-30,2014-05-30 22:00:00,23,0.0,0.21410179
2014-05-30,2014-05-30 23:00:00,24,0.0,-0.058234215
2014-05-31,2014-05-31 00:00:00,1,52.25343,-0.1448555
2014-05-31,2014-05-31 01:00:00,2,27.759634,-0.18984985
2014-05-31,2014-05-31 02:00:00,3,26.126715,-0.1884489
2014-05-31,2014-05-31 03:00:00,4,26.126715,-0.14180088
2014-05-31,2014-05-31 04:00:00,5,22.860876,-0.047818184
2014-05-31,2014-05-31 05:00:00,6,22.860876,0.020547867
2014-05-31,2014-05-31 06:00:00,7,22.860876,0.07630062
2014-05-31,2014-05-31 07:00:00,8,22.860876,0.022586823
2014-05-31,2014-05-31 08:00:00,9,22.860876,-0.02671051
2014-05-31,2014-05-31 09:00:00,10,35.924232,-0.04113102
2014-05-31,2014-05-31 10:00:00,11,39.19007,-0.19221401
2014-05-31,2014-05-31 11:00:00,12,31.025473,-0.22494507
2014-05-31,2014-05-31 12:00:00,13,24.493795,-0.296875
2014-05-31,2014-05-31 13:00:00,14,22.860876,-0.35404968
2014-05-31,2014-05-31 14:00:00,15,21.227955,-0.25114918
2014-05-31,2014-05-31 15:00:00,16,19.595036,-0.24434376
2014-05-31,2014-05-31 16:00:00,17,21.227955,-0.23343945
2014-05-31,2014-05-31 17:00:00,18,21.227955,-0.18263626
2014-05-31,2014-05-31 18:00:00,19,21.227955,-0.2764387
2014-05-31,2014-05-31 19:00:00,20,21.227955,-0.3149109
2014-05-31,2014-05-31 20:00:00,21,22.860876,-0.29794312
2014-05-31,2014-05-31 21:00:00,22,21.227955,-0.38183403
2014-05-31,2014-05-31 22:00:00,23,22.860876,-0.36838245
2014-05-31,2014-05-31 23:00:00,24,21.227955,-0.16771317
2014-06-01,2014-06-01 00:00:00,1,22.860876,21.233898
2014-06-01,2014-06-01 01:00:00,2,21.227955,21.320854
2014-06-01,2014-06-01 02:00:00,3,21.227955,21.202301
2014-06-01,2014-06-01 03:00:00,4,22.860876,21.109957
2014-06-01,2014-06-01 04:00:00,5,21.227955,21.044235
2014-06-01,2014-06-01 05:00:00,6,22.860876,20.761772
2014-06-01,2014-06-01 06:00:00,7,21.227955,20.867254
2014-06-01,2014-06-01 07:00:00,8,22.860876,20.685654
2014-06-01,2014-06-01 08:00:00,9,21.227955,20.804302
2014-06-01,2014-06-01 09:00:00,10,22.860876,20.77314
2014-06-01,2014-06-01 10:00:00,11,21.227955,20.638071
2014-06-01,2014-06-01 11:00:00,12,21.227955,20.627998
2014-06-01,2014-06-01 12:00:00,13,21.227955,20.755278
2014-06-01,2014-06-01 13:00:00,14,21.227955,20.6814
2014-06-01,2014-06-01 14:00:00,15,21.227955,20.524113
2014-06-01,2014-06-01 15:00:00,16,21.227955,20.668978
2014-06-01,2014-06-01 16:00:00,17,21.227955,21.069775
2014-06-01,2014-06-01 17:00:00,18,21.227955,21.314926
2014-06-01,2014-06-01 18:00:00,19,21.227955,21.30883
2014-06-01,2014-06-01 19:00:00,20,22.860876,21.547182
2014-06-01,2014-06-01 20:00:00,21,21.227955,21.170338
2014-06-01,2014-06-01 21:00:00,22,22.860876,20.650118
2014-06-01,2014-06-01 22:00:00,23,21.227955,20.116543
2014-06-01,2014-06-01 23:00:00,24,22.860876,19.167822
2014-06-02,2014-06-02 00:00:00,1,21.227955,23.02438
2014-06-02,2014-06-02 01:00:00,2,22.860876,23.838512
2014-06-02,2014-06-02 02:00:00,3,22.860876,23.193184
2014-06-02,2014-06-02 03:00:00,4,57.152187,22.23578
2014-06-02,2014-06-02 04:00:00,5,44.08883,17.406528
2014-06-02,2014-06-02 05:00:00,6,32.658394,10.332515
2014-06-02,2014-06-02 06:00:00,7,0.0,7.5080743
2014-06-02,2014-06-02 07:00:00,8,0.0,5.53393
2014-06-02,2014-06-02 08:00:00,9,0.0,3.7923594
2014-06-02,2014-06-02 09:00:00,10,0.0,4.112111
2014-06-02,2014-06-02 10:00:00,11,0.0,3.74712
2014-06-02,2014-06-02 11:00:00,12,0.0,3.3504114
2014-06-02,2014-06-02 12:00:00,13,0.0,4.27614
2014-06-02,2014-06-02 13:00:00,14,0.0,4.6600323
2014-06-02,2014-06-02 14:00:00,15,0.0,4.3813314
2014-06-02,2014-06-02 15:00:00,16,0.0,4.177495
2014-06-02,2014-06-02 16:00:00,17,0.0,3.8963556
2014-06-02,2014-06-02 17:00:00,18,0.0,4.730809
2014-06-02,2014-06-02 18:00:00,19,0.0,5.1607404
2014-06-02,2014-06-02 19:00:00,20,0.0,6.218078
2014-06-02,2014-06-02 20:00:00,21,0.0,7.9987564
2014-06-02,2014-06-02 21:00:00,22,0.0,12.660206
2014-06-02,2014-06-02 22:00:00,23,0.0,17.03888
2014-06-02,2014-06-02 23:00:00,24,0.0,17.89361
2014-06-03,2014-06-03 00:00:00,1,47.35467,3.3988886
2014-06-03,2014-06-03 01:00:00,2,22.860876,27.532516
2014-06-03,2014-06-03 02:00:00,3,24.493795,27.097858
2014-06-03,2014-06-03 03:00:00,4,26.126715,24.43509
2014-06-03,2014-06-03 04:00:00,5,24.493795,25.604809
2014-06-03,2014-06-03 05:00:00,6,24.493795,23.750362
2014-06-03,2014-06-03 06:00:00,7,31.025473,22.549942
2014-06-03,2014-06-03 07:00:00,8,4.898759,11.781159
2014-06-03,2014-06-03 08:00:00,9,0.0,0.21254921
2014-06-03,2014-06-03 09:00:00,10,0.0,-0.3861351
2014-06-03,2014-06-03 10:00:00,11,0.0,0.09713364
2014-06-03,2014-06-03 11:00:00,12,0.0,-0.15568352
2014-06-03,2014-06-03 12:00:00,13,0.0,0.039958954
2014-06-03,2014-06-03 13:00:00,14,0.0,0.26750278
2014-06-03,2014-06-03 14:00:00,15,0.0,0.24148846
2014-06-03,2014-06-03 15:00:00,16,0.0,0.6966953
2014-06-03,2014-06-03 16:00:00,17,0.0,0.7147598
2014-06-03,2014-06-03 17:00:00,18,0.0,0.38839722
2014-06-03,2014-06-03 18:00:00,19,0.0,0.23100948
2014-06-03,2014-06-03 19:00:00,20,0.0,0.33392048
2014-06-03,2014-06-03 20:00:00,21,0.0,0.12592602
2014-06-03,2014-06-03 21:00:00,22,0.0,0.11247444
2014-06-03,2014-06-03 22:00:00,23,0.0,0.2084837
2014-06-03,2014-06-03 23:00:00,24,1.6329197,-0.093494415
2014-06-04,2014-06-04 00:00:00,1,45.721752,4.9995584
2014-06-04,2014-06-04 01:00:00,2,22.860876,30.753086
2014-06-04,2014-06-04 02:00:00,3,24.493795,31.606037
2014-06-04,2014-06-04 03:00:00,4,26.126715,28.955843
2014-06-04,2014-06-04 04:00:00,5,24.493795,29.30811
2014-06-04,2014-06-04 05:00:00,6,24.493795,28.487228
2014-06-04,2014-06-04 06:00:00,7,34.291313,27.885624
2014-06-04,2014-06-04 07:00:00,8,0.0,17.478127
2014-06-04,2014-06-04 08:00:00,9,0.0,4.6116123
2014-06-04,2014-06-04 09:00:00,10,0.0,2.0003147
2014-06-04,2014-06-04 10:00:00,11,0.0,1.7358322
2014-06-04,2014-06-04 11:00:00,12,0.0,1.4251423
2014-06-04,2014-06-04 12:00:00,13,0.0,1.3980064
2014-06-04,2014-06-04 13:00:00,14,0.0,1.7276888
2014-06-04,2014-06-04 14:00:00,15,0.0,1.7025871
2014-06-04,2014-06-04 15:00:00,16,0.0,2.0751839
2014-06-04,2014-06-04 16:00:00,17,0.0,2.0044298
2014-06-04,2014-06-04 17:00:00,18,0.0,1.7860327
2014-06-04,2014-06-04 18:00:00,19,0.0,1.6359301
2014-06-04,2014-06-04 19:00:00,20,0.0,1.6727209
2014-06-04,2014-06-04 20:00:00,21,0.0,1.4680843
2014-06-04,2014-06-04 21:00:00,22,0.0,1.5271587
2014-06-04,2014-06-04 22:00:00,23,0.0,1.6414585
2014-06-04,2014-06-04 23:00:00,24,0.0,1.4996014
2014-06-05,2014-06-05 00:00:00,1,48.98759,3.40804
2014-06-05,2014-06-05 01:00:00,2,27.759634,28.888824
2014-06-05,2014-06-05 02:00:00,3,31.025473,29.267662
2014-06-05,2014-06-05 03:00:00,4,26.126715,26.47343
2014-06-05,2014-06-05 04:00:00,5,26.126715,27.116734
2014-06-05,2014-06-05 05:00:00,6,27.759634,26.015339
2014-06-05,2014-06-05 06:00:00,7,35.924232,25.271545
2014-06-05,2014-06-05 07:00:00,8,0.0,14.696087
2014-06-05,2014-06-05 08:00:00,9,0.0,2.1885996
2014-06-05,2014-06-05 09:00:00,10,0.0,0.2646942
2014-06-05,2014-06-05 10:00:00,11,0.0,0.23992634
2014-06-05,2014-06-05 11:00:00,12,0.0,-0.10324478
2014-06-05,2014-06-05 12:00:00,13,0.0,-0.06541538
2014-06-05,2014-06-05 13:00:00,14,0.0,0.22652245
2014-06-05,2014-06-05 14:00:00,15,0.0,0.18851852
2014-06-05,2014-06-05 15:00:00,16,0.0,0.58835316
2014-06-05,2014-06-05 16:00:00,17,0.0,0.6219015
2014-06-05,2014-06-05 17:00:00,18,0.0,0.3485222
2014-06-05,2014-06-05 18:00:00,19,0.0,0.22304726
2014-06-05,2014-06-05 19:00:00,20,0.0,0.29743195
2014-06-05,2014-06-05 20:00:00,21,0.0,0.11303711
2014-06-05,2014-06-05 21:00:00,22,0.0,0.14323044
2014-06-05,2014-06-05 22:00:00,23,0.0,0.22110748
2014-06-05,2014-06-05 23:00:00,24,0.0,-0.05520916
2014-06-06,2014-06-06 00:00:00,1,45.721752,3.4149446
2014-06-06,2014-06-06 01:00:00,2,24.493795,29.052929
2014-06-06,2014-06-06 02:00:00,3,24.493795,29.52496
2014-06-06,2014-06-06 03:00:00,4,26.126715,26.728493
2014-06-06,2014-06-06 04:00:00,5,26.126715,27.3162
2014-06-06,2014-06-06 05:00:00,6,24.493795,26.265373
2014-06-06,2014-06-06 06:00:00,7,26.126715,25.552593
2014-06-06,2014-06-06 07:00:00,8,13.063357,14.977349
2014-06-06,2014-06-06 08:00:00,9,0.0,2.360773
2014-06-06,2014-06-06 09:00:00,10,0.0,0.3253069
2014-06-06,2014-06-06 10:00:00,11,0.0,0.26634693
2014-06-06,2014-06-06 11:00:00,12,0.0,-0.083132744
2014-06-06,2014-06-06 12:00:00,13,0.0,-0.060668945
2014-06-06,2014-06-06 13:00:00,14,0.0,0.23437214
2014-06-06,2014-06-06 14:00:00,15,0.0,0.19222069
2014-06-06,2014-06-06 15:00:00,16,0.0,0.58938503
2014-06-06,2014-06-06 16:00:00,17,0.0,0.616827
2014-06-06,2014-06-06 17:00:00,18,0.0,0.34767056
2014-06-06,2014-06-06 18:00:00,19,0.0,0.22660637
2014-06-06,2014-06-06 19:00:00,20,0.0,0.29563522
2014-06-06,2014-06-06 20:00:00,21,0.0,0.109939575
2014-06-06,2014-06-06 21:00:00,22,0.0,0.14458847
2014-06-06,2014-06-06 22:00:00,23,0.0,0.22131252
2014-06-06,2014-06-06 23:00:00,24,0.0,-0.054628372
2014-06-07,2014-06-07 00:00:00,1,50.62051,3.286786
2014-06-07,2014-06-07 01:00:00,2,24.493795,28.816048
2014-06-07,2014-06-07 02:00:00,3,24.493795,30.106537
2014-06-07,2014-06-07 03:00:00,4,22.860876,27.43415
2014-06-07,2014-06-07 04:00:00,5,24.493795,27.493904
2014-06-07,2014-06-07 05:00:00,6,22.860876,26.972584
2014-06-07,2014-06-07 06:00:00,7,26.126715,26.580606
2014-06-07,2014-06-07 07:00:00,8,22.860876,16.538385
2014-06-07,2014-06-07 08:00:00,9,24.493795,3.6739407
2014-06-07,2014-06-07 09:00:00,10,22.860876,0.6321039
2014-06-07,2014-06-07 10:00:00,11,22.860876,0.26644897
2014-06-07,2014-06-07 11:00:00,12,22.860876,-0.06303215
2014-06-07,2014-06-07 12:00:00,13,22.860876,-0.15589237
2014-06-07,2014-06-07 13:00:00,14,22.860876,0.16258621
2014-06-07,2014-06-07 14:00:00,15,22.860876,0.13663864
2014-06-07,2014-06-07 15:00:00,16,22.860876,0.50739384
2014-06-07,2014-06-07 16:00:00,17,21.227955,0.5560341
2014-06-07,2014-06-07 17:00:00,18,22.860876,0.31381512
2014-06-07,2014-06-07 18:00:00,19,22.860876,0.21234417
2014-06-07,2014-06-07 19:00:00,20,26.126715,0.25858212
2014-06-07,2014-06-07 20:00:00,21,22.860876,0.08717823
2014-06-07,2014-06-07 21:00:00,22,22.860876,0.1364851
2014-06-07,2014-06-07 22:00:00,23,21.227955,0.18976498
2014-06-07,2014-06-07 23:00:00,24,22.860876,-0.051525116
2014-06-08,2014-06-08 00:00:00,1,22.860876,22.625954
2014-06-08,2014-06-08 01:00:00,2,21.227955,22.695179
2014-06-08,2014-06-08 02:00:00,3,22.860876,22.705614
2014-06-08,2014-06-08 03:00:00,4,22.860876,22.74794
2014-06-08,2014-06-08 04:00:00,5,21.227955,22.827904
2014-06-08,2014-06-08 05:00:00,6,22.860876,22.831297
2014-06-08,2014-06-08 06:00:00,7,24.493795,22.73777
2014-06-08,2014-06-08 07:00:00,8,21.227955,22.456398
2014-06-08,2014-06-08 08:00:00,9,22.860876,22.293701
2014-06-08,2014-06-08 09:00:00,10,21.227955,22.104984
2014-06-08,2014-06-08 10:00:00,11,22.860876,21.902508
2014-06-08,2014-06-08 11:00:00,12,21.227955,21.875996
2014-06-08,2014-06-08 12:00:00,13,21.227955,22.052185
2014-06-08,2014-06-08 13:00:00,14,22.860876,21.68348
2014-06-08,2014-06-08 14:00:00,15,21.227955,21.483435
2014-06-08,2014-06-08 15:00:00,16,22.860876,21.539513
2014-06-08,2014-06-08 16:00:00,17,21.227955,21.473894
2014-06-08,2014-06-08 17:00:00,18,24.493795,21.443085
2014-06-08,2014-06-08 18:00:00,19,21.227955,21.37008
2014-06-08,2014-06-08 19:00:00,20,21.227955,21.59013
2014-06-08,2014-06-08 20:00:00,21,22.860876,21.87511
2014-06-08,2014-06-08 21:00:00,22,21.227955,21.937103
2014-06-08,2014-06-08 22:00:00,23,22.860876,21.947935
2014-06-08,2014-06-08 23:00:00,24,22.860876,22.143757
2014-06-09,2014-06-09 00:00:00,1,21.227955,22.939941
2014-06-09,2014-06-09 01:00:00,2,22.860876,24.169376
2014-06-09,2014-06-09 02:00:00,3,24.493795,24.894428
2014-06-09,2014-06-09 03:00:00,4,37.55715,25.907059
2014-06-09,2014-06-09 04:00:00,5,48.98759,24.602749
2014-06-09,2014-06-09 05:00:00,6,24.493795,21.671982
2014-06-09,2014-06-09 06:00:00,7,0.0,19.830013
2014-06-09,2014-06-09 07:00:00,8,0.0,15.076042
2014-06-09,2014-06-09 08:00:00,9,0.0,8.821215
2014-06-09,2014-06-09 09:00:00,10,0.0,5.964962
2014-06-09,2014-06-09 10:00:00,11,0.0,1.791667
2014-06-09,2014-06-09 11:00:00,12,0.0,-0.5065899
2014-06-09,2014-06-09 12:00:00,13,0.0,0.76701355
2014-06-09,2014-06-09 13:00:00,14,0.0,0.8099108
2014-06-09,2014-06-09 14:00:00,15,0.0,0.5303755
2014-06-09,2014-06-09 15:00:00,16,0.0,1.914074
2014-06-09,2014-06-09 16:00:00,17,0.0,0.7222433
2014-06-09,2014-06-09 17:00:00,18,0.0,2.3255959
2014-06-09,2014-06-09 18:00:00,19,0.0,1.468153
2014-06-09,2014-06-09 19:00:00,20,0.0,0.7920513
2014-06-09,2014-06-09 20:00:00,21,0.0,0.666976
2014-06-09,2014-06-09 21:00:00,22,0.0,0.7391472
2014-06-09,2014-06-09 22:00:00,23,0.0,0.8928757
2014-06-09,2014-06-09 23:00:00,24,0.0,1.1513233
2014-06-10,2014-06-10 00:00:00,1,50.62051,3.016695
2014-06-10,2014-06-10 01:00:00,2,29.392553,23.202747
2014-06-10,2014-06-10 02:00:00,3,27.759634,22.051003
2014-06-10,2014-06-10 03:00:00,4,27.759634,19.699362
2014-06-10,2014-06-10 04:00:00,5,26.126715,21.136347
2014-06-10,2014-06-10 05:00:00,6,24.493795,18.600166
2014-06-10,2014-06-10 06:00:00,7,21.227955,17.028038
2014-06-10,2014-06-10 07:00:00,8,22.860876,7.3689795
2014-06-10,2014-06-10 08:00:00,9,24.493795,-1.7836599
2014-06-10,2014-06-10 09:00:00,10,21.227955,-0.98834324
2014-06-10,2014-06-10 10:00:00,11,21.227955,-0.010372162
2014-06-10,2014-06-10 11:00:00,12,21.227955,-0.13779163
2014-06-10,2014-06-10 12:00:00,13,22.860876,0.21425724
2014-06-10,2014-06-10 13:00:00,14,19.595036,0.26877785
2014-06-10,2014-06-10 14:00:00,15,21.227955,0.25267124
2014-06-10,2014-06-10 15:00:00,16,21.227955,0.6780796
2014-06-10,2014-06-10 16:00:00,17,21.227955,0.68505573
2014-06-10,2014-06-10 17:00:00,18,21.227955,0.31306076
2014-06-10,2014-06-10 18:00:00,19,21.227955,0.13289452
2014-06-10,2014-06-10 19:00:00,20,21.227955,0.23510742
2014-06-10,2014-06-10 20:00:00,21,22.860876,0.08267498
2014-06-10,2014-06-10 21:00:00,22,24.493795,0.053652763
2014-06-10,2014-06-10 22:00:00,23,22.860876,0.21271992
2014-06-10,2014-06-10 23:00:00,24,22.860876,-0.026093483
2014-06-11,2014-06-11 00:00:00,1,21.227955,22.716957
2014-06-11,2014-06-11 01:00:00,2,22.860876,22.79116
2014-06-11,2014-06-11 02:00:00,3,22.860876,22.747292
2014-06-11,2014-06-11 03:00:00,4,22.860876,22.696756
2014-06-11,2014-06-11 04:00:00,5,22.860876,22.672464
2014-06-11,2014-06-11 05:00:00,6,22.860876,22.5065
2014-06-11,2014-06-11 06:00:00,7,24.493795,22.473515
2014-06-11,2014-06-11 07:00:00,8,0.0,22.113605
2014-06-11,2014-06-11 08:00:00,9,0.0,21.96247
2014-06-11,2014-06-11 09:00:00,10,0.0,21.802141
2014-06-11,2014-06-11 10:00:00,11,0.0,21.62703
2014-06-11,2014-06-11 11:00:00,12,0.0,21.511246
2014-06-11,2014-06-11 12:00:00,13,0.0,21.692268
2014-06-11,2014-06-11 13:00:00,14,0.0,21.415367
2014-06-11,2014-06-11 14:00:00,15,0.0,21.087639
2014-06-11,2014-06-11 15:00:00,16,0.0,21.127007
2014-06-11,2014-06-11 16:00:00,17,0.0,21.12237
2014-06-11,2014-06-11 17:00:00,18,0.0,21.049421
2014-06-11,2014-06-11 18:00:00,19,0.0,21.035095
2014-06-11,2014-06-11 19:00:00,20,0.0,21.209393
2014-06-11,2014-06-11 20:00:00,21,0.0,21.41636
2014-06-11,2014-06-11 21:00:00,22,0.0,21.55183
2014-06-11,2014-06-11 22:00:00,23,0.0,21.59291
2014-06-11,2014-06-11 23:00:00,24,0.0,21.535622
2014-06-12,2014-06-12 00:00:00,1,48.98759,-0.0029745102
2014-06-12,2014-06-12 01:00:00,2,27.759634,-0.033662796
2014-06-12,2014-06-12 02:00:00,3,27.759634,-0.03726387
2014-06-12,2014-06-12 03:00:00,4,27.759634,-0.0022230148
2014-06-12,2014-06-12 04:00:00,5,27.759634,-0.0074892044
2014-06-12,2014-06-12 05:00:00,6,24.493795,-0.013710022
2014-06-12,2014-06-12 06:00:00,7,31.025473,0.0022916794
2014-06-12,2014-06-12 07:00:00,8,6.5316787,-0.01806736
2014-06-12,2014-06-12 08:00:00,9,0.0,0.0033626556
2014-06-12,2014-06-12 09:00:00,10,0.0,-0.033143044
2014-06-12,2014-06-12 10:00:00,11,0.0,-0.036248207
2014-06-12,2014-06-12 11:00:00,12,8.164598,-0.053938866
2014-06-12,2014-06-12 12:00:00,13,45.721752,-0.06493759
2014-06-12,2014-06-12 13:00:00,14,0.0,-0.08660793
2014-06-12,2014-06-12 14:00:00,15,0.0,-0.07128334
2014-06-12,2014-06-12 15:00:00,16,26.126715,-0.1133852
2014-06-12,2014-06-12 16:00:00,17,0.0,-0.06795406
2014-06-12,2014-06-12 17:00:00,18,0.0,-0.11761379
2014-06-12,2014-06-12 18:00:00,19,0.0,-0.08350754
2014-06-12,2014-06-12 19:00:00,20,0.0,-0.079919815
2014-06-12,2014-06-12 20:00:00,21,0.0,-0.054941177
2014-06-12,2014-06-12 21:00:00,22,0.0,-0.02072525
2014-06-12,2014-06-12 22:00:00,23,0.0,0.027926445
2014-06-12,2014-06-12 23:00:00,24,0.0,0.029331207
2014-06-13,2014-06-13 00:00:00,1,45.721752,3.263111
2014-06-13,2014-06-13 01:00:00,2,27.759634,27.388931
2014-06-13,2014-06-13 02:00:00,3,29.392553,27.398674
2014-06-13,2014-06-13 03:00:00,4,24.493795,24.624947
2014-06-13,2014-06-13 04:00:00,5,24.493795,25.39708
2014-06-13,2014-06-13 05:00:00,6,26.126715,24.037298
2014-06-13,2014-06-13 06:00:00,7,26.126715,23.167702
2014-06-13,2014-06-13 07:00:00,8,9.797518,12.985598
2014-06-13,2014-06-13 08:00:00,9,0.0,1.4656572
2014-06-13,2014-06-13 09:00:00,10,0.0,0.15492916
2014-06-13,2014-06-13 10:00:00,11,0.0,0.24662304
2014-06-13,2014-06-13 11:00:00,12,0.0,-0.115234375
2014-06-13,2014-06-13 12:00:00,13,50.62051,-0.00019931793
2014-06-13,2014-06-13 13:00:00,14,32.658394,0.20523453
2014-06-13,2014-06-13 14:00:00,15,0.0,0.13483906
2014-06-13,2014-06-13 15:00:00,16,0.0,0.47150135
2014-06-13,2014-06-13 16:00:00,17,0.0,0.5310383
2014-06-13,2014-06-13 17:00:00,18,0.0,0.27116203
2014-06-13,2014-06-13 18:00:00,19,0.0,0.18219852
2014-06-13,2014-06-13 19:00:00,20,0.0,0.2794237
2014-06-13,2014-06-13 20:00:00,21,0.0,0.13869
2014-06-13,2014-06-13 21:00:00,22,0.0,0.23111248
2014-06-13,2014-06-13 22:00:00,23,0.0,0.39387894
2014-06-13,2014-06-13 23:00:00,24,1.6329197,0.10303974
2014-06-14,2014-06-14 00:00:00,1,48.98759,4.837557
2014-06-14,2014-06-14 01:00:00,2,27.759634,29.236782
2014-06-14,2014-06-14 02:00:00,3,27.759634,29.909504
2014-06-14,2014-06-14 03:00:00,4,27.759634,27.361824
2014-06-14,2014-06-14 04:00:00,5,22.860876,27.794746
2014-06-14,2014-06-14 05:00:00,6,22.860876,26.77533
2014-06-14,2014-06-14 06:00:00,7,22.860876,26.101345
2014-06-14,2014-06-14 07:00:00,8,24.493795,16.055647
2014-06-14,2014-06-14 08:00:00,9,22.860876,4.093176
2014-06-14,2014-06-14 09:00:00,10,21.227955,1.9451351
2014-06-14,2014-06-14 10:00:00,11,22.860876,1.7628078
2014-06-14,2014-06-14 11:00:00,12,21.227955,1.4031754
2014-06-14,2014-06-14 12:00:00,13,22.860876,1.4451714
2014-06-14,2014-06-14 13:00:00,14,21.227955,1.7083015
2014-06-14,2014-06-14 14:00:00,15,21.227955,1.6703091
2014-06-14,2014-06-14 15:00:00,16,21.227955,1.9984417
2014-06-14,2014-06-14 16:00:00,17,21.227955,1.9338531
2014-06-14,2014-06-14 17:00:00,18,21.227955,1.7676306
2014-06-14,2014-06-14 18:00:00,19,22.860876,1.6625557
2014-06-14,2014-06-14 19:00:00,20,22.860876,1.7106628
2014-06-14,2014-06-14 20:00:00,21,21.227955,1.533309
2014-06-14,2014-06-14 21:00:00,22,21.227955,1.6450758
2014-06-14,2014-06-14 22:00:00,23,22.860876,1.8312664
2014-06-14,2014-06-14 23:00:00,24,22.860876,1.6950111
2014-06-15,2014-06-15 00:00:00,1,21.227955,22.63107
2014-06-15,2014-06-15 01:00:00,2,22.860876,22.69
2014-06-15,2014-06-15 02:00:00,3,21.227955,22.673786
2014-06-15,2014-06-15 03:00:00,4,21.227955,22.712296
2014-06-15,2014-06-15 04:00:00,5,21.227955,22.75306
2014-06-15,2014-06-15 05:00:00,6,22.860876,22.745047
2014-06-15,2014-06-15 06:00:00,7,21.227955,22.622372
2014-06-15,2014-06-15 07:00:00,8,22.860876,22.293983
2014-06-15,2014-06-15 08:00:00,9,21.227955,22.10291
2014-06-15,2014-06-15 09:00:00,10,21.227955,21.917736
2014-06-15,2014-06-15 10:00:00,11,21.227955,21.711357
2014-06-15,2014-06-15 11:00:00,12,21.227955,21.659826
2014-06-15,2014-06-15 12:00:00,13,21.227955,21.822945
2014-06-15,2014-06-15 13:00:00,14,21.227955,21.552174
2014-06-15,2014-06-15 14:00:00,15,21.227955,21.319588
2014-06-15,2014-06-15 15:00:00,16,21.227955,21.33144
2014-06-15,2014-06-15 16:00:00,17,21.227955,21.225752
2014-06-15,2014-06-15 17:00:00,18,21.227955,21.187698
2014-06-15,2014-06-15 18:00:00,19,22.860876,21.119959
2014-06-15,2014-06-15 19:00:00,20,21.227955,21.285484
2014-06-15,2014-06-15 20:00:00,21,21.227955,21.487616
2014-06-15,2014-06-15 21:00:00,22,22.860876,21.585491
2014-06-15,2014-06-15 22:00:00,23,21.227955,21.697685
2014-06-15,2014-06-15 23:00:00,24,21.227955,21.907824
2014-06-16,2014-06-16 00:00:00,1,21.227955,21.364422
2014-06-16,2014-06-16 01:00:00,2,22.860876,22.567572
2014-06-16,2014-06-16 02:00:00,3,32.658394,23.29475
2014-06-16,2014-06-16 03:00:00,4,32.658394,24.248684
2014-06-16,2014-06-16 04:00:00,5,52.25343,23.081303
2014-06-16,2014-06-16 05:00:00,6,13.063357,20.341015
2014-06-16,2014-06-16 06:00:00,7,0.0,18.574713
2014-06-16,2014-06-16 07:00:00,8,0.0,13.933877
2014-06-16,2014-06-16 08:00:00,9,0.0,7.887506
2014-06-16,2014-06-16 09:00:00,10,0.0,5.0743127
2014-06-16,2014-06-16 10:00:00,11,0.0,0.94256115
2014-06-16,2014-06-16 11:00:00,12,0.0,-1.3048325
2014-06-16,2014-06-16 12:00:00,13,0.0,-0.088456154
2014-06-16,2014-06-16 13:00:00,14,0.0,0.031396866
2014-06-16,2014-06-16 14:00:00,15,0.0,-0.20298386
2014-06-16,2014-06-16 15:00:00,16,0.0,1.1357012
2014-06-16,2014-06-16 16:00:00,17,0.0,-0.10166454
2014-06-16,2014-06-16 17:00:00,18,0.0,1.2787008
2014-06-16,2014-06-16 18:00:00,19,0.0,0.45783806
2014-06-16,2014-06-16 19:00:00,20,0.0,-0.048096657
2014-06-16,2014-06-16 20:00:00,21,0.0,-0.052814484
2014-06-16,2014-06-16 21:00:00,22,0.0,0.0056648254
2014-06-16,2014-06-16 22:00:00,23,0.0,0.114543915
2014-06-16,2014-06-16 23:00:00,24,0.0,0.41959476
2014-06-17,2014-06-17 00:00:00,1,48.98759,2.8490887
2014-06-17,2014-06-17 01:00:00,2,26.126715,21.594696
2014-06-17,2014-06-17 02:00:00,3,27.759634,20.424
2014-06-17,2014-06-17 03:00:00,4,26.126715,18.284288
2014-06-17,2014-06-17 04:00:00,5,24.493795,19.735086
2014-06-17,2014-06-17 05:00:00,6,34.291313,17.071325
2014-06-17,2014-06-17 06:00:00,7,42.45591,15.441703
2014-06-17,2014-06-17 07:00:00,8,0.0,6.255271
2014-06-17,2014-06-17 08:00:00,9,0.0,-2.140462
2014-06-17,2014-06-17 09:00:00,10,0.0,-1.1163025
2014-06-17,2014-06-17 10:00:00,11,0.0,-0.046082497
2014-06-17,2014-06-17 11:00:00,12,0.0,-0.12949085
2014-06-17,2014-06-17 12:00:00,13,0.0,0.24713421
2014-06-17,2014-06-17 13:00:00,14,0.0,0.24779034
2014-06-17,2014-06-17 14:00:00,15,0.0,0.2488842
2014-06-17,2014-06-17 15:00:00,16,0.0,0.66016865
2014-06-17,2014-06-17 16:00:00,17,0.0,0.66319656
2014-06-17,2014-06-17 17:00:00,18,0.0,0.27773666
2014-06-17,2014-06-17 18:00:00,19,0.0,0.10105133
2014-06-17,2014-06-17 19:00:00,20,0.0,0.20131111
2014-06-17,2014-06-17 20:00:00,21,0.0,0.06502819
2014-06-17,2014-06-17 21:00:00,22,0.0,0.043765068
2014-06-17,2014-06-17 22:00:00,23,0.0,0.23337364
2014-06-17,2014-06-17 23:00:00,24,1.6329197,0.011564255
2014-06-18,2014-06-18 00:00:00,1,48.98759,5.034876
2014-06-18,2014-06-18 01:00:00,2,29.392553,31.0182
2014-06-18,2014-06-18 02:00:00,3,31.025473,31.850014
2014-06-18,2014-06-18 03:00:00,4,27.759634,29.182762
2014-06-18,2014-06-18 04:00:00,5,26.126715,29.55997
2014-06-18,2014-06-18 05:00:00,6,26.126715,28.690683
2014-06-18,2014-06-18 06:00:00,7,35.924232,28.05997
2014-06-18,2014-06-18 07:00:00,8,1.6329197,17.55134
2014-06-18,2014-06-18 08:00:00,9,0.0,4.586668
2014-06-18,2014-06-18 09:00:00,10,0.0,2.0259361
2014-06-18,2014-06-18 10:00:00,11,0.0,1.7812977
2014-06-18,2014-06-18 11:00:00,12,0.0,1.4598846
2014-06-18,2014-06-18 12:00:00,13,0.0,1.434844
2014-06-18,2014-06-18 13:00:00,14,0.0,1.7626848
2014-06-18,2014-06-18 14:00:00,15,0.0,1.7259741
2014-06-18,2014-06-18 15:00:00,16,0.0,2.1026325
2014-06-18,2014-06-18 16:00:00,17,0.0,2.0148153
2014-06-18,2014-06-18 17:00:00,18,0.0,1.7973089
2014-06-18,2014-06-18 18:00:00,19,0.0,1.6503954
2014-06-18,2014-06-18 19:00:00,20,0.0,1.680975
2014-06-18,2014-06-18 20:00:00,21,0.0,1.4684162
2014-06-18,2014-06-18 21:00:00,22,0.0,1.5306587
2014-06-18,2014-06-18 22:00:00,23,0.0,1.6481171
2014-06-18,2014-06-18 23:00:00,24,0.0,1.4990273
2014-06-19,2014-06-19 00:00:00,1,50.62051,3.416278
2014-06-19,2014-06-19 01:00:00,2,29.392553,29.04551
2014-06-19,2014-06-19 02:00:00,3,29.392553,29.502392
2014-06-19,2014-06-19 03:00:00,4,27.759634,26.70457
2014-06-19,2014-06-19 04:00:00,5,27.759634,27.30181
2014-06-19,2014-06-19 05:00:00,6,26.126715,26.240423
2014-06-19,2014-06-19 06:00:00,7,35.924232,25.520903
2014-06-19,2014-06-19 07:00:00,8,0.0,14.938207
2014-06-19,2014-06-19 08:00:00,9,0.0,2.3321743
2014-06-19,2014-06-19 09:00:00,10,0.0,0.3167658
2014-06-19,2014-06-19 10:00:00,11,0.0,0.26512623
2014-06-19,2014-06-19 11:00:00,12,0.0,-0.083833694
2014-06-19,2014-06-19 12:00:00,13,0.0,-0.05897236
2014-06-19,2014-06-19 13:00:00,14,0.0,0.23441505
2014-06-19,2014-06-19 14:00:00,15,0.0,0.19223976
2014-06-19,2014-06-19 15:00:00,16,0.0,0.5903139
2014-06-19,2014-06-19 16:00:00,17,0.0,0.6178894
2014-06-19,2014-06-19 17:00:00,18,0.0,0.3471985
2014-06-19,2014-06-19 18:00:00,19,0.0,0.22550964
2014-06-19,2014-06-19 19:00:00,20,0.0,0.2955656
2014-06-19,2014-06-19 20:00:00,21,0.0,0.11075592
2014-06-19,2014-06-19 21:00:00,22,0.0,0.1453762
2014-06-19,2014-06-19 22:00:00,23,0.0,0.2225666
2014-06-19,2014-06-19 23:00:00,24,1.6329197,-0.053194046
2014-06-20,2014-06-20 00:00:00,1,52.25343,5.058529
2014-06-20,2014-06-20 01:00:00,2,31.025473,30.872551
2014-06-20,2014-06-20 02:00:00,3,31.025473,31.413746
2014-06-20,2014-06-20 03:00:00,4,27.759634,28.735554
2014-06-20,2014-06-20 04:00:00,5,29.392553,29.30801
2014-06-20,2014-06-20 05:00:00,6,26.126715,28.23963
2014-06-20,2014-06-20 06:00:00,7,37.55715,27.485363
2014-06-20,2014-06-20 07:00:00,8,1.6329197,16.826967
2014-06-20,2014-06-20 08:00:00,9,0.0,4.0403404
2014-06-20,2014-06-20 09:00:00,10,0.0,1.8560772
2014-06-20,2014-06-20 10:00:00,11,0.0,1.7356195
2014-06-20,2014-06-20 11:00:00,12,0.0,1.4215355
2014-06-20,2014-06-20 12:00:00,13,0.0,1.446722
2014-06-20,2014-06-20 13:00:00,14,0.0,1.764431
2014-06-20,2014-06-20 14:00:00,15,0.0,1.7295609
2014-06-20,2014-06-20 15:00:00,16,0.0,2.1177473
2014-06-20,2014-06-20 16:00:00,17,0.0,2.0267973
2014-06-20,2014-06-20 17:00:00,18,0.0,1.7968082
2014-06-20,2014-06-20 18:00:00,19,0.0,1.6377916
2014-06-20,2014-06-20 19:00:00,20,0.0,1.6820679
2014-06-20,2014-06-20 20:00:00,21,0.0,1.4707727
2014-06-20,2014-06-20 21:00:00,22,0.0,1.5270576
2014-06-20,2014-06-20 22:00:00,23,0.0,1.6570663
2014-06-20,2014-06-20 23:00:00,24,0.0,1.504076
2014-06-21,2014-06-21 00:00:00,1,50.62051,3.4189281
2014-06-21,2014-06-21 01:00:00,2,29.392553,29.122353
2014-06-21,2014-06-21 02:00:00,3,29.392553,29.627438
2014-06-21,2014-06-21 03:00:00,4,27.759634,26.829422
2014-06-21,2014-06-21 04:00:00,5,29.392553,27.397951
2014-06-21,2014-06-21 05:00:00,6,22.860876,26.362864
2014-06-21,2014-06-21 06:00:00,7,24.493795,25.659595
2014-06-21,2014-06-21 07:00:00,8,24.493795,15.080117
2014-06-21,2014-06-21 08:00:00,9,24.493795,2.4209356
2014-06-21,2014-06-21 09:00:00,10,24.493795,0.34805584
2014-06-21,2014-06-21 10:00:00,11,22.860876,0.27848148
2014-06-21,2014-06-21 11:00:00,12,24.493795,-0.07360935
2014-06-21,2014-06-21 12:00:00,13,26.126715,-0.05659008
2014-06-21,2014-06-21 13:00:00,14,26.126715,0.23863792
2014-06-21,2014-06-21 14:00:00,15,26.126715,0.1943407
2014-06-21,2014-06-21 15:00:00,16,24.493795,0.5909548
2014-06-21,2014-06-21 16:00:00,17,26.126715,0.6153965
2014-06-21,2014-06-21 17:00:00,18,26.126715,0.34719658
2014-06-21,2014-06-21 18:00:00,19,26.126715,0.22782516
2014-06-21,2014-06-21 19:00:00,20,27.759634,0.2948904
2014-06-21,2014-06-21 20:00:00,21,26.126715,0.10907364
2014-06-21,2014-06-21 21:00:00,22,26.126715,0.14583302
2014-06-21,2014-06-21 22:00:00,23,26.126715,0.22242737
2014-06-21,2014-06-21 23:00:00,24,26.126715,-0.053282738
2014-06-22,2014-06-22 00:00:00,1,26.126715,25.935318
2014-06-22,2014-06-22 01:00:00,2,27.759634,26.014692
2014-06-22,2014-06-22 02:00:00,3,26.126715,26.025364
2014-06-22,2014-06-22 03:00:00,4,26.126715,26.053402
2014-06-22,2014-06-22 04:00:00,5,26.126715,26.10627
2014-06-22,2014-06-22 05:00:00,6,26.126715,26.06428
2014-06-22,2014-06-22 06:00:00,7,26.126715,26.010443
2014-06-22,2014-06-22 07:00:00,8,26.126715,25.706432
2014-06-22,2014-06-22 08:00:00,9,24.493795,25.534637
2014-06-22,2014-06-22 09:00:00,10,26.126715,25.33706
2014-06-22,2014-06-22 10:00:00,11,24.493795,25.128521
2014-06-22,2014-06-22 11:00:00,12,26.126715,25.07543
2014-06-22,2014-06-22 12:00:00,13,26.126715,25.27303
2014-06-22,2014-06-22 13:00:00,14,26.126715,24.936518
2014-06-22,2014-06-22 14:00:00,15,24.493795,24.702084
2014-06-22,2014-06-22 15:00:00,16,26.126715,24.717657
2014-06-22,2014-06-22 16:00:00,17,26.126715,24.649147
2014-06-22,2014-06-22 17:00:00,18,24.493795,24.596125
2014-06-22,2014-06-22 18:00:00,19,26.126715,24.528399
2014-06-22,2014-06-22 19:00:00,20,26.126715,24.691776
2014-06-22,2014-06-22 20:00:00,21,26.126715,24.960197
2014-06-22,2014-06-22 21:00:00,22,26.126715,25.073969
2014-06-22,2014-06-22 22:00:00,23,26.126715,25.126945
2014-06-22,2014-06-22 23:00:00,24,26.126715,25.262882
2014-06-23,2014-06-23 00:00:00,1,26.126715,26.170769
2014-06-23,2014-06-23 01:00:00,2,26.126715,27.47979
2014-06-23,2014-06-23 02:00:00,3,26.126715,28.316126
2014-06-23,2014-06-23 03:00:00,4,26.126715,29.39943
2014-06-23,2014-06-23 04:00:00,5,39.19007,28.031647
2014-06-23,2014-06-23 05:00:00,6,52.25343,25.1335
2014-06-23,2014-06-23 06:00:00,7,0.0,23.292398
2014-06-23,2014-06-23 07:00:00,8,0.0,18.108225
2014-06-23,2014-06-23 08:00:00,9,0.0,11.006456
2014-06-23,2014-06-23 09:00:00,10,0.0,7.58044
2014-06-23,2014-06-23 10:00:00,11,0.0,3.0085897
2014-06-23,2014-06-23 11:00:00,12,22.860876,0.47663593
2014-06-23,2014-06-23 12:00:00,13,0.0,1.8343649
2014-06-23,2014-06-23 13:00:00,14,0.0,1.7547665
2014-06-23,2014-06-23 14:00:00,15,0.0,1.5742569
2014-06-23,2014-06-23 15:00:00,16,52.25343,2.945016
2014-06-23,2014-06-23 16:00:00,17,9.797518,1.7840347
2014-06-23,2014-06-23 17:00:00,18,0.0,3.6480427
2014-06-23,2014-06-23 18:00:00,19,0.0,2.9641428
2014-06-23,2014-06-23 19:00:00,20,0.0,2.3214626
2014-06-23,2014-06-23 20:00:00,21,0.0,2.296812
2014-06-23,2014-06-23 21:00:00,22,0.0,2.3656235
2014-06-23,2014-06-23 22:00:00,23,0.0,2.3981838
2014-06-23,2014-06-23 23:00:00,24,0.0,2.5169325
2014-06-24,2014-06-24 00:00:00,1,45.721752,3.2388973
2014-06-24,2014-06-24 01:00:00,2,24.493795,25.869152
2014-06-24,2014-06-24 02:00:00,3,22.860876,25.11005
2014-06-24,2014-06-24 03:00:00,4,24.493795,22.44637
2014-06-24,2014-06-24 04:00:00,5,24.493795,23.574903
2014-06-24,2014-06-24 05:00:00,6,26.126715,21.351908
2014-06-24,2014-06-24 06:00:00,7,34.291313,19.971333
2014-06-24,2014-06-24 07:00:00,8,0.0,9.639456
2014-06-24,2014-06-24 08:00:00,9,0.0,-0.8093786
2014-06-24,2014-06-24 09:00:00,10,0.0,-0.66888905
2014-06-24,2014-06-24 10:00:00,11,0.0,0.06361103
2014-06-24,2014-06-24 11:00:00,12,0.0,-0.15438461
2014-06-24,2014-06-24 12:00:00,13,0.0,0.16644573
2014-06-24,2014-06-24 13:00:00,14,14.696277,0.22164154
2014-06-24,2014-06-24 14:00:00,15,57.152187,0.118346214
2014-06-24,2014-06-24 15:00:00,16,42.45591,0.5118189
2014-06-24,2014-06-24 16:00:00,17,0.0,0.4098606
2014-06-24,2014-06-24 17:00:00,18,0.0,0.06284523
2014-06-24,2014-06-24 18:00:00,19,0.0,-0.100785255
2014-06-24,2014-06-24 19:00:00,20,0.0,-0.00033569336
2014-06-24,2014-06-24 20:00:00,21,0.0,-0.06363773
2014-06-24,2014-06-24 21:00:00,22,0.0,0.060175896
2014-06-24,2014-06-24 22:00:00,23,0.0,0.27582264
2014-06-24,2014-06-24 23:00:00,24,1.6329197,0.11002064
2014-06-25,2014-06-25 00:00:00,1,42.45591,4.9364443
2014-06-25,2014-06-25 01:00:00,2,24.493795,30.434284
2014-06-25,2014-06-25 02:00:00,3,22.860876,31.131805
2014-06-25,2014-06-25 03:00:00,4,26.126715,28.292175
2014-06-25,2014-06-25 04:00:00,5,22.860876,28.469429
2014-06-25,2014-06-25 05:00:00,6,24.493795,27.374525
2014-06-25,2014-06-25 06:00:00,7,32.658394,26.675747
2014-06-25,2014-06-25 07:00:00,8,0.0,16.371214
2014-06-25,2014-06-25 08:00:00,9,0.0,4.092807
2014-06-25,2014-06-25 09:00:00,10,0.0,2.0270863
2014-06-25,2014-06-25 10:00:00,11,0.0,1.9088202
2014-06-25,2014-06-25 11:00:00,12,0.0,1.5453959
2014-06-25,2014-06-25 12:00:00,13,44.08883,1.5929956
2014-06-25,2014-06-25 13:00:00,14,0.0,1.7092457
2014-06-25,2014-06-25 14:00:00,15,0.0,1.6038389
2014-06-25,2014-06-25 15:00:00,16,0.0,1.8235788
2014-06-25,2014-06-25 16:00:00,17,0.0,1.8267279
2014-06-25,2014-06-25 17:00:00,18,0.0,1.5553732
2014-06-25,2014-06-25 18:00:00,19,0.0,1.4749546
2014-06-25,2014-06-25 19:00:00,20,0.0,1.587431
2014-06-25,2014-06-25 20:00:00,21,0.0,1.5590954
2014-06-25,2014-06-25 21:00:00,22,0.0,1.8522425
2014-06-25,2014-06-25 22:00:00,23,0.0,2.191142
2014-06-25,2014-06-25 23:00:00,24,0.0,2.0003338
2014-06-26,2014-06-26 00:00:00,1,44.08883,3.3300314
2014-06-26,2014-06-26 01:00:00,2,22.860876,27.835327
2014-06-26,2014-06-26 02:00:00,3,22.860876,27.85361
2014-06-26,2014-06-26 03:00:00,4,24.493795,25.105251
2014-06-26,2014-06-26 04:00:00,5,22.860876,25.946186
2014-06-26,2014-06-26 05:00:00,6,24.493795,24.582247
2014-06-26,2014-06-26 06:00:00,7,32.658394,23.69844
2014-06-26,2014-06-26 07:00:00,8,0.0,13.271938
2014-06-26,2014-06-26 08:00:00,9,0.0,1.4676199
2014-06-26,2014-06-26 09:00:00,10,0.0,0.09644985
2014-06-26,2014-06-26 10:00:00,11,0.0,0.20512962
2014-06-26,2014-06-26 11:00:00,12,0.0,-0.14299297
2014-06-26,2014-06-26 12:00:00,13,0.0,-0.032857895
2014-06-26,2014-06-26 13:00:00,14,0.0,0.22505474
2014-06-26,2014-06-26 14:00:00,15,0.0,0.17790031
2014-06-26,2014-06-26 15:00:00,16,0.0,0.5689802
2014-06-26,2014-06-26 16:00:00,17,0.0,0.59790325
2014-06-26,2014-06-26 17:00:00,18,0.0,0.34646416
2014-06-26,2014-06-26 18:00:00,19,0.0,0.2286148
2014-06-26,2014-06-26 19:00:00,20,0.0,0.31173325
2014-06-26,2014-06-26 20:00:00,21,0.0,0.12818432
2014-06-26,2014-06-26 21:00:00,22,0.0,0.16474819
2014-06-26,2014-06-26 22:00:00,23,0.0,0.27162075
2014-06-26,2014-06-26 23:00:00,24,1.6329197,-0.0011396408
2014-06-27,2014-06-27 00:00:00,1,47.35467,5.033283
2014-06-27,2014-06-27 01:00:00,2,24.493795,30.719486
2014-06-27,2014-06-27 02:00:00,3,24.493795,31.290932
2014-06-27,2014-06-27 03:00:00,4,24.493795,28.618359
2014-06-27,2014-06-27 04:00:00,5,22.860876,29.159767
2014-06-27,2014-06-27 05:00:00,6,22.860876,28.14457
2014-06-27,2014-06-27 06:00:00,7,24.493795,27.423977
2014-06-27,2014-06-27 07:00:00,8,11.430438,16.850437
2014-06-27,2014-06-27 08:00:00,9,0.0,4.112524
2014-06-27,2014-06-27 09:00:00,10,0.0,1.8636379
2014-06-27,2014-06-27 10:00:00,11,0.0,1.7143469
2014-06-27,2014-06-27 11:00:00,12,0.0,1.4032221
2014-06-27,2014-06-27 12:00:00,13,0.0,1.4217234
2014-06-27,2014-06-27 13:00:00,14,0.0,1.7446384
2014-06-27,2014-06-27 14:00:00,15,0.0,1.7166233
2014-06-27,2014-06-27 15:00:00,16,0.0,2.0994349
2014-06-27,2014-06-27 16:00:00,17,0.0,2.019638
2014-06-27,2014-06-27 17:00:00,18,0.0,1.79317
2014-06-27,2014-06-27 18:00:00,19,0.0,1.6339245
2014-06-27,2014-06-27 19:00:00,20,0.0,1.679203
2014-06-27,2014-06-27 20:00:00,21,0.0,1.469881
2014-06-27,2014-06-27 21:00:00,22,0.0,1.5230227
2014-06-27,2014-06-27 22:00:00,23,0.0,1.649003
2014-06-27,2014-06-27 23:00:00,24,1.6329197,1.4989843
2014-06-28,2014-06-28 00:00:00,1,47.35467,4.985984
2014-06-28,2014-06-28 01:00:00,2,26.126715,30.641296
2014-06-28,2014-06-28 02:00:00,3,22.860876,31.495739
2014-06-28,2014-06-28 03:00:00,4,21.227955,28.852688
2014-06-28,2014-06-28 04:00:00,5,24.493795,29.199703
2014-06-28,2014-06-28 05:00:00,6,22.860876,28.390627
2014-06-28,2014-06-28 06:00:00,7,22.860876,27.79601
2014-06-28,2014-06-28 07:00:00,8,22.860876,17.42427
2014-06-28,2014-06-28 08:00:00,9,24.493795,4.603813
2014-06-28,2014-06-28 09:00:00,10,26.126715,1.9851236
2014-06-28,2014-06-28 10:00:00,11,22.860876,1.7176886
2014-06-28,2014-06-28 11:00:00,12,22.860876,1.4115114
2014-06-28,2014-06-28 12:00:00,13,34.291313,1.3856554
2014-06-28,2014-06-28 13:00:00,14,32.658394,1.7147789
2014-06-28,2014-06-28 14:00:00,15,22.860876,1.6936436
2014-06-28,2014-06-28 15:00:00,16,21.227955,2.0654001
2014-06-28,2014-06-28 16:00:00,17,21.227955,2.0000782
2014-06-28,2014-06-28 17:00:00,18,21.227955,1.7808151
2014-06-28,2014-06-28 18:00:00,19,21.227955,1.6289282
2014-06-28,2014-06-28 19:00:00,20,21.227955,1.6683617
2014-06-28,2014-06-28 20:00:00,21,22.860876,1.4676533
2014-06-28,2014-06-28 21:00:00,22,21.227955,1.5262766
2014-06-28,2014-06-28 22:00:00,23,21.227955,1.6404161
2014-06-28,2014-06-28 23:00:00,24,21.227955,1.502593
2014-06-29,2014-06-29 00:00:00,1,24.493795,21.095207
2014-06-29,2014-06-29 01:00:00,2,22.860876,21.2117
2014-06-29,2014-06-29 02:00:00,3,21.227955,21.23347
2014-06-29,2014-06-29 03:00:00,4,22.860876,21.284784
2014-06-29,2014-06-29 04:00:00,5,21.227955,21.379192
2014-06-29,2014-06-29 05:00:00,6,21.227955,21.288801
2014-06-29,2014-06-29 06:00:00,7,22.860876,21.274845
2014-06-29,2014-06-29 07:00:00,8,22.860876,20.994066
2014-06-29,2014-06-29 08:00:00,9,21.227955,20.85809
2014-06-29,2014-06-29 09:00:00,10,21.227955,20.680511
2014-06-29,2014-06-29 10:00:00,11,21.227955,20.469196
2014-06-29,2014-06-29 11:00:00,12,21.227955,20.465137
2014-06-29,2014-06-29 12:00:00,13,21.227955,20.696762
2014-06-29,2014-06-29 13:00:00,14,21.227955,20.29535
2014-06-29,2014-06-29 14:00:00,15,21.227955,20.03936
2014-06-29,2014-06-29 15:00:00,16,21.227955,20.136501
2014-06-29,2014-06-29 16:00:00,17,22.860876,20.128077
2014-06-29,2014-06-29 17:00:00,18,21.227955,20.141998
2014-06-29,2014-06-29 18:00:00,19,21.227955,20.065157
2014-06-29,2014-06-29 19:00:00,20,21.227955,20.309948
2014-06-29,2014-06-29 20:00:00,21,21.227955,20.579544
2014-06-29,2014-06-29 21:00:00,22,21.227955,20.659502
2014-06-29,2014-06-29 22:00:00,23,21.227955,20.614246
2014-06-29,2014-06-29 23:00:00,24,21.227955,20.612595
2014-06-30,2014-06-30 00:00:00,1,22.860876,21.367025
2014-06-30,2014-06-30 01:00:00,2,22.860876,22.739513
2014-06-30,2014-06-30 02:00:00,3,22.860876,23.229382
2014-06-30,2014-06-30 03:00:00,4,21.227955,23.989573
2014-06-30,2014-06-30 04:00:00,5,62.050945,22.377293
2014-06-30,2014-06-30 05:00:00,6,14.696277,18.584862
2014-06-30,2014-06-30 06:00:00,7,0.0,16.171448
2014-06-30,2014-06-30 07:00:00,8,0.0,11.107704
2014-06-30,2014-06-30 08:00:00,9,0.0,5.1881685
2014-06-30,2014-06-30 09:00:00,10,0.0,3.0368576
2014-06-30,2014-06-30 10:00:00,11,0.0,-0.24178791
2014-06-30,2014-06-30 11:00:00,12,0.0,-2.1047125
2014-06-30,2014-06-30 12:00:00,13,0.0,-0.48899937
2014-06-30,2014-06-30 13:00:00,14,0.0,-0.3011732
2014-06-30,2014-06-30 14:00:00,15,0.0,-0.6577234
2014-06-30,2014-06-30 15:00:00,16,0.0,0.746048
2014-06-30,2014-06-30 16:00:00,17,0.0,-0.48404884
2014-06-30,2014-06-30 17:00:00,18,0.0,0.96985626
2014-06-30,2014-06-30 18:00:00,19,0.0,0.06401348
2014-06-30,2014-06-30 19:00:00,20,0.0,-0.6597729
2014-06-30,2014-06-30 20:00:00,21,0.0,-0.78648853
2014-06-30,2014-06-30 21:00:00,22,0.0,-0.4945612
2014-06-30,2014-06-30 22:00:00,23,0.0,-0.0072784424
2014-06-30,2014-06-30 23:00:00,24,1.6329197,0.56363773
2014-07-01,2014-07-01 00:00:00,1,47.35467,4.499155
2014-07-01,2014-07-01 01:00:00,2,26.126715,23.410324
2014-07-01,2014-07-01 02:00:00,3,22.860876,22.249855
2014-07-01,2014-07-01 03:00:00,4,24.493795,20.227919
2014-07-01,2014-07-01 04:00:00,5,22.860876,21.746447
2014-07-01,2014-07-01 05:00:00,6,24.493795,18.94189
2014-07-01,2014-07-01 06:00:00,7,35.924232,17.220997
2014-07-01,2014-07-01 07:00:00,8,1.6329197,7.8900485
2014-07-01,2014-07-01 08:00:00,9,0.0,-0.7483969
2014-07-01,2014-07-01 09:00:00,10,0.0,0.29982853
2014-07-01,2014-07-01 10:00:00,11,0.0,1.4077339
2014-07-01,2014-07-01 11:00:00,12,0.0,1.3363647
2014-07-01,2014-07-01 12:00:00,13,0.0,1.7477455
2014-07-01,2014-07-01 13:00:00,14,0.0,1.776372
2014-07-01,2014-07-01 14:00:00,15,0.0,1.7756672
2014-07-01,2014-07-01 15:00:00,16,0.0,2.1885252
2014-07-01,2014-07-01 16:00:00,17,0.0,2.014452
2014-07-01,2014-07-01 17:00:00,18,0.0,1.6737785
2014-07-01,2014-07-01 18:00:00,19,0.0,1.4572344
2014-07-01,2014-07-01 19:00:00,20,0.0,1.5378199
2014-07-01,2014-07-01 20:00:00,21,0.0,1.3818693
2014-07-01,2014-07-01 21:00:00,22,0.0,1.3939943
2014-07-01,2014-07-01 22:00:00,23,0.0,1.6883688
2014-07-01,2014-07-01 23:00:00,24,1.6329197,1.605278
2014-07-02,2014-07-02 00:00:00,1,47.35467,5.0309696
2014-07-02,2014-07-02 01:00:00,2,24.493795,30.807713
2014-07-02,2014-07-02 02:00:00,3,24.493795,31.471771
2014-07-02,2014-07-02 03:00:00,4,24.493795,28.798462
2014-07-02,2014-07-02 04:00:00,5,24.493795,29.276718
2014-07-02,2014-07-02 05:00:00,6,24.493795,28.318764
2014-07-02,2014-07-02 06:00:00,7,34.291313,27.633465
2014-07-02,2014-07-02 07:00:00,8,0.0,17.090769
2014-07-02,2014-07-02 08:00:00,9,0.0,4.2827682
2014-07-02,2014-07-02 09:00:00,10,0.0,1.9193583
2014-07-02,2014-07-02 10:00:00,11,22.860876,1.734704
2014-07-02,2014-07-02 11:00:00,12,0.0,1.4203529
2014-07-02,2014-07-02 12:00:00,13,0.0,1.4231615
2014-07-02,2014-07-02 13:00:00,14,0.0,1.7465792
2014-07-02,2014-07-02 14:00:00,15,0.0,1.7162733
2014-07-02,2014-07-02 15:00:00,16,0.0,2.0961275
2014-07-02,2014-07-02 16:00:00,17,0.0,2.0151377
2014-07-02,2014-07-02 17:00:00,18,0.0,1.7912378
2014-07-02,2014-07-02 18:00:00,19,0.0,1.6357708
2014-07-02,2014-07-02 19:00:00,20,0.0,1.677166
2014-07-02,2014-07-02 20:00:00,21,0.0,1.4696054
2014-07-02,2014-07-02 21:00:00,22,0.0,1.5270395
2014-07-02,2014-07-02 22:00:00,23,0.0,1.6502714
2014-07-02,2014-07-02 23:00:00,24,1.6329197,1.5029173
2014-07-03,2014-07-03 00:00:00,1,45.721752,5.0378284
2014-07-03,2014-07-03 01:00:00,2,24.493795,30.033577
2014-07-03,2014-07-03 02:00:00,3,22.860876,30.062347
2014-07-03,2014-07-03 03:00:00,4,24.493795,27.432663
2014-07-03,2014-07-03 04:00:00,5,22.860876,28.34607
2014-07-03,2014-07-03 05:00:00,6,22.860876,26.918316
2014-07-03,2014-07-03 06:00:00,7,35.924232,25.945934
2014-07-03,2014-07-03 07:00:00,8,1.6329197,15.219524
2014-07-03,2014-07-03 08:00:00,9,0.0,2.9937973
2014-07-03,2014-07-03 09:00:00,10,0.0,1.510746
2014-07-03,2014-07-03 10:00:00,11,0.0,1.6186028
2014-07-03,2014-07-03 11:00:00,12,0.0,1.3336201
2014-07-03,2014-07-03 12:00:00,13,0.0,1.4522123
2014-07-03,2014-07-03 13:00:00,14,0.0,1.7586174
2014-07-03,2014-07-03 14:00:00,15,0.0,1.7356358
2014-07-03,2014-07-03 15:00:00,16,0.0,2.1454315
2014-07-03,2014-07-03 16:00:00,17,0.0,2.0539255
2014-07-03,2014-07-03 17:00:00,18,0.0,1.8129835
2014-07-03,2014-07-03 18:00:00,19,0.0,1.6337748
2014-07-03,2014-07-03 19:00:00,20,0.0,1.6959229
2014-07-03,2014-07-03 20:00:00,21,0.0,1.4699392
2014-07-03,2014-07-03 21:00:00,22,0.0,1.4982319
2014-07-03,2014-07-03 22:00:00,23,0.0,1.6436472
2014-07-03,2014-07-03 23:00:00,24,1.6329197,1.4843321
2014-07-04,2014-07-04 00:00:00,1,52.25343,5.033476
2014-07-04,2014-07-04 01:00:00,2,32.658394,30.749947
2014-07-04,2014-07-04 02:00:00,3,32.658394,31.34496
2014-07-04,2014-07-04 03:00:00,4,31.025473,28.670397
2014-07-04,2014-07-04 04:00:00,5,29.392553,29.193924
2014-07-04,2014-07-04 05:00:00,6,29.392553,28.19137
2014-07-04,2014-07-04 06:00:00,7,37.55715,27.478909
2014-07-04,2014-07-04 07:00:00,8,0.0,16.910267
2014-07-04,2014-07-04 08:00:00,9,0.0,4.154171
2014-07-04,2014-07-04 09:00:00,10,0.0,1.8785028
2014-07-04,2014-07-04 10:00:00,11,0.0,1.7214365
2014-07-04,2014-07-04 11:00:00,12,0.0,1.4090405
2014-07-04,2014-07-04 12:00:00,13,0.0,1.4239645
2014-07-04,2014-07-04 13:00:00,14,0.0,1.745779
2014-07-04,2014-07-04 14:00:00,15,0.0,1.716362
2014-07-04,2014-07-04 15:00:00,16,0.0,2.0983915
2014-07-04,2014-07-04 16:00:00,17,0.0,2.0172615
2014-07-04,2014-07-04 17:00:00,18,0.0,1.791193
2014-07-04,2014-07-04 18:00:00,19,0.0,1.6327639
2014-07-04,2014-07-04 19:00:00,20,0.0,1.6771317
2014-07-04,2014-07-04 20:00:00,21,0.0,1.4695349
2014-07-04,2014-07-04 21:00:00,22,0.0,1.5252447
2014-07-04,2014-07-04 22:00:00,23,0.0,1.6514435
2014-07-04,2014-07-04 23:00:00,24,1.6329197,1.5033426
2014-07-05,2014-07-05 00:00:00,1,53.88635,5.0706987
2014-07-05,2014-07-05 01:00:00,2,29.392553,30.988712
2014-07-05,2014-07-05 02:00:00,3,26.126715,31.556347
2014-07-05,2014-07-05 03:00:00,4,24.493795,28.879498
2014-07-05,2014-07-05 04:00:00,5,21.227955,29.444698
2014-07-05,2014-07-05 05:00:00,6,22.860876,28.373108
2014-07-05,2014-07-05 06:00:00,7,22.860876,27.616297
2014-07-05,2014-07-05 07:00:00,8,22.860876,16.926487
2014-07-05,2014-07-05 08:00:00,9,24.493795,4.07889
2014-07-05,2014-07-05 09:00:00,10,22.860876,1.8768358
2014-07-05,2014-07-05 10:00:00,11,24.493795,1.7547874
2014-07-05,2014-07-05 11:00:00,12,24.493795,1.4377909
2014-07-05,2014-07-05 12:00:00,13,22.860876,1.4597521
2014-07-05,2014-07-05 13:00:00,14,21.227955,1.7768078
2014-07-05,2014-07-05 14:00:00,15,26.126715,1.737381
2014-07-05,2014-07-05 15:00:00,16,21.227955,2.1274385
2014-07-05,2014-07-05 16:00:00,17,22.860876,2.029852
2014-07-05,2014-07-05 17:00:00,18,24.493795,1.7998648
2014-07-05,2014-07-05 18:00:00,19,21.227955,1.6431408
2014-07-05,2014-07-05 19:00:00,20,22.860876,1.6843901
2014-07-05,2014-07-05 20:00:00,21,22.860876,1.4704466
2014-07-05,2014-07-05 21:00:00,22,26.126715,1.5293198
2014-07-05,2014-07-05 22:00:00,23,24.493795,1.6601219
2014-07-05,2014-07-05 23:00:00,24,22.860876,1.5046797
2014-07-06,2014-07-06 00:00:00,1,21.227955,22.802917
2014-07-06,2014-07-06 01:00:00,2,21.227955,22.946863
2014-07-06,2014-07-06 02:00:00,3,21.227955,22.989239
2014-07-06,2014-07-06 03:00:00,4,21.227955,23.0465
2014-07-06,2014-07-06 04:00:00,5,21.227955,23.11155
2014-07-06,2014-07-06 05:00:00,6,19.595036,22.973743
2014-07-06,2014-07-06 06:00:00,7,21.227955,22.986397
2014-07-06,2014-07-06 07:00:00,8,22.860876,22.69531
2014-07-06,2014-07-06 08:00:00,9,19.595036,22.56983
2014-07-06,2014-07-06 09:00:00,10,21.227955,22.378353
2014-07-06,2014-07-06 10:00:00,11,21.227955,22.177202
2014-07-06,2014-07-06 11:00:00,12,21.227955,22.166195
2014-07-06,2014-07-06 12:00:00,13,19.595036,22.409363
2014-07-06,2014-07-06 13:00:00,14,21.227955,22.053955
2014-07-06,2014-07-06 14:00:00,15,21.227955,21.760403
2014-07-06,2014-07-06 15:00:00,16,21.227955,21.808407
2014-07-06,2014-07-06 16:00:00,17,19.595036,21.779829
2014-07-06,2014-07-06 17:00:00,18,21.227955,21.730125
2014-07-06,2014-07-06 18:00:00,19,22.860876,21.641138
2014-07-06,2014-07-06 19:00:00,20,19.595036,21.816414
2014-07-06,2014-07-06 20:00:00,21,21.227955,22.115929
2014-07-06,2014-07-06 21:00:00,22,21.227955,22.29898
2014-07-06,2014-07-06 22:00:00,23,21.227955,22.313025
2014-07-06,2014-07-06 23:00:00,24,21.227955,22.283234
2014-07-07,2014-07-07 00:00:00,1,19.595036,21.358503
2014-07-07,2014-07-07 01:00:00,2,22.860876,22.7076
2014-07-07,2014-07-07 02:00:00,3,22.860876,23.196667
2014-07-07,2014-07-07 03:00:00,4,24.493795,23.960522
2014-07-07,2014-07-07 04:00:00,5,55.519268,22.338745
2014-07-07,2014-07-07 05:00:00,6,31.025473,18.572557
2014-07-07,2014-07-07 06:00:00,7,0.0,16.17617
2014-07-07,2014-07-07 07:00:00,8,0.0,11.149117
2014-07-07,2014-07-07 08:00:00,9,0.0,5.249288
2014-07-07,2014-07-07 09:00:00,10,0.0,3.0745401
2014-07-07,2014-07-07 10:00:00,11,0.0,-0.23351574
2014-07-07,2014-07-07 11:00:00,12,0.0,-2.1093721
2014-07-07,2014-07-07 12:00:00,13,0.0,-0.5169153
2014-07-07,2014-07-07 13:00:00,14,0.0,-0.3186636
2014-07-07,2014-07-07 14:00:00,15,0.0,-0.6812086
2014-07-07,2014-07-07 15:00:00,16,0.0,0.71747494
2014-07-07,2014-07-07 16:00:00,17,0.0,-0.5004997
2014-07-07,2014-07-07 17:00:00,18,0.0,0.9351139
2014-07-07,2014-07-07 18:00:00,19,0.0,0.048877716
2014-07-07,2014-07-07 19:00:00,20,0.0,-0.6527071
2014-07-07,2014-07-07 20:00:00,21,0.0,-0.78111744
2014-07-07,2014-07-07 21:00:00,22,0.0,-0.46882915
2014-07-07,2014-07-07 22:00:00,23,0.0,0.040192604
2014-07-07,2014-07-07 23:00:00,24,0.0,0.62382317
2014-07-08,2014-07-08 00:00:00,1,60.418026,3.2631512
2014-07-08,2014-07-08 01:00:00,2,27.759634,25.732399
2014-07-08,2014-07-08 02:00:00,3,24.493795,24.818312
2014-07-08,2014-07-08 03:00:00,4,26.126715,22.235628
2014-07-08,2014-07-08 04:00:00,5,26.126715,23.597359
2014-07-08,2014-07-08 05:00:00,6,26.126715,21.344486
2014-07-08,2014-07-08 06:00:00,7,40.82299,19.915237
2014-07-08,2014-07-08 07:00:00,8,0.0,9.526973
2014-07-08,2014-07-08 08:00:00,9,0.0,-0.9473696
2014-07-08,2014-07-08 09:00:00,10,0.0,-0.7298441
2014-07-08,2014-07-08 10:00:00,11,0.0,0.04406166
2014-07-08,2014-07-08 11:00:00,12,0.0,-0.14896488
2014-07-08,2014-07-08 12:00:00,13,0.0,0.13662243
2014-07-08,2014-07-08 13:00:00,14,0.0,0.28255463
2014-07-08,2014-07-08 14:00:00,15,0.0,0.25430393
2014-07-08,2014-07-08 15:00:00,16,0.0,0.7087822
2014-07-08,2014-07-08 16:00:00,17,0.0,0.7194395
2014-07-08,2014-07-08 17:00:00,18,0.0,0.36676216
2014-07-08,2014-07-08 18:00:00,19,0.0,0.19226551
2014-07-08,2014-07-08 19:00:00,20,0.0,0.29762554
2014-07-08,2014-07-08 20:00:00,21,0.0,0.10968971
2014-07-08,2014-07-08 21:00:00,22,0.0,0.07680225
2014-07-08,2014-07-08 22:00:00,23,0.0,0.19071674
2014-07-08,2014-07-08 23:00:00,24,0.0,-0.085416794
2014-07-09,2014-07-09 00:00:00,1,47.35467,3.4101858
2014-07-09,2014-07-09 01:00:00,2,29.392553,29.12996
2014-07-09,2014-07-09 02:00:00,3,24.493795,29.694324
2014-07-09,2014-07-09 03:00:00,4,24.493795,26.89621
2014-07-09,2014-07-09 04:00:00,5,22.860876,27.420155
2014-07-09,2014-07-09 05:00:00,6,24.493795,26.432648
2014-07-09,2014-07-09 06:00:00,7,39.19007,25.759521
2014-07-09,2014-07-09 07:00:00,8,0.0,15.222068
2014-07-09,2014-07-09 08:00:00,9,0.0,2.5368166
2014-07-09,2014-07-09 09:00:00,10,0.0,0.38209248
2014-07-09,2014-07-09 10:00:00,11,0.0,0.28321934
2014-07-09,2014-07-09 11:00:00,12,0.0,-0.070978165
2014-07-09,2014-07-09 12:00:00,13,0.0,-0.06419563
2014-07-09,2014-07-09 13:00:00,14,0.0,0.23450565
2014-07-09,2014-07-09 14:00:00,15,0.0,0.19056416
2014-07-09,2014-07-09 15:00:00,16,0.0,0.5831709
2014-07-09,2014-07-09 16:00:00,17,0.0,0.6082859
2014-07-09,2014-07-09 17:00:00,18,0.0,0.34455776
2014-07-09,2014-07-09 18:00:00,19,0.0,0.22707176
2014-07-09,2014-07-09 19:00:00,20,0.0,0.29127884
2014-07-09,2014-07-09 20:00:00,21,0.0,0.106137276
2014-07-09,2014-07-09 21:00:00,22,0.0,0.14443779
2014-07-09,2014-07-09 22:00:00,23,0.0,0.21922398
2014-07-09,2014-07-09 23:00:00,24,1.6329197,-0.053569794
2014-07-10,2014-07-10 00:00:00,1,50.62051,5.0479813
2014-07-10,2014-07-10 01:00:00,2,27.759634,30.809666
2014-07-10,2014-07-10 02:00:00,3,26.126715,31.362106
2014-07-10,2014-07-10 03:00:00,4,24.493795,28.685066
2014-07-10,2014-07-10 04:00:00,5,24.493795,29.243603
2014-07-10,2014-07-10 05:00:00,6,24.493795,28.194984
2014-07-10,2014-07-10 06:00:00,7,37.55715,27.454021
2014-07-10,2014-07-10 07:00:00,8,0.0,16.830187
2014-07-10,2014-07-10 08:00:00,9,0.0,4.067256
2014-07-10,2014-07-10 09:00:00,10,0.0,1.8600416
2014-07-10,2014-07-10 10:00:00,11,0.0,1.7284126
2014-07-10,2014-07-10 11:00:00,12,0.0,1.4148846
2014-07-10,2014-07-10 12:00:00,13,0.0,1.4379549
2014-07-10,2014-07-10 13:00:00,14,0.0,1.7570534
2014-07-10,2014-07-10 14:00:00,15,0.0,1.7242136
2014-07-10,2014-07-10 15:00:00,16,0.0,2.1097898
2014-07-10,2014-07-10 16:00:00,17,0.0,2.0224686
2014-07-10,2014-07-10 17:00:00,18,0.0,1.7943506
2014-07-10,2014-07-10 18:00:00,19,0.0,1.6352987
2014-07-10,2014-07-10 19:00:00,20,0.0,1.6798925
2014-07-10,2014-07-10 20:00:00,21,0.0,1.4701147
2014-07-10,2014-07-10 21:00:00,22,0.0,1.5264082
2014-07-10,2014-07-10 22:00:00,23,0.0,1.655757
2014-07-10,2014-07-10 23:00:00,24,0.0,1.5049028
2014-07-11,2014-07-11 00:00:00,1,52.25343,3.4142952
2014-07-11,2014-07-11 01:00:00,2,26.126715,28.967392
2014-07-11,2014-07-11 02:00:00,3,24.493795,29.373566
2014-07-11,2014-07-11 03:00:00,4,24.493795,26.578648
2014-07-11,2014-07-11 04:00:00,5,24.493795,27.207535
2014-07-11,2014-07-11 05:00:00,6,24.493795,26.112095
2014-07-11,2014-07-11 06:00:00,7,39.19007,25.37233
2014-07-11,2014-07-11 07:00:00,8,0.0,14.78182
2014-07-11,2014-07-11 08:00:00,9,0.0,2.2321777
2014-07-11,2014-07-11 09:00:00,10,0.0,0.2838812
2014-07-11,2014-07-11 10:00:00,11,0.0,0.2532568
2014-07-11,2014-07-11 11:00:00,12,0.0,-0.0927763
2014-07-11,2014-07-11 12:00:00,13,0.0,-0.05860901
2014-07-11,2014-07-11 13:00:00,14,0.0,0.23266125
2014-07-11,2014-07-11 14:00:00,15,0.0,0.19163227
2014-07-11,2014-07-11 15:00:00,16,0.0,0.59112835
2014-07-11,2014-07-11 16:00:00,17,0.0,0.6201105
2014-07-11,2014-07-11 17:00:00,18,0.0,0.34772682
2014-07-11,2014-07-11 18:00:00,19,0.0,0.22407722
2014-07-11,2014-07-11 19:00:00,20,0.0,0.29676247
2014-07-11,2014-07-11 20:00:00,21,0.0,0.11224079
2014-07-11,2014-07-11 21:00:00,22,0.0,0.14560413
2014-07-11,2014-07-11 22:00:00,23,0.0,0.22457218
2014-07-11,2014-07-11 23:00:00,24,0.0,-0.05164814
2014-07-12,2014-07-12 00:00:00,1,55.519268,3.407174
2014-07-12,2014-07-12 01:00:00,2,35.924232,29.004349
2014-07-12,2014-07-12 02:00:00,3,26.126715,29.480736
2014-07-12,2014-07-12 03:00:00,4,21.227955,26.683178
2014-07-12,2014-07-12 04:00:00,5,22.860876,27.262188
2014-07-12,2014-07-12 05:00:00,6,22.860876,26.225561
2014-07-12,2014-07-12 06:00:00,7,22.860876,25.522066
2014-07-12,2014-07-12 07:00:00,8,22.860876,14.973058
2014-07-12,2014-07-12 08:00:00,9,21.227955,2.3767843
2014-07-12,2014-07-12 09:00:00,10,21.227955,0.32710934
2014-07-12,2014-07-12 10:00:00,11,21.227955,0.26065063
2014-07-12,2014-07-12 11:00:00,12,21.227955,-0.08852291
2014-07-12,2014-07-12 12:00:00,13,24.493795,-0.0673542
2014-07-12,2014-07-12 13:00:00,14,22.860876,0.22852898
2014-07-12,2014-07-12 14:00:00,15,22.860876,0.1879301
2014-07-12,2014-07-12 15:00:00,16,22.860876,0.5834255
2014-07-12,2014-07-12 16:00:00,17,32.658394,0.6136112
2014-07-12,2014-07-12 17:00:00,18,24.493795,0.34561157
2014-07-12,2014-07-12 18:00:00,19,21.227955,0.22423458
2014-07-12,2014-07-12 19:00:00,20,19.595036,0.29347897
2014-07-12,2014-07-12 20:00:00,21,21.227955,0.10917473
2014-07-12,2014-07-12 21:00:00,22,22.860876,0.14356613
2014-07-12,2014-07-12 22:00:00,23,21.227955,0.21964931
2014-07-12,2014-07-12 23:00:00,24,21.227955,-0.054294586
2014-07-13,2014-07-13 00:00:00,1,22.860876,21.090214
2014-07-13,2014-07-13 01:00:00,2,19.595036,21.201374
2014-07-13,2014-07-13 02:00:00,3,22.860876,21.242264
2014-07-13,2014-07-13 03:00:00,4,21.227955,21.300213
2014-07-13,2014-07-13 04:00:00,5,22.860876,21.408386
2014-07-13,2014-07-13 05:00:00,6,24.493795,21.323795
2014-07-13,2014-07-13 06:00:00,7,22.860876,21.327587
2014-07-13,2014-07-13 07:00:00,8,22.860876,21.053158
2014-07-13,2014-07-13 08:00:00,9,24.493795,20.908379
2014-07-13,2014-07-13 09:00:00,10,22.860876,20.702717
2014-07-13,2014-07-13 10:00:00,11,26.126715,20.49609
2014-07-13,2014-07-13 11:00:00,12,24.493795,20.478859
2014-07-13,2014-07-13 12:00:00,13,22.860876,20.723696
2014-07-13,2014-07-13 13:00:00,14,26.126715,20.3074
2014-07-13,2014-07-13 14:00:00,15,24.493795,20.073853
2014-07-13,2014-07-13 15:00:00,16,24.493795,20.126125
2014-07-13,2014-07-13 16:00:00,17,24.493795,20.092419
2014-07-13,2014-07-13 17:00:00,18,24.493795,20.097218
2014-07-13,2014-07-13 18:00:00,19,24.493795,20.024126
2014-07-13,2014-07-13 19:00:00,20,26.126715,20.236454
2014-07-13,2014-07-13 20:00:00,21,24.493795,20.535513
2014-07-13,2014-07-13 21:00:00,22,26.126715,20.650146
2014-07-13,2014-07-13 22:00:00,23,24.493795,20.658875
2014-07-13,2014-07-13 23:00:00,24,24.493795,20.699547
2014-07-14,2014-07-14 00:00:00,1,26.126715,24.566858
2014-07-14,2014-07-14 01:00:00,2,24.493795,25.728954
2014-07-14,2014-07-14 02:00:00,3,24.493795,26.65055
2014-07-14,2014-07-14 03:00:00,4,24.493795,27.75685
2014-07-14,2014-07-14 04:00:00,5,58.785107,26.669796
2014-07-14,2014-07-14 05:00:00,6,17.962116,24.288477
2014-07-14,2014-07-14 06:00:00,7,0.0,22.814896
2014-07-14,2014-07-14 07:00:00,8,0.0,18.070744
2014-07-14,2014-07-14 08:00:00,9,0.0,11.231918
2014-07-14,2014-07-14 09:00:00,10,0.0,7.6236305
2014-07-14,2014-07-14 10:00:00,11,0.0,2.7030334
2014-07-14,2014-07-14 11:00:00,12,0.0,-0.0470438
2014-07-14,2014-07-14 12:00:00,13,0.0,1.0681705
2014-07-14,2014-07-14 13:00:00,14,0.0,0.9874773
2014-07-14,2014-07-14 14:00:00,15,0.0,0.87334824
2014-07-14,2014-07-14 15:00:00,16,0.0,2.2044573
2014-07-14,2014-07-14 16:00:00,17,0.0,1.0311728
2014-07-14,2014-07-14 17:00:00,18,0.0,2.806838
2014-07-14,2014-07-14 18:00:00,19,0.0,2.1332197
2014-07-14,2014-07-14 19:00:00,20,0.0,1.6130486
2014-07-14,2014-07-14 20:00:00,21,0.0,1.6689854
2014-07-14,2014-07-14 21:00:00,22,0.0,1.598938
2014-07-14,2014-07-14 22:00:00,23,0.0,1.4257774
2014-07-14,2014-07-14 23:00:00,24,0.0,1.3965406
2014-07-15,2014-07-15 00:00:00,1,42.45591,2.929411
2014-07-15,2014-07-15 01:00:00,2,34.291313,22.383152
2014-07-15,2014-07-15 02:00:00,3,34.291313,21.213776
2014-07-15,2014-07-15 03:00:00,4,29.392553,18.954367
2014-07-15,2014-07-15 04:00:00,5,31.025473,20.388157
2014-07-15,2014-07-15 05:00:00,6,40.82299,17.798515
2014-07-15,2014-07-15 06:00:00,7,0.0,16.204138
2014-07-15,2014-07-15 07:00:00,8,0.0,6.803634
2014-07-15,2014-07-15 08:00:00,9,0.0,-1.9460192
2014-07-15,2014-07-15 09:00:00,10,0.0,-1.0397606
2014-07-15,2014-07-15 10:00:00,11,0.0,-0.02686119
2014-07-15,2014-07-15 11:00:00,12,0.0,-0.1372366
2014-07-15,2014-07-15 12:00:00,13,0.0,0.22650337
2014-07-15,2014-07-15 13:00:00,14,0.0,0.25614738
2014-07-15,2014-07-15 14:00:00,15,0.0,0.24653625
2014-07-15,2014-07-15 15:00:00,16,0.0,0.6609125
2014-07-15,2014-07-15 16:00:00,17,0.0,0.6676779
2014-07-15,2014-07-15 17:00:00,18,0.0,0.2928486
2014-07-15,2014-07-15 18:00:00,19,0.0,0.11501026
2014-07-15,2014-07-15 19:00:00,20,0.0,0.21672058
2014-07-15,2014-07-15 20:00:00,21,0.0,0.07598591
2014-07-15,2014-07-15 21:00:00,22,0.0,0.054142952
2014-07-15,2014-07-15 22:00:00,23,0.0,0.23008442
2014-07-15,2014-07-15 23:00:00,24,0.0,0.0014638901
2014-07-16,2014-07-16 00:00:00,1,45.721752,3.4416904
2014-07-16,2014-07-16 01:00:00,2,26.126715,28.32238
2014-07-16,2014-07-16 02:00:00,3,22.860876,28.187532
2014-07-16,2014-07-16 03:00:00,4,26.126715,25.482449
2014-07-16,2014-07-16 04:00:00,5,24.493795,26.50401
2014-07-16,2014-07-16 05:00:00,6,24.493795,24.89645
2014-07-16,2014-07-16 06:00:00,7,37.55715,23.841076
2014-07-16,2014-07-16 07:00:00,8,1.6329197,13.000012
2014-07-16,2014-07-16 08:00:00,9,0.0,0.93369675
2014-07-16,2014-07-16 09:00:00,10,0.0,-0.14765644
2014-07-16,2014-07-16 10:00:00,11,0.0,0.15790176
2014-07-16,2014-07-16 11:00:00,12,0.0,-0.1317091
2014-07-16,2014-07-16 12:00:00,13,0.0,0.0083351135
2014-07-16,2014-07-16 13:00:00,14,0.0,0.26494598
2014-07-16,2014-07-16 14:00:00,15,0.0,0.23171711
2014-07-16,2014-07-16 15:00:00,16,0.0,0.67599106
2014-07-16,2014-07-16 16:00:00,17,0.0,0.69254494
2014-07-16,2014-07-16 17:00:00,18,0.0,0.38157654
2014-07-16,2014-07-16 18:00:00,19,0.0,0.23677921
2014-07-16,2014-07-16 19:00:00,20,0.0,0.33103275
2014-07-16,2014-07-16 20:00:00,21,0.0,0.12391567
2014-07-16,2014-07-16 21:00:00,22,0.0,0.12710094
2014-07-16,2014-07-16 22:00:00,23,0.0,0.21674538
2014-07-16,2014-07-16 23:00:00,24,0.0,-0.086102486
2014-07-17,2014-07-17 00:00:00,1,58.785107,3.3898134
2014-07-17,2014-07-17 01:00:00,2,35.924232,29.018194
2014-07-17,2014-07-17 02:00:00,3,31.025473,29.615433
2014-07-17,2014-07-17 03:00:00,4,24.493795,26.81808
2014-07-17,2014-07-17 04:00:00,5,22.860876,27.31033
2014-07-17,2014-07-17 05:00:00,6,26.126715,26.374947
2014-07-17,2014-07-17 06:00:00,7,45.721752,25.733303
2014-07-17,2014-07-17 07:00:00,8,0.0,15.2691965
2014-07-17,2014-07-17 08:00:00,9,0.0,2.6139545
2014-07-17,2014-07-17 09:00:00,10,0.0,0.3918581
2014-07-17,2014-07-17 10:00:00,11,0.0,0.266634
2014-07-17,2014-07-17 11:00:00,12,0.0,-0.084941864
2014-07-17,2014-07-17 12:00:00,13,0.0,-0.085562706
2014-07-17,2014-07-17 13:00:00,14,0.0,0.21664429
2014-07-17,2014-07-17 14:00:00,15,0.0,0.17835999
2014-07-17,2014-07-17 15:00:00,16,0.0,0.5676794
2014-07-17,2014-07-17 16:00:00,17,0.0,0.60235786
2014-07-17,2014-07-17 17:00:00,18,0.0,0.34006977
2014-07-17,2014-07-17 18:00:00,19,0.0,0.22196388
2014-07-17,2014-07-17 19:00:00,20,0.0,0.28665352
2014-07-17,2014-07-17 20:00:00,21,0.0,0.10460758
2014-07-17,2014-07-17 21:00:00,22,0.0,0.14052677
2014-07-17,2014-07-17 22:00:00,23,0.0,0.21136379
2014-07-17,2014-07-17 23:00:00,24,0.0,-0.057448387
2014-07-18,2014-07-18 00:00:00,1,48.98759,3.4245195
2014-07-18,2014-07-18 01:00:00,2,27.759634,29.166348
2014-07-18,2014-07-18 02:00:00,3,27.759634,29.677677
2014-07-18,2014-07-18 03:00:00,4,27.759634,26.883429
2014-07-18,2014-07-18 04:00:00,5,27.759634,27.452785
2014-07-18,2014-07-18 05:00:00,6,26.126715,26.405163
2014-07-18,2014-07-18 06:00:00,7,39.19007,25.695316
2014-07-18,2014-07-18 07:00:00,8,0.0,15.095597
2014-07-18,2014-07-18 08:00:00,9,0.0,2.418168
2014-07-18,2014-07-18 09:00:00,10,0.0,0.3531866
2014-07-18,2014-07-18 10:00:00,11,0.0,0.28743935
2014-07-18,2014-07-18 11:00:00,12,0.0,-0.06647301
2014-07-18,2014-07-18 12:00:00,13,0.0,-0.048321724
2014-07-18,2014-07-18 13:00:00,14,0.0,0.24606514
2014-07-18,2014-07-18 14:00:00,15,0.0,0.19857311
2014-07-18,2014-07-18 15:00:00,16,0.0,0.5955162
2014-07-18,2014-07-18 16:00:00,17,0.0,0.61422825
2014-07-18,2014-07-18 17:00:00,18,0.0,0.34743214
2014-07-18,2014-07-18 18:00:00,19,0.0,0.22932148
2014-07-18,2014-07-18 19:00:00,20,0.0,0.29503536
2014-07-18,2014-07-18 20:00:00,21,0.0,0.10785103
2014-07-18,2014-07-18 21:00:00,22,0.0,0.14746857
2014-07-18,2014-07-18 22:00:00,23,0.0,0.22660732
2014-07-18,2014-07-18 23:00:00,24,3.2658393,-0.049521446
2014-07-19,2014-07-19 00:00:00,1,47.35467,6.68177
2014-07-19,2014-07-19 01:00:00,2,32.658394,32.632355
2014-07-19,2014-07-19 02:00:00,3,27.759634,33.31371
2014-07-19,2014-07-19 03:00:00,4,24.493795,30.761112
2014-07-19,2014-07-19 04:00:00,5,22.860876,31.257038
2014-07-19,2014-07-19 05:00:00,6,21.227955,30.242332
2014-07-19,2014-07-19 06:00:00,7,22.860876,29.486332
2014-07-19,2014-07-19 07:00:00,8,19.595036,18.82739
2014-07-19,2014-07-19 08:00:00,9,21.227955,5.867507
2014-07-19,2014-07-19 09:00:00,10,21.227955,3.4187593
2014-07-19,2014-07-19 10:00:00,11,21.227955,3.1879606
2014-07-19,2014-07-19 11:00:00,12,19.595036,2.9077883
2014-07-19,2014-07-19 12:00:00,13,21.227955,2.9192991
2014-07-19,2014-07-19 13:00:00,14,19.595036,3.2643166
2014-07-19,2014-07-19 14:00:00,15,21.227955,3.2413092
2014-07-19,2014-07-19 15:00:00,16,21.227955,3.615982
2014-07-19,2014-07-19 16:00:00,17,22.860876,3.4252386
2014-07-19,2014-07-19 17:00:00,18,21.227955,3.234046
2014-07-19,2014-07-19 18:00:00,19,24.493795,3.0450344
2014-07-19,2014-07-19 19:00:00,20,21.227955,3.0639963
2014-07-19,2014-07-19 20:00:00,21,22.860876,2.8248024
2014-07-19,2014-07-19 21:00:00,22,21.227955,2.9027433
2014-07-19,2014-07-19 22:00:00,23,21.227955,3.0799408
2014-07-19,2014-07-19 23:00:00,24,21.227955,3.0509262
2014-07-20,2014-07-20 00:00:00,1,21.227955,21.061646
2014-07-20,2014-07-20 01:00:00,2,21.227955,21.156895
2014-07-20,2014-07-20 02:00:00,3,21.227955,21.186466
2014-07-20,2014-07-20 03:00:00,4,22.860876,21.229134
2014-07-20,2014-07-20 04:00:00,5,21.227955,21.316204
2014-07-20,2014-07-20 05:00:00,6,19.595036,21.25897
2014-07-20,2014-07-20 06:00:00,7,21.227955,21.22493
2014-07-20,2014-07-20 07:00:00,8,19.595036,20.950779
2014-07-20,2014-07-20 08:00:00,9,19.595036,20.806194
2014-07-20,2014-07-20 09:00:00,10,19.595036,20.608028
2014-07-20,2014-07-20 10:00:00,11,22.860876,20.416504
2014-07-20,2014-07-20 11:00:00,12,22.860876,20.389795
2014-07-20,2014-07-20 12:00:00,13,39.19007,20.592825
2014-07-20,2014-07-20 13:00:00,14,29.392553,20.20027
2014-07-20,2014-07-20 14:00:00,15,29.392553,19.981525
2014-07-20,2014-07-20 15:00:00,16,26.126715,20.033218
2014-07-20,2014-07-20 16:00:00,17,24.493795,19.989721
2014-07-20,2014-07-20 17:00:00,18,26.126715,19.959864
2014-07-20,2014-07-20 18:00:00,19,24.493795,19.894928
2014-07-20,2014-07-20 19:00:00,20,24.493795,20.106228
2014-07-20,2014-07-20 20:00:00,21,26.126715,20.416069
2014-07-20,2014-07-20 21:00:00,22,24.493795,20.522705
2014-07-20,2014-07-20 22:00:00,23,26.126715,20.535347
2014-07-20,2014-07-20 23:00:00,24,24.493795,20.634853
2014-07-21,2014-07-21 00:00:00,1,26.126715,24.556568
2014-07-21,2014-07-21 01:00:00,2,27.759634,25.523628
2014-07-21,2014-07-21 02:00:00,3,27.759634,26.490543
2014-07-21,2014-07-21 03:00:00,4,37.55715,27.615204
2014-07-21,2014-07-21 04:00:00,5,52.25343,26.580593
2014-07-21,2014-07-21 05:00:00,6,14.696277,24.571003
2014-07-21,2014-07-21 06:00:00,7,0.0,23.531166
2014-07-21,2014-07-21 07:00:00,8,0.0,19.197136
2014-07-21,2014-07-21 08:00:00,9,0.0,12.612922
2014-07-21,2014-07-21 09:00:00,10,0.0,8.786085
2014-07-21,2014-07-21 10:00:00,11,0.0,3.3987913
2014-07-21,2014-07-21 11:00:00,12,0.0,0.31701756
2014-07-21,2014-07-21 12:00:00,13,0.0,1.2112007
2014-07-21,2014-07-21 13:00:00,14,0.0,0.9977274
2014-07-21,2014-07-21 14:00:00,15,0.0,0.91527843
2014-07-21,2014-07-21 15:00:00,16,0.0,2.1505203
2014-07-21,2014-07-21 16:00:00,17,0.0,1.0057392
2014-07-21,2014-07-21 17:00:00,18,0.0,2.733634
2014-07-21,2014-07-21 18:00:00,19,0.0,2.1609697
2014-07-21,2014-07-21 19:00:00,20,0.0,1.6657305
2014-07-21,2014-07-21 20:00:00,21,0.0,1.8339481
2014-07-21,2014-07-21 21:00:00,22,0.0,1.844718
2014-07-21,2014-07-21 22:00:00,23,0.0,1.5248871
2014-07-21,2014-07-21 23:00:00,24,3.2658393,1.2073917
2014-07-22,2014-07-22 00:00:00,1,40.82299,6.158496
2014-07-22,2014-07-22 01:00:00,2,29.392553,25.289572
2014-07-22,2014-07-22 02:00:00,3,26.126715,24.142136
2014-07-22,2014-07-22 03:00:00,4,26.126715,22.244814
2014-07-22,2014-07-22 04:00:00,5,27.759634,23.828865
2014-07-22,2014-07-22 05:00:00,6,26.126715,20.860401
2014-07-22,2014-07-22 06:00:00,7,39.19007,19.030773
2014-07-22,2014-07-22 07:00:00,8,0.0,9.509085
2014-07-22,2014-07-22 08:00:00,9,0.0,0.5894928
2014-07-22,2014-07-22 09:00:00,10,0.0,1.6752033
2014-07-22,2014-07-22 10:00:00,11,0.0,2.8360014
2014-07-22,2014-07-22 11:00:00,12,0.0,2.778638
2014-07-22,2014-07-22 12:00:00,13,0.0,3.2271643
2014-07-22,2014-07-22 13:00:00,14,0.0,3.2765703
2014-07-22,2014-07-22 14:00:00,15,0.0,3.2714434
2014-07-22,2014-07-22 15:00:00,16,0.0,3.6924238
2014-07-22,2014-07-22 16:00:00,17,0.0,3.352209
2014-07-22,2014-07-22 17:00:00,18,0.0,3.0478983
2014-07-22,2014-07-22 18:00:00,19,0.0,2.7960796
2014-07-22,2014-07-22 19:00:00,20,0.0,2.8572254
2014-07-22,2014-07-22 20:00:00,21,0.0,2.680995
2014-07-22,2014-07-22 21:00:00,22,0.0,2.7319489
2014-07-22,2014-07-22 22:00:00,23,0.0,3.13441
2014-07-22,2014-07-22 23:00:00,24,3.2658393,3.1918516
2014-07-23,2014-07-23 00:00:00,1,44.08883,6.678241
2014-07-23,2014-07-23 01:00:00,2,26.126715,32.64309
2014-07-23,2014-07-23 02:00:00,3,26.126715,33.35848
2014-07-23,2014-07-23 03:00:00,4,29.392553,30.807293
2014-07-23,2014-07-23 04:00:00,5,26.126715,31.279957
2014-07-23,2014-07-23 05:00:00,6,26.126715,30.289848
2014-07-23,2014-07-23 06:00:00,7,39.19007,29.54921
2014-07-23,2014-07-23 07:00:00,8,1.6329197,18.911081
2014-07-23,2014-07-23 08:00:00,9,0.0,5.9340267
2014-07-23,2014-07-23 09:00:00,10,0.0,3.4400263
2014-07-23,2014-07-23 10:00:00,11,0.0,3.1940079
2014-07-23,2014-07-23 11:00:00,12,0.0,2.9130945
2014-07-23,2014-07-23 12:00:00,13,0.0,2.918233
2014-07-23,2014-07-23 13:00:00,14,0.0,3.2639313
2014-07-23,2014-07-23 14:00:00,15,0.0,3.2409735
2014-07-23,2014-07-23 15:00:00,16,0.0,3.6141863
2014-07-23,2014-07-23 16:00:00,17,0.0,3.4250126
2014-07-23,2014-07-23 17:00:00,18,0.0,3.2348785
2014-07-23,2014-07-23 18:00:00,19,0.0,3.0475826
2014-07-23,2014-07-23 19:00:00,20,0.0,3.0653887
2014-07-23,2014-07-23 20:00:00,21,0.0,2.8262854
2014-07-23,2014-07-23 21:00:00,22,0.0,2.9047117
2014-07-23,2014-07-23 22:00:00,23,0.0,3.0797262
2014-07-23,2014-07-23 23:00:00,24,0.0,3.0507202
2014-07-24,2014-07-24 00:00:00,1,58.785107,3.411481
2014-07-24,2014-07-24 01:00:00,2,35.924232,29.064896
2014-07-24,2014-07-24 02:00:00,3,32.658394,29.565536
2014-07-24,2014-07-24 03:00:00,4,34.291313,26.76735
2014-07-24,2014-07-24 04:00:00,5,40.82299,27.334953
2014-07-24,2014-07-24 05:00:00,6,35.924232,26.310402
2014-07-24,2014-07-24 06:00:00,7,40.82299,25.613579
2014-07-24,2014-07-24 07:00:00,8,0.0,15.058064
2014-07-24,2014-07-24 08:00:00,9,0.0,2.4231243
2014-07-24,2014-07-24 09:00:00,10,0.0,0.34409904
2014-07-24,2014-07-24 10:00:00,11,0.0,0.2695694
2014-07-24,2014-07-24 11:00:00,12,0.0,-0.081318855
2014-07-24,2014-07-24 12:00:00,13,0.0,-0.06449413
2014-07-24,2014-07-24 13:00:00,14,0.0,0.2323637
2014-07-24,2014-07-24 14:00:00,15,0.0,0.19038486
2014-07-24,2014-07-24 15:00:00,16,0.0,0.5861912
2014-07-24,2014-07-24 16:00:00,17,0.0,0.61426735
2014-07-24,2014-07-24 17:00:00,18,0.0,0.34676456
2014-07-24,2014-07-24 18:00:00,19,0.0,0.2265997
2014-07-24,2014-07-24 19:00:00,20,0.0,0.2940302
2014-07-24,2014-07-24 20:00:00,21,0.0,0.10840893
2014-07-24,2014-07-24 21:00:00,22,0.0,0.14321136
2014-07-24,2014-07-24 22:00:00,23,0.0,0.2184267
2014-07-24,2014-07-24 23:00:00,24,0.0,-0.056264877
2014-07-25,2014-07-25 00:00:00,1,60.418026,3.4275045
2014-07-25,2014-07-25 01:00:00,2,31.025473,29.426346
2014-07-25,2014-07-25 02:00:00,3,34.291313,30.149292
2014-07-25,2014-07-25 03:00:00,4,35.924232,27.361824
2014-07-25,2014-07-25 04:00:00,5,34.291313,27.807377
2014-07-25,2014-07-25 05:00:00,6,37.55715,26.889606
2014-07-25,2014-07-25 06:00:00,7,45.721752,26.257835
2014-07-25,2014-07-25 07:00:00,8,0.0,15.706187
2014-07-25,2014-07-25 08:00:00,9,0.0,2.8150663
2014-07-25,2014-07-25 09:00:00,10,0.0,0.48280716
2014-07-25,2014-07-25 10:00:00,11,0.0,0.33310795
2014-07-25,2014-07-25 11:00:00,12,0.0,-0.029641151
2014-07-25,2014-07-25 12:00:00,13,0.0,-0.04752636
2014-07-25,2014-07-25 13:00:00,14,0.0,0.26028538
2014-07-25,2014-07-25 14:00:00,15,0.0,0.2079525
2014-07-25,2014-07-25 15:00:00,16,0.0,0.6002846
2014-07-25,2014-07-25 16:00:00,17,0.0,0.6101341
2014-07-25,2014-07-25 17:00:00,18,0.0,0.35444927
2014-07-25,2014-07-25 18:00:00,19,0.0,0.24468327
2014-07-25,2014-07-25 19:00:00,20,0.0,0.2955904
2014-07-25,2014-07-25 20:00:00,21,0.0,0.09941292
2014-07-25,2014-07-25 21:00:00,22,0.0,0.14047909
2014-07-25,2014-07-25 22:00:00,23,0.0,0.21139336
2014-07-25,2014-07-25 23:00:00,24,0.0,-0.06637287
2014-07-26,2014-07-26 00:00:00,1,55.519268,3.4264402
2014-07-26,2014-07-26 01:00:00,2,32.658394,29.45792
2014-07-26,2014-07-26 02:00:00,3,31.025473,30.214558
2014-07-26,2014-07-26 03:00:00,4,27.759634,27.427307
2014-07-26,2014-07-26 04:00:00,5,27.759634,27.849174
2014-07-26,2014-07-26 05:00:00,6,27.759634,26.948517
2014-07-26,2014-07-26 06:00:00,7,26.126715,26.328228
2014-07-26,2014-07-26 07:00:00,8,27.759634,15.787352
2014-07-26,2014-07-26 08:00:00,9,26.126715,2.8731194
2014-07-26,2014-07-26 09:00:00,10,27.759634,0.50404644
2014-07-26,2014-07-26 10:00:00,11,26.126715,0.34243298
2014-07-26,2014-07-26 11:00:00,12,26.126715,-0.022517204
2014-07-26,2014-07-26 12:00:00,13,26.126715,-0.04506874
2014-07-26,2014-07-26 13:00:00,14,26.126715,0.26307774
2014-07-26,2014-07-26 14:00:00,15,26.126715,0.20863533
2014-07-26,2014-07-26 15:00:00,16,24.493795,0.5995798
2014-07-26,2014-07-26 16:00:00,17,26.126715,0.6059675
2014-07-26,2014-07-26 17:00:00,18,26.126715,0.35274315
2014-07-26,2014-07-26 18:00:00,19,24.493795,0.24433708
2014-07-26,2014-07-26 19:00:00,20,27.759634,0.2927618
2014-07-26,2014-07-26 20:00:00,21,24.493795,0.0969038
2014-07-26,2014-07-26 21:00:00,22,26.126715,0.14068604
2014-07-26,2014-07-26 22:00:00,23,24.493795,0.21200275
2014-07-26,2014-07-26 23:00:00,24,26.126715,-0.06359863
2014-07-27,2014-07-27 00:00:00,1,26.126715,25.862297
2014-07-27,2014-07-27 01:00:00,2,24.493795,25.913633
2014-07-27,2014-07-27 02:00:00,3,26.126715,25.902649
2014-07-27,2014-07-27 03:00:00,4,26.126715,25.94014
2014-07-27,2014-07-27 04:00:00,5,27.759634,25.994627
2014-07-27,2014-07-27 05:00:00,6,26.126715,26.020359
2014-07-27,2014-07-27 06:00:00,7,24.493795,25.89515
2014-07-27,2014-07-27 07:00:00,8,26.126715,25.579567
2014-07-27,2014-07-27 08:00:00,9,24.493795,25.38373
2014-07-27,2014-07-27 09:00:00,10,26.126715,25.191292
2014-07-27,2014-07-27 10:00:00,11,24.493795,24.967646
2014-07-27,2014-07-27 11:00:00,12,24.493795,24.917019
2014-07-27,2014-07-27 12:00:00,13,26.126715,25.08413
2014-07-27,2014-07-27 13:00:00,14,24.493795,24.775719
2014-07-27,2014-07-27 14:00:00,15,26.126715,24.557024
2014-07-27,2014-07-27 15:00:00,16,24.493795,24.573345
2014-07-27,2014-07-27 16:00:00,17,24.493795,24.47189
2014-07-27,2014-07-27 17:00:00,18,24.493795,24.43206
2014-07-27,2014-07-27 18:00:00,19,26.126715,24.349464
2014-07-27,2014-07-27 19:00:00,20,24.493795,24.527325
2014-07-27,2014-07-27 20:00:00,21,24.493795,24.75845
2014-07-27,2014-07-27 21:00:00,22,27.759634,24.830467
2014-07-27,2014-07-27 22:00:00,23,24.493795,24.904358
2014-07-27,2014-07-27 23:00:00,24,26.126715,25.152195
2014-07-28,2014-07-28 00:00:00,1,29.392553,26.135984
2014-07-28,2014-07-28 01:00:00,2,27.759634,27.256737
2014-07-28,2014-07-28 02:00:00,3,27.759634,28.124092
2014-07-28,2014-07-28 03:00:00,4,29.392553,29.232456
2014-07-28,2014-07-28 04:00:00,5,66.94971,28.076305
2014-07-28,2014-07-28 05:00:00,6,16.329197,25.69453
2014-07-28,2014-07-28 06:00:00,7,0.0,24.157307
2014-07-28,2014-07-28 07:00:00,8,0.0,19.451353
2014-07-28,2014-07-28 08:00:00,9,0.0,12.62104
2014-07-28,2014-07-28 09:00:00,10,0.0,8.985826
2014-07-28,2014-07-28 10:00:00,11,0.0,4.0240993
2014-07-28,2014-07-28 11:00:00,12,0.0,1.2591391
2014-07-28,2014-07-28 12:00:00,13,0.0,2.3334417
2014-07-28,2014-07-28 13:00:00,14,0.0,2.2258215
2014-07-28,2014-07-28 14:00:00,15,0.0,2.0975924
2014-07-28,2014-07-28 15:00:00,16,0.0,3.448512
2014-07-28,2014-07-28 16:00:00,17,0.0,2.3023872
2014-07-28,2014-07-28 17:00:00,18,0.0,4.0609684
2014-07-28,2014-07-28 18:00:00,19,0.0,3.4245148
2014-07-28,2014-07-28 19:00:00,20,0.0,2.9144688
2014-07-28,2014-07-28 20:00:00,21,0.0,2.8913393
2014-07-28,2014-07-28 21:00:00,22,0.0,2.808545
2014-07-28,2014-07-28 22:00:00,23,0.0,2.6966352
2014-07-28,2014-07-28 23:00:00,24,1.6329197,2.7898836
2014-07-29,2014-07-29 00:00:00,1,44.08883,4.5736713
2014-07-29,2014-07-29 01:00:00,2,32.658394,24.078075
2014-07-29,2014-07-29 02:00:00,3,29.392553,22.92891
2014-07-29,2014-07-29 03:00:00,4,27.759634,20.841461
2014-07-29,2014-07-29 04:00:00,5,27.759634,22.366497
2014-07-29,2014-07-29 05:00:00,6,29.392553,19.571888
2014-07-29,2014-07-29 06:00:00,7,37.55715,17.850756
2014-07-29,2014-07-29 07:00:00,8,0.0,8.286323
2014-07-29,2014-07-29 08:00:00,9,0.0,-0.6671305
2014-07-29,2014-07-29 09:00:00,10,0.0,0.32617283
2014-07-29,2014-07-29 10:00:00,11,0.0,1.42659
2014-07-29,2014-07-29 11:00:00,12,0.0,1.3456011
2014-07-29,2014-07-29 12:00:00,13,0.0,1.7530899
2014-07-29,2014-07-29 13:00:00,14,0.0,1.7932348
2014-07-29,2014-07-29 14:00:00,15,0.0,1.7832718
2014-07-29,2014-07-29 15:00:00,16,0.0,2.2059221
2014-07-29,2014-07-29 16:00:00,17,0.0,2.0232582
2014-07-29,2014-07-29 17:00:00,18,0.0,1.6822577
2014-07-29,2014-07-29 18:00:00,19,0.0,1.4638472
2014-07-29,2014-07-29 19:00:00,20,0.0,1.5453577
2014-07-29,2014-07-29 20:00:00,21,0.0,1.3834133
2014-07-29,2014-07-29 21:00:00,22,0.0,1.394207
2014-07-29,2014-07-29 22:00:00,23,0.0,1.6781797
2014-07-29,2014-07-29 23:00:00,24,3.2658393,1.5919027
2014-07-30,2014-07-30 00:00:00,1,42.45591,6.6863456
2014-07-30,2014-07-30 01:00:00,2,29.392553,32.69298
2014-07-30,2014-07-30 02:00:00,3,26.126715,33.397877
2014-07-30,2014-07-30 03:00:00,4,26.126715,30.843483
2014-07-30,2014-07-30 04:00:00,5,26.126715,31.325893
2014-07-30,2014-07-30 05:00:00,6,27.759634,30.320633
2014-07-30,2014-07-30 06:00:00,7,35.924232,29.569916
2014-07-30,2014-07-30 07:00:00,8,1.6329197,18.906002
2014-07-30,2014-07-30 08:00:00,9,0.0,5.912257
2014-07-30,2014-07-30 09:00:00,10,0.0,3.4372892
2014-07-30,2014-07-30 10:00:00,11,0.0,3.2000313
2014-07-30,2014-07-30 11:00:00,12,0.0,2.9182892
2014-07-30,2014-07-30 12:00:00,13,0.0,2.925233
2014-07-30,2014-07-30 13:00:00,14,0.0,3.2697544
2014-07-30,2014-07-30 14:00:00,15,0.0,3.2449284
2014-07-30,2014-07-30 15:00:00,16,0.0,3.6200037
2014-07-30,2014-07-30 16:00:00,17,0.0,3.427637
2014-07-30,2014-07-30 17:00:00,18,0.0,3.2363472
2014-07-30,2014-07-30 18:00:00,19,0.0,3.0488892
2014-07-30,2014-07-30 19:00:00,20,0.0,3.0661736
2014-07-30,2014-07-30 20:00:00,21,0.0,2.8263102
2014-07-30,2014-07-30 21:00:00,22,0.0,2.90516
2014-07-30,2014-07-30 22:00:00,23,0.0,3.081026
2014-07-30,2014-07-30 23:00:00,24,1.6329197,3.050972
2014-07-31,2014-07-31 00:00:00,1,45.721752,5.0521374
2014-07-31,2014-07-31 01:00:00,2,26.126715,30.852024
2014-07-31,2014-07-31 02:00:00,3,29.392553,31.413948
2014-07-31,2014-07-31 03:00:00,4,27.759634,28.735237
2014-07-31,2014-07-31 04:00:00,5,29.392553,29.290165
2014-07-31,2014-07-31 05:00:00,6,27.759634,28.244778
2014-07-31,2014-07-31 06:00:00,7,34.291313,27.504925
2014-07-31,2014-07-31 07:00:00,8,4.898759,16.87247
2014-07-31,2014-07-31 08:00:00,9,0.0,4.0864906
2014-07-31,2014-07-31 09:00:00,10,0.0,1.8681736
2014-07-31,2014-07-31 10:00:00,11,0.0,1.7345037
2014-07-31,2014-07-31 11:00:00,12,0.0,1.4201527
2014-07-31,2014-07-31 12:00:00,13,0.0,1.4411707
2014-07-31,2014-07-31 13:00:00,14,0.0,1.7601051
2014-07-31,2014-07-31 14:00:00,15,0.0,1.7262526
2014-07-31,2014-07-31 15:00:00,16,0.0,2.1126432
2014-07-31,2014-07-31 16:00:00,17,0.0,2.0241299
2014-07-31,2014-07-31 17:00:00,18,0.0,1.7954054
2014-07-31,2014-07-31 18:00:00,19,0.0,1.6368809
2014-07-31,2014-07-31 19:00:00,20,0.0,1.680644
2014-07-31,2014-07-31 20:00:00,21,0.0,1.4703331
2014-07-31,2014-07-31 21:00:00,22,0.0,1.5267353
2014-07-31,2014-07-31 22:00:00,23,0.0,1.6553621
2014-07-31,2014-07-31 23:00:00,24,4.898759,1.5038605
2014-08-01,2014-08-01 00:00:00,1,47.35467,8.250755
2014-08-01,2014-08-01 01:00:00,2,29.392553,34.197437
2014-08-01,2014-08-01 02:00:00,3,26.126715,35.262314
2014-08-01,2014-08-01 03:00:00,4,27.759634,32.890537
2014-08-01,2014-08-01 04:00:00,5,29.392553,33.143402
2014-08-01,2014-08-01 05:00:00,6,26.126715,32.35321
2014-08-01,2014-08-01 06:00:00,7,39.19007,31.69912
2014-08-01,2014-08-01 07:00:00,8,3.2658393,21.256227
2014-08-01,2014-08-01 08:00:00,9,0.0,8.110844
2014-08-01,2014-08-01 09:00:00,10,0.0,5.075567
2014-08-01,2014-08-01 10:00:00,11,0.0,4.619611
2014-08-01,2014-08-01 11:00:00,12,0.0,4.381569
2014-08-01,2014-08-01 12:00:00,13,0.0,4.3415413
2014-08-01,2014-08-01 13:00:00,14,0.0,4.71793
2014-08-01,2014-08-01 14:00:00,15,0.0,4.717367
2014-08-01,2014-08-01 15:00:00,16,0.0,5.069526
2014-08-01,2014-08-01 16:00:00,17,0.0,4.807559
2014-08-01,2014-08-01 17:00:00,18,0.0,4.6525364
2014-08-01,2014-08-01 18:00:00,19,0.0,4.4460707
2014-08-01,2014-08-01 19:00:00,20,0.0,4.4394703
2014-08-01,2014-08-01 20:00:00,21,0.0,4.1741953
2014-08-01,2014-08-01 21:00:00,22,0.0,4.274454
2014-08-01,2014-08-01 22:00:00,23,0.0,4.4809103
2014-08-01,2014-08-01 23:00:00,24,1.6329197,4.583785
2014-08-02,2014-08-02 00:00:00,1,47.35467,5.0551233
2014-08-02,2014-08-02 01:00:00,2,31.025473,30.922424
2014-08-02,2014-08-02 02:00:00,3,27.759634,31.525074
2014-08-02,2014-08-02 03:00:00,4,29.392553,28.84459
2014-08-02,2014-08-02 04:00:00,5,26.126715,29.374172
2014-08-02,2014-08-02 05:00:00,6,27.759634,28.350388
2014-08-02,2014-08-02 06:00:00,7,27.759634,27.623606
2014-08-02,2014-08-02 07:00:00,8,32.658394,16.993574
2014-08-02,2014-08-02 08:00:00,9,35.924232,4.1627636
2014-08-02,2014-08-02 09:00:00,10,39.19007,1.8961945
2014-08-02,2014-08-02 10:00:00,11,37.55715,1.7483311
2014-08-02,2014-08-02 11:00:00,12,39.19007,1.4315348
2014-08-02,2014-08-02 12:00:00,13,39.19007,1.445569
2014-08-02,2014-08-02 13:00:00,14,39.19007,1.7645245
2014-08-02,2014-08-02 14:00:00,15,32.658394,1.7284603
2014-08-02,2014-08-02 15:00:00,16,26.126715,2.1142197
2014-08-02,2014-08-02 16:00:00,17,24.493795,2.0235653
2014-08-02,2014-08-02 17:00:00,18,24.493795,1.7957354
2014-08-02,2014-08-02 18:00:00,19,26.126715,1.6392412
2014-08-02,2014-08-02 19:00:00,20,24.493795,1.6805925
2014-08-02,2014-08-02 20:00:00,21,26.126715,1.4702301
2014-08-02,2014-08-02 21:00:00,22,26.126715,1.5288191
2014-08-02,2014-08-02 22:00:00,23,26.126715,1.6564703
2014-08-02,2014-08-02 23:00:00,24,26.126715,1.5052242
2014-08-03,2014-08-03 00:00:00,1,26.126715,25.975353
2014-08-03,2014-08-03 01:00:00,2,24.493795,26.069178
2014-08-03,2014-08-03 02:00:00,3,26.126715,26.067219
2014-08-03,2014-08-03 03:00:00,4,26.126715,26.139547
2014-08-03,2014-08-03 04:00:00,5,24.493795,26.218473
2014-08-03,2014-08-03 05:00:00,6,26.126715,26.183401
2014-08-03,2014-08-03 06:00:00,7,26.126715,26.138805
2014-08-03,2014-08-03 07:00:00,8,24.493795,25.832577
2014-08-03,2014-08-03 08:00:00,9,26.126715,25.641554
2014-08-03,2014-08-03 09:00:00,10,26.126715,25.45689
2014-08-03,2014-08-03 10:00:00,11,24.493795,25.187828
2014-08-03,2014-08-03 11:00:00,12,24.493795,25.18909
2014-08-03,2014-08-03 12:00:00,13,24.493795,25.423765
2014-08-03,2014-08-03 13:00:00,14,24.493795,25.080502
2014-08-03,2014-08-03 14:00:00,15,24.493795,24.789974
2014-08-03,2014-08-03 15:00:00,16,26.126715,24.85241
2014-08-03,2014-08-03 16:00:00,17,24.493795,24.78537
2014-08-03,2014-08-03 17:00:00,18,24.493795,24.771908
2014-08-03,2014-08-03 18:00:00,19,26.126715,24.63516
2014-08-03,2014-08-03 19:00:00,20,26.126715,24.838005
2014-08-03,2014-08-03 20:00:00,21,24.493795,25.05979
2014-08-03,2014-08-03 21:00:00,22,24.493795,25.150898
2014-08-03,2014-08-03 22:00:00,23,24.493795,25.158733
2014-08-03,2014-08-03 23:00:00,24,26.126715,25.24514
2014-08-04,2014-08-04 00:00:00,1,24.493795,26.076668
2014-08-04,2014-08-04 01:00:00,2,26.126715,27.253317
2014-08-04,2014-08-04 02:00:00,3,29.392553,28.099596
2014-08-04,2014-08-04 03:00:00,4,42.45591,29.26616
2014-08-04,2014-08-04 04:00:00,5,62.050945,28.021877
2014-08-04,2014-08-04 05:00:00,6,0.0,25.524555
2014-08-04,2014-08-04 06:00:00,7,0.0,23.804413
2014-08-04,2014-08-04 07:00:00,8,0.0,18.91423
2014-08-04,2014-08-04 08:00:00,9,0.0,11.9244175
2014-08-04,2014-08-04 09:00:00,10,0.0,8.317324
2014-08-04,2014-08-04 10:00:00,11,0.0,3.4404593
2014-08-04,2014-08-04 11:00:00,12,0.0,0.79408836
2014-08-04,2014-08-04 12:00:00,13,0.0,1.9438801
2014-08-04,2014-08-04 13:00:00,14,0.0,1.8217001
2014-08-04,2014-08-04 14:00:00,15,0.0,1.6983242
2014-08-04,2014-08-04 15:00:00,16,0.0,3.089879
2014-08-04,2014-08-04 16:00:00,17,0.0,1.9465942
2014-08-04,2014-08-04 17:00:00,18,0.0,3.7709188
2014-08-04,2014-08-04 18:00:00,19,0.0,3.138834
2014-08-04,2014-08-04 19:00:00,20,0.0,2.582632
2014-08-04,2014-08-04 20:00:00,21,0.0,2.4369965
2014-08-04,2014-08-04 21:00:00,22,0.0,2.323639
2014-08-04,2014-08-04 22:00:00,23,0.0,2.2912273
2014-08-04,2014-08-04 23:00:00,24,0.0,2.5898046
2014-08-05,2014-08-05 00:00:00,1,52.25343,2.6886044
2014-08-05,2014-08-05 01:00:00,2,34.291313,20.090187
2014-08-05,2014-08-05 02:00:00,3,34.291313,18.963247
2014-08-05,2014-08-05 03:00:00,4,35.924232,17.061672
2014-08-05,2014-08-05 04:00:00,5,39.19007,18.512999
2014-08-05,2014-08-05 05:00:00,6,37.55715,15.736545
2014-08-05,2014-08-05 06:00:00,7,50.62051,14.060801
2014-08-05,2014-08-05 07:00:00,8,0.0,5.300336
2014-08-05,2014-08-05 08:00:00,9,0.0,-2.4400072
2014-08-05,2014-08-05 09:00:00,10,0.0,-1.241786
2014-08-05,2014-08-05 10:00:00,11,0.0,-0.08441067
2014-08-05,2014-08-05 11:00:00,12,0.0,-0.120308876
2014-08-05,2014-08-05 12:00:00,13,0.0,0.27427292
2014-08-05,2014-08-05 13:00:00,14,0.0,0.22521687
2014-08-05,2014-08-05 14:00:00,15,0.0,0.24484158
2014-08-05,2014-08-05 15:00:00,16,0.0,0.6501379
2014-08-05,2014-08-05 16:00:00,17,0.0,0.63644314
2014-08-05,2014-08-05 17:00:00,18,0.0,0.23553658
2014-08-05,2014-08-05 18:00:00,19,0.0,0.06340599
2014-08-05,2014-08-05 19:00:00,20,0.0,0.15824127
2014-08-05,2014-08-05 20:00:00,21,0.0,0.028813362
2014-08-05,2014-08-05 21:00:00,22,0.0,0.014275551
2014-08-05,2014-08-05 22:00:00,23,0.0,0.231884
2014-08-05,2014-08-05 23:00:00,24,0.0,0.026753426
2014-08-06,2014-08-06 00:00:00,1,48.98759,3.4134607
2014-08-06,2014-08-06 01:00:00,2,31.025473,29.542236
2014-08-06,2014-08-06 02:00:00,3,29.392553,30.463444
2014-08-06,2014-08-06 03:00:00,4,27.759634,27.681204
2014-08-06,2014-08-06 04:00:00,5,26.126715,27.988121
2014-08-06,2014-08-06 05:00:00,6,26.126715,27.193684
2014-08-06,2014-08-06 06:00:00,7,37.55715,26.639854
2014-08-06,2014-08-06 07:00:00,8,0.0,16.18128
2014-08-06,2014-08-06 08:00:00,9,0.0,3.1690187
2014-08-06,2014-08-06 09:00:00,10,0.0,0.5950699
2014-08-06,2014-08-06 10:00:00,11,0.0,0.3688612
2014-08-06,2014-08-06 11:00:00,12,0.0,0.000104904175
2014-08-06,2014-08-06 12:00:00,13,0.0,-0.049489975
2014-08-06,2014-08-06 13:00:00,14,0.0,0.26464272
2014-08-06,2014-08-06 14:00:00,15,0.0,0.20822906
2014-08-06,2014-08-06 15:00:00,16,0.0,0.5930662
2014-08-06,2014-08-06 16:00:00,17,0.0,0.59555244
2014-08-06,2014-08-06 17:00:00,18,0.0,0.351161
2014-08-06,2014-08-06 18:00:00,19,0.0,0.24772072
2014-08-06,2014-08-06 19:00:00,20,0.0,0.2867813
2014-08-06,2014-08-06 20:00:00,21,0.0,0.09066868
2014-08-06,2014-08-06 21:00:00,22,0.0,0.13817596
2014-08-06,2014-08-06 22:00:00,23,0.0,0.2038126
2014-08-06,2014-08-06 23:00:00,24,0.0,-0.06544781
2014-08-07,2014-08-07 00:00:00,1,47.35467,3.4186163
2014-08-07,2014-08-07 01:00:00,2,31.025473,29.062096
2014-08-07,2014-08-07 02:00:00,3,27.759634,29.520912
2014-08-07,2014-08-07 03:00:00,4,26.126715,26.725483
2014-08-07,2014-08-07 04:00:00,5,26.126715,27.324951
2014-08-07,2014-08-07 05:00:00,6,26.126715,26.259636
2014-08-07,2014-08-07 06:00:00,7,37.55715,25.53782
2014-08-07,2014-08-07 07:00:00,8,0.0,14.947061
2014-08-07,2014-08-07 08:00:00,9,0.0,2.3317642
2014-08-07,2014-08-07 09:00:00,10,0.0,0.31808472
2014-08-07,2014-08-07 10:00:00,11,0.0,0.26744175
2014-08-07,2014-08-07 11:00:00,12,0.0,-0.08181763
2014-08-07,2014-08-07 12:00:00,13,0.0,-0.056770325
2014-08-07,2014-08-07 13:00:00,14,0.0,0.23719215
2014-08-07,2014-08-07 14:00:00,15,0.0,0.19435215
2014-08-07,2014-08-07 15:00:00,16,0.0,0.59277534
2014-08-07,2014-08-07 16:00:00,17,0.0,0.6189766
2014-08-07,2014-08-07 17:00:00,18,0.0,0.3488264
2014-08-07,2014-08-07 18:00:00,19,0.0,0.22764969
2014-08-07,2014-08-07 19:00:00,20,0.0,0.29715824
2014-08-07,2014-08-07 20:00:00,21,0.0,0.110795975
2014-08-07,2014-08-07 21:00:00,22,0.0,0.14540958
2014-08-07,2014-08-07 22:00:00,23,0.0,0.22289944
2014-08-07,2014-08-07 23:00:00,24,1.6329197,-0.054153442
2014-08-08,2014-08-08 00:00:00,1,48.98759,5.0549974
2014-08-08,2014-08-08 01:00:00,2,31.025473,30.8652
2014-08-08,2014-08-08 02:00:00,3,27.759634,31.421532
2014-08-08,2014-08-08 03:00:00,4,29.392553,28.743464
2014-08-08,2014-08-08 04:00:00,5,27.759634,29.303665
2014-08-08,2014-08-08 05:00:00,6,27.759634,28.248785
2014-08-08,2014-08-08 06:00:00,7,39.19007,27.503265
2014-08-08,2014-08-08 07:00:00,8,1.6329197,16.859531
2014-08-08,2014-08-08 08:00:00,9,0.0,4.0709515
2014-08-08,2014-08-08 09:00:00,10,0.0,1.8649235
2014-08-08,2014-08-08 10:00:00,11,0.0,1.7361517
2014-08-08,2014-08-08 11:00:00,12,0.0,1.4216194
2014-08-08,2014-08-08 12:00:00,13,0.0,1.4441729
2014-08-08,2014-08-08 13:00:00,14,0.0,1.7625647
2014-08-08,2014-08-08 14:00:00,15,0.0,1.7279415
2014-08-08,2014-08-08 15:00:00,16,0.0,2.1148624
2014-08-08,2014-08-08 16:00:00,17,0.0,2.0247593
2014-08-08,2014-08-08 17:00:00,18,0.0,1.795866
2014-08-08,2014-08-08 18:00:00,19,0.0,1.6373835
2014-08-08,2014-08-08 19:00:00,20,0.0,1.6811333
2014-08-08,2014-08-08 20:00:00,21,0.0,1.470357
2014-08-08,2014-08-08 21:00:00,22,0.0,1.5272102
2014-08-08,2014-08-08 22:00:00,23,0.0,1.6567211
2014-08-08,2014-08-08 23:00:00,24,0.0,1.5046558
2014-08-09,2014-08-09 00:00:00,1,32.658394,3.4165583
2014-08-09,2014-08-09 01:00:00,2,29.392553,29.145012
2014-08-09,2014-08-09 02:00:00,3,27.759634,29.68296
2014-08-09,2014-08-09 03:00:00,4,27.759634,26.884754
2014-08-09,2014-08-09 04:00:00,5,26.126715,27.431213
2014-08-09,2014-08-09 05:00:00,6,26.126715,26.420826
2014-08-09,2014-08-09 06:00:00,7,27.759634,25.732811
2014-08-09,2014-08-09 07:00:00,8,26.126715,15.1695
2014-08-09,2014-08-09 08:00:00,9,24.493795,2.4860954
2014-08-09,2014-08-09 09:00:00,10,26.126715,0.36833
2014-08-09,2014-08-09 10:00:00,11,26.126715,0.28323174
2014-08-09,2014-08-09 11:00:00,12,27.759634,-0.07037544
2014-08-09,2014-08-09 12:00:00,13,24.493795,-0.05911827
2014-08-09,2014-08-09 13:00:00,14,26.126715,0.23819065
2014-08-09,2014-08-09 14:00:00,15,26.126715,0.19360065
2014-08-09,2014-08-09 15:00:00,16,24.493795,0.58869743
2014-08-09,2014-08-09 16:00:00,17,24.493795,0.61265373
2014-08-09,2014-08-09 17:00:00,18,24.493795,0.34663582
2014-08-09,2014-08-09 18:00:00,19,26.126715,0.22842312
2014-08-09,2014-08-09 19:00:00,20,24.493795,0.2934847
2014-08-09,2014-08-09 20:00:00,21,24.493795,0.10723019
2014-08-09,2014-08-09 21:00:00,22,24.493795,0.14457226
2014-08-09,2014-08-09 22:00:00,23,24.493795,0.2200203
2014-08-09,2014-08-09 23:00:00,24,27.759634,-0.054780006
2014-08-10,2014-08-10 00:00:00,1,24.493795,27.238571
2014-08-10,2014-08-10 01:00:00,2,26.126715,27.195019
2014-08-10,2014-08-10 02:00:00,3,27.759634,27.068726
2014-08-10,2014-08-10 03:00:00,4,26.126715,27.057268
2014-08-10,2014-08-10 04:00:00,5,24.493795,27.020752
2014-08-10,2014-08-10 05:00:00,6,24.493795,27.189499
2014-08-10,2014-08-10 06:00:00,7,24.493795,26.84254
2014-08-10,2014-08-10 07:00:00,8,24.493795,26.408728
2014-08-10,2014-08-10 08:00:00,9,21.227955,26.12714
2014-08-10,2014-08-10 09:00:00,10,21.227955,25.950783
2014-08-10,2014-08-10 10:00:00,11,19.595036,25.71048
2014-08-10,2014-08-10 11:00:00,12,21.227955,25.566162
2014-08-10,2014-08-10 12:00:00,13,31.025473,25.664104
2014-08-10,2014-08-10 13:00:00,14,27.759634,25.5756
2014-08-10,2014-08-10 14:00:00,15,24.493795,25.34621
2014-08-10,2014-08-10 15:00:00,16,24.493795,25.257854
2014-08-10,2014-08-10 16:00:00,17,24.493795,25.048798
2014-08-10,2014-08-10 17:00:00,18,24.493795,25.004475
2014-08-10,2014-08-10 18:00:00,19,24.493795,24.939455
2014-08-10,2014-08-10 19:00:00,20,22.860876,25.028744
2014-08-10,2014-08-10 20:00:00,21,24.493795,25.013554
2014-08-10,2014-08-10 21:00:00,22,24.493795,24.982815
2014-08-10,2014-08-10 22:00:00,23,24.493795,25.20123
2014-08-10,2014-08-10 23:00:00,24,26.126715,25.750563
2014-08-11,2014-08-11 00:00:00,1,58.785107,26.030926
2014-08-11,2014-08-11 01:00:00,2,29.392553,27.014698
2014-08-11,2014-08-11 02:00:00,3,27.759634,27.875084
2014-08-11,2014-08-11 03:00:00,4,34.291313,29.049534
2014-08-11,2014-08-11 04:00:00,5,29.392553,27.803152
2014-08-11,2014-08-11 05:00:00,6,17.962116,25.581657
2014-08-11,2014-08-11 06:00:00,7,0.0,24.16288
2014-08-11,2014-08-11 07:00:00,8,0.0,19.595066
2014-08-11,2014-08-11 08:00:00,9,0.0,12.753955
2014-08-11,2014-08-11 09:00:00,10,0.0,8.88925
2014-08-11,2014-08-11 10:00:00,11,0.0,3.6100082
2014-08-11,2014-08-11 11:00:00,12,0.0,0.66882133
2014-08-11,2014-08-11 12:00:00,13,0.0,1.6052446
2014-08-11,2014-08-11 13:00:00,14,0.0,1.373126
2014-08-11,2014-08-11 14:00:00,15,0.0,1.2458582
2014-08-11,2014-08-11 15:00:00,16,0.0,2.5680904
2014-08-11,2014-08-11 16:00:00,17,0.0,1.4765301
2014-08-11,2014-08-11 17:00:00,18,0.0,3.232586
2014-08-11,2014-08-11 18:00:00,19,0.0,2.7284155
2014-08-11,2014-08-11 19:00:00,20,0.0,2.2417173
2014-08-11,2014-08-11 20:00:00,21,0.0,2.1760254
2014-08-11,2014-08-11 21:00:00,22,0.0,2.1347723
2014-08-11,2014-08-11 22:00:00,23,0.0,2.0305538
2014-08-11,2014-08-11 23:00:00,24,1.6329197,2.1416779
2014-08-12,2014-08-12 00:00:00,1,44.08883,4.2713146
2014-08-12,2014-08-12 01:00:00,2,26.126715,21.343395
2014-08-12,2014-08-12 02:00:00,3,26.126715,20.236343
2014-08-12,2014-08-12 03:00:00,4,26.126715,18.494663
2014-08-12,2014-08-12 04:00:00,5,27.759634,19.987452
2014-08-12,2014-08-12 05:00:00,6,27.759634,17.074783
2014-08-12,2014-08-12 06:00:00,7,34.291313,15.318167
2014-08-12,2014-08-12 07:00:00,8,4.898759,6.6386213
2014-08-12,2014-08-12 08:00:00,9,0.0,-1.0572433
2014-08-12,2014-08-12 09:00:00,10,0.0,0.18190765
2014-08-12,2014-08-12 10:00:00,11,0.0,1.3671217
2014-08-12,2014-08-12 11:00:00,12,0.0,1.3404589
2014-08-12,2014-08-12 12:00:00,13,0.0,1.7711582
2014-08-12,2014-08-12 13:00:00,14,0.0,1.7294064
2014-08-12,2014-08-12 14:00:00,15,0.0,1.7493496
2014-08-12,2014-08-12 15:00:00,16,0.0,2.1451368
2014-08-12,2014-08-12 16:00:00,17,0.0,1.9552927
2014-08-12,2014-08-12 17:00:00,18,0.0,1.5999937
2014-08-12,2014-08-12 18:00:00,19,0.0,1.3931026
2014-08-12,2014-08-12 19:00:00,20,0.0,1.4712315
2014-08-12,2014-08-12 20:00:00,21,0.0,1.3497477
2014-08-12,2014-08-12 21:00:00,22,0.0,1.3882027
2014-08-12,2014-08-12 22:00:00,23,0.0,1.7270527
2014-08-12,2014-08-12 23:00:00,24,1.6329197,1.6761045
2014-08-13,2014-08-13 00:00:00,1,48.98759,5.003524
2014-08-13,2014-08-13 01:00:00,2,35.924232,30.878876
2014-08-13,2014-08-13 02:00:00,3,32.658394,31.822441
2014-08-13,2014-08-13 03:00:00,4,32.658394,29.173954
2014-08-13,2014-08-13 04:00:00,5,32.658394,29.47049
2014-08-13,2014-08-13 05:00:00,6,32.658394,28.694328
2014-08-13,2014-08-13 06:00:00,7,31.025473,28.119987
2014-08-13,2014-08-13 07:00:00,8,14.696277,17.726698
2014-08-13,2014-08-13 08:00:00,9,0.0,4.773305
2014-08-13,2014-08-13 09:00:00,10,0.0,2.057931
2014-08-13,2014-08-13 10:00:00,11,0.0,1.7637835
2014-08-13,2014-08-13 11:00:00,12,0.0,1.4496603
2014-08-13,2014-08-13 12:00:00,13,0.0,1.407198
2014-08-13,2014-08-13 13:00:00,14,0.0,1.7377405
2014-08-13,2014-08-13 14:00:00,15,0.0,1.7087278
2014-08-13,2014-08-13 15:00:00,16,0.0,2.0799818
2014-08-13,2014-08-13 16:00:00,17,0.0,2.0053015
2014-08-13,2014-08-13 17:00:00,18,0.0,1.7892523
2014-08-13,2014-08-13 18:00:00,19,0.0,1.6436386
2014-08-13,2014-08-13 19:00:00,20,0.0,1.674962
2014-08-13,2014-08-13 20:00:00,21,0.0,1.468586
2014-08-13,2014-08-13 21:00:00,22,0.0,1.5305891
2014-08-13,2014-08-13 22:00:00,23,0.0,1.6415958
2014-08-13,2014-08-13 23:00:00,24,0.0,1.4991064
2014-08-14,2014-08-14 00:00:00,1,48.98759,3.3411102
2014-08-14,2014-08-14 01:00:00,2,27.759634,29.219387
2014-08-14,2014-08-14 02:00:00,3,29.392553,30.404205
2014-08-14,2014-08-14 03:00:00,4,29.392553,27.662619
2014-08-14,2014-08-14 04:00:00,5,27.759634,27.77573
2014-08-14,2014-08-14 05:00:00,6,27.759634,27.185047
2014-08-14,2014-08-14 06:00:00,7,32.658394,26.753471
2014-08-14,2014-08-14 07:00:00,8,14.696277,16.558517
2014-08-14,2014-08-14 08:00:00,9,0.0,3.5813646
2014-08-14,2014-08-14 09:00:00,10,0.0,0.66000843
2014-08-14,2014-08-14 10:00:00,11,0.0,0.32956123
2014-08-14,2014-08-14 11:00:00,12,0.0,-0.021294594
2014-08-14,2014-08-14 12:00:00,13,0.0,-0.109415054
2014-08-14,2014-08-14 13:00:00,14,0.0,0.2054739
2014-08-14,2014-08-14 14:00:00,15,0.0,0.16487122
2014-08-14,2014-08-14 15:00:00,16,0.0,0.53776455
2014-08-14,2014-08-14 16:00:00,17,0.0,0.5675373
2014-08-14,2014-08-14 17:00:00,18,0.0,0.3238554
2014-08-14,2014-08-14 18:00:00,19,0.0,0.222929
2014-08-14,2014-08-14 19:00:00,20,0.0,0.26441574
2014-08-14,2014-08-14 20:00:00,21,0.0,0.08793354
2014-08-14,2014-08-14 21:00:00,22,0.0,0.14011097
2014-08-14,2014-08-14 22:00:00,23,0.0,0.19647408
2014-08-14,2014-08-14 23:00:00,24,1.6329197,-0.052667618
2014-08-15,2014-08-15 00:00:00,1,53.88635,4.8490276
2014-08-15,2014-08-15 01:00:00,2,34.291313,30.439777
2014-08-15,2014-08-15 02:00:00,3,27.759634,32.467503
2014-08-15,2014-08-15 03:00:00,4,26.126715,30.100655
2014-08-15,2014-08-15 04:00:00,5,27.759634,29.750542
2014-08-15,2014-08-15 05:00:00,6,26.126715,29.467514
2014-08-15,2014-08-15 06:00:00,7,27.759634,29.195587
2014-08-15,2014-08-15 07:00:00,8,26.126715,19.411516
2014-08-15,2014-08-15 08:00:00,9,24.493795,6.2406025
2014-08-15,2014-08-15 09:00:00,10,26.126715,2.3765812
2014-08-15,2014-08-15 10:00:00,11,24.493795,1.763216
2014-08-15,2014-08-15 11:00:00,12,22.860876,1.507226
2014-08-15,2014-08-15 12:00:00,13,24.493795,1.3503313
2014-08-15,2014-08-15 13:00:00,14,22.860876,1.6918783
2014-08-15,2014-08-15 14:00:00,15,24.493795,1.6733751
2014-08-15,2014-08-15 15:00:00,16,22.860876,2.021926
2014-08-15,2014-08-15 16:00:00,17,24.493795,1.9637794
2014-08-15,2014-08-15 17:00:00,18,22.860876,1.7716913
2014-08-15,2014-08-15 18:00:00,19,26.126715,1.6503582
2014-08-15,2014-08-15 19:00:00,20,22.860876,1.6546783
2014-08-15,2014-08-15 20:00:00,21,24.493795,1.4594727
2014-08-15,2014-08-15 21:00:00,22,24.493795,1.5452452
2014-08-15,2014-08-15 22:00:00,23,24.493795,1.6302462
2014-08-15,2014-08-15 23:00:00,24,26.126715,1.5239687
2014-08-16,2014-08-16 00:00:00,1,29.392553,25.79359
2014-08-16,2014-08-16 01:00:00,2,22.860876,25.810308
2014-08-16,2014-08-16 02:00:00,3,24.493795,25.75175
2014-08-16,2014-08-16 03:00:00,4,24.493795,25.766113
2014-08-16,2014-08-16 04:00:00,5,26.126715,25.76036
2014-08-16,2014-08-16 05:00:00,6,24.493795,25.820518
2014-08-16,2014-08-16 06:00:00,7,24.493795,25.602243
2014-08-16,2014-08-16 07:00:00,8,24.493795,25.221912
2014-08-16,2014-08-16 08:00:00,9,24.493795,24.984303
2014-08-16,2014-08-16 09:00:00,10,22.860876,24.800003
2014-08-16,2014-08-16 10:00:00,11,26.126715,24.58046
2014-08-16,2014-08-16 11:00:00,12,22.860876,24.481024
2014-08-16,2014-08-16 12:00:00,13,22.860876,24.601131
2014-08-16,2014-08-16 13:00:00,14,22.860876,24.42154
2014-08-16,2014-08-16 14:00:00,15,24.493795,24.182564
2014-08-16,2014-08-16 15:00:00,16,22.860876,24.143423
2014-08-16,2014-08-16 16:00:00,17,22.860876,23.9896
2014-08-16,2014-08-16 17:00:00,18,24.493795,23.928192
2014-08-16,2014-08-16 18:00:00,19,22.860876,23.863388
2014-08-16,2014-08-16 19:00:00,20,24.493795,23.982975
2014-08-16,2014-08-16 20:00:00,21,24.493795,24.104391
2014-08-16,2014-08-16 21:00:00,22,22.860876,24.173914
2014-08-16,2014-08-16 22:00:00,23,24.493795,24.354084
2014-08-16,2014-08-16 23:00:00,24,24.493795,24.7042
2014-08-17,2014-08-17 00:00:00,1,24.493795,24.553349
2014-08-17,2014-08-17 01:00:00,2,22.860876,25.712189
2014-08-17,2014-08-17 02:00:00,3,24.493795,26.542091
2014-08-17,2014-08-17 03:00:00,4,24.493795,27.63367
2014-08-17,2014-08-17 04:00:00,5,24.493795,26.488686
2014-08-17,2014-08-17 05:00:00,6,24.493795,23.957815
2014-08-17,2014-08-17 06:00:00,7,24.493795,22.343624
2014-08-17,2014-08-17 07:00:00,8,24.493795,17.7314
2014-08-17,2014-08-17 08:00:00,9,22.860876,11.289208
2014-08-17,2014-08-17 09:00:00,10,22.860876,8.040325
2014-08-17,2014-08-17 10:00:00,11,24.493795,3.4192133
2014-08-17,2014-08-17 11:00:00,12,22.860876,0.87464905
2014-08-17,2014-08-17 12:00:00,13,22.860876,1.9798155
2014-08-17,2014-08-17 13:00:00,14,24.493795,1.9636316
2014-08-17,2014-08-17 14:00:00,15,22.860876,1.762186
2014-08-17,2014-08-17 15:00:00,16,24.493795,3.1266737
2014-08-17,2014-08-17 16:00:00,17,24.493795,1.9563789
2014-08-17,2014-08-17 17:00:00,18,22.860876,3.618865
2014-08-17,2014-08-17 18:00:00,19,26.126715,2.844738
2014-08-17,2014-08-17 19:00:00,20,26.126715,2.2657137
2014-08-17,2014-08-17 20:00:00,21,24.493795,2.1840553
2014-08-17,2014-08-17 21:00:00,22,24.493795,2.1322718
2014-08-17,2014-08-17 22:00:00,23,26.126715,2.1188087
2014-08-17,2014-08-17 23:00:00,24,24.493795,2.2757425
2014-08-18,2014-08-18 00:00:00,1,26.126715,24.525387
2014-08-18,2014-08-18 01:00:00,2,26.126715,24.753815
2014-08-18,2014-08-18 02:00:00,3,31.025473,25.263569
2014-08-18,2014-08-18 03:00:00,4,32.658394,25.54512
2014-08-18,2014-08-18 04:00:00,5,55.519268,25.196632
2014-08-18,2014-08-18 05:00:00,6,35.924232,26.167835
2014-08-18,2014-08-18 06:00:00,7,0.0,26.36982
2014-08-18,2014-08-18 07:00:00,8,0.0,25.200716
2014-08-18,2014-08-18 08:00:00,9,0.0,23.629208
2014-08-18,2014-08-18 09:00:00,10,0.0,22.930195
2014-08-18,2014-08-18 10:00:00,11,0.0,18.602732
2014-08-18,2014-08-18 11:00:00,12,0.0,14.498243
2014-08-18,2014-08-18 12:00:00,13,0.0,10.765705
2014-08-18,2014-08-18 13:00:00,14,0.0,7.558515
2014-08-18,2014-08-18 14:00:00,15,0.0,6.1980333
2014-08-18,2014-08-18 15:00:00,16,0.0,5.8382664
2014-08-18,2014-08-18 16:00:00,17,0.0,5.147644
2014-08-18,2014-08-18 17:00:00,18,0.0,5.4569225
2014-08-18,2014-08-18 18:00:00,19,0.0,5.0842433
2014-08-18,2014-08-18 19:00:00,20,0.0,5.3258524
2014-08-18,2014-08-18 20:00:00,21,0.0,5.931138
2014-08-18,2014-08-18 21:00:00,22,0.0,6.0371313
2014-08-18,2014-08-18 22:00:00,23,0.0,5.8542094
2014-08-18,2014-08-18 23:00:00,24,0.0,5.583881
2014-08-19,2014-08-19 00:00:00,1,42.45591,-0.00019359589
2014-08-19,2014-08-19 01:00:00,2,19.595036,-0.027188301
2014-08-19,2014-08-19 02:00:00,3,17.962116,-0.034748077
2014-08-19,2014-08-19 03:00:00,4,17.962116,-0.0033874512
2014-08-19,2014-08-19 04:00:00,5,16.329197,-0.01871109
2014-08-19,2014-08-19 05:00:00,6,16.329197,-0.032876015
2014-08-19,2014-08-19 06:00:00,7,29.392553,-0.016867638
2014-08-19,2014-08-19 07:00:00,8,0.0,-0.040192604
2014-08-19,2014-08-19 08:00:00,9,0.0,-0.01375103
2014-08-19,2014-08-19 09:00:00,10,0.0,-0.042121887
2014-08-19,2014-08-19 10:00:00,11,0.0,-0.04878807
2014-08-19,2014-08-19 11:00:00,12,0.0,-0.06021309
2014-08-19,2014-08-19 12:00:00,13,0.0,-0.06060314
2014-08-19,2014-08-19 13:00:00,14,0.0,-0.07393932
2014-08-19,2014-08-19 14:00:00,15,0.0,-0.058469772
2014-08-19,2014-08-19 15:00:00,16,0.0,-0.09763718
2014-08-19,2014-08-19 16:00:00,17,0.0,-0.055113792
2014-08-19,2014-08-19 17:00:00,18,0.0,-0.09294796
2014-08-19,2014-08-19 18:00:00,19,0.0,-0.06687164
2014-08-19,2014-08-19 19:00:00,20,0.0,-0.070874214
2014-08-19,2014-08-19 20:00:00,21,0.0,-0.05851841
2014-08-19,2014-08-19 21:00:00,22,0.0,-0.033106804
2014-08-19,2014-08-19 22:00:00,23,0.0,0.0026855469
2014-08-19,2014-08-19 23:00:00,24,0.0,-0.013475418
2014-08-20,2014-08-20 00:00:00,1,45.721752,3.3672218
2014-08-20,2014-08-20 01:00:00,2,16.329197,28.393587
2014-08-20,2014-08-20 02:00:00,3,17.962116,28.622665
2014-08-20,2014-08-20 03:00:00,4,16.329197,25.841309
2014-08-20,2014-08-20 04:00:00,5,16.329197,26.547853
2014-08-20,2014-08-20 05:00:00,6,16.329197,25.378979
2014-08-20,2014-08-20 06:00:00,7,26.126715,24.598005
2014-08-20,2014-08-20 07:00:00,8,0.0,14.112828
2014-08-20,2014-08-20 08:00:00,9,0.0,1.8949776
2014-08-20,2014-08-20 09:00:00,10,0.0,0.15024662
2014-08-20,2014-08-20 10:00:00,11,0.0,0.17284298
2014-08-20,2014-08-20 11:00:00,12,0.0,-0.15588284
2014-08-20,2014-08-20 12:00:00,13,0.0,-0.08971405
2014-08-20,2014-08-20 13:00:00,14,0.0,0.19788456
2014-08-20,2014-08-20 14:00:00,15,0.0,0.17027187
2014-08-20,2014-08-20 15:00:00,16,0.0,0.5669985
2014-08-20,2014-08-20 16:00:00,17,0.0,0.6154289
2014-08-20,2014-08-20 17:00:00,18,0.0,0.34009838
2014-08-20,2014-08-20 18:00:00,19,0.0,0.20527649
2014-08-20,2014-08-20 19:00:00,20,0.0,0.28897762
2014-08-20,2014-08-20 20:00:00,21,0.0,0.11365986
2014-08-20,2014-08-20 21:00:00,22,0.0,0.1399374
2014-08-20,2014-08-20 22:00:00,23,0.0,0.22322083
2014-08-20,2014-08-20 23:00:00,24,0.0,-0.04578209
2014-08-21,2014-08-21 00:00:00,1,47.35467,3.3737402
2014-08-21,2014-08-21 01:00:00,2,21.227955,28.214058
2014-08-21,2014-08-21 02:00:00,3,19.595036,28.278687
2014-08-21,2014-08-21 03:00:00,4,16.329197,25.509106
2014-08-21,2014-08-21 04:00:00,5,16.329197,26.32685
2014-08-21,2014-08-21 05:00:00,6,17.962116,25.023697
2014-08-21,2014-08-21 06:00:00,7,27.759634,24.159613
2014-08-21,2014-08-21 07:00:00,8,0.0,13.616473
2014-08-21,2014-08-21 08:00:00,9,0.0,1.5490723
2014-08-21,2014-08-21 09:00:00,10,0.0,0.044326782
2014-08-21,2014-08-21 10:00:00,11,0.0,0.15239048
2014-08-21,2014-08-21 11:00:00,12,0.0,-0.16539955
2014-08-21,2014-08-21 12:00:00,13,0.0,-0.06959534
2014-08-21,2014-08-21 13:00:00,14,0.0,0.20661926
2014-08-21,2014-08-21 14:00:00,15,0.0,0.1796751
2014-08-21,2014-08-21 15:00:00,16,0.0,0.5854206
2014-08-21,2014-08-21 16:00:00,17,0.0,0.6329422
2014-08-21,2014-08-21 17:00:00,18,0.0,0.34749126
2014-08-21,2014-08-21 18:00:00,19,0.0,0.20689583
2014-08-21,2014-08-21 19:00:00,20,0.0,0.29728794
2014-08-21,2014-08-21 20:00:00,21,0.0,0.12014961
2014-08-21,2014-08-21 21:00:00,22,0.0,0.14067745
2014-08-21,2014-08-21 22:00:00,23,0.0,0.22885895
2014-08-21,2014-08-21 23:00:00,24,0.0,-0.045269966
2014-08-22,2014-08-22 00:00:00,1,44.08883,3.3819342
2014-08-22,2014-08-22 01:00:00,2,19.595036,28.377026
2014-08-22,2014-08-22 02:00:00,3,16.329197,28.513012
2014-08-22,2014-08-22 03:00:00,4,16.329197,25.734394
2014-08-22,2014-08-22 04:00:00,5,16.329197,26.51147
2014-08-22,2014-08-22 05:00:00,6,16.329197,25.258556
2014-08-22,2014-08-22 06:00:00,7,27.759634,24.424347
2014-08-22,2014-08-22 07:00:00,8,0.0,13.872393
2014-08-22,2014-08-22 08:00:00,9,0.0,1.7010193
2014-08-22,2014-08-22 09:00:00,10,0.0,0.09574509
2014-08-22,2014-08-22 10:00:00,11,0.0,0.17129421
2014-08-22,2014-08-22 11:00:00,12,0.0,-0.15281677
2014-08-22,2014-08-22 12:00:00,13,0.0,-0.07067871
2014-08-22,2014-08-22 13:00:00,14,0.0,0.20912647
2014-08-22,2014-08-22 14:00:00,15,0.0,0.18003368
2014-08-22,2014-08-22 15:00:00,16,0.0,0.58433056
2014-08-22,2014-08-22 16:00:00,17,0.0,0.6297045
2014-08-22,2014-08-22 17:00:00,18,0.0,0.34668446
2014-08-22,2014-08-22 18:00:00,19,0.0,0.20928478
2014-08-22,2014-08-22 19:00:00,20,0.0,0.29665375
2014-08-22,2014-08-22 20:00:00,21,0.0,0.11888313
2014-08-22,2014-08-22 21:00:00,22,0.0,0.14177895
2014-08-22,2014-08-22 22:00:00,23,0.0,0.22723389
2014-08-22,2014-08-22 23:00:00,24,0.0,-0.046705246
2014-08-23,2014-08-23 00:00:00,1,42.45591,3.374774
2014-08-23,2014-08-23 01:00:00,2,16.329197,28.2804
2014-08-23,2014-08-23 02:00:00,3,16.329197,28.385372
2014-08-23,2014-08-23 03:00:00,4,14.696277,25.611526
2014-08-23,2014-08-23 04:00:00,5,14.696277,26.404316
2014-08-23,2014-08-23 05:00:00,6,13.063357,25.13363
2014-08-23,2014-08-23 06:00:00,7,14.696277,24.289349
2014-08-23,2014-08-23 07:00:00,8,13.063357,13.752568
2014-08-23,2014-08-23 08:00:00,9,11.430438,1.6374598
2014-08-23,2014-08-23 09:00:00,10,13.063357,0.07290459
2014-08-23,2014-08-23 10:00:00,11,24.493795,0.15982628
2014-08-23,2014-08-23 11:00:00,12,32.658394,-0.1613636
2014-08-23,2014-08-23 12:00:00,13,27.759634,-0.07316017
2014-08-23,2014-08-23 13:00:00,14,22.860876,0.2059679
2014-08-23,2014-08-23 14:00:00,15,27.759634,0.17839241
2014-08-23,2014-08-23 15:00:00,16,22.860876,0.58245945
2014-08-23,2014-08-23 16:00:00,17,21.227955,0.62964725
2014-08-23,2014-08-23 17:00:00,18,21.227955,0.34647465
2014-08-23,2014-08-23 18:00:00,19,21.227955,0.20752048
2014-08-23,2014-08-23 19:00:00,20,21.227955,0.29610538
2014-08-23,2014-08-23 20:00:00,21,21.227955,0.118738174
2014-08-23,2014-08-23 21:00:00,22,24.493795,0.14049149
2014-08-23,2014-08-23 22:00:00,23,21.227955,0.22724533
2014-08-23,2014-08-23 23:00:00,24,22.860876,-0.046245575
2014-08-24,2014-08-24 00:00:00,1,21.227955,22.669743
2014-08-24,2014-08-24 01:00:00,2,21.227955,22.732136
2014-08-24,2014-08-24 02:00:00,3,22.860876,22.678864
2014-08-24,2014-08-24 03:00:00,4,22.860876,22.620937
2014-08-24,2014-08-24 04:00:00,5,21.227955,22.62947
2014-08-24,2014-08-24 05:00:00,6,22.860876,22.47118
2014-08-24,2014-08-24 06:00:00,7,21.227955,22.469063
2014-08-24,2014-08-24 07:00:00,8,22.860876,22.139
2014-08-24,2014-08-24 08:00:00,9,21.227955,22.032894
2014-08-24,2014-08-24 09:00:00,10,21.227955,21.87561
2014-08-24,2014-08-24 10:00:00,11,21.227955,21.678844
2014-08-24,2014-08-24 11:00:00,12,21.227955,21.581394
2014-08-24,2014-08-24 12:00:00,13,22.860876,21.817339
2014-08-24,2014-08-24 13:00:00,14,21.227955,21.516579
2014-08-24,2014-08-24 14:00:00,15,19.595036,21.2257
2014-08-24,2014-08-24 15:00:00,16,22.860876,21.288391
2014-08-24,2014-08-24 16:00:00,17,21.227955,21.32203
2014-08-24,2014-08-24 17:00:00,18,21.227955,21.356293
2014-08-24,2014-08-24 18:00:00,19,21.227955,21.365156
2014-08-24,2014-08-24 19:00:00,20,19.595036,21.581997
2014-08-24,2014-08-24 20:00:00,21,22.860876,21.695238
2014-08-24,2014-08-24 21:00:00,22,22.860876,21.691645
2014-08-24,2014-08-24 22:00:00,23,21.227955,21.618507
2014-08-24,2014-08-24 23:00:00,24,21.227955,21.488861
2014-08-25,2014-08-25 00:00:00,1,26.126715,21.38889
2014-08-25,2014-08-25 01:00:00,2,47.35467,22.748306
2014-08-25,2014-08-25 02:00:00,3,32.658394,22.437864
2014-08-25,2014-08-25 03:00:00,4,29.392553,22.088877
2014-08-25,2014-08-25 04:00:00,5,29.392553,18.473434
2014-08-25,2014-08-25 05:00:00,6,16.329197,12.13297
2014-08-25,2014-08-25 06:00:00,7,0.0,8.464884
2014-08-25,2014-08-25 07:00:00,8,0.0,4.2623653
2014-08-25,2014-08-25 08:00:00,9,0.0,0.14742565
2014-08-25,2014-08-25 09:00:00,10,0.0,-0.45733738
2014-08-25,2014-08-25 10:00:00,11,0.0,-1.8618641
2014-08-25,2014-08-25 11:00:00,12,0.0,-3.132823
2014-08-25,2014-08-25 12:00:00,13,0.0,-0.90255356
2014-08-25,2014-08-25 13:00:00,14,0.0,-0.38767338
2014-08-25,2014-08-25 14:00:00,15,0.0,-0.93636894
2014-08-25,2014-08-25 15:00:00,16,0.0,0.3250227
2014-08-25,2014-08-25 16:00:00,17,0.0,-0.83878994
2014-08-25,2014-08-25 17:00:00,18,0.0,0.2035532
2014-08-25,2014-08-25 18:00:00,19,0.0,-0.39173794
2014-08-25,2014-08-25 19:00:00,20,0.0,-1.0556183
2014-08-25,2014-08-25 20:00:00,21,0.0,-0.945138
2014-08-25,2014-08-25 21:00:00,22,0.0,0.3823223
2014-08-25,2014-08-25 22:00:00,23,68.58263,1.988656
2014-08-25,2014-08-25 23:00:00,24,68.58263,3.4386997
2014-08-26,2014-08-26 00:00:00,1,37.55715,61.541443
2014-08-26,2014-08-26 01:00:00,2,26.126715,59.557804
2014-08-26,2014-08-26 02:00:00,3,26.126715,58.484905
2014-08-26,2014-08-26 03:00:00,4,26.126715,61.027874
2014-08-26,2014-08-26 04:00:00,5,26.126715,56.749012
2014-08-26,2014-08-26 05:00:00,6,26.126715,50.992947
2014-08-26,2014-08-26 06:00:00,7,34.291313,43.62214
2014-08-26,2014-08-26 07:00:00,8,0.0,35.52543
2014-08-26,2014-08-26 08:00:00,9,0.0,26.60509
2014-08-26,2014-08-26 09:00:00,10,35.924232,27.749107
2014-08-26,2014-08-26 10:00:00,11,0.0,31.027576
2014-08-26,2014-08-26 11:00:00,12,0.0,36.641823
2014-08-26,2014-08-26 12:00:00,13,0.0,43.642723
2014-08-26,2014-08-26 13:00:00,14,0.0,48.672653
2014-08-26,2014-08-26 14:00:00,15,0.0,47.15984
2014-08-26,2014-08-26 15:00:00,16,0.0,46.134434
2014-08-26,2014-08-26 16:00:00,17,0.0,46.90939
2014-08-26,2014-08-26 17:00:00,18,0.0,46.807228
2014-08-26,2014-08-26 18:00:00,19,0.0,44.77136
2014-08-26,2014-08-26 19:00:00,20,0.0,42.975254
2014-08-26,2014-08-26 20:00:00,21,0.0,39.66275
2014-08-26,2014-08-26 21:00:00,22,0.0,41.908302
2014-08-26,2014-08-26 22:00:00,23,0.0,45.94848
2014-08-26,2014-08-26 23:00:00,24,0.0,53.01492
2014-08-27,2014-08-27 00:00:00,1,45.721752,0.22780228
2014-08-27,2014-08-27 01:00:00,2,31.025473,0.83772373
2014-08-27,2014-08-27 02:00:00,3,27.759634,0.8335562
2014-08-27,2014-08-27 03:00:00,4,31.025473,1.0337868
2014-08-27,2014-08-27 04:00:00,5,27.759634,1.1833534
2014-08-27,2014-08-27 05:00:00,6,29.392553,0.16711426
2014-08-27,2014-08-27 06:00:00,7,31.025473,-0.21322155
2014-08-27,2014-08-27 07:00:00,8,13.063357,-1.4018621
2014-08-27,2014-08-27 08:00:00,9,0.0,-1.4048862
2014-08-27,2014-08-27 09:00:00,10,0.0,-0.9324217
2014-08-27,2014-08-27 10:00:00,11,0.0,-0.41680145
2014-08-27,2014-08-27 11:00:00,12,0.0,-0.23344326
2014-08-27,2014-08-27 12:00:00,13,0.0,-0.077884674
2014-08-27,2014-08-27 13:00:00,14,0.0,-0.21964645
2014-08-27,2014-08-27 14:00:00,15,0.0,0.010978699
2014-08-27,2014-08-27 15:00:00,16,0.0,-0.06747627
2014-08-27,2014-08-27 16:00:00,17,0.0,-0.1822176
2014-08-27,2014-08-27 17:00:00,18,0.0,-0.4452324
2014-08-27,2014-08-27 18:00:00,19,0.0,-0.32732677
2014-08-27,2014-08-27 19:00:00,20,0.0,-0.26179218
2014-08-27,2014-08-27 20:00:00,21,0.0,-0.1312294
2014-08-27,2014-08-27 21:00:00,22,0.0,0.1849165
2014-08-27,2014-08-27 22:00:00,23,0.0,0.5538006
2014-08-27,2014-08-27 23:00:00,24,0.0,0.4512453
2014-08-28,2014-08-28 00:00:00,1,45.721752,3.238182
2014-08-28,2014-08-28 01:00:00,2,27.759634,28.88852
2014-08-28,2014-08-28 02:00:00,3,26.126715,30.79546
2014-08-28,2014-08-28 03:00:00,4,29.392553,28.257744
2014-08-28,2014-08-28 04:00:00,5,26.126715,27.949547
2014-08-28,2014-08-28 05:00:00,6,26.126715,27.6653
2014-08-28,2014-08-28 06:00:00,7,32.658394,27.418653
2014-08-28,2014-08-28 07:00:00,8,9.797518,17.615236
2014-08-28,2014-08-28 08:00:00,9,0.0,4.5078745
2014-08-28,2014-08-28 09:00:00,10,0.0,0.8453016
2014-08-28,2014-08-28 10:00:00,11,0.0,0.32169056
2014-08-28,2014-08-28 11:00:00,12,0.0,0.015156746
2014-08-28,2014-08-28 12:00:00,13,0.0,-0.14726257
2014-08-28,2014-08-28 13:00:00,14,0.0,0.17519093
2014-08-28,2014-08-28 14:00:00,15,0.0,0.14182758
2014-08-28,2014-08-28 15:00:00,16,0.0,0.50093555
2014-08-28,2014-08-28 16:00:00,17,0.0,0.5367937
2014-08-28,2014-08-28 17:00:00,18,0.0,0.3111086
2014-08-28,2014-08-28 18:00:00,19,0.0,0.22473717
2014-08-28,2014-08-28 19:00:00,20,0.0,0.24945164
2014-08-28,2014-08-28 20:00:00,21,0.0,0.08008003
2014-08-28,2014-08-28 21:00:00,22,0.0,0.14811897
2014-08-28,2014-08-28 22:00:00,23,0.0,0.1917038
2014-08-28,2014-08-28 23:00:00,24,0.0,-0.031492233
2014-08-29,2014-08-29 00:00:00,1,45.721752,3.367113
2014-08-29,2014-08-29 01:00:00,2,29.392553,29.044235
2014-08-29,2014-08-29 02:00:00,3,26.126715,29.828281
2014-08-29,2014-08-29 03:00:00,4,26.126715,27.04048
2014-08-29,2014-08-29 04:00:00,5,29.392553,27.405628
2014-08-29,2014-08-29 05:00:00,6,26.126715,26.604439
2014-08-29,2014-08-29 06:00:00,7,27.759634,26.043661
2014-08-29,2014-08-29 07:00:00,8,17.962116,15.691108
2014-08-29,2014-08-29 08:00:00,9,0.0,2.9457083
2014-08-29,2014-08-29 09:00:00,10,0.0,0.47926998
2014-08-29,2014-08-29 10:00:00,11,0.0,0.27825356
2014-08-29,2014-08-29 11:00:00,12,0.0,-0.07365036
2014-08-29,2014-08-29 12:00:00,13,0.0,-0.10491276
2014-08-29,2014-08-29 13:00:00,14,0.0,0.20220947
2014-08-29,2014-08-29 14:00:00,15,0.0,0.1661396
2014-08-29,2014-08-29 15:00:00,16,0.0,0.54911137
2014-08-29,2014-08-29 16:00:00,17,0.0,0.587698
2014-08-29,2014-08-29 17:00:00,18,0.0,0.33065033
2014-08-29,2014-08-29 18:00:00,19,0.0,0.21729755
2014-08-29,2014-08-29 19:00:00,20,0.0,0.27601242
2014-08-29,2014-08-29 20:00:00,21,0.0,0.09878445
2014-08-29,2014-08-29 21:00:00,22,0.0,0.13879776
2014-08-29,2014-08-29 22:00:00,23,0.0,0.20321083
2014-08-29,2014-08-29 23:00:00,24,0.0,-0.056993484
2014-08-30,2014-08-30 00:00:00,1,48.98759,3.148553
2014-08-30,2014-08-30 01:00:00,2,27.759634,28.372837
2014-08-30,2014-08-30 02:00:00,3,29.392553,30.706532
2014-08-30,2014-08-30 03:00:00,4,27.759634,28.356821
2014-08-30,2014-08-30 04:00:00,5,27.759634,27.829523
2014-08-30,2014-08-30 05:00:00,6,26.126715,27.690128
2014-08-30,2014-08-30 06:00:00,7,26.126715,27.527332
2014-08-30,2014-08-30 07:00:00,8,26.126715,17.99783
2014-08-30,2014-08-30 08:00:00,9,24.493795,4.9447746
2014-08-30,2014-08-30 09:00:00,10,26.126715,0.884243
2014-08-30,2014-08-30 10:00:00,11,26.126715,0.255311
2014-08-30,2014-08-30 11:00:00,12,27.759634,-0.008126259
2014-08-30,2014-08-30 12:00:00,13,26.126715,-0.1922512
2014-08-30,2014-08-30 13:00:00,14,26.126715,0.13633919
2014-08-30,2014-08-30 14:00:00,15,24.493795,0.11324692
2014-08-30,2014-08-30 15:00:00,16,26.126715,0.46588516
2014-08-30,2014-08-30 16:00:00,17,26.126715,0.5083418
2014-08-30,2014-08-30 17:00:00,18,26.126715,0.29412174
2014-08-30,2014-08-30 18:00:00,19,24.493795,0.21032143
2014-08-30,2014-08-30 19:00:00,20,26.126715,0.22744751
2014-08-30,2014-08-30 20:00:00,21,26.126715,0.06376648
2014-08-30,2014-08-30 21:00:00,22,24.493795,0.14054298
2014-08-30,2014-08-30 22:00:00,23,26.126715,0.18291283
2014-08-30,2014-08-30 23:00:00,24,26.126715,-0.016975403
2014-08-31,2014-08-31 00:00:00,1,26.126715,25.906404
2014-08-31,2014-08-31 01:00:00,2,27.759634,25.971119
2014-08-31,2014-08-31 02:00:00,3,26.126715,25.963245
2014-08-31,2014-08-31 03:00:00,4,26.126715,26.001343
2014-08-31,2014-08-31 04:00:00,5,26.126715,26.05117
2014-08-31,2014-08-31 05:00:00,6,27.759634,26.036758
2014-08-31,2014-08-31 06:00:00,7,26.126715,25.945026
2014-08-31,2014-08-31 07:00:00,8,26.126715,25.625134
2014-08-31,2014-08-31 08:00:00,9,26.126715,25.43512
2014-08-31,2014-08-31 09:00:00,10,24.493795,25.242275
2014-08-31,2014-08-31 10:00:00,11,26.126715,25.018433
2014-08-31,2014-08-31 11:00:00,12,27.759634,24.969055
2014-08-31,2014-08-31 12:00:00,13,26.126715,25.156052
2014-08-31,2014-08-31 13:00:00,14,27.759634,24.854815
2014-08-31,2014-08-31 14:00:00,15,27.759634,24.618744
2014-08-31,2014-08-31 15:00:00,16,29.392553,24.630157
2014-08-31,2014-08-31 16:00:00,17,24.493795,24.535885
2014-08-31,2014-08-31 17:00:00,18,27.759634,24.498165
2014-08-31,2014-08-31 18:00:00,19,27.759634,24.419514
2014-08-31,2014-08-31 19:00:00,20,27.759634,24.581049
2014-08-31,2014-08-31 20:00:00,21,27.759634,24.802467
2014-08-31,2014-08-31 21:00:00,22,27.759634,24.900448
2014-08-31,2014-08-31 22:00:00,23,27.759634,24.986334
2014-08-31,2014-08-31 23:00:00,24,27.759634,25.171024
2014-09-01,2014-09-01 00:00:00,1,27.759634,27.651785
2014-09-01,2014-09-01 01:00:00,2,27.759634,28.531708
2014-09-01,2014-09-01 02:00:00,3,31.025473,29.496223
2014-09-01,2014-09-01 03:00:00,4,57.152187,30.63818
2014-09-01,2014-09-01 04:00:00,5,45.721752,29.595642
2014-09-01,2014-09-01 05:00:00,6,16.329197,27.702559
2014-09-01,2014-09-01 06:00:00,7,0.0,26.519547
2014-09-01,2014-09-01 07:00:00,8,0.0,21.766033
2014-09-01,2014-09-01 08:00:00,9,0.0,14.403038
2014-09-01,2014-09-01 09:00:00,10,0.0,10.012413
2014-09-01,2014-09-01 10:00:00,11,0.0,4.257016
2014-09-01,2014-09-01 11:00:00,12,0.0,0.9008665
2014-09-01,2014-09-01 12:00:00,13,45.721752,1.7035065
2014-09-01,2014-09-01 13:00:00,14,62.050945,1.3147707
2014-09-01,2014-09-01 14:00:00,15,50.62051,1.2858353
2014-09-01,2014-09-01 15:00:00,16,60.418026,2.5571003
2014-09-01,2014-09-01 16:00:00,17,31.025473,1.4664631
2014-09-01,2014-09-01 17:00:00,18,0.0,3.3060837
2014-09-01,2014-09-01 18:00:00,19,0.0,3.0225964
2014-09-01,2014-09-01 19:00:00,20,0.0,2.6730146
2014-09-01,2014-09-01 20:00:00,21,0.0,2.798027
2014-09-01,2014-09-01 21:00:00,22,0.0,2.727872
2014-09-01,2014-09-01 22:00:00,23,0.0,2.3856735
2014-09-01,2014-09-01 23:00:00,24,0.0,2.2158308
2014-09-02,2014-09-02 00:00:00,1,48.98759,3.2108746
2014-09-02,2014-09-02 01:00:00,2,32.658394,26.967419
2014-09-02,2014-09-02 02:00:00,3,29.392553,26.80281
2014-09-02,2014-09-02 03:00:00,4,29.392553,24.02716
2014-09-02,2014-09-02 04:00:00,5,29.392553,24.730753
2014-09-02,2014-09-02 05:00:00,6,27.759634,23.025673
2014-09-02,2014-09-02 06:00:00,7,29.392553,21.986694
2014-09-02,2014-09-02 07:00:00,8,47.35467,11.747483
2014-09-02,2014-09-02 08:00:00,9,1.6329197,0.9379177
2014-09-02,2014-09-02 09:00:00,10,0.0,0.27915573
2014-09-02,2014-09-02 10:00:00,11,0.0,0.5429163
2014-09-02,2014-09-02 11:00:00,12,0.0,0.21216583
2014-09-02,2014-09-02 12:00:00,13,48.98759,0.33042812
2014-09-02,2014-09-02 13:00:00,14,11.430438,0.24179935
2014-09-02,2014-09-02 14:00:00,15,0.0,0.1283207
2014-09-02,2014-09-02 15:00:00,16,0.0,0.19937134
2014-09-02,2014-09-02 16:00:00,17,0.0,0.647933
2014-09-02,2014-09-02 17:00:00,18,0.0,0.21692848
2014-09-02,2014-09-02 18:00:00,19,0.0,0.28041267
2014-09-02,2014-09-02 19:00:00,20,0.0,0.66638565
2014-09-02,2014-09-02 20:00:00,21,0.0,0.7802744
2014-09-02,2014-09-02 21:00:00,22,0.0,1.1639318
2014-09-02,2014-09-02 22:00:00,23,0.0,1.5874453
2014-09-02,2014-09-02 23:00:00,24,0.0,0.98533916
2014-09-03,2014-09-03 00:00:00,1,44.08883,2.8334446
2014-09-03,2014-09-03 01:00:00,2,27.759634,26.675003
2014-09-03,2014-09-03 02:00:00,3,27.759634,30.553196
2014-09-03,2014-09-03 03:00:00,4,27.759634,28.932394
2014-09-03,2014-09-03 04:00:00,5,26.126715,27.661968
2014-09-03,2014-09-03 05:00:00,6,29.392553,27.836033
2014-09-03,2014-09-03 06:00:00,7,39.19007,27.88255
2014-09-03,2014-09-03 07:00:00,8,0.0,19.307005
2014-09-03,2014-09-03 08:00:00,9,0.0,6.6215305
2014-09-03,2014-09-03 09:00:00,10,0.0,1.351326
2014-09-03,2014-09-03 10:00:00,11,0.0,0.3426323
2014-09-03,2014-09-03 11:00:00,12,0.0,0.109176636
2014-09-03,2014-09-03 12:00:00,13,0.0,-0.1583786
2014-09-03,2014-09-03 13:00:00,14,0.0,0.15225029
2014-09-03,2014-09-03 14:00:00,15,0.0,0.09378052
2014-09-03,2014-09-03 15:00:00,16,0.0,0.3805399
2014-09-03,2014-09-03 16:00:00,17,0.0,0.39834118
2014-09-03,2014-09-03 17:00:00,18,0.0,0.27858162
2014-09-03,2014-09-03 18:00:00,19,0.0,0.2591753
2014-09-03,2014-09-03 19:00:00,20,0.0,0.21875858
2014-09-03,2014-09-03 20:00:00,21,0.0,0.054322243
2014-09-03,2014-09-03 21:00:00,22,0.0,0.2240696
2014-09-03,2014-09-03 22:00:00,23,0.0,0.3046131
2014-09-03,2014-09-03 23:00:00,24,0.0,0.17641068
2014-09-04,2014-09-04 00:00:00,1,45.721752,3.4161787
2014-09-04,2014-09-04 01:00:00,2,32.658394,29.095852
2014-09-04,2014-09-04 02:00:00,3,31.025473,29.597946
2014-09-04,2014-09-04 03:00:00,4,32.658394,26.803871
2014-09-04,2014-09-04 04:00:00,5,27.759634,27.379139
2014-09-04,2014-09-04 05:00:00,6,31.025473,26.350922
2014-09-04,2014-09-04 06:00:00,7,42.45591,25.65096
2014-09-04,2014-09-04 07:00:00,8,9.797518,15.081274
2014-09-04,2014-09-04 08:00:00,9,0.0,2.424759
2014-09-04,2014-09-04 09:00:00,10,0.0,0.3451929
2014-09-04,2014-09-04 10:00:00,11,0.0,0.2714634
2014-09-04,2014-09-04 11:00:00,12,0.0,-0.07919979
2014-09-04,2014-09-04 12:00:00,13,0.0,-0.06272411
2014-09-04,2014-09-04 13:00:00,14,0.0,0.23654842
2014-09-04,2014-09-04 14:00:00,15,0.0,0.19452953
2014-09-04,2014-09-04 15:00:00,16,0.0,0.59178543
2014-09-04,2014-09-04 16:00:00,17,0.0,0.61903095
2014-09-04,2014-09-04 17:00:00,18,0.0,0.35183144
2014-09-04,2014-09-04 18:00:00,19,0.0,0.2322483
2014-09-04,2014-09-04 19:00:00,20,0.0,0.2985859
2014-09-04,2014-09-04 20:00:00,21,0.0,0.10886288
2014-09-04,2014-09-04 21:00:00,22,0.0,0.14127636
2014-09-04,2014-09-04 22:00:00,23,0.0,0.21529579
2014-09-04,2014-09-04 23:00:00,24,0.0,-0.06300926
2014-09-05,2014-09-05 00:00:00,1,45.721752,3.3465996
2014-09-05,2014-09-05 01:00:00,2,29.392553,29.275005
2014-09-05,2014-09-05 02:00:00,3,29.392553,30.467506
2014-09-05,2014-09-05 03:00:00,4,29.392553,27.724941
2014-09-05,2014-09-05 04:00:00,5,31.025473,27.834305
2014-09-05,2014-09-05 05:00:00,6,29.392553,27.239258
2014-09-05,2014-09-05 06:00:00,7,32.658394,26.806477
2014-09-05,2014-09-05 07:00:00,8,9.797518,16.597809
2014-09-05,2014-09-05 08:00:00,9,0.0,3.5962648
2014-09-05,2014-09-05 09:00:00,10,0.0,0.6729841
2014-09-05,2014-09-05 10:00:00,11,0.0,0.341074
2014-09-05,2014-09-05 11:00:00,12,0.0,-0.0129442215
2014-09-05,2014-09-05 12:00:00,13,0.0,-0.101882935
2014-09-05,2014-09-05 13:00:00,14,0.0,0.21434021
2014-09-05,2014-09-05 14:00:00,15,0.0,0.17067528
2014-09-05,2014-09-05 15:00:00,16,0.0,0.54333115
2014-09-05,2014-09-05 16:00:00,17,0.0,0.5676775
2014-09-05,2014-09-05 17:00:00,18,0.0,0.3267994
2014-09-05,2014-09-05 18:00:00,19,0.0,0.22704029
2014-09-05,2014-09-05 19:00:00,20,0.0,0.26563835
2014-09-05,2014-09-05 20:00:00,21,0.0,0.08614445
2014-09-05,2014-09-05 21:00:00,22,0.0,0.1395235
2014-09-05,2014-09-05 22:00:00,23,0.0,0.19664574
2014-09-05,2014-09-05 23:00:00,24,0.0,-0.05350685
2014-09-06,2014-09-06 00:00:00,1,55.519268,3.3590841
2014-09-06,2014-09-06 01:00:00,2,26.126715,29.145039
2014-09-06,2014-09-06 02:00:00,3,26.126715,30.095257
2014-09-06,2014-09-06 03:00:00,4,26.126715,27.32335
2014-09-06,2014-09-06 04:00:00,5,27.759634,27.58542
2014-09-06,2014-09-06 05:00:00,6,26.126715,26.87564
2014-09-06,2014-09-06 06:00:00,7,26.126715,26.37071
2014-09-06,2014-09-06 07:00:00,8,26.126715,16.077354
2014-09-06,2014-09-06 08:00:00,9,27.759634,3.2200308
2014-09-06,2014-09-06 09:00:00,10,26.126715,0.55964565
2014-09-06,2014-09-06 10:00:00,11,26.126715,0.3020029
2014-09-06,2014-09-06 11:00:00,12,26.126715,-0.051056862
2014-09-06,2014-09-06 12:00:00,13,26.126715,-0.10722351
2014-09-06,2014-09-06 13:00:00,14,24.493795,0.20467281
2014-09-06,2014-09-06 14:00:00,15,26.126715,0.16663647
2014-09-06,2014-09-06 15:00:00,16,26.126715,0.54531384
2014-09-06,2014-09-06 16:00:00,17,26.126715,0.58009624
2014-09-06,2014-09-06 17:00:00,18,26.126715,0.3292017
2014-09-06,2014-09-06 18:00:00,19,26.126715,0.22152042
2014-09-06,2014-09-06 19:00:00,20,24.493795,0.27251434
2014-09-06,2014-09-06 20:00:00,21,27.759634,0.094174385
2014-09-06,2014-09-06 21:00:00,22,26.126715,0.13834
2014-09-06,2014-09-06 22:00:00,23,24.493795,0.19863033
2014-09-06,2014-09-06 23:00:00,24,27.759634,-0.058547974
2014-09-07,2014-09-07 00:00:00,1,26.126715,27.355438
2014-09-07,2014-09-07 01:00:00,2,24.493795,27.35484
2014-09-07,2014-09-07 02:00:00,3,26.126715,27.28426
2014-09-07,2014-09-07 03:00:00,4,26.126715,27.280476
2014-09-07,2014-09-07 04:00:00,5,26.126715,27.28049
2014-09-07,2014-09-07 05:00:00,6,26.126715,27.381313
2014-09-07,2014-09-07 06:00:00,7,26.126715,27.143953
2014-09-07,2014-09-07 07:00:00,8,26.126715,26.764734
2014-09-07,2014-09-07 08:00:00,9,24.493795,26.52409
2014-09-07,2014-09-07 09:00:00,10,26.126715,26.343391
2014-09-07,2014-09-07 10:00:00,11,21.227955,26.11876
2014-09-07,2014-09-07 11:00:00,12,13.063357,26.005226
2014-09-07,2014-09-07 12:00:00,13,27.759634,26.127367
2014-09-07,2014-09-07 13:00:00,14,22.860876,25.933208
2014-09-07,2014-09-07 14:00:00,15,22.860876,25.711882
2014-09-07,2014-09-07 15:00:00,16,21.227955,25.67498
2014-09-07,2014-09-07 16:00:00,17,22.860876,25.519873
2014-09-07,2014-09-07 17:00:00,18,21.227955,25.470123
2014-09-07,2014-09-07 18:00:00,19,21.227955,25.408556
2014-09-07,2014-09-07 19:00:00,20,22.860876,25.536865
2014-09-07,2014-09-07 20:00:00,21,21.227955,25.65211
2014-09-07,2014-09-07 21:00:00,22,21.227955,25.667027
2014-09-07,2014-09-07 22:00:00,23,22.860876,25.801737
2014-09-07,2014-09-07 23:00:00,24,21.227955,26.206537
2014-09-08,2014-09-08 00:00:00,1,22.860876,21.422537
2014-09-08,2014-09-08 01:00:00,2,21.227955,22.858654
2014-09-08,2014-09-08 02:00:00,3,24.493795,23.233196
2014-09-08,2014-09-08 03:00:00,4,22.860876,23.819698
2014-09-08,2014-09-08 04:00:00,5,34.291313,21.890213
2014-09-08,2014-09-08 05:00:00,6,53.88635,17.42324
2014-09-08,2014-09-08 06:00:00,7,0.0,14.732944
2014-09-08,2014-09-08 07:00:00,8,0.0,9.586801
2014-09-08,2014-09-08 08:00:00,9,0.0,3.9299564
2014-09-08,2014-09-08 09:00:00,10,0.0,2.1833525
2014-09-08,2014-09-08 10:00:00,11,0.0,-0.61246586
2014-09-08,2014-09-08 11:00:00,12,0.0,-2.3282957
2014-09-08,2014-09-08 12:00:00,13,0.0,-0.5136843
2014-09-08,2014-09-08 13:00:00,14,0.0,-0.28480053
2014-09-08,2014-09-08 14:00:00,15,0.0,-0.7279291
2014-09-08,2014-09-08 15:00:00,16,0.0,0.6584101
2014-09-08,2014-09-08 16:00:00,17,0.0,-0.5544462
2014-09-08,2014-09-08 17:00:00,18,0.0,0.8814373
2014-09-08,2014-09-08 18:00:00,19,0.0,-0.037416458
2014-09-08,2014-09-08 19:00:00,20,0.0,-0.86463165
2014-09-08,2014-09-08 20:00:00,21,0.0,-0.934947
2014-09-08,2014-09-08 21:00:00,22,0.0,-0.38906574
2014-09-08,2014-09-08 22:00:00,23,0.0,0.32086945
2014-09-08,2014-09-08 23:00:00,24,0.0,0.87026024
2014-09-09,2014-09-09 00:00:00,1,45.721752,3.439808
2014-09-09,2014-09-09 01:00:00,2,32.658394,28.260967
2014-09-09,2014-09-09 02:00:00,3,31.025473,28.095095
2014-09-09,2014-09-09 03:00:00,4,29.392553,25.398087
2014-09-09,2014-09-09 04:00:00,5,27.759634,26.443401
2014-09-09,2014-09-09 05:00:00,6,27.759634,24.80597
2014-09-09,2014-09-09 06:00:00,7,31.025473,23.733292
2014-09-09,2014-09-09 07:00:00,8,16.329197,12.8892
2014-09-09,2014-09-09 08:00:00,9,0.0,0.8601589
2014-09-09,2014-09-09 09:00:00,10,0.0,-0.16879368
2014-09-09,2014-09-09 10:00:00,11,0.0,0.15414238
2014-09-09,2014-09-09 11:00:00,12,0.0,-0.13282299
2014-09-09,2014-09-09 12:00:00,13,0.0,0.013981819
2014-09-09,2014-09-09 13:00:00,14,0.0,0.2708931
2014-09-09,2014-09-09 14:00:00,15,0.0,0.23654556
2014-09-09,2014-09-09 15:00:00,16,0.0,0.6835947
2014-09-09,2014-09-09 16:00:00,17,0.0,0.6965065
2014-09-09,2014-09-09 17:00:00,18,0.0,0.38673115
2014-09-09,2014-09-09 18:00:00,19,0.0,0.2415533
2014-09-09,2014-09-09 19:00:00,20,0.0,0.3345642
2014-09-09,2014-09-09 20:00:00,21,0.0,0.12207699
2014-09-09,2014-09-09 21:00:00,22,0.0,0.1221714
2014-09-09,2014-09-09 22:00:00,23,0.0,0.21215534
2014-09-09,2014-09-09 23:00:00,24,0.0,-0.092484474
2014-09-10,2014-09-10 00:00:00,1,42.45591,3.1504002
2014-09-10,2014-09-10 01:00:00,2,27.759634,28.459278
2014-09-10,2014-09-10 02:00:00,3,29.392553,30.870037
2014-09-10,2014-09-10 03:00:00,4,29.392553,28.526194
2014-09-10,2014-09-10 04:00:00,5,26.126715,27.945667
2014-09-10,2014-09-10 05:00:00,6,26.126715,27.825222
2014-09-10,2014-09-10 06:00:00,7,37.55715,27.675983
2014-09-10,2014-09-10 07:00:00,8,3.2658393,18.157322
2014-09-10,2014-09-10 08:00:00,9,0.0,5.0536127
2014-09-10,2014-09-10 09:00:00,10,0.0,0.9225111
2014-09-10,2014-09-10 10:00:00,11,0.0,0.27669334
2014-09-10,2014-09-10 11:00:00,12,0.0,0.012629509
2014-09-10,2014-09-10 12:00:00,13,0.0,-0.18061733
2014-09-10,2014-09-10 13:00:00,14,0.0,0.14753628
2014-09-10,2014-09-10 14:00:00,15,0.0,0.119688034
2014-09-10,2014-09-10 15:00:00,16,0.0,0.47025108
2014-09-10,2014-09-10 16:00:00,17,0.0,0.50686264
2014-09-10,2014-09-10 17:00:00,18,0.0,0.29521847
2014-09-10,2014-09-10 18:00:00,19,0.0,0.21329403
2014-09-10,2014-09-10 19:00:00,20,0.0,0.22620487
2014-09-10,2014-09-10 20:00:00,21,0.0,0.06280804
2014-09-10,2014-09-10 21:00:00,22,0.0,0.14455223
2014-09-10,2014-09-10 22:00:00,23,0.0,0.1868782
2014-09-10,2014-09-10 23:00:00,24,0.0,-0.010874748
2014-09-11,2014-09-11 00:00:00,1,42.45591,3.4054375
2014-09-11,2014-09-11 01:00:00,2,26.126715,29.05885
2014-09-11,2014-09-11 02:00:00,3,26.126715,29.58974
2014-09-11,2014-09-11 03:00:00,4,26.126715,26.789253
2014-09-11,2014-09-11 04:00:00,5,27.759634,27.332644
2014-09-11,2014-09-11 05:00:00,6,24.493795,26.339481
2014-09-11,2014-09-11 06:00:00,7,32.658394,25.66148
2014-09-11,2014-09-11 07:00:00,8,22.860876,15.134337
2014-09-11,2014-09-11 08:00:00,9,0.0,2.488101
2014-09-11,2014-09-11 09:00:00,10,0.0,0.36008835
2014-09-11,2014-09-11 10:00:00,11,0.0,0.26855755
2014-09-11,2014-09-11 11:00:00,12,0.0,-0.082520485
2014-09-11,2014-09-11 12:00:00,13,0.0,-0.07190609
2014-09-11,2014-09-11 13:00:00,14,0.0,0.22681904
2014-09-11,2014-09-11 14:00:00,15,0.0,0.18640709
2014-09-11,2014-09-11 15:00:00,16,0.0,0.5804453
2014-09-11,2014-09-11 16:00:00,17,0.0,0.61134243
2014-09-11,2014-09-11 17:00:00,18,0.0,0.34484482
2014-09-11,2014-09-11 18:00:00,19,0.0,0.22497368
2014-09-11,2014-09-11 19:00:00,20,0.0,0.291543
2014-09-11,2014-09-11 20:00:00,21,0.0,0.107248306
2014-09-11,2014-09-11 21:00:00,22,0.0,0.14166832
2014-09-11,2014-09-11 22:00:00,23,0.0,0.21467304
2014-09-11,2014-09-11 23:00:00,24,0.0,-0.05818367
2014-09-12,2014-09-12 00:00:00,1,44.08883,2.786131
2014-09-12,2014-09-12 01:00:00,2,26.126715,26.624058
2014-09-12,2014-09-12 02:00:00,3,26.126715,31.2262
2014-09-12,2014-09-12 03:00:00,4,27.759634,29.837349
2014-09-12,2014-09-12 04:00:00,5,27.759634,28.174416
2014-09-12,2014-09-12 05:00:00,6,26.126715,28.548763
2014-09-12,2014-09-12 06:00:00,7,29.392553,28.67332
2014-09-12,2014-09-12 07:00:00,8,11.430438,20.349678
2014-09-12,2014-09-12 08:00:00,9,0.0,7.429427
2014-09-12,2014-09-12 09:00:00,10,0.0,1.3800163
2014-09-12,2014-09-12 10:00:00,11,0.0,0.17564678
2014-09-12,2014-09-12 11:00:00,12,0.0,0.06413841
2014-09-12,2014-09-12 12:00:00,13,0.0,-0.24103832
2014-09-12,2014-09-12 13:00:00,14,0.0,0.11223793
2014-09-12,2014-09-12 14:00:00,15,0.0,0.072034836
2014-09-12,2014-09-12 15:00:00,16,0.0,0.37090302
2014-09-12,2014-09-12 16:00:00,17,0.0,0.41430092
2014-09-12,2014-09-12 17:00:00,18,0.0,0.26002598
2014-09-12,2014-09-12 18:00:00,19,0.0,0.1967268
2014-09-12,2014-09-12 19:00:00,20,0.0,0.15514565
2014-09-12,2014-09-12 20:00:00,21,0.0,0.020246506
2014-09-12,2014-09-12 21:00:00,22,0.0,0.16606903
2014-09-12,2014-09-12 22:00:00,23,0.0,0.19304752
2014-09-12,2014-09-12 23:00:00,24,0.0,0.09844494
2014-09-13,2014-09-13 00:00:00,1,53.88635,3.3772879
2014-09-13,2014-09-13 01:00:00,2,35.924232,28.953363
2014-09-13,2014-09-13 02:00:00,3,34.291313,29.575077
2014-09-13,2014-09-13 03:00:00,4,35.924232,26.775425
2014-09-13,2014-09-13 04:00:00,5,32.658394,27.244446
2014-09-13,2014-09-13 05:00:00,6,34.291313,26.346684
2014-09-13,2014-09-13 06:00:00,7,32.658394,25.726254
2014-09-13,2014-09-13 07:00:00,8,32.658394,15.309843
2014-09-13,2014-09-13 08:00:00,9,32.658394,2.669547
2014-09-13,2014-09-13 09:00:00,10,32.658394,0.39802074
2014-09-13,2014-09-13 10:00:00,11,31.025473,0.25660324
2014-09-13,2014-09-13 11:00:00,12,32.658394,-0.092494965
2014-09-13,2014-09-13 12:00:00,13,31.025473,-0.09885025
2014-09-13,2014-09-13 13:00:00,14,31.025473,0.2035923
2014-09-13,2014-09-13 14:00:00,15,31.025473,0.16912556
2014-09-13,2014-09-13 15:00:00,16,31.025473,0.5577383
2014-09-13,2014-09-13 16:00:00,17,31.025473,0.5988426
2014-09-13,2014-09-13 17:00:00,18,29.392553,0.33497238
2014-09-13,2014-09-13 18:00:00,19,31.025473,0.21563911
2014-09-13,2014-09-13 19:00:00,20,31.025473,0.28117657
2014-09-13,2014-09-13 20:00:00,21,31.025473,0.10353756
2014-09-13,2014-09-13 21:00:00,22,31.025473,0.13811207
2014-09-13,2014-09-13 22:00:00,23,32.658394,0.20568085
2014-09-13,2014-09-13 23:00:00,24,31.025473,-0.058405876
2014-09-14,2014-09-14 00:00:00,1,32.658394,30.881798
2014-09-14,2014-09-14 01:00:00,2,32.658394,30.970486
2014-09-14,2014-09-14 02:00:00,3,32.658394,30.97575
2014-09-14,2014-09-14 03:00:00,4,32.658394,31.004738
2014-09-14,2014-09-14 04:00:00,5,32.658394,31.034355
2014-09-14,2014-09-14 05:00:00,6,31.025473,30.958218
2014-09-14,2014-09-14 06:00:00,7,31.025473,30.923317
2014-09-14,2014-09-14 07:00:00,8,32.658394,30.593487
2014-09-14,2014-09-14 08:00:00,9,31.025473,30.405563
2014-09-14,2014-09-14 09:00:00,10,31.025473,30.201744
2014-09-14,2014-09-14 10:00:00,11,31.025473,29.96791
2014-09-14,2014-09-14 11:00:00,12,31.025473,29.90665
2014-09-14,2014-09-14 12:00:00,13,29.392553,30.113998
2014-09-14,2014-09-14 13:00:00,14,31.025473,29.813812
2014-09-14,2014-09-14 14:00:00,15,29.392553,29.526505
2014-09-14,2014-09-14 15:00:00,16,29.392553,29.5182
2014-09-14,2014-09-14 16:00:00,17,31.025473,29.437756
2014-09-14,2014-09-14 17:00:00,18,29.392553,29.357449
2014-09-14,2014-09-14 18:00:00,19,29.392553,29.264172
2014-09-14,2014-09-14 19:00:00,20,31.025473,29.39352
2014-09-14,2014-09-14 20:00:00,21,31.025473,29.646984
2014-09-14,2014-09-14 21:00:00,22,31.025473,29.812996
2014-09-14,2014-09-14 22:00:00,23,32.658394,29.906357
2014-09-14,2014-09-14 23:00:00,24,31.025473,30.001137
2014-09-15,2014-09-15 00:00:00,1,31.025473,30.817997
2014-09-15,2014-09-15 01:00:00,2,34.291313,31.604134
2014-09-15,2014-09-15 02:00:00,3,32.658394,32.551746
2014-09-15,2014-09-15 03:00:00,4,47.35467,33.44435
2014-09-15,2014-09-15 04:00:00,5,57.152187,32.446625
2014-09-15,2014-09-15 05:00:00,6,27.759634,30.615406
2014-09-15,2014-09-15 06:00:00,7,0.0,29.40561
2014-09-15,2014-09-15 07:00:00,8,0.0,24.162022
2014-09-15,2014-09-15 08:00:00,9,0.0,16.10358
2014-09-15,2014-09-15 09:00:00,10,0.0,11.407223
2014-09-15,2014-09-15 10:00:00,11,0.0,5.5793147
2014-09-15,2014-09-15 11:00:00,12,0.0,1.9473715
2014-09-15,2014-09-15 12:00:00,13,0.0,2.6729164
2014-09-15,2014-09-15 13:00:00,14,0.0,2.088091
2014-09-15,2014-09-15 14:00:00,15,0.0,2.020255
2014-09-15,2014-09-15 15:00:00,16,0.0,3.2518349
2014-09-15,2014-09-15 16:00:00,17,0.0,2.1497974
2014-09-15,2014-09-15 17:00:00,18,0.0,3.9907303
2014-09-15,2014-09-15 18:00:00,19,0.0,3.9414034
2014-09-15,2014-09-15 19:00:00,20,0.0,3.6336508
2014-09-15,2014-09-15 20:00:00,21,0.0,3.8733473
2014-09-15,2014-09-15 21:00:00,22,0.0,3.9031067
2014-09-15,2014-09-15 22:00:00,23,0.0,3.5425339
2014-09-15,2014-09-15 23:00:00,24,0.0,3.120164
2014-09-16,2014-09-16 00:00:00,1,45.721752,3.1644535
2014-09-16,2014-09-16 01:00:00,2,31.025473,24.64762
2014-09-16,2014-09-16 02:00:00,3,29.392553,23.586288
2014-09-16,2014-09-16 03:00:00,4,29.392553,21.096231
2014-09-16,2014-09-16 04:00:00,5,27.759634,22.509033
2014-09-16,2014-09-16 05:00:00,6,29.392553,20.075369
2014-09-16,2014-09-16 06:00:00,7,40.82299,18.551817
2014-09-16,2014-09-16 07:00:00,8,0.0,8.444066
2014-09-16,2014-09-16 08:00:00,9,0.0,-1.429678
2014-09-16,2014-09-16 09:00:00,10,0.0,-0.87314034
2014-09-16,2014-09-16 10:00:00,11,0.0,0.029754639
2014-09-16,2014-09-16 11:00:00,12,0.0,-0.13093472
2014-09-16,2014-09-16 12:00:00,13,0.0,0.19548512
2014-09-16,2014-09-16 13:00:00,14,0.0,0.28962708
2014-09-16,2014-09-16 14:00:00,15,0.0,0.25742912
2014-09-16,2014-09-16 15:00:00,16,0.0,0.701478
2014-09-16,2014-09-16 16:00:00,17,0.0,0.6932936
2014-09-16,2014-09-16 17:00:00,18,0.0,0.32876015
2014-09-16,2014-09-16 18:00:00,19,0.0,0.14823246
2014-09-16,2014-09-16 19:00:00,20,0.0,0.25025082
2014-09-16,2014-09-16 20:00:00,21,0.0,0.08338642
2014-09-16,2014-09-16 21:00:00,22,0.0,0.05578041
2014-09-16,2014-09-16 22:00:00,23,0.0,0.19245815
2014-09-16,2014-09-16 23:00:00,24,0.0,-0.055826187
2014-09-17,2014-09-17 00:00:00,1,44.08883,3.4122305
2014-09-17,2014-09-17 01:00:00,2,24.493795,29.211052
2014-09-17,2014-09-17 02:00:00,3,27.759634,29.833633
2014-09-17,2014-09-17 03:00:00,4,27.759634,27.036837
2014-09-17,2014-09-17 04:00:00,5,26.126715,27.527225
2014-09-17,2014-09-17 05:00:00,6,27.759634,26.573833
2014-09-17,2014-09-17 06:00:00,7,37.55715,25.9212
2014-09-17,2014-09-17 07:00:00,8,0.0,15.392658
2014-09-17,2014-09-17 08:00:00,9,0.0,2.6451778
2014-09-17,2014-09-17 09:00:00,10,0.0,0.41830063
2014-09-17,2014-09-17 10:00:00,11,0.0,0.29716015
2014-09-17,2014-09-17 11:00:00,12,0.0,-0.05978203
2014-09-17,2014-09-17 12:00:00,13,0.0,-0.06287861
2014-09-17,2014-09-17 13:00:00,14,0.0,0.23897076
2014-09-17,2014-09-17 14:00:00,15,0.0,0.19333267
2014-09-17,2014-09-17 15:00:00,16,0.0,0.5847492
2014-09-17,2014-09-17 16:00:00,17,0.0,0.60704803
2014-09-17,2014-09-17 17:00:00,18,0.0,0.3461237
2014-09-17,2014-09-17 18:00:00,19,0.0,0.23110294
2014-09-17,2014-09-17 19:00:00,20,0.0,0.29141617
2014-09-17,2014-09-17 20:00:00,21,0.0,0.10402107
2014-09-17,2014-09-17 21:00:00,22,0.0,0.14318562
2014-09-17,2014-09-17 22:00:00,23,0.0,0.21602249
2014-09-17,2014-09-17 23:00:00,24,0.0,-0.057250023
2014-09-18,2014-09-18 00:00:00,1,47.35467,3.4062939
2014-09-18,2014-09-18 01:00:00,2,31.025473,29.062706
2014-09-18,2014-09-18 02:00:00,3,24.493795,29.594135
2014-09-18,2014-09-18 03:00:00,4,27.759634,26.796875
2014-09-18,2014-09-18 04:00:00,5,27.759634,27.342667
2014-09-18,2014-09-18 05:00:00,6,26.126715,26.34552
2014-09-18,2014-09-18 06:00:00,7,37.55715,25.665556
2014-09-18,2014-09-18 07:00:00,8,0.0,15.134334
2014-09-18,2014-09-18 08:00:00,9,0.0,2.4851599
2014-09-18,2014-09-18 09:00:00,10,0.0,0.36023426
2014-09-18,2014-09-18 10:00:00,11,0.0,0.2693262
2014-09-18,2014-09-18 11:00:00,12,0.0,-0.08191872
2014-09-18,2014-09-18 12:00:00,13,0.0,-0.07077026
2014-09-18,2014-09-18 13:00:00,14,0.0,0.22895622
2014-09-18,2014-09-18 14:00:00,15,0.0,0.18812752
2014-09-18,2014-09-18 15:00:00,16,0.0,0.5820551
2014-09-18,2014-09-18 16:00:00,17,0.0,0.61201286
2014-09-18,2014-09-18 17:00:00,18,0.0,0.34659004
2014-09-18,2014-09-18 18:00:00,19,0.0,0.22725582
2014-09-18,2014-09-18 19:00:00,20,0.0,0.29332256
2014-09-18,2014-09-18 20:00:00,21,0.0,0.10729122
2014-09-18,2014-09-18 21:00:00,22,0.0,0.14157486
2014-09-18,2014-09-18 22:00:00,23,0.0,0.21497726
2014-09-18,2014-09-18 23:00:00,24,0.0,-0.059272766
2014-09-19,2014-09-19 00:00:00,1,47.35467,3.4131203
2014-09-19,2014-09-19 01:00:00,2,27.759634,29.060822
2014-09-19,2014-09-19 02:00:00,3,26.126715,29.549667
2014-09-19,2014-09-19 03:00:00,4,27.759634,26.7527
2014-09-19,2014-09-19 04:00:00,5,26.126715,27.328815
2014-09-19,2014-09-19 05:00:00,6,27.759634,26.292435
2014-09-19,2014-09-19 06:00:00,7,37.55715,25.588543
2014-09-19,2014-09-19 07:00:00,8,0.0,15.023865
2014-09-19,2014-09-19 08:00:00,9,0.0,2.3961592
2014-09-19,2014-09-19 09:00:00,10,0.0,0.3360014
2014-09-19,2014-09-19 10:00:00,11,0.0,0.2682104
2014-09-19,2014-09-19 11:00:00,12,0.0,-0.08203602
2014-09-19,2014-09-19 12:00:00,13,0.0,-0.06276131
2014-09-19,2014-09-19 13:00:00,14,0.0,0.23349953
2014-09-19,2014-09-19 14:00:00,15,0.0,0.19145298
2014-09-19,2014-09-19 15:00:00,16,0.0,0.5877285
2014-09-19,2014-09-19 16:00:00,17,0.0,0.6155338
2014-09-19,2014-09-19 17:00:00,18,0.0,0.34750557
2014-09-19,2014-09-19 18:00:00,19,0.0,0.2270422
2014-09-19,2014-09-19 19:00:00,20,0.0,0.29513645
2014-09-19,2014-09-19 20:00:00,21,0.0,0.109246254
2014-09-19,2014-09-19 21:00:00,22,0.0,0.14396858
2014-09-19,2014-09-19 22:00:00,23,0.0,0.21989632
2014-09-19,2014-09-19 23:00:00,24,0.0,-0.05565834
2014-09-20,2014-09-20 00:00:00,1,45.721752,3.4113665
2014-09-20,2014-09-20 01:00:00,2,31.025473,29.067497
2014-09-20,2014-09-20 02:00:00,3,29.392553,29.572311
2014-09-20,2014-09-20 03:00:00,4,29.392553,26.77528
2014-09-20,2014-09-20 04:00:00,5,24.493795,27.340431
2014-09-20,2014-09-20 05:00:00,6,27.759634,26.317284
2014-09-20,2014-09-20 06:00:00,7,26.126715,25.621511
2014-09-20,2014-09-20 07:00:00,8,24.493795,15.06663
2014-09-20,2014-09-20 08:00:00,9,26.126715,2.428691
2014-09-20,2014-09-20 09:00:00,10,26.126715,0.34563732
2014-09-20,2014-09-20 10:00:00,11,24.493795,0.26975155
2014-09-20,2014-09-20 11:00:00,12,24.493795,-0.08112049
2014-09-20,2014-09-20 12:00:00,13,26.126715,-0.064762115
2014-09-20,2014-09-20 13:00:00,14,24.493795,0.2326498
2014-09-20,2014-09-20 14:00:00,15,24.493795,0.19072247
2014-09-20,2014-09-20 15:00:00,16,24.493795,0.58618736
2014-09-20,2014-09-20 16:00:00,17,24.493795,0.6141186
2014-09-20,2014-09-20 17:00:00,18,32.658394,0.34713745
2014-09-20,2014-09-20 18:00:00,19,31.025473,0.22719383
2014-09-20,2014-09-20 19:00:00,20,35.924232,0.2944336
2014-09-20,2014-09-20 20:00:00,21,37.55715,0.108403206
2014-09-20,2014-09-20 21:00:00,22,35.924232,0.14321518
2014-09-20,2014-09-20 22:00:00,23,37.55715,0.21840572
2014-09-20,2014-09-20 23:00:00,24,35.924232,-0.05663109
2014-09-21,2014-09-21 00:00:00,1,37.55715,35.77054
2014-09-21,2014-09-21 01:00:00,2,37.55715,35.85302
2014-09-21,2014-09-21 02:00:00,3,39.19007,35.75359
2014-09-21,2014-09-21 03:00:00,4,40.82299,35.500072
2014-09-21,2014-09-21 04:00:00,5,39.19007,35.3313
2014-09-21,2014-09-21 05:00:00,6,40.82299,35.053947
2014-09-21,2014-09-21 06:00:00,7,39.19007,35.04148
2014-09-21,2014-09-21 07:00:00,8,40.82299,34.483486
2014-09-21,2014-09-21 08:00:00,9,39.19007,34.261635
2014-09-21,2014-09-21 09:00:00,10,39.19007,34.06967
2014-09-21,2014-09-21 10:00:00,11,40.82299,33.94689
2014-09-21,2014-09-21 11:00:00,12,37.55715,33.593445
2014-09-21,2014-09-21 12:00:00,13,39.19007,33.758694
2014-09-21,2014-09-21 13:00:00,14,40.82299,33.708477
2014-09-21,2014-09-21 14:00:00,15,39.19007,33.35971
2014-09-21,2014-09-21 15:00:00,16,35.924232,33.231728
2014-09-21,2014-09-21 16:00:00,17,19.595036,33.10097
2014-09-21,2014-09-21 17:00:00,18,21.227955,32.937637
2014-09-21,2014-09-21 18:00:00,19,21.227955,32.98906
2014-09-21,2014-09-21 19:00:00,20,21.227955,32.859642
2014-09-21,2014-09-21 20:00:00,21,21.227955,32.975765
2014-09-21,2014-09-21 21:00:00,22,19.595036,33.184998
2014-09-21,2014-09-21 22:00:00,23,22.860876,33.304977
2014-09-21,2014-09-21 23:00:00,24,26.126715,33.30268
2014-09-22,2014-09-22 00:00:00,1,31.025473,25.956373
2014-09-22,2014-09-22 01:00:00,2,31.025473,26.973597
2014-09-22,2014-09-22 02:00:00,3,32.658394,27.36988
2014-09-22,2014-09-22 03:00:00,4,31.025473,28.23576
2014-09-22,2014-09-22 04:00:00,5,52.25343,26.503944
2014-09-22,2014-09-22 05:00:00,6,42.45591,23.673897
2014-09-22,2014-09-22 06:00:00,7,0.0,21.755455
2014-09-22,2014-09-22 07:00:00,8,0.0,17.604134
2014-09-22,2014-09-22 08:00:00,9,0.0,11.8874855
2014-09-22,2014-09-22 09:00:00,10,0.0,9.312401
2014-09-22,2014-09-22 10:00:00,11,0.0,4.945384
2014-09-22,2014-09-22 11:00:00,12,0.0,2.5899
2014-09-22,2014-09-22 12:00:00,13,0.0,3.8116846
2014-09-22,2014-09-22 13:00:00,14,0.0,3.720539
2014-09-22,2014-09-22 14:00:00,15,0.0,3.376686
2014-09-22,2014-09-22 15:00:00,16,0.0,4.752549
2014-09-22,2014-09-22 16:00:00,17,0.0,3.5672903
2014-09-22,2014-09-22 17:00:00,18,0.0,4.9961224
2014-09-22,2014-09-22 18:00:00,19,0.0,4.127594
2014-09-22,2014-09-22 19:00:00,20,0.0,3.284419
2014-09-22,2014-09-22 20:00:00,21,0.0,2.84758
2014-09-22,2014-09-22 21:00:00,22,0.0,2.933834
2014-09-22,2014-09-22 22:00:00,23,0.0,3.1666155
2014-09-22,2014-09-22 23:00:00,24,0.0,3.7842464
2014-09-23,2014-09-23 00:00:00,1,47.35467,3.385006
2014-09-23,2014-09-23 01:00:00,2,31.025473,27.139446
2014-09-23,2014-09-23 02:00:00,3,29.392553,26.499218
2014-09-23,2014-09-23 03:00:00,4,29.392553,23.838673
2014-09-23,2014-09-23 04:00:00,5,31.025473,25.093475
2014-09-23,2014-09-23 05:00:00,6,29.392553,23.03395
2014-09-23,2014-09-23 06:00:00,7,35.924232,21.714905
2014-09-23,2014-09-23 07:00:00,8,1.6329197,10.961038
2014-09-23,2014-09-23 08:00:00,9,0.0,-0.2945013
2014-09-23,2014-09-23 09:00:00,10,0.0,-0.52072906
2014-09-23,2014-09-23 10:00:00,11,0.0,0.10660267
2014-09-23,2014-09-23 11:00:00,12,0.0,-0.12735271
2014-09-23,2014-09-23 12:00:00,13,0.0,0.10680199
2014-09-23,2014-09-23 13:00:00,14,0.0,0.29536724
2014-09-23,2014-09-23 14:00:00,15,0.0,0.2551384
2014-09-23,2014-09-23 15:00:00,16,0.0,0.720129
2014-09-23,2014-09-23 16:00:00,17,0.0,0.7101822
2014-09-23,2014-09-23 17:00:00,18,0.0,0.37018204
2014-09-23,2014-09-23 18:00:00,19,0.0,0.20483208
2014-09-23,2014-09-23 19:00:00,20,0.0,0.30707073
2014-09-23,2014-09-23 20:00:00,21,0.0,0.10724449
2014-09-23,2014-09-23 21:00:00,22,0.0,0.09232521
2014-09-23,2014-09-23 22:00:00,23,0.0,0.19418812
2014-09-23,2014-09-23 23:00:00,24,0.0,-0.091002464
2014-09-24,2014-09-24 00:00:00,1,44.08883,3.4078808
2014-09-24,2014-09-24 01:00:00,2,29.392553,29.178337
2014-09-24,2014-09-24 02:00:00,3,27.759634,29.799278
2014-09-24,2014-09-24 03:00:00,4,29.392553,27.000834
2014-09-24,2014-09-24 04:00:00,5,26.126715,27.488945
2014-09-24,2014-09-24 05:00:00,6,26.126715,26.544579
2014-09-24,2014-09-24 06:00:00,7,37.55715,25.896795
2014-09-24,2014-09-24 07:00:00,8,0.0,15.383098
2014-09-24,2014-09-24 08:00:00,9,0.0,2.6485195
2014-09-24,2014-09-24 09:00:00,10,0.0,0.41440582
2014-09-24,2014-09-24 10:00:00,11,0.0,0.29038715
2014-09-24,2014-09-24 11:00:00,12,0.0,-0.06508064
2014-09-24,2014-09-24 12:00:00,13,0.0,-0.06897068
2014-09-24,2014-09-24 13:00:00,14,0.0,0.23326588
2014-09-24,2014-09-24 14:00:00,15,0.0,0.18983841
2014-09-24,2014-09-24 15:00:00,16,0.0,0.58093166
2014-09-24,2014-09-24 16:00:00,17,0.0,0.6070423
2014-09-24,2014-09-24 17:00:00,18,0.0,0.34512043
2014-09-24,2014-09-24 18:00:00,19,0.0,0.22926044
2014-09-24,2014-09-24 19:00:00,20,0.0,0.2906103
2014-09-24,2014-09-24 20:00:00,21,0.0,0.104558945
2014-09-24,2014-09-24 21:00:00,22,0.0,0.14222717
2014-09-24,2014-09-24 22:00:00,23,0.0,0.2136221
2014-09-24,2014-09-24 23:00:00,24,0.0,-0.059002876
2014-09-25,2014-09-25 00:00:00,1,53.88635,3.412838
2014-09-25,2014-09-25 01:00:00,2,34.291313,29.055672
2014-09-25,2014-09-25 02:00:00,3,31.025473,29.541931
2014-09-25,2014-09-25 03:00:00,4,26.126715,26.744999
2014-09-25,2014-09-25 04:00:00,5,29.392553,27.322924
2014-09-25,2014-09-25 05:00:00,6,27.759634,26.28609
2014-09-25,2014-09-25 06:00:00,7,31.025473,25.58178
2014-09-25,2014-09-25 07:00:00,8,6.5316787,15.017628
2014-09-25,2014-09-25 08:00:00,9,0.0,2.3924494
2014-09-25,2014-09-25 09:00:00,10,0.0,0.3343315
2014-09-25,2014-09-25 10:00:00,11,0.0,0.26710224
2014-09-25,2014-09-25 11:00:00,12,0.0,-0.08290005
2014-09-25,2014-09-25 12:00:00,13,0.0,-0.06337547
2014-09-25,2014-09-25 13:00:00,14,0.0,0.23300934
2014-09-25,2014-09-25 14:00:00,15,0.0,0.19129181
2014-09-25,2014-09-25 15:00:00,16,0.0,0.5877094
2014-09-25,2014-09-25 16:00:00,17,0.0,0.61590576
2014-09-25,2014-09-25 17:00:00,18,0.0,0.3476963
2014-09-25,2014-09-25 18:00:00,19,0.0,0.22709274
2014-09-25,2014-09-25 19:00:00,20,0.0,0.29537582
2014-09-25,2014-09-25 20:00:00,21,0.0,0.109386444
2014-09-25,2014-09-25 21:00:00,22,0.0,0.14364433
2014-09-25,2014-09-25 22:00:00,23,0.0,0.21932888
2014-09-25,2014-09-25 23:00:00,24,0.0,-0.056336403
2014-09-26,2014-09-26 00:00:00,1,50.62051,3.3946733
2014-09-26,2014-09-26 01:00:00,2,35.924232,29.102154
2014-09-26,2014-09-26 02:00:00,3,34.291313,29.73817
2014-09-26,2014-09-26 03:00:00,4,27.759634,26.935421
2014-09-26,2014-09-26 04:00:00,5,27.759634,27.401283
2014-09-26,2014-09-26 05:00:00,6,26.126715,26.486145
2014-09-26,2014-09-26 06:00:00,7,32.658394,25.856062
2014-09-26,2014-09-26 07:00:00,8,6.5316787,15.38816
2014-09-26,2014-09-26 08:00:00,9,0.0,2.6841412
2014-09-26,2014-09-26 09:00:00,10,0.0,0.41661072
2014-09-26,2014-09-26 10:00:00,11,0.0,0.28023148
2014-09-26,2014-09-26 11:00:00,12,0.0,-0.07351971
2014-09-26,2014-09-26 12:00:00,13,0.0,-0.081082344
2014-09-26,2014-09-26 13:00:00,14,0.0,0.21992493
2014-09-26,2014-09-26 14:00:00,15,0.0,0.17972183
2014-09-26,2014-09-26 15:00:00,16,0.0,0.5685253
2014-09-26,2014-09-26 16:00:00,17,0.0,0.60070896
2014-09-26,2014-09-26 17:00:00,18,0.0,0.33788586
2014-09-26,2014-09-26 18:00:00,19,0.0,0.22094917
2014-09-26,2014-09-26 19:00:00,20,0.0,0.28411865
2014-09-26,2014-09-26 20:00:00,21,0.0,0.104040146
2014-09-26,2014-09-26 21:00:00,22,0.0,0.14239883
2014-09-26,2014-09-26 22:00:00,23,0.0,0.21248436
2014-09-26,2014-09-26 23:00:00,24,0.0,-0.054722786
2014-09-27,2014-09-27 00:00:00,1,53.88635,3.3974266
2014-09-27,2014-09-27 01:00:00,2,34.291313,29.106377
2014-09-27,2014-09-27 02:00:00,3,29.392553,29.7271
2014-09-27,2014-09-27 03:00:00,4,27.759634,26.923143
2014-09-27,2014-09-27 04:00:00,5,26.126715,27.399414
2014-09-27,2014-09-27 05:00:00,6,27.759634,26.471413
2014-09-27,2014-09-27 06:00:00,7,26.126715,25.833515
2014-09-27,2014-09-27 07:00:00,8,26.126715,15.353408
2014-09-27,2014-09-27 08:00:00,9,27.759634,2.6550741
2014-09-27,2014-09-27 09:00:00,10,24.493795,0.40933704
2014-09-27,2014-09-27 10:00:00,11,24.493795,0.280406
2014-09-27,2014-09-27 11:00:00,12,24.493795,-0.073394775
2014-09-27,2014-09-27 12:00:00,13,24.493795,-0.078235626
2014-09-27,2014-09-27 13:00:00,14,24.493795,0.22167778
2014-09-27,2014-09-27 14:00:00,15,26.126715,0.180933
2014-09-27,2014-09-27 15:00:00,16,24.493795,0.57046795
2014-09-27,2014-09-27 16:00:00,17,24.493795,0.6018219
2014-09-27,2014-09-27 17:00:00,18,24.493795,0.3381958
2014-09-27,2014-09-27 18:00:00,19,27.759634,0.22084618
2014-09-27,2014-09-27 19:00:00,20,26.126715,0.2845745
2014-09-27,2014-09-27 20:00:00,21,29.392553,0.10456467
2014-09-27,2014-09-27 21:00:00,22,26.126715,0.14310169
2014-09-27,2014-09-27 22:00:00,23,29.392553,0.21401882
2014-09-27,2014-09-27 23:00:00,24,27.759634,-0.053587914
2014-09-28,2014-09-28 00:00:00,1,27.759634,27.584782
2014-09-28,2014-09-28 01:00:00,2,24.493795,27.656143
2014-09-28,2014-09-28 02:00:00,3,24.493795,27.644073
2014-09-28,2014-09-28 03:00:00,4,26.126715,27.650507
2014-09-28,2014-09-28 04:00:00,5,24.493795,27.628952
2014-09-28,2014-09-28 05:00:00,6,24.493795,27.570688
2014-09-28,2014-09-28 06:00:00,7,26.126715,27.481258
2014-09-28,2014-09-28 07:00:00,8,26.126715,27.120363
2014-09-28,2014-09-28 08:00:00,9,24.493795,26.915651
2014-09-28,2014-09-28 09:00:00,10,24.493795,26.721964
2014-09-28,2014-09-28 10:00:00,11,24.493795,26.513386
2014-09-28,2014-09-28 11:00:00,12,24.493795,26.415173
2014-09-28,2014-09-28 12:00:00,13,24.493795,26.572624
2014-09-28,2014-09-28 13:00:00,14,24.493795,26.35984
2014-09-28,2014-09-28 14:00:00,15,24.493795,26.075401
2014-09-28,2014-09-28 15:00:00,16,26.126715,26.034676
2014-09-28,2014-09-28 16:00:00,17,24.493795,25.925175
2014-09-28,2014-09-28 17:00:00,18,26.126715,25.815414
2014-09-28,2014-09-28 18:00:00,19,24.493795,25.75341
2014-09-28,2014-09-28 19:00:00,20,24.493795,25.8384
2014-09-28,2014-09-28 20:00:00,21,24.493795,26.045177
2014-09-28,2014-09-28 21:00:00,22,26.126715,26.21574
2014-09-28,2014-09-28 22:00:00,23,24.493795,26.365513
2014-09-28,2014-09-28 23:00:00,24,24.493795,26.520134
2014-09-29,2014-09-29 00:00:00,1,26.126715,24.634642
2014-09-29,2014-09-29 01:00:00,2,26.126715,26.050909
2014-09-29,2014-09-29 02:00:00,3,29.392553,26.776638
2014-09-29,2014-09-29 03:00:00,4,45.721752,27.73713
2014-09-29,2014-09-29 04:00:00,5,57.152187,26.34216
2014-09-29,2014-09-29 05:00:00,6,22.860876,23.003326
2014-09-29,2014-09-29 06:00:00,7,16.329197,20.919506
2014-09-29,2014-09-29 07:00:00,8,0.0,15.716763
2014-09-29,2014-09-29 08:00:00,9,0.0,9.122475
2014-09-29,2014-09-29 09:00:00,10,0.0,6.3315225
2014-09-29,2014-09-29 10:00:00,11,0.0,2.3995972
2014-09-29,2014-09-29 11:00:00,12,0.0,0.19826126
2014-09-29,2014-09-29 12:00:00,13,0.0,1.7214203
2014-09-29,2014-09-29 13:00:00,14,0.0,1.7704201
2014-09-29,2014-09-29 14:00:00,15,0.0,1.5137272
2014-09-29,2014-09-29 15:00:00,16,0.0,2.9142218
2014-09-29,2014-09-29 16:00:00,17,0.0,1.694994
2014-09-29,2014-09-29 17:00:00,18,0.0,3.4398365
2014-09-29,2014-09-29 18:00:00,19,0.0,2.5566444
2014-09-29,2014-09-29 19:00:00,20,0.0,1.8152256
2014-09-29,2014-09-29 20:00:00,21,0.0,1.788785
2014-09-29,2014-09-29 21:00:00,22,0.0,1.9204731
2014-09-29,2014-09-29 22:00:00,23,0.0,2.0895405
2014-09-29,2014-09-29 23:00:00,24,0.0,2.2948751
2014-09-30,2014-09-30 00:00:00,1,50.62051,3.4565954
2014-09-30,2014-09-30 01:00:00,2,26.126715,28.731735
2014-09-30,2014-09-30 02:00:00,3,27.759634,28.792725
2014-09-30,2014-09-30 03:00:00,4,27.759634,26.063026
2014-09-30,2014-09-30 04:00:00,5,26.126715,26.98056
2014-09-30,2014-09-30 05:00:00,6,27.759634,25.55009
2014-09-30,2014-09-30 06:00:00,7,39.19007,24.597912
2014-09-30,2014-09-30 07:00:00,8,1.6329197,13.767736
2014-09-30,2014-09-30 08:00:00,9,0.0,1.4132681
2014-09-30,2014-09-30 09:00:00,10,0.0,0.008140564
2014-09-30,2014-09-30 10:00:00,11,0.0,0.19414997
2014-09-30,2014-09-30 11:00:00,12,0.0,-0.11576557
2014-09-30,2014-09-30 12:00:00,13,0.0,-0.014375687
2014-09-30,2014-09-30 13:00:00,14,0.0,0.2639351
2014-09-30,2014-09-30 14:00:00,15,0.0,0.22807217
2014-09-30,2014-09-30 15:00:00,16,0.0,0.66500664
2014-09-30,2014-09-30 16:00:00,17,0.0,0.68247414
2014-09-30,2014-09-30 17:00:00,18,0.0,0.38265038
2014-09-30,2014-09-30 18:00:00,19,0.0,0.24468517
2014-09-30,2014-09-30 19:00:00,20,0.0,0.32811642
2014-09-30,2014-09-30 20:00:00,21,0.0,0.1171875
2014-09-30,2014-09-30 21:00:00,22,0.0,0.123189926
2014-09-30,2014-09-30 22:00:00,23,0.0,0.2036457
2014-09-30,2014-09-30 23:00:00,24,0.0,-0.100040436
2014-10-01,2014-10-01 00:00:00,1,42.45591,3.4038658
2014-10-01,2014-10-01 01:00:00,2,29.392553,29.128029
2014-10-01,2014-10-01 02:00:00,3,27.759634,29.72942
2014-10-01,2014-10-01 03:00:00,4,27.759634,26.930408
2014-10-01,2014-10-01 04:00:00,5,29.392553,27.427567
2014-10-01,2014-10-01 05:00:00,6,26.126715,26.475462
2014-10-01,2014-10-01 06:00:00,7,40.82299,25.823479
2014-10-01,2014-10-01 07:00:00,8,0.0,15.316794
2014-10-01,2014-10-01 08:00:00,9,0.0,2.614149
2014-10-01,2014-10-01 09:00:00,10,0.0,0.40189457
2014-10-01,2014-10-01 10:00:00,11,0.0,0.28324413
2014-10-01,2014-10-01 11:00:00,12,0.0,-0.071294785
2014-10-01,2014-10-01 12:00:00,13,0.0,-0.071769714
2014-10-01,2014-10-01 13:00:00,14,0.0,0.22940254
2014-10-01,2014-10-01 14:00:00,15,0.0,0.18688679
2014-10-01,2014-10-01 15:00:00,16,0.0,0.5778074
2014-10-01,2014-10-01 16:00:00,17,0.0,0.6055155
2014-10-01,2014-10-01 17:00:00,18,0.0,0.34318638
2014-10-01,2014-10-01 18:00:00,19,0.0,0.22638702
2014-10-01,2014-10-01 19:00:00,20,0.0,0.28915405
2014-10-01,2014-10-01 20:00:00,21,0.0,0.10457897
2014-10-01,2014-10-01 21:00:00,22,0.0,0.14231682
2014-10-01,2014-10-01 22:00:00,23,0.0,0.21460724
2014-10-01,2014-10-01 23:00:00,24,0.0,-0.0566473
2014-10-02,2014-10-02 00:00:00,1,44.08883,3.4103441
2014-10-02,2014-10-02 01:00:00,2,27.759634,29.12938
2014-10-02,2014-10-02 02:00:00,3,24.493795,29.692719
2014-10-02,2014-10-02 03:00:00,4,24.493795,26.895596
2014-10-02,2014-10-02 04:00:00,5,26.126715,27.423689
2014-10-02,2014-10-02 05:00:00,6,22.860876,26.439434
2014-10-02,2014-10-02 06:00:00,7,37.55715,25.767513
2014-10-02,2014-10-02 07:00:00,8,0.0,15.230923
2014-10-02,2014-10-02 08:00:00,9,0.0,2.5406904
2014-10-02,2014-10-02 09:00:00,10,0.0,0.38188076
2014-10-02,2014-10-02 10:00:00,11,0.0,0.28127003
2014-10-02,2014-10-02 11:00:00,12,0.0,-0.07246399
2014-10-02,2014-10-02 12:00:00,13,14.696277,-0.066186905
2014-10-02,2014-10-02 13:00:00,14,55.519268,0.23419285
2014-10-02,2014-10-02 14:00:00,15,35.924232,0.19107246
2014-10-02,2014-10-02 15:00:00,16,34.291313,0.58443165
2014-10-02,2014-10-02 16:00:00,17,32.658394,0.6107178
2014-10-02,2014-10-02 17:00:00,18,50.62051,0.34687805
2014-10-02,2014-10-02 18:00:00,19,35.924232,0.22930145
2014-10-02,2014-10-02 19:00:00,20,0.0,0.29308128
2014-10-02,2014-10-02 20:00:00,21,0.0,0.10607147
2014-10-02,2014-10-02 21:00:00,22,0.0,0.14229298
2014-10-02,2014-10-02 22:00:00,23,0.0,0.21574593
2014-10-02,2014-10-02 23:00:00,24,0.0,-0.058613777
2014-10-03,2014-10-03 00:00:00,1,45.721752,3.1030283
2014-10-03,2014-10-03 01:00:00,2,29.392553,26.386879
2014-10-03,2014-10-03 02:00:00,3,26.126715,26.595657
2014-10-03,2014-10-03 03:00:00,4,24.493795,24.023018
2014-10-03,2014-10-03 04:00:00,5,26.126715,24.503136
2014-10-03,2014-10-03 05:00:00,6,24.493795,23.08647
2014-10-03,2014-10-03 06:00:00,7,37.55715,22.1003
2014-10-03,2014-10-03 07:00:00,8,0.0,12.659372
2014-10-03,2014-10-03 08:00:00,9,0.0,2.1095285
2014-10-03,2014-10-03 09:00:00,10,0.0,0.7492628
2014-10-03,2014-10-03 10:00:00,11,0.0,0.73338413
2014-10-03,2014-10-03 11:00:00,12,0.0,0.4644537
2014-10-03,2014-10-03 12:00:00,13,0.0,0.5170641
2014-10-03,2014-10-03 13:00:00,14,0.0,0.50428295
2014-10-03,2014-10-03 14:00:00,15,0.0,0.41320705
2014-10-03,2014-10-03 15:00:00,16,0.0,0.4423313
2014-10-03,2014-10-03 16:00:00,17,0.0,0.6958208
2014-10-03,2014-10-03 17:00:00,18,0.0,0.2614727
2014-10-03,2014-10-03 18:00:00,19,0.0,0.24301147
2014-10-03,2014-10-03 19:00:00,20,0.0,0.6650238
2014-10-03,2014-10-03 20:00:00,21,0.0,0.72784233
2014-10-03,2014-10-03 21:00:00,22,0.0,1.056737
2014-10-03,2014-10-03 22:00:00,23,0.0,1.4990921
2014-10-03,2014-10-03 23:00:00,24,0.0,1.2756901
2014-10-04,2014-10-04 00:00:00,1,55.519268,3.4102707
2014-10-04,2014-10-04 01:00:00,2,32.658394,29.035992
2014-10-04,2014-10-04 02:00:00,3,24.493795,29.520058
2014-10-04,2014-10-04 03:00:00,4,24.493795,26.721636
2014-10-04,2014-10-04 04:00:00,5,26.126715,27.29965
2014-10-04,2014-10-04 05:00:00,6,22.860876,26.269512
2014-10-04,2014-10-04 06:00:00,7,26.126715,25.568645
2014-10-04,2014-10-04 07:00:00,8,22.860876,15.014643
2014-10-04,2014-10-04 08:00:00,9,21.227955,2.3969193
2014-10-04,2014-10-04 09:00:00,10,24.493795,0.33388138
2014-10-04,2014-10-04 10:00:00,11,21.227955,0.26422215
2014-10-04,2014-10-04 11:00:00,12,22.860876,-0.08524895
2014-10-04,2014-10-04 12:00:00,13,22.860876,-0.066721916
2014-10-04,2014-10-04 13:00:00,14,22.860876,0.23020935
2014-10-04,2014-10-04 14:00:00,15,22.860876,0.18978786
2014-10-04,2014-10-04 15:00:00,16,21.227955,0.5862236
2014-10-04,2014-10-04 16:00:00,17,21.227955,0.61696815
2014-10-04,2014-10-04 17:00:00,18,21.227955,0.34841442
2014-10-04,2014-10-04 18:00:00,19,22.860876,0.22755241
2014-10-04,2014-10-04 19:00:00,20,21.227955,0.2962494
2014-10-04,2014-10-04 20:00:00,21,21.227955,0.11027336
2014-10-04,2014-10-04 21:00:00,22,22.860876,0.14285469
2014-10-04,2014-10-04 22:00:00,23,22.860876,0.21704197
2014-10-04,2014-10-04 23:00:00,24,21.227955,-0.058654785
2014-10-05,2014-10-05 00:00:00,1,21.227955,21.145264
2014-10-05,2014-10-05 01:00:00,2,22.860876,21.278538
2014-10-05,2014-10-05 02:00:00,3,26.126715,21.323437
2014-10-05,2014-10-05 03:00:00,4,21.227955,21.393806
2014-10-05,2014-10-05 04:00:00,5,22.860876,21.478285
2014-10-05,2014-10-05 05:00:00,6,21.227955,21.375193
2014-10-05,2014-10-05 06:00:00,7,21.227955,21.371082
2014-10-05,2014-10-05 07:00:00,8,22.860876,21.08928
2014-10-05,2014-10-05 08:00:00,9,21.227955,20.953283
2014-10-05,2014-10-05 09:00:00,10,21.227955,20.756569
2014-10-05,2014-10-05 10:00:00,11,21.227955,20.551294
2014-10-05,2014-10-05 11:00:00,12,21.227955,20.549833
2014-10-05,2014-10-05 12:00:00,13,22.860876,20.783247
2014-10-05,2014-10-05 13:00:00,14,21.227955,20.412216
2014-10-05,2014-10-05 14:00:00,15,21.227955,20.145428
2014-10-05,2014-10-05 15:00:00,16,21.227955,20.194544
2014-10-05,2014-10-05 16:00:00,17,21.227955,20.152056
2014-10-05,2014-10-05 17:00:00,18,21.227955,20.116106
2014-10-05,2014-10-05 18:00:00,19,21.227955,20.019701
2014-10-05,2014-10-05 19:00:00,20,21.227955,20.208313
2014-10-05,2014-10-05 20:00:00,21,21.227955,20.513273
2014-10-05,2014-10-05 21:00:00,22,21.227955,20.675997
2014-10-05,2014-10-05 22:00:00,23,24.493795,20.69823
2014-10-05,2014-10-05 23:00:00,24,21.227955,20.720499
2014-10-06,2014-10-06 00:00:00,1,21.227955,21.40646
2014-10-06,2014-10-06 01:00:00,2,22.860876,22.576931
2014-10-06,2014-10-06 02:00:00,3,21.227955,23.359558
2014-10-06,2014-10-06 03:00:00,4,21.227955,24.319517
2014-10-06,2014-10-06 04:00:00,5,22.860876,23.014202
2014-10-06,2014-10-06 05:00:00,6,26.126715,20.126335
2014-10-06,2014-10-06 06:00:00,7,0.0,18.525658
2014-10-06,2014-10-06 07:00:00,8,0.0,13.990873
2014-10-06,2014-10-06 08:00:00,9,0.0,8.069359
2014-10-06,2014-10-06 09:00:00,10,0.0,5.286232
2014-10-06,2014-10-06 10:00:00,11,0.0,1.1339521
2014-10-06,2014-10-06 11:00:00,12,0.0,-1.2014303
2014-10-06,2014-10-06 12:00:00,13,0.0,0.009883881
2014-10-06,2014-10-06 13:00:00,14,0.0,0.13720322
2014-10-06,2014-10-06 14:00:00,15,0.0,-0.2177372
2014-10-06,2014-10-06 15:00:00,16,0.0,1.0640421
2014-10-06,2014-10-06 16:00:00,17,0.0,-0.11716461
2014-10-06,2014-10-06 17:00:00,18,0.0,1.2418051
2014-10-06,2014-10-06 18:00:00,19,0.0,0.42630577
2014-10-06,2014-10-06 19:00:00,20,0.0,-0.17896461
2014-10-06,2014-10-06 20:00:00,21,0.0,-0.10226154
2014-10-06,2014-10-06 21:00:00,22,0.0,0.2296753
2014-10-06,2014-10-06 22:00:00,23,0.0,0.44029236
2014-10-06,2014-10-06 23:00:00,24,0.0,0.41030025
2014-10-07,2014-10-07 00:00:00,1,40.82299,2.755907
2014-10-07,2014-10-07 01:00:00,2,29.392553,20.805378
2014-10-07,2014-10-07 02:00:00,3,27.759634,19.630445
2014-10-07,2014-10-07 03:00:00,4,26.126715,17.54621
2014-10-07,2014-10-07 04:00:00,5,26.126715,18.957706
2014-10-07,2014-10-07 05:00:00,6,24.493795,16.307985
2014-10-07,2014-10-07 06:00:00,7,29.392553,14.692927
2014-10-07,2014-10-07 07:00:00,8,8.164598,5.8173904
2014-10-07,2014-10-07 08:00:00,9,0.0,-2.1668253
2014-10-07,2014-10-07 09:00:00,10,0.0,-1.1064749
2014-10-07,2014-10-07 10:00:00,11,0.0,-0.055060387
2014-10-07,2014-10-07 11:00:00,12,0.0,-0.13748169
2014-10-07,2014-10-07 12:00:00,13,0.0,0.23962879
2014-10-07,2014-10-07 13:00:00,14,0.0,0.22314167
2014-10-07,2014-10-07 14:00:00,15,0.0,0.22897053
2014-10-07,2014-10-07 15:00:00,16,0.0,0.62222195
2014-10-07,2014-10-07 16:00:00,17,0.0,0.6329632
2014-10-07,2014-10-07 17:00:00,18,0.0,0.2527399
2014-10-07,2014-10-07 18:00:00,19,0.0,0.08087826
2014-10-07,2014-10-07 19:00:00,20,0.0,0.18050385
2014-10-07,2014-10-07 20:00:00,21,0.0,0.06611729
2014-10-07,2014-10-07 21:00:00,22,0.0,0.05945015
2014-10-07,2014-10-07 22:00:00,23,0.0,0.2635498
2014-10-07,2014-10-07 23:00:00,24,0.0,0.05479622
2014-10-08,2014-10-08 00:00:00,1,42.45591,3.3345575
2014-10-08,2014-10-08 01:00:00,2,29.392553,28.985945
2014-10-08,2014-10-08 02:00:00,3,24.493795,29.992554
2014-10-08,2014-10-08 03:00:00,4,24.493795,27.244398
2014-10-08,2014-10-08 04:00:00,5,27.759634,27.469692
2014-10-08,2014-10-08 05:00:00,6,22.860876,26.801405
2014-10-08,2014-10-08 06:00:00,7,27.759634,26.321423
2014-10-08,2014-10-08 07:00:00,8,9.797518,16.103231
2014-10-08,2014-10-08 08:00:00,9,0.0,3.2877264
2014-10-08,2014-10-08 09:00:00,10,0.0,0.5584593
2014-10-08,2014-10-08 10:00:00,11,0.0,0.27984238
2014-10-08,2014-10-08 11:00:00,12,0.0,-0.06565285
2014-10-08,2014-10-08 12:00:00,13,0.0,-0.1273508
2014-10-08,2014-10-08 13:00:00,14,0.0,0.18576813
2014-10-08,2014-10-08 14:00:00,15,0.0,0.153656
2014-10-08,2014-10-08 15:00:00,16,0.0,0.529912
2014-10-08,2014-10-08 16:00:00,17,0.0,0.57315063
2014-10-08,2014-10-08 17:00:00,18,0.0,0.3233738
2014-10-08,2014-10-08 18:00:00,19,0.0,0.21605968
2014-10-08,2014-10-08 19:00:00,20,0.0,0.26896286
2014-10-08,2014-10-08 20:00:00,21,0.0,0.09428406
2014-10-08,2014-10-08 21:00:00,22,0.0,0.13853359
2014-10-08,2014-10-08 22:00:00,23,0.0,0.19726467
2014-10-08,2014-10-08 23:00:00,24,0.0,-0.05565071
2014-10-09,2014-10-09 00:00:00,1,45.721752,3.3565197
2014-10-09,2014-10-09 01:00:00,2,29.392553,28.917793
2014-10-09,2014-10-09 02:00:00,3,26.126715,29.66549
2014-10-09,2014-10-09 03:00:00,4,26.126715,26.881893
2014-10-09,2014-10-09 04:00:00,5,24.493795,27.267002
2014-10-09,2014-10-09 05:00:00,6,27.759634,26.455376
2014-10-09,2014-10-09 06:00:00,7,34.291313,25.887932
2014-10-09,2014-10-09 07:00:00,8,8.164598,15.556951
2014-10-09,2014-10-09 08:00:00,9,0.0,2.8784332
2014-10-09,2014-10-09 09:00:00,10,0.0,0.44871044
2014-10-09,2014-10-09 10:00:00,11,0.0,0.25717735
2014-10-09,2014-10-09 11:00:00,12,0.0,-0.09048462
2014-10-09,2014-10-09 12:00:00,13,0.0,-0.11552334
2014-10-09,2014-10-09 13:00:00,14,0.0,0.1910181
2014-10-09,2014-10-09 14:00:00,15,0.0,0.15914154
2014-10-09,2014-10-09 15:00:00,16,0.0,0.5424471
2014-10-09,2014-10-09 16:00:00,17,0.0,0.58746433
2014-10-09,2014-10-09 17:00:00,18,0.0,0.3286705
2014-10-09,2014-10-09 18:00:00,19,0.0,0.213027
2014-10-09,2014-10-09 19:00:00,20,0.0,0.2753687
2014-10-09,2014-10-09 20:00:00,21,0.0,0.10028744
2014-10-09,2014-10-09 21:00:00,22,0.0,0.13795471
2014-10-09,2014-10-09 22:00:00,23,0.0,0.2024765
2014-10-09,2014-10-09 23:00:00,24,0.0,-0.056707382
2014-10-10,2014-10-10 00:00:00,1,42.45591,3.3630924
2014-10-10,2014-10-10 01:00:00,2,31.025473,29.070179
2014-10-10,2014-10-10 02:00:00,3,31.025473,29.912296
2014-10-10,2014-10-10 03:00:00,4,31.025473,27.131178
2014-10-10,2014-10-10 04:00:00,5,31.025473,27.459553
2014-10-10,2014-10-10 05:00:00,6,31.025473,26.689228
2014-10-10,2014-10-10 06:00:00,7,37.55715,26.147942
2014-10-10,2014-10-10 07:00:00,8,19.595036,15.817992
2014-10-10,2014-10-10 08:00:00,9,0.0,3.0388308
2014-10-10,2014-10-10 09:00:00,10,0.0,0.5067272
2014-10-10,2014-10-10 10:00:00,11,0.0,0.28594112
2014-10-10,2014-10-10 11:00:00,12,0.0,-0.066607475
2014-10-10,2014-10-10 12:00:00,13,0.0,-0.10601616
2014-10-10,2014-10-10 13:00:00,14,0.0,0.20263004
2014-10-10,2014-10-10 14:00:00,15,0.0,0.16567612
2014-10-10,2014-10-10 15:00:00,16,0.0,0.54663277
2014-10-10,2014-10-10 16:00:00,17,0.0,0.58354664
2014-10-10,2014-10-10 17:00:00,18,0.0,0.32929134
2014-10-10,2014-10-10 18:00:00,19,0.0,0.21812344
2014-10-10,2014-10-10 19:00:00,20,0.0,0.2742548
2014-10-10,2014-10-10 20:00:00,21,0.0,0.09691429
2014-10-10,2014-10-10 21:00:00,22,0.0,0.13926029
2014-10-10,2014-10-10 22:00:00,23,0.0,0.20305634
2014-10-10,2014-10-10 23:00:00,24,0.0,-0.05572319
2014-10-11,2014-10-11 00:00:00,1,44.08883,2.890791
2014-10-11,2014-10-11 01:00:00,2,31.025473,27.282038
2014-10-11,2014-10-11 02:00:00,3,29.392553,31.4444
2014-10-11,2014-10-11 03:00:00,4,27.759634,29.805542
2014-10-11,2014-10-11 04:00:00,5,27.759634,28.319984
2014-10-11,2014-10-11 05:00:00,6,29.392553,28.599747
2014-10-11,2014-10-11 06:00:00,7,27.759634,28.67957
2014-10-11,2014-10-11 07:00:00,8,27.759634,20.040651
2014-10-11,2014-10-11 08:00:00,9,24.493795,6.961057
2014-10-11,2014-10-11 09:00:00,10,22.860876,1.2960567
2014-10-11,2014-10-11 10:00:00,11,24.493795,0.2263403
2014-10-11,2014-10-11 11:00:00,12,22.860876,0.08379936
2014-10-11,2014-10-11 12:00:00,13,24.493795,-0.20607758
2014-10-11,2014-10-11 13:00:00,14,22.860876,0.13992596
2014-10-11,2014-10-11 14:00:00,15,22.860876,0.09680557
2014-10-11,2014-10-11 15:00:00,16,22.860876,0.40943623
2014-10-11,2014-10-11 16:00:00,17,22.860876,0.4382019
2014-10-11,2014-10-11 17:00:00,18,24.493795,0.27571106
2014-10-11,2014-10-11 18:00:00,19,26.126715,0.20874977
2014-10-11,2014-10-11 19:00:00,20,24.493795,0.1725893
2014-10-11,2014-10-11 20:00:00,21,24.493795,0.028050423
2014-10-11,2014-10-11 21:00:00,22,24.493795,0.16338444
2014-10-11,2014-10-11 22:00:00,23,26.126715,0.19337082
2014-10-11,2014-10-11 23:00:00,24,24.493795,0.07555485
2014-10-12,2014-10-12 00:00:00,1,27.759634,24.359287
2014-10-12,2014-10-12 01:00:00,2,27.759634,24.458475
2014-10-12,2014-10-12 02:00:00,3,24.493795,24.485464
2014-10-12,2014-10-12 03:00:00,4,24.493795,24.540157
2014-10-12,2014-10-12 04:00:00,5,24.493795,24.593052
2014-10-12,2014-10-12 05:00:00,6,26.126715,24.535477
2014-10-12,2014-10-12 06:00:00,7,24.493795,24.485367
2014-10-12,2014-10-12 07:00:00,8,24.493795,24.18341
2014-10-12,2014-10-12 08:00:00,9,24.493795,24.015879
2014-10-12,2014-10-12 09:00:00,10,24.493795,23.811993
2014-10-12,2014-10-12 10:00:00,11,24.493795,23.603554
2014-10-12,2014-10-12 11:00:00,12,26.126715,23.570576
2014-10-12,2014-10-12 12:00:00,13,24.493795,23.763084
2014-10-12,2014-10-12 13:00:00,14,24.493795,23.44957
2014-10-12,2014-10-12 14:00:00,15,24.493795,23.198198
2014-10-12,2014-10-12 15:00:00,16,24.493795,23.203629
2014-10-12,2014-10-12 16:00:00,17,26.126715,23.12233
2014-10-12,2014-10-12 17:00:00,18,24.493795,23.051504
2014-10-12,2014-10-12 18:00:00,19,24.493795,22.963928
2014-10-12,2014-10-12 19:00:00,20,24.493795,23.115597
2014-10-12,2014-10-12 20:00:00,21,24.493795,23.394894
2014-10-12,2014-10-12 21:00:00,22,26.126715,23.557514
2014-10-12,2014-10-12 22:00:00,23,24.493795,23.646381
2014-10-12,2014-10-12 23:00:00,24,26.126715,23.767025
2014-10-13,2014-10-13 00:00:00,1,24.493795,26.05909
2014-10-13,2014-10-13 01:00:00,2,26.126715,26.902733
2014-10-13,2014-10-13 02:00:00,3,29.392553,27.839117
2014-10-13,2014-10-13 03:00:00,4,42.45591,29.009699
2014-10-13,2014-10-13 04:00:00,5,55.519268,28.063065
2014-10-13,2014-10-13 05:00:00,6,27.759634,26.365147
2014-10-13,2014-10-13 06:00:00,7,0.0,25.299274
2014-10-13,2014-10-13 07:00:00,8,0.0,21.170002
2014-10-13,2014-10-13 08:00:00,9,0.0,14.566672
2014-10-13,2014-10-13 09:00:00,10,0.0,10.450007
2014-10-13,2014-10-13 10:00:00,11,0.0,4.7041006
2014-10-13,2014-10-13 11:00:00,12,0.0,1.4164038
2014-10-13,2014-10-13 12:00:00,13,0.0,2.031127
2014-10-13,2014-10-13 13:00:00,14,0.0,1.7586346
2014-10-13,2014-10-13 14:00:00,15,0.0,1.7107458
2014-10-13,2014-10-13 15:00:00,16,0.0,2.99156
2014-10-13,2014-10-13 16:00:00,17,0.0,1.9266634
2014-10-13,2014-10-13 17:00:00,18,0.0,3.6146126
2014-10-13,2014-10-13 18:00:00,19,0.0,3.1769266
2014-10-13,2014-10-13 19:00:00,20,0.0,2.8456745
2014-10-13,2014-10-13 20:00:00,21,0.0,2.8854074
2014-10-13,2014-10-13 21:00:00,22,0.0,2.711709
2014-10-13,2014-10-13 22:00:00,23,0.0,2.4110212
2014-10-13,2014-10-13 23:00:00,24,0.0,2.369213
2014-10-14,2014-10-14 00:00:00,1,45.721752,3.080803
2014-10-14,2014-10-14 01:00:00,2,32.658394,23.803684
2014-10-14,2014-10-14 02:00:00,3,26.126715,22.679504
2014-10-14,2014-10-14 03:00:00,4,26.126715,20.275507
2014-10-14,2014-10-14 04:00:00,5,24.493795,21.715143
2014-10-14,2014-10-14 05:00:00,6,27.759634,19.20475
2014-10-14,2014-10-14 06:00:00,7,37.55715,17.642828
2014-10-14,2014-10-14 07:00:00,8,0.0,7.782055
2014-10-14,2014-10-14 08:00:00,9,0.0,-1.6734037
2014-10-14,2014-10-14 09:00:00,10,0.0,-0.9556217
2014-10-14,2014-10-14 10:00:00,11,0.0,0.003976822
2014-10-14,2014-10-14 11:00:00,12,0.0,-0.13354588
2014-10-14,2014-10-14 12:00:00,13,0.0,0.21171951
2014-10-14,2014-10-14 13:00:00,14,0.0,0.2816372
2014-10-14,2014-10-14 14:00:00,15,0.0,0.25866985
2014-10-14,2014-10-14 15:00:00,16,0.0,0.6939211
2014-10-14,2014-10-14 16:00:00,17,0.0,0.6917944
2014-10-14,2014-10-14 17:00:00,18,0.0,0.3214035
2014-10-14,2014-10-14 18:00:00,19,0.0,0.13957024
2014-10-14,2014-10-14 19:00:00,20,0.0,0.24069595
2014-10-14,2014-10-14 20:00:00,21,0.0,0.07937527
2014-10-14,2014-10-14 21:00:00,22,0.0,0.0479002
2014-10-14,2014-10-14 22:00:00,23,0.0,0.19709492
2014-10-14,2014-10-14 23:00:00,24,0.0,-0.045484543
2014-10-15,2014-10-15 00:00:00,1,47.35467,3.4074001
2014-10-15,2014-10-15 01:00:00,2,26.126715,29.091656
2014-10-15,2014-10-15 02:00:00,3,26.126715,29.640244
2014-10-15,2014-10-15 03:00:00,4,26.126715,26.841574
2014-10-15,2014-10-15 04:00:00,5,24.493795,27.373495
2014-10-15,2014-10-15 05:00:00,6,24.493795,26.381804
2014-10-15,2014-10-15 06:00:00,7,37.55715,25.705893
2014-10-15,2014-10-15 07:00:00,8,1.6329197,15.174079
2014-10-15,2014-10-15 08:00:00,9,0.0,2.5110188
2014-10-15,2014-10-15 09:00:00,10,0.0,0.37100315
2014-10-15,2014-10-15 10:00:00,11,0.0,0.27614307
2014-10-15,2014-10-15 11:00:00,12,0.0,-0.07656479
2014-10-15,2014-10-15 12:00:00,13,0.0,-0.06767368
2014-10-15,2014-10-15 13:00:00,14,0.0,0.23084164
2014-10-15,2014-10-15 14:00:00,15,0.0,0.18848419
2014-10-15,2014-10-15 15:00:00,16,0.0,0.5812845
2014-10-15,2014-10-15 16:00:00,17,0.0,0.6089878
2014-10-15,2014-10-15 17:00:00,18,0.0,0.34430122
2014-10-15,2014-10-15 18:00:00,19,0.0,0.22577667
2014-10-15,2014-10-15 19:00:00,20,0.0,0.29131413
2014-10-15,2014-10-15 20:00:00,21,0.0,0.106892586
2014-10-15,2014-10-15 21:00:00,22,0.0,0.14386845
2014-10-15,2014-10-15 22:00:00,23,0.0,0.21826172
2014-10-15,2014-10-15 23:00:00,24,0.0,-0.054385185
2014-10-16,2014-10-16 00:00:00,1,48.98759,3.4006777
2014-10-16,2014-10-16 01:00:00,2,32.658394,29.006088
2014-10-16,2014-10-16 02:00:00,3,31.025473,29.522144
2014-10-16,2014-10-16 03:00:00,4,24.493795,26.72251
2014-10-16,2014-10-16 04:00:00,5,24.493795,27.271423
2014-10-16,2014-10-16 05:00:00,6,26.126715,26.27237
2014-10-16,2014-10-16 06:00:00,7,37.55715,25.591492
2014-10-16,2014-10-16 07:00:00,8,0.0,15.074391
2014-10-16,2014-10-16 08:00:00,9,0.0,2.4596224
2014-10-16,2014-10-16 09:00:00,10,0.0,0.34907532
2014-10-16,2014-10-16 10:00:00,11,0.0,0.2615776
2014-10-16,2014-10-16 11:00:00,12,0.0,-0.088376045
2014-10-16,2014-10-16 12:00:00,13,0.0,-0.07499409
2014-10-16,2014-10-16 13:00:00,14,0.0,0.22307014
2014-10-16,2014-10-16 14:00:00,15,0.0,0.18374729
2014-10-16,2014-10-16 15:00:00,16,0.0,0.57710075
2014-10-16,2014-10-16 16:00:00,17,0.0,0.60974884
2014-10-16,2014-10-16 17:00:00,18,0.0,0.34331226
2014-10-16,2014-10-16 18:00:00,19,0.0,0.22272968
2014-10-16,2014-10-16 19:00:00,20,0.0,0.2906494
2014-10-16,2014-10-16 20:00:00,21,0.0,0.10765934
2014-10-16,2014-10-16 21:00:00,22,0.0,0.14212608
2014-10-16,2014-10-16 22:00:00,23,0.0,0.21590424
2014-10-16,2014-10-16 23:00:00,24,0.0,-0.055898666
2014-10-17,2014-10-17 00:00:00,1,44.08883,3.4172869
2014-10-17,2014-10-17 01:00:00,2,24.493795,29.03469
2014-10-17,2014-10-17 02:00:00,3,26.126715,29.478306
2014-10-17,2014-10-17 03:00:00,4,26.126715,26.682537
2014-10-17,2014-10-17 04:00:00,5,27.759634,27.289078
2014-10-17,2014-10-17 05:00:00,6,26.126715,26.213642
2014-10-17,2014-10-17 06:00:00,7,35.924232,25.486134
2014-10-17,2014-10-17 07:00:00,8,1.6329197,14.894989
2014-10-17,2014-10-17 08:00:00,9,0.0,2.3008518
2014-10-17,2014-10-17 09:00:00,10,0.0,0.30800247
2014-10-17,2014-10-17 10:00:00,11,0.0,0.26388168
2014-10-17,2014-10-17 11:00:00,12,0.0,-0.084625244
2014-10-17,2014-10-17 12:00:00,13,0.0,-0.05660534
2014-10-17,2014-10-17 13:00:00,14,0.0,0.23591518
2014-10-17,2014-10-17 14:00:00,15,0.0,0.1932373
2014-10-17,2014-10-17 15:00:00,16,0.0,0.5916691
2014-10-17,2014-10-17 16:00:00,17,0.0,0.61817265
2014-10-17,2014-10-17 17:00:00,18,0.0,0.34739208
2014-10-17,2014-10-17 18:00:00,19,0.0,0.22546291
2014-10-17,2014-10-17 19:00:00,20,0.0,0.2960291
2014-10-17,2014-10-17 20:00:00,21,0.0,0.1110096
2014-10-17,2014-10-17 21:00:00,22,0.0,0.14617538
2014-10-17,2014-10-17 22:00:00,23,0.0,0.22470188
2014-10-17,2014-10-17 23:00:00,24,0.0,-0.051439285
2014-10-18,2014-10-18 00:00:00,1,37.55715,3.3949394
2014-10-18,2014-10-18 01:00:00,2,34.291313,29.038368
2014-10-18,2014-10-18 02:00:00,3,24.493795,29.619667
2014-10-18,2014-10-18 03:00:00,4,29.392553,26.82153
2014-10-18,2014-10-18 04:00:00,5,22.860876,27.32771
2014-10-18,2014-10-18 05:00:00,6,22.860876,26.378513
2014-10-18,2014-10-18 06:00:00,7,26.126715,25.727863
2014-10-18,2014-10-18 07:00:00,8,24.493795,15.245232
2014-10-18,2014-10-18 08:00:00,9,21.227955,2.5856876
2014-10-18,2014-10-18 09:00:00,10,24.493795,0.38508034
2014-10-18,2014-10-18 10:00:00,11,22.860876,0.2676983
2014-10-18,2014-10-18 11:00:00,12,22.860876,-0.083805084
2014-10-18,2014-10-18 12:00:00,13,22.860876,-0.08203602
2014-10-18,2014-10-18 13:00:00,14,24.493795,0.22003937
2014-10-18,2014-10-18 14:00:00,15,21.227955,0.18130493
2014-10-18,2014-10-18 15:00:00,16,22.860876,0.5720711
2014-10-18,2014-10-18 16:00:00,17,21.227955,0.60585785
2014-10-18,2014-10-18 17:00:00,18,22.860876,0.3425417
2014-10-18,2014-10-18 18:00:00,19,21.227955,0.22406769
2014-10-18,2014-10-18 19:00:00,20,24.493795,0.28891182
2014-10-18,2014-10-18 20:00:00,21,21.227955,0.10535908
2014-10-18,2014-10-18 21:00:00,22,22.860876,0.14013004
2014-10-18,2014-10-18 22:00:00,23,21.227955,0.21095848
2014-10-18,2014-10-18 23:00:00,24,22.860876,-0.059778214
2014-10-19,2014-10-19 00:00:00,1,21.227955,22.610392
2014-10-19,2014-10-19 01:00:00,2,21.227955,22.668987
2014-10-19,2014-10-19 02:00:00,3,22.860876,22.66417
2014-10-19,2014-10-19 03:00:00,4,21.227955,22.710674
2014-10-19,2014-10-19 04:00:00,5,22.860876,22.773676
2014-10-19,2014-10-19 05:00:00,6,22.860876,22.79272
2014-10-19,2014-10-19 06:00:00,7,22.860876,22.669704
2014-10-19,2014-10-19 07:00:00,8,21.227955,22.362076
2014-10-19,2014-10-19 08:00:00,9,22.860876,22.177519
2014-10-19,2014-10-19 09:00:00,10,21.227955,21.989775
2014-10-19,2014-10-19 10:00:00,11,21.227955,21.773813
2014-10-19,2014-10-19 11:00:00,12,21.227955,21.73648
2014-10-19,2014-10-19 12:00:00,13,21.227955,21.904068
2014-10-19,2014-10-19 13:00:00,14,21.227955,21.589802
2014-10-19,2014-10-19 14:00:00,15,24.493795,21.37804
2014-10-19,2014-10-19 15:00:00,16,21.227955,21.409344
2014-10-19,2014-10-19 16:00:00,17,21.227955,21.314054
2014-10-19,2014-10-19 17:00:00,18,21.227955,21.285397
2014-10-19,2014-10-19 18:00:00,19,22.860876,21.205639
2014-10-19,2014-10-19 19:00:00,20,21.227955,21.396072
2014-10-19,2014-10-19 20:00:00,21,22.860876,21.630087
2014-10-19,2014-10-19 21:00:00,22,22.860876,21.698677
2014-10-19,2014-10-19 22:00:00,23,26.126715,21.76134
2014-10-19,2014-10-19 23:00:00,24,26.126715,21.993458
2014-10-20,2014-10-20 00:00:00,1,26.126715,25.935005
2014-10-20,2014-10-20 01:00:00,2,26.126715,26.612963
2014-10-20,2014-10-20 02:00:00,3,27.759634,27.516302
2014-10-20,2014-10-20 03:00:00,4,26.126715,28.73509
2014-10-20,2014-10-20 04:00:00,5,53.88635,27.495281
2014-10-20,2014-10-20 05:00:00,6,45.721752,25.660633
2014-10-20,2014-10-20 06:00:00,7,0.0,24.652607
2014-10-20,2014-10-20 07:00:00,8,0.0,20.532328
2014-10-20,2014-10-20 08:00:00,9,0.0,13.848255
2014-10-20,2014-10-20 09:00:00,10,0.0,9.461538
2014-10-20,2014-10-20 10:00:00,11,0.0,3.463975
2014-10-20,2014-10-20 11:00:00,12,0.0,-0.04175949
2014-10-20,2014-10-20 12:00:00,13,0.0,0.44767475
2014-10-20,2014-10-20 13:00:00,14,0.0,0.038225174
2014-10-20,2014-10-20 14:00:00,15,0.0,-0.15522575
2014-10-20,2014-10-20 15:00:00,16,0.0,1.0607185
2014-10-20,2014-10-20 16:00:00,17,0.0,0.12822914
2014-10-20,2014-10-20 17:00:00,18,0.0,1.7153378
2014-10-20,2014-10-20 18:00:00,19,0.0,1.4766483
2014-10-20,2014-10-20 19:00:00,20,0.0,1.1688738
2014-10-20,2014-10-20 20:00:00,21,0.0,1.2337618
2014-10-20,2014-10-20 21:00:00,22,0.0,1.3542137
2014-10-20,2014-10-20 22:00:00,23,0.0,1.2041969
2014-10-20,2014-10-20 23:00:00,24,0.0,1.0308084
2014-10-21,2014-10-21 00:00:00,1,45.721752,3.392312
2014-10-21,2014-10-21 01:00:00,2,29.392553,27.230812
2014-10-21,2014-10-21 02:00:00,3,26.126715,26.610859
2014-10-21,2014-10-21 03:00:00,4,27.759634,23.946835
2014-10-21,2014-10-21 04:00:00,5,24.493795,25.20115
2014-10-21,2014-10-21 05:00:00,6,27.759634,23.168686
2014-10-21,2014-10-21 06:00:00,7,35.924232,21.863483
2014-10-21,2014-10-21 07:00:00,8,0.0,11.091991
2014-10-21,2014-10-21 08:00:00,9,0.0,-0.23015308
2014-10-21,2014-10-21 09:00:00,10,0.0,-0.5044956
2014-10-21,2014-10-21 10:00:00,11,0.0,0.104561806
2014-10-21,2014-10-21 11:00:00,12,0.0,-0.13131428
2014-10-21,2014-10-21 12:00:00,13,0.0,0.09822559
2014-10-21,2014-10-21 13:00:00,14,0.0,0.2953968
2014-10-21,2014-10-21 14:00:00,15,0.0,0.25736237
2014-10-21,2014-10-21 15:00:00,16,0.0,0.72455883
2014-10-21,2014-10-21 16:00:00,17,0.0,0.71691513
2014-10-21,2014-10-21 17:00:00,18,0.0,0.3786726
2014-10-21,2014-10-21 18:00:00,19,0.0,0.2131834
2014-10-21,2014-10-21 19:00:00,20,0.0,0.3132038
2014-10-21,2014-10-21 20:00:00,21,0.0,0.10679245
2014-10-21,2014-10-21 21:00:00,22,0.0,0.08673096
2014-10-21,2014-10-21 22:00:00,23,0.0,0.18390656
2014-10-21,2014-10-21 23:00:00,24,0.0,-0.105511665
2014-10-22,2014-10-22 00:00:00,1,42.45591,3.4067678
2014-10-22,2014-10-22 01:00:00,2,24.493795,29.053192
2014-10-22,2014-10-22 02:00:00,3,29.392553,29.573318
2014-10-22,2014-10-22 03:00:00,4,26.126715,26.775078
2014-10-22,2014-10-22 04:00:00,5,27.759634,27.325733
2014-10-22,2014-10-22 05:00:00,6,26.126715,26.318562
2014-10-22,2014-10-22 06:00:00,7,37.55715,25.632866
2014-10-22,2014-10-22 07:00:00,8,1.6329197,15.096482
2014-10-22,2014-10-22 08:00:00,9,0.0,2.4600048
2014-10-22,2014-10-22 09:00:00,10,0.0,0.35311317
2014-10-22,2014-10-22 10:00:00,11,0.0,0.26848888
2014-10-22,2014-10-22 11:00:00,12,0.0,-0.08247852
2014-10-22,2014-10-22 12:00:00,13,0.0,-0.06905556
2014-10-22,2014-10-22 13:00:00,14,0.0,0.22893333
2014-10-22,2014-10-22 14:00:00,15,0.0,0.18784237
2014-10-22,2014-10-22 15:00:00,16,0.0,0.5817375
2014-10-22,2014-10-22 16:00:00,17,0.0,0.6113634
2014-10-22,2014-10-22 17:00:00,18,0.0,0.3452282
2014-10-22,2014-10-22 18:00:00,19,0.0,0.22545719
2014-10-22,2014-10-22 19:00:00,20,0.0,0.2925701
2014-10-22,2014-10-22 20:00:00,21,0.0,0.10799599
2014-10-22,2014-10-22 21:00:00,22,0.0,0.14325619
2014-10-22,2014-10-22 22:00:00,23,0.0,0.21778393
2014-10-22,2014-10-22 23:00:00,24,0.0,-0.055719376
2014-10-23,2014-10-23 00:00:00,1,48.98759,3.3960896
2014-10-23,2014-10-23 01:00:00,2,31.025473,29.072193
2014-10-23,2014-10-23 02:00:00,3,31.025473,29.67561
2014-10-23,2014-10-23 03:00:00,4,32.658394,26.87765
2014-10-23,2014-10-23 04:00:00,5,31.025473,27.37059
2014-10-23,2014-10-23 05:00:00,6,31.025473,26.432896
2014-10-23,2014-10-23 06:00:00,7,40.82299,25.789316
2014-10-23,2014-10-23 07:00:00,8,0.0,15.308314
2014-10-23,2014-10-23 08:00:00,9,0.0,2.625229
2014-10-23,2014-10-23 09:00:00,10,0.0,0.3988695
2014-10-23,2014-10-23 10:00:00,11,0.0,0.27375698
2014-10-23,2014-10-23 11:00:00,12,0.0,-0.07898331
2014-10-23,2014-10-23 12:00:00,13,0.0,-0.08074379
2014-10-23,2014-10-23 13:00:00,14,0.0,0.2220192
2014-10-23,2014-10-23 14:00:00,15,0.0,0.1823225
2014-10-23,2014-10-23 15:00:00,16,0.0,0.57253075
2014-10-23,2014-10-23 16:00:00,17,0.0,0.6048155
2014-10-23,2014-10-23 17:00:00,18,0.0,0.34254742
2014-10-23,2014-10-23 18:00:00,19,0.0,0.22508621
2014-10-23,2014-10-23 19:00:00,20,0.0,0.28854656
2014-10-23,2014-10-23 20:00:00,21,0.0,0.10456848
2014-10-23,2014-10-23 21:00:00,22,0.0,0.14027119
2014-10-23,2014-10-23 22:00:00,23,0.0,0.21076584
2014-10-23,2014-10-23 23:00:00,24,0.0,-0.05980873
2014-10-24,2014-10-24 00:00:00,1,50.62051,3.423212
2014-10-24,2014-10-24 01:00:00,2,34.291313,29.261604
2014-10-24,2014-10-24 02:00:00,3,35.924232,29.86232
2014-10-24,2014-10-24 03:00:00,4,27.759634,27.068504
2014-10-24,2014-10-24 04:00:00,5,29.392553,27.583714
2014-10-24,2014-10-24 05:00:00,6,29.392553,26.600746
2014-10-24,2014-10-24 06:00:00,7,34.291313,25.929293
2014-10-24,2014-10-24 07:00:00,8,4.898759,15.359924
2014-10-24,2014-10-24 08:00:00,9,0.0,2.5957823
2014-10-24,2014-10-24 09:00:00,10,0.0,0.40800095
2014-10-24,2014-10-24 10:00:00,11,0.0,0.30231857
2014-10-24,2014-10-24 11:00:00,12,0.0,-0.054873466
2014-10-24,2014-10-24 12:00:00,13,0.0,-0.0532341
2014-10-24,2014-10-24 13:00:00,14,0.0,0.24789143
2014-10-24,2014-10-24 14:00:00,15,0.0,0.20003128
2014-10-24,2014-10-24 15:00:00,16,0.0,0.5945301
2014-10-24,2014-10-24 16:00:00,17,0.0,0.6126833
2014-10-24,2014-10-24 17:00:00,18,0.0,0.35023785
2014-10-24,2014-10-24 18:00:00,19,0.0,0.23527336
2014-10-24,2014-10-24 19:00:00,20,0.0,0.29531002
2014-10-24,2014-10-24 20:00:00,21,0.0,0.10470867
2014-10-24,2014-10-24 21:00:00,22,0.0,0.14347363
2014-10-24,2014-10-24 22:00:00,23,0.0,0.21776867
2014-10-24,2014-10-24 23:00:00,24,0.0,-0.059188843
2014-10-25,2014-10-25 00:00:00,1,45.721752,3.4068012
2014-10-25,2014-10-25 01:00:00,2,32.658394,29.179619
2014-10-25,2014-10-25 02:00:00,3,31.025473,29.805927
2014-10-25,2014-10-25 03:00:00,4,32.658394,27.004196
2014-10-25,2014-10-25 04:00:00,5,31.025473,27.485271
2014-10-25,2014-10-25 05:00:00,6,32.658394,26.54728
2014-10-25,2014-10-25 06:00:00,7,31.025473,25.90318
2014-10-25,2014-10-25 07:00:00,8,31.025473,15.394934
2014-10-25,2014-10-25 08:00:00,9,32.658394,2.6601124
2014-10-25,2014-10-25 09:00:00,10,29.392553,0.41722012
2014-10-25,2014-10-25 10:00:00,11,29.392553,0.29092407
2014-10-25,2014-10-25 11:00:00,12,27.759634,-0.06466198
2014-10-25,2014-10-25 12:00:00,13,27.759634,-0.06976318
2014-10-25,2014-10-25 13:00:00,14,27.759634,0.2311697
2014-10-25,2014-10-25 14:00:00,15,26.126715,0.18782139
2014-10-25,2014-10-25 15:00:00,16,29.392553,0.5785656
2014-10-25,2014-10-25 16:00:00,17,27.759634,0.60520554
2014-10-25,2014-10-25 17:00:00,18,26.126715,0.34239292
2014-10-25,2014-10-25 18:00:00,19,26.126715,0.22627068
2014-10-25,2014-10-25 19:00:00,20,24.493795,0.2880373
2014-10-25,2014-10-25 20:00:00,21,26.126715,0.1042881
2014-10-25,2014-10-25 21:00:00,22,26.126715,0.14297867
2014-10-25,2014-10-25 22:00:00,23,26.126715,0.21439075
2014-10-25,2014-10-25 23:00:00,24,27.759634,-0.056381226
2014-11-10,2014-11-10 00:00:00,1,27.759634,27.764004
2014-11-10,2014-11-10 01:00:00,2,29.392553,29.120785
2014-11-10,2014-11-10 02:00:00,3,32.658394,29.86185
2014-11-10,2014-11-10 03:00:00,4,44.08883,30.917534
2014-11-10,2014-11-10 04:00:00,5,55.519268,29.324188
2014-11-10,2014-11-10 05:00:00,6,26.126715,26.06366
2014-11-10,2014-11-10 06:00:00,7,0.0,23.980844
2014-11-10,2014-11-10 07:00:00,8,0.0,18.577604
2014-11-10,2014-11-10 08:00:00,9,0.0,11.44874
2014-11-10,2014-11-10 09:00:00,10,0.0,8.192098
2014-11-10,2014-11-10 10:00:00,11,0.0,3.8521137
2014-11-10,2014-11-10 11:00:00,12,0.0,1.4457054
2014-11-10,2014-11-10 12:00:00,13,0.0,2.914237
2014-11-10,2014-11-10 13:00:00,14,0.0,2.8153858
2014-11-10,2014-11-10 14:00:00,15,0.0,2.5660381
2014-11-10,2014-11-10 15:00:00,16,0.0,3.9522943
2014-11-10,2014-11-10 16:00:00,17,0.0,2.8233461
2014-11-10,2014-11-10 17:00:00,18,0.0,4.6917896
2014-11-10,2014-11-10 18:00:00,19,0.0,4.0166473
2014-11-10,2014-11-10 19:00:00,20,0.0,3.3221722
2014-11-10,2014-11-10 20:00:00,21,0.0,3.238142
2014-11-10,2014-11-10 21:00:00,22,0.0,3.4218216
2014-11-10,2014-11-10 22:00:00,23,0.0,3.6136475
2014-11-10,2014-11-10 23:00:00,24,0.0,3.8464975
2014-11-11,2014-11-11 00:00:00,1,45.721752,3.0895424
2014-11-11,2014-11-11 01:00:00,2,32.658394,23.889484
2014-11-11,2014-11-11 02:00:00,3,29.392553,22.773815
2014-11-11,2014-11-11 03:00:00,4,27.759634,20.36304
2014-11-11,2014-11-11 04:00:00,5,29.392553,21.79755
2014-11-11,2014-11-11 05:00:00,6,27.759634,19.287014
2014-11-11,2014-11-11 06:00:00,7,42.45591,17.725454
2014-11-11,2014-11-11 07:00:00,8,0.0,7.835753
2014-11-11,2014-11-11 08:00:00,9,0.0,-1.657527
2014-11-11,2014-11-11 09:00:00,10,0.0,-0.9485979
2014-11-11,2014-11-11 10:00:00,11,0.0,0.009612083
2014-11-11,2014-11-11 11:00:00,12,0.0,-0.13026333
2014-11-11,2014-11-11 12:00:00,13,0.0,0.21412468
2014-11-11,2014-11-11 13:00:00,14,0.0,0.28369713
2014-11-11,2014-11-11 14:00:00,15,0.0,0.25794888
2014-11-11,2014-11-11 15:00:00,16,0.0,0.6935549
2014-11-11,2014-11-11 16:00:00,17,0.0,0.687047
2014-11-11,2014-11-11 17:00:00,18,0.0,0.31716442
2014-11-11,2014-11-11 18:00:00,19,0.0,0.13592052
2014-11-11,2014-11-11 19:00:00,20,0.0,0.23737907
2014-11-11,2014-11-11 20:00:00,21,0.0,0.077651024
2014-11-11,2014-11-11 21:00:00,22,0.0,0.049455643
2014-11-11,2014-11-11 22:00:00,23,0.0,0.19940853
2014-11-11,2014-11-11 23:00:00,24,0.0,-0.04132557
2014-11-12,2014-11-12 00:00:00,1,45.721752,3.4124937
2014-11-12,2014-11-12 01:00:00,2,32.658394,29.224556
2014-11-12,2014-11-12 02:00:00,3,32.658394,29.857182
2014-11-12,2014-11-12 03:00:00,4,31.025473,27.060383
2014-11-12,2014-11-12 04:00:00,5,31.025473,27.544249
2014-11-12,2014-11-12 05:00:00,6,27.759634,26.595848
2014-11-12,2014-11-12 06:00:00,7,37.55715,25.946396
2014-11-12,2014-11-12 07:00:00,8,0.0,15.419325
2014-11-12,2014-11-12 08:00:00,9,0.0,2.6627216
2014-11-12,2014-11-12 09:00:00,10,0.0,0.42477894
2014-11-12,2014-11-12 10:00:00,11,0.0,0.30023766
2014-11-12,2014-11-12 11:00:00,12,0.0,-0.057374
2014-11-12,2014-11-12 12:00:00,13,0.0,-0.062015533
2014-11-12,2014-11-12 13:00:00,14,0.0,0.23995113
2014-11-12,2014-11-12 14:00:00,15,0.0,0.19374561
2014-11-12,2014-11-12 15:00:00,16,0.0,0.5848017
2014-11-12,2014-11-12 16:00:00,17,0.0,0.6061516
2014-11-12,2014-11-12 17:00:00,18,0.0,0.34581947
2014-11-12,2014-11-12 18:00:00,19,0.0,0.23130131
2014-11-12,2014-11-12 19:00:00,20,0.0,0.29098606
2014-11-12,2014-11-12 20:00:00,21,0.0,0.103598595
2014-11-12,2014-11-12 21:00:00,22,0.0,0.14342022
2014-11-12,2014-11-12 22:00:00,23,0.0,0.21626282
2014-11-12,2014-11-12 23:00:00,24,0.0,-0.05665207
2014-11-13,2014-11-13 00:00:00,1,50.62051,3.421692
2014-11-13,2014-11-13 01:00:00,2,32.658394,29.170177
2014-11-13,2014-11-13 02:00:00,3,31.025473,29.701763
2014-11-13,2014-11-13 03:00:00,4,31.025473,26.906694
2014-11-13,2014-11-13 04:00:00,5,27.759634,27.463757
2014-11-13,2014-11-13 05:00:00,6,27.759634,26.441942
2014-11-13,2014-11-13 06:00:00,7,39.19007,25.74635
2014-11-13,2014-11-13 07:00:00,8,0.0,15.164709
2014-11-13,2014-11-13 08:00:00,9,0.0,2.4689627
2014-11-13,2014-11-13 09:00:00,10,0.0,0.36399555
2014-11-13,2014-11-13 10:00:00,11,0.0,0.28472996
2014-11-13,2014-11-13 11:00:00,12,0.0,-0.06842327
2014-11-13,2014-11-13 12:00:00,13,0.0,-0.0557518
2014-11-13,2014-11-13 13:00:00,14,0.0,0.24222183
2014-11-13,2014-11-13 14:00:00,15,0.0,0.19722748
2014-11-13,2014-11-13 15:00:00,16,0.0,0.5937891
2014-11-13,2014-11-13 16:00:00,17,0.0,0.61665535
2014-11-13,2014-11-13 17:00:00,18,0.0,0.3500538
2014-11-13,2014-11-13 18:00:00,19,0.0,0.2320118
2014-11-13,2014-11-13 19:00:00,20,0.0,0.29687405
2014-11-13,2014-11-13 20:00:00,21,0.0,0.108151436
2014-11-13,2014-11-13 21:00:00,22,0.0,0.14432144
2014-11-13,2014-11-13 22:00:00,23,0.0,0.21969986
2014-11-13,2014-11-13 23:00:00,24,0.0,-0.05793476
2014-11-14,2014-11-14 00:00:00,1,52.25343,3.4232702
2014-11-14,2014-11-14 01:00:00,2,31.025473,29.16616
2014-11-14,2014-11-14 02:00:00,3,29.392553,29.684868
2014-11-14,2014-11-14 03:00:00,4,29.392553,26.889996
2014-11-14,2014-11-14 04:00:00,5,31.025473,27.45539
2014-11-14,2014-11-14 05:00:00,6,27.759634,26.420273
2014-11-14,2014-11-14 06:00:00,7,31.025473,25.716972
2014-11-14,2014-11-14 07:00:00,8,9.797518,15.125769
2014-11-14,2014-11-14 08:00:00,9,0.0,2.4399614
2014-11-14,2014-11-14 09:00:00,10,0.0,0.35674477
2014-11-14,2014-11-14 10:00:00,11,40.82299,0.28497887
2014-11-14,2014-11-14 11:00:00,12,0.0,-0.06818485
2014-11-14,2014-11-14 12:00:00,13,0.0,-0.052656174
2014-11-14,2014-11-14 13:00:00,14,0.0,0.24368477
2014-11-14,2014-11-14 14:00:00,15,0.0,0.19788551
2014-11-14,2014-11-14 15:00:00,16,0.0,0.5949192
2014-11-14,2014-11-14 16:00:00,17,0.0,0.61645794
2014-11-14,2014-11-14 17:00:00,18,0.0,0.34928894
2014-11-14,2014-11-14 18:00:00,19,0.0,0.23102856
2014-11-14,2014-11-14 19:00:00,20,0.0,0.29658127
2014-11-14,2014-11-14 20:00:00,21,0.0,0.10845947
2014-11-14,2014-11-14 21:00:00,22,0.0,0.14565182
2014-11-14,2014-11-14 22:00:00,23,0.0,0.22246933
2014-11-14,2014-11-14 23:00:00,24,0.0,-0.054868698
2014-11-15,2014-11-15 00:00:00,1,50.62051,3.341693
2014-11-15,2014-11-15 01:00:00,2,34.291313,27.734802
2014-11-15,2014-11-15 02:00:00,3,29.392553,27.640629
2014-11-15,2014-11-15 03:00:00,4,32.658394,24.907143
2014-11-15,2014-11-15 04:00:00,5,29.392553,25.833546
2014-11-15,2014-11-15 05:00:00,6,29.392553,24.422361
2014-11-15,2014-11-15 06:00:00,7,34.291313,23.49392
2014-11-15,2014-11-15 07:00:00,8,32.658394,13.035966
2014-11-15,2014-11-15 08:00:00,9,32.658394,1.2548599
2014-11-15,2014-11-15 09:00:00,10,31.025473,-0.026815414
2014-11-15,2014-11-15 10:00:00,11,31.025473,0.1354208
2014-11-15,2014-11-15 11:00:00,12,29.392553,-0.17861557
2014-11-15,2014-11-15 12:00:00,13,27.759634,-0.055408478
2014-11-15,2014-11-15 13:00:00,14,37.55715,0.22002697
2014-11-15,2014-11-15 14:00:00,15,34.291313,0.1892767
2014-11-15,2014-11-15 15:00:00,16,24.493795,0.60440254
2014-11-15,2014-11-15 16:00:00,17,26.126715,0.6476803
2014-11-15,2014-11-15 17:00:00,18,26.126715,0.37168884
2014-11-15,2014-11-15 18:00:00,19,26.126715,0.23100281
2014-11-15,2014-11-15 19:00:00,20,26.126715,0.31563568
2014-11-15,2014-11-15 20:00:00,21,34.291313,0.11654091
2014-11-15,2014-11-15 21:00:00,22,32.658394,0.12105751
2014-11-15,2014-11-15 22:00:00,23,26.126715,0.20970058
2014-11-15,2014-11-15 23:00:00,24,24.493795,-0.066185
2014-11-16,2014-11-16 00:00:00,1,21.227955,24.526592
2014-11-16,2014-11-16 01:00:00,2,21.227955,24.727745
2014-11-16,2014-11-16 02:00:00,3,21.227955,24.83479
2014-11-16,2014-11-16 03:00:00,4,21.227955,24.930704
2014-11-16,2014-11-16 04:00:00,5,21.227955,25.017183
2014-11-16,2014-11-16 05:00:00,6,22.860876,24.833523
2014-11-16,2014-11-16 06:00:00,7,21.227955,24.897354
2014-11-16,2014-11-16 07:00:00,8,21.227955,24.685797
2014-11-16,2014-11-16 08:00:00,9,21.227955,24.6366
2014-11-16,2014-11-16 09:00:00,10,21.227955,24.423822
2014-11-16,2014-11-16 10:00:00,11,21.227955,24.236664
2014-11-16,2014-11-16 11:00:00,12,22.860876,24.314346
2014-11-16,2014-11-16 12:00:00,13,21.227955,24.621399
2014-11-16,2014-11-16 13:00:00,14,21.227955,24.153008
2014-11-16,2014-11-16 14:00:00,15,21.227955,23.835201
2014-11-16,2014-11-16 15:00:00,16,21.227955,23.911612
2014-11-16,2014-11-16 16:00:00,17,21.227955,23.935925
2014-11-16,2014-11-16 17:00:00,18,21.227955,23.803137
2014-11-16,2014-11-16 18:00:00,19,21.227955,23.634909
2014-11-16,2014-11-16 19:00:00,20,21.227955,23.854378
2014-11-16,2014-11-16 20:00:00,21,21.227955,24.297842
2014-11-16,2014-11-16 21:00:00,22,22.860876,24.512201
2014-11-16,2014-11-16 22:00:00,23,21.227955,24.386795
2014-11-16,2014-11-16 23:00:00,24,22.860876,24.283018
2014-11-17,2014-11-17 00:00:00,1,22.860876,22.922533
2014-11-17,2014-11-17 01:00:00,2,22.860876,24.1952
2014-11-17,2014-11-17 02:00:00,3,40.82299,24.67612
2014-11-17,2014-11-17 03:00:00,4,34.291313,25.47894
2014-11-17,2014-11-17 04:00:00,5,55.519268,23.925737
2014-11-17,2014-11-17 05:00:00,6,34.291313,20.402054
2014-11-17,2014-11-17 06:00:00,7,0.0,18.09816
2014-11-17,2014-11-17 07:00:00,8,0.0,13.157332
2014-11-17,2014-11-17 08:00:00,9,0.0,7.1707554
2014-11-17,2014-11-17 09:00:00,10,0.0,4.8369274
2014-11-17,2014-11-17 10:00:00,11,0.0,1.2862253
2014-11-17,2014-11-17 11:00:00,12,0.0,-0.7153692
2014-11-17,2014-11-17 12:00:00,13,0.0,0.77540207
2014-11-17,2014-11-17 13:00:00,14,0.0,0.8937893
2014-11-17,2014-11-17 14:00:00,15,0.0,0.5677738
2014-11-17,2014-11-17 15:00:00,16,0.0,1.9891233
2014-11-17,2014-11-17 16:00:00,17,0.0,0.78456116
2014-11-17,2014-11-17 17:00:00,18,0.0,2.31318
2014-11-17,2014-11-17 18:00:00,19,0.0,1.4219351
2014-11-17,2014-11-17 19:00:00,20,0.0,0.72858715
2014-11-17,2014-11-17 20:00:00,21,0.0,0.5276098
2014-11-17,2014-11-17 21:00:00,22,0.0,0.68104553
2014-11-17,2014-11-17 22:00:00,23,0.0,1.0676289
2014-11-17,2014-11-17 23:00:00,24,0.0,1.6631842
2014-11-18,2014-11-18 00:00:00,1,47.35467,3.3837662
2014-11-18,2014-11-18 01:00:00,2,32.658394,27.110075
2014-11-18,2014-11-18 02:00:00,3,31.025473,26.455353
2014-11-18,2014-11-18 03:00:00,4,31.025473,23.796171
2014-11-18,2014-11-18 04:00:00,5,27.759634,25.064873
2014-11-18,2014-11-18 05:00:00,6,27.759634,23.008327
2014-11-18,2014-11-18 06:00:00,7,39.19007,21.688549
2014-11-18,2014-11-18 07:00:00,8,1.6329197,10.941262
2014-11-18,2014-11-18 08:00:00,9,0.0,-0.30985355
2014-11-18,2014-11-18 09:00:00,10,0.0,-0.53136635
2014-11-18,2014-11-18 10:00:00,11,0.0,0.09750557
2014-11-18,2014-11-18 11:00:00,12,50.62051,-0.13319778
2014-11-18,2014-11-18 12:00:00,13,0.0,0.10148907
2014-11-18,2014-11-18 13:00:00,14,0.0,0.29384327
2014-11-18,2014-11-18 14:00:00,15,0.0,0.25784397
2014-11-18,2014-11-18 15:00:00,16,0.0,0.7249117
2014-11-18,2014-11-18 16:00:00,17,0.0,0.7206497
2014-11-18,2014-11-18 17:00:00,18,0.0,0.37930107
2014-11-18,2014-11-18 18:00:00,19,0.0,0.21224308
2014-11-18,2014-11-18 19:00:00,20,0.0,0.31357098
2014-11-18,2014-11-18 20:00:00,21,0.0,0.10832691
2014-11-18,2014-11-18 21:00:00,22,0.0,0.085217476
2014-11-18,2014-11-18 22:00:00,23,0.0,0.18234444
2014-11-18,2014-11-18 23:00:00,24,0.0,-0.10729408
2014-11-19,2014-11-19 00:00:00,1,48.98759,3.3636665
2014-11-19,2014-11-19 01:00:00,2,35.924232,28.045086
2014-11-19,2014-11-19 02:00:00,3,35.924232,28.060265
2014-11-19,2014-11-19 03:00:00,4,34.291313,25.331564
2014-11-19,2014-11-19 04:00:00,5,34.291313,26.208296
2014-11-19,2014-11-19 05:00:00,6,34.291313,24.783092
2014-11-19,2014-11-19 06:00:00,7,42.45591,23.862719
2014-11-19,2014-11-19 07:00:00,8,0.0,13.31367
2014-11-19,2014-11-19 08:00:00,9,0.0,1.4065971
2014-11-19,2014-11-19 09:00:00,10,0.0,0.08224964
2014-11-19,2014-11-19 10:00:00,11,0.0,0.22108078
2014-11-19,2014-11-19 11:00:00,12,0.0,-0.12413502
2014-11-19,2014-11-19 12:00:00,13,0.0,-0.009253502
2014-11-19,2014-11-19 13:00:00,14,0.0,0.25760365
2014-11-19,2014-11-19 14:00:00,15,0.0,0.20389557
2014-11-19,2014-11-19 15:00:00,16,0.0,0.6065855
2014-11-19,2014-11-19 16:00:00,17,0.0,0.6157799
2014-11-19,2014-11-19 17:00:00,18,0.0,0.36543083
2014-11-19,2014-11-19 18:00:00,19,0.0,0.24716854
2014-11-19,2014-11-19 19:00:00,20,0.0,0.32583523
2014-11-19,2014-11-19 20:00:00,21,0.0,0.12527847
2014-11-19,2014-11-19 21:00:00,22,0.0,0.15791225
2014-11-19,2014-11-19 22:00:00,23,0.0,0.2632885
2014-11-19,2014-11-19 23:00:00,24,0.0,-0.014059067
2014-11-20,2014-11-20 00:00:00,1,48.98759,3.4238377
2014-11-20,2014-11-20 01:00:00,2,35.924232,29.394848
2014-11-20,2014-11-20 02:00:00,3,34.291313,30.111118
2014-11-20,2014-11-20 03:00:00,4,35.924232,27.321491
2014-11-20,2014-11-20 04:00:00,5,31.025473,27.766304
2014-11-20,2014-11-20 05:00:00,6,32.658394,26.849627
2014-11-20,2014-11-20 06:00:00,7,40.82299,26.219006
2014-11-20,2014-11-20 07:00:00,8,22.860876,15.677124
2014-11-20,2014-11-20 08:00:00,9,0.0,2.8055687
2014-11-20,2014-11-20 09:00:00,10,0.0,0.47826767
2014-11-20,2014-11-20 10:00:00,11,0.0,0.3289709
2014-11-20,2014-11-20 11:00:00,12,0.0,-0.033370018
2014-11-20,2014-11-20 12:00:00,13,0.0,-0.050468445
2014-11-20,2014-11-20 13:00:00,14,0.0,0.25646687
2014-11-20,2014-11-20 14:00:00,15,0.0,0.20503998
2014-11-20,2014-11-20 15:00:00,16,0.0,0.596447
2014-11-20,2014-11-20 16:00:00,17,0.0,0.60813713
2014-11-20,2014-11-20 17:00:00,18,0.0,0.3522997
2014-11-20,2014-11-20 18:00:00,19,0.0,0.24203968
2014-11-20,2014-11-20 19:00:00,20,0.0,0.29407978
2014-11-20,2014-11-20 20:00:00,21,0.0,0.09978485
2014-11-20,2014-11-20 21:00:00,22,0.0,0.14117908
2014-11-20,2014-11-20 22:00:00,23,0.0,0.21231174
2014-11-20,2014-11-20 23:00:00,24,0.0,-0.063975334
2014-11-21,2014-11-21 00:00:00,1,48.98759,2.8188848
2014-11-21,2014-11-21 01:00:00,2,34.291313,26.976097
2014-11-21,2014-11-21 02:00:00,3,35.924232,31.685783
2014-11-21,2014-11-21 03:00:00,4,35.924232,30.278564
2014-11-21,2014-11-21 04:00:00,5,34.291313,28.528648
2014-11-21,2014-11-21 05:00:00,6,34.291313,28.885265
2014-11-21,2014-11-21 06:00:00,7,40.82299,29.008335
2014-11-21,2014-11-21 07:00:00,8,1.6329197,20.614407
2014-11-21,2014-11-21 08:00:00,9,0.0,7.5571647
2014-11-21,2014-11-21 09:00:00,10,0.0,1.4454107
2014-11-21,2014-11-21 10:00:00,11,0.0,0.239748
2014-11-21,2014-11-21 11:00:00,12,0.0,0.1227417
2014-11-21,2014-11-21 12:00:00,13,0.0,-0.19100475
2014-11-21,2014-11-21 13:00:00,14,0.0,0.15921783
2014-11-21,2014-11-21 14:00:00,15,0.0,0.101709366
2014-11-21,2014-11-21 15:00:00,16,0.0,0.40216827
2014-11-21,2014-11-21 16:00:00,17,0.0,0.4226637
2014-11-21,2014-11-21 17:00:00,18,0.0,0.27505684
2014-11-21,2014-11-21 18:00:00,19,0.0,0.21243191
2014-11-21,2014-11-21 19:00:00,20,0.0,0.15739155
2014-11-21,2014-11-21 20:00:00,21,0.0,0.019708633
2014-11-21,2014-11-21 21:00:00,22,0.0,0.17776585
2014-11-21,2014-11-21 22:00:00,23,0.0,0.20457268
2014-11-21,2014-11-21 23:00:00,24,0.0,0.11245823
2014-11-22,2014-11-22 00:00:00,1,57.152187,3.43219
2014-11-22,2014-11-22 01:00:00,2,40.82299,29.3591
2014-11-22,2014-11-22 02:00:00,3,39.19007,29.992836
2014-11-22,2014-11-22 03:00:00,4,39.19007,27.203144
2014-11-22,2014-11-22 04:00:00,5,39.19007,27.70866
2014-11-22,2014-11-22 05:00:00,6,37.55715,26.733982
2014-11-22,2014-11-22 06:00:00,7,35.924232,26.066334
2014-11-22,2014-11-22 07:00:00,8,32.658394,15.47731
2014-11-22,2014-11-22 08:00:00,9,32.658394,2.6503906
2014-11-22,2014-11-22 09:00:00,10,32.658394,0.42926502
2014-11-22,2014-11-22 10:00:00,11,32.658394,0.31622982
2014-11-22,2014-11-22 11:00:00,12,32.658394,-0.04279518
2014-11-22,2014-11-22 12:00:00,13,31.025473,-0.046028137
2014-11-22,2014-11-22 13:00:00,14,31.025473,0.2572527
2014-11-22,2014-11-22 14:00:00,15,27.759634,0.20672321
2014-11-22,2014-11-22 15:00:00,16,27.759634,0.6028862
2014-11-22,2014-11-22 16:00:00,17,29.392553,0.6160526
2014-11-22,2014-11-22 17:00:00,18,31.025473,0.3543253
2014-11-22,2014-11-22 18:00:00,19,29.392553,0.24116802
2014-11-22,2014-11-22 19:00:00,20,29.392553,0.2977848
2014-11-22,2014-11-22 20:00:00,21,31.025473,0.103180885
2014-11-22,2014-11-22 21:00:00,22,29.392553,0.14202881
2014-11-22,2014-11-22 22:00:00,23,31.025473,0.2154417
2014-11-22,2014-11-22 23:00:00,24,29.392553,-0.06434059
2014-11-23,2014-11-23 00:00:00,1,29.392553,29.2644
2014-11-23,2014-11-23 01:00:00,2,27.759634,29.363811
2014-11-23,2014-11-23 02:00:00,3,29.392553,29.391003
2014-11-23,2014-11-23 03:00:00,4,29.392553,29.446648
2014-11-23,2014-11-23 04:00:00,5,29.392553,29.503529
2014-11-23,2014-11-23 05:00:00,6,27.759634,29.446106
2014-11-23,2014-11-23 06:00:00,7,29.392553,29.407768
2014-11-23,2014-11-23 07:00:00,8,27.759634,29.106804
2014-11-23,2014-11-23 08:00:00,9,29.392553,28.933138
2014-11-23,2014-11-23 09:00:00,10,29.392553,28.72173
2014-11-23,2014-11-23 10:00:00,11,29.392553,28.492065
2014-11-23,2014-11-23 11:00:00,12,27.759634,28.463167
2014-11-23,2014-11-23 12:00:00,13,29.392553,28.668518
2014-11-23,2014-11-23 13:00:00,14,27.759634,28.33552
2014-11-23,2014-11-23 14:00:00,15,24.493795,28.067005
2014-11-23,2014-11-23 15:00:00,16,27.759634,28.07243
2014-11-23,2014-11-23 16:00:00,17,27.759634,27.99396
2014-11-23,2014-11-23 17:00:00,18,26.126715,27.91232
2014-11-23,2014-11-23 18:00:00,19,26.126715,27.79961
2014-11-23,2014-11-23 19:00:00,20,27.759634,27.957073
2014-11-23,2014-11-23 20:00:00,21,26.126715,28.253654
2014-11-23,2014-11-23 21:00:00,22,26.126715,28.419842
2014-11-23,2014-11-23 22:00:00,23,26.126715,28.492033
2014-11-23,2014-11-23 23:00:00,24,29.392553,28.60627
2014-11-24,2014-11-24 00:00:00,1,26.126715,29.0955
2014-11-24,2014-11-24 01:00:00,2,27.759634,29.860397
2014-11-24,2014-11-24 02:00:00,3,31.025473,30.693443
2014-11-24,2014-11-24 03:00:00,4,34.291313,31.845226
2014-11-24,2014-11-24 04:00:00,5,66.94971,30.823223
2014-11-24,2014-11-24 05:00:00,6,39.19007,29.205593
2014-11-24,2014-11-24 06:00:00,7,0.0,27.924423
2014-11-24,2014-11-24 07:00:00,8,0.0,23.498463
2014-11-24,2014-11-24 08:00:00,9,0.0,16.403471
2014-11-24,2014-11-24 09:00:00,10,0.0,11.999802
2014-11-24,2014-11-24 10:00:00,11,0.0,6.033059
2014-11-24,2014-11-24 11:00:00,12,0.0,2.624816
2014-11-24,2014-11-24 12:00:00,13,0.0,3.227993
2014-11-24,2014-11-24 13:00:00,14,0.0,2.7801504
2014-11-24,2014-11-24 14:00:00,15,0.0,2.7662954
2014-11-24,2014-11-24 15:00:00,16,0.0,4.0834656
2014-11-24,2014-11-24 16:00:00,17,0.0,3.0558205
2014-11-24,2014-11-24 17:00:00,18,0.0,4.792452
2014-11-24,2014-11-24 18:00:00,19,0.0,4.5461073
2014-11-24,2014-11-24 19:00:00,20,0.0,4.2672043
2014-11-24,2014-11-24 20:00:00,21,0.0,4.157587
2014-11-24,2014-11-24 21:00:00,22,0.0,3.8947191
2014-11-24,2014-11-24 22:00:00,23,0.0,3.6223564
2014-11-24,2014-11-24 23:00:00,24,0.0,3.8388557
2014-11-25,2014-11-25 00:00:00,1,50.62051,3.45434
2014-11-25,2014-11-25 01:00:00,2,35.924232,28.248875
2014-11-25,2014-11-25 02:00:00,3,34.291313,27.996698
2014-11-25,2014-11-25 03:00:00,4,35.924232,25.296196
2014-11-25,2014-11-25 04:00:00,5,34.291313,26.388958
2014-11-25,2014-11-25 05:00:00,6,35.924232,24.65821
2014-11-25,2014-11-25 06:00:00,7,47.35467,23.528982
2014-11-25,2014-11-25 07:00:00,8,16.329197,12.622536
2014-11-25,2014-11-25 08:00:00,9,0.0,0.63795376
2014-11-25,2014-11-25 09:00:00,10,0.0,-0.2357006
2014-11-25,2014-11-25 10:00:00,11,0.0,0.15499115
2014-11-25,2014-11-25 11:00:00,12,0.0,-0.122605324
2014-11-25,2014-11-25 12:00:00,13,0.0,0.039484024
2014-11-25,2014-11-25 13:00:00,14,0.0,0.2871132
2014-11-25,2014-11-25 14:00:00,15,0.0,0.24910355
2014-11-25,2014-11-25 15:00:00,16,0.0,0.70785713
2014-11-25,2014-11-25 16:00:00,17,0.0,0.7048979
2014-11-25,2014-11-25 17:00:00,18,0.0,0.3870659
2014-11-25,2014-11-25 18:00:00,19,0.0,0.23569775
2014-11-25,2014-11-25 19:00:00,20,0.0,0.3271675
2014-11-25,2014-11-25 20:00:00,21,0.0,0.109993935
2014-11-25,2014-11-25 21:00:00,22,0.0,0.10361481
2014-11-25,2014-11-25 22:00:00,23,0.0,0.19099236
2014-11-25,2014-11-25 23:00:00,24,0.0,-0.112091064
2014-11-26,2014-11-26 00:00:00,1,62.050945,3.0039854
2014-11-26,2014-11-26 01:00:00,2,40.82299,28.028412
2014-11-26,2014-11-26 02:00:00,3,40.82299,31.694698
2014-11-26,2014-11-26 03:00:00,4,34.291313,29.776596
2014-11-26,2014-11-26 04:00:00,5,34.291313,28.495823
2014-11-26,2014-11-26 05:00:00,6,37.55715,28.664623
2014-11-26,2014-11-26 06:00:00,7,42.45591,28.692814
2014-11-26,2014-11-26 07:00:00,8,0.0,19.720016
2014-11-26,2014-11-26 08:00:00,9,0.0,6.478818
2014-11-26,2014-11-26 09:00:00,10,0.0,1.2413311
2014-11-26,2014-11-26 10:00:00,11,0.0,0.30260563
2014-11-26,2014-11-26 11:00:00,12,0.0,0.11209011
2014-11-26,2014-11-26 12:00:00,13,0.0,-0.16172123
2014-11-26,2014-11-26 13:00:00,14,0.0,0.17933655
2014-11-26,2014-11-26 14:00:00,15,0.0,0.12932491
2014-11-26,2014-11-26 15:00:00,16,0.0,0.45447063
2014-11-26,2014-11-26 16:00:00,17,0.0,0.46450424
2014-11-26,2014-11-26 17:00:00,18,0.0,0.2943592
2014-11-26,2014-11-26 18:00:00,19,0.0,0.22457886
2014-11-26,2014-11-26 19:00:00,20,0.0,0.19146919
2014-11-26,2014-11-26 20:00:00,21,0.0,0.03482437
2014-11-26,2014-11-26 21:00:00,22,0.0,0.15995884
2014-11-26,2014-11-26 22:00:00,23,0.0,0.19168282
2014-11-26,2014-11-26 23:00:00,24,0.0,0.049822807
2014-11-27,2014-11-27 00:00:00,1,52.25343,3.4394674
2014-11-27,2014-11-27 01:00:00,2,39.19007,29.461346
2014-11-27,2014-11-27 02:00:00,3,37.55715,30.144745
2014-11-27,2014-11-27 03:00:00,4,37.55715,27.361671
2014-11-27,2014-11-27 04:00:00,5,34.291313,27.843975
2014-11-27,2014-11-27 05:00:00,6,34.291313,26.879086
2014-11-27,2014-11-27 06:00:00,7,42.45591,26.218365
2014-11-27,2014-11-27 07:00:00,8,0.0,15.615036
2014-11-27,2014-11-27 08:00:00,9,0.0,2.7243223
2014-11-27,2014-11-27 09:00:00,10,0.0,0.46099186
2014-11-27,2014-11-27 10:00:00,11,0.0,0.3369274
2014-11-27,2014-11-27 11:00:00,12,0.0,-0.025881767
2014-11-27,2014-11-27 12:00:00,13,0.0,-0.034929276
2014-11-27,2014-11-27 13:00:00,14,0.0,0.2697897
2014-11-27,2014-11-27 14:00:00,15,0.0,0.21428394
2014-11-27,2014-11-27 15:00:00,16,0.0,0.610342
2014-11-27,2014-11-27 16:00:00,17,0.0,0.61473274
2014-11-27,2014-11-27 17:00:00,18,0.0,0.35646152
2014-11-27,2014-11-27 18:00:00,19,0.0,0.24642372
2014-11-27,2014-11-27 19:00:00,20,0.0,0.2984686
2014-11-27,2014-11-27 20:00:00,21,0.0,0.10046482
2014-11-27,2014-11-27 21:00:00,22,0.0,0.14303589
2014-11-27,2014-11-27 22:00:00,23,0.0,0.21783733
2014-11-27,2014-11-27 23:00:00,24,0.0,-0.06304455
2014-11-28,2014-11-28 00:00:00,1,53.88635,3.4314823
2014-11-28,2014-11-28 01:00:00,2,37.55715,29.42054
2014-11-28,2014-11-28 02:00:00,3,37.55715,30.113312
2014-11-28,2014-11-28 03:00:00,4,35.924232,27.325537
2014-11-28,2014-11-28 04:00:00,5,34.291313,27.792217
2014-11-28,2014-11-28 05:00:00,6,32.658394,26.848402
2014-11-28,2014-11-28 06:00:00,7,45.721752,26.200846
2014-11-28,2014-11-28 07:00:00,8,14.696277,15.627408
2014-11-28,2014-11-28 08:00:00,9,0.0,2.7533998
2014-11-28,2014-11-28 09:00:00,10,0.0,0.4656906
2014-11-28,2014-11-28 10:00:00,11,0.0,0.3313017
2014-11-28,2014-11-28 11:00:00,12,0.0,-0.031035423
2014-11-28,2014-11-28 12:00:00,13,0.0,-0.04313755
2014-11-28,2014-11-28 13:00:00,14,0.0,0.26212692
2014-11-28,2014-11-28 14:00:00,15,0.0,0.20900631
2014-11-28,2014-11-28 15:00:00,16,0.0,0.6027098
2014-11-28,2014-11-28 16:00:00,17,0.0,0.6115217
2014-11-28,2014-11-28 17:00:00,18,0.0,0.353961
2014-11-28,2014-11-28 18:00:00,19,0.0,0.24345398
2014-11-28,2014-11-28 19:00:00,20,0.0,0.29615402
2014-11-28,2014-11-28 20:00:00,21,0.0,0.10068798
2014-11-28,2014-11-28 21:00:00,22,0.0,0.14259338
2014-11-28,2014-11-28 22:00:00,23,0.0,0.21570206
2014-11-28,2014-11-28 23:00:00,24,0.0,-0.06270313
2014-11-29,2014-11-29 00:00:00,1,55.519268,3.2766733
2014-11-29,2014-11-29 01:00:00,2,37.55715,29.23824
2014-11-29,2014-11-29 02:00:00,3,35.924232,31.08995
2014-11-29,2014-11-29 03:00:00,4,31.025473,28.488754
2014-11-29,2014-11-29 04:00:00,5,27.759634,28.190975
2014-11-29,2014-11-29 05:00:00,6,27.759634,27.873032
2014-11-29,2014-11-29 06:00:00,7,29.392553,27.612944
2014-11-29,2014-11-29 07:00:00,8,27.759634,17.711458
2014-11-29,2014-11-29 08:00:00,9,27.759634,4.4961443
2014-11-29,2014-11-29 09:00:00,10,27.759634,0.89263535
2014-11-29,2014-11-29 10:00:00,11,27.759634,0.38050365
2014-11-29,2014-11-29 11:00:00,12,24.493795,0.051822662
2014-11-29,2014-11-29 12:00:00,13,26.126715,-0.11027336
2014-11-29,2014-11-29 13:00:00,14,26.126715,0.21417236
2014-11-29,2014-11-29 14:00:00,15,26.126715,0.16674137
2014-11-29,2014-11-29 15:00:00,16,24.493795,0.52637863
2014-11-29,2014-11-29 16:00:00,17,26.126715,0.5393448
2014-11-29,2014-11-29 17:00:00,18,24.493795,0.31916332
2014-11-29,2014-11-29 18:00:00,19,26.126715,0.23301888
2014-11-29,2014-11-29 19:00:00,20,24.493795,0.24691868
2014-11-29,2014-11-29 20:00:00,21,26.126715,0.07042122
2014-11-29,2014-11-29 21:00:00,22,26.126715,0.14354038
2014-11-29,2014-11-29 22:00:00,23,24.493795,0.19054604
2014-11-29,2014-11-29 23:00:00,24,24.493795,-0.034319878
2014-11-30,2014-11-30 00:00:00,1,24.493795,24.362
2014-11-30,2014-11-30 01:00:00,2,27.759634,24.471577
2014-11-30,2014-11-30 02:00:00,3,24.493795,24.515938
2014-11-30,2014-11-30 03:00:00,4,24.493795,24.58714
2014-11-30,2014-11-30 04:00:00,5,26.126715,24.673424
2014-11-30,2014-11-30 05:00:00,6,24.493795,24.622917
2014-11-30,2014-11-30 06:00:00,7,26.126715,24.585762
2014-11-30,2014-11-30 07:00:00,8,24.493795,24.31314
2014-11-30,2014-11-30 08:00:00,9,26.126715,24.165066
2014-11-30,2014-11-30 09:00:00,10,26.126715,23.961067
2014-11-30,2014-11-30 10:00:00,11,24.493795,23.745052
2014-11-30,2014-11-30 11:00:00,12,22.860876,23.744
2014-11-30,2014-11-30 12:00:00,13,13.063357,23.95691
2014-11-30,2014-11-30 13:00:00,14,13.063357,23.572937
2014-11-30,2014-11-30 14:00:00,15,13.063357,23.333633
2014-11-30,2014-11-30 15:00:00,16,13.063357,23.375513
2014-11-30,2014-11-30 16:00:00,17,13.063357,23.318495
2014-11-30,2014-11-30 17:00:00,18,14.696277,23.263557
2014-11-30,2014-11-30 18:00:00,19,14.696277,23.155022
2014-11-30,2014-11-30 19:00:00,20,13.063357,23.3517
2014-11-30,2014-11-30 20:00:00,21,14.696277,23.67795
2014-11-30,2014-11-30 21:00:00,22,16.329197,23.815273
2014-11-30,2014-11-30 22:00:00,23,14.696277,23.835535
2014-11-30,2014-11-30 23:00:00,24,13.063357,23.943607
2014-12-01,2014-12-01 00:00:00,1,14.696277,13.131651
2014-12-01,2014-12-01 01:00:00,2,13.063357,13.157206
2014-12-01,2014-12-01 02:00:00,3,22.860876,13.173679
2014-12-01,2014-12-01 03:00:00,4,29.392553,13.195499
2014-12-01,2014-12-01 04:00:00,5,27.759634,13.1988
2014-12-01,2014-12-01 05:00:00,6,27.759634,13.230913
2014-12-01,2014-12-01 06:00:00,7,34.291313,13.306574
2014-12-01,2014-12-01 07:00:00,8,0.0,13.32107
2014-12-01,2014-12-01 08:00:00,9,0.0,13.313628
2014-12-01,2014-12-01 09:00:00,10,0.0,13.262565
2014-12-01,2014-12-01 10:00:00,11,0.0,13.281796
2014-12-01,2014-12-01 11:00:00,12,0.0,13.239936
2014-12-01,2014-12-01 12:00:00,13,0.0,13.207079
2014-12-01,2014-12-01 13:00:00,14,0.0,13.153513
2014-12-01,2014-12-01 14:00:00,15,0.0,13.074281
2014-12-01,2014-12-01 15:00:00,16,0.0,13.07075
2014-12-01,2014-12-01 16:00:00,17,0.0,13.22237
2014-12-01,2014-12-01 17:00:00,18,0.0,13.103551
2014-12-01,2014-12-01 18:00:00,19,0.0,13.183145
2014-12-01,2014-12-01 19:00:00,20,0.0,13.200597
2014-12-01,2014-12-01 20:00:00,21,0.0,13.285375
2014-12-01,2014-12-01 21:00:00,22,0.0,13.40311
2014-12-01,2014-12-01 22:00:00,23,0.0,13.396898
2014-12-01,2014-12-01 23:00:00,24,0.0,13.289471
2014-12-02,2014-12-02 00:00:00,1,45.721752,3.390398
2014-12-02,2014-12-02 01:00:00,2,35.924232,28.926785
2014-12-02,2014-12-02 02:00:00,3,35.924232,29.449413
2014-12-02,2014-12-02 03:00:00,4,35.924232,26.662846
2014-12-02,2014-12-02 04:00:00,5,34.291313,27.221685
2014-12-02,2014-12-02 05:00:00,6,32.658394,26.254614
2014-12-02,2014-12-02 06:00:00,7,40.82299,25.590569
2014-12-02,2014-12-02 07:00:00,8,6.5316787,15.113502
2014-12-02,2014-12-02 08:00:00,9,0.0,2.4995298
2014-12-02,2014-12-02 09:00:00,10,0.0,0.3489809
2014-12-02,2014-12-02 10:00:00,11,0.0,0.2426796
2014-12-02,2014-12-02 11:00:00,12,0.0,-0.10319996
2014-12-02,2014-12-02 12:00:00,13,0.0,-0.09409332
2014-12-02,2014-12-02 13:00:00,14,0.0,0.21661949
2014-12-02,2014-12-02 14:00:00,15,0.0,0.18394375
2014-12-02,2014-12-02 15:00:00,16,0.0,0.5785532
2014-12-02,2014-12-02 16:00:00,17,0.0,0.6201906
2014-12-02,2014-12-02 17:00:00,18,0.0,0.35708618
2014-12-02,2014-12-02 18:00:00,19,0.0,0.23650455
2014-12-02,2014-12-02 19:00:00,20,0.0,0.30169868
2014-12-02,2014-12-02 20:00:00,21,0.0,0.10751724
2014-12-02,2014-12-02 21:00:00,22,0.0,0.12921429
2014-12-02,2014-12-02 22:00:00,23,0.0,0.19438362
2014-12-02,2014-12-02 23:00:00,24,0.0,-0.08521652
2014-12-03,2014-12-03 00:00:00,1,52.25343,3.3951368
2014-12-03,2014-12-03 01:00:00,2,40.82299,29.385101
2014-12-03,2014-12-03 02:00:00,3,39.19007,30.284245
2014-12-03,2014-12-03 03:00:00,4,40.82299,27.496101
2014-12-03,2014-12-03 04:00:00,5,39.19007,27.80204
2014-12-03,2014-12-03 05:00:00,6,39.19007,27.028149
2014-12-03,2014-12-03 06:00:00,7,45.721752,26.485142
2014-12-03,2014-12-03 07:00:00,8,3.2658393,16.078724
2014-12-03,2014-12-03 08:00:00,9,0.0,3.142745
2014-12-03,2014-12-03 09:00:00,10,0.0,0.5672312
2014-12-03,2014-12-03 10:00:00,11,0.0,0.33822346
2014-12-03,2014-12-03 11:00:00,12,0.0,-0.024377823
2014-12-03,2014-12-03 12:00:00,13,0.0,-0.07306576
2014-12-03,2014-12-03 13:00:00,14,0.0,0.23843956
2014-12-03,2014-12-03 14:00:00,15,0.0,0.19031906
2014-12-03,2014-12-03 15:00:00,16,0.0,0.57282925
2014-12-03,2014-12-03 16:00:00,17,42.45591,0.5908394
2014-12-03,2014-12-03 17:00:00,18,0.0,0.341053
2014-12-03,2014-12-03 18:00:00,19,0.0,0.23443794
2014-12-03,2014-12-03 19:00:00,20,0.0,0.2805996
2014-12-03,2014-12-03 20:00:00,21,0.0,0.093613625
2014-12-03,2014-12-03 21:00:00,22,0.0,0.13894272
2014-12-03,2014-12-03 22:00:00,23,0.0,0.2027893
2014-12-03,2014-12-03 23:00:00,24,0.0,-0.06219864
2014-12-04,2014-12-04 00:00:00,1,53.88635,3.434741
2014-12-04,2014-12-04 01:00:00,2,44.08883,29.716259
2014-12-04,2014-12-04 02:00:00,3,40.82299,30.532902
2014-12-04,2014-12-04 03:00:00,4,42.45591,27.647831
2014-12-04,2014-12-04 04:00:00,5,35.924232,27.87337
2014-12-04,2014-12-04 05:00:00,6,37.55715,26.905191
2014-12-04,2014-12-04 06:00:00,7,48.98759,26.248266
2014-12-04,2014-12-04 07:00:00,8,0.0,15.658337
2014-12-04,2014-12-04 08:00:00,9,0.0,2.7415037
2014-12-04,2014-12-04 09:00:00,10,0.0,0.4239397
2014-12-04,2014-12-04 10:00:00,11,0.0,0.3016405
2014-12-04,2014-12-04 11:00:00,12,0.0,-0.044685364
2014-12-04,2014-12-04 12:00:00,13,0.0,-0.013318062
2014-12-04,2014-12-04 13:00:00,14,0.0,0.21962547
2014-12-04,2014-12-04 14:00:00,15,0.0,0.12298679
2014-12-04,2014-12-04 15:00:00,16,0.0,0.49072552
2014-12-04,2014-12-04 16:00:00,17,0.0,0.37492085
2014-12-04,2014-12-04 17:00:00,18,0.0,0.11705017
2014-12-04,2014-12-04 18:00:00,19,0.0,-0.03486252
2014-12-04,2014-12-04 19:00:00,20,0.0,-0.0061712265
2014-12-04,2014-12-04 20:00:00,21,0.0,-0.113713264
2014-12-04,2014-12-04 21:00:00,22,0.0,0.02954197
2014-12-04,2014-12-04 22:00:00,23,0.0,0.16798306
2014-12-04,2014-12-04 23:00:00,24,0.0,0.026147842
2014-12-05,2014-12-05 00:00:00,1,53.88635,3.4249973
2014-12-05,2014-12-05 01:00:00,2,37.55715,29.555431
2014-12-05,2014-12-05 02:00:00,3,35.924232,30.41145
2014-12-05,2014-12-05 03:00:00,4,37.55715,27.628178
2014-12-05,2014-12-05 04:00:00,5,35.924232,27.986172
2014-12-05,2014-12-05 05:00:00,6,32.658394,27.140533
2014-12-05,2014-12-05 06:00:00,7,42.45591,26.554617
2014-12-05,2014-12-05 07:00:00,8,4.898759,16.043074
2014-12-05,2014-12-05 08:00:00,9,0.0,3.047617
2014-12-05,2014-12-05 09:00:00,10,0.0,0.5617609
2014-12-05,2014-12-05 10:00:00,11,0.0,0.3646593
2014-12-05,2014-12-05 11:00:00,12,0.0,-0.0037851334
2014-12-05,2014-12-05 12:00:00,13,0.0,-0.041841507
2014-12-05,2014-12-05 13:00:00,14,0.0,0.27015686
2014-12-05,2014-12-05 14:00:00,15,0.0,0.21256638
2014-12-05,2014-12-05 15:00:00,16,0.0,0.6011133
2014-12-05,2014-12-05 16:00:00,17,0.0,0.601532
2014-12-05,2014-12-05 17:00:00,18,0.0,0.35364532
2014-12-05,2014-12-05 18:00:00,19,0.0,0.24864674
2014-12-05,2014-12-05 19:00:00,20,0.0,0.29024124
2014-12-05,2014-12-05 20:00:00,21,0.0,0.092393875
2014-12-05,2014-12-05 21:00:00,22,0.0,0.13906574
2014-12-05,2014-12-05 22:00:00,23,0.0,0.20792484
2014-12-05,2014-12-05 23:00:00,24,0.0,-0.06536198
2014-12-06,2014-12-06 00:00:00,1,65.31679,3.4110823
2014-12-06,2014-12-06 01:00:00,2,39.19007,29.435303
2014-12-06,2014-12-06 02:00:00,3,39.19007,30.268845
2014-12-06,2014-12-06 03:00:00,4,37.55715,27.477451
2014-12-06,2014-12-06 04:00:00,5,32.658394,27.835403
2014-12-06,2014-12-06 05:00:00,6,29.392553,27.005848
2014-12-06,2014-12-06 06:00:00,7,29.392553,26.428604
2014-12-06,2014-12-06 07:00:00,8,27.759634,15.958178
2014-12-06,2014-12-06 08:00:00,9,34.291313,3.0251951
2014-12-06,2014-12-06 09:00:00,10,31.025473,0.5413923
2014-12-06,2014-12-06 10:00:00,11,27.759634,0.34226322
2014-12-06,2014-12-06 11:00:00,12,29.392553,-0.022073746
2014-12-06,2014-12-06 12:00:00,13,32.658394,-0.059679985
2014-12-06,2014-12-06 13:00:00,14,29.392553,0.25028896
2014-12-06,2014-12-06 14:00:00,15,40.82299,0.19929695
2014-12-06,2014-12-06 15:00:00,16,40.82299,0.5855236
2014-12-06,2014-12-06 16:00:00,17,34.291313,0.5985937
2014-12-06,2014-12-06 17:00:00,18,34.291313,0.34688663
2014-12-06,2014-12-06 18:00:00,19,34.291313,0.23942852
2014-12-06,2014-12-06 19:00:00,20,34.291313,0.28658104
2014-12-06,2014-12-06 20:00:00,21,32.658394,0.095700264
2014-12-06,2014-12-06 21:00:00,22,32.658394,0.13995647
2014-12-06,2014-12-06 22:00:00,23,26.126715,0.20670986
2014-12-06,2014-12-06 23:00:00,24,26.126715,-0.063446045
2014-12-07,2014-12-07 00:00:00,1,26.126715,26.0573
2014-12-07,2014-12-07 01:00:00,2,26.126715,26.210417
2014-12-07,2014-12-07 02:00:00,3,27.759634,26.334278
2014-12-07,2014-12-07 03:00:00,4,26.126715,26.378313
2014-12-07,2014-12-07 04:00:00,5,29.392553,26.507137
2014-12-07,2014-12-07 05:00:00,6,26.126715,26.348404
2014-12-07,2014-12-07 06:00:00,7,26.126715,26.45478
2014-12-07,2014-12-07 07:00:00,8,29.392553,26.280796
2014-12-07,2014-12-07 08:00:00,9,26.126715,26.20028
2014-12-07,2014-12-07 09:00:00,10,26.126715,25.952747
2014-12-07,2014-12-07 10:00:00,11,27.759634,25.789948
2014-12-07,2014-12-07 11:00:00,12,26.126715,25.791607
2014-12-07,2014-12-07 12:00:00,13,26.126715,26.094917
2014-12-07,2014-12-07 13:00:00,14,26.126715,25.470074
2014-12-07,2014-12-07 14:00:00,15,27.759634,25.203287
2014-12-07,2014-12-07 15:00:00,16,26.126715,25.277176
2014-12-07,2014-12-07 16:00:00,17,26.126715,25.360044
2014-12-07,2014-12-07 17:00:00,18,27.759634,25.275562
2014-12-07,2014-12-07 18:00:00,19,26.126715,25.20144
2014-12-07,2014-12-07 19:00:00,20,27.759634,25.484102
2014-12-07,2014-12-07 20:00:00,21,26.126715,25.995956
2014-12-07,2014-12-07 21:00:00,22,27.759634,26.137693
2014-12-07,2014-12-07 22:00:00,23,26.126715,25.986774
2014-12-07,2014-12-07 23:00:00,24,26.126715,25.899803
2014-12-08,2014-12-08 00:00:00,1,29.392553,26.305363
2014-12-08,2014-12-08 01:00:00,2,26.126715,27.983097
2014-12-08,2014-12-08 02:00:00,3,27.759634,28.268608
2014-12-08,2014-12-08 03:00:00,4,27.759634,28.79918
2014-12-08,2014-12-08 04:00:00,5,27.759634,26.653374
2014-12-08,2014-12-08 05:00:00,6,26.126715,21.528542
2014-12-08,2014-12-08 06:00:00,7,27.759634,18.310545
2014-12-08,2014-12-08 07:00:00,8,29.392553,12.527677
2014-12-08,2014-12-08 08:00:00,9,26.126715,6.4097567
2014-12-08,2014-12-08 09:00:00,10,27.759634,4.716958
2014-12-08,2014-12-08 10:00:00,11,29.392553,2.0790834
2014-12-08,2014-12-08 11:00:00,12,26.126715,0.36952972
2014-12-08,2014-12-08 12:00:00,13,26.126715,2.4800425
2014-12-08,2014-12-08 13:00:00,14,29.392553,2.569765
2014-12-08,2014-12-08 14:00:00,15,26.126715,2.2050905
2014-12-08,2014-12-08 15:00:00,16,26.126715,3.646718
2014-12-08,2014-12-08 16:00:00,17,27.759634,2.451274
2014-12-08,2014-12-08 17:00:00,18,27.759634,4.2976646
2014-12-08,2014-12-08 18:00:00,19,27.759634,3.36018
2014-12-08,2014-12-08 19:00:00,20,26.126715,2.3934832
2014-12-08,2014-12-08 20:00:00,21,29.392553,2.3166132
2014-12-08,2014-12-08 21:00:00,22,26.126715,2.7822113
2014-12-08,2014-12-08 22:00:00,23,26.126715,3.453599
2014-12-08,2014-12-08 23:00:00,24,27.759634,4.1347466
2014-12-09,2014-12-09 00:00:00,1,27.759634,27.708763
2014-12-09,2014-12-09 01:00:00,2,26.126715,27.951466
2014-12-09,2014-12-09 02:00:00,3,29.392553,28.428156
2014-12-09,2014-12-09 03:00:00,4,48.98759,28.863392
2014-12-09,2014-12-09 04:00:00,5,60.418026,28.38734
2014-12-09,2014-12-09 05:00:00,6,35.924232,29.043798
2014-12-09,2014-12-09 06:00:00,7,0.0,28.996254
2014-12-09,2014-12-09 07:00:00,8,0.0,27.548164
2014-12-09,2014-12-09 08:00:00,9,0.0,25.351053
2014-12-09,2014-12-09 09:00:00,10,0.0,23.906803
2014-12-09,2014-12-09 10:00:00,11,0.0,18.880878
2014-12-09,2014-12-09 11:00:00,12,0.0,14.923975
2014-12-09,2014-12-09 12:00:00,13,0.0,12.000154
2014-12-09,2014-12-09 13:00:00,14,0.0,9.553887
2014-12-09,2014-12-09 14:00:00,15,0.0,8.701782
2014-12-09,2014-12-09 15:00:00,16,0.0,8.790062
2014-12-09,2014-12-09 16:00:00,17,0.0,7.9928617
2014-12-09,2014-12-09 17:00:00,18,0.0,8.476962
2014-12-09,2014-12-09 18:00:00,19,0.0,8.1111765
2014-12-09,2014-12-09 19:00:00,20,0.0,8.391251
2014-12-09,2014-12-09 20:00:00,21,0.0,8.856258
2014-12-09,2014-12-09 21:00:00,22,0.0,8.742493
2014-12-09,2014-12-09 22:00:00,23,0.0,8.435256
2014-12-09,2014-12-09 23:00:00,24,0.0,8.516728
2014-12-10,2014-12-10 00:00:00,1,48.98759,0.0014095306
2014-12-10,2014-12-10 01:00:00,2,26.126715,-0.027508736
2014-12-10,2014-12-10 02:00:00,3,27.759634,-0.036325455
2014-12-10,2014-12-10 03:00:00,4,26.126715,-0.0067281723
2014-12-10,2014-12-10 04:00:00,5,26.126715,-0.027290344
2014-12-10,2014-12-10 05:00:00,6,26.126715,-0.04083824
2014-12-10,2014-12-10 06:00:00,7,40.82299,-0.02273655
2014-12-10,2014-12-10 07:00:00,8,0.0,-0.04379654
2014-12-10,2014-12-10 08:00:00,9,0.0,-0.012719154
2014-12-10,2014-12-10 09:00:00,10,0.0,-0.03489971
2014-12-10,2014-12-10 10:00:00,11,0.0,-0.041111946
2014-12-10,2014-12-10 11:00:00,12,0.0,-0.04913616
2014-12-10,2014-12-10 12:00:00,13,0.0,-0.047732353
2014-12-10,2014-12-10 13:00:00,14,0.0,-0.06048298
2014-12-10,2014-12-10 14:00:00,15,0.0,-0.04862404
2014-12-10,2014-12-10 15:00:00,16,0.0,-0.09037495
2014-12-10,2014-12-10 16:00:00,17,0.0,-0.052083015
2014-12-10,2014-12-10 17:00:00,18,0.0,-0.094932556
2014-12-10,2014-12-10 18:00:00,19,0.0,-0.074775696
2014-12-10,2014-12-10 19:00:00,20,0.0,-0.083483696
2014-12-10,2014-12-10 20:00:00,21,0.0,-0.075063705
2014-12-10,2014-12-10 21:00:00,22,0.0,-0.05082512
2014-12-10,2014-12-10 22:00:00,23,0.0,-0.017928123
2014-12-10,2014-12-10 23:00:00,24,0.0,-0.03502083
2014-12-11,2014-12-11 00:00:00,1,47.35467,3.4063387
2014-12-11,2014-12-11 01:00:00,2,27.759634,29.20058
2014-12-11,2014-12-11 02:00:00,3,29.392553,29.852798
2014-12-11,2014-12-11 03:00:00,4,26.126715,27.054852
2014-12-11,2014-12-11 04:00:00,5,31.025473,27.518742
2014-12-11,2014-12-11 05:00:00,6,27.759634,26.59184
2014-12-11,2014-12-11 06:00:00,7,39.19007,25.95554
2014-12-11,2014-12-11 07:00:00,8,0.0,15.454039
2014-12-11,2014-12-11 08:00:00,9,0.0,2.7020988
2014-12-11,2014-12-11 09:00:00,10,0.0,0.4324875
2014-12-11,2014-12-11 10:00:00,11,0.0,0.29792213
2014-12-11,2014-12-11 11:00:00,12,0.0,-0.05847931
2014-12-11,2014-12-11 12:00:00,13,0.0,-0.06796169
2014-12-11,2014-12-11 13:00:00,14,0.0,0.23448467
2014-12-11,2014-12-11 14:00:00,15,0.0,0.19027328
2014-12-11,2014-12-11 15:00:00,16,0.0,0.5794325
2014-12-11,2014-12-11 16:00:00,17,0.0,0.60477066
2014-12-11,2014-12-11 17:00:00,18,0.0,0.34489727
2014-12-11,2014-12-11 18:00:00,19,0.0,0.23042107
2014-12-11,2014-12-11 19:00:00,20,0.0,0.29077244
2014-12-11,2014-12-11 20:00:00,21,0.0,0.10550213
2014-12-11,2014-12-11 21:00:00,22,0.0,0.1446352
2014-12-11,2014-12-11 22:00:00,23,0.0,0.21507931
2014-12-11,2014-12-11 23:00:00,24,0.0,-0.056381226
2014-12-12,2014-12-12 00:00:00,1,48.98759,3.4143105
2014-12-12,2014-12-12 01:00:00,2,31.025473,29.14132
2014-12-12,2014-12-12 02:00:00,3,27.759634,29.691196
2014-12-12,2014-12-12 03:00:00,4,29.392553,26.894688
2014-12-12,2014-12-12 04:00:00,5,26.126715,27.434322
2014-12-12,2014-12-12 05:00:00,6,26.126715,26.435501
2014-12-12,2014-12-12 06:00:00,7,39.19007,25.754465
2014-12-12,2014-12-12 07:00:00,8,0.0,15.201613
2014-12-12,2014-12-12 08:00:00,9,0.0,2.5115194
2014-12-12,2014-12-12 09:00:00,10,0.0,0.37443733
2014-12-12,2014-12-12 10:00:00,11,0.0,0.2820711
2014-12-12,2014-12-12 11:00:00,12,0.0,-0.0714283
2014-12-12,2014-12-12 12:00:00,13,0.0,-0.062491417
2014-12-12,2014-12-12 13:00:00,14,0.0,0.23702717
2014-12-12,2014-12-12 14:00:00,15,0.0,0.19325447
2014-12-12,2014-12-12 15:00:00,16,0.0,0.5877867
2014-12-12,2014-12-12 16:00:00,17,0.0,0.6128206
2014-12-12,2014-12-12 17:00:00,18,0.0,0.3480339
2014-12-12,2014-12-12 18:00:00,19,0.0,0.23021412
2014-12-12,2014-12-12 19:00:00,20,0.0,0.2944088
2014-12-12,2014-12-12 20:00:00,21,0.0,0.106749535
2014-12-12,2014-12-12 21:00:00,22,0.0,0.14288235
2014-12-12,2014-12-12 22:00:00,23,0.0,0.21708107
2014-12-12,2014-12-12 23:00:00,24,0.0,-0.058398247
2014-12-13,2014-12-13 00:00:00,1,50.62051,3.417429
2014-12-13,2014-12-13 01:00:00,2,34.291313,29.094578
2014-12-13,2014-12-13 02:00:00,3,34.291313,29.58649
2014-12-13,2014-12-13 03:00:00,4,34.291313,26.790115
2014-12-13,2014-12-13 04:00:00,5,26.126715,27.36728
2014-12-13,2014-12-13 05:00:00,6,35.924232,26.324913
2014-12-13,2014-12-13 06:00:00,7,35.924232,25.617416
2014-12-13,2014-12-13 07:00:00,8,35.924232,15.038858
2014-12-13,2014-12-13 08:00:00,9,39.19007,2.3962317
2014-12-13,2014-12-13 09:00:00,10,37.55715,0.3391018
2014-12-13,2014-12-13 10:00:00,11,34.291313,0.27374268
2014-12-13,2014-12-13 11:00:00,12,31.025473,-0.07740784
2014-12-13,2014-12-13 12:00:00,13,31.025473,-0.058026314
2014-12-13,2014-12-13 13:00:00,14,31.025473,0.23753929
2014-12-13,2014-12-13 14:00:00,15,31.025473,0.19397163
2014-12-13,2014-12-13 15:00:00,16,29.392553,0.59079456
2014-12-13,2014-12-13 16:00:00,17,29.392553,0.61613274
2014-12-13,2014-12-13 17:00:00,18,31.025473,0.3480034
2014-12-13,2014-12-13 18:00:00,19,29.392553,0.22812366
2014-12-13,2014-12-13 19:00:00,20,29.392553,0.29574108
2014-12-13,2014-12-13 20:00:00,21,31.025473,0.10930252
2014-12-13,2014-12-13 21:00:00,22,31.025473,0.1451168
2014-12-13,2014-12-13 22:00:00,23,29.392553,0.2218771
2014-12-13,2014-12-13 23:00:00,24,29.392553,-0.054325104
2014-12-14,2014-12-14 00:00:00,1,27.759634,29.251118
2014-12-14,2014-12-14 01:00:00,2,29.392553,29.35107
2014-12-14,2014-12-14 02:00:00,3,31.025473,29.384945
2014-12-14,2014-12-14 03:00:00,4,31.025473,29.45506
2014-12-14,2014-12-14 04:00:00,5,29.392553,29.527374
2014-12-14,2014-12-14 05:00:00,6,29.392553,29.4926
2014-12-14,2014-12-14 06:00:00,7,29.392553,29.444756
2014-12-14,2014-12-14 07:00:00,8,29.392553,29.161003
2014-12-14,2014-12-14 08:00:00,9,29.392553,28.99464
2014-12-14,2014-12-14 09:00:00,10,29.392553,28.786406
2014-12-14,2014-12-14 10:00:00,11,31.025473,28.54607
2014-12-14,2014-12-14 11:00:00,12,27.759634,28.539513
2014-12-14,2014-12-14 12:00:00,13,29.392553,28.751543
2014-12-14,2014-12-14 13:00:00,14,29.392553,28.392887
2014-12-14,2014-12-14 14:00:00,15,29.392553,28.140062
2014-12-14,2014-12-14 15:00:00,16,27.759634,28.160583
2014-12-14,2014-12-14 16:00:00,17,29.392553,28.08728
2014-12-14,2014-12-14 17:00:00,18,29.392553,28.011845
2014-12-14,2014-12-14 18:00:00,19,29.392553,27.883
2014-12-14,2014-12-14 19:00:00,20,27.759634,28.061132
2014-12-14,2014-12-14 20:00:00,21,31.025473,28.371492
2014-12-14,2014-12-14 21:00:00,22,29.392553,28.510895
2014-12-14,2014-12-14 22:00:00,23,27.759634,28.548101
2014-12-14,2014-12-14 23:00:00,24,29.392553,28.681992
2014-12-15,2014-12-15 00:00:00,1,31.025473,29.192226
2014-12-15,2014-12-15 01:00:00,2,29.392553,29.935432
2014-12-15,2014-12-15 02:00:00,3,32.658394,30.847057
2014-12-15,2014-12-15 03:00:00,4,31.025473,31.871078
2014-12-15,2014-12-15 04:00:00,5,71.848465,31.104996
2014-12-15,2014-12-15 05:00:00,6,32.658394,29.698017
2014-12-15,2014-12-15 06:00:00,7,0.0,28.633776
2014-12-15,2014-12-15 07:00:00,8,0.0,24.01387
2014-12-15,2014-12-15 08:00:00,9,0.0,16.59754
2014-12-15,2014-12-15 09:00:00,10,0.0,11.930448
2014-12-15,2014-12-15 10:00:00,11,0.0,5.7595425
2014-12-15,2014-12-15 11:00:00,12,0.0,2.0491676
2014-12-15,2014-12-15 12:00:00,13,0.0,2.5712824
2014-12-15,2014-12-15 13:00:00,14,0.0,2.0176096
2014-12-15,2014-12-15 14:00:00,15,0.0,2.0930042
2014-12-15,2014-12-15 15:00:00,16,0.0,3.3662443
2014-12-15,2014-12-15 16:00:00,17,0.0,2.2922916
2014-12-15,2014-12-15 17:00:00,18,0.0,4.1030617
2014-12-15,2014-12-15 18:00:00,19,0.0,3.9711065
2014-12-15,2014-12-15 19:00:00,20,0.0,3.7888708
2014-12-15,2014-12-15 20:00:00,21,0.0,3.9394484
2014-12-15,2014-12-15 21:00:00,22,0.0,3.6697712
2014-12-15,2014-12-15 22:00:00,23,0.0,3.1633387
2014-12-15,2014-12-15 23:00:00,24,0.0,3.052908
2014-12-16,2014-12-16 00:00:00,1,53.88635,3.3816671
2014-12-16,2014-12-16 01:00:00,2,37.55715,27.098106
2014-12-16,2014-12-16 02:00:00,3,39.19007,26.447361
2014-12-16,2014-12-16 03:00:00,4,39.19007,23.789213
2014-12-16,2014-12-16 04:00:00,5,35.924232,25.054665
2014-12-16,2014-12-16 05:00:00,6,31.025473,23.002548
2014-12-16,2014-12-16 06:00:00,7,42.45591,21.6858
2014-12-16,2014-12-16 07:00:00,8,6.5316787,10.94503
2014-12-16,2014-12-16 08:00:00,9,0.0,-0.3022747
2014-12-16,2014-12-16 09:00:00,10,0.0,-0.5301256
2014-12-16,2014-12-16 10:00:00,11,0.0,0.09579754
2014-12-16,2014-12-16 11:00:00,12,0.0,-0.13528633
2014-12-16,2014-12-16 12:00:00,13,0.0,0.09940624
2014-12-16,2014-12-16 13:00:00,14,0.0,0.29200363
2014-12-16,2014-12-16 14:00:00,15,0.0,0.25601673
2014-12-16,2014-12-16 15:00:00,16,0.0,0.72260666
2014-12-16,2014-12-16 16:00:00,17,0.0,0.718029
2014-12-16,2014-12-16 17:00:00,18,0.0,0.37720013
2014-12-16,2014-12-16 18:00:00,19,0.0,0.20997715
2014-12-16,2014-12-16 19:00:00,20,0.0,0.31120872
2014-12-16,2014-12-16 20:00:00,21,0.0,0.107242584
2014-12-16,2014-12-16 21:00:00,22,0.0,0.085513115
2014-12-16,2014-12-16 22:00:00,23,0.0,0.18355942
2014-12-16,2014-12-16 23:00:00,24,0.0,-0.10460663
2014-12-17,2014-12-17 00:00:00,1,55.519268,3.3966904
2014-12-17,2014-12-17 01:00:00,2,39.19007,29.446217
2014-12-17,2014-12-17 02:00:00,3,39.19007,30.393879
2014-12-17,2014-12-17 03:00:00,4,34.291313,27.609022
2014-12-17,2014-12-17 04:00:00,5,31.025473,27.885101
2014-12-17,2014-12-17 05:00:00,6,34.291313,27.131796
2014-12-17,2014-12-17 06:00:00,7,45.721752,26.601925
2014-12-17,2014-12-17 07:00:00,8,9.797518,16.201975
2014-12-17,2014-12-17 08:00:00,9,0.0,3.2221403
2014-12-17,2014-12-17 09:00:00,10,0.0,0.59537315
2014-12-17,2014-12-17 10:00:00,11,0.0,0.35201263
2014-12-17,2014-12-17 11:00:00,12,0.0,-0.012339592
2014-12-17,2014-12-17 12:00:00,13,0.0,-0.068154335
2014-12-17,2014-12-17 13:00:00,14,0.0,0.24471283
2014-12-17,2014-12-17 14:00:00,15,0.0,0.19434738
2014-12-17,2014-12-17 15:00:00,16,0.0,0.5758257
2014-12-17,2014-12-17 16:00:00,17,0.0,0.589859
2014-12-17,2014-12-17 17:00:00,18,0.0,0.34268665
2014-12-17,2014-12-17 18:00:00,19,0.0,0.23808765
2014-12-17,2014-12-17 19:00:00,20,0.0,0.28086376
2014-12-17,2014-12-17 20:00:00,21,0.0,0.092357635
2014-12-17,2014-12-17 21:00:00,22,0.0,0.13947678
2014-12-17,2014-12-17 22:00:00,23,0.0,0.20257759
2014-12-17,2014-12-17 23:00:00,24,0.0,-0.062095642
2014-12-18,2014-12-18 00:00:00,1,53.88635,3.383628
2014-12-18,2014-12-18 01:00:00,2,39.19007,29.468983
2014-12-18,2014-12-18 02:00:00,3,39.19007,30.53809
2014-12-18,2014-12-18 03:00:00,4,37.55715,27.763235
2014-12-18,2014-12-18 04:00:00,5,34.291313,27.954811
2014-12-18,2014-12-18 05:00:00,6,32.658394,27.271027
2014-12-18,2014-12-18 06:00:00,7,42.45591,26.78497
2014-12-18,2014-12-18 07:00:00,8,8.164598,16.44985
2014-12-18,2014-12-18 08:00:00,9,0.0,3.4189253
2014-12-18,2014-12-18 09:00:00,10,0.0,0.65158653
2014-12-18,2014-12-18 10:00:00,11,0.0,0.36642933
2014-12-18,2014-12-18 11:00:00,12,0.0,0.001739502
2014-12-18,2014-12-18 12:00:00,13,0.0,-0.07131481
2014-12-18,2014-12-18 13:00:00,14,0.0,0.24271679
2014-12-18,2014-12-18 14:00:00,15,0.0,0.19079971
2014-12-18,2014-12-18 15:00:00,16,0.0,0.56818676
2014-12-18,2014-12-18 16:00:00,17,0.0,0.57953167
2014-12-18,2014-12-18 17:00:00,18,0.0,0.33699226
2014-12-18,2014-12-18 18:00:00,19,0.0,0.23559761
2014-12-18,2014-12-18 19:00:00,20,0.0,0.2730446
2014-12-18,2014-12-18 20:00:00,21,0.0,0.08727455
2014-12-18,2014-12-18 21:00:00,22,0.0,0.13983536
2014-12-18,2014-12-18 22:00:00,23,0.0,0.20132542
2014-12-18,2014-12-18 23:00:00,24,0.0,-0.05648613
2014-12-19,2014-12-19 00:00:00,1,53.88635,3.3972368
2014-12-19,2014-12-19 01:00:00,2,37.55715,29.451195
2014-12-19,2014-12-19 02:00:00,3,35.924232,30.39793
2014-12-19,2014-12-19 03:00:00,4,35.924232,27.611591
2014-12-19,2014-12-19 04:00:00,5,34.291313,27.887844
2014-12-19,2014-12-19 05:00:00,6,31.025473,27.13416
2014-12-19,2014-12-19 06:00:00,7,40.82299,26.603931
2014-12-19,2014-12-19 07:00:00,8,6.5316787,16.202599
2014-12-19,2014-12-19 08:00:00,9,0.0,3.2216349
2014-12-19,2014-12-19 09:00:00,10,0.0,0.59575844
2014-12-19,2014-12-19 10:00:00,11,0.0,0.35280704
2014-12-19,2014-12-19 11:00:00,12,0.0,-0.01184845
2014-12-19,2014-12-19 12:00:00,13,0.0,-0.06749344
2014-12-19,2014-12-19 13:00:00,14,0.0,0.24475098
2014-12-19,2014-12-19 14:00:00,15,0.0,0.19401932
2014-12-19,2014-12-19 15:00:00,16,0.0,0.575655
2014-12-19,2014-12-19 16:00:00,17,0.0,0.5893364
2014-12-19,2014-12-19 17:00:00,18,0.0,0.341712
2014-12-19,2014-12-19 18:00:00,19,0.0,0.23700523
2014-12-19,2014-12-19 19:00:00,20,0.0,0.2797575
2014-12-19,2014-12-19 20:00:00,21,0.0,0.09187794
2014-12-19,2014-12-19 21:00:00,22,0.0,0.13954067
2014-12-19,2014-12-19 22:00:00,23,0.0,0.20302391
2014-12-19,2014-12-19 23:00:00,24,0.0,-0.061135292
2014-12-20,2014-12-20 00:00:00,1,58.785107,3.4058847
2014-12-20,2014-12-20 01:00:00,2,39.19007,29.391308
2014-12-20,2014-12-20 02:00:00,3,39.19007,30.217857
2014-12-20,2014-12-20 03:00:00,4,39.19007,27.423908
2014-12-20,2014-12-20 04:00:00,5,35.924232,27.780588
2014-12-20,2014-12-20 05:00:00,6,31.025473,26.95529
2014-12-20,2014-12-20 06:00:00,7,32.658394,26.380558
2014-12-20,2014-12-20 07:00:00,8,32.658394,15.924524
2014-12-20,2014-12-20 08:00:00,9,29.392553,3.015648
2014-12-20,2014-12-20 09:00:00,10,29.392553,0.5340786
2014-12-20,2014-12-20 10:00:00,11,29.392553,0.33493328
2014-12-20,2014-12-20 11:00:00,12,27.759634,-0.028086662
2014-12-20,2014-12-20 12:00:00,13,29.392553,-0.065130234
2014-12-20,2014-12-20 13:00:00,14,31.025473,0.24350262
2014-12-20,2014-12-20 14:00:00,15,29.392553,0.19432163
2014-12-20,2014-12-20 15:00:00,16,29.392553,0.57972336
2014-12-20,2014-12-20 16:00:00,17,32.658394,0.5964289
2014-12-20,2014-12-20 17:00:00,18,31.025473,0.34346008
2014-12-20,2014-12-20 18:00:00,19,29.392553,0.23513317
2014-12-20,2014-12-20 19:00:00,20,31.025473,0.28423977
2014-12-20,2014-12-20 20:00:00,21,31.025473,0.09641743
2014-12-20,2014-12-20 21:00:00,22,27.759634,0.1408062
2014-12-20,2014-12-20 22:00:00,23,29.392553,0.2074976
2014-12-20,2014-12-20 23:00:00,24,27.759634,-0.060702324
2014-12-21,2014-12-21 00:00:00,1,29.392553,27.645506
2014-12-21,2014-12-21 01:00:00,2,27.759634,27.766323
2014-12-21,2014-12-21 02:00:00,3,29.392553,27.828491
2014-12-21,2014-12-21 03:00:00,4,29.392553,27.89038
2014-12-21,2014-12-21 04:00:00,5,27.759634,27.994644
2014-12-21,2014-12-21 05:00:00,6,29.392553,27.912552
2014-12-21,2014-12-21 06:00:00,7,29.392553,27.930393
2014-12-21,2014-12-21 07:00:00,8,29.392553,27.678917
2014-12-21,2014-12-21 08:00:00,9,29.392553,27.54277
2014-12-21,2014-12-21 09:00:00,10,27.759634,27.32111
2014-12-21,2014-12-21 10:00:00,11,29.392553,27.114561
2014-12-21,2014-12-21 11:00:00,12,27.759634,27.10938
2014-12-21,2014-12-21 12:00:00,13,27.759634,27.356785
2014-12-21,2014-12-21 13:00:00,14,29.392553,26.908268
2014-12-21,2014-12-21 14:00:00,15,27.759634,26.67492
2014-12-21,2014-12-21 15:00:00,16,27.759634,26.711544
2014-12-21,2014-12-21 16:00:00,17,27.759634,26.680588
2014-12-21,2014-12-21 17:00:00,18,29.392553,26.622772
2014-12-21,2014-12-21 18:00:00,19,29.392553,26.522175
2014-12-21,2014-12-21 19:00:00,20,29.392553,26.726643
2014-12-21,2014-12-21 20:00:00,21,29.392553,27.102375
2014-12-21,2014-12-21 21:00:00,22,27.759634,27.249607
2014-12-21,2014-12-21 22:00:00,23,29.392553,27.243362
2014-12-21,2014-12-21 23:00:00,24,27.759634,27.303204
2014-12-22,2014-12-22 00:00:00,1,27.759634,27.849842
2014-12-22,2014-12-22 01:00:00,2,31.025473,29.25261
2014-12-22,2014-12-22 02:00:00,3,35.924232,30.14671
2014-12-22,2014-12-22 03:00:00,4,47.35467,31.231514
2014-12-22,2014-12-22 04:00:00,5,63.68387,29.843594
2014-12-22,2014-12-22 05:00:00,6,21.227955,26.823622
2014-12-22,2014-12-22 06:00:00,7,0.0,24.949348
2014-12-22,2014-12-22 07:00:00,8,0.0,19.546902
2014-12-22,2014-12-22 08:00:00,9,0.0,12.217023
2014-12-22,2014-12-22 09:00:00,10,0.0,8.758222
2014-12-22,2014-12-22 10:00:00,11,0.0,4.240859
2014-12-22,2014-12-22 11:00:00,12,0.0,1.7276278
2014-12-22,2014-12-22 12:00:00,13,0.0,3.179963
2014-12-22,2014-12-22 13:00:00,14,0.0,3.103466
2014-12-22,2014-12-22 14:00:00,15,0.0,2.9325361
2014-12-22,2014-12-22 15:00:00,16,0.0,4.28981
2014-12-22,2014-12-22 16:00:00,17,0.0,3.114459
2014-12-22,2014-12-22 17:00:00,18,0.0,5.0641584
2014-12-22,2014-12-22 18:00:00,19,0.0,4.3825407
2014-12-22,2014-12-22 19:00:00,20,0.0,3.701601
2014-12-22,2014-12-22 20:00:00,21,0.0,3.7468872
2014-12-22,2014-12-22 21:00:00,22,0.0,3.8735533
2014-12-22,2014-12-22 22:00:00,23,0.0,3.8915892
2014-12-22,2014-12-22 23:00:00,24,0.0,3.9088135
2014-12-23,2014-12-23 00:00:00,1,53.88635,3.0705795
2014-12-23,2014-12-23 01:00:00,2,37.55715,23.695858
2014-12-23,2014-12-23 02:00:00,3,37.55715,22.56829
2014-12-23,2014-12-23 03:00:00,4,35.924232,20.181368
2014-12-23,2014-12-23 04:00:00,5,35.924232,21.62397
2014-12-23,2014-12-23 05:00:00,6,32.658394,19.095905
2014-12-23,2014-12-23 06:00:00,7,40.82299,17.52539
2014-12-23,2014-12-23 07:00:00,8,0.0,7.689825
2014-12-23,2014-12-23 08:00:00,9,0.0,-1.7134447
2014-12-23,2014-12-23 09:00:00,10,0.0,-0.9701576
2014-12-23,2014-12-23 10:00:00,11,0.0,0.0017137527
2014-12-23,2014-12-23 11:00:00,12,0.0,-0.13158226
2014-12-23,2014-12-23 12:00:00,13,0.0,0.21684456
2014-12-23,2014-12-23 13:00:00,14,0.0,0.28166485
2014-12-23,2014-12-23 14:00:00,15,0.0,0.2591486
2014-12-23,2014-12-23 15:00:00,16,0.0,0.6934061
2014-12-23,2014-12-23 16:00:00,17,0.0,0.68890667
2014-12-23,2014-12-23 17:00:00,18,0.0,0.31704807
2014-12-23,2014-12-23 18:00:00,19,0.0,0.13512135
2014-12-23,2014-12-23 19:00:00,20,0.0,0.23610973
2014-12-23,2014-12-23 20:00:00,21,0.0,0.0760622
2014-12-23,2014-12-23 21:00:00,22,0.0,0.04582405
2014-12-23,2014-12-23 22:00:00,23,0.0,0.19824028
2014-12-23,2014-12-23 23:00:00,24,0.0,-0.042265892
2014-12-24,2014-12-24 00:00:00,1,58.785107,3.4286346
2014-12-24,2014-12-24 01:00:00,2,37.55715,29.40487
2014-12-24,2014-12-24 02:00:00,3,37.55715,30.10078
2014-12-24,2014-12-24 03:00:00,4,37.55715,27.311184
2014-12-24,2014-12-24 04:00:00,5,35.924232,27.771725
2014-12-24,2014-12-24 05:00:00,6,31.025473,26.835373
2014-12-24,2014-12-24 06:00:00,7,42.45591,26.192425
2014-12-24,2014-12-24 07:00:00,8,0.0,15.629647
2014-12-24,2014-12-24 08:00:00,9,0.0,2.762683
2014-12-24,2014-12-24 09:00:00,10,0.0,0.4666233
2014-12-24,2014-12-24 10:00:00,11,0.0,0.32916355
2014-12-24,2014-12-24 11:00:00,12,0.0,-0.032686234
2014-12-24,2014-12-24 12:00:00,13,68.58263,-0.046132088
2014-12-24,2014-12-24 13:00:00,14,17.962116,0.25906658
2014-12-24,2014-12-24 14:00:00,15,0.0,0.20707321
2014-12-24,2014-12-24 15:00:00,16,0.0,0.59983444
2014-12-24,2014-12-24 16:00:00,17,0.0,0.6108599
2014-12-24,2014-12-24 17:00:00,18,0.0,0.3532219
2014-12-24,2014-12-24 18:00:00,19,0.0,0.24251366
2014-12-24,2014-12-24 19:00:00,20,0.0,0.29589748
2014-12-24,2014-12-24 20:00:00,21,0.0,0.10167408
2014-12-24,2014-12-24 21:00:00,22,53.88635,0.14321423
2014-12-24,2014-12-24 22:00:00,23,39.19007,0.21548462
2014-12-24,2014-12-24 23:00:00,24,39.19007,-0.06218052
2014-12-25,2014-12-25 00:00:00,1,35.924232,38.11581
2014-12-25,2014-12-25 01:00:00,2,37.55715,38.33288
2014-12-25,2014-12-25 02:00:00,3,32.658394,37.094364
2014-12-25,2014-12-25 03:00:00,4,32.658394,31.47984
2014-12-25,2014-12-25 04:00:00,5,32.658394,10.583637
2014-12-25,2014-12-25 05:00:00,6,29.392553,3.3441744
2014-12-25,2014-12-25 06:00:00,7,31.025473,4.0818663
2014-12-25,2014-12-25 07:00:00,8,31.025473,3.8228922
2014-12-25,2014-12-25 08:00:00,9,31.025473,3.7453337
2014-12-25,2014-12-25 09:00:00,10,29.392553,3.506051
2014-12-25,2014-12-25 10:00:00,11,29.392553,4.348789
2014-12-25,2014-12-25 11:00:00,12,27.759634,5.513476
2014-12-25,2014-12-25 12:00:00,13,26.126715,4.6198864
2014-12-25,2014-12-25 13:00:00,14,27.759634,4.2240705
2014-12-25,2014-12-25 14:00:00,15,27.759634,3.7617178
2014-12-25,2014-12-25 15:00:00,16,26.126715,3.3637762
2014-12-25,2014-12-25 16:00:00,17,27.759634,3.5257788
2014-12-25,2014-12-25 17:00:00,18,27.759634,5.7477007
2014-12-25,2014-12-25 18:00:00,19,29.392553,6.4821653
2014-12-25,2014-12-25 19:00:00,20,27.759634,7.93443
2014-12-25,2014-12-25 20:00:00,21,29.392553,16.997473
2014-12-25,2014-12-25 21:00:00,22,27.759634,31.300991
2014-12-25,2014-12-25 22:00:00,23,27.759634,36.835766
2014-12-25,2014-12-25 23:00:00,24,27.759634,35.817352
2014-12-26,2014-12-26 00:00:00,1,27.759634,27.630072
2014-12-26,2014-12-26 01:00:00,2,26.126715,27.728455
2014-12-26,2014-12-26 02:00:00,3,29.392553,27.681337
2014-12-26,2014-12-26 03:00:00,4,26.126715,27.58168
2014-12-26,2014-12-26 04:00:00,5,31.025473,27.625797
2014-12-26,2014-12-26 05:00:00,6,26.126715,27.384453
2014-12-26,2014-12-26 06:00:00,7,27.759634,27.419014
2014-12-26,2014-12-26 07:00:00,8,0.0,27.133453
2014-12-26,2014-12-26 08:00:00,9,0.0,27.08386
2014-12-26,2014-12-26 09:00:00,10,0.0,26.930897
2014-12-26,2014-12-26 10:00:00,11,0.0,26.803307
2014-12-26,2014-12-26 11:00:00,12,0.0,26.707188
2014-12-26,2014-12-26 12:00:00,13,0.0,26.892912
2014-12-26,2014-12-26 13:00:00,14,0.0,26.508125
2014-12-26,2014-12-26 14:00:00,15,0.0,26.226334
2014-12-26,2014-12-26 15:00:00,16,0.0,26.37632
2014-12-26,2014-12-26 16:00:00,17,0.0,26.530327
2014-12-26,2014-12-26 17:00:00,18,0.0,26.60237
2014-12-26,2014-12-26 18:00:00,19,0.0,26.67485
2014-12-26,2014-12-26 19:00:00,20,0.0,27.032288
2014-12-26,2014-12-26 20:00:00,21,0.0,27.214485
2014-12-26,2014-12-26 21:00:00,22,0.0,27.18327
2014-12-26,2014-12-26 22:00:00,23,0.0,27.00959
2014-12-26,2014-12-26 23:00:00,24,0.0,26.708672
2014-12-27,2014-12-27 00:00:00,1,53.88635,3.3931437
2014-12-27,2014-12-27 01:00:00,2,37.55715,28.982655
2014-12-27,2014-12-27 02:00:00,3,37.55715,29.53199
2014-12-27,2014-12-27 03:00:00,4,37.55715,26.741394
2014-12-27,2014-12-27 04:00:00,5,37.55715,27.269482
2014-12-27,2014-12-27 05:00:00,6,32.658394,26.293385
2014-12-27,2014-12-27 06:00:00,7,31.025473,25.628086
2014-12-27,2014-12-27 07:00:00,8,31.025473,15.138822
2014-12-27,2014-12-27 08:00:00,9,29.392553,2.5155258
2014-12-27,2014-12-27 09:00:00,10,32.658394,0.36245728
2014-12-27,2014-12-27 10:00:00,11,29.392553,0.25797176
2014-12-27,2014-12-27 11:00:00,12,31.025473,-0.091814995
2014-12-27,2014-12-27 12:00:00,13,29.392553,-0.08169651
2014-12-27,2014-12-27 13:00:00,14,27.759634,0.22169209
2014-12-27,2014-12-27 14:00:00,15,31.025473,0.1823883
2014-12-27,2014-12-27 15:00:00,16,27.759634,0.5737772
2014-12-27,2014-12-27 16:00:00,17,31.025473,0.6044779
2014-12-27,2014-12-27 17:00:00,18,29.392553,0.34292698
2014-12-27,2014-12-27 18:00:00,19,27.759634,0.22286701
2014-12-27,2014-12-27 19:00:00,20,31.025473,0.28724098
2014-12-27,2014-12-27 20:00:00,21,27.759634,0.10166836
2014-12-27,2014-12-27 21:00:00,22,29.392553,0.1363573
2014-12-27,2014-12-27 22:00:00,23,27.759634,0.20955372
2014-12-27,2014-12-27 23:00:00,24,29.392553,-0.06093502
2014-12-28,2014-12-28 00:00:00,1,27.759634,29.108341
2014-12-28,2014-12-28 01:00:00,2,29.392553,29.147465
2014-12-28,2014-12-28 02:00:00,3,27.759634,29.12564
2014-12-28,2014-12-28 03:00:00,4,31.025473,29.142807
2014-12-28,2014-12-28 04:00:00,5,27.759634,29.181534
2014-12-28,2014-12-28 05:00:00,6,27.759634,29.206333
2014-12-28,2014-12-28 06:00:00,7,29.392553,29.085125
2014-12-28,2014-12-28 07:00:00,8,27.759634,28.756203
2014-12-28,2014-12-28 08:00:00,9,29.392553,28.545849
2014-12-28,2014-12-28 09:00:00,10,27.759634,28.348011
2014-12-28,2014-12-28 10:00:00,11,27.759634,28.118408
2014-12-28,2014-12-28 11:00:00,12,27.759634,28.04179
2014-12-28,2014-12-28 12:00:00,13,27.759634,28.20842
2014-12-28,2014-12-28 13:00:00,14,26.126715,27.905807
2014-12-28,2014-12-28 14:00:00,15,27.759634,27.670132
2014-12-28,2014-12-28 15:00:00,16,29.392553,27.66534
2014-12-28,2014-12-28 16:00:00,17,27.759634,27.558773
2014-12-28,2014-12-28 17:00:00,18,27.759634,27.505379
2014-12-28,2014-12-28 18:00:00,19,27.759634,27.421564
2014-12-28,2014-12-28 19:00:00,20,27.759634,27.58435
2014-12-28,2014-12-28 20:00:00,21,26.126715,27.808208
2014-12-28,2014-12-28 21:00:00,22,27.759634,27.883709
2014-12-28,2014-12-28 22:00:00,23,27.759634,27.970036
2014-12-28,2014-12-28 23:00:00,24,27.759634,28.226921
2014-12-29,2014-12-29 00:00:00,1,31.025473,27.865292
2014-12-29,2014-12-29 01:00:00,2,29.392553,29.071468
2014-12-29,2014-12-29 02:00:00,3,31.025473,29.787868
2014-12-29,2014-12-29 03:00:00,4,37.55715,30.766544
2014-12-29,2014-12-29 04:00:00,5,65.31679,29.504234
2014-12-29,2014-12-29 05:00:00,6,39.19007,26.652779
2014-12-29,2014-12-29 06:00:00,7,0.0,24.877697
2014-12-29,2014-12-29 07:00:00,8,0.0,20.239584
2014-12-29,2014-12-29 08:00:00,9,0.0,14.183345
2014-12-29,2014-12-29 09:00:00,10,0.0,11.424132
2014-12-29,2014-12-29 10:00:00,11,0.0,7.308582
2014-12-29,2014-12-29 11:00:00,12,0.0,5.0514326
2014-12-29,2014-12-29 12:00:00,13,0.0,6.288395
2014-12-29,2014-12-29 13:00:00,14,0.0,6.3613687
2014-12-29,2014-12-29 14:00:00,15,0.0,6.0787363
2014-12-29,2014-12-29 15:00:00,16,0.0,7.4389043
2014-12-29,2014-12-29 16:00:00,17,0.0,6.219945
2014-12-29,2014-12-29 17:00:00,18,0.0,7.697315
2014-12-29,2014-12-29 18:00:00,19,0.0,6.8270707
2014-12-29,2014-12-29 19:00:00,20,0.0,6.1856127
2014-12-29,2014-12-29 20:00:00,21,0.0,6.092902
2014-12-29,2014-12-29 21:00:00,22,0.0,6.179449
2014-12-29,2014-12-29 22:00:00,23,0.0,6.325258
2014-12-29,2014-12-29 23:00:00,24,0.0,6.577703
2014-12-30,2014-12-30 00:00:00,1,50.62051,3.4415197
2014-12-30,2014-12-30 01:00:00,2,37.55715,27.951374
2014-12-30,2014-12-30 02:00:00,3,37.55715,27.559093
2014-12-30,2014-12-30 03:00:00,4,37.55715,24.865753
2014-12-30,2014-12-30 04:00:00,5,37.55715,26.021767
2014-12-30,2014-12-30 05:00:00,6,34.291313,24.171362
2014-12-30,2014-12-30 06:00:00,7,42.45591,22.971924
2014-12-30,2014-12-30 07:00:00,8,3.2658393,12.079762
2014-12-30,2014-12-30 08:00:00,9,0.0,0.3059187
2014-12-30,2014-12-30 09:00:00,10,0.0,-0.33861256
2014-12-30,2014-12-30 10:00:00,11,0.0,0.13873386
2014-12-30,2014-12-30 11:00:00,12,0.0,-0.12388039
2014-12-30,2014-12-30 12:00:00,13,0.0,0.06364918
2014-12-30,2014-12-30 13:00:00,14,0.0,0.2927618
2014-12-30,2014-12-30 14:00:00,15,0.0,0.25356293
2014-12-30,2014-12-30 15:00:00,16,0.0,0.71858025
2014-12-30,2014-12-30 16:00:00,17,0.0,0.70970535
2014-12-30,2014-12-30 17:00:00,18,0.0,0.38285923
2014-12-30,2014-12-30 18:00:00,19,0.0,0.22502995
2014-12-30,2014-12-30 19:00:00,20,0.0,0.3197422
2014-12-30,2014-12-30 20:00:00,21,0.0,0.106113434
2014-12-30,2014-12-30 21:00:00,22,0.0,0.095274925
2014-12-30,2014-12-30 22:00:00,23,0.0,0.18547916
2014-12-30,2014-12-30 23:00:00,24,0.0,-0.1118927
2014-12-31,2014-12-31 00:00:00,1,57.152187,3.412218
2014-12-31,2014-12-31 01:00:00,2,40.82299,29.451363
2014-12-31,2014-12-31 02:00:00,3,39.19007,30.294037
2014-12-31,2014-12-31 03:00:00,4,40.82299,27.505054
2014-12-31,2014-12-31 04:00:00,5,39.19007,27.859234
2014-12-31,2014-12-31 05:00:00,6,39.19007,27.031494
2014-12-31,2014-12-31 06:00:00,7,52.25343,26.455633
2014-12-31,2014-12-31 07:00:00,8,1.6329197,15.983289
2014-12-31,2014-12-31 08:00:00,9,0.0,3.0386353
2014-12-31,2014-12-31 09:00:00,10,0.0,0.54670334
2014-12-31,2014-12-31 10:00:00,11,0.0,0.3452425
2014-12-31,2014-12-31 11:00:00,12,0.0,-0.019457817
2014-12-31,2014-12-31 12:00:00,13,0.0,-0.058086395
2014-12-31,2014-12-31 13:00:00,14,0.0,0.25302696
2014-12-31,2014-12-31 14:00:00,15,0.0,0.20135307
2014-12-31,2014-12-31 15:00:00,16,0.0,0.58763313
2014-12-31,2014-12-31 16:00:00,17,0.0,0.5990782
2014-12-31,2014-12-31 17:00:00,18,0.0,0.34853363
2014-12-31,2014-12-31 18:00:00,19,0.0,0.24155998
2014-12-31,2014-12-31 19:00:00,20,0.0,0.2875042
2014-12-31,2014-12-31 20:00:00,21,0.0,0.09504604
2014-12-31,2014-12-31 21:00:00,22,62.050945,0.1392374
2014-12-31,2014-12-31 22:00:00,23,45.721752,0.2057333
2014-12-31,2014-12-31 23:00:00,24,44.08883,-0.06507301
