origin,timestamp,lead_hour,actual,prediction
2014-03-14,2014-03-14 00:00:00,1,133.0214,122.461555
2014-03-14,2014-03-14 01:00:00,2,144.75935,122.85901
2014-03-14,2014-03-14 02:00:00,3,71.45722,81.22491
2014-03-14,2014-03-14 03:00:00,4,63.088234,43.993576
2014-03-14,2014-03-14 04:00:00,5,55.40107,42.644867
2014-03-14,2014-03-14 05:00:00,6,67.847595,41.699276
2014-03-14,2014-03-14 06:00:00,7,117.59024,35.905354
2014-03-14,2014-03-14 07:00:00,8,98.46925,37.275475
2014-03-14,2014-03-14 08:00:00,9,87.36965,57.43023
2014-03-14,2014-03-14 09:00:00,10,52.05214,79.917
2014-03-14,2014-03-14 10:00:00,11,64.428474,70.0856
2014-03-14,2014-03-14 11:00:00,12,64.428474,62.884686
2014-03-14,2014-03-14 12:00:00,13,66.0996,65.8472
2014-03-14,2014-03-14 13:00:00,14,55.397728,76.80312
2014-03-14,2014-03-14 14:00:00,15,50.377674,72.47942
2014-03-14,2014-03-14 15:00:00,16,52.05214,81.74122
2014-03-14,2014-03-14 16:00:00,17,55.397728,90.59082
2014-03-14,2014-03-14 17:00:00,18,95.02674,101.56057
2014-03-14,2014-03-14 18:00:00,19,139.05414,123.99924
2014-03-14,2014-03-14 19:00:00,20,145.42781,123.93834
2014-03-14,2014-03-14 20:00:00,21,143.74666,133.37704
2014-03-14,2014-03-14 21:00:00,22,144.75601,128.25919
2014-03-14,2014-03-14 22:00:00,23,130.0,112.977554
2014-03-14,2014-03-14 23:00:00,24,123.28877,133.78769
2014-03-15,2014-03-15 00:00:00,1,117.59024,116.07257
2014-03-15,2014-03-15 01:00:00,2,102.11898,103.22289
2014-03-15,2014-03-15 02:00:00,3,46.02941,55.984783
2014-03-15,2014-03-15 03:00:00,4,43.02139,38.97634
2014-03-15,2014-03-15 04:00:00,5,39.007355,37.36305
2014-03-15,2014-03-15 05:00:00,6,35.65508,29.95816
2014-03-15,2014-03-15 06:00:00,7,31.975267,30.921219
2014-03-15,2014-03-15 07:00:00,8,20.93583,28.11652
2014-03-15,2014-03-15 08:00:00,9,18.930481,29.98005
2014-03-15,2014-03-15 09:00:00,10,18.930481,18.1927
2014-03-15,2014-03-15 10:00:00,11,16.925133,15.695969
2014-03-15,2014-03-15 11:00:00,12,15.92246,11.820164
2014-03-15,2014-03-15 12:00:00,13,15.588235,13.045876
2014-03-15,2014-03-15 13:00:00,14,15.92246,8.916496
2014-03-15,2014-03-15 14:00:00,15,17.927807,11.318192
2014-03-15,2014-03-15 15:00:00,16,18.262032,9.673164
2014-03-15,2014-03-15 16:00:00,17,17.927807,15.15881
2014-03-15,2014-03-15 17:00:00,18,19.933155,22.776054
2014-03-15,2014-03-15 18:00:00,19,20.270721,19.488018
2014-03-15,2014-03-15 19:00:00,20,30.975935,20.395325
2014-03-15,2014-03-15 20:00:00,21,30.975935,27.324589
2014-03-15,2014-03-15 21:00:00,22,30.307487,26.81607
2014-03-15,2014-03-15 22:00:00,23,28.970589,34.798187
2014-03-15,2014-03-15 23:00:00,24,29.639038,29.358086
2014-03-16,2014-03-16 00:00:00,1,29.304813,28.728012
2014-03-16,2014-03-16 01:00:00,2,29.304813,29.725578
2014-03-16,2014-03-16 02:00:00,3,29.973263,32.279774
2014-03-16,2014-03-16 03:00:00,4,29.304813,27.792854
2014-03-16,2014-03-16 04:00:00,5,31.644384,27.659775
2014-03-16,2014-03-16 05:00:00,6,31.97861,25.239964
2014-03-16,2014-03-16 06:00:00,7,29.639038,23.153034
2014-03-16,2014-03-16 07:00:00,8,24.291445,20.36761
2014-03-16,2014-03-16 08:00:00,9,20.270721,17.434456
2014-03-16,2014-03-16 09:00:00,10,18.930481,19.58599
2014-03-16,2014-03-16 10:00:00,11,18.262032,17.741596
2014-03-16,2014-03-16 11:00:00,12,18.596256,16.033894
2014-03-16,2014-03-16 12:00:00,13,17.927807,15.306141
2014-03-16,2014-03-16 13:00:00,14,16.925133,14.181343
2014-03-16,2014-03-16 14:00:00,15,18.262032,15.152794
2014-03-16,2014-03-16 15:00:00,16,18.930481,15.607613
2014-03-16,2014-03-16 16:00:00,17,18.596256,18.954826
2014-03-16,2014-03-16 17:00:00,18,19.264706,21.22123
2014-03-16,2014-03-16 18:00:00,19,20.26738,22.996838
2014-03-16,2014-03-16 19:00:00,20,32.312836,24.82788
2014-03-16,2014-03-16 20:00:00,21,30.975935,26.514702
2014-03-16,2014-03-16 21:00:00,22,30.975935,29.309086
2014-03-16,2014-03-16 22:00:00,23,29.973263,28.564606
2014-03-16,2014-03-16 23:00:00,24,29.973263,30.579575
2014-03-17,2014-03-17 00:00:00,1,30.307487,30.230846
2014-03-17,2014-03-17 01:00:00,2,30.307487,28.407066
2014-03-17,2014-03-17 02:00:00,3,30.64171,31.761898
2014-03-17,2014-03-17 03:00:00,4,30.307487,30.693314
2014-03-17,2014-03-17 04:00:00,5,31.97861,31.941334
2014-03-17,2014-03-17 05:00:00,6,51.447193,31.1623
2014-03-17,2014-03-17 06:00:00,7,103.84024,30.809082
2014-03-17,2014-03-17 07:00:00,8,93.77674,58.228058
2014-03-17,2014-03-17 08:00:00,9,73.579544,73.26788
2014-03-17,2014-03-17 09:00:00,10,57.072193,103.78579
2014-03-17,2014-03-17 10:00:00,11,55.066845,102.72521
2014-03-17,2014-03-17 11:00:00,12,65.76537,101.467445
2014-03-17,2014-03-17 12:00:00,13,62.419785,99.86301
2014-03-17,2014-03-17 13:00:00,14,56.403744,100.74975
2014-03-17,2014-03-17 14:00:00,15,58.409092,106.58702
2014-03-17,2014-03-17 15:00:00,16,54.73262,116.018814
2014-03-17,2014-03-17 16:00:00,17,53.389038,129.4774
2014-03-17,2014-03-17 17:00:00,18,63.760025,145.07014
2014-03-17,2014-03-17 18:00:00,19,142.40976,163.27634
2014-03-17,2014-03-17 19:00:00,20,152.47327,176.42801
2014-03-17,2014-03-17 20:00:00,21,144.08423,168.16522
2014-03-17,2014-03-17 21:00:00,22,85.2607,166.43808
2014-03-17,2014-03-17 22:00:00,23,129.99666,154.51006
2014-03-17,2014-03-17 23:00:00,24,129.32486,162.30882
2014-03-18,2014-03-18 00:00:00,1,130.33423,115.44988
2014-03-18,2014-03-18 01:00:00,2,135.3643,104.35993
2014-03-18,2014-03-18 02:00:00,3,99.06417,71.734604
2014-03-18,2014-03-18 03:00:00,4,59.411766,70.867065
2014-03-18,2014-03-18 04:00:00,5,56.73797,71.06676
2014-03-18,2014-03-18 05:00:00,6,67.85094,52.595604
2014-03-18,2014-03-18 06:00:00,7,116.91845,69.23616
2014-03-18,2014-03-18 07:00:00,8,100.48463,81.382225
2014-03-18,2014-03-18 08:00:00,9,86.03275,100.09117
2014-03-18,2014-03-18 09:00:00,10,52.386364,102.50164
2014-03-18,2014-03-18 10:00:00,11,57.740643,84.95504
2014-03-18,2014-03-18 11:00:00,12,63.756683,87.413284
2014-03-18,2014-03-18 12:00:00,13,66.10294,65.75613
2014-03-18,2014-03-18 13:00:00,14,59.749332,58.44996
2014-03-18,2014-03-18 14:00:00,15,67.443184,66.19047
2014-03-18,2014-03-18 15:00:00,16,79.14439,48.96879
2014-03-18,2014-03-18 16:00:00,17,73.12834,81.32978
2014-03-18,2014-03-18 17:00:00,18,84.91644,94.91312
2014-03-18,2014-03-18 18:00:00,19,136.70789,116.78643
2014-03-18,2014-03-18 19:00:00,20,151.12634,137.21056
2014-03-18,2014-03-18 20:00:00,21,140.06017,120.30815
2014-03-18,2014-03-18 21:00:00,22,141.06618,113.45157
2014-03-18,2014-03-18 22:00:00,23,130.0,121.31224
2014-03-18,2014-03-18 23:00:00,24,127.64706,123.64593
2014-03-19,2014-03-19 00:00:00,1,127.6504,115.44764
2014-03-19,2014-03-19 01:00:00,2,143.75334,93.86877
2014-03-19,2014-03-19 02:00:00,3,86.731285,54.85669
2014-03-19,2014-03-19 03:00:00,4,80.48463,49.920868
2014-03-19,2014-03-19 04:00:00,5,72.12233,46.654625
2014-03-19,2014-03-19 05:00:00,6,77.556816,45.77775
2014-03-19,2014-03-19 06:00:00,7,125.300804,43.268356
2014-03-19,2014-03-19 07:00:00,8,108.536095,54.002487
2014-03-19,2014-03-19 08:00:00,9,104.50869,86.06865
2014-03-19,2014-03-19 09:00:00,10,57.406418,73.8264
2014-03-19,2014-03-19 10:00:00,11,63.42246,71.728836
2014-03-19,2014-03-19 11:00:00,12,84.00401,70.29518
2014-03-19,2014-03-19 12:00:00,13,93.77674,65.76565
2014-03-19,2014-03-19 13:00:00,14,86.67781,62.468464
2014-03-19,2014-03-19 14:00:00,15,77.14238,70.946945
2014-03-19,2014-03-19 15:00:00,16,68.77674,81.37279
2014-03-19,2014-03-19 16:00:00,17,66.10294,92.80173
2014-03-19,2014-03-19 17:00:00,18,60.080215,107.68998
2014-03-19,2014-03-19 18:00:00,19,101.7881,128.58052
2014-03-19,2014-03-19 19:00:00,20,145.76204,142.14621
2014-03-19,2014-03-19 20:00:00,21,143.75,155.52951
2014-03-19,2014-03-19 21:00:00,22,134.69586,138.18582
2014-03-19,2014-03-19 22:00:00,23,133.35562,146.69217
2014-03-19,2014-03-19 23:00:00,24,131.67447,135.44495
2014-03-20,2014-03-20 00:00:00,1,127.981285,124.62088
2014-03-20,2014-03-20 01:00:00,2,126.641045,117.65776
2014-03-20,2014-03-20 02:00:00,3,57.406418,70.80087
2014-03-20,2014-03-20 03:00:00,4,52.048798,72.42555
2014-03-20,2014-03-20 04:00:00,5,48.368984,68.11803
2014-03-20,2014-03-20 05:00:00,6,65.50802,60.837166
2014-03-20,2014-03-20 06:00:00,7,115.57487,67.8912
2014-03-20,2014-03-20 07:00:00,8,101.82821,63.683243
2014-03-20,2014-03-20 08:00:00,9,105.80214,102.97801
2014-03-20,2014-03-20 09:00:00,10,54.395054,100.36004
2014-03-20,2014-03-20 10:00:00,11,49.037434,89.7029
2014-03-20,2014-03-20 11:00:00,12,58.071526,93.53818
2014-03-20,2014-03-20 12:00:00,13,69.78275,78.38566
2014-03-20,2014-03-20 13:00:00,14,65.096924,66.40536
2014-03-20,2014-03-20 14:00:00,15,72.45989,72.84602
2014-03-20,2014-03-20 15:00:00,16,86.96858,69.54904
2014-03-20,2014-03-20 16:00:00,17,90.42447,88.63032
2014-03-20,2014-03-20 17:00:00,18,107.86096,99.035965
2014-03-20,2014-03-20 18:00:00,19,156.49399,119.89276
2014-03-20,2014-03-20 19:00:00,20,172.49666,142.45717
2014-03-20,2014-03-20 20:00:00,21,171.66444,158.34851
2014-03-20,2014-03-20 21:00:00,22,169.9599,137.54718
2014-03-20,2014-03-20 22:00:00,23,147.77406,141.82475
2014-03-20,2014-03-20 23:00:00,24,138.3857,135.15292
2014-03-21,2014-03-21 00:00:00,1,136.37032,134.6966
2014-03-21,2014-03-21 01:00:00,2,127.6504,121.77799
2014-03-21,2014-03-21 02:00:00,3,126.31016,71.16508
2014-03-21,2014-03-21 03:00:00,4,114.85294,53.097725
2014-03-21,2014-03-21 04:00:00,5,63.42246,49.28042
2014-03-21,2014-03-21 05:00:00,6,80.571526,47.9603
2014-03-21,2014-03-21 06:00:00,7,122.286095,43.859055
2014-03-21,2014-03-21 07:00:00,8,103.50602,47.016632
2014-03-21,2014-03-21 08:00:00,9,107.19251,86.043205
2014-03-21,2014-03-21 09:00:00,10,111.88837,86.35263
2014-03-21,2014-03-21 10:00:00,11,89.66578,75.792435
2014-03-21,2014-03-21 11:00:00,12,71.45722,68.88462
2014-03-21,2014-03-21 12:00:00,13,79.48529,68.66733
2014-03-21,2014-03-21 13:00:00,14,90.658424,71.39794
2014-03-21,2014-03-21 14:00:00,15,101.78476,71.907486
2014-03-21,2014-03-21 15:00:00,16,96.69452,82.61436
2014-03-21,2014-03-21 16:00:00,17,122.62032,92.18758
2014-03-21,2014-03-21 17:00:00,18,143.75,106.78048
2014-03-21,2014-03-21 18:00:00,19,154.14772,127.67092
2014-03-21,2014-03-21 19:00:00,20,159.51204,139.0199
2014-03-21,2014-03-21 20:00:00,21,163.54279,153.24133
2014-03-21,2014-03-21 21:00:00,22,101.72126,136.35045
2014-03-21,2014-03-21 22:00:00,23,139.05414,142.965
2014-03-21,2014-03-21 23:00:00,24,139.72594,139.76001
2014-03-22,2014-03-22 00:00:00,1,130.66844,124.28298
2014-03-22,2014-03-22 01:00:00,2,116.53743,103.409805
2014-03-22,2014-03-22 02:00:00,3,60.748665,70.74277
2014-03-22,2014-03-22 03:00:00,4,53.39238,63.859882
2014-03-22,2014-03-22 04:00:00,5,49.037434,64.384476
2014-03-22,2014-03-22 05:00:00,6,42.018715,55.049217
2014-03-22,2014-03-22 06:00:00,7,34.993317,49.773277
2014-03-22,2014-03-22 07:00:00,8,24.95655,42.206264
2014-03-22,2014-03-22 08:00:00,9,20.26738,39.34688
2014-03-22,2014-03-22 09:00:00,10,20.26738,35.12313
2014-03-22,2014-03-22 10:00:00,11,18.930481,37.230648
2014-03-22,2014-03-22 11:00:00,12,18.596256,41.39904
2014-03-22,2014-03-22 12:00:00,13,17.927807,40.563038
2014-03-22,2014-03-22 13:00:00,14,18.596256,36.18078
2014-03-22,2014-03-22 14:00:00,15,17.927807,41.871315
2014-03-22,2014-03-22 15:00:00,16,18.930481,41.064888
2014-03-22,2014-03-22 16:00:00,17,19.59893,44.409416
2014-03-22,2014-03-22 17:00:00,18,19.59893,45.963318
2014-03-22,2014-03-22 18:00:00,19,20.93583,48.380493
2014-03-22,2014-03-22 19:00:00,20,32.64706,52.009216
2014-03-22,2014-03-22 20:00:00,21,31.97861,55.215664
2014-03-22,2014-03-22 21:00:00,22,32.312836,55.180344
2014-03-22,2014-03-22 22:00:00,23,30.975935,57.055523
2014-03-22,2014-03-22 23:00:00,24,30.975935,57.26334
2014-03-23,2014-03-23 00:00:00,1,31.31016,30.210812
2014-03-23,2014-03-23 01:00:00,2,30.975935,31.04179
2014-03-23,2014-03-23 02:00:00,3,31.644384,33.612766
2014-03-23,2014-03-23 03:00:00,4,33.649734,29.701885
2014-03-23,2014-03-23 04:00:00,5,33.31551,29.438602
2014-03-23,2014-03-23 05:00:00,6,33.983955,27.190262
2014-03-23,2014-03-23 06:00:00,7,32.64706,25.046165
2014-03-23,2014-03-23 07:00:00,8,24.288101,22.334911
2014-03-23,2014-03-23 08:00:00,9,23.282085,19.4239
2014-03-23,2014-03-23 09:00:00,10,20.93583,21.145493
2014-03-23,2014-03-23 10:00:00,11,19.264706,19.355595
2014-03-23,2014-03-23 11:00:00,12,18.262032,17.983494
2014-03-23,2014-03-23 12:00:00,13,17.927807,17.369015
2014-03-23,2014-03-23 13:00:00,14,17.927807,16.04094
2014-03-23,2014-03-23 14:00:00,15,17.927807,17.166779
2014-03-23,2014-03-23 15:00:00,16,18.596256,17.240292
2014-03-23,2014-03-23 16:00:00,17,19.264706,20.33007
2014-03-23,2014-03-23 17:00:00,18,20.93583,22.494717
2014-03-23,2014-03-23 18:00:00,19,21.270054,24.95108
2014-03-23,2014-03-23 19:00:00,20,32.312836,27.279785
2014-03-23,2014-03-23 20:00:00,21,31.644384,28.593903
2014-03-23,2014-03-23 21:00:00,22,31.97861,31.4856
2014-03-23,2014-03-23 22:00:00,23,30.975935,31.076717
2014-03-23,2014-03-23 23:00:00,24,30.975935,31.983063
2014-03-24,2014-03-24 00:00:00,1,30.975935,31.25404
2014-03-24,2014-03-24 01:00:00,2,30.975935,28.852043
2014-03-24,2014-03-24 02:00:00,3,30.64171,32.405834
2014-03-24,2014-03-24 03:00:00,4,30.975935,30.784039
2014-03-24,2014-03-24 04:00:00,5,32.64706,33.69884
2014-03-24,2014-03-24 05:00:00,6,52.45321,32.291996
2014-03-24,2014-03-24 06:00:00,7,105.51805,31.114933
2014-03-24,2014-03-24 07:00:00,8,92.77072,58.257988
2014-03-24,2014-03-24 08:00:00,9,95.0635,73.08905
2014-03-24,2014-03-24 09:00:00,10,75.5381,105.18559
2014-03-24,2014-03-24 10:00:00,11,113.90374,103.468155
2014-03-24,2014-03-24 11:00:00,12,118.25869,104.0122
2014-03-24,2014-03-24 12:00:00,13,92.35294,103.32588
2014-03-24,2014-03-24 13:00:00,14,65.768715,102.82408
2014-03-24,2014-03-24 14:00:00,15,67.43984,108.37473
2014-03-24,2014-03-24 15:00:00,16,85.34091,118.29297
2014-03-24,2014-03-24 16:00:00,17,104.17447,131.63239
2014-03-24,2014-03-24 17:00:00,18,110.87901,145.76637
2014-03-24,2014-03-24 18:00:00,19,149.7861,164.38916
2014-03-24,2014-03-24 19:00:00,20,163.20522,179.04059
2014-03-24,2014-03-24 20:00:00,21,157.16577,170.9182
2014-03-24,2014-03-24 21:00:00,22,99.70922,168.57515
2014-03-24,2014-03-24 22:00:00,23,135.03008,153.73618
2014-03-24,2014-03-24 23:00:00,24,128.99065,165.2031
2014-03-25,2014-03-25 00:00:00,1,127.31618,97.60122
2014-03-25,2014-03-25 01:00:00,2,127.98463,58.709805
2014-03-25,2014-03-25 02:00:00,3,54.398396,52.999798
2014-03-25,2014-03-25 03:00:00,4,52.72059,52.231598
2014-03-25,2014-03-25 04:00:00,5,50.04345,42.431877
2014-03-25,2014-03-25 05:00:00,6,65.1738,50.60225
2014-03-25,2014-03-25 06:00:00,7,113.9004,64.51312
2014-03-25,2014-03-25 07:00:00,8,103.50267,99.61193
2014-03-25,2014-03-25 08:00:00,9,89.66243,85.58415
2014-03-25,2014-03-25 09:00:00,10,68.10829,84.70075
2014-03-25,2014-03-25 10:00:00,11,64.428474,85.36759
2014-03-25,2014-03-25 11:00:00,12,63.4258,78.1701
2014-03-25,2014-03-25 12:00:00,13,62.75401,71.918396
2014-03-25,2014-03-25 13:00:00,14,59.411766,78.169624
2014-03-25,2014-03-25 14:00:00,15,64.428474,83.79298
2014-03-25,2014-03-25 15:00:00,16,100.43115,89.838234
2014-03-25,2014-03-25 16:00:00,17,57.406418,107.76072
2014-03-25,2014-03-25 17:00:00,18,103.12166,135.933
2014-03-25,2014-03-25 18:00:00,19,132.34625,157.48282
2014-03-25,2014-03-25 19:00:00,20,139.39171,166.05832
2014-03-25,2014-03-25 20:00:00,21,134.02406,133.67036
2014-03-25,2014-03-25 21:00:00,22,84.92981,140.07684
2014-03-25,2014-03-25 22:00:00,23,128.32219,138.45102
2014-03-25,2014-03-25 23:00:00,24,132.01204,133.33487
2014-03-26,2014-03-26 00:00:00,1,130.66844,111.40876
2014-03-26,2014-03-26 01:00:00,2,135.69853,74.96701
2014-03-26,2014-03-26 02:00:00,3,75.46791,50.712193
2014-03-26,2014-03-26 03:00:00,4,68.78008,51.405716
2014-03-26,2014-03-26 04:00:00,5,63.756683,50.163193
2014-03-26,2014-03-26 05:00:00,6,76.554146,49.01513
2014-03-26,2014-03-26 06:00:00,7,117.25267,44.708923
2014-03-26,2014-03-26 07:00:00,8,99.475266,69.52018
2014-03-26,2014-03-26 08:00:00,9,76.527405,89.01516
2014-03-26,2014-03-26 09:00:00,10,74.79947,76.943
2014-03-26,2014-03-26 10:00:00,11,75.80548,78.16721
2014-03-26,2014-03-26 11:00:00,12,69.78275,75.5034
2014-03-26,2014-03-26 12:00:00,13,69.44853,67.499794
2014-03-26,2014-03-26 13:00:00,14,64.09425,63.246796
2014-03-26,2014-03-26 14:00:00,15,70.12032,73.48906
2014-03-26,2014-03-26 15:00:00,16,79.2012,81.10748
2014-03-26,2014-03-26 16:00:00,17,91.707886,99.05141
2014-03-26,2014-03-26 17:00:00,18,76.47393,116.039825
2014-03-26,2014-03-26 18:00:00,19,124.632355,139.04814
2014-03-26,2014-03-26 19:00:00,20,153.13837,152.82086
2014-03-26,2014-03-26 20:00:00,21,140.73195,139.9954
2014-03-26,2014-03-26 21:00:00,22,77.56016,126.70309
2014-03-26,2014-03-26 22:00:00,23,127.31618,136.09695
2014-03-26,2014-03-26 23:00:00,24,122.62032,138.11906
2014-03-27,2014-03-27 00:00:00,1,123.292114,113.94035
2014-03-27,2014-03-27 01:00:00,2,125.64171,94.44539
2014-03-27,2014-03-27 02:00:00,3,99.06083,57.570858
2014-03-27,2014-03-27 03:00:00,4,60.080215,59.018703
2014-03-27,2014-03-27 04:00:00,5,56.73797,57.09346
2014-03-27,2014-03-27 05:00:00,6,70.53476,55.550545
2014-03-27,2014-03-27 06:00:00,7,118.26203,50.920834
2014-03-27,2014-03-27 07:00:00,8,106.1865,61.339756
2014-03-27,2014-03-27 08:00:00,9,90.367645,96.030624
2014-03-27,2014-03-27 09:00:00,10,96.12299,83.44792
2014-03-27,2014-03-27 10:00:00,11,93.43917,83.572754
2014-03-27,2014-03-27 11:00:00,12,79.53877,82.61782
2014-03-27,2014-03-27 12:00:00,13,105.84893,78.97582
2014-03-27,2014-03-27 13:00:00,14,105.84893,72.81693
2014-03-27,2014-03-27 14:00:00,15,105.84893,80.15039
2014-03-27,2014-03-27 15:00:00,16,120.27406,87.37036
2014-03-27,2014-03-27 16:00:00,17,148.11163,99.14867
2014-03-27,2014-03-27 17:00:00,18,171.1464,116.03722
2014-03-27,2014-03-27 18:00:00,19,175.70856,137.57187
2014-03-27,2014-03-27 19:00:00,20,164.06752,146.72937
2014-03-27,2014-03-27 20:00:00,21,153.81017,147.2144
2014-03-27,2014-03-27 21:00:00,22,98.9873,119.71508
2014-03-27,2014-03-27 22:00:00,23,137.71724,140.29382
2014-03-27,2014-03-27 23:00:00,24,137.7139,133.52165
2014-03-28,2014-03-28 00:00:00,1,134.02406,122.56697
2014-03-28,2014-03-28 01:00:00,2,124.632355,77.83361
2014-03-28,2014-03-28 02:00:00,3,64.09425,63.292374
2014-03-28,2014-03-28 03:00:00,4,58.074867,63.48437
2014-03-28,2014-03-28 04:00:00,5,55.735294,61.756786
2014-03-28,2014-03-28 05:00:00,6,67.85094,58.608696
2014-03-28,2014-03-28 06:00:00,7,115.57487,53.98182
2014-03-28,2014-03-28 07:00:00,8,99.812836,93.56828
2014-03-28,2014-03-28 08:00:00,9,105.85227,99.031
2014-03-28,2014-03-28 09:00:00,10,91.661095,90.49771
2014-03-28,2014-03-28 10:00:00,11,70.11698,91.19091
2014-03-28,2014-03-28 11:00:00,12,56.734627,86.349594
2014-03-28,2014-03-28 12:00:00,13,52.383022,80.05502
2014-03-28,2014-03-28 13:00:00,14,63.429146,82.84649
2014-03-28,2014-03-28 14:00:00,15,88.402405,90.32226
2014-03-28,2014-03-28 15:00:00,16,42.683823,96.52292
2014-03-28,2014-03-28 16:00:00,17,97.71056,119.3927
2014-03-28,2014-03-28 17:00:00,18,80.87901,134.82018
2014-03-28,2014-03-28 18:00:00,19,126.306816,150.15479
2014-03-28,2014-03-28 19:00:00,20,151.4639,151.65561
2014-03-28,2014-03-28 20:00:00,21,141.06952,109.1053
2014-03-28,2014-03-28 21:00:00,22,80.24064,108.50802
2014-03-28,2014-03-28 22:00:00,23,127.65374,127.32061
2014-03-28,2014-03-28 23:00:00,24,126.97861,130.39526
2014-03-29,2014-03-29 00:00:00,1,125.300804,109.53377
2014-03-29,2014-03-29 01:00:00,2,128.99399,88.81518
2014-03-29,2014-03-29 02:00:00,3,93.024734,52.570656
2014-03-29,2014-03-29 03:00:00,4,57.740643,46.863983
2014-03-29,2014-03-29 04:00:00,5,52.72393,48.568985
2014-03-29,2014-03-29 05:00:00,6,46.02941,40.175327
2014-03-29,2014-03-29 06:00:00,7,35.661766,36.505516
2014-03-29,2014-03-29 07:00:00,8,27.967915,33.331753
2014-03-29,2014-03-29 08:00:00,9,20.604946,31.248486
2014-03-29,2014-03-29 09:00:00,10,19.59893,25.92876
2014-03-29,2014-03-29 10:00:00,11,17.593582,24.024837
2014-03-29,2014-03-29 11:00:00,12,17.593582,28.322254
2014-03-29,2014-03-29 12:00:00,13,19.264706,23.62664
2014-03-29,2014-03-29 13:00:00,14,17.927807,18.193504
2014-03-29,2014-03-29 14:00:00,15,17.259357,24.890331
2014-03-29,2014-03-29 15:00:00,16,18.930481,25.421886
2014-03-29,2014-03-29 16:00:00,17,19.264706,29.658009
2014-03-29,2014-03-29 17:00:00,18,19.59893,33.491364
2014-03-29,2014-03-29 18:00:00,19,20.601604,34.227226
2014-03-29,2014-03-29 19:00:00,20,30.307487,37.29044
2014-03-29,2014-03-29 20:00:00,21,31.644384,37.517803
2014-03-29,2014-03-29 21:00:00,22,31.97861,40.130577
2014-03-29,2014-03-29 22:00:00,23,30.307487,43.418365
2014-03-29,2014-03-29 23:00:00,24,30.307487,42.109203
2014-04-14,2014-04-14 00:00:00,1,31.644384,39.22608
2014-04-14,2014-04-14 01:00:00,2,32.312836,37.392067
2014-04-14,2014-04-14 02:00:00,3,31.97861,44.41073
2014-04-14,2014-04-14 03:00:00,4,32.312836,30.00602
2014-04-14,2014-04-14 04:00:00,5,32.312836,35.11954
2014-04-14,2014-04-14 05:00:00,6,43.352272,29.796913
2014-04-14,2014-04-14 06:00:00,7,72.79412,14.856888
2014-04-14,2014-04-14 07:00:00,8,72.79746,37.44313
2014-04-14,2014-04-14 08:00:00,9,81.82487,26.308998
2014-04-14,2014-04-14 09:00:00,10,83.89037,51.21395
2014-04-14,2014-04-14 10:00:00,11,53.385696,54.783417
2014-04-14,2014-04-14 11:00:00,12,51.38035,50.460827
2014-04-14,2014-04-14 12:00:00,13,57.072193,66.04143
2014-04-14,2014-04-14 13:00:00,14,56.403744,66.00118
2014-04-14,2014-04-14 14:00:00,15,61.758022,78.39756
2014-04-14,2014-04-14 15:00:00,16,61.420456,78.11544
2014-04-14,2014-04-14 16:00:00,17,49.037434,83.87205
2014-04-14,2014-04-14 17:00:00,18,56.73797,88.785645
2014-04-14,2014-04-14 18:00:00,19,87.312836,92.88761
2014-04-14,2014-04-14 19:00:00,20,109.207886,113.08299
2014-04-14,2014-04-14 20:00:00,21,114.23463,106.44765
2014-04-14,2014-04-14 21:00:00,22,80.89572,110.60499
2014-04-14,2014-04-14 22:00:00,23,94.78275,97.5607
2014-04-14,2014-04-14 23:00:00,24,89.74933,102.71262
2014-04-15,2014-04-15 00:00:00,1,88.74666,82.49572
2014-04-15,2014-04-15 01:00:00,2,96.45722,66.683105
2014-04-15,2014-04-15 02:00:00,3,77.88102,53.177418
2014-04-15,2014-04-15 03:00:00,4,58.743317,55.355217
2014-04-15,2014-04-15 04:00:00,5,53.39238,50.461086
2014-04-15,2014-04-15 05:00:00,6,59.134357,45.402447
2014-04-15,2014-04-15 06:00:00,7,82.55013,55.757805
2014-04-15,2014-04-15 07:00:00,8,73.46257,73.28705
2014-04-15,2014-04-15 08:00:00,9,71.45388,79.13991
2014-04-15,2014-04-15 09:00:00,10,56.73797,77.12697
2014-04-15,2014-04-15 10:00:00,11,56.06952,79.51596
2014-04-15,2014-04-15 11:00:00,12,57.406418,77.52194
2014-04-15,2014-04-15 12:00:00,13,60.748665,64.761375
2014-04-15,2014-04-15 13:00:00,14,57.7373,62.885628
2014-04-15,2014-04-15 14:00:00,15,68.77674,76.043
2014-04-15,2014-04-15 15:00:00,16,79.53543,66.96504
2014-04-15,2014-04-15 16:00:00,17,80.20722,77.30455
2014-04-15,2014-04-15 17:00:00,18,79.47861,93.01931
2014-04-15,2014-04-15 18:00:00,19,89.98329,116.24077
2014-04-15,2014-04-15 19:00:00,20,120.27072,136.55226
2014-04-15,2014-04-15 20:00:00,21,115.57821,122.71059
2014-04-15,2014-04-15 21:00:00,22,77.20922,114.739006
2014-04-15,2014-04-15 22:00:00,23,97.800804,117.00537
2014-04-15,2014-04-15 23:00:00,24,93.77674,104.31284
2014-04-16,2014-04-16 00:00:00,1,93.77674,80.60789
2014-04-16,2014-04-16 01:00:00,2,91.76471,57.761124
2014-04-16,2014-04-16 02:00:00,3,113.9004,40.441364
2014-04-16,2014-04-16 03:00:00,4,63.756683,42.132263
2014-04-16,2014-04-16 04:00:00,5,58.743317,42.627357
2014-04-16,2014-04-16 05:00:00,6,65.82888,38.92981
2014-04-16,2014-04-16 06:00:00,7,87.35294,36.707554
2014-04-16,2014-04-16 07:00:00,8,79.81952,62.460487
2014-04-16,2014-04-16 08:00:00,9,80.1504,74.39869
2014-04-16,2014-04-16 09:00:00,10,76.18984,64.4418
2014-04-16,2014-04-16 10:00:00,11,67.43984,68.67339
2014-04-16,2014-04-16 11:00:00,12,67.43984,67.55741
2014-04-16,2014-04-16 12:00:00,13,63.09158,66.76396
2014-04-16,2014-04-16 13:00:00,14,53.389038,69.649895
2014-04-16,2014-04-16 14:00:00,15,63.4258,74.16638
2014-04-16,2014-04-16 15:00:00,16,76.13636,80.60853
2014-04-16,2014-04-16 16:00:00,17,71.45388,93.73308
2014-04-16,2014-04-16 17:00:00,18,73.12834,103.890465
2014-04-16,2014-04-16 18:00:00,19,78.81016,122.27716
2014-04-16,2014-04-16 19:00:00,20,76.53409,126.35627
2014-04-16,2014-04-16 20:00:00,21,101.49064,118.98282
2014-04-16,2014-04-16 21:00:00,22,68.50602,109.51547
2014-04-16,2014-04-16 22:00:00,23,92.77072,121.31273
2014-04-16,2014-04-16 23:00:00,24,86.00936,111.650604
2014-04-17,2014-04-17 00:00:00,1,83.221924,79.91542
2014-04-17,2014-04-17 01:00:00,2,82.88436,66.79308
2014-04-17,2014-04-17 02:00:00,3,68.43917,45.931664
2014-04-17,2014-04-17 03:00:00,4,63.756683,50.520386
2014-04-17,2014-04-17 04:00:00,5,57.406418,52.42202
2014-04-17,2014-04-17 05:00:00,6,61.143047,51.556656
2014-04-17,2014-04-17 06:00:00,7,89.027405,48.67697
2014-04-17,2014-04-17 07:00:00,8,75.13369,67.52043
2014-04-17,2014-04-17 08:00:00,9,70.4512,87.02879
2014-04-17,2014-04-17 09:00:00,10,43.355614,75.60694
2014-04-17,2014-04-17 10:00:00,11,42.35294,82.611465
2014-04-17,2014-04-17 11:00:00,12,54.395054,80.06722
2014-04-17,2014-04-17 12:00:00,13,53.389038,78.47033
2014-04-17,2014-04-17 13:00:00,14,45.026737,85.36689
2014-04-17,2014-04-17 14:00:00,15,37.33289,89.21944
2014-04-17,2014-04-17 15:00:00,16,45.695187,94.07521
2014-04-17,2014-04-17 16:00:00,17,48.70655,104.03787
2014-04-17,2014-04-17 17:00:00,18,56.066177,114.34273
2014-04-17,2014-04-17 18:00:00,19,57.740643,126.120575
2014-04-17,2014-04-17 19:00:00,20,59.415108,127.50133
2014-04-17,2014-04-17 20:00:00,21,88.30214,132.14456
2014-04-17,2014-04-17 21:00:00,22,66.838234,118.91884
2014-04-17,2014-04-17 22:00:00,23,95.78877,132.27441
2014-04-17,2014-04-17 23:00:00,24,95.12032,128.28659
2014-04-18,2014-04-18 00:00:00,1,94.44853,76.21368
2014-04-18,2014-04-18 01:00:00,2,126.98195,63.63477
2014-04-18,2014-04-18 02:00:00,3,101.821526,48.573425
2014-04-18,2014-04-18 03:00:00,4,89.41511,47.07109
2014-04-18,2014-04-18 04:00:00,5,74.46858,46.50007
2014-04-18,2014-04-18 05:00:00,6,67.83422,47.488014
2014-04-18,2014-04-18 06:00:00,7,89.411766,42.06821
2014-04-18,2014-04-18 07:00:00,8,74.46524,44.686882
2014-04-18,2014-04-18 08:00:00,9,74.79947,48.857567
2014-04-18,2014-04-18 09:00:00,10,80.87901,51.565834
2014-04-18,2014-04-18 10:00:00,11,75.24398,61.89505
2014-04-18,2014-04-18 11:00:00,12,69.44519,57.726936
2014-04-18,2014-04-18 12:00:00,13,75.46791,55.56836
2014-04-18,2014-04-18 13:00:00,14,67.77406,55.41181
2014-04-18,2014-04-18 14:00:00,15,59.07754,65.65437
2014-04-18,2014-04-18 15:00:00,16,53.054813,72.29267
2014-04-18,2014-04-18 16:00:00,17,50.377674,74.13665
2014-04-18,2014-04-18 17:00:00,18,60.752007,77.19319
2014-04-18,2014-04-18 18:00:00,19,61.751335,83.57113
2014-04-18,2014-04-18 19:00:00,20,74.53209,82.92309
2014-04-18,2014-04-18 20:00:00,21,144.75601,79.5005
2014-04-18,2014-04-18 21:00:00,22,86.91845,76.094864
2014-04-18,2014-04-18 22:00:00,23,114.90976,82.11706
2014-04-18,2014-04-18 23:00:00,24,109.53877,80.49055
2014-04-19,2014-04-19 00:00:00,1,104.17447,108.85982
2014-04-19,2014-04-19 01:00:00,2,96.74131,106.139114
2014-04-19,2014-04-19 02:00:00,3,49.375,109.55968
2014-04-19,2014-04-19 03:00:00,4,42.687164,92.02396
2014-04-19,2014-04-19 04:00:00,5,38.67313,84.788734
2014-04-19,2014-04-19 05:00:00,6,35.989304,87.0163
2014-04-19,2014-04-19 06:00:00,7,33.983955,76.88537
2014-04-19,2014-04-19 07:00:00,8,22.94786,96.19185
2014-04-19,2014-04-19 08:00:00,9,22.94786,89.46086
2014-04-19,2014-04-19 09:00:00,10,21.938503,111.995926
2014-04-19,2014-04-19 10:00:00,11,23.953876,107.55472
2014-04-19,2014-04-19 11:00:00,12,21.270054,107.42299
2014-04-19,2014-04-19 12:00:00,13,20.601604,102.51511
2014-04-19,2014-04-19 13:00:00,14,19.933155,97.50562
2014-04-19,2014-04-19 14:00:00,15,20.26738,113.94859
2014-04-19,2014-04-19 15:00:00,16,20.26738,114.132355
2014-04-19,2014-04-19 16:00:00,17,21.60762,116.23228
2014-04-19,2014-04-19 17:00:00,18,22.613636,128.82797
2014-04-19,2014-04-19 18:00:00,19,23.619652,140.65805
2014-04-19,2014-04-19 19:00:00,20,23.282085,156.42389
2014-04-19,2014-04-19 20:00:00,21,30.975935,145.54312
2014-04-19,2014-04-19 21:00:00,22,34.31818,171.14435
2014-04-19,2014-04-19 22:00:00,23,34.652405,153.03519
2014-04-19,2014-04-19 23:00:00,24,32.981285,155.4055
2014-04-20,2014-04-20 00:00:00,1,33.31551,30.862679
2014-04-20,2014-04-20 01:00:00,2,33.649734,28.39175
2014-04-20,2014-04-20 02:00:00,3,37.66711,29.695225
2014-04-20,2014-04-20 03:00:00,4,36.661095,27.683002
2014-04-20,2014-04-20 04:00:00,5,34.31818,26.717407
2014-04-20,2014-04-20 05:00:00,6,35.65508,24.251427
2014-04-20,2014-04-20 06:00:00,7,36.32353,21.87352
2014-04-20,2014-04-20 07:00:00,8,33.653076,21.67228
2014-04-20,2014-04-20 08:00:00,9,25.962566,20.15551
2014-04-20,2014-04-20 09:00:00,10,23.282085,19.238686
2014-04-20,2014-04-20 10:00:00,11,23.950535,18.470173
2014-04-20,2014-04-20 11:00:00,12,22.279411,17.251297
2014-04-20,2014-04-20 12:00:00,13,21.270054,19.667969
2014-04-20,2014-04-20 13:00:00,14,20.93583,18.182667
2014-04-20,2014-04-20 14:00:00,15,21.945187,22.059097
2014-04-20,2014-04-20 15:00:00,16,22.279411,21.850529
2014-04-20,2014-04-20 16:00:00,17,22.951202,23.790524
2014-04-20,2014-04-20 17:00:00,18,22.94786,25.960327
2014-04-20,2014-04-20 18:00:00,19,23.285427,33.809097
2014-04-20,2014-04-20 19:00:00,20,22.94786,32.413944
2014-04-20,2014-04-20 20:00:00,21,31.644384,32.093315
2014-04-20,2014-04-20 21:00:00,22,34.31818,35.39728
2014-04-20,2014-04-20 22:00:00,23,34.98663,39.3234
2014-04-20,2014-04-20 23:00:00,24,33.31551,36.79029
2014-04-21,2014-04-21 00:00:00,1,32.981285,34.444817
2014-04-21,2014-04-21 01:00:00,2,33.983955,32.345497
2014-04-21,2014-04-21 02:00:00,3,33.983955,35.93918
2014-04-21,2014-04-21 03:00:00,4,33.983955,32.111603
2014-04-21,2014-04-21 04:00:00,5,33.983955,34.1212
2014-04-21,2014-04-21 05:00:00,6,44.358288,32.930634
2014-04-21,2014-04-21 06:00:00,7,73.79679,29.716534
2014-04-21,2014-04-21 07:00:00,8,70.12032,49.035927
2014-04-21,2014-04-21 08:00:00,9,77.13904,59.79697
2014-04-21,2014-04-21 09:00:00,10,64.7627,95.61569
2014-04-21,2014-04-21 10:00:00,11,53.054813,97.9313
2014-04-21,2014-04-21 11:00:00,12,56.73797,100.3574
2014-04-21,2014-04-21 12:00:00,13,63.4258,102.83348
2014-04-21,2014-04-21 13:00:00,14,62.419785,101.67026
2014-04-21,2014-04-21 14:00:00,15,59.411766,106.572105
2014-04-21,2014-04-21 15:00:00,16,66.437164,113.01419
2014-04-21,2014-04-21 16:00:00,17,68.445854,122.7215
2014-04-21,2014-04-21 17:00:00,18,61.420456,133.83955
2014-04-21,2014-04-21 18:00:00,19,53.054813,147.62985
2014-04-21,2014-04-21 19:00:00,20,57.403076,166.59499
2014-04-21,2014-04-21 20:00:00,21,110.21056,163.5044
2014-04-21,2014-04-21 21:00:00,22,83.57286,170.1355
2014-04-21,2014-04-21 22:00:00,23,105.51471,158.09166
2014-04-21,2014-04-21 23:00:00,24,103.84024,169.82944
2014-04-22,2014-04-22 00:00:00,1,99.141045,56.46534
2014-04-22,2014-04-22 01:00:00,2,102.83088,43.23914
2014-04-22,2014-04-22 02:00:00,3,96.36364,55.296753
2014-04-22,2014-04-22 03:00:00,4,72.45989,46.78912
2014-04-22,2014-04-22 04:00:00,5,66.77139,40.758984
2014-04-22,2014-04-22 05:00:00,6,68.16845,43.149075
2014-04-22,2014-04-22 06:00:00,7,89.695854,69.24315
2014-04-22,2014-04-22 07:00:00,8,77.13904,72.137505
2014-04-22,2014-04-22 08:00:00,9,70.84225,77.33167
2014-04-22,2014-04-22 09:00:00,10,58.409092,83.739914
2014-04-22,2014-04-22 10:00:00,11,56.066177,83.2663
2014-04-22,2014-04-22 11:00:00,12,55.731953,88.62546
2014-04-22,2014-04-22 12:00:00,13,74.85294,94.94344
2014-04-22,2014-04-22 13:00:00,14,64.7627,94.02999
2014-04-22,2014-04-22 14:00:00,15,70.78877,81.95304
2014-04-22,2014-04-22 15:00:00,16,72.79412,80.90439
2014-04-22,2014-04-22 16:00:00,17,78.20187,93.89191
2014-04-22,2014-04-22 17:00:00,18,83.606285,92.07289
2014-04-22,2014-04-22 18:00:00,19,74.79947,100.34062
2014-04-22,2014-04-22 19:00:00,20,96.69452,95.70973
2014-04-22,2014-04-22 20:00:00,21,141.06618,117.83484
2014-04-22,2014-04-22 21:00:00,22,146.76805,137.90433
2014-04-22,2014-04-22 22:00:00,23,143.41243,119.311714
2014-04-22,2014-04-22 23:00:00,24,139.72594,116.3677
2014-04-23,2014-04-23 00:00:00,1,137.7139,115.31103
2014-04-23,2014-04-23 01:00:00,2,136.70789,106.24137
2014-04-23,2014-04-23 02:00:00,3,138.05147,84.4511
2014-04-23,2014-04-23 03:00:00,4,94.44184,73.88211
2014-04-23,2014-04-23 04:00:00,5,88.35561,77.16826
2014-04-23,2014-04-23 05:00:00,6,88.58623,79.037346
2014-04-23,2014-04-23 06:00:00,7,108.20187,69.093895
2014-04-23,2014-04-23 07:00:00,8,93.10495,89.25685
2014-04-23,2014-04-23 08:00:00,9,88.02139,95.87218
2014-04-23,2014-04-23 09:00:00,10,70.84225,100.92607
2014-04-23,2014-04-23 10:00:00,11,58.074867,106.22502
2014-04-23,2014-04-23 11:00:00,12,61.751335,103.42146
2014-04-23,2014-04-23 12:00:00,13,53.723263,99.69632
2014-04-23,2014-04-23 13:00:00,14,57.403076,102.13609
2014-04-23,2014-04-23 14:00:00,15,61.41711,117.15716
2014-04-23,2014-04-23 15:00:00,16,61.08289,116.75944
2014-04-23,2014-04-23 16:00:00,17,64.7627,133.83295
2014-04-23,2014-04-23 17:00:00,18,64.7627,147.21542
2014-04-23,2014-04-23 18:00:00,19,65.43115,145.27815
2014-04-23,2014-04-23 19:00:00,20,114.187836,148.84097
2014-04-23,2014-04-23 20:00:00,21,152.1357,158.88971
2014-04-23,2014-04-23 21:00:00,22,147.10562,175.15457
2014-04-23,2014-04-23 22:00:00,23,139.72928,182.74054
2014-04-23,2014-04-23 23:00:00,24,132.68382,180.91592
2014-04-24,2014-04-24 00:00:00,1,126.64439,128.50153
2014-04-24,2014-04-24 01:00:00,2,138.71658,131.14088
2014-04-24,2014-04-24 02:00:00,3,119.26805,98.88408
2014-04-24,2014-04-24 03:00:00,4,93.77674,83.479034
2014-04-24,2014-04-24 04:00:00,5,83.21858,81.918785
2014-04-24,2014-04-24 05:00:00,6,82.23262,89.83074
2014-04-24,2014-04-24 06:00:00,7,97.800804,84.65982
2014-04-24,2014-04-24 07:00:00,8,82.83088,97.627205
2014-04-24,2014-04-24 08:00:00,9,81.88168,106.604675
2014-04-24,2014-04-24 09:00:00,10,55.066845,121.503845
2014-04-24,2014-04-24 10:00:00,11,52.72059,117.28735
2014-04-24,2014-04-24 11:00:00,12,48.03476,114.00543
2014-04-24,2014-04-24 12:00:00,13,51.38035,104.176186
2014-04-24,2014-04-24 13:00:00,14,45.695187,107.52535
2014-04-24,2014-04-24 14:00:00,15,50.04345,120.09456
2014-04-24,2014-04-24 15:00:00,16,58.409092,122.04773
2014-04-24,2014-04-24 16:00:00,17,61.420456,133.94946
2014-04-24,2014-04-24 17:00:00,18,51.717915,143.0568
2014-04-24,2014-04-24 18:00:00,19,56.403744,146.30411
2014-04-24,2014-04-24 19:00:00,20,98.72326,164.04752
2014-04-24,2014-04-24 20:00:00,21,141.06618,179.14398
2014-04-24,2014-04-24 21:00:00,22,144.08757,195.92636
2014-04-24,2014-04-24 22:00:00,23,145.76538,178.93898
2014-04-24,2014-04-24 23:00:00,24,148.4492,176.12775
2014-04-25,2014-04-25 00:00:00,1,140.06017,125.16149
2014-04-25,2014-04-25 01:00:00,2,130.66844,128.3261
2014-04-25,2014-04-25 02:00:00,3,124.62901,89.61575
2014-04-25,2014-04-25 03:00:00,4,132.01204,68.548744
2014-04-25,2014-04-25 04:00:00,5,81.87834,63.25043
2014-04-25,2014-04-25 05:00:00,6,81.56083,71.62284
2014-04-25,2014-04-25 06:00:00,7,97.4131,74.75766
2014-04-25,2014-04-25 07:00:00,8,81.153076,79.21806
2014-04-25,2014-04-25 08:00:00,9,63.760025,84.78649
2014-04-25,2014-04-25 09:00:00,10,59.415108,89.66443
2014-04-25,2014-04-25 10:00:00,11,53.726604,91.492065
2014-04-25,2014-04-25 11:00:00,12,54.398396,94.55519
2014-04-25,2014-04-25 12:00:00,13,51.38035,79.15227
2014-04-25,2014-04-25 13:00:00,14,47.36631,81.61428
2014-04-25,2014-04-25 14:00:00,15,42.35294,86.20967
2014-04-25,2014-04-25 15:00:00,16,41.68449,91.624275
2014-04-25,2014-04-25 16:00:00,17,59.411766,107.947014
2014-04-25,2014-04-25 17:00:00,18,74.856285,104.054214
2014-04-25,2014-04-25 18:00:00,19,89.64572,108.22507
2014-04-25,2014-04-25 19:00:00,20,100.768715,124.69713
2014-04-25,2014-04-25 20:00:00,21,145.76204,155.37769
2014-04-25,2014-04-25 21:00:00,22,145.42781,167.80621
2014-04-25,2014-04-25 22:00:00,23,137.04546,153.10017
2014-04-25,2014-04-25 23:00:00,24,125.635025,165.42633
2014-04-26,2014-04-26 00:00:00,1,122.286095,113.09569
2014-04-26,2014-04-26 01:00:00,2,144.75601,127.91078
2014-04-26,2014-04-26 02:00:00,3,101.393715,114.11745
2014-04-26,2014-04-26 03:00:00,4,69.1143,71.49522
2014-04-26,2014-04-26 04:00:00,5,58.409092,52.738953
2014-04-26,2014-04-26 05:00:00,6,49.037434,56.63016
2014-04-26,2014-04-26 06:00:00,7,46.02941,51.137512
2014-04-26,2014-04-26 07:00:00,8,30.645054,55.91726
2014-04-26,2014-04-26 08:00:00,9,24.622326,56.092274
2014-04-26,2014-04-26 09:00:00,10,22.94786,82.58252
2014-04-26,2014-04-26 10:00:00,11,22.613636,74.87772
2014-04-26,2014-04-26 11:00:00,12,21.270054,76.62581
2014-04-26,2014-04-26 12:00:00,13,20.26738,74.91016
2014-04-26,2014-04-26 13:00:00,14,20.26738,76.55059
2014-04-26,2014-04-26 14:00:00,15,20.601604,79.87482
2014-04-26,2014-04-26 15:00:00,16,20.26738,94.28008
2014-04-26,2014-04-26 16:00:00,17,20.93583,99.02374
2014-04-26,2014-04-26 17:00:00,18,21.604279,108.552536
2014-04-26,2014-04-26 18:00:00,19,21.941845,123.09269
2014-04-26,2014-04-26 19:00:00,20,21.270054,136.2951
2014-04-26,2014-04-26 20:00:00,21,28.298798,150.24295
2014-04-26,2014-04-26 21:00:00,22,33.649734,155.00671
2014-04-26,2014-04-26 22:00:00,23,33.649734,126.379654
2014-04-26,2014-04-26 23:00:00,24,31.97861,151.94455
2014-04-27,2014-04-27 00:00:00,1,31.97861,33.136665
2014-04-27,2014-04-27 01:00:00,2,32.981285,34.283714
2014-04-27,2014-04-27 02:00:00,3,34.31818,34.480103
2014-04-27,2014-04-27 03:00:00,4,34.31818,30.530666
2014-04-27,2014-04-27 04:00:00,5,34.652405,31.754322
2014-04-27,2014-04-27 05:00:00,6,35.65508,29.185963
2014-04-27,2014-04-27 06:00:00,7,30.638369,27.790848
2014-04-27,2014-04-27 07:00:00,8,28.970589,24.35572
2014-04-27,2014-04-27 08:00:00,9,30.307487,22.404572
2014-04-27,2014-04-27 09:00:00,10,22.27607,25.465607
2014-04-27,2014-04-27 10:00:00,11,20.93583,22.916027
2014-04-27,2014-04-27 11:00:00,12,19.264706,17.704067
2014-04-27,2014-04-27 12:00:00,13,18.596256,16.360573
2014-04-27,2014-04-27 13:00:00,14,18.262032,14.955517
2014-04-27,2014-04-27 14:00:00,15,17.927807,15.193272
2014-04-27,2014-04-27 15:00:00,16,18.596256,16.349728
2014-04-27,2014-04-27 16:00:00,17,19.264706,18.188194
2014-04-27,2014-04-27 17:00:00,18,20.26738,22.036507
2014-04-27,2014-04-27 18:00:00,19,21.270054,19.968636
2014-04-27,2014-04-27 19:00:00,20,22.613636,18.159527
2014-04-27,2014-04-27 20:00:00,21,26.290108,21.095066
2014-04-27,2014-04-27 21:00:00,22,33.31551,25.712074
2014-04-27,2014-04-27 22:00:00,23,33.31551,26.460815
2014-04-27,2014-04-27 23:00:00,24,32.312836,29.609028
2014-04-28,2014-04-28 00:00:00,1,32.312836,36.02074
2014-04-28,2014-04-28 01:00:00,2,32.64706,34.951687
2014-04-28,2014-04-28 02:00:00,3,32.981285,33.802563
2014-04-28,2014-04-28 03:00:00,4,32.64706,35.14536
2014-04-28,2014-04-28 04:00:00,5,33.31551,34.276752
2014-04-28,2014-04-28 05:00:00,6,45.026737,34.1218
2014-04-28,2014-04-28 06:00:00,7,73.45922,28.548855
2014-04-28,2014-04-28 07:00:00,8,69.11096,39.652687
2014-04-28,2014-04-28 08:00:00,9,74.79947,49.13113
2014-04-28,2014-04-28 09:00:00,10,54.73262,76.81379
2014-04-28,2014-04-28 10:00:00,11,48.03476,88.02658
2014-04-28,2014-04-28 11:00:00,12,46.363636,99.4365
2014-04-28,2014-04-28 12:00:00,13,47.36631,102.893974
2014-04-28,2014-04-28 13:00:00,14,45.695187,100.30199
2014-04-28,2014-04-28 14:00:00,15,56.73797,104.796295
2014-04-28,2014-04-28 15:00:00,16,66.77139,108.94127
2014-04-28,2014-04-28 16:00:00,17,75.46791,112.97223
2014-04-28,2014-04-28 17:00:00,18,83.27206,121.6328
2014-04-28,2014-04-28 18:00:00,19,77.13904,133.42378
2014-04-28,2014-04-28 19:00:00,20,78.21524,160.5776
2014-04-28,2014-04-28 20:00:00,21,135.70187,161.96414
2014-04-28,2014-04-28 21:00:00,22,74.19118,166.6521
2014-04-28,2014-04-28 22:00:00,23,120.94251,163.34961
2014-04-28,2014-04-28 23:00:00,24,124.966576,166.25412
2014-04-29,2014-04-29 00:00:00,1,125.972595,90.673615
2014-04-29,2014-04-29 01:00:00,2,125.300804,49.586937
2014-04-29,2014-04-29 02:00:00,3,135.03008,52.90122
2014-04-29,2014-04-29 03:00:00,4,84.90642,51.329872
2014-04-29,2014-04-29 04:00:00,5,72.12567,49.73669
2014-04-29,2014-04-29 05:00:00,6,76.20321,45.91977
2014-04-29,2014-04-29 06:00:00,7,90.033424,42.127197
2014-04-29,2014-04-29 07:00:00,8,80.1504,63.456497
2014-04-29,2014-04-29 08:00:00,9,75.13369,61.82383
2014-04-29,2014-04-29 09:00:00,10,62.757355,58.830444
2014-04-29,2014-04-29 10:00:00,11,59.0742,68.77843
2014-04-29,2014-04-29 11:00:00,12,73.79679,69.44687
2014-04-29,2014-04-29 12:00:00,13,84.66912,71.25852
2014-04-29,2014-04-29 13:00:00,14,79.14439,71.6735
2014-04-29,2014-04-29 14:00:00,15,79.48195,77.317825
2014-04-29,2014-04-29 15:00:00,16,75.13369,83.47223
2014-04-29,2014-04-29 16:00:00,17,83.55281,88.428474
2014-04-29,2014-04-29 17:00:00,18,90.033424,89.224
2014-04-29,2014-04-29 18:00:00,19,97.12567,110.17351
2014-04-29,2014-04-29 19:00:00,20,110.544785,122.72801
2014-04-29,2014-04-29 20:00:00,21,145.76204,114.92918
2014-04-29,2014-04-29 21:00:00,22,144.41844,123.7734
2014-04-29,2014-04-29 22:00:00,23,132.68048,121.42958
2014-04-29,2014-04-29 23:00:00,24,132.01204,131.40164
2014-04-30,2014-04-30 00:00:00,1,137.04546,126.45723
2014-04-30,2014-04-30 01:00:00,2,135.3643,139.30356
2014-04-30,2014-04-30 02:00:00,3,139.05748,133.01042
2014-04-30,2014-04-30 03:00:00,4,82.88436,84.67997
2014-04-30,2014-04-30 04:00:00,5,76.13636,63.774353
2014-04-30,2014-04-30 05:00:00,6,79.88636,61.739246
2014-04-30,2014-04-30 06:00:00,7,89.027405,53.13976
2014-04-30,2014-04-30 07:00:00,8,76.13636,53.307602
2014-04-30,2014-04-30 08:00:00,9,75.80214,54.670387
2014-04-30,2014-04-30 09:00:00,10,59.080883,88.86284
2014-04-30,2014-04-30 10:00:00,11,64.75936,90.63599
2014-04-30,2014-04-30 11:00:00,12,69.78275,91.74936
2014-04-30,2014-04-30 12:00:00,13,74.46524,82.43194
2014-04-30,2014-04-30 13:00:00,14,67.10561,80.90464
2014-04-30,2014-04-30 14:00:00,15,64.42513,81.73047
2014-04-30,2014-04-30 15:00:00,16,76.47059,89.86835
2014-04-30,2014-04-30 16:00:00,17,75.80214,98.113655
2014-04-30,2014-04-30 17:00:00,18,69.1143,100.240715
2014-04-30,2014-04-30 18:00:00,19,66.77139,116.40741
2014-04-30,2014-04-30 19:00:00,20,105.13703,130.66232
2014-04-30,2014-04-30 20:00:00,21,132.68382,143.52432
2014-04-30,2014-04-30 21:00:00,22,138.3857,164.18889
2014-04-30,2014-04-30 22:00:00,23,127.98797,137.14153
2014-04-30,2014-04-30 23:00:00,24,120.94251,154.76999
2014-05-01,2014-05-01 00:00:00,1,120.94251,132.8552
2014-05-01,2014-05-01 01:00:00,2,122.62032,140.71976
2014-05-01,2014-05-01 02:00:00,3,118.92714,128.26035
2014-05-01,2014-05-01 03:00:00,4,125.635025,87.0479
2014-05-01,2014-05-01 04:00:00,5,82.54679,62.566795
2014-05-01,2014-05-01 05:00:00,6,91.65775,64.26555
2014-05-01,2014-05-01 06:00:00,7,107.19251,57.160736
2014-05-01,2014-05-01 07:00:00,8,88.30548,58.54812
2014-05-01,2014-05-01 08:00:00,9,63.09492,61.98506
2014-05-01,2014-05-01 09:00:00,10,70.12032,91.754814
2014-05-01,2014-05-01 10:00:00,11,71.45722,88.471504
2014-05-01,2014-05-01 11:00:00,12,70.78877,87.1183
2014-05-01,2014-05-01 12:00:00,13,60.752007,85.05361
2014-05-01,2014-05-01 13:00:00,14,52.389706,78.87031
2014-05-01,2014-05-01 14:00:00,15,56.06952,76.10857
2014-05-01,2014-05-01 15:00:00,16,55.063503,79.94823
2014-05-01,2014-05-01 16:00:00,17,55.063503,84.13581
2014-05-01,2014-05-01 17:00:00,18,59.411766,91.63188
2014-05-01,2014-05-01 18:00:00,19,72.45989,107.80563
2014-05-01,2014-05-01 19:00:00,20,76.53409,129.09973
2014-05-01,2014-05-01 20:00:00,21,131.34024,148.28911
2014-05-01,2014-05-01 21:00:00,22,72.85762,167.17355
2014-05-01,2014-05-01 22:00:00,23,93.77674,138.00655
2014-05-01,2014-05-01 23:00:00,24,90.0869,140.06488
2014-05-02,2014-05-02 00:00:00,1,96.126335,104.43835
2014-05-02,2014-05-02 01:00:00,2,95.4512,111.28223
2014-05-02,2014-05-02 02:00:00,3,84.6357,115.670334
2014-05-02,2014-05-02 03:00:00,4,58.074867,90.92767
2014-05-02,2014-05-02 04:00:00,5,53.054813,71.88242
2014-05-02,2014-05-02 05:00:00,6,58.459225,64.01796
2014-05-02,2014-05-02 06:00:00,7,79.876335,58.398354
2014-05-02,2014-05-02 07:00:00,8,71.12299,65.82084
2014-05-02,2014-05-02 08:00:00,9,74.13102,60.11136
2014-05-02,2014-05-02 09:00:00,10,54.06083,71.158646
2014-05-02,2014-05-02 10:00:00,11,56.062836,64.444855
2014-05-02,2014-05-02 11:00:00,12,86.96524,60.812008
2014-05-02,2014-05-02 12:00:00,13,95.4512,65.32121
2014-05-02,2014-05-02 13:00:00,14,83.89037,64.660805
2014-05-02,2014-05-02 14:00:00,15,74.46524,73.001175
2014-05-02,2014-05-02 15:00:00,16,68.44251,76.66544
2014-05-02,2014-05-02 16:00:00,17,69.44519,79.07429
2014-05-02,2014-05-02 17:00:00,18,76.47059,85.11835
2014-05-02,2014-05-02 18:00:00,19,81.82821,91.787186
2014-05-02,2014-05-02 19:00:00,20,78.81016,99.433075
2014-05-02,2014-05-02 20:00:00,21,137.37634,90.464035
2014-05-02,2014-05-02 21:00:00,22,145.76538,101.14949
2014-05-02,2014-05-02 22:00:00,23,138.71992,85.37157
2014-05-02,2014-05-02 23:00:00,24,137.37634,89.743744
2014-05-03,2014-05-03 00:00:00,1,132.68048,120.22155
2014-05-03,2014-05-03 01:00:00,2,122.286095,126.318085
2014-05-03,2014-05-03 02:00:00,3,118.59626,130.18715
2014-05-03,2014-05-03 03:00:00,4,125.30749,103.80041
2014-05-03,2014-05-03 04:00:00,5,89.07754,65.694016
2014-05-03,2014-05-03 05:00:00,6,87.35294,57.036175
2014-05-03,2014-05-03 06:00:00,7,71.79144,58.44043
2014-05-03,2014-05-03 07:00:00,8,54.057487,51.599655
2014-05-03,2014-05-03 08:00:00,9,29.639038,54.559807
2014-05-03,2014-05-03 09:00:00,10,26.631016,74.02596
2014-05-03,2014-05-03 10:00:00,11,25.294117,78.30735
2014-05-03,2014-05-03 11:00:00,12,36.330215,86.905846
2014-05-03,2014-05-03 12:00:00,13,36.330215,70.71794
2014-05-03,2014-05-03 13:00:00,14,32.312836,66.20282
2014-05-03,2014-05-03 14:00:00,15,37.66711,62.38088
2014-05-03,2014-05-03 15:00:00,16,55.06016,59.77146
2014-05-03,2014-05-03 16:00:00,17,53.723263,64.343666
2014-05-03,2014-05-03 17:00:00,18,49.37166,67.13167
2014-05-03,2014-05-03 18:00:00,19,44.692513,80.07396
2014-05-03,2014-05-03 19:00:00,20,39.34492,98.57364
2014-05-03,2014-05-03 20:00:00,21,34.989975,116.44052
2014-05-03,2014-05-03 21:00:00,22,38.001335,136.65746
2014-05-03,2014-05-03 22:00:00,23,36.32353,125.64795
2014-05-03,2014-05-03 23:00:00,24,32.981285,137.55643
2014-05-04,2014-05-04 00:00:00,1,31.31016,36.200115
2014-05-04,2014-05-04 01:00:00,2,31.97861,45.390575
2014-05-04,2014-05-04 02:00:00,3,31.644384,31.502888
2014-05-04,2014-05-04 03:00:00,4,31.31016,42.923763
2014-05-04,2014-05-04 04:00:00,5,30.975935,45.387764
2014-05-04,2014-05-04 05:00:00,6,32.312836,38.013557
2014-05-04,2014-05-04 06:00:00,7,27.29278,39.530647
2014-05-04,2014-05-04 07:00:00,8,22.27607,40.170563
2014-05-04,2014-05-04 08:00:00,9,21.604279,49.369667
2014-05-04,2014-05-04 09:00:00,10,19.933155,47.61098
2014-05-04,2014-05-04 10:00:00,11,18.596256,36.400455
2014-05-04,2014-05-04 11:00:00,12,17.259357,42.5443
2014-05-04,2014-05-04 12:00:00,13,18.262032,42.1336
2014-05-04,2014-05-04 13:00:00,14,17.593582,46.45086
2014-05-04,2014-05-04 14:00:00,15,17.927807,47.077812
2014-05-04,2014-05-04 15:00:00,16,18.262032,54.97414
2014-05-04,2014-05-04 16:00:00,17,18.930481,67.34508
2014-05-04,2014-05-04 17:00:00,18,20.601604,76.982285
2014-05-04,2014-05-04 18:00:00,19,23.285427,79.22473
2014-05-04,2014-05-04 19:00:00,20,21.270054,83.83961
2014-05-04,2014-05-04 20:00:00,21,27.967915,83.74176
2014-05-04,2014-05-04 21:00:00,22,36.661095,79.846535
2014-05-04,2014-05-04 22:00:00,23,34.652405,92.12572
2014-05-04,2014-05-04 23:00:00,24,33.649734,98.303604
2014-05-05,2014-05-05 00:00:00,1,32.64706,36.614075
2014-05-05,2014-05-05 01:00:00,2,31.31016,39.41844
2014-05-05,2014-05-05 02:00:00,3,31.644384,38.71024
2014-05-05,2014-05-05 03:00:00,4,31.31016,35.30422
2014-05-05,2014-05-05 04:00:00,5,31.644384,31.636917
2014-05-05,2014-05-05 05:00:00,6,42.349598,31.885391
2014-05-05,2014-05-05 06:00:00,7,66.437164,24.053349
2014-05-05,2014-05-05 07:00:00,8,65.096924,34.968006
2014-05-05,2014-05-05 08:00:00,9,66.77139,44.995647
2014-05-05,2014-05-05 09:00:00,10,73.80013,67.739456
2014-05-05,2014-05-05 10:00:00,11,83.94385,71.29441
2014-05-05,2014-05-05 11:00:00,12,75.80214,78.90956
2014-05-05,2014-05-05 12:00:00,13,68.11163,85.36857
2014-05-05,2014-05-05 13:00:00,14,53.723263,81.70568
2014-05-05,2014-05-05 14:00:00,15,54.06417,86.695435
2014-05-05,2014-05-05 15:00:00,16,53.389038,89.91748
2014-05-05,2014-05-05 16:00:00,17,51.717915,94.03436
2014-05-05,2014-05-05 17:00:00,18,50.71524,103.63468
2014-05-05,2014-05-05 18:00:00,19,58.409092,112.261345
2014-05-05,2014-05-05 19:00:00,20,97.03877,139.78716
2014-05-05,2014-05-05 20:00:00,21,125.97594,144.93832
2014-05-05,2014-05-05 21:00:00,22,70.51471,153.76468
2014-05-05,2014-05-05 22:00:00,23,124.966576,156.10297
2014-05-05,2014-05-05 23:00:00,24,122.28275,149.01147
2014-05-06,2014-05-06 00:00:00,1,123.28877,87.64668
2014-05-06,2014-05-06 01:00:00,2,122.62032,73.37005
2014-05-06,2014-05-06 02:00:00,3,158.84692,57.218018
2014-05-06,2014-05-06 03:00:00,4,113.125,53.13484
2014-05-06,2014-05-06 04:00:00,5,76.80816,58.142956
2014-05-06,2014-05-06 05:00:00,6,76.53743,45.92828
2014-05-06,2014-05-06 06:00:00,7,81.2734,59.264046
2014-05-06,2014-05-06 07:00:00,8,65.768715,76.07147
2014-05-06,2014-05-06 08:00:00,9,49.375,87.31309
2014-05-06,2014-05-06 09:00:00,10,46.363636,94.05279
2014-05-06,2014-05-06 10:00:00,11,42.35294,93.84366
2014-05-06,2014-05-06 11:00:00,12,54.395054,105.15084
2014-05-06,2014-05-06 12:00:00,13,73.79679,76.25651
2014-05-06,2014-05-06 13:00:00,14,75.528076,63.137733
2014-05-06,2014-05-06 14:00:00,15,92.76738,76.278
2014-05-06,2014-05-06 15:00:00,16,85.62166,65.262764
2014-05-06,2014-05-06 16:00:00,17,75.13703,87.06224
2014-05-06,2014-05-06 17:00:00,18,80.81885,89.04077
2014-05-06,2014-05-06 18:00:00,19,72.12567,113.00917
2014-05-06,2014-05-06 19:00:00,20,104.46524,136.65678
2014-05-06,2014-05-06 20:00:00,21,132.01204,132.84409
2014-05-06,2014-05-06 21:00:00,22,140.06017,139.01181
2014-05-06,2014-05-06 22:00:00,23,131.34358,124.9014
2014-05-06,2014-05-06 23:00:00,24,129.32486,137.0259
2014-05-07,2014-05-07 00:00:00,1,128.99065,106.80862
2014-05-07,2014-05-07 01:00:00,2,140.0635,109.49638
2014-05-07,2014-05-07 02:00:00,3,111.213234,123.4202
2014-05-07,2014-05-07 03:00:00,4,84.6123,116.72591
2014-05-07,2014-05-07 04:00:00,5,72.45655,74.332184
2014-05-07,2014-05-07 05:00:00,6,70.84559,31.510181
2014-05-07,2014-05-07 06:00:00,7,85.95922,25.291294
2014-05-07,2014-05-07 07:00:00,8,76.80481,35.85447
2014-05-07,2014-05-07 08:00:00,9,69.16778,36.02698
2014-05-07,2014-05-07 09:00:00,10,59.07754,38.100727
2014-05-07,2014-05-07 10:00:00,11,65.43115,47.7339
2014-05-07,2014-05-07 11:00:00,12,68.445854,88.84642
2014-05-07,2014-05-07 12:00:00,13,64.428474,82.55291
2014-05-07,2014-05-07 13:00:00,14,57.740643,70.302536
2014-05-07,2014-05-07 14:00:00,15,70.11698,75.63761
2014-05-07,2014-05-07 15:00:00,16,73.12834,80.64459
2014-05-07,2014-05-07 16:00:00,17,62.08556,81.29119
2014-05-07,2014-05-07 17:00:00,18,69.50535,84.72134
2014-05-07,2014-05-07 18:00:00,19,94.44853,95.482704
2014-05-07,2014-05-07 19:00:00,20,121.12968,110.17319
2014-05-07,2014-05-07 20:00:00,21,168.94385,123.475815
2014-05-07,2014-05-07 21:00:00,22,164.39839,136.7842
2014-05-07,2014-05-07 22:00:00,23,152.13235,136.33517
2014-05-07,2014-05-07 23:00:00,24,149.78944,139.46918
2014-05-08,2014-05-08 00:00:00,1,137.7139,128.85431
2014-05-08,2014-05-08 01:00:00,2,127.31618,135.18777
2014-05-08,2014-05-08 02:00:00,3,81.617645,119.94792
2014-05-08,2014-05-08 03:00:00,4,62.419785,74.30519
2014-05-08,2014-05-08 04:00:00,5,53.726604,50.705936
2014-05-08,2014-05-08 05:00:00,6,57.403076,49.363914
2014-05-08,2014-05-08 06:00:00,7,73.850266,44.887695
2014-05-08,2014-05-08 07:00:00,8,69.45187,39.571133
2014-05-08,2014-05-08 08:00:00,9,56.066177,42.935966
2014-05-08,2014-05-08 09:00:00,10,53.726604,82.09948
2014-05-08,2014-05-08 10:00:00,11,47.36631,83.870445
2014-05-08,2014-05-08 11:00:00,12,41.350266,76.791374
2014-05-08,2014-05-08 12:00:00,13,42.35294,69.57345
2014-05-08,2014-05-08 13:00:00,14,38.001335,62.57783
2014-05-08,2014-05-08 14:00:00,15,46.69786,55.399426
2014-05-08,2014-05-08 15:00:00,16,57.403076,58.159386
2014-05-08,2014-05-08 16:00:00,17,69.11096,63.930878
2014-05-08,2014-05-08 17:00:00,18,81.9385,74.93514
2014-05-08,2014-05-08 18:00:00,19,96.45722,92.7132
2014-05-08,2014-05-08 19:00:00,20,93.72326,121.2693
2014-05-08,2014-05-08 20:00:00,21,152.80748,148.692
2014-05-08,2014-05-08 21:00:00,22,104.50869,159.78505
2014-05-08,2014-05-08 22:00:00,23,144.08757,122.0052
2014-05-08,2014-05-08 23:00:00,24,138.38235,150.97922
2014-05-09,2014-05-09 00:00:00,1,138.3857,126.3564
2014-05-09,2014-05-09 01:00:00,2,136.37032,112.212616
2014-05-09,2014-05-09 02:00:00,3,134.36163,66.83631
2014-05-09,2014-05-09 03:00:00,4,147.10562,49.486633
2014-05-09,2014-05-09 04:00:00,5,99.141045,41.99036
2014-05-09,2014-05-09 05:00:00,6,93.72326,37.129196
2014-05-09,2014-05-09 06:00:00,7,86.63102,32.992996
2014-05-09,2014-05-09 07:00:00,8,74.79947,34.086014
2014-05-09,2014-05-09 08:00:00,9,69.44519,40.9131
2014-05-09,2014-05-09 09:00:00,10,65.43115,36.529243
2014-05-09,2014-05-09 10:00:00,11,69.44853,38.535427
2014-05-09,2014-05-09 11:00:00,12,79.59559,37.736618
2014-05-09,2014-05-09 12:00:00,13,77.4766,41.957115
2014-05-09,2014-05-09 13:00:00,14,67.777405,44.040497
2014-05-09,2014-05-09 14:00:00,15,61.08623,55.61232
2014-05-09,2014-05-09 15:00:00,16,67.77406,64.52556
2014-05-09,2014-05-09 16:00:00,17,79.48529,64.78723
2014-05-09,2014-05-09 17:00:00,18,87.63703,74.66492
2014-05-09,2014-05-09 18:00:00,19,104.51203,81.915245
2014-05-09,2014-05-09 19:00:00,20,139.72594,84.23577
2014-05-09,2014-05-09 20:00:00,21,155.48796,89.4325
2014-05-09,2014-05-09 21:00:00,22,155.82219,84.832756
2014-05-09,2014-05-09 22:00:00,23,140.73195,92.24141
2014-05-09,2014-05-09 23:00:00,24,129.3282,92.262115
2014-05-10,2014-05-10 00:00:00,1,127.312836,120.08371
2014-05-10,2014-05-10 01:00:00,2,126.97861,128.33534
2014-05-10,2014-05-10 02:00:00,3,131.67447,112.29686
2014-05-10,2014-05-10 03:00:00,4,107.86096,77.837685
2014-05-10,2014-05-10 04:00:00,5,92.4365,57.20453
2014-05-10,2014-05-10 05:00:00,6,81.88168,46.144783
2014-05-10,2014-05-10 06:00:00,7,61.75468,45.889328
2014-05-10,2014-05-10 07:00:00,8,45.695187,45.036606
2014-05-10,2014-05-10 08:00:00,9,33.31885,37.71161
2014-05-10,2014-05-10 09:00:00,10,31.313503,46.48805
2014-05-10,2014-05-10 10:00:00,11,40.347595,40.373196
2014-05-10,2014-05-10 11:00:00,12,45.695187,34.81728
2014-05-10,2014-05-10 12:00:00,13,44.024063,29.636383
2014-05-10,2014-05-10 13:00:00,14,36.99532,28.918213
2014-05-10,2014-05-10 14:00:00,15,34.652405,29.930885
2014-05-10,2014-05-10 15:00:00,16,31.644384,30.969185
2014-05-10,2014-05-10 16:00:00,17,33.31885,32.80334
2014-05-10,2014-05-10 17:00:00,18,39.010696,36.944607
2014-05-10,2014-05-10 18:00:00,19,40.01337,32.053535
2014-05-10,2014-05-10 19:00:00,20,36.661095,35.069687
2014-05-10,2014-05-10 20:00:00,21,30.64171,38.5087
2014-05-10,2014-05-10 21:00:00,22,39.679146,49.10572
2014-05-10,2014-05-10 22:00:00,23,38.338905,41.595856
2014-05-10,2014-05-10 23:00:00,24,35.320854,57.157867
2014-05-11,2014-05-11 00:00:00,1,34.31818,37.003464
2014-05-11,2014-05-11 01:00:00,2,35.320854,38.483524
2014-05-11,2014-05-11 02:00:00,3,34.652405,41.70345
2014-05-11,2014-05-11 03:00:00,4,35.320854,42.8142
2014-05-11,2014-05-11 04:00:00,5,34.31818,43.34059
2014-05-11,2014-05-11 05:00:00,6,35.65508,43.177338
2014-05-11,2014-05-11 06:00:00,7,31.647728,42.923317
2014-05-11,2014-05-11 07:00:00,8,24.959892,43.032825
2014-05-11,2014-05-11 08:00:00,9,24.959892,41.081657
2014-05-11,2014-05-11 09:00:00,10,22.27607,41.76245
2014-05-11,2014-05-11 10:00:00,11,20.93583,41.160774
2014-05-11,2014-05-11 11:00:00,12,20.26738,39.586613
2014-05-11,2014-05-11 12:00:00,13,20.26738,38.67835
2014-05-11,2014-05-11 13:00:00,14,20.26738,35.997887
2014-05-11,2014-05-11 14:00:00,15,20.26738,35.616314
2014-05-11,2014-05-11 15:00:00,16,20.93583,35.371834
2014-05-11,2014-05-11 16:00:00,17,21.938503,33.68223
2014-05-11,2014-05-11 17:00:00,18,22.613636,35.650497
2014-05-11,2014-05-11 18:00:00,19,22.94786,33.66262
2014-05-11,2014-05-11 19:00:00,20,24.95655,33.25969
2014-05-11,2014-05-11 20:00:00,21,29.304813,33.935352
2014-05-11,2014-05-11 21:00:00,22,36.32353,34.285347
2014-05-11,2014-05-11 22:00:00,23,36.661095,34.886345
2014-05-11,2014-05-11 23:00:00,24,37.33289,35.983093
2014-05-12,2014-05-12 00:00:00,1,34.652405,43.094994
2014-05-12,2014-05-12 01:00:00,2,34.652405,48.620705
2014-05-12,2014-05-12 02:00:00,3,34.652405,47.394234
2014-05-12,2014-05-12 03:00:00,4,34.98663,45.255863
2014-05-12,2014-05-12 04:00:00,5,34.98663,39.525215
2014-05-12,2014-05-12 05:00:00,6,46.02941,36.25537
2014-05-12,2014-05-12 06:00:00,7,67.77406,26.837448
2014-05-12,2014-05-12 07:00:00,8,67.43984,30.204136
2014-05-12,2014-05-12 08:00:00,9,72.79412,36.181812
2014-05-12,2014-05-12 09:00:00,10,49.375,45.780342
2014-05-12,2014-05-12 10:00:00,11,50.377674,49.73274
2014-05-12,2014-05-12 11:00:00,12,67.443184,64.97011
2014-05-12,2014-05-12 12:00:00,13,73.12834,66.63167
2014-05-12,2014-05-12 13:00:00,14,70.78877,65.855804
2014-05-12,2014-05-12 14:00:00,15,70.78877,75.5684
2014-05-12,2014-05-12 15:00:00,16,71.45722,73.40484
2014-05-12,2014-05-12 16:00:00,17,69.11096,81.416245
2014-05-12,2014-05-12 17:00:00,18,87.35294,86.4095
2014-05-12,2014-05-12 18:00:00,19,81.20989,95.607956
2014-05-12,2014-05-12 19:00:00,20,78.14171,122.16803
2014-05-12,2014-05-12 20:00:00,21,137.04211,123.05145
2014-05-12,2014-05-12 21:00:00,22,154.15106,131.81534
2014-05-12,2014-05-12 22:00:00,23,139.05748,152.13446
2014-05-12,2014-05-12 23:00:00,24,128.65642,141.42569
2014-05-13,2014-05-13 00:00:00,1,127.312836,78.84692
2014-05-13,2014-05-13 01:00:00,2,126.97861,57.23118
2014-05-13,2014-05-13 02:00:00,3,133.35228,55.96508
2014-05-13,2014-05-13 03:00:00,4,135.69853,55.56108
2014-05-13,2014-05-13 04:00:00,5,90.681816,42.97709
2014-05-13,2014-05-13 05:00:00,6,61.139706,41.14171
2014-05-13,2014-05-13 06:00:00,7,75.190506,59.596962
2014-05-13,2014-05-13 07:00:00,8,67.4365,72.66016
2014-05-13,2014-05-13 08:00:00,9,59.07754,80.335
2014-05-13,2014-05-13 09:00:00,10,46.69786,87.5845
2014-05-13,2014-05-13 10:00:00,11,50.377674,83.50999
2014-05-13,2014-05-13 11:00:00,12,69.78275,90.28533
2014-05-13,2014-05-13 12:00:00,13,76.47059,83.95106
2014-05-13,2014-05-13 13:00:00,14,74.13102,89.070435
2014-05-13,2014-05-13 14:00:00,15,74.46524,83.909515
2014-05-13,2014-05-13 15:00:00,16,75.46791,85.66614
2014-05-13,2014-05-13 16:00:00,17,78.47928,92.108955
2014-05-13,2014-05-13 17:00:00,18,90.41778,95.88036
2014-05-13,2014-05-13 18:00:00,19,82.21257,111.19226
2014-05-13,2014-05-13 19:00:00,20,67.43984,114.274994
2014-05-13,2014-05-13 20:00:00,21,119.26471,138.49867
2014-05-13,2014-05-13 21:00:00,22,82.242645,164.78027
2014-05-13,2014-05-13 22:00:00,23,134.0274,146.16867
2014-05-13,2014-05-13 23:00:00,24,133.01805,143.77197
2014-05-14,2014-05-14 00:00:00,1,128.31885,115.14252
2014-05-14,2014-05-14 01:00:00,2,129.99666,118.53311
2014-05-14,2014-05-14 02:00:00,3,164.72928,122.99143
2014-05-14,2014-05-14 03:00:00,4,98.69987,102.369965
2014-05-14,2014-05-14 04:00:00,5,77.47326,64.64427
2014-05-14,2014-05-14 05:00:00,6,78.21524,38.35135
2014-05-14,2014-05-14 06:00:00,7,73.181816,36.091293
2014-05-14,2014-05-14 07:00:00,8,67.77072,41.051765
2014-05-14,2014-05-14 08:00:00,9,53.723263,37.240543
2014-05-14,2014-05-14 09:00:00,10,59.74599,50.298588
2014-05-14,2014-05-14 10:00:00,11,75.524734,59.925823
2014-05-14,2014-05-14 11:00:00,12,85.725266,81.09287
2014-05-14,2014-05-14 12:00:00,13,83.60963,74.17485
2014-05-14,2014-05-14 13:00:00,14,70.12032,74.69316
2014-05-14,2014-05-14 14:00:00,15,70.12032,76.34743
2014-05-14,2014-05-14 15:00:00,16,65.76537,77.45961
2014-05-14,2014-05-14 16:00:00,17,75.187164,81.530426
2014-05-14,2014-05-14 17:00:00,18,72.45989,86.97347
2014-05-14,2014-05-14 18:00:00,19,63.756683,96.184784
2014-05-14,2014-05-14 19:00:00,20,73.51939,100.55378
2014-05-14,2014-05-14 20:00:00,21,156.49399,105.85463
2014-05-14,2014-05-14 21:00:00,22,156.49065,119.03267
2014-05-14,2014-05-14 22:00:00,23,139.7226,125.04595
2014-05-14,2014-05-14 23:00:00,24,132.68382,152.38292
2014-05-15,2014-05-15 00:00:00,1,132.68382,134.92758
2014-05-15,2014-05-15 01:00:00,2,131.00267,134.36844
2014-05-15,2014-05-15 02:00:00,3,131.34358,129.01663
2014-05-15,2014-05-15 03:00:00,4,134.69586,101.02002
2014-05-15,2014-05-15 04:00:00,5,120.795456,60.158516
2014-05-15,2014-05-15 05:00:00,6,112.89439,54.16448
2014-05-15,2014-05-15 06:00:00,7,100.48463,48.915154
2014-05-15,2014-05-15 07:00:00,8,86.67781,41.866817
2014-05-15,2014-05-15 08:00:00,9,66.437164,51.218796
2014-05-15,2014-05-15 09:00:00,10,55.731953,81.21264
2014-05-15,2014-05-15 10:00:00,11,64.7627,93.94254
2014-05-15,2014-05-15 11:00:00,12,67.777405,93.522156
2014-05-15,2014-05-15 12:00:00,13,73.45922,78.14656
2014-05-15,2014-05-15 13:00:00,14,74.187836,71.13148
2014-05-15,2014-05-15 14:00:00,15,81.15976,63.490067
2014-05-15,2014-05-15 15:00:00,16,81.82487,60.533947
2014-05-15,2014-05-15 16:00:00,17,88.74666,61.07024
2014-05-15,2014-05-15 17:00:00,18,87.06885,69.426636
2014-05-15,2014-05-15 18:00:00,19,83.606285,86.95328
2014-05-15,2014-05-15 19:00:00,20,73.79679,112.77729
2014-05-15,2014-05-15 20:00:00,21,138.04813,141.71289
2014-05-15,2014-05-15 21:00:00,22,97.64037,162.91797
2014-05-15,2014-05-15 22:00:00,23,138.04478,143.81158
2014-05-15,2014-05-15 23:00:00,24,139.0508,138.59224
2014-05-16,2014-05-16 00:00:00,1,133.68983,126.59694
2014-05-16,2014-05-16 01:00:00,2,131.00601,117.90213
2014-05-16,2014-05-16 02:00:00,3,127.6504,137.57681
2014-05-16,2014-05-16 03:00:00,4,127.98797,136.52463
2014-05-16,2014-05-16 04:00:00,5,89.75267,119.003235
2014-05-16,2014-05-16 05:00:00,6,104.50869,69.1164
2014-05-16,2014-05-16 06:00:00,7,117.25267,43.36268
2014-05-16,2014-05-16 07:00:00,8,120.60829,55.50364
2014-05-16,2014-05-16 08:00:00,9,93.1016,51.90135
2014-05-16,2014-05-16 09:00:00,10,89.74933,49.3133
2014-05-16,2014-05-16 10:00:00,11,86.00936,48.632095
2014-05-16,2014-05-16 11:00:00,12,75.13703,58.59777
2014-05-16,2014-05-16 12:00:00,13,70.11698,76.48039
2014-05-16,2014-05-16 13:00:00,14,65.43115,64.02102
2014-05-16,2014-05-16 14:00:00,15,75.80214,72.36988
2014-05-16,2014-05-16 15:00:00,16,74.79947,75.63311
2014-05-16,2014-05-16 16:00:00,17,71.45722,77.26258
2014-05-16,2014-05-16 17:00:00,18,64.42513,76.28712
2014-05-16,2014-05-16 18:00:00,19,65.768715,80.86393
2014-05-16,2014-05-16 19:00:00,20,106.09291,89.22028
2014-05-16,2014-05-16 20:00:00,21,139.72594,91.22004
2014-05-16,2014-05-16 21:00:00,22,89.28476,101.58879
2014-05-16,2014-05-16 22:00:00,23,125.63837,113.118095
2014-05-16,2014-05-16 23:00:00,24,122.954544,127.91766
2014-05-17,2014-05-17 00:00:00,1,120.27072,120.716255
2014-05-17,2014-05-17 01:00:00,2,126.97861,109.08151
2014-05-17,2014-05-17 02:00:00,3,181.7714,107.102264
2014-05-17,2014-05-17 03:00:00,4,190.86899,113.426056
2014-05-17,2014-05-17 04:00:00,5,108.86698,104.87395
2014-05-17,2014-05-17 05:00:00,6,83.893715,78.03039
2014-05-17,2014-05-17 06:00:00,7,62.088905,60.424927
2014-05-17,2014-05-17 07:00:00,8,53.054813,61.48734
2014-05-17,2014-05-17 08:00:00,9,37.66377,53.37564
2014-05-17,2014-05-17 09:00:00,10,32.981285,44.73278
2014-05-17,2014-05-17 10:00:00,11,32.64706,44.14347
2014-05-17,2014-05-17 11:00:00,12,32.981285,36.94757
2014-05-17,2014-05-17 12:00:00,13,40.678474,45.932777
2014-05-17,2014-05-17 13:00:00,14,46.363636,34.788258
2014-05-17,2014-05-17 14:00:00,15,49.705883,40.663425
2014-05-17,2014-05-17 15:00:00,16,44.692513,36.766853
2014-05-17,2014-05-17 16:00:00,17,42.35294,26.81934
2014-05-17,2014-05-17 17:00:00,18,50.04345,31.730007
2014-05-17,2014-05-17 18:00:00,19,65.768715,37.31913
2014-05-17,2014-05-17 19:00:00,20,106.8115,42.87401
2014-05-17,2014-05-17 20:00:00,21,130.0,36.717
2014-05-17,2014-05-17 21:00:00,22,132.34625,40.768074
2014-05-17,2014-05-17 22:00:00,23,124.29813,40.585926
2014-05-17,2014-05-17 23:00:00,24,119.9365,41.731014
2014-05-18,2014-05-18 00:00:00,1,121.94519,111.53761
2014-05-18,2014-05-18 01:00:00,2,127.31618,112.6697
2014-05-18,2014-05-18 02:00:00,3,62.088905,117.60891
2014-05-18,2014-05-18 03:00:00,4,51.714573,109.89464
2014-05-18,2014-05-18 04:00:00,5,49.37166,80.11435
2014-05-18,2014-05-18 05:00:00,6,48.03476,38.943386
2014-05-18,2014-05-18 06:00:00,7,35.65842,26.935226
2014-05-18,2014-05-18 07:00:00,8,30.975935,29.570026
2014-05-18,2014-05-18 08:00:00,9,31.31016,27.12136
2014-05-18,2014-05-18 09:00:00,10,27.299465,26.423977
2014-05-18,2014-05-18 10:00:00,11,24.959892,27.058456
2014-05-18,2014-05-18 11:00:00,12,23.619652,20.5508
2014-05-18,2014-05-18 12:00:00,13,23.95722,12.576515
2014-05-18,2014-05-18 13:00:00,14,24.291445,7.426819
2014-05-18,2014-05-18 14:00:00,15,23.619652,11.888851
2014-05-18,2014-05-18 15:00:00,16,23.619652,10.335663
2014-05-18,2014-05-18 16:00:00,17,24.625668,6.873131
2014-05-18,2014-05-18 17:00:00,18,25.294117,14.271496
2014-05-18,2014-05-18 18:00:00,19,27.967915,14.531029
2014-05-18,2014-05-18 19:00:00,20,30.64171,18.396168
2014-05-18,2014-05-18 20:00:00,21,29.973263,14.814075
2014-05-18,2014-05-18 21:00:00,22,38.00468,22.591232
2014-05-18,2014-05-18 22:00:00,23,37.66711,26.11887
2014-05-18,2014-05-18 23:00:00,24,34.98663,32.572178
2014-05-19,2014-05-19 00:00:00,1,35.320854,43.924843
2014-05-19,2014-05-19 01:00:00,2,34.652405,46.750084
2014-05-19,2014-05-19 02:00:00,3,36.32687,46.089916
2014-05-19,2014-05-19 03:00:00,4,34.98663,36.58714
2014-05-19,2014-05-19 04:00:00,5,34.98663,35.79532
2014-05-19,2014-05-19 05:00:00,6,46.02941,31.36824
2014-05-19,2014-05-19 06:00:00,7,71.11631,23.648163
2014-05-19,2014-05-19 07:00:00,8,68.10829,41.233025
2014-05-19,2014-05-19 08:00:00,9,63.756683,47.604897
2014-05-19,2014-05-19 09:00:00,10,71.11965,70.53229
2014-05-19,2014-05-19 10:00:00,11,82.49332,77.74538
2014-05-19,2014-05-19 11:00:00,12,80.87567,71.20734
2014-05-19,2014-05-19 12:00:00,13,69.1143,83.46753
2014-05-19,2014-05-19 13:00:00,14,63.4258,79.30022
2014-05-19,2014-05-19 14:00:00,15,83.893715,88.75737
2014-05-19,2014-05-19 15:00:00,16,84.22794,93.39385
2014-05-19,2014-05-19 16:00:00,17,85.34091,101.277504
2014-05-19,2014-05-19 17:00:00,18,82.88436,111.31351
2014-05-19,2014-05-19 18:00:00,19,70.78877,119.78056
2014-05-19,2014-05-19 19:00:00,20,82.2393,138.22098
2014-05-19,2014-05-19 20:00:00,21,139.39171,149.45438
2014-05-19,2014-05-19 21:00:00,22,92.27607,151.00613
2014-05-19,2014-05-19 22:00:00,23,140.06017,141.82263
2014-05-19,2014-05-19 23:00:00,24,135.36765,135.18185
2014-05-20,2014-05-20 00:00:00,1,125.635025,111.381485
2014-05-20,2014-05-20 01:00:00,2,128.99065,105.61061
2014-05-20,2014-05-20 02:00:00,3,129.99666,111.75374
2014-05-20,2014-05-20 03:00:00,4,120.94251,93.51934
2014-05-20,2014-05-20 04:00:00,5,74.21457,96.24989
2014-05-20,2014-05-20 05:00:00,6,66.16644,95.34352
2014-05-20,2014-05-20 06:00:00,7,84.95321,86.98223
2014-05-20,2014-05-20 07:00:00,8,76.47059,101.10402
2014-05-20,2014-05-20 08:00:00,9,56.400402,89.3299
2014-05-20,2014-05-20 09:00:00,10,61.08623,109.43653
2014-05-20,2014-05-20 10:00:00,11,78.59626,108.39237
2014-05-20,2014-05-20 11:00:00,12,83.559494,111.33824
2014-05-20,2014-05-20 12:00:00,13,100.1504,109.32514
2014-05-20,2014-05-20 13:00:00,14,93.77674,101.47871
2014-05-20,2014-05-20 14:00:00,15,93.77674,114.61975
2014-05-20,2014-05-20 15:00:00,16,107.8643,115.02777
2014-05-20,2014-05-20 16:00:00,17,95.454544,124.38028
2014-05-20,2014-05-20 17:00:00,18,130.6718,127.68196
2014-05-20,2014-05-20 18:00:00,19,146.43382,132.43074
2014-05-20,2014-05-20 19:00:00,20,141.06952,147.67584
2014-05-20,2014-05-20 20:00:00,21,161.37366,143.38824
2014-05-20,2014-05-20 21:00:00,22,105.42447,167.43842
2014-05-20,2014-05-20 22:00:00,23,135.03008,156.71971
2014-05-20,2014-05-20 23:00:00,24,133.01805,179.73412
2014-05-21,2014-05-21 00:00:00,1,146.09625,123.2199
2014-05-21,2014-05-21 01:00:00,2,160.5214,135.36511
2014-05-21,2014-05-21 02:00:00,3,170.31752,123.44046
2014-05-21,2014-05-21 03:00:00,4,169.28142,77.72002
2014-05-21,2014-05-21 04:00:00,5,89.989975,67.27495
2014-05-21,2014-05-21 05:00:00,6,76.87834,59.331787
2014-05-21,2014-05-21 06:00:00,7,81.554146,52.69675
2014-05-21,2014-05-21 07:00:00,8,75.190506,52.557583
2014-05-21,2014-05-21 08:00:00,9,81.60428,53.627937
2014-05-21,2014-05-21 09:00:00,10,67.5,90.93845
2014-05-21,2014-05-21 10:00:00,11,92.43316,87.42985
2014-05-21,2014-05-21 11:00:00,12,79.60561,92.32015
2014-05-21,2014-05-21 12:00:00,13,101.4873,92.56223
2014-05-21,2014-05-21 13:00:00,14,86.00602,98.7664
2014-05-21,2014-05-21 14:00:00,15,84.61564,94.91037
2014-05-21,2014-05-21 15:00:00,16,80.5381,98.78425
2014-05-21,2014-05-21 16:00:00,17,95.78877,106.31055
2014-05-21,2014-05-21 17:00:00,18,97.800804,107.35486
2014-05-21,2014-05-21 18:00:00,19,117.92781,136.38628
2014-05-21,2014-05-21 19:00:00,20,133.35228,142.26749
2014-05-21,2014-05-21 20:00:00,21,152.46992,144.1532
2014-05-21,2014-05-21 21:00:00,22,104.78944,141.11633
2014-05-21,2014-05-21 22:00:00,23,137.37634,95.04219
2014-05-21,2014-05-21 23:00:00,24,135.36765,158.33641
2014-05-22,2014-05-22 00:00:00,1,133.35228,132.46506
2014-05-22,2014-05-22 01:00:00,2,133.0214,143.49274
2014-05-22,2014-05-22 02:00:00,3,106.43048,141.00427
2014-05-22,2014-05-22 03:00:00,4,60.748665,101.45573
2014-05-22,2014-05-22 04:00:00,5,57.740643,79.756454
2014-05-22,2014-05-22 05:00:00,6,65.16043,68.37553
2014-05-22,2014-05-22 06:00:00,7,77.87099,64.028625
2014-05-22,2014-05-22 07:00:00,8,74.80281,66.00122
2014-05-22,2014-05-22 08:00:00,9,69.83623,64.861145
2014-05-22,2014-05-22 09:00:00,10,53.389038,85.04036
2014-05-22,2014-05-22 10:00:00,11,48.03476,84.05471
2014-05-22,2014-05-22 11:00:00,12,50.04345,84.7531
2014-05-22,2014-05-22 12:00:00,13,63.4258,83.6108
2014-05-22,2014-05-22 13:00:00,14,67.10227,86.46294
2014-05-22,2014-05-22 14:00:00,15,68.10829,86.18482
2014-05-22,2014-05-22 15:00:00,16,70.454544,89.52539
2014-05-22,2014-05-22 16:00:00,17,85.61832,95.49707
2014-05-22,2014-05-22 17:00:00,18,91.09291,99.64545
2014-05-22,2014-05-22 18:00:00,19,100.48463,116.554474
2014-05-22,2014-05-22 19:00:00,20,109.15441,125.66712
2014-05-22,2014-05-22 20:00:00,21,143.41577,126.07202
2014-05-22,2014-05-22 21:00:00,22,128.9405,135.03543
2014-05-22,2014-05-22 22:00:00,23,143.0782,111.82326
2014-05-22,2014-05-22 23:00:00,24,129.32486,146.16727
2014-05-23,2014-05-23 00:00:00,1,122.61698,104.358185
2014-05-23,2014-05-23 01:00:00,2,136.0361,90.86506
2014-05-23,2014-05-23 02:00:00,3,136.0361,63.4219
2014-05-23,2014-05-23 03:00:00,4,151.12634,54.926445
2014-05-23,2014-05-23 04:00:00,5,74.46858,52.821983
2014-05-23,2014-05-23 05:00:00,6,75.86898,46.660797
2014-05-23,2014-05-23 06:00:00,7,78.20856,39.19692
2014-05-23,2014-05-23 07:00:00,8,70.78877,35.865982
2014-05-23,2014-05-23 08:00:00,9,68.445854,31.241009
2014-05-23,2014-05-23 09:00:00,10,47.703876,33.177437
2014-05-23,2014-05-23 10:00:00,11,61.08289,34.00715
2014-05-23,2014-05-23 11:00:00,12,64.428474,35.794155
2014-05-23,2014-05-23 12:00:00,13,73.125,38.970932
2014-05-23,2014-05-23 13:00:00,14,63.42246,34.970444
2014-05-23,2014-05-23 14:00:00,15,54.72928,38.91377
2014-05-23,2014-05-23 15:00:00,16,56.734627,44.76081
2014-05-23,2014-05-23 16:00:00,17,62.42313,41.403324
2014-05-23,2014-05-23 17:00:00,18,69.44853,44.42253
2014-05-23,2014-05-23 18:00:00,19,85.725266,42.023983
2014-05-23,2014-05-23 19:00:00,20,108.47928,43.493607
2014-05-23,2014-05-23 20:00:00,21,146.0996,50.15657
2014-05-23,2014-05-23 21:00:00,22,106.85495,52.382095
2014-05-23,2014-05-23 22:00:00,23,136.70789,53.85109
2014-05-23,2014-05-23 23:00:00,24,139.39171,51.481102
2014-05-24,2014-05-24 00:00:00,1,134.0274,124.34206
2014-05-24,2014-05-24 01:00:00,2,128.32219,133.06218
2014-05-24,2014-05-24 02:00:00,3,122.9512,132.7877
2014-05-24,2014-05-24 03:00:00,4,52.44318,90.74482
2014-05-24,2014-05-24 04:00:00,5,36.99532,62.894135
2014-05-24,2014-05-24 05:00:00,6,38.00468,49.334366
2014-05-24,2014-05-24 06:00:00,7,29.304813,47.481693
2014-05-24,2014-05-24 07:00:00,8,26.96524,51.30165
2014-05-24,2014-05-24 08:00:00,9,34.321526,46.47522
2014-05-24,2014-05-24 09:00:00,10,51.717915,62.10309
2014-05-24,2014-05-24 10:00:00,11,50.04345,60.64229
2014-05-24,2014-05-24 11:00:00,12,55.06016,58.448975
2014-05-24,2014-05-24 12:00:00,13,65.768715,54.31662
2014-05-24,2014-05-24 13:00:00,14,56.06952,51.559784
2014-05-24,2014-05-24 14:00:00,15,61.41711,55.194977
2014-05-24,2014-05-24 15:00:00,16,66.77139,60.180607
2014-05-24,2014-05-24 16:00:00,17,76.47393,63.705177
2014-05-24,2014-05-24 17:00:00,18,78.14171,70.05368
2014-05-24,2014-05-24 18:00:00,19,73.46257,78.71997
2014-05-24,2014-05-24 19:00:00,20,61.08289,87.594894
2014-05-24,2014-05-24 20:00:00,21,47.700535,86.90121
2014-05-24,2014-05-24 21:00:00,22,48.70321,98.5171
2014-05-24,2014-05-24 22:00:00,23,46.02941,77.398026
2014-05-24,2014-05-24 23:00:00,24,40.347595,97.75334
2014-05-25,2014-05-25 00:00:00,1,38.338905,45.045364
2014-05-25,2014-05-25 01:00:00,2,36.661095,46.599815
2014-05-25,2014-05-25 02:00:00,3,34.31818,38.409584
2014-05-25,2014-05-25 03:00:00,4,34.98663,41.737495
2014-05-25,2014-05-25 04:00:00,5,34.652405,42.20845
2014-05-25,2014-05-25 05:00:00,6,35.320854,37.178093
2014-05-25,2014-05-25 06:00:00,7,27.63369,37.129356
2014-05-25,2014-05-25 07:00:00,8,25.294117,36.177105
2014-05-25,2014-05-25 08:00:00,9,24.959892,45.291428
2014-05-25,2014-05-25 09:00:00,10,23.282085,51.313004
2014-05-25,2014-05-25 10:00:00,11,23.61631,44.47769
2014-05-25,2014-05-25 11:00:00,12,23.282085,46.624683
2014-05-25,2014-05-25 12:00:00,13,23.61631,45.78956
2014-05-25,2014-05-25 13:00:00,14,23.953876,49.187485
2014-05-25,2014-05-25 14:00:00,15,22.613636,48.938175
2014-05-25,2014-05-25 15:00:00,16,21.604279,55.724518
2014-05-25,2014-05-25 16:00:00,17,22.94786,63.992233
2014-05-25,2014-05-25 17:00:00,18,23.61631,65.50256
2014-05-25,2014-05-25 18:00:00,19,26.96524,60.14646
2014-05-25,2014-05-25 19:00:00,20,28.30214,58.067963
2014-05-25,2014-05-25 20:00:00,21,31.644384,54.41356
2014-05-25,2014-05-25 21:00:00,22,39.34158,62.58201
2014-05-25,2014-05-25 22:00:00,23,40.347595,75.88636
2014-05-25,2014-05-25 23:00:00,24,38.67313,78.57351
2014-05-26,2014-05-26 00:00:00,1,37.33289,38.25943
2014-05-26,2014-05-26 01:00:00,2,35.65508,33.12363
2014-05-26,2014-05-26 02:00:00,3,37.66377,22.760735
2014-05-26,2014-05-26 03:00:00,4,34.98663,21.474834
2014-05-26,2014-05-26 04:00:00,5,34.98663,27.127811
2014-05-26,2014-05-26 05:00:00,6,46.02941,28.440681
2014-05-26,2014-05-26 06:00:00,7,65.096924,25.203045
2014-05-26,2014-05-26 07:00:00,8,65.096924,32.35399
2014-05-26,2014-05-26 08:00:00,9,54.057487,37.690144
2014-05-26,2014-05-26 09:00:00,10,63.42246,41.573483
2014-05-26,2014-05-26 10:00:00,11,65.43115,45.55429
2014-05-26,2014-05-26 11:00:00,12,73.12834,40.14926
2014-05-26,2014-05-26 12:00:00,13,75.80214,49.07
2014-05-26,2014-05-26 13:00:00,14,72.45989,52.13903
2014-05-26,2014-05-26 14:00:00,15,69.78275,61.09909
2014-05-26,2014-05-26 15:00:00,16,61.751335,62.29863
2014-05-26,2014-05-26 16:00:00,17,62.75401,63.20233
2014-05-26,2014-05-26 17:00:00,18,60.41444,66.58553
2014-05-26,2014-05-26 18:00:00,19,56.403744,67.80907
2014-05-26,2014-05-26 19:00:00,20,53.05147,69.38857
2014-05-26,2014-05-26 20:00:00,21,115.57821,65.29759
2014-05-26,2014-05-26 21:00:00,22,126.31016,55.209137
2014-05-26,2014-05-26 22:00:00,23,124.294785,59.12431
2014-05-26,2014-05-26 23:00:00,24,127.64706,56.215446
2014-05-27,2014-05-27 00:00:00,1,128.9873,74.67312
2014-05-27,2014-05-27 01:00:00,2,128.32219,62.438866
2014-05-27,2014-05-27 02:00:00,3,131.67781,69.31078
2014-05-27,2014-05-27 03:00:00,4,144.60562,53.56091
2014-05-27,2014-05-27 04:00:00,5,105.85227,48.321213
2014-05-27,2014-05-27 05:00:00,6,112.22594,65.66684
2014-05-27,2014-05-27 06:00:00,7,110.87901,84.19501
2014-05-27,2014-05-27 07:00:00,8,87.018715,80.98079
2014-05-27,2014-05-27 08:00:00,9,55.78877,89.74685
2014-05-27,2014-05-27 09:00:00,10,44.358288,112.54059
2014-05-27,2014-05-27 10:00:00,11,52.05214,104.02286
2014-05-27,2014-05-27 11:00:00,12,91.03944,134.0876
2014-05-27,2014-05-27 12:00:00,13,97.12901,115.419266
2014-05-27,2014-05-27 13:00:00,14,90.75869,122.6016
2014-05-27,2014-05-27 14:00:00,15,88.97727,90.11966
2014-05-27,2014-05-27 15:00:00,16,87.3496,66.81495
2014-05-27,2014-05-27 16:00:00,17,114.57219,104.46341
2014-05-27,2014-05-27 17:00:00,18,125.972595,106.64637
2014-05-27,2014-05-27 18:00:00,19,128.65976,83.660484
2014-05-27,2014-05-27 19:00:00,20,126.97861,87.127365
2014-05-27,2014-05-27 20:00:00,21,128.65642,99.68347
2014-05-27,2014-05-27 21:00:00,22,136.70789,156.8816
2014-05-27,2014-05-27 22:00:00,23,124.632355,132.89162
2014-05-27,2014-05-27 23:00:00,24,122.62032,136.48529
2014-05-28,2014-05-28 00:00:00,1,120.27072,127.84333
2014-05-28,2014-05-28 01:00:00,2,123.96056,132.61365
2014-05-28,2014-05-28 02:00:00,3,131.00601,149.66396
2014-05-28,2014-05-28 03:00:00,4,130.66844,153.05548
2014-05-28,2014-05-28 04:00:00,5,86.34358,114.57141
2014-05-28,2014-05-28 05:00:00,6,93.33556,56.01991
2014-05-28,2014-05-28 06:00:00,7,97.132355,39.47903
2014-05-28,2014-05-28 07:00:00,8,87.29612,47.89529
2014-05-28,2014-05-28 08:00:00,9,71.574196,48.706745
2014-05-28,2014-05-28 09:00:00,10,63.4258,40.439865
2014-05-28,2014-05-28 10:00:00,11,67.43984,53.735588
2014-05-28,2014-05-28 11:00:00,12,64.766045,99.77048
2014-05-28,2014-05-28 12:00:00,13,62.08556,99.52537
2014-05-28,2014-05-28 13:00:00,14,58.074867,86.84815
2014-05-28,2014-05-28 14:00:00,15,57.406418,93.53047
2014-05-28,2014-05-28 15:00:00,16,65.100266,97.69128
2014-05-28,2014-05-28 16:00:00,17,69.44853,96.95466
2014-05-28,2014-05-28 17:00:00,18,71.79144,95.83367
2014-05-28,2014-05-28 18:00:00,19,61.751335,117.47507
2014-05-28,2014-05-28 19:00:00,20,85.9893,131.41568
2014-05-28,2014-05-28 20:00:00,21,129.3282,133.18121
2014-05-28,2014-05-28 21:00:00,22,145.09024,128.71786
2014-05-28,2014-05-28 22:00:00,23,141.06952,124.92827
2014-05-28,2014-05-28 23:00:00,24,135.36765,135.72495
2014-05-29,2014-05-29 00:00:00,1,134.36163,125.23418
2014-05-29,2014-05-29 01:00:00,2,152.13235,122.18116
2014-05-29,2014-05-29 02:00:00,3,137.71056,135.71606
2014-05-29,2014-05-29 03:00:00,4,114.23463,129.4782
2014-05-29,2014-05-29 04:00:00,5,98.806816,90.04976
2014-05-29,2014-05-29 05:00:00,6,90.65174,61.97145
2014-05-29,2014-05-29 06:00:00,7,97.12901,48.255985
2014-05-29,2014-05-29 07:00:00,8,87.7373,59.240623
2014-05-29,2014-05-29 08:00:00,9,81.54412,57.80299
2014-05-29,2014-05-29 09:00:00,10,72.45655,57.646095
2014-05-29,2014-05-29 10:00:00,11,57.06885,58.262115
2014-05-29,2014-05-29 11:00:00,12,59.74599,83.31565
2014-05-29,2014-05-29 12:00:00,13,67.43984,82.108505
2014-05-29,2014-05-29 13:00:00,14,66.76805,64.91688
2014-05-29,2014-05-29 14:00:00,15,59.415108,68.6392
2014-05-29,2014-05-29 15:00:00,16,58.074867,72.18575
2014-05-29,2014-05-29 16:00:00,17,55.40107,71.29087
2014-05-29,2014-05-29 17:00:00,18,61.758022,77.24765
2014-05-29,2014-05-29 18:00:00,19,97.088905,90.12705
2014-05-29,2014-05-29 19:00:00,20,129.32486,111.71626
2014-05-29,2014-05-29 20:00:00,21,125.63837,123.84751
2014-05-29,2014-05-29 21:00:00,22,140.7286,143.85516
2014-05-29,2014-05-29 22:00:00,23,147.7774,147.16951
2014-05-29,2014-05-29 23:00:00,24,142.74399,145.28162
2014-05-30,2014-05-30 00:00:00,1,141.06618,123.04027
2014-05-30,2014-05-30 01:00:00,2,144.08423,118.37004
2014-05-30,2014-05-30 02:00:00,3,103.0615,124.622986
2014-05-30,2014-05-30 03:00:00,4,77.80749,116.87448
2014-05-30,2014-05-30 04:00:00,5,63.4258,87.7034
2014-05-30,2014-05-30 05:00:00,6,63.820187,55.49906
2014-05-30,2014-05-30 06:00:00,7,80.93249,38.617985
2014-05-30,2014-05-30 07:00:00,8,75.13369,53.070602
2014-05-30,2014-05-30 08:00:00,9,81.49064,60.751236
2014-05-30,2014-05-30 09:00:00,10,78.25535,64.86009
2014-05-30,2014-05-30 10:00:00,11,68.16511,61.887352
2014-05-30,2014-05-30 11:00:00,12,64.09091,70.57505
2014-05-30,2014-05-30 12:00:00,13,59.40842,65.70058
2014-05-30,2014-05-30 13:00:00,14,51.717915,55.20656
2014-05-30,2014-05-30 14:00:00,15,55.397728,58.13675
2014-05-30,2014-05-30 15:00:00,16,52.72059,67.0166
2014-05-30,2014-05-30 16:00:00,17,60.41444,65.20826
2014-05-30,2014-05-30 17:00:00,18,61.41711,85.46447
2014-05-30,2014-05-30 18:00:00,19,64.097595,107.038246
2014-05-30,2014-05-30 19:00:00,20,100.05013,130.80608
2014-05-30,2014-05-30 20:00:00,21,126.31016,137.66518
2014-05-30,2014-05-30 21:00:00,22,136.70789,141.80737
2014-05-30,2014-05-30 22:00:00,23,131.00267,130.87674
2014-05-30,2014-05-30 23:00:00,24,125.97594,144.74643
2014-05-31,2014-05-31 00:00:00,1,121.27674,121.05211
2014-05-31,2014-05-31 01:00:00,2,128.31885,129.40262
2014-05-31,2014-05-31 02:00:00,3,113.56618,103.74594
2014-05-31,2014-05-31 03:00:00,4,85.28409,72.93502
2014-05-31,2014-05-31 04:00:00,5,72.79412,58.332222
2014-05-31,2014-05-31 05:00:00,6,60.080215,60.210163
2014-05-31,2014-05-31 06:00:00,7,42.349598,62.533028
2014-05-31,2014-05-31 07:00:00,8,34.31818,57.84784
2014-05-31,2014-05-31 08:00:00,9,28.30214,63.92553
2014-05-31,2014-05-31 09:00:00,10,21.941845,87.934494
2014-05-31,2014-05-31 10:00:00,11,20.93583,80.5984
2014-05-31,2014-05-31 11:00:00,12,20.26738,81.034515
2014-05-31,2014-05-31 12:00:00,13,20.26738,69.10278
2014-05-31,2014-05-31 13:00:00,14,20.26738,65.14479
2014-05-31,2014-05-31 14:00:00,15,19.59893,67.20148
2014-05-31,2014-05-31 15:00:00,16,19.59893,70.14278
2014-05-31,2014-05-31 16:00:00,17,19.933155,78.77345
2014-05-31,2014-05-31 17:00:00,18,20.93583,82.333916
2014-05-31,2014-05-31 18:00:00,19,22.94786,90.54295
2014-05-31,2014-05-31 19:00:00,20,23.950535,108.68198
2014-05-31,2014-05-31 20:00:00,21,24.959892,128.35674
2014-05-31,2014-05-31 21:00:00,22,31.97861,138.76367
2014-05-31,2014-05-31 22:00:00,23,34.652405,117.21541
2014-05-31,2014-05-31 23:00:00,24,33.31551,136.54372
2014-06-01,2014-06-01 00:00:00,1,33.649734,33.904495
2014-06-01,2014-06-01 01:00:00,2,33.983955,35.182407
2014-06-01,2014-06-01 02:00:00,3,33.649734,35.355278
2014-06-01,2014-06-01 03:00:00,4,33.983955,31.017273
2014-06-01,2014-06-01 04:00:00,5,32.981285,32.36547
2014-06-01,2014-06-01 05:00:00,6,33.983955,29.228455
2014-06-01,2014-06-01 06:00:00,7,26.296791,28.455196
2014-06-01,2014-06-01 07:00:00,8,30.975935,25.289833
2014-06-01,2014-06-01 08:00:00,9,31.31016,23.17535
2014-06-01,2014-06-01 09:00:00,10,24.95655,26.372803
2014-06-01,2014-06-01 10:00:00,11,21.941845,24.1455
2014-06-01,2014-06-01 11:00:00,12,19.933155,19.008198
2014-06-01,2014-06-01 12:00:00,13,20.26738,17.754482
2014-06-01,2014-06-01 13:00:00,14,19.933155,15.950459
2014-06-01,2014-06-01 14:00:00,15,19.933155,16.361694
2014-06-01,2014-06-01 15:00:00,16,19.933155,18.134666
2014-06-01,2014-06-01 16:00:00,17,20.93583,20.200722
2014-06-01,2014-06-01 17:00:00,18,21.270054,23.359802
2014-06-01,2014-06-01 18:00:00,19,23.282085,21.45689
2014-06-01,2014-06-01 19:00:00,20,23.61631,20.141766
2014-06-01,2014-06-01 20:00:00,21,24.625668,23.735832
2014-06-01,2014-06-01 21:00:00,22,31.97861,27.958488
2014-06-01,2014-06-01 22:00:00,23,34.31818,28.551044
2014-06-01,2014-06-01 23:00:00,24,33.31551,31.649498
2014-06-02,2014-06-02 00:00:00,1,33.31551,37.713615
2014-06-02,2014-06-02 01:00:00,2,32.981285,38.696976
2014-06-02,2014-06-02 02:00:00,3,32.981285,39.858963
2014-06-02,2014-06-02 03:00:00,4,33.31551,36.434208
2014-06-02,2014-06-02 04:00:00,5,33.31551,31.291039
2014-06-02,2014-06-02 05:00:00,6,44.692513,30.647457
2014-06-02,2014-06-02 06:00:00,7,63.09158,29.340542
2014-06-02,2014-06-02 07:00:00,8,56.400402,35.8253
2014-06-02,2014-06-02 08:00:00,9,43.68984,42.60205
2014-06-02,2014-06-02 09:00:00,10,53.054813,58.406845
2014-06-02,2014-06-02 10:00:00,11,62.419785,71.31718
2014-06-02,2014-06-02 11:00:00,12,66.437164,71.74352
2014-06-02,2014-06-02 12:00:00,13,60.080215,76.663
2014-06-02,2014-06-02 13:00:00,14,55.40107,82.64326
2014-06-02,2014-06-02 14:00:00,15,51.714573,92.97524
2014-06-02,2014-06-02 15:00:00,16,50.708557,96.99463
2014-06-02,2014-06-02 16:00:00,17,52.72059,104.89483
2014-06-02,2014-06-02 17:00:00,18,54.73262,110.632996
2014-06-02,2014-06-02 18:00:00,19,54.06083,117.76752
2014-06-02,2014-06-02 19:00:00,20,90.681816,132.21042
2014-06-02,2014-06-02 20:00:00,21,143.0782,145.19064
2014-06-02,2014-06-02 21:00:00,22,145.09358,160.36725
2014-06-02,2014-06-02 22:00:00,23,131.67447,165.74374
2014-06-02,2014-06-02 23:00:00,24,131.67781,151.8923
2014-06-03,2014-06-03 00:00:00,1,139.38837,106.279205
2014-06-03,2014-06-03 01:00:00,2,131.00601,102.70061
2014-06-03,2014-06-03 02:00:00,3,101.38369,66.05103
2014-06-03,2014-06-03 03:00:00,4,75.13369,57.31949
2014-06-03,2014-06-03 04:00:00,5,70.12032,53.41028
2014-06-03,2014-06-03 05:00:00,6,73.52273,56.99504
2014-06-03,2014-06-03 06:00:00,7,76.864975,61.17474
2014-06-03,2014-06-03 07:00:00,8,63.429146,68.860374
2014-06-03,2014-06-03 08:00:00,9,50.71524,86.30859
2014-06-03,2014-06-03 09:00:00,10,61.41711,98.4601
2014-06-03,2014-06-03 10:00:00,11,60.41444,95.03514
2014-06-03,2014-06-03 11:00:00,12,64.428474,99.79324
2014-06-03,2014-06-03 12:00:00,13,68.10829,73.87669
2014-06-03,2014-06-03 13:00:00,14,58.409092,76.78775
2014-06-03,2014-06-03 14:00:00,15,59.07754,92.67771
2014-06-03,2014-06-03 15:00:00,16,63.4258,84.22444
2014-06-03,2014-06-03 16:00:00,17,62.757355,99.01614
2014-06-03,2014-06-03 17:00:00,18,67.43984,106.74129
2014-06-03,2014-06-03 18:00:00,19,83.940506,115.057846
2014-06-03,2014-06-03 19:00:00,20,106.46725,133.87874
2014-06-03,2014-06-03 20:00:00,21,156.49399,154.40298
2014-06-03,2014-06-03 21:00:00,22,151.46056,170.10129
2014-06-03,2014-06-03 22:00:00,23,139.38837,160.9896
2014-06-03,2014-06-03 23:00:00,24,133.35562,165.53339
2014-06-04,2014-06-04 00:00:00,1,123.95722,127.85045
2014-06-04,2014-06-04 01:00:00,2,137.71056,129.65874
2014-06-04,2014-06-04 02:00:00,3,99.03743,90.65867
2014-06-04,2014-06-04 03:00:00,4,73.46257,52.76143
2014-06-04,2014-06-04 04:00:00,5,63.09158,46.448177
2014-06-04,2014-06-04 05:00:00,6,63.485962,48.59333
2014-06-04,2014-06-04 06:00:00,7,79.53877,44.07233
2014-06-04,2014-06-04 07:00:00,8,69.44853,40.286625
2014-06-04,2014-06-04 08:00:00,9,46.363636,54.61152
2014-06-04,2014-06-04 09:00:00,10,75.59826,85.856255
2014-06-04,2014-06-04 10:00:00,11,108.536095,80.56264
2014-06-04,2014-06-04 11:00:00,12,112.222595,74.77974
2014-06-04,2014-06-04 12:00:00,13,113.23195,69.21976
2014-06-04,2014-06-04 13:00:00,14,104.17447,62.442123
2014-06-04,2014-06-04 14:00:00,15,77.20588,62.10059
2014-06-04,2014-06-04 15:00:00,16,75.46791,68.62649
2014-06-04,2014-06-04 16:00:00,17,84.278076,75.47662
2014-06-04,2014-06-04 17:00:00,18,85.28409,84.89264
2014-06-04,2014-06-04 18:00:00,19,81.153076,100.85864
2014-06-04,2014-06-04 19:00:00,20,73.46257,123.09973
2014-06-04,2014-06-04 20:00:00,21,133.68983,155.14774
2014-06-04,2014-06-04 21:00:00,22,135.36765,160.87448
2014-06-04,2014-06-04 22:00:00,23,130.33423,130.66881
2014-06-04,2014-06-04 23:00:00,24,127.312836,142.29248
2014-06-05,2014-06-05 00:00:00,1,124.294785,122.379974
2014-06-05,2014-06-05 01:00:00,2,128.65642,127.97652
2014-06-05,2014-06-05 02:00:00,3,104.50869,124.693756
2014-06-05,2014-06-05 03:00:00,4,79.15107,93.909134
2014-06-05,2014-06-05 04:00:00,5,68.10829,62.564133
2014-06-05,2014-06-05 05:00:00,6,67.49666,54.73462
2014-06-05,2014-06-05 06:00:00,7,76.80816,57.59353
2014-06-05,2014-06-05 07:00:00,8,67.10561,49.877754
2014-06-05,2014-06-05 08:00:00,9,63.4258,55.251423
2014-06-05,2014-06-05 09:00:00,10,55.40107,82.96735
2014-06-05,2014-06-05 10:00:00,11,56.403744,90.68064
2014-06-05,2014-06-05 11:00:00,12,48.03476,96.75274
2014-06-05,2014-06-05 12:00:00,13,51.717915,85.89081
2014-06-05,2014-06-05 13:00:00,14,48.0381,84.33241
2014-06-05,2014-06-05 14:00:00,15,59.411766,82.19368
2014-06-05,2014-06-05 15:00:00,16,65.096924,75.411224
2014-06-05,2014-06-05 16:00:00,17,71.12299,76.49621
2014-06-05,2014-06-05 17:00:00,18,77.4766,77.950584
2014-06-05,2014-06-05 18:00:00,19,73.12834,89.967
2014-06-05,2014-06-05 19:00:00,20,92.68382,108.118065
2014-06-05,2014-06-05 20:00:00,21,120.27072,131.53343
2014-06-05,2014-06-05 21:00:00,22,70.1738,153.07466
2014-06-05,2014-06-05 22:00:00,23,133.01805,138.52678
2014-06-05,2014-06-05 23:00:00,24,126.306816,139.58282
2014-06-06,2014-06-06 00:00:00,1,129.66243,112.31667
2014-06-06,2014-06-06 01:00:00,2,133.6865,104.921326
2014-06-06,2014-06-06 02:00:00,3,106.85829,75.35235
2014-06-06,2014-06-06 03:00:00,4,81.82487,58.77688
2014-06-06,2014-06-06 04:00:00,5,74.13102,51.464783
2014-06-06,2014-06-06 05:00:00,6,72.18249,43.623734
2014-06-06,2014-06-06 06:00:00,7,84.61898,40.44499
2014-06-06,2014-06-06 07:00:00,8,77.199196,40.053574
2014-06-06,2014-06-06 08:00:00,9,69.50201,36.31223
2014-06-06,2014-06-06 09:00:00,10,79.47861,31.72889
2014-06-06,2014-06-06 10:00:00,11,62.42313,30.434551
2014-06-06,2014-06-06 11:00:00,12,57.072193,29.325443
2014-06-06,2014-06-06 12:00:00,13,58.743317,31.861984
2014-06-06,2014-06-06 13:00:00,14,50.040108,28.751186
2014-06-06,2014-06-06 14:00:00,15,80.28075,34.611687
2014-06-06,2014-06-06 15:00:00,16,103.84024,40.909306
2014-06-06,2014-06-06 16:00:00,17,98.46925,39.63241
2014-06-06,2014-06-06 17:00:00,18,93.77674,42.066772
2014-06-06,2014-06-06 18:00:00,19,99.09091,39.47219
2014-06-06,2014-06-06 19:00:00,20,115.24398,37.264194
2014-06-06,2014-06-06 20:00:00,21,106.85495,43.19138
2014-06-06,2014-06-06 21:00:00,22,87.24599,42.766705
2014-06-06,2014-06-06 22:00:00,23,145.76204,48.696014
2014-06-06,2014-06-06 23:00:00,24,142.07219,50.570282
2014-06-07,2014-06-07 00:00:00,1,132.68382,128.50446
2014-06-07,2014-06-07 01:00:00,2,108.86698,119.91496
2014-06-07,2014-06-07 02:00:00,3,73.248665,80.40119
2014-06-07,2014-06-07 03:00:00,4,52.386364,54.3908
2014-06-07,2014-06-07 04:00:00,5,47.032085,52.604343
2014-06-07,2014-06-07 05:00:00,6,41.350266,49.135166
2014-06-07,2014-06-07 06:00:00,7,29.976604,48.071587
2014-06-07,2014-06-07 07:00:00,8,26.296791,48.812485
2014-06-07,2014-06-07 08:00:00,9,23.282085,56.17111
2014-06-07,2014-06-07 09:00:00,10,20.93583,62.722168
2014-06-07,2014-06-07 10:00:00,11,21.938503,53.22367
2014-06-07,2014-06-07 11:00:00,12,20.93583,54.82923
2014-06-07,2014-06-07 12:00:00,13,19.264706,54.845024
2014-06-07,2014-06-07 13:00:00,14,18.596256,63.958847
2014-06-07,2014-06-07 14:00:00,15,18.930481,67.63627
2014-06-07,2014-06-07 15:00:00,16,19.264706,75.30025
2014-06-07,2014-06-07 16:00:00,17,20.26738,79.6048
2014-06-07,2014-06-07 17:00:00,18,20.93583,86.39256
2014-06-07,2014-06-07 18:00:00,19,22.27607,98.990364
2014-06-07,2014-06-07 19:00:00,20,23.282085,91.69358
2014-06-07,2014-06-07 20:00:00,21,24.291445,90.584656
2014-06-07,2014-06-07 21:00:00,22,30.638369,98.78494
2014-06-07,2014-06-07 22:00:00,23,33.983955,96.58521
2014-06-07,2014-06-07 23:00:00,24,32.64706,115.89607
2014-06-08,2014-06-08 00:00:00,1,32.981285,36.516495
2014-06-08,2014-06-08 01:00:00,2,34.31818,40.880756
2014-06-08,2014-06-08 02:00:00,3,34.31818,37.18582
2014-06-08,2014-06-08 03:00:00,4,33.983955,33.831707
2014-06-08,2014-06-08 04:00:00,5,33.31551,29.189487
2014-06-08,2014-06-08 05:00:00,6,35.989304,29.331875
2014-06-08,2014-06-08 06:00:00,7,27.967915,25.288776
2014-06-08,2014-06-08 07:00:00,8,24.625668,36.94
2014-06-08,2014-06-08 08:00:00,9,25.628342,50.170376
2014-06-08,2014-06-08 09:00:00,10,22.27607,67.65897
2014-06-08,2014-06-08 10:00:00,11,21.604279,67.81476
2014-06-08,2014-06-08 11:00:00,12,20.26738,68.61438
2014-06-08,2014-06-08 12:00:00,13,23.619652,72.88918
2014-06-08,2014-06-08 13:00:00,14,21.945187,75.08429
2014-06-08,2014-06-08 14:00:00,15,22.610294,80.390884
2014-06-08,2014-06-08 15:00:00,16,20.93583,84.52782
2014-06-08,2014-06-08 16:00:00,17,21.270054,98.757
2014-06-08,2014-06-08 17:00:00,18,22.279411,110.27971
2014-06-08,2014-06-08 18:00:00,19,23.285427,117.53227
2014-06-08,2014-06-08 19:00:00,20,23.61631,133.46526
2014-06-08,2014-06-08 20:00:00,21,24.291445,138.6881
2014-06-08,2014-06-08 21:00:00,22,29.96992,147.1431
2014-06-08,2014-06-08 22:00:00,23,33.983955,152.46118
2014-06-08,2014-06-08 23:00:00,24,32.64706,142.00925
2014-06-09,2014-06-09 00:00:00,1,32.312836,35.887047
2014-06-09,2014-06-09 01:00:00,2,32.64706,35.402153
2014-06-09,2014-06-09 02:00:00,3,32.64706,39.11034
2014-06-09,2014-06-09 03:00:00,4,33.31551,35.371475
2014-06-09,2014-06-09 04:00:00,5,33.649734,29.27427
2014-06-09,2014-06-09 05:00:00,6,44.358288,26.263397
2014-06-09,2014-06-09 06:00:00,7,65.76537,22.414284
2014-06-09,2014-06-09 07:00:00,8,53.39238,29.509869
2014-06-09,2014-06-09 08:00:00,9,42.018715,30.845264
2014-06-09,2014-06-09 09:00:00,10,57.740643,43.94979
2014-06-09,2014-06-09 10:00:00,11,58.074867,56.132744
2014-06-09,2014-06-09 11:00:00,12,57.06885,56.97047
2014-06-09,2014-06-09 12:00:00,13,51.717915,65.80951
2014-06-09,2014-06-09 13:00:00,14,44.358288,75.24895
2014-06-09,2014-06-09 14:00:00,15,44.358288,83.999756
2014-06-09,2014-06-09 15:00:00,16,58.40575,85.23875
2014-06-09,2014-06-09 16:00:00,17,70.78877,92.45195
2014-06-09,2014-06-09 17:00:00,18,76.47393,98.85814
2014-06-09,2014-06-09 18:00:00,19,76.13636,108.30693
2014-06-09,2014-06-09 19:00:00,20,77.8877,120.78189
2014-06-09,2014-06-09 20:00:00,21,124.62901,129.81976
2014-06-09,2014-06-09 21:00:00,22,72.18583,143.29254
2014-06-09,2014-06-09 22:00:00,23,125.972595,148.41272
2014-06-09,2014-06-09 23:00:00,24,126.64439,143.17094
2014-06-10,2014-06-10 00:00:00,1,121.61096,85.232185
2014-06-10,2014-06-10 01:00:00,2,118.59626,51.994213
2014-06-10,2014-06-10 02:00:00,3,96.687836,60.84642
2014-06-10,2014-06-10 03:00:00,4,80.48463,49.962997
2014-06-10,2014-06-10 04:00:00,5,76.47059,53.640312
2014-06-10,2014-06-10 05:00:00,6,78.2119,49.660007
2014-06-10,2014-06-10 06:00:00,7,82.94452,38.266045
2014-06-10,2014-06-10 07:00:00,8,72.79412,62.736584
2014-06-10,2014-06-10 08:00:00,9,52.05214,62.416054
2014-06-10,2014-06-10 09:00:00,10,35.3242,59.880608
2014-06-10,2014-06-10 10:00:00,11,41.68449,71.22603
2014-06-10,2014-06-10 11:00:00,12,47.700535,77.867615
2014-06-10,2014-06-10 12:00:00,13,51.38035,78.605095
2014-06-10,2014-06-10 13:00:00,14,47.032085,73.74481
2014-06-10,2014-06-10 14:00:00,15,39.67246,91.58717
2014-06-10,2014-06-10 15:00:00,16,36.998665,85.67183
2014-06-10,2014-06-10 16:00:00,17,44.024063,103.046585
2014-06-10,2014-06-10 17:00:00,18,57.06551,111.438965
2014-06-10,2014-06-10 18:00:00,19,68.11163,119.42847
2014-06-10,2014-06-10 19:00:00,20,73.536095,122.0099
2014-06-10,2014-06-10 20:00:00,21,117.25267,109.774414
2014-06-10,2014-06-10 21:00:00,22,64.766045,118.78714
2014-06-10,2014-06-10 22:00:00,23,114.903076,133.86737
2014-06-10,2014-06-10 23:00:00,24,123.28877,146.8276
2014-06-11,2014-06-11 00:00:00,1,121.28008,95.482216
2014-06-11,2014-06-11 01:00:00,2,113.23195,94.96532
2014-06-11,2014-06-11 02:00:00,3,83.626335,87.18946
2014-06-11,2014-06-11 03:00:00,4,63.42246,65.52536
2014-06-11,2014-06-11 04:00:00,5,58.409092,63.915115
2014-06-11,2014-06-11 05:00:00,6,58.40575,57.218597
2014-06-11,2014-06-11 06:00:00,7,73.46257,45.183575
2014-06-11,2014-06-11 07:00:00,8,70.12032,65.762924
2014-06-11,2014-06-11 08:00:00,9,52.383022,54.32531
2014-06-11,2014-06-11 09:00:00,10,48.368984,75.48998
2014-06-11,2014-06-11 10:00:00,11,48.0381,76.89571
2014-06-11,2014-06-11 11:00:00,12,45.364304,78.305405
2014-06-11,2014-06-11 12:00:00,13,51.046124,75.672
2014-06-11,2014-06-11 13:00:00,14,47.032085,72.68192
2014-06-11,2014-06-11 14:00:00,15,58.071526,87.559875
2014-06-11,2014-06-11 15:00:00,16,80.54813,92.12327
2014-06-11,2014-06-11 16:00:00,17,93.10829,103.2381
2014-06-11,2014-06-11 17:00:00,18,91.03944,115.660164
2014-06-11,2014-06-11 18:00:00,19,116.92179,116.99544
2014-06-11,2014-06-11 19:00:00,20,111.550804,142.1162
2014-06-11,2014-06-11 20:00:00,21,145.09024,135.57715
2014-06-11,2014-06-11 21:00:00,22,85.233955,128.46786
2014-06-11,2014-06-11 22:00:00,23,138.38235,120.65572
2014-06-11,2014-06-11 23:00:00,24,130.6718,158.32352
2014-06-12,2014-06-12 00:00:00,1,125.64171,101.421364
2014-06-12,2014-06-12 01:00:00,2,120.27406,67.71494
2014-06-12,2014-06-12 02:00:00,3,93.00802,48.645744
2014-06-12,2014-06-12 03:00:00,4,71.45722,51.8098
2014-06-12,2014-06-12 04:00:00,5,63.4258,57.549877
2014-06-12,2014-06-12 05:00:00,6,63.820187,49.510384
2014-06-12,2014-06-12 06:00:00,7,74.80281,37.138687
2014-06-12,2014-06-12 07:00:00,8,68.783424,58.775013
2014-06-12,2014-06-12 08:00:00,9,51.38369,74.648796
2014-06-12,2014-06-12 09:00:00,10,52.386364,66.59589
2014-06-12,2014-06-12 10:00:00,11,51.38369,75.970695
2014-06-12,2014-06-12 11:00:00,12,49.37166,82.36511
2014-06-12,2014-06-12 12:00:00,13,48.70321,78.99488
2014-06-12,2014-06-12 13:00:00,14,47.032085,73.97884
2014-06-12,2014-06-12 14:00:00,15,49.709225,88.29586
2014-06-12,2014-06-12 15:00:00,16,53.723263,100.58027
2014-06-12,2014-06-12 16:00:00,17,64.097595,105.609116
2014-06-12,2014-06-12 17:00:00,18,88.312164,114.33212
2014-06-12,2014-06-12 18:00:00,19,96.79144,139.10995
2014-06-12,2014-06-12 19:00:00,20,89.75267,165.04034
2014-06-12,2014-06-12 20:00:00,21,142.74065,158.84264
2014-06-12,2014-06-12 21:00:00,22,81.554146,138.0242
2014-06-12,2014-06-12 22:00:00,23,140.06017,145.15118
2014-06-12,2014-06-12 23:00:00,24,129.66243,145.97838
2014-06-13,2014-06-13 00:00:00,1,131.00601,95.70447
2014-06-13,2014-06-13 01:00:00,2,135.70187,56.456955
2014-06-13,2014-06-13 02:00:00,3,142.74399,45.50641
2014-06-13,2014-06-13 03:00:00,4,133.29546,44.78438
2014-06-13,2014-06-13 04:00:00,5,68.10829,43.041527
2014-06-13,2014-06-13 05:00:00,6,71.84826,38.019268
2014-06-13,2014-06-13 06:00:00,7,74.52206,30.73919
2014-06-13,2014-06-13 07:00:00,8,60.752007,60.32578
2014-06-13,2014-06-13 08:00:00,9,50.377674,64.564285
2014-06-13,2014-06-13 09:00:00,10,63.42246,54.215225
2014-06-13,2014-06-13 10:00:00,11,63.760025,64.36844
2014-06-13,2014-06-13 11:00:00,12,62.088905,68.335754
2014-06-13,2014-06-13 12:00:00,13,74.13102,61.206
2014-06-13,2014-06-13 13:00:00,14,68.445854,60.72644
2014-06-13,2014-06-13 14:00:00,15,69.44853,73.39353
2014-06-13,2014-06-13 15:00:00,16,75.80214,83.69375
2014-06-13,2014-06-13 16:00:00,17,72.45989,94.81776
2014-06-13,2014-06-13 17:00:00,18,69.117645,101.312225
2014-06-13,2014-06-13 18:00:00,19,69.45187,120.50015
2014-06-13,2014-06-13 19:00:00,20,64.09425,136.9743
2014-06-13,2014-06-13 20:00:00,21,115.57821,127.27912
2014-06-13,2014-06-13 21:00:00,22,69.17112,127.54494
2014-06-13,2014-06-13 22:00:00,23,129.99666,133.53888
2014-06-13,2014-06-13 23:00:00,24,126.975266,139.23447
2014-06-14,2014-06-14 00:00:00,1,121.94853,115.294365
2014-06-14,2014-06-14 01:00:00,2,135.69853,116.369644
2014-06-14,2014-06-14 02:00:00,3,116.58422,92.79231
2014-06-14,2014-06-14 03:00:00,4,85.28409,55.420166
2014-06-14,2014-06-14 04:00:00,5,73.79679,47.866226
2014-06-14,2014-06-14 05:00:00,6,62.08556,51.960464
2014-06-14,2014-06-14 06:00:00,7,45.69853,49.224575
2014-06-14,2014-06-14 07:00:00,8,36.998665,47.797195
2014-06-14,2014-06-14 08:00:00,9,30.975935,41.83947
2014-06-14,2014-06-14 09:00:00,10,28.30214,69.35275
2014-06-14,2014-06-14 10:00:00,11,30.64171,64.8688
2014-06-14,2014-06-14 11:00:00,12,27.299465,62.160633
2014-06-14,2014-06-14 12:00:00,13,25.628342,62.314156
2014-06-14,2014-06-14 13:00:00,14,26.631016,68.58578
2014-06-14,2014-06-14 14:00:00,15,25.962566,69.10009
2014-06-14,2014-06-14 15:00:00,16,27.299465,71.49548
2014-06-14,2014-06-14 16:00:00,17,25.962566,76.66925
2014-06-14,2014-06-14 17:00:00,18,26.296791,79.07405
2014-06-14,2014-06-14 18:00:00,19,26.631016,81.14762
2014-06-14,2014-06-14 19:00:00,20,24.288101,83.33215
2014-06-14,2014-06-14 20:00:00,21,25.628342,86.90724
2014-06-14,2014-06-14 21:00:00,22,30.975935,102.72737
2014-06-14,2014-06-14 22:00:00,23,34.98663,97.867805
2014-06-14,2014-06-14 23:00:00,24,33.983955,136.66031
2014-06-15,2014-06-15 00:00:00,1,33.649734,36.02999
2014-06-15,2014-06-15 01:00:00,2,33.649734,36.609142
2014-06-15,2014-06-15 02:00:00,3,33.983955,36.702656
2014-06-15,2014-06-15 03:00:00,4,33.649734,35.28671
2014-06-15,2014-06-15 04:00:00,5,32.981285,35.623276
2014-06-15,2014-06-15 05:00:00,6,34.652405,36.187008
2014-06-15,2014-06-15 06:00:00,7,26.631016,36.092587
2014-06-15,2014-06-15 07:00:00,8,29.304813,34.796364
2014-06-15,2014-06-15 08:00:00,9,32.64706,33.761864
2014-06-15,2014-06-15 09:00:00,10,26.96524,33.398785
2014-06-15,2014-06-15 10:00:00,11,22.610294,32.31718
2014-06-15,2014-06-15 11:00:00,12,22.951202,28.45652
2014-06-15,2014-06-15 12:00:00,13,23.622995,26.214203
2014-06-15,2014-06-15 13:00:00,14,21.941845,24.016315
2014-06-15,2014-06-15 14:00:00,15,20.601604,22.80521
2014-06-15,2014-06-15 15:00:00,16,20.601604,24.107521
2014-06-15,2014-06-15 16:00:00,17,21.604279,23.510086
2014-06-15,2014-06-15 17:00:00,18,21.604279,25.266865
2014-06-15,2014-06-15 18:00:00,19,23.953876,23.435448
2014-06-15,2014-06-15 19:00:00,20,24.959892,23.349182
2014-06-15,2014-06-15 20:00:00,21,25.628342,26.850426
2014-06-15,2014-06-15 21:00:00,22,31.31016,29.053795
2014-06-15,2014-06-15 22:00:00,23,35.65508,31.176632
2014-06-15,2014-06-15 23:00:00,24,33.983955,33.4213
2014-06-16,2014-06-16 00:00:00,1,34.31818,37.5608
2014-06-16,2014-06-16 01:00:00,2,34.31818,37.448032
2014-06-16,2014-06-16 02:00:00,3,34.31818,33.336197
2014-06-16,2014-06-16 03:00:00,4,33.983955,38.898872
2014-06-16,2014-06-16 04:00:00,5,34.98663,35.240337
2014-06-16,2014-06-16 05:00:00,6,46.02941,38.032944
2014-06-16,2014-06-16 06:00:00,7,66.43382,32.273697
2014-06-16,2014-06-16 07:00:00,8,62.75401,33.91316
2014-06-16,2014-06-16 08:00:00,9,61.41711,39.278915
2014-06-16,2014-06-16 09:00:00,10,68.445854,56.737465
2014-06-16,2014-06-16 10:00:00,11,72.12567,72.37459
2014-06-16,2014-06-16 11:00:00,12,70.78877,90.882935
2014-06-16,2014-06-16 12:00:00,13,79.47861,96.5338
2014-06-16,2014-06-16 13:00:00,14,77.80749,96.96043
2014-06-16,2014-06-16 14:00:00,15,80.544785,101.10293
2014-06-16,2014-06-16 15:00:00,16,88.40909,100.75344
2014-06-16,2014-06-16 16:00:00,17,89.75267,100.32298
2014-06-16,2014-06-16 17:00:00,18,78.81016,107.37747
2014-06-16,2014-06-16 18:00:00,19,68.445854,117.863304
2014-06-16,2014-06-16 19:00:00,20,62.419785,147.71718
2014-06-16,2014-06-16 20:00:00,21,119.59893,152.38486
2014-06-16,2014-06-16 21:00:00,22,72.5234,162.3275
2014-06-16,2014-06-16 22:00:00,23,130.0,169.29553
2014-06-16,2014-06-16 23:00:00,24,124.963234,163.5617
2014-06-17,2014-06-17 00:00:00,1,128.65642,85.96129
2014-06-17,2014-06-17 01:00:00,2,137.04211,49.702553
2014-06-17,2014-06-17 02:00:00,3,92.01203,66.616
2014-06-17,2014-06-17 03:00:00,4,61.751335,53.480812
2014-06-17,2014-06-17 04:00:00,5,58.743317,54.541412
2014-06-17,2014-06-17 05:00:00,6,62.817513,57.062866
2014-06-17,2014-06-17 06:00:00,7,76.864975,55.426823
2014-06-17,2014-06-17 07:00:00,8,61.420456,77.37956
2014-06-17,2014-06-17 08:00:00,9,56.734627,80.7727
2014-06-17,2014-06-17 09:00:00,10,71.45722,85.12117
2014-06-17,2014-06-17 10:00:00,11,82.329544,88.58467
2014-06-17,2014-06-17 11:00:00,12,88.68984,95.175865
2014-06-17,2014-06-17 12:00:00,13,81.20989,100.88416
2014-06-17,2014-06-17 13:00:00,14,76.13636,93.06467
2014-06-17,2014-06-17 14:00:00,15,79.81618,99.555084
2014-06-17,2014-06-17 15:00:00,16,80.15374,94.26532
2014-06-17,2014-06-17 16:00:00,17,81.153076,111.80394
2014-06-17,2014-06-17 17:00:00,18,74.79947,114.27472
2014-06-17,2014-06-17 18:00:00,19,62.757355,111.77884
2014-06-17,2014-06-17 19:00:00,20,66.76805,106.21054
2014-06-17,2014-06-17 20:00:00,21,118.59626,94.581154
2014-06-17,2014-06-17 21:00:00,22,73.52273,130.13715
2014-06-17,2014-06-17 22:00:00,23,122.28275,143.34769
2014-06-17,2014-06-17 23:00:00,24,123.96056,147.05664
2014-06-18,2014-06-18 00:00:00,1,124.62901,115.233185
2014-06-18,2014-06-18 01:00:00,2,121.94853,96.173546
2014-06-18,2014-06-18 02:00:00,3,62.81417,60.00776
2014-06-18,2014-06-18 03:00:00,4,43.355614,49.230614
2014-06-18,2014-06-18 04:00:00,5,41.68449,51.810246
2014-06-18,2014-06-18 05:00:00,6,51.717915,53.44024
2014-06-18,2014-06-18 06:00:00,7,74.12767,51.62834
2014-06-18,2014-06-18 07:00:00,8,78.87032,53.35563
2014-06-18,2014-06-18 08:00:00,9,90.367645,77.44759
2014-06-18,2014-06-18 09:00:00,10,65.43115,80.627426
2014-06-18,2014-06-18 10:00:00,11,60.748665,86.29444
2014-06-18,2014-06-18 11:00:00,12,74.46524,91.02484
2014-06-18,2014-06-18 12:00:00,13,82.66377,87.715164
2014-06-18,2014-06-18 13:00:00,14,78.8135,80.82596
2014-06-18,2014-06-18 14:00:00,15,82.222595,89.70148
2014-06-18,2014-06-18 15:00:00,16,84.278076,93.291115
2014-06-18,2014-06-18 16:00:00,17,83.606285,99.199646
2014-06-18,2014-06-18 17:00:00,18,79.2012,96.31879
2014-06-18,2014-06-18 18:00:00,19,90.99599,106.60578
2014-06-18,2014-06-18 19:00:00,20,118.25869,115.65045
2014-06-18,2014-06-18 20:00:00,21,122.954544,124.9344
2014-06-18,2014-06-18 21:00:00,22,132.01204,129.19081
2014-06-18,2014-06-18 22:00:00,23,131.00601,142.7542
2014-06-18,2014-06-18 23:00:00,24,122.28275,147.9183
2014-06-19,2014-06-19 00:00:00,1,116.58422,94.829315
2014-06-19,2014-06-19 01:00:00,2,114.903076,60.871243
2014-06-19,2014-06-19 02:00:00,3,91.67112,49.87338
2014-06-19,2014-06-19 03:00:00,4,71.79144,47.388725
2014-06-19,2014-06-19 04:00:00,5,64.766045,42.07664
2014-06-19,2014-06-19 05:00:00,6,68.16845,39.979763
2014-06-19,2014-06-19 06:00:00,7,82.21925,45.06491
2014-06-19,2014-06-19 07:00:00,8,64.09425,71.607315
2014-06-19,2014-06-19 08:00:00,9,52.05214,79.2017
2014-06-19,2014-06-19 09:00:00,10,53.389038,74.88144
2014-06-19,2014-06-19 10:00:00,11,53.389038,77.99295
2014-06-19,2014-06-19 11:00:00,12,57.740643,77.790695
2014-06-19,2014-06-19 12:00:00,13,65.76537,71.74258
2014-06-19,2014-06-19 13:00:00,14,66.10294,70.46236
2014-06-19,2014-06-19 14:00:00,15,80.82219,75.23848
2014-06-19,2014-06-19 15:00:00,16,88.693184,80.19037
2014-06-19,2014-06-19 16:00:00,17,99.14439,92.23588
2014-06-19,2014-06-19 17:00:00,18,94.11096,101.62743
2014-06-19,2014-06-19 18:00:00,19,94.44853,125.80722
2014-06-19,2014-06-19 19:00:00,20,112.21925,137.27959
2014-06-19,2014-06-19 20:00:00,21,132.68048,142.71393
2014-06-19,2014-06-19 21:00:00,22,100.04345,154.85573
2014-06-19,2014-06-19 22:00:00,23,132.68382,152.67856
2014-06-19,2014-06-19 23:00:00,24,124.966576,138.01501
2014-06-20,2014-06-20 00:00:00,1,121.27674,114.010895
2014-06-20,2014-06-20 01:00:00,2,133.35562,92.021774
2014-06-20,2014-06-20 02:00:00,3,100.04011,52.158157
2014-06-20,2014-06-20 03:00:00,4,79.47861,51.97586
2014-06-20,2014-06-20 04:00:00,5,72.45989,50.259193
2014-06-20,2014-06-20 05:00:00,6,73.51939,47.099976
2014-06-20,2014-06-20 06:00:00,7,85.95588,37.029385
2014-06-20,2014-06-20 07:00:00,8,75.13369,42.1455
2014-06-20,2014-06-20 08:00:00,9,54.391712,77.31001
2014-06-20,2014-06-20 09:00:00,10,63.09158,61.56897
2014-06-20,2014-06-20 10:00:00,11,73.79679,65.741066
2014-06-20,2014-06-20 11:00:00,12,79.81952,67.14119
2014-06-20,2014-06-20 12:00:00,13,70.11698,69.85492
2014-06-20,2014-06-20 13:00:00,14,64.7627,70.09262
2014-06-20,2014-06-20 14:00:00,15,75.46791,75.902504
2014-06-20,2014-06-20 15:00:00,16,70.454544,82.972916
2014-06-20,2014-06-20 16:00:00,17,63.088234,89.41617
2014-06-20,2014-06-20 17:00:00,18,64.428474,99.41281
2014-06-20,2014-06-20 18:00:00,19,60.080215,115.19339
2014-06-20,2014-06-20 19:00:00,20,96.08623,121.116135
2014-06-20,2014-06-20 20:00:00,21,115.24064,133.08601
2014-06-20,2014-06-20 21:00:00,22,122.61698,112.679016
2014-06-20,2014-06-20 22:00:00,23,125.97594,136.1377
2014-06-20,2014-06-20 23:00:00,24,124.62901,140.72644
2014-06-21,2014-06-21 00:00:00,1,118.59626,118.08987
2014-06-21,2014-06-21 01:00:00,2,115.91243,123.192505
2014-06-21,2014-06-21 02:00:00,3,84.96992,96.35066
2014-06-21,2014-06-21 03:00:00,4,63.756683,63.096382
2014-06-21,2014-06-21 04:00:00,5,57.406418,51.682713
2014-06-21,2014-06-21 05:00:00,6,49.375,52.92356
2014-06-21,2014-06-21 06:00:00,7,35.65842,53.821815
2014-06-21,2014-06-21 07:00:00,8,30.975935,47.82488
2014-06-21,2014-06-21 08:00:00,9,27.967915,53.21811
2014-06-21,2014-06-21 09:00:00,10,24.95655,78.031334
2014-06-21,2014-06-21 10:00:00,11,23.619652,70.626114
2014-06-21,2014-06-21 11:00:00,12,22.27607,68.833984
2014-06-21,2014-06-21 12:00:00,13,21.270054,62.45172
2014-06-21,2014-06-21 13:00:00,14,21.270054,60.08967
2014-06-21,2014-06-21 14:00:00,15,21.270054,62.527042
2014-06-21,2014-06-21 15:00:00,16,22.94786,63.674477
2014-06-21,2014-06-21 16:00:00,17,25.294117,67.36206
2014-06-21,2014-06-21 17:00:00,18,24.625668,71.57373
2014-06-21,2014-06-21 18:00:00,19,26.631016,80.4586
2014-06-21,2014-06-21 19:00:00,20,29.639038,91.907265
2014-06-21,2014-06-21 20:00:00,21,28.636364,103.68176
2014-06-21,2014-06-21 21:00:00,22,33.9873,113.59593
2014-06-21,2014-06-21 22:00:00,23,37.33289,93.67038
2014-06-21,2014-06-21 23:00:00,24,34.98663,110.16835
2014-06-22,2014-06-22 00:00:00,1,35.320854,33.898384
2014-06-22,2014-06-22 01:00:00,2,35.320854,32.920162
2014-06-22,2014-06-22 02:00:00,3,35.320854,42.605854
2014-06-22,2014-06-22 03:00:00,4,34.98663,32.04508
2014-06-22,2014-06-22 04:00:00,5,35.320854,32.33456
2014-06-22,2014-06-22 05:00:00,6,35.65508,30.771164
2014-06-22,2014-06-22 06:00:00,7,27.63369,17.447983
2014-06-22,2014-06-22 07:00:00,8,28.636364,28.481453
2014-06-22,2014-06-22 08:00:00,9,29.304813,27.13499
2014-06-22,2014-06-22 09:00:00,10,25.962566,38.752686
2014-06-22,2014-06-22 10:00:00,11,24.291445,36.092846
2014-06-22,2014-06-22 11:00:00,12,23.285427,34.756943
2014-06-22,2014-06-22 12:00:00,13,23.953876,45.01069
2014-06-22,2014-06-22 13:00:00,14,24.291445,41.883877
2014-06-22,2014-06-22 14:00:00,15,24.625668,47.31012
2014-06-22,2014-06-22 15:00:00,16,23.619652,45.3323
2014-06-22,2014-06-22 16:00:00,17,23.619652,60.560368
2014-06-22,2014-06-22 17:00:00,18,23.285427,81.72305
2014-06-22,2014-06-22 18:00:00,19,24.288101,77.67795
2014-06-22,2014-06-22 19:00:00,20,24.959892,72.29258
2014-06-22,2014-06-22 20:00:00,21,26.296791,65.04424
2014-06-22,2014-06-22 21:00:00,22,33.31551,71.78196
2014-06-22,2014-06-22 22:00:00,23,36.32353,79.20724
2014-06-22,2014-06-22 23:00:00,24,34.652405,83.67883
2014-06-23,2014-06-23 00:00:00,1,34.98663,34.95677
2014-06-23,2014-06-23 01:00:00,2,34.652405,35.783424
2014-06-23,2014-06-23 02:00:00,3,34.98663,36.33955
2014-06-23,2014-06-23 03:00:00,4,34.98663,32.713463
2014-06-23,2014-06-23 04:00:00,5,35.65508,30.368591
2014-06-23,2014-06-23 05:00:00,6,46.02941,33.521835
2014-06-23,2014-06-23 06:00:00,7,69.77941,28.457924
2014-06-23,2014-06-23 07:00:00,8,68.44251,36.365517
2014-06-23,2014-06-23 08:00:00,9,78.14505,44.61692
2014-06-23,2014-06-23 09:00:00,10,81.153076,75.64424
2014-06-23,2014-06-23 10:00:00,11,85.28409,81.763504
2014-06-23,2014-06-23 11:00:00,12,56.400402,81.44285
2014-06-23,2014-06-23 12:00:00,13,57.740643,87.99385
2014-06-23,2014-06-23 13:00:00,14,60.41778,89.12477
2014-06-23,2014-06-23 14:00:00,15,77.81083,92.39174
2014-06-23,2014-06-23 15:00:00,16,113.225266,94.22891
2014-06-23,2014-06-23 16:00:00,17,128.32219,98.403114
2014-06-23,2014-06-23 17:00:00,18,125.63837,112.15146
2014-06-23,2014-06-23 18:00:00,19,111.21992,123.42481
2014-06-23,2014-06-23 19:00:00,20,102.15909,144.55415
2014-06-23,2014-06-23 20:00:00,21,138.38235,148.8349
2014-06-23,2014-06-23 21:00:00,22,166.40709,162.17685
2014-06-23,2014-06-23 22:00:00,23,153.47594,159.64224
2014-06-23,2014-06-23 23:00:00,24,138.71992,159.311
2014-06-24,2014-06-24 00:00:00,1,130.66844,74.74474
2014-06-24,2014-06-24 01:00:00,2,98.472595,58.29532
2014-06-24,2014-06-24 02:00:00,3,66.49398,59.15519
2014-06-24,2014-06-24 03:00:00,4,45.026737,58.959072
2014-06-24,2014-06-24 04:00:00,5,40.68182,50.41388
2014-06-24,2014-06-24 05:00:00,6,50.381016,55.271095
2014-06-24,2014-06-24 06:00:00,7,70.44786,91.30474
2014-06-24,2014-06-24 07:00:00,8,55.397728,82.79353
2014-06-24,2014-06-24 08:00:00,9,43.355614,70.77225
2014-06-24,2014-06-24 09:00:00,10,64.09425,69.353905
2014-06-24,2014-06-24 10:00:00,11,78.19853,72.37787
2014-06-24,2014-06-24 11:00:00,12,93.10495,62.629723
2014-06-24,2014-06-24 12:00:00,13,89.027405,73.38394
2014-06-24,2014-06-24 13:00:00,14,76.47059,78.77389
2014-06-24,2014-06-24 14:00:00,15,73.12834,87.03497
2014-06-24,2014-06-24 15:00:00,16,78.536095,105.6779
2014-06-24,2014-06-24 16:00:00,17,82.937836,114.137474
2014-06-24,2014-06-24 17:00:00,18,100.81885,132.94295
2014-06-24,2014-06-24 18:00:00,19,116.58757,151.83475
2014-06-24,2014-06-24 19:00:00,20,108.87032,125.9516
2014-06-24,2014-06-24 20:00:00,21,156.49733,144.73541
2014-06-24,2014-06-24 21:00:00,22,100.82219,157.56754
2014-06-24,2014-06-24 22:00:00,23,150.12032,154.32388
2014-06-24,2014-06-24 23:00:00,24,136.70454,139.13937
2014-06-25,2014-06-25 00:00:00,1,99.14439,76.34878
2014-06-25,2014-06-25 01:00:00,2,81.20655,42.388107
2014-06-25,2014-06-25 02:00:00,3,54.057487,39.81341
2014-06-25,2014-06-25 03:00:00,4,35.989304,37.4813
2014-06-25,2014-06-25 04:00:00,5,36.32687,34.86122
2014-06-25,2014-06-25 05:00:00,6,46.69786,39.154915
2014-06-25,2014-06-25 06:00:00,7,69.77941,61.83747
2014-06-25,2014-06-25 07:00:00,8,68.10829,70.1241
2014-06-25,2014-06-25 08:00:00,9,76.80481,62.666245
2014-06-25,2014-06-25 09:00:00,10,61.758022,66.69292
2014-06-25,2014-06-25 10:00:00,11,53.723263,75.577705
2014-06-25,2014-06-25 11:00:00,12,50.040108,68.06382
2014-06-25,2014-06-25 12:00:00,13,51.38035,73.319145
2014-06-25,2014-06-25 13:00:00,14,49.709225,77.3908
2014-06-25,2014-06-25 14:00:00,15,62.75401,78.86221
2014-06-25,2014-06-25 15:00:00,16,76.13636,89.47914
2014-06-25,2014-06-25 16:00:00,17,80.48463,99.55579
2014-06-25,2014-06-25 17:00:00,18,91.707886,109.67706
2014-06-25,2014-06-25 18:00:00,19,106.47059,135.62434
2014-06-25,2014-06-25 19:00:00,20,146.09625,128.9682
2014-06-25,2014-06-25 20:00:00,21,151.12968,136.74069
2014-06-25,2014-06-25 21:00:00,22,93.33556,145.95969
2014-06-25,2014-06-25 22:00:00,23,144.4218,138.64767
2014-06-25,2014-06-25 23:00:00,24,131.00601,130.55594
2014-06-26,2014-06-26 00:00:00,1,128.31885,74.43643
2014-06-26,2014-06-26 01:00:00,2,103.84024,36.29615
2014-06-26,2014-06-26 02:00:00,3,73.582886,33.203785
2014-06-26,2014-06-26 03:00:00,4,51.38035,31.07874
2014-06-26,2014-06-26 04:00:00,5,46.02941,28.245811
2014-06-26,2014-06-26 05:00:00,6,54.057487,31.695992
2014-06-26,2014-06-26 06:00:00,7,73.46591,50.160248
2014-06-26,2014-06-26 07:00:00,8,67.77406,69.55464
2014-06-26,2014-06-26 08:00:00,9,56.734627,61.61563
2014-06-26,2014-06-26 09:00:00,10,47.36631,62.342968
2014-06-26,2014-06-26 10:00:00,11,55.731953,68.47232
2014-06-26,2014-06-26 11:00:00,12,63.088234,63.043793
2014-06-26,2014-06-26 12:00:00,13,69.1143,63.81998
2014-06-26,2014-06-26 13:00:00,14,66.437164,68.15537
2014-06-26,2014-06-26 14:00:00,15,69.44853,73.6681
2014-06-26,2014-06-26 15:00:00,16,74.13102,83.0712
2014-06-26,2014-06-26 16:00:00,17,77.47326,96.24836
2014-06-26,2014-06-26 17:00:00,18,91.42714,110.14537
2014-06-26,2014-06-26 18:00:00,19,86.95856,137.0201
2014-06-26,2014-06-26 19:00:00,20,71.7881,141.31021
2014-06-26,2014-06-26 20:00:00,21,86.303474,142.15399
2014-06-26,2014-06-26 21:00:00,22,82.222595,147.27762
2014-06-26,2014-06-26 22:00:00,23,136.70789,134.44043
2014-06-26,2014-06-26 23:00:00,24,132.01204,129.76878
2014-06-27,2014-06-27 00:00:00,1,126.306816,89.267586
2014-06-27,2014-06-27 01:00:00,2,95.4512,42.044407
2014-06-27,2014-06-27 02:00:00,3,67.83088,37.486687
2014-06-27,2014-06-27 03:00:00,4,45.695187,40.154858
2014-06-27,2014-06-27 04:00:00,5,41.350266,31.282852
2014-06-27,2014-06-27 05:00:00,6,50.381016,26.0993
2014-06-27,2014-06-27 06:00:00,7,66.43382,21.776527
2014-06-27,2014-06-27 07:00:00,8,57.403076,33.121956
2014-06-27,2014-06-27 08:00:00,9,42.35294,32.829136
2014-06-27,2014-06-27 09:00:00,10,48.0381,38.907448
2014-06-27,2014-06-27 10:00:00,11,82.21591,51.78752
2014-06-27,2014-06-27 11:00:00,12,72.45655,51.87172
2014-06-27,2014-06-27 12:00:00,13,66.437164,49.006252
2014-06-27,2014-06-27 13:00:00,14,66.437164,45.17907
2014-06-27,2014-06-27 14:00:00,15,67.43984,54.104202
2014-06-27,2014-06-27 15:00:00,16,74.13102,58.33596
2014-06-27,2014-06-27 16:00:00,17,80.15374,63.11245
2014-06-27,2014-06-27 17:00:00,18,57.399734,61.301666
2014-06-27,2014-06-27 18:00:00,19,38.33556,68.86873
2014-06-27,2014-06-27 19:00:00,20,47.700535,75.6037
2014-06-27,2014-06-27 20:00:00,21,64.7627,58.95581
2014-06-27,2014-06-27 21:00:00,22,55.397728,67.91963
2014-06-27,2014-06-27 22:00:00,23,93.33222,81.63813
2014-06-27,2014-06-27 23:00:00,24,103.11832,77.561165
2014-06-28,2014-06-28 00:00:00,1,79.81952,66.58196
2014-06-28,2014-06-28 01:00:00,2,75.80214,34.50068
2014-06-28,2014-06-28 02:00:00,3,51.046124,33.106766
2014-06-28,2014-06-28 03:00:00,4,34.98663,25.661541
2014-06-28,2014-06-28 04:00:00,5,33.31551,23.20932
2014-06-28,2014-06-28 05:00:00,6,33.649734,23.614815
2014-06-28,2014-06-28 06:00:00,7,25.625,20.35083
2014-06-28,2014-06-28 07:00:00,8,27.299465,26.008251
2014-06-28,2014-06-28 08:00:00,9,24.291445,12.669163
2014-06-28,2014-06-28 09:00:00,10,22.27607,27.751282
2014-06-28,2014-06-28 10:00:00,11,20.93583,42.652424
2014-06-28,2014-06-28 11:00:00,12,20.601604,42.20266
2014-06-28,2014-06-28 12:00:00,13,21.270054,34.743237
2014-06-28,2014-06-28 13:00:00,14,20.93583,31.64964
2014-06-28,2014-06-28 14:00:00,15,21.270054,31.799358
2014-06-28,2014-06-28 15:00:00,16,20.93583,34.99216
2014-06-28,2014-06-28 16:00:00,17,21.270054,45.328827
2014-06-28,2014-06-28 17:00:00,18,22.272728,42.768497
2014-06-28,2014-06-28 18:00:00,19,22.610294,30.205055
2014-06-28,2014-06-28 19:00:00,20,23.61631,34.182037
2014-06-28,2014-06-28 20:00:00,21,24.959892,19.997158
2014-06-28,2014-06-28 21:00:00,22,29.973263,40.625896
2014-06-28,2014-06-28 22:00:00,23,34.98663,46.104454
2014-06-28,2014-06-28 23:00:00,24,33.31551,37.868576
2014-06-29,2014-06-29 00:00:00,1,33.649734,32.755917
2014-06-29,2014-06-29 01:00:00,2,33.649734,33.237244
2014-06-29,2014-06-29 02:00:00,3,33.31551,33.709747
2014-06-29,2014-06-29 03:00:00,4,33.31551,30.889927
2014-06-29,2014-06-29 04:00:00,5,33.31551,32.01535
2014-06-29,2014-06-29 05:00:00,6,33.983955,31.020748
2014-06-29,2014-06-29 06:00:00,7,24.95655,30.328026
2014-06-29,2014-06-29 07:00:00,8,23.619652,27.781265
2014-06-29,2014-06-29 08:00:00,9,23.619652,25.652424
2014-06-29,2014-06-29 09:00:00,10,21.604279,26.948742
2014-06-29,2014-06-29 10:00:00,11,20.601604,24.634815
2014-06-29,2014-06-29 11:00:00,12,19.933155,20.87753
2014-06-29,2014-06-29 12:00:00,13,19.933155,21.788074
2014-06-29,2014-06-29 13:00:00,14,18.930481,20.175652
2014-06-29,2014-06-29 14:00:00,15,19.59893,19.968681
2014-06-29,2014-06-29 15:00:00,16,19.59893,21.084816
2014-06-29,2014-06-29 16:00:00,17,19.933155,21.722641
2014-06-29,2014-06-29 17:00:00,18,21.60762,23.044807
2014-06-29,2014-06-29 18:00:00,19,22.613636,23.13684
2014-06-29,2014-06-29 19:00:00,20,23.950535,23.465576
2014-06-29,2014-06-29 20:00:00,21,24.959892,27.289627
2014-06-29,2014-06-29 21:00:00,22,30.307487,30.835762
2014-06-29,2014-06-29 22:00:00,23,34.652405,32.425648
2014-06-29,2014-06-29 23:00:00,24,33.31551,33.76825
2014-06-30,2014-06-30 00:00:00,1,32.981285,31.793266
2014-06-30,2014-06-30 01:00:00,2,33.649734,34.628643
2014-06-30,2014-06-30 02:00:00,3,33.649734,35.763515
2014-06-30,2014-06-30 03:00:00,4,33.31551,30.93806
2014-06-30,2014-06-30 04:00:00,5,33.983955,28.326336
2014-06-30,2014-06-30 05:00:00,6,44.692513,30.840141
2014-06-30,2014-06-30 06:00:00,7,63.760025,27.375996
2014-06-30,2014-06-30 07:00:00,8,63.760025,40.792877
2014-06-30,2014-06-30 08:00:00,9,45.695187,51.81855
2014-06-30,2014-06-30 09:00:00,10,48.03476,79.864136
2014-06-30,2014-06-30 10:00:00,11,50.377674,80.93789
2014-06-30,2014-06-30 11:00:00,12,53.726604,77.67937
2014-06-30,2014-06-30 12:00:00,13,47.703876,85.048065
2014-06-30,2014-06-30 13:00:00,14,42.35294,86.077576
2014-06-30,2014-06-30 14:00:00,15,64.09425,89.5945
2014-06-30,2014-06-30 15:00:00,16,87.30281,93.69602
2014-06-30,2014-06-30 16:00:00,17,102.83422,100.28132
2014-06-30,2014-06-30 17:00:00,18,101.82487,115.54907
2014-06-30,2014-06-30 18:00:00,19,90.033424,126.41809
2014-06-30,2014-06-30 19:00:00,20,86.68115,144.00232
2014-06-30,2014-06-30 20:00:00,21,138.04813,148.07764
2014-06-30,2014-06-30 21:00:00,22,143.75,159.05345
2014-06-30,2014-06-30 22:00:00,23,135.70187,157.67941
2014-06-30,2014-06-30 23:00:00,24,131.34358,154.03432
2014-07-01,2014-07-01 00:00:00,1,124.62901,65.05537
2014-07-01,2014-07-01 01:00:00,2,102.15909,49.433388
2014-07-01,2014-07-01 02:00:00,3,63.48262,49.085854
2014-07-01,2014-07-01 03:00:00,4,43.355614,49.099083
2014-07-01,2014-07-01 04:00:00,5,42.35294,44.02593
2014-07-01,2014-07-01 05:00:00,6,51.38369,47.63914
2014-07-01,2014-07-01 06:00:00,7,72.79412,76.83749
2014-07-01,2014-07-01 07:00:00,8,63.760025,62.574394
2014-07-01,2014-07-01 08:00:00,9,46.02941,53.27884
2014-07-01,2014-07-01 09:00:00,10,53.726604,55.012608
2014-07-01,2014-07-01 10:00:00,11,65.43115,61.889217
2014-07-01,2014-07-01 11:00:00,12,67.43984,53.46953
2014-07-01,2014-07-01 12:00:00,13,61.751335,64.8157
2014-07-01,2014-07-01 13:00:00,14,53.729946,70.486336
2014-07-01,2014-07-01 14:00:00,15,52.386364,77.287094
2014-07-01,2014-07-01 15:00:00,16,62.42313,93.06624
2014-07-01,2014-07-01 16:00:00,17,74.79947,99.43348
2014-07-01,2014-07-01 17:00:00,18,79.48195,116.360985
2014-07-01,2014-07-01 18:00:00,19,80.55481,136.60611
2014-07-01,2014-07-01 19:00:00,20,77.54345,119.20318
2014-07-01,2014-07-01 20:00:00,21,113.52273,137.10043
2014-07-01,2014-07-01 21:00:00,22,143.75334,141.64258
2014-07-01,2014-07-01 22:00:00,23,138.71992,134.58261
2014-07-01,2014-07-01 23:00:00,24,131.00601,125.74663
2014-07-02,2014-07-02 00:00:00,1,125.300804,71.16256
2014-07-02,2014-07-02 01:00:00,2,138.04813,41.55917
2014-07-02,2014-07-02 02:00:00,3,90.32754,40.547764
2014-07-02,2014-07-02 03:00:00,4,67.77406,37.56528
2014-07-02,2014-07-02 04:00:00,5,60.748665,26.37814
2014-07-02,2014-07-02 05:00:00,6,64.15775,22.360928
2014-07-02,2014-07-02 06:00:00,7,81.54412,43.152313
2014-07-02,2014-07-02 07:00:00,8,71.45388,48.91592
2014-07-02,2014-07-02 08:00:00,9,73.46257,50.425278
2014-07-02,2014-07-02 09:00:00,10,51.38035,56.535145
2014-07-02,2014-07-02 10:00:00,11,59.742645,61.665436
2014-07-02,2014-07-02 11:00:00,12,59.07754,57.164497
2014-07-02,2014-07-02 12:00:00,13,54.725937,64.214645
2014-07-02,2014-07-02 13:00:00,14,51.717915,64.824814
2014-07-02,2014-07-02 14:00:00,15,58.074867,68.89728
2014-07-02,2014-07-02 15:00:00,16,70.4512,76.12293
2014-07-02,2014-07-02 16:00:00,17,69.786095,80.17285
2014-07-02,2014-07-02 17:00:00,18,77.8643,81.42799
2014-07-02,2014-07-02 18:00:00,19,67.43984,96.52012
2014-07-02,2014-07-02 19:00:00,20,96.02941,95.99121
2014-07-02,2014-07-02 20:00:00,21,121.61096,118.07426
2014-07-02,2014-07-02 21:00:00,22,65.768715,133.96303
2014-07-02,2014-07-02 22:00:00,23,126.64439,136.35065
2014-07-02,2014-07-02 23:00:00,24,123.292114,128.61133
2014-07-03,2014-07-03 00:00:00,1,121.6143,100.967896
2014-07-03,2014-07-03 01:00:00,2,86.29011,65.794975
2014-07-03,2014-07-03 02:00:00,3,55.394386,41.511997
2014-07-03,2014-07-03 03:00:00,4,36.661095,42.628498
2014-07-03,2014-07-03 04:00:00,5,38.342247,37.766933
2014-07-03,2014-07-03 05:00:00,6,48.372326,34.91048
2014-07-03,2014-07-03 06:00:00,7,66.43382,26.47102
2014-07-03,2014-07-03 07:00:00,8,65.76537,42.286125
2014-07-03,2014-07-03 08:00:00,9,73.516045,59.59957
2014-07-03,2014-07-03 09:00:00,10,86.68115,44.63104
2014-07-03,2014-07-03 10:00:00,11,88.74666,55.898846
2014-07-03,2014-07-03 11:00:00,12,88.35561,57.525265
2014-07-03,2014-07-03 12:00:00,13,88.35561,53.211304
2014-07-03,2014-07-03 13:00:00,14,77.13904,50.86694
2014-07-03,2014-07-03 14:00:00,15,82.600266,62.38116
2014-07-03,2014-07-03 15:00:00,16,91.43048,69.404076
2014-07-03,2014-07-03 16:00:00,17,90.0869,77.65208
2014-07-03,2014-07-03 17:00:00,18,91.036095,84.07793
2014-07-03,2014-07-03 18:00:00,19,81.60428,98.004364
2014-07-03,2014-07-03 19:00:00,20,86.68115,106.528725
2014-07-03,2014-07-03 20:00:00,21,143.41243,106.0564
2014-07-03,2014-07-03 21:00:00,22,81.56083,101.16091
2014-07-03,2014-07-03 22:00:00,23,131.67447,124.26376
2014-07-03,2014-07-03 23:00:00,24,128.32219,130.33208
2014-07-04,2014-07-04 00:00:00,1,122.62032,85.855644
2014-07-04,2014-07-04 01:00:00,2,114.56885,48.02311
2014-07-04,2014-07-04 02:00:00,3,73.248665,41.106297
2014-07-04,2014-07-04 03:00:00,4,53.39238,40.620686
2014-07-04,2014-07-04 04:00:00,5,51.714573,38.982697
2014-07-04,2014-07-04 05:00:00,6,56.062836,35.051853
2014-07-04,2014-07-04 06:00:00,7,70.44786,39.753983
2014-07-04,2014-07-04 07:00:00,8,64.75936,52.21087
2014-07-04,2014-07-04 08:00:00,9,65.76537,54.373604
2014-07-04,2014-07-04 09:00:00,10,68.783424,57.38421
2014-07-04,2014-07-04 10:00:00,11,70.4512,63.216427
2014-07-04,2014-07-04 11:00:00,12,84.62233,63.44374
2014-07-04,2014-07-04 12:00:00,13,85.67513,57.61219
2014-07-04,2014-07-04 13:00:00,14,77.47326,59.66751
2014-07-04,2014-07-04 14:00:00,15,80.20722,66.058716
2014-07-04,2014-07-04 15:00:00,16,70.454544,64.447556
2014-07-04,2014-07-04 16:00:00,17,69.44853,70.36304
2014-07-04,2014-07-04 17:00:00,18,57.406418,69.90708
2014-07-04,2014-07-04 18:00:00,19,65.768715,86.16946
2014-07-04,2014-07-04 19:00:00,20,62.42313,86.18873
2014-07-04,2014-07-04 20:00:00,21,129.33156,77.32489
2014-07-04,2014-07-04 21:00:00,22,78.87701,90.48817
2014-07-04,2014-07-04 22:00:00,23,132.68716,87.92667
2014-07-04,2014-07-04 23:00:00,24,128.65308,86.956345
2014-07-05,2014-07-05 00:00:00,1,126.64439,77.33533
2014-07-05,2014-07-05 01:00:00,2,116.24666,43.444855
2014-07-05,2014-07-05 02:00:00,3,59.080883,35.479084
2014-07-05,2014-07-05 03:00:00,4,40.347595,41.340317
2014-07-05,2014-07-05 04:00:00,5,39.679146,34.587685
2014-07-05,2014-07-05 05:00:00,6,35.992645,30.148369
2014-07-05,2014-07-05 06:00:00,7,28.970589,24.827148
2014-07-05,2014-07-05 07:00:00,8,24.959892,31.78109
2014-07-05,2014-07-05 08:00:00,9,22.27607,24.120598
2014-07-05,2014-07-05 09:00:00,10,22.613636,34.537643
2014-07-05,2014-07-05 10:00:00,11,19.59893,38.937897
2014-07-05,2014-07-05 11:00:00,12,19.264706,38.299812
2014-07-05,2014-07-05 12:00:00,13,18.930481,27.813278
2014-07-05,2014-07-05 13:00:00,14,19.264706,28.589233
2014-07-05,2014-07-05 14:00:00,15,18.930481,29.448463
2014-07-05,2014-07-05 15:00:00,16,19.264706,32.80644
2014-07-05,2014-07-05 16:00:00,17,22.94786,35.15162
2014-07-05,2014-07-05 17:00:00,18,25.628342,40.50019
2014-07-05,2014-07-05 18:00:00,19,24.95655,36.60109
2014-07-05,2014-07-05 19:00:00,20,25.628342,38.976997
2014-07-05,2014-07-05 20:00:00,21,26.296791,28.264656
2014-07-05,2014-07-05 21:00:00,22,33.31551,47.376595
2014-07-05,2014-07-05 22:00:00,23,34.652405,43.41602
2014-07-05,2014-07-05 23:00:00,24,34.98663,48.56733
2014-07-06,2014-07-06 00:00:00,1,32.981285,33.706448
2014-07-06,2014-07-06 01:00:00,2,34.652405,34.95397
2014-07-06,2014-07-06 02:00:00,3,34.652405,36.062492
2014-07-06,2014-07-06 03:00:00,4,32.64706,31.898697
2014-07-06,2014-07-06 04:00:00,5,34.652405,32.98443
2014-07-06,2014-07-06 05:00:00,6,35.989304,30.43763
2014-07-06,2014-07-06 06:00:00,7,31.31016,29.312584
2014-07-06,2014-07-06 07:00:00,8,23.619652,26.258808
2014-07-06,2014-07-06 08:00:00,9,24.291445,23.658607
2014-07-06,2014-07-06 09:00:00,10,23.95722,26.341099
2014-07-06,2014-07-06 10:00:00,11,22.613636,23.956768
2014-07-06,2014-07-06 11:00:00,12,20.93583,20.387032
2014-07-06,2014-07-06 12:00:00,13,20.26738,20.542091
2014-07-06,2014-07-06 13:00:00,14,19.59893,19.070202
2014-07-06,2014-07-06 14:00:00,15,19.59893,19.503902
2014-07-06,2014-07-06 15:00:00,16,20.26738,20.730549
2014-07-06,2014-07-06 16:00:00,17,19.933155,22.846191
2014-07-06,2014-07-06 17:00:00,18,21.604279,24.803238
2014-07-06,2014-07-06 18:00:00,19,23.622995,24.983948
2014-07-06,2014-07-06 19:00:00,20,24.291445,25.338062
2014-07-06,2014-07-06 20:00:00,21,23.61631,28.795391
2014-07-06,2014-07-06 21:00:00,22,29.973263,32.507286
2014-07-06,2014-07-06 22:00:00,23,32.981285,32.856316
2014-07-06,2014-07-06 23:00:00,24,32.64706,34.96499
2014-07-07,2014-07-07 00:00:00,1,31.97861,32.439453
2014-07-07,2014-07-07 01:00:00,2,32.312836,32.47319
2014-07-07,2014-07-07 02:00:00,3,32.312836,34.07254
2014-07-07,2014-07-07 03:00:00,4,32.312836,30.761768
2014-07-07,2014-07-07 04:00:00,5,34.652405,32.104786
2014-07-07,2014-07-07 05:00:00,6,44.354946,32.26694
2014-07-07,2014-07-07 06:00:00,7,66.76805,28.998081
2014-07-07,2014-07-07 07:00:00,8,68.44251,46.65007
2014-07-07,2014-07-07 08:00:00,9,50.381016,58.591774
2014-07-07,2014-07-07 09:00:00,10,43.02139,89.96464
2014-07-07,2014-07-07 10:00:00,11,51.38035,90.62798
2014-07-07,2014-07-07 11:00:00,12,77.14238,91.020874
2014-07-07,2014-07-07 12:00:00,13,94.44519,95.779045
2014-07-07,2014-07-07 13:00:00,14,96.794785,96.37803
2014-07-07,2014-07-07 14:00:00,15,96.46056,100.30127
2014-07-07,2014-07-07 15:00:00,16,96.794785,105.28641
2014-07-07,2014-07-07 16:00:00,17,86.0127,113.49208
2014-07-07,2014-07-07 17:00:00,18,81.87834,126.69118
2014-07-07,2014-07-07 18:00:00,19,74.46524,140.63123
2014-07-07,2014-07-07 19:00:00,20,71.12299,158.18983
2014-07-07,2014-07-07 20:00:00,21,124.96992,157.30246
2014-07-07,2014-07-07 21:00:00,22,140.73195,164.41537
2014-07-07,2014-07-07 22:00:00,23,132.68382,157.48798
2014-07-07,2014-07-07 23:00:00,24,134.36163,164.69635
2014-07-08,2014-07-08 00:00:00,1,130.66844,69.36867
2014-07-08,2014-07-08 01:00:00,2,115.57487,49.491627
2014-07-08,2014-07-08 02:00:00,3,73.248665,58.52252
2014-07-08,2014-07-08 03:00:00,4,52.72059,51.713367
2014-07-08,2014-07-08 04:00:00,5,48.368984,44.47512
2014-07-08,2014-07-08 05:00:00,6,53.723263,47.692917
2014-07-08,2014-07-08 06:00:00,7,71.45722,75.02605
2014-07-08,2014-07-08 07:00:00,8,68.445854,68.77462
2014-07-08,2014-07-08 08:00:00,9,60.752007,66.686264
2014-07-08,2014-07-08 09:00:00,10,65.76537,85.78114
2014-07-08,2014-07-08 10:00:00,11,66.437164,84.69213
2014-07-08,2014-07-08 11:00:00,12,67.10561,105.7646
2014-07-08,2014-07-08 12:00:00,13,73.45922,103.08913
2014-07-08,2014-07-08 13:00:00,14,66.10294,93.01729
2014-07-08,2014-07-08 14:00:00,15,65.43115,80.60306
2014-07-08,2014-07-08 15:00:00,16,81.20989,82.085144
2014-07-08,2014-07-08 16:00:00,17,76.13636,101.95573
2014-07-08,2014-07-08 17:00:00,18,69.45187,102.46022
2014-07-08,2014-07-08 18:00:00,19,71.45722,103.97134
2014-07-08,2014-07-08 19:00:00,20,93.68984,109.10933
2014-07-08,2014-07-08 20:00:00,21,128.31885,127.758965
2014-07-08,2014-07-08 21:00:00,22,70.51136,159.40865
2014-07-08,2014-07-08 22:00:00,23,123.95722,143.47882
2014-07-08,2014-07-08 23:00:00,24,118.59626,136.07756
2014-07-09,2014-07-09 00:00:00,1,125.635025,87.951416
2014-07-09,2014-07-09 01:00:00,2,123.96056,47.0339
2014-07-09,2014-07-09 02:00:00,3,70.5615,40.15088
2014-07-09,2014-07-09 03:00:00,4,48.70321,38.948975
2014-07-09,2014-07-09 04:00:00,5,46.69786,34.92234
2014-07-09,2014-07-09 05:00:00,6,52.72059,32.08167
2014-07-09,2014-07-09 06:00:00,7,71.45388,33.854313
2014-07-09,2014-07-09 07:00:00,8,70.12032,62.3767
2014-07-09,2014-07-09 08:00:00,9,69.44853,64.99975
2014-07-09,2014-07-09 09:00:00,10,55.735294,60.263626
2014-07-09,2014-07-09 10:00:00,11,57.740643,68.48837
2014-07-09,2014-07-09 11:00:00,12,80.26738,69.8178
2014-07-09,2014-07-09 12:00:00,13,89.027405,62.626537
2014-07-09,2014-07-09 13:00:00,14,80.81885,61.652954
2014-07-09,2014-07-09 14:00:00,15,78.81016,69.54788
2014-07-09,2014-07-09 15:00:00,16,71.45722,72.53983
2014-07-09,2014-07-09 16:00:00,17,69.786095,84.432076
2014-07-09,2014-07-09 17:00:00,18,74.46524,86.64561
2014-07-09,2014-07-09 18:00:00,19,69.78275,107.99752
2014-07-09,2014-07-09 19:00:00,20,71.45722,120.59091
2014-07-09,2014-07-09 20:00:00,21,131.00267,111.859146
2014-07-09,2014-07-09 21:00:00,22,74.86297,125.51457
2014-07-09,2014-07-09 22:00:00,23,131.00601,125.20908
2014-07-09,2014-07-09 23:00:00,24,127.31618,125.45346
2014-07-10,2014-07-10 00:00:00,1,122.28275,91.95553
2014-07-10,2014-07-10 01:00:00,2,142.74399,49.601185
2014-07-10,2014-07-10 02:00:00,3,119.26471,42.060627
2014-07-10,2014-07-10 03:00:00,4,95.78877,40.40837
2014-07-10,2014-07-10 04:00:00,5,83.2754,34.829468
2014-07-10,2014-07-10 05:00:00,6,77.20922,30.685753
2014-07-10,2014-07-10 06:00:00,7,87.29947,34.7912
2014-07-10,2014-07-10 07:00:00,8,76.47059,61.169773
2014-07-10,2014-07-10 08:00:00,9,65.76537,63.332058
2014-07-10,2014-07-10 09:00:00,10,52.05214,61.465973
2014-07-10,2014-07-10 10:00:00,11,44.692513,68.762924
2014-07-10,2014-07-10 11:00:00,12,59.40842,70.881905
2014-07-10,2014-07-10 12:00:00,13,62.479946,66.09958
2014-07-10,2014-07-10 13:00:00,14,86.67781,63.54809
2014-07-10,2014-07-10 14:00:00,15,65.15709,71.922485
2014-07-10,2014-07-10 15:00:00,16,89.04746,69.9944
2014-07-10,2014-07-10 16:00:00,17,105.85561,80.39895
2014-07-10,2014-07-10 17:00:00,18,106.86163,78.95657
2014-07-10,2014-07-10 18:00:00,19,107.19251,94.904495
2014-07-10,2014-07-10 19:00:00,20,120.27072,106.20988
2014-07-10,2014-07-10 20:00:00,21,154.48195,101.721375
2014-07-10,2014-07-10 21:00:00,22,123.28877,123.81224
2014-07-10,2014-07-10 22:00:00,23,140.39772,127.25098
2014-07-10,2014-07-10 23:00:00,24,131.00601,131.17169
2014-07-11,2014-07-11 00:00:00,1,125.97594,104.98577
2014-07-11,2014-07-11 01:00:00,2,117.92447,111.54561
2014-07-11,2014-07-11 02:00:00,3,65.82219,127.40038
2014-07-11,2014-07-11 03:00:00,4,48.70321,120.21466
2014-07-11,2014-07-11 04:00:00,5,48.368984,84.40929
2014-07-11,2014-07-11 05:00:00,6,58.074867,39.196358
2014-07-11,2014-07-11 06:00:00,7,77.533424,34.956608
2014-07-11,2014-07-11 07:00:00,8,79.204544,45.924984
2014-07-11,2014-07-11 08:00:00,9,62.419785,48.943794
2014-07-11,2014-07-11 09:00:00,10,55.735294,48.437805
2014-07-11,2014-07-11 10:00:00,11,53.054813,54.85433
2014-07-11,2014-07-11 11:00:00,12,67.43984,83.39791
2014-07-11,2014-07-11 12:00:00,13,70.454544,81.807465
2014-07-11,2014-07-11 13:00:00,14,70.51136,74.91716
2014-07-11,2014-07-11 14:00:00,15,92.09893,81.8819
2014-07-11,2014-07-11 15:00:00,16,102.82754,87.029015
2014-07-11,2014-07-11 16:00:00,17,109.207886,88.58513
2014-07-11,2014-07-11 17:00:00,18,102.83088,90.69545
2014-07-11,2014-07-11 18:00:00,19,98.13837,100.04114
2014-07-11,2014-07-11 19:00:00,20,108.53275,109.64783
2014-07-11,2014-07-11 20:00:00,21,145.42447,118.07323
2014-07-11,2014-07-11 21:00:00,22,96.07286,119.71844
2014-07-11,2014-07-11 22:00:00,23,136.70789,120.940674
2014-07-11,2014-07-11 23:00:00,24,129.33156,132.89497
2014-07-12,2014-07-12 00:00:00,1,121.27674,104.64249
2014-07-12,2014-07-12 01:00:00,2,125.304146,82.37831
2014-07-12,2014-07-12 02:00:00,3,85.304146,52.006218
2014-07-12,2014-07-12 03:00:00,4,63.42246,42.555054
2014-07-12,2014-07-12 04:00:00,5,61.08289,40.594257
2014-07-12,2014-07-12 05:00:00,6,53.058155,33.93012
2014-07-12,2014-07-12 06:00:00,7,40.34425,28.947414
2014-07-12,2014-07-12 07:00:00,8,34.652405,24.276978
2014-07-12,2014-07-12 08:00:00,9,27.63369,20.888615
2014-07-12,2014-07-12 09:00:00,10,24.95655,20.347591
2014-07-12,2014-07-12 10:00:00,11,23.619652,20.89561
2014-07-12,2014-07-12 11:00:00,12,23.622995,21.770576
2014-07-12,2014-07-12 12:00:00,13,23.282085,25.478706
2014-07-12,2014-07-12 13:00:00,14,21.60762,21.167725
2014-07-12,2014-07-12 14:00:00,15,22.610294,21.8274
2014-07-12,2014-07-12 15:00:00,16,22.94786,26.23029
2014-07-12,2014-07-12 16:00:00,17,23.285427,27.442764
2014-07-12,2014-07-12 17:00:00,18,24.959892,27.574753
2014-07-12,2014-07-12 18:00:00,19,26.296791,27.06055
2014-07-12,2014-07-12 19:00:00,20,27.63369,29.759644
2014-07-12,2014-07-12 20:00:00,21,27.967915,36.004677
2014-07-12,2014-07-12 21:00:00,22,35.661766,35.966034
2014-07-12,2014-07-12 22:00:00,23,40.68182,41.247288
2014-07-12,2014-07-12 23:00:00,24,38.001335,40.010963
2014-07-13,2014-07-13 00:00:00,1,35.320854,37.579243
2014-07-13,2014-07-13 01:00:00,2,35.65508,38.35047
2014-07-13,2014-07-13 02:00:00,3,35.320854,39.69681
2014-07-13,2014-07-13 03:00:00,4,38.001335,34.151134
2014-07-13,2014-07-13 04:00:00,5,36.661095,35.671432
2014-07-13,2014-07-13 05:00:00,6,37.670456,32.063976
2014-07-13,2014-07-13 06:00:00,7,28.970589,31.028439
2014-07-13,2014-07-13 07:00:00,8,29.304813,27.990028
2014-07-13,2014-07-13 08:00:00,9,30.64171,25.470428
2014-07-13,2014-07-13 09:00:00,10,28.636364,29.065266
2014-07-13,2014-07-13 10:00:00,11,23.282085,26.468655
2014-07-13,2014-07-13 11:00:00,12,22.610294,21.38134
2014-07-13,2014-07-13 12:00:00,13,22.610294,21.911484
2014-07-13,2014-07-13 13:00:00,14,23.285427,20.089245
2014-07-13,2014-07-13 14:00:00,15,21.938503,20.838005
2014-07-13,2014-07-13 15:00:00,16,22.94786,21.997086
2014-07-13,2014-07-13 16:00:00,17,23.622995,24.63385
2014-07-13,2014-07-13 17:00:00,18,23.95722,27.050377
2014-07-13,2014-07-13 18:00:00,19,25.962566,26.181572
2014-07-13,2014-07-13 19:00:00,20,26.96524,24.698368
2014-07-13,2014-07-13 20:00:00,21,27.299465,28.269245
2014-07-13,2014-07-13 21:00:00,22,33.31551,33.52569
2014-07-13,2014-07-13 22:00:00,23,36.32353,34.1706
2014-07-13,2014-07-13 23:00:00,24,35.65842,36.373688
2014-07-14,2014-07-14 00:00:00,1,35.989304,36.33882
2014-07-14,2014-07-14 01:00:00,2,35.320854,35.83344
2014-07-14,2014-07-14 02:00:00,3,35.992645,37.262432
2014-07-14,2014-07-14 03:00:00,4,35.320854,34.217747
2014-07-14,2014-07-14 04:00:00,5,36.32353,35.734947
2014-07-14,2014-07-14 05:00:00,6,46.366978,35.663364
2014-07-14,2014-07-14 06:00:00,7,68.10829,31.429157
2014-07-14,2014-07-14 07:00:00,8,61.41711,47.863625
2014-07-14,2014-07-14 08:00:00,9,52.72393,59.317535
2014-07-14,2014-07-14 09:00:00,10,60.411095,91.42771
2014-07-14,2014-07-14 10:00:00,11,70.78877,93.62876
2014-07-14,2014-07-14 11:00:00,12,64.7627,95.93828
2014-07-14,2014-07-14 12:00:00,13,75.46791,100.56769
2014-07-14,2014-07-14 13:00:00,14,69.44853,100.21624
2014-07-14,2014-07-14 14:00:00,15,75.13369,104.0134
2014-07-14,2014-07-14 15:00:00,16,80.48463,108.93717
2014-07-14,2014-07-14 16:00:00,17,83.16511,116.40015
2014-07-14,2014-07-14 17:00:00,18,85.28743,128.48131
2014-07-14,2014-07-14 18:00:00,19,83.32888,142.2555
2014-07-14,2014-07-14 19:00:00,20,102.11564,162.00711
2014-07-14,2014-07-14 20:00:00,21,137.03877,161.4095
2014-07-14,2014-07-14 21:00:00,22,83.23195,168.31401
2014-07-14,2014-07-14 22:00:00,23,129.3282,160.64577
2014-07-14,2014-07-14 23:00:00,24,132.01204,168.91719
2014-07-15,2014-07-15 00:00:00,1,126.306816,95.66796
2014-07-15,2014-07-15 01:00:00,2,119.9365,54.587944
2014-07-15,2014-07-15 02:00:00,3,68.8369,50.955605
2014-07-15,2014-07-15 03:00:00,4,51.377007,54.43022
2014-07-15,2014-07-15 04:00:00,5,50.040108,53.038174
2014-07-15,2014-07-15 05:00:00,6,56.400402,49.815598
2014-07-15,2014-07-15 06:00:00,7,74.13436,47.27549
2014-07-15,2014-07-15 07:00:00,8,67.108955,72.546684
2014-07-15,2014-07-15 08:00:00,9,49.712566,77.4551
2014-07-15,2014-07-15 09:00:00,10,47.703876,79.26657
2014-07-15,2014-07-15 10:00:00,11,52.386364,87.23134
2014-07-15,2014-07-15 11:00:00,12,56.400402,89.553406
2014-07-15,2014-07-15 12:00:00,13,60.41444,87.42621
2014-07-15,2014-07-15 13:00:00,14,60.41778,82.82672
2014-07-15,2014-07-15 14:00:00,15,81.885025,87.099846
2014-07-15,2014-07-15 15:00:00,16,86.29345,93.47922
2014-07-15,2014-07-15 16:00:00,17,89.41845,98.842285
2014-07-15,2014-07-15 17:00:00,18,86.34358,103.87244
2014-07-15,2014-07-15 18:00:00,19,80.15374,128.71136
2014-07-15,2014-07-15 19:00:00,20,97.36965,149.41425
2014-07-15,2014-07-15 20:00:00,21,124.62901,144.80296
2014-07-15,2014-07-15 21:00:00,22,129.32486,149.2287
2014-07-15,2014-07-15 22:00:00,23,128.99065,140.01266
2014-07-15,2014-07-15 23:00:00,24,127.98463,146.52539
2014-07-16,2014-07-16 00:00:00,1,122.286095,74.05594
2014-07-16,2014-07-16 01:00:00,2,121.94519,38.52956
2014-07-16,2014-07-16 02:00:00,3,59.415108,39.19344
2014-07-16,2014-07-16 03:00:00,4,39.679146,37.86202
2014-07-16,2014-07-16 04:00:00,5,40.01337,33.331356
2014-07-16,2014-07-16 05:00:00,6,49.37834,33.53274
2014-07-16,2014-07-16 06:00:00,7,69.11096,48.5278
2014-07-16,2014-07-16 07:00:00,8,68.10829,59.72771
2014-07-16,2014-07-16 08:00:00,9,63.816845,53.19944
2014-07-16,2014-07-16 09:00:00,10,54.725937,55.71175
2014-07-16,2014-07-16 10:00:00,11,77.81083,65.6765
2014-07-16,2014-07-16 11:00:00,12,85.33757,61.452503
2014-07-16,2014-07-16 12:00:00,13,89.75267,66.61389
2014-07-16,2014-07-16 13:00:00,14,81.54412,69.006714
2014-07-16,2014-07-16 14:00:00,15,89.41511,70.1389
2014-07-16,2014-07-16 15:00:00,16,91.373665,83.55416
2014-07-16,2014-07-16 16:00:00,17,91.43048,91.14156
2014-07-16,2014-07-16 17:00:00,18,99.475266,94.26601
2014-07-16,2014-07-16 18:00:00,19,89.36163,117.85923
2014-07-16,2014-07-16 19:00:00,20,83.56952,115.26587
2014-07-16,2014-07-16 20:00:00,21,131.34358,124.46222
2014-07-16,2014-07-16 21:00:00,22,85.233955,143.68155
2014-07-16,2014-07-16 22:00:00,23,130.6651,139.56378
2014-07-16,2014-07-16 23:00:00,24,132.3496,130.64212
2014-07-17,2014-07-17 00:00:00,1,129.65909,93.32576
2014-07-17,2014-07-17 01:00:00,2,112.556816,42.667343
2014-07-17,2014-07-17 02:00:00,3,60.748665,37.93996
2014-07-17,2014-07-17 03:00:00,4,42.687164,36.026577
2014-07-17,2014-07-17 04:00:00,5,41.68449,32.73668
2014-07-17,2014-07-17 05:00:00,6,53.054813,31.280945
2014-07-17,2014-07-17 06:00:00,7,75.47126,37.234295
2014-07-17,2014-07-17 07:00:00,8,61.420456,63.123013
2014-07-17,2014-07-17 08:00:00,9,57.06885,57.468777
2014-07-17,2014-07-17 09:00:00,10,61.41711,56.671097
2014-07-17,2014-07-17 10:00:00,11,63.088234,65.14737
2014-07-17,2014-07-17 11:00:00,12,76.13636,63.91403
2014-07-17,2014-07-17 12:00:00,13,86.0127,66.25333
2014-07-17,2014-07-17 13:00:00,14,91.04278,68.4142
2014-07-17,2014-07-17 14:00:00,15,100.48463,70.548294
2014-07-17,2014-07-17 15:00:00,16,115.57821,74.24343
2014-07-17,2014-07-17 16:00:00,17,118.93048,86.83254
2014-07-17,2014-07-17 17:00:00,18,117.92781,88.49935
2014-07-17,2014-07-17 18:00:00,19,113.9004,107.82699
2014-07-17,2014-07-17 19:00:00,20,120.61163,105.27959
2014-07-17,2014-07-17 20:00:00,21,150.12032,94.72883
2014-07-17,2014-07-17 21:00:00,22,90.65508,123.8578
2014-07-17,2014-07-17 22:00:00,23,137.7139,130.08789
2014-07-17,2014-07-17 23:00:00,24,136.0361,131.30489
2014-07-18,2014-07-18 00:00:00,1,130.33423,102.30223
2014-07-18,2014-07-18 01:00:00,2,121.6143,54.79638
2014-07-18,2014-07-18 02:00:00,3,62.14572,44.197388
2014-07-18,2014-07-18 03:00:00,4,40.01337,44.872726
2014-07-18,2014-07-18 04:00:00,5,40.01337,47.661793
2014-07-18,2014-07-18 05:00:00,6,50.04679,42.226307
2014-07-18,2014-07-18 06:00:00,7,69.44519,36.96546
2014-07-18,2014-07-18 07:00:00,8,66.437164,56.933067
2014-07-18,2014-07-18 08:00:00,9,75.8623,55.75908
2014-07-18,2014-07-18 09:00:00,10,69.77941,54.888374
2014-07-18,2014-07-18 10:00:00,11,76.47059,62.453606
2014-07-18,2014-07-18 11:00:00,12,73.79679,61.724636
2014-07-18,2014-07-18 12:00:00,13,83.94385,61.483273
2014-07-18,2014-07-18 13:00:00,14,80.81885,64.06961
2014-07-18,2014-07-18 14:00:00,15,84.22794,67.7252
2014-07-18,2014-07-18 15:00:00,16,88.07487,71.40912
2014-07-18,2014-07-18 16:00:00,17,88.35561,81.67634
2014-07-18,2014-07-18 17:00:00,18,92.09893,85.197395
2014-07-18,2014-07-18 18:00:00,19,80.48797,102.63667
2014-07-18,2014-07-18 19:00:00,20,75.19385,103.67833
2014-07-18,2014-07-18 20:00:00,21,111.216576,82.23944
2014-07-18,2014-07-18 21:00:00,22,148.44586,91.769394
2014-07-18,2014-07-18 22:00:00,23,146.0996,96.24466
2014-07-18,2014-07-18 23:00:00,24,136.70454,97.25641
2014-07-19,2014-07-19 00:00:00,1,132.01204,75.22035
2014-07-19,2014-07-19 01:00:00,2,119.59893,35.993046
2014-07-19,2014-07-19 02:00:00,3,65.82219,30.100632
2014-07-19,2014-07-19 03:00:00,4,46.69786,36.15329
2014-07-19,2014-07-19 04:00:00,5,44.024063,22.707928
2014-07-19,2014-07-19 05:00:00,6,43.68984,12.792282
2014-07-19,2014-07-19 06:00:00,7,42.015373,5.724991
2014-07-19,2014-07-19 07:00:00,8,32.312836,10.216988
2014-07-19,2014-07-19 08:00:00,9,32.312836,18.554428
2014-07-19,2014-07-19 09:00:00,10,31.97861,32.57301
2014-07-19,2014-07-19 10:00:00,11,30.975935,28.333817
2014-07-19,2014-07-19 11:00:00,12,28.970589,27.14626
2014-07-19,2014-07-19 12:00:00,13,28.636364,18.42377
2014-07-19,2014-07-19 13:00:00,14,29.639038,19.457405
2014-07-19,2014-07-19 14:00:00,15,30.307487,19.034283
2014-07-19,2014-07-19 15:00:00,16,29.639038,25.871914
2014-07-19,2014-07-19 16:00:00,17,29.639038,32.118366
2014-07-19,2014-07-19 17:00:00,18,33.649734,32.56355
2014-07-19,2014-07-19 18:00:00,19,40.010025,26.148582
2014-07-19,2014-07-19 19:00:00,20,34.652405,28.963749
2014-07-19,2014-07-19 20:00:00,21,33.983955,25.97863
2014-07-19,2014-07-19 21:00:00,22,43.355614,35.898506
2014-07-19,2014-07-19 22:00:00,23,44.358288,33.365353
2014-07-19,2014-07-19 23:00:00,24,45.695187,38.257015
2014-07-20,2014-07-20 00:00:00,1,45.695187,44.111725
2014-07-20,2014-07-20 01:00:00,2,42.35294,45.380836
2014-07-20,2014-07-20 02:00:00,3,41.68449,46.38511
2014-07-20,2014-07-20 03:00:00,4,42.687164,41.727543
2014-07-20,2014-07-20 04:00:00,5,45.026737,43.028603
2014-07-20,2014-07-20 05:00:00,6,42.687164,40.358612
2014-07-20,2014-07-20 06:00:00,7,39.34158,39.190468
2014-07-20,2014-07-20 07:00:00,8,32.981285,36.128994
2014-07-20,2014-07-20 08:00:00,9,30.64171,33.407703
2014-07-20,2014-07-20 09:00:00,10,29.639038,36.452415
2014-07-20,2014-07-20 10:00:00,11,28.636364,34.154305
2014-07-20,2014-07-20 11:00:00,12,28.970589,30.25663
2014-07-20,2014-07-20 12:00:00,13,28.970589,30.89478
2014-07-20,2014-07-20 13:00:00,14,28.970589,29.206879
2014-07-20,2014-07-20 14:00:00,15,29.973263,29.712944
2014-07-20,2014-07-20 15:00:00,16,30.307487,31.089859
2014-07-20,2014-07-20 16:00:00,17,28.970589,33.261738
2014-07-20,2014-07-20 17:00:00,18,29.639038,35.046124
2014-07-20,2014-07-20 18:00:00,19,31.97861,35.210262
2014-07-20,2014-07-20 19:00:00,20,31.97861,35.50104
2014-07-20,2014-07-20 20:00:00,21,32.981285,39.090973
2014-07-20,2014-07-20 21:00:00,22,40.010025,42.714577
2014-07-20,2014-07-20 22:00:00,23,41.68449,43.004337
2014-07-20,2014-07-20 23:00:00,24,41.68449,45.43891
2014-07-21,2014-07-21 00:00:00,1,41.350266,39.628582
2014-07-21,2014-07-21 01:00:00,2,41.016045,41.572647
2014-07-21,2014-07-21 02:00:00,3,41.350266,43.89892
2014-07-21,2014-07-21 03:00:00,4,40.68182,40.221424
2014-07-21,2014-07-21 04:00:00,5,43.02139,38.165848
2014-07-21,2014-07-21 05:00:00,6,51.38369,38.94456
2014-07-21,2014-07-21 06:00:00,7,69.11096,39.372738
2014-07-21,2014-07-21 07:00:00,8,69.77941,59.31034
2014-07-21,2014-07-21 08:00:00,9,70.4512,70.716774
2014-07-21,2014-07-21 09:00:00,10,65.434494,98.89981
2014-07-21,2014-07-21 10:00:00,11,74.46524,97.91453
2014-07-21,2014-07-21 11:00:00,12,75.80214,95.18376
2014-07-21,2014-07-21 12:00:00,13,92.77072,99.88401
2014-07-21,2014-07-21 13:00:00,14,82.15909,102.8063
2014-07-21,2014-07-21 14:00:00,15,82.21257,107.819626
2014-07-21,2014-07-21 15:00:00,16,91.42714,112.62605
2014-07-21,2014-07-21 16:00:00,17,99.812836,122.03479
2014-07-21,2014-07-21 17:00:00,18,98.472595,137.34772
2014-07-21,2014-07-21 18:00:00,19,93.43917,148.8333
2014-07-21,2014-07-21 19:00:00,20,105.13035,161.61417
2014-07-21,2014-07-21 20:00:00,21,138.3857,161.28787
2014-07-21,2014-07-21 21:00:00,22,85.90909,171.38464
2014-07-21,2014-07-21 22:00:00,23,132.01204,169.80008
2014-07-21,2014-07-21 23:00:00,24,125.97594,168.9284
2014-07-22,2014-07-22 00:00:00,1,118.59626,79.277374
2014-07-22,2014-07-22 01:00:00,2,102.443184,51.433395
2014-07-22,2014-07-22 02:00:00,3,59.411766,50.798195
2014-07-22,2014-07-22 03:00:00,4,39.010696,54.016335
2014-07-22,2014-07-22 04:00:00,5,40.347595,49.38335
2014-07-22,2014-07-22 05:00:00,6,50.04679,51.86628
2014-07-22,2014-07-22 06:00:00,7,72.79078,69.73204
2014-07-22,2014-07-22 07:00:00,8,69.44519,75.062256
2014-07-22,2014-07-22 08:00:00,9,59.74599,69.40898
2014-07-22,2014-07-22 09:00:00,10,64.428474,74.08903
2014-07-22,2014-07-22 10:00:00,11,67.108955,80.89775
2014-07-22,2014-07-22 11:00:00,12,71.79144,74.98785
2014-07-22,2014-07-22 12:00:00,13,79.48195,87.11926
2014-07-22,2014-07-22 13:00:00,14,79.14439,88.64575
2014-07-22,2014-07-22 14:00:00,15,84.2246,85.719124
2014-07-22,2014-07-22 15:00:00,16,92.09893,99.01724
2014-07-22,2014-07-22 16:00:00,17,115.58155,101.17599
2014-07-22,2014-07-22 17:00:00,18,132.68048,110.09213
2014-07-22,2014-07-22 18:00:00,19,121.94853,128.3867
2014-07-22,2014-07-22 19:00:00,20,111.885025,127.72455
2014-07-22,2014-07-22 20:00:00,21,155.15375,137.07945
2014-07-22,2014-07-22 21:00:00,22,105.51136,141.5711
2014-07-22,2014-07-22 22:00:00,23,152.1357,136.36438
2014-07-22,2014-07-22 23:00:00,24,136.0361,132.66704
2014-07-23,2014-07-23 00:00:00,1,127.312836,62.37954
2014-07-23,2014-07-23 01:00:00,2,99.475266,36.279736
2014-07-23,2014-07-23 02:00:00,3,55.394386,32.01072
2014-07-23,2014-07-23 03:00:00,4,37.329544,31.8252
2014-07-23,2014-07-23 04:00:00,5,38.342247,33.35447
2014-07-23,2014-07-23 05:00:00,6,47.703876,38.364918
2014-07-23,2014-07-23 06:00:00,7,70.11364,74.241104
2014-07-23,2014-07-23 07:00:00,8,68.10829,74.242805
2014-07-23,2014-07-23 08:00:00,9,55.063503,64.20186
2014-07-23,2014-07-23 09:00:00,10,44.692513,66.463104
2014-07-23,2014-07-23 10:00:00,11,53.39238,72.39515
2014-07-23,2014-07-23 11:00:00,12,65.096924,68.79312
2014-07-23,2014-07-23 12:00:00,13,65.76537,78.02719
2014-07-23,2014-07-23 13:00:00,14,63.4258,85.03402
2014-07-23,2014-07-23 14:00:00,15,68.78008,88.76401
2014-07-23,2014-07-23 15:00:00,16,65.096924,105.37901
2014-07-23,2014-07-23 16:00:00,17,69.1143,115.58815
2014-07-23,2014-07-23 17:00:00,18,86.684494,125.30949
2014-07-23,2014-07-23 18:00:00,19,82.88436,143.9386
2014-07-23,2014-07-23 19:00:00,20,86.92513,125.271286
2014-07-23,2014-07-23 20:00:00,21,140.06017,139.8727
2014-07-23,2014-07-23 21:00:00,22,94.28476,148.49976
2014-07-23,2014-07-23 22:00:00,23,140.73195,142.68205
2014-07-23,2014-07-23 23:00:00,24,138.05147,129.15941
2014-07-24,2014-07-24 00:00:00,1,128.31885,80.98357
2014-07-24,2014-07-24 01:00:00,2,123.28877,39.552986
2014-07-24,2014-07-24 02:00:00,3,83.983955,36.932213
2014-07-24,2014-07-24 03:00:00,4,43.355614,34.74353
2014-07-24,2014-07-24 04:00:00,5,41.350266,29.956715
2014-07-24,2014-07-24 05:00:00,6,51.38369,31.427525
2014-07-24,2014-07-24 06:00:00,7,74.46524,47.051773
2014-07-24,2014-07-24 07:00:00,8,70.11364,56.596695
2014-07-24,2014-07-24 08:00:00,9,56.73797,51.762863
2014-07-24,2014-07-24 09:00:00,10,68.43917,57.490414
2014-07-24,2014-07-24 10:00:00,11,69.11096,66.902794
2014-07-24,2014-07-24 11:00:00,12,76.13636,60.430603
2014-07-24,2014-07-24 12:00:00,13,81.88168,67.349625
2014-07-24,2014-07-24 13:00:00,14,78.536095,66.79553
2014-07-24,2014-07-24 14:00:00,15,89.027405,69.33653
2014-07-24,2014-07-24 15:00:00,16,76.47059,76.34079
2014-07-24,2014-07-24 16:00:00,17,78.48262,86.67543
2014-07-24,2014-07-24 17:00:00,18,86.0127,93.45047
2014-07-24,2014-07-24 18:00:00,19,99.812836,116.55847
2014-07-24,2014-07-24 19:00:00,20,141.06618,113.4881
2014-07-24,2014-07-24 20:00:00,21,136.70789,119.94145
2014-07-24,2014-07-24 21:00:00,22,82.57019,138.29224
2014-07-24,2014-07-24 22:00:00,23,125.972595,137.2121
2014-07-24,2014-07-24 23:00:00,24,121.95187,133.58444
2014-07-25,2014-07-25 00:00:00,1,116.91511,99.393005
2014-07-25,2014-07-25 01:00:00,2,116.58088,63.16461
2014-07-25,2014-07-25 02:00:00,3,115.57487,43.981934
2014-07-25,2014-07-25 03:00:00,4,54.127674,48.375675
2014-07-25,2014-07-25 04:00:00,5,37.66711,47.49562
2014-07-25,2014-07-25 05:00:00,6,47.70722,41.475594
2014-07-25,2014-07-25 06:00:00,7,74.13102,39.483555
2014-07-25,2014-07-25 07:00:00,8,72.12233,58.22541
2014-07-25,2014-07-25 08:00:00,9,77.13904,71.68025
2014-07-25,2014-07-25 09:00:00,10,76.86163,65.4624
2014-07-25,2014-07-25 10:00:00,11,68.44251,65.3734
2014-07-25,2014-07-25 11:00:00,12,84.67246,65.875534
2014-07-25,2014-07-25 12:00:00,13,94.1143,54.791092
2014-07-25,2014-07-25 13:00:00,14,87.7373,54.62208
2014-07-25,2014-07-25 14:00:00,15,86.68115,65.98331
2014-07-25,2014-07-25 15:00:00,16,88.024734,67.50114
2014-07-25,2014-07-25 16:00:00,17,91.76136,77.21354
2014-07-25,2014-07-25 17:00:00,18,95.4512,87.216156
2014-07-25,2014-07-25 18:00:00,19,93.44251,110.40455
2014-07-25,2014-07-25 19:00:00,20,84.94987,121.65669
2014-07-25,2014-07-25 20:00:00,21,124.96992,99.81127
2014-07-25,2014-07-25 21:00:00,22,132.01204,95.099556
2014-07-25,2014-07-25 22:00:00,23,124.96992,98.82219
2014-07-25,2014-07-25 23:00:00,24,124.966576,96.94081
2014-07-26,2014-07-26 00:00:00,1,121.94519,80.055374
2014-07-26,2014-07-26 01:00:00,2,120.27072,48.459267
2014-07-26,2014-07-26 02:00:00,3,114.90976,40.52534
2014-07-26,2014-07-26 03:00:00,4,38.33556,42.184563
2014-07-26,2014-07-26 04:00:00,5,39.010696,36.05286
2014-07-26,2014-07-26 05:00:00,6,38.001335,28.603989
2014-07-26,2014-07-26 06:00:00,7,32.981285,20.79921
2014-07-26,2014-07-26 07:00:00,8,27.63369,28.276695
2014-07-26,2014-07-26 08:00:00,9,25.962566,23.677883
2014-07-26,2014-07-26 09:00:00,10,25.962566,34.01217
2014-07-26,2014-07-26 10:00:00,11,25.628342,34.7709
2014-07-26,2014-07-26 11:00:00,12,26.631016,33.012867
2014-07-26,2014-07-26 12:00:00,13,24.95655,29.40075
2014-07-26,2014-07-26 13:00:00,14,25.962566,26.66137
2014-07-26,2014-07-26 14:00:00,15,26.96524,27.592419
2014-07-26,2014-07-26 15:00:00,16,27.63369,33.016167
2014-07-26,2014-07-26 16:00:00,17,28.970589,34.983574
2014-07-26,2014-07-26 17:00:00,18,33.983955,37.58634
2014-07-26,2014-07-26 18:00:00,19,33.649734,36.213894
2014-07-26,2014-07-26 19:00:00,20,35.320854,39.79651
2014-07-26,2014-07-26 20:00:00,21,35.3242,35.32838
2014-07-26,2014-07-26 21:00:00,22,39.007355,45.897495
2014-07-26,2014-07-26 22:00:00,23,40.01337,46.89886
2014-07-26,2014-07-26 23:00:00,24,41.350266,46.73326
2014-07-27,2014-07-27 00:00:00,1,38.001335,39.863537
2014-07-27,2014-07-27 01:00:00,2,36.32687,40.54901
2014-07-27,2014-07-27 02:00:00,3,36.66444,42.232784
2014-07-27,2014-07-27 03:00:00,4,36.99532,36.637882
2014-07-27,2014-07-27 04:00:00,5,37.33289,37.63154
2014-07-27,2014-07-27 05:00:00,6,38.67313,35.15248
2014-07-27,2014-07-27 06:00:00,7,35.661766,33.36895
2014-07-27,2014-07-27 07:00:00,8,27.967915,31.076828
2014-07-27,2014-07-27 08:00:00,9,26.96524,28.174004
2014-07-27,2014-07-27 09:00:00,10,25.962566,31.059471
2014-07-27,2014-07-27 10:00:00,11,26.296791,29.347832
2014-07-27,2014-07-27 11:00:00,12,24.95655,25.688377
2014-07-27,2014-07-27 12:00:00,13,24.625668,26.854664
2014-07-27,2014-07-27 13:00:00,14,24.959892,25.491451
2014-07-27,2014-07-27 14:00:00,15,26.631016,25.813362
2014-07-27,2014-07-27 15:00:00,16,27.967915,27.310833
2014-07-27,2014-07-27 16:00:00,17,28.636364,30.125603
2014-07-27,2014-07-27 17:00:00,18,30.64171,31.849964
2014-07-27,2014-07-27 18:00:00,19,30.975935,32.232956
2014-07-27,2014-07-27 19:00:00,20,29.973263,32.499165
2014-07-27,2014-07-27 20:00:00,21,31.644384,35.750095
2014-07-27,2014-07-27 21:00:00,22,38.338905,38.298325
2014-07-27,2014-07-27 22:00:00,23,38.001335,37.96417
2014-07-27,2014-07-27 23:00:00,24,38.33556,41.533092
2014-07-28,2014-07-28 00:00:00,1,37.329544,36.420975
2014-07-28,2014-07-28 01:00:00,2,36.998665,37.529694
2014-07-28,2014-07-28 02:00:00,3,36.657753,38.23524
2014-07-28,2014-07-28 03:00:00,4,35.989304,39.951405
2014-07-28,2014-07-28 04:00:00,5,37.66377,36.640755
2014-07-28,2014-07-28 05:00:00,6,48.709892,38.01896
2014-07-28,2014-07-28 06:00:00,7,74.12767,46.61268
2014-07-28,2014-07-28 07:00:00,8,71.11965,76.94516
2014-07-28,2014-07-28 08:00:00,9,74.46524,89.67871
2014-07-28,2014-07-28 09:00:00,10,73.18516,106.29588
2014-07-28,2014-07-28 10:00:00,11,60.080215,101.36047
2014-07-28,2014-07-28 11:00:00,12,71.45388,100.91353
2014-07-28,2014-07-28 12:00:00,13,71.11965,103.24213
2014-07-28,2014-07-28 13:00:00,14,64.42513,110.3436
2014-07-28,2014-07-28 14:00:00,15,71.11965,119.68479
2014-07-28,2014-07-28 15:00:00,16,73.12834,125.570175
2014-07-28,2014-07-28 16:00:00,17,66.77139,140.59601
2014-07-28,2014-07-28 17:00:00,18,94.72594,155.8335
2014-07-28,2014-07-28 18:00:00,19,94.11096,166.84908
2014-07-28,2014-07-28 19:00:00,20,126.97861,169.62384
2014-07-28,2014-07-28 20:00:00,21,152.80414,161.85208
2014-07-28,2014-07-28 21:00:00,22,158.1718,168.83041
2014-07-28,2014-07-28 22:00:00,23,150.79211,174.85938
2014-07-28,2014-07-28 23:00:00,24,147.77406,165.43289
2014-07-29,2014-07-29 00:00:00,1,141.73796,83.20656
2014-07-29,2014-07-29 01:00:00,2,127.6504,65.87491
2014-07-29,2014-07-29 02:00:00,3,76.260025,58.137157
2014-07-29,2014-07-29 03:00:00,4,51.38035,54.85977
2014-07-29,2014-07-29 04:00:00,5,48.368984,44.021095
2014-07-29,2014-07-29 05:00:00,6,53.389038,46.139355
2014-07-29,2014-07-29 06:00:00,7,74.79947,74.60425
2014-07-29,2014-07-29 07:00:00,8,72.45989,66.114334
2014-07-29,2014-07-29 08:00:00,9,65.48797,63.027
2014-07-29,2014-07-29 09:00:00,10,54.057487,70.80266
2014-07-29,2014-07-29 10:00:00,11,60.080215,76.218056
2014-07-29,2014-07-29 11:00:00,12,61.751335,75.44519
2014-07-29,2014-07-29 12:00:00,13,68.11163,74.26328
2014-07-29,2014-07-29 13:00:00,14,68.44251,76.75118
2014-07-29,2014-07-29 14:00:00,15,87.7373,77.167046
2014-07-29,2014-07-29 15:00:00,16,88.358955,80.105644
2014-07-29,2014-07-29 16:00:00,17,88.01805,87.53542
2014-07-29,2014-07-29 17:00:00,18,112.89773,99.9783
2014-07-29,2014-07-29 18:00:00,19,100.82219,129.10513
2014-07-29,2014-07-29 19:00:00,20,125.304146,132.33539
2014-07-29,2014-07-29 20:00:00,21,157.5,152.54323
2014-07-29,2014-07-29 21:00:00,22,93.33222,158.15198
2014-07-29,2014-07-29 22:00:00,23,144.75601,136.73608
2014-07-29,2014-07-29 23:00:00,24,144.4218,140.0592
2014-07-30,2014-07-30 00:00:00,1,139.39171,105.881165
2014-07-30,2014-07-30 01:00:00,2,117.59024,50.543385
2014-07-30,2014-07-30 02:00:00,3,65.48797,46.086975
2014-07-30,2014-07-30 03:00:00,4,45.360962,44.991653
2014-07-30,2014-07-30 04:00:00,5,41.68449,43.784973
2014-07-30,2014-07-30 05:00:00,6,51.38369,40.81883
2014-07-30,2014-07-30 06:00:00,7,74.46524,38.978977
2014-07-30,2014-07-30 07:00:00,8,70.4512,71.06309
2014-07-30,2014-07-30 08:00:00,9,65.768715,64.50259
2014-07-30,2014-07-30 09:00:00,10,53.723263,61.6466
2014-07-30,2014-07-30 10:00:00,11,59.411766,69.5187
2014-07-30,2014-07-30 11:00:00,12,61.41711,69.49316
2014-07-30,2014-07-30 12:00:00,13,64.7627,67.98415
2014-07-30,2014-07-30 13:00:00,14,63.09158,70.01257
2014-07-30,2014-07-30 14:00:00,15,82.60361,77.37181
2014-07-30,2014-07-30 15:00:00,16,91.42714,84.23931
2014-07-30,2014-07-30 16:00:00,17,93.10495,95.988045
2014-07-30,2014-07-30 17:00:00,18,111.550804,99.919075
2014-07-30,2014-07-30 18:00:00,19,109.53543,123.82359
2014-07-30,2014-07-30 19:00:00,20,110.21056,135.42215
2014-07-30,2014-07-30 20:00:00,21,165.06685,119.63251
2014-07-30,2014-07-30 21:00:00,22,108.86698,136.10306
2014-07-30,2014-07-30 22:00:00,23,150.79211,134.15392
2014-07-30,2014-07-30 23:00:00,24,143.75,138.18306
2014-07-31,2014-07-31 00:00:00,1,141.06618,96.66309
2014-07-31,2014-07-31 01:00:00,2,142.74399,45.32773
2014-07-31,2014-07-31 02:00:00,3,77.266045,42.84027
2014-07-31,2014-07-31 03:00:00,4,48.03476,40.494305
2014-07-31,2014-07-31 04:00:00,5,45.026737,37.89876
2014-07-31,2014-07-31 05:00:00,6,54.391712,37.070713
2014-07-31,2014-07-31 06:00:00,7,73.12834,42.30806
2014-07-31,2014-07-31 07:00:00,8,69.78275,69.167404
2014-07-31,2014-07-31 08:00:00,9,82.26939,61.447872
2014-07-31,2014-07-31 09:00:00,10,69.1143,61.395435
2014-07-31,2014-07-31 10:00:00,11,67.443184,69.70695
2014-07-31,2014-07-31 11:00:00,12,69.1143,67.86345
2014-07-31,2014-07-31 12:00:00,13,63.4258,71.36168
2014-07-31,2014-07-31 13:00:00,14,62.757355,72.87912
2014-07-31,2014-07-31 14:00:00,15,65.096924,77.44078
2014-07-31,2014-07-31 15:00:00,16,62.75401,84.580734
2014-07-31,2014-07-31 16:00:00,17,66.77139,95.28827
2014-07-31,2014-07-31 17:00:00,18,85.96257,100.8077
2014-07-31,2014-07-31 18:00:00,19,88.358955,125.2012
2014-07-31,2014-07-31 19:00:00,20,121.56083,131.71445
2014-07-31,2014-07-31 20:00:00,21,142.74733,125.76678
2014-07-31,2014-07-31 21:00:00,22,151.4639,145.60223
2014-07-31,2014-07-31 22:00:00,23,140.39772,142.68236
2014-07-31,2014-07-31 23:00:00,24,131.67447,138.31744
2014-08-01,2014-08-01 00:00:00,1,126.64439,96.512436
2014-08-01,2014-08-01 01:00:00,2,125.63837,62.73079
2014-08-01,2014-08-01 02:00:00,3,77.27607,50.843697
2014-08-01,2014-08-01 03:00:00,4,43.02139,45.244797
2014-08-01,2014-08-01 04:00:00,5,43.68984,39.29665
2014-08-01,2014-08-01 05:00:00,6,53.389038,36.32088
2014-08-01,2014-08-01 06:00:00,7,78.14505,41.239605
2014-08-01,2014-08-01 07:00:00,8,76.80816,60.159184
2014-08-01,2014-08-01 08:00:00,9,88.024734,63.002995
2014-08-01,2014-08-01 09:00:00,10,63.09158,63.861885
2014-08-01,2014-08-01 10:00:00,11,75.80214,63.41254
2014-08-01,2014-08-01 11:00:00,12,74.79947,66.09162
2014-08-01,2014-08-01 12:00:00,13,78.47594,53.33674
2014-08-01,2014-08-01 13:00:00,14,74.79947,54.230553
2014-08-01,2014-08-01 14:00:00,15,77.13904,61.095753
2014-08-01,2014-08-01 15:00:00,16,79.48529,63.04191
2014-08-01,2014-08-01 16:00:00,17,73.46257,74.93914
2014-08-01,2014-08-01 17:00:00,18,103.16511,80.17308
2014-08-01,2014-08-01 18:00:00,19,106.52072,101.4922
2014-08-01,2014-08-01 19:00:00,20,102.49666,114.420044
2014-08-01,2014-08-01 20:00:00,21,140.06017,110.90209
2014-08-01,2014-08-01 21:00:00,22,82.2393,126.16355
2014-08-01,2014-08-01 22:00:00,23,137.04211,120.16299
2014-08-01,2014-08-01 23:00:00,24,136.37366,116.24983
2014-08-02,2014-08-02 00:00:00,1,128.99399,94.58496
2014-08-02,2014-08-02 01:00:00,2,123.28877,51.7004
2014-08-02,2014-08-02 02:00:00,3,63.820187,41.86284
2014-08-02,2014-08-02 03:00:00,4,39.34492,45.997383
2014-08-02,2014-08-02 04:00:00,5,39.007355,44.212276
2014-08-02,2014-08-02 05:00:00,6,38.001335,36.310806
2014-08-02,2014-08-02 06:00:00,7,33.31551,25.70123
2014-08-02,2014-08-02 07:00:00,8,27.63369,31.858017
2014-08-02,2014-08-02 08:00:00,9,25.294117,20.29771
2014-08-02,2014-08-02 09:00:00,10,24.625668,25.812782
2014-08-02,2014-08-02 10:00:00,11,24.625668,32.748016
2014-08-02,2014-08-02 11:00:00,12,24.291445,33.894302
2014-08-02,2014-08-02 12:00:00,13,24.959892,29.650124
2014-08-02,2014-08-02 13:00:00,14,25.294117,26.00515
2014-08-02,2014-08-02 14:00:00,15,24.959892,31.821617
2014-08-02,2014-08-02 15:00:00,16,25.962566,35.560513
2014-08-02,2014-08-02 16:00:00,17,25.962566,36.575764
2014-08-02,2014-08-02 17:00:00,18,26.96524,37.341022
2014-08-02,2014-08-02 18:00:00,19,33.983955,37.160774
2014-08-02,2014-08-02 19:00:00,20,35.65842,44.88716
2014-08-02,2014-08-02 20:00:00,21,28.636364,33.60941
2014-08-02,2014-08-02 21:00:00,22,41.68449,42.054314
2014-08-02,2014-08-02 22:00:00,23,37.329544,44.752182
2014-08-02,2014-08-02 23:00:00,24,36.32687,46.07175
2014-08-03,2014-08-03 00:00:00,1,39.34158,35.71383
2014-08-03,2014-08-03 01:00:00,2,37.66711,36.39342
2014-08-03,2014-08-03 02:00:00,3,38.33556,38.181805
2014-08-03,2014-08-03 03:00:00,4,37.66711,35.209885
2014-08-03,2014-08-03 04:00:00,5,38.001335,35.392704
2014-08-03,2014-08-03 05:00:00,6,38.001335,33.952976
2014-08-03,2014-08-03 06:00:00,7,35.661766,32.209404
2014-08-03,2014-08-03 07:00:00,8,27.299465,29.811295
2014-08-03,2014-08-03 08:00:00,9,25.628342,27.25914
2014-08-03,2014-08-03 09:00:00,10,24.959892,28.461288
2014-08-03,2014-08-03 10:00:00,11,24.622326,26.658081
2014-08-03,2014-08-03 11:00:00,12,23.619652,24.942448
2014-08-03,2014-08-03 12:00:00,13,24.959892,24.876625
2014-08-03,2014-08-03 13:00:00,14,23.282085,23.7277
2014-08-03,2014-08-03 14:00:00,15,23.619652,24.040138
2014-08-03,2014-08-03 15:00:00,16,24.291445,24.558304
2014-08-03,2014-08-03 16:00:00,17,23.95722,26.620987
2014-08-03,2014-08-03 17:00:00,18,24.959892,28.465214
2014-08-03,2014-08-03 18:00:00,19,27.299465,29.929337
2014-08-03,2014-08-03 19:00:00,20,27.63369,31.562168
2014-08-03,2014-08-03 20:00:00,21,27.299465,33.801476
2014-08-03,2014-08-03 21:00:00,22,36.99532,36.079956
2014-08-03,2014-08-03 22:00:00,23,35.320854,36.18582
2014-08-03,2014-08-03 23:00:00,24,35.992645,37.616314
2014-08-04,2014-08-04 00:00:00,1,36.32353,34.857544
2014-08-04,2014-08-04 01:00:00,2,36.32353,35.59828
2014-08-04,2014-08-04 02:00:00,3,36.661095,37.923462
2014-08-04,2014-08-04 03:00:00,4,36.32353,35.278763
2014-08-04,2014-08-04 04:00:00,5,38.001335,34.099445
2014-08-04,2014-08-04 05:00:00,6,47.36965,34.258038
2014-08-04,2014-08-04 06:00:00,7,75.80214,35.329247
2014-08-04,2014-08-04 07:00:00,8,79.204544,58.18062
2014-08-04,2014-08-04 08:00:00,9,57.7373,70.48693
2014-08-04,2014-08-04 09:00:00,10,41.350266,98.72627
2014-08-04,2014-08-04 10:00:00,11,45.695187,97.62018
2014-08-04,2014-08-04 11:00:00,12,55.735294,95.04431
2014-08-04,2014-08-04 12:00:00,13,56.400402,97.68237
2014-08-04,2014-08-04 13:00:00,14,53.723263,100.891624
2014-08-04,2014-08-04 14:00:00,15,68.10829,106.62291
2014-08-04,2014-08-04 15:00:00,16,88.358955,112.107056
2014-08-04,2014-08-04 16:00:00,17,111.554146,123.132416
2014-08-04,2014-08-04 17:00:00,18,125.972595,138.63118
2014-08-04,2014-08-04 18:00:00,19,115.91243,151.73885
2014-08-04,2014-08-04 19:00:00,20,134.02406,163.4
2014-08-04,2014-08-04 20:00:00,21,146.76805,160.14273
2014-08-04,2014-08-04 21:00:00,22,102.83088,167.73425
2014-08-04,2014-08-04 22:00:00,23,150.12032,164.82071
2014-08-04,2014-08-04 23:00:00,24,149.44853,165.91638
2014-08-05,2014-08-05 00:00:00,1,140.73195,92.43549
2014-08-05,2014-08-05 01:00:00,2,126.97861,57.475273
2014-08-05,2014-08-05 02:00:00,3,70.902405,53.957123
2014-08-05,2014-08-05 03:00:00,4,47.36631,51.463524
2014-08-05,2014-08-05 04:00:00,5,44.358288,51.291065
2014-08-05,2014-08-05 05:00:00,6,49.712566,54.535667
2014-08-05,2014-08-05 06:00:00,7,73.79679,70.2384
2014-08-05,2014-08-05 07:00:00,8,72.45989,73.46278
2014-08-05,2014-08-05 08:00:00,9,73.91377,61.105038
2014-08-05,2014-08-05 09:00:00,10,52.72393,63.247124
2014-08-05,2014-08-05 10:00:00,11,58.743317,67.09369
2014-08-05,2014-08-05 11:00:00,12,48.368984,61.740334
2014-08-05,2014-08-05 12:00:00,13,48.03476,67.6792
2014-08-05,2014-08-05 13:00:00,14,41.68449,72.91175
2014-08-05,2014-08-05 14:00:00,15,51.714573,81.948265
2014-08-05,2014-08-05 15:00:00,16,59.74599,96.01488
2014-08-05,2014-08-05 16:00:00,17,55.735294,106.185425
2014-08-05,2014-08-05 17:00:00,18,66.106285,122.68698
2014-08-05,2014-08-05 18:00:00,19,65.42781,145.33023
2014-08-05,2014-08-05 19:00:00,20,75.544785,140.51271
2014-08-05,2014-08-05 20:00:00,21,112.22594,137.59746
2014-08-05,2014-08-05 21:00:00,22,63.485962,145.98532
2014-08-05,2014-08-05 22:00:00,23,123.95722,138.43489
2014-08-05,2014-08-05 23:00:00,24,122.28275,145.28688
2014-08-06,2014-08-06 00:00:00,1,122.286095,91.524475
2014-08-06,2014-08-06 01:00:00,2,114.23463,49.246445
2014-08-06,2014-08-06 02:00:00,3,58.074867,40.827827
2014-08-06,2014-08-06 03:00:00,4,39.34492,37.355137
2014-08-06,2014-08-06 04:00:00,5,38.342247,32.35875
2014-08-06,2014-08-06 05:00:00,6,48.375668,30.177605
2014-08-06,2014-08-06 06:00:00,7,73.79345,27.897915
2014-08-06,2014-08-06 07:00:00,8,69.11096,57.856033
2014-08-06,2014-08-06 08:00:00,9,58.79679,60.26297
2014-08-06,2014-08-06 09:00:00,10,51.714573,49.82818
2014-08-06,2014-08-06 10:00:00,11,64.428474,59.55167
2014-08-06,2014-08-06 11:00:00,12,58.074867,61.80162
2014-08-06,2014-08-06 12:00:00,13,58.743317,57.113
2014-08-06,2014-08-06 13:00:00,14,53.726604,56.943195
2014-08-06,2014-08-06 14:00:00,15,62.08556,69.5913
2014-08-06,2014-08-06 15:00:00,16,62.419785,71.24733
2014-08-06,2014-08-06 16:00:00,17,71.12299,82.58771
2014-08-06,2014-08-06 17:00:00,18,86.29345,81.98787
2014-08-06,2014-08-06 18:00:00,19,82.94118,95.92481
2014-08-06,2014-08-06 19:00:00,20,95.69184,104.82947
2014-08-06,2014-08-06 20:00:00,21,124.966576,96.526344
2014-08-06,2014-08-06 21:00:00,22,134.35829,114.01907
2014-08-06,2014-08-06 22:00:00,23,121.94853,127.24335
2014-08-06,2014-08-06 23:00:00,24,120.60495,134.5192
2014-08-07,2014-08-07 00:00:00,1,135.70187,81.12815
2014-08-07,2014-08-07 01:00:00,2,134.02406,43.735756
2014-08-07,2014-08-07 02:00:00,3,82.96123,43.7491
2014-08-07,2014-08-07 03:00:00,4,56.73797,38.659798
2014-08-07,2014-08-07 04:00:00,5,52.05548,30.647636
2014-08-07,2014-08-07 05:00:00,6,59.07754,29.053493
2014-08-07,2014-08-07 06:00:00,7,83.669785,36.483685
2014-08-07,2014-08-07 07:00:00,8,67.443184,64.48984
2014-08-07,2014-08-07 08:00:00,9,49.712566,60.44868
2014-08-07,2014-08-07 09:00:00,10,63.4258,58.145535
2014-08-07,2014-08-07 10:00:00,11,78.47594,64.97731
2014-08-07,2014-08-07 11:00:00,12,79.812836,61.47467
2014-08-07,2014-08-07 12:00:00,13,81.93516,61.51237
2014-08-07,2014-08-07 13:00:00,14,75.13369,63.013126
2014-08-07,2014-08-07 14:00:00,15,79.87299,67.67806
2014-08-07,2014-08-07 15:00:00,16,74.46524,73.9537
2014-08-07,2014-08-07 16:00:00,17,68.445854,84.16778
2014-08-07,2014-08-07 17:00:00,18,68.77674,91.73443
2014-08-07,2014-08-07 18:00:00,19,79.812836,114.5773
2014-08-07,2014-08-07 19:00:00,20,124.966576,117.985306
2014-08-07,2014-08-07 20:00:00,21,152.13235,123.02385
2014-08-07,2014-08-07 21:00:00,22,96.45722,144.11813
2014-08-07,2014-08-07 22:00:00,23,145.09358,143.28226
2014-08-07,2014-08-07 23:00:00,24,148.10829,130.74573
2014-08-08,2014-08-08 00:00:00,1,141.73796,112.50591
2014-08-08,2014-08-08 01:00:00,2,138.04813,81.14665
2014-08-08,2014-08-08 02:00:00,3,133.69318,60.75926
2014-08-08,2014-08-08 03:00:00,4,59.74599,62.01789
2014-08-08,2014-08-08 04:00:00,5,46.02941,58.77479
2014-08-08,2014-08-08 05:00:00,6,53.723263,49.263992
2014-08-08,2014-08-08 06:00:00,7,78.81016,52.391327
2014-08-08,2014-08-08 07:00:00,8,75.858955,64.6356
2014-08-08,2014-08-08 08:00:00,9,59.07754,74.66677
2014-08-08,2014-08-08 09:00:00,10,61.143047,74.51539
2014-08-08,2014-08-08 10:00:00,11,71.12299,72.28027
2014-08-08,2014-08-08 11:00:00,12,72.12567,81.6992
2014-08-08,2014-08-08 12:00:00,13,75.46791,59.727016
2014-08-08,2014-08-08 13:00:00,14,69.45187,52.489902
2014-08-08,2014-08-08 14:00:00,15,63.09158,66.2931
2014-08-08,2014-08-08 15:00:00,16,59.07754,62.07394
2014-08-08,2014-08-08 16:00:00,17,67.10561,74.34902
2014-08-08,2014-08-08 17:00:00,18,86.350266,76.991264
2014-08-08,2014-08-08 18:00:00,19,87.68382,97.91528
2014-08-08,2014-08-08 19:00:00,20,133.01805,116.602196
2014-08-08,2014-08-08 20:00:00,21,149.45522,105.47008
2014-08-08,2014-08-08 21:00:00,22,157.16577,112.807144
2014-08-08,2014-08-08 22:00:00,23,146.43048,107.68515
2014-08-08,2014-08-08 23:00:00,24,136.03944,117.65481
2014-08-09,2014-08-09 00:00:00,1,139.05748,95.16262
2014-08-09,2014-08-09 01:00:00,2,137.71056,72.7095
2014-08-09,2014-08-09 02:00:00,3,86.97861,59.375153
2014-08-09,2014-08-09 03:00:00,4,68.11163,54.957436
2014-08-09,2014-08-09 04:00:00,5,62.08556,48.899197
2014-08-09,2014-08-09 05:00:00,6,51.049465,42.239735
2014-08-09,2014-08-09 06:00:00,7,46.363636,37.022552
2014-08-09,2014-08-09 07:00:00,8,35.99599,43.696037
2014-08-09,2014-08-09 08:00:00,9,27.299465,32.928577
2014-08-09,2014-08-09 09:00:00,10,25.628342,36.990486
2014-08-09,2014-08-09 10:00:00,11,24.95655,36.655712
2014-08-09,2014-08-09 11:00:00,12,23.619652,40.088806
2014-08-09,2014-08-09 12:00:00,13,22.944519,31.445385
2014-08-09,2014-08-09 13:00:00,14,22.94786,27.394367
2014-08-09,2014-08-09 14:00:00,15,23.285427,32.462337
2014-08-09,2014-08-09 15:00:00,16,24.291445,37.18028
2014-08-09,2014-08-09 16:00:00,17,24.625668,38.69874
2014-08-09,2014-08-09 17:00:00,18,25.628342,42.321785
2014-08-09,2014-08-09 18:00:00,19,30.307487,41.812496
2014-08-09,2014-08-09 19:00:00,20,27.63369,42.315815
2014-08-09,2014-08-09 20:00:00,21,28.30214,36.676136
2014-08-09,2014-08-09 21:00:00,22,38.001335,53.1209
2014-08-09,2014-08-09 22:00:00,23,36.32353,48.48118
2014-08-09,2014-08-09 23:00:00,24,36.661095,51.78002
2014-08-10,2014-08-10 00:00:00,1,36.32687,36.137836
2014-08-10,2014-08-10 01:00:00,2,38.342247,37.323338
2014-08-10,2014-08-10 02:00:00,3,40.68182,38.68495
2014-08-10,2014-08-10 03:00:00,4,36.32687,34.307064
2014-08-10,2014-08-10 04:00:00,5,38.00468,35.24302
2014-08-10,2014-08-10 05:00:00,6,39.679146,32.008575
2014-08-10,2014-08-10 06:00:00,7,34.65575,30.812447
2014-08-10,2014-08-10 07:00:00,8,29.639038,27.845146
2014-08-10,2014-08-10 08:00:00,9,33.31551,25.336178
2014-08-10,2014-08-10 09:00:00,10,24.625668,28.19442
2014-08-10,2014-08-10 10:00:00,11,24.291445,25.819157
2014-08-10,2014-08-10 11:00:00,12,24.288101,22.062405
2014-08-10,2014-08-10 12:00:00,13,23.95722,21.48439
2014-08-10,2014-08-10 13:00:00,14,23.95722,20.156525
2014-08-10,2014-08-10 14:00:00,15,24.291445,20.729824
2014-08-10,2014-08-10 15:00:00,16,23.953876,22.059994
2014-08-10,2014-08-10 16:00:00,17,24.625668,24.609573
2014-08-10,2014-08-10 17:00:00,18,25.294117,27.19722
2014-08-10,2014-08-10 18:00:00,19,26.296791,26.678925
2014-08-10,2014-08-10 19:00:00,20,26.96524,26.480404
2014-08-10,2014-08-10 20:00:00,21,29.304813,29.741402
2014-08-10,2014-08-10 21:00:00,22,38.338905,33.3956
2014-08-10,2014-08-10 22:00:00,23,36.32353,33.486942
2014-08-10,2014-08-10 23:00:00,24,36.32687,36.272335
2014-08-11,2014-08-11 00:00:00,1,36.32353,37.23362
2014-08-11,2014-08-11 01:00:00,2,35.989304,37.021164
2014-08-11,2014-08-11 02:00:00,3,36.661095,38.856915
2014-08-11,2014-08-11 03:00:00,4,35.989304,35.42421
2014-08-11,2014-08-11 04:00:00,5,37.670456,36.112747
2014-08-11,2014-08-11 05:00:00,6,47.36631,35.787502
2014-08-11,2014-08-11 06:00:00,7,76.13636,31.412575
2014-08-11,2014-08-11 07:00:00,8,71.45388,47.32586
2014-08-11,2014-08-11 08:00:00,9,72.45655,58.289665
2014-08-11,2014-08-11 09:00:00,10,62.757355,91.409775
2014-08-11,2014-08-11 10:00:00,11,58.409092,94.275764
2014-08-11,2014-08-11 11:00:00,12,71.11965,96.83075
2014-08-11,2014-08-11 12:00:00,13,75.80214,101.0262
2014-08-11,2014-08-11 13:00:00,14,69.44853,100.03958
2014-08-11,2014-08-11 14:00:00,15,71.79144,104.059875
2014-08-11,2014-08-11 15:00:00,16,69.44184,109.39044
2014-08-11,2014-08-11 16:00:00,17,77.47326,116.459915
2014-08-11,2014-08-11 17:00:00,18,77.13904,128.1672
2014-08-11,2014-08-11 18:00:00,19,72.45989,141.20535
2014-08-11,2014-08-11 19:00:00,20,103.79011,162.04324
2014-08-11,2014-08-11 20:00:00,21,127.6504,161.92366
2014-08-11,2014-08-11 21:00:00,22,149.11096,169.49637
2014-08-11,2014-08-11 22:00:00,23,142.40642,161.51639
2014-08-11,2014-08-11 23:00:00,24,135.69853,168.35638
2014-08-12,2014-08-12 00:00:00,1,128.99065,83.66266
2014-08-12,2014-08-12 01:00:00,2,115.91243,67.12237
2014-08-12,2014-08-12 02:00:00,3,67.83088,60.242268
2014-08-12,2014-08-12 03:00:00,4,48.368984,61.243477
2014-08-12,2014-08-12 04:00:00,5,47.032085,49.48213
2014-08-12,2014-08-12 05:00:00,6,55.394386,46.20939
2014-08-12,2014-08-12 06:00:00,7,80.49131,69.253685
2014-08-12,2014-08-12 07:00:00,8,75.47126,75.45697
2014-08-12,2014-08-12 08:00:00,9,69.44519,83.86171
2014-08-12,2014-08-12 09:00:00,10,43.02139,91.75958
2014-08-12,2014-08-12 10:00:00,11,43.68984,88.89853
2014-08-12,2014-08-12 11:00:00,12,50.381016,97.99942
2014-08-12,2014-08-12 12:00:00,13,68.445854,88.66428
2014-08-12,2014-08-12 13:00:00,14,72.79412,91.87903
2014-08-12,2014-08-12 14:00:00,15,87.687164,83.17266
2014-08-12,2014-08-12 15:00:00,16,73.46257,80.522865
2014-08-12,2014-08-12 16:00:00,17,73.79679,88.28734
2014-08-12,2014-08-12 17:00:00,18,96.79144,92.02028
2014-08-12,2014-08-12 18:00:00,19,81.88168,111.604164
2014-08-12,2014-08-12 19:00:00,20,116.864975,118.644135
2014-08-12,2014-08-12 20:00:00,21,142.40976,142.23761
2014-08-12,2014-08-12 21:00:00,22,85.90575,161.71399
2014-08-12,2014-08-12 22:00:00,23,139.05414,135.64844
2014-08-12,2014-08-12 23:00:00,24,131.67447,140.67606
2014-08-13,2014-08-13 00:00:00,1,123.95722,97.462654
2014-08-13,2014-08-13 01:00:00,2,107.4766,48.19667
2014-08-13,2014-08-13 02:00:00,3,58.074867,43.438263
2014-08-13,2014-08-13 03:00:00,4,40.68182,42.16245
2014-08-13,2014-08-13 04:00:00,5,39.34492,38.917168
2014-08-13,2014-08-13 05:00:00,6,48.709892,35.2129
2014-08-13,2014-08-13 06:00:00,7,73.45922,33.750626
2014-08-13,2014-08-13 07:00:00,8,69.11096,66.39076
2014-08-13,2014-08-13 08:00:00,9,68.10829,65.13417
2014-08-13,2014-08-13 09:00:00,10,59.411766,59.091766
2014-08-13,2014-08-13 10:00:00,11,62.08556,65.61199
2014-08-13,2014-08-13 11:00:00,12,59.411766,65.51267
2014-08-13,2014-08-13 12:00:00,13,64.428474,63.69069
2014-08-13,2014-08-13 13:00:00,14,62.419785,64.56029
2014-08-13,2014-08-13 14:00:00,15,69.44519,71.86794
2014-08-13,2014-08-13 15:00:00,16,71.45722,78.780594
2014-08-13,2014-08-13 16:00:00,17,69.786095,89.87189
2014-08-13,2014-08-13 17:00:00,18,81.93516,94.192825
2014-08-13,2014-08-13 18:00:00,19,79.47861,118.68211
2014-08-13,2014-08-13 19:00:00,20,106.75468,128.73701
2014-08-13,2014-08-13 20:00:00,21,155.15375,116.4551
2014-08-13,2014-08-13 21:00:00,22,162.38637,132.38654
2014-08-13,2014-08-13 22:00:00,23,147.4365,133.6035
2014-08-13,2014-08-13 23:00:00,24,141.40375,133.39305
2014-08-14,2014-08-14 00:00:00,1,134.36163,82.15586
2014-08-14,2014-08-14 01:00:00,2,110.21056,49.84623
2014-08-14,2014-08-14 02:00:00,3,77.934494,44.43318
2014-08-14,2014-08-14 03:00:00,4,52.05214,45.021713
2014-08-14,2014-08-14 04:00:00,5,46.02941,31.739162
2014-08-14,2014-08-14 05:00:00,6,52.72059,26.655914
2014-08-14,2014-08-14 06:00:00,7,76.80147,47.304024
2014-08-14,2014-08-14 07:00:00,8,69.77941,62.118942
2014-08-14,2014-08-14 08:00:00,9,85.95588,65.18307
2014-08-14,2014-08-14 09:00:00,10,61.420456,68.69136
2014-08-14,2014-08-14 10:00:00,11,61.41711,63.840656
2014-08-14,2014-08-14 11:00:00,12,60.41444,71.80747
2014-08-14,2014-08-14 12:00:00,13,49.709225,66.42788
2014-08-14,2014-08-14 13:00:00,14,46.02941,67.59423
2014-08-14,2014-08-14 14:00:00,15,47.36965,68.544876
2014-08-14,2014-08-14 15:00:00,16,46.69786,69.614944
2014-08-14,2014-08-14 16:00:00,17,46.363636,79.3905
2014-08-14,2014-08-14 17:00:00,18,55.731953,88.48593
2014-08-14,2014-08-14 18:00:00,19,61.751335,115.22034
2014-08-14,2014-08-14 19:00:00,20,102.79078,128.3637
2014-08-14,2014-08-14 20:00:00,21,128.99399,147.77155
2014-08-14,2014-08-14 21:00:00,22,137.37968,163.02008
2014-08-14,2014-08-14 22:00:00,23,125.97594,144.08838
2014-08-14,2014-08-14 23:00:00,24,122.957886,144.31656
2014-08-15,2014-08-15 00:00:00,1,118.59291,110.92916
2014-08-15,2014-08-15 01:00:00,2,110.21056,102.3472
2014-08-15,2014-08-15 02:00:00,3,68.49933,61.891624
2014-08-15,2014-08-15 03:00:00,4,50.374332,53.93776
2014-08-15,2014-08-15 04:00:00,5,49.037434,47.490253
2014-08-15,2014-08-15 05:00:00,6,58.40575,43.720375
2014-08-15,2014-08-15 06:00:00,7,79.15107,47.534885
2014-08-15,2014-08-15 07:00:00,8,69.1143,45.185513
2014-08-15,2014-08-15 08:00:00,9,72.12233,67.21831
2014-08-15,2014-08-15 09:00:00,10,45.364304,68.602455
2014-08-15,2014-08-15 10:00:00,11,43.02139,62.752804
2014-08-15,2014-08-15 11:00:00,12,48.368984,67.303116
2014-08-15,2014-08-15 12:00:00,13,52.048798,54.77724
2014-08-15,2014-08-15 13:00:00,14,53.726604,46.68849
2014-08-15,2014-08-15 14:00:00,15,53.39238,54.298252
2014-08-15,2014-08-15 15:00:00,16,56.73797,52.830887
2014-08-15,2014-08-15 16:00:00,17,63.756683,62.893147
2014-08-15,2014-08-15 17:00:00,18,72.79078,68.45024
2014-08-15,2014-08-15 18:00:00,19,75.528076,78.90081
2014-08-15,2014-08-15 19:00:00,20,100.391045,92.12058
2014-08-15,2014-08-15 20:00:00,21,127.6504,107.14839
2014-08-15,2014-08-15 21:00:00,22,135.69853,107.41006
2014-08-15,2014-08-15 22:00:00,23,119.60227,103.43786
2014-08-15,2014-08-15 23:00:00,24,117.92112,104.814804
2014-08-16,2014-08-16 00:00:00,1,89.989975,87.731804
2014-08-16,2014-08-16 01:00:00,2,72.45989,69.31986
2014-08-16,2014-08-16 02:00:00,3,52.386364,47.334
2014-08-16,2014-08-16 03:00:00,4,35.65508,39.102768
2014-08-16,2014-08-16 04:00:00,5,36.661095,34.530544
2014-08-16,2014-08-16 05:00:00,6,36.32353,28.843098
2014-08-16,2014-08-16 06:00:00,7,34.652405,22.302608
2014-08-16,2014-08-16 07:00:00,8,26.96524,25.14561
2014-08-16,2014-08-16 08:00:00,9,25.294117,15.156311
2014-08-16,2014-08-16 09:00:00,10,23.622995,19.448544
2014-08-16,2014-08-16 10:00:00,11,22.94786,20.175236
2014-08-16,2014-08-16 11:00:00,12,22.27607,22.661331
2014-08-16,2014-08-16 12:00:00,13,22.27607,21.179771
2014-08-16,2014-08-16 13:00:00,14,22.27607,17.878082
2014-08-16,2014-08-16 14:00:00,15,23.285427,22.18156
2014-08-16,2014-08-16 15:00:00,16,23.622995,27.750153
2014-08-16,2014-08-16 16:00:00,17,23.95722,26.090805
2014-08-16,2014-08-16 17:00:00,18,24.959892,29.285076
2014-08-16,2014-08-16 18:00:00,19,28.30214,27.301071
2014-08-16,2014-08-16 19:00:00,20,29.639038,28.003689
2014-08-16,2014-08-16 20:00:00,21,30.307487,28.055569
2014-08-16,2014-08-16 21:00:00,22,40.347595,40.10843
2014-08-16,2014-08-16 22:00:00,23,40.01337,37.375854
2014-08-16,2014-08-16 23:00:00,24,36.32687,35.386776
2014-08-17,2014-08-17 00:00:00,1,35.989304,35.780663
2014-08-17,2014-08-17 01:00:00,2,35.989304,36.255096
2014-08-17,2014-08-17 02:00:00,3,35.989304,38.12432
2014-08-17,2014-08-17 03:00:00,4,35.65508,34.75576
2014-08-17,2014-08-17 04:00:00,5,36.661095,35.094624
2014-08-17,2014-08-17 05:00:00,6,36.32687,33.485794
2014-08-17,2014-08-17 06:00:00,7,34.31818,32.214745
2014-08-17,2014-08-17 07:00:00,8,27.299465,29.440502
2014-08-17,2014-08-17 08:00:00,9,25.628342,27.034393
2014-08-17,2014-08-17 09:00:00,10,24.291445,28.518261
2014-08-17,2014-08-17 10:00:00,11,23.285427,26.131989
2014-08-17,2014-08-17 11:00:00,12,22.94786,23.385586
2014-08-17,2014-08-17 12:00:00,13,22.272728,23.44563
2014-08-17,2014-08-17 13:00:00,14,23.285427,22.322659
2014-08-17,2014-08-17 14:00:00,15,23.285427,22.694145
2014-08-17,2014-08-17 15:00:00,16,23.622995,22.925556
2014-08-17,2014-08-17 16:00:00,17,24.291445,25.089893
2014-08-17,2014-08-17 17:00:00,18,25.962566,27.047535
2014-08-17,2014-08-17 18:00:00,19,26.631016,28.127289
2014-08-17,2014-08-17 19:00:00,20,25.962566,29.06585
2014-08-17,2014-08-17 20:00:00,21,29.308155,31.82545
2014-08-17,2014-08-17 21:00:00,22,38.00468,36.27798
2014-08-17,2014-08-17 22:00:00,23,35.989304,37.15289
2014-08-17,2014-08-17 23:00:00,24,35.989304,37.26232
2014-08-18,2014-08-18 00:00:00,1,36.32353,35.0997
2014-08-18,2014-08-18 01:00:00,2,35.989304,35.71915
2014-08-18,2014-08-18 02:00:00,3,36.661095,38.519028
2014-08-18,2014-08-18 03:00:00,4,36.32353,35.90127
2014-08-18,2014-08-18 04:00:00,5,37.66711,34.5198
2014-08-18,2014-08-18 05:00:00,6,47.36965,34.36612
2014-08-18,2014-08-18 06:00:00,7,75.13369,35.535763
2014-08-18,2014-08-18 07:00:00,8,68.77674,59.59592
2014-08-18,2014-08-18 08:00:00,9,53.723263,71.74759
2014-08-18,2014-08-18 09:00:00,10,51.046124,99.86699
2014-08-18,2014-08-18 10:00:00,11,51.38369,98.208855
2014-08-18,2014-08-18 11:00:00,12,49.040775,96.39016
2014-08-18,2014-08-18 12:00:00,13,59.07754,99.03492
2014-08-18,2014-08-18 13:00:00,14,52.389706,101.854385
2014-08-18,2014-08-18 14:00:00,15,65.096924,107.98311
2014-08-18,2014-08-18 15:00:00,16,60.41444,113.71012
2014-08-18,2014-08-18 16:00:00,17,64.09091,124.60532
2014-08-18,2014-08-18 17:00:00,18,67.777405,139.68115
2014-08-18,2014-08-18 18:00:00,19,74.12767,152.72385
2014-08-18,2014-08-18 19:00:00,20,113.5127,164.57184
2014-08-18,2014-08-18 20:00:00,21,134.69586,160.81693
2014-08-18,2014-08-18 21:00:00,22,148.44586,168.51816
2014-08-18,2014-08-18 22:00:00,23,138.04813,165.76498
2014-08-18,2014-08-18 23:00:00,24,133.35562,166.11958
2014-08-19,2014-08-19 00:00:00,1,134.69252,82.64474
2014-08-19,2014-08-19 01:00:00,2,114.56885,65.036354
2014-08-19,2014-08-19 02:00:00,3,84.96992,55.869827
2014-08-19,2014-08-19 03:00:00,4,62.75401,53.8308
2014-08-19,2014-08-19 04:00:00,5,54.395054,46.04274
2014-08-19,2014-08-19 05:00:00,6,59.74599,43.32123
2014-08-19,2014-08-19 06:00:00,7,87.3496,62.955704
2014-08-19,2014-08-19 07:00:00,8,77.14238,76.236275
2014-08-19,2014-08-19 08:00:00,9,68.10829,78.46278
2014-08-19,2014-08-19 09:00:00,10,53.389038,86.69151
2014-08-19,2014-08-19 10:00:00,11,73.46591,84.59668
2014-08-19,2014-08-19 11:00:00,12,77.47326,89.81766
2014-08-19,2014-08-19 12:00:00,13,74.79947,78.65786
2014-08-19,2014-08-19 13:00:00,14,67.77406,79.36836
2014-08-19,2014-08-19 14:00:00,15,69.78275,78.52334
2014-08-19,2014-08-19 15:00:00,16,62.419785,75.30184
2014-08-19,2014-08-19 16:00:00,17,57.406418,85.393234
2014-08-19,2014-08-19 17:00:00,18,62.08556,92.97709
2014-08-19,2014-08-19 18:00:00,19,54.73262,113.36041
2014-08-19,2014-08-19 19:00:00,20,90.67179,129.5475
2014-08-19,2014-08-19 20:00:00,21,126.31016,146.55319
2014-08-19,2014-08-19 21:00:00,22,86.306816,162.69194
2014-08-19,2014-08-19 22:00:00,23,131.34024,131.0286
2014-08-19,2014-08-19 23:00:00,24,132.68382,139.14348
2014-08-20,2014-08-20 00:00:00,1,127.6504,87.629974
2014-08-20,2014-08-20 01:00:00,2,127.98797,60.391438
2014-08-20,2014-08-20 02:00:00,3,72.5234,53.409744
2014-08-20,2014-08-20 03:00:00,4,52.048798,48.88926
2014-08-20,2014-08-20 04:00:00,5,50.040108,45.727455
2014-08-20,2014-08-20 05:00:00,6,57.740643,40.26721
2014-08-20,2014-08-20 06:00:00,7,87.01537,51.076565
2014-08-20,2014-08-20 07:00:00,8,84.94987,74.16883
2014-08-20,2014-08-20 08:00:00,9,87.356285,74.738716
2014-08-20,2014-08-20 09:00:00,10,61.420456,79.33315
2014-08-20,2014-08-20 10:00:00,11,58.739975,88.01977
2014-08-20,2014-08-20 11:00:00,12,56.06952,93.76541
2014-08-20,2014-08-20 12:00:00,13,77.13904,71.07536
2014-08-20,2014-08-20 13:00:00,14,72.79412,65.34714
2014-08-20,2014-08-20 14:00:00,15,80.48463,76.33557
2014-08-20,2014-08-20 15:00:00,16,72.12233,73.48122
2014-08-20,2014-08-20 16:00:00,17,69.117645,91.46634
2014-08-20,2014-08-20 17:00:00,18,72.12233,88.084564
2014-08-20,2014-08-20 18:00:00,19,68.44251,106.14482
2014-08-20,2014-08-20 19:00:00,20,111.84492,127.75018
2014-08-20,2014-08-20 20:00:00,21,134.0274,127.77895
2014-08-20,2014-08-20 21:00:00,22,95.03008,146.09381
2014-08-20,2014-08-20 22:00:00,23,137.7139,134.5349
2014-08-20,2014-08-20 23:00:00,24,140.73195,144.82306
2014-08-21,2014-08-21 00:00:00,1,142.07219,108.56358
2014-08-21,2014-08-21 01:00:00,2,135.70187,75.26971
2014-08-21,2014-08-21 02:00:00,3,83.292114,56.124855
2014-08-21,2014-08-21 03:00:00,4,56.73797,54.165363
2014-08-21,2014-08-21 04:00:00,5,51.04278,49.773808
2014-08-21,2014-08-21 05:00:00,6,59.131016,44.355213
2014-08-21,2014-08-21 06:00:00,7,83.16511,44.864143
2014-08-21,2014-08-21 07:00:00,8,82.94118,64.2017
2014-08-21,2014-08-21 08:00:00,9,80.66511,77.37645
2014-08-21,2014-08-21 09:00:00,10,60.083557,72.716125
2014-08-21,2014-08-21 10:00:00,11,55.066845,78.86469
2014-08-21,2014-08-21 11:00:00,12,51.714573,82.588524
2014-08-21,2014-08-21 12:00:00,13,54.06083,65.762596
2014-08-21,2014-08-21 13:00:00,14,57.740643,55.77111
2014-08-21,2014-08-21 14:00:00,15,68.77674,70.17916
2014-08-21,2014-08-21 15:00:00,16,68.783424,70.60353
2014-08-21,2014-08-21 16:00:00,17,69.44853,84.571045
2014-08-21,2014-08-21 17:00:00,18,78.8135,87.95682
2014-08-21,2014-08-21 18:00:00,19,72.12567,107.483734
2014-08-21,2014-08-21 19:00:00,20,121.22995,128.68237
2014-08-21,2014-08-21 20:00:00,21,144.08757,128.64354
2014-08-21,2014-08-21 21:00:00,22,104.45187,132.22054
2014-08-21,2014-08-21 22:00:00,23,140.39438,134.82433
2014-08-21,2014-08-21 23:00:00,24,132.68048,140.15387
2014-08-22,2014-08-22 00:00:00,1,127.312836,115.116135
2014-08-22,2014-08-22 01:00:00,2,108.87032,93.98533
2014-08-22,2014-08-22 02:00:00,3,71.570854,57.743378
2014-08-22,2014-08-22 03:00:00,4,53.058155,51.68419
2014-08-22,2014-08-22 04:00:00,5,51.38035,47.49021
2014-08-22,2014-08-22 05:00:00,6,60.13369,42.81862
2014-08-22,2014-08-22 06:00:00,7,89.364975,40.06175
2014-08-22,2014-08-22 07:00:00,8,85.95588,44.50795
2014-08-22,2014-08-22 08:00:00,9,84.62233,63.796356
2014-08-22,2014-08-22 09:00:00,10,70.78877,59.03598
2014-08-22,2014-08-22 10:00:00,11,65.43115,57.557446
2014-08-22,2014-08-22 11:00:00,12,55.40107,60.18552
2014-08-22,2014-08-22 12:00:00,13,61.08289,51.91824
2014-08-22,2014-08-22 13:00:00,14,57.406418,46.892963
2014-08-22,2014-08-22 14:00:00,15,71.11965,58.656586
2014-08-22,2014-08-22 15:00:00,16,70.78209,62.99537
2014-08-22,2014-08-22 16:00:00,17,73.46257,67.62589
2014-08-22,2014-08-22 17:00:00,18,77.47326,74.67233
2014-08-22,2014-08-22 18:00:00,19,75.80214,88.06091
2014-08-22,2014-08-22 19:00:00,20,108.15174,98.02478
2014-08-22,2014-08-22 20:00:00,21,148.44586,101.61327
2014-08-22,2014-08-22 21:00:00,22,154.14772,98.18023
2014-08-22,2014-08-22 22:00:00,23,146.43382,105.31305
2014-08-22,2014-08-22 23:00:00,24,143.0782,103.0556
2014-08-23,2014-08-23 00:00:00,1,135.03342,100.35135
2014-08-23,2014-08-23 01:00:00,2,102.443184,69.055984
2014-08-23,2014-08-23 02:00:00,3,58.074867,55.843178
2014-08-23,2014-08-23 03:00:00,4,38.338905,51.82914
2014-08-23,2014-08-23 04:00:00,5,37.33289,41.73776
2014-08-23,2014-08-23 05:00:00,6,34.31818,35.751587
2014-08-23,2014-08-23 06:00:00,7,33.983955,30.84533
2014-08-23,2014-08-23 07:00:00,8,24.959892,42.231182
2014-08-23,2014-08-23 08:00:00,9,23.622995,34.229652
2014-08-23,2014-08-23 09:00:00,10,21.604279,38.807583
2014-08-23,2014-08-23 10:00:00,11,21.604279,37.13367
2014-08-23,2014-08-23 11:00:00,12,21.938503,39.830097
2014-08-23,2014-08-23 12:00:00,13,21.604279,27.092781
2014-08-23,2014-08-23 13:00:00,14,21.938503,22.821716
2014-08-23,2014-08-23 14:00:00,15,21.938503,25.968723
2014-08-23,2014-08-23 15:00:00,16,22.272728,32.665573
2014-08-23,2014-08-23 16:00:00,17,24.291445,37.39805
2014-08-23,2014-08-23 17:00:00,18,24.291445,37.927776
2014-08-23,2014-08-23 18:00:00,19,25.628342,37.164436
2014-08-23,2014-08-23 19:00:00,20,28.30214,35.394104
2014-08-23,2014-08-23 20:00:00,21,31.31016,27.976913
2014-08-23,2014-08-23 21:00:00,22,38.001335,50.330185
2014-08-23,2014-08-23 22:00:00,23,38.00468,45.648037
2014-08-23,2014-08-23 23:00:00,24,35.65842,48.278084
2014-08-24,2014-08-24 00:00:00,1,34.652405,35.028957
2014-08-24,2014-08-24 01:00:00,2,35.989304,35.517494
2014-08-24,2014-08-24 02:00:00,3,36.32687,37.511486
2014-08-24,2014-08-24 03:00:00,4,35.989304,33.38305
2014-08-24,2014-08-24 04:00:00,5,37.670456,33.90997
2014-08-24,2014-08-24 05:00:00,6,38.338905,31.948746
2014-08-24,2014-08-24 06:00:00,7,34.98663,30.577099
2014-08-24,2014-08-24 07:00:00,8,25.294117,27.84602
2014-08-24,2014-08-24 08:00:00,9,23.285427,25.237747
2014-08-24,2014-08-24 09:00:00,10,22.27607,27.247898
2014-08-24,2014-08-24 10:00:00,11,21.60762,24.958614
2014-08-24,2014-08-24 11:00:00,12,21.938503,21.936947
2014-08-24,2014-08-24 12:00:00,13,21.270054,22.289173
2014-08-24,2014-08-24 13:00:00,14,21.270054,20.982018
2014-08-24,2014-08-24 14:00:00,15,21.938503,21.53022
2014-08-24,2014-08-24 15:00:00,16,21.938503,21.883224
2014-08-24,2014-08-24 16:00:00,17,23.285427,24.3432
2014-08-24,2014-08-24 17:00:00,18,23.622995,26.37465
2014-08-24,2014-08-24 18:00:00,19,24.625668,27.202667
2014-08-24,2014-08-24 19:00:00,20,25.294117,27.813564
2014-08-24,2014-08-24 20:00:00,21,29.639038,30.649593
2014-08-24,2014-08-24 21:00:00,22,36.32353,34.949585
2014-08-24,2014-08-24 22:00:00,23,34.98663,35.5717
2014-08-24,2014-08-24 23:00:00,24,34.31818,36.40269
2014-08-25,2014-08-25 00:00:00,1,34.31818,33.486572
2014-08-25,2014-08-25 01:00:00,2,33.649734,34.106102
2014-08-25,2014-08-25 02:00:00,3,34.31818,37.48042
2014-08-25,2014-08-25 03:00:00,4,33.983955,34.116413
2014-08-25,2014-08-25 04:00:00,5,34.98663,33.337666
2014-08-25,2014-08-25 05:00:00,6,45.695187,32.818256
2014-08-25,2014-08-25 06:00:00,7,75.13369,32.797173
2014-08-25,2014-08-25 07:00:00,8,70.78209,56.311035
2014-08-25,2014-08-25 08:00:00,9,80.1504,68.427414
2014-08-25,2014-08-25 09:00:00,10,54.395054,98.66297
2014-08-25,2014-08-25 10:00:00,11,47.36631,97.110275
2014-08-25,2014-08-25 11:00:00,12,62.088905,95.73633
2014-08-25,2014-08-25 12:00:00,13,72.45989,98.23805
2014-08-25,2014-08-25 13:00:00,14,74.46858,99.92227
2014-08-25,2014-08-25 14:00:00,15,85.34091,105.65744
2014-08-25,2014-08-25 15:00:00,16,89.08088,112.05415
2014-08-25,2014-08-25 16:00:00,17,85.67179,122.596535
2014-08-25,2014-08-25 17:00:00,18,78.81016,137.04675
2014-08-25,2014-08-25 18:00:00,19,86.91511,150.46513
2014-08-25,2014-08-25 19:00:00,20,139.72928,164.09683
2014-08-25,2014-08-25 20:00:00,21,142.07553,160.53995
2014-08-25,2014-08-25 21:00:00,22,151.12968,167.6048
2014-08-25,2014-08-25 22:00:00,23,130.66844,162.3352
2014-08-25,2014-08-25 23:00:00,24,125.304146,164.68008
2014-08-26,2014-08-26 00:00:00,1,125.63837,66.93141
2014-08-26,2014-08-26 01:00:00,2,113.562836,53.260277
2014-08-26,2014-08-26 02:00:00,3,76.928474,46.13251
2014-08-26,2014-08-26 03:00:00,4,56.403744,49.09131
2014-08-26,2014-08-26 04:00:00,5,53.058155,35.272793
2014-08-26,2014-08-26 05:00:00,6,59.411766,38.513824
2014-08-26,2014-08-26 06:00:00,7,85.67513,77.57743
2014-08-26,2014-08-26 07:00:00,8,78.47928,74.32125
2014-08-26,2014-08-26 08:00:00,9,79.9365,71.80257
2014-08-26,2014-08-26 09:00:00,10,59.07754,71.86125
2014-08-26,2014-08-26 10:00:00,11,59.411766,70.95742
2014-08-26,2014-08-26 11:00:00,12,65.437836,75.22546
2014-08-26,2014-08-26 12:00:00,13,66.10294,71.67108
2014-08-26,2014-08-26 13:00:00,14,60.41444,79.39169
2014-08-26,2014-08-26 14:00:00,15,60.080215,77.190025
2014-08-26,2014-08-26 15:00:00,16,66.0996,82.79293
2014-08-26,2014-08-26 16:00:00,17,64.09425,84.21428
2014-08-26,2014-08-26 17:00:00,18,95.78877,102.53967
2014-08-26,2014-08-26 18:00:00,19,128.50601,136.06473
2014-08-26,2014-08-26 19:00:00,20,167.6036,132.48862
2014-08-26,2014-08-26 20:00:00,21,158.50935,159.08633
2014-08-26,2014-08-26 21:00:00,22,102.83422,164.2294
2014-08-26,2014-08-26 22:00:00,23,151.4639,140.69418
2014-08-26,2014-08-26 23:00:00,24,150.79546,125.410614
2014-08-27,2014-08-27 00:00:00,1,131.00267,110.92254
2014-08-27,2014-08-27 01:00:00,2,110.882355,71.90015
2014-08-27,2014-08-27 02:00:00,3,62.42313,62.597656
2014-08-27,2014-08-27 03:00:00,4,44.692513,61.998768
2014-08-27,2014-08-27 04:00:00,5,43.02139,59.22965
2014-08-27,2014-08-27 05:00:00,6,50.71524,53.82557
2014-08-27,2014-08-27 06:00:00,7,79.812836,55.620476
2014-08-27,2014-08-27 07:00:00,8,73.12834,84.30074
2014-08-27,2014-08-27 08:00:00,9,80.26404,80.97642
2014-08-27,2014-08-27 09:00:00,10,48.03476,78.84726
2014-08-27,2014-08-27 10:00:00,11,48.368984,79.67788
2014-08-27,2014-08-27 11:00:00,12,49.375,81.20673
2014-08-27,2014-08-27 12:00:00,13,43.355614,61.551086
2014-08-27,2014-08-27 13:00:00,14,49.375,55.959145
2014-08-27,2014-08-27 14:00:00,15,55.066845,65.475525
2014-08-27,2014-08-27 15:00:00,16,56.73797,64.22601
2014-08-27,2014-08-27 16:00:00,17,62.08556,91.92842
2014-08-27,2014-08-27 17:00:00,18,87.30281,107.057526
2014-08-27,2014-08-27 18:00:00,19,98.472595,130.40413
2014-08-27,2014-08-27 19:00:00,20,133.6865,155.07527
2014-08-27,2014-08-27 20:00:00,21,148.78008,133.40845
2014-08-27,2014-08-27 21:00:00,22,103.783424,142.23843
2014-08-27,2014-08-27 22:00:00,23,131.34358,128.89006
2014-08-27,2014-08-27 23:00:00,24,127.312836,140.78055
2014-08-28,2014-08-28 00:00:00,1,125.63837,101.34494
2014-08-28,2014-08-28 01:00:00,2,116.58422,66.30786
2014-08-28,2014-08-28 02:00:00,3,89.65575,45.46287
2014-08-28,2014-08-28 03:00:00,4,67.777405,41.65803
2014-08-28,2014-08-28 04:00:00,5,59.74599,38.908077
2014-08-28,2014-08-28 05:00:00,6,62.817513,37.397373
2014-08-28,2014-08-28 06:00:00,7,90.75535,34.454803
2014-08-28,2014-08-28 07:00:00,8,79.812836,59.562416
2014-08-28,2014-08-28 08:00:00,9,87.74064,72.40141
2014-08-28,2014-08-28 09:00:00,10,74.19118,62.802746
2014-08-28,2014-08-28 10:00:00,11,73.79679,66.16952
2014-08-28,2014-08-28 11:00:00,12,76.13636,65.16409
2014-08-28,2014-08-28 12:00:00,13,71.78476,57.554207
2014-08-28,2014-08-28 13:00:00,14,65.76203,56.24601
2014-08-28,2014-08-28 14:00:00,15,68.11163,65.503494
2014-08-28,2014-08-28 15:00:00,16,73.79345,73.30883
2014-08-28,2014-08-28 16:00:00,17,67.777405,88.73267
2014-08-28,2014-08-28 17:00:00,18,70.78877,102.59897
2014-08-28,2014-08-28 18:00:00,19,65.76203,124.97334
2014-08-28,2014-08-28 19:00:00,20,109.498665,139.9867
2014-08-28,2014-08-28 20:00:00,21,143.07486,138.63629
2014-08-28,2014-08-28 21:00:00,22,102.83422,135.96227
2014-08-28,2014-08-28 22:00:00,23,146.43048,138.05252
2014-08-28,2014-08-28 23:00:00,24,131.3369,133.92825
2014-08-29,2014-08-29 00:00:00,1,124.966576,107.154076
2014-08-29,2014-08-29 01:00:00,2,117.25267,89.588455
2014-08-29,2014-08-29 02:00:00,3,71.90508,63.349236
2014-08-29,2014-08-29 03:00:00,4,51.04278,60.738544
2014-08-29,2014-08-29 04:00:00,5,49.037434,53.66881
2014-08-29,2014-08-29 05:00:00,6,54.725937,47.746243
2014-08-29,2014-08-29 06:00:00,7,82.83088,51.82969
2014-08-29,2014-08-29 07:00:00,8,74.80281,57.202797
2014-08-29,2014-08-29 08:00:00,9,80.60495,72.546745
2014-08-29,2014-08-29 09:00:00,10,65.100266,72.53685
2014-08-29,2014-08-29 10:00:00,11,52.05214,67.68839
2014-08-29,2014-08-29 11:00:00,12,54.06083,74.82128
2014-08-29,2014-08-29 12:00:00,13,59.07754,57.76736
2014-08-29,2014-08-29 13:00:00,14,58.743317,50.415142
2014-08-29,2014-08-29 14:00:00,15,63.088234,62.390266
2014-08-29,2014-08-29 15:00:00,16,67.43984,60.412766
2014-08-29,2014-08-29 16:00:00,17,68.78008,69.47003
2014-08-29,2014-08-29 17:00:00,18,79.204544,73.348495
2014-08-29,2014-08-29 18:00:00,19,79.48195,87.18418
2014-08-29,2014-08-29 19:00:00,20,114.86297,96.17396
2014-08-29,2014-08-29 20:00:00,21,144.75601,96.248856
2014-08-29,2014-08-29 21:00:00,22,82.22928,102.97133
2014-08-29,2014-08-29 22:00:00,23,132.3496,99.91683
2014-08-29,2014-08-29 23:00:00,24,130.6718,101.303375
2014-08-30,2014-08-30 00:00:00,1,120.60829,101.85348
2014-08-30,2014-08-30 01:00:00,2,107.52674,77.15761
2014-08-30,2014-08-30 02:00:00,3,57.406418,51.889572
2014-08-30,2014-08-30 03:00:00,4,39.010696,48.125656
2014-08-30,2014-08-30 04:00:00,5,39.010696,46.16089
2014-08-30,2014-08-30 05:00:00,6,36.661095,38.999832
2014-08-30,2014-08-30 06:00:00,7,36.32353,31.210209
2014-08-30,2014-08-30 07:00:00,8,25.294117,32.468582
2014-08-30,2014-08-30 08:00:00,9,23.285427,23.917263
2014-08-30,2014-08-30 09:00:00,10,21.270054,25.914902
2014-08-30,2014-08-30 10:00:00,11,20.93583,29.233738
2014-08-30,2014-08-30 11:00:00,12,19.933155,33.297863
2014-08-30,2014-08-30 12:00:00,13,19.59893,28.837975
2014-08-30,2014-08-30 13:00:00,14,19.59893,22.707394
2014-08-30,2014-08-30 14:00:00,15,19.933155,29.069061
2014-08-30,2014-08-30 15:00:00,16,20.26738,33.82813
2014-08-30,2014-08-30 16:00:00,17,23.282085,32.33119
2014-08-30,2014-08-30 17:00:00,18,25.628342,35.196007
2014-08-30,2014-08-30 18:00:00,19,25.290775,34.216045
2014-08-30,2014-08-30 19:00:00,20,23.95722,38.1188
2014-08-30,2014-08-30 20:00:00,21,29.304813,34.547962
2014-08-30,2014-08-30 21:00:00,22,34.98663,42.779007
2014-08-30,2014-08-30 22:00:00,23,34.98663,42.92512
2014-08-30,2014-08-30 23:00:00,24,33.31551,42.54796
2014-08-31,2014-08-31 00:00:00,1,35.320854,32.58137
2014-08-31,2014-08-31 01:00:00,2,33.649734,33.467655
2014-08-31,2014-08-31 02:00:00,3,33.983955,35.067966
2014-08-31,2014-08-31 03:00:00,4,33.983955,31.914993
2014-08-31,2014-08-31 04:00:00,5,33.983955,32.395134
2014-08-31,2014-08-31 05:00:00,6,32.981285,30.52121
2014-08-31,2014-08-31 06:00:00,7,33.649734,29.183441
2014-08-31,2014-08-31 07:00:00,8,24.625668,26.400414
2014-08-31,2014-08-31 08:00:00,9,23.285427,23.89262
2014-08-31,2014-08-31 09:00:00,10,22.610294,25.517223
2014-08-31,2014-08-31 10:00:00,11,20.601604,23.25262
2014-08-31,2014-08-31 11:00:00,12,19.59893,20.75806
2014-08-31,2014-08-31 12:00:00,13,19.264706,20.551964
2014-08-31,2014-08-31 13:00:00,14,19.59893,19.401173
2014-08-31,2014-08-31 14:00:00,15,20.26738,19.738922
2014-08-31,2014-08-31 15:00:00,16,20.601604,20.388664
2014-08-31,2014-08-31 16:00:00,17,21.270054,22.382065
2014-08-31,2014-08-31 17:00:00,18,22.272728,24.351849
2014-08-31,2014-08-31 18:00:00,19,22.610294,25.246197
2014-08-31,2014-08-31 19:00:00,20,22.94786,26.313461
2014-08-31,2014-08-31 20:00:00,21,29.639038,29.139904
2014-08-31,2014-08-31 21:00:00,22,33.983955,32.587536
2014-08-31,2014-08-31 22:00:00,23,32.64706,33.109035
2014-08-31,2014-08-31 23:00:00,24,32.64706,34.176575
2014-09-01,2014-09-01 00:00:00,1,33.31551,32.35363
2014-09-01,2014-09-01 01:00:00,2,32.64706,32.286507
2014-09-01,2014-09-01 02:00:00,3,32.64706,35.67793
2014-09-01,2014-09-01 03:00:00,4,32.312836,31.978062
2014-09-01,2014-09-01 04:00:00,5,33.983955,32.37073
2014-09-01,2014-09-01 05:00:00,6,44.692513,31.533066
2014-09-01,2014-09-01 06:00:00,7,75.13369,29.976616
2014-09-01,2014-09-01 07:00:00,8,69.77941,52.3933
2014-09-01,2014-09-01 08:00:00,9,72.45989,64.64163
2014-09-01,2014-09-01 09:00:00,10,68.10829,96.87068
2014-09-01,2014-09-01 10:00:00,11,59.74599,95.85485
2014-09-01,2014-09-01 11:00:00,12,54.395054,95.242584
2014-09-01,2014-09-01 12:00:00,13,75.13369,97.79531
2014-09-01,2014-09-01 13:00:00,14,76.80816,98.44885
2014-09-01,2014-09-01 14:00:00,15,88.58623,103.58846
2014-09-01,2014-09-01 15:00:00,16,92.43316,110.10109
2014-09-01,2014-09-01 16:00:00,17,98.13168,120.18048
2014-09-01,2014-09-01 17:00:00,18,100.481285,133.90823
2014-09-01,2014-09-01 18:00:00,19,109.53877,148.13058
2014-09-01,2014-09-01 19:00:00,20,139.05414,164.00404
2014-09-01,2014-09-01 20:00:00,21,164.87968,160.50339
2014-09-01,2014-09-01 21:00:00,22,165.07019,166.67874
2014-09-01,2014-09-01 22:00:00,23,144.41844,158.7417
2014-09-01,2014-09-01 23:00:00,24,135.36765,164.52971
2014-09-02,2014-09-02 00:00:00,1,131.34024,70.866615
2014-09-02,2014-09-02 01:00:00,2,132.34625,56.164185
2014-09-02,2014-09-02 02:00:00,3,97.69719,50.53412
2014-09-02,2014-09-02 03:00:00,4,72.79412,51.571144
2014-09-02,2014-09-02 04:00:00,5,64.7627,38.07062
2014-09-02,2014-09-02 05:00:00,6,64.82286,41.990463
2014-09-02,2014-09-02 06:00:00,7,85.95588,81.56101
2014-09-02,2014-09-02 07:00:00,8,86.346924,74.578674
2014-09-02,2014-09-02 08:00:00,9,78.64639,69.22015
2014-09-02,2014-09-02 09:00:00,10,56.403744,70.74597
2014-09-02,2014-09-02 10:00:00,11,54.06083,71.099396
2014-09-02,2014-09-02 11:00:00,12,59.411766,73.18996
2014-09-02,2014-09-02 12:00:00,13,77.13904,76.00538
2014-09-02,2014-09-02 13:00:00,14,83.94385,82.77153
2014-09-02,2014-09-02 14:00:00,15,92.77072,82.30928
2014-09-02,2014-09-02 15:00:00,16,103.50602,90.04283
2014-09-02,2014-09-02 16:00:00,17,94.44519,92.985504
2014-09-02,2014-09-02 17:00:00,18,102.15909,109.95166
2014-09-02,2014-09-02 18:00:00,19,120.60829,142.08281
2014-09-02,2014-09-02 19:00:00,20,181.43716,136.8875
2014-09-02,2014-09-02 20:00:00,21,173.01137,167.49026
2014-09-02,2014-09-02 21:00:00,22,166.93517,171.6868
2014-09-02,2014-09-02 22:00:00,23,157.50334,149.25827
2014-09-02,2014-09-02 23:00:00,24,169.46524,135.1911
2014-09-03,2014-09-03 00:00:00,1,161.86497,118.624504
2014-09-03,2014-09-03 01:00:00,2,142.40976,64.51744
2014-09-03,2014-09-03 02:00:00,3,76.931816,60.172634
2014-09-03,2014-09-03 03:00:00,4,55.40107,58.561523
2014-09-03,2014-09-03 04:00:00,5,53.726604,53.79531
2014-09-03,2014-09-03 05:00:00,6,55.394386,51.098526
2014-09-03,2014-09-03 06:00:00,7,80.81885,55.542675
2014-09-03,2014-09-03 07:00:00,8,87.64037,80.91503
2014-09-03,2014-09-03 08:00:00,9,91.09291,68.699326
2014-09-03,2014-09-03 09:00:00,10,88.024734,70.45386
2014-09-03,2014-09-03 10:00:00,11,74.52874,77.79426
2014-09-03,2014-09-03 11:00:00,12,78.205215,80.850494
2014-09-03,2014-09-03 12:00:00,13,77.54011,77.244774
2014-09-03,2014-09-03 13:00:00,14,63.756683,77.69229
2014-09-03,2014-09-03 14:00:00,15,79.81618,87.16667
2014-09-03,2014-09-03 15:00:00,16,71.79144,96.85954
2014-09-03,2014-09-03 16:00:00,17,77.195854,107.39423
2014-09-03,2014-09-03 17:00:00,18,79.48195,111.755585
2014-09-03,2014-09-03 18:00:00,19,84.90976,138.7592
2014-09-03,2014-09-03 19:00:00,20,144.75267,156.84105
2014-09-03,2014-09-03 20:00:00,21,153.14171,149.5856
2014-09-03,2014-09-03 21:00:00,22,116.91845,164.72403
2014-09-03,2014-09-03 22:00:00,23,150.12366,150.59558
2014-09-03,2014-09-03 23:00:00,24,144.08423,155.19212
2014-09-04,2014-09-04 00:00:00,1,144.75601,114.85157
2014-09-04,2014-09-04 01:00:00,2,123.626335,75.77513
2014-09-04,2014-09-04 02:00:00,3,69.50535,53.702587
2014-09-04,2014-09-04 03:00:00,4,45.360962,53.737175
2014-09-04,2014-09-04 04:00:00,5,42.35294,49.902344
2014-09-04,2014-09-04 05:00:00,6,52.72059,46.96162
2014-09-04,2014-09-04 06:00:00,7,82.16243,49.284027
2014-09-04,2014-09-04 07:00:00,8,92.99465,72.36735
2014-09-04,2014-09-04 08:00:00,9,102.82754,86.163315
2014-09-04,2014-09-04 09:00:00,10,71.18316,82.78965
2014-09-04,2014-09-04 10:00:00,11,61.08623,82.47519
2014-09-04,2014-09-04 11:00:00,12,56.73797,86.96851
2014-09-04,2014-09-04 12:00:00,13,75.46791,69.01146
2014-09-04,2014-09-04 13:00:00,14,73.46257,60.997917
2014-09-04,2014-09-04 14:00:00,15,83.221924,69.49289
2014-09-04,2014-09-04 15:00:00,16,78.14505,69.87169
2014-09-04,2014-09-04 16:00:00,17,69.44853,90.07716
2014-09-04,2014-09-04 17:00:00,18,70.4512,101.990364
2014-09-04,2014-09-04 18:00:00,19,63.4258,127.529526
2014-09-04,2014-09-04 19:00:00,20,137.7139,152.2615
2014-09-04,2014-09-04 20:00:00,21,142.07553,151.94745
2014-09-04,2014-09-04 21:00:00,22,166.06952,157.19382
2014-09-04,2014-09-04 22:00:00,23,149.45187,149.56673
2014-09-04,2014-09-04 23:00:00,24,149.44853,149.16858
2014-09-05,2014-09-05 00:00:00,1,145.76204,121.35445
2014-09-05,2014-09-05 01:00:00,2,144.08423,87.63522
2014-09-05,2014-09-05 02:00:00,3,92.67714,60.45955
2014-09-05,2014-09-05 03:00:00,4,64.75936,55.612305
2014-09-05,2014-09-05 04:00:00,5,63.42246,49.79396
2014-09-05,2014-09-05 05:00:00,6,65.49131,40.61955
2014-09-05,2014-09-05 06:00:00,7,88.40909,48.831554
2014-09-05,2014-09-05 07:00:00,8,83.2754,72.439
2014-09-05,2014-09-05 08:00:00,9,94.11096,88.21538
2014-09-05,2014-09-05 09:00:00,10,87.690506,88.21617
2014-09-05,2014-09-05 10:00:00,11,74.79612,76.98974
2014-09-05,2014-09-05 11:00:00,12,69.78275,90.1307
2014-09-05,2014-09-05 12:00:00,13,78.14505,68.09215
2014-09-05,2014-09-05 13:00:00,14,74.46524,60.160114
2014-09-05,2014-09-05 14:00:00,15,70.454544,65.23138
2014-09-05,2014-09-05 15:00:00,16,77.80749,59.241207
2014-09-05,2014-09-05 16:00:00,17,86.29345,79.906265
2014-09-05,2014-09-05 17:00:00,18,101.82487,78.338005
2014-09-05,2014-09-05 18:00:00,19,111.216576,90.11752
2014-09-05,2014-09-05 19:00:00,20,141.4004,113.72127
2014-09-05,2014-09-05 20:00:00,21,145.09024,119.35408
2014-09-05,2014-09-05 21:00:00,22,116.864975,142.70856
2014-09-05,2014-09-05 22:00:00,23,132.68382,133.90074
2014-09-05,2014-09-05 23:00:00,24,122.28275,136.1272
2014-09-06,2014-09-06 00:00:00,1,120.94251,100.87883
2014-09-06,2014-09-06 01:00:00,2,105.46457,87.66193
2014-09-06,2014-09-06 02:00:00,3,54.395054,62.521523
2014-09-06,2014-09-06 03:00:00,4,36.657753,55.86328
2014-09-06,2014-09-06 04:00:00,5,37.670456,54.435493
2014-09-06,2014-09-06 05:00:00,6,36.32353,47.24214
2014-09-06,2014-09-06 06:00:00,7,34.652405,42.17792
2014-09-06,2014-09-06 07:00:00,8,30.975935,40.29754
2014-09-06,2014-09-06 08:00:00,9,24.291445,35.54644
2014-09-06,2014-09-06 09:00:00,10,22.94786,34.978523
2014-09-06,2014-09-06 10:00:00,11,24.288101,35.144543
2014-09-06,2014-09-06 11:00:00,12,22.27607,38.80309
2014-09-06,2014-09-06 12:00:00,13,22.27607,37.038044
2014-09-06,2014-09-06 13:00:00,14,22.272728,32.40004
2014-09-06,2014-09-06 14:00:00,15,23.285427,38.12751
2014-09-06,2014-09-06 15:00:00,16,23.282085,40.342537
2014-09-06,2014-09-06 16:00:00,17,23.622995,41.18257
2014-09-06,2014-09-06 17:00:00,18,24.625668,44.839287
2014-09-06,2014-09-06 18:00:00,19,24.291445,44.050545
2014-09-06,2014-09-06 19:00:00,20,24.959892,46.21457
2014-09-06,2014-09-06 20:00:00,21,35.320854,48.005203
2014-09-06,2014-09-06 21:00:00,22,35.320854,52.062027
2014-09-06,2014-09-06 22:00:00,23,33.983955,53.53675
2014-09-06,2014-09-06 23:00:00,24,41.016045,51.58767
2014-09-07,2014-09-07 00:00:00,1,37.33289,38.10653
2014-09-07,2014-09-07 01:00:00,2,33.649734,38.700912
2014-09-07,2014-09-07 02:00:00,3,33.983955,40.58937
2014-09-07,2014-09-07 03:00:00,4,33.649734,33.31007
2014-09-07,2014-09-07 04:00:00,5,35.320854,35.232273
2014-09-07,2014-09-07 05:00:00,6,35.65508,32.89004
2014-09-07,2014-09-07 06:00:00,7,37.329544,31.298203
2014-09-07,2014-09-07 07:00:00,8,29.639038,28.767487
2014-09-07,2014-09-07 08:00:00,9,24.291445,25.008606
2014-09-07,2014-09-07 09:00:00,10,24.291445,28.995049
2014-09-07,2014-09-07 10:00:00,11,22.94786,27.271637
2014-09-07,2014-09-07 11:00:00,12,21.60762,22.478436
2014-09-07,2014-09-07 12:00:00,13,21.270054,26.089775
2014-09-07,2014-09-07 13:00:00,14,22.272728,23.254055
2014-09-07,2014-09-07 14:00:00,15,22.610294,24.644112
2014-09-07,2014-09-07 15:00:00,16,21.604279,25.518227
2014-09-07,2014-09-07 16:00:00,17,23.285427,27.844028
2014-09-07,2014-09-07 17:00:00,18,23.622995,28.690521
2014-09-07,2014-09-07 18:00:00,19,24.625668,29.930912
2014-09-07,2014-09-07 19:00:00,20,24.959892,29.823456
2014-09-07,2014-09-07 20:00:00,21,33.31551,33.12562
2014-09-07,2014-09-07 21:00:00,22,34.98663,37.730648
2014-09-07,2014-09-07 22:00:00,23,33.983955,38.03569
2014-09-07,2014-09-07 23:00:00,24,33.649734,40.129375
2014-09-08,2014-09-08 00:00:00,1,34.31818,33.970387
2014-09-08,2014-09-08 01:00:00,2,33.31551,33.25021
2014-09-08,2014-09-08 02:00:00,3,33.983955,36.579205
2014-09-08,2014-09-08 03:00:00,4,34.31818,32.84167
2014-09-08,2014-09-08 04:00:00,5,35.65508,34.36021
2014-09-08,2014-09-08 05:00:00,6,46.69786,33.42379
2014-09-08,2014-09-08 06:00:00,7,77.80749,30.637882
2014-09-08,2014-09-08 07:00:00,8,77.4766,51.754147
2014-09-08,2014-09-08 08:00:00,9,87.35294,64.29429
2014-09-08,2014-09-08 09:00:00,10,76.193184,98.65022
2014-09-08,2014-09-08 10:00:00,11,63.756683,98.783325
2014-09-08,2014-09-08 11:00:00,12,68.445854,98.755035
2014-09-08,2014-09-08 12:00:00,13,75.13369,100.64903
2014-09-08,2014-09-08 13:00:00,14,71.79144,100.14606
2014-09-08,2014-09-08 14:00:00,15,74.13102,104.915726
2014-09-08,2014-09-08 15:00:00,16,69.78275,112.02159
2014-09-08,2014-09-08 16:00:00,17,71.45722,122.20441
2014-09-08,2014-09-08 17:00:00,18,104.12433,135.31839
2014-09-08,2014-09-08 18:00:00,19,153.47594,150.37248
2014-09-08,2014-09-08 19:00:00,20,148.78008,168.02733
2014-09-08,2014-09-08 20:00:00,21,166.25668,164.45168
2014-09-08,2014-09-08 21:00:00,22,102.49666,169.00066
2014-09-08,2014-09-08 22:00:00,23,144.41844,157.65433
2014-09-08,2014-09-08 23:00:00,24,141.06618,166.8024
2014-09-09,2014-09-09 00:00:00,1,133.6865,106.039474
2014-09-09,2014-09-09 01:00:00,2,131.34024,75.979996
2014-09-09,2014-09-09 02:00:00,3,67.83088,66.05561
2014-09-09,2014-09-09 03:00:00,4,47.700535,63.61532
2014-09-09,2014-09-09 04:00:00,5,46.69786,56.229614
2014-09-09,2014-09-09 05:00:00,6,54.391712,55.861088
2014-09-09,2014-09-09 06:00:00,7,80.81885,70.6958
2014-09-09,2014-09-09 07:00:00,8,83.94719,95.212906
2014-09-09,2014-09-09 08:00:00,9,95.4512,85.23845
2014-09-09,2014-09-09 09:00:00,10,75.13369,86.409134
2014-09-09,2014-09-09 10:00:00,11,74.46524,81.65165
2014-09-09,2014-09-09 11:00:00,12,76.80481,78.0401
2014-09-09,2014-09-09 12:00:00,13,80.48797,62.31413
2014-09-09,2014-09-09 13:00:00,14,72.79412,63.308952
2014-09-09,2014-09-09 14:00:00,15,74.46524,67.10758
2014-09-09,2014-09-09 15:00:00,16,70.12032,66.134285
2014-09-09,2014-09-09 16:00:00,17,74.46524,91.688896
2014-09-09,2014-09-09 17:00:00,18,98.806816,118.164825
2014-09-09,2014-09-09 18:00:00,19,122.56684,143.74594
2014-09-09,2014-09-09 19:00:00,20,145.09358,156.05994
2014-09-09,2014-09-09 20:00:00,21,145.76538,128.39314
2014-09-09,2014-09-09 21:00:00,22,91.00602,140.24512
2014-09-09,2014-09-09 22:00:00,23,128.31885,133.66328
2014-09-09,2014-09-09 23:00:00,24,124.632355,138.1542
2014-09-10,2014-09-10 00:00:00,1,118.26203,101.79024
2014-09-10,2014-09-10 01:00:00,2,137.04211,68.32193
2014-09-10,2014-09-10 02:00:00,3,109.204544,51.918858
2014-09-10,2014-09-10 03:00:00,4,87.01203,55.6252
2014-09-10,2014-09-10 04:00:00,5,72.79078,50.016655
2014-09-10,2014-09-10 05:00:00,6,69.17112,51.33664
2014-09-10,2014-09-10 06:00:00,7,94.78275,52.235992
2014-09-10,2014-09-10 07:00:00,8,95.4512,76.90533
2014-09-10,2014-09-10 08:00:00,9,92.09559,85.25202
2014-09-10,2014-09-10 09:00:00,10,90.37099,78.36404
2014-09-10,2014-09-10 10:00:00,11,100.143715,80.7805
2014-09-10,2014-09-10 11:00:00,12,103.50267,75.6728
2014-09-10,2014-09-10 12:00:00,13,70.50802,62.628815
2014-09-10,2014-09-10 13:00:00,14,75.24733,60.297127
2014-09-10,2014-09-10 14:00:00,15,106.86163,68.28023
2014-09-10,2014-09-10 15:00:00,16,88.35227,73.26199
2014-09-10,2014-09-10 16:00:00,17,99.47861,94.88584
2014-09-10,2014-09-10 17:00:00,18,103.16845,117.693825
2014-09-10,2014-09-10 18:00:00,19,125.635025,140.66052
2014-09-10,2014-09-10 19:00:00,20,152.13235,154.46875
2014-09-10,2014-09-10 20:00:00,21,148.44586,133.3643
2014-09-10,2014-09-10 21:00:00,22,146.43048,125.1071
2014-09-10,2014-09-10 22:00:00,23,135.70522,129.29047
2014-09-10,2014-09-10 23:00:00,24,123.963905,127.71982
2014-09-11,2014-09-11 00:00:00,1,116.91845,113.85835
2014-09-11,2014-09-11 01:00:00,2,119.9365,96.02052
2014-09-11,2014-09-11 02:00:00,3,88.649734,67.0763
2014-09-11,2014-09-11 03:00:00,4,67.43984,65.63606
2014-09-11,2014-09-11 04:00:00,5,59.07754,60.525417
2014-09-11,2014-09-11 05:00:00,6,62.092247,60.39383
2014-09-11,2014-09-11 06:00:00,7,88.07487,61.480034
2014-09-11,2014-09-11 07:00:00,8,88.35227,74.10261
2014-09-11,2014-09-11 08:00:00,9,80.87233,95.49489
2014-09-11,2014-09-11 09:00:00,10,68.11163,88.03009
2014-09-11,2014-09-11 10:00:00,11,66.77139,88.87128
2014-09-11,2014-09-11 11:00:00,12,70.12032,87.61119
2014-09-11,2014-09-11 12:00:00,13,74.46524,84.10043
2014-09-11,2014-09-11 13:00:00,14,57.072193,82.183784
2014-09-11,2014-09-11 14:00:00,15,71.12299,87.06237
2014-09-11,2014-09-11 15:00:00,16,85.28409,91.68292
2014-09-11,2014-09-11 16:00:00,17,93.10495,103.18961
2014-09-11,2014-09-11 17:00:00,18,93.44251,120.10094
2014-09-11,2014-09-11 18:00:00,19,87.63703,139.0029
2014-09-11,2014-09-11 19:00:00,20,135.36765,151.39255
2014-09-11,2014-09-11 20:00:00,21,145.42781,161.873
2014-09-11,2014-09-11 21:00:00,22,89.9365,150.36584
2014-09-11,2014-09-11 22:00:00,23,137.7139,155.53763
2014-09-11,2014-09-11 23:00:00,24,128.99399,134.09477
2014-09-12,2014-09-12 00:00:00,1,126.31016,110.21076
2014-09-12,2014-09-12 01:00:00,2,117.25267,84.524765
2014-09-12,2014-09-12 02:00:00,3,81.28008,60.951294
2014-09-12,2014-09-12 03:00:00,4,62.419785,57.89913
2014-09-12,2014-09-12 04:00:00,5,53.39238,55.602413
2014-09-12,2014-09-12 05:00:00,6,58.40575,51.194107
2014-09-12,2014-09-12 06:00:00,7,84.22794,45.083992
2014-09-12,2014-09-12 07:00:00,8,83.606285,54.295616
2014-09-12,2014-09-12 08:00:00,9,85.28409,68.57636
2014-09-12,2014-09-12 09:00:00,10,78.26203,61.953247
2014-09-12,2014-09-12 10:00:00,11,58.743317,66.94052
2014-09-12,2014-09-12 11:00:00,12,60.080215,66.26659
2014-09-12,2014-09-12 12:00:00,13,53.723263,62.876366
2014-09-12,2014-09-12 13:00:00,14,48.70655,63.17392
2014-09-12,2014-09-12 14:00:00,15,61.751335,72.904366
2014-09-12,2014-09-12 15:00:00,16,75.46791,78.23437
2014-09-12,2014-09-12 16:00:00,17,85.67513,82.14498
2014-09-12,2014-09-12 17:00:00,18,97.132355,88.50139
2014-09-12,2014-09-12 18:00:00,19,141.73796,103.48746
2014-09-12,2014-09-12 19:00:00,20,155.82219,105.97104
2014-09-12,2014-09-12 20:00:00,21,153.47594,101.341034
2014-09-12,2014-09-12 21:00:00,22,138.05147,96.23988
2014-09-12,2014-09-12 22:00:00,23,135.03008,108.99828
2014-09-12,2014-09-12 23:00:00,24,127.65374,106.361015
2014-09-13,2014-09-13 00:00:00,1,121.6143,94.08499
2014-09-13,2014-09-13 01:00:00,2,96.12299,69.91253
2014-09-13,2014-09-13 02:00:00,3,68.8369,49.32038
2014-09-13,2014-09-13 03:00:00,4,48.03476,41.932022
2014-09-13,2014-09-13 04:00:00,5,44.358288,40.44599
2014-09-13,2014-09-13 05:00:00,6,42.018715,33.587147
2014-09-13,2014-09-13 06:00:00,7,40.347595,30.31511
2014-09-13,2014-09-13 07:00:00,8,30.64171,31.260445
2014-09-13,2014-09-13 08:00:00,9,25.962566,18.787594
2014-09-13,2014-09-13 09:00:00,10,25.294117,19.172188
2014-09-13,2014-09-13 10:00:00,11,25.294117,17.750072
2014-09-13,2014-09-13 11:00:00,12,24.959892,22.892544
2014-09-13,2014-09-13 12:00:00,13,23.619652,20.516476
2014-09-13,2014-09-13 13:00:00,14,23.622995,16.812416
2014-09-13,2014-09-13 14:00:00,15,23.95722,22.34301
2014-09-13,2014-09-13 15:00:00,16,24.959892,24.678486
2014-09-13,2014-09-13 16:00:00,17,26.296791,27.140541
2014-09-13,2014-09-13 17:00:00,18,26.296791,29.319798
2014-09-13,2014-09-13 18:00:00,19,26.631016,30.383636
2014-09-13,2014-09-13 19:00:00,20,26.631016,35.04332
2014-09-13,2014-09-13 20:00:00,21,35.989304,32.567303
2014-09-13,2014-09-13 21:00:00,22,36.32353,41.191704
2014-09-13,2014-09-13 22:00:00,23,37.66711,37.701355
2014-09-13,2014-09-13 23:00:00,24,41.016045,38.114822
2014-09-14,2014-09-14 00:00:00,1,40.68182,39.00447
2014-09-14,2014-09-14 01:00:00,2,35.989304,39.202797
2014-09-14,2014-09-14 02:00:00,3,35.320854,41.727192
2014-09-14,2014-09-14 03:00:00,4,36.99532,33.98147
2014-09-14,2014-09-14 04:00:00,5,35.989304,35.547268
2014-09-14,2014-09-14 05:00:00,6,35.320854,32.66699
2014-09-14,2014-09-14 06:00:00,7,36.99532,30.722073
2014-09-14,2014-09-14 07:00:00,8,33.653076,28.295982
2014-09-14,2014-09-14 08:00:00,9,27.967915,24.808895
2014-09-14,2014-09-14 09:00:00,10,25.294117,28.621777
2014-09-14,2014-09-14 10:00:00,11,23.619652,26.987316
2014-09-14,2014-09-14 11:00:00,12,23.95722,22.293999
2014-09-14,2014-09-14 12:00:00,13,23.285427,25.105465
2014-09-14,2014-09-14 13:00:00,14,23.285427,22.946205
2014-09-14,2014-09-14 14:00:00,15,23.95722,24.048222
2014-09-14,2014-09-14 15:00:00,16,23.95722,24.959454
2014-09-14,2014-09-14 16:00:00,17,24.959892,28.17155
2014-09-14,2014-09-14 17:00:00,18,25.962566,29.313828
2014-09-14,2014-09-14 18:00:00,19,26.296791,30.238483
2014-09-14,2014-09-14 19:00:00,20,26.296791,29.420433
2014-09-14,2014-09-14 20:00:00,21,36.657753,32.55167
2014-09-14,2014-09-14 21:00:00,22,36.32353,37.45525
2014-09-14,2014-09-14 22:00:00,23,35.320854,37.531414
2014-09-14,2014-09-14 23:00:00,24,35.65508,39.8878
2014-09-15,2014-09-15 00:00:00,1,35.65508,35.86936
2014-09-15,2014-09-15 01:00:00,2,35.65508,34.886723
2014-09-15,2014-09-15 02:00:00,3,35.989304,38.324585
2014-09-15,2014-09-15 03:00:00,4,35.989304,34.748848
2014-09-15,2014-09-15 04:00:00,5,35.989304,36.554485
2014-09-15,2014-09-15 05:00:00,6,46.363636,35.409916
2014-09-15,2014-09-15 06:00:00,7,75.13369,32.893993
2014-09-15,2014-09-15 07:00:00,8,80.87567,55.00272
2014-09-15,2014-09-15 08:00:00,9,92.71725,67.80511
2014-09-15,2014-09-15 09:00:00,10,94.77941,101.95337
2014-09-15,2014-09-15 10:00:00,11,71.84826,101.5118
2014-09-15,2014-09-15 11:00:00,12,87.309494,101.71572
2014-09-15,2014-09-15 12:00:00,13,85.28743,103.35828
2014-09-15,2014-09-15 13:00:00,14,77.14238,102.927155
2014-09-15,2014-09-15 14:00:00,15,94.78275,107.80675
2014-09-15,2014-09-15 15:00:00,16,80.21056,115.11224
2014-09-15,2014-09-15 16:00:00,17,102.83422,125.80738
2014-09-15,2014-09-15 17:00:00,18,107.18917,138.8663
2014-09-15,2014-09-15 18:00:00,19,146.13303,154.35724
2014-09-15,2014-09-15 19:00:00,20,170.96591,171.71631
2014-09-15,2014-09-15 20:00:00,21,169.2881,167.36505
2014-09-15,2014-09-15 21:00:00,22,98.08155,171.26859
2014-09-15,2014-09-15 22:00:00,23,144.4218,159.56319
2014-09-15,2014-09-15 23:00:00,24,133.01471,169.40042
2014-09-16,2014-09-16 00:00:00,1,114.903076,103.992676
2014-09-16,2014-09-16 01:00:00,2,102.49332,61.03605
2014-09-16,2014-09-16 02:00:00,3,76.25668,51.525467
2014-09-16,2014-09-16 03:00:00,4,57.740643,54.150993
2014-09-16,2014-09-16 04:00:00,5,52.383022,43.562637
2014-09-16,2014-09-16 05:00:00,6,59.411766,51.952366
2014-09-16,2014-09-16 06:00:00,7,83.55281,63.10247
2014-09-16,2014-09-16 07:00:00,8,84.94987,96.017746
2014-09-16,2014-09-16 08:00:00,9,83.2754,86.35615
2014-09-16,2014-09-16 09:00:00,10,51.046124,86.6837
2014-09-16,2014-09-16 10:00:00,11,68.49933,85.53687
2014-09-16,2014-09-16 11:00:00,12,64.09425,82.07968
2014-09-16,2014-09-16 12:00:00,13,61.41711,72.65899
2014-09-16,2014-09-16 13:00:00,14,68.10829,78.19571
2014-09-16,2014-09-16 14:00:00,15,87.98797,83.70735
2014-09-16,2014-09-16 15:00:00,16,83.23529,85.990074
2014-09-16,2014-09-16 16:00:00,17,69.786095,99.86487
2014-09-16,2014-09-16 17:00:00,18,90.33757,126.591034
2014-09-16,2014-09-16 18:00:00,19,116.58422,153.14816
2014-09-16,2014-09-16 19:00:00,20,128.65976,171.66214
2014-09-16,2014-09-16 20:00:00,21,138.38235,135.88159
2014-09-16,2014-09-16 21:00:00,22,129.99666,139.2075
2014-09-16,2014-09-16 22:00:00,23,129.32486,137.89578
2014-09-16,2014-09-16 23:00:00,24,131.67447,134.51053
2014-09-17,2014-09-17 00:00:00,1,141.73462,95.790504
2014-09-17,2014-09-17 01:00:00,2,135.69853,55.009827
2014-09-17,2014-09-17 02:00:00,3,85.304146,50.35158
2014-09-17,2014-09-17 03:00:00,4,62.08556,47.802628
2014-09-17,2014-09-17 04:00:00,5,54.395054,43.309772
2014-09-17,2014-09-17 05:00:00,6,59.411766,43.025265
2014-09-17,2014-09-17 06:00:00,7,89.08088,48.16324
2014-09-17,2014-09-17 07:00:00,8,88.74332,79.57644
2014-09-17,2014-09-17 08:00:00,9,94.1143,76.27696
2014-09-17,2014-09-17 09:00:00,10,88.69987,71.397224
2014-09-17,2014-09-17 10:00:00,11,75.46457,77.05075
2014-09-17,2014-09-17 11:00:00,12,82.556816,74.9394
2014-09-17,2014-09-17 12:00:00,13,84.6123,68.55538
2014-09-17,2014-09-17 13:00:00,14,90.705215,70.50146
2014-09-17,2014-09-17 14:00:00,15,92.71725,78.53664
2014-09-17,2014-09-17 15:00:00,16,73.12834,85.15703
2014-09-17,2014-09-17 16:00:00,17,78.205215,98.74255
2014-09-17,2014-09-17 17:00:00,18,84.94987,109.11101
2014-09-17,2014-09-17 18:00:00,19,131.67781,136.6823
2014-09-17,2014-09-17 19:00:00,20,130.33423,150.75226
2014-09-17,2014-09-17 20:00:00,21,139.72928,144.02995
2014-09-17,2014-09-17 21:00:00,22,147.77406,153.29315
2014-09-17,2014-09-17 22:00:00,23,134.6992,143.77512
2014-09-17,2014-09-17 23:00:00,24,133.68983,136.65195
2014-09-18,2014-09-18 00:00:00,1,121.61096,101.513535
2014-09-18,2014-09-18 01:00:00,2,99.812836,66.42296
2014-09-18,2014-09-18 02:00:00,3,75.25401,57.808002
2014-09-18,2014-09-18 03:00:00,4,53.39238,58.661827
2014-09-18,2014-09-18 04:00:00,5,52.72393,53.67304
2014-09-18,2014-09-18 05:00:00,6,58.743317,53.685364
2014-09-18,2014-09-18 06:00:00,7,80.14706,58.93981
2014-09-18,2014-09-18 07:00:00,8,76.47059,86.574974
2014-09-18,2014-09-18 08:00:00,9,78.19853,86.3519
2014-09-18,2014-09-18 09:00:00,10,66.10294,80.43899
2014-09-18,2014-09-18 10:00:00,11,76.80481,85.46484
2014-09-18,2014-09-18 11:00:00,12,76.47059,83.25256
2014-09-18,2014-09-18 12:00:00,13,84.61564,69.26158
2014-09-18,2014-09-18 13:00:00,14,72.45989,70.0235
2014-09-18,2014-09-18 14:00:00,15,77.81083,76.47035
2014-09-18,2014-09-18 15:00:00,16,78.14505,80.579666
2014-09-18,2014-09-18 16:00:00,17,85.22727,100.55264
2014-09-18,2014-09-18 17:00:00,18,108.19853,117.54544
2014-09-18,2014-09-18 18:00:00,19,100.481285,143.37393
2014-09-18,2014-09-18 19:00:00,20,128.65976,157.77829
2014-09-18,2014-09-18 20:00:00,21,153.8135,148.29694
2014-09-18,2014-09-18 21:00:00,22,90.65174,153.61864
2014-09-18,2014-09-18 22:00:00,23,141.40375,145.04366
2014-09-18,2014-09-18 23:00:00,24,134.0274,139.08353
2014-09-19,2014-09-19 00:00:00,1,133.68983,99.5182
2014-09-19,2014-09-19 01:00:00,2,106.1865,61.79841
2014-09-19,2014-09-19 02:00:00,3,71.90508,53.96208
2014-09-19,2014-09-19 03:00:00,4,49.37166,53.25794
2014-09-19,2014-09-19 04:00:00,5,47.700535,51.780106
2014-09-19,2014-09-19 05:00:00,6,55.394386,47.745766
2014-09-19,2014-09-19 06:00:00,7,79.14439,46.290375
2014-09-19,2014-09-19 07:00:00,8,76.80481,62.623413
2014-09-19,2014-09-19 08:00:00,9,87.35294,63.371723
2014-09-19,2014-09-19 09:00:00,10,86.00936,62.71898
2014-09-19,2014-09-19 10:00:00,11,90.7119,69.65227
2014-09-19,2014-09-19 11:00:00,12,100.14706,68.50492
2014-09-19,2014-09-19 12:00:00,13,104.84291,61.55879
2014-09-19,2014-09-19 13:00:00,14,100.1504,63.677673
2014-09-19,2014-09-19 14:00:00,15,96.45722,72.88512
2014-09-19,2014-09-19 15:00:00,16,90.367645,76.24453
2014-09-19,2014-09-19 16:00:00,17,90.75869,83.00647
2014-09-19,2014-09-19 17:00:00,18,89.027405,86.960526
2014-09-19,2014-09-19 18:00:00,19,117.92447,107.21568
2014-09-19,2014-09-19 19:00:00,20,145.76204,112.96188
2014-09-19,2014-09-19 20:00:00,21,138.71992,98.20558
2014-09-19,2014-09-19 21:00:00,22,77.54679,102.52177
2014-09-19,2014-09-19 22:00:00,23,126.641045,101.92919
2014-09-19,2014-09-19 23:00:00,24,124.294785,100.74368
2014-09-20,2014-09-20 00:00:00,1,128.32219,89.875824
2014-09-20,2014-09-20 01:00:00,2,99.47861,56.083008
2014-09-20,2014-09-20 02:00:00,3,66.82487,44.96609
2014-09-20,2014-09-20 03:00:00,4,45.360962,50.163948
2014-09-20,2014-09-20 04:00:00,5,42.018715,51.467957
2014-09-20,2014-09-20 05:00:00,6,40.347595,43.81199
2014-09-20,2014-09-20 06:00:00,7,38.00468,37.981853
2014-09-20,2014-09-20 07:00:00,8,30.975935,42.52206
2014-09-20,2014-09-20 08:00:00,9,27.299465,30.884144
2014-09-20,2014-09-20 09:00:00,10,25.962566,36.483807
2014-09-20,2014-09-20 10:00:00,11,25.294117,38.849598
2014-09-20,2014-09-20 11:00:00,12,25.628342,42.111916
2014-09-20,2014-09-20 12:00:00,13,25.294117,33.941372
2014-09-20,2014-09-20 13:00:00,14,25.628342,30.391205
2014-09-20,2014-09-20 14:00:00,15,25.628342,38.452496
2014-09-20,2014-09-20 15:00:00,16,25.628342,35.78138
2014-09-20,2014-09-20 16:00:00,17,26.296791,40.024918
2014-09-20,2014-09-20 17:00:00,18,30.307487,42.598934
2014-09-20,2014-09-20 18:00:00,19,30.975935,44.538666
2014-09-20,2014-09-20 19:00:00,20,33.983955,52.62604
2014-09-20,2014-09-20 20:00:00,21,41.350266,39.655716
2014-09-20,2014-09-20 21:00:00,22,40.01337,48.905067
2014-09-20,2014-09-20 22:00:00,23,37.329544,45.72342
2014-09-20,2014-09-20 23:00:00,24,36.32353,49.31324
2014-09-21,2014-09-21 00:00:00,1,36.32353,35.995884
2014-09-21,2014-09-21 01:00:00,2,36.99532,36.61042
2014-09-21,2014-09-21 02:00:00,3,36.32353,38.988598
2014-09-21,2014-09-21 03:00:00,4,36.661095,35.92184
2014-09-21,2014-09-21 04:00:00,5,37.66711,35.64791
2014-09-21,2014-09-21 05:00:00,6,38.67647,34.113712
2014-09-21,2014-09-21 06:00:00,7,39.679146,32.078033
2014-09-21,2014-09-21 07:00:00,8,32.316177,29.708641
2014-09-21,2014-09-21 08:00:00,9,26.296791,27.067368
2014-09-21,2014-09-21 09:00:00,10,24.625668,28.103317
2014-09-21,2014-09-21 10:00:00,11,24.959892,26.415638
2014-09-21,2014-09-21 11:00:00,12,24.291445,25.173256
2014-09-21,2014-09-21 12:00:00,13,24.625668,24.562603
2014-09-21,2014-09-21 13:00:00,14,24.288101,23.549553
2014-09-21,2014-09-21 14:00:00,15,15.925802,24.295593
2014-09-21,2014-09-21 15:00:00,16,23.953876,24.40356
2014-09-21,2014-09-21 16:00:00,17,27.299465,26.958366
2014-09-21,2014-09-21 17:00:00,18,28.636364,29.133015
2014-09-21,2014-09-21 18:00:00,19,28.30214,31.180641
2014-09-21,2014-09-21 19:00:00,20,29.304813,33.331627
2014-09-21,2014-09-21 20:00:00,21,38.00468,34.69143
2014-09-21,2014-09-21 21:00:00,22,35.989304,37.1177
2014-09-21,2014-09-21 22:00:00,23,35.989304,37.028114
2014-09-21,2014-09-21 23:00:00,24,35.65508,37.829693
2014-09-22,2014-09-22 00:00:00,1,35.989304,34.896744
2014-09-22,2014-09-22 01:00:00,2,35.989304,38.705914
2014-09-22,2014-09-22 02:00:00,3,35.989304,38.12961
2014-09-22,2014-09-22 03:00:00,4,36.32353,35.132988
2014-09-22,2014-09-22 04:00:00,5,38.00468,36.99446
2014-09-22,2014-09-22 05:00:00,6,47.700535,32.583515
2014-09-22,2014-09-22 06:00:00,7,77.13904,38.13347
2014-09-22,2014-09-22 07:00:00,8,80.544785,63.813026
2014-09-22,2014-09-22 08:00:00,9,81.82487,76.7574
2014-09-22,2014-09-22 09:00:00,10,88.68984,94.99782
2014-09-22,2014-09-22 10:00:00,11,93.77674,99.00436
2014-09-22,2014-09-22 11:00:00,12,72.51337,88.50184
2014-09-22,2014-09-22 12:00:00,13,61.41711,96.96305
2014-09-22,2014-09-22 13:00:00,14,60.748665,93.84512
2014-09-22,2014-09-22 14:00:00,15,98.41578,108.60342
2014-09-22,2014-09-22 15:00:00,16,108.53275,114.20958
2014-09-22,2014-09-22 16:00:00,17,100.81885,128.8111
2014-09-22,2014-09-22 17:00:00,18,123.626335,142.58893
2014-09-22,2014-09-22 18:00:00,19,149.44853,149.38742
2014-09-22,2014-09-22 19:00:00,20,158.84692,157.83582
2014-09-22,2014-09-22 20:00:00,21,161.18983,167.58002
2014-09-22,2014-09-22 21:00:00,22,104.17447,170.93094
2014-09-22,2014-09-22 22:00:00,23,148.44586,170.2124
2014-09-22,2014-09-22 23:00:00,24,141.06618,155.32774
2014-09-23,2014-09-23 00:00:00,1,141.06618,98.88127
2014-09-23,2014-09-23 01:00:00,2,115.57487,57.901268
2014-09-23,2014-09-23 02:00:00,3,88.65642,51.864418
2014-09-23,2014-09-23 03:00:00,4,64.09091,48.48728
2014-09-23,2014-09-23 04:00:00,5,56.403744,47.150642
2014-09-23,2014-09-23 05:00:00,6,62.14572,50.765713
2014-09-23,2014-09-23 06:00:00,7,86.67781,65.75286
2014-09-23,2014-09-23 07:00:00,8,83.94385,90.81471
2014-09-23,2014-09-23 08:00:00,9,78.92714,79.28146
2014-09-23,2014-09-23 09:00:00,10,76.92513,79.95344
2014-09-23,2014-09-23 10:00:00,11,63.4258,82.70323
2014-09-23,2014-09-23 11:00:00,12,71.45722,78.271255
2014-09-23,2014-09-23 12:00:00,13,69.78275,80.97801
2014-09-23,2014-09-23 13:00:00,14,58.074867,85.692474
2014-09-23,2014-09-23 14:00:00,15,73.85361,95.41252
2014-09-23,2014-09-23 15:00:00,16,91.76471,103.91869
2014-09-23,2014-09-23 16:00:00,17,102.15909,112.013336
2014-09-23,2014-09-23 17:00:00,18,130.0,127.99251
2014-09-23,2014-09-23 18:00:00,19,137.7139,154.10641
2014-09-23,2014-09-23 19:00:00,20,136.71123,159.83565
2014-09-23,2014-09-23 20:00:00,21,140.7286,148.74911
2014-09-23,2014-09-23 21:00:00,22,85.57487,155.95216
2014-09-23,2014-09-23 22:00:00,23,142.07219,147.76425
2014-09-23,2014-09-23 23:00:00,24,142.40642,143.02986
2014-09-24,2014-09-24 00:00:00,1,106.52406,108.06006
2014-09-24,2014-09-24 01:00:00,2,97.800804,56.01129
2014-09-24,2014-09-24 02:00:00,3,69.83957,52.03846
2014-09-24,2014-09-24 03:00:00,4,48.03476,50.435856
2014-09-24,2014-09-24 04:00:00,5,44.024063,50.664555
2014-09-24,2014-09-24 05:00:00,6,53.054813,48.033833
2014-09-24,2014-09-24 06:00:00,7,77.13904,47.532692
2014-09-24,2014-09-24 07:00:00,8,77.47326,88.8308
2014-09-24,2014-09-24 08:00:00,9,83.27206,80.2491
2014-09-24,2014-09-24 09:00:00,10,69.11096,71.5279
2014-09-24,2014-09-24 10:00:00,11,56.066177,74.955215
2014-09-24,2014-09-24 11:00:00,12,63.4258,74.33972
2014-09-24,2014-09-24 12:00:00,13,77.80749,69.851715
2014-09-24,2014-09-24 13:00:00,14,67.77406,75.28505
2014-09-24,2014-09-24 14:00:00,15,62.14572,84.40132
2014-09-24,2014-09-24 15:00:00,16,45.69853,92.82355
2014-09-24,2014-09-24 16:00:00,17,79.93984,112.65039
2014-09-24,2014-09-24 17:00:00,18,90.75535,122.90171
2014-09-24,2014-09-24 18:00:00,19,117.59024,145.32224
2014-09-24,2014-09-24 19:00:00,20,156.49399,153.32251
2014-09-24,2014-09-24 20:00:00,21,162.1992,124.72397
2014-09-24,2014-09-24 21:00:00,22,169.9599,135.88867
2014-09-24,2014-09-24 22:00:00,23,150.79211,133.89117
2014-09-24,2014-09-24 23:00:00,24,149.45187,140.55777
2014-09-25,2014-09-25 00:00:00,1,118.59626,81.9529
2014-09-25,2014-09-25 01:00:00,2,107.53008,54.031136
2014-09-25,2014-09-25 02:00:00,3,75.591576,51.585503
2014-09-25,2014-09-25 03:00:00,4,53.058155,49.32661
2014-09-25,2014-09-25 04:00:00,5,46.69786,42.498535
2014-09-25,2014-09-25 05:00:00,6,54.725937,44.778217
2014-09-25,2014-09-25 06:00:00,7,79.14773,69.232254
2014-09-25,2014-09-25 07:00:00,8,76.13636,80.25543
2014-09-25,2014-09-25 08:00:00,9,82.55013,71.20861
2014-09-25,2014-09-25 09:00:00,10,69.11096,69.739746
2014-09-25,2014-09-25 10:00:00,11,58.06818,74.01513
2014-09-25,2014-09-25 11:00:00,12,69.45187,73.24501
2014-09-25,2014-09-25 12:00:00,13,72.45989,67.158485
2014-09-25,2014-09-25 13:00:00,14,64.7627,69.62192
2014-09-25,2014-09-25 14:00:00,15,70.12032,74.4178
2014-09-25,2014-09-25 15:00:00,16,77.14238,83.66262
2014-09-25,2014-09-25 16:00:00,17,88.68984,104.335205
2014-09-25,2014-09-25 17:00:00,18,83.27206,123.396255
2014-09-25,2014-09-25 18:00:00,19,118.88035,149.15536
2014-09-25,2014-09-25 19:00:00,20,144.75935,153.29909
2014-09-25,2014-09-25 20:00:00,21,168.12166,159.14769
2014-09-25,2014-09-25 21:00:00,22,109.204544,162.63686
2014-09-25,2014-09-25 22:00:00,23,152.13235,140.12723
2014-09-25,2014-09-25 23:00:00,24,156.8282,143.9747
2014-09-26,2014-09-26 00:00:00,1,153.8135,111.183014
2014-09-26,2014-09-26 01:00:00,2,136.0361,63.594925
2014-09-26,2014-09-26 02:00:00,3,90.66511,52.984894
2014-09-26,2014-09-26 03:00:00,4,66.10294,53.401363
2014-09-26,2014-09-26 04:00:00,5,56.06952,51.43483
2014-09-26,2014-09-26 05:00:00,6,62.81417,47.28673
2014-09-26,2014-09-26 06:00:00,7,86.346924,52.0213
2014-09-26,2014-09-26 07:00:00,8,81.49064,68.87902
2014-09-26,2014-09-26 08:00:00,9,90.37099,65.42644
2014-09-26,2014-09-26 09:00:00,10,76.19987,69.010544
2014-09-26,2014-09-26 10:00:00,11,57.072193,71.75962
2014-09-26,2014-09-26 11:00:00,12,59.07754,76.62401
2014-09-26,2014-09-26 12:00:00,13,62.75401,61.279106
2014-09-26,2014-09-26 13:00:00,14,53.729946,59.660324
2014-09-26,2014-09-26 14:00:00,15,80.21056,70.5256
2014-09-26,2014-09-26 15:00:00,16,82.49666,71.29547
2014-09-26,2014-09-26 16:00:00,17,100.1504,82.678085
2014-09-26,2014-09-26 17:00:00,18,144.4218,86.69468
2014-09-26,2014-09-26 18:00:00,19,166.56082,111.08421
2014-09-26,2014-09-26 19:00:00,20,171.97527,126.187195
2014-09-26,2014-09-26 20:00:00,21,162.05214,109.29962
2014-09-26,2014-09-26 21:00:00,22,145.42781,121.48529
2014-09-26,2014-09-26 22:00:00,23,136.70789,104.04615
2014-09-26,2014-09-26 23:00:00,24,134.35829,107.60317
2014-09-27,2014-09-27 00:00:00,1,110.882355,104.62537
2014-09-27,2014-09-27 01:00:00,2,90.0869,76.713936
2014-09-27,2014-09-27 02:00:00,3,62.757355,52.695076
2014-09-27,2014-09-27 03:00:00,4,46.363636,45.140076
2014-09-27,2014-09-27 04:00:00,5,41.016045,45.038963
2014-09-27,2014-09-27 05:00:00,6,39.34492,37.86435
2014-09-27,2014-09-27 06:00:00,7,38.338905,35.41742
2014-09-27,2014-09-27 07:00:00,8,32.984627,35.32481
2014-09-27,2014-09-27 08:00:00,9,26.631016,23.861885
2014-09-27,2014-09-27 09:00:00,10,26.631016,20.656353
2014-09-27,2014-09-27 10:00:00,11,27.299465,19.789707
2014-09-27,2014-09-27 11:00:00,12,26.96524,23.873821
2014-09-27,2014-09-27 12:00:00,13,26.96524,21.848206
2014-09-27,2014-09-27 13:00:00,14,27.299465,18.31134
2014-09-27,2014-09-27 14:00:00,15,25.962566,23.64663
2014-09-27,2014-09-27 15:00:00,16,25.294117,23.486004
2014-09-27,2014-09-27 16:00:00,17,26.96524,28.752232
2014-09-27,2014-09-27 17:00:00,18,26.631016,31.096157
2014-09-27,2014-09-27 18:00:00,19,27.63369,32.833916
2014-09-27,2014-09-27 19:00:00,20,32.312836,38.43162
2014-09-27,2014-09-27 20:00:00,21,40.347595,35.59309
2014-09-27,2014-09-27 21:00:00,22,40.010025,42.491287
2014-09-27,2014-09-27 22:00:00,23,39.010696,41.484818
2014-09-27,2014-09-27 23:00:00,24,42.35294,41.043587
2014-09-28,2014-09-28 00:00:00,1,43.02139,40.15198
2014-09-28,2014-09-28 01:00:00,2,38.33556,40.16758
2014-09-28,2014-09-28 02:00:00,3,38.001335,42.684326
2014-09-28,2014-09-28 03:00:00,4,37.670456,36.14096
2014-09-28,2014-09-28 04:00:00,5,39.34492,37.11047
2014-09-28,2014-09-28 05:00:00,6,39.679146,35.305504
2014-09-28,2014-09-28 06:00:00,7,37.329544,33.201916
2014-09-28,2014-09-28 07:00:00,8,32.981285,30.757767
2014-09-28,2014-09-28 08:00:00,9,27.63369,27.389893
2014-09-28,2014-09-28 09:00:00,10,24.959892,30.164711
2014-09-28,2014-09-28 10:00:00,11,24.959892,28.772255
2014-09-28,2014-09-28 11:00:00,12,24.622326,25.450672
2014-09-28,2014-09-28 12:00:00,13,24.959892,28.033333
2014-09-28,2014-09-28 13:00:00,14,24.625668,25.782352
2014-09-28,2014-09-28 14:00:00,15,24.959892,26.973526
2014-09-28,2014-09-28 15:00:00,16,26.96524,27.185535
2014-09-28,2014-09-28 16:00:00,17,26.96524,30.192116
2014-09-28,2014-09-28 17:00:00,18,26.96524,31.146305
2014-09-28,2014-09-28 18:00:00,19,27.299465,33.543224
2014-09-28,2014-09-28 19:00:00,20,30.64171,34.159477
2014-09-28,2014-09-28 20:00:00,21,36.661095,36.577904
2014-09-28,2014-09-28 21:00:00,22,36.99532,41.044376
2014-09-28,2014-09-28 22:00:00,23,35.989304,41.149063
2014-09-28,2014-09-28 23:00:00,24,36.32687,42.251015
2014-09-29,2014-09-29 00:00:00,1,35.992645,35.33953
2014-09-29,2014-09-29 01:00:00,2,35.989304,35.097767
2014-09-29,2014-09-29 02:00:00,3,36.32353,38.49568
2014-09-29,2014-09-29 03:00:00,4,35.989304,36.62604
2014-09-29,2014-09-29 04:00:00,5,36.32353,36.58462
2014-09-29,2014-09-29 05:00:00,6,46.363636,35.6821
2014-09-29,2014-09-29 06:00:00,7,76.47059,37.400665
2014-09-29,2014-09-29 07:00:00,8,79.87299,64.48514
2014-09-29,2014-09-29 08:00:00,9,95.11698,77.73491
2014-09-29,2014-09-29 09:00:00,10,96.46056,106.43594
2014-09-29,2014-09-29 10:00:00,11,71.79144,103.46615
2014-09-29,2014-09-29 11:00:00,12,81.82821,102.71374
2014-09-29,2014-09-29 12:00:00,13,87.01537,103.2217
2014-09-29,2014-09-29 13:00:00,14,72.12567,105.57581
2014-09-29,2014-09-29 14:00:00,15,75.46791,112.16066
2014-09-29,2014-09-29 15:00:00,16,87.01537,119.53821
2014-09-29,2014-09-29 16:00:00,17,81.20989,132.6794
2014-09-29,2014-09-29 17:00:00,18,83.94719,147.23085
2014-09-29,2014-09-29 18:00:00,19,131.67447,162.20853
2014-09-29,2014-09-29 19:00:00,20,139.05748,173.85196
2014-09-29,2014-09-29 20:00:00,21,143.41577,166.805
2014-09-29,2014-09-29 21:00:00,22,174.6992,170.66354
2014-09-29,2014-09-29 22:00:00,23,168.76337,164.15237
2014-09-29,2014-09-29 23:00:00,24,157.5,168.08661
2014-09-30,2014-09-30 00:00:00,1,129.33156,84.45512
2014-09-30,2014-09-30 01:00:00,2,106.18984,60.242435
2014-09-30,2014-09-30 02:00:00,3,78.268715,49.2196
2014-09-30,2014-09-30 03:00:00,4,55.731953,49.33869
2014-09-30,2014-09-30 04:00:00,5,47.700535,41.84841
2014-09-30,2014-09-30 05:00:00,6,57.072193,49.158417
2014-09-30,2014-09-30 06:00:00,7,92.09559,86.958
2014-09-30,2014-09-30 07:00:00,8,85.33757,78.6225
2014-09-30,2014-09-30 08:00:00,9,90.0869,70.720955
2014-09-30,2014-09-30 09:00:00,10,90.04011,77.52263
2014-09-30,2014-09-30 10:00:00,11,90.37099,79.41189
2014-09-30,2014-09-30 11:00:00,12,92.77072,80.47547
2014-09-30,2014-09-30 12:00:00,13,87.687164,77.12263
2014-09-30,2014-09-30 13:00:00,14,77.47326,80.77105
2014-09-30,2014-09-30 14:00:00,15,80.48463,81.18726
2014-09-30,2014-09-30 15:00:00,16,75.80214,89.05356
2014-09-30,2014-09-30 16:00:00,17,75.46791,103.3527
2014-09-30,2014-09-30 17:00:00,18,66.437164,124.74541
2014-09-30,2014-09-30 18:00:00,19,96.03275,157.33505
2014-09-30,2014-09-30 19:00:00,20,140.73195,154.77097
2014-09-30,2014-09-30 20:00:00,21,151.4639,169.68933
2014-09-30,2014-09-30 21:00:00,22,146.43382,173.15036
2014-09-30,2014-09-30 22:00:00,23,142.40976,146.58633
2014-09-30,2014-09-30 23:00:00,24,150.45454,150.73573
2014-10-01,2014-10-01 00:00:00,1,148.10829,101.51372
2014-10-01,2014-10-01 01:00:00,2,109.876335,69.036804
2014-10-01,2014-10-01 02:00:00,3,75.588234,60.47647
2014-10-01,2014-10-01 03:00:00,4,55.40107,59.38391
2014-10-01,2014-10-01 04:00:00,5,50.040108,53.58902
2014-10-01,2014-10-01 05:00:00,6,57.740643,44.53723
2014-10-01,2014-10-01 06:00:00,7,79.48195,61.5931
2014-10-01,2014-10-01 07:00:00,8,78.47594,87.8023
2014-10-01,2014-10-01 08:00:00,9,84.61564,86.86391
2014-10-01,2014-10-01 09:00:00,10,83.940506,87.25758
2014-10-01,2014-10-01 10:00:00,11,60.41444,81.70458
2014-10-01,2014-10-01 11:00:00,12,58.743317,91.86988
2014-10-01,2014-10-01 12:00:00,13,50.7119,72.408035
2014-10-01,2014-10-01 13:00:00,14,50.7119,64.90241
2014-10-01,2014-10-01 14:00:00,15,64.766045,73.89811
2014-10-01,2014-10-01 15:00:00,16,78.81016,67.14194
2014-10-01,2014-10-01 16:00:00,17,90.31751,92.987595
2014-10-01,2014-10-01 17:00:00,18,89.36163,102.006485
2014-10-01,2014-10-01 18:00:00,19,121.8984,124.90317
2014-10-01,2014-10-01 19:00:00,20,141.40375,147.91124
2014-10-01,2014-10-01 20:00:00,21,148.10829,148.02716
2014-10-01,2014-10-01 21:00:00,22,138.04813,162.94197
2014-10-01,2014-10-01 22:00:00,23,138.3857,142.40662
2014-10-01,2014-10-01 23:00:00,24,139.39171,149.7218
2014-10-02,2014-10-02 00:00:00,1,134.69586,107.395615
2014-10-02,2014-10-02 01:00:00,2,107.18917,64.83915
2014-10-02,2014-10-02 02:00:00,3,64.48529,54.638542
2014-10-02,2014-10-02 03:00:00,4,43.02139,48.65054
2014-10-02,2014-10-02 04:00:00,5,41.68449,44.285263
2014-10-02,2014-10-02 05:00:00,6,51.38369,41.009644
2014-10-02,2014-10-02 06:00:00,7,77.47326,38.63571
2014-10-02,2014-10-02 07:00:00,8,81.54078,72.72927
2014-10-02,2014-10-02 08:00:00,9,90.42112,76.07525
2014-10-02,2014-10-02 09:00:00,10,89.75267,67.5078
2014-10-02,2014-10-02 10:00:00,11,64.09425,72.105865
2014-10-02,2014-10-02 11:00:00,12,78.14505,73.880394
2014-10-02,2014-10-02 12:00:00,13,86.73463,70.30821
2014-10-02,2014-10-02 13:00:00,14,88.74332,72.55311
2014-10-02,2014-10-02 14:00:00,15,95.4512,80.16089
2014-10-02,2014-10-02 15:00:00,16,111.554146,87.355095
2014-10-02,2014-10-02 16:00:00,17,109.876335,101.387215
2014-10-02,2014-10-02 17:00:00,18,111.89171,110.243996
2014-10-02,2014-10-02 18:00:00,19,163.10829,132.73358
2014-10-02,2014-10-02 19:00:00,20,171.32687,144.07413
2014-10-02,2014-10-02 20:00:00,21,171.48396,139.89688
2014-10-02,2014-10-02 21:00:00,22,113.22861,150.49191
2014-10-02,2014-10-02 22:00:00,23,146.76471,151.20033
2014-10-02,2014-10-02 23:00:00,24,138.71992,146.85782
2014-10-03,2014-10-03 00:00:00,1,139.05414,108.04938
2014-10-03,2014-10-03 01:00:00,2,138.3857,54.173683
2014-10-03,2014-10-03 02:00:00,3,83.96725,42.70461
2014-10-03,2014-10-03 03:00:00,4,60.41444,45.20801
2014-10-03,2014-10-03 04:00:00,5,54.398396,40.481003
2014-10-03,2014-10-03 05:00:00,6,63.48262,40.615032
2014-10-03,2014-10-03 06:00:00,7,82.21257,43.468613
2014-10-03,2014-10-03 07:00:00,8,84.946526,81.95607
2014-10-03,2014-10-03 08:00:00,9,91.76471,82.94938
2014-10-03,2014-10-03 09:00:00,10,98.472595,77.077354
2014-10-03,2014-10-03 10:00:00,11,76.47059,77.191216
2014-10-03,2014-10-03 11:00:00,12,82.55013,75.115555
2014-10-03,2014-10-03 12:00:00,13,83.94719,66.67308
2014-10-03,2014-10-03 13:00:00,14,82.55013,71.913185
2014-10-03,2014-10-03 14:00:00,15,97.79746,81.12204
2014-10-03,2014-10-03 15:00:00,16,95.78877,85.694336
2014-10-03,2014-10-03 16:00:00,17,75.46791,100.768906
2014-10-03,2014-10-03 17:00:00,18,76.80481,115.46873
2014-10-03,2014-10-03 18:00:00,19,137.04211,140.97162
2014-10-03,2014-10-03 19:00:00,20,156.49399,158.58484
2014-10-03,2014-10-03 20:00:00,21,154.81618,123.81259
2014-10-03,2014-10-03 21:00:00,22,87.58356,125.86379
2014-10-03,2014-10-03 22:00:00,23,137.7139,128.69438
2014-10-03,2014-10-03 23:00:00,24,135.3643,124.9283
2014-10-04,2014-10-04 00:00:00,1,131.67781,105.79127
2014-10-04,2014-10-04 01:00:00,2,125.304146,74.966934
2014-10-04,2014-10-04 02:00:00,3,88.99064,52.436966
2014-10-04,2014-10-04 03:00:00,4,67.443184,54.75461
2014-10-04,2014-10-04 04:00:00,5,60.41444,55.67835
2014-10-04,2014-10-04 05:00:00,6,52.386364,47.32364
2014-10-04,2014-10-04 06:00:00,7,45.360962,43.863297
2014-10-04,2014-10-04 07:00:00,8,37.66711,52.37934
2014-10-04,2014-10-04 08:00:00,9,27.63369,46.916443
2014-10-04,2014-10-04 09:00:00,10,25.294117,48.981018
2014-10-04,2014-10-04 10:00:00,11,25.294117,44.845924
2014-10-04,2014-10-04 11:00:00,12,24.625668,49.60505
2014-10-04,2014-10-04 12:00:00,13,24.625668,36.042355
2014-10-04,2014-10-04 13:00:00,14,25.294117,30.44859
2014-10-04,2014-10-04 14:00:00,15,25.628342,38.142075
2014-10-04,2014-10-04 15:00:00,16,25.962566,35.63904
2014-10-04,2014-10-04 16:00:00,17,27.63369,42.374496
2014-10-04,2014-10-04 17:00:00,18,28.30214,44.869453
2014-10-04,2014-10-04 18:00:00,19,27.63369,47.533894
2014-10-04,2014-10-04 19:00:00,20,34.321526,54.48786
2014-10-04,2014-10-04 20:00:00,21,36.32353,41.237316
2014-10-04,2014-10-04 21:00:00,22,36.32353,53.521362
2014-10-04,2014-10-04 22:00:00,23,35.320854,54.435196
2014-10-04,2014-10-04 23:00:00,24,36.99532,56.42727
2014-10-05,2014-10-05 00:00:00,1,38.338905,36.15396
2014-10-05,2014-10-05 01:00:00,2,38.00468,37.2483
2014-10-05,2014-10-05 02:00:00,3,38.001335,39.196274
2014-10-05,2014-10-05 03:00:00,4,36.998665,35.116917
2014-10-05,2014-10-05 04:00:00,5,35.989304,35.463818
2014-10-05,2014-10-05 05:00:00,6,35.65508,32.753296
2014-10-05,2014-10-05 06:00:00,7,39.007355,30.899254
2014-10-05,2014-10-05 07:00:00,8,34.65575,28.196121
2014-10-05,2014-10-05 08:00:00,9,31.31016,25.315994
2014-10-05,2014-10-05 09:00:00,10,27.299465,27.625992
2014-10-05,2014-10-05 10:00:00,11,24.959892,25.604454
2014-10-05,2014-10-05 11:00:00,12,24.291445,23.486523
2014-10-05,2014-10-05 12:00:00,13,24.625668,22.968693
2014-10-05,2014-10-05 13:00:00,14,24.625668,21.832363
2014-10-05,2014-10-05 14:00:00,15,24.959892,22.523937
2014-10-05,2014-10-05 15:00:00,16,24.959892,23.515835
2014-10-05,2014-10-05 16:00:00,17,25.628342,26.294823
2014-10-05,2014-10-05 17:00:00,18,26.296791,28.573833
2014-10-05,2014-10-05 18:00:00,19,26.296791,29.388412
2014-10-05,2014-10-05 19:00:00,20,32.312836,30.629047
2014-10-05,2014-10-05 20:00:00,21,35.989304,33.007927
2014-10-05,2014-10-05 21:00:00,22,35.989304,35.357143
2014-10-05,2014-10-05 22:00:00,23,35.65508,34.72076
2014-10-05,2014-10-05 23:00:00,24,35.65508,37.594296
2014-10-06,2014-10-06 00:00:00,1,34.98663,36.39299
2014-10-06,2014-10-06 01:00:00,2,34.98663,34.785934
2014-10-06,2014-10-06 02:00:00,3,34.98663,37.27308
2014-10-06,2014-10-06 03:00:00,4,35.65508,34.256783
2014-10-06,2014-10-06 04:00:00,5,35.989304,37.92511
2014-10-06,2014-10-06 05:00:00,6,47.032085,36.44905
2014-10-06,2014-10-06 06:00:00,7,74.79947,32.94899
2014-10-06,2014-10-06 07:00:00,8,79.87299,52.98148
2014-10-06,2014-10-06 08:00:00,9,82.83088,66.32392
2014-10-06,2014-10-06 09:00:00,10,72.51671,101.380905
2014-10-06,2014-10-06 10:00:00,11,63.09492,102.43322
2014-10-06,2014-10-06 11:00:00,12,70.84225,105.34996
2014-10-06,2014-10-06 12:00:00,13,67.10561,107.19656
2014-10-06,2014-10-06 13:00:00,14,66.77139,104.79726
2014-10-06,2014-10-06 14:00:00,15,79.2012,109.24252
2014-10-06,2014-10-06 15:00:00,16,86.68115,117.27319
2014-10-06,2014-10-06 16:00:00,17,87.01537,127.95036
2014-10-06,2014-10-06 17:00:00,18,120.27072,139.3761
2014-10-06,2014-10-06 18:00:00,19,148.44252,155.77338
2014-10-06,2014-10-06 19:00:00,20,149.1143,175.47499
2014-10-06,2014-10-06 20:00:00,21,146.43048,171.96298
2014-10-06,2014-10-06 21:00:00,22,149.7861,172.73532
2014-10-06,2014-10-06 22:00:00,23,142.74065,157.35953
2014-10-06,2014-10-06 23:00:00,24,139.39171,171.2026
2014-10-07,2014-10-07 00:00:00,1,132.3496,92.30792
2014-10-07,2014-10-07 01:00:00,2,123.626335,63.50456
2014-10-07,2014-10-07 02:00:00,3,61.75468,57.399612
2014-10-07,2014-10-07 03:00:00,4,43.68984,54.355522
2014-10-07,2014-10-07 04:00:00,5,42.018715,46.675766
2014-10-07,2014-10-07 05:00:00,6,51.049465,52.108162
2014-10-07,2014-10-07 06:00:00,7,86.34358,74.73282
2014-10-07,2014-10-07 07:00:00,8,92.09893,90.77489
2014-10-07,2014-10-07 08:00:00,9,102.15909,77.06882
2014-10-07,2014-10-07 09:00:00,10,112.89773,75.06456
2014-10-07,2014-10-07 10:00:00,11,110.882355,77.13196
2014-10-07,2014-10-07 11:00:00,12,121.94853,71.76712
2014-10-07,2014-10-07 12:00:00,13,105.51471,69.32605
2014-10-07,2014-10-07 13:00:00,14,93.001335,76.232925
2014-10-07,2014-10-07 14:00:00,15,108.47928,83.8068
2014-10-07,2014-10-07 15:00:00,16,76.13971,91.93941
2014-10-07,2014-10-07 16:00:00,17,77.80749,105.26463
2014-10-07,2014-10-07 17:00:00,18,126.64439,129.79504
2014-10-07,2014-10-07 18:00:00,19,151.31685,155.66211
2014-10-07,2014-10-07 19:00:00,20,173.01471,157.16158
2014-10-07,2014-10-07 20:00:00,21,170.62834,153.51108
2014-10-07,2014-10-07 21:00:00,22,118.59291,161.18335
2014-10-07,2014-10-07 22:00:00,23,147.10228,144.98686
2014-10-07,2014-10-07 23:00:00,24,135.36765,139.40654
2014-10-08,2014-10-08 00:00:00,1,132.01204,98.8385
2014-10-08,2014-10-08 01:00:00,2,121.94853,52.459854
2014-10-08,2014-10-08 02:00:00,3,65.48463,46.79123
2014-10-08,2014-10-08 03:00:00,4,46.363636,51.760323
2014-10-08,2014-10-08 04:00:00,5,42.687164,43.318832
2014-10-08,2014-10-08 05:00:00,6,53.389038,46.448982
2014-10-08,2014-10-08 06:00:00,7,79.47861,56.33384
2014-10-08,2014-10-08 07:00:00,8,83.94385,95.834114
2014-10-08,2014-10-08 08:00:00,9,92.77072,88.48727
2014-10-08,2014-10-08 09:00:00,10,80.94251,82.92036
2014-10-08,2014-10-08 10:00:00,11,55.735294,81.79909
2014-10-08,2014-10-08 11:00:00,12,60.080215,83.591034
2014-10-08,2014-10-08 12:00:00,13,74.80281,66.98697
2014-10-08,2014-10-08 13:00:00,14,70.12032,69.68126
2014-10-08,2014-10-08 14:00:00,15,67.4365,76.643166
2014-10-08,2014-10-08 15:00:00,16,85.28743,80.39059
2014-10-08,2014-10-08 16:00:00,17,113.17513,108.168
2014-10-08,2014-10-08 17:00:00,18,167.94786,130.31238
2014-10-08,2014-10-08 18:00:00,19,160.85228,154.47527
2014-10-08,2014-10-08 19:00:00,20,154.48195,173.74707
2014-10-08,2014-10-08 20:00:00,21,176.71791,140.13171
2014-10-08,2014-10-08 21:00:00,22,164.39839,145.22365
2014-10-08,2014-10-08 22:00:00,23,149.11765,140.6532
2014-10-08,2014-10-08 23:00:00,24,140.73529,137.87158
2014-10-09,2014-10-09 00:00:00,1,130.6718,86.918465
2014-10-09,2014-10-09 01:00:00,2,138.04478,50.378998
2014-10-09,2014-10-09 02:00:00,3,89.99332,49.815674
2014-10-09,2014-10-09 03:00:00,4,64.7627,49.16317
2014-10-09,2014-10-09 04:00:00,5,56.73797,42.89859
2014-10-09,2014-10-09 05:00:00,6,61.139706,45.6565
2014-10-09,2014-10-09 06:00:00,7,83.89037,67.31009
2014-10-09,2014-10-09 07:00:00,8,88.693184,98.45404
2014-10-09,2014-10-09 08:00:00,9,93.10495,83.15327
2014-10-09,2014-10-09 09:00:00,10,83.00802,72.77618
2014-10-09,2014-10-09 10:00:00,11,56.403744,73.44274
2014-10-09,2014-10-09 11:00:00,12,55.40107,68.085724
2014-10-09,2014-10-09 12:00:00,13,64.431816,63.685265
2014-10-09,2014-10-09 13:00:00,14,68.10829,73.7863
2014-10-09,2014-10-09 14:00:00,15,82.937836,81.72255
2014-10-09,2014-10-09 15:00:00,16,107.86096,95.94145
2014-10-09,2014-10-09 16:00:00,17,121.6143,123.9827
2014-10-09,2014-10-09 17:00:00,18,144.75601,148.60625
2014-10-09,2014-10-09 18:00:00,19,143.41243,164.04541
2014-10-09,2014-10-09 19:00:00,20,149.45187,161.64493
2014-10-09,2014-10-09 20:00:00,21,154.66577,150.14183
2014-10-09,2014-10-09 21:00:00,22,170.63503,161.18692
2014-10-09,2014-10-09 22:00:00,23,141.4004,149.09225
2014-10-09,2014-10-09 23:00:00,24,133.0214,143.63654
2014-10-10,2014-10-10 00:00:00,1,127.312836,97.68884
2014-10-10,2014-10-10 01:00:00,2,123.292114,59.289085
2014-10-10,2014-10-10 02:00:00,3,74.24799,51.152172
2014-10-10,2014-10-10 03:00:00,4,55.40107,48.96825
2014-10-10,2014-10-10 04:00:00,5,49.37166,49.26209
2014-10-10,2014-10-10 05:00:00,6,55.394386,46.112965
2014-10-10,2014-10-10 06:00:00,7,80.481285,52.958992
2014-10-10,2014-10-10 07:00:00,8,80.48463,85.76431
2014-10-10,2014-10-10 08:00:00,9,86.68115,84.5862
2014-10-10,2014-10-10 09:00:00,10,83.16845,75.63822
2014-10-10,2014-10-10 10:00:00,11,53.054813,74.65443
2014-10-10,2014-10-10 11:00:00,12,62.08222,74.82448
2014-10-10,2014-10-10 12:00:00,13,66.437164,70.94077
2014-10-10,2014-10-10 13:00:00,14,64.7627,81.718864
2014-10-10,2014-10-10 14:00:00,15,82.54679,86.30594
2014-10-10,2014-10-10 15:00:00,16,89.07754,94.91308
2014-10-10,2014-10-10 16:00:00,17,86.346924,110.64473
2014-10-10,2014-10-10 17:00:00,18,75.80214,120.69542
2014-10-10,2014-10-10 18:00:00,19,101.82487,143.83871
2014-10-10,2014-10-10 19:00:00,20,119.26805,145.98215
2014-10-10,2014-10-10 20:00:00,21,138.71992,132.75827
2014-10-10,2014-10-10 21:00:00,22,145.42447,142.4844
2014-10-10,2014-10-10 22:00:00,23,131.00601,140.1159
2014-10-10,2014-10-10 23:00:00,24,144.41844,136.06355
2014-10-11,2014-10-11 00:00:00,1,137.37968,91.6812
2014-10-11,2014-10-11 01:00:00,2,149.30481,53.83053
2014-10-11,2014-10-11 02:00:00,3,110.20722,44.502213
2014-10-11,2014-10-11 03:00:00,4,84.278076,48.50106
2014-10-11,2014-10-11 04:00:00,5,72.12233,43.98023
2014-10-11,2014-10-11 05:00:00,6,58.074867,37.665134
2014-10-11,2014-10-11 06:00:00,7,49.037434,31.662601
2014-10-11,2014-10-11 07:00:00,8,43.352272,35.69569
2014-10-11,2014-10-11 08:00:00,9,27.967915,24.578129
2014-10-11,2014-10-11 09:00:00,10,24.959892,32.48709
2014-10-11,2014-10-11 10:00:00,11,24.625668,32.894646
2014-10-11,2014-10-11 11:00:00,12,24.291445,34.943916
2014-10-11,2014-10-11 12:00:00,13,25.294117,31.050152
2014-10-11,2014-10-11 13:00:00,14,24.959892,29.532036
2014-10-11,2014-10-11 14:00:00,15,24.625668,34.497467
2014-10-11,2014-10-11 15:00:00,16,24.291445,38.401253
2014-10-11,2014-10-11 16:00:00,17,24.959892,37.464405
2014-10-11,2014-10-11 17:00:00,18,25.628342,41.933105
2014-10-11,2014-10-11 18:00:00,19,25.628342,42.521023
2014-10-11,2014-10-11 19:00:00,20,35.320854,45.40503
2014-10-11,2014-10-11 20:00:00,21,35.320854,38.039814
2014-10-11,2014-10-11 21:00:00,22,34.652405,51.722958
2014-10-11,2014-10-11 22:00:00,23,34.98663,44.808426
2014-10-11,2014-10-11 23:00:00,24,34.652405,48.73828
2014-10-12,2014-10-12 00:00:00,1,34.652405,34.615734
2014-10-12,2014-10-12 01:00:00,2,34.98663,35.889683
2014-10-12,2014-10-12 02:00:00,3,34.98663,37.164757
2014-10-12,2014-10-12 03:00:00,4,37.33289,34.830185
2014-10-12,2014-10-12 04:00:00,5,36.99532,34.937447
2014-10-12,2014-10-12 05:00:00,6,37.66377,33.14646
2014-10-12,2014-10-12 06:00:00,7,37.66711,31.804157
2014-10-12,2014-10-12 07:00:00,8,41.350266,29.070374
2014-10-12,2014-10-12 08:00:00,9,39.67246,26.776482
2014-10-12,2014-10-12 09:00:00,10,30.307487,28.268856
2014-10-12,2014-10-12 10:00:00,11,68.84024,26.172058
2014-10-12,2014-10-12 11:00:00,12,25.294117,23.733074
2014-10-12,2014-10-12 12:00:00,13,24.291445,22.112228
2014-10-12,2014-10-12 13:00:00,14,23.95722,20.979519
2014-10-12,2014-10-12 14:00:00,15,23.622995,21.291782
2014-10-12,2014-10-12 15:00:00,16,24.625668,22.351902
2014-10-12,2014-10-12 16:00:00,17,24.625668,24.270805
2014-10-12,2014-10-12 17:00:00,18,25.294117,27.337719
2014-10-12,2014-10-12 18:00:00,19,25.294117,27.008232
2014-10-12,2014-10-12 19:00:00,20,32.64706,28.411694
2014-10-12,2014-10-12 20:00:00,21,34.98663,30.707935
2014-10-12,2014-10-12 21:00:00,22,34.98663,33.29564
2014-10-12,2014-10-12 22:00:00,23,34.652405,33.603127
2014-10-12,2014-10-12 23:00:00,24,34.652405,35.737392
2014-10-13,2014-10-13 00:00:00,1,34.652405,35.751385
2014-10-13,2014-10-13 01:00:00,2,34.31818,38.94412
2014-10-13,2014-10-13 02:00:00,3,34.31818,39.04645
2014-10-13,2014-10-13 03:00:00,4,34.98663,35.636734
2014-10-13,2014-10-13 04:00:00,5,34.652405,33.94439
2014-10-13,2014-10-13 05:00:00,6,45.695187,34.455647
2014-10-13,2014-10-13 06:00:00,7,75.13369,35.58136
2014-10-13,2014-10-13 07:00:00,8,81.60094,42.01025
2014-10-13,2014-10-13 08:00:00,9,97.463234,54.58458
2014-10-13,2014-10-13 09:00:00,10,106.52072,75.45418
2014-10-13,2014-10-13 10:00:00,11,118.25869,85.34311
2014-10-13,2014-10-13 11:00:00,12,118.59291,80.663605
2014-10-13,2014-10-13 12:00:00,13,107.52674,83.614235
2014-10-13,2014-10-13 13:00:00,14,105.18048,88.880165
2014-10-13,2014-10-13 14:00:00,15,121.94853,98.514626
2014-10-13,2014-10-13 15:00:00,16,121.6143,103.85614
2014-10-13,2014-10-13 16:00:00,17,115.24398,113.38493
2014-10-13,2014-10-13 17:00:00,18,122.62032,121.70358
2014-10-13,2014-10-13 18:00:00,19,155.82219,128.93848
2014-10-13,2014-10-13 19:00:00,20,154.81284,141.05283
2014-10-13,2014-10-13 20:00:00,21,162.53342,156.05789
2014-10-13,2014-10-13 21:00:00,22,159.8496,169.3743
2014-10-13,2014-10-13 22:00:00,23,147.77406,169.80264
2014-10-13,2014-10-13 23:00:00,24,141.06952,161.9945
2014-10-14,2014-10-14 00:00:00,1,132.68382,111.84857
2014-10-14,2014-10-14 01:00:00,2,123.96056,70.48583
2014-10-14,2014-10-14 02:00:00,3,83.292114,58.850914
2014-10-14,2014-10-14 03:00:00,4,61.751335,59.089417
2014-10-14,2014-10-14 04:00:00,5,54.395054,52.988274
2014-10-14,2014-10-14 05:00:00,6,58.409092,54.072678
2014-10-14,2014-10-14 06:00:00,7,84.2246,66.46555
2014-10-14,2014-10-14 07:00:00,8,85.62166,104.07472
2014-10-14,2014-10-14 08:00:00,9,85.28743,100.628456
2014-10-14,2014-10-14 09:00:00,10,91.03944,95.7902
2014-10-14,2014-10-14 10:00:00,11,59.411766,95.42525
2014-10-14,2014-10-14 11:00:00,12,67.443184,96.77134
2014-10-14,2014-10-14 12:00:00,13,78.47928,94.901726
2014-10-14,2014-10-14 13:00:00,14,77.199196,100.13718
2014-10-14,2014-10-14 14:00:00,15,98.13168,104.97124
2014-10-14,2014-10-14 15:00:00,16,87.01537,107.44849
2014-10-14,2014-10-14 16:00:00,17,82.15909,115.46318
2014-10-14,2014-10-14 17:00:00,18,91.32019,130.9156
2014-10-14,2014-10-14 18:00:00,19,110.87901,156.47311
2014-10-14,2014-10-14 19:00:00,20,140.06017,170.5409
2014-10-14,2014-10-14 20:00:00,21,146.0996,160.93063
2014-10-14,2014-10-14 21:00:00,22,86.25,168.84969
2014-10-14,2014-10-14 22:00:00,23,136.37366,163.16177
2014-10-14,2014-10-14 23:00:00,24,139.05414,150.08293
2014-10-15,2014-10-15 00:00:00,1,109.876335,114.86015
2014-10-15,2014-10-15 01:00:00,2,105.18048,71.66748
2014-10-15,2014-10-15 02:00:00,3,78.60294,52.793064
2014-10-15,2014-10-15 03:00:00,4,58.743317,55.45526
2014-10-15,2014-10-15 04:00:00,5,52.389706,53.257126
2014-10-15,2014-10-15 05:00:00,6,56.39706,52.990498
2014-10-15,2014-10-15 06:00:00,7,79.81618,50.254105
2014-10-15,2014-10-15 07:00:00,8,83.27874,77.630264
2014-10-15,2014-10-15 08:00:00,9,88.07487,91.63753
2014-10-15,2014-10-15 09:00:00,10,107.86096,83.095345
2014-10-15,2014-10-15 10:00:00,11,127.98463,85.40207
2014-10-15,2014-10-15 11:00:00,12,118.59291,84.3125
2014-10-15,2014-10-15 12:00:00,13,90.37099,75.739815
2014-10-15,2014-10-15 13:00:00,14,77.13904,71.53653
2014-10-15,2014-10-15 14:00:00,15,84.29144,82.04972
2014-10-15,2014-10-15 15:00:00,16,125.304146,88.17692
2014-10-15,2014-10-15 16:00:00,17,129.66911,104.88017
2014-10-15,2014-10-15 17:00:00,18,141.4004,118.52184
2014-10-15,2014-10-15 18:00:00,19,165.2607,144.19662
2014-10-15,2014-10-15 19:00:00,20,157.50334,161.70773
2014-10-15,2014-10-15 20:00:00,21,162.53342,143.50354
2014-10-15,2014-10-15 21:00:00,22,155.82219,136.46576
2014-10-15,2014-10-15 22:00:00,23,139.72594,140.65096
2014-10-15,2014-10-15 23:00:00,24,137.37634,142.5579
2014-10-16,2014-10-16 00:00:00,1,135.36765,102.68241
2014-10-16,2014-10-16 01:00:00,2,136.03276,62.374763
2014-10-16,2014-10-16 02:00:00,3,94.0107,54.755783
2014-10-16,2014-10-16 03:00:00,4,74.13102,54.099873
2014-10-16,2014-10-16 04:00:00,5,69.1143,53.08611
2014-10-16,2014-10-16 05:00:00,6,70.50802,52.109283
2014-10-16,2014-10-16 06:00:00,7,90.75869,60.199806
2014-10-16,2014-10-16 07:00:00,8,90.75869,100.90146
2014-10-16,2014-10-16 08:00:00,9,98.81016,94.46257
2014-10-16,2014-10-16 09:00:00,10,112.89439,88.25763
2014-10-16,2014-10-16 10:00:00,11,95.07019,90.39606
2014-10-16,2014-10-16 11:00:00,12,79.2012,90.47812
2014-10-16,2014-10-16 12:00:00,13,99.47861,87.194885
2014-10-16,2014-10-16 13:00:00,14,99.47861,94.343895
2014-10-16,2014-10-16 14:00:00,15,98.472595,100.32589
2014-10-16,2014-10-16 15:00:00,16,91.42714,106.90787
2014-10-16,2014-10-16 16:00:00,17,93.10495,125.75078
2014-10-16,2014-10-16 17:00:00,18,115.57487,139.06076
2014-10-16,2014-10-16 18:00:00,19,148.44252,158.93335
2014-10-16,2014-10-16 19:00:00,20,168.60962,166.27826
2014-10-16,2014-10-16 20:00:00,21,161.18983,150.1672
2014-10-16,2014-10-16 21:00:00,22,166.07954,159.78084
2014-10-16,2014-10-16 22:00:00,23,146.76805,153.1597
2014-10-16,2014-10-16 23:00:00,24,140.06017,142.02719
2014-10-17,2014-10-17 00:00:00,1,138.71992,110.281845
2014-10-17,2014-10-17 01:00:00,2,135.03342,78.403465
2014-10-17,2014-10-17 02:00:00,3,133.68983,68.11478
2014-10-17,2014-10-17 03:00:00,4,103.06484,70.37567
2014-10-17,2014-10-17 04:00:00,5,74.13102,67.772446
2014-10-17,2014-10-17 05:00:00,6,79.88971,62.968155
2014-10-17,2014-10-17 06:00:00,7,100.1504,68.62267
2014-10-17,2014-10-17 07:00:00,8,98.13837,93.327545
2014-10-17,2014-10-17 08:00:00,9,102.16243,93.48942
2014-10-17,2014-10-17 09:00:00,10,93.77674,86.63366
2014-10-17,2014-10-17 10:00:00,11,97.4131,83.63231
2014-10-17,2014-10-17 11:00:00,12,99.14439,85.92978
2014-10-17,2014-10-17 12:00:00,13,88.68984,73.81361
2014-10-17,2014-10-17 13:00:00,14,79.81618,77.44693
2014-10-17,2014-10-17 14:00:00,15,81.88168,84.717926
2014-10-17,2014-10-17 15:00:00,16,83.2754,85.904785
2014-10-17,2014-10-17 16:00:00,17,88.696526,100.17974
2014-10-17,2014-10-17 17:00:00,18,148.44586,112.10889
2014-10-17,2014-10-17 18:00:00,19,160.37433,135.64285
2014-10-17,2014-10-17 19:00:00,20,176.04613,147.1588
2014-10-17,2014-10-17 20:00:00,21,164.5889,128.58542
2014-10-17,2014-10-17 21:00:00,22,150.78877,135.96622
2014-10-17,2014-10-17 22:00:00,23,146.0996,128.5572
2014-10-17,2014-10-17 23:00:00,24,129.66577,122.32765
2014-10-18,2014-10-18 00:00:00,1,124.29813,112.7706
2014-10-18,2014-10-18 01:00:00,2,113.56618,95.61293
2014-10-18,2014-10-18 02:00:00,3,69.84291,73.618355
2014-10-18,2014-10-18 03:00:00,4,53.39238,65.72006
2014-10-18,2014-10-18 04:00:00,5,51.377007,67.98812
2014-10-18,2014-10-18 05:00:00,6,47.700535,57.864456
2014-10-18,2014-10-18 06:00:00,7,41.68449,55.998634
2014-10-18,2014-10-18 07:00:00,8,44.024063,63.184948
2014-10-18,2014-10-18 08:00:00,9,91.04947,56.51791
2014-10-18,2014-10-18 09:00:00,10,103.84024,50.59755
2014-10-18,2014-10-18 10:00:00,11,104.84626,47.190033
2014-10-18,2014-10-18 11:00:00,12,97.466576,45.33594
2014-10-18,2014-10-18 12:00:00,13,98.806816,44.93968
2014-10-18,2014-10-18 13:00:00,14,84.95321,40.359947
2014-10-18,2014-10-18 14:00:00,15,98.46925,46.190704
2014-10-18,2014-10-18 15:00:00,16,98.472595,44.447334
2014-10-18,2014-10-18 16:00:00,17,108.81684,51.077103
2014-10-18,2014-10-18 17:00:00,18,66.0996,56.791954
2014-10-18,2014-10-18 18:00:00,19,63.42246,59.101357
2014-10-18,2014-10-18 19:00:00,20,66.10294,60.031693
2014-10-18,2014-10-18 20:00:00,21,54.391712,54.806072
2014-10-18,2014-10-18 21:00:00,22,49.037434,63.502056
2014-10-18,2014-10-18 22:00:00,23,42.35294,68.533455
2014-10-18,2014-10-18 23:00:00,24,38.669785,65.26276
2014-10-19,2014-10-19 00:00:00,1,36.991978,34.403614
2014-10-19,2014-10-19 01:00:00,2,34.31818,36.346943
2014-10-19,2014-10-19 02:00:00,3,34.652405,36.612762
2014-10-19,2014-10-19 03:00:00,4,34.652405,37.76648
2014-10-19,2014-10-19 04:00:00,5,34.98663,37.56479
2014-10-19,2014-10-19 05:00:00,6,34.652405,36.54431
2014-10-19,2014-10-19 06:00:00,7,34.98663,36.25027
2014-10-19,2014-10-19 07:00:00,8,34.652405,34.112793
2014-10-19,2014-10-19 08:00:00,9,24.625668,31.195541
2014-10-19,2014-10-19 09:00:00,10,23.95722,34.25232
2014-10-19,2014-10-19 10:00:00,11,23.95722,32.779613
2014-10-19,2014-10-19 11:00:00,12,22.94786,35.319103
2014-10-19,2014-10-19 12:00:00,13,22.610294,34.657406
2014-10-19,2014-10-19 13:00:00,14,23.285427,32.93181
2014-10-19,2014-10-19 14:00:00,15,23.285427,32.279396
2014-10-19,2014-10-19 15:00:00,16,23.622995,35.903294
2014-10-19,2014-10-19 16:00:00,17,24.625668,35.18146
2014-10-19,2014-10-19 17:00:00,18,25.962566,37.744114
2014-10-19,2014-10-19 18:00:00,19,25.294117,37.47281
2014-10-19,2014-10-19 19:00:00,20,34.98663,38.047794
2014-10-19,2014-10-19 20:00:00,21,36.32353,39.381115
2014-10-19,2014-10-19 21:00:00,22,37.329544,36.674942
2014-10-19,2014-10-19 22:00:00,23,39.679146,35.934994
2014-10-19,2014-10-19 23:00:00,24,39.679146,37.549976
2014-10-20,2014-10-20 00:00:00,1,37.33289,37.994648
2014-10-20,2014-10-20 01:00:00,2,37.329544,38.502644
2014-10-20,2014-10-20 02:00:00,3,36.99532,36.699993
2014-10-20,2014-10-20 03:00:00,4,35.320854,48.153103
2014-10-20,2014-10-20 04:00:00,5,35.989304,89.17241
2014-10-20,2014-10-20 05:00:00,6,45.695187,91.692154
2014-10-20,2014-10-20 06:00:00,7,74.79947,83.52418
2014-10-20,2014-10-20 07:00:00,8,79.93316,86.30855
2014-10-20,2014-10-20 08:00:00,9,90.42112,81.693954
2014-10-20,2014-10-20 09:00:00,10,91.42714,86.08562
2014-10-20,2014-10-20 10:00:00,11,74.187836,93.077034
2014-10-20,2014-10-20 11:00:00,12,66.437164,97.18274
2014-10-20,2014-10-20 12:00:00,13,73.45922,107.65129
2014-10-20,2014-10-20 13:00:00,14,67.10227,127.95166
2014-10-20,2014-10-20 14:00:00,15,82.15909,136.05138
2014-10-20,2014-10-20 15:00:00,16,80.1504,145.12225
2014-10-20,2014-10-20 16:00:00,17,78.53275,152.52286
2014-10-20,2014-10-20 17:00:00,18,95.06684,146.02338
2014-10-20,2014-10-20 18:00:00,19,137.03877,149.55476
2014-10-20,2014-10-20 19:00:00,20,155.48796,155.43799
2014-10-20,2014-10-20 20:00:00,21,149.7861,153.46893
2014-10-20,2014-10-20 21:00:00,22,158.16844,115.368576
2014-10-20,2014-10-20 22:00:00,23,153.81017,58.712135
2014-10-20,2014-10-20 23:00:00,24,152.80748,53.58899
2014-10-21,2014-10-21 00:00:00,1,146.76471,109.08057
2014-10-21,2014-10-21 01:00:00,2,140.0635,66.05117
2014-10-21,2014-10-21 02:00:00,3,130.33423,55.843475
2014-10-21,2014-10-21 03:00:00,4,125.97594,52.659103
2014-10-21,2014-10-21 04:00:00,5,72.45989,47.06841
2014-10-21,2014-10-21 05:00:00,6,78.21524,48.00975
2014-10-21,2014-10-21 06:00:00,7,95.454544,62.059532
2014-10-21,2014-10-21 07:00:00,8,98.806816,92.831436
2014-10-21,2014-10-21 08:00:00,9,99.14439,83.53436
2014-10-21,2014-10-21 09:00:00,10,118.59291,82.28697
2014-10-21,2014-10-21 10:00:00,11,100.1504,82.07466
2014-10-21,2014-10-21 11:00:00,12,98.803474,81.04466
2014-10-21,2014-10-21 12:00:00,13,107.52674,68.04364
2014-10-21,2014-10-21 13:00:00,14,104.84626,69.60089
2014-10-21,2014-10-21 14:00:00,15,104.84626,77.53346
2014-10-21,2014-10-21 15:00:00,16,101.49064,81.00084
2014-10-21,2014-10-21 16:00:00,17,102.15909,99.37845
2014-10-21,2014-10-21 17:00:00,18,156.21992,121.30301
2014-10-21,2014-10-21 18:00:00,19,183.7968,151.46478
2014-10-21,2014-10-21 19:00:00,20,191.87834,165.41017
2014-10-21,2014-10-21 20:00:00,21,169.96658,150.9047
2014-10-21,2014-10-21 21:00:00,22,104.50535,169.40848
2014-10-21,2014-10-21 22:00:00,23,156.8282,151.633
2014-10-21,2014-10-21 23:00:00,24,140.73195,153.5215
2014-10-22,2014-10-22 00:00:00,1,132.34625,137.12123
2014-10-22,2014-10-22 01:00:00,2,126.97861,110.06662
2014-10-22,2014-10-22 02:00:00,3,123.62299,72.41236
2014-10-22,2014-10-22 03:00:00,4,117.92447,79.92614
2014-10-22,2014-10-22 04:00:00,5,49.37166,70.409004
2014-10-22,2014-10-22 05:00:00,6,57.403076,74.11633
2014-10-22,2014-10-22 06:00:00,7,82.49666,69.032486
2014-10-22,2014-10-22 07:00:00,8,89.36163,79.243515
2014-10-22,2014-10-22 08:00:00,9,96.794785,109.74305
2014-10-22,2014-10-22 09:00:00,10,89.36832,102.19766
2014-10-22,2014-10-22 10:00:00,11,73.46257,100.84152
2014-10-22,2014-10-22 11:00:00,12,72.79078,92.63243
2014-10-22,2014-10-22 12:00:00,13,81.93516,85.66769
2014-10-22,2014-10-22 13:00:00,14,87.96791,79.76424
2014-10-22,2014-10-22 14:00:00,15,98.81016,85.94727
2014-10-22,2014-10-22 15:00:00,16,117.92112,91.59589
2014-10-22,2014-10-22 16:00:00,17,120.27406,114.28337
2014-10-22,2014-10-22 17:00:00,18,142.59692,146.3978
2014-10-22,2014-10-22 18:00:00,19,182.44652,160.97182
2014-10-22,2014-10-22 19:00:00,20,180.76204,174.35712
2014-10-22,2014-10-22 20:00:00,21,167.93784,149.7247
2014-10-22,2014-10-22 21:00:00,22,114.90976,119.32396
2014-10-22,2014-10-22 22:00:00,23,153.4726,146.23665
2014-10-22,2014-10-22 23:00:00,24,140.73195,143.24034
2014-10-23,2014-10-23 00:00:00,1,134.69586,134.19733
2014-10-23,2014-10-23 01:00:00,2,136.70789,110.34607
2014-10-23,2014-10-23 02:00:00,3,127.312836,61.267967
2014-10-23,2014-10-23 03:00:00,4,146.28676,65.309906
2014-10-23,2014-10-23 04:00:00,5,103.8369,61.211227
2014-10-23,2014-10-23 05:00:00,6,108.87032,61.328827
2014-10-23,2014-10-23 06:00:00,7,121.94853,54.327583
2014-10-23,2014-10-23 07:00:00,8,102.83088,64.2727
2014-10-23,2014-10-23 08:00:00,9,96.12299,111.12368
2014-10-23,2014-10-23 09:00:00,10,107.53008,97.214294
2014-10-23,2014-10-23 10:00:00,11,81.554146,93.4353
2014-10-23,2014-10-23 11:00:00,12,74.13102,93.57857
2014-10-23,2014-10-23 12:00:00,13,80.15374,93.72342
2014-10-23,2014-10-23 13:00:00,14,79.81952,89.40989
2014-10-23,2014-10-23 14:00:00,15,94.78275,96.27523
2014-10-23,2014-10-23 15:00:00,16,85.62166,104.54002
2014-10-23,2014-10-23 16:00:00,17,84.2246,119.30187
2014-10-23,2014-10-23 17:00:00,18,110.213905,141.87631
2014-10-23,2014-10-23 18:00:00,19,136.70789,160.3771
2014-10-23,2014-10-23 19:00:00,20,164.06082,169.29959
2014-10-23,2014-10-23 20:00:00,21,158.84024,158.48041
2014-10-23,2014-10-23 21:00:00,22,92.27941,117.43923
2014-10-23,2014-10-23 22:00:00,23,142.07553,151.03427
2014-10-23,2014-10-23 23:00:00,24,142.74399,148.62027
2014-10-24,2014-10-24 00:00:00,1,137.37968,136.31215
2014-10-24,2014-10-24 01:00:00,2,132.34625,135.97032
2014-10-24,2014-10-24 02:00:00,3,127.6504,93.192986
2014-10-24,2014-10-24 03:00:00,4,133.6865,71.51393
2014-10-24,2014-10-24 04:00:00,5,79.14773,72.313614
2014-10-24,2014-10-24 05:00:00,6,87.25267,70.60476
2014-10-24,2014-10-24 06:00:00,7,98.806816,65.06428
2014-10-24,2014-10-24 07:00:00,8,95.78877,66.08354
2014-10-24,2014-10-24 08:00:00,9,108.19853,85.77387
2014-10-24,2014-10-24 09:00:00,10,99.475266,100.20037
2014-10-24,2014-10-24 10:00:00,11,99.812836,94.49794
2014-10-24,2014-10-24 11:00:00,12,90.42112,92.82486
2014-10-24,2014-10-24 12:00:00,13,86.62433,90.93552
2014-10-24,2014-10-24 13:00:00,14,75.80214,88.55402
2014-10-24,2014-10-24 14:00:00,15,78.20187,92.41701
2014-10-24,2014-10-24 15:00:00,16,94.11096,98.04945
2014-10-24,2014-10-24 16:00:00,17,96.12299,104.8583
2014-10-24,2014-10-24 17:00:00,18,133.68983,121.29111
2014-10-24,2014-10-24 18:00:00,19,163.26204,144.5776
2014-10-24,2014-10-24 19:00:00,20,187.15909,157.51727
2014-10-24,2014-10-24 20:00:00,21,175.37099,161.34659
2014-10-24,2014-10-24 21:00:00,22,107.18917,141.39987
2014-10-24,2014-10-24 22:00:00,23,141.06618,131.00436
2014-10-24,2014-10-24 23:00:00,24,130.0,151.22168
2014-10-25,2014-10-25 00:00:00,1,130.33423,135.84897
2014-10-25,2014-10-25 01:00:00,2,123.626335,126.88115
2014-10-25,2014-10-25 02:00:00,3,121.6143,84.23898
2014-10-25,2014-10-25 03:00:00,4,82.62701,73.037605
2014-10-25,2014-10-25 04:00:00,5,58.074867,79.98013
2014-10-25,2014-10-25 05:00:00,6,56.73797,67.73158
2014-10-25,2014-10-25 06:00:00,7,55.066845,64.78389
2014-10-25,2014-10-25 07:00:00,8,52.048798,66.54877
2014-10-25,2014-10-25 08:00:00,9,82.67714,75.91295
2014-10-25,2014-10-25 09:00:00,10,97.800804,68.731606
2014-10-25,2014-10-25 10:00:00,11,91.76471,61.478775
2014-10-25,2014-10-25 11:00:00,12,94.44519,58.961388
2014-10-25,2014-10-25 12:00:00,13,105.84893,61.043533
2014-10-25,2014-10-25 13:00:00,14,108.87032,57.902283
2014-10-25,2014-10-25 14:00:00,15,114.90642,65.1469
2014-10-25,2014-10-25 15:00:00,16,121.28008,65.14094
2014-10-25,2014-10-25 16:00:00,17,123.28877,68.71446
2014-10-25,2014-10-25 17:00:00,18,82.580215,73.94668
2014-10-25,2014-10-25 18:00:00,19,56.06952,78.83207
2014-10-25,2014-10-25 19:00:00,20,59.74599,78.62137
2014-10-25,2014-10-25 20:00:00,21,49.375,79.45212
2014-10-25,2014-10-25 21:00:00,22,43.355614,76.87164
2014-10-25,2014-10-25 22:00:00,23,42.018715,84.748566
2014-10-25,2014-10-25 23:00:00,24,38.33556,84.28956
2014-11-10,2014-11-10 00:00:00,1,35.989304,36.939034
2014-11-10,2014-11-10 01:00:00,2,40.01337,35.98168
2014-11-10,2014-11-10 02:00:00,3,44.692513,36.324047
2014-11-10,2014-11-10 03:00:00,4,42.018715,38.67602
2014-11-10,2014-11-10 04:00:00,5,38.00468,35.976814
2014-11-10,2014-11-10 05:00:00,6,45.35762,44.62933
2014-11-10,2014-11-10 06:00:00,7,74.79947,60.482758
2014-11-10,2014-11-10 07:00:00,8,76.47393,95.10539
2014-11-10,2014-11-10 08:00:00,9,83.2754,101.580734
2014-11-10,2014-11-10 09:00:00,10,90.033424,111.75328
2014-11-10,2014-11-10 10:00:00,11,98.13168,109.195625
2014-11-10,2014-11-10 11:00:00,12,99.809494,108.576355
2014-11-10,2014-11-10 12:00:00,13,79.608955,108.2281
2014-11-10,2014-11-10 13:00:00,14,77.934494,119.53601
2014-11-10,2014-11-10 14:00:00,15,100.481285,130.49701
2014-11-10,2014-11-10 15:00:00,16,101.49398,141.48526
2014-11-10,2014-11-10 16:00:00,17,107.19251,160.24496
2014-11-10,2014-11-10 17:00:00,18,134.69586,173.97112
2014-11-10,2014-11-10 18:00:00,19,156.49733,183.91478
2014-11-10,2014-11-10 19:00:00,20,155.48462,182.66469
2014-11-10,2014-11-10 20:00:00,21,156.8282,166.18982
2014-11-10,2014-11-10 21:00:00,22,102.108955,167.38638
2014-11-10,2014-11-10 22:00:00,23,135.03008,163.73465
2014-11-10,2014-11-10 23:00:00,24,134.36163,139.15549
2014-11-11,2014-11-11 00:00:00,1,128.65642,116.28259
2014-11-11,2014-11-11 01:00:00,2,132.34625,73.08547
2014-11-11,2014-11-11 02:00:00,3,110.501335,57.375145
2014-11-11,2014-11-11 03:00:00,4,59.74599,58.566853
2014-11-11,2014-11-11 04:00:00,5,54.398396,50.84397
2014-11-11,2014-11-11 05:00:00,6,59.0742,55.479088
2014-11-11,2014-11-11 06:00:00,7,87.7373,56.302895
2014-11-11,2014-11-11 07:00:00,8,86.684494,92.31681
2014-11-11,2014-11-11 08:00:00,9,85.61832,94.59858
2014-11-11,2014-11-11 09:00:00,10,79.14773,89.76872
2014-11-11,2014-11-11 10:00:00,11,72.179146,87.09058
2014-11-11,2014-11-11 11:00:00,12,74.13436,84.11438
2014-11-11,2014-11-11 12:00:00,13,84.66912,79.60453
2014-11-11,2014-11-11 13:00:00,14,87.687164,80.55011
2014-11-11,2014-11-11 14:00:00,15,82.55013,89.00221
2014-11-11,2014-11-11 15:00:00,16,92.329544,95.59997
2014-11-11,2014-11-11 16:00:00,17,104.78944,110.69977
2014-11-11,2014-11-11 17:00:00,18,136.37366,133.67487
2014-11-11,2014-11-11 18:00:00,19,146.43382,154.62274
2014-11-11,2014-11-11 19:00:00,20,148.44252,169.05304
2014-11-11,2014-11-11 20:00:00,21,151.4639,130.94377
2014-11-11,2014-11-11 21:00:00,22,93.61631,127.96634
2014-11-11,2014-11-11 22:00:00,23,142.74733,141.77129
2014-11-11,2014-11-11 23:00:00,24,139.38837,142.29794
2014-11-12,2014-11-12 00:00:00,1,141.40375,112.64354
2014-11-12,2014-11-12 01:00:00,2,142.40976,65.99151
2014-11-12,2014-11-12 02:00:00,3,82.623665,54.775074
2014-11-12,2014-11-12 03:00:00,4,60.748665,55.27189
2014-11-12,2014-11-12 04:00:00,5,53.726604,52.757812
2014-11-12,2014-11-12 05:00:00,6,58.739975,52.66105
2014-11-12,2014-11-12 06:00:00,7,87.3496,50.44599
2014-11-12,2014-11-12 07:00:00,8,86.346924,91.082115
2014-11-12,2014-11-12 08:00:00,9,91.43048,91.406364
2014-11-12,2014-11-12 09:00:00,10,87.74064,81.94393
2014-11-12,2014-11-12 10:00:00,11,70.4512,83.06961
2014-11-12,2014-11-12 11:00:00,12,71.11965,82.01861
2014-11-12,2014-11-12 12:00:00,13,73.12834,75.90693
2014-11-12,2014-11-12 13:00:00,14,69.117645,78.49756
2014-11-12,2014-11-12 14:00:00,15,72.12567,87.19388
2014-11-12,2014-11-12 15:00:00,16,96.751335,95.03698
2014-11-12,2014-11-12 16:00:00,17,115.57821,116.989685
2014-11-12,2014-11-12 17:00:00,18,138.38235,132.28995
2014-11-12,2014-11-12 18:00:00,19,159.17781,152.94516
2014-11-12,2014-11-12 19:00:00,20,152.46992,164.14355
2014-11-12,2014-11-12 20:00:00,21,143.41243,130.401
2014-11-12,2014-11-12 21:00:00,22,81.56417,132.59764
2014-11-12,2014-11-12 22:00:00,23,129.66577,137.35522
2014-11-12,2014-11-12 23:00:00,24,133.01805,140.87384
2014-11-13,2014-11-13 00:00:00,1,126.306816,115.552864
2014-11-13,2014-11-13 01:00:00,2,121.94853,72.2639
2014-11-13,2014-11-13 02:00:00,3,68.16845,58.284218
2014-11-13,2014-11-13 03:00:00,4,46.69786,59.926598
2014-11-13,2014-11-13 04:00:00,5,43.355614,54.99054
2014-11-13,2014-11-13 05:00:00,6,52.386364,56.05152
2014-11-13,2014-11-13 06:00:00,7,83.893715,51.135418
2014-11-13,2014-11-13 07:00:00,8,86.29345,90.679375
2014-11-13,2014-11-13 08:00:00,9,98.46925,93.84238
2014-11-13,2014-11-13 09:00:00,10,114.90976,84.48464
2014-11-13,2014-11-13 10:00:00,11,118.59291,85.01234
2014-11-13,2014-11-13 11:00:00,12,112.556816,81.506424
2014-11-13,2014-11-13 12:00:00,13,74.184494,74.402885
2014-11-13,2014-11-13 13:00:00,14,81.61096,76.40271
2014-11-13,2014-11-13 14:00:00,15,98.76337,83.63041
2014-11-13,2014-11-13 15:00:00,16,134.35829,92.016365
2014-11-13,2014-11-13 16:00:00,17,150.12366,119.5669
2014-11-13,2014-11-13 17:00:00,18,184.62567,140.25476
2014-11-13,2014-11-13 18:00:00,19,197.26604,157.07715
2014-11-13,2014-11-13 19:00:00,20,176.54077,161.7687
2014-11-13,2014-11-13 20:00:00,21,159.17781,119.69675
2014-11-13,2014-11-13 21:00:00,22,148.77673,117.336365
2014-11-13,2014-11-13 22:00:00,23,128.65642,131.40839
2014-11-13,2014-11-13 23:00:00,24,127.64706,136.41043
2014-11-14,2014-11-14 00:00:00,1,134.69252,103.9727
2014-11-14,2014-11-14 01:00:00,2,137.37634,62.47711
2014-11-14,2014-11-14 02:00:00,3,81.283424,57.698425
2014-11-14,2014-11-14 03:00:00,4,57.072193,56.60768
2014-11-14,2014-11-14 04:00:00,5,51.717915,52.673172
2014-11-14,2014-11-14 05:00:00,6,55.72861,53.616135
2014-11-14,2014-11-14 06:00:00,7,89.30816,57.395435
2014-11-14,2014-11-14 07:00:00,8,102.5,104.84148
2014-11-14,2014-11-14 08:00:00,9,116.92179,97.60753
2014-11-14,2014-11-14 09:00:00,10,105.85227,90.2482
2014-11-14,2014-11-14 10:00:00,11,99.141045,91.068214
2014-11-14,2014-11-14 11:00:00,12,107.52674,85.40697
2014-11-14,2014-11-14 12:00:00,13,100.38102,78.20909
2014-11-14,2014-11-14 13:00:00,14,95.0635,84.706696
2014-11-14,2014-11-14 14:00:00,15,75.46457,87.38703
2014-11-14,2014-11-14 15:00:00,16,99.42513,96.64115
2014-11-14,2014-11-14 16:00:00,17,105.84893,124.07375
2014-11-14,2014-11-14 17:00:00,18,153.87366,145.25009
2014-11-14,2014-11-14 18:00:00,19,174.17781,156.96194
2014-11-14,2014-11-14 19:00:00,20,158.84358,157.62708
2014-11-14,2014-11-14 20:00:00,21,139.38837,119.70226
2014-11-14,2014-11-14 21:00:00,22,81.90174,129.53384
2014-11-14,2014-11-14 22:00:00,23,132.3496,137.6992
2014-11-14,2014-11-14 23:00:00,24,125.96925,131.45198
2014-11-15,2014-11-15 00:00:00,1,125.972595,108.09267
2014-11-15,2014-11-15 01:00:00,2,129.99666,72.067245
2014-11-15,2014-11-15 02:00:00,3,138.38235,54.61718
2014-11-15,2014-11-15 03:00:00,4,120.60829,54.575703
2014-11-15,2014-11-15 04:00:00,5,45.360962,56.494106
2014-11-15,2014-11-15 05:00:00,6,43.02139,45.630913
2014-11-15,2014-11-15 06:00:00,7,43.355614,41.00298
2014-11-15,2014-11-15 07:00:00,8,36.32687,49.36698
2014-11-15,2014-11-15 08:00:00,9,30.307487,42.034153
2014-11-15,2014-11-15 09:00:00,10,27.299465,37.19274
2014-11-15,2014-11-15 10:00:00,11,24.959892,38.059708
2014-11-15,2014-11-15 11:00:00,12,25.294117,38.458443
2014-11-15,2014-11-15 12:00:00,13,24.959892,31.718151
2014-11-15,2014-11-15 13:00:00,14,25.294117,29.712688
2014-11-15,2014-11-15 14:00:00,15,25.962566,37.282764
2014-11-15,2014-11-15 15:00:00,16,26.631016,32.291096
2014-11-15,2014-11-15 16:00:00,17,26.631016,43.158657
2014-11-15,2014-11-15 17:00:00,18,31.31016,45.123848
2014-11-15,2014-11-15 18:00:00,19,38.338905,49.90516
2014-11-15,2014-11-15 19:00:00,20,38.00468,53.378036
2014-11-15,2014-11-15 20:00:00,21,36.32353,41.883286
2014-11-15,2014-11-15 21:00:00,22,35.989304,49.38952
2014-11-15,2014-11-15 22:00:00,23,35.989304,54.09958
2014-11-15,2014-11-15 23:00:00,24,37.670456,56.08698
2014-11-16,2014-11-16 00:00:00,1,37.329544,36.594032
2014-11-16,2014-11-16 01:00:00,2,36.657753,37.856606
2014-11-16,2014-11-16 02:00:00,3,35.989304,39.564087
2014-11-16,2014-11-16 03:00:00,4,36.99532,37.07915
2014-11-16,2014-11-16 04:00:00,5,37.66711,36.596203
2014-11-16,2014-11-16 05:00:00,6,35.989304,34.0779
2014-11-16,2014-11-16 06:00:00,7,36.661095,31.786629
2014-11-16,2014-11-16 07:00:00,8,31.97861,29.503048
2014-11-16,2014-11-16 08:00:00,9,27.299465,26.89116
2014-11-16,2014-11-16 09:00:00,10,25.962566,28.23804
2014-11-16,2014-11-16 10:00:00,11,25.294117,26.729893
2014-11-16,2014-11-16 11:00:00,12,25.628342,26.038322
2014-11-16,2014-11-16 12:00:00,13,24.959892,24.829357
2014-11-16,2014-11-16 13:00:00,14,25.962566,23.318562
2014-11-16,2014-11-16 14:00:00,15,25.628342,24.502464
2014-11-16,2014-11-16 15:00:00,16,25.962566,25.417828
2014-11-16,2014-11-16 16:00:00,17,25.962566,27.928024
2014-11-16,2014-11-16 17:00:00,18,30.64171,30.26368
2014-11-16,2014-11-16 18:00:00,19,35.989304,32.97023
2014-11-16,2014-11-16 19:00:00,20,35.989304,36.257393
2014-11-16,2014-11-16 20:00:00,21,35.989304,37.195625
2014-11-16,2014-11-16 21:00:00,22,35.65508,37.443497
2014-11-16,2014-11-16 22:00:00,23,35.989304,36.560135
2014-11-16,2014-11-16 23:00:00,24,35.65508,38.617886
2014-11-17,2014-11-17 00:00:00,1,35.989304,34.766888
2014-11-17,2014-11-17 01:00:00,2,35.989304,33.683117
2014-11-17,2014-11-17 02:00:00,3,35.65508,34.634315
2014-11-17,2014-11-17 03:00:00,4,35.65508,37.772446
2014-11-17,2014-11-17 04:00:00,5,36.32353,37.313076
2014-11-17,2014-11-17 05:00:00,6,44.68917,38.40458
2014-11-17,2014-11-17 06:00:00,7,73.79679,45.984795
2014-11-17,2014-11-17 07:00:00,8,77.81083,78.9753
2014-11-17,2014-11-17 08:00:00,9,97.463234,94.24237
2014-11-17,2014-11-17 09:00:00,10,149.11765,112.33586
2014-11-17,2014-11-17 10:00:00,11,162.1992,107.90901
2014-11-17,2014-11-17 11:00:00,12,147.4365,108.51308
2014-11-17,2014-11-17 12:00:00,13,120.94251,106.979324
2014-11-17,2014-11-17 13:00:00,14,107.19251,112.29529
2014-11-17,2014-11-17 14:00:00,15,93.05147,121.47067
2014-11-17,2014-11-17 15:00:00,16,106.52072,131.47101
2014-11-17,2014-11-17 16:00:00,17,112.56016,148.51967
2014-11-17,2014-11-17 17:00:00,18,140.06017,163.91928
2014-11-17,2014-11-17 18:00:00,19,144.75601,180.36095
2014-11-17,2014-11-17 19:00:00,20,138.71992,183.84216
2014-11-17,2014-11-17 20:00:00,21,143.75334,171.81726
2014-11-17,2014-11-17 21:00:00,22,144.08757,168.72261
2014-11-17,2014-11-17 22:00:00,23,136.70789,165.30202
2014-11-17,2014-11-17 23:00:00,24,145.09358,163.06793
2014-11-18,2014-11-18 00:00:00,1,153.14171,84.36849
2014-11-18,2014-11-18 01:00:00,2,148.10829,45.82339
2014-11-18,2014-11-18 02:00:00,3,100.71524,41.371624
2014-11-18,2014-11-18 03:00:00,4,74.46524,39.777485
2014-11-18,2014-11-18 04:00:00,5,66.10294,39.073647
2014-11-18,2014-11-18 05:00:00,6,66.15976,45.78769
2014-11-18,2014-11-18 06:00:00,7,84.2246,76.34671
2014-11-18,2014-11-18 07:00:00,8,79.87299,99.05897
2014-11-18,2014-11-18 08:00:00,9,92.4365,86.909454
2014-11-18,2014-11-18 09:00:00,10,75.19385,90.29648
2014-11-18,2014-11-18 10:00:00,11,84.675804,93.93099
2014-11-18,2014-11-18 11:00:00,12,67.77406,90.87888
2014-11-18,2014-11-18 12:00:00,13,103.84024,93.54821
2014-11-18,2014-11-18 13:00:00,14,100.1504,100.33889
2014-11-18,2014-11-18 14:00:00,15,108.53275,106.34958
2014-11-18,2014-11-18 15:00:00,16,123.292114,118.21678
2014-11-18,2014-11-18 16:00:00,17,142.40642,132.9999
2014-11-18,2014-11-18 17:00:00,18,176.55414,151.34842
2014-11-18,2014-11-18 18:00:00,19,180.0869,170.16429
2014-11-18,2014-11-18 19:00:00,20,166.75134,160.23398
2014-11-18,2014-11-18 20:00:00,21,151.12634,152.65248
2014-11-18,2014-11-18 21:00:00,22,141.4004,159.60991
2014-11-18,2014-11-18 22:00:00,23,136.70789,149.38403
2014-11-18,2014-11-18 23:00:00,24,139.05414,143.85562
2014-11-19,2014-11-19 00:00:00,1,136.70789,115.5741
2014-11-19,2014-11-19 01:00:00,2,131.34024,70.46332
2014-11-19,2014-11-19 02:00:00,3,99.37166,58.053047
2014-11-19,2014-11-19 03:00:00,4,73.79679,58.319935
2014-11-19,2014-11-19 04:00:00,5,65.100266,55.525166
2014-11-19,2014-11-19 05:00:00,6,61.139706,55.94243
2014-11-19,2014-11-19 06:00:00,7,89.08088,56.933937
2014-11-19,2014-11-19 07:00:00,8,96.12299,102.08662
2014-11-19,2014-11-19 08:00:00,9,98.806816,100.057945
2014-11-19,2014-11-19 09:00:00,10,100.14706,90.73735
2014-11-19,2014-11-19 10:00:00,11,101.153076,88.949585
2014-11-19,2014-11-19 11:00:00,12,113.562836,89.42975
2014-11-19,2014-11-19 12:00:00,13,107.1357,86.25377
2014-11-19,2014-11-19 13:00:00,14,104.50869,92.80782
2014-11-19,2014-11-19 14:00:00,15,130.6718,101.90883
2014-11-19,2014-11-19 15:00:00,16,144.4218,110.0206
2014-11-19,2014-11-19 16:00:00,17,147.43983,133.27484
2014-11-19,2014-11-19 17:00:00,18,152.80414,147.65186
2014-11-19,2014-11-19 18:00:00,19,157.3496,164.21927
2014-11-19,2014-11-19 19:00:00,20,150.79546,171.13443
2014-11-19,2014-11-19 20:00:00,21,138.3857,132.66087
2014-11-19,2014-11-19 21:00:00,22,133.01805,137.18018
2014-11-19,2014-11-19 22:00:00,23,129.32486,146.082
2014-11-19,2014-11-19 23:00:00,24,126.97861,142.59544
2014-11-20,2014-11-20 00:00:00,1,122.286095,118.20416
2014-11-20,2014-11-20 01:00:00,2,128.65976,91.21334
2014-11-20,2014-11-20 02:00:00,3,102.443184,67.328316
2014-11-20,2014-11-20 03:00:00,4,81.49398,71.52053
2014-11-20,2014-11-20 04:00:00,5,71.11965,70.31743
2014-11-20,2014-11-20 05:00:00,6,68.8369,67.14084
2014-11-20,2014-11-20 06:00:00,7,91.09291,65.23134
2014-11-20,2014-11-20 07:00:00,8,93.10495,96.27585
2014-11-20,2014-11-20 08:00:00,9,106.85829,113.55127
2014-11-20,2014-11-20 09:00:00,10,108.19853,102.63438
2014-11-20,2014-11-20 10:00:00,11,106.52406,100.28054
2014-11-20,2014-11-20 11:00:00,12,111.216576,98.21933
2014-11-20,2014-11-20 12:00:00,13,102.49666,100.33809
2014-11-20,2014-11-20 13:00:00,14,103.16511,105.50212
2014-11-20,2014-11-20 14:00:00,15,122.954544,108.33467
2014-11-20,2014-11-20 15:00:00,16,112.5635,114.74867
2014-11-20,2014-11-20 16:00:00,17,118.59291,132.45294
2014-11-20,2014-11-20 17:00:00,18,178.5762,147.1997
2014-11-20,2014-11-20 18:00:00,19,173.16844,160.45634
2014-11-20,2014-11-20 19:00:00,20,159.8496,156.35287
2014-11-20,2014-11-20 20:00:00,21,151.123,135.06877
2014-11-20,2014-11-20 21:00:00,22,145.42781,125.57951
2014-11-20,2014-11-20 22:00:00,23,147.77406,149.81555
2014-11-20,2014-11-20 23:00:00,24,160.5214,143.40536
2014-11-21,2014-11-21 00:00:00,1,165.2139,129.80103
2014-11-21,2014-11-21 01:00:00,2,144.08757,75.44574
2014-11-21,2014-11-21 02:00:00,3,90.66511,69.02132
2014-11-21,2014-11-21 03:00:00,4,64.42513,70.194115
2014-11-21,2014-11-21 04:00:00,5,56.400402,69.79765
2014-11-21,2014-11-21 05:00:00,6,58.739975,64.31637
2014-11-21,2014-11-21 06:00:00,7,88.40909,61.945183
2014-11-21,2014-11-21 07:00:00,8,98.806816,102.61398
2014-11-21,2014-11-21 08:00:00,9,123.96056,98.94272
2014-11-21,2014-11-21 09:00:00,10,116.58088,93.06638
2014-11-21,2014-11-21 10:00:00,11,108.53275,96.10098
2014-11-21,2014-11-21 11:00:00,12,104.17447,91.84654
2014-11-21,2014-11-21 12:00:00,13,89.027405,84.06488
2014-11-21,2014-11-21 13:00:00,14,78.8135,89.80888
2014-11-21,2014-11-21 14:00:00,15,69.1143,97.40482
2014-11-21,2014-11-21 15:00:00,16,91.04947,102.93178
2014-11-21,2014-11-21 16:00:00,17,108.19519,122.0765
2014-11-21,2014-11-21 17:00:00,18,151.79813,133.99136
2014-11-21,2014-11-21 18:00:00,19,146.76805,153.966
2014-11-21,2014-11-21 19:00:00,20,147.10228,158.21143
2014-11-21,2014-11-21 20:00:00,21,137.04211,117.207085
2014-11-21,2014-11-21 21:00:00,22,75.53476,126.90184
2014-11-21,2014-11-21 22:00:00,23,145.42781,129.4937
2014-11-21,2014-11-21 23:00:00,24,155.82553,132.77393
2014-11-22,2014-11-22 00:00:00,1,150.45789,129.80655
2014-11-22,2014-11-22 01:00:00,2,121.28008,79.453545
2014-11-22,2014-11-22 02:00:00,3,72.2393,55.59545
2014-11-22,2014-11-22 03:00:00,4,47.36631,55.583336
2014-11-22,2014-11-22 04:00:00,5,44.692513,54.797516
2014-11-22,2014-11-22 05:00:00,6,41.68115,46.711914
2014-11-22,2014-11-22 06:00:00,7,36.657753,39.251587
2014-11-22,2014-11-22 07:00:00,8,34.652405,48.23107
2014-11-22,2014-11-22 08:00:00,9,26.296791,36.835968
2014-11-22,2014-11-22 09:00:00,10,26.96524,35.25536
2014-11-22,2014-11-22 10:00:00,11,26.631016,37.02709
2014-11-22,2014-11-22 11:00:00,12,26.296791,40.291084
2014-11-22,2014-11-22 12:00:00,13,26.296791,32.295456
2014-11-22,2014-11-22 13:00:00,14,25.628342,29.393574
2014-11-22,2014-11-22 14:00:00,15,25.628342,34.77281
2014-11-22,2014-11-22 15:00:00,16,26.631016,31.156563
2014-11-22,2014-11-22 16:00:00,17,30.64171,41.6121
2014-11-22,2014-11-22 17:00:00,18,42.015373,43.516315
2014-11-22,2014-11-22 18:00:00,19,38.001335,46.049156
2014-11-22,2014-11-22 19:00:00,20,38.342247,52.565872
2014-11-22,2014-11-22 20:00:00,21,38.001335,37.855156
2014-11-22,2014-11-22 21:00:00,22,37.329544,50.58196
2014-11-22,2014-11-22 22:00:00,23,36.99532,53.018936
2014-11-22,2014-11-22 23:00:00,24,37.66711,54.669243
2014-11-23,2014-11-23 00:00:00,1,36.99532,37.013187
2014-11-23,2014-11-23 01:00:00,2,36.32353,37.909454
2014-11-23,2014-11-23 02:00:00,3,39.34492,39.57962
2014-11-23,2014-11-23 03:00:00,4,38.33556,36.162502
2014-11-23,2014-11-23 04:00:00,5,35.989304,35.352993
2014-11-23,2014-11-23 05:00:00,6,38.001335,32.678246
2014-11-23,2014-11-23 06:00:00,7,43.02139,30.011803
2014-11-23,2014-11-23 07:00:00,8,33.990643,28.04485
2014-11-23,2014-11-23 08:00:00,9,25.628342,25.347752
2014-11-23,2014-11-23 09:00:00,10,25.628342,26.769169
2014-11-23,2014-11-23 10:00:00,11,25.628342,25.826653
2014-11-23,2014-11-23 11:00:00,12,25.628342,25.386059
2014-11-23,2014-11-23 12:00:00,13,26.296791,24.194477
2014-11-23,2014-11-23 13:00:00,14,26.296791,23.449112
2014-11-23,2014-11-23 14:00:00,15,26.631016,25.063633
2014-11-23,2014-11-23 15:00:00,16,26.296791,26.536594
2014-11-23,2014-11-23 16:00:00,17,26.631016,29.78983
2014-11-23,2014-11-23 17:00:00,18,34.652405,31.692593
2014-11-23,2014-11-23 18:00:00,19,36.99532,34.591087
2014-11-23,2014-11-23 19:00:00,20,35.989304,37.03291
2014-11-23,2014-11-23 20:00:00,21,36.661095,37.541653
2014-11-23,2014-11-23 21:00:00,22,35.65508,37.055176
2014-11-23,2014-11-23 22:00:00,23,36.32687,35.585274
2014-11-23,2014-11-23 23:00:00,24,35.65508,38.361946
2014-11-24,2014-11-24 00:00:00,1,36.32353,34.17373
2014-11-24,2014-11-24 01:00:00,2,35.65508,32.9348
2014-11-24,2014-11-24 02:00:00,3,36.32353,33.903023
2014-11-24,2014-11-24 03:00:00,4,35.65508,37.154762
2014-11-24,2014-11-24 04:00:00,5,37.329544,37.655205
2014-11-24,2014-11-24 05:00:00,6,46.363636,39.4031
2014-11-24,2014-11-24 06:00:00,7,75.80214,49.556328
2014-11-24,2014-11-24 07:00:00,8,83.27206,83.98251
2014-11-24,2014-11-24 08:00:00,9,89.74933,97.74233
2014-11-24,2014-11-24 09:00:00,10,98.08155,113.95877
2014-11-24,2014-11-24 10:00:00,11,101.82821,107.81277
2014-11-24,2014-11-24 11:00:00,12,97.463234,109.675064
2014-11-24,2014-11-24 12:00:00,13,95.792114,109.25867
2014-11-24,2014-11-24 13:00:00,14,83.606285,115.20204
2014-11-24,2014-11-24 14:00:00,15,105.18048,125.54611
2014-11-24,2014-11-24 15:00:00,16,134.69252,136.24174
2014-11-24,2014-11-24 16:00:00,17,140.06017,154.035
2014-11-24,2014-11-24 17:00:00,18,153.6631,168.04373
2014-11-24,2014-11-24 18:00:00,19,151.80147,183.31393
2014-11-24,2014-11-24 19:00:00,20,143.74666,184.71652
2014-11-24,2014-11-24 20:00:00,21,139.39171,171.64215
2014-11-24,2014-11-24 21:00:00,22,73.52941,168.45847
2014-11-24,2014-11-24 22:00:00,23,126.97861,164.38652
2014-11-24,2014-11-24 23:00:00,24,124.294785,160.94739
2014-11-25,2014-11-25 00:00:00,1,123.626335,97.112976
2014-11-25,2014-11-25 01:00:00,2,110.54813,50.68242
2014-11-25,2014-11-25 02:00:00,3,63.088234,46.5847
2014-11-25,2014-11-25 03:00:00,4,43.68984,43.491196
2014-11-25,2014-11-25 04:00:00,5,42.018715,39.756126
2014-11-25,2014-11-25 05:00:00,6,49.37834,49.19594
2014-11-25,2014-11-25 06:00:00,7,79.14439,62.112526
2014-11-25,2014-11-25 07:00:00,8,88.30214,106.99896
2014-11-25,2014-11-25 08:00:00,9,110.544785,88.15414
2014-11-25,2014-11-25 09:00:00,10,121.61096,87.754425
2014-11-25,2014-11-25 10:00:00,11,123.96056,88.89154
2014-11-25,2014-11-25 11:00:00,12,106.52406,85.74029
2014-11-25,2014-11-25 12:00:00,13,122.62032,86.91764
2014-11-25,2014-11-25 13:00:00,14,140.06017,100.020874
2014-11-25,2014-11-25 14:00:00,15,125.63837,104.48184
2014-11-25,2014-11-25 15:00:00,16,112.222595,116.99823
2014-11-25,2014-11-25 16:00:00,17,135.70522,136.72568
2014-11-25,2014-11-25 17:00:00,18,149.11765,155.58334
2014-11-25,2014-11-25 18:00:00,19,164.06418,164.7178
2014-11-25,2014-11-25 19:00:00,20,155.82219,151.0008
2014-11-25,2014-11-25 20:00:00,21,151.46724,98.52042
2014-11-25,2014-11-25 21:00:00,22,151.4639,112.64312
2014-11-25,2014-11-25 22:00:00,23,138.04813,125.961494
2014-11-25,2014-11-25 23:00:00,24,131.34358,121.75386
2014-11-26,2014-11-26 00:00:00,1,134.02406,93.54074
2014-11-26,2014-11-26 01:00:00,2,124.29813,47.805313
2014-11-26,2014-11-26 02:00:00,3,72.242645,41.562016
2014-11-26,2014-11-26 03:00:00,4,51.377007,43.58682
2014-11-26,2014-11-26 04:00:00,5,49.37166,44.332077
2014-11-26,2014-11-26 05:00:00,6,56.400402,41.599277
2014-11-26,2014-11-26 06:00:00,7,81.49064,54.708485
2014-11-26,2014-11-26 07:00:00,8,89.699196,103.43669
2014-11-26,2014-11-26 08:00:00,9,116.91845,97.70123
2014-11-26,2014-11-26 09:00:00,10,119.9365,93.647514
2014-11-26,2014-11-26 10:00:00,11,126.306816,93.693756
2014-11-26,2014-11-26 11:00:00,12,115.91243,95.25539
2014-11-26,2014-11-26 12:00:00,13,110.87901,90.569405
2014-11-26,2014-11-26 13:00:00,14,108.53275,98.11685
2014-11-26,2014-11-26 14:00:00,15,126.31016,104.47751
2014-11-26,2014-11-26 15:00:00,16,130.33757,113.943054
2014-11-26,2014-11-26 16:00:00,17,161.0595,134.08618
2014-11-26,2014-11-26 17:00:00,18,209.73262,146.047
2014-11-26,2014-11-26 18:00:00,19,200.63503,165.38855
2014-11-26,2014-11-26 19:00:00,20,189.1845,167.52652
2014-11-26,2014-11-26 20:00:00,21,166.26003,147.00395
2014-11-26,2014-11-26 21:00:00,22,154.48195,159.91644
2014-11-26,2014-11-26 22:00:00,23,141.73796,150.84492
2014-11-26,2014-11-26 23:00:00,24,140.06017,137.2882
2014-11-27,2014-11-27 00:00:00,1,137.04546,109.816086
2014-11-27,2014-11-27 01:00:00,2,136.377,55.366997
2014-11-27,2014-11-27 02:00:00,3,89.00401,51.5095
2014-11-27,2014-11-27 03:00:00,4,56.73797,51.06952
2014-11-27,2014-11-27 04:00:00,5,53.39238,42.72778
2014-11-27,2014-11-27 05:00:00,6,60.13369,48.32685
2014-11-27,2014-11-27 06:00:00,7,90.09024,55.22543
2014-11-27,2014-11-27 07:00:00,8,94.78275,112.61285
2014-11-27,2014-11-27 08:00:00,9,116.91845,102.060326
2014-11-27,2014-11-27 09:00:00,10,126.64439,96.4157
2014-11-27,2014-11-27 10:00:00,11,110.882355,96.881676
2014-11-27,2014-11-27 11:00:00,12,107.8643,92.55426
2014-11-27,2014-11-27 12:00:00,13,101.82821,86.664154
2014-11-27,2014-11-27 13:00:00,14,93.7734,95.58372
2014-11-27,2014-11-27 14:00:00,15,97.466576,103.08113
2014-11-27,2014-11-27 15:00:00,16,120.27406,116.158356
2014-11-27,2014-11-27 16:00:00,17,117.59024,149.1195
2014-11-27,2014-11-27 17:00:00,18,162.08221,170.15756
2014-11-27,2014-11-27 18:00:00,19,175.37433,179.60681
2014-11-27,2014-11-27 19:00:00,20,171.82152,179.2704
2014-11-27,2014-11-27 20:00:00,21,153.13837,126.87483
2014-11-27,2014-11-27 21:00:00,22,84.29813,141.05545
2014-11-27,2014-11-27 22:00:00,23,134.0274,150.72136
2014-11-27,2014-11-27 23:00:00,24,132.68048,141.39404
2014-11-28,2014-11-28 00:00:00,1,136.70789,118.464165
2014-11-28,2014-11-28 01:00:00,2,140.73529,75.58013
2014-11-28,2014-11-28 02:00:00,3,138.71992,59.2209
2014-11-28,2014-11-28 03:00:00,4,93.36564,62.039803
2014-11-28,2014-11-28 04:00:00,5,50.040108,59.310684
2014-11-28,2014-11-28 05:00:00,6,55.72861,59.307854
2014-11-28,2014-11-28 06:00:00,7,97.75067,53.63105
2014-11-28,2014-11-28 07:00:00,8,119.60227,93.83699
2014-11-28,2014-11-28 08:00:00,9,128.65642,105.50758
2014-11-28,2014-11-28 09:00:00,10,131.67781,99.8616
2014-11-28,2014-11-28 10:00:00,11,109.53877,101.72571
2014-11-28,2014-11-28 11:00:00,12,108.53275,94.94275
2014-11-28,2014-11-28 12:00:00,13,105.84893,88.109085
2014-11-28,2014-11-28 13:00:00,14,94.78275,86.84576
2014-11-28,2014-11-28 14:00:00,15,92.76738,91.270584
2014-11-28,2014-11-28 15:00:00,16,84.565506,97.46241
2014-11-28,2014-11-28 16:00:00,17,117.92112,122.73233
2014-11-28,2014-11-28 17:00:00,18,153.8135,146.29367
2014-11-28,2014-11-28 18:00:00,19,154.81618,160.19182
2014-11-28,2014-11-28 19:00:00,20,141.73462,163.72566
2014-11-28,2014-11-28 20:00:00,21,140.73195,116.918915
2014-11-28,2014-11-28 21:00:00,22,139.05414,104.67908
2014-11-28,2014-11-28 22:00:00,23,131.34358,123.88841
2014-11-28,2014-11-28 23:00:00,24,126.641045,125.06263
2014-11-29,2014-11-29 00:00:00,1,122.28275,107.14574
2014-11-29,2014-11-29 01:00:00,2,108.53275,86.53522
2014-11-29,2014-11-29 02:00:00,3,62.75401,65.99805
2014-11-29,2014-11-29 03:00:00,4,42.687164,62.533844
2014-11-29,2014-11-29 04:00:00,5,40.68182,63.233616
2014-11-29,2014-11-29 05:00:00,6,40.01337,54.651592
2014-11-29,2014-11-29 06:00:00,7,40.01337,53.53091
2014-11-29,2014-11-29 07:00:00,8,35.32754,55.248375
2014-11-29,2014-11-29 08:00:00,9,28.636364,52.92824
2014-11-29,2014-11-29 09:00:00,10,28.30214,45.543716
2014-11-29,2014-11-29 10:00:00,11,27.63369,44.136913
2014-11-29,2014-11-29 11:00:00,12,27.299465,45.14116
2014-11-29,2014-11-29 12:00:00,13,27.967915,42.340523
2014-11-29,2014-11-29 13:00:00,14,27.967915,40.702663
2014-11-29,2014-11-29 14:00:00,15,28.970589,45.249702
2014-11-29,2014-11-29 15:00:00,16,28.970589,44.17315
2014-11-29,2014-11-29 16:00:00,17,29.973263,50.32438
2014-11-29,2014-11-29 17:00:00,18,40.006683,52.245926
2014-11-29,2014-11-29 18:00:00,19,48.368984,56.597687
2014-11-29,2014-11-29 19:00:00,20,43.355614,57.84945
2014-11-29,2014-11-29 20:00:00,21,41.68449,56.059937
2014-11-29,2014-11-29 21:00:00,22,43.02139,58.019753
2014-11-29,2014-11-29 22:00:00,23,39.679146,66.479385
2014-11-29,2014-11-29 23:00:00,24,41.350266,67.03716
2014-11-30,2014-11-30 00:00:00,1,40.01337,40.480057
2014-11-30,2014-11-30 01:00:00,2,41.016045,41.218838
2014-11-30,2014-11-30 02:00:00,3,40.68182,43.311314
2014-11-30,2014-11-30 03:00:00,4,39.34492,39.2667
2014-11-30,2014-11-30 04:00:00,5,40.01337,38.168922
2014-11-30,2014-11-30 05:00:00,6,38.67313,35.783916
2014-11-30,2014-11-30 06:00:00,7,39.010696,32.92172
2014-11-30,2014-11-30 07:00:00,8,34.65575,30.824352
2014-11-30,2014-11-30 08:00:00,9,28.970589,28.113369
2014-11-30,2014-11-30 09:00:00,10,28.30214,29.451591
2014-11-30,2014-11-30 10:00:00,11,28.30214,28.714745
2014-11-30,2014-11-30 11:00:00,12,27.299465,28.275051
2014-11-30,2014-11-30 12:00:00,13,27.967915,27.059296
2014-11-30,2014-11-30 13:00:00,14,28.30214,26.346798
2014-11-30,2014-11-30 14:00:00,15,28.30214,28.031319
2014-11-30,2014-11-30 15:00:00,16,28.636364,29.233799
2014-11-30,2014-11-30 16:00:00,17,29.639038,32.866978
2014-11-30,2014-11-30 17:00:00,18,34.324867,34.772934
2014-11-30,2014-11-30 18:00:00,19,39.010696,38.410053
2014-11-30,2014-11-30 19:00:00,20,38.342247,41.151028
2014-11-30,2014-11-30 20:00:00,21,39.010696,41.24911
2014-11-30,2014-11-30 21:00:00,22,38.342247,41.26204
2014-11-30,2014-11-30 22:00:00,23,38.67647,39.71172
2014-11-30,2014-11-30 23:00:00,24,38.342247,42.23469
2014-12-01,2014-12-01 00:00:00,1,38.338905,37.447598
2014-12-01,2014-12-01 01:00:00,2,38.338905,36.473785
2014-12-01,2014-12-01 02:00:00,3,38.338905,36.707027
2014-12-01,2014-12-01 03:00:00,4,38.33556,40.562515
2014-12-01,2014-12-01 04:00:00,5,38.67647,38.661213
2014-12-01,2014-12-01 05:00:00,6,47.372993,43.081688
2014-12-01,2014-12-01 06:00:00,7,80.48797,55.740974
2014-12-01,2014-12-01 07:00:00,8,84.278076,90.634636
2014-12-01,2014-12-01 08:00:00,9,100.1504,102.714584
2014-12-01,2014-12-01 09:00:00,10,122.954544,115.19909
2014-12-01,2014-12-01 10:00:00,11,109.542114,110.897484
2014-12-01,2014-12-01 11:00:00,12,89.41511,111.373245
2014-12-01,2014-12-01 12:00:00,13,91.09291,110.1295
2014-12-01,2014-12-01 13:00:00,14,86.39706,119.00301
2014-12-01,2014-12-01 14:00:00,15,96.794785,129.6614
2014-12-01,2014-12-01 15:00:00,16,111.550804,140.17525
2014-12-01,2014-12-01 16:00:00,17,111.554146,158.69672
2014-12-01,2014-12-01 17:00:00,18,163.94385,173.45529
2014-12-01,2014-12-01 18:00:00,19,173.84024,187.00743
2014-12-01,2014-12-01 19:00:00,20,157.35294,186.39877
2014-12-01,2014-12-01 20:00:00,21,155.82219,171.75583
2014-12-01,2014-12-01 21:00:00,22,152.80414,169.8099
2014-12-01,2014-12-01 22:00:00,23,142.40642,168.35324
2014-12-01,2014-12-01 23:00:00,24,135.70522,156.47397
2014-12-02,2014-12-02 00:00:00,1,134.36163,77.79651
2014-12-02,2014-12-02 01:00:00,2,139.39171,46.454765
2014-12-02,2014-12-02 02:00:00,3,94.3516,42.653954
2014-12-02,2014-12-02 03:00:00,4,68.78008,43.40576
2014-12-02,2014-12-02 04:00:00,5,64.09091,34.593975
2014-12-02,2014-12-02 05:00:00,6,68.8369,46.524857
2014-12-02,2014-12-02 06:00:00,7,98.135025,80.53429
2014-12-02,2014-12-02 07:00:00,8,92.43316,104.79587
2014-12-02,2014-12-02 08:00:00,9,91.76136,88.53931
2014-12-02,2014-12-02 09:00:00,10,93.44251,88.50972
2014-12-02,2014-12-02 10:00:00,11,84.562164,88.35099
2014-12-02,2014-12-02 11:00:00,12,85.34091,83.58346
2014-12-02,2014-12-02 12:00:00,13,78.8135,83.023224
2014-12-02,2014-12-02 13:00:00,14,72.45989,95.815346
2014-12-02,2014-12-02 14:00:00,15,99.09091,99.10147
2014-12-02,2014-12-02 15:00:00,16,95.4512,110.57207
2014-12-02,2014-12-02 16:00:00,17,138.3857,129.42331
2014-12-02,2014-12-02 17:00:00,18,185.29745,158.84511
2014-12-02,2014-12-02 18:00:00,19,185.14038,176.73857
2014-12-02,2014-12-02 19:00:00,20,169.29144,171.8161
2014-12-02,2014-12-02 20:00:00,21,151.12634,155.98425
2014-12-02,2014-12-02 21:00:00,22,96.01939,157.1948
2014-12-02,2014-12-02 22:00:00,23,138.71992,148.65352
2014-12-02,2014-12-02 23:00:00,24,127.31618,140.89197
2014-12-03,2014-12-03 00:00:00,1,122.62032,111.45599
2014-12-03,2014-12-03 01:00:00,2,138.71992,70.79757
2014-12-03,2014-12-03 02:00:00,3,110.87901,69.623634
2014-12-03,2014-12-03 03:00:00,4,85.0,69.20572
2014-12-03,2014-12-03 04:00:00,5,73.46257,58.37088
2014-12-03,2014-12-03 05:00:00,6,68.8369,64.16222
2014-12-03,2014-12-03 06:00:00,7,88.74666,66.4731
2014-12-03,2014-12-03 07:00:00,8,90.42447,112.05934
2014-12-03,2014-12-03 08:00:00,9,93.10829,97.13998
2014-12-03,2014-12-03 09:00:00,10,100.14706,90.57006
2014-12-03,2014-12-03 10:00:00,11,72.79078,91.922844
2014-12-03,2014-12-03 11:00:00,12,62.75401,82.593666
2014-12-03,2014-12-03 12:00:00,13,75.13369,73.0858
2014-12-03,2014-12-03 13:00:00,14,77.80749,78.46862
2014-12-03,2014-12-03 14:00:00,15,85.29078,85.12128
2014-12-03,2014-12-03 15:00:00,16,87.643715,95.650406
2014-12-03,2014-12-03 16:00:00,17,109.876335,131.50989
2014-12-03,2014-12-03 17:00:00,18,167.26604,155.87239
2014-12-03,2014-12-03 18:00:00,19,175.03676,164.94476
2014-12-03,2014-12-03 19:00:00,20,164.39505,166.69887
2014-12-03,2014-12-03 20:00:00,21,154.14438,118.14176
2014-12-03,2014-12-03 21:00:00,22,84.91644,131.92548
2014-12-03,2014-12-03 22:00:00,23,131.00601,142.16649
2014-12-03,2014-12-03 23:00:00,24,134.02406,134.80019
2014-12-04,2014-12-04 00:00:00,1,131.67781,124.11372
2014-12-04,2014-12-04 01:00:00,2,131.67447,88.37647
2014-12-04,2014-12-04 02:00:00,3,109.53877,71.76566
2014-12-04,2014-12-04 03:00:00,4,84.278076,74.78485
2014-12-04,2014-12-04 04:00:00,5,74.13102,67.72999
2014-12-04,2014-12-04 05:00:00,6,68.83356,70.0111
2014-12-04,2014-12-04 06:00:00,7,89.74933,63.287807
2014-12-04,2014-12-04 07:00:00,8,89.41511,93.46843
2014-12-04,2014-12-04 08:00:00,9,96.45722,99.84991
2014-12-04,2014-12-04 09:00:00,10,97.800804,92.32691
2014-12-04,2014-12-04 10:00:00,11,96.46056,93.93748
2014-12-04,2014-12-04 11:00:00,12,85.56484,84.56425
2014-12-04,2014-12-04 12:00:00,13,79.542114,75.19579
2014-12-04,2014-12-04 13:00:00,14,74.46524,74.52649
2014-12-04,2014-12-04 14:00:00,15,74.13102,81.81414
2014-12-04,2014-12-04 15:00:00,16,96.06952,90.20884
2014-12-04,2014-12-04 16:00:00,17,110.21056,120.79675
2014-12-04,2014-12-04 17:00:00,18,147.10228,147.70714
2014-12-04,2014-12-04 18:00:00,19,146.76805,162.68695
2014-12-04,2014-12-04 19:00:00,20,143.41577,168.40686
2014-12-04,2014-12-04 20:00:00,21,138.05147,127.670944
2014-12-04,2014-12-04 21:00:00,22,73.536095,119.284706
2014-12-04,2014-12-04 22:00:00,23,126.641045,133.99579
2014-12-04,2014-12-04 23:00:00,24,128.32219,137.07236
2014-12-05,2014-12-05 00:00:00,1,130.6718,127.422424
2014-12-05,2014-12-05 01:00:00,2,174.35495,100.24237
2014-12-05,2014-12-05 02:00:00,3,195.24733,70.48433
2014-12-05,2014-12-05 03:00:00,4,190.52808,72.86426
2014-12-05,2014-12-05 04:00:00,5,120.27406,74.76979
2014-12-05,2014-12-05 05:00:00,6,110.213905,68.646904
2014-12-05,2014-12-05 06:00:00,7,118.5996,58.645493
2014-12-05,2014-12-05 07:00:00,8,108.87032,75.41876
2014-12-05,2014-12-05 08:00:00,9,98.803474,101.36128
2014-12-05,2014-12-05 09:00:00,10,98.806816,87.75162
2014-12-05,2014-12-05 10:00:00,11,83.893715,88.4762
2014-12-05,2014-12-05 11:00:00,12,82.49666,83.39383
2014-12-05,2014-12-05 12:00:00,13,84.95321,77.843834
2014-12-05,2014-12-05 13:00:00,14,76.47059,76.3082
2014-12-05,2014-12-05 14:00:00,15,90.75869,86.99031
2014-12-05,2014-12-05 15:00:00,16,113.90374,92.78033
2014-12-05,2014-12-05 16:00:00,17,113.90374,109.83464
2014-12-05,2014-12-05 17:00:00,18,137.71056,125.61131
2014-12-05,2014-12-05 18:00:00,19,156.83156,143.74562
2014-12-05,2014-12-05 19:00:00,20,152.13235,145.34213
2014-12-05,2014-12-05 20:00:00,21,141.06618,120.17608
2014-12-05,2014-12-05 21:00:00,22,131.34024,101.11275
2014-12-05,2014-12-05 22:00:00,23,138.72327,121.747154
2014-12-05,2014-12-05 23:00:00,24,139.38837,124.58706
2014-12-06,2014-12-06 00:00:00,1,128.31885,126.86444
2014-12-06,2014-12-06 01:00:00,2,124.29144,126.39811
2014-12-06,2014-12-06 02:00:00,3,103.8369,99.43208
2014-12-06,2014-12-06 03:00:00,4,78.8135,74.53433
2014-12-06,2014-12-06 04:00:00,5,67.77406,67.77714
2014-12-06,2014-12-06 05:00:00,6,55.063503,59.338394
2014-12-06,2014-12-06 06:00:00,7,48.03476,62.45666
2014-12-06,2014-12-06 07:00:00,8,38.001335,57.273926
2014-12-06,2014-12-06 08:00:00,9,24.959892,51.156845
2014-12-06,2014-12-06 09:00:00,10,26.631016,48.88307
2014-12-06,2014-12-06 10:00:00,11,25.294117,44.762615
2014-12-06,2014-12-06 11:00:00,12,25.294117,44.13385
2014-12-06,2014-12-06 12:00:00,13,25.294117,42.057747
2014-12-06,2014-12-06 13:00:00,14,24.625668,43.39171
2014-12-06,2014-12-06 14:00:00,15,24.959892,44.998177
2014-12-06,2014-12-06 15:00:00,16,25.294117,45.67798
2014-12-06,2014-12-06 16:00:00,17,27.299465,48.08716
2014-12-06,2014-12-06 17:00:00,18,32.984627,50.09868
2014-12-06,2014-12-06 18:00:00,19,38.00468,51.124733
2014-12-06,2014-12-06 19:00:00,20,37.329544,47.710114
2014-12-06,2014-12-06 20:00:00,21,37.33289,55.07303
2014-12-06,2014-12-06 21:00:00,22,36.657753,62.346497
2014-12-06,2014-12-06 22:00:00,23,35.989304,58.210182
2014-12-06,2014-12-06 23:00:00,24,35.65508,61.59948
2014-12-07,2014-12-07 00:00:00,1,35.320854,35.536037
2014-12-07,2014-12-07 01:00:00,2,34.98663,37.862812
2014-12-07,2014-12-07 02:00:00,3,35.320854,39.29967
2014-12-07,2014-12-07 03:00:00,4,35.320854,36.247246
2014-12-07,2014-12-07 04:00:00,5,35.65508,35.55019
2014-12-07,2014-12-07 05:00:00,6,37.329544,32.01609
2014-12-07,2014-12-07 06:00:00,7,39.34158,31.068909
2014-12-07,2014-12-07 07:00:00,8,37.66711,27.993824
2014-12-07,2014-12-07 08:00:00,9,32.312836,26.095993
2014-12-07,2014-12-07 09:00:00,10,26.96524,28.421387
2014-12-07,2014-12-07 10:00:00,11,24.291445,26.22092
2014-12-07,2014-12-07 11:00:00,12,23.95722,23.30782
2014-12-07,2014-12-07 12:00:00,13,24.291445,19.656052
2014-12-07,2014-12-07 13:00:00,14,24.959892,18.631393
2014-12-07,2014-12-07 14:00:00,15,24.625668,19.097504
2014-12-07,2014-12-07 15:00:00,16,25.628342,21.261166
2014-12-07,2014-12-07 16:00:00,17,25.962566,24.00967
2014-12-07,2014-12-07 17:00:00,18,30.975935,28.232918
2014-12-07,2014-12-07 18:00:00,19,35.65508,26.532127
2014-12-07,2014-12-07 19:00:00,20,35.320854,26.980831
2014-12-07,2014-12-07 20:00:00,21,35.989304,29.41885
2014-12-07,2014-12-07 21:00:00,22,35.320854,31.300636
2014-12-07,2014-12-07 22:00:00,23,34.98663,30.31659
2014-12-07,2014-12-07 23:00:00,24,34.98663,34.838036
2014-12-08,2014-12-08 00:00:00,1,35.320854,33.580418
2014-12-08,2014-12-08 01:00:00,2,34.98663,32.56714
2014-12-08,2014-12-08 02:00:00,3,34.98663,34.509808
2014-12-08,2014-12-08 03:00:00,4,35.320854,32.183716
2014-12-08,2014-12-08 04:00:00,5,36.991978,40.0775
2014-12-08,2014-12-08 05:00:00,6,45.360962,37.21539
2014-12-08,2014-12-08 06:00:00,7,70.78877,39.495026
2014-12-08,2014-12-08 07:00:00,8,70.11698,65.111755
2014-12-08,2014-12-08 08:00:00,9,82.8877,78.647354
2014-12-08,2014-12-08 09:00:00,10,104.50869,109.590225
2014-12-08,2014-12-08 10:00:00,11,106.12968,103.88381
2014-12-08,2014-12-08 11:00:00,12,84.61564,109.68828
2014-12-08,2014-12-08 12:00:00,13,86.68115,113.43742
2014-12-08,2014-12-08 13:00:00,14,77.13904,110.236465
2014-12-08,2014-12-08 14:00:00,15,70.4512,117.01297
2014-12-08,2014-12-08 15:00:00,16,100.7754,126.730865
2014-12-08,2014-12-08 16:00:00,17,127.65374,140.33994
2014-12-08,2014-12-08 17:00:00,18,168.13168,151.29462
2014-12-08,2014-12-08 18:00:00,19,164.39505,169.55328
2014-12-08,2014-12-08 19:00:00,20,147.09894,183.82742
2014-12-08,2014-12-08 20:00:00,21,140.06017,178.78217
2014-12-08,2014-12-08 21:00:00,22,76.20655,173.15616
2014-12-08,2014-12-08 22:00:00,23,130.0,154.0596
2014-12-08,2014-12-08 23:00:00,24,128.31885,170.38571
2014-12-09,2014-12-09 00:00:00,1,126.641045,108.17102
2014-12-09,2014-12-09 01:00:00,2,113.23195,61.52638
2014-12-09,2014-12-09 02:00:00,3,72.242645,62.714005
2014-12-09,2014-12-09 03:00:00,4,52.72059,59.121468
2014-12-09,2014-12-09 04:00:00,5,50.374332,47.37808
2014-12-09,2014-12-09 05:00:00,6,57.403076,55.814507
2014-12-09,2014-12-09 06:00:00,7,82.83422,60.291073
2014-12-09,2014-12-09 07:00:00,8,90.75869,102.40033
2014-12-09,2014-12-09 08:00:00,9,100.481285,81.86074
2014-12-09,2014-12-09 09:00:00,10,112.56016,84.05719
2014-12-09,2014-12-09 10:00:00,11,114.23463,86.01671
2014-12-09,2014-12-09 11:00:00,12,104.17447,70.53273
2014-12-09,2014-12-09 12:00:00,13,105.85227,65.81809
2014-12-09,2014-12-09 13:00:00,14,94.11096,73.153694
2014-12-09,2014-12-09 14:00:00,15,99.141045,77.36935
2014-12-09,2014-12-09 15:00:00,16,121.6143,88.79513
2014-12-09,2014-12-09 16:00:00,17,118.25869,118.26395
2014-12-09,2014-12-09 17:00:00,18,152.46992,147.30817
2014-12-09,2014-12-09 18:00:00,19,161.38368,156.89798
2014-12-09,2014-12-09 19:00:00,20,177.39305,157.73607
2014-12-09,2014-12-09 20:00:00,21,159.85294,104.05151
2014-12-09,2014-12-09 21:00:00,22,144.75267,120.65681
2014-12-09,2014-12-09 22:00:00,23,132.01204,131.17737
2014-12-09,2014-12-09 23:00:00,24,125.63837,128.90096
2014-12-10,2014-12-10 00:00:00,1,131.00601,97.38829
2014-12-10,2014-12-10 01:00:00,2,153.14505,59.355633
2014-12-10,2014-12-10 02:00:00,3,112.89439,49.419052
2014-12-10,2014-12-10 03:00:00,4,87.687164,51.745853
2014-12-10,2014-12-10 04:00:00,5,73.79679,46.380512
2014-12-10,2014-12-10 05:00:00,6,72.85428,49.269497
2014-12-10,2014-12-10 06:00:00,7,90.08356,56.830196
2014-12-10,2014-12-10 07:00:00,8,97.466576,98.69372
2014-12-10,2014-12-10 08:00:00,9,101.15642,96.288956
2014-12-10,2014-12-10 09:00:00,10,101.82487,91.55638
2014-12-10,2014-12-10 10:00:00,11,103.50267,91.115616
2014-12-10,2014-12-10 11:00:00,12,80.1504,90.11827
2014-12-10,2014-12-10 12:00:00,13,84.95321,82.829575
2014-12-10,2014-12-10 13:00:00,14,80.48463,87.66664
2014-12-10,2014-12-10 14:00:00,15,84.2246,95.24278
2014-12-10,2014-12-10 15:00:00,16,94.11096,103.56578
2014-12-10,2014-12-10 16:00:00,17,136.70454,125.58023
2014-12-10,2014-12-10 17:00:00,18,180.59827,145.69695
2014-12-10,2014-12-10 18:00:00,19,170.63503,163.9547
2014-12-10,2014-12-10 19:00:00,20,157.16243,174.28279
2014-12-10,2014-12-10 20:00:00,21,151.123,143.04132
2014-12-10,2014-12-10 21:00:00,22,92.33957,144.0628
2014-12-10,2014-12-10 22:00:00,23,133.35562,147.10666
2014-12-10,2014-12-10 23:00:00,24,126.31016,133.7694
2014-12-11,2014-12-11 00:00:00,1,131.34358,117.61443
2014-12-11,2014-12-11 01:00:00,2,131.67447,81.18336
2014-12-11,2014-12-11 02:00:00,3,119.26805,73.19942
2014-12-11,2014-12-11 03:00:00,4,97.12901,75.1691
2014-12-11,2014-12-11 04:00:00,5,88.02139,65.95878
2014-12-11,2014-12-11 05:00:00,6,83.89706,68.5269
2014-12-11,2014-12-11 06:00:00,7,87.96791,65.32933
2014-12-11,2014-12-11 07:00:00,8,92.77072,104.25079
2014-12-11,2014-12-11 08:00:00,9,115.58155,100.553665
2014-12-11,2014-12-11 09:00:00,10,109.876335,92.6767
2014-12-11,2014-12-11 10:00:00,11,93.77674,94.43634
2014-12-11,2014-12-11 11:00:00,12,83.95053,85.35394
2014-12-11,2014-12-11 12:00:00,13,69.11096,76.566956
2014-12-11,2014-12-11 13:00:00,14,66.43382,79.39827
2014-12-11,2014-12-11 14:00:00,15,69.44853,83.57726
2014-12-11,2014-12-11 15:00:00,16,109.15441,91.89191
2014-12-11,2014-12-11 16:00:00,17,134.36163,125.91443
2014-12-11,2014-12-11 17:00:00,18,174.2012,151.62802
2014-12-11,2014-12-11 18:00:00,19,176.04613,162.86877
2014-12-11,2014-12-11 19:00:00,20,168.95053,163.80716
2014-12-11,2014-12-11 20:00:00,21,156.83156,119.830025
2014-12-11,2014-12-11 21:00:00,22,143.74666,123.65015
2014-12-11,2014-12-11 22:00:00,23,140.73529,137.9376
2014-12-11,2014-12-11 23:00:00,24,128.65642,134.64488
2014-12-12,2014-12-12 00:00:00,1,126.31016,133.49512
2014-12-12,2014-12-12 01:00:00,2,134.35829,115.24635
2014-12-12,2014-12-12 02:00:00,3,112.222595,73.80021
2014-12-12,2014-12-12 03:00:00,4,92.42981,71.40713
2014-12-12,2014-12-12 04:00:00,5,82.21925,66.30431
2014-12-12,2014-12-12 05:00:00,6,80.89572,66.15045
2014-12-12,2014-12-12 06:00:00,7,99.475266,59.54723
2014-12-12,2014-12-12 07:00:00,8,102.83088,71.85247
2014-12-12,2014-12-12 08:00:00,9,100.81885,110.14046
2014-12-12,2014-12-12 09:00:00,10,95.792114,97.86181
2014-12-12,2014-12-12 10:00:00,11,88.74332,91.005745
2014-12-12,2014-12-12 11:00:00,12,90.033424,84.383415
2014-12-12,2014-12-12 12:00:00,13,78.60294,79.65019
2014-12-12,2014-12-12 13:00:00,14,80.277405,80.25085
2014-12-12,2014-12-12 14:00:00,15,108.53275,80.780914
2014-12-12,2014-12-12 15:00:00,16,121.94853,94.89451
2014-12-12,2014-12-12 16:00:00,17,120.27072,115.46709
2014-12-12,2014-12-12 17:00:00,18,170.48462,141.61707
2014-12-12,2014-12-12 18:00:00,19,158.1718,157.81026
2014-12-12,2014-12-12 19:00:00,20,155.82553,157.65952
2014-12-12,2014-12-12 20:00:00,21,147.09894,142.4169
2014-12-12,2014-12-12 21:00:00,22,77.88102,120.579346
2014-12-12,2014-12-12 22:00:00,23,121.6143,147.60048
2014-12-12,2014-12-12 23:00:00,24,121.6143,141.82552
2014-12-13,2014-12-13 00:00:00,1,114.90976,117.56792
2014-12-13,2014-12-13 01:00:00,2,121.6143,98.92804
2014-12-13,2014-12-13 02:00:00,3,97.35963,75.14132
2014-12-13,2014-12-13 03:00:00,4,76.13636,68.974266
2014-12-13,2014-12-13 04:00:00,5,67.10561,73.07272
2014-12-13,2014-12-13 05:00:00,6,56.734627,61.18826
2014-12-13,2014-12-13 06:00:00,7,52.386364,55.898758
2014-12-13,2014-12-13 07:00:00,8,44.692513,49.173653
2014-12-13,2014-12-13 08:00:00,9,28.636364,46.742165
2014-12-13,2014-12-13 09:00:00,10,26.631016,43.3873
2014-12-13,2014-12-13 10:00:00,11,26.296791,49.000973
2014-12-13,2014-12-13 11:00:00,12,25.962566,50.700775
2014-12-13,2014-12-13 12:00:00,13,25.628342,50.116547
2014-12-13,2014-12-13 13:00:00,14,26.296791,46.16481
2014-12-13,2014-12-13 14:00:00,15,26.631016,51.09148
2014-12-13,2014-12-13 15:00:00,16,26.631016,47.997288
2014-12-13,2014-12-13 16:00:00,17,27.63369,54.421074
2014-12-13,2014-12-13 17:00:00,18,37.33289,53.26693
2014-12-13,2014-12-13 18:00:00,19,36.657753,59.840664
2014-12-13,2014-12-13 19:00:00,20,36.32353,60.769936
2014-12-13,2014-12-13 20:00:00,21,36.657753,61.458813
2014-12-13,2014-12-13 21:00:00,22,35.989304,60.44771
2014-12-13,2014-12-13 22:00:00,23,36.657753,59.728157
2014-12-13,2014-12-13 23:00:00,24,35.989304,62.07324
2014-12-14,2014-12-14 00:00:00,1,36.32687,35.366096
2014-12-14,2014-12-14 01:00:00,2,35.989304,36.886005
2014-12-14,2014-12-14 02:00:00,3,36.32687,39.03215
2014-12-14,2014-12-14 03:00:00,4,35.65508,36.627125
2014-12-14,2014-12-14 04:00:00,5,35.65508,36.053864
2014-12-14,2014-12-14 05:00:00,6,35.65508,33.207012
2014-12-14,2014-12-14 06:00:00,7,36.32687,30.979385
2014-12-14,2014-12-14 07:00:00,8,41.350266,28.460495
2014-12-14,2014-12-14 08:00:00,9,36.998665,25.89835
2014-12-14,2014-12-14 09:00:00,10,28.970589,27.315464
2014-12-14,2014-12-14 10:00:00,11,25.294117,25.390675
2014-12-14,2014-12-14 11:00:00,12,25.294117,24.83942
2014-12-14,2014-12-14 12:00:00,13,25.294117,22.960197
2014-12-14,2014-12-14 13:00:00,14,25.628342,22.203316
2014-12-14,2014-12-14 14:00:00,15,25.628342,23.273335
2014-12-14,2014-12-14 15:00:00,16,26.631016,24.433334
2014-12-14,2014-12-14 16:00:00,17,26.296791,27.182514
2014-12-14,2014-12-14 17:00:00,18,32.312836,29.813152
2014-12-14,2014-12-14 18:00:00,19,35.989304,31.173676
2014-12-14,2014-12-14 19:00:00,20,35.989304,33.635986
2014-12-14,2014-12-14 20:00:00,21,35.989304,34.831062
2014-12-14,2014-12-14 21:00:00,22,35.65508,35.374332
2014-12-14,2014-12-14 22:00:00,23,35.320854,34.534084
2014-12-14,2014-12-14 23:00:00,24,35.320854,36.910183
2014-12-15,2014-12-15 00:00:00,1,35.65508,34.11766
2014-12-15,2014-12-15 01:00:00,2,35.320854,32.84429
2014-12-15,2014-12-15 02:00:00,3,35.65508,34.622513
2014-12-15,2014-12-15 03:00:00,4,35.65508,31.556892
2014-12-15,2014-12-15 04:00:00,5,36.661095,40.04342
2014-12-15,2014-12-15 05:00:00,6,45.695187,37.134
2014-12-15,2014-12-15 06:00:00,7,76.47059,40.272247
2014-12-15,2014-12-15 07:00:00,8,85.28743,64.83433
2014-12-15,2014-12-15 08:00:00,9,100.14706,77.794426
2014-12-15,2014-12-15 09:00:00,10,92.43316,109.41289
2014-12-15,2014-12-15 10:00:00,11,92.09893,104.72316
2014-12-15,2014-12-15 11:00:00,12,73.79679,110.743614
2014-12-15,2014-12-15 12:00:00,13,85.0,115.08618
2014-12-15,2014-12-15 13:00:00,14,80.481285,111.26242
2014-12-15,2014-12-15 14:00:00,15,96.794785,118.23334
2014-12-15,2014-12-15 15:00:00,16,105.17714,127.873085
2014-12-15,2014-12-15 16:00:00,17,145.76204,141.93251
2014-12-15,2014-12-15 17:00:00,18,194.23128,152.68466
2014-12-15,2014-12-15 18:00:00,19,181.0996,170.93604
2014-12-15,2014-12-15 19:00:00,20,167.93784,184.39249
2014-12-15,2014-12-15 20:00:00,21,158.50601,180.74713
2014-12-15,2014-12-15 21:00:00,22,87.25267,174.2183
2014-12-15,2014-12-15 22:00:00,23,130.66844,153.54317
2014-12-15,2014-12-15 23:00:00,24,125.300804,172.0679
2014-12-16,2014-12-16 00:00:00,1,122.28275,109.66984
2014-12-16,2014-12-16 01:00:00,2,127.31618,61.561016
2014-12-16,2014-12-16 02:00:00,3,112.556816,61.70375
2014-12-16,2014-12-16 03:00:00,4,93.44251,59.31997
2014-12-16,2014-12-16 04:00:00,5,86.00936,46.70907
2014-12-16,2014-12-16 05:00:00,6,83.56618,55.298523
2014-12-16,2014-12-16 06:00:00,7,98.46925,56.944466
2014-12-16,2014-12-16 07:00:00,8,99.14439,108.067154
2014-12-16,2014-12-16 08:00:00,9,89.699196,91.47263
2014-12-16,2014-12-16 09:00:00,10,89.699196,92.241066
2014-12-16,2014-12-16 10:00:00,11,63.09158,92.38835
2014-12-16,2014-12-16 11:00:00,12,59.0742,79.17054
2014-12-16,2014-12-16 12:00:00,13,66.0996,72.93663
2014-12-16,2014-12-16 13:00:00,14,67.43984,79.5392
2014-12-16,2014-12-16 14:00:00,15,87.02206,80.977776
2014-12-16,2014-12-16 15:00:00,16,93.77674,92.815285
2014-12-16,2014-12-16 16:00:00,17,104.50869,127.00026
2014-12-16,2014-12-16 17:00:00,18,149.97661,156.32446
2014-12-16,2014-12-16 18:00:00,19,159.8496,165.1692
2014-12-16,2014-12-16 19:00:00,20,153.14171,166.6225
2014-12-16,2014-12-16 20:00:00,21,142.74733,105.92755
2014-12-16,2014-12-16 21:00:00,22,129.66243,122.100006
2014-12-16,2014-12-16 22:00:00,23,125.972595,136.55556
2014-12-16,2014-12-16 23:00:00,24,119.26471,131.14722
2014-12-17,2014-12-17 00:00:00,1,120.26738,114.40784
2014-12-17,2014-12-17 01:00:00,2,127.64706,96.24369
2014-12-17,2014-12-17 02:00:00,3,104.17447,65.047714
2014-12-17,2014-12-17 03:00:00,4,82.21591,65.57105
2014-12-17,2014-12-17 04:00:00,5,72.79412,66.694275
2014-12-17,2014-12-17 05:00:00,6,70.84225,63.204033
2014-12-17,2014-12-17 06:00:00,7,82.54679,58.190163
2014-12-17,2014-12-17 07:00:00,8,95.11698,79.37709
2014-12-17,2014-12-17 08:00:00,9,98.806816,104.970726
2014-12-17,2014-12-17 09:00:00,10,100.14706,93.1701
2014-12-17,2014-12-17 10:00:00,11,95.11698,91.61199
2014-12-17,2014-12-17 11:00:00,12,75.13035,91.65922
2014-12-17,2014-12-17 12:00:00,13,88.30214,92.328735
2014-12-17,2014-12-17 13:00:00,14,90.42112,92.29454
2014-12-17,2014-12-17 14:00:00,15,89.41845,100.50088
2014-12-17,2014-12-17 15:00:00,16,101.15642,108.899155
2014-12-17,2014-12-17 16:00:00,17,138.38235,124.948944
2014-12-17,2014-12-17 17:00:00,18,169.81952,139.89615
2014-12-17,2014-12-17 18:00:00,19,165.58824,156.43243
2014-12-17,2014-12-17 19:00:00,20,150.79211,162.89584
2014-12-17,2014-12-17 20:00:00,21,138.3857,153.48564
2014-12-17,2014-12-17 21:00:00,22,127.312836,130.31468
2014-12-17,2014-12-17 22:00:00,23,129.66243,150.20853
2014-12-17,2014-12-17 23:00:00,24,139.38837,136.64787
2014-12-18,2014-12-18 00:00:00,1,138.38235,120.25384
2014-12-18,2014-12-18 01:00:00,2,154.14772,77.318436
2014-12-18,2014-12-18 02:00:00,3,135.36765,71.73497
2014-12-18,2014-12-18 03:00:00,4,105.51471,72.13716
2014-12-18,2014-12-18 04:00:00,5,88.358955,65.07353
2014-12-18,2014-12-18 05:00:00,6,77.20588,67.12178
2014-12-18,2014-12-18 06:00:00,7,100.14706,65.97706
2014-12-18,2014-12-18 07:00:00,8,99.812836,109.042816
2014-12-18,2014-12-18 08:00:00,9,91.03944,102.36513
2014-12-18,2014-12-18 09:00:00,10,93.77674,93.52885
2014-12-18,2014-12-18 10:00:00,11,81.94184,95.84848
2014-12-18,2014-12-18 11:00:00,12,68.78008,89.233925
2014-12-18,2014-12-18 12:00:00,13,80.54144,80.92756
2014-12-18,2014-12-18 13:00:00,14,75.80214,86.50539
2014-12-18,2014-12-18 14:00:00,15,71.11965,92.49492
2014-12-18,2014-12-18 15:00:00,16,102.16578,101.64862
2014-12-18,2014-12-18 16:00:00,17,110.54813,131.98012
2014-12-18,2014-12-18 17:00:00,18,151.98529,152.9809
2014-12-18,2014-12-18 18:00:00,19,158.17514,168.20369
2014-12-18,2014-12-18 19:00:00,20,144.75601,167.7837
2014-12-18,2014-12-18 20:00:00,21,135.3643,126.28414
2014-12-18,2014-12-18 21:00:00,22,127.98463,134.78723
2014-12-18,2014-12-18 22:00:00,23,134.0274,143.09027
2014-12-18,2014-12-18 23:00:00,24,139.38837,144.09427
2014-12-19,2014-12-19 00:00:00,1,144.75267,129.27728
2014-12-19,2014-12-19 01:00:00,2,156.01604,102.661476
2014-12-19,2014-12-19 02:00:00,3,112.222595,75.435684
2014-12-19,2014-12-19 03:00:00,4,84.278076,75.56934
2014-12-19,2014-12-19 04:00:00,5,70.4512,76.112114
2014-12-19,2014-12-19 05:00:00,6,70.84893,70.60116
2014-12-19,2014-12-19 06:00:00,7,93.43583,63.64382
2014-12-19,2014-12-19 07:00:00,8,95.11698,80.28021
2014-12-19,2014-12-19 08:00:00,9,93.77674,100.0086
2014-12-19,2014-12-19 09:00:00,10,87.74064,85.07155
2014-12-19,2014-12-19 10:00:00,11,81.2734,85.0424
2014-12-19,2014-12-19 11:00:00,12,62.419785,82.58952
2014-12-19,2014-12-19 12:00:00,13,69.11096,76.55584
2014-12-19,2014-12-19 13:00:00,14,80.14706,79.86893
2014-12-19,2014-12-19 14:00:00,15,77.4766,89.16092
2014-12-19,2014-12-19 15:00:00,16,97.41644,96.4745
2014-12-19,2014-12-19 16:00:00,17,112.556816,111.39724
2014-12-19,2014-12-19 17:00:00,18,163.92046,125.76009
2014-12-19,2014-12-19 18:00:00,19,158.1718,147.10979
2014-12-19,2014-12-19 19:00:00,20,149.78276,150.76189
2014-12-19,2014-12-19 20:00:00,21,131.00935,133.14514
2014-12-19,2014-12-19 21:00:00,22,75.20388,120.59661
2014-12-19,2014-12-19 22:00:00,23,127.312836,134.42177
2014-12-19,2014-12-19 23:00:00,24,123.96056,137.43362
2014-12-20,2014-12-20 00:00:00,1,120.945854,117.130066
2014-12-20,2014-12-20 01:00:00,2,116.58422,93.29039
2014-12-20,2014-12-20 02:00:00,3,115.57821,64.087524
2014-12-20,2014-12-20 03:00:00,4,92.09893,59.79694
2014-12-20,2014-12-20 04:00:00,5,79.48195,63.18911
2014-12-20,2014-12-20 05:00:00,6,67.777405,50.27319
2014-12-20,2014-12-20 06:00:00,7,58.743317,44.67572
2014-12-20,2014-12-20 07:00:00,8,49.375,43.05504
2014-12-20,2014-12-20 08:00:00,9,31.97861,42.05909
2014-12-20,2014-12-20 09:00:00,10,29.304813,35.38559
2014-12-20,2014-12-20 10:00:00,11,27.299465,37.224506
2014-12-20,2014-12-20 11:00:00,12,26.96524,38.77049
2014-12-20,2014-12-20 12:00:00,13,27.299465,35.793297
2014-12-20,2014-12-20 13:00:00,14,26.96524,31.754833
2014-12-20,2014-12-20 14:00:00,15,26.96524,39.61259
2014-12-20,2014-12-20 15:00:00,16,27.967915,36.92364
2014-12-20,2014-12-20 16:00:00,17,27.967915,45.02899
2014-12-20,2014-12-20 17:00:00,18,33.31885,46.957603
2014-12-20,2014-12-20 18:00:00,19,38.00468,51.972134
2014-12-20,2014-12-20 19:00:00,20,37.66711,52.394012
2014-12-20,2014-12-20 20:00:00,21,38.001335,49.828133
2014-12-20,2014-12-20 21:00:00,22,37.329544,52.18045
2014-12-20,2014-12-20 22:00:00,23,37.329544,56.5633
2014-12-20,2014-12-20 23:00:00,24,37.329544,55.458286
2014-12-21,2014-12-21 00:00:00,1,37.329544,36.63032
2014-12-21,2014-12-21 01:00:00,2,37.329544,38.63915
2014-12-21,2014-12-21 02:00:00,3,36.991978,40.475437
2014-12-21,2014-12-21 03:00:00,4,37.33289,38.19498
2014-12-21,2014-12-21 04:00:00,5,37.66711,37.780354
2014-12-21,2014-12-21 05:00:00,6,37.329544,34.89483
2014-12-21,2014-12-21 06:00:00,7,40.68182,33.353283
2014-12-21,2014-12-21 07:00:00,8,43.355614,30.383938
2014-12-21,2014-12-21 08:00:00,9,36.66444,28.0993
2014-12-21,2014-12-21 09:00:00,10,29.639038,29.77362
2014-12-21,2014-12-21 10:00:00,11,28.636364,27.438423
2014-12-21,2014-12-21 11:00:00,12,27.63369,25.732841
2014-12-21,2014-12-21 12:00:00,13,26.296791,23.159012
2014-12-21,2014-12-21 13:00:00,14,26.96524,22.415817
2014-12-21,2014-12-21 14:00:00,15,27.299465,22.994438
2014-12-21,2014-12-21 15:00:00,16,27.63369,24.479069
2014-12-21,2014-12-21 16:00:00,17,27.967915,26.948112
2014-12-21,2014-12-21 17:00:00,18,32.650402,30.314266
2014-12-21,2014-12-21 18:00:00,19,37.66711,30.148956
2014-12-21,2014-12-21 19:00:00,20,37.66711,31.948341
2014-12-21,2014-12-21 20:00:00,21,38.00468,33.959034
2014-12-21,2014-12-21 21:00:00,22,36.99532,35.63406
2014-12-21,2014-12-21 22:00:00,23,36.99532,35.124836
2014-12-21,2014-12-21 23:00:00,24,36.99532,38.013214
2014-12-22,2014-12-22 00:00:00,1,37.329544,36.10211
2014-12-22,2014-12-22 01:00:00,2,36.99532,35.03558
2014-12-22,2014-12-22 02:00:00,3,36.99532,36.252697
2014-12-22,2014-12-22 03:00:00,4,36.661095,33.074966
2014-12-22,2014-12-22 04:00:00,5,38.338905,41.978836
2014-12-22,2014-12-22 05:00:00,6,48.375668,38.743782
2014-12-22,2014-12-22 06:00:00,7,80.14706,41.013657
2014-12-22,2014-12-22 07:00:00,8,88.97393,62.889465
2014-12-22,2014-12-22 08:00:00,9,91.76471,75.30154
2014-12-22,2014-12-22 09:00:00,10,101.821526,107.49464
2014-12-22,2014-12-22 10:00:00,11,92.09559,105.197395
2014-12-22,2014-12-22 11:00:00,12,95.78877,112.75497
2014-12-22,2014-12-22 12:00:00,13,78.86698,117.73138
2014-12-22,2014-12-22 13:00:00,14,68.78008,112.734055
2014-12-22,2014-12-22 14:00:00,15,85.28743,118.95896
2014-12-22,2014-12-22 15:00:00,16,123.963905,128.23936
2014-12-22,2014-12-22 16:00:00,17,127.312836,140.94609
2014-12-22,2014-12-22 17:00:00,18,140.06017,150.98119
2014-12-22,2014-12-22 18:00:00,19,151.4639,169.32861
2014-12-22,2014-12-22 19:00:00,20,145.76204,185.25351
2014-12-22,2014-12-22 20:00:00,21,148.78342,184.03168
2014-12-22,2014-12-22 21:00:00,22,144.4218,176.59036
2014-12-22,2014-12-22 22:00:00,23,128.31885,154.8428
2014-12-22,2014-12-22 23:00:00,24,125.300804,174.25046
2014-12-23,2014-12-23 00:00:00,1,123.96056,77.45811
2014-12-23,2014-12-23 01:00:00,2,124.963234,55.241936
2014-12-23,2014-12-23 02:00:00,3,84.96992,50.675644
2014-12-23,2014-12-23 03:00:00,4,59.07754,48.892693
2014-12-23,2014-12-23 04:00:00,5,55.066845,45.15744
2014-12-23,2014-12-23 05:00:00,6,61.811497,51.195606
2014-12-23,2014-12-23 06:00:00,7,88.07487,81.117035
2014-12-23,2014-12-23 07:00:00,8,98.135025,100.439735
2014-12-23,2014-12-23 08:00:00,9,100.81885,87.29193
2014-12-23,2014-12-23 09:00:00,10,103.8369,84.98495
2014-12-23,2014-12-23 10:00:00,11,101.82487,83.30277
2014-12-23,2014-12-23 11:00:00,12,74.19118,80.803055
2014-12-23,2014-12-23 12:00:00,13,76.47393,85.9012
2014-12-23,2014-12-23 13:00:00,14,72.45989,93.84068
2014-12-23,2014-12-23 14:00:00,15,92.045456,100.57114
2014-12-23,2014-12-23 15:00:00,16,102.1123,111.893005
2014-12-23,2014-12-23 16:00:00,17,109.204544,128.47888
2014-12-23,2014-12-23 17:00:00,18,142.74065,149.66367
2014-12-23,2014-12-23 18:00:00,19,140.0635,164.07835
2014-12-23,2014-12-23 19:00:00,20,150.12032,151.95013
2014-12-23,2014-12-23 20:00:00,21,152.1357,149.60535
2014-12-23,2014-12-23 21:00:00,22,151.12968,155.99945
2014-12-23,2014-12-23 22:00:00,23,144.75601,149.54306
2014-12-23,2014-12-23 23:00:00,24,145.42781,132.87572
2014-12-24,2014-12-24 00:00:00,1,150.79546,80.7718
2014-12-24,2014-12-24 01:00:00,2,149.11765,53.21774
2014-12-24,2014-12-24 02:00:00,3,158.02808,50.586445
2014-12-24,2014-12-24 03:00:00,4,81.87834,48.82698
2014-12-24,2014-12-24 04:00:00,5,72.45989,47.195183
2014-12-24,2014-12-24 05:00:00,6,71.17647,50.669685
2014-12-24,2014-12-24 06:00:00,7,89.75267,80.08273
2014-12-24,2014-12-24 07:00:00,8,94.44519,94.89632
2014-12-24,2014-12-24 08:00:00,9,96.46056,85.010765
2014-12-24,2014-12-24 09:00:00,10,85.678474,81.90781
2014-12-24,2014-12-24 10:00:00,11,80.87567,85.97685
2014-12-24,2014-12-24 11:00:00,12,72.45989,81.48318
2014-12-24,2014-12-24 12:00:00,13,73.79345,84.301
2014-12-24,2014-12-24 13:00:00,14,67.43984,90.73111
2014-12-24,2014-12-24 14:00:00,15,62.419785,95.419235
2014-12-24,2014-12-24 15:00:00,16,88.693184,109.07231
2014-12-24,2014-12-24 16:00:00,17,96.12299,126.07941
2014-12-24,2014-12-24 17:00:00,18,84.2246,143.01108
2014-12-24,2014-12-24 18:00:00,19,77.80749,164.28204
2014-12-24,2014-12-24 19:00:00,20,72.79412,155.36316
2014-12-24,2014-12-24 20:00:00,21,72.45989,161.38153
2014-12-24,2014-12-24 21:00:00,22,42.015373,163.69368
2014-12-24,2014-12-24 22:00:00,23,66.76805,150.83517
2014-12-24,2014-12-24 23:00:00,24,66.76805,143.8713
2014-12-25,2014-12-25 00:00:00,1,66.76805,76.349846
2014-12-25,2014-12-25 01:00:00,2,67.43984,67.1631
2014-12-25,2014-12-25 02:00:00,3,50.374332,52.12674
2014-12-25,2014-12-25 03:00:00,4,33.983955,59.718266
2014-12-25,2014-12-25 04:00:00,5,32.981285,58.583466
2014-12-25,2014-12-25 05:00:00,6,42.01203,59.201836
2014-12-25,2014-12-25 06:00:00,7,67.443184,61.249477
2014-12-25,2014-12-25 07:00:00,8,66.0996,82.762024
2014-12-25,2014-12-25 08:00:00,9,56.403744,95.7726
2014-12-25,2014-12-25 09:00:00,10,55.735294,89.61832
2014-12-25,2014-12-25 10:00:00,11,50.7119,88.04442
2014-12-25,2014-12-25 11:00:00,12,34.652405,85.45081
2014-12-25,2014-12-25 12:00:00,13,22.610294,87.634315
2014-12-25,2014-12-25 13:00:00,14,22.94786,94.58421
2014-12-25,2014-12-25 14:00:00,15,23.622995,95.866005
2014-12-25,2014-12-25 15:00:00,16,46.704544,107.482285
2014-12-25,2014-12-25 16:00:00,17,56.403744,120.34947
2014-12-25,2014-12-25 17:00:00,18,65.100266,128.59885
2014-12-25,2014-12-25 18:00:00,19,68.78008,135.28642
2014-12-25,2014-12-25 19:00:00,20,70.454544,120.563614
2014-12-25,2014-12-25 20:00:00,21,69.117645,95.469444
2014-12-25,2014-12-25 21:00:00,22,46.02941,88.88107
2014-12-25,2014-12-25 22:00:00,23,67.77406,107.66621
2014-12-25,2014-12-25 23:00:00,24,66.76805,107.7203
2014-12-26,2014-12-26 00:00:00,1,144.75267,51.40818
2014-12-26,2014-12-26 01:00:00,2,156.01604,36.813377
2014-12-26,2014-12-26 02:00:00,3,112.222595,34.459877
2014-12-26,2014-12-26 03:00:00,4,84.278076,38.25821
2014-12-26,2014-12-26 04:00:00,5,70.4512,42.36558
2014-12-26,2014-12-26 05:00:00,6,70.84893,39.015785
2014-12-26,2014-12-26 06:00:00,7,93.43583,37.202084
2014-12-26,2014-12-26 07:00:00,8,95.11698,51.90741
2014-12-26,2014-12-26 08:00:00,9,93.77674,51.377308
2014-12-26,2014-12-26 09:00:00,10,87.74064,49.935677
2014-12-26,2014-12-26 10:00:00,11,81.2734,59.710793
2014-12-26,2014-12-26 11:00:00,12,62.419785,54.21497
2014-12-26,2014-12-26 12:00:00,13,69.11096,49.623417
2014-12-26,2014-12-26 13:00:00,14,80.14706,55.68647
2014-12-26,2014-12-26 14:00:00,15,77.4766,64.50346
2014-12-26,2014-12-26 15:00:00,16,97.41644,69.341805
2014-12-26,2014-12-26 16:00:00,17,112.556816,76.23341
2014-12-26,2014-12-26 17:00:00,18,163.92046,81.01535
2014-12-26,2014-12-26 18:00:00,19,158.1718,95.92396
2014-12-26,2014-12-26 19:00:00,20,149.78276,97.04739
2014-12-26,2014-12-26 20:00:00,21,131.00935,81.01092
2014-12-26,2014-12-26 21:00:00,22,75.20388,72.31963
2014-12-26,2014-12-26 22:00:00,23,127.312836,66.42461
2014-12-26,2014-12-26 23:00:00,24,123.96056,67.91957
2014-12-27,2014-12-27 00:00:00,1,127.64706,122.08995
2014-12-27,2014-12-27 01:00:00,2,134.68918,106.14549
2014-12-27,2014-12-27 02:00:00,3,111.216576,66.64547
2014-12-27,2014-12-27 03:00:00,4,88.74332,55.187126
2014-12-27,2014-12-27 04:00:00,5,76.80481,58.70986
2014-12-27,2014-12-27 05:00:00,6,64.7627,46.382942
2014-12-27,2014-12-27 06:00:00,7,56.403744,43.246574
2014-12-27,2014-12-27 07:00:00,8,51.38369,39.592995
2014-12-27,2014-12-27 08:00:00,9,31.97861,41.027905
2014-12-27,2014-12-27 09:00:00,10,31.31016,34.15243
2014-12-27,2014-12-27 10:00:00,11,30.975935,33.295303
2014-12-27,2014-12-27 11:00:00,12,30.975935,33.852585
2014-12-27,2014-12-27 12:00:00,13,30.975935,32.44447
2014-12-27,2014-12-27 13:00:00,14,31.31016,29.894894
2014-12-27,2014-12-27 14:00:00,15,31.644384,35.208473
2014-12-27,2014-12-27 15:00:00,16,31.644384,33.59506
2014-12-27,2014-12-27 16:00:00,17,31.644384,39.701767
2014-12-27,2014-12-27 17:00:00,18,37.33289,42.960052
2014-12-27,2014-12-27 18:00:00,19,41.68449,47.854717
2014-12-27,2014-12-27 19:00:00,20,41.68449,46.17244
2014-12-27,2014-12-27 20:00:00,21,41.68449,49.174362
2014-12-27,2014-12-27 21:00:00,22,41.68449,50.8285
2014-12-27,2014-12-27 22:00:00,23,41.016045,54.160152
2014-12-27,2014-12-27 23:00:00,24,41.350266,53.57637
2014-12-28,2014-12-28 00:00:00,1,41.016045,41.91362
2014-12-28,2014-12-28 01:00:00,2,41.350266,44.212852
2014-12-28,2014-12-28 02:00:00,3,41.68449,44.850235
2014-12-28,2014-12-28 03:00:00,4,41.350266,41.719727
2014-12-28,2014-12-28 04:00:00,5,44.024063,41.359684
2014-12-28,2014-12-28 05:00:00,6,43.68984,37.76629
2014-12-28,2014-12-28 06:00:00,7,43.02139,36.952965
2014-12-28,2014-12-28 07:00:00,8,46.02941,33.733524
2014-12-28,2014-12-28 08:00:00,9,42.687164,31.926968
2014-12-28,2014-12-28 09:00:00,10,35.65508,34.515194
2014-12-28,2014-12-28 10:00:00,11,31.644384,32.5025
2014-12-28,2014-12-28 11:00:00,12,31.31016,28.826084
2014-12-28,2014-12-28 12:00:00,13,32.312836,25.095932
2014-12-28,2014-12-28 13:00:00,14,30.64171,23.944324
2014-12-28,2014-12-28 14:00:00,15,31.31016,24.252056
2014-12-28,2014-12-28 15:00:00,16,31.644384,26.55375
2014-12-28,2014-12-28 16:00:00,17,31.644384,29.031391
2014-12-28,2014-12-28 17:00:00,18,36.998665,33.50715
2014-12-28,2014-12-28 18:00:00,19,41.68449,31.162357
2014-12-28,2014-12-28 19:00:00,20,41.016045,30.792294
2014-12-28,2014-12-28 20:00:00,21,41.350266,33.559452
2014-12-28,2014-12-28 21:00:00,22,41.016045,35.577682
2014-12-28,2014-12-28 22:00:00,23,41.016045,34.712776
2014-12-28,2014-12-28 23:00:00,24,40.347595,39.5641
2014-12-29,2014-12-29 00:00:00,1,41.016045,40.26509
2014-12-29,2014-12-29 01:00:00,2,41.016045,38.71976
2014-12-29,2014-12-29 02:00:00,3,41.016045,42.290623
2014-12-29,2014-12-29 03:00:00,4,41.016045,40.20693
2014-12-29,2014-12-29 04:00:00,5,41.350266,41.775402
2014-12-29,2014-12-29 05:00:00,6,52.05214,47.134583
2014-12-29,2014-12-29 06:00:00,7,81.49064,59.94639
2014-12-29,2014-12-29 07:00:00,8,85.62166,93.04878
2014-12-29,2014-12-29 08:00:00,9,92.4365,89.03985
2014-12-29,2014-12-29 09:00:00,10,100.481285,98.33578
2014-12-29,2014-12-29 10:00:00,11,95.78877,105.7342
2014-12-29,2014-12-29 11:00:00,12,97.79746,92.53038
2014-12-29,2014-12-29 12:00:00,13,85.96257,105.22872
2014-12-29,2014-12-29 13:00:00,14,76.80481,103.269684
2014-12-29,2014-12-29 14:00:00,15,67.4365,120.64891
2014-12-29,2014-12-29 15:00:00,16,66.0996,129.45459
2014-12-29,2014-12-29 16:00:00,17,100.14706,149.94089
2014-12-29,2014-12-29 17:00:00,18,129.66243,162.39633
2014-12-29,2014-12-29 18:00:00,19,129.3282,160.56541
2014-12-29,2014-12-29 19:00:00,20,124.96992,163.66925
2014-12-29,2014-12-29 20:00:00,21,129.3282,164.15312
2014-12-29,2014-12-29 21:00:00,22,80.61163,171.53293
2014-12-29,2014-12-29 22:00:00,23,129.66577,159.59871
2014-12-29,2014-12-29 23:00:00,24,133.01805,118.923454
2014-12-30,2014-12-30 00:00:00,1,129.3282,111.56346
2014-12-30,2014-12-30 01:00:00,2,127.65374,74.41267
2014-12-30,2014-12-30 02:00:00,3,75.6016,73.95671
2014-12-30,2014-12-30 03:00:00,4,48.368984,68.8194
2014-12-30,2014-12-30 04:00:00,5,45.026737,61.885532
2014-12-30,2014-12-30 05:00:00,6,51.717915,65.496765
2014-12-30,2014-12-30 06:00:00,7,82.16243,69.98154
2014-12-30,2014-12-30 07:00:00,8,95.11698,101.77025
2014-12-30,2014-12-30 08:00:00,9,109.207886,85.74617
2014-12-30,2014-12-30 09:00:00,10,117.25267,86.16311
2014-12-30,2014-12-30 10:00:00,11,120.27406,89.60781
2014-12-30,2014-12-30 11:00:00,12,105.51471,75.676445
2014-12-30,2014-12-30 12:00:00,13,98.806816,70.07822
2014-12-30,2014-12-30 13:00:00,14,96.45722,73.50232
2014-12-30,2014-12-30 14:00:00,15,93.77674,82.18128
2014-12-30,2014-12-30 15:00:00,16,116.58422,91.70477
2014-12-30,2014-12-30 16:00:00,17,132.68048,114.71655
2014-12-30,2014-12-30 17:00:00,18,154.86632,136.84619
2014-12-30,2014-12-30 18:00:00,19,167.27272,151.7742
2014-12-30,2014-12-30 19:00:00,20,147.77406,153.51276
2014-12-30,2014-12-30 20:00:00,21,139.72594,114.017456
2014-12-30,2014-12-30 21:00:00,22,134.02072,128.38191
2014-12-30,2014-12-30 22:00:00,23,128.31885,133.15393
2014-12-30,2014-12-30 23:00:00,24,124.632355,135.955
2014-12-31,2014-12-31 00:00:00,1,127.64706,99.814705
2014-12-31,2014-12-31 01:00:00,2,130.6651,57.46151
2014-12-31,2014-12-31 02:00:00,3,129.66577,49.313816
2014-12-31,2014-12-31 03:00:00,4,84.61564,50.161224
2014-12-31,2014-12-31 04:00:00,5,71.7881,45.06904
2014-12-31,2014-12-31 05:00:00,6,67.16578,47.257694
2014-12-31,2014-12-31 06:00:00,7,90.75869,53.01438
2014-12-31,2014-12-31 07:00:00,8,93.43917,102.50304
2014-12-31,2014-12-31 08:00:00,9,107.19251,97.53458
2014-12-31,2014-12-31 09:00:00,10,102.49666,89.79956
2014-12-31,2014-12-31 10:00:00,11,88.358955,89.10112
2014-12-31,2014-12-31 11:00:00,12,68.10829,86.67378
2014-12-31,2014-12-31 12:00:00,13,67.43984,80.35092
2014-12-31,2014-12-31 13:00:00,14,66.43382,87.47783
2014-12-31,2014-12-31 14:00:00,15,67.10561,90.74505
2014-12-31,2014-12-31 15:00:00,16,89.03409,100.88444
2014-12-31,2014-12-31 16:00:00,17,109.876335,128.87079
2014-12-31,2014-12-31 17:00:00,18,106.51738,148.24466
2014-12-31,2014-12-31 18:00:00,19,97.463234,161.1135
2014-12-31,2014-12-31 19:00:00,20,90.42112,158.30206
2014-12-31,2014-12-31 20:00:00,21,82.88436,120.46672
2014-12-31,2014-12-31 21:00:00,22,50.04679,130.785
2014-12-31,2014-12-31 22:00:00,23,72.45989,140.0596
2014-12-31,2014-12-31 23:00:00,24,71.79144,132.06198
