origin,timestamp,lead_hour,actual,prediction
2010-03-01 17:00:00,2010-03-01 17:00:00,1,0.92476666,0.30826667
2010-03-01 17:00:00,2010-03-01 18:00:00,2,0.87596667,0.3589
2010-03-01 17:00:00,2010-03-01 19:00:00,3,0.84833336,0.40896666
2010-03-01 17:00:00,2010-03-01 20:00:00,4,1.5795,0.3419
2010-03-01 17:00:00,2010-03-01 21:00:00,5,0.9711667,0.28543332
2010-03-01 17:00:00,2010-03-01 22:00:00,6,1.2349666,0.29613334
2010-03-01 17:00:00,2010-03-01 23:00:00,7,1.0026333,0.34533334
2010-03-01 17:00:00,2010-03-02 00:00:00,8,0.48003334,0.35743332
2010-03-01 17:00:00,2010-03-02 01:00:00,9,0.4935,1.0627333
2010-03-01 17:00:00,2010-03-02 02:00:00,10,0.55366665,0.53316665
2010-03-01 17:00:00,2010-03-02 03:00:00,11,0.5527667,0.29276666
2010-03-01 17:00:00,2010-03-02 04:00:00,12,0.48926666,0.33686668
2010-03-01 17:00:00,2010-03-02 05:00:00,13,0.50593334,0.36653334
2010-03-01 17:00:00,2010-03-02 06:00:00,14,0.5280667,0.32596666
2010-03-01 17:00:00,2010-03-02 07:00:00,15,0.48913333,0.28966665
2010-03-01 17:00:00,2010-03-02 08:00:00,16,1.5749,0.41626668
2010-03-01 17:00:00,2010-03-02 09:00:00,17,0.3081,0.3872
2010-03-01 17:00:00,2010-03-02 10:00:00,18,0.3351,0.39926666
2010-03-01 17:00:00,2010-03-02 11:00:00,19,0.34136668,2.3966334
2010-03-01 17:00:00,2010-03-02 12:00:00,20,0.5778667,2.1227667
2010-03-01 17:00:00,2010-03-02 13:00:00,21,0.9327667,1.4875667
2010-03-01 17:00:00,2010-03-02 14:00:00,22,0.35973334,1.4439666
2010-03-01 17:00:00,2010-03-02 15:00:00,23,0.31776667,1.0298333
2010-03-01 17:00:00,2010-03-02 16:00:00,24,0.3051,0.9595
2010-03-02 17:00:00,2010-03-02 17:00:00,1,0.32773334,0.92476666
2010-03-02 17:00:00,2010-03-02 18:00:00,2,0.3562,0.87596667
2010-03-02 17:00:00,2010-03-02 19:00:00,3,0.38833332,0.84833336
2010-03-02 17:00:00,2010-03-02 20:00:00,4,0.32193333,1.5795
2010-03-02 17:00:00,2010-03-02 21:00:00,5,0.41926667,0.9711667
2010-03-02 17:00:00,2010-03-02 22:00:00,6,1.0003667,1.2349666
2010-03-02 17:00:00,2010-03-02 23:00:00,7,0.8228667,1.0026333
2010-03-02 17:00:00,2010-03-03 00:00:00,8,0.76743335,0.48003334
2010-03-02 17:00:00,2010-03-03 01:00:00,9,0.6553,0.4935
2010-03-02 17:00:00,2010-03-03 02:00:00,10,0.5165667,0.55366665
2010-03-02 17:00:00,2010-03-03 03:00:00,11,0.3934,0.5527667
2010-03-02 17:00:00,2010-03-03 04:00:00,12,0.35006666,0.48926666
2010-03-02 17:00:00,2010-03-03 05:00:00,13,0.3809,0.50593334
2010-03-02 17:00:00,2010-03-03 06:00:00,14,0.31166667,0.5280667
2010-03-02 17:00:00,2010-03-03 07:00:00,15,1.0407667,0.48913333
2010-03-02 17:00:00,2010-03-03 08:00:00,16,1.5217333,1.5749
2010-03-02 17:00:00,2010-03-03 09:00:00,17,1.4347,0.3081
2010-03-02 17:00:00,2010-03-03 10:00:00,18,1.4497334,0.3351
2010-03-02 17:00:00,2010-03-03 11:00:00,19,1.4351333,0.34136668
2010-03-02 17:00:00,2010-03-03 12:00:00,20,0.60676664,0.5778667
2010-03-02 17:00:00,2010-03-03 13:00:00,21,0.36253333,0.9327667
2010-03-02 17:00:00,2010-03-03 14:00:00,22,0.3437,0.35973334
2010-03-02 17:00:00,2010-03-03 15:00:00,23,0.41186666,0.31776667
2010-03-02 17:00:00,2010-03-03 16:00:00,24,0.33626667,0.3051
2010-03-03 17:00:00,2010-03-03 17:00:00,1,0.36363333,0.32773334
2010-03-03 17:00:00,2010-03-03 18:00:00,2,0.32056665,0.3562
2010-03-03 17:00:00,2010-03-03 19:00:00,3,0.32196668,0.38833332
2010-03-03 17:00:00,2010-03-03 20:00:00,4,0.99583334,0.32193333
2010-03-03 17:00:00,2010-03-03 21:00:00,5,0.5968,0.41926667
2010-03-03 17:00:00,2010-03-03 22:00:00,6,0.34376666,1.0003667
2010-03-03 17:00:00,2010-03-03 23:00:00,7,0.33613333,0.8228667
2010-03-03 17:00:00,2010-03-04 00:00:00,8,0.33713335,0.76743335
2010-03-03 17:00:00,2010-03-04 01:00:00,9,0.33816665,0.6553
2010-03-03 17:00:00,2010-03-04 02:00:00,10,0.3848,0.5165667
2010-03-03 17:00:00,2010-03-04 03:00:00,11,0.34163332,0.3934
2010-03-03 17:00:00,2010-03-04 04:00:00,12,0.3218,0.35006666
2010-03-03 17:00:00,2010-03-04 05:00:00,13,0.3137,0.3809
2010-03-03 17:00:00,2010-03-04 06:00:00,14,1.28,0.31166667
2010-03-03 17:00:00,2010-03-04 07:00:00,15,0.40326667,1.0407667
2010-03-03 17:00:00,2010-03-04 08:00:00,16,0.35486665,1.5217333
2010-03-03 17:00:00,2010-03-04 09:00:00,17,0.37003332,1.4347
2010-03-03 17:00:00,2010-03-04 10:00:00,18,0.3516,1.4497334
2010-03-03 17:00:00,2010-03-04 11:00:00,19,0.36406666,1.4351333
2010-03-03 17:00:00,2010-03-04 12:00:00,20,0.3866,0.60676664
2010-03-03 17:00:00,2010-03-04 13:00:00,21,0.38593334,0.36253333
2010-03-03 17:00:00,2010-03-04 14:00:00,22,0.31716666,0.3437
2010-03-03 17:00:00,2010-03-04 15:00:00,23,0.32573333,0.41186666
2010-03-03 17:00:00,2010-03-04 16:00:00,24,1.2828,0.33626667
2010-03-04 17:00:00,2010-03-04 17:00:00,1,0.38583332,0.36363333
2010-03-04 17:00:00,2010-03-04 18:00:00,2,0.6367667,0.32056665
2010-03-04 17:00:00,2010-03-04 19:00:00,3,0.48863333,0.32196668
2010-03-04 17:00:00,2010-03-04 20:00:00,4,0.48403335,0.99583334
2010-03-04 17:00:00,2010-03-04 21:00:00,5,0.48343334,0.5968
2010-03-04 17:00:00,2010-03-04 22:00:00,6,0.49926665,0.34376666
2010-03-04 17:00:00,2010-03-04 23:00:00,7,0.54406667,0.33613333
2010-03-04 17:00:00,2010-03-05 00:00:00,8,0.5011333,0.33713335
2010-03-04 17:00:00,2010-03-05 01:00:00,9,0.48556668,0.33816665
2010-03-04 17:00:00,2010-03-05 02:00:00,10,1.3871,0.3848
2010-03-04 17:00:00,2010-03-05 03:00:00,11,0.5762333,0.34163332
2010-03-04 17:00:00,2010-03-05 04:00:00,12,0.54793334,0.3218
2010-03-04 17:00:00,2010-03-05 05:00:00,13,0.5155,0.3137
2010-03-04 17:00:00,2010-03-05 06:00:00,14,0.4806,1.28
2010-03-04 17:00:00,2010-03-05 07:00:00,15,0.468,0.40326667
2010-03-04 17:00:00,2010-03-05 08:00:00,16,0.36953333,0.35486665
2010-03-04 17:00:00,2010-03-05 09:00:00,17,0.35926667,0.37003332
2010-03-04 17:00:00,2010-03-05 10:00:00,18,0.52503335,0.3516
2010-03-04 17:00:00,2010-03-05 11:00:00,19,0.50636667,0.36406666
2010-03-04 17:00:00,2010-03-05 12:00:00,20,1.4802,0.3866
2010-03-04 17:00:00,2010-03-05 13:00:00,21,2.0109334,0.38593334
2010-03-04 17:00:00,2010-03-05 14:00:00,22,2.0591667,0.31716666
2010-03-04 17:00:00,2010-03-05 15:00:00,23,0.66546667,0.32573333
2010-03-04 17:00:00,2010-03-05 16:00:00,24,0.40336666,1.2828
2010-03-05 17:00:00,2010-03-05 17:00:00,1,0.3437,0.38583332
2010-03-05 17:00:00,2010-03-05 18:00:00,2,0.30566666,0.6367667
2010-03-05 17:00:00,2010-03-05 19:00:00,3,1.6201667,0.48863333
2010-03-05 17:00:00,2010-03-05 20:00:00,4,0.9943,0.48403335
2010-03-05 17:00:00,2010-03-05 21:00:00,5,0.88133335,0.48343334
2010-03-05 17:00:00,2010-03-05 22:00:00,6,0.9209667,0.49926665
2010-03-05 17:00:00,2010-03-05 23:00:00,7,0.4879,0.54406667
2010-03-05 17:00:00,2010-03-06 00:00:00,8,0.4579,0.5011333
2010-03-05 17:00:00,2010-03-06 01:00:00,9,0.37016666,0.48556668
2010-03-05 17:00:00,2010-03-06 02:00:00,10,0.30316666,1.3871
2010-03-05 17:00:00,2010-03-06 03:00:00,11,0.3353,0.5762333
2010-03-05 17:00:00,2010-03-06 04:00:00,12,0.2996,0.54793334
2010-03-05 17:00:00,2010-03-06 05:00:00,13,0.29463333,0.5155
2010-03-05 17:00:00,2010-03-06 06:00:00,14,0.6253333,0.4806
2010-03-05 17:00:00,2010-03-06 07:00:00,15,0.82126665,0.468
2010-03-05 17:00:00,2010-03-06 08:00:00,16,0.32383335,0.36953333
2010-03-05 17:00:00,2010-03-06 09:00:00,17,0.6305,0.35926667
2010-03-05 17:00:00,2010-03-06 10:00:00,18,1.2609667,0.52503335
2010-03-05 17:00:00,2010-03-06 11:00:00,19,1.1401,0.50636667
2010-03-05 17:00:00,2010-03-06 12:00:00,20,0.33876666,1.4802
2010-03-05 17:00:00,2010-03-06 13:00:00,21,0.31003332,2.0109334
2010-03-05 17:00:00,2010-03-06 14:00:00,22,0.33093333,2.0591667
2010-03-05 17:00:00,2010-03-06 15:00:00,23,0.31883332,0.66546667
2010-03-05 17:00:00,2010-03-06 16:00:00,24,1.0034667,0.40336666
2010-03-06 17:00:00,2010-03-06 17:00:00,1,1.0667334,0.3437
2010-03-06 17:00:00,2010-03-06 18:00:00,2,0.4813,0.30566666
2010-03-06 17:00:00,2010-03-06 19:00:00,3,0.4736,1.6201667
2010-03-06 17:00:00,2010-03-06 20:00:00,4,0.4773,0.9943
2010-03-06 17:00:00,2010-03-06 21:00:00,5,0.50666666,0.88133335
2010-03-06 17:00:00,2010-03-06 22:00:00,6,0.56986666,0.9209667
2010-03-06 17:00:00,2010-03-06 23:00:00,7,0.50493336,0.4879
2010-03-06 17:00:00,2010-03-07 00:00:00,8,0.49646667,0.4579
2010-03-06 17:00:00,2010-03-07 01:00:00,9,1.1485667,0.37016666
2010-03-06 17:00:00,2010-03-07 02:00:00,10,0.61006665,0.30316666
2010-03-06 17:00:00,2010-03-07 03:00:00,11,0.5323333,0.3353
2010-03-06 17:00:00,2010-03-07 04:00:00,12,0.5289,0.2996
2010-03-06 17:00:00,2010-03-07 05:00:00,13,0.4928,0.29463333
2010-03-06 17:00:00,2010-03-07 06:00:00,14,0.49386665,0.6253333
2010-03-06 17:00:00,2010-03-07 07:00:00,15,0.4886,0.82126665
2010-03-06 17:00:00,2010-03-07 08:00:00,16,0.51886666,0.32383335
2010-03-06 17:00:00,2010-03-07 09:00:00,17,0.52526665,0.6305
2010-03-06 17:00:00,2010-03-07 10:00:00,18,0.43756667,1.2609667
2010-03-06 17:00:00,2010-03-07 11:00:00,19,1.0612333,1.1401
2010-03-06 17:00:00,2010-03-07 12:00:00,20,0.3059,0.33876666
2010-03-06 17:00:00,2010-03-07 13:00:00,21,0.29353333,0.31003332
2010-03-06 17:00:00,2010-03-07 14:00:00,22,0.3666,0.33093333
2010-03-06 17:00:00,2010-03-07 15:00:00,23,1.0190333,0.31883332
2010-03-06 17:00:00,2010-03-07 16:00:00,24,0.76933336,1.0034667
2010-03-07 17:00:00,2010-03-07 17:00:00,1,2.4348667,1.0667334
2010-03-07 17:00:00,2010-03-07 18:00:00,2,2.5753334,0.4813
2010-03-07 17:00:00,2010-03-07 19:00:00,3,1.5285,0.4736
2010-03-07 17:00:00,2010-03-07 20:00:00,4,2.1405,0.4773
2010-03-07 17:00:00,2010-03-07 21:00:00,5,2.2098,0.50666666
2010-03-07 17:00:00,2010-03-07 22:00:00,6,1.1494334,0.56986666
2010-03-07 17:00:00,2010-03-07 23:00:00,7,0.7471667,0.50493336
2010-03-07 17:00:00,2010-03-08 00:00:00,8,0.7092,0.49646667
2010-03-07 17:00:00,2010-03-08 01:00:00,9,1.0575666,1.1485667
2010-03-07 17:00:00,2010-03-08 02:00:00,10,0.359,0.61006665
2010-03-07 17:00:00,2010-03-08 03:00:00,11,0.36603335,0.5323333
2010-03-07 17:00:00,2010-03-08 04:00:00,12,0.3475,0.5289
2010-03-07 17:00:00,2010-03-08 05:00:00,13,0.40583333,0.4928
2010-03-07 17:00:00,2010-03-08 06:00:00,14,1.0259666,0.49386665
2010-03-07 17:00:00,2010-03-08 07:00:00,15,2.9262333,0.4886
2010-03-07 17:00:00,2010-03-08 08:00:00,16,3.4103,0.51886666
2010-03-07 17:00:00,2010-03-08 09:00:00,17,3.5183334,0.52526665
2010-03-07 17:00:00,2010-03-08 10:00:00,18,2.1521,0.43756667
2010-03-07 17:00:00,2010-03-08 11:00:00,19,1.8522333,1.0612333
2010-03-07 17:00:00,2010-03-08 12:00:00,20,3.0424666,0.3059
2010-03-07 17:00:00,2010-03-08 13:00:00,21,2.3847,0.29353333
2010-03-07 17:00:00,2010-03-08 14:00:00,22,2.0263333,0.3666
2010-03-07 17:00:00,2010-03-08 15:00:00,23,3.969,1.0190333
2010-03-07 17:00:00,2010-03-08 16:00:00,24,2.0823,0.76933336
2010-03-08 17:00:00,2010-03-08 17:00:00,1,1.571,2.4348667
2010-03-08 17:00:00,2010-03-08 18:00:00,2,1.9182,2.5753334
2010-03-08 17:00:00,2010-03-08 19:00:00,3,1.7293333,1.5285
2010-03-08 17:00:00,2010-03-08 20:00:00,4,2.4488666,2.1405
2010-03-08 17:00:00,2010-03-08 21:00:00,5,1.4269333,2.2098
2010-03-08 17:00:00,2010-03-08 22:00:00,6,1.5056,1.1494334
2010-03-08 17:00:00,2010-03-08 23:00:00,7,0.38326666,0.7471667
2010-03-08 17:00:00,2010-03-09 00:00:00,8,0.37643334,0.7092
2010-03-08 17:00:00,2010-03-09 01:00:00,9,0.35986668,1.0575666
2010-03-08 17:00:00,2010-03-09 02:00:00,10,0.41736665,0.359
2010-03-08 17:00:00,2010-03-09 03:00:00,11,0.39373332,0.36603335
2010-03-08 17:00:00,2010-03-09 04:00:00,12,0.3563,0.3475
2010-03-08 17:00:00,2010-03-09 05:00:00,13,0.3386,0.40583333
2010-03-08 17:00:00,2010-03-09 06:00:00,14,1.043,1.0259666
2010-03-08 17:00:00,2010-03-09 07:00:00,15,2.7051334,2.9262333
2010-03-08 17:00:00,2010-03-09 08:00:00,16,2.2661333,3.4103
2010-03-08 17:00:00,2010-03-09 09:00:00,17,1.5600333,3.5183334
2010-03-08 17:00:00,2010-03-09 10:00:00,18,1.5031333,2.1521
2010-03-08 17:00:00,2010-03-09 11:00:00,19,1.6102,1.8522333
2010-03-08 17:00:00,2010-03-09 12:00:00,20,1.6400334,3.0424666
2010-03-08 17:00:00,2010-03-09 13:00:00,21,2.1889668,2.3847
2010-03-08 17:00:00,2010-03-09 14:00:00,22,0.7654667,2.0263333
2010-03-08 17:00:00,2010-03-09 15:00:00,23,0.48246667,3.969
2010-03-08 17:00:00,2010-03-09 16:00:00,24,0.86436665,2.0823
2010-03-09 17:00:00,2010-03-09 17:00:00,1,0.5411,1.571
2010-03-09 17:00:00,2010-03-09 18:00:00,2,0.9225,1.9182
2010-03-09 17:00:00,2010-03-09 19:00:00,3,1.8510333,1.7293333
2010-03-09 17:00:00,2010-03-09 20:00:00,4,2.7466667,2.4488666
2010-03-09 17:00:00,2010-03-09 21:00:00,5,2.3795667,1.4269333
2010-03-09 17:00:00,2010-03-09 22:00:00,6,1.5587667,1.5056
2010-03-09 17:00:00,2010-03-09 23:00:00,7,0.46433333,0.38326666
2010-03-09 17:00:00,2010-03-10 00:00:00,8,1.1348667,0.37643334
2010-03-09 17:00:00,2010-03-10 01:00:00,9,0.34586668,0.35986668
2010-03-09 17:00:00,2010-03-10 02:00:00,10,0.348,0.41736665
2010-03-09 17:00:00,2010-03-10 03:00:00,11,0.32676667,0.39373332
2010-03-09 17:00:00,2010-03-10 04:00:00,12,0.3226,0.3563
2010-03-09 17:00:00,2010-03-10 05:00:00,13,0.38776666,0.3386
2010-03-09 17:00:00,2010-03-10 06:00:00,14,0.9798333,1.043
2010-03-09 17:00:00,2010-03-10 07:00:00,15,2.5680332,2.7051334
2010-03-09 17:00:00,2010-03-10 08:00:00,16,2.0532,2.2661333
2010-03-09 17:00:00,2010-03-10 09:00:00,17,1.9632334,1.5600333
2010-03-09 17:00:00,2010-03-10 10:00:00,18,1.4259,1.5031333
2010-03-09 17:00:00,2010-03-10 11:00:00,19,1.4626,1.6102
2010-03-09 17:00:00,2010-03-10 12:00:00,20,1.7757334,1.6400334
2010-03-09 17:00:00,2010-03-10 13:00:00,21,1.5464667,2.1889668
2010-03-09 17:00:00,2010-03-10 14:00:00,22,1.7727,0.7654667
2010-03-09 17:00:00,2010-03-10 15:00:00,23,1.7884333,0.48246667
2010-03-09 17:00:00,2010-03-10 16:00:00,24,1.7697333,0.86436665
2010-03-10 17:00:00,2010-03-10 17:00:00,1,1.769,0.5411
2010-03-10 17:00:00,2010-03-10 18:00:00,2,1.5340667,0.9225
2010-03-10 17:00:00,2010-03-10 19:00:00,3,1.086,1.8510333
2010-03-10 17:00:00,2010-03-10 20:00:00,4,1.0920334,2.7466667
2010-03-10 17:00:00,2010-03-10 21:00:00,5,1.3783667,2.3795667
2010-03-10 17:00:00,2010-03-10 22:00:00,6,0.97893333,1.5587667
2010-03-10 17:00:00,2010-03-10 23:00:00,7,0.56706667,0.46433333
2010-03-10 17:00:00,2010-03-11 00:00:00,8,0.714,1.1348667
2010-03-10 17:00:00,2010-03-11 01:00:00,9,0.8372667,0.34586668
2010-03-10 17:00:00,2010-03-11 02:00:00,10,0.32546666,0.348
2010-03-10 17:00:00,2010-03-11 03:00:00,11,0.3885,0.32676667
2010-03-10 17:00:00,2010-03-11 04:00:00,12,0.32046667,0.3226
2010-03-10 17:00:00,2010-03-11 05:00:00,13,0.32726666,0.38776666
2010-03-10 17:00:00,2010-03-11 06:00:00,14,0.92366666,0.9798333
2010-03-10 17:00:00,2010-03-11 07:00:00,15,2.0521,2.5680332
2010-03-10 17:00:00,2010-03-11 08:00:00,16,1.9032333,2.0532
2010-03-10 17:00:00,2010-03-11 09:00:00,17,1.4354,1.9632334
2010-03-10 17:00:00,2010-03-11 10:00:00,18,1.4897333,1.4259
2010-03-10 17:00:00,2010-03-11 11:00:00,19,1.3750334,1.4626
2010-03-10 17:00:00,2010-03-11 12:00:00,20,1.3797667,1.7757334
2010-03-10 17:00:00,2010-03-11 13:00:00,21,1.4112,1.5464667
2010-03-10 17:00:00,2010-03-11 14:00:00,22,1.4503,1.7727
2010-03-10 17:00:00,2010-03-11 15:00:00,23,0.39733332,1.7884333
2010-03-10 17:00:00,2010-03-11 16:00:00,24,0.2986,1.7697333
2010-03-11 17:00:00,2010-03-11 17:00:00,1,0.3021,1.769
2010-03-11 17:00:00,2010-03-11 18:00:00,2,1.4762,1.5340667
2010-03-11 17:00:00,2010-03-11 19:00:00,3,2.4903667,1.086
2010-03-11 17:00:00,2010-03-11 20:00:00,4,3.4857333,1.0920334
2010-03-11 17:00:00,2010-03-11 21:00:00,5,3.9463665,1.3783667
2010-03-11 17:00:00,2010-03-11 22:00:00,6,2.0787,0.97893333
2010-03-11 17:00:00,2010-03-11 23:00:00,7,1.7093667,0.56706667
2010-03-11 17:00:00,2010-03-12 00:00:00,8,1.3978,0.714
2010-03-11 17:00:00,2010-03-12 01:00:00,9,0.3559,0.8372667
2010-03-11 17:00:00,2010-03-12 02:00:00,10,0.30193335,0.32546666
2010-03-11 17:00:00,2010-03-12 03:00:00,11,0.29826668,0.3885
2010-03-11 17:00:00,2010-03-12 04:00:00,12,0.30716667,0.32046667
2010-03-11 17:00:00,2010-03-12 05:00:00,13,0.31303334,0.32726666
2010-03-11 17:00:00,2010-03-12 06:00:00,14,0.37306666,0.92366666
2010-03-11 17:00:00,2010-03-12 07:00:00,15,2.0167665,2.0521
2010-03-11 17:00:00,2010-03-12 08:00:00,16,2.374,1.9032333
2010-03-11 17:00:00,2010-03-12 09:00:00,17,1.9429,1.4354
2010-03-11 17:00:00,2010-03-12 10:00:00,18,1.3724,1.4897333
2010-03-11 17:00:00,2010-03-12 11:00:00,19,1.4427,1.3750334
2010-03-11 17:00:00,2010-03-12 12:00:00,20,1.4186667,1.3797667
2010-03-11 17:00:00,2010-03-12 13:00:00,21,1.4136333,1.4112
2010-03-11 17:00:00,2010-03-12 14:00:00,22,1.5757333,1.4503
2010-03-11 17:00:00,2010-03-12 15:00:00,23,1.2898667,0.39733332
2010-03-11 17:00:00,2010-03-12 16:00:00,24,1.0065666,0.2986
2010-03-12 17:00:00,2010-03-12 17:00:00,1,0.66833335,0.3021
2010-03-12 17:00:00,2010-03-12 18:00:00,2,1.1187333,1.4762
2010-03-12 17:00:00,2010-03-12 19:00:00,3,2.9231668,2.4903667
2010-03-12 17:00:00,2010-03-12 20:00:00,4,0.90183336,3.4857333
2010-03-12 17:00:00,2010-03-12 21:00:00,5,0.7996333,3.9463665
2010-03-12 17:00:00,2010-03-12 22:00:00,6,0.72763336,2.0787
2010-03-12 17:00:00,2010-03-12 23:00:00,7,1.084,1.7093667
2010-03-12 17:00:00,2010-03-13 00:00:00,8,0.34476668,1.3978
2010-03-12 17:00:00,2010-03-13 01:00:00,9,0.31016666,0.3559
2010-03-12 17:00:00,2010-03-13 02:00:00,10,0.30873334,0.30193335
2010-03-12 17:00:00,2010-03-13 03:00:00,11,0.36943334,0.29826668
2010-03-12 17:00:00,2010-03-13 04:00:00,12,0.30336666,0.30716667
2010-03-12 17:00:00,2010-03-13 05:00:00,13,0.31213334,0.31303334
2010-03-12 17:00:00,2010-03-13 06:00:00,14,0.60936666,0.37306666
2010-03-12 17:00:00,2010-03-13 07:00:00,15,2.1092334,2.0167665
2010-03-12 17:00:00,2010-03-13 08:00:00,16,1.6128,2.374
2010-03-12 17:00:00,2010-03-13 09:00:00,17,1.8924,1.9429
2010-03-12 17:00:00,2010-03-13 10:00:00,18,2.7700667,1.3724
2010-03-12 17:00:00,2010-03-13 11:00:00,19,2.0014,1.4427
2010-03-12 17:00:00,2010-03-13 12:00:00,20,2.3242333,1.4186667
2010-03-12 17:00:00,2010-03-13 13:00:00,21,1.719,1.4136333
2010-03-12 17:00:00,2010-03-13 14:00:00,22,3.0405667,1.5757333
2010-03-12 17:00:00,2010-03-13 15:00:00,23,2.1255667,1.2898667
2010-03-12 17:00:00,2010-03-13 16:00:00,24,0.9097667,1.0065666
2010-03-13 17:00:00,2010-03-13 17:00:00,1,2.8752666,0.66833335
2010-03-13 17:00:00,2010-03-13 18:00:00,2,3.8424,1.1187333
2010-03-13 17:00:00,2010-03-13 19:00:00,3,3.4206667,2.9231668
2010-03-13 17:00:00,2010-03-13 20:00:00,4,2.0950334,0.90183336
2010-03-13 17:00:00,2010-03-13 21:00:00,5,1.4258,0.7996333
2010-03-13 17:00:00,2010-03-13 22:00:00,6,1.454,0.72763336
2010-03-13 17:00:00,2010-03-13 23:00:00,7,1.5406667,1.084
2010-03-13 17:00:00,2010-03-14 00:00:00,8,1.5161333,0.34476668
2010-03-13 17:00:00,2010-03-14 01:00:00,9,0.99506664,0.31016666
2010-03-13 17:00:00,2010-03-14 02:00:00,10,0.32976666,0.30873334
2010-03-13 17:00:00,2010-03-14 03:00:00,11,0.33253333,0.36943334
2010-03-13 17:00:00,2010-03-14 04:00:00,12,0.39686668,0.30336666
2010-03-13 17:00:00,2010-03-14 05:00:00,13,0.30993333,0.31213334
2010-03-13 17:00:00,2010-03-14 06:00:00,14,0.30563334,0.60936666
2010-03-13 17:00:00,2010-03-14 07:00:00,15,0.33866668,2.1092334
2010-03-13 17:00:00,2010-03-14 08:00:00,16,0.32763332,1.6128
2010-03-13 17:00:00,2010-03-14 09:00:00,17,0.8662,1.8924
2010-03-13 17:00:00,2010-03-14 10:00:00,18,1.1476333,2.7700667
2010-03-13 17:00:00,2010-03-14 11:00:00,19,1.0257334,2.0014
2010-03-13 17:00:00,2010-03-14 12:00:00,20,1.7820333,2.3242333
2010-03-13 17:00:00,2010-03-14 13:00:00,21,1.7599334,1.719
2010-03-13 17:00:00,2010-03-14 14:00:00,22,1.0251666,3.0405667
2010-03-13 17:00:00,2010-03-14 15:00:00,23,1.0403334,2.1255667
2010-03-13 17:00:00,2010-03-14 16:00:00,24,0.7776667,0.9097667
2010-03-14 17:00:00,2010-03-14 17:00:00,1,1.5238,2.8752666
2010-03-14 17:00:00,2010-03-14 18:00:00,2,1.1731334,3.8424
2010-03-14 17:00:00,2010-03-14 19:00:00,3,1.6451334,3.4206667
2010-03-14 17:00:00,2010-03-14 20:00:00,4,1.5069667,2.0950334
2010-03-14 17:00:00,2010-03-14 21:00:00,5,2.9930665,1.4258
2010-03-14 17:00:00,2010-03-14 22:00:00,6,1.7999,1.454
2010-03-14 17:00:00,2010-03-14 23:00:00,7,1.1929667,1.5406667
2010-03-14 17:00:00,2010-03-15 00:00:00,8,0.42966667,1.5161333
2010-03-14 17:00:00,2010-03-15 01:00:00,9,0.3202,0.99506664
2010-03-14 17:00:00,2010-03-15 02:00:00,10,0.56296664,0.32976666
2010-03-14 17:00:00,2010-03-15 03:00:00,11,0.67473334,0.33253333
2010-03-14 17:00:00,2010-03-15 04:00:00,12,0.30633333,0.39686668
2010-03-14 17:00:00,2010-03-15 05:00:00,13,0.38783333,0.30993333
2010-03-14 17:00:00,2010-03-15 06:00:00,14,0.6480333,0.30563334
2010-03-14 17:00:00,2010-03-15 07:00:00,15,1.9643333,0.33866668
2010-03-14 17:00:00,2010-03-15 08:00:00,16,1.4282666,0.32763332
2010-03-14 17:00:00,2010-03-15 09:00:00,17,1.4862666,0.8662
2010-03-14 17:00:00,2010-03-15 10:00:00,18,1.5205667,1.1476333
2010-03-14 17:00:00,2010-03-15 11:00:00,19,1.5355667,1.0257334
2010-03-14 17:00:00,2010-03-15 12:00:00,20,1.6847,1.7820333
2010-03-14 17:00:00,2010-03-15 13:00:00,21,1.4186667,1.7599334
2010-03-14 17:00:00,2010-03-15 14:00:00,22,1.4522,1.0251666
2010-03-14 17:00:00,2010-03-15 15:00:00,23,1.5035,1.0403334
2010-03-14 17:00:00,2010-03-15 16:00:00,24,1.0247333,0.7776667
2010-03-15 17:00:00,2010-03-15 17:00:00,1,0.4724,1.5238
2010-03-15 17:00:00,2010-03-15 18:00:00,2,0.48893332,1.1731334
2010-03-15 17:00:00,2010-03-15 19:00:00,3,2.9292333,1.6451334
2010-03-15 17:00:00,2010-03-15 20:00:00,4,2.7648,1.5069667
2010-03-15 17:00:00,2010-03-15 21:00:00,5,2.5572667,2.9930665
2010-03-15 17:00:00,2010-03-15 22:00:00,6,1.7437,1.7999
2010-03-15 17:00:00,2010-03-15 23:00:00,7,0.5592667,1.1929667
2010-03-15 17:00:00,2010-03-16 00:00:00,8,0.31283334,0.42966667
2010-03-15 17:00:00,2010-03-16 01:00:00,9,0.40213335,0.3202
2010-03-15 17:00:00,2010-03-16 02:00:00,10,0.3346,0.56296664
2010-03-15 17:00:00,2010-03-16 03:00:00,11,0.29963332,0.67473334
2010-03-15 17:00:00,2010-03-16 04:00:00,12,0.90063334,0.30633333
2010-03-15 17:00:00,2010-03-16 05:00:00,13,0.33876666,0.38783333
2010-03-15 17:00:00,2010-03-16 06:00:00,14,1.5128,0.6480333
2010-03-15 17:00:00,2010-03-16 07:00:00,15,1.6480666,1.9643333
2010-03-15 17:00:00,2010-03-16 08:00:00,16,2.0392666,1.4282666
2010-03-15 17:00:00,2010-03-16 09:00:00,17,1.6070666,1.4862666
2010-03-15 17:00:00,2010-03-16 10:00:00,18,1.4285333,1.5205667
2010-03-15 17:00:00,2010-03-16 11:00:00,19,1.486,1.5355667
2010-03-15 17:00:00,2010-03-16 12:00:00,20,1.3935,1.6847
2010-03-15 17:00:00,2010-03-16 13:00:00,21,0.6030667,1.4186667
2010-03-15 17:00:00,2010-03-16 14:00:00,22,0.52273333,1.4522
2010-03-15 17:00:00,2010-03-16 15:00:00,23,0.6385667,1.5035
2010-03-15 17:00:00,2010-03-16 16:00:00,24,0.7162333,1.0247333
2010-03-16 17:00:00,2010-03-16 17:00:00,1,0.71923333,0.4724
2010-03-16 17:00:00,2010-03-16 18:00:00,2,1.5573666,0.48893332
2010-03-16 17:00:00,2010-03-16 19:00:00,3,1.7136667,2.9292333
2010-03-16 17:00:00,2010-03-16 20:00:00,4,1.4661334,2.7648
2010-03-16 17:00:00,2010-03-16 21:00:00,5,1.6969,2.5572667
2010-03-16 17:00:00,2010-03-16 22:00:00,6,1.9267666,1.7437
2010-03-16 17:00:00,2010-03-16 23:00:00,7,0.44633332,0.5592667
2010-03-16 17:00:00,2010-03-17 00:00:00,8,0.34723333,0.31283334
2010-03-16 17:00:00,2010-03-17 01:00:00,9,0.31883332,0.40213335
2010-03-16 17:00:00,2010-03-17 02:00:00,10,0.4117,0.3346
2010-03-16 17:00:00,2010-03-17 03:00:00,11,0.38026667,0.29963332
2010-03-16 17:00:00,2010-03-17 04:00:00,12,0.33183333,0.90063334
2010-03-16 17:00:00,2010-03-17 05:00:00,13,0.31906667,0.33876666
2010-03-16 17:00:00,2010-03-17 06:00:00,14,1.0988,1.5128
2010-03-16 17:00:00,2010-03-17 07:00:00,15,2.0530334,1.6480666
2010-03-16 17:00:00,2010-03-17 08:00:00,16,2.0062332,2.0392666
2010-03-16 17:00:00,2010-03-17 09:00:00,17,1.9442333,1.6070666
2010-03-16 17:00:00,2010-03-17 10:00:00,18,1.4418666,1.4285333
2010-03-16 17:00:00,2010-03-17 11:00:00,19,1.7805333,1.486
2010-03-16 17:00:00,2010-03-17 12:00:00,20,2.9432333,1.3935
2010-03-16 17:00:00,2010-03-17 13:00:00,21,2.5151334,0.6030667
2010-03-16 17:00:00,2010-03-17 14:00:00,22,1.7026666,0.52273333
2010-03-16 17:00:00,2010-03-17 15:00:00,23,1.6951,0.6385667
2010-03-16 17:00:00,2010-03-17 16:00:00,24,1.4500667,0.7162333
2010-03-17 17:00:00,2010-03-17 17:00:00,1,1.2703333,0.71923333
2010-03-17 17:00:00,2010-03-17 18:00:00,2,2.4340334,1.5573666
2010-03-17 17:00:00,2010-03-17 19:00:00,3,1.7009667,1.7136667
2010-03-17 17:00:00,2010-03-17 20:00:00,4,1.3442,1.4661334
2010-03-17 17:00:00,2010-03-17 21:00:00,5,2.2485,1.6969
2010-03-17 17:00:00,2010-03-17 22:00:00,6,1.3505334,1.9267666
2010-03-17 17:00:00,2010-03-17 23:00:00,7,0.3971,0.44633332
2010-03-17 17:00:00,2010-03-18 00:00:00,8,0.3686,0.34723333
2010-03-17 17:00:00,2010-03-18 01:00:00,9,0.38886666,0.31883332
2010-03-17 17:00:00,2010-03-18 02:00:00,10,0.31706667,0.4117
2010-03-17 17:00:00,2010-03-18 03:00:00,11,0.33473334,0.38026667
2010-03-17 17:00:00,2010-03-18 04:00:00,12,0.30016667,0.33183333
2010-03-17 17:00:00,2010-03-18 05:00:00,13,0.6350333,0.31906667
2010-03-17 17:00:00,2010-03-18 06:00:00,14,1.9907,1.0988
2010-03-17 17:00:00,2010-03-18 07:00:00,15,1.7793,2.0530334
2010-03-17 17:00:00,2010-03-18 08:00:00,16,1.7546,2.0062332
2010-03-17 17:00:00,2010-03-18 09:00:00,17,1.3706334,1.9442333
2010-03-17 17:00:00,2010-03-18 10:00:00,18,1.5128334,1.4418666
2010-03-17 17:00:00,2010-03-18 11:00:00,19,0.5765,1.7805333
2010-03-17 17:00:00,2010-03-18 12:00:00,20,0.44226667,2.9432333
2010-03-17 17:00:00,2010-03-18 13:00:00,21,0.41023332,2.5151334
2010-03-17 17:00:00,2010-03-18 14:00:00,22,0.41486666,1.7026666
2010-03-17 17:00:00,2010-03-18 15:00:00,23,0.8074667,1.6951
2010-03-17 17:00:00,2010-03-18 16:00:00,24,0.8887333,1.4500667
2010-03-18 17:00:00,2010-03-18 17:00:00,1,1.2522666,1.2703333
2010-03-18 17:00:00,2010-03-18 18:00:00,2,1.6198666,2.4340334
2010-03-18 17:00:00,2010-03-18 19:00:00,3,2.4974666,1.7009667
2010-03-18 17:00:00,2010-03-18 20:00:00,4,3.0169666,1.3442
2010-03-18 17:00:00,2010-03-18 21:00:00,5,1.9589,2.2485
2010-03-18 17:00:00,2010-03-18 22:00:00,6,0.8262,1.3505334
2010-03-18 17:00:00,2010-03-18 23:00:00,7,0.5804333,0.3971
2010-03-18 17:00:00,2010-03-19 00:00:00,8,0.47986665,0.3686
2010-03-18 17:00:00,2010-03-19 01:00:00,9,0.52633333,0.38886666
2010-03-18 17:00:00,2010-03-19 02:00:00,10,0.5513667,0.31706667
2010-03-18 17:00:00,2010-03-19 03:00:00,11,0.73473334,0.33473334
2010-03-18 17:00:00,2010-03-19 04:00:00,12,0.903,0.30016667
2010-03-18 17:00:00,2010-03-19 05:00:00,13,0.5111333,0.6350333
2010-03-18 17:00:00,2010-03-19 06:00:00,14,0.73076665,1.9907
2010-03-18 17:00:00,2010-03-19 07:00:00,15,1.4206,1.7793
2010-03-18 17:00:00,2010-03-19 08:00:00,16,1.8107333,1.7546
2010-03-18 17:00:00,2010-03-19 09:00:00,17,1.4098,1.3706334
2010-03-18 17:00:00,2010-03-19 10:00:00,18,1.4702,1.5128334
2010-03-18 17:00:00,2010-03-19 11:00:00,19,1.3697667,0.5765
2010-03-18 17:00:00,2010-03-19 12:00:00,20,1.4409667,0.44226667
2010-03-18 17:00:00,2010-03-19 13:00:00,21,1.4527333,0.41023332
2010-03-18 17:00:00,2010-03-19 14:00:00,22,1.5994667,0.41486666
2010-03-18 17:00:00,2010-03-19 15:00:00,23,1.4221,0.8074667
2010-03-18 17:00:00,2010-03-19 16:00:00,24,0.4469,0.8887333
2010-04-04 17:00:00,2010-04-04 17:00:00,1,2.7621334,1.5175667
2010-04-04 17:00:00,2010-04-04 18:00:00,2,2.0107,1.5235667
2010-04-04 17:00:00,2010-04-04 19:00:00,3,2.0158,1.5149333
2010-04-04 17:00:00,2010-04-04 20:00:00,4,1.1565666,1.5903333
2010-04-04 17:00:00,2010-04-04 21:00:00,5,0.42906666,1.1560667
2010-04-04 17:00:00,2010-04-04 22:00:00,6,0.5060667,0.44483334
2010-04-04 17:00:00,2010-04-04 23:00:00,7,0.5043667,0.5685667
2010-04-04 17:00:00,2010-04-05 00:00:00,8,0.36236668,0.55586666
2010-04-04 17:00:00,2010-04-05 01:00:00,9,0.28886667,0.33906665
2010-04-04 17:00:00,2010-04-05 02:00:00,10,0.44733334,0.96106666
2010-04-04 17:00:00,2010-04-05 03:00:00,11,0.83133334,0.5775
2010-04-04 17:00:00,2010-04-05 04:00:00,12,0.3,0.41233334
2010-04-04 17:00:00,2010-04-05 05:00:00,13,0.3066,0.29393333
2010-04-04 17:00:00,2010-04-05 06:00:00,14,0.35753334,0.30756667
2010-04-04 17:00:00,2010-04-05 07:00:00,15,0.8574,0.5575
2010-04-04 17:00:00,2010-04-05 08:00:00,16,0.41753334,0.5632667
2010-04-04 17:00:00,2010-04-05 09:00:00,17,1.1238667,1.3287
2010-04-04 17:00:00,2010-04-05 10:00:00,18,2.7682,1.6264666
2010-04-04 17:00:00,2010-04-05 11:00:00,19,1.3233666,1.0288334
2010-04-04 17:00:00,2010-04-05 12:00:00,20,0.851,2.0579
2010-04-04 17:00:00,2010-04-05 13:00:00,21,0.34883332,1.5517334
2010-04-04 17:00:00,2010-04-05 14:00:00,22,0.2985,1.4949334
2010-04-04 17:00:00,2010-04-05 15:00:00,23,0.5606,2.7866
2010-04-04 17:00:00,2010-04-05 16:00:00,24,0.5683,2.3451667
2010-04-05 17:00:00,2010-04-05 17:00:00,1,0.44466665,2.7621334
2010-04-05 17:00:00,2010-04-05 18:00:00,2,1.3840667,2.0107
2010-04-05 17:00:00,2010-04-05 19:00:00,3,0.6501667,2.0158
2010-04-05 17:00:00,2010-04-05 20:00:00,4,1.2092,1.1565666
2010-04-05 17:00:00,2010-04-05 21:00:00,5,2.0313,0.42906666
2010-04-05 17:00:00,2010-04-05 22:00:00,6,0.6023,0.5060667
2010-04-05 17:00:00,2010-04-05 23:00:00,7,0.31366667,0.5043667
2010-04-05 17:00:00,2010-04-06 00:00:00,8,0.31523332,0.36236668
2010-04-05 17:00:00,2010-04-06 01:00:00,9,0.39003333,0.28886667
2010-04-05 17:00:00,2010-04-06 02:00:00,10,0.35353333,0.44733334
2010-04-05 17:00:00,2010-04-06 03:00:00,11,0.29653335,0.83133334
2010-04-05 17:00:00,2010-04-06 04:00:00,12,0.3238,0.3
2010-04-05 17:00:00,2010-04-06 05:00:00,13,0.9582667,0.3066
2010-04-05 17:00:00,2010-04-06 06:00:00,14,0.49876666,0.35753334
2010-04-05 17:00:00,2010-04-06 07:00:00,15,0.935,0.8574
2010-04-05 17:00:00,2010-04-06 08:00:00,16,1.728,0.41753334
2010-04-05 17:00:00,2010-04-06 09:00:00,17,1.8342,1.1238667
2010-04-05 17:00:00,2010-04-06 10:00:00,18,2.0517666,2.7682
2010-04-05 17:00:00,2010-04-06 11:00:00,19,1.9221333,1.3233666
2010-04-05 17:00:00,2010-04-06 12:00:00,20,1.5462,0.851
2010-04-05 17:00:00,2010-04-06 13:00:00,21,1.5704334,0.34883332
2010-04-05 17:00:00,2010-04-06 14:00:00,22,1.9942666,0.2985
2010-04-05 17:00:00,2010-04-06 15:00:00,23,1.9803,0.5606
2010-04-05 17:00:00,2010-04-06 16:00:00,24,0.7770333,0.5683
2010-04-06 17:00:00,2010-04-06 17:00:00,1,0.73796666,0.44466665
2010-04-06 17:00:00,2010-04-06 18:00:00,2,0.7173,1.3840667
2010-04-06 17:00:00,2010-04-06 19:00:00,3,0.8582,0.6501667
2010-04-06 17:00:00,2010-04-06 20:00:00,4,3.1991,1.2092
2010-04-06 17:00:00,2010-04-06 21:00:00,5,2.5128667,2.0313
2010-04-06 17:00:00,2010-04-06 22:00:00,6,2.0876,0.6023
2010-04-06 17:00:00,2010-04-06 23:00:00,7,0.8423333,0.31366667
2010-04-06 17:00:00,2010-04-07 00:00:00,8,0.34443334,0.31523332
2010-04-06 17:00:00,2010-04-07 01:00:00,9,0.36466667,0.39003333
2010-04-06 17:00:00,2010-04-07 02:00:00,10,0.93453336,0.35353333
2010-04-06 17:00:00,2010-04-07 03:00:00,11,0.47866666,0.29653335
2010-04-06 17:00:00,2010-04-07 04:00:00,12,0.39893332,0.3238
2010-04-06 17:00:00,2010-04-07 05:00:00,13,0.42973334,0.9582667
2010-04-06 17:00:00,2010-04-07 06:00:00,14,0.9964333,0.49876666
2010-04-06 17:00:00,2010-04-07 07:00:00,15,2.4640667,0.935
2010-04-06 17:00:00,2010-04-07 08:00:00,16,1.4139,1.728
2010-04-06 17:00:00,2010-04-07 09:00:00,17,1.3653667,1.8342
2010-04-06 17:00:00,2010-04-07 10:00:00,18,1.4228,2.0517666
2010-04-06 17:00:00,2010-04-07 11:00:00,19,1.9333333,1.9221333
2010-04-06 17:00:00,2010-04-07 12:00:00,20,1.6007333,1.5462
2010-04-06 17:00:00,2010-04-07 13:00:00,21,1.6148,1.5704334
2010-04-06 17:00:00,2010-04-07 14:00:00,22,2.0127332,1.9942666
2010-04-06 17:00:00,2010-04-07 15:00:00,23,0.63876665,1.9803
2010-04-06 17:00:00,2010-04-07 16:00:00,24,0.43076667,0.7770333
2010-04-07 17:00:00,2010-04-07 17:00:00,1,0.3765,0.73796666
2010-04-07 17:00:00,2010-04-07 18:00:00,2,0.43633333,0.7173
2010-04-07 17:00:00,2010-04-07 19:00:00,3,0.7996,0.8582
2010-04-07 17:00:00,2010-04-07 20:00:00,4,2.7103,3.1991
2010-04-07 17:00:00,2010-04-07 21:00:00,5,1.7610333,2.5128667
2010-04-07 17:00:00,2010-04-07 22:00:00,6,1.3279667,2.0876
2010-04-07 17:00:00,2010-04-07 23:00:00,7,0.35996667,0.8423333
2010-04-07 17:00:00,2010-04-08 00:00:00,8,0.40133333,0.34443334
2010-04-07 17:00:00,2010-04-08 01:00:00,9,0.9679667,0.36466667
2010-04-07 17:00:00,2010-04-08 02:00:00,10,0.51773334,0.93453336
2010-04-07 17:00:00,2010-04-08 03:00:00,11,0.34426665,0.47866666
2010-04-07 17:00:00,2010-04-08 04:00:00,12,0.30563334,0.39893332
2010-04-07 17:00:00,2010-04-08 05:00:00,13,0.36313334,0.42973334
2010-04-07 17:00:00,2010-04-08 06:00:00,14,0.6800333,0.9964333
2010-04-07 17:00:00,2010-04-08 07:00:00,15,2.0141,2.4640667
2010-04-07 17:00:00,2010-04-08 08:00:00,16,1.8648666,1.4139
2010-04-07 17:00:00,2010-04-08 09:00:00,17,1.4587333,1.3653667
2010-04-07 17:00:00,2010-04-08 10:00:00,18,1.4527667,1.4228
2010-04-07 17:00:00,2010-04-08 11:00:00,19,1.4484333,1.9333333
2010-04-07 17:00:00,2010-04-08 12:00:00,20,1.5700667,1.6007333
2010-04-07 17:00:00,2010-04-08 13:00:00,21,1.5657,1.6148
2010-04-07 17:00:00,2010-04-08 14:00:00,22,1.2318667,2.0127332
2010-04-07 17:00:00,2010-04-08 15:00:00,23,0.40376666,0.63876665
2010-04-07 17:00:00,2010-04-08 16:00:00,24,0.35683334,0.43076667
2010-04-08 17:00:00,2010-04-08 17:00:00,1,0.55806667,0.3765
2010-04-08 17:00:00,2010-04-08 18:00:00,2,0.8494667,0.43633333
2010-04-08 17:00:00,2010-04-08 19:00:00,3,1.5706,0.7996
2010-04-08 17:00:00,2010-04-08 20:00:00,4,2.6542666,2.7103
2010-04-08 17:00:00,2010-04-08 21:00:00,5,2.5194333,1.7610333
2010-04-08 17:00:00,2010-04-08 22:00:00,6,1.9635,1.3279667
2010-04-08 17:00:00,2010-04-08 23:00:00,7,0.42443332,0.35996667
2010-04-08 17:00:00,2010-04-09 00:00:00,8,0.31543332,0.40133333
2010-04-08 17:00:00,2010-04-09 01:00:00,9,0.33146667,0.9679667
2010-04-08 17:00:00,2010-04-09 02:00:00,10,0.28536665,0.51773334
2010-04-08 17:00:00,2010-04-09 03:00:00,11,0.3654,0.34426665
2010-04-08 17:00:00,2010-04-09 04:00:00,12,0.35596666,0.30563334
2010-04-08 17:00:00,2010-04-09 05:00:00,13,0.3725,0.36313334
2010-04-08 17:00:00,2010-04-09 06:00:00,14,0.86433333,0.6800333
2010-04-08 17:00:00,2010-04-09 07:00:00,15,2.0195334,2.0141
2010-04-08 17:00:00,2010-04-09 08:00:00,16,2.0941334,1.8648666
2010-04-08 17:00:00,2010-04-09 09:00:00,17,1.9298333,1.4587333
2010-04-08 17:00:00,2010-04-09 10:00:00,18,1.4441667,1.4527667
2010-04-08 17:00:00,2010-04-09 11:00:00,19,1.4657,1.4484333
2010-04-08 17:00:00,2010-04-09 12:00:00,20,1.2059667,1.5700667
2010-04-08 17:00:00,2010-04-09 13:00:00,21,0.33653334,1.5657
2010-04-08 17:00:00,2010-04-09 14:00:00,22,0.4758,1.2318667
2010-04-08 17:00:00,2010-04-09 15:00:00,23,0.43883333,0.40376666
2010-04-08 17:00:00,2010-04-09 16:00:00,24,1.3990667,0.35683334
2010-04-09 17:00:00,2010-04-09 17:00:00,1,1.2937666,0.55806667
2010-04-09 17:00:00,2010-04-09 18:00:00,2,0.45643333,0.8494667
2010-04-09 17:00:00,2010-04-09 19:00:00,3,0.5301333,1.5706
2010-04-09 17:00:00,2010-04-09 20:00:00,4,0.4002,2.6542666
2010-04-09 17:00:00,2010-04-09 21:00:00,5,0.5482,2.5194333
2010-04-09 17:00:00,2010-04-09 22:00:00,6,1.1739666,1.9635
2010-04-09 17:00:00,2010-04-09 23:00:00,7,0.4531,0.42443332
2010-04-09 17:00:00,2010-04-10 00:00:00,8,0.4239,0.31543332
2010-04-09 17:00:00,2010-04-10 01:00:00,9,0.32263333,0.33146667
2010-04-09 17:00:00,2010-04-10 02:00:00,10,0.33673334,0.28536665
2010-04-09 17:00:00,2010-04-10 03:00:00,11,0.29036668,0.3654
2010-04-09 17:00:00,2010-04-10 04:00:00,12,0.35203335,0.35596666
2010-04-09 17:00:00,2010-04-10 05:00:00,13,0.82643336,0.3725
2010-04-09 17:00:00,2010-04-10 06:00:00,14,0.7959333,0.86433333
2010-04-09 17:00:00,2010-04-10 07:00:00,15,2.0136666,2.0195334
2010-04-09 17:00:00,2010-04-10 08:00:00,16,1.4761333,2.0941334
2010-04-09 17:00:00,2010-04-10 09:00:00,17,1.3856,1.9298333
2010-04-09 17:00:00,2010-04-10 10:00:00,18,1.5903333,1.4441667
2010-04-09 17:00:00,2010-04-10 11:00:00,19,0.52346665,1.4657
2010-04-09 17:00:00,2010-04-10 12:00:00,20,0.5199,1.2059667
2010-04-09 17:00:00,2010-04-10 13:00:00,21,0.39986667,0.33653334
2010-04-09 17:00:00,2010-04-10 14:00:00,22,0.29676667,0.4758
2010-04-09 17:00:00,2010-04-10 15:00:00,23,0.3648,0.43883333
2010-04-09 17:00:00,2010-04-10 16:00:00,24,0.51533335,1.3990667
2010-04-25 17:00:00,2010-04-25 17:00:00,1,0.3283,1.6808333
2010-04-25 17:00:00,2010-04-25 18:00:00,2,0.38276666,2.4453
2010-04-25 17:00:00,2010-04-25 19:00:00,3,0.43536666,2.4780667
2010-04-25 17:00:00,2010-04-25 20:00:00,4,0.36833334,2.0275
2010-04-25 17:00:00,2010-04-25 21:00:00,5,0.36783335,3.1433334
2010-04-25 17:00:00,2010-04-25 22:00:00,6,0.9214333,3.0312
2010-04-25 17:00:00,2010-04-25 23:00:00,7,0.39616665,1.7442
2010-04-25 17:00:00,2010-04-26 00:00:00,8,0.4195,1.6366333
2010-04-25 17:00:00,2010-04-26 01:00:00,9,0.3576,2.7611334
2010-04-25 17:00:00,2010-04-26 02:00:00,10,0.3525,1.9335333
2010-04-25 17:00:00,2010-04-26 03:00:00,11,0.36146668,1.6507334
2010-04-25 17:00:00,2010-04-26 04:00:00,12,0.39893332,1.866
2010-04-25 17:00:00,2010-04-26 05:00:00,13,0.3567,1.7733667
2010-04-25 17:00:00,2010-04-26 06:00:00,14,0.35583332,0.42626667
2010-04-25 17:00:00,2010-04-26 07:00:00,15,0.35833332,0.41663334
2010-04-25 17:00:00,2010-04-26 08:00:00,16,1.1722333,0.42106667
2010-04-25 17:00:00,2010-04-26 09:00:00,17,0.57556665,0.42003334
2010-04-25 17:00:00,2010-04-26 10:00:00,18,0.399,1.9056667
2010-04-25 17:00:00,2010-04-26 11:00:00,19,0.5157667,1.8239334
2010-04-25 17:00:00,2010-04-26 12:00:00,20,0.41466665,1.9839667
2010-04-25 17:00:00,2010-04-26 13:00:00,21,0.5905667,1.9141333
2010-04-25 17:00:00,2010-04-26 14:00:00,22,0.42476666,0.7066
2010-04-25 17:00:00,2010-04-26 15:00:00,23,1.7113667,0.42853335
2010-04-25 17:00:00,2010-04-26 16:00:00,24,0.9776,0.44393334
2010-04-26 17:00:00,2010-04-26 17:00:00,1,0.376,0.3283
2010-04-26 17:00:00,2010-04-26 18:00:00,2,0.48513332,0.38276666
2010-04-26 17:00:00,2010-04-26 19:00:00,3,1.4830333,0.43536666
2010-04-26 17:00:00,2010-04-26 20:00:00,4,1.4643,0.36833334
2010-04-26 17:00:00,2010-04-26 21:00:00,5,1.4257667,0.36783335
2010-04-26 17:00:00,2010-04-26 22:00:00,6,2.1843333,0.9214333
2010-04-26 17:00:00,2010-04-26 23:00:00,7,0.8843,0.39616665
2010-04-26 17:00:00,2010-04-27 00:00:00,8,0.90566665,0.4195
2010-04-26 17:00:00,2010-04-27 01:00:00,9,0.84493333,0.3576
2010-04-26 17:00:00,2010-04-27 02:00:00,10,0.8372667,0.3525
2010-04-26 17:00:00,2010-04-27 03:00:00,11,0.7849333,0.36146668
2010-04-26 17:00:00,2010-04-27 04:00:00,12,0.8844333,0.39893332
2010-04-26 17:00:00,2010-04-27 05:00:00,13,0.8395,0.3567
2010-04-26 17:00:00,2010-04-27 06:00:00,14,0.8296667,0.35583332
2010-04-26 17:00:00,2010-04-27 07:00:00,15,0.805,0.35833332
2010-04-26 17:00:00,2010-04-27 08:00:00,16,2.2631667,1.1722333
2010-04-26 17:00:00,2010-04-27 09:00:00,17,1.5056666,0.57556665
2010-04-26 17:00:00,2010-04-27 10:00:00,18,1.4813,0.399
2010-04-26 17:00:00,2010-04-27 11:00:00,19,1.4488667,0.5157667
2010-04-26 17:00:00,2010-04-27 12:00:00,20,1.5308334,0.41466665
2010-04-26 17:00:00,2010-04-27 13:00:00,21,1.0180334,0.5905667
2010-04-26 17:00:00,2010-04-27 14:00:00,22,0.5066,0.42476666
2010-04-26 17:00:00,2010-04-27 15:00:00,23,0.44523335,1.7113667
2010-04-26 17:00:00,2010-04-27 16:00:00,24,0.4316,0.9776
2010-04-27 17:00:00,2010-04-27 17:00:00,1,0.33816665,0.376
2010-04-27 17:00:00,2010-04-27 18:00:00,2,0.41353333,0.48513332
2010-04-27 17:00:00,2010-04-27 19:00:00,3,0.3387,1.4830333
2010-04-27 17:00:00,2010-04-27 20:00:00,4,0.4153,1.4643
2010-04-27 17:00:00,2010-04-27 21:00:00,5,0.3497,1.4257667
2010-04-27 17:00:00,2010-04-27 22:00:00,6,0.44313332,2.1843333
2010-04-27 17:00:00,2010-04-27 23:00:00,7,1.1877667,0.8843
2010-04-27 17:00:00,2010-04-28 00:00:00,8,0.41583332,0.90566665
2010-04-27 17:00:00,2010-04-28 01:00:00,9,0.33766666,0.84493333
2010-04-27 17:00:00,2010-04-28 02:00:00,10,0.351,0.8372667
2010-04-27 17:00:00,2010-04-28 03:00:00,11,0.32276666,0.7849333
2010-04-27 17:00:00,2010-04-28 04:00:00,12,0.40406665,0.8844333
2010-04-27 17:00:00,2010-04-28 05:00:00,13,0.3438,0.8395
2010-04-27 17:00:00,2010-04-28 06:00:00,14,0.35293335,0.8296667
2010-04-27 17:00:00,2010-04-28 07:00:00,15,0.36983332,0.805
2010-04-27 17:00:00,2010-04-28 08:00:00,16,0.381,2.2631667
2010-04-27 17:00:00,2010-04-28 09:00:00,17,0.74543333,1.5056666
2010-04-27 17:00:00,2010-04-28 10:00:00,18,1.4462,1.4813
2010-04-27 17:00:00,2010-04-28 11:00:00,19,1.0110333,1.4488667
2010-04-27 17:00:00,2010-04-28 12:00:00,20,0.46066666,1.5308334
2010-04-27 17:00:00,2010-04-28 13:00:00,21,0.32486665,1.0180334
2010-04-27 17:00:00,2010-04-28 14:00:00,22,0.38823333,0.5066
2010-04-27 17:00:00,2010-04-28 15:00:00,23,0.38673332,0.44523335
2010-04-27 17:00:00,2010-04-28 16:00:00,24,0.44023332,0.4316
2010-04-28 17:00:00,2010-04-28 17:00:00,1,0.37943333,0.33816665
2010-04-28 17:00:00,2010-04-28 18:00:00,2,0.47446668,0.41353333
2010-04-28 17:00:00,2010-04-28 19:00:00,3,1.3490334,0.3387
2010-04-28 17:00:00,2010-04-28 20:00:00,4,1.8294667,0.4153
2010-04-28 17:00:00,2010-04-28 21:00:00,5,1.0706,0.3497
2010-04-28 17:00:00,2010-04-28 22:00:00,6,0.3947,0.44313332
2010-04-28 17:00:00,2010-04-28 23:00:00,7,0.4843,1.1877667
2010-04-28 17:00:00,2010-04-29 00:00:00,8,1.5426,0.41583332
2010-04-28 17:00:00,2010-04-29 01:00:00,9,0.7933667,0.33766666
2010-04-28 17:00:00,2010-04-29 02:00:00,10,0.7035667,0.351
2010-04-28 17:00:00,2010-04-29 03:00:00,11,0.70163333,0.32276666
2010-04-28 17:00:00,2010-04-29 04:00:00,12,0.7249333,0.40406665
2010-04-28 17:00:00,2010-04-29 05:00:00,13,0.6062667,0.3438
2010-04-28 17:00:00,2010-04-29 06:00:00,14,0.7924,0.35293335
2010-04-28 17:00:00,2010-04-29 07:00:00,15,1.4452333,0.36983332
2010-04-28 17:00:00,2010-04-29 08:00:00,16,1.6148334,0.381
2010-04-28 17:00:00,2010-04-29 09:00:00,17,1.8318,0.74543333
2010-04-28 17:00:00,2010-04-29 10:00:00,18,1.2689,1.4462
2010-04-28 17:00:00,2010-04-29 11:00:00,19,0.35363334,1.0110333
2010-04-28 17:00:00,2010-04-29 12:00:00,20,0.3387,0.46066666
2010-04-28 17:00:00,2010-04-29 13:00:00,21,0.3834,0.32486665
2010-04-28 17:00:00,2010-04-29 14:00:00,22,0.4287,0.38823333
2010-04-28 17:00:00,2010-04-29 15:00:00,23,0.37493333,0.38673332
2010-04-28 17:00:00,2010-04-29 16:00:00,24,0.35006666,0.44023332
2010-04-29 17:00:00,2010-04-29 17:00:00,1,0.5626,0.37943333
2010-04-29 17:00:00,2010-04-29 18:00:00,2,0.8042667,0.47446668
2010-04-29 17:00:00,2010-04-29 19:00:00,3,1.2683333,1.3490334
2010-04-29 17:00:00,2010-04-29 20:00:00,4,0.37853333,1.8294667
2010-04-29 17:00:00,2010-04-29 21:00:00,5,0.34723333,1.0706
2010-04-29 17:00:00,2010-04-29 22:00:00,6,0.3579,0.3947
2010-04-29 17:00:00,2010-04-29 23:00:00,7,0.42156667,0.4843
2010-04-29 17:00:00,2010-04-30 00:00:00,8,0.41556665,1.5426
2010-04-29 17:00:00,2010-04-30 01:00:00,9,0.3475,0.7933667
2010-04-29 17:00:00,2010-04-30 02:00:00,10,0.36446667,0.7035667
2010-04-29 17:00:00,2010-04-30 03:00:00,11,0.35,0.70163333
2010-04-29 17:00:00,2010-04-30 04:00:00,12,1.0403666,0.7249333
2010-04-29 17:00:00,2010-04-30 05:00:00,13,0.52926666,0.6062667
2010-04-29 17:00:00,2010-04-30 06:00:00,14,0.34483334,0.7924
2010-04-29 17:00:00,2010-04-30 07:00:00,15,0.33043334,1.4452333
2010-04-29 17:00:00,2010-04-30 08:00:00,16,0.3597,1.6148334
2010-04-29 17:00:00,2010-04-30 09:00:00,17,0.9388667,1.8318
2010-04-29 17:00:00,2010-04-30 10:00:00,18,1.2614334,1.2689
2010-04-29 17:00:00,2010-04-30 11:00:00,19,0.61576664,0.35363334
2010-04-29 17:00:00,2010-04-30 12:00:00,20,1.9986,0.3387
2010-04-29 17:00:00,2010-04-30 13:00:00,21,0.977,0.3834
2010-04-29 17:00:00,2010-04-30 14:00:00,22,1.4853333,0.4287
2010-04-29 17:00:00,2010-04-30 15:00:00,23,0.86053336,0.37493333
2010-04-29 17:00:00,2010-04-30 16:00:00,24,0.9906,0.35006666
2010-04-30 17:00:00,2010-04-30 17:00:00,1,2.8436334,0.5626
2010-04-30 17:00:00,2010-04-30 18:00:00,2,0.7098333,0.8042667
2010-04-30 17:00:00,2010-04-30 19:00:00,3,0.36363333,1.2683333
2010-04-30 17:00:00,2010-04-30 20:00:00,4,0.35053334,0.37853333
2010-04-30 17:00:00,2010-04-30 21:00:00,5,0.35133332,0.34723333
2010-04-30 17:00:00,2010-04-30 22:00:00,6,0.43046665,0.3579
2010-04-30 17:00:00,2010-04-30 23:00:00,7,0.3841,0.42156667
2010-04-30 17:00:00,2010-05-01 00:00:00,8,0.3496,0.41556665
2010-04-30 17:00:00,2010-05-01 01:00:00,9,0.4738,0.3475
2010-04-30 17:00:00,2010-05-01 02:00:00,10,0.7753,0.36446667
2010-04-30 17:00:00,2010-05-01 03:00:00,11,0.38893333,0.35
2010-04-30 17:00:00,2010-05-01 04:00:00,12,0.35083333,1.0403666
2010-04-30 17:00:00,2010-05-01 05:00:00,13,0.3363,0.52926666
2010-04-30 17:00:00,2010-05-01 06:00:00,14,0.37316668,0.34483334
2010-04-30 17:00:00,2010-05-01 07:00:00,15,0.41573334,0.33043334
2010-04-30 17:00:00,2010-05-01 08:00:00,16,0.31133333,0.3597
2010-04-30 17:00:00,2010-05-01 09:00:00,17,0.3417,0.9388667
2010-04-30 17:00:00,2010-05-01 10:00:00,18,1.2088,1.2614334
2010-04-30 17:00:00,2010-05-01 11:00:00,19,2.6106,0.61576664
2010-04-30 17:00:00,2010-05-01 12:00:00,20,1.5781333,1.9986
2010-04-30 17:00:00,2010-05-01 13:00:00,21,0.5086,0.977
2010-04-30 17:00:00,2010-05-01 14:00:00,22,2.5501,1.4853333
2010-04-30 17:00:00,2010-05-01 15:00:00,23,1.1692333,0.86053336
2010-04-30 17:00:00,2010-05-01 16:00:00,24,0.50443333,0.9906
2010-05-01 17:00:00,2010-05-01 17:00:00,1,0.4151,2.8436334
2010-05-01 17:00:00,2010-05-01 18:00:00,2,0.3371,0.7098333
2010-05-01 17:00:00,2010-05-01 19:00:00,3,0.5240333,0.36363333
2010-05-01 17:00:00,2010-05-01 20:00:00,4,0.8862333,0.35053334
2010-05-01 17:00:00,2010-05-01 21:00:00,5,1.5693667,0.35133332
2010-05-01 17:00:00,2010-05-01 22:00:00,6,2.5912333,0.43046665
2010-05-01 17:00:00,2010-05-01 23:00:00,7,1.4329667,0.3841
2010-05-01 17:00:00,2010-05-02 00:00:00,8,0.35856667,0.3496
2010-05-01 17:00:00,2010-05-02 01:00:00,9,0.35653332,0.4738
2010-05-01 17:00:00,2010-05-02 02:00:00,10,0.39083335,0.7753
2010-05-01 17:00:00,2010-05-02 03:00:00,11,0.3836,0.38893333
2010-05-01 17:00:00,2010-05-02 04:00:00,12,0.36403334,0.35083333
2010-05-01 17:00:00,2010-05-02 05:00:00,13,0.36226666,0.3363
2010-05-01 17:00:00,2010-05-02 06:00:00,14,0.35003334,0.37316668
2010-05-01 17:00:00,2010-05-02 07:00:00,15,1.5182333,0.41573334
2010-05-01 17:00:00,2010-05-02 08:00:00,16,1.5409666,0.31133333
2010-05-01 17:00:00,2010-05-02 09:00:00,17,1.636,0.3417
2010-05-01 17:00:00,2010-05-02 10:00:00,18,0.83353335,1.2088
2010-05-01 17:00:00,2010-05-02 11:00:00,19,1.6141666,2.6106
2010-05-01 17:00:00,2010-05-02 12:00:00,20,3.5630667,1.5781333
2010-05-01 17:00:00,2010-05-02 13:00:00,21,3.5252333,0.5086
2010-05-01 17:00:00,2010-05-02 14:00:00,22,1.9146333,2.5501
2010-05-01 17:00:00,2010-05-02 15:00:00,23,2.2805333,1.1692333
2010-05-01 17:00:00,2010-05-02 16:00:00,24,1.7898333,0.50443333
2010-05-02 17:00:00,2010-05-02 17:00:00,1,1.7991333,0.4151
2010-05-02 17:00:00,2010-05-02 18:00:00,2,1.7934667,0.3371
2010-05-02 17:00:00,2010-05-02 19:00:00,3,3.7739,0.5240333
2010-05-02 17:00:00,2010-05-02 20:00:00,4,2.5308,0.8862333
2010-05-02 17:00:00,2010-05-02 21:00:00,5,2.776,1.5693667
2010-05-02 17:00:00,2010-05-02 22:00:00,6,0.61793333,2.5912333
2010-05-02 17:00:00,2010-05-02 23:00:00,7,0.39186665,1.4329667
2010-05-02 17:00:00,2010-05-03 00:00:00,8,0.41223332,0.35856667
2010-05-02 17:00:00,2010-05-03 01:00:00,9,0.37496668,0.35653332
2010-05-02 17:00:00,2010-05-03 02:00:00,10,0.3439,0.39083335
2010-05-02 17:00:00,2010-05-03 03:00:00,11,0.34063333,0.3836
2010-05-02 17:00:00,2010-05-03 04:00:00,12,1.0999334,0.36403334
2010-05-02 17:00:00,2010-05-03 05:00:00,13,0.3263,0.36226666
2010-05-02 17:00:00,2010-05-03 06:00:00,14,0.77143335,0.35003334
2010-05-02 17:00:00,2010-05-03 07:00:00,15,2.0927,1.5182333
2010-05-02 17:00:00,2010-05-03 08:00:00,16,1.4167,1.5409666
2010-05-02 17:00:00,2010-05-03 09:00:00,17,1.3820333,1.636
2010-05-02 17:00:00,2010-05-03 10:00:00,18,1.3711667,0.83353335
2010-05-02 17:00:00,2010-05-03 11:00:00,19,1.3226334,1.6141666
2010-05-02 17:00:00,2010-05-03 12:00:00,20,0.9827667,3.5630667
2010-05-02 17:00:00,2010-05-03 13:00:00,21,0.3752,3.5252333
2010-05-02 17:00:00,2010-05-03 14:00:00,22,0.34176666,1.9146333
2010-05-02 17:00:00,2010-05-03 15:00:00,23,0.3299,2.2805333
2010-05-02 17:00:00,2010-05-03 16:00:00,24,0.35293335,1.7898333
2010-05-03 17:00:00,2010-05-03 17:00:00,1,0.37,1.7991333
2010-05-03 17:00:00,2010-05-03 18:00:00,2,0.5389,1.7934667
2010-05-03 17:00:00,2010-05-03 19:00:00,3,2.1568334,3.7739
2010-05-03 17:00:00,2010-05-03 20:00:00,4,2.6444666,2.5308
2010-05-03 17:00:00,2010-05-03 21:00:00,5,2.3928,2.776
2010-05-03 17:00:00,2010-05-03 22:00:00,6,1.4212,0.61793333
2010-05-03 17:00:00,2010-05-03 23:00:00,7,0.3603,0.39186665
2010-05-03 17:00:00,2010-05-04 00:00:00,8,0.3779,0.41223332
2010-05-03 17:00:00,2010-05-04 01:00:00,9,0.33353335,0.37496668
2010-05-03 17:00:00,2010-05-04 02:00:00,10,0.3046,0.3439
2010-05-03 17:00:00,2010-05-04 03:00:00,11,0.37926668,0.34063333
2010-05-03 17:00:00,2010-05-04 04:00:00,12,0.33933333,1.0999334
2010-05-03 17:00:00,2010-05-04 05:00:00,13,0.29293334,0.3263
2010-05-03 17:00:00,2010-05-04 06:00:00,14,0.89676666,0.77143335
2010-05-03 17:00:00,2010-05-04 07:00:00,15,1.1859,2.0927
2010-05-03 17:00:00,2010-05-04 08:00:00,16,1.9222333,1.4167
2010-05-03 17:00:00,2010-05-04 09:00:00,17,1.9374666,1.3820333
2010-05-03 17:00:00,2010-05-04 10:00:00,18,1.8925333,1.3711667
2010-05-03 17:00:00,2010-05-04 11:00:00,19,1.4468334,1.3226334
2010-05-03 17:00:00,2010-05-04 12:00:00,20,1.3913,0.9827667
2010-05-03 17:00:00,2010-05-04 13:00:00,21,1.3236333,0.3752
2010-05-03 17:00:00,2010-05-04 14:00:00,22,1.3724,0.34176666
2010-05-03 17:00:00,2010-05-04 15:00:00,23,1.3889667,0.3299
2010-05-03 17:00:00,2010-05-04 16:00:00,24,0.7543333,0.35293335
2010-05-04 17:00:00,2010-05-04 17:00:00,1,0.5214,0.37
2010-05-04 17:00:00,2010-05-04 18:00:00,2,0.7041,0.5389
2010-05-04 17:00:00,2010-05-04 19:00:00,3,1.3919667,2.1568334
2010-05-04 17:00:00,2010-05-04 20:00:00,4,1.9786333,2.6444666
2010-05-04 17:00:00,2010-05-04 21:00:00,5,1.4030666,2.3928
2010-05-04 17:00:00,2010-05-04 22:00:00,6,1.1828667,1.4212
2010-05-04 17:00:00,2010-05-04 23:00:00,7,0.5607,0.3603
2010-05-04 17:00:00,2010-05-05 00:00:00,8,0.36133334,0.3779
2010-05-04 17:00:00,2010-05-05 01:00:00,9,0.29863334,0.33353335
2010-05-04 17:00:00,2010-05-05 02:00:00,10,0.37863332,0.3046
2010-05-04 17:00:00,2010-05-05 03:00:00,11,0.8437667,0.37926668
2010-05-04 17:00:00,2010-05-05 04:00:00,12,0.57,0.33933333
2010-05-04 17:00:00,2010-05-05 05:00:00,13,0.29203334,0.29293334
2010-05-04 17:00:00,2010-05-05 06:00:00,14,0.6113667,0.89676666
2010-05-04 17:00:00,2010-05-05 07:00:00,15,1.5195333,1.1859
2010-05-04 17:00:00,2010-05-05 08:00:00,16,1.2416333,1.9222333
2010-05-04 17:00:00,2010-05-05 09:00:00,17,2.3683,1.9374666
2010-05-04 17:00:00,2010-05-05 10:00:00,18,2.1899667,1.8925333
2010-05-04 17:00:00,2010-05-05 11:00:00,19,1.5189667,1.4468334
2010-05-04 17:00:00,2010-05-05 12:00:00,20,1.4798666,1.3913
2010-05-04 17:00:00,2010-05-05 13:00:00,21,1.4567667,1.3236333
2010-05-04 17:00:00,2010-05-05 14:00:00,22,2.4275334,1.3724
2010-05-04 17:00:00,2010-05-05 15:00:00,23,1.9371,1.3889667
2010-05-04 17:00:00,2010-05-05 16:00:00,24,0.45446667,0.7543333
2010-05-05 17:00:00,2010-05-05 17:00:00,1,0.58453333,0.5214
2010-05-05 17:00:00,2010-05-05 18:00:00,2,0.76856667,0.7041
2010-05-05 17:00:00,2010-05-05 19:00:00,3,1.3298334,1.3919667
2010-05-05 17:00:00,2010-05-05 20:00:00,4,1.8826333,1.9786333
2010-05-05 17:00:00,2010-05-05 21:00:00,5,3.1247,1.4030666
2010-05-05 17:00:00,2010-05-05 22:00:00,6,1.8031666,1.1828667
2010-05-05 17:00:00,2010-05-05 23:00:00,7,0.6451333,0.5607
2010-05-05 17:00:00,2010-05-06 00:00:00,8,0.3465,0.36133334
2010-05-05 17:00:00,2010-05-06 01:00:00,9,0.38966668,0.29863334
2010-05-05 17:00:00,2010-05-06 02:00:00,10,0.3371,0.37863332
2010-05-05 17:00:00,2010-05-06 03:00:00,11,0.6175,0.8437667
2010-05-05 17:00:00,2010-05-06 04:00:00,12,0.7809,0.57
2010-05-05 17:00:00,2010-05-06 05:00:00,13,0.32326666,0.29203334
2010-05-05 17:00:00,2010-05-06 06:00:00,14,0.5272,0.6113667
2010-05-05 17:00:00,2010-05-06 07:00:00,15,1.2249334,1.5195333
2010-05-05 17:00:00,2010-05-06 08:00:00,16,1.7262334,1.2416333
2010-05-05 17:00:00,2010-05-06 09:00:00,17,1.3930666,2.3683
2010-05-05 17:00:00,2010-05-06 10:00:00,18,1.3164667,2.1899667
2010-05-05 17:00:00,2010-05-06 11:00:00,19,1.4319667,1.5189667
2010-05-05 17:00:00,2010-05-06 12:00:00,20,1.4989333,1.4798666
2010-05-05 17:00:00,2010-05-06 13:00:00,21,1.2481667,1.4567667
2010-05-05 17:00:00,2010-05-06 14:00:00,22,0.45546666,2.4275334
2010-05-05 17:00:00,2010-05-06 15:00:00,23,0.5316,1.9371
2010-05-05 17:00:00,2010-05-06 16:00:00,24,0.34716666,0.45446667
2010-05-06 17:00:00,2010-05-06 17:00:00,1,0.4518,0.58453333
2010-05-06 17:00:00,2010-05-06 18:00:00,2,1.2337,0.76856667
2010-05-06 17:00:00,2010-05-06 19:00:00,3,1.8178667,1.3298334
2010-05-06 17:00:00,2010-05-06 20:00:00,4,1.4060667,1.8826333
2010-05-06 17:00:00,2010-05-06 21:00:00,5,0.9249333,3.1247
2010-05-06 17:00:00,2010-05-06 22:00:00,6,0.87866664,1.8031666
2010-05-06 17:00:00,2010-05-06 23:00:00,7,0.445,0.6451333
2010-05-06 17:00:00,2010-05-07 00:00:00,8,0.3311,0.3465
2010-05-06 17:00:00,2010-05-07 01:00:00,9,0.32666665,0.38966668
2010-05-06 17:00:00,2010-05-07 02:00:00,10,0.3429,0.3371
2010-05-06 17:00:00,2010-05-07 03:00:00,11,0.36046666,0.6175
2010-05-06 17:00:00,2010-05-07 04:00:00,12,1.0356,0.7809
2010-05-06 17:00:00,2010-05-07 05:00:00,13,0.36173335,0.32326666
2010-05-06 17:00:00,2010-05-07 06:00:00,14,1.2250667,0.5272
2010-05-06 17:00:00,2010-05-07 07:00:00,15,2.0432668,1.2249334
2010-05-06 17:00:00,2010-05-07 08:00:00,16,1.7176666,1.7262334
2010-05-06 17:00:00,2010-05-07 09:00:00,17,1.863,1.3930666
2010-05-06 17:00:00,2010-05-07 10:00:00,18,1.3217666,1.3164667
2010-05-06 17:00:00,2010-05-07 11:00:00,19,1.3786334,1.4319667
2010-05-06 17:00:00,2010-05-07 12:00:00,20,1.6298333,1.4989333
2010-05-06 17:00:00,2010-05-07 13:00:00,21,0.67333335,1.2481667
2010-05-06 17:00:00,2010-05-07 14:00:00,22,0.6678,0.45546666
2010-05-06 17:00:00,2010-05-07 15:00:00,23,1.3448666,0.5316
2010-05-06 17:00:00,2010-05-07 16:00:00,24,0.90936667,0.34716666
2010-05-07 17:00:00,2010-05-07 17:00:00,1,0.36963335,0.4518
2010-05-07 17:00:00,2010-05-07 18:00:00,2,0.5626,1.2337
2010-05-07 17:00:00,2010-05-07 19:00:00,3,1.4755334,1.8178667
2010-05-07 17:00:00,2010-05-07 20:00:00,4,2.2909667,1.4060667
2010-05-07 17:00:00,2010-05-07 21:00:00,5,2.2999666,0.9249333
2010-05-07 17:00:00,2010-05-07 22:00:00,6,1.5582334,0.87866664
2010-05-07 17:00:00,2010-05-07 23:00:00,7,1.3100667,0.445
2010-05-07 17:00:00,2010-05-08 00:00:00,8,1.0309334,0.3311
2010-05-07 17:00:00,2010-05-08 01:00:00,9,2.1358333,0.32666665
2010-05-07 17:00:00,2010-05-08 02:00:00,10,1.2079,0.3429
2010-05-07 17:00:00,2010-05-08 03:00:00,11,0.9025,0.36046666
2010-05-07 17:00:00,2010-05-08 04:00:00,12,0.3192,1.0356
2010-05-07 17:00:00,2010-05-08 05:00:00,13,0.39076668,0.36173335
2010-05-07 17:00:00,2010-05-08 06:00:00,14,0.33366665,1.2250667
2010-05-07 17:00:00,2010-05-08 07:00:00,15,0.3592,2.0432668
2010-05-07 17:00:00,2010-05-08 08:00:00,16,0.50133336,1.7176666
2010-05-07 17:00:00,2010-05-08 09:00:00,17,2.4222333,1.863
2010-05-07 17:00:00,2010-05-08 10:00:00,18,2.6937666,1.3217666
2010-05-07 17:00:00,2010-05-08 11:00:00,19,2.1389,1.3786334
2010-05-07 17:00:00,2010-05-08 12:00:00,20,1.4613,1.6298333
2010-05-07 17:00:00,2010-05-08 13:00:00,21,1.4432666,0.67333335
2010-05-07 17:00:00,2010-05-08 14:00:00,22,1.4543,0.6678
2010-05-07 17:00:00,2010-05-08 15:00:00,23,0.60823333,1.3448666
2010-05-07 17:00:00,2010-05-08 16:00:00,24,0.35373333,0.90936667
2010-05-08 17:00:00,2010-05-08 17:00:00,1,0.35506666,0.36963335
2010-05-08 17:00:00,2010-05-08 18:00:00,2,0.3776,0.5626
2010-05-08 17:00:00,2010-05-08 19:00:00,3,0.32636666,1.4755334
2010-05-08 17:00:00,2010-05-08 20:00:00,4,0.4219,2.2909667
2010-05-08 17:00:00,2010-05-08 21:00:00,5,3.2730334,2.2999666
2010-05-08 17:00:00,2010-05-08 22:00:00,6,0.5933,1.5582334
2010-05-08 17:00:00,2010-05-08 23:00:00,7,0.4527,1.3100667
2010-05-08 17:00:00,2010-05-09 00:00:00,8,0.41843334,1.0309334
2010-05-08 17:00:00,2010-05-09 01:00:00,9,0.5043333,2.1358333
2010-05-08 17:00:00,2010-05-09 02:00:00,10,0.40513334,1.2079
2010-05-08 17:00:00,2010-05-09 03:00:00,11,0.4043,0.9025
2010-05-08 17:00:00,2010-05-09 04:00:00,12,0.3339,0.3192
2010-05-08 17:00:00,2010-05-09 05:00:00,13,0.34136668,0.39076668
2010-05-08 17:00:00,2010-05-09 06:00:00,14,0.91186666,0.33366665
2010-05-08 17:00:00,2010-05-09 07:00:00,15,0.5787,0.3592
2010-05-08 17:00:00,2010-05-09 08:00:00,16,0.4759,0.50133336
2010-05-08 17:00:00,2010-05-09 09:00:00,17,0.7206333,2.4222333
2010-05-08 17:00:00,2010-05-09 10:00:00,18,2.589,2.6937666
2010-05-08 17:00:00,2010-05-09 11:00:00,19,2.0800667,2.1389
2010-05-08 17:00:00,2010-05-09 12:00:00,20,1.5217,1.4613
2010-05-08 17:00:00,2010-05-09 13:00:00,21,1.5006,1.4432666
2010-05-08 17:00:00,2010-05-09 14:00:00,22,1.6730334,1.4543
2010-05-08 17:00:00,2010-05-09 15:00:00,23,0.9791,0.60823333
2010-05-08 17:00:00,2010-05-09 16:00:00,24,0.5596667,0.35373333
2010-05-09 17:00:00,2010-05-09 17:00:00,1,1.0072,0.35506666
2010-05-09 17:00:00,2010-05-09 18:00:00,2,0.92436665,0.3776
2010-05-09 17:00:00,2010-05-09 19:00:00,3,1.8075,0.32636666
2010-05-09 17:00:00,2010-05-09 20:00:00,4,2.4892,0.4219
2010-05-09 17:00:00,2010-05-09 21:00:00,5,2.3592668,3.2730334
2010-05-09 17:00:00,2010-05-09 22:00:00,6,1.1152333,0.5933
2010-05-09 17:00:00,2010-05-09 23:00:00,7,0.408,0.4527
2010-05-09 17:00:00,2010-05-10 00:00:00,8,0.4233,0.41843334
2010-05-09 17:00:00,2010-05-10 01:00:00,9,0.34986666,0.5043333
2010-05-09 17:00:00,2010-05-10 02:00:00,10,0.41043332,0.40513334
2010-05-09 17:00:00,2010-05-10 03:00:00,11,0.3747,0.4043
2010-05-09 17:00:00,2010-05-10 04:00:00,12,0.359,0.3339
2010-05-09 17:00:00,2010-05-10 05:00:00,13,0.8362,0.34136668
2010-05-09 17:00:00,2010-05-10 06:00:00,14,0.633,0.91186666
2010-05-09 17:00:00,2010-05-10 07:00:00,15,1.8666667,0.5787
2010-05-09 17:00:00,2010-05-10 08:00:00,16,1.4740666,0.4759
2010-05-09 17:00:00,2010-05-10 09:00:00,17,1.3697,0.7206333
2010-05-09 17:00:00,2010-05-10 10:00:00,18,1.4806,2.589
2010-05-09 17:00:00,2010-05-10 11:00:00,19,1.4476,2.0800667
2010-05-09 17:00:00,2010-05-10 12:00:00,20,1.1581334,1.5217
2010-05-09 17:00:00,2010-05-10 13:00:00,21,0.39683333,1.5006
2010-05-09 17:00:00,2010-05-10 14:00:00,22,0.6421667,1.6730334
2010-05-09 17:00:00,2010-05-10 15:00:00,23,0.4062,0.9791
2010-05-09 17:00:00,2010-05-10 16:00:00,24,0.42703333,0.5596667
2010-05-10 17:00:00,2010-05-10 17:00:00,1,0.41973335,1.0072
2010-05-10 17:00:00,2010-05-10 18:00:00,2,0.43106666,0.92436665
2010-05-10 17:00:00,2010-05-10 19:00:00,3,1.1695,1.8075
2010-05-10 17:00:00,2010-05-10 20:00:00,4,2.4106667,2.4892
2010-05-10 17:00:00,2010-05-10 21:00:00,5,2.9157,2.3592668
2010-05-10 17:00:00,2010-05-10 22:00:00,6,1.6507,1.1152333
2010-05-10 17:00:00,2010-05-10 23:00:00,7,1.412,0.408
2010-05-10 17:00:00,2010-05-11 00:00:00,8,1.4787667,0.4233
2010-05-10 17:00:00,2010-05-11 01:00:00,9,1.4476334,0.34986666
2010-05-10 17:00:00,2010-05-11 02:00:00,10,1.4576666,0.41043332
2010-05-10 17:00:00,2010-05-11 03:00:00,11,0.3954,0.3747
2010-05-10 17:00:00,2010-05-11 04:00:00,12,0.40703332,0.359
2010-05-10 17:00:00,2010-05-11 05:00:00,13,0.3084,0.8362
2010-05-10 17:00:00,2010-05-11 06:00:00,14,0.7299333,0.633
2010-05-10 17:00:00,2010-05-11 07:00:00,15,2.1199,1.8666667
2010-05-10 17:00:00,2010-05-11 08:00:00,16,2.2432,1.4740666
2010-05-10 17:00:00,2010-05-11 09:00:00,17,1.5963666,1.3697
2010-05-10 17:00:00,2010-05-11 10:00:00,18,1.6475,1.4806
2010-05-10 17:00:00,2010-05-11 11:00:00,19,1.6040666,1.4476
2010-05-10 17:00:00,2010-05-11 12:00:00,20,1.2644,1.1581334
2010-05-10 17:00:00,2010-05-11 13:00:00,21,1.0311,0.39683333
2010-05-10 17:00:00,2010-05-11 14:00:00,22,0.46913335,0.6421667
2010-05-10 17:00:00,2010-05-11 15:00:00,23,0.4855,0.4062
2010-05-10 17:00:00,2010-05-11 16:00:00,24,0.76016665,0.42703333
2010-05-11 17:00:00,2010-05-11 17:00:00,1,0.8795,0.41973335
2010-05-11 17:00:00,2010-05-11 18:00:00,2,1.1376333,0.43106666
2010-05-11 17:00:00,2010-05-11 19:00:00,3,2.0624332,1.1695
2010-05-11 17:00:00,2010-05-11 20:00:00,4,1.0880667,2.4106667
2010-05-11 17:00:00,2010-05-11 21:00:00,5,0.55586666,2.9157
2010-05-11 17:00:00,2010-05-11 22:00:00,6,0.4442,1.6507
2010-05-11 17:00:00,2010-05-11 23:00:00,7,0.5756,1.412
2010-05-11 17:00:00,2010-05-12 00:00:00,8,0.3264,1.4787667
2010-05-11 17:00:00,2010-05-12 01:00:00,9,0.98616666,1.4476334
2010-05-11 17:00:00,2010-05-12 02:00:00,10,0.5014667,1.4576666
2010-05-11 17:00:00,2010-05-12 03:00:00,11,0.3509,0.3954
2010-05-11 17:00:00,2010-05-12 04:00:00,12,0.3149,0.40703332
2010-05-11 17:00:00,2010-05-12 05:00:00,13,0.31976667,0.3084
2010-05-11 17:00:00,2010-05-12 06:00:00,14,0.9449667,0.7299333
2010-05-11 17:00:00,2010-05-12 07:00:00,15,2.4613333,2.1199
2010-05-11 17:00:00,2010-05-12 08:00:00,16,2.1047,2.2432
2010-05-11 17:00:00,2010-05-12 09:00:00,17,1.6658,1.5963666
2010-05-11 17:00:00,2010-05-12 10:00:00,18,1.5169667,1.6475
2010-05-11 17:00:00,2010-05-12 11:00:00,19,1.9225667,1.6040666
2010-05-11 17:00:00,2010-05-12 12:00:00,20,1.8470334,1.2644
2010-05-11 17:00:00,2010-05-12 13:00:00,21,1.4408333,1.0311
2010-05-11 17:00:00,2010-05-12 14:00:00,22,2.9855332,0.46913335
2010-05-11 17:00:00,2010-05-12 15:00:00,23,1.8542,0.4855
2010-05-11 17:00:00,2010-05-12 16:00:00,24,1.4608667,0.76016665
2010-05-12 17:00:00,2010-05-12 17:00:00,1,3.0760667,0.8795
2010-05-12 17:00:00,2010-05-12 18:00:00,2,0.68693334,1.1376333
2010-05-12 17:00:00,2010-05-12 19:00:00,3,0.54116666,2.0624332
2010-05-12 17:00:00,2010-05-12 20:00:00,4,1.7231333,1.0880667
2010-05-12 17:00:00,2010-05-12 21:00:00,5,1.7869,0.55586666
2010-05-12 17:00:00,2010-05-12 22:00:00,6,1.561,0.4442
2010-05-12 17:00:00,2010-05-12 23:00:00,7,1.5440333,0.5756
2010-05-12 17:00:00,2010-05-13 00:00:00,8,0.3472,0.3264
2010-05-12 17:00:00,2010-05-13 01:00:00,9,0.3643,0.98616666
2010-05-12 17:00:00,2010-05-13 02:00:00,10,0.3389,0.5014667
2010-05-12 17:00:00,2010-05-13 03:00:00,11,0.3558,0.3509
2010-05-12 17:00:00,2010-05-13 04:00:00,12,0.34986666,0.3149
2010-05-12 17:00:00,2010-05-13 05:00:00,13,0.3187,0.31976667
2010-05-12 17:00:00,2010-05-13 06:00:00,14,0.36946666,0.9449667
2010-05-12 17:00:00,2010-05-13 07:00:00,15,0.30286667,2.4613333
2010-05-12 17:00:00,2010-05-13 08:00:00,16,1.4711334,2.1047
2010-05-12 17:00:00,2010-05-13 09:00:00,17,0.36616668,1.6658
2010-05-12 17:00:00,2010-05-13 10:00:00,18,1.4741,1.5169667
2010-05-12 17:00:00,2010-05-13 11:00:00,19,1.9577667,1.9225667
2010-05-12 17:00:00,2010-05-13 12:00:00,20,1.9802,1.8470334
2010-05-12 17:00:00,2010-05-13 13:00:00,21,1.4075667,1.4408333
2010-05-12 17:00:00,2010-05-13 14:00:00,22,1.4837333,2.9855332
2010-05-12 17:00:00,2010-05-13 15:00:00,23,1.0083333,1.8542
2010-05-12 17:00:00,2010-05-13 16:00:00,24,0.6708,1.4608667
2010-05-28 17:00:00,2010-05-28 17:00:00,1,1.3106667,0.47213334
2010-05-28 17:00:00,2010-05-28 18:00:00,2,0.88736665,0.62006664
2010-05-28 17:00:00,2010-05-28 19:00:00,3,0.72543335,1.0631666
2010-05-28 17:00:00,2010-05-28 20:00:00,4,0.6027667,1.8888
2010-05-28 17:00:00,2010-05-28 21:00:00,5,0.8782333,1.4042333
2010-05-28 17:00:00,2010-05-28 22:00:00,6,1.5304,0.88673335
2010-05-28 17:00:00,2010-05-28 23:00:00,7,1.3298,0.81406665
2010-05-28 17:00:00,2010-05-29 00:00:00,8,0.5915,0.5976
2010-05-28 17:00:00,2010-05-29 01:00:00,9,0.4802,0.38323334
2010-05-28 17:00:00,2010-05-29 02:00:00,10,0.3274,0.307
2010-05-28 17:00:00,2010-05-29 03:00:00,11,0.30016667,0.3154
2010-05-28 17:00:00,2010-05-29 04:00:00,12,0.23386666,0.25553334
2010-05-28 17:00:00,2010-05-29 05:00:00,13,0.30946666,0.27203333
2010-05-28 17:00:00,2010-05-29 06:00:00,14,0.5893667,0.99726665
2010-05-28 17:00:00,2010-05-29 07:00:00,15,1.8147334,1.3094
2010-05-28 17:00:00,2010-05-29 08:00:00,16,1.426,1.5994333
2010-05-28 17:00:00,2010-05-29 09:00:00,17,1.3294333,1.8097334
2010-05-28 17:00:00,2010-05-29 10:00:00,18,2.6568666,1.5336
2010-05-28 17:00:00,2010-05-29 11:00:00,19,1.0861334,1.2612333
2010-05-28 17:00:00,2010-05-29 12:00:00,20,2.0979667,0.7979
2010-05-28 17:00:00,2010-05-29 13:00:00,21,1.6629666,0.7848333
2010-05-28 17:00:00,2010-05-29 14:00:00,22,2.0310333,0.9882333
2010-05-28 17:00:00,2010-05-29 15:00:00,23,1.0608,1.3665
2010-05-28 17:00:00,2010-05-29 16:00:00,24,0.8701,1.4591334
2010-05-29 17:00:00,2010-05-29 17:00:00,1,1.2503667,1.3106667
2010-05-29 17:00:00,2010-05-29 18:00:00,2,3.412,0.88736665
2010-05-29 17:00:00,2010-05-29 19:00:00,3,2.4054666,0.72543335
2010-05-29 17:00:00,2010-05-29 20:00:00,4,1.6508666,0.6027667
2010-05-29 17:00:00,2010-05-29 21:00:00,5,2.2383,0.8782333
2010-05-29 17:00:00,2010-05-29 22:00:00,6,2.0489,1.5304
2010-05-29 17:00:00,2010-05-29 23:00:00,7,2.2895668,1.3298
2010-05-29 17:00:00,2010-05-30 00:00:00,8,0.878,0.5915
2010-05-29 17:00:00,2010-05-30 01:00:00,9,1.4239,0.4802
2010-05-29 17:00:00,2010-05-30 02:00:00,10,0.525,0.3274
2010-05-29 17:00:00,2010-05-30 03:00:00,11,0.46496665,0.30016667
2010-05-29 17:00:00,2010-05-30 04:00:00,12,0.4492,0.23386666
2010-05-29 17:00:00,2010-05-30 05:00:00,13,0.47576666,0.30946666
2010-05-29 17:00:00,2010-05-30 06:00:00,14,0.4659,0.5893667
2010-05-29 17:00:00,2010-05-30 07:00:00,15,0.7262667,1.8147334
2010-05-29 17:00:00,2010-05-30 08:00:00,16,1.3738667,1.426
2010-05-29 17:00:00,2010-05-30 09:00:00,17,0.6325667,1.3294333
2010-05-29 17:00:00,2010-05-30 10:00:00,18,1.6635667,2.6568666
2010-05-29 17:00:00,2010-05-30 11:00:00,19,1.3511333,1.0861334
2010-05-29 17:00:00,2010-05-30 12:00:00,20,0.8259,2.0979667
2010-05-29 17:00:00,2010-05-30 13:00:00,21,0.78173333,1.6629666
2010-05-29 17:00:00,2010-05-30 14:00:00,22,0.40626666,2.0310333
2010-05-29 17:00:00,2010-05-30 15:00:00,23,1.6644666,1.0608
2010-05-29 17:00:00,2010-05-30 16:00:00,24,1.0025,0.8701
2010-05-30 17:00:00,2010-05-30 17:00:00,1,2.586,1.2503667
2010-05-30 17:00:00,2010-05-30 18:00:00,2,1.8243667,3.412
2010-05-30 17:00:00,2010-05-30 19:00:00,3,2.1343,2.4054666
2010-05-30 17:00:00,2010-05-30 20:00:00,4,3.0043666,1.6508666
2010-05-30 17:00:00,2010-05-30 21:00:00,5,2.2819667,2.2383
2010-05-30 17:00:00,2010-05-30 22:00:00,6,0.49556667,2.0489
2010-05-30 17:00:00,2010-05-30 23:00:00,7,0.3241,2.2895668
2010-05-30 17:00:00,2010-05-31 00:00:00,8,0.28866667,0.878
2010-05-30 17:00:00,2010-05-31 01:00:00,9,0.2657,1.4239
2010-05-30 17:00:00,2010-05-31 02:00:00,10,0.2944,0.525
2010-05-30 17:00:00,2010-05-31 03:00:00,11,0.26416665,0.46496665
2010-05-30 17:00:00,2010-05-31 04:00:00,12,0.28153333,0.4492
2010-05-30 17:00:00,2010-05-31 05:00:00,13,0.26603332,0.47576666
2010-05-30 17:00:00,2010-05-31 06:00:00,14,1.2971333,0.4659
2010-05-30 17:00:00,2010-05-31 07:00:00,15,1.8049667,0.7262667
2010-05-30 17:00:00,2010-05-31 08:00:00,16,1.8329333,1.3738667
2010-05-30 17:00:00,2010-05-31 09:00:00,17,1.3662,0.6325667
2010-05-30 17:00:00,2010-05-31 10:00:00,18,1.3382334,1.6635667
2010-05-30 17:00:00,2010-05-31 11:00:00,19,1.3549666,1.3511333
2010-05-30 17:00:00,2010-05-31 12:00:00,20,1.0731666,0.8259
2010-05-30 17:00:00,2010-05-31 13:00:00,21,0.32886666,0.78173333
2010-05-30 17:00:00,2010-05-31 14:00:00,22,0.27386665,0.40626666
2010-05-30 17:00:00,2010-05-31 15:00:00,23,0.48593333,1.6644666
2010-05-30 17:00:00,2010-05-31 16:00:00,24,1.585,1.0025
2010-05-31 17:00:00,2010-05-31 17:00:00,1,1.1943333,2.586
2010-05-31 17:00:00,2010-05-31 18:00:00,2,1.7174333,1.8243667
2010-05-31 17:00:00,2010-05-31 19:00:00,3,1.2718,2.1343
2010-05-31 17:00:00,2010-05-31 20:00:00,4,0.60013336,3.0043666
2010-05-31 17:00:00,2010-05-31 21:00:00,5,1.2517333,2.2819667
2010-05-31 17:00:00,2010-05-31 22:00:00,6,1.4027,0.49556667
2010-05-31 17:00:00,2010-05-31 23:00:00,7,0.5011333,0.3241
2010-05-31 17:00:00,2010-06-01 00:00:00,8,0.30033332,0.28866667
2010-05-31 17:00:00,2010-06-01 01:00:00,9,0.31336668,0.2657
2010-05-31 17:00:00,2010-06-01 02:00:00,10,0.25216666,0.2944
2010-05-31 17:00:00,2010-06-01 03:00:00,11,0.31046668,0.26416665
2010-05-31 17:00:00,2010-06-01 04:00:00,12,0.2316,0.28153333
2010-05-31 17:00:00,2010-06-01 05:00:00,13,0.30003333,0.26603332
2010-05-31 17:00:00,2010-06-01 06:00:00,14,0.61436665,1.2971333
2010-05-31 17:00:00,2010-06-01 07:00:00,15,1.6050333,1.8049667
2010-05-31 17:00:00,2010-06-01 08:00:00,16,1.9330667,1.8329333
2010-05-31 17:00:00,2010-06-01 09:00:00,17,1.9972667,1.3662
2010-05-31 17:00:00,2010-06-01 10:00:00,18,1.3527334,1.3382334
2010-05-31 17:00:00,2010-06-01 11:00:00,19,1.3441666,1.3549666
2010-05-31 17:00:00,2010-06-01 12:00:00,20,1.6768667,1.0731666
2010-05-31 17:00:00,2010-06-01 13:00:00,21,1.6020666,0.32886666
2010-05-31 17:00:00,2010-06-01 14:00:00,22,1.4453666,0.27386665
2010-05-31 17:00:00,2010-06-01 15:00:00,23,1.4784666,0.48593333
2010-05-31 17:00:00,2010-06-01 16:00:00,24,0.90933335,1.585
2010-06-01 17:00:00,2010-06-01 17:00:00,1,0.3416,1.1943333
2010-06-01 17:00:00,2010-06-01 18:00:00,2,0.35233334,1.7174333
2010-06-01 17:00:00,2010-06-01 19:00:00,3,0.3855,1.2718
2010-06-01 17:00:00,2010-06-01 20:00:00,4,0.5895,0.60013336
2010-06-01 17:00:00,2010-06-01 21:00:00,5,0.52183336,1.2517333
2010-06-01 17:00:00,2010-06-01 22:00:00,6,0.6503,1.4027
2010-06-01 17:00:00,2010-06-01 23:00:00,7,0.64163333,0.5011333
2010-06-01 17:00:00,2010-06-02 00:00:00,8,0.3203,0.30033332
2010-06-01 17:00:00,2010-06-02 01:00:00,9,0.7598,0.31336668
2010-06-01 17:00:00,2010-06-02 02:00:00,10,1.1001667,0.25216666
2010-06-01 17:00:00,2010-06-02 03:00:00,11,0.24943334,0.31046668
2010-06-01 17:00:00,2010-06-02 04:00:00,12,0.28026667,0.2316
2010-06-01 17:00:00,2010-06-02 05:00:00,13,0.2608,0.30003333
2010-06-01 17:00:00,2010-06-02 06:00:00,14,0.6466,0.61436665
2010-06-01 17:00:00,2010-06-02 07:00:00,15,1.7422333,1.6050333
2010-06-01 17:00:00,2010-06-02 08:00:00,16,1.3471333,1.9330667
2010-06-01 17:00:00,2010-06-02 09:00:00,17,1.3300333,1.9972667
2010-06-01 17:00:00,2010-06-02 10:00:00,18,1.137,1.3527334
2010-06-01 17:00:00,2010-06-02 11:00:00,19,0.7223333,1.3441666
2010-06-01 17:00:00,2010-06-02 12:00:00,20,0.41356668,1.6768667
2010-06-01 17:00:00,2010-06-02 13:00:00,21,0.4407,1.6020666
2010-06-01 17:00:00,2010-06-02 14:00:00,22,0.27143332,1.4453666
2010-06-01 17:00:00,2010-06-02 15:00:00,23,1.0623667,1.4784666
2010-06-01 17:00:00,2010-06-02 16:00:00,24,0.30226666,0.90933335
2010-06-02 17:00:00,2010-06-02 17:00:00,1,0.31003332,0.3416
2010-06-02 17:00:00,2010-06-02 18:00:00,2,0.28003332,0.35233334
2010-06-02 17:00:00,2010-06-02 19:00:00,3,0.34943333,0.3855
2010-06-02 17:00:00,2010-06-02 20:00:00,4,0.91143334,0.5895
2010-06-02 17:00:00,2010-06-02 21:00:00,5,1.2373,0.52183336
2010-06-02 17:00:00,2010-06-02 22:00:00,6,0.61183333,0.6503
2010-06-02 17:00:00,2010-06-02 23:00:00,7,0.2618,0.64163333
2010-06-02 17:00:00,2010-06-03 00:00:00,8,0.52346665,0.3203
2010-06-02 17:00:00,2010-06-03 01:00:00,9,0.25586668,0.7598
2010-06-02 17:00:00,2010-06-03 02:00:00,10,0.3059,1.1001667
2010-06-02 17:00:00,2010-06-03 03:00:00,11,1.0056334,0.24943334
2010-06-02 17:00:00,2010-06-03 04:00:00,12,0.2177,0.28026667
2010-06-02 17:00:00,2010-06-03 05:00:00,13,0.30886668,0.2608
2010-06-02 17:00:00,2010-06-03 06:00:00,14,0.9371333,0.6466
2010-06-02 17:00:00,2010-06-03 07:00:00,15,1.7112334,1.7422333
2010-06-02 17:00:00,2010-06-03 08:00:00,16,2.2531,1.3471333
2010-06-02 17:00:00,2010-06-03 09:00:00,17,1.8671,1.3300333
2010-06-02 17:00:00,2010-06-03 10:00:00,18,1.3756,1.137
2010-06-02 17:00:00,2010-06-03 11:00:00,19,1.3288667,0.7223333
2010-06-02 17:00:00,2010-06-03 12:00:00,20,1.9338334,0.41356668
2010-06-02 17:00:00,2010-06-03 13:00:00,21,2.3048,0.4407
2010-06-02 17:00:00,2010-06-03 14:00:00,22,1.3756334,0.27143332
2010-06-02 17:00:00,2010-06-03 15:00:00,23,1.3578666,1.0623667
2010-06-02 17:00:00,2010-06-03 16:00:00,24,0.29583332,0.30226666
2010-06-03 17:00:00,2010-06-03 17:00:00,1,0.30856666,0.31003332
2010-06-03 17:00:00,2010-06-03 18:00:00,2,0.39896667,0.28003332
2010-06-03 17:00:00,2010-06-03 19:00:00,3,1.2475667,0.34943333
2010-06-03 17:00:00,2010-06-03 20:00:00,4,0.39553332,0.91143334
2010-06-03 17:00:00,2010-06-03 21:00:00,5,0.6004,1.2373
2010-06-03 17:00:00,2010-06-03 22:00:00,6,0.5785667,0.61183333
2010-06-03 17:00:00,2010-06-03 23:00:00,7,0.3484,0.2618
2010-06-03 17:00:00,2010-06-04 00:00:00,8,0.3002,0.52346665
2010-06-03 17:00:00,2010-06-04 01:00:00,9,1.3538333,0.25586668
2010-06-03 17:00:00,2010-06-04 02:00:00,10,0.30773333,0.3059
2010-06-03 17:00:00,2010-06-04 03:00:00,11,0.25643334,1.0056334
2010-06-03 17:00:00,2010-06-04 04:00:00,12,0.28013334,0.2177
2010-06-03 17:00:00,2010-06-04 05:00:00,13,0.33456665,0.30886668
2010-06-03 17:00:00,2010-06-04 06:00:00,14,1.2161666,0.9371333
2010-06-03 17:00:00,2010-06-04 07:00:00,15,1.6454333,1.7112334
2010-06-03 17:00:00,2010-06-04 08:00:00,16,1.5706333,2.2531
2010-06-03 17:00:00,2010-06-04 09:00:00,17,1.8476334,1.8671
2010-06-03 17:00:00,2010-06-04 10:00:00,18,1.3328667,1.3756
2010-06-03 17:00:00,2010-06-04 11:00:00,19,1.1925,1.3288667
2010-06-03 17:00:00,2010-06-04 12:00:00,20,0.58063334,1.9338334
2010-06-03 17:00:00,2010-06-04 13:00:00,21,0.98763335,2.3048
2010-06-03 17:00:00,2010-06-04 14:00:00,22,1.0285333,1.3756334
2010-06-03 17:00:00,2010-06-04 15:00:00,23,1.3963667,1.3578666
2010-06-03 17:00:00,2010-06-04 16:00:00,24,1.4777,0.29583332
2010-06-04 17:00:00,2010-06-04 17:00:00,1,0.8026,0.30856666
2010-06-04 17:00:00,2010-06-04 18:00:00,2,0.49603334,0.39896667
2010-06-04 17:00:00,2010-06-04 19:00:00,3,0.37173334,1.2475667
2010-06-04 17:00:00,2010-06-04 20:00:00,4,0.4455,0.39553332
2010-06-04 17:00:00,2010-06-04 21:00:00,5,1.8008333,0.6004
2010-06-04 17:00:00,2010-06-04 22:00:00,6,1.3293333,0.5785667
2010-06-04 17:00:00,2010-06-04 23:00:00,7,1.3208667,0.3484
2010-06-04 17:00:00,2010-06-05 00:00:00,8,1.9819334,0.3002
2010-06-04 17:00:00,2010-06-05 01:00:00,9,0.9362,1.3538333
2010-06-04 17:00:00,2010-06-05 02:00:00,10,0.35656667,0.30773333
2010-06-04 17:00:00,2010-06-05 03:00:00,11,0.26943332,0.25643334
2010-06-04 17:00:00,2010-06-05 04:00:00,12,0.3643,0.28013334
2010-06-04 17:00:00,2010-06-05 05:00:00,13,0.31786665,0.33456665
2010-06-04 17:00:00,2010-06-05 06:00:00,14,0.6622667,1.2161666
2010-06-04 17:00:00,2010-06-05 07:00:00,15,1.5862334,1.6454333
2010-06-04 17:00:00,2010-06-05 08:00:00,16,1.4944,1.5706333
2010-06-04 17:00:00,2010-06-05 09:00:00,17,1.4394,1.8476334
2010-06-04 17:00:00,2010-06-05 10:00:00,18,1.1425667,1.3328667
2010-06-04 17:00:00,2010-06-05 11:00:00,19,1.6338,1.1925
2010-06-04 17:00:00,2010-06-05 12:00:00,20,2.3738666,0.58063334
2010-06-04 17:00:00,2010-06-05 13:00:00,21,0.9036,0.98763335
2010-06-04 17:00:00,2010-06-05 14:00:00,22,1.3759,1.0285333
2010-06-04 17:00:00,2010-06-05 15:00:00,23,1.2071667,1.3963667
2010-06-04 17:00:00,2010-06-05 16:00:00,24,2.0770667,1.4777
2010-06-05 17:00:00,2010-06-05 17:00:00,1,0.9001667,0.8026
2010-06-05 17:00:00,2010-06-05 18:00:00,2,2.0113,0.49603334
2010-06-05 17:00:00,2010-06-05 19:00:00,3,1.8069,0.37173334
2010-06-05 17:00:00,2010-06-05 20:00:00,4,1.7313,0.4455
2010-06-05 17:00:00,2010-06-05 21:00:00,5,0.64893335,1.8008333
2010-06-05 17:00:00,2010-06-05 22:00:00,6,3.0245667,1.3293333
2010-06-05 17:00:00,2010-06-05 23:00:00,7,3.2483332,1.3208667
2010-06-05 17:00:00,2010-06-06 00:00:00,8,2.7726,1.9819334
2010-06-05 17:00:00,2010-06-06 01:00:00,9,1.3972334,0.9362
2010-06-05 17:00:00,2010-06-06 02:00:00,10,0.4164,0.35656667
2010-06-05 17:00:00,2010-06-06 03:00:00,11,0.42623332,0.26943332
2010-06-05 17:00:00,2010-06-06 04:00:00,12,0.38103333,0.3643
2010-06-05 17:00:00,2010-06-06 05:00:00,13,0.40376666,0.31786665
2010-06-05 17:00:00,2010-06-06 06:00:00,14,0.3208,0.6622667
2010-06-05 17:00:00,2010-06-06 07:00:00,15,0.44106665,1.5862334
2010-06-05 17:00:00,2010-06-06 08:00:00,16,0.42256665,1.4944
2010-06-05 17:00:00,2010-06-06 09:00:00,17,1.3165333,1.4394
2010-06-05 17:00:00,2010-06-06 10:00:00,18,0.7921,1.1425667
2010-06-05 17:00:00,2010-06-06 11:00:00,19,0.3429,1.6338
2010-06-05 17:00:00,2010-06-06 12:00:00,20,2.4814334,2.3738666
2010-06-05 17:00:00,2010-06-06 13:00:00,21,1.9768,0.9036
2010-06-05 17:00:00,2010-06-06 14:00:00,22,1.5261333,1.3759
2010-06-05 17:00:00,2010-06-06 15:00:00,23,1.4523,1.2071667
2010-06-05 17:00:00,2010-06-06 16:00:00,24,2.7384,2.0770667
2010-06-06 17:00:00,2010-06-06 17:00:00,1,2.6080334,0.9001667
2010-06-06 17:00:00,2010-06-06 18:00:00,2,0.5265333,2.0113
2010-06-06 17:00:00,2010-06-06 19:00:00,3,0.40873334,1.8069
2010-06-06 17:00:00,2010-06-06 20:00:00,4,0.4997,1.7313
2010-06-06 17:00:00,2010-06-06 21:00:00,5,2.1411667,0.64893335
2010-06-06 17:00:00,2010-06-06 22:00:00,6,2.5723,3.0245667
2010-06-06 17:00:00,2010-06-06 23:00:00,7,0.74843335,3.2483332
2010-06-06 17:00:00,2010-06-07 00:00:00,8,0.26736668,2.7726
2010-06-06 17:00:00,2010-06-07 01:00:00,9,0.3768,1.3972334
2010-06-06 17:00:00,2010-06-07 02:00:00,10,0.31323335,0.4164
2010-06-06 17:00:00,2010-06-07 03:00:00,11,0.36626667,0.42623332
2010-06-06 17:00:00,2010-06-07 04:00:00,12,0.31063333,0.38103333
2010-06-06 17:00:00,2010-06-07 05:00:00,13,0.28093332,0.40376666
2010-06-06 17:00:00,2010-06-07 06:00:00,14,0.79076666,0.3208
2010-06-06 17:00:00,2010-06-07 07:00:00,15,1.7549,0.44106665
2010-06-06 17:00:00,2010-06-07 08:00:00,16,1.7765,0.42256665
2010-06-06 17:00:00,2010-06-07 09:00:00,17,1.8903667,1.3165333
2010-06-06 17:00:00,2010-06-07 10:00:00,18,0.80003333,0.7921
2010-06-06 17:00:00,2010-06-07 11:00:00,19,0.35166666,0.3429
2010-06-06 17:00:00,2010-06-07 12:00:00,20,0.41726667,2.4814334
2010-06-06 17:00:00,2010-06-07 13:00:00,21,0.4156,1.9768
2010-06-06 17:00:00,2010-06-07 14:00:00,22,0.29886666,1.5261333
2010-06-06 17:00:00,2010-06-07 15:00:00,23,0.34903333,1.4523
2010-06-06 17:00:00,2010-06-07 16:00:00,24,0.3284,2.7384
2010-06-07 17:00:00,2010-06-07 17:00:00,1,1.0391,2.6080334
2010-06-07 17:00:00,2010-06-07 18:00:00,2,0.6155667,0.5265333
2010-06-07 17:00:00,2010-06-07 19:00:00,3,0.94013333,0.40873334
2010-06-07 17:00:00,2010-06-07 20:00:00,4,1.068,0.4997
2010-06-07 17:00:00,2010-06-07 21:00:00,5,0.9030667,2.1411667
2010-06-07 17:00:00,2010-06-07 22:00:00,6,0.833,2.5723
2010-06-07 17:00:00,2010-06-07 23:00:00,7,0.38053334,0.74843335
2010-06-07 17:00:00,2010-06-08 00:00:00,8,0.6259,0.26736668
2010-06-07 17:00:00,2010-06-08 01:00:00,9,0.8197,0.3768
2010-06-07 17:00:00,2010-06-08 02:00:00,10,0.2473,0.31323335
2010-06-07 17:00:00,2010-06-08 03:00:00,11,0.33536667,0.36626667
2010-06-07 17:00:00,2010-06-08 04:00:00,12,0.31123334,0.31063333
2010-06-07 17:00:00,2010-06-08 05:00:00,13,0.34163332,0.28093332
2010-06-07 17:00:00,2010-06-08 06:00:00,14,0.48686665,0.79076666
2010-06-07 17:00:00,2010-06-08 07:00:00,15,1.8495667,1.7549
2010-06-07 17:00:00,2010-06-08 08:00:00,16,2.2103333,1.7765
2010-06-07 17:00:00,2010-06-08 09:00:00,17,1.9911667,1.8903667
2010-06-07 17:00:00,2010-06-08 10:00:00,18,1.4520667,0.80003333
2010-06-07 17:00:00,2010-06-08 11:00:00,19,1.4518666,0.35166666
2010-06-07 17:00:00,2010-06-08 12:00:00,20,1.3902,0.41726667
2010-06-07 17:00:00,2010-06-08 13:00:00,21,1.4037666,0.4156
2010-06-07 17:00:00,2010-06-08 14:00:00,22,0.32176667,0.29886666
2010-06-07 17:00:00,2010-06-08 15:00:00,23,0.44503334,0.34903333
2010-06-07 17:00:00,2010-06-08 16:00:00,24,0.56093335,0.3284
2010-06-08 17:00:00,2010-06-08 17:00:00,1,0.62436664,1.0391
2010-06-08 17:00:00,2010-06-08 18:00:00,2,0.72816664,0.6155667
2010-06-08 17:00:00,2010-06-08 19:00:00,3,1.4203666,0.94013333
2010-06-08 17:00:00,2010-06-08 20:00:00,4,1.0441,1.068
2010-06-08 17:00:00,2010-06-08 21:00:00,5,1.4155,0.9030667
2010-06-08 17:00:00,2010-06-08 22:00:00,6,0.5682,0.833
2010-06-08 17:00:00,2010-06-08 23:00:00,7,0.6551667,0.38053334
2010-06-08 17:00:00,2010-06-09 00:00:00,8,0.35376668,0.6259
2010-06-08 17:00:00,2010-06-09 01:00:00,9,0.3973,0.8197
2010-06-08 17:00:00,2010-06-09 02:00:00,10,0.26053333,0.2473
2010-06-08 17:00:00,2010-06-09 03:00:00,11,0.37333333,0.33536667
2010-06-08 17:00:00,2010-06-09 04:00:00,12,0.32016668,0.31123334
2010-06-08 17:00:00,2010-06-09 05:00:00,13,0.38426667,0.34163332
2010-06-08 17:00:00,2010-06-09 06:00:00,14,0.89316666,0.48686665
2010-06-08 17:00:00,2010-06-09 07:00:00,15,1.9536,1.8495667
2010-06-08 17:00:00,2010-06-09 08:00:00,16,1.3556334,2.2103333
2010-06-08 17:00:00,2010-06-09 09:00:00,17,1.4013333,1.9911667
2010-06-08 17:00:00,2010-06-09 10:00:00,18,1.6439,1.4520667
2010-06-08 17:00:00,2010-06-09 11:00:00,19,1.6741,1.4518666
2010-06-08 17:00:00,2010-06-09 12:00:00,20,0.5093333,1.3902
2010-06-08 17:00:00,2010-06-09 13:00:00,21,2.4124,1.4037666
2010-06-08 17:00:00,2010-06-09 14:00:00,22,0.8645333,0.32176667
2010-06-08 17:00:00,2010-06-09 15:00:00,23,0.9440333,0.44503334
2010-06-08 17:00:00,2010-06-09 16:00:00,24,0.36223334,0.56093335
2010-06-09 17:00:00,2010-06-09 17:00:00,1,1.4379667,0.62436664
2010-06-09 17:00:00,2010-06-09 18:00:00,2,1.5563333,0.72816664
2010-06-09 17:00:00,2010-06-09 19:00:00,3,1.2358333,1.4203666
2010-06-09 17:00:00,2010-06-09 20:00:00,4,1.9178667,1.0441
2010-06-09 17:00:00,2010-06-09 21:00:00,5,1.5139667,1.4155
2010-06-09 17:00:00,2010-06-09 22:00:00,6,1.1477667,0.5682
2010-06-09 17:00:00,2010-06-09 23:00:00,7,0.66466665,0.6551667
2010-06-09 17:00:00,2010-06-10 00:00:00,8,0.40426666,0.35376668
2010-06-09 17:00:00,2010-06-10 01:00:00,9,0.32686666,0.3973
2010-06-09 17:00:00,2010-06-10 02:00:00,10,0.31736666,0.26053333
2010-06-09 17:00:00,2010-06-10 03:00:00,11,0.32373333,0.37333333
2010-06-09 17:00:00,2010-06-10 04:00:00,12,0.75,0.32016668
2010-06-09 17:00:00,2010-06-10 05:00:00,13,0.6821667,0.38426667
2010-06-09 17:00:00,2010-06-10 06:00:00,14,0.5538333,0.89316666
2010-06-09 17:00:00,2010-06-10 07:00:00,15,1.4263,1.9536
2010-06-09 17:00:00,2010-06-10 08:00:00,16,1.7923334,1.3556334
2010-06-09 17:00:00,2010-06-10 09:00:00,17,1.3549666,1.4013333
2010-06-09 17:00:00,2010-06-10 10:00:00,18,1.4778,1.6439
2010-06-09 17:00:00,2010-06-10 11:00:00,19,1.3937,1.6741
2010-06-09 17:00:00,2010-06-10 12:00:00,20,1.4353334,0.5093333
2010-06-09 17:00:00,2010-06-10 13:00:00,21,1.1014333,2.4124
2010-06-09 17:00:00,2010-06-10 14:00:00,22,0.37483335,0.8645333
2010-06-09 17:00:00,2010-06-10 15:00:00,23,0.32436666,0.9440333
2010-06-09 17:00:00,2010-06-10 16:00:00,24,0.37913334,0.36223334
2010-06-10 17:00:00,2010-06-10 17:00:00,1,0.44023332,1.4379667
2010-06-10 17:00:00,2010-06-10 18:00:00,2,0.6838667,1.5563333
2010-06-10 17:00:00,2010-06-10 19:00:00,3,1.0551667,1.2358333
2010-06-10 17:00:00,2010-06-10 20:00:00,4,1.7362334,1.9178667
2010-06-10 17:00:00,2010-06-10 21:00:00,5,1.0708667,1.5139667
2010-06-10 17:00:00,2010-06-10 22:00:00,6,0.52493334,1.1477667
2010-06-10 17:00:00,2010-06-10 23:00:00,7,0.32343334,0.66466665
2010-06-10 17:00:00,2010-06-11 00:00:00,8,0.3402,0.40426666
2010-06-10 17:00:00,2010-06-11 01:00:00,9,0.3791,0.32686666
2010-06-10 17:00:00,2010-06-11 02:00:00,10,0.31623334,0.31736666
2010-06-10 17:00:00,2010-06-11 03:00:00,11,0.3017,0.32373333
2010-06-10 17:00:00,2010-06-11 04:00:00,12,0.33203334,0.75
2010-06-10 17:00:00,2010-06-11 05:00:00,13,0.25186667,0.6821667
2010-06-10 17:00:00,2010-06-11 06:00:00,14,1.6246667,0.5538333
2010-06-10 17:00:00,2010-06-11 07:00:00,15,1.8760333,1.4263
2010-06-10 17:00:00,2010-06-11 08:00:00,16,2.0137,1.7923334
2010-06-10 17:00:00,2010-06-11 09:00:00,17,1.8483,1.3549666
2010-06-10 17:00:00,2010-06-11 10:00:00,18,1.4251333,1.4778
2010-06-10 17:00:00,2010-06-11 11:00:00,19,1.4143,1.3937
2010-06-10 17:00:00,2010-06-11 12:00:00,20,1.7594334,1.4353334
2010-06-10 17:00:00,2010-06-11 13:00:00,21,1.3205333,1.1014333
2010-06-10 17:00:00,2010-06-11 14:00:00,22,0.4647,0.37483335
2010-06-10 17:00:00,2010-06-11 15:00:00,23,1.0055333,0.32436666
2010-06-10 17:00:00,2010-06-11 16:00:00,24,1.1049334,0.37913334
2010-06-11 17:00:00,2010-06-11 17:00:00,1,0.52023333,0.44023332
2010-06-11 17:00:00,2010-06-11 18:00:00,2,0.47306666,0.6838667
2010-06-11 17:00:00,2010-06-11 19:00:00,3,1.7516667,1.0551667
2010-06-11 17:00:00,2010-06-11 20:00:00,4,0.5838,1.7362334
2010-06-11 17:00:00,2010-06-11 21:00:00,5,1.1657,1.0708667
2010-06-11 17:00:00,2010-06-11 22:00:00,6,1.0965333,0.52493334
2010-06-11 17:00:00,2010-06-11 23:00:00,7,1.1418,0.32343334
2010-06-11 17:00:00,2010-06-12 00:00:00,8,0.9745333,0.3402
2010-06-11 17:00:00,2010-06-12 01:00:00,9,0.42356667,0.3791
2010-06-11 17:00:00,2010-06-12 02:00:00,10,0.8025333,0.31623334
2010-06-11 17:00:00,2010-06-12 03:00:00,11,0.31856668,0.3017
2010-06-11 17:00:00,2010-06-12 04:00:00,12,0.34243333,0.33203334
2010-06-11 17:00:00,2010-06-12 05:00:00,13,0.3234,0.25186667
2010-06-11 17:00:00,2010-06-12 06:00:00,14,0.6063667,1.6246667
2010-06-11 17:00:00,2010-06-12 07:00:00,15,1.6914667,1.8760333
2010-06-11 17:00:00,2010-06-12 08:00:00,16,1.7133334,2.0137
2010-06-11 17:00:00,2010-06-12 09:00:00,17,1.3865,1.8483
2010-06-11 17:00:00,2010-06-12 10:00:00,18,1.3559,1.4251333
2010-06-11 17:00:00,2010-06-12 11:00:00,19,0.921,1.4143
2010-06-11 17:00:00,2010-06-12 12:00:00,20,2.1129334,1.7594334
2010-06-11 17:00:00,2010-06-12 13:00:00,21,1.5753666,1.3205333
2010-06-11 17:00:00,2010-06-12 14:00:00,22,0.99343336,0.4647
2010-06-11 17:00:00,2010-06-12 15:00:00,23,1.7003666,1.0055333
2010-06-11 17:00:00,2010-06-12 16:00:00,24,1.6876333,1.1049334
2010-06-27 17:00:00,2010-06-27 17:00:00,1,0.6095667,1.4527667
2010-06-27 17:00:00,2010-06-27 18:00:00,2,0.77133334,1.4154667
2010-06-27 17:00:00,2010-06-27 19:00:00,3,0.42643332,0.35506666
2010-06-27 17:00:00,2010-06-27 20:00:00,4,0.39723334,0.35446668
2010-06-27 17:00:00,2010-06-27 21:00:00,5,0.8347333,0.30496666
2010-06-27 17:00:00,2010-06-27 22:00:00,6,2.0669334,0.34743333
2010-06-27 17:00:00,2010-06-27 23:00:00,7,0.94923335,0.5420333
2010-06-27 17:00:00,2010-06-28 00:00:00,8,0.35283333,0.35313332
2010-06-27 17:00:00,2010-06-28 01:00:00,9,0.3554,0.5367
2010-06-27 17:00:00,2010-06-28 02:00:00,10,0.56483334,0.8454667
2010-06-27 17:00:00,2010-06-28 03:00:00,11,0.48326668,0.36376667
2010-06-27 17:00:00,2010-06-28 04:00:00,12,0.3338,0.30593333
2010-06-27 17:00:00,2010-06-28 05:00:00,13,0.3305,0.2873
2010-06-27 17:00:00,2010-06-28 06:00:00,14,1.0942333,0.32893333
2010-06-27 17:00:00,2010-06-28 07:00:00,15,1.4126333,0.4841
2010-06-27 17:00:00,2010-06-28 08:00:00,16,1.5397333,0.33186665
2010-06-27 17:00:00,2010-06-28 09:00:00,17,1.0228333,1.5325333
2010-06-27 17:00:00,2010-06-28 10:00:00,18,0.32566667,1.0246
2010-06-27 17:00:00,2010-06-28 11:00:00,19,0.93366665,0.5531333
2010-06-27 17:00:00,2010-06-28 12:00:00,20,0.65846664,1.0512
2010-06-27 17:00:00,2010-06-28 13:00:00,21,0.5480667,1.6409667
2010-06-27 17:00:00,2010-06-28 14:00:00,22,1.0419667,1.5251334
2010-06-27 17:00:00,2010-06-28 15:00:00,23,1.6852,0.9024
2010-06-27 17:00:00,2010-06-28 16:00:00,24,1.0549333,0.8767667
2010-07-13 17:00:00,2010-07-13 17:00:00,1,0.48986667,1.1607
2010-07-13 17:00:00,2010-07-13 18:00:00,2,1.0689666,0.68843335
2010-07-13 17:00:00,2010-07-13 19:00:00,3,1.3580667,0.5362
2010-07-13 17:00:00,2010-07-13 20:00:00,4,1.5689,1.5040667
2010-07-13 17:00:00,2010-07-13 21:00:00,5,2.1143334,1.9975667
2010-07-13 17:00:00,2010-07-13 22:00:00,6,1.8494667,1.8635666
2010-07-13 17:00:00,2010-07-13 23:00:00,7,0.87693334,0.63593334
2010-07-13 17:00:00,2010-07-14 00:00:00,8,0.49716666,0.3786
2010-07-13 17:00:00,2010-07-14 01:00:00,9,0.6503,0.43576667
2010-07-13 17:00:00,2010-07-14 02:00:00,10,0.4663,0.33016667
2010-07-13 17:00:00,2010-07-14 03:00:00,11,0.35323334,0.3643
2010-07-13 17:00:00,2010-07-14 04:00:00,12,0.39526665,0.4013
2010-07-13 17:00:00,2010-07-14 05:00:00,13,0.38026667,0.38996667
2010-07-13 17:00:00,2010-07-14 06:00:00,14,0.4553,0.39246666
2010-07-13 17:00:00,2010-07-14 07:00:00,15,0.9360667,1.1433333
2010-07-13 17:00:00,2010-07-14 08:00:00,16,0.6037,1.6144333
2010-07-13 17:00:00,2010-07-14 09:00:00,17,0.5776333,1.7105334
2010-07-13 17:00:00,2010-07-14 10:00:00,18,0.49763334,0.6229333
2010-07-13 17:00:00,2010-07-14 11:00:00,19,1.0361333,0.60113335
2010-07-13 17:00:00,2010-07-14 12:00:00,20,1.1338,0.57386667
2010-07-13 17:00:00,2010-07-14 13:00:00,21,1.2403333,1.4215
2010-07-13 17:00:00,2010-07-14 14:00:00,22,1.4386667,1.7366667
2010-07-13 17:00:00,2010-07-14 15:00:00,23,1.0747666,1.0986
2010-07-13 17:00:00,2010-07-14 16:00:00,24,0.525,0.49313334
2010-07-29 17:00:00,2010-07-29 17:00:00,1,0.27163333,0.28303334
2010-07-29 17:00:00,2010-07-29 18:00:00,2,0.45,0.3363
2010-07-29 17:00:00,2010-07-29 19:00:00,3,1.0928667,0.6348
2010-07-29 17:00:00,2010-07-29 20:00:00,4,0.31963333,0.73856664
2010-07-29 17:00:00,2010-07-29 21:00:00,5,0.2858,0.29513332
2010-07-29 17:00:00,2010-07-29 22:00:00,6,0.33336666,0.3436
2010-07-29 17:00:00,2010-07-29 23:00:00,7,0.28576666,0.27993333
2010-07-29 17:00:00,2010-07-30 00:00:00,8,0.3081,0.3317
2010-07-29 17:00:00,2010-07-30 01:00:00,9,0.31893334,0.31736666
2010-07-29 17:00:00,2010-07-30 02:00:00,10,0.291,0.29726666
2010-07-29 17:00:00,2010-07-30 03:00:00,11,0.3068,0.32653335
2010-07-29 17:00:00,2010-07-30 04:00:00,12,0.3015,0.29933333
2010-07-29 17:00:00,2010-07-30 05:00:00,13,0.3123,0.32223332
2010-07-29 17:00:00,2010-07-30 06:00:00,14,0.36086667,0.27486667
2010-07-29 17:00:00,2010-07-30 07:00:00,15,1.1503,1.2340333
2010-07-29 17:00:00,2010-07-30 08:00:00,16,0.47643334,0.29463333
2010-07-29 17:00:00,2010-07-30 09:00:00,17,0.32466668,0.32453334
2010-07-29 17:00:00,2010-07-30 10:00:00,18,0.2971,0.27076668
2010-07-29 17:00:00,2010-07-30 11:00:00,19,0.3067,0.27603334
2010-07-29 17:00:00,2010-07-30 12:00:00,20,0.28143334,0.29866666
2010-07-29 17:00:00,2010-07-30 13:00:00,21,0.2663,0.31646666
2010-07-29 17:00:00,2010-07-30 14:00:00,22,0.2795,0.3056
2010-07-29 17:00:00,2010-07-30 15:00:00,23,0.30273333,0.28596666
2010-07-29 17:00:00,2010-07-30 16:00:00,24,0.31716666,0.33666667
2010-07-30 17:00:00,2010-07-30 17:00:00,1,1.2049667,0.27163333
2010-07-30 17:00:00,2010-07-30 18:00:00,2,0.31516665,0.45
2010-07-30 17:00:00,2010-07-30 19:00:00,3,0.28963333,1.0928667
2010-07-30 17:00:00,2010-07-30 20:00:00,4,0.2808,0.31963333
2010-07-30 17:00:00,2010-07-30 21:00:00,5,0.2802,0.2858
2010-07-30 17:00:00,2010-07-30 22:00:00,6,0.3385,0.33336666
2010-07-30 17:00:00,2010-07-30 23:00:00,7,0.27656665,0.28576666
2010-07-30 17:00:00,2010-07-31 00:00:00,8,0.31573334,0.3081
2010-07-30 17:00:00,2010-07-31 01:00:00,9,0.30183333,0.31893334
2010-07-30 17:00:00,2010-07-31 02:00:00,10,0.30866668,0.291
2010-07-30 17:00:00,2010-07-31 03:00:00,11,0.28856668,0.3068
2010-07-30 17:00:00,2010-07-31 04:00:00,12,0.55866665,0.3015
2010-07-30 17:00:00,2010-07-31 05:00:00,13,1.0050334,0.3123
2010-07-30 17:00:00,2010-07-31 06:00:00,14,0.314,0.36086667
2010-07-30 17:00:00,2010-07-31 07:00:00,15,0.33153334,1.1503
2010-07-30 17:00:00,2010-07-31 08:00:00,16,0.28463334,0.47643334
2010-07-30 17:00:00,2010-07-31 09:00:00,17,0.29686666,0.32466668
2010-07-30 17:00:00,2010-07-31 10:00:00,18,0.26063332,0.2971
2010-07-30 17:00:00,2010-07-31 11:00:00,19,0.3007,0.3067
2010-07-30 17:00:00,2010-07-31 12:00:00,20,0.284,0.28143334
2010-07-30 17:00:00,2010-07-31 13:00:00,21,0.3337,0.2663
2010-07-30 17:00:00,2010-07-31 14:00:00,22,0.2824,0.2795
2010-07-30 17:00:00,2010-07-31 15:00:00,23,0.31853333,0.30273333
2010-07-30 17:00:00,2010-07-31 16:00:00,24,0.68556666,0.31716666
2010-07-31 17:00:00,2010-07-31 17:00:00,1,0.90243334,1.2049667
2010-07-31 17:00:00,2010-07-31 18:00:00,2,0.28886667,0.31516665
2010-07-31 17:00:00,2010-07-31 19:00:00,3,0.3428,0.28963333
2010-07-31 17:00:00,2010-07-31 20:00:00,4,0.31096667,0.2808
2010-07-31 17:00:00,2010-07-31 21:00:00,5,0.29786667,0.2802
2010-07-31 17:00:00,2010-07-31 22:00:00,6,0.33733332,0.3385
2010-07-31 17:00:00,2010-07-31 23:00:00,7,0.29226667,0.27656665
2010-07-31 17:00:00,2010-08-01 00:00:00,8,0.31706667,0.31573334
2010-07-31 17:00:00,2010-08-01 01:00:00,9,0.29283333,0.30183333
2010-07-31 17:00:00,2010-08-01 02:00:00,10,0.33506668,0.30866668
2010-07-31 17:00:00,2010-08-01 03:00:00,11,0.26416665,0.28856668
2010-07-31 17:00:00,2010-08-01 04:00:00,12,0.64273334,0.55866665
2010-07-31 17:00:00,2010-08-01 05:00:00,13,0.9396,1.0050334
2010-07-31 17:00:00,2010-08-01 06:00:00,14,0.31583333,0.314
2010-07-31 17:00:00,2010-08-01 07:00:00,15,0.2658,0.33153334
2010-07-31 17:00:00,2010-08-01 08:00:00,16,0.3033,0.28463334
2010-07-31 17:00:00,2010-08-01 09:00:00,17,0.30963334,0.29686666
2010-07-31 17:00:00,2010-08-01 10:00:00,18,0.29066667,0.26063332
2010-07-31 17:00:00,2010-08-01 11:00:00,19,0.33926666,0.3007
2010-07-31 17:00:00,2010-08-01 12:00:00,20,0.2644,0.284
2010-07-31 17:00:00,2010-08-01 13:00:00,21,0.33103332,0.3337
2010-07-31 17:00:00,2010-08-01 14:00:00,22,0.2915,0.2824
2010-07-31 17:00:00,2010-08-01 15:00:00,23,0.31366667,0.31853333
2010-07-31 17:00:00,2010-08-01 16:00:00,24,0.6569,0.68556666
2010-08-01 17:00:00,2010-08-01 17:00:00,1,0.9184333,0.90243334
2010-08-01 17:00:00,2010-08-01 18:00:00,2,0.30323333,0.28886667
2010-08-01 17:00:00,2010-08-01 19:00:00,3,0.31216666,0.3428
2010-08-01 17:00:00,2010-08-01 20:00:00,4,0.32836667,0.31096667
2010-08-01 17:00:00,2010-08-01 21:00:00,5,0.30546665,0.29786667
2010-08-01 17:00:00,2010-08-01 22:00:00,6,0.3077,0.33733332
2010-08-01 17:00:00,2010-08-01 23:00:00,7,0.31223333,0.29226667
2010-08-01 17:00:00,2010-08-02 00:00:00,8,0.3015,0.31706667
2010-08-01 17:00:00,2010-08-02 01:00:00,9,0.25253335,0.29283333
2010-08-01 17:00:00,2010-08-02 02:00:00,10,0.31683335,0.33506668
2010-08-01 17:00:00,2010-08-02 03:00:00,11,0.27706668,0.26416665
2010-08-01 17:00:00,2010-08-02 04:00:00,12,0.70773333,0.64273334
2010-08-01 17:00:00,2010-08-02 05:00:00,13,0.86003333,0.9396
2010-08-01 17:00:00,2010-08-02 06:00:00,14,0.3291,0.31583333
2010-08-01 17:00:00,2010-08-02 07:00:00,15,0.2859,0.2658
2010-08-01 17:00:00,2010-08-02 08:00:00,16,0.31646666,0.3033
2010-08-01 17:00:00,2010-08-02 09:00:00,17,0.32283333,0.30963334
2010-08-01 17:00:00,2010-08-02 10:00:00,18,0.27466667,0.29066667
2010-08-01 17:00:00,2010-08-02 11:00:00,19,0.33933333,0.33926666
2010-08-01 17:00:00,2010-08-02 12:00:00,20,0.27933332,0.2644
2010-08-01 17:00:00,2010-08-02 13:00:00,21,0.32263333,0.33103332
2010-08-01 17:00:00,2010-08-02 14:00:00,22,0.29173332,0.2915
2010-08-01 17:00:00,2010-08-02 15:00:00,23,0.33123332,0.31366667
2010-08-01 17:00:00,2010-08-02 16:00:00,24,0.7540333,0.6569
2010-08-02 17:00:00,2010-08-02 17:00:00,1,0.7425333,0.9184333
2010-08-02 17:00:00,2010-08-02 18:00:00,2,0.31673333,0.30323333
2010-08-02 17:00:00,2010-08-02 19:00:00,3,0.30816665,0.31216666
2010-08-02 17:00:00,2010-08-02 20:00:00,4,0.3232,0.32836667
2010-08-02 17:00:00,2010-08-02 21:00:00,5,0.30696666,0.30546665
2010-08-02 17:00:00,2010-08-02 22:00:00,6,0.3078,0.3077
2010-08-02 17:00:00,2010-08-02 23:00:00,7,0.28966665,0.31223333
2010-08-02 17:00:00,2010-08-03 00:00:00,8,0.32186666,0.3015
2010-08-02 17:00:00,2010-08-03 01:00:00,9,0.2728,0.25253335
2010-08-02 17:00:00,2010-08-03 02:00:00,10,0.32066667,0.31683335
2010-08-02 17:00:00,2010-08-03 03:00:00,11,0.29013333,0.27706668
2010-08-02 17:00:00,2010-08-03 04:00:00,12,0.92356664,0.70773333
2010-08-02 17:00:00,2010-08-03 05:00:00,13,0.5683,0.86003333
2010-08-02 17:00:00,2010-08-03 06:00:00,14,0.31893334,0.3291
2010-08-02 17:00:00,2010-08-03 07:00:00,15,0.28266665,0.2859
2010-08-02 17:00:00,2010-08-03 08:00:00,16,0.3582,0.31646666
2010-08-02 17:00:00,2010-08-03 09:00:00,17,0.41876668,0.32283333
2010-08-02 17:00:00,2010-08-03 10:00:00,18,0.38026667,0.27466667
2010-08-02 17:00:00,2010-08-03 11:00:00,19,0.39076668,0.33933333
2010-08-02 17:00:00,2010-08-03 12:00:00,20,0.3639,0.27933332
2010-08-02 17:00:00,2010-08-03 13:00:00,21,0.41583332,0.32263333
2010-08-02 17:00:00,2010-08-03 14:00:00,22,0.3883,0.29173332
2010-08-02 17:00:00,2010-08-03 15:00:00,23,0.42886665,0.33123332
2010-08-02 17:00:00,2010-08-03 16:00:00,24,1.3614,0.7540333
2010-08-03 17:00:00,2010-08-03 17:00:00,1,0.4335,0.7425333
2010-08-03 17:00:00,2010-08-03 18:00:00,2,0.3534,0.31673333
2010-08-03 17:00:00,2010-08-03 19:00:00,3,0.39443332,0.30816665
2010-08-03 17:00:00,2010-08-03 20:00:00,4,0.3806,0.3232
2010-08-03 17:00:00,2010-08-03 21:00:00,5,0.2781,0.30696666
2010-08-03 17:00:00,2010-08-03 22:00:00,6,0.32203335,0.3078
2010-08-03 17:00:00,2010-08-03 23:00:00,7,0.28623334,0.28966665
2010-08-03 17:00:00,2010-08-04 00:00:00,8,0.32286668,0.32186666
2010-08-03 17:00:00,2010-08-04 01:00:00,9,0.27,0.2728
2010-08-03 17:00:00,2010-08-04 02:00:00,10,0.3335,0.32066667
2010-08-03 17:00:00,2010-08-04 03:00:00,11,0.33636665,0.29013333
2010-08-03 17:00:00,2010-08-04 04:00:00,12,1.1549333,0.92356664
2010-08-03 17:00:00,2010-08-04 05:00:00,13,0.32443333,0.5683
2010-08-03 17:00:00,2010-08-04 06:00:00,14,0.2804,0.31893334
2010-08-03 17:00:00,2010-08-04 07:00:00,15,0.31623334,0.28266665
2010-08-03 17:00:00,2010-08-04 08:00:00,16,0.3183,0.3582
2010-08-03 17:00:00,2010-08-04 09:00:00,17,0.30713335,0.41876668
2010-08-03 17:00:00,2010-08-04 10:00:00,18,0.28066668,0.38026667
2010-08-03 17:00:00,2010-08-04 11:00:00,19,0.3258,0.39076668
2010-08-03 17:00:00,2010-08-04 12:00:00,20,0.25503334,0.3639
2010-08-03 17:00:00,2010-08-04 13:00:00,21,0.2776,0.41583332
2010-08-03 17:00:00,2010-08-04 14:00:00,22,0.29463333,0.3883
2010-08-03 17:00:00,2010-08-04 15:00:00,23,0.5886,0.42886665
2010-08-03 17:00:00,2010-08-04 16:00:00,24,0.9815,1.3614
2010-08-04 17:00:00,2010-08-04 17:00:00,1,0.31696665,0.4335
2010-08-04 17:00:00,2010-08-04 18:00:00,2,0.30726665,0.3534
2010-08-04 17:00:00,2010-08-04 19:00:00,3,0.29206666,0.39443332
2010-08-04 17:00:00,2010-08-04 20:00:00,4,0.34266666,0.3806
2010-08-04 17:00:00,2010-08-04 21:00:00,5,0.27226666,0.2781
2010-08-04 17:00:00,2010-08-04 22:00:00,6,0.30326667,0.32203335
2010-08-04 17:00:00,2010-08-04 23:00:00,7,0.25343335,0.28623334
2010-08-04 17:00:00,2010-08-05 00:00:00,8,0.30866668,0.32286668
2010-08-04 17:00:00,2010-08-05 01:00:00,9,0.27283335,0.27
2010-08-04 17:00:00,2010-08-05 02:00:00,10,0.32726666,0.3335
2010-08-04 17:00:00,2010-08-05 03:00:00,11,0.6917,0.33636665
2010-08-04 17:00:00,2010-08-05 04:00:00,12,0.8628333,1.1549333
2010-08-04 17:00:00,2010-08-05 05:00:00,13,0.31463334,0.32443333
2010-08-04 17:00:00,2010-08-05 06:00:00,14,0.2312,0.2804
2010-08-04 17:00:00,2010-08-05 07:00:00,15,0.29983333,0.31623334
2010-08-04 17:00:00,2010-08-05 08:00:00,16,0.29883334,0.3183
2010-08-04 17:00:00,2010-08-05 09:00:00,17,0.31893334,0.30713335
2010-08-04 17:00:00,2010-08-05 10:00:00,18,0.27256668,0.28066668
2010-08-04 17:00:00,2010-08-05 11:00:00,19,0.27756667,0.3258
2010-08-04 17:00:00,2010-08-05 12:00:00,20,0.2622,0.25503334
2010-08-04 17:00:00,2010-08-05 13:00:00,21,0.31456667,0.2776
2010-08-04 17:00:00,2010-08-05 14:00:00,22,0.2877,0.29463333
2010-08-04 17:00:00,2010-08-05 15:00:00,23,0.9668667,0.5886
2010-08-04 17:00:00,2010-08-05 16:00:00,24,0.53653336,0.9815
2010-08-05 17:00:00,2010-08-05 17:00:00,1,0.3036,0.31696665
2010-08-05 17:00:00,2010-08-05 18:00:00,2,0.3042,0.30726665
2010-08-05 17:00:00,2010-08-05 19:00:00,3,0.28536665,0.29206666
2010-08-05 17:00:00,2010-08-05 20:00:00,4,0.33566666,0.34266666
2010-08-05 17:00:00,2010-08-05 21:00:00,5,0.20853333,0.27226666
2010-08-05 17:00:00,2010-08-05 22:00:00,6,0.3188,0.30326667
2010-08-05 17:00:00,2010-08-05 23:00:00,7,0.29036668,0.25343335
2010-08-05 17:00:00,2010-08-06 00:00:00,8,0.29856667,0.30866668
2010-08-05 17:00:00,2010-08-06 01:00:00,9,0.28073335,0.27283335
2010-08-05 17:00:00,2010-08-06 02:00:00,10,0.2885,0.32726666
2010-08-05 17:00:00,2010-08-06 03:00:00,11,1.2259,0.6917
2010-08-05 17:00:00,2010-08-06 04:00:00,12,0.30693334,0.8628333
2010-08-05 17:00:00,2010-08-06 05:00:00,13,0.2978,0.31463334
2010-08-05 17:00:00,2010-08-06 06:00:00,14,0.28183332,0.2312
2010-08-05 17:00:00,2010-08-06 07:00:00,15,0.2632,0.29983333
2010-08-05 17:00:00,2010-08-06 08:00:00,16,0.275,0.29883334
2010-08-05 17:00:00,2010-08-06 09:00:00,17,0.2968,0.31893334
2010-08-05 17:00:00,2010-08-06 10:00:00,18,0.27463335,0.27256668
2010-08-05 17:00:00,2010-08-06 11:00:00,19,0.3009,0.27756667
2010-08-05 17:00:00,2010-08-06 12:00:00,20,0.2164,0.2622
2010-08-05 17:00:00,2010-08-06 13:00:00,21,0.32413334,0.31456667
2010-08-05 17:00:00,2010-08-06 14:00:00,22,0.59786665,0.2877
2010-08-05 17:00:00,2010-08-06 15:00:00,23,0.9192333,0.9668667
2010-08-05 17:00:00,2010-08-06 16:00:00,24,0.26703334,0.53653336
2010-08-06 17:00:00,2010-08-06 17:00:00,1,0.30326667,0.3036
2010-08-06 17:00:00,2010-08-06 18:00:00,2,0.2873,0.3042
2010-08-06 17:00:00,2010-08-06 19:00:00,3,0.2997,0.28536665
2010-08-06 17:00:00,2010-08-06 20:00:00,4,0.2709,0.33566666
2010-08-06 17:00:00,2010-08-06 21:00:00,5,0.2672,0.20853333
2010-08-06 17:00:00,2010-08-06 22:00:00,6,0.33063334,0.3188
2010-08-06 17:00:00,2010-08-06 23:00:00,7,0.2713,0.29036668
2010-08-06 17:00:00,2010-08-07 00:00:00,8,0.2987,0.29856667
2010-08-06 17:00:00,2010-08-07 01:00:00,9,0.23376666,0.28073335
2010-08-06 17:00:00,2010-08-07 02:00:00,10,0.9127667,0.2885
2010-08-06 17:00:00,2010-08-07 03:00:00,11,0.6713,1.2259
2010-08-06 17:00:00,2010-08-07 04:00:00,12,0.3227,0.30693334
2010-08-06 17:00:00,2010-08-07 05:00:00,13,0.2813,0.2978
2010-08-06 17:00:00,2010-08-07 06:00:00,14,0.23513333,0.28183332
2010-08-06 17:00:00,2010-08-07 07:00:00,15,0.306,0.2632
2010-08-06 17:00:00,2010-08-07 08:00:00,16,0.29493332,0.275
2010-08-06 17:00:00,2010-08-07 09:00:00,17,0.30623335,0.2968
2010-08-06 17:00:00,2010-08-07 10:00:00,18,0.22626667,0.27463335
2010-08-06 17:00:00,2010-08-07 11:00:00,19,0.30646667,0.3009
2010-08-06 17:00:00,2010-08-07 12:00:00,20,0.2575,0.2164
2010-08-06 17:00:00,2010-08-07 13:00:00,21,0.3364,0.32413334
2010-08-06 17:00:00,2010-08-07 14:00:00,22,0.8581333,0.59786665
2010-08-06 17:00:00,2010-08-07 15:00:00,23,0.61983335,0.9192333
2010-08-06 17:00:00,2010-08-07 16:00:00,24,0.2899,0.26703334
2010-08-07 17:00:00,2010-08-07 17:00:00,1,0.2991,0.30326667
2010-08-07 17:00:00,2010-08-07 18:00:00,2,0.2804,0.2873
2010-08-07 17:00:00,2010-08-07 19:00:00,3,0.33936667,0.2997
2010-08-07 17:00:00,2010-08-07 20:00:00,4,0.2285,0.2709
2010-08-07 17:00:00,2010-08-07 21:00:00,5,0.29926667,0.2672
2010-08-07 17:00:00,2010-08-07 22:00:00,6,0.3097,0.33063334
2010-08-07 17:00:00,2010-08-07 23:00:00,7,0.2776,0.2713
2010-08-07 17:00:00,2010-08-08 00:00:00,8,0.31726667,0.2987
2010-08-07 17:00:00,2010-08-08 01:00:00,9,0.285,0.23376666
2010-08-07 17:00:00,2010-08-08 02:00:00,10,1.1826333,0.9127667
2010-08-07 17:00:00,2010-08-08 03:00:00,11,0.32003334,0.6713
2010-08-07 17:00:00,2010-08-08 04:00:00,12,0.3169,0.3227
2010-08-07 17:00:00,2010-08-08 05:00:00,13,0.27016667,0.2813
2010-08-07 17:00:00,2010-08-08 06:00:00,14,0.32046667,0.23513333
2010-08-07 17:00:00,2010-08-08 07:00:00,15,0.2682,0.306
2010-08-07 17:00:00,2010-08-08 08:00:00,16,0.2649,0.29493332
2010-08-07 17:00:00,2010-08-08 09:00:00,17,0.29023334,0.30623335
2010-08-07 17:00:00,2010-08-08 10:00:00,18,0.31863335,0.22626667
2010-08-07 17:00:00,2010-08-08 11:00:00,19,0.27706668,0.30646667
2010-08-07 17:00:00,2010-08-08 12:00:00,20,0.24223334,0.2575
2010-08-07 17:00:00,2010-08-08 13:00:00,21,0.5302333,0.3364
2010-08-07 17:00:00,2010-08-08 14:00:00,22,1.0143,0.8581333
2010-08-07 17:00:00,2010-08-08 15:00:00,23,0.31326666,0.61983335
2010-08-07 17:00:00,2010-08-08 16:00:00,24,0.23006667,0.2899
2010-08-08 17:00:00,2010-08-08 17:00:00,1,0.29296666,0.2991
2010-08-08 17:00:00,2010-08-08 18:00:00,2,0.2939,0.2804
2010-08-08 17:00:00,2010-08-08 19:00:00,3,0.3342,0.33936667
2010-08-08 17:00:00,2010-08-08 20:00:00,4,0.20953333,0.2285
2010-08-08 17:00:00,2010-08-08 21:00:00,5,0.3331,0.29926667
2010-08-08 17:00:00,2010-08-08 22:00:00,6,0.26913333,0.3097
2010-08-08 17:00:00,2010-08-08 23:00:00,7,0.31323335,0.2776
2010-08-08 17:00:00,2010-08-09 00:00:00,8,0.28296667,0.31726667
2010-08-08 17:00:00,2010-08-09 01:00:00,9,0.8472667,0.285
2010-08-08 17:00:00,2010-08-09 02:00:00,10,0.6601667,1.1826333
2010-08-08 17:00:00,2010-08-09 03:00:00,11,0.3196,0.32003334
2010-08-08 17:00:00,2010-08-09 04:00:00,12,0.2963,0.3169
2010-08-08 17:00:00,2010-08-09 05:00:00,13,0.28513333,0.27016667
2010-08-08 17:00:00,2010-08-09 06:00:00,14,0.31776667,0.32046667
2010-08-08 17:00:00,2010-08-09 07:00:00,15,0.29216668,0.2682
2010-08-08 17:00:00,2010-08-09 08:00:00,16,0.2481,0.2649
2010-08-08 17:00:00,2010-08-09 09:00:00,17,0.3048,0.29023334
2010-08-08 17:00:00,2010-08-09 10:00:00,18,0.29813334,0.31863335
2010-08-08 17:00:00,2010-08-09 11:00:00,19,0.27546668,0.27706668
2010-08-08 17:00:00,2010-08-09 12:00:00,20,0.33303332,0.24223334
2010-08-08 17:00:00,2010-08-09 13:00:00,21,1.0964667,0.5302333
2010-08-08 17:00:00,2010-08-09 14:00:00,22,0.39423335,1.0143
2010-08-08 17:00:00,2010-08-09 15:00:00,23,0.2846,0.31326666
2010-08-08 17:00:00,2010-08-09 16:00:00,24,0.32086667,0.23006667
2010-08-09 17:00:00,2010-08-09 17:00:00,1,0.2699,0.29296666
2010-08-09 17:00:00,2010-08-09 18:00:00,2,0.30223334,0.2939
2010-08-09 17:00:00,2010-08-09 19:00:00,3,0.2678,0.3342
2010-08-09 17:00:00,2010-08-09 20:00:00,4,0.3088,0.20953333
2010-08-09 17:00:00,2010-08-09 21:00:00,5,0.30813333,0.3331
2010-08-09 17:00:00,2010-08-09 22:00:00,6,0.31356665,0.26913333
2010-08-09 17:00:00,2010-08-09 23:00:00,7,0.29023334,0.31323335
2010-08-09 17:00:00,2010-08-10 00:00:00,8,0.35376668,0.28296667
2010-08-09 17:00:00,2010-08-10 01:00:00,9,1.249,0.8472667
2010-08-09 17:00:00,2010-08-10 02:00:00,10,0.29036668,0.6601667
2010-08-09 17:00:00,2010-08-10 03:00:00,11,0.26193333,0.3196
2010-08-09 17:00:00,2010-08-10 04:00:00,12,0.2945,0.2963
2010-08-09 17:00:00,2010-08-10 05:00:00,13,0.31373334,0.28513333
2010-08-09 17:00:00,2010-08-10 06:00:00,14,0.2842,0.31776667
2010-08-09 17:00:00,2010-08-10 07:00:00,15,0.33316666,0.29216668
2010-08-09 17:00:00,2010-08-10 08:00:00,16,0.25796667,0.2481
2010-08-09 17:00:00,2010-08-10 09:00:00,17,0.33896667,0.3048
2010-08-09 17:00:00,2010-08-10 10:00:00,18,0.25873333,0.29813334
2010-08-09 17:00:00,2010-08-10 11:00:00,19,0.2742,0.27546668
2010-08-09 17:00:00,2010-08-10 12:00:00,20,0.4379,0.33303332
2010-08-09 17:00:00,2010-08-10 13:00:00,21,1.1548667,1.0964667
2010-08-09 17:00:00,2010-08-10 14:00:00,22,0.2911,0.39423335
2010-08-09 17:00:00,2010-08-10 15:00:00,23,0.30036667,0.2846
2010-08-09 17:00:00,2010-08-10 16:00:00,24,0.3249,0.32086667
2010-08-10 17:00:00,2010-08-10 17:00:00,1,0.2845,0.2699
2010-08-10 17:00:00,2010-08-10 18:00:00,2,0.32233334,0.30223334
2010-08-10 17:00:00,2010-08-10 19:00:00,3,0.26203334,0.2678
2010-08-10 17:00:00,2010-08-10 20:00:00,4,0.2997,0.3088
2010-08-10 17:00:00,2010-08-10 21:00:00,5,0.2843,0.30813333
2010-08-10 17:00:00,2010-08-10 22:00:00,6,0.3303,0.31356665
2010-08-10 17:00:00,2010-08-10 23:00:00,7,0.27646667,0.29023334
2010-08-10 17:00:00,2010-08-11 00:00:00,8,0.43663332,0.35376668
2010-08-10 17:00:00,2010-08-11 01:00:00,9,1.1349334,1.249
2010-08-10 17:00:00,2010-08-11 02:00:00,10,0.3216,0.29036668
2010-08-10 17:00:00,2010-08-11 03:00:00,11,0.27576667,0.26193333
2010-08-10 17:00:00,2010-08-11 04:00:00,12,0.327,0.2945
2010-08-10 17:00:00,2010-08-11 05:00:00,13,0.24113333,0.31373334
2010-08-10 17:00:00,2010-08-11 06:00:00,14,0.2839,0.2842
2010-08-10 17:00:00,2010-08-11 07:00:00,15,0.3261,0.33316666
2010-08-10 17:00:00,2010-08-11 08:00:00,16,0.28256667,0.25796667
2010-08-10 17:00:00,2010-08-11 09:00:00,17,0.3212,0.33896667
2010-08-10 17:00:00,2010-08-11 10:00:00,18,0.2798,0.25873333
2010-08-10 17:00:00,2010-08-11 11:00:00,19,0.3235,0.2742
2010-08-10 17:00:00,2010-08-11 12:00:00,20,0.48443332,0.4379
2010-08-10 17:00:00,2010-08-11 13:00:00,21,1.0255667,1.1548667
2010-08-10 17:00:00,2010-08-11 14:00:00,22,0.2878,0.2911
2010-08-10 17:00:00,2010-08-11 15:00:00,23,0.30076668,0.30036667
2010-08-10 17:00:00,2010-08-11 16:00:00,24,0.28646666,0.3249
2010-08-11 17:00:00,2010-08-11 17:00:00,1,0.3285,0.2845
2010-08-11 17:00:00,2010-08-11 18:00:00,2,0.2832,0.32233334
2010-08-11 17:00:00,2010-08-11 19:00:00,3,0.31893334,0.26203334
2010-08-11 17:00:00,2010-08-11 20:00:00,4,0.25766668,0.2997
2010-08-11 17:00:00,2010-08-11 21:00:00,5,0.29546666,0.2843
2010-08-11 17:00:00,2010-08-11 22:00:00,6,0.31416667,0.3303
2010-08-11 17:00:00,2010-08-11 23:00:00,7,0.29626667,0.27646667
2010-08-11 17:00:00,2010-08-12 00:00:00,8,0.6167333,0.43663332
2010-08-11 17:00:00,2010-08-12 01:00:00,9,0.9415,1.1349334
2010-08-11 17:00:00,2010-08-12 02:00:00,10,0.27763334,0.3216
2010-08-11 17:00:00,2010-08-12 03:00:00,11,0.27013335,0.27576667
2010-08-11 17:00:00,2010-08-12 04:00:00,12,0.3089,0.327
2010-08-11 17:00:00,2010-08-12 05:00:00,13,0.2886,0.24113333
2010-08-11 17:00:00,2010-08-12 06:00:00,14,0.31153333,0.2839
2010-08-11 17:00:00,2010-08-12 07:00:00,15,0.28036666,0.3261
2010-08-11 17:00:00,2010-08-12 08:00:00,16,0.25986665,0.28256667
2010-08-11 17:00:00,2010-08-12 09:00:00,17,0.30693334,0.3212
2010-08-11 17:00:00,2010-08-12 10:00:00,18,0.2762,0.2798
2010-08-11 17:00:00,2010-08-12 11:00:00,19,0.3204,0.3235
2010-08-11 17:00:00,2010-08-12 12:00:00,20,0.7539333,0.48443332
2010-08-11 17:00:00,2010-08-12 13:00:00,21,0.7424,1.0255667
2010-08-11 17:00:00,2010-08-12 14:00:00,22,0.2872,0.2878
2010-08-11 17:00:00,2010-08-12 15:00:00,23,0.3151,0.30076668
2010-08-11 17:00:00,2010-08-12 16:00:00,24,0.2699,0.28646666
2010-08-12 17:00:00,2010-08-12 17:00:00,1,0.3038,0.3285
2010-08-12 17:00:00,2010-08-12 18:00:00,2,0.24606666,0.2832
2010-08-12 17:00:00,2010-08-12 19:00:00,3,0.31096667,0.31893334
2010-08-12 17:00:00,2010-08-12 20:00:00,4,0.30546665,0.25766668
2010-08-12 17:00:00,2010-08-12 21:00:00,5,0.31286666,0.29546666
2010-08-12 17:00:00,2010-08-12 22:00:00,6,0.26143333,0.31416667
2010-08-12 17:00:00,2010-08-12 23:00:00,7,0.26036668,0.29626667
2010-08-12 17:00:00,2010-08-13 00:00:00,8,1.0248667,0.6167333
2010-08-12 17:00:00,2010-08-13 01:00:00,9,0.5477667,0.9415
2010-08-12 17:00:00,2010-08-13 02:00:00,10,0.3143,0.27763334
2010-08-12 17:00:00,2010-08-13 03:00:00,11,0.22713333,0.27013335
2010-08-12 17:00:00,2010-08-13 04:00:00,12,0.31073335,0.3089
2010-08-12 17:00:00,2010-08-13 05:00:00,13,0.26273334,0.2886
2010-08-12 17:00:00,2010-08-13 06:00:00,14,0.3305,0.31153333
2010-08-12 17:00:00,2010-08-13 07:00:00,15,0.26916668,0.28036666
2010-08-12 17:00:00,2010-08-13 08:00:00,16,0.25376666,0.25986665
2010-08-12 17:00:00,2010-08-13 09:00:00,17,0.31453332,0.30693334
2010-08-12 17:00:00,2010-08-13 10:00:00,18,0.276,0.2762
2010-08-12 17:00:00,2010-08-13 11:00:00,19,0.3081,0.3204
2010-08-12 17:00:00,2010-08-13 12:00:00,20,1.1694,0.7539333
2010-08-12 17:00:00,2010-08-13 13:00:00,21,0.34083334,0.7424
2010-08-12 17:00:00,2010-08-13 14:00:00,22,0.25533333,0.2872
2010-08-12 17:00:00,2010-08-13 15:00:00,23,0.3295,0.3151
2010-08-12 17:00:00,2010-08-13 16:00:00,24,0.2618,0.2699
2010-08-13 17:00:00,2010-08-13 17:00:00,1,0.2516,0.3038
2010-08-13 17:00:00,2010-08-13 18:00:00,2,0.3005,0.24606666
2010-08-13 17:00:00,2010-08-13 19:00:00,3,0.29653335,0.31096667
2010-08-13 17:00:00,2010-08-13 20:00:00,4,0.2919,0.30546665
2010-08-13 17:00:00,2010-08-13 21:00:00,5,0.25283334,0.31286666
2010-08-13 17:00:00,2010-08-13 22:00:00,6,0.30193335,0.26143333
2010-08-13 17:00:00,2010-08-13 23:00:00,7,0.41313332,0.26036668
2010-08-13 17:00:00,2010-08-14 00:00:00,8,1.1578,1.0248667
2010-08-13 17:00:00,2010-08-14 01:00:00,9,0.2223,0.5477667
2010-08-13 17:00:00,2010-08-14 02:00:00,10,0.2961,0.3143
2010-08-13 17:00:00,2010-08-14 03:00:00,11,0.283,0.22713333
2010-08-13 17:00:00,2010-08-14 04:00:00,12,0.3174,0.31073335
2010-08-13 17:00:00,2010-08-14 05:00:00,13,0.20033333,0.26273334
2010-08-13 17:00:00,2010-08-14 06:00:00,14,0.3201,0.3305
2010-08-13 17:00:00,2010-08-14 07:00:00,15,0.26793334,0.26916668
2010-08-13 17:00:00,2010-08-14 08:00:00,16,0.3123,0.25376666
2010-08-13 17:00:00,2010-08-14 09:00:00,17,0.21163334,0.31453332
2010-08-13 17:00:00,2010-08-14 10:00:00,18,0.31903332,0.276
2010-08-13 17:00:00,2010-08-14 11:00:00,19,0.7287,0.3081
2010-08-13 17:00:00,2010-08-14 12:00:00,20,0.7658333,1.1694
2010-08-13 17:00:00,2010-08-14 13:00:00,21,0.29586667,0.34083334
2010-08-13 17:00:00,2010-08-14 14:00:00,22,0.27933332,0.25533333
2010-08-13 17:00:00,2010-08-14 15:00:00,23,0.2941,0.3295
2010-08-13 17:00:00,2010-08-14 16:00:00,24,0.2379,0.2618
2010-08-14 17:00:00,2010-08-14 17:00:00,1,0.2874,0.2516
2010-08-14 17:00:00,2010-08-14 18:00:00,2,0.2868,0.3005
2010-08-14 17:00:00,2010-08-14 19:00:00,3,0.27193335,0.29653335
2010-08-14 17:00:00,2010-08-14 20:00:00,4,0.2736,0.2919
2010-08-14 17:00:00,2010-08-14 21:00:00,5,0.30383334,0.25283334
2010-08-14 17:00:00,2010-08-14 22:00:00,6,0.29023334,0.30193335
2010-08-14 17:00:00,2010-08-14 23:00:00,7,1.0143666,0.41313332
2010-08-14 17:00:00,2010-08-15 00:00:00,8,0.47656667,1.1578
2010-08-14 17:00:00,2010-08-15 01:00:00,9,0.3296,0.2223
2010-08-14 17:00:00,2010-08-15 02:00:00,10,0.25833333,0.2961
2010-08-14 17:00:00,2010-08-15 03:00:00,11,0.252,0.283
2010-08-14 17:00:00,2010-08-15 04:00:00,12,0.28223333,0.3174
2010-08-14 17:00:00,2010-08-15 05:00:00,13,0.30906665,0.20033333
2010-08-14 17:00:00,2010-08-15 06:00:00,14,0.26486668,0.3201
2010-08-14 17:00:00,2010-08-15 07:00:00,15,0.26443332,0.26793334
2010-08-14 17:00:00,2010-08-15 08:00:00,16,0.28026667,0.3123
2010-08-14 17:00:00,2010-08-15 09:00:00,17,0.294,0.21163334
2010-08-14 17:00:00,2010-08-15 10:00:00,18,0.34773332,0.31903332
2010-08-14 17:00:00,2010-08-15 11:00:00,19,1.2265667,0.7287
2010-08-14 17:00:00,2010-08-15 12:00:00,20,0.29006666,0.7658333
2010-08-14 17:00:00,2010-08-15 13:00:00,21,0.3015,0.29586667
2010-08-14 17:00:00,2010-08-15 14:00:00,22,0.99833333,0.27933332
2010-08-14 17:00:00,2010-08-15 15:00:00,23,0.4085,0.2941
2010-08-14 17:00:00,2010-08-15 16:00:00,24,1.8561,0.2379
2010-08-15 17:00:00,2010-08-15 17:00:00,1,1.9023,0.2874
2010-08-15 17:00:00,2010-08-15 18:00:00,2,2.1767,0.2868
2010-08-15 17:00:00,2010-08-15 19:00:00,3,0.9298667,0.27193335
2010-08-15 17:00:00,2010-08-15 20:00:00,4,1.2045,0.2736
2010-08-15 17:00:00,2010-08-15 21:00:00,5,0.9719667,0.30383334
2010-08-15 17:00:00,2010-08-15 22:00:00,6,1.4498667,0.29023334
2010-08-15 17:00:00,2010-08-15 23:00:00,7,0.5244,1.0143666
2010-08-15 17:00:00,2010-08-16 00:00:00,8,0.29763332,0.47656667
2010-08-15 17:00:00,2010-08-16 01:00:00,9,0.33293334,0.3296
2010-08-15 17:00:00,2010-08-16 02:00:00,10,0.26386666,0.25833333
2010-08-15 17:00:00,2010-08-16 03:00:00,11,0.30246666,0.252
2010-08-15 17:00:00,2010-08-16 04:00:00,12,0.31856668,0.28223333
2010-08-15 17:00:00,2010-08-16 05:00:00,13,0.3097,0.30906665
2010-08-15 17:00:00,2010-08-16 06:00:00,14,0.2612,0.26486668
2010-08-15 17:00:00,2010-08-16 07:00:00,15,0.9650667,0.26443332
2010-08-15 17:00:00,2010-08-16 08:00:00,16,1.5165666,0.28026667
2010-08-15 17:00:00,2010-08-16 09:00:00,17,1.3763334,0.294
2010-08-15 17:00:00,2010-08-16 10:00:00,18,1.3420334,0.34773332
2010-08-15 17:00:00,2010-08-16 11:00:00,19,0.2498,1.2265667
2010-08-15 17:00:00,2010-08-16 12:00:00,20,0.48273334,0.29006666
2010-08-15 17:00:00,2010-08-16 13:00:00,21,0.7548,0.3015
2010-08-15 17:00:00,2010-08-16 14:00:00,22,0.8666,0.99833333
2010-08-15 17:00:00,2010-08-16 15:00:00,23,0.3209,0.4085
2010-08-15 17:00:00,2010-08-16 16:00:00,24,0.8527333,1.8561
2010-08-16 17:00:00,2010-08-16 17:00:00,1,0.67123336,1.9023
2010-08-16 17:00:00,2010-08-16 18:00:00,2,0.74383336,2.1767
2010-08-16 17:00:00,2010-08-16 19:00:00,3,1.0497333,0.9298667
2010-08-16 17:00:00,2010-08-16 20:00:00,4,1.4753333,1.2045
2010-08-16 17:00:00,2010-08-16 21:00:00,5,1.2868333,0.9719667
2010-08-16 17:00:00,2010-08-16 22:00:00,6,1.5521667,1.4498667
2010-08-16 17:00:00,2010-08-16 23:00:00,7,1.2357666,0.5244
2010-08-16 17:00:00,2010-08-17 00:00:00,8,1.0600667,0.29763332
2010-08-16 17:00:00,2010-08-17 01:00:00,9,1.0796334,0.33293334
2010-08-16 17:00:00,2010-08-17 02:00:00,10,0.8246667,0.26386666
2010-08-16 17:00:00,2010-08-17 03:00:00,11,0.7446667,0.30246666
2010-08-16 17:00:00,2010-08-17 04:00:00,12,0.8127667,0.31856668
2010-08-16 17:00:00,2010-08-17 05:00:00,13,0.8006,0.3097
2010-08-16 17:00:00,2010-08-17 06:00:00,14,0.75306666,0.2612
2010-08-16 17:00:00,2010-08-17 07:00:00,15,1.0798666,0.9650667
2010-08-16 17:00:00,2010-08-17 08:00:00,16,1.1409667,1.5165666
2010-08-16 17:00:00,2010-08-17 09:00:00,17,1.8965334,1.3763334
2010-08-16 17:00:00,2010-08-17 10:00:00,18,1.3446333,1.3420334
2010-08-16 17:00:00,2010-08-17 11:00:00,19,0.77853334,0.2498
2010-08-16 17:00:00,2010-08-17 12:00:00,20,0.29106668,0.48273334
2010-08-16 17:00:00,2010-08-17 13:00:00,21,0.41823334,0.7548
2010-08-16 17:00:00,2010-08-17 14:00:00,22,0.33716667,0.8666
2010-08-16 17:00:00,2010-08-17 15:00:00,23,0.35816666,0.3209
2010-08-16 17:00:00,2010-08-17 16:00:00,24,0.7672333,0.8527333
2010-09-06 17:00:00,2010-09-06 17:00:00,1,2.4976666,0.5999333
2010-09-06 17:00:00,2010-09-06 18:00:00,2,0.8907,0.8549
2010-09-06 17:00:00,2010-09-06 19:00:00,3,1.2747333,1.3828666
2010-09-06 17:00:00,2010-09-06 20:00:00,4,1.1888666,1.0963666
2010-09-06 17:00:00,2010-09-06 21:00:00,5,1.7181667,2.119
2010-09-06 17:00:00,2010-09-06 22:00:00,6,1.2335,1.5342333
2010-09-06 17:00:00,2010-09-06 23:00:00,7,0.41806668,0.4088
2010-09-06 17:00:00,2010-09-07 00:00:00,8,0.66206664,0.36146668
2010-09-06 17:00:00,2010-09-07 01:00:00,9,0.6508333,0.33393332
2010-09-06 17:00:00,2010-09-07 02:00:00,10,0.2722,0.34256667
2010-09-06 17:00:00,2010-09-07 03:00:00,11,0.31526667,0.28243333
2010-09-06 17:00:00,2010-09-07 04:00:00,12,0.305,0.351
2010-09-06 17:00:00,2010-09-07 05:00:00,13,0.32686666,0.2231
2010-09-06 17:00:00,2010-09-07 06:00:00,14,0.6378,1.5419333
2010-09-06 17:00:00,2010-09-07 07:00:00,15,1.8521333,1.8616333
2010-09-06 17:00:00,2010-09-07 08:00:00,16,1.4305333,1.5826334
2010-09-06 17:00:00,2010-09-07 09:00:00,17,1.4320333,1.4338
2010-09-06 17:00:00,2010-09-07 10:00:00,18,0.6150333,0.54836667
2010-09-06 17:00:00,2010-09-07 11:00:00,19,1.0950667,0.3156
2010-09-06 17:00:00,2010-09-07 12:00:00,20,0.48646668,1.2417667
2010-09-06 17:00:00,2010-09-07 13:00:00,21,0.43636668,1.3418334
2010-09-06 17:00:00,2010-09-07 14:00:00,22,0.3362,0.36543334
2010-09-06 17:00:00,2010-09-07 15:00:00,23,0.33633333,0.95816666
2010-09-06 17:00:00,2010-09-07 16:00:00,24,0.9365,1.4072334
2010-09-07 17:00:00,2010-09-07 17:00:00,1,0.3335,2.4976666
2010-09-07 17:00:00,2010-09-07 18:00:00,2,1.0712667,0.8907
2010-09-07 17:00:00,2010-09-07 19:00:00,3,2.7609334,1.2747333
2010-09-07 17:00:00,2010-09-07 20:00:00,4,2.1508334,1.1888666
2010-09-07 17:00:00,2010-09-07 21:00:00,5,2.2494333,1.7181667
2010-09-07 17:00:00,2010-09-07 22:00:00,6,2.4007666,1.2335
2010-09-07 17:00:00,2010-09-07 23:00:00,7,1.1041334,0.41806668
2010-09-07 17:00:00,2010-09-08 00:00:00,8,0.36596668,0.66206664
2010-09-07 17:00:00,2010-09-08 01:00:00,9,0.34976667,0.6508333
2010-09-07 17:00:00,2010-09-08 02:00:00,10,0.4579,0.2722
2010-09-07 17:00:00,2010-09-08 03:00:00,11,0.30133334,0.31526667
2010-09-07 17:00:00,2010-09-08 04:00:00,12,0.346,0.305
2010-09-07 17:00:00,2010-09-08 05:00:00,13,0.32243332,0.32686666
2010-09-07 17:00:00,2010-09-08 06:00:00,14,0.7884333,0.6378
2010-09-07 17:00:00,2010-09-08 07:00:00,15,1.9181,1.8521333
2010-09-07 17:00:00,2010-09-08 08:00:00,16,1.6187,1.4305333
2010-09-07 17:00:00,2010-09-08 09:00:00,17,1.4468334,1.4320333
2010-09-07 17:00:00,2010-09-08 10:00:00,18,0.46386668,0.6150333
2010-09-07 17:00:00,2010-09-08 11:00:00,19,0.3372,1.0950667
2010-09-07 17:00:00,2010-09-08 12:00:00,20,0.6727667,0.48646668
2010-09-07 17:00:00,2010-09-08 13:00:00,21,0.45713332,0.43636668
2010-09-07 17:00:00,2010-09-08 14:00:00,22,0.5007,0.3362
2010-09-07 17:00:00,2010-09-08 15:00:00,23,0.4572,0.33633333
2010-09-07 17:00:00,2010-09-08 16:00:00,24,0.56273335,0.9365
2010-09-08 17:00:00,2010-09-08 17:00:00,1,0.9294,0.3335
2010-09-08 17:00:00,2010-09-08 18:00:00,2,1.6340333,1.0712667
2010-09-08 17:00:00,2010-09-08 19:00:00,3,0.7245333,2.7609334
2010-09-08 17:00:00,2010-09-08 20:00:00,4,1.853,2.1508334
2010-09-08 17:00:00,2010-09-08 21:00:00,5,2.8006,2.2494333
2010-09-08 17:00:00,2010-09-08 22:00:00,6,1.4298333,2.4007666
2010-09-08 17:00:00,2010-09-08 23:00:00,7,0.9917333,1.1041334
2010-09-08 17:00:00,2010-09-09 00:00:00,8,0.90496665,0.36596668
2010-09-08 17:00:00,2010-09-09 01:00:00,9,0.47246668,0.34976667
2010-09-08 17:00:00,2010-09-09 02:00:00,10,0.32793334,0.4579
2010-09-08 17:00:00,2010-09-09 03:00:00,11,0.2828,0.30133334
2010-09-08 17:00:00,2010-09-09 04:00:00,12,0.2496,0.346
2010-09-08 17:00:00,2010-09-09 05:00:00,13,0.7349333,0.32243332
2010-09-08 17:00:00,2010-09-09 06:00:00,14,0.8782667,0.7884333
2010-09-08 17:00:00,2010-09-09 07:00:00,15,1.9046,1.9181
2010-09-08 17:00:00,2010-09-09 08:00:00,16,1.4102,1.6187
2010-09-08 17:00:00,2010-09-09 09:00:00,17,0.9942667,1.4468334
2010-09-08 17:00:00,2010-09-09 10:00:00,18,0.42676666,0.46386668
2010-09-08 17:00:00,2010-09-09 11:00:00,19,0.84456664,0.3372
2010-09-08 17:00:00,2010-09-09 12:00:00,20,0.82446665,0.6727667
2010-09-08 17:00:00,2010-09-09 13:00:00,21,0.958,0.45713332
2010-09-08 17:00:00,2010-09-09 14:00:00,22,0.42096666,0.5007
2010-09-08 17:00:00,2010-09-09 15:00:00,23,0.77723336,0.4572
2010-09-08 17:00:00,2010-09-09 16:00:00,24,0.30036667,0.56273335
2010-09-09 17:00:00,2010-09-09 17:00:00,1,0.71646667,0.9294
2010-09-09 17:00:00,2010-09-09 18:00:00,2,0.47,1.6340333
2010-09-09 17:00:00,2010-09-09 19:00:00,3,1.5420667,0.7245333
2010-09-09 17:00:00,2010-09-09 20:00:00,4,2.6474333,1.853
2010-09-09 17:00:00,2010-09-09 21:00:00,5,1.2951666,2.8006
2010-09-09 17:00:00,2010-09-09 22:00:00,6,0.8265333,1.4298333
2010-09-09 17:00:00,2010-09-09 23:00:00,7,0.43516666,0.9917333
2010-09-09 17:00:00,2010-09-10 00:00:00,8,0.3246,0.90496665
2010-09-09 17:00:00,2010-09-10 01:00:00,9,0.80626667,0.47246668
2010-09-09 17:00:00,2010-09-10 02:00:00,10,0.4391,0.32793334
2010-09-09 17:00:00,2010-09-10 03:00:00,11,0.33616668,0.2828
2010-09-09 17:00:00,2010-09-10 04:00:00,12,0.27933332,0.2496
2010-09-09 17:00:00,2010-09-10 05:00:00,13,0.26126668,0.7349333
2010-09-09 17:00:00,2010-09-10 06:00:00,14,0.91066664,0.8782667
2010-09-09 17:00:00,2010-09-10 07:00:00,15,1.698,1.9046
2010-09-09 17:00:00,2010-09-10 08:00:00,16,0.31983334,1.4102
2010-09-09 17:00:00,2010-09-10 09:00:00,17,0.307,0.9942667
2010-09-09 17:00:00,2010-09-10 10:00:00,18,0.34993333,0.42676666
2010-09-09 17:00:00,2010-09-10 11:00:00,19,0.46993333,0.84456664
2010-09-09 17:00:00,2010-09-10 12:00:00,20,0.23243333,0.82446665
2010-09-09 17:00:00,2010-09-10 13:00:00,21,0.37426665,0.958
2010-09-09 17:00:00,2010-09-10 14:00:00,22,0.42703333,0.42096666
2010-09-09 17:00:00,2010-09-10 15:00:00,23,0.3281,0.77723336
2010-09-09 17:00:00,2010-09-10 16:00:00,24,0.9026,0.30036667
2010-09-10 17:00:00,2010-09-10 17:00:00,1,1.0888,0.71646667
2010-09-10 17:00:00,2010-09-10 18:00:00,2,2.1483,0.47
2010-09-10 17:00:00,2010-09-10 19:00:00,3,1.8013,1.5420667
2010-09-10 17:00:00,2010-09-10 20:00:00,4,2.3795,2.6474333
2010-09-10 17:00:00,2010-09-10 21:00:00,5,2.0765,1.2951666
2010-09-10 17:00:00,2010-09-10 22:00:00,6,2.3522,0.8265333
2010-09-10 17:00:00,2010-09-10 23:00:00,7,1.522,0.43516666
2010-09-10 17:00:00,2010-09-11 00:00:00,8,1.0361333,0.3246
2010-09-10 17:00:00,2010-09-11 01:00:00,9,0.461,0.80626667
2010-09-10 17:00:00,2010-09-11 02:00:00,10,0.345,0.4391
2010-09-10 17:00:00,2010-09-11 03:00:00,11,0.27406666,0.33616668
2010-09-10 17:00:00,2010-09-11 04:00:00,12,0.3428,0.27933332
2010-09-10 17:00:00,2010-09-11 05:00:00,13,0.30256668,0.26126668
2010-09-10 17:00:00,2010-09-11 06:00:00,14,0.7187667,0.91066664
2010-09-10 17:00:00,2010-09-11 07:00:00,15,1.6514,1.698
2010-09-10 17:00:00,2010-09-11 08:00:00,16,1.4151,0.31983334
2010-09-10 17:00:00,2010-09-11 09:00:00,17,0.8931,0.307
2010-09-10 17:00:00,2010-09-11 10:00:00,18,1.3423,0.34993333
2010-09-10 17:00:00,2010-09-11 11:00:00,19,0.42766666,0.46993333
2010-09-10 17:00:00,2010-09-11 12:00:00,20,1.0580333,0.23243333
2010-09-10 17:00:00,2010-09-11 13:00:00,21,1.7219,0.37426665
2010-09-10 17:00:00,2010-09-11 14:00:00,22,1.8109,0.42703333
2010-09-10 17:00:00,2010-09-11 15:00:00,23,0.9680667,0.3281
2010-09-10 17:00:00,2010-09-11 16:00:00,24,0.45906666,0.9026
2010-09-11 17:00:00,2010-09-11 17:00:00,1,1.2209333,1.0888
2010-09-11 17:00:00,2010-09-11 18:00:00,2,0.73183334,2.1483
2010-09-11 17:00:00,2010-09-11 19:00:00,3,0.38176668,1.8013
2010-09-11 17:00:00,2010-09-11 20:00:00,4,1.0723,2.3795
2010-09-11 17:00:00,2010-09-11 21:00:00,5,1.8524,2.0765
2010-09-11 17:00:00,2010-09-11 22:00:00,6,1.9503334,2.3522
2010-09-11 17:00:00,2010-09-11 23:00:00,7,1.9510666,1.522
2010-09-11 17:00:00,2010-09-12 00:00:00,8,1.9163,1.0361333
2010-09-11 17:00:00,2010-09-12 01:00:00,9,1.7626333,0.461
2010-09-11 17:00:00,2010-09-12 02:00:00,10,2.2741,0.345
2010-09-11 17:00:00,2010-09-12 03:00:00,11,2.2359667,0.27406666
2010-09-11 17:00:00,2010-09-12 04:00:00,12,1.4288334,0.3428
2010-09-11 17:00:00,2010-09-12 05:00:00,13,0.2998,0.30256668
2010-09-11 17:00:00,2010-09-12 06:00:00,14,0.2696,0.7187667
2010-09-11 17:00:00,2010-09-12 07:00:00,15,0.3461,1.6514
2010-09-11 17:00:00,2010-09-12 08:00:00,16,0.3628,1.4151
2010-09-11 17:00:00,2010-09-12 09:00:00,17,0.4345,0.8931
2010-09-11 17:00:00,2010-09-12 10:00:00,18,0.26186666,1.3423
2010-09-11 17:00:00,2010-09-12 11:00:00,19,0.8206,0.42766666
2010-09-11 17:00:00,2010-09-12 12:00:00,20,1.1534333,1.0580333
2010-09-11 17:00:00,2010-09-12 13:00:00,21,2.1095333,1.7219
2010-09-11 17:00:00,2010-09-12 14:00:00,22,1.6432,1.8109
2010-09-11 17:00:00,2010-09-12 15:00:00,23,1.5487334,0.9680667
2010-09-11 17:00:00,2010-09-12 16:00:00,24,1.0166,0.45906666
2010-09-12 17:00:00,2010-09-12 17:00:00,1,0.4826,1.2209333
2010-09-12 17:00:00,2010-09-12 18:00:00,2,0.42516667,0.73183334
2010-09-12 17:00:00,2010-09-12 19:00:00,3,0.30766666,0.38176668
2010-09-12 17:00:00,2010-09-12 20:00:00,4,1.3974,1.0723
2010-09-12 17:00:00,2010-09-12 21:00:00,5,1.5438334,1.8524
2010-09-12 17:00:00,2010-09-12 22:00:00,6,1.5374334,1.9503334
2010-09-12 17:00:00,2010-09-12 23:00:00,7,1.2895,1.9510666
2010-09-12 17:00:00,2010-09-13 00:00:00,8,0.77213335,1.9163
2010-09-12 17:00:00,2010-09-13 01:00:00,9,0.3366,1.7626333
2010-09-12 17:00:00,2010-09-13 02:00:00,10,0.9683333,2.2741
2010-09-12 17:00:00,2010-09-13 03:00:00,11,0.31066668,2.2359667
2010-09-12 17:00:00,2010-09-13 04:00:00,12,0.2142,1.4288334
2010-09-12 17:00:00,2010-09-13 05:00:00,13,0.2632,0.2998
2010-09-12 17:00:00,2010-09-13 06:00:00,14,0.6192333,0.2696
2010-09-12 17:00:00,2010-09-13 07:00:00,15,1.9085667,0.3461
2010-09-12 17:00:00,2010-09-13 08:00:00,16,1.4395666,0.3628
2010-09-12 17:00:00,2010-09-13 09:00:00,17,0.5902333,0.4345
2010-09-12 17:00:00,2010-09-13 10:00:00,18,0.35976666,0.26186666
2010-09-12 17:00:00,2010-09-13 11:00:00,19,0.33756667,0.8206
2010-09-12 17:00:00,2010-09-13 12:00:00,20,0.26786667,1.1534333
2010-09-12 17:00:00,2010-09-13 13:00:00,21,1.2969,2.1095333
2010-09-12 17:00:00,2010-09-13 14:00:00,22,0.34996668,1.6432
2010-09-12 17:00:00,2010-09-13 15:00:00,23,0.2418,1.5487334
2010-09-12 17:00:00,2010-09-13 16:00:00,24,0.34806666,1.0166
2010-09-13 17:00:00,2010-09-13 17:00:00,1,0.3459,0.4826
2010-09-13 17:00:00,2010-09-13 18:00:00,2,0.71026665,0.42516667
2010-09-13 17:00:00,2010-09-13 19:00:00,3,1.2278334,0.30766666
2010-09-13 17:00:00,2010-09-13 20:00:00,4,1.4991,1.3974
2010-09-13 17:00:00,2010-09-13 21:00:00,5,1.7951,1.5438334
2010-09-13 17:00:00,2010-09-13 22:00:00,6,1.4222333,1.5374334
2010-09-13 17:00:00,2010-09-13 23:00:00,7,0.31356665,1.2895
2010-09-13 17:00:00,2010-09-14 00:00:00,8,0.33683333,0.77213335
2010-09-13 17:00:00,2010-09-14 01:00:00,9,0.3358,0.3366
2010-09-13 17:00:00,2010-09-14 02:00:00,10,0.3402,0.9683333
2010-09-13 17:00:00,2010-09-14 03:00:00,11,0.27923334,0.31066668
2010-09-13 17:00:00,2010-09-14 04:00:00,12,0.25666666,0.2142
2010-09-13 17:00:00,2010-09-14 05:00:00,13,0.2604,0.2632
2010-09-13 17:00:00,2010-09-14 06:00:00,14,0.6287,0.6192333
2010-09-13 17:00:00,2010-09-14 07:00:00,15,1.7493334,1.9085667
2010-09-13 17:00:00,2010-09-14 08:00:00,16,1.4405,1.4395666
2010-09-13 17:00:00,2010-09-14 09:00:00,17,2.1934333,0.5902333
2010-09-13 17:00:00,2010-09-14 10:00:00,18,0.9704667,0.35976666
2010-09-13 17:00:00,2010-09-14 11:00:00,19,1.7899,0.33756667
2010-09-13 17:00:00,2010-09-14 12:00:00,20,0.5667667,0.26786667
2010-09-13 17:00:00,2010-09-14 13:00:00,21,0.50916666,1.2969
2010-09-13 17:00:00,2010-09-14 14:00:00,22,0.94516665,0.34996668
2010-09-13 17:00:00,2010-09-14 15:00:00,23,0.32896668,0.2418
2010-09-13 17:00:00,2010-09-14 16:00:00,24,0.38696668,0.34806666
2010-09-14 17:00:00,2010-09-14 17:00:00,1,0.5251667,0.3459
2010-09-14 17:00:00,2010-09-14 18:00:00,2,1.5987,0.71026665
2010-09-14 17:00:00,2010-09-14 19:00:00,3,1.9842334,1.2278334
2010-09-14 17:00:00,2010-09-14 20:00:00,4,2.0944333,1.4991
2010-09-14 17:00:00,2010-09-14 21:00:00,5,2.1402667,1.7951
2010-09-14 17:00:00,2010-09-14 22:00:00,6,1.3248333,1.4222333
2010-09-14 17:00:00,2010-09-14 23:00:00,7,0.8585,0.31356665
2010-09-14 17:00:00,2010-09-15 00:00:00,8,0.3932,0.33683333
2010-09-14 17:00:00,2010-09-15 01:00:00,9,0.40836668,0.3358
2010-09-14 17:00:00,2010-09-15 02:00:00,10,0.38073334,0.3402
2010-09-14 17:00:00,2010-09-15 03:00:00,11,0.351,0.27923334
2010-09-14 17:00:00,2010-09-15 04:00:00,12,0.23933333,0.25666666
2010-09-14 17:00:00,2010-09-15 05:00:00,13,0.305,0.2604
2010-09-14 17:00:00,2010-09-15 06:00:00,14,0.81226665,0.6287
2010-09-14 17:00:00,2010-09-15 07:00:00,15,2.0184,1.7493334
2010-09-14 17:00:00,2010-09-15 08:00:00,16,1.5053667,1.4405
2010-09-14 17:00:00,2010-09-15 09:00:00,17,1.1082333,2.1934333
2010-09-14 17:00:00,2010-09-15 10:00:00,18,0.31056666,0.9704667
2010-09-14 17:00:00,2010-09-15 11:00:00,19,0.22896667,1.7899
2010-09-14 17:00:00,2010-09-15 12:00:00,20,0.37286666,0.5667667
2010-09-14 17:00:00,2010-09-15 13:00:00,21,0.27376667,0.50916666
2010-09-14 17:00:00,2010-09-15 14:00:00,22,0.34433332,0.94516665
2010-09-14 17:00:00,2010-09-15 15:00:00,23,0.35886666,0.32896668
2010-09-14 17:00:00,2010-09-15 16:00:00,24,0.40313333,0.38696668
2010-09-15 17:00:00,2010-09-15 17:00:00,1,0.3624,0.5251667
2010-09-15 17:00:00,2010-09-15 18:00:00,2,0.98303336,1.5987
2010-09-15 17:00:00,2010-09-15 19:00:00,3,0.20803334,1.9842334
2010-09-15 17:00:00,2010-09-15 20:00:00,4,0.7553,2.0944333
2010-09-15 17:00:00,2010-09-15 21:00:00,5,1.5866667,2.1402667
2010-09-15 17:00:00,2010-09-15 22:00:00,6,1.7083666,1.3248333
2010-09-15 17:00:00,2010-09-15 23:00:00,7,1.0167,0.8585
2010-09-15 17:00:00,2010-09-16 00:00:00,8,0.41856667,0.3932
2010-09-15 17:00:00,2010-09-16 01:00:00,9,0.31413335,0.40836668
2010-09-15 17:00:00,2010-09-16 02:00:00,10,0.26486668,0.38073334
2010-09-15 17:00:00,2010-09-16 03:00:00,11,0.9835,0.351
2010-09-15 17:00:00,2010-09-16 04:00:00,12,0.2645,0.23933333
2010-09-15 17:00:00,2010-09-16 05:00:00,13,0.3104,0.305
2010-09-15 17:00:00,2010-09-16 06:00:00,14,0.63156664,0.81226665
2010-09-15 17:00:00,2010-09-16 07:00:00,15,1.9140667,2.0184
2010-09-15 17:00:00,2010-09-16 08:00:00,16,1.4490334,1.5053667
2010-09-15 17:00:00,2010-09-16 09:00:00,17,0.55146664,1.1082333
2010-09-15 17:00:00,2010-09-16 10:00:00,18,0.5208333,0.31056666
2010-09-15 17:00:00,2010-09-16 11:00:00,19,1.34,0.22896667
2010-09-15 17:00:00,2010-09-16 12:00:00,20,1.4146667,0.37286666
2010-09-15 17:00:00,2010-09-16 13:00:00,21,1.4808333,0.27376667
2010-09-15 17:00:00,2010-09-16 14:00:00,22,0.5958667,0.34433332
2010-09-15 17:00:00,2010-09-16 15:00:00,23,0.27526668,0.35886666
2010-09-15 17:00:00,2010-09-16 16:00:00,24,0.2105,0.40313333
2010-09-16 17:00:00,2010-09-16 17:00:00,1,0.26183334,0.3624
2010-09-16 17:00:00,2010-09-16 18:00:00,2,0.79153335,0.98303336
2010-09-16 17:00:00,2010-09-16 19:00:00,3,1.3970333,0.20803334
2010-09-16 17:00:00,2010-09-16 20:00:00,4,2.9843,0.7553
2010-09-16 17:00:00,2010-09-16 21:00:00,5,1.7319334,1.5866667
2010-09-16 17:00:00,2010-09-16 22:00:00,6,1.4389,1.7083666
2010-09-16 17:00:00,2010-09-16 23:00:00,7,0.7833667,1.0167
2010-09-16 17:00:00,2010-09-17 00:00:00,8,0.47656667,0.41856667
2010-09-16 17:00:00,2010-09-17 01:00:00,9,0.2953,0.31413335
2010-09-16 17:00:00,2010-09-17 02:00:00,10,0.5791,0.26486668
2010-09-16 17:00:00,2010-09-17 03:00:00,11,0.6627333,0.9835
2010-09-16 17:00:00,2010-09-17 04:00:00,12,0.1995,0.2645
2010-09-16 17:00:00,2010-09-17 05:00:00,13,0.26236665,0.3104
2010-09-16 17:00:00,2010-09-17 06:00:00,14,0.63243335,0.63156664
2010-09-16 17:00:00,2010-09-17 07:00:00,15,1.9198,1.9140667
2010-09-16 17:00:00,2010-09-17 08:00:00,16,1.3942667,1.4490334
2010-09-16 17:00:00,2010-09-17 09:00:00,17,0.8596,0.55146664
2010-09-16 17:00:00,2010-09-17 10:00:00,18,0.1999,0.5208333
2010-09-16 17:00:00,2010-09-17 11:00:00,19,0.28723332,1.34
2010-09-16 17:00:00,2010-09-17 12:00:00,20,0.5261667,1.4146667
2010-09-16 17:00:00,2010-09-17 13:00:00,21,0.3563,1.4808333
2010-09-16 17:00:00,2010-09-17 14:00:00,22,0.7945667,0.5958667
2010-09-16 17:00:00,2010-09-17 15:00:00,23,1.6732334,0.27526668
2010-09-16 17:00:00,2010-09-17 16:00:00,24,2.9641666,0.2105
2010-09-17 17:00:00,2010-09-17 17:00:00,1,1.5464667,0.26183334
2010-09-17 17:00:00,2010-09-17 18:00:00,2,1.9456333,0.79153335
2010-09-17 17:00:00,2010-09-17 19:00:00,3,2.9272,1.3970333
2010-09-17 17:00:00,2010-09-17 20:00:00,4,2.8731334,2.9843
2010-09-17 17:00:00,2010-09-17 21:00:00,5,0.57383335,1.7319334
2010-09-17 17:00:00,2010-09-17 22:00:00,6,0.5266333,1.4389
2010-09-17 17:00:00,2010-09-17 23:00:00,7,0.484,0.7833667
2010-09-17 17:00:00,2010-09-18 00:00:00,8,0.29143333,0.47656667
2010-09-17 17:00:00,2010-09-18 01:00:00,9,0.26736668,0.2953
2010-09-17 17:00:00,2010-09-18 02:00:00,10,0.82516664,0.5791
2010-09-17 17:00:00,2010-09-18 03:00:00,11,0.35503334,0.6627333
2010-09-17 17:00:00,2010-09-18 04:00:00,12,0.331,0.1995
2010-09-17 17:00:00,2010-09-18 05:00:00,13,0.20823333,0.26236665
2010-09-17 17:00:00,2010-09-18 06:00:00,14,0.61086667,0.63243335
2010-09-17 17:00:00,2010-09-18 07:00:00,15,1.804,1.9198
2010-09-17 17:00:00,2010-09-18 08:00:00,16,1.3786,1.3942667
2010-09-17 17:00:00,2010-09-18 09:00:00,17,0.8287,0.8596
2010-09-17 17:00:00,2010-09-18 10:00:00,18,0.51663333,0.1999
2010-09-17 17:00:00,2010-09-18 11:00:00,19,0.36486667,0.28723332
2010-09-17 17:00:00,2010-09-18 12:00:00,20,0.3004,0.5261667
2010-09-17 17:00:00,2010-09-18 13:00:00,21,0.83463335,0.3563
2010-09-17 17:00:00,2010-09-18 14:00:00,22,1.0549333,0.7945667
2010-09-17 17:00:00,2010-09-18 15:00:00,23,0.8408667,1.6732334
2010-09-17 17:00:00,2010-09-18 16:00:00,24,0.9072667,2.9641666
2010-09-18 17:00:00,2010-09-18 17:00:00,1,1.3213667,1.5464667
2010-09-18 17:00:00,2010-09-18 18:00:00,2,0.7356333,1.9456333
2010-09-18 17:00:00,2010-09-18 19:00:00,3,1.5119,2.9272
2010-09-18 17:00:00,2010-09-18 20:00:00,4,1.7384666,2.8731334
2010-09-18 17:00:00,2010-09-18 21:00:00,5,1.5982333,0.57383335
2010-09-18 17:00:00,2010-09-18 22:00:00,6,1.6708,0.5266333
2010-09-18 17:00:00,2010-09-18 23:00:00,7,0.5027,0.484
2010-09-18 17:00:00,2010-09-19 00:00:00,8,0.3826,0.29143333
2010-09-18 17:00:00,2010-09-19 01:00:00,9,0.40396667,0.26736668
2010-09-18 17:00:00,2010-09-19 02:00:00,10,0.414,0.82516664
2010-09-18 17:00:00,2010-09-19 03:00:00,11,0.4857,0.35503334
2010-09-18 17:00:00,2010-09-19 04:00:00,12,0.28163335,0.331
2010-09-18 17:00:00,2010-09-19 05:00:00,13,0.1971,0.20823333
2010-09-18 17:00:00,2010-09-19 06:00:00,14,0.23706667,0.61086667
2010-09-18 17:00:00,2010-09-19 07:00:00,15,0.5294333,1.804
2010-09-18 17:00:00,2010-09-19 08:00:00,16,0.94783336,1.3786
2010-09-18 17:00:00,2010-09-19 09:00:00,17,0.81906664,0.8287
2010-09-18 17:00:00,2010-09-19 10:00:00,18,0.56983334,0.51663333
2010-09-18 17:00:00,2010-09-19 11:00:00,19,0.2659,0.36486667
2010-09-18 17:00:00,2010-09-19 12:00:00,20,0.21293333,0.3004
2010-09-18 17:00:00,2010-09-19 13:00:00,21,0.48093334,0.83463335
2010-09-18 17:00:00,2010-09-19 14:00:00,22,0.31873333,1.0549333
2010-09-18 17:00:00,2010-09-19 15:00:00,23,0.2951,0.8408667
2010-09-18 17:00:00,2010-09-19 16:00:00,24,0.2528,0.9072667
2010-09-19 17:00:00,2010-09-19 17:00:00,1,0.3328,1.3213667
2010-09-19 17:00:00,2010-09-19 18:00:00,2,1.6387334,0.7356333
2010-09-19 17:00:00,2010-09-19 19:00:00,3,1.0944667,1.5119
2010-09-19 17:00:00,2010-09-19 20:00:00,4,2.3435667,1.7384666
2010-09-19 17:00:00,2010-09-19 21:00:00,5,1.8975667,1.5982333
2010-09-19 17:00:00,2010-09-19 22:00:00,6,0.71723336,1.6708
2010-09-19 17:00:00,2010-09-19 23:00:00,7,0.20766667,0.5027
2010-09-19 17:00:00,2010-09-20 00:00:00,8,0.35776666,0.3826
2010-09-19 17:00:00,2010-09-20 01:00:00,9,0.33073333,0.40396667
2010-09-19 17:00:00,2010-09-20 02:00:00,10,0.85046667,0.414
2010-09-19 17:00:00,2010-09-20 03:00:00,11,0.27186668,0.4857
2010-09-19 17:00:00,2010-09-20 04:00:00,12,0.1951,0.28163335
2010-09-19 17:00:00,2010-09-20 05:00:00,13,0.27953333,0.1971
2010-09-19 17:00:00,2010-09-20 06:00:00,14,0.6302,0.23706667
2010-09-19 17:00:00,2010-09-20 07:00:00,15,2.1169667,0.5294333
2010-09-19 17:00:00,2010-09-20 08:00:00,16,1.4034333,0.94783336
2010-09-19 17:00:00,2010-09-20 09:00:00,17,1.3784667,0.81906664
2010-09-19 17:00:00,2010-09-20 10:00:00,18,1.4202666,0.56983334
2010-09-19 17:00:00,2010-09-20 11:00:00,19,0.8689,0.2659
2010-09-19 17:00:00,2010-09-20 12:00:00,20,2.1722667,0.21293333
2010-09-19 17:00:00,2010-09-20 13:00:00,21,1.1652666,0.48093334
2010-09-19 17:00:00,2010-09-20 14:00:00,22,0.9749333,0.31873333
2010-09-19 17:00:00,2010-09-20 15:00:00,23,1.3373333,0.2951
2010-09-19 17:00:00,2010-09-20 16:00:00,24,1.3559,0.2528
2010-09-20 17:00:00,2010-09-20 17:00:00,1,1.4825333,0.3328
2010-09-20 17:00:00,2010-09-20 18:00:00,2,1.1808667,1.6387334
2010-09-20 17:00:00,2010-09-20 19:00:00,3,1.3009,1.0944667
2010-09-20 17:00:00,2010-09-20 20:00:00,4,2.0630667,2.3435667
2010-09-20 17:00:00,2010-09-20 21:00:00,5,2.5983667,1.8975667
2010-09-20 17:00:00,2010-09-20 22:00:00,6,1.6893667,0.71723336
2010-09-20 17:00:00,2010-09-20 23:00:00,7,0.6227,0.20766667
2010-09-20 17:00:00,2010-09-21 00:00:00,8,0.47203332,0.35776666
2010-09-20 17:00:00,2010-09-21 01:00:00,9,0.30283332,0.33073333
2010-09-20 17:00:00,2010-09-21 02:00:00,10,0.20446667,0.85046667
2010-09-20 17:00:00,2010-09-21 03:00:00,11,0.2689,0.27186668
2010-09-20 17:00:00,2010-09-21 04:00:00,12,0.2723,0.1951
2010-09-20 17:00:00,2010-09-21 05:00:00,13,0.9105,0.27953333
2010-09-20 17:00:00,2010-09-21 06:00:00,14,0.61516666,0.6302
2010-09-20 17:00:00,2010-09-21 07:00:00,15,1.8787333,2.1169667
2010-09-20 17:00:00,2010-09-21 08:00:00,16,1.3339666,1.4034333
2010-09-20 17:00:00,2010-09-21 09:00:00,17,1.3714666,1.3784667
2010-09-20 17:00:00,2010-09-21 10:00:00,18,1.0264,1.4202666
2010-09-20 17:00:00,2010-09-21 11:00:00,19,0.7342333,0.8689
2010-09-20 17:00:00,2010-09-21 12:00:00,20,0.83236665,2.1722667
2010-09-20 17:00:00,2010-09-21 13:00:00,21,0.59286666,1.1652666
2010-09-20 17:00:00,2010-09-21 14:00:00,22,0.30463332,0.9749333
2010-09-20 17:00:00,2010-09-21 15:00:00,23,0.42093334,1.3373333
2010-09-20 17:00:00,2010-09-21 16:00:00,24,0.41113332,1.3559
2010-09-21 17:00:00,2010-09-21 17:00:00,1,0.24773334,1.4825333
2010-09-21 17:00:00,2010-09-21 18:00:00,2,0.31063333,1.1808667
2010-09-21 17:00:00,2010-09-21 19:00:00,3,0.5627667,1.3009
2010-09-21 17:00:00,2010-09-21 20:00:00,4,2.0710332,2.0630667
2010-09-21 17:00:00,2010-09-21 21:00:00,5,2.0067666,2.5983667
2010-09-21 17:00:00,2010-09-21 22:00:00,6,1.0306667,1.6893667
2010-09-21 17:00:00,2010-09-21 23:00:00,7,0.3404,0.6227
2010-09-21 17:00:00,2010-09-22 00:00:00,8,0.28543332,0.47203332
2010-09-21 17:00:00,2010-09-22 01:00:00,9,0.30536667,0.30283332
2010-09-21 17:00:00,2010-09-22 02:00:00,10,0.32706666,0.20446667
2010-09-21 17:00:00,2010-09-22 03:00:00,11,0.26043335,0.2689
2010-09-21 17:00:00,2010-09-22 04:00:00,12,0.7687,0.2723
2010-09-21 17:00:00,2010-09-22 05:00:00,13,0.39396667,0.9105
2010-09-21 17:00:00,2010-09-22 06:00:00,14,0.5784,0.61516666
2010-09-21 17:00:00,2010-09-22 07:00:00,15,2.0355334,1.8787333
2010-09-21 17:00:00,2010-09-22 08:00:00,16,1.8892,1.3339666
2010-09-21 17:00:00,2010-09-22 09:00:00,17,1.8499334,1.3714666
2010-09-21 17:00:00,2010-09-22 10:00:00,18,1.5564,1.0264
2010-09-21 17:00:00,2010-09-22 11:00:00,19,0.39383334,0.7342333
2010-09-21 17:00:00,2010-09-22 12:00:00,20,0.72726667,0.83236665
2010-09-21 17:00:00,2010-09-22 13:00:00,21,1.4374666,0.59286666
2010-09-21 17:00:00,2010-09-22 14:00:00,22,0.30463332,0.30463332
2010-09-21 17:00:00,2010-09-22 15:00:00,23,0.9953,0.42093334
2010-09-21 17:00:00,2010-09-22 16:00:00,24,1.3890333,0.41113332
2010-09-22 17:00:00,2010-09-22 17:00:00,1,1.4524333,0.24773334
2010-09-22 17:00:00,2010-09-22 18:00:00,2,1.643,0.31063333
2010-09-22 17:00:00,2010-09-22 19:00:00,3,1.6807,0.5627667
2010-09-22 17:00:00,2010-09-22 20:00:00,4,2.1387,2.0710332
2010-09-22 17:00:00,2010-09-22 21:00:00,5,1.5795667,2.0067666
2010-09-22 17:00:00,2010-09-22 22:00:00,6,0.8024,1.0306667
2010-09-22 17:00:00,2010-09-22 23:00:00,7,0.37846667,0.3404
2010-09-22 17:00:00,2010-09-23 00:00:00,8,0.33206666,0.28543332
2010-09-22 17:00:00,2010-09-23 01:00:00,9,0.4959,0.30536667
2010-09-22 17:00:00,2010-09-23 02:00:00,10,0.7034,0.32706666
2010-09-22 17:00:00,2010-09-23 03:00:00,11,0.29883334,0.26043335
2010-09-22 17:00:00,2010-09-23 04:00:00,12,0.20333333,0.7687
2010-09-22 17:00:00,2010-09-23 05:00:00,13,0.2656,0.39396667
2010-09-22 17:00:00,2010-09-23 06:00:00,14,0.7313667,0.5784
2010-09-22 17:00:00,2010-09-23 07:00:00,15,2.5547,2.0355334
2010-09-22 17:00:00,2010-09-23 08:00:00,16,1.9102334,1.8892
2010-09-22 17:00:00,2010-09-23 09:00:00,17,1.4231666,1.8499334
2010-09-22 17:00:00,2010-09-23 10:00:00,18,1.8184667,1.5564
2010-09-22 17:00:00,2010-09-23 11:00:00,19,0.8200667,0.39383334
2010-09-22 17:00:00,2010-09-23 12:00:00,20,1.5701,0.72726667
2010-09-22 17:00:00,2010-09-23 13:00:00,21,1.4991,1.4374666
2010-09-22 17:00:00,2010-09-23 14:00:00,22,1.4011667,0.30463332
2010-09-22 17:00:00,2010-09-23 15:00:00,23,0.6156667,0.9953
2010-09-22 17:00:00,2010-09-23 16:00:00,24,0.3339,1.3890333
2010-09-23 17:00:00,2010-09-23 17:00:00,1,0.36843333,1.4524333
2010-09-23 17:00:00,2010-09-23 18:00:00,2,0.6257333,1.643
2010-09-23 17:00:00,2010-09-23 19:00:00,3,1.2010334,1.6807
2010-09-23 17:00:00,2010-09-23 20:00:00,4,0.96793336,2.1387
2010-09-23 17:00:00,2010-09-23 21:00:00,5,2.0422332,1.5795667
2010-09-23 17:00:00,2010-09-23 22:00:00,6,1.0331,0.8024
2010-09-23 17:00:00,2010-09-23 23:00:00,7,0.94883335,0.37846667
2010-09-23 17:00:00,2010-09-24 00:00:00,8,0.49993333,0.33206666
2010-09-23 17:00:00,2010-09-24 01:00:00,9,0.3203,0.4959
2010-09-23 17:00:00,2010-09-24 02:00:00,10,0.31416667,0.7034
2010-09-23 17:00:00,2010-09-24 03:00:00,11,0.26683334,0.29883334
2010-09-23 17:00:00,2010-09-24 04:00:00,12,0.2029,0.20333333
2010-09-23 17:00:00,2010-09-24 05:00:00,13,0.7952667,0.2656
2010-09-23 17:00:00,2010-09-24 06:00:00,14,0.78276664,0.7313667
2010-09-23 17:00:00,2010-09-24 07:00:00,15,2.1366668,2.5547
2010-09-23 17:00:00,2010-09-24 08:00:00,16,1.4683334,1.9102334
2010-09-23 17:00:00,2010-09-24 09:00:00,17,1.3575333,1.4231666
2010-09-23 17:00:00,2010-09-24 10:00:00,18,1.2882,1.8184667
2010-09-23 17:00:00,2010-09-24 11:00:00,19,0.39576668,0.8200667
2010-09-23 17:00:00,2010-09-24 12:00:00,20,0.5886667,1.5701
2010-09-23 17:00:00,2010-09-24 13:00:00,21,0.8107,1.4991
2010-09-23 17:00:00,2010-09-24 14:00:00,22,0.9828333,1.4011667
2010-09-23 17:00:00,2010-09-24 15:00:00,23,0.26486668,0.6156667
2010-09-23 17:00:00,2010-09-24 16:00:00,24,0.6632,0.3339
2010-10-13 17:00:00,2010-10-13 17:00:00,1,1.5491,0.41026667
2010-10-13 17:00:00,2010-10-13 18:00:00,2,0.9845667,2.1127334
2010-10-13 17:00:00,2010-10-13 19:00:00,3,2.0344,2.1564667
2010-10-13 17:00:00,2010-10-13 20:00:00,4,2.377,1.9102
2010-10-13 17:00:00,2010-10-13 21:00:00,5,2.1648667,1.3085667
2010-10-13 17:00:00,2010-10-13 22:00:00,6,2.0436,1.2893
2010-10-13 17:00:00,2010-10-13 23:00:00,7,0.37086666,0.6927
2010-10-13 17:00:00,2010-10-14 00:00:00,8,0.37043333,0.38376668
2010-10-13 17:00:00,2010-10-14 01:00:00,9,0.47763333,0.4586
2010-10-13 17:00:00,2010-10-14 02:00:00,10,0.3412,0.31696665
2010-10-13 17:00:00,2010-10-14 03:00:00,11,0.38673332,0.36466667
2010-10-13 17:00:00,2010-10-14 04:00:00,12,0.37803334,0.9848
2010-10-13 17:00:00,2010-10-14 05:00:00,13,0.43933332,0.4641
2010-10-13 17:00:00,2010-10-14 06:00:00,14,1.1876,0.93013334
2010-10-13 17:00:00,2010-10-14 07:00:00,15,2.9721,2.8442667
2010-10-13 17:00:00,2010-10-14 08:00:00,16,1.7274,2.3646667
2010-10-13 17:00:00,2010-10-14 09:00:00,17,3.2096,1.6671
2010-10-13 17:00:00,2010-10-14 10:00:00,18,1.8472667,2.0778666
2010-10-13 17:00:00,2010-10-14 11:00:00,19,0.99293333,1.5266
2010-10-13 17:00:00,2010-10-14 12:00:00,20,0.9460667,1.6007667
2010-10-13 17:00:00,2010-10-14 13:00:00,21,1.2267667,1.5731666
2010-10-13 17:00:00,2010-10-14 14:00:00,22,1.9145,1.9105
2010-10-13 17:00:00,2010-10-14 15:00:00,23,0.9038,1.9113
2010-10-13 17:00:00,2010-10-14 16:00:00,24,0.95703334,1.6611
2010-10-14 17:00:00,2010-10-14 17:00:00,1,0.41783333,1.5491
2010-10-14 17:00:00,2010-10-14 18:00:00,2,1.7473333,0.9845667
2010-10-14 17:00:00,2010-10-14 19:00:00,3,4.117767,2.0344
2010-10-14 17:00:00,2010-10-14 20:00:00,4,2.9113,2.377
2010-10-14 17:00:00,2010-10-14 21:00:00,5,3.2242,2.1648667
2010-10-14 17:00:00,2010-10-14 22:00:00,6,2.3347332,2.0436
2010-10-14 17:00:00,2010-10-14 23:00:00,7,0.55376667,0.37086666
2010-10-14 17:00:00,2010-10-15 00:00:00,8,0.40123335,0.37043333
2010-10-14 17:00:00,2010-10-15 01:00:00,9,0.41296667,0.47763333
2010-10-14 17:00:00,2010-10-15 02:00:00,10,0.44096667,0.3412
2010-10-14 17:00:00,2010-10-15 03:00:00,11,0.3288,0.38673332
2010-10-14 17:00:00,2010-10-15 04:00:00,12,0.33223334,0.37803334
2010-10-14 17:00:00,2010-10-15 05:00:00,13,0.43626666,0.43933332
2010-10-14 17:00:00,2010-10-15 06:00:00,14,1.1134666,1.1876
2010-10-14 17:00:00,2010-10-15 07:00:00,15,2.0124,2.9721
2010-10-14 17:00:00,2010-10-15 08:00:00,16,1.8972,1.7274
2010-10-14 17:00:00,2010-10-15 09:00:00,17,1.5839666,3.2096
2010-10-14 17:00:00,2010-10-15 10:00:00,18,1.6329334,1.8472667
2010-10-14 17:00:00,2010-10-15 11:00:00,19,1.8261,0.99293333
2010-10-14 17:00:00,2010-10-15 12:00:00,20,2.0656667,0.9460667
2010-10-14 17:00:00,2010-10-15 13:00:00,21,1.5737667,1.2267667
2010-10-14 17:00:00,2010-10-15 14:00:00,22,1.4675333,1.9145
2010-10-14 17:00:00,2010-10-15 15:00:00,23,0.5948667,0.9038
2010-10-14 17:00:00,2010-10-15 16:00:00,24,0.5592,0.95703334
2010-10-15 17:00:00,2010-10-15 17:00:00,1,0.56443334,0.41783333
2010-10-15 17:00:00,2010-10-15 18:00:00,2,1.4324666,1.7473333
2010-10-15 17:00:00,2010-10-15 19:00:00,3,1.8231666,4.117767
2010-10-15 17:00:00,2010-10-15 20:00:00,4,1.4465333,2.9113
2010-10-15 17:00:00,2010-10-15 21:00:00,5,1.1575,3.2242
2010-10-15 17:00:00,2010-10-15 22:00:00,6,1.0036334,2.3347332
2010-10-15 17:00:00,2010-10-15 23:00:00,7,0.4981,0.55376667
2010-10-15 17:00:00,2010-10-16 00:00:00,8,0.32736668,0.40123335
2010-10-15 17:00:00,2010-10-16 01:00:00,9,0.30913332,0.41296667
2010-10-15 17:00:00,2010-10-16 02:00:00,10,0.43116668,0.44096667
2010-10-15 17:00:00,2010-10-16 03:00:00,11,0.3812,0.3288
2010-10-15 17:00:00,2010-10-16 04:00:00,12,0.3765,0.33223334
2010-10-15 17:00:00,2010-10-16 05:00:00,13,0.34116668,0.43626666
2010-10-15 17:00:00,2010-10-16 06:00:00,14,0.7945333,1.1134666
2010-10-15 17:00:00,2010-10-16 07:00:00,15,2.1444,2.0124
2010-10-15 17:00:00,2010-10-16 08:00:00,16,1.9714333,1.8972
2010-10-15 17:00:00,2010-10-16 09:00:00,17,0.9704,1.5839666
2010-10-15 17:00:00,2010-10-16 10:00:00,18,1.8662333,1.6329334
2010-10-15 17:00:00,2010-10-16 11:00:00,19,1.3443667,1.8261
2010-10-15 17:00:00,2010-10-16 12:00:00,20,0.7357,2.0656667
2010-10-15 17:00:00,2010-10-16 13:00:00,21,0.3585,1.5737667
2010-10-15 17:00:00,2010-10-16 14:00:00,22,0.4908,1.4675333
2010-10-15 17:00:00,2010-10-16 15:00:00,23,0.37156665,0.5948667
2010-10-15 17:00:00,2010-10-16 16:00:00,24,0.317,0.5592
2010-10-16 17:00:00,2010-10-16 17:00:00,1,0.41803333,0.56443334
2010-10-16 17:00:00,2010-10-16 18:00:00,2,0.33413333,1.4324666
2010-10-16 17:00:00,2010-10-16 19:00:00,3,0.373,1.8231666
2010-10-16 17:00:00,2010-10-16 20:00:00,4,0.87223333,1.4465333
2010-10-16 17:00:00,2010-10-16 21:00:00,5,0.38303334,1.1575
2010-10-16 17:00:00,2010-10-16 22:00:00,6,0.41023332,1.0036334
2010-10-16 17:00:00,2010-10-16 23:00:00,7,0.34476668,0.4981
2010-10-16 17:00:00,2010-10-17 00:00:00,8,0.37173334,0.32736668
2010-10-16 17:00:00,2010-10-17 01:00:00,9,0.3329,0.30913332
2010-10-16 17:00:00,2010-10-17 02:00:00,10,0.4126,0.43116668
2010-10-16 17:00:00,2010-10-17 03:00:00,11,0.3131,0.3812
2010-10-16 17:00:00,2010-10-17 04:00:00,12,0.36276665,0.3765
2010-10-16 17:00:00,2010-10-17 05:00:00,13,0.36233333,0.34116668
2010-10-16 17:00:00,2010-10-17 06:00:00,14,1.0407333,0.7945333
2010-10-16 17:00:00,2010-10-17 07:00:00,15,0.3727,2.1444
2010-10-16 17:00:00,2010-10-17 08:00:00,16,0.3803,1.9714333
2010-10-16 17:00:00,2010-10-17 09:00:00,17,0.3763,0.9704
2010-10-16 17:00:00,2010-10-17 10:00:00,18,0.32896668,1.8662333
2010-10-16 17:00:00,2010-10-17 11:00:00,19,0.30006668,1.3443667
2010-10-16 17:00:00,2010-10-17 12:00:00,20,0.31323335,0.7357
2010-10-16 17:00:00,2010-10-17 13:00:00,21,0.36516666,0.3585
2010-10-16 17:00:00,2010-10-17 14:00:00,22,0.4966,0.4908
2010-10-16 17:00:00,2010-10-17 15:00:00,23,0.37656668,0.37156665
2010-10-16 17:00:00,2010-10-17 16:00:00,24,1.1914333,0.317
2010-10-17 17:00:00,2010-10-17 17:00:00,1,0.4926,0.41803333
2010-10-17 17:00:00,2010-10-17 18:00:00,2,0.5668333,0.33413333
2010-10-17 17:00:00,2010-10-17 19:00:00,3,2.0301,0.373
2010-10-17 17:00:00,2010-10-17 20:00:00,4,2.4540334,0.87223333
2010-10-17 17:00:00,2010-10-17 21:00:00,5,2.1380668,0.38303334
2010-10-17 17:00:00,2010-10-17 22:00:00,6,0.9011,0.41023332
2010-10-17 17:00:00,2010-10-17 23:00:00,7,1.1761333,0.34476668
2010-10-17 17:00:00,2010-10-18 00:00:00,8,0.5301333,0.37173334
2010-10-17 17:00:00,2010-10-18 01:00:00,9,0.3841,0.3329
2010-10-17 17:00:00,2010-10-18 02:00:00,10,0.32136667,0.4126
2010-10-17 17:00:00,2010-10-18 03:00:00,11,0.33143333,0.3131
2010-10-17 17:00:00,2010-10-18 04:00:00,12,0.43443334,0.36276665
2010-10-17 17:00:00,2010-10-18 05:00:00,13,0.3197,0.36233333
2010-10-17 17:00:00,2010-10-18 06:00:00,14,0.7896,1.0407333
2010-10-17 17:00:00,2010-10-18 07:00:00,15,2.4543,0.3727
2010-10-17 17:00:00,2010-10-18 08:00:00,16,2.4651,0.3803
2010-10-17 17:00:00,2010-10-18 09:00:00,17,3.6570666,0.3763
2010-10-17 17:00:00,2010-10-18 10:00:00,18,2.6036,0.32896668
2010-10-17 17:00:00,2010-10-18 11:00:00,19,2.8090334,0.30006668
2010-10-17 17:00:00,2010-10-18 12:00:00,20,3.8364334,0.31323335
2010-10-17 17:00:00,2010-10-18 13:00:00,21,3.2431,0.36516666
2010-10-17 17:00:00,2010-10-18 14:00:00,22,1.9637,0.4966
2010-10-17 17:00:00,2010-10-18 15:00:00,23,0.51806664,0.37656668
2010-10-17 17:00:00,2010-10-18 16:00:00,24,0.4604,1.1914333
2010-10-18 17:00:00,2010-10-18 17:00:00,1,0.66473335,0.4926
2010-10-18 17:00:00,2010-10-18 18:00:00,2,3.3914666,0.5668333
2010-10-18 17:00:00,2010-10-18 19:00:00,3,3.7569666,2.0301
2010-10-18 17:00:00,2010-10-18 20:00:00,4,2.67,2.4540334
2010-10-18 17:00:00,2010-10-18 21:00:00,5,3.3769,2.1380668
2010-10-18 17:00:00,2010-10-18 22:00:00,6,2.5095,0.9011
2010-10-18 17:00:00,2010-10-18 23:00:00,7,1.7402667,1.1761333
2010-10-18 17:00:00,2010-10-19 00:00:00,8,1.5425667,0.5301333
2010-10-18 17:00:00,2010-10-19 01:00:00,9,0.6851,0.3841
2010-10-18 17:00:00,2010-10-19 02:00:00,10,0.31743333,0.32136667
2010-10-18 17:00:00,2010-10-19 03:00:00,11,0.3078,0.33143333
2010-10-18 17:00:00,2010-10-19 04:00:00,12,0.43946666,0.43443334
2010-10-18 17:00:00,2010-10-19 05:00:00,13,0.39946666,0.3197
2010-10-18 17:00:00,2010-10-19 06:00:00,14,1.0450333,0.7896
2010-10-18 17:00:00,2010-10-19 07:00:00,15,2.9890332,2.4543
2010-10-18 17:00:00,2010-10-19 08:00:00,16,2.1062,2.4651
2010-10-18 17:00:00,2010-10-19 09:00:00,17,1.7980334,3.6570666
2010-10-18 17:00:00,2010-10-19 10:00:00,18,0.5930333,2.6036
2010-10-18 17:00:00,2010-10-19 11:00:00,19,1.8148,2.8090334
2010-10-18 17:00:00,2010-10-19 12:00:00,20,1.1293,3.8364334
2010-10-18 17:00:00,2010-10-19 13:00:00,21,0.5172333,3.2431
2010-10-18 17:00:00,2010-10-19 14:00:00,22,0.4046,1.9637
2010-10-18 17:00:00,2010-10-19 15:00:00,23,0.40176666,0.51806664
2010-10-18 17:00:00,2010-10-19 16:00:00,24,0.4735,0.4604
2010-10-19 17:00:00,2010-10-19 17:00:00,1,1.1286666,0.66473335
2010-10-19 17:00:00,2010-10-19 18:00:00,2,3.5383334,3.3914666
2010-10-19 17:00:00,2010-10-19 19:00:00,3,2.9301,3.7569666
2010-10-19 17:00:00,2010-10-19 20:00:00,4,2.9603333,2.67
2010-10-19 17:00:00,2010-10-19 21:00:00,5,2.5300667,3.3769
2010-10-19 17:00:00,2010-10-19 22:00:00,6,1.3266333,2.5095
2010-10-19 17:00:00,2010-10-19 23:00:00,7,0.72113335,1.7402667
2010-10-19 17:00:00,2010-10-20 00:00:00,8,1.0303333,1.5425667
2010-10-19 17:00:00,2010-10-20 01:00:00,9,0.3934,0.6851
2010-10-19 17:00:00,2010-10-20 02:00:00,10,0.3294,0.31743333
2010-10-19 17:00:00,2010-10-20 03:00:00,11,0.44256666,0.3078
2010-10-19 17:00:00,2010-10-20 04:00:00,12,0.3193,0.43946666
2010-10-19 17:00:00,2010-10-20 05:00:00,13,0.31243333,0.39946666
2010-10-19 17:00:00,2010-10-20 06:00:00,14,0.92323333,1.0450333
2010-10-19 17:00:00,2010-10-20 07:00:00,15,2.8661,2.9890332
2010-10-19 17:00:00,2010-10-20 08:00:00,16,1.8684666,2.1062
2010-10-19 17:00:00,2010-10-20 09:00:00,17,1.8460667,1.7980334
2010-10-19 17:00:00,2010-10-20 10:00:00,18,2.0108666,0.5930333
2010-10-19 17:00:00,2010-10-20 11:00:00,19,1.8959334,1.8148
2010-10-19 17:00:00,2010-10-20 12:00:00,20,1.3926667,1.1293
2010-10-19 17:00:00,2010-10-20 13:00:00,21,0.40853333,0.5172333
2010-10-19 17:00:00,2010-10-20 14:00:00,22,0.53006667,0.4046
2010-10-19 17:00:00,2010-10-20 15:00:00,23,0.52783334,0.40176666
2010-10-19 17:00:00,2010-10-20 16:00:00,24,0.33186665,0.4735
2010-10-20 17:00:00,2010-10-20 17:00:00,1,0.33213332,1.1286666
2010-10-20 17:00:00,2010-10-20 18:00:00,2,1.3226666,3.5383334
2010-10-20 17:00:00,2010-10-20 19:00:00,3,2.1848,2.9301
2010-10-20 17:00:00,2010-10-20 20:00:00,4,2.2927666,2.9603333
2010-10-20 17:00:00,2010-10-20 21:00:00,5,2.8043334,2.5300667
2010-10-20 17:00:00,2010-10-20 22:00:00,6,1.6536334,1.3266333
2010-10-20 17:00:00,2010-10-20 23:00:00,7,0.78,0.72113335
2010-10-20 17:00:00,2010-10-21 00:00:00,8,0.4468,1.0303333
2010-10-20 17:00:00,2010-10-21 01:00:00,9,0.6637667,0.3934
2010-10-20 17:00:00,2010-10-21 02:00:00,10,0.43786666,0.3294
2010-10-20 17:00:00,2010-10-21 03:00:00,11,0.34063333,0.44256666
2010-10-20 17:00:00,2010-10-21 04:00:00,12,0.341,0.3193
2010-10-20 17:00:00,2010-10-21 05:00:00,13,1.0228667,0.31243333
2010-10-20 17:00:00,2010-10-21 06:00:00,14,1.2183666,0.92323333
2010-10-20 17:00:00,2010-10-21 07:00:00,15,2.4748666,2.8661
2010-10-20 17:00:00,2010-10-21 08:00:00,16,1.2261667,1.8684666
2010-10-20 17:00:00,2010-10-21 09:00:00,17,0.31733334,1.8460667
2010-10-20 17:00:00,2010-10-21 10:00:00,18,0.32323334,2.0108666
2010-10-20 17:00:00,2010-10-21 11:00:00,19,0.39196667,1.8959334
2010-10-20 17:00:00,2010-10-21 12:00:00,20,0.49436668,1.3926667
2010-10-20 17:00:00,2010-10-21 13:00:00,21,0.38803333,0.40853333
2010-10-20 17:00:00,2010-10-21 14:00:00,22,0.47696668,0.53006667
2010-10-20 17:00:00,2010-10-21 15:00:00,23,0.32703334,0.52783334
2010-10-20 17:00:00,2010-10-21 16:00:00,24,0.9159333,0.33186665
2010-10-21 17:00:00,2010-10-21 17:00:00,1,0.36683333,0.33213332
2010-10-21 17:00:00,2010-10-21 18:00:00,2,1.3011333,1.3226666
2010-10-21 17:00:00,2010-10-21 19:00:00,3,1.8244333,2.1848
2010-10-21 17:00:00,2010-10-21 20:00:00,4,1.9475666,2.2927666
2010-10-21 17:00:00,2010-10-21 21:00:00,5,2.5819666,2.8043334
2010-10-21 17:00:00,2010-10-21 22:00:00,6,1.9928666,1.6536334
2010-10-21 17:00:00,2010-10-21 23:00:00,7,0.76463336,0.78
2010-10-21 17:00:00,2010-10-22 00:00:00,8,0.5243667,0.4468
2010-10-21 17:00:00,2010-10-22 01:00:00,9,0.63226664,0.6637667
2010-10-21 17:00:00,2010-10-22 02:00:00,10,0.5181,0.43786666
2010-10-21 17:00:00,2010-10-22 03:00:00,11,0.52056664,0.34063333
2010-10-21 17:00:00,2010-10-22 04:00:00,12,0.5208667,0.341
2010-10-21 17:00:00,2010-10-22 05:00:00,13,0.5856,1.0228667
2010-10-21 17:00:00,2010-10-22 06:00:00,14,1.7711667,1.2183666
2010-10-21 17:00:00,2010-10-22 07:00:00,15,2.4588,2.4748666
2010-10-21 17:00:00,2010-10-22 08:00:00,16,1.5222,1.2261667
2010-10-21 17:00:00,2010-10-22 09:00:00,17,1.5559334,0.31733334
2010-10-21 17:00:00,2010-10-22 10:00:00,18,1.3846,0.32323334
2010-10-21 17:00:00,2010-10-22 11:00:00,19,1.373,0.39196667
2010-10-21 17:00:00,2010-10-22 12:00:00,20,1.7621666,0.49436668
2010-10-21 17:00:00,2010-10-22 13:00:00,21,1.5787,0.38803333
2010-10-21 17:00:00,2010-10-22 14:00:00,22,1.4756,0.47696668
2010-10-21 17:00:00,2010-10-22 15:00:00,23,0.767,0.32703334
2010-10-21 17:00:00,2010-10-22 16:00:00,24,1.1825666,0.9159333
2010-10-22 17:00:00,2010-10-22 17:00:00,1,0.4821,0.36683333
2010-10-22 17:00:00,2010-10-22 18:00:00,2,0.7137,1.3011333
2010-10-22 17:00:00,2010-10-22 19:00:00,3,1.4246666,1.8244333
2010-10-22 17:00:00,2010-10-22 20:00:00,4,1.3845,1.9475666
2010-10-22 17:00:00,2010-10-22 21:00:00,5,2.2917666,2.5819666
2010-10-22 17:00:00,2010-10-22 22:00:00,6,1.0726666,1.9928666
2010-10-22 17:00:00,2010-10-22 23:00:00,7,0.31196666,0.76463336
2010-10-22 17:00:00,2010-10-23 00:00:00,8,1.4291667,0.5243667
2010-10-22 17:00:00,2010-10-23 01:00:00,9,0.36633334,0.63226664
2010-10-22 17:00:00,2010-10-23 02:00:00,10,0.48646668,0.5181
2010-10-22 17:00:00,2010-10-23 03:00:00,11,0.38813335,0.52056664
2010-10-22 17:00:00,2010-10-23 04:00:00,12,0.37733334,0.5208667
2010-10-22 17:00:00,2010-10-23 05:00:00,13,0.32753333,0.5856
2010-10-22 17:00:00,2010-10-23 06:00:00,14,0.6353,1.7711667
2010-10-22 17:00:00,2010-10-23 07:00:00,15,2.3587334,2.4588
2010-10-22 17:00:00,2010-10-23 08:00:00,16,1.5689334,1.5222
2010-10-22 17:00:00,2010-10-23 09:00:00,17,1.2997667,1.5559334
2010-10-22 17:00:00,2010-10-23 10:00:00,18,0.4229,1.3846
2010-10-22 17:00:00,2010-10-23 11:00:00,19,1.0934,1.373
2010-10-22 17:00:00,2010-10-23 12:00:00,20,2.0735,1.7621666
2010-10-22 17:00:00,2010-10-23 13:00:00,21,1.7854667,1.5787
2010-10-22 17:00:00,2010-10-23 14:00:00,22,2.6106,1.4756
2010-10-22 17:00:00,2010-10-23 15:00:00,23,2.4896,0.767
2010-10-22 17:00:00,2010-10-23 16:00:00,24,2.5465,1.1825666
2010-11-07 17:00:00,2010-11-07 17:00:00,1,1.2321334,1.5478333
2010-11-07 17:00:00,2010-11-07 18:00:00,2,1.9366,2.0902333
2010-11-07 17:00:00,2010-11-07 19:00:00,3,1.9461,1.8949333
2010-11-07 17:00:00,2010-11-07 20:00:00,4,2.1082335,1.2521666
2010-11-07 17:00:00,2010-11-07 21:00:00,5,1.7344333,1.1034334
2010-11-07 17:00:00,2010-11-07 22:00:00,6,1.2988334,1.0556667
2010-11-07 17:00:00,2010-11-07 23:00:00,7,0.4396,0.5132
2010-11-07 17:00:00,2010-11-08 00:00:00,8,0.3135,0.511
2010-11-07 17:00:00,2010-11-08 01:00:00,9,0.40163332,0.3605
2010-11-07 17:00:00,2010-11-08 02:00:00,10,0.376,0.37623334
2010-11-07 17:00:00,2010-11-08 03:00:00,11,1.0100666,0.3991
2010-11-07 17:00:00,2010-11-08 04:00:00,12,0.3308,0.4824
2010-11-07 17:00:00,2010-11-08 05:00:00,13,0.33143333,0.32783332
2010-11-07 17:00:00,2010-11-08 06:00:00,14,0.9282,0.3385
2010-11-07 17:00:00,2010-11-08 07:00:00,15,2.6106668,1.0311
2010-11-07 17:00:00,2010-11-08 08:00:00,16,1.7462,0.61076665
2010-11-07 17:00:00,2010-11-08 09:00:00,17,1.488,1.5049666
2010-11-07 17:00:00,2010-11-08 10:00:00,18,1.3425666,1.7558334
2010-11-07 17:00:00,2010-11-08 11:00:00,19,1.3471333,2.0469334
2010-11-07 17:00:00,2010-11-08 12:00:00,20,1.5107334,1.7646
2010-11-07 17:00:00,2010-11-08 13:00:00,21,2.0889332,1.2351333
2010-11-07 17:00:00,2010-11-08 14:00:00,22,1.2387,1.4556
2010-11-07 17:00:00,2010-11-08 15:00:00,23,0.94373333,1.7619
2010-11-07 17:00:00,2010-11-08 16:00:00,24,0.44696668,1.2386
2010-11-08 17:00:00,2010-11-08 17:00:00,1,0.6663333,1.2321334
2010-11-08 17:00:00,2010-11-08 18:00:00,2,1.5786,1.9366
2010-11-08 17:00:00,2010-11-08 19:00:00,3,2.1504333,1.9461
2010-11-08 17:00:00,2010-11-08 20:00:00,4,2.5562668,2.1082335
2010-11-08 17:00:00,2010-11-08 21:00:00,5,2.6497333,1.7344333
2010-11-08 17:00:00,2010-11-08 22:00:00,6,1.8272333,1.2988334
2010-11-08 17:00:00,2010-11-08 23:00:00,7,0.5418,0.4396
2010-11-08 17:00:00,2010-11-09 00:00:00,8,0.3769,0.3135
2010-11-08 17:00:00,2010-11-09 01:00:00,9,0.3479,0.40163332
2010-11-08 17:00:00,2010-11-09 02:00:00,10,0.31756666,0.376
2010-11-08 17:00:00,2010-11-09 03:00:00,11,0.31586668,1.0100666
2010-11-08 17:00:00,2010-11-09 04:00:00,12,0.31166667,0.3308
2010-11-08 17:00:00,2010-11-09 05:00:00,13,0.39126667,0.33143333
2010-11-08 17:00:00,2010-11-09 06:00:00,14,1.6285,0.9282
2010-11-08 17:00:00,2010-11-09 07:00:00,15,1.9789667,2.6106668
2010-11-08 17:00:00,2010-11-09 08:00:00,16,1.9015334,1.7462
2010-11-08 17:00:00,2010-11-09 09:00:00,17,1.7798333,1.488
2010-11-08 17:00:00,2010-11-09 10:00:00,18,1.0868334,1.3425666
2010-11-08 17:00:00,2010-11-09 11:00:00,19,1.5032,1.3471333
2010-11-08 17:00:00,2010-11-09 12:00:00,20,1.3461334,1.5107334
2010-11-08 17:00:00,2010-11-09 13:00:00,21,0.9226,2.0889332
2010-11-08 17:00:00,2010-11-09 14:00:00,22,0.5484333,1.2387
2010-11-08 17:00:00,2010-11-09 15:00:00,23,0.48606667,0.94373333
2010-11-08 17:00:00,2010-11-09 16:00:00,24,0.6602,0.44696668
2010-11-09 17:00:00,2010-11-09 17:00:00,1,2.2828,0.6663333
2010-11-09 17:00:00,2010-11-09 18:00:00,2,2.8098333,1.5786
2010-11-09 17:00:00,2010-11-09 19:00:00,3,2.416,2.1504333
2010-11-09 17:00:00,2010-11-09 20:00:00,4,3.7867,2.5562668
2010-11-09 17:00:00,2010-11-09 21:00:00,5,2.9360666,2.6497333
2010-11-09 17:00:00,2010-11-09 22:00:00,6,2.3407333,1.8272333
2010-11-09 17:00:00,2010-11-09 23:00:00,7,1.2260333,0.5418
2010-11-09 17:00:00,2010-11-10 00:00:00,8,0.7873333,0.3769
2010-11-09 17:00:00,2010-11-10 01:00:00,9,0.4217,0.3479
2010-11-09 17:00:00,2010-11-10 02:00:00,10,0.32753333,0.31756666
2010-11-09 17:00:00,2010-11-10 03:00:00,11,0.32993335,0.31586668
2010-11-09 17:00:00,2010-11-10 04:00:00,12,0.30846667,0.31166667
2010-11-09 17:00:00,2010-11-10 05:00:00,13,0.34516665,0.39126667
2010-11-09 17:00:00,2010-11-10 06:00:00,14,0.76143336,1.6285
2010-11-09 17:00:00,2010-11-10 07:00:00,15,2.8744333,1.9789667
2010-11-09 17:00:00,2010-11-10 08:00:00,16,2.3632333,1.9015334
2010-11-09 17:00:00,2010-11-10 09:00:00,17,1.7861,1.7798333
2010-11-09 17:00:00,2010-11-10 10:00:00,18,3.372,1.0868334
2010-11-09 17:00:00,2010-11-10 11:00:00,19,3.2857332,1.5032
2010-11-09 17:00:00,2010-11-10 12:00:00,20,1.4770334,1.3461334
2010-11-09 17:00:00,2010-11-10 13:00:00,21,2.4002333,0.9226
2010-11-09 17:00:00,2010-11-10 14:00:00,22,2.0136666,0.5484333
2010-11-09 17:00:00,2010-11-10 15:00:00,23,1.5725666,0.48606667
2010-11-09 17:00:00,2010-11-10 16:00:00,24,1.5676666,0.6602
2010-11-10 17:00:00,2010-11-10 17:00:00,1,1.308,2.2828
2010-11-10 17:00:00,2010-11-10 18:00:00,2,1.7590333,2.8098333
2010-11-10 17:00:00,2010-11-10 19:00:00,3,0.96316665,2.416
2010-11-10 17:00:00,2010-11-10 20:00:00,4,0.39333335,3.7867
2010-11-10 17:00:00,2010-11-10 21:00:00,5,0.4352,2.9360666
2010-11-10 17:00:00,2010-11-10 22:00:00,6,0.38683334,2.3407333
2010-11-10 17:00:00,2010-11-10 23:00:00,7,1.2024333,1.2260333
2010-11-10 17:00:00,2010-11-11 00:00:00,8,0.5653333,0.7873333
2010-11-10 17:00:00,2010-11-11 01:00:00,9,0.35243332,0.4217
2010-11-10 17:00:00,2010-11-11 02:00:00,10,0.3161,0.32753333
2010-11-10 17:00:00,2010-11-11 03:00:00,11,0.34573334,0.32993335
2010-11-10 17:00:00,2010-11-11 04:00:00,12,0.36686668,0.30846667
2010-11-10 17:00:00,2010-11-11 05:00:00,13,0.36366665,0.34516665
2010-11-10 17:00:00,2010-11-11 06:00:00,14,1.1501666,0.76143336
2010-11-10 17:00:00,2010-11-11 07:00:00,15,0.64593333,2.8744333
2010-11-10 17:00:00,2010-11-11 08:00:00,16,0.8163,2.3632333
2010-11-10 17:00:00,2010-11-11 09:00:00,17,1.1073333,1.7861
2010-11-10 17:00:00,2010-11-11 10:00:00,18,1.4271667,3.372
2010-11-10 17:00:00,2010-11-11 11:00:00,19,2.6264334,3.2857332
2010-11-10 17:00:00,2010-11-11 12:00:00,20,1.8741333,1.4770334
2010-11-10 17:00:00,2010-11-11 13:00:00,21,1.2342,2.4002333
2010-11-10 17:00:00,2010-11-11 14:00:00,22,1.7211666,2.0136666
2010-11-10 17:00:00,2010-11-11 15:00:00,23,2.8895,1.5725666
2010-11-10 17:00:00,2010-11-11 16:00:00,24,2.7048,1.5676666
2010-11-11 17:00:00,2010-11-11 17:00:00,1,2.3609,1.308
2010-11-11 17:00:00,2010-11-11 18:00:00,2,1.5769334,1.7590333
2010-11-11 17:00:00,2010-11-11 19:00:00,3,1.6116333,0.96316665
2010-11-11 17:00:00,2010-11-11 20:00:00,4,1.8592666,0.39333335
2010-11-11 17:00:00,2010-11-11 21:00:00,5,0.8788,0.4352
2010-11-11 17:00:00,2010-11-11 22:00:00,6,0.48406667,0.38683334
2010-11-11 17:00:00,2010-11-11 23:00:00,7,0.281,1.2024333
2010-11-11 17:00:00,2010-11-12 00:00:00,8,0.881,0.5653333
2010-11-11 17:00:00,2010-11-12 01:00:00,9,0.26726666,0.35243332
2010-11-11 17:00:00,2010-11-12 02:00:00,10,0.35063332,0.3161
2010-11-11 17:00:00,2010-11-12 03:00:00,11,0.3204,0.34573334
2010-11-11 17:00:00,2010-11-12 04:00:00,12,0.2792,0.36686668
2010-11-11 17:00:00,2010-11-12 05:00:00,13,0.2896,0.36366665
2010-11-11 17:00:00,2010-11-12 06:00:00,14,0.65636665,1.1501666
2010-11-11 17:00:00,2010-11-12 07:00:00,15,2.694,0.64593333
2010-11-11 17:00:00,2010-11-12 08:00:00,16,2.3759,0.8163
2010-11-11 17:00:00,2010-11-12 09:00:00,17,1.5554667,1.1073333
2010-11-11 17:00:00,2010-11-12 10:00:00,18,1.8644333,1.4271667
2010-11-11 17:00:00,2010-11-12 11:00:00,19,1.4117334,2.6264334
2010-11-11 17:00:00,2010-11-12 12:00:00,20,1.4349333,1.8741333
2010-11-11 17:00:00,2010-11-12 13:00:00,21,0.80183333,1.2342
2010-11-11 17:00:00,2010-11-12 14:00:00,22,1.3209333,1.7211666
2010-11-11 17:00:00,2010-11-12 15:00:00,23,1.7907667,2.8895
2010-11-11 17:00:00,2010-11-12 16:00:00,24,1.3616667,2.7048
2010-11-12 17:00:00,2010-11-12 17:00:00,1,2.4561,2.3609
2010-11-12 17:00:00,2010-11-12 18:00:00,2,2.2808666,1.5769334
2010-11-12 17:00:00,2010-11-12 19:00:00,3,2.3919666,1.6116333
2010-11-12 17:00:00,2010-11-12 20:00:00,4,1.7533333,1.8592666
2010-11-12 17:00:00,2010-11-12 21:00:00,5,1.1149,0.8788
2010-11-12 17:00:00,2010-11-12 22:00:00,6,0.32053334,0.48406667
2010-11-12 17:00:00,2010-11-12 23:00:00,7,0.63986665,0.281
2010-11-12 17:00:00,2010-11-13 00:00:00,8,0.6910333,0.881
2010-11-12 17:00:00,2010-11-13 01:00:00,9,0.8481,0.26726666
2010-11-12 17:00:00,2010-11-13 02:00:00,10,0.3094,0.35063332
2010-11-12 17:00:00,2010-11-13 03:00:00,11,0.28396666,0.3204
2010-11-12 17:00:00,2010-11-13 04:00:00,12,0.34943333,0.2792
2010-11-12 17:00:00,2010-11-13 05:00:00,13,0.37116668,0.2896
2010-11-12 17:00:00,2010-11-13 06:00:00,14,0.5848,0.65636665
2010-11-12 17:00:00,2010-11-13 07:00:00,15,2.1326,2.694
2010-11-12 17:00:00,2010-11-13 08:00:00,16,1.4960333,2.3759
2010-11-12 17:00:00,2010-11-13 09:00:00,17,0.7291667,1.5554667
2010-11-12 17:00:00,2010-11-13 10:00:00,18,0.42203334,1.8644333
2010-11-12 17:00:00,2010-11-13 11:00:00,19,1.1491,1.4117334
2010-11-12 17:00:00,2010-11-13 12:00:00,20,1.1453,1.4349333
2010-11-12 17:00:00,2010-11-13 13:00:00,21,2.062,0.80183333
2010-11-12 17:00:00,2010-11-13 14:00:00,22,2.0979333,1.3209333
2010-11-12 17:00:00,2010-11-13 15:00:00,23,2.1959667,1.7907667
2010-11-12 17:00:00,2010-11-13 16:00:00,24,3.2211332,1.3616667
2010-11-13 17:00:00,2010-11-13 17:00:00,1,2.7615666,2.4561
2010-11-13 17:00:00,2010-11-13 18:00:00,2,1.7153,2.2808666
2010-11-13 17:00:00,2010-11-13 19:00:00,3,2.2923334,2.3919666
2010-11-13 17:00:00,2010-11-13 20:00:00,4,1.7131667,1.7533333
2010-11-13 17:00:00,2010-11-13 21:00:00,5,1.7058,1.1149
2010-11-13 17:00:00,2010-11-13 22:00:00,6,1.6986333,0.32053334
2010-11-13 17:00:00,2010-11-13 23:00:00,7,1.7436,0.63986665
2010-11-13 17:00:00,2010-11-14 00:00:00,8,1.845,0.6910333
2010-11-13 17:00:00,2010-11-14 01:00:00,9,1.5677333,0.8481
2010-11-13 17:00:00,2010-11-14 02:00:00,10,1.0019667,0.3094
2010-11-13 17:00:00,2010-11-14 03:00:00,11,0.5980667,0.28396666
2010-11-13 17:00:00,2010-11-14 04:00:00,12,0.33706668,0.34943333
2010-11-13 17:00:00,2010-11-14 05:00:00,13,0.36503333,0.37116668
2010-11-13 17:00:00,2010-11-14 06:00:00,14,0.28716666,0.5848
2010-11-13 17:00:00,2010-11-14 07:00:00,15,0.30586666,2.1326
2010-11-13 17:00:00,2010-11-14 08:00:00,16,0.5280333,1.4960333
2010-11-13 17:00:00,2010-11-14 09:00:00,17,1.1209333,0.7291667
2010-11-13 17:00:00,2010-11-14 10:00:00,18,1.1384667,0.42203334
2010-11-13 17:00:00,2010-11-14 11:00:00,19,1.027,1.1491
2010-11-13 17:00:00,2010-11-14 12:00:00,20,1.3779666,1.1453
2010-11-13 17:00:00,2010-11-14 13:00:00,21,1.2797667,2.062
2010-11-13 17:00:00,2010-11-14 14:00:00,22,1.4889667,2.0979333
2010-11-13 17:00:00,2010-11-14 15:00:00,23,4.1565666,2.1959667
2010-11-13 17:00:00,2010-11-14 16:00:00,24,2.8365333,3.2211332
2010-11-14 17:00:00,2010-11-14 17:00:00,1,2.3593667,2.7615666
2010-11-14 17:00:00,2010-11-14 18:00:00,2,2.3845334,1.7153
2010-11-14 17:00:00,2010-11-14 19:00:00,3,1.4889333,2.2923334
2010-11-14 17:00:00,2010-11-14 20:00:00,4,2.6314332,1.7131667
2010-11-14 17:00:00,2010-11-14 21:00:00,5,2.5521667,1.7058
2010-11-14 17:00:00,2010-11-14 22:00:00,6,0.90646666,1.6986333
2010-11-14 17:00:00,2010-11-14 23:00:00,7,0.38816667,1.7436
2010-11-14 17:00:00,2010-11-15 00:00:00,8,0.28103334,1.845
2010-11-14 17:00:00,2010-11-15 01:00:00,9,0.34606665,1.5677333
2010-11-14 17:00:00,2010-11-15 02:00:00,10,0.32846665,1.0019667
2010-11-14 17:00:00,2010-11-15 03:00:00,11,0.5818667,0.5980667
2010-11-14 17:00:00,2010-11-15 04:00:00,12,0.6005,0.33706668
2010-11-14 17:00:00,2010-11-15 05:00:00,13,0.3533,0.36503333
2010-11-14 17:00:00,2010-11-15 06:00:00,14,0.8715,0.28716666
2010-11-14 17:00:00,2010-11-15 07:00:00,15,2.6275334,0.30586666
2010-11-14 17:00:00,2010-11-15 08:00:00,16,1.5821,0.5280333
2010-11-14 17:00:00,2010-11-15 09:00:00,17,1.3828,1.1209333
2010-11-14 17:00:00,2010-11-15 10:00:00,18,1.3088666,1.1384667
2010-11-14 17:00:00,2010-11-15 11:00:00,19,1.3804,1.027
2010-11-14 17:00:00,2010-11-15 12:00:00,20,3.3210666,1.3779666
2010-11-14 17:00:00,2010-11-15 13:00:00,21,2.8092666,1.2797667
2010-11-14 17:00:00,2010-11-15 14:00:00,22,0.42953333,1.4889667
2010-11-14 17:00:00,2010-11-15 15:00:00,23,0.3873,4.1565666
2010-11-14 17:00:00,2010-11-15 16:00:00,24,0.51523334,2.8365333
2010-11-15 17:00:00,2010-11-15 17:00:00,1,0.8739333,2.3593667
2010-11-15 17:00:00,2010-11-15 18:00:00,2,1.3073334,2.3845334
2010-11-15 17:00:00,2010-11-15 19:00:00,3,1.5779333,1.4889333
2010-11-15 17:00:00,2010-11-15 20:00:00,4,2.9928,2.6314332
2010-11-15 17:00:00,2010-11-15 21:00:00,5,1.5087667,2.5521667
2010-11-15 17:00:00,2010-11-15 22:00:00,6,1.2497,0.90646666
2010-11-15 17:00:00,2010-11-15 23:00:00,7,0.5057333,0.38816667
2010-11-15 17:00:00,2010-11-16 00:00:00,8,0.3238,0.28103334
2010-11-15 17:00:00,2010-11-16 01:00:00,9,0.29226667,0.34606665
2010-11-15 17:00:00,2010-11-16 02:00:00,10,1.0268333,0.32846665
2010-11-15 17:00:00,2010-11-16 03:00:00,11,0.30073333,0.5818667
2010-11-15 17:00:00,2010-11-16 04:00:00,12,0.27913332,0.6005
2010-11-15 17:00:00,2010-11-16 05:00:00,13,0.33756667,0.3533
2010-11-15 17:00:00,2010-11-16 06:00:00,14,1.2221667,0.8715
2010-11-15 17:00:00,2010-11-16 07:00:00,15,2.4552333,2.6275334
2010-11-15 17:00:00,2010-11-16 08:00:00,16,1.6832334,1.5821
2010-11-15 17:00:00,2010-11-16 09:00:00,17,1.5805,1.3828
2010-11-15 17:00:00,2010-11-16 10:00:00,18,1.4629667,1.3088666
2010-11-15 17:00:00,2010-11-16 11:00:00,19,0.90566665,1.3804
2010-11-15 17:00:00,2010-11-16 12:00:00,20,0.37053335,3.3210666
2010-11-15 17:00:00,2010-11-16 13:00:00,21,0.36646667,2.8092666
2010-11-15 17:00:00,2010-11-16 14:00:00,22,0.28203332,0.42953333
2010-11-15 17:00:00,2010-11-16 15:00:00,23,0.3146,0.3873
2010-11-15 17:00:00,2010-11-16 16:00:00,24,0.5391,0.51523334
2010-11-16 17:00:00,2010-11-16 17:00:00,1,1.4056,0.8739333
2010-11-16 17:00:00,2010-11-16 18:00:00,2,2.0628667,1.3073334
2010-11-16 17:00:00,2010-11-16 19:00:00,3,1.9874,1.5779333
2010-11-16 17:00:00,2010-11-16 20:00:00,4,2.1772332,2.9928
2010-11-16 17:00:00,2010-11-16 21:00:00,5,2.5300333,1.5087667
2010-11-16 17:00:00,2010-11-16 22:00:00,6,0.7507,1.2497
2010-11-16 17:00:00,2010-11-16 23:00:00,7,0.5058,0.5057333
2010-11-16 17:00:00,2010-11-17 00:00:00,8,0.3677,0.3238
2010-11-16 17:00:00,2010-11-17 01:00:00,9,0.29406667,0.29226667
2010-11-16 17:00:00,2010-11-17 02:00:00,10,0.32846665,1.0268333
2010-11-16 17:00:00,2010-11-17 03:00:00,11,0.32553333,0.30073333
2010-11-16 17:00:00,2010-11-17 04:00:00,12,0.5885,0.27913332
2010-11-16 17:00:00,2010-11-17 05:00:00,13,0.74216664,0.33756667
2010-11-16 17:00:00,2010-11-17 06:00:00,14,0.9257,1.2221667
2010-11-16 17:00:00,2010-11-17 07:00:00,15,2.7571332,2.4552333
2010-11-16 17:00:00,2010-11-17 08:00:00,16,1.4536667,1.6832334
2010-11-16 17:00:00,2010-11-17 09:00:00,17,1.3489333,1.5805
2010-11-16 17:00:00,2010-11-17 10:00:00,18,1.3998333,1.4629667
2010-11-16 17:00:00,2010-11-17 11:00:00,19,1.4121,0.90566665
2010-11-16 17:00:00,2010-11-17 12:00:00,20,1.5148,0.37053335
2010-11-16 17:00:00,2010-11-17 13:00:00,21,0.69016665,0.36646667
2010-11-16 17:00:00,2010-11-17 14:00:00,22,0.2803,0.28203332
2010-11-16 17:00:00,2010-11-17 15:00:00,23,0.4599,0.3146
2010-11-16 17:00:00,2010-11-17 16:00:00,24,0.80006665,0.5391
2010-11-17 17:00:00,2010-11-17 17:00:00,1,1.0461,1.4056
2010-11-17 17:00:00,2010-11-17 18:00:00,2,1.6297333,2.0628667
2010-11-17 17:00:00,2010-11-17 19:00:00,3,2.3266666,1.9874
2010-11-17 17:00:00,2010-11-17 20:00:00,4,2.2446666,2.1772332
2010-11-17 17:00:00,2010-11-17 21:00:00,5,1.7382667,2.5300333
2010-11-17 17:00:00,2010-11-17 22:00:00,6,1.0596,0.7507
2010-11-17 17:00:00,2010-11-17 23:00:00,7,0.63313335,0.5058
2010-11-17 17:00:00,2010-11-18 00:00:00,8,0.44186667,0.3677
2010-11-17 17:00:00,2010-11-18 01:00:00,9,0.39063334,0.29406667
2010-11-17 17:00:00,2010-11-18 02:00:00,10,0.51353335,0.32846665
2010-11-17 17:00:00,2010-11-18 03:00:00,11,1.0192,0.32553333
2010-11-17 17:00:00,2010-11-18 04:00:00,12,0.4596,0.5885
2010-11-17 17:00:00,2010-11-18 05:00:00,13,0.38533333,0.74216664
2010-11-17 17:00:00,2010-11-18 06:00:00,14,0.9687,0.9257
2010-11-17 17:00:00,2010-11-18 07:00:00,15,2.6866667,2.7571332
2010-11-17 17:00:00,2010-11-18 08:00:00,16,1.5315,1.4536667
2010-11-17 17:00:00,2010-11-18 09:00:00,17,1.3510667,1.3489333
2010-11-17 17:00:00,2010-11-18 10:00:00,18,1.3487333,1.3998333
2010-11-17 17:00:00,2010-11-18 11:00:00,19,1.3437667,1.4121
2010-11-17 17:00:00,2010-11-18 12:00:00,20,1.5858,1.5148
2010-11-17 17:00:00,2010-11-18 13:00:00,21,0.9234667,0.69016665
2010-11-17 17:00:00,2010-11-18 14:00:00,22,0.41346666,0.2803
2010-11-17 17:00:00,2010-11-18 15:00:00,23,0.32563335,0.4599
2010-11-17 17:00:00,2010-11-18 16:00:00,24,0.46526667,0.80006665
2010-11-18 17:00:00,2010-11-18 17:00:00,1,0.57783335,1.0461
2010-11-18 17:00:00,2010-11-18 18:00:00,2,2.7284334,1.6297333
2010-11-18 17:00:00,2010-11-18 19:00:00,3,2.5739334,2.3266666
2010-11-18 17:00:00,2010-11-18 20:00:00,4,2.1646667,2.2446666
2010-11-18 17:00:00,2010-11-18 21:00:00,5,1.9349667,1.7382667
2010-11-18 17:00:00,2010-11-18 22:00:00,6,0.9224333,1.0596
2010-11-18 17:00:00,2010-11-18 23:00:00,7,0.47936666,0.63313335
2010-11-18 17:00:00,2010-11-19 00:00:00,8,0.3419,0.44186667
2010-11-18 17:00:00,2010-11-19 01:00:00,9,0.27706668,0.39063334
2010-11-18 17:00:00,2010-11-19 02:00:00,10,0.95486665,0.51353335
2010-11-18 17:00:00,2010-11-19 03:00:00,11,0.3147,1.0192
2010-11-18 17:00:00,2010-11-19 04:00:00,12,0.33873335,0.4596
2010-11-18 17:00:00,2010-11-19 05:00:00,13,0.26493335,0.38533333
2010-11-18 17:00:00,2010-11-19 06:00:00,14,0.85006666,0.9687
2010-11-18 17:00:00,2010-11-19 07:00:00,15,2.2033,2.6866667
2010-11-18 17:00:00,2010-11-19 08:00:00,16,1.4469666,1.5315
2010-11-18 17:00:00,2010-11-19 09:00:00,17,1.3643667,1.3510667
2010-11-18 17:00:00,2010-11-19 10:00:00,18,1.3499,1.3487333
2010-11-18 17:00:00,2010-11-19 11:00:00,19,1.3954667,1.3437667
2010-11-18 17:00:00,2010-11-19 12:00:00,20,1.3907,1.5858
2010-11-18 17:00:00,2010-11-19 13:00:00,21,1.5944,0.9234667
2010-11-18 17:00:00,2010-11-19 14:00:00,22,1.5211,0.41346666
2010-11-18 17:00:00,2010-11-19 15:00:00,23,1.6228666,0.32563335
2010-11-18 17:00:00,2010-11-19 16:00:00,24,1.4697,0.46526667
2010-11-19 17:00:00,2010-11-19 17:00:00,1,0.8242667,0.57783335
2010-11-19 17:00:00,2010-11-19 18:00:00,2,1.0184667,2.7284334
2010-11-19 17:00:00,2010-11-19 19:00:00,3,1.2497667,2.5739334
2010-11-19 17:00:00,2010-11-19 20:00:00,4,1.6652666,2.1646667
2010-11-19 17:00:00,2010-11-19 21:00:00,5,1.7783667,1.9349667
2010-11-19 17:00:00,2010-11-19 22:00:00,6,0.6019667,0.9224333
2010-11-19 17:00:00,2010-11-19 23:00:00,7,0.3342,0.47936666
2010-11-19 17:00:00,2010-11-20 00:00:00,8,0.31696665,0.3419
2010-11-19 17:00:00,2010-11-20 01:00:00,9,0.2849,0.27706668
2010-11-19 17:00:00,2010-11-20 02:00:00,10,0.3567,0.95486665
2010-11-19 17:00:00,2010-11-20 03:00:00,11,0.31026667,0.3147
2010-11-19 17:00:00,2010-11-20 04:00:00,12,0.32653335,0.33873335
2010-11-19 17:00:00,2010-11-20 05:00:00,13,0.88526666,0.26493335
2010-11-19 17:00:00,2010-11-20 06:00:00,14,0.7865667,0.85006666
2010-11-19 17:00:00,2010-11-20 07:00:00,15,2.6342332,2.2033
2010-11-19 17:00:00,2010-11-20 08:00:00,16,1.9728333,1.4469666
2010-11-19 17:00:00,2010-11-20 09:00:00,17,1.8750666,1.3643667
2010-11-19 17:00:00,2010-11-20 10:00:00,18,1.2921333,1.3499
2010-11-19 17:00:00,2010-11-20 11:00:00,19,2.6911333,1.3954667
2010-11-19 17:00:00,2010-11-20 12:00:00,20,1.1306,1.3907
2010-11-19 17:00:00,2010-11-20 13:00:00,21,1.298,1.5944
2010-11-19 17:00:00,2010-11-20 14:00:00,22,1.0514333,1.5211
2010-11-19 17:00:00,2010-11-20 15:00:00,23,1.2581667,1.6228666
2010-11-19 17:00:00,2010-11-20 16:00:00,24,1.5170333,1.4697
2010-11-20 17:00:00,2010-11-20 17:00:00,1,1.7953,0.8242667
2010-11-20 17:00:00,2010-11-20 18:00:00,2,5.6268334,1.0184667
2010-11-20 17:00:00,2010-11-20 19:00:00,3,3.2597,1.2497667
2010-11-20 17:00:00,2010-11-20 20:00:00,4,2.1171334,1.6652666
2010-11-20 17:00:00,2010-11-20 21:00:00,5,1.7741,1.7783667
2010-11-20 17:00:00,2010-11-20 22:00:00,6,1.3264,0.6019667
2010-11-20 17:00:00,2010-11-20 23:00:00,7,0.7294667,0.3342
2010-11-20 17:00:00,2010-11-21 00:00:00,8,0.5199,0.31696665
2010-11-20 17:00:00,2010-11-21 01:00:00,9,0.2938,0.2849
2010-11-20 17:00:00,2010-11-21 02:00:00,10,0.8968,0.3567
2010-11-20 17:00:00,2010-11-21 03:00:00,11,0.3299,0.31026667
2010-11-20 17:00:00,2010-11-21 04:00:00,12,0.34456667,0.32653335
2010-11-20 17:00:00,2010-11-21 05:00:00,13,0.29026666,0.88526666
2010-11-20 17:00:00,2010-11-21 06:00:00,14,0.33686668,0.7865667
2010-11-20 17:00:00,2010-11-21 07:00:00,15,2.0713,2.6342332
2010-11-20 17:00:00,2010-11-21 08:00:00,16,1.4247,1.9728333
2010-11-20 17:00:00,2010-11-21 09:00:00,17,1.2906333,1.8750666
2010-11-20 17:00:00,2010-11-21 10:00:00,18,0.2681,1.2921333
2010-11-20 17:00:00,2010-11-21 11:00:00,19,0.29916668,2.6911333
2010-11-20 17:00:00,2010-11-21 12:00:00,20,0.34963334,1.1306
2010-11-20 17:00:00,2010-11-21 13:00:00,21,0.27686667,1.298
2010-11-20 17:00:00,2010-11-21 14:00:00,22,0.28096667,1.0514333
2010-11-20 17:00:00,2010-11-21 15:00:00,23,0.29733333,1.2581667
2010-11-20 17:00:00,2010-11-21 16:00:00,24,0.35083333,1.5170333
2010-11-21 17:00:00,2010-11-21 17:00:00,1,0.72393334,1.7953
2010-11-21 17:00:00,2010-11-21 18:00:00,2,0.45113334,5.6268334
2010-11-21 17:00:00,2010-11-21 19:00:00,3,0.29546666,3.2597
2010-11-21 17:00:00,2010-11-21 20:00:00,4,0.60476667,2.1171334
2010-11-21 17:00:00,2010-11-21 21:00:00,5,1.2213,1.7741
2010-11-21 17:00:00,2010-11-21 22:00:00,6,1.4937667,1.3264
2010-11-21 17:00:00,2010-11-21 23:00:00,7,0.30316666,0.7294667
2010-11-21 17:00:00,2010-11-22 00:00:00,8,0.3675,0.5199
2010-11-21 17:00:00,2010-11-22 01:00:00,9,0.27986667,0.2938
2010-11-21 17:00:00,2010-11-22 02:00:00,10,0.28336668,0.8968
2010-11-21 17:00:00,2010-11-22 03:00:00,11,0.27493334,0.3299
2010-11-21 17:00:00,2010-11-22 04:00:00,12,0.3683,0.34456667
2010-11-21 17:00:00,2010-11-22 05:00:00,13,0.2859,0.29026666
2010-11-21 17:00:00,2010-11-22 06:00:00,14,0.9530333,0.33686668
2010-11-21 17:00:00,2010-11-22 07:00:00,15,2.137,2.0713
2010-11-21 17:00:00,2010-11-22 08:00:00,16,2.5902333,1.4247
2010-11-21 17:00:00,2010-11-22 09:00:00,17,1.4276,1.2906333
2010-11-21 17:00:00,2010-11-22 10:00:00,18,3.1053667,0.2681
2010-11-21 17:00:00,2010-11-22 11:00:00,19,2.6391332,0.29916668
2010-11-21 17:00:00,2010-11-22 12:00:00,20,1.8669333,0.34963334
2010-11-21 17:00:00,2010-11-22 13:00:00,21,1.9867667,0.27686667
2010-11-21 17:00:00,2010-11-22 14:00:00,22,1.5176667,0.28096667
2010-11-21 17:00:00,2010-11-22 15:00:00,23,1.3865666,0.29733333
2010-11-21 17:00:00,2010-11-22 16:00:00,24,0.69263333,0.35083333
2010-11-22 17:00:00,2010-11-22 17:00:00,1,0.6457667,0.72393334
2010-11-22 17:00:00,2010-11-22 18:00:00,2,3.1683,0.45113334
2010-11-22 17:00:00,2010-11-22 19:00:00,3,2.5895,0.29546666
2010-11-22 17:00:00,2010-11-22 20:00:00,4,1.5825334,0.60476667
2010-11-22 17:00:00,2010-11-22 21:00:00,5,2.3887,1.2213
2010-11-22 17:00:00,2010-11-22 22:00:00,6,1.1652,1.4937667
2010-11-22 17:00:00,2010-11-22 23:00:00,7,0.3228,0.30316666
2010-11-22 17:00:00,2010-11-23 00:00:00,8,0.36516666,0.3675
2010-11-22 17:00:00,2010-11-23 01:00:00,9,0.29243332,0.27986667
2010-11-22 17:00:00,2010-11-23 02:00:00,10,0.28236666,0.28336668
2010-11-22 17:00:00,2010-11-23 03:00:00,11,0.2745,0.27493334
2010-11-22 17:00:00,2010-11-23 04:00:00,12,0.36016667,0.3683
2010-11-22 17:00:00,2010-11-23 05:00:00,13,0.2802,0.2859
2010-11-22 17:00:00,2010-11-23 06:00:00,14,0.6357333,0.9530333
2010-11-22 17:00:00,2010-11-23 07:00:00,15,2.5486,2.137
2010-11-22 17:00:00,2010-11-23 08:00:00,16,1.7040666,2.5902333
2010-11-22 17:00:00,2010-11-23 09:00:00,17,1.4006333,1.4276
2010-11-22 17:00:00,2010-11-23 10:00:00,18,1.57,3.1053667
2010-11-22 17:00:00,2010-11-23 11:00:00,19,1.7039666,2.6391332
2010-11-22 17:00:00,2010-11-23 12:00:00,20,1.0491667,1.8669333
2010-11-22 17:00:00,2010-11-23 13:00:00,21,0.8319,1.9867667
2010-11-22 17:00:00,2010-11-23 14:00:00,22,1.5486333,1.5176667
2010-11-22 17:00:00,2010-11-23 15:00:00,23,0.4,1.3865666
2010-11-22 17:00:00,2010-11-23 16:00:00,24,0.5092667,0.69263333
2010-11-23 17:00:00,2010-11-23 17:00:00,1,0.97873336,0.6457667
2010-11-23 17:00:00,2010-11-23 18:00:00,2,1.8401,3.1683
2010-11-23 17:00:00,2010-11-23 19:00:00,3,2.2212334,2.5895
2010-11-23 17:00:00,2010-11-23 20:00:00,4,2.6366668,1.5825334
2010-11-23 17:00:00,2010-11-23 21:00:00,5,1.4262333,2.3887
2010-11-23 17:00:00,2010-11-23 22:00:00,6,0.8328,1.1652
2010-11-23 17:00:00,2010-11-23 23:00:00,7,0.5997,0.3228
2010-11-23 17:00:00,2010-11-24 00:00:00,8,0.35836667,0.36516666
2010-11-23 17:00:00,2010-11-24 01:00:00,9,0.2653,0.29243332
2010-11-23 17:00:00,2010-11-24 02:00:00,10,0.5021,0.28236666
2010-11-23 17:00:00,2010-11-24 03:00:00,11,0.75123334,0.2745
2010-11-23 17:00:00,2010-11-24 04:00:00,12,0.3203,0.36016667
2010-11-23 17:00:00,2010-11-24 05:00:00,13,0.2844,0.2802
2010-11-23 17:00:00,2010-11-24 06:00:00,14,0.8289667,0.6357333
2010-11-23 17:00:00,2010-11-24 07:00:00,15,2.8502333,2.5486
2010-11-23 17:00:00,2010-11-24 08:00:00,16,1.5541667,1.7040666
2010-11-23 17:00:00,2010-11-24 09:00:00,17,1.3640333,1.4006333
2010-11-23 17:00:00,2010-11-24 10:00:00,18,1.3726,1.57
2010-11-23 17:00:00,2010-11-24 11:00:00,19,1.3923666,1.7039666
2010-11-23 17:00:00,2010-11-24 12:00:00,20,1.5837667,1.0491667
2010-11-23 17:00:00,2010-11-24 13:00:00,21,1.9610333,0.8319
2010-11-23 17:00:00,2010-11-24 14:00:00,22,2.0177667,1.5486333
2010-11-23 17:00:00,2010-11-24 15:00:00,23,1.5020334,0.4
2010-11-23 17:00:00,2010-11-24 16:00:00,24,0.87406665,0.5092667
2010-11-24 17:00:00,2010-11-24 17:00:00,1,1.9389334,0.97873336
2010-11-24 17:00:00,2010-11-24 18:00:00,2,2.0611334,1.8401
2010-11-24 17:00:00,2010-11-24 19:00:00,3,1.4982333,2.2212334
2010-11-24 17:00:00,2010-11-24 20:00:00,4,2.3128667,2.6366668
2010-11-24 17:00:00,2010-11-24 21:00:00,5,1.5683666,1.4262333
2010-11-24 17:00:00,2010-11-24 22:00:00,6,0.4221,0.8328
2010-11-24 17:00:00,2010-11-24 23:00:00,7,0.3531,0.5997
2010-11-24 17:00:00,2010-11-25 00:00:00,8,0.30346668,0.35836667
2010-11-24 17:00:00,2010-11-25 01:00:00,9,0.28966665,0.2653
2010-11-24 17:00:00,2010-11-25 02:00:00,10,0.26636666,0.5021
2010-11-24 17:00:00,2010-11-25 03:00:00,11,0.33573332,0.75123334
2010-11-24 17:00:00,2010-11-25 04:00:00,12,0.37706667,0.3203
2010-11-24 17:00:00,2010-11-25 05:00:00,13,0.88053334,0.2844
2010-11-24 17:00:00,2010-11-25 06:00:00,14,0.9632,0.8289667
2010-11-24 17:00:00,2010-11-25 07:00:00,15,2.6271334,2.8502333
2010-11-24 17:00:00,2010-11-25 08:00:00,16,1.6294,1.5541667
2010-11-24 17:00:00,2010-11-25 09:00:00,17,1.2577,1.3640333
2010-11-24 17:00:00,2010-11-25 10:00:00,18,0.6454667,1.3726
2010-11-24 17:00:00,2010-11-25 11:00:00,19,1.0280666,1.3923666
2010-11-24 17:00:00,2010-11-25 12:00:00,20,0.49973333,1.5837667
2010-11-24 17:00:00,2010-11-25 13:00:00,21,0.35623333,1.9610333
2010-11-24 17:00:00,2010-11-25 14:00:00,22,0.30066666,2.0177667
2010-11-24 17:00:00,2010-11-25 15:00:00,23,0.333,1.5020334
2010-11-24 17:00:00,2010-11-25 16:00:00,24,0.5418,0.87406665
2010-11-25 17:00:00,2010-11-25 17:00:00,1,1.4801,1.9389334
2010-11-25 17:00:00,2010-11-25 18:00:00,2,2.2116,2.0611334
2010-11-25 17:00:00,2010-11-25 19:00:00,3,2.3304667,1.4982333
2010-11-25 17:00:00,2010-11-25 20:00:00,4,1.6478333,2.3128667
2010-11-25 17:00:00,2010-11-25 21:00:00,5,1.3429333,1.5683666
2010-11-25 17:00:00,2010-11-25 22:00:00,6,1.2475667,0.4221
2010-11-25 17:00:00,2010-11-25 23:00:00,7,0.957,0.3531
2010-11-25 17:00:00,2010-11-26 00:00:00,8,0.2943,0.30346668
2010-11-25 17:00:00,2010-11-26 01:00:00,9,0.281,0.28966665
2010-11-25 17:00:00,2010-11-26 02:00:00,10,0.27343333,0.26636666
2010-11-25 17:00:00,2010-11-26 03:00:00,11,0.29836667,0.33573332
2010-11-25 17:00:00,2010-11-26 04:00:00,12,0.31403333,0.37706667
2010-11-25 17:00:00,2010-11-26 05:00:00,13,0.28256667,0.88053334
2010-11-25 17:00:00,2010-11-26 06:00:00,14,1.0087667,0.9632
2010-11-25 17:00:00,2010-11-26 07:00:00,15,2.8839333,2.6271334
2010-11-25 17:00:00,2010-11-26 08:00:00,16,1.9993,1.6294
2010-11-25 17:00:00,2010-11-26 09:00:00,17,1.8499666,1.2577
2010-11-25 17:00:00,2010-11-26 10:00:00,18,1.3527666,0.6454667
2010-11-25 17:00:00,2010-11-26 11:00:00,19,1.3389,1.0280666
2010-11-25 17:00:00,2010-11-26 12:00:00,20,1.4902,0.49973333
2010-11-25 17:00:00,2010-11-26 13:00:00,21,1.6129333,0.35623333
2010-11-25 17:00:00,2010-11-26 14:00:00,22,1.4077667,0.30066666
2010-11-25 17:00:00,2010-11-26 15:00:00,23,0.8764333,0.333
2010-11-25 17:00:00,2010-11-26 16:00:00,24,1.0679333,0.5418
