origin,mae,rmse,mase,model,seed,horizon
2014-03-14,9.926191833333332,13.346981314697112,0.3325961077107834,seasonal-naive,,24
2014-03-15,59.86644954166667,68.76637809784535,2.0059402875086167,seasonal-naive,,24
2014-03-16,9.249247666666667,23.847280439714893,0.3099137942162189,seasonal-naive,,24
2014-03-17,49.619541416666664,62.3123334432427,1.6625979649272355,seasonal-naive,,24
2014-03-18,22.30461766666667,36.835484469589396,0.7473590219159923,seasonal-naive,,24
2014-03-19,12.486909624999997,15.325765611962636,0.41839787184695765,seasonal-naive,,24
2014-03-20,19.931762708333334,24.111424619513812,0.667851962556766,seasonal-naive,,24
2014-03-21,22.360879041666667,31.227115337013217,0.7492441672621277,seasonal-naive,,24
2014-03-22,77.71042333333334,85.39755774252056,2.6038368755305887,seasonal-naive,,24
2014-03-23,11.204183083333334,27.958316838107375,0.3754176572612418,seasonal-naive,,24
2014-03-24,64.734431125,76.89270526332004,2.169051353082365,seasonal-naive,,24
2014-03-25,25.112801833333336,35.93865827856137,0.841452621883699,seasonal-naive,,24
2014-03-26,10.975516708333338,13.506611517120824,0.3677557515106461,seasonal-naive,,24
2014-03-27,23.378175541666664,31.51877085730725,0.783330638888798,seasonal-naive,,24
2014-03-28,23.89232416666667,33.987355116513896,0.800558175322821,seasonal-naive,,24
2014-03-29,56.65510816666667,66.89386471078835,1.898338131536892,seasonal-naive,,24
2014-04-14,37.385528375,45.19972714163418,1.2526738784636677,seasonal-naive,,24
2014-04-15,16.53994,24.074352886111637,0.5542024331321587,seasonal-naive,,24
2014-04-16,10.189811625000003,14.097631279402584,0.3414291947693496,seasonal-naive,,24
2014-04-17,14.063614541666666,18.100557509741144,0.4712283960899782,seasonal-naive,,24
2014-04-18,18.269691333333334,23.166177161269616,0.6121610712920872,seasonal-naive,,24
2014-04-19,49.073919499999995,52.968996114642984,1.6443158554524189,seasonal-naive,,24
2014-04-20,7.659731833333333,19.724264307370692,0.2566540156235865,seasonal-naive,,24
2014-04-21,34.52317304166667,40.94031095578569,1.156765169591559,seasonal-naive,,24
2014-04-22,26.015069,33.604558627211794,0.8716848149328832,seasonal-naive,,24
2014-04-23,15.878453458333334,19.003954119840486,0.5320380570294736,seasonal-naive,,24
2014-04-24,8.772699333333334,10.127064448439436,0.2939461277169203,seasonal-naive,,24
2014-04-25,9.294508625,14.053629494737706,0.31143034948995185,seasonal-naive,,24
2014-04-26,49.26373233333334,57.85966704376607,1.6506758987218049,seasonal-naive,,24
2014-04-27,16.01061125,33.79451081361439,0.5364662574763337,seasonal-naive,,24
2014-04-28,38.87199104166667,48.60322360527723,1.3024806629276249,seasonal-naive,,24
2014-04-29,31.381045,42.90949744080973,1.0514821391873101,seasonal-naive,,24
2014-04-30,7.995210458333333,10.470607352281807,0.26789487080436897,seasonal-naive,,24
2014-05-01,17.773227583333334,22.700143874494515,0.5955261005357292,seasonal-naive,,24
2014-05-02,26.330352875,31.555932193075417,0.8822490062571767,seasonal-naive,,24
2014-05-03,46.05071879166667,54.59995340882279,1.543017713596693,seasonal-naive,,24
2014-05-04,33.5675695,45.600305088925374,1.1247458389348954,seasonal-naive,,24
2014-05-05,39.97688283333333,49.22702853234594,1.3395021829143607,seasonal-naive,,24
2014-05-06,35.656333875,48.2208954139738,1.1947338980732463,seasonal-naive,,24
2014-05-07,17.619484333333336,20.26094486310823,0.5903746378806262,seasonal-naive,,24
2014-05-08,17.242367541666667,20.689961142958758,0.5777386160137595,seasonal-naive,,24
2014-05-09,23.275959416666666,31.20198686760376,0.7799056914476138,seasonal-naive,,24
2014-05-10,45.61302308333333,57.59810086405335,1.5283518788639285,seasonal-naive,,24
2014-05-11,29.256072333333336,41.714693208227516,0.9802808517457599,seasonal-naive,,24
2014-05-12,45.40023279166667,56.54642696159659,1.5212219317547755,seasonal-naive,,24
2014-05-13,25.789327500000002,43.95855928381645,0.8641209127325788,seasonal-naive,,24
2014-05-14,14.708669374999998,22.11851669189784,0.4928421962692407,seasonal-naive,,24
2014-05-15,17.47312570833333,22.699245819462384,0.585470611258711,seasonal-naive,,24
2014-05-16,14.329600250000004,17.940011814758492,0.4801407577271254,seasonal-naive,,24
2014-05-17,29.611603125,36.64508206837367,0.992193593254802,seasonal-naive,,24
2014-05-18,43.42273958333333,59.01896389868566,1.4549622266070752,seasonal-naive,,24
2014-05-19,53.59068754166666,60.31050996213705,1.795658837264036,seasonal-naive,,24
2014-05-20,33.31690208333333,45.82505838896493,1.1163467460588863,seasonal-naive,,24
2014-05-21,14.603527166666668,19.970627914502895,0.48931920479023777,seasonal-naive,,24
2014-05-22,22.815285041666666,32.34326001942942,0.7644699123875546,seasonal-naive,,24
2014-05-23,14.249526041666664,22.66389301243194,0.47745771769859635,seasonal-naive,,24
2014-05-24,34.067234666666664,46.84161467404908,1.141488079300825,seasonal-naive,,24
2014-05-25,32.33971129166667,42.890618945687976,1.0836040931607498,seasonal-naive,,24
2014-05-26,38.216215041666665,46.86390468887401,1.280507629483146,seasonal-naive,,24
2014-05-27,42.56768158333333,54.18966771429946,1.4263118672908313,seasonal-naive,,24
2014-05-28,21.817207791666664,27.519708343678868,0.7310274186176947,seasonal-naive,,24
2014-05-29,10.973150416666668,15.135578168926237,0.3676764643669703,seasonal-naive,,24
2014-05-30,14.018493458333333,18.361484792317384,0.4697165275965682,seasonal-naive,,24
2014-05-31,44.97549083333333,53.613256292636834,1.506990137276582,seasonal-naive,,24
2014-06-01,17.063419458333332,34.24909124593083,0.5717426170447385,seasonal-naive,,24
2014-06-02,38.81712325,52.1279057021782,1.300642212265636,seasonal-naive,,24
2014-06-03,22.869039583333333,36.410071340570006,0.7662710614717453,seasonal-naive,,24
2014-06-04,17.357119166666667,22.990314381258713,0.5815835894405598,seasonal-naive,,24
2014-06-05,19.356617083333333,29.01245118908149,0.648580604572377,seasonal-naive,,24
2014-06-06,12.877117666666669,15.931245277933996,0.43147254116978495,seasonal-naive,,24
2014-06-07,55.53294991666667,61.95560255800488,1.8607380657259318,seasonal-naive,,24
2014-06-08,11.518493708333333,27.10690593050083,0.38594923797642516,seasonal-naive,,24
2014-06-09,35.59074141666667,45.63781129934237,1.192536096871824,seasonal-naive,,24
2014-06-10,23.949839124999997,34.28161381639676,0.8024853243844153,seasonal-naive,,24
2014-06-11,17.468388875,23.227273153409897,0.5853118945669531,seasonal-naive,,24
2014-06-12,7.258802083333333,10.937282946774225,0.2432200948859618,seasonal-naive,,24
2014-06-13,17.168143625,22.34122869926875,0.5752516012353949,seasonal-naive,,24
2014-06-14,39.33698233333333,46.32025891867713,1.3180610885656217,seasonal-naive,,24
2014-06-15,19.46398704166667,35.81060525370623,0.652178241090625,seasonal-naive,,24
2014-06-16,42.647058083333334,51.46390349221353,1.4289715292626108,seasonal-naive,,24
2014-06-17,17.34945954166667,32.43084204051979,0.5813269390045921,seasonal-naive,,24
2014-06-18,15.042474208333337,21.429926655355363,0.5040269678478928,seasonal-naive,,24
2014-06-19,13.776878375,16.95229495370678,0.46162075052211915,seasonal-naive,,24
2014-06-20,13.088932708333333,16.56086869559806,0.43856981065598954,seasonal-naive,,24
2014-06-21,45.07937879166667,51.366355956538946,1.51047110270218,seasonal-naive,,24
2014-06-22,13.191845166666667,27.033752882019623,0.4420180900819092,seasonal-naive,,24
2014-06-23,55.934296916666675,69.76407567057024,1.8741859672255925,seasonal-naive,,24
2014-06-24,24.07684466666667,33.72151260486873,0.8067408888068339,seasonal-naive,,24
2014-06-25,14.806148625,19.658015304910194,0.4961084256225455,seasonal-naive,,24
2014-06-26,15.927473291666667,24.038996100351156,0.5336805606241097,seasonal-naive,,24
2014-06-27,13.885082916666667,19.737054064528802,0.4652463513566818,seasonal-naive,,24
2014-06-28,35.97899854166666,40.00071447074825,1.2055453969875374,seasonal-naive,,24
2014-06-29,5.171290166666665,13.313770997744491,0.17327400176778585,seasonal-naive,,24
2014-06-30,45.236185125,58.30852716110017,1.5157251998430321,seasonal-naive,,24
2014-07-01,17.408645083333333,27.294146795007546,0.5833100641669512,seasonal-naive,,24
2014-07-02,14.421512374999999,21.551424377591307,0.48322044987288554,seasonal-naive,,24
2014-07-03,20.138007208333335,23.545233351254286,0.6747625803534525,seasonal-naive,,24
2014-07-04,11.520163958333335,15.054480234937829,0.38600520290821694,seasonal-naive,,24
2014-07-05,45.240364125000006,52.681696731993824,1.5158652252583638,seasonal-naive,,24
2014-07-06,10.301080791666667,25.97719728980657,0.3451574817461617,seasonal-naive,,24
2014-07-07,48.62953875,60.28024654955939,1.6294260255686897,seasonal-naive,,24
2014-07-08,23.89636258333333,34.54458881063725,0.8006934902237618,seasonal-naive,,24
2014-07-09,7.356282625000001,9.124519220209647,0.24648636751903716,seasonal-naive,,24
2014-07-10,22.74105929166667,27.523067925958827,0.7619828361798381,seasonal-naive,,24
2014-07-11,14.736658,20.286006105161835,0.49378000886559986,seasonal-naive,,24
2014-07-12,50.490475124999996,59.56707388534532,1.6917802703198275,seasonal-naive,,24
2014-07-13,13.777434708333333,28.592433874862657,0.4616393915381667,seasonal-naive,,24
2014-07-14,43.346284375,53.212006360164516,1.4524004481191268,seasonal-naive,,24
2014-07-15,17.355308125000004,29.115753984992743,0.5815229070137693,seasonal-naive,,24
2014-07-16,11.824169750000001,15.81945729818972,0.3961915004055437,seasonal-naive,,24
2014-07-17,11.160038708333332,14.398199070331554,0.3739385152550375,seasonal-naive,,24
2014-07-18,15.393271,21.99174388985158,0.5157810876014481,seasonal-naive,,24
2014-07-19,43.73955504166667,52.92776106136799,1.465577736570365,seasonal-naive,,24
2014-07-20,9.659648166666669,24.293636390688505,0.3236650506088452,seasonal-naive,,24
2014-07-21,45.171429625,54.096587299998504,1.5135554425368576,seasonal-naive,,24
2014-07-22,15.012115458333332,24.080296495900985,0.5030097396646677,seasonal-naive,,24
2014-07-23,14.111798499999997,19.452157760692675,0.472842892088529,seasonal-naive,,24
2014-07-24,13.105921708333334,17.51414711472094,0.4391390597062571,seasonal-naive,,24
2014-07-25,12.247521749999999,18.5982193476899,0.41037672166217243,seasonal-naive,,24
2014-07-26,48.364110458333336,55.87766972702814,1.6205323412467525,seasonal-naive,,24
2014-07-27,11.635751375,29.088641274740986,0.389878181138859,seasonal-naive,,24
2014-07-28,48.772281291666665,61.80183128707679,1.6342088883785386,seasonal-naive,,24
2014-07-29,19.619123583333334,33.689822663127785,0.6573763886570234,seasonal-naive,,24
2014-07-30,4.950006458333333,6.63041339068165,0.1658594664326613,seasonal-naive,,24
2014-07-31,13.205911333333333,17.150418463658596,0.4424894039918453,seasonal-naive,,24
2014-08-01,11.404439666666667,17.60409371467719,0.3821276384180094,seasonal-naive,,24
2014-08-02,48.430120875,57.07546153699478,1.6227441469442783,seasonal-naive,,24
2014-08-03,9.982453458333334,25.966235140854085,0.33448126143364876,seasonal-naive,,24
2014-08-04,49.08714891666667,63.53772346200816,1.6447591324477158,seasonal-naive,,24
2014-08-05,30.126587458333333,40.44498288926052,1.0094491317004237,seasonal-naive,,24
2014-08-06,12.107980916666667,18.325968628302807,0.4057011382347464,seasonal-naive,,24
2014-08-07,17.11536225,19.24720061316858,0.573483059968071,seasonal-naive,,24
2014-08-08,11.29539808333333,18.109562559541093,0.3784739908959556,seasonal-naive,,24
2014-08-09,50.020331375000005,61.374870575644145,1.6760272016767808,seasonal-naive,,24
2014-08-10,14.670927916666665,31.968144903366458,0.49157759627442277,seasonal-naive,,24
2014-08-11,45.36792508333334,56.110241910204756,1.5201393999821537,seasonal-naive,,24
2014-08-12,19.245488416666664,30.66349889953403,0.6448570253177122,seasonal-naive,,24
2014-08-13,11.549410874999998,18.390215244954486,0.38698517698177937,seasonal-naive,,24
2014-08-14,13.372326999999999,16.198176210723137,0.4480654802882512,seasonal-naive,,24
2014-08-15,7.920149874999999,9.962398948711769,0.2653798219036079,seasonal-naive,,24
2014-08-16,42.373273125000004,48.90991586976996,1.419797838785903,seasonal-naive,,24
2014-08-17,5.2063838333333345,13.780461479791532,0.17444988242117376,seasonal-naive,,24
2014-08-18,40.89516570833333,53.32395193940637,1.370271013008581,seasonal-naive,,24
2014-08-19,22.455437791666665,33.23276094536689,0.7524125396579124,seasonal-naive,,24
2014-08-20,9.865893291666668,11.26895228460369,0.33057568934735604,seasonal-naive,,24
2014-08-21,6.891015000000003,8.713514705014079,0.2308966828023683,seasonal-naive,,24
2014-08-22,8.356589333333334,13.359212170192906,0.2800035635691288,seasonal-naive,,24
2014-08-23,51.675857375,61.089489474922495,1.731498777590209,seasonal-naive,,24
2014-08-24,8.848736041666667,25.014679096714175,0.29649388355918416,seasonal-naive,,24
2014-08-25,50.01657170833334,61.726581694528875,1.6759012268295665,seasonal-naive,,24
2014-08-26,24.761307125000002,33.076133104709314,0.8296751170927861,seasonal-naive,,24
2014-08-27,11.648840333333334,14.516109735192066,0.39031675180812986,seasonal-naive,,24
2014-08-28,15.560244166666669,18.032866803263346,0.5213758440053075,seasonal-naive,,24
2014-08-29,9.343526416666668,11.454770926816469,0.313072784674628,seasonal-naive,,24
2014-08-30,45.90212791666667,54.27059146442349,1.5380388911543967,seasonal-naive,,24
2014-08-31,9.0031755,23.61580353631231,0.3016686740106577,seasonal-naive,,24
2014-09-01,56.88043054166667,70.39731697116636,1.905887990149687,seasonal-naive,,24
2014-09-02,22.939226375,35.89900896062497,0.7686228046289398,seasonal-naive,,24
2014-09-03,19.549354250000004,22.85900193427824,0.6550386332424729,seasonal-naive,,24
2014-09-04,11.278409291666664,15.002801894116644,0.37790474882629627,seasonal-naive,,24
2014-09-05,15.768856666666666,20.377774512868946,0.5283658061866564,seasonal-naive,,24
2014-09-06,60.318627666666664,65.34067377313107,2.0210913834064335,seasonal-naive,,24
2014-09-07,8.498634833333332,22.964175038476775,0.2847630706601747,seasonal-naive,,24
2014-09-08,54.54364370833334,68.19613586216518,1.8275894625404863,seasonal-naive,,24
2014-09-09,17.313809083333332,31.230540027851607,0.5801324019778186,seasonal-naive,,24
2014-09-10,16.99267504166667,22.074738574300067,0.569372189591726,seasonal-naive,,24
2014-09-11,16.323528125,21.4144230384901,0.5469511379228837,seasonal-naive,,24
2014-09-12,11.217413291666666,17.118750904866054,0.3758609607828494,seasonal-naive,,24
2014-09-13,53.208138041666665,64.46048750785896,1.7828407820780143,seasonal-naive,,24
2014-09-14,9.338513875000002,21.97764405533188,0.31290482984602264,seasonal-naive,,24
2014-09-15,59.026989375,72.1277287119257,1.977812563533548,seasonal-naive,,24
2014-09-16,23.896503083333332,30.869249501373595,0.8006981979459092,seasonal-naive,,24
2014-09-17,11.516683166666665,15.480359843232412,0.38588857230309415,seasonal-naive,,24
2014-09-18,13.491671833333333,18.88369222641364,0.45206435797553945,seasonal-naive,,24
2014-09-19,12.204350624999998,14.238456142027546,0.4089301902650783,seasonal-naive,,24
2014-09-20,54.69307095833333,63.43107028957789,1.8325963093323272,seasonal-naive,,24
2014-09-21,9.980085875,23.775523239051402,0.3344019310102025,seasonal-naive,,24
2014-09-22,58.43541154166667,71.92866198361396,1.957990612872277,seasonal-naive,,24
2014-09-23,20.736548541666668,32.32480552647047,0.694817856446564,seasonal-naive,,24
2014-09-24,18.779524583333334,25.530704578394705,0.6292440128046728,seasonal-naive,,24
2014-09-25,8.393634458333334,15.137869525665135,0.28124483157921143,seasonal-naive,,24
2014-09-26,17.167168041666667,22.571144034133443,0.5752189124434732,seasonal-naive,,24
2014-09-27,62.784091125,73.36026261573659,2.103701468292277,seasonal-naive,,24
2014-09-28,7.869876166666667,18.344542174705275,0.2636953048206615,seasonal-naive,,24
2014-09-29,58.084613875,71.51626169112403,1.9462364638001675,seasonal-naive,,24
2014-09-30,19.246046958333334,29.03986313774089,0.6448757403282064,seasonal-naive,,24
2014-10-01,12.379818083333333,16.687198494432177,0.41480956421346327,seasonal-naive,,24
2014-10-02,16.750779291666664,20.93583213227656,0.561267008241955,seasonal-naive,,24
2014-10-03,13.51827325,16.968254878523627,0.4529556894943617,seasonal-naive,,24
2014-10-04,55.71537966666667,66.06254330587694,1.86685072461863,seasonal-naive,,24
2014-10-05,13.790942708333334,29.454585288273694,0.4620920030027035,seasonal-naive,,24
2014-10-06,54.77063854166666,67.90809728283159,1.8351953600795194,seasonal-naive,,24
2014-10-07,25.992369416666673,35.81365370662115,0.8709242218282881,seasonal-naive,,24
2014-10-08,18.858621833333334,26.548692011019302,0.6318943179692661,seasonal-naive,,24
2014-10-09,10.305537791666668,12.862363776011177,0.3453068220850305,seasonal-naive,,24
2014-10-10,14.501168333333334,21.372559765465283,0.48588947563245954,seasonal-naive,,24
2014-10-11,53.057459208333334,60.919052820403536,1.7777919985845527,seasonal-naive,,24
2014-10-12,19.933851416666666,38.40562730572835,0.6679219487381207,seasonal-naive,,24
2014-10-13,68.368984,82.06236174779086,2.2908340225885717,seasonal-naive,,24
2014-10-14,32.90037275,41.53411677215349,1.1023901313429776,seasonal-naive,,24
2014-10-15,21.829878708333336,31.28926973467191,0.7314519819986189,seasonal-naive,,24
2014-10-16,17.317430124999998,20.42332227494814,0.5802537319283588,seasonal-naive,,24
2014-10-17,12.103527458333332,15.75304359124161,0.4055519165662163,seasonal-naive,,24
2014-10-18,46.262950958333334,59.94584439414334,1.5501289596565684,seasonal-naive,,24
2014-10-19,45.109877041666664,54.54737123749853,1.511493005100633,seasonal-naive,,24
2014-10-20,56.557207625,69.58946430776948,1.8950577859977527,seasonal-naive,,24
2014-10-21,40.48337229166667,49.98833106118219,1.3564730842697543,seasonal-naive,,24
2014-10-22,13.240585541666666,15.771501166271673,0.4436512298887509,seasonal-naive,,24
2014-10-23,18.89650275,25.20421319022227,0.6331635907831906,seasonal-naive,,24
2014-10-24,13.205491958333333,15.345875306264459,0.44247535202760635,seasonal-naive,,24
2014-10-25,44.199392708333335,58.2706824774896,1.4809854801119062,seasonal-naive,,24
2014-11-10,60.78375654166666,71.50113535013024,2.0366764190380633,seasonal-naive,,24
2014-11-11,19.84778775,32.1547696995742,0.6650382204131726,seasonal-naive,,24
2014-11-12,7.777128666666669,10.184849156123342,0.2605876218322756,seasonal-naive,,24
2014-11-13,21.5910485,27.74447388753423,0.7234495175057735,seasonal-naive,,24
2014-11-14,18.264539166666665,23.318598672423033,0.6119884380598887,seasonal-naive,,24
2014-11-15,68.71198229166667,77.06248298904548,2.302326838632756,seasonal-naive,,24
2014-11-16,17.034453666666668,37.77366898496058,0.5707720626038358,seasonal-naive,,24
2014-11-17,71.15781,84.514580895976,2.384278990029942,seasonal-naive,,24
2014-11-18,34.800719,48.54504000220029,1.1660648795913735,seasonal-naive,,24
2014-11-19,13.121379499999998,16.657133288064987,0.43965700268262314,seasonal-naive,,24
2014-11-20,11.359458791666663,14.810776608099363,0.38062046787389525,seasonal-naive,,24
2014-11-21,18.143938041666665,24.33887813736122,0.6079474659092353,seasonal-naive,,24
2014-11-22,64.8874785,73.72542836813956,2.174179499110071,seasonal-naive,,24
2014-11-23,11.910928958333331,29.91402839071316,0.399098534188916,seasonal-naive,,24
2014-11-24,61.336063708333334,73.55214704161175,2.0551825306444536,seasonal-naive,,24
2014-11-25,23.17360191666667,33.66197583370356,0.7764760069657279,seasonal-naive,,24
2014-11-26,13.627730500000004,19.61444062493661,0.45662326472582915,seasonal-naive,,24
2014-11-27,15.987356875000001,22.80976393994899,0.5356870750121914,seasonal-naive,,24
2014-11-28,13.776179666666664,21.025374564954312,0.46159733895845056,seasonal-naive,,24
2014-11-29,72.8998155,78.64708692014088,2.442648227562219,seasonal-naive,,24
2014-11-30,8.873940625,22.37394339547852,0.2973384114963723,seasonal-naive,,24
2014-12-01,66.18315479166667,79.19545243350764,2.217593619922681,seasonal-naive,,24
2014-12-02,25.531695749999997,36.485685956948245,0.8554884665022964,seasonal-naive,,24
2014-12-03,9.544062458333332,11.804747475565941,0.3197921296191899,seasonal-naive,,24
2014-12-04,8.651959333333332,12.155098713273556,0.2899005022928633,seasonal-naive,,24
2014-12-05,22.8404915,35.47866379666405,0.7653145031502161,seasonal-naive,,24
2014-12-06,77.59177429166667,82.09537445237675,2.599861311678455,seasonal-naive,,24
2014-12-07,15.719975583333335,32.087493236818055,0.5267279516770592,seasonal-naive,,24
2014-12-08,58.01763079166667,71.84480026798492,1.9439920670392343,seasonal-naive,,24
2014-12-09,23.86280041666667,33.00580874764917,0.799568925417127,seasonal-naive,,24
2014-12-10,18.127228416666664,22.577246256215066,0.6073875778545189,seasonal-naive,,24
2014-12-11,10.758272374999999,14.672193141322316,0.3604765631872598,seasonal-naive,,24
2014-12-12,13.149092541666667,18.69106292718657,0.44058558133049974,seasonal-naive,,24
2014-12-13,64.231562125,73.75605851527119,2.1522017621318095,seasonal-naive,,24
2014-12-14,15.099989125,29.355550750559974,0.5059541155133656,seasonal-naive,,24
2014-12-15,63.383884916666666,79.08347710558726,2.1237987104055636,seasonal-naive,,24
2014-12-16,30.702846125000004,39.85911749633349,1.0287577842820028,seasonal-naive,,24
2014-12-17,11.782112041666666,14.980993352896883,0.3947822761707341,seasonal-naive,,24
2014-12-18,11.910790041666667,14.858110365147343,0.39909387951939074,seasonal-naive,,24
2014-12-19,9.551165208333332,14.456696647684678,0.3200301208895288,seasonal-naive,,24
2014-12-20,56.105727083333335,66.40937260359152,1.8799300639683205,seasonal-naive,,24
2014-12-21,16.803141874999998,32.6040240578255,0.5630215170907428,seasonal-naive,,24
2014-12-22,59.662156333333336,71.82880258255898,1.9990950514841384,seasonal-naive,,24
2014-12-23,18.853887583333336,29.62236034196649,0.6317356878370495,seasonal-naive,,24
2014-12-24,34.64725429166666,47.17977652718817,1.1609227500093886,seasonal-naive,,24
2014-12-25,34.731506208333336,43.82345922310147,1.1637457721734787,seasonal-naive,,24
2014-12-26,52.81180404166667,56.92368669994861,1.7695608507642975,seasonal-naive,,24
2014-12-27,52.478832833333335,63.2842304287236,1.7584040113911625,seasonal-naive,,24
2014-12-28,16.287043458333333,32.37982584104284,0.5457286491448905,seasonal-naive,,24
2014-12-29,47.82057608333333,57.59146740783887,1.6023201788618848,seasonal-naive,,24
2014-12-30,24.923266333333334,34.376098609972836,0.8351018711999044,seasonal-naive,,24
2014-12-31,33.209252791666664,40.047252375334665,1.1127397499412086,seasonal-naive,,24
2014-03-14,41.298100625,51.18888949909064,1.3837721207036855,lstm,42.0,24
2014-03-15,21.309500041666666,22.623447295913408,0.7140156960618661,lstm,42.0,24
2014-03-16,2.003798125,2.567601951748516,0.06714110186498,lstm,42.0,24
2014-03-17,28.65877820833333,37.47148154734415,0.9602673657614971,lstm,42.0,24
2014-03-18,14.516485416666669,18.170240867387694,0.4864027039060701,lstm,42.0,24
2014-03-19,17.094738833333334,23.84233913026744,0.5727920328122189,lstm,42.0,24
2014-03-20,25.302186375,30.050297522471784,0.847798314418816,lstm,42.0,24
2014-03-21,40.79669475,44.68752812785238,1.3669715545642827,lstm,42.0,24
2014-03-22,46.43107791666667,48.30737508203813,1.5557623760645751,lstm,42.0,24
2014-03-23,2.3888191666666665,2.9716468512281766,0.08004197079792322,lstm,42.0,24
2014-03-24,20.833305749999997,27.13285331445516,0.6980598924080854,lstm,42.0,24
2014-03-25,21.60425091666667,26.062406689982488,0.7238918898142518,lstm,42.0,24
2014-03-26,17.14341125,23.91082115095807,0.5744228955446767,lstm,42.0,24
2014-03-27,27.20859808333333,31.67692669555991,0.9116762974894902,lstm,42.0,24
2014-03-28,26.057695874999997,32.31899995897013,0.8731131101892032,lstm,42.0,24
2014-03-29,38.877838875,40.64609544974174,1.3026766058066126,lstm,42.0,24
2014-04-14,25.759855791666666,32.11688383183355,0.8631334065828047,lstm,42.0,24
2014-04-15,30.163203874999997,38.72314206441663,1.0106760350150215,lstm,42.0,24
2014-04-16,18.201931833333333,24.062565636690305,0.6098906592006395,lstm,42.0,24
2014-04-17,37.557288541666665,47.24872529029197,1.2584290324897314,lstm,42.0,24
2014-04-18,14.948650125,20.751803584616383,0.500883211868746,lstm,42.0,24
2014-04-19,64.36526533333334,72.54324052267636,2.156681744730048,lstm,42.0,24
2014-04-20,2.382028041666667,2.8791336545437223,0.07981442112127962,lstm,42.0,24
2014-04-21,33.389436958333334,42.66978981280881,1.1187771662546027,lstm,42.0,24
2014-04-22,24.6012415,29.470578003913236,0.8243118111294138,lstm,42.0,24
2014-04-23,21.88428029166667,25.973951961772357,0.733274811455653,lstm,42.0,24
2014-04-24,19.601388958333335,23.472990811387096,0.6567821560101283,lstm,42.0,24
2014-04-25,14.305615625000002,17.197985662918292,0.479337106835238,lstm,42.0,24
2014-04-26,20.405656833333335,22.00580562299165,0.683730694711903,lstm,42.0,24
2014-04-27,2.5752324583333333,3.0718672338767954,0.08628810589937107,lstm,42.0,24
2014-04-28,24.059050583333335,30.313822761493093,0.806144663894368,lstm,42.0,24
2014-04-29,26.347773250000003,35.09291770550567,0.8828327093547137,lstm,42.0,24
2014-04-30,24.53242575,28.763775510151945,0.8220060073545624,lstm,42.0,24
2014-05-01,23.700189708333337,30.264398647184308,0.7941203415521507,lstm,42.0,24
2014-05-02,15.704453958333334,20.667961549901563,0.5262078698423509,lstm,42.0,24
2014-05-03,61.88927291666666,76.69381533619774,2.0737188668880826,lstm,42.0,24
2014-05-04,8.417477791666668,9.061612550974129,0.2820437482226403,lstm,42.0,24
2014-05-05,22.31755825,28.159600533737688,0.747792620996127,lstm,42.0,24
2014-05-06,17.487076583333334,22.35083915999379,0.5859380621000879,lstm,42.0,24
2014-05-07,20.919996208333334,26.99206511737371,0.7009646225907631,lstm,42.0,24
2014-05-08,38.450896666666665,43.28432149471839,1.288371087729452,lstm,42.0,24
2014-05-09,17.198638083333332,23.762749176827775,0.5762733765867795,lstm,42.0,24
2014-05-10,17.995744708333334,20.774924307819532,0.6029819638634422,lstm,42.0,24
2014-05-11,8.184530541666668,9.602504901682407,0.27423840353931944,lstm,42.0,24
2014-05-12,16.748007625,21.824426033235955,0.5611741382309092,lstm,42.0,24
2014-05-13,29.750395875,34.75316674025341,0.9968441107144242,lstm,42.0,24
2014-05-14,14.633073708333333,18.578947586492337,0.49030921837446517,lstm,42.0,24
2014-05-15,12.983159291666668,16.024810037733555,0.43502566933036396,lstm,42.0,24
2014-05-16,17.41638525,24.262862837334627,0.5835694133060361,lstm,42.0,24
2014-05-17,34.42879658333333,39.97107095490932,1.1536029052279198,lstm,42.0,24
2014-05-18,52.351700666666666,59.85818589345814,1.7541442041551008,lstm,42.0,24
2014-05-19,44.15889991666666,54.442770973010504,1.4796286914133994,lstm,42.0,24
2014-05-20,20.206335083333332,23.512676529439805,0.6770520369400996,lstm,42.0,24
2014-05-21,16.09461029166667,21.137685311662715,0.5392808065782312,lstm,42.0,24
2014-05-22,24.762571791666662,28.425377384843056,0.8297174921765992,lstm,42.0,24
2014-05-23,21.399277124999998,26.153278111720567,0.7170238495390154,lstm,42.0,24
2014-05-24,24.968383916666667,28.65707123112587,0.8366136224190972,lstm,42.0,24
2014-05-25,5.415614125,6.7016564199855875,0.18146054489797944,lstm,42.0,24
2014-05-26,34.70776704166666,43.981241939080924,1.1629503458341328,lstm,42.0,24
2014-05-27,24.438216291666663,29.263341993568623,0.8188493386464294,lstm,42.0,24
2014-05-28,22.841030333333332,27.117964838747035,0.7653325577951777,lstm,42.0,24
2014-05-29,13.954579416666668,16.822218060958082,0.46757496496677775,lstm,42.0,24
2014-05-30,13.561842083333334,18.870435578244095,0.4544155468724455,lstm,42.0,24
2014-05-31,29.567779666666667,31.882809525691616,0.9907252041774173,lstm,42.0,24
2014-06-01,2.159836916666667,2.735063279201568,0.07236948104922546,lstm,42.0,24
2014-06-02,20.21846775,28.275356201534134,0.677458565221765,lstm,42.0,24
2014-06-03,28.94345070833333,38.11288435136337,0.969805864217103,lstm,42.0,24
2014-06-04,20.861991624999998,26.123398950128244,0.6990210677038559,lstm,42.0,24
2014-06-05,21.139953666666667,26.71061143805909,0.7083347193743003,lstm,42.0,24
2014-06-06,15.614575958333333,19.39979699499997,0.5231963349586056,lstm,42.0,24
2014-06-07,83.60543375,91.74872445347283,2.801360513237623,lstm,42.0,24
2014-06-08,2.161433458333334,2.5921621201767313,0.0724229762418479,lstm,42.0,24
2014-06-09,22.94793254166667,30.77297655270919,0.7689145214519707,lstm,42.0,24
2014-06-10,35.465614583333334,38.475175639420826,1.1883434821777286,lstm,42.0,24
2014-06-11,19.42554575,22.774728404940646,0.6508901918368545,lstm,42.0,24
2014-06-12,27.808146958333335,32.122392226928284,0.9317653331998162,lstm,42.0,24
2014-06-13,17.498674708333333,23.315448069236986,0.5863266795373199,lstm,42.0,24
2014-06-14,34.955261791666665,38.08892578273247,1.1712431324244974,lstm,42.0,24
2014-06-15,3.281411833333333,4.10621307248393,0.10995000115731922,lstm,42.0,24
2014-06-16,20.053503250000002,26.25940211794837,0.6719311130496031,lstm,42.0,24
2014-06-17,43.33328004166666,49.97038494089275,1.451964712972893,lstm,42.0,24
2014-06-18,13.126841625000003,19.20733777434424,0.4398400216636517,lstm,42.0,24
2014-06-19,14.852694041666666,17.893578874627522,0.49766801913786757,lstm,42.0,24
2014-06-20,15.484458833333333,19.360442533186053,0.5188365109648572,lstm,42.0,24
2014-06-21,46.14882670833333,49.21765899964801,1.5463050076332006,lstm,42.0,24
2014-06-22,1.976255,2.4713213230345694,0.06621821660112395,lstm,42.0,24
2014-06-23,16.119041833333334,20.267344982052425,0.540099432270757,lstm,42.0,24
2014-06-24,24.48031370833333,30.023795889429955,0.8202598933851555,lstm,42.0,24
2014-06-25,20.891352875000003,24.415557831698717,0.7000048727351803,lstm,42.0,24
2014-06-26,17.488541041666668,22.378433846130036,0.5859871315871329,lstm,42.0,24
2014-06-27,17.594675583333334,22.6459458638391,0.5895433730989541,lstm,42.0,24
2014-06-28,41.17791295833333,42.78909110611829,1.3797450022679993,lstm,42.0,24
2014-06-29,3.2103161666666673,3.4887942223775665,0.10756780439893805,lstm,42.0,24
2014-06-30,15.474267708333334,20.890621256955146,0.5184950377629378,lstm,42.0,24
2014-07-01,35.819214,46.088649330869934,1.2001915092607034,lstm,42.0,24
2014-07-02,16.314554125,22.505967112063043,0.5466504468299942,lstm,42.0,24
2014-07-03,16.32752495833333,19.899067874613756,0.5470850594944346,lstm,42.0,24
2014-07-04,14.626946125000002,20.208093621435733,0.49010390193483166,lstm,42.0,24
2014-07-05,48.467829916666666,51.33390199032893,1.6240076607564655,lstm,42.0,24
2014-07-06,2.582802833333334,2.981112313190289,0.08654176584280032,lstm,42.0,24
2014-07-07,19.157940875,27.3535797425891,0.6419235769130381,lstm,42.0,24
2014-07-08,31.18960658333333,39.7635186337984,1.0450676276285236,lstm,42.0,24
2014-07-09,15.37964325,19.724825942938036,0.5153244636833374,lstm,42.0,24
2014-07-10,18.933262916666667,22.380788323042587,0.6343953107174232,lstm,42.0,24
2014-07-11,22.482421333333335,27.952845811733525,0.7533166750082336,lstm,42.0,24
2014-07-12,30.505105416666666,32.41116391347921,1.0221321023455743,lstm,42.0,24
2014-07-13,2.4695203333333344,2.880055121629967,0.08274601826866804,lstm,42.0,24
2014-07-14,21.509039208333334,29.013971136631373,0.7207016387963519,lstm,42.0,24
2014-07-15,34.273874875,38.85812274165562,1.1484119560646626,lstm,42.0,24
2014-07-16,15.114085208333334,20.61991239486495,0.5064264318386343,lstm,42.0,24
2014-07-17,15.829946583333331,18.68450820292992,0.5304127410882647,lstm,42.0,24
2014-07-18,22.152499000000002,25.29476518622524,0.7422619940433709,lstm,42.0,24
2014-07-19,32.83283041666667,33.61952438469043,1.1001269958374826,lstm,42.0,24
2014-07-20,3.7023795833333337,4.3377067873898625,0.12405533354184846,lstm,42.0,24
2014-07-21,20.294836333333333,27.32311584571418,0.6800174411728379,lstm,42.0,24
2014-07-22,20.932798333333334,24.832178452235894,0.7013935823587104,lstm,42.0,24
2014-07-23,27.69384475,32.74639833978078,0.9279354183409526,lstm,42.0,24
2014-07-24,14.442726125,18.053658875234504,0.48393125728003805,lstm,42.0,24
2014-07-25,14.959741250000002,18.509991536182742,0.5012548412979443,lstm,42.0,24
2014-07-26,32.122591541666665,32.60831537311638,1.076329079241047,lstm,42.0,24
2014-07-27,3.2472869166666674,3.7440052911947905,0.1088065803319052,lstm,42.0,24
2014-07-28,24.387200958333334,33.55305738821108,0.8171399719945323,lstm,42.0,24
2014-07-29,20.980320041666666,26.217507343981847,0.7029858884000219,lstm,42.0,24
2014-07-30,19.493823833333334,22.317412230098,0.65317798005815,lstm,42.0,24
2014-07-31,19.073477416666666,22.864288351732355,0.6390934666394161,lstm,42.0,24
2014-08-01,35.457283958333335,40.54203804202006,1.1880643485989786,lstm,42.0,24
2014-08-02,28.5927745,29.463554966434582,0.9580557848395544,lstm,42.0,24
2014-08-03,3.1567305416666667,3.615027915758748,0.10577231519184856,lstm,42.0,24
2014-08-04,24.319202166666667,28.947005778050414,0.8148615419765446,lstm,42.0,24
2014-08-05,38.16394066666667,44.51651684076188,1.278756076223856,lstm,42.0,24
2014-08-06,11.109421916666669,13.47899718688403,0.3722425025065627,lstm,42.0,24
2014-08-07,18.04738025,21.896571511692823,0.6047121117858507,lstm,42.0,24
2014-08-08,18.441259624999997,22.444814541014335,0.6179097961780294,lstm,42.0,24
2014-08-09,56.15029320833333,62.78135548503248,1.8814233375176967,lstm,42.0,24
2014-08-10,2.3333171666666677,2.7795678912535737,0.07818226976855427,lstm,42.0,24
2014-08-11,19.97813316666667,26.514390393487947,0.66940569375735,lstm,42.0,24
2014-08-12,36.012710625000004,43.26480432045282,1.2066749850398093,lstm,42.0,24
2014-08-13,19.267878166666666,21.26247250420538,0.6456072368618424,lstm,42.0,24
2014-08-14,20.8141655,23.59448858415163,0.6974185615978917,lstm,42.0,24
2014-08-15,22.62651975,27.197564397054364,0.7581449690121512,lstm,42.0,24
2014-08-16,23.559846375000003,24.53007423046509,0.7894178688220675,lstm,42.0,24
2014-08-17,2.260799833333333,2.716814287823194,0.07575243734004547,lstm,42.0,24
2014-08-18,25.959615208333332,32.90117620593373,0.8698267292162439,lstm,42.0,24
2014-08-19,27.31269166666667,32.58959113095215,0.9151641527753487,lstm,42.0,24
2014-08-20,14.13603383333333,19.38826828197369,0.47365494344428377,lstm,42.0,24
2014-08-21,18.28743375,21.651919677494963,0.6127555650137277,lstm,42.0,24
2014-08-22,20.30098320833333,27.116144656489734,0.6802234040167877,lstm,42.0,24
2014-08-23,49.234755041666666,53.54072433681373,1.649704958951331,lstm,42.0,24
2014-08-24,3.114071833333334,3.524722848476317,0.10434295329860058,lstm,42.0,24
2014-08-25,21.273586375,27.38819877512541,0.7128123397347353,lstm,42.0,24
2014-08-26,20.207064,24.412724741619567,0.6770764606919523,lstm,42.0,24
2014-08-27,23.608469333333336,27.277470796704208,0.7910470743581467,lstm,42.0,24
2014-08-28,14.708122916666667,18.426523099496343,0.49282388613402034,lstm,42.0,24
2014-08-29,17.560569916666665,23.174275446974406,0.5884005972817345,lstm,42.0,24
2014-08-30,61.371647208333336,67.71789250450398,2.0563748241037625,lstm,42.0,24
2014-08-31,2.5462253333333336,2.859579052755318,0.08531616650580806,lstm,42.0,24
2014-09-01,14.565263208333334,17.9179587602921,0.48803709743013846,lstm,42.0,24
2014-09-02,16.30855945833333,20.547417115210056,0.5464495840183707,lstm,42.0,24
2014-09-03,24.633085750000003,28.381489425933655,0.8253788138411086,lstm,42.0,24
2014-09-04,17.447196375,20.844090246449884,0.5846017991818336,lstm,42.0,24
2014-09-05,21.117319249999998,24.634958784769598,0.7075763098039394,lstm,42.0,24
2014-09-06,26.293200791666667,26.953875746030103,0.8810041544028615,lstm,42.0,24
2014-09-07,4.077648166666667,4.589397739856124,0.13662942764142752,lstm,42.0,24
2014-09-08,20.903915166666664,26.97670771320361,0.7004257964270062,lstm,42.0,24
2014-09-09,16.173846583333333,21.478541155771737,0.5419357706007146,lstm,42.0,24
2014-09-10,12.348278708333332,17.317458903273973,0.41375277692375917,lstm,42.0,24
2014-09-11,16.906453583333334,20.516339401025256,0.5664831741541526,lstm,42.0,24
2014-09-12,23.892117875,32.76864352216407,0.8005512631246147,lstm,42.0,24
2014-09-13,60.534047583333326,69.86051542072192,2.0283094411479845,lstm,42.0,24
2014-09-14,2.930473625000001,3.5030722443424285,0.09819114296694048,lstm,42.0,24
2014-09-15,17.061496875,22.647533699434142,0.5716781972003356,lstm,42.0,24
2014-09-16,20.293261541666663,24.52926621545558,0.679964674755708,lstm,42.0,24
2014-09-17,12.227654666666666,17.475257817766106,0.40971103690620764,lstm,42.0,24
2014-09-18,11.44229525,14.743683946637713,0.3833960623899809,lstm,42.0,24
2014-09-19,30.631284958333335,35.48428503216412,1.0263599900527345,lstm,42.0,24
2014-09-20,27.48199520833333,28.220339749483582,0.9208369928660355,lstm,42.0,24
2014-09-21,2.7875593750000003,3.6075504821332656,0.09340252673984062,lstm,42.0,24
2014-09-22,17.983987791666667,23.994167506707335,0.6025880258066657,lstm,42.0,24
2014-09-23,18.656407208333334,22.959398520753435,0.6251187288685858,lstm,42.0,24
2014-09-24,21.73374729166667,25.519334959767743,0.7282309143879078,lstm,42.0,24
2014-09-25,13.149871583333335,16.45073662462885,0.44061168461667727,lstm,42.0,24
2014-09-26,38.54301104166667,48.35033566384106,1.2914575566496203,lstm,42.0,24
2014-09-27,13.607615208333334,14.982160937769457,0.45594926327329477,lstm,42.0,24
2014-09-28,3.388562916666667,3.981640336019158,0.11354030384862766,lstm,42.0,24
2014-09-29,21.253280291666666,26.615033438102028,0.7121319454412423,lstm,42.0,24
2014-09-30,13.789862541666665,17.38822839110048,0.4620558099454822,lstm,42.0,24
2014-10-01,14.134113625,17.278482991818745,0.4735906031788141,lstm,42.0,24
2014-10-02,17.0229525,20.4895251867347,0.5703866939416443,lstm,42.0,24
2014-10-03,40.084187416666666,47.534096475990836,1.3430976289177663,lstm,42.0,24
2014-10-04,50.06690254166667,52.55444842157107,1.6775876579952724,lstm,42.0,24
2014-10-05,1.920092375,2.3361094031756,0.0643363800632593,lstm,42.0,24
2014-10-06,17.951043291666668,21.282347332090698,0.6014841571071226,lstm,42.0,24
2014-10-07,16.904927333333333,21.30863824051565,0.5664320342187255,lstm,42.0,24
2014-10-08,16.725164250000002,21.041716703959537,0.5604087271105576,lstm,42.0,24
2014-10-09,12.511589666666666,17.262915662680555,0.4192248240089045,lstm,42.0,24
2014-10-10,15.90300341666667,21.105120095462397,0.5328606504996813,lstm,42.0,24
2014-10-11,39.875409041666664,42.29595107388778,1.3361021087761953,lstm,42.0,24
2014-10-12,3.7769777083333334,8.825574014361484,0.12655488688860164,lstm,42.0,24
2014-10-13,16.730074833333333,22.334108996545144,0.5605732656295263,lstm,42.0,24
2014-10-14,25.51108583333333,31.665915187107156,0.8547978916898533,lstm,42.0,24
2014-10-15,15.034428583333336,19.382084668779903,0.5037573837411143,lstm,42.0,24
2014-10-16,13.3625515,17.362891769357713,0.4477379333996239,lstm,42.0,24
2014-10-17,39.221149000000004,47.303078640139795,1.3141798704251002,lstm,42.0,24
2014-10-18,32.85973058333334,37.546200789923816,1.1010283375484156,lstm,42.0,24
2014-10-19,6.239445166666667,7.785285486288364,0.20906458504452577,lstm,42.0,24
2014-10-20,52.54750391666667,66.00574178868013,1.7607049678317033,lstm,42.0,24
2014-10-21,24.925585416666667,31.46573598461163,0.8351795765377695,lstm,42.0,24
2014-10-22,19.846206791666663,24.846719622516165,0.6649852473700409,lstm,42.0,24
2014-10-23,25.724897125000002,31.423192421465487,0.8619620493635087,lstm,42.0,24
2014-10-24,16.333367833333334,21.92424489513171,0.547280836234948,lstm,42.0,24
2014-10-25,59.76494879166666,82.31198231840915,2.002539310079754,lstm,42.0,24
2014-11-10,59.82980379166667,71.21378067238696,2.0047124013243893,lstm,42.0,24
2014-11-11,16.840458416666667,22.888084817189057,0.5642718794371446,lstm,42.0,24
2014-11-12,17.095937833333334,22.78727206078177,0.5728322076083382,lstm,42.0,24
2014-11-13,20.89569225,25.195173827285725,0.7001502718226783,lstm,42.0,24
2014-11-14,46.18628533333333,53.32365376439049,1.5475601307543716,lstm,42.0,24
2014-11-15,26.282461833333333,29.730956654670436,0.8806443249937077,lstm,42.0,24
2014-11-16,1.7326823333333337,2.0315846747255786,0.058056846940100104,lstm,42.0,24
2014-11-17,20.075853874999996,26.5616815057488,0.6726800136355194,lstm,42.0,24
2014-11-18,19.342175208333334,23.47531084999826,0.6480967018336735,lstm,42.0,24
2014-11-19,15.116651416666665,18.05641740890456,0.5065124175739064,lstm,42.0,24
2014-11-20,11.329121958333333,16.44052548908448,0.37960397405064944,lstm,42.0,24
2014-11-21,19.27902445833333,24.478249837657625,0.645980714756083,lstm,42.0,24
2014-11-22,20.01333825,20.75740351473564,0.6705853076399853,lstm,42.0,24
2014-11-23,2.393996083333334,3.138178698811024,0.0802154333263719,lstm,42.0,24
2014-11-24,13.88836025,22.282573799434054,0.4653561646998692,lstm,42.0,24
2014-11-25,14.451179083333331,17.936974315553705,0.48421448987190335,lstm,42.0,24
2014-11-26,16.68691741666667,21.947171371059014,0.5591271935564496,lstm,42.0,24
2014-11-27,19.952637083333336,26.553845601465845,0.6685513985532154,lstm,42.0,24
2014-11-28,19.922911083333336,25.31136224178079,0.6675553718731134,lstm,42.0,24
2014-11-29,30.54501833333333,31.377338338959785,1.0234694612193105,lstm,42.0,24
2014-11-30,2.7282548333333327,3.410452635248118,0.09141541425409674,lstm,42.0,24
2014-12-01,14.217020083333333,19.52711013369766,0.47636854317924354,lstm,42.0,24
2014-12-02,18.718012541666667,24.891248081375096,0.6271829337947977,lstm,42.0,24
2014-12-03,19.456821916666666,25.7991029040433,0.6519381598262011,lstm,42.0,24
2014-12-04,11.499757583333329,17.13934151623188,0.38532144814995234,lstm,42.0,24
2014-12-05,41.28252820833333,49.37467671647819,1.3832503369967064,lstm,42.0,24
2014-12-06,53.80919945833333,56.70764948965663,1.8029804983997502,lstm,42.0,24
2014-12-07,2.031531083333334,2.5966085333686233,0.06807034785899731,lstm,42.0,24
2014-12-08,16.481000749999996,24.955654817758564,0.5522275604447736,lstm,42.0,24
2014-12-09,8.380166416666667,11.03894355876898,0.280793558995321,lstm,42.0,24
2014-12-10,20.416420125000002,26.68516357531305,0.6840913394560906,lstm,42.0,24
2014-12-11,14.689943916666664,18.69199515984945,0.49221476384990615,lstm,42.0,24
2014-12-12,23.99084933333333,29.156470447640796,0.8038594501213642,lstm,42.0,24
2014-12-13,39.802543291666666,42.63360015857321,1.333660601978589,lstm,42.0,24
2014-12-14,2.051232166666667,3.102741376190134,0.06873047046637511,lstm,42.0,24
2014-12-15,15.435806375,22.300456176372712,0.5172063169746617,lstm,42.0,24
2014-12-16,25.565168458333332,28.334589113316675,0.8566100338357847,lstm,42.0,24
2014-12-17,10.88816629166667,13.872130047270977,0.364828908157419,lstm,42.0,24
2014-12-18,15.993704583333335,20.936943790509222,0.5358997671624136,lstm,42.0,24
2014-12-19,26.855108708333333,34.47327544532634,0.8998319575637489,lstm,42.0,24
2014-12-20,31.181208833333333,33.43415680662068,1.0447862448978225,lstm,42.0,24
2014-12-21,1.8727996666666666,2.7012018840997434,0.0627517471064443,lstm,42.0,24
2014-12-22,14.662748083333332,18.0313116206143,0.49130351525986354,lstm,42.0,24
2014-12-23,14.51927945833333,17.937161059653942,0.48649632363443285,lstm,42.0,24
2014-12-24,42.14688020833333,54.39317574743584,1.4122121096199836,lstm,42.0,24
2014-12-25,23.682169291666664,29.10820334604014,0.7935165329069727,lstm,42.0,24
2014-12-26,61.81492037499999,66.68742964676635,2.0712275422822355,lstm,42.0,24
2014-12-27,106.75868475,120.20649586874879,3.5771546236829805,lstm,42.0,24
2014-12-28,2.0241703749999993,2.8542504999507674,0.0678237131996267,lstm,42.0,24
2014-12-29,25.104636749999997,34.13325066720903,0.8411790350961977,lstm,42.0,24
2014-12-30,16.206056041666667,19.455531923306943,0.5430150103185251,lstm,42.0,24
2014-12-31,39.080133625,47.00059231418278,1.3094548796491938,lstm,42.0,24
2014-03-14,8.460938791666665,10.615030286647814,0.283499992437937,chronos2,,24
2014-03-15,3.742652708333333,6.988567923800494,0.12540476188710456,chronos2,,24
2014-03-16,1.497491291666667,1.9150753504546172,0.05017631971070547,chronos2,,24
2014-03-17,7.273555833333333,11.295672656188252,0.24371444759509034,chronos2,,24
2014-03-18,7.214507125000002,10.801034386521012,0.24173590729617492,chronos2,,24
2014-03-19,13.604365416666669,17.320238947441148,0.455840372766507,chronos2,,24
2014-03-20,13.538720875000001,17.874579661732376,0.4536408264130431,chronos2,,24
2014-03-21,21.141515541666667,26.726660555379787,0.7083870529937238,chronos2,,24
2014-03-22,1.9204765416666667,4.174990884648138,0.06434925230471816,chronos2,,24
2014-03-23,1.1944085416666665,1.5707256465195067,0.04002095049592077,chronos2,,24
2014-03-24,13.730852208333333,20.38552533267883,0.460078555474591,chronos2,,24
2014-03-25,12.291931750000002,15.138469873305175,0.41186476394378896,chronos2,,24
2014-03-26,9.189083291666664,11.970329162124665,0.30789787136445057,chronos2,,24
2014-03-27,22.675164916666663,31.132562566780074,0.7597749186810608,chronos2,,24
2014-03-28,12.9334895,17.67991701351537,0.4333613876343702,chronos2,,24
2014-03-29,5.821203499999999,10.830213272738034,0.1950505953139756,chronos2,,24
2014-04-14,8.389855458333335,10.865562323507849,0.28111820893155937,chronos2,,24
2014-04-15,10.606838208333334,13.320216083191895,0.35540247080083,chronos2,,24
2014-04-16,11.990384375,15.47247453137185,0.401760840415069,chronos2,,24
2014-04-17,11.731540291666668,14.745898006021942,0.3930877726297448,chronos2,,24
2014-04-18,16.736680625,21.306037514479293,0.5607946053571451,chronos2,,24
2014-04-19,4.1640550833333325,7.395226972070796,0.1395246572163905,chronos2,,24
2014-04-20,2.0435491666666663,2.3210249219214734,0.06847303680617109,chronos2,,24
2014-04-21,5.4444491249999984,9.479979006972822,0.18242671691307533,chronos2,,24
2014-04-22,15.053671583333333,21.972685639078044,0.5044021573872558,chronos2,,24
2014-04-23,15.327714,18.85556236519861,0.5135844744995357,chronos2,,24
2014-04-24,8.772985083333332,12.289838038239626,0.2939557023190813,chronos2,,24
2014-04-25,9.325274875,12.478712169990446,0.3124612317427503,chronos2,,24
2014-04-26,3.9942773333333332,8.36110173361618,0.1338359278653951,chronos2,,24
2014-04-27,2.0753249583333333,2.3960176069305863,0.0695377456900224,chronos2,,24
2014-04-28,7.3903454166666664,11.770638785300482,0.24762770672709591,chronos2,,24
2014-04-29,12.838608458333333,16.03666843742705,0.43018221623775205,chronos2,,24
2014-04-30,6.787322125,7.691281569944909,0.22742225401825722,chronos2,,24
2014-05-01,14.157497833333336,20.17338276438194,0.4743741359579659,chronos2,,24
2014-05-02,14.693402125,17.34189228613813,0.4923306377571037,chronos2,,24
2014-05-03,18.53772633333333,24.016134357637092,0.6211420983795238,chronos2,,24
2014-05-04,4.448783083333335,4.815926264574536,0.14906501530601204,chronos2,,24
2014-05-05,10.421211875000001,16.236152151998436,0.3491827042486699,chronos2,,24
2014-05-06,13.651146541666668,17.82246750591969,0.4574078641419086,chronos2,,24
2014-05-07,10.721769041666668,14.533757178425825,0.3592534489467749,chronos2,,24
2014-05-08,17.838577333333337,21.833198641670958,0.5977157693286378,chronos2,,24
2014-05-09,16.305080083333333,20.547267312338786,0.5463330008813836,chronos2,,24
2014-05-10,6.2645282500000015,8.710741891072832,0.2099050418910313,chronos2,,24
2014-05-11,1.534759541666667,2.05476472407371,0.05142506395213425,chronos2,,24
2014-05-12,9.209719250000001,12.663144232291126,0.3085893187529144,chronos2,,24
2014-05-13,11.519209791666668,17.417732700743425,0.3859732317228148,chronos2,,24
2014-05-14,10.501084749999999,14.45923276874609,0.3518589982174666,chronos2,,24
2014-05-15,12.530225083333335,17.280219520338317,0.41984923940938956,chronos2,,24
2014-05-16,14.613675499999998,20.058661499389753,0.48965924417523965,chronos2,,24
2014-05-17,28.457350375,44.48022757341868,0.9535181396256182,chronos2,,24
2014-05-18,21.21974954166667,26.7828784724377,0.7110084333103188,chronos2,,24
2014-05-19,8.890672916666665,12.277449099737762,0.29789905904125713,chronos2,,24
2014-05-20,17.734884,24.900986618501268,0.5942413251871888,chronos2,,24
2014-05-21,13.787061833333334,18.63159811140721,0.461961966837658,chronos2,,24
2014-05-22,14.298804791666663,21.66394246181868,0.4791088967930617,chronos2,,24
2014-05-23,8.207211749999999,10.952683198805733,0.27499838095427437,chronos2,,24
2014-05-24,25.87141425,30.47064987614132,0.8668713868321167,chronos2,,24
2014-05-25,3.176670333333334,3.6970505802482947,0.10644043618006346,chronos2,,24
2014-05-26,9.230714166666667,13.474311029870409,0.3092927937292489,chronos2,,24
2014-05-27,21.696262458333333,26.917659033451,0.7269749131062291,chronos2,,24
2014-05-28,11.366974791666665,13.82420829333761,0.3808723058785931,chronos2,,24
2014-05-29,12.075686875,13.939156809582235,0.4046190643900203,chronos2,,24
2014-05-30,13.517366083333334,17.442579289704558,0.45292529313416197,chronos2,,24
2014-05-31,22.934189125,28.051091834633265,0.7684540219002058,chronos2,,24
2014-06-01,3.160331083333333,3.6059171886425796,0.10589295825054527,chronos2,,24
2014-06-02,8.860534875,11.753626689185745,0.2968892261143237,chronos2,,24
2014-06-03,8.722605791666666,12.263248153002351,0.29226764746391615,chronos2,,24
2014-06-04,18.203186125,23.557525638068373,0.6099326866501661,chronos2,,24
2014-06-05,9.105374125,15.986302851398456,0.305093035080756,chronos2,,24
2014-06-06,16.229491333333335,21.150744297182325,0.5438002547427992,chronos2,,24
2014-06-07,19.301814291666663,21.042321528714474,0.6467443318601359,chronos2,,24
2014-06-08,1.8016965416666668,2.361850504473179,0.06036930044229074,chronos2,,24
2014-06-09,7.868739541666668,13.951954200991356,0.26365722001862724,chronos2,,24
2014-06-10,13.158636291666667,16.135991520184106,0.44090536299060284,chronos2,,24
2014-06-11,13.581291166666666,19.611315456355875,0.45506722573618524,chronos2,,24
2014-06-12,4.839187666666667,7.707096218329214,0.1621462701345833,chronos2,,24
2014-06-13,15.304447666666666,20.929567837037602,0.5128048913484846,chronos2,,24
2014-06-14,7.097943708333333,9.896074823277257,0.23783022631239473,chronos2,,24
2014-06-15,2.4568409583333333,2.8620680218353844,0.08232117147505236,chronos2,,24
2014-06-16,12.480191708333335,16.316081708690227,0.41817277515602386,chronos2,,24
2014-06-17,11.106791666666668,13.784604753841041,0.37215437093234016,chronos2,,24
2014-06-18,14.794711708333336,20.272499781798214,0.49572520977991275,chronos2,,24
2014-06-19,10.778302666666669,12.61629369525522,0.3611477165516623,chronos2,,24
2014-06-20,9.548321708333333,12.889694916821355,0.31993484396478716,chronos2,,24
2014-06-21,5.027680541666666,6.266204586388641,0.16846208566674822,chronos2,,24
2014-06-22,1.2234893749999998,1.6323953454549165,0.04099535962865306,chronos2,,24
2014-06-23,18.853808875000002,26.57032323481241,0.6317330505632842,chronos2,,24
2014-06-24,17.908294541666667,21.3800108619646,0.600051778195025,chronos2,,24
2014-06-25,15.959643708333333,19.79536865270807,0.5347584921759498,chronos2,,24
2014-06-26,8.720875249999999,13.376692391492394,0.29220966234412105,chronos2,,24
2014-06-27,16.310462166666664,20.96728567815774,0.5465133379127545,chronos2,,24
2014-06-28,7.580586958333334,10.682332368500136,0.25400211469196643,chronos2,,24
2014-06-29,2.209265708333334,2.6421063253129837,0.07402568757769228,chronos2,,24
2014-06-30,14.523414458333335,19.712690926785996,0.4866348747453198,chronos2,,24
2014-07-01,7.595068458333334,10.2502492930011,0.2544873451423431,chronos2,,24
2014-07-02,12.492138833333334,18.051571382923736,0.4185730865080562,chronos2,,24
2014-07-03,16.631979125000004,19.69914144187424,0.5572863806566574,chronos2,,24
2014-07-04,10.451657916666667,12.938684282234421,0.35020285730671663,chronos2,,24
2014-07-05,5.362454541666668,7.430422778603733,0.1796793310345903,chronos2,,24
2014-07-06,1.3265633333333338,1.646165149039959,0.044449050422023316,chronos2,,24
2014-07-07,11.414244666666669,16.237646362440174,0.3824561737607532,chronos2,,24
2014-07-08,7.787589458333334,11.942967854287524,0.2609381307334055,chronos2,,24
2014-07-09,8.697316541666668,11.542982074999873,0.2914202826075692,chronos2,,24
2014-07-10,21.674469208333335,25.37430443482167,0.7262446884394009,chronos2,,24
2014-07-11,13.420562666666664,17.483491368155278,0.449681708873749,chronos2,,24
2014-07-12,7.023160375000001,10.403809831811936,0.23532446720498162,chronos2,,24
2014-07-13,1.9785892500000006,2.3925118059198622,0.06629643012726365,chronos2,,24
2014-07-14,5.128890875,8.32502788818451,0.1718533321278267,chronos2,,24
2014-07-15,6.696550916666671,9.287768487918553,0.22438079047505952,chronos2,,24
2014-07-16,9.902817541666666,11.614356812234382,0.3318129072085804,chronos2,,24
2014-07-17,12.141034708333331,15.451665086354797,0.40680866896133355,chronos2,,24
2014-07-18,11.091687958333333,15.26710488267566,0.37164829219761364,chronos2,,24
2014-07-19,6.563102791666668,7.229747954961285,0.21990935493345987,chronos2,,24
2014-07-20,3.0131432083333336,3.5530764042399166,0.10096114601588471,chronos2,,24
2014-07-21,5.335141750000001,7.5685404507647425,0.17876416353112304,chronos2,,24
2014-07-22,9.250359374999999,13.040913034290647,0.3099510441375164,chronos2,,24
2014-07-23,13.270179916666665,16.257374925905804,0.44464284622061334,chronos2,,24
2014-07-24,9.226323416666668,12.252480046172552,0.309145673223777,chronos2,,24
2014-07-25,9.77565375,14.774241369191472,0.3275520403161989,chronos2,,24
2014-07-26,5.9232208333333345,9.831631280791107,0.1984688818588475,chronos2,,24
2014-07-27,2.216160624999999,2.4939180781697106,0.07425671499332433,chronos2,,24
2014-07-28,11.333288041666668,17.97104048170373,0.37974356666827475,chronos2,,24
2014-07-29,7.200544291666666,9.391268146045519,0.2412680557678892,chronos2,,24
2014-07-30,6.166288208333334,7.964084247959169,0.20661332075282454,chronos2,,24
2014-07-31,11.305446666666667,15.66340375443704,0.3788106879657676,chronos2,,24
2014-08-01,7.900222041666665,12.75247158721386,0.2647121016023018,chronos2,,24
2014-08-02,4.285843833333333,5.3252849822119925,0.1436054230219572,chronos2,,24
2014-08-03,2.2890654583333334,2.529545603622294,0.07669953135302263,chronos2,,24
2014-08-04,11.779399583333332,15.022359850454693,0.39469139004852904,chronos2,,24
2014-08-05,19.001944458333334,25.94912986312785,0.6366966175844937,chronos2,,24
2014-08-06,5.589535166666667,9.25903044266562,0.1872881031880667,chronos2,,24
2014-08-07,15.226253708333333,16.15226761294987,0.5101848527047792,chronos2,,24
2014-08-08,11.404511874999997,17.485666961209237,0.38213005789679977,chronos2,,24
2014-08-09,6.637632583333333,9.553364104895234,0.22240661864073438,chronos2,,24
2014-08-10,1.476064541666667,2.095155624906964,0.04945837532976367,chronos2,,24
2014-08-11,7.343177874999998,10.939194119875022,0.24604726771966723,chronos2,,24
2014-08-12,9.805311416666667,14.123193301815448,0.32854577735682233,chronos2,,24
2014-08-13,7.2283345,11.825250852147843,0.24219922003303065,chronos2,,24
2014-08-14,12.504578791666667,15.8354904992165,0.418989911186767,chronos2,,24
2014-08-15,8.285371374999999,9.10594539595913,0.2776172691937539,chronos2,,24
2014-08-16,6.43558025,11.425714775433873,0.2156364674338157,chronos2,,24
2014-08-17,1.1071947500000003,1.38177174501836,0.03709868502552925,chronos2,,24
2014-08-18,4.932931375000001,6.370623201455718,0.16528733299509946,chronos2,,24
2014-08-19,11.896858166666668,15.79409648454968,0.39862706530947867,chronos2,,24
2014-08-20,9.291626125000002,12.527207920082098,0.3113337657953615,chronos2,,24
2014-08-21,6.930541625000004,8.6188780341838,0.23222109823244258,chronos2,,24
2014-08-22,8.461121208333331,10.562481136073124,0.2835061046584475,chronos2,,24
2014-08-23,5.934738416666668,7.877217207050757,0.19885480059296234,chronos2,,24
2014-08-24,1.8602804166666662,2.0920786067254578,0.06233226560826534,chronos2,,24
2014-08-25,8.445174916666666,11.565339677947875,0.2829717935520528,chronos2,,24
2014-08-26,11.090184749999997,17.1453544755563,0.37159792431744965,chronos2,,24
2014-08-27,12.658424583333334,14.355090844295823,0.4241448096972096,chronos2,,24
2014-08-28,13.160169541666667,14.604880747007705,0.4409567374744643,chronos2,,24
2014-08-29,5.059202958333333,10.49852505905177,0.1695183047349475,chronos2,,24
2014-08-30,2.7093953333333345,4.091190726561595,0.09078349051146799,chronos2,,24
2014-08-31,1.6008563750000004,1.8091911025161338,0.05363976520592744,chronos2,,24
2014-09-01,14.10468875,19.18587651773,0.4726046662697558,chronos2,,24
2014-09-02,16.971628208333335,21.370949080718926,0.5686669750478365,chronos2,,24
2014-09-03,12.277193375000001,14.530767664347929,0.4113709264035431,chronos2,,24
2014-09-04,10.671102958333336,13.717929313718386,0.3575557845864078,chronos2,,24
2014-09-05,11.995845125,13.953803088102875,0.40194381332408363,chronos2,,24
2014-09-06,2.2357386249999993,3.4536896913388087,0.07491271345739745,chronos2,,24
2014-09-07,1.6040793333333332,2.167782734446497,0.053747756610383356,chronos2,,24
2014-09-08,8.967626958333334,15.622148478117593,0.3004775518973994,chronos2,,24
2014-09-09,9.779124791666666,13.530280949906912,0.3276683442288593,chronos2,,24
2014-09-10,18.548866416666666,22.59095954780995,0.6215153682516412,chronos2,,24
2014-09-11,8.244040374999999,11.717311810704702,0.2762323947163504,chronos2,,24
2014-09-12,10.07776825,14.98820107605399,0.3376749664564694,chronos2,,24
2014-09-13,3.6938318749999994,4.611822969177061,0.12376892616938896,chronos2,,24
2014-09-14,1.6477404583333335,2.386524286269583,0.055210706397884855,chronos2,,24
2014-09-15,11.651380833333333,15.199007639142517,0.39040187613635424,chronos2,,24
2014-09-16,11.97065420833333,15.2741062657539,0.4010997433147911,chronos2,,24
2014-09-17,9.192214333333336,11.453439118810756,0.30800278292458366,chronos2,,24
2014-09-18,9.493798166666666,12.535053551433752,0.31810792805973254,chronos2,,24
2014-09-19,12.430482249999999,16.86283699749762,0.41650716435223517,chronos2,,24
2014-09-20,2.6890884583333343,3.9721633841105892,0.09010306969166389,chronos2,,24
2014-09-21,2.0958943333333333,2.7839151928674273,0.07022696207611616,chronos2,,24
2014-09-22,11.239899833333334,14.316386193908706,0.3766144155175338,chronos2,,24
2014-09-23,8.419683374999998,11.165285799428233,0.2821176505251763,chronos2,,24
2014-09-24,16.052473333333335,19.723639511896085,0.537868926920075,chronos2,,24
2014-09-25,8.394307874999999,10.199107445030027,0.28126739569704845,chronos2,,24
2014-09-26,13.156503583333334,16.732233545702396,0.44083390250480337,chronos2,,24
2014-09-27,3.020584,4.6422529060458615,0.10121046402103442,chronos2,,24
2014-09-28,1.2483245833333332,1.5287338255590253,0.041827510947562166,chronos2,,24
2014-09-29,10.260812291666666,15.690089905858327,0.3438082083704068,chronos2,,24
2014-09-30,10.655821249999999,14.70986392502127,0.35704374162006386,chronos2,,24
2014-10-01,7.028981333333334,10.214215238855179,0.2355195095855159,chronos2,,24
2014-10-02,13.747758666666668,17.3495952323485,0.46064503880790303,chronos2,,24
2014-10-03,11.561736541666667,15.120472664564327,0.38739817209885014,chronos2,,24
2014-10-04,6.268257666666667,10.030315629757915,0.21003000315393974,chronos2,,24
2014-10-05,1.4874547916666667,1.763181943887066,0.049840027516167215,chronos2,,24
2014-10-06,5.997694083333336,8.236380161895996,0.2009642510290658,chronos2,,24
2014-10-07,18.09141275,22.011921789980935,0.6061875052054697,chronos2,,24
2014-10-08,12.000960375,18.20723407876713,0.402115209592515,chronos2,,24
2014-10-09,10.843935291666668,14.270925448856453,0.36334686361433904,chronos2,,24
2014-10-10,9.843360458333335,17.27942889143414,0.3298206835215372,chronos2,,24
2014-10-11,7.391837708333335,11.902404846043135,0.24767770882339196,chronos2,,24
2014-10-12,4.049096791666667,9.4190855802467,0.13567275902628934,chronos2,,24
2014-10-13,17.434923791666666,24.22319471274594,0.5841905827237237,chronos2,,24
2014-10-14,12.563142916666669,18.556965285465683,0.4209522145910875,chronos2,,24
2014-10-15,17.382069708333336,24.672086694633155,0.5824196052241498,chronos2,,24
2014-10-16,14.094086541666668,16.10839128041322,0.4722494189318025,chronos2,,24
2014-10-17,15.678065499999997,19.906107445402096,0.5253236739011962,chronos2,,24
2014-10-18,36.492223333333335,46.51191406899987,1.2227419786127074,chronos2,,24
2014-10-19,6.649673750000001,8.923155003710525,0.22281008103929312,chronos2,,24
2014-10-20,7.4201779583333325,10.095463909775722,0.2486273032902142,chronos2,,24
2014-10-21,19.850685416666664,24.657444801897917,0.6651353122960375,chronos2,,24
2014-10-22,12.869876125000003,17.58977617637834,0.4312298994182856,chronos2,,24
2014-10-23,16.738097,24.643282937402272,0.5608420637198251,chronos2,,24
2014-10-24,14.821706208333332,18.08923696924738,0.4966297123102232,chronos2,,24
2014-10-25,21.512540916666666,30.3643850937955,0.7208189702545343,chronos2,,24
2014-11-10,11.041775208333334,15.02165394879824,0.3699758697163763,chronos2,,24
2014-11-11,14.319047666666668,19.152227916078353,0.4797871731700372,chronos2,,24
2014-11-12,10.883698250000002,15.447904884682545,0.3646791978463173,chronos2,,24
2014-11-13,21.601322625000005,27.03389028422897,0.7237937717819866,chronos2,,24
2014-11-14,13.605369666666666,16.842957175627085,0.4558740220901123,chronos2,,24
2014-11-15,41.625704375,48.4983480758189,1.394749113084143,chronos2,,24
2014-11-16,2.0782963333333324,2.5964331064097648,0.06963730731205654,chronos2,,24
2014-11-17,24.776577916666664,37.8038148137825,0.8301867942752619,chronos2,,24
2014-11-18,12.90028175,16.936247928154934,0.43224869823834794,chronos2,,24
2014-11-19,9.774075041666665,12.877201289721862,0.3274991426636354,chronos2,,24
2014-11-20,10.53919658333333,12.376205225160687,0.35313600833748277,chronos2,,24
2014-11-21,16.923922875000002,21.49908505072214,0.5670685162984871,chronos2,,24
2014-11-22,11.583352791666664,22.20745372091635,0.38812246604098,chronos2,,24
2014-11-23,1.8750220000000002,2.413680032283208,0.06282621064987699,chronos2,,24
2014-11-24,9.37691391666667,14.2559570050415,0.31419149693937626,chronos2,,24
2014-11-25,15.579006,20.552029474157568,0.5220044952388277,chronos2,,24
2014-11-26,16.319601083333332,21.494988362273503,0.5468195548550686,chronos2,,24
2014-11-27,8.29237125,14.45270423032524,0.27785181343978027,chronos2,,24
2014-11-28,14.032733333333331,20.91159931635541,0.4701936619375934,chronos2,,24
2014-11-29,5.837892375,10.035568463427575,0.19560978810011861,chronos2,,24
2014-11-30,1.9149702083333346,2.3982315760417534,0.06416475203863682,chronos2,,24
2014-12-01,7.130235499999999,9.76457098968468,0.23891222476655252,chronos2,,24
2014-12-02,12.981423041666664,16.514589175448894,0.434967492941905,chronos2,,24
2014-12-03,14.840870041666669,19.36580347445838,0.49727183332526165,chronos2,,24
2014-12-04,9.383224624999999,13.252050588916063,0.31440294933358803,chronos2,,24
2014-12-05,23.241476541666668,37.26458318603228,0.7787502765412483,chronos2,,24
2014-12-06,7.356931166666666,10.464679630196764,0.2465080981522591,chronos2,,24
2014-12-07,2.351182374999999,2.545991266371926,0.07878087786064804,chronos2,,24
2014-12-08,7.506103958333335,10.952510336202042,0.25150641882928604,chronos2,,24
2014-12-09,17.000779416666663,21.034356846312303,0.5696437422300071,chronos2,,24
2014-12-10,10.349518333333334,13.138015368507823,0.3467804745409727,chronos2,,24
2014-12-11,11.282320749999997,14.97494703655829,0.37803580974462053,chronos2,,24
2014-12-12,9.564077999999999,14.367738868105107,0.32046278875653406,chronos2,,24
2014-12-13,4.795726875000001,6.806425305830634,0.16069003289989467,chronos2,,24
2014-12-14,1.6759614583333333,2.11295700212529,0.056156305164592746,chronos2,,24
2014-12-15,7.367870875,10.777920869018239,0.246874654075442,chronos2,,24
2014-12-16,14.876316916666667,17.26988433643927,0.4984595489017347,chronos2,,24
2014-12-17,6.431791749999998,8.202491039493038,0.21550952647043115,chronos2,,24
2014-12-18,9.691752708333334,11.640316410710586,0.324740774892383,chronos2,,24
2014-12-19,8.654060833333334,12.540695762731305,0.28997091708355954,chronos2,,24
2014-12-20,4.658998333333334,7.1858154205375495,0.15610868070210684,chronos2,,24
2014-12-21,1.4745122083333337,2.044377199403984,0.04940636142219415,chronos2,,24
2014-12-22,8.641137875,12.768890575104987,0.2895379085628757,chronos2,,24
2014-12-23,10.548685083333334,12.778850302434257,0.3534539387403002,chronos2,,24
2014-12-24,29.85599554166667,42.83234385159755,1.0003824302128392,chronos2,,24
2014-12-25,17.727844833333332,20.379763819787357,0.5940054643984621,chronos2,,24
2014-12-26,50.648214249999995,54.494662286376006,1.697065622435684,chronos2,,24
2014-12-27,3.718965124999999,4.648191577015082,0.1246110639463409,chronos2,,24
2014-12-28,2.103614624999999,2.5586656954275737,0.07048564526518192,chronos2,,24
2014-12-29,12.545631624999997,17.700363723174448,0.4203654651561466,chronos2,,24
2014-12-30,18.38162075,21.57664115566829,0.6159114812123002,chronos2,,24
2014-12-31,23.262621375,31.468589634066163,0.7794587747632192,chronos2,,24
2014-03-14,9.723322166666664,12.04465774155216,0.3257985701819061,timesfm3,,24
2014-03-15,8.840740916666668,13.19332247431967,0.2962259915518253,timesfm3,,24
2014-03-16,3.558543,4.055441697837693,0.11923581276627428,timesfm3,,24
2014-03-17,9.879681125,12.356214271201864,0.3310376771647818,timesfm3,,24
2014-03-18,8.359712666666669,11.188250899230065,0.2801082168467596,timesfm3,,24
2014-03-19,12.477517041666665,16.57912135876639,0.4180831553161401,timesfm3,,24
2014-03-20,13.898390625,17.140897719647334,0.4656922516645272,timesfm3,,24
2014-03-21,23.195102458333334,29.620272435743416,0.7771964238780821,timesfm3,,24
2014-03-22,10.916921583333334,11.701807097159463,0.3657924093918303,timesfm3,,24
2014-03-23,2.5875757083333335,2.886162847512918,0.08670169017977102,timesfm3,,24
2014-03-24,22.32499783333333,28.422008614877548,0.748041898513749,timesfm3,,24
2014-03-25,13.862191916666667,17.26169011037063,0.46447934446930317,timesfm3,,24
2014-03-26,9.491383166666669,13.492030061524062,0.3180270088498676,timesfm3,,24
2014-03-27,22.508527541666666,31.175981536854508,0.754191413621444,timesfm3,,24
2014-03-28,14.963069833333334,20.520324870783067,0.5013663718707404,timesfm3,,24
2014-03-29,5.197744749999999,6.688140974845146,0.1741604133539724,timesfm3,,24
2014-04-14,12.826864791666667,16.68986447099679,0.42978872214765496,timesfm3,,24
2014-04-15,9.873137583333337,12.926553555572367,0.33081842324288324,timesfm3,,24
2014-04-16,11.562366374999998,15.582108436719002,0.38741927587345865,timesfm3,,24
2014-04-17,12.230214166666668,16.74752337866612,0.40979679786589684,timesfm3,,24
2014-04-18,25.016094624999997,29.315246001618743,0.838212261268137,timesfm3,,24
2014-04-19,14.909274041666668,18.343354187641957,0.49956384062613274,timesfm3,,24
2014-04-20,2.8246735,3.605388509907693,0.09464610672734786,timesfm3,,24
2014-04-21,6.424739499999998,9.651961825069373,0.21527322729951173,timesfm3,,24
2014-04-22,14.290617708333334,20.876489075041377,0.4788345728533383,timesfm3,,24
2014-04-23,13.286301250000001,17.45491049119545,0.44518302243398944,timesfm3,,24
2014-04-24,10.684850208333332,14.954488697688674,0.35801641258136263,timesfm3,,24
2014-04-25,13.603300291666669,16.199232523108375,0.45580468370919536,timesfm3,,24
2014-04-26,8.188967000000002,9.270202462593362,0.27438705559022303,timesfm3,,24
2014-04-27,2.962823833333333,3.3683211431418245,0.09927509878362811,timesfm3,,24
2014-04-28,8.246910458333334,11.703973684596878,0.27632856236669406,timesfm3,,24
2014-04-29,12.356428833333334,15.983350926870619,0.41402586250359386,timesfm3,,24
2014-04-30,8.000309000000001,9.387213295941557,0.2680657072280254,timesfm3,,24
2014-05-01,14.475797625,21.39435282694045,0.48503938135831937,timesfm3,,24
2014-05-02,21.953418375,27.855268661915616,0.7355914156274591,timesfm3,,24
2014-05-03,10.991605708333333,14.427553959792103,0.3682948443336346,timesfm3,,24
2014-05-04,5.392411666666668,6.158595155200109,0.1806831020013921,timesfm3,,24
2014-05-05,10.370721666666666,13.483056042393397,0.34749093291771677,timesfm3,,24
2014-05-06,12.175778333333332,16.36520621218276,0.40797282079688013,timesfm3,,24
2014-05-07,10.518737208333334,14.103512732208264,0.3524504777125009,timesfm3,,24
2014-05-08,18.085009708333335,21.534521906167093,0.6059729590057183,timesfm3,,24
2014-05-09,13.474403375000003,18.87669447363424,0.4514857451374775,timesfm3,,24
2014-05-10,6.891236625,8.024485564658276,0.2309041087733356,timesfm3,,24
2014-05-11,2.7880627500000004,3.611080644015387,0.09341939328529228,timesfm3,,24
2014-05-12,9.984241375,13.661966128413164,0.3345411690129328,timesfm3,,24
2014-05-13,12.264439541666666,19.175543228196222,0.41094358474056863,timesfm3,,24
2014-05-14,10.538529791666667,15.748556336299513,0.3531136662029854,timesfm3,,24
2014-05-15,14.951657583333335,20.30239373209524,0.5009839825321145,timesfm3,,24
2014-05-16,14.506613583333333,19.943539929677907,0.4860719291842264,timesfm3,,24
2014-05-17,30.67266875,45.70888622218385,1.027746633416247,timesfm3,,24
2014-05-18,22.157828249999998,24.317069930448625,0.7424405607925105,timesfm3,,24
2014-05-19,18.701615874999998,22.590260177998076,0.6266335320096688,timesfm3,,24
2014-05-20,18.386338208333335,23.965035615187368,0.6160695487074986,timesfm3,,24
2014-05-21,13.948531291666669,18.97841872823198,0.4673723109310987,timesfm3,,24
2014-05-22,14.05608925,21.03154291424859,0.4709762467501561,timesfm3,,24
2014-05-23,9.073470916666663,11.008136986946033,0.30402405685694994,timesfm3,,24
2014-05-24,26.214168541666666,30.95581312504007,0.878356027188016,timesfm3,,24
2014-05-25,6.144731833333334,6.931356247089106,0.20589103303748155,timesfm3,,24
2014-05-26,12.67074570833333,15.458603546223655,0.42455765263702205,timesfm3,,24
2014-05-27,20.04597075,23.427647535463166,0.6716787221807382,timesfm3,,24
2014-05-28,12.723209583333334,15.81508993283708,0.42631555545750044,timesfm3,,24
2014-05-29,11.129086375,13.28375616597396,0.37290139792302474,timesfm3,,24
2014-05-30,14.722662708333333,18.790760966444036,0.4933110697585618,timesfm3,,24
2014-05-31,22.609889625000005,25.080827979594723,0.7575877447575111,timesfm3,,24
2014-06-01,3.6981896666666674,4.281202750760644,0.12391494234264895,timesfm3,,24
2014-06-02,9.984666208333335,15.14841159724307,0.33455540386910576,timesfm3,,24
2014-06-03,9.420364625000003,12.775039694886724,0.3156473963126296,timesfm3,,24
2014-06-04,19.050523791666663,24.878157889201102,0.6383243613812225,timesfm3,,24
2014-06-05,12.022299833333333,17.68650165893387,0.402830229098635,timesfm3,,24
2014-06-06,17.313929124999998,21.906842245822997,0.5801364242042439,timesfm3,,24
2014-06-07,14.113460541666669,17.31063092510991,0.472898581984359,timesfm3,,24
2014-06-08,2.186305875,2.6969302348770614,0.07325637429737548,timesfm3,,24
2014-06-09,8.791931291666666,12.306649703951392,0.2945905313908289,timesfm3,,24
2014-06-10,14.617610291666667,19.702031519951927,0.4897910869216785,timesfm3,,24
2014-06-11,12.962231708333334,16.86745781522471,0.43432445048658874,timesfm3,,24
2014-06-12,7.147653749999999,10.37013546845151,0.23949585666188608,timesfm3,,24
2014-06-13,13.262070458333334,19.707406373775008,0.44437112325549266,timesfm3,,24
2014-06-14,6.254081458333334,11.486725648105875,0.20955500208677008,timesfm3,,24
2014-06-15,2.0691771666666665,2.457673191491565,0.06933175213139663,timesfm3,,24
2014-06-16,17.169893,21.25358337616847,0.575310217402168,timesfm3,,24
2014-06-17,13.221060333333334,16.273580558128444,0.4429970003107871,timesfm3,,24
2014-06-18,13.56259825,18.801535112121602,0.4544408836878462,timesfm3,,24
2014-06-19,7.0329886666666654,8.53843843253338,0.23565378297971826,timesfm3,,24
2014-06-20,9.489307416666666,12.806127297311077,0.31795745686234067,timesfm3,,24
2014-06-21,9.460770000000002,11.349559197761824,0.31700125594794976,timesfm3,,24
2014-06-22,1.824929958333333,2.1405087356872956,0.06114778065725158,timesfm3,,24
2014-06-23,20.221251833333337,27.721866769894994,0.6775518512770575,timesfm3,,24
2014-06-24,15.0713725,17.73088378865831,0.5049952605717495,timesfm3,,24
2014-06-25,16.6513235,20.048598492768118,0.5579345510667324,timesfm3,,24
2014-06-26,10.013931499999998,16.442356694650854,0.33553599363230846,timesfm3,,24
2014-06-27,15.664190374999999,20.194953871448906,0.5248587612089486,timesfm3,,24
2014-06-28,6.629130750000001,7.906892330636961,0.22212174839819315,timesfm3,,24
2014-06-29,3.1955409583333343,3.633247641856876,0.10707273268716835,timesfm3,,24
2014-06-30,13.777958291666666,19.220575920396808,0.4616569352026104,timesfm3,,24
2014-07-01,9.497329,12.373359181515342,0.3182262354069368,timesfm3,,24
2014-07-02,11.956570125,17.29574663898568,0.4006278290725527,timesfm3,,24
2014-07-03,15.491011166666668,19.227820094575012,0.5190560594684204,timesfm3,,24
2014-07-04,10.569088083333334,15.08586083231234,0.3541375804127122,timesfm3,,24
2014-07-05,6.432481208333333,8.976402744447947,0.21553262809509707,timesfm3,,24
2014-07-06,2.240395750000001,2.5380895186789942,0.07506875936847096,timesfm3,,24
2014-07-07,12.530633000000002,16.996031891551446,0.4198629074401793,timesfm3,,24
2014-07-08,6.993133208333334,11.939759315513365,0.2343183493577142,timesfm3,,24
2014-07-09,8.746447666666665,11.049132775348681,0.2930665152430877,timesfm3,,24
2014-07-10,20.998315166666668,25.049294111712854,0.7035888495993682,timesfm3,,24
2014-07-11,14.108671208333334,18.265414918582167,0.4727381061793431,timesfm3,,24
2014-07-12,3.9063041666666667,5.554330684207496,0.130888218078237,timesfm3,,24
2014-07-13,2.5903197916666674,3.3948715138704877,0.08679363595829567,timesfm3,,24
2014-07-14,7.965817291666668,10.818940610530289,0.2669099963438736,timesfm3,,24
2014-07-15,6.161726708333336,8.34967896900965,0.20646047894089944,timesfm3,,24
2014-07-16,10.107648,12.213139167738458,0.3386761448253981,timesfm3,,24
2014-07-17,12.176504499999998,14.34674763629261,0.40799715240470497,timesfm3,,24
2014-07-18,11.691161083333334,14.78551836936928,0.3917347897588102,timesfm3,,24
2014-07-19,6.227136708333333,7.287576083113848,0.20865216652568955,timesfm3,,24
2014-07-20,3.373251625,4.185030416688355,0.11302726963592416,timesfm3,,24
2014-07-21,9.8271295,11.480082110518294,0.3292768341121438,timesfm3,,24
2014-07-22,9.531795624999999,13.512204335905013,0.3193811058258653,timesfm3,,24
2014-07-23,13.575850875,16.494754283946307,0.4548849383228925,timesfm3,,24
2014-07-24,11.026832666666671,14.363794965936954,0.3694751911801274,timesfm3,,24
2014-07-25,10.995566916666666,15.54163614322386,0.36842757222118894,timesfm3,,24
2014-07-26,5.985385999999999,9.60160181406217,0.20055184507532417,timesfm3,,24
2014-07-27,2.885895,3.415897471410564,0.09669745058107408,timesfm3,,24
2014-07-28,14.471873916666667,22.23000880431104,0.4849079099802349,timesfm3,,24
2014-07-29,7.302366083333332,9.674466750079617,0.24467979031393602,timesfm3,,24
2014-07-30,5.821172166666667,8.174528083744054,0.19504954543050734,timesfm3,,24
2014-07-31,10.748750750000001,14.288653202865522,0.360157522867744,timesfm3,,24
2014-08-01,8.417565083333333,12.264118729186531,0.28204667309746184,timesfm3,,24
2014-08-02,4.620314583333333,8.472333434892986,0.1548125074165522,timesfm3,,24
2014-08-03,4.198048083333334,4.47323596040674,0.14066365792071361,timesfm3,,24
2014-08-04,13.83640425,17.02153582609155,0.46361527920597884,timesfm3,,24
2014-08-05,19.278862041666667,25.08471464280504,0.6459752726739565,timesfm3,,24
2014-08-06,5.454042874999999,8.11949217627134,0.1827481739191383,timesfm3,,24
2014-08-07,14.616482125000003,15.919327623685303,0.4897532855323359,timesfm3,,24
2014-08-08,10.97718775,17.463046389451403,0.36781174296874863,timesfm3,,24
2014-08-09,4.931592625,5.931027488411947,0.16524247560702207,timesfm3,,24
2014-08-10,2.7169457500000003,3.3393702844702995,0.09103648171263483,timesfm3,,24
2014-08-11,11.228505333333333,14.083358908655931,0.3762326209267235,timesfm3,,24
2014-08-12,9.588203166666666,12.489443403679372,0.3212711487666904,timesfm3,,24
2014-08-13,7.883662625000002,11.644151420841068,0.2641572465660734,timesfm3,,24
2014-08-14,14.210168125000001,17.580641603531927,0.47613895516501525,timesfm3,,24
2014-08-15,6.920082375,8.21646124024223,0.23187064098781288,timesfm3,,24
2014-08-16,9.488754666666667,13.559819654004198,0.31793893591275363,timesfm3,,24
2014-08-17,2.385791625,2.8992144902533585,0.07994052720392736,timesfm3,,24
2014-08-18,7.139059166666667,9.350570664848592,0.23920787865258922,timesfm3,,24
2014-08-19,11.301793291666664,15.071760971577213,0.3786882746248397,timesfm3,,24
2014-08-20,8.236495583333333,11.636239135876652,0.275979591991604,timesfm3,,24
2014-08-21,7.848576125000002,9.831679784140242,0.2629816060456065,timesfm3,,24
2014-08-22,8.66693675,10.545604324188206,0.29040234938291926,timesfm3,,24
2014-08-23,8.738016708333335,9.431309998813274,0.2927840198034448,timesfm3,,24
2014-08-24,2.7490437083333332,3.1382438265113004,0.09211198540895463,timesfm3,,24
2014-08-25,11.849356291666664,15.516670016627565,0.3970354238220644,timesfm3,,24
2014-08-26,10.360525541666666,18.19447337830022,0.34714929218120144,timesfm3,,24
2014-08-27,12.384997791666668,13.408207841510793,0.4149831202820613,timesfm3,,24
2014-08-28,11.16503625,13.05434541249798,0.37410596747985486,timesfm3,,24
2014-08-29,6.447548208333333,11.962309563493463,0.21603747684666463,timesfm3,,24
2014-08-30,5.973751166666666,6.4732790379285365,0.20016199765493325,timesfm3,,24
2014-08-31,2.5355155416666677,2.7892674337727037,0.08495731438179764,timesfm3,,24
2014-09-01,13.621850625,17.45101951918204,0.45642624822930516,timesfm3,,24
2014-09-02,15.418285208333335,19.704953270500155,0.5166192366588938,timesfm3,,24
2014-09-03,10.467037916666667,12.131519190800557,0.3507181937239933,timesfm3,,24
2014-09-04,10.878475833333335,13.64008579748381,0.364504210753045,timesfm3,,24
2014-09-05,10.607293708333335,12.492837732383158,0.35541773320252495,timesfm3,,24
2014-09-06,6.081474833333334,7.462631613030509,0.20377148584972626,timesfm3,,24
2014-09-07,1.7484760416666667,2.29735747178473,0.0585860454490737,timesfm3,,24
2014-09-08,13.112014083333335,17.6484591591772,0.43934319642311054,timesfm3,,24
2014-09-09,11.297121500000001,14.855688324172824,0.37853173727895145,timesfm3,,24
2014-09-10,18.3127405,21.26596756521912,0.6136035162411605,timesfm3,,24
2014-09-11,8.704763666666668,12.727266747116344,0.29166981282320714,timesfm3,,24
2014-09-12,10.798999041666667,15.5758185109062,0.36184118831649414,timesfm3,,24
2014-09-13,3.5599459583333335,4.323829453890609,0.1192828215777885,timesfm3,,24
2014-09-14,2.787921249999999,3.503462068631017,0.0934146520562256,timesfm3,,24
2014-09-15,12.829841375,16.37821075163368,0.4298884582848933,timesfm3,,24
2014-09-16,10.679297458333336,13.639422359938164,0.3578303570357819,timesfm3,,24
2014-09-17,8.739484375,10.642759099570416,0.29283319679185543,timesfm3,,24
2014-09-18,8.734108124999999,11.85507179049276,0.2926530552175131,timesfm3,,24
2014-09-19,13.79602029166667,18.54925072808667,0.46226213717717834,timesfm3,,24
2014-09-20,4.306872375,5.113033971387533,0.14431002466844972,timesfm3,,24
2014-09-21,3.774528374999999,4.584003243396826,0.1264728172745108,timesfm3,,24
2014-09-22,11.589745333333338,14.013432842292817,0.38833666041807985,timesfm3,,24
2014-09-23,9.098813916666666,12.555601652886839,0.30487322271020395,timesfm3,,24
2014-09-24,15.541938125,18.54338054575072,0.5207624649463334,timesfm3,,24
2014-09-25,7.019050375000002,9.23961917000064,0.23518675376707476,timesfm3,,24
2014-09-26,14.518714666666666,19.457348385342524,0.4864773992056937,timesfm3,,24
2014-09-27,4.608692791666667,6.282532126395001,0.1544230969822325,timesfm3,,24
2014-09-28,2.630258083333333,3.215942457995673,0.08813184507010671,timesfm3,,24
2014-09-29,13.182216833333333,18.095696987710596,0.4416954742948905,timesfm3,,24
2014-09-30,11.663173750000004,15.916386000219164,0.39079702044222187,timesfm3,,24
2014-10-01,6.970436750000001,9.568383524625043,0.23355786096224143,timesfm3,,24
2014-10-02,14.244575083333332,17.55589841919056,0.47729182633776496,timesfm3,,24
2014-10-03,11.816784958333335,17.442035110156166,0.395944058787869,timesfm3,,24
2014-10-04,6.058651416666667,8.885187652504559,0.20300674347163689,timesfm3,,24
2014-10-05,3.0140828749999997,3.684620218809367,0.10099263135095843,timesfm3,,24
2014-10-06,7.521830208333333,10.690718096418635,0.25203335701733526,timesfm3,,24
2014-10-07,17.774952208333335,21.115135874327912,0.5955838874062522,timesfm3,,24
2014-10-08,12.021317166666664,18.10802629898252,0.4027973029660356,timesfm3,,24
2014-10-09,11.555771208333335,13.86201538027763,0.38719829215685647,timesfm3,,24
2014-10-10,9.893797125,12.995712211924413,0.33151066083619135,timesfm3,,24
2014-10-11,5.607840458333333,8.58361128477128,0.1879014571168512,timesfm3,,24
2014-10-12,4.119583291666667,8.707520289166055,0.13803454448639194,timesfm3,,24
2014-10-13,23.32493704166667,29.6482584374085,0.7815467807710353,timesfm3,,24
2014-10-14,14.972772333333332,21.273056543466357,0.5016914727542662,timesfm3,,24
2014-10-15,15.57755625,22.826071132411126,0.5219559185827193,timesfm3,,24
2014-10-16,10.054297916666668,12.189414221969972,0.33688854789390166,timesfm3,,24
2014-10-17,15.348379666666666,20.40702622717684,0.5142769173227238,timesfm3,,24
2014-10-18,35.70250816666667,43.419354310614935,1.1962810563331805,timesfm3,,24
2014-10-19,7.613716208333334,9.817932248128551,0.25511217379483153,timesfm3,,24
2014-10-20,10.893280083333332,14.201898345961864,0.365000255561593,timesfm3,,24
2014-10-21,15.308543583333332,21.06963020442261,0.5129421328972792,timesfm3,,24
2014-10-22,12.405068791666665,16.18786544373998,0.4156556376572993,timesfm3,,24
2014-10-23,17.618925875,25.080095600423103,0.590355925662375,timesfm3,,24
2014-10-24,11.409272000000003,15.101322539851493,0.38228955502055084,timesfm3,,24
2014-10-25,19.015682458333334,26.810330945049973,0.637156935640446,timesfm3,,24
2014-11-10,12.316573791666668,16.06018870590261,0.4126904428428061,timesfm3,,24
2014-11-11,17.442438375000002,21.761055006673097,0.5844423732602859,timesfm3,,24
2014-11-12,14.179660916666665,19.61643273499412,0.47511675260041075,timesfm3,,24
2014-11-13,23.03348179166667,27.5125840729222,0.7717810132592342,timesfm3,,24
2014-11-14,14.701365000000001,19.286577122887124,0.49259744916631837,timesfm3,,24
2014-11-15,37.091811416666665,44.19422561677495,1.24283232807349,timesfm3,,24
2014-11-16,2.740944458333333,3.162152042888124,0.09184060449363415,timesfm3,,24
2014-11-17,21.896787416666665,33.00319150810813,0.7336938866824364,timesfm3,,24
2014-11-18,10.993079916666666,13.205746178320512,0.3683442405131417,timesfm3,,24
2014-11-19,12.044475833333331,14.619806310604117,0.4035732785387864,timesfm3,,24
2014-11-20,7.958598708333334,10.094931872825246,0.2666681238553941,timesfm3,,24
2014-11-21,15.481127375,19.662664323179303,0.518724884059668,timesfm3,,24
2014-11-22,13.044403708333334,19.70955802092152,0.4370777810509884,timesfm3,,24
2014-11-23,3.8689810833333333,4.439933263497165,0.12963763654073882,timesfm3,,24
2014-11-24,9.473935208333328,15.243252064112456,0.31744238151980925,timesfm3,,24
2014-11-25,14.951873625,19.647437371160642,0.5009912214227831,timesfm3,,24
2014-11-26,13.962734041666666,17.527781735451047,0.4678482013277487,timesfm3,,24
2014-11-27,10.170012208333334,16.272530374188253,0.3407657773149171,timesfm3,,24
2014-11-28,13.17591108333333,18.712894315035527,0.44148418803915285,timesfm3,,24
2014-11-29,4.636401,6.9296988566616715,0.1553515136799996,timesfm3,,24
2014-11-30,3.5599394583333335,3.942555278256048,0.1192826037828137,timesfm3,,24
2014-12-01,11.688359916666665,14.183071854630542,0.3916409312936479,timesfm3,,24
2014-12-02,15.706250416666665,19.971831162376116,0.5262680636265696,timesfm3,,24
2014-12-03,18.127975250000002,22.586762897730328,0.6074126019386739,timesfm3,,24
2014-12-04,12.193957958333334,16.408247001312823,0.40858196402281877,timesfm3,,24
2014-12-05,23.54091920833333,37.3471966559271,0.788783677777906,timesfm3,,24
2014-12-06,5.603712875,6.147261252785481,0.18776315451561512,timesfm3,,24
2014-12-07,3.4976686250000006,4.295668416957943,0.11719610000187494,timesfm3,,24
2014-12-08,8.015412874999999,13.102154294550454,0.2685717915472383,timesfm3,,24
2014-12-09,13.875568416666665,16.503729896419728,0.46492754977396517,timesfm3,,24
2014-12-10,9.154209458333336,11.598933240616551,0.3067293566488,timesfm3,,24
2014-12-11,9.29161458333333,11.977795354315244,0.3113333790696688,timesfm3,,24
2014-12-12,9.422935375,13.73283658270375,0.3157335342251597,timesfm3,,24
2014-12-13,3.6603043750000004,4.578189424514433,0.1226455229359529,timesfm3,,24
2014-12-14,2.993677791666665,3.587130564835207,0.10030891987246464,timesfm3,,24
2014-12-15,10.196715708333334,13.790341554687755,0.3416605293317409,timesfm3,,24
2014-12-16,16.245595833333336,18.332006196074857,0.5443398669230355,timesfm3,,24
2014-12-17,6.592676166666666,7.9321959099336246,0.22090026762001905,timesfm3,,24
2014-12-18,9.25522975,11.40634049945179,0.310114235399109,timesfm3,,24
2014-12-19,8.105846833333333,9.883533265760198,0.2716019548819364,timesfm3,,24
2014-12-20,3.9561387083333326,5.122284389883729,0.13255802003916867,timesfm3,,24
2014-12-21,3.158786000000001,3.7165265844976036,0.10584118726813996,timesfm3,,24
2014-12-22,9.354109666666664,13.318851520483692,0.31342739677723797,timesfm3,,24
2014-12-23,11.645202916666667,14.762672831092342,0.3901948731817876,timesfm3,,24
2014-12-24,31.814863041666666,45.56580188018492,1.0660180452563945,timesfm3,,24
2014-12-25,14.269053208333332,16.615665072713906,0.47811201289427685,timesfm3,,24
2014-12-26,51.68414083333334,55.638257687273835,1.73177633075927,timesfm3,,24
2014-12-27,4.2939787083333325,5.622080165238266,0.14387799762127407,timesfm3,,24
2014-12-28,2.787872374999999,3.825906920410641,0.09341301440554978,timesfm3,,24
2014-12-29,12.419749041666668,15.137659698695208,0.41614752760786683,timesfm3,,24
2014-12-30,17.441995000000002,20.386722415484765,0.5844275171299862,timesfm3,,24
2014-12-31,21.470198875000005,31.062482253328653,0.7194002188856994,timesfm3,,24
2014-03-14,6.704029624999997,8.776608317289202,0.2246313789508953,toto2,,24
2014-03-15,4.752819333333334,7.3811215818599285,0.1592523333682527,toto2,,24
2014-03-16,1.4178008750000002,1.692747926256828,0.04750613935854081,toto2,,24
2014-03-17,6.176564375000001,10.298505397064188,0.20695764343899742,toto2,,24
2014-03-18,6.75786975,10.425420384386404,0.22643539566892096,toto2,,24
2014-03-19,11.464466708333331,15.680392597659548,0.38413895965287426,toto2,,24
2014-03-20,14.973411625000002,18.358771246000632,0.5017128934484859,toto2,,24
2014-03-21,23.282986583333336,29.64048237395423,0.7801411501533101,toto2,,24
2014-03-22,6.149543166666667,6.936554382123273,0.20605224599471983,toto2,,24
2014-03-23,0.9723889999999997,1.2519691610429475,0.03258175965275245,toto2,,24
2014-03-24,13.566476541666665,20.566107035999632,0.4545708332933504,toto2,,24
2014-03-25,12.678342458333333,15.758266465148608,0.4248121963254453,toto2,,24
2014-03-26,8.407528541666666,12.780327157032739,0.28171037950680206,toto2,,24
2014-03-27,21.070003333333332,30.083111124171886,0.7059908992073747,toto2,,24
2014-03-28,13.387730333333332,18.602820612166667,0.44858159853364266,toto2,,24
2014-03-29,5.5584706666666674,8.385099930102498,0.1862472274966172,toto2,,24
2014-04-14,8.612617083333335,12.99537611860858,0.2885822647010164,toto2,,24
2014-04-15,9.773148208333335,12.525258167569792,0.3274680873340248,toto2,,24
2014-04-16,10.223235583333334,14.478977768763189,0.3425491286405269,toto2,,24
2014-04-17,10.186471541666668,13.632281785123977,0.3413172788669825,toto2,,24
2014-04-18,18.002224125,22.39556977059754,0.6031990691541472,toto2,,24
2014-04-19,6.791389416666667,10.03060768424672,0.22755853643148996,toto2,,24
2014-04-20,1.953443374999999,2.2988249755446164,0.06545386932545676,toto2,,24
2014-04-21,5.232850041666665,9.733845868661442,0.17533668352529594,toto2,,24
2014-04-22,13.779557000000002,20.375376287064196,0.461710502993558,toto2,,24
2014-04-23,14.793667125,18.667933606466384,0.49569020901056626,toto2,,24
2014-04-24,9.535567958333333,12.029958253969824,0.3195075050940561,toto2,,24
2014-04-25,8.943443625000002,11.945465310966306,0.29966724290144303,toto2,,24
2014-04-26,5.46237025,8.322003930620053,0.18302719860040106,toto2,,24
2014-04-27,2.4530114583333322,3.047089002947642,0.08219285672798071,toto2,,24
2014-04-28,8.096375791666667,14.292119993199144,0.27128460945408345,toto2,,24
2014-04-29,12.014765500000001,15.719167661342201,0.4025777768004187,toto2,,24
2014-04-30,7.929272208333333,8.860147176785452,0.265685483189512,toto2,,24
2014-05-01,14.321165625,20.6488203398337,0.47985813942877853,toto2,,24
2014-05-02,14.606050875,18.383666358914393,0.4894037664814439,toto2,,24
2014-05-03,13.103223250000001,17.28517892699695,0.4390486426809209,toto2,,24
2014-05-04,5.392270375,6.525497551983875,0.18067836775293364,toto2,,24
2014-05-05,10.586513041666667,16.370703833633236,0.3547214370836288,toto2,,24
2014-05-06,11.245700333333334,14.663648922661114,0.3768087724023461,toto2,,24
2014-05-07,11.039328499999998,14.277937300432612,0.3698938880579483,toto2,,24
2014-05-08,18.844792958333333,22.43044672913637,0.6314309549720315,toto2,,24
2014-05-09,16.607533333333333,21.651353053220973,0.5564672774905327,toto2,,24
2014-05-10,8.114351333333333,11.432253017120672,0.27188691447626223,toto2,,24
2014-05-11,2.039295958333333,2.3557780900802623,0.06833052489821066,toto2,,24
2014-05-12,7.268513375000001,10.376640746827691,0.24354549035115233,toto2,,24
2014-05-13,12.704659041666668,18.975824496877298,0.42569398395678254,toto2,,24
2014-05-14,9.367227499999998,12.797248440926813,0.3138669349588007,toto2,,24
2014-05-15,12.244548333333334,17.280149500798306,0.4102770916301783,toto2,,24
2014-05-16,13.943780333333331,18.804658420672,0.46721312095410705,toto2,,24
2014-05-17,30.523087291666666,45.66626968903093,1.0227346195782412,toto2,,24
2014-05-18,10.831137208333333,12.569772087376657,0.3629180392701901,toto2,,24
2014-05-19,7.6013813333333315,10.614609560634706,0.25469887013487985,toto2,,24
2014-05-20,19.440062625000003,25.341436780138217,0.6513766075944979,toto2,,24
2014-05-21,14.397368708333332,19.40141340770203,0.482411469984724,toto2,,24
2014-05-22,15.897826458333332,23.384574197705927,0.5326871865751109,toto2,,24
2014-05-23,10.403962333333332,12.482886327881017,0.3486047252498294,toto2,,24
2014-05-24,24.77104058333333,29.700788067358467,0.8300012552946853,toto2,,24
2014-05-25,3.4978847500000003,4.028445455627828,0.11720334168478679,toto2,,24
2014-05-26,7.040634791666666,10.522205671863205,0.23590998107227687,toto2,,24
2014-05-27,18.8264015,22.05666692309037,0.6308147138637092,toto2,,24
2014-05-28,11.31194825,13.907001227002366,0.3790285359931816,toto2,,24
2014-05-29,13.172165583333333,14.977975899225392,0.44135868787329413,toto2,,24
2014-05-30,11.948938541666669,16.61722783918875,0.40037211822644425,toto2,,24
2014-05-31,13.477247041666667,14.725652140760058,0.45158102764670566,toto2,,24
2014-06-01,2.856336500000001,3.313866276945695,0.09570703630993792,toto2,,24
2014-06-02,5.762021166666667,8.469675432338525,0.19306757765298216,toto2,,24
2014-06-03,9.488572916666667,13.304203180337074,0.31793284603018934,toto2,,24
2014-06-04,19.261622583333335,24.057356230459302,0.6453976315365514,toto2,,24
2014-06-05,10.540626750000001,17.074848458362826,0.35318392881642363,toto2,,24
2014-06-06,14.83177975,19.526720814544255,0.49696724565689354,toto2,,24
2014-06-07,14.798957166666666,18.407186707256937,0.49586746200924925,toto2,,24
2014-06-08,1.934899125,2.541787966173524,0.06483250863910538,toto2,,24
2014-06-09,8.966020458333334,15.904183162248064,0.3004237230317066,toto2,,24
2014-06-10,14.988705958333332,19.255737535192743,0.5022253594396845,toto2,,24
2014-06-11,13.079627041666669,16.731659443341968,0.4382580064348991,toto2,,24
2014-06-12,5.678059708333332,7.06994126084744,0.19025428785279797,toto2,,24
2014-06-13,15.199088666666668,20.46960704945019,0.5092746358486236,toto2,,24
2014-06-14,7.514092833333334,11.380098502283166,0.2517741014183999,toto2,,24
2014-06-15,1.9106912083333334,2.6403289683143893,0.06402137593138534,toto2,,24
2014-06-16,10.187503791666666,14.003434019439528,0.3413518663843253,toto2,,24
2014-06-17,13.088253125000001,15.287817043705454,0.43854703991215077,toto2,,24
2014-06-18,13.090877166666667,19.07875432319217,0.4386349634642499,toto2,,24
2014-06-19,9.047617625,10.682648150203656,0.3031577927020535,toto2,,24
2014-06-20,10.220673083333335,13.543864404734713,0.34246326716008013,toto2,,24
2014-06-21,3.4269787083333334,4.9033538943689825,0.11482749867595865,toto2,,24
2014-06-22,1.480531083333333,1.9907955212590263,0.04960803538048649,toto2,,24
2014-06-23,17.154672791666666,25.150728678001325,0.574800235111355,toto2,,24
2014-06-24,13.629922958333333,16.016349337918044,0.4566967272500506,toto2,,24
2014-06-25,17.529299625,21.410646720200784,0.5873528261455383,toto2,,24
2014-06-26,8.279237666666665,14.514873702853672,0.2774117475242402,toto2,,24
2014-06-27,15.593509124999999,19.47856441679646,0.5224904502763321,toto2,,24
2014-06-28,3.978130708333334,6.4851415095869065,0.13329490420618764,toto2,,24
2014-06-29,1.9592983750000013,2.2512580495008705,0.0656500523373655,toto2,,24
2014-06-30,15.999796166666668,23.03304527373897,0.5361038773529561,toto2,,24
2014-07-01,7.453662833333336,10.63303270497288,0.24974927829121957,toto2,,24
2014-07-02,11.931035791666666,16.93000750831948,0.3997722522287588,toto2,,24
2014-07-03,15.03080891666667,17.939338500594744,0.503636099862588,toto2,,24
2014-07-04,10.106143666666668,12.988166365155179,0.33862573924995026,toto2,,24
2014-07-05,6.471456666666666,7.656704559848975,0.21683857562820633,toto2,,24
2014-07-06,1.5183306666666656,2.151730766381565,0.05087458296498285,toto2,,24
2014-07-07,10.336275833333335,14.525045845326325,0.34633675916348333,toto2,,24
2014-07-08,6.194241916666666,10.290200730414295,0.20754996339925488,toto2,,24
2014-07-09,7.301180041666666,9.10760121968493,0.24464004971164474,toto2,,24
2014-07-10,21.625077916666665,25.750546807844795,0.724589738420404,toto2,,24
2014-07-11,11.938798916666665,15.848619238302756,0.4000323706308635,toto2,,24
2014-07-12,5.0457483750000005,7.900000484889471,0.1690674830983447,toto2,,24
2014-07-13,1.75890875,2.676996748660241,0.05893561336422282,toto2,,24
2014-07-14,7.493689083333333,11.432212418371035,0.2510904346157984,toto2,,24
2014-07-15,8.303847166666669,11.025356598991952,0.27823633605226195,toto2,,24
2014-07-16,9.478489375,11.279857967511512,0.3175949776143271,toto2,,24
2014-07-17,13.522281416666665,17.351546771997747,0.45308999081099677,toto2,,24
2014-07-18,11.163510291666668,16.06723519780511,0.37405483731727934,toto2,,24
2014-07-19,5.221619041666666,5.635436203584551,0.17496036731577483,toto2,,24
2014-07-20,1.3583859583333344,1.6500821253707476,0.04551532854659043,toto2,,24
2014-07-21,5.3054905833333335,7.610577525583413,0.17777064428547437,toto2,,24
2014-07-22,9.025277416666666,13.179757435425527,0.3024092411465452,toto2,,24
2014-07-23,13.601690249999999,16.811890444579102,0.45575073617316375,toto2,,24
2014-07-24,8.807604041666668,11.883385349665703,0.2951156769587013,toto2,,24
2014-07-25,10.709990416666669,15.821980091307196,0.35885878351062755,toto2,,24
2014-07-26,5.847827125000001,10.72778118446941,0.19594267096562842,toto2,,24
2014-07-27,2.5034347500000007,2.90176383565258,0.08388238588759074,toto2,,24
2014-07-28,11.952916208333333,17.224567633556944,0.40050539758204373,toto2,,24
2014-07-29,7.701195999999999,10.034179460988119,0.25804335210572993,toto2,,24
2014-07-30,6.375042083333333,7.99842203075186,0.21360801997487527,toto2,,24
2014-07-31,10.550203791666666,14.087310614313433,0.3535048259777116,toto2,,24
2014-08-01,8.737882333333332,11.879769877020388,0.2927795173111774,toto2,,24
2014-08-02,5.30925275,6.576603310542634,0.17789670289998658,toto2,,24
2014-08-03,2.304062416666667,2.616935922960365,0.07720203322412465,toto2,,24
2014-08-04,9.927901416666664,13.1819819063244,0.33265339058139687,toto2,,24
2014-08-05,17.412312458333336,23.100330961165977,0.5834329466047478,toto2,,24
2014-08-06,6.612070291666666,9.796061320928215,0.22155010499932454,toto2,,24
2014-08-07,14.371922583333335,15.617516397636983,0.4815588487304278,toto2,,24
2014-08-08,10.857714999999999,18.380648622794183,0.3638085791880463,toto2,,24
2014-08-09,7.674283583333334,10.382128325950205,0.2571415999350369,toto2,,24
2014-08-10,1.9006170000000007,2.673223802784244,0.06368382024676898,toto2,,24
2014-08-11,8.291765375,11.753135173214787,0.27783151243511073,toto2,,24
2014-08-12,10.078815000000002,14.38986790469911,0.3377100398241407,toto2,,24
2014-08-13,8.319044166666668,11.897601375164111,0.2787455407033253,toto2,,24
2014-08-14,11.307142,14.485656151295123,0.3788674933627826,toto2,,24
2014-08-15,8.678781333333333,10.142547636622863,0.2907992248796122,toto2,,24
2014-08-16,4.722200375000001,8.97284928096762,0.15822638640542785,toto2,,24
2014-08-17,1.338604125,1.807367052831584,0.044852500255487274,toto2,,24
2014-08-18,5.13562125,7.271459318676173,0.17207884625912898,toto2,,24
2014-08-19,11.577557708333332,15.670471915845349,0.38792829065198003,toto2,,24
2014-08-20,7.851509208333334,11.609319660152833,0.2630798846318597,toto2,,24
2014-08-21,6.032293125000002,8.30006300371089,0.20212355832254492,toto2,,24
2014-08-22,9.291192083333334,11.601312829317195,0.31131922239630755,toto2,,24
2014-08-23,5.720572083333334,6.082875506782785,0.19167874656686995,toto2,,24
2014-08-24,1.5735540000000003,1.866237671390759,0.05272494673286849,toto2,,24
2014-08-25,9.960088416666665,12.349599572322076,0.333731877789647,toto2,,24
2014-08-26,10.396673875000001,18.0213576251614,0.348360511465371,toto2,,24
2014-08-27,12.802931416666667,14.27376271255692,0.42898678848537664,toto2,,24
2014-08-28,12.955014958333336,14.893956202557382,0.43408263942746134,toto2,,24
2014-08-29,4.996812666666664,10.110545543715364,0.16742779827328608,toto2,,24
2014-08-30,3.874287500000001,4.563973483017495,0.1298154382152238,toto2,,24
2014-08-31,1.6363010833333325,2.090231563719734,0.05482740818407563,toto2,,24
2014-09-01,10.212583375,14.04875320885014,0.3421922059566136,toto2,,24
2014-09-02,19.4229915,23.874597103964387,0.650804606788491,toto2,,24
2014-09-03,14.388900666666666,17.179168805197122,0.4821277319968274,toto2,,24
2014-09-04,10.797285958333335,13.66581021446398,0.36178378817166357,toto2,,24
2014-09-05,12.174284791666667,14.337603275068323,0.40792277681693534,toto2,,24
2014-09-06,2.299590833333333,2.7809077443238586,0.07705220424268415,toto2,,24
2014-09-07,2.0605234583333334,2.5778457452911865,0.0690417930255021,toto2,,24
2014-09-08,8.552071,15.488582548085356,0.2865535519789656,toto2,,24
2014-09-09,8.978409625000001,12.24096493443917,0.30083884583814646,toto2,,24
2014-09-10,16.545324125,20.37349404921227,0.5543828385734896,toto2,,24
2014-09-11,8.681194916666668,12.703332234145815,0.2908800966213417,toto2,,24
2014-09-12,9.66130025,14.508450191402442,0.3237204068316047,toto2,,24
2014-09-13,2.8303288750000006,4.029121108068809,0.09483560092051153,toto2,,24
2014-09-14,1.1834141250000003,1.4984015392836543,0.039652561465033404,toto2,,24
2014-09-15,10.598491458333333,14.455255995323059,0.35512279692300774,toto2,,24
2014-09-16,9.832950833333332,12.942154516641548,0.3294718890577728,toto2,,24
2014-09-17,8.874888625000002,10.957540154880808,0.2973701760557728,toto2,,24
2014-09-18,9.519841291666667,12.299520543687946,0.3189805529447905,toto2,,24
2014-09-19,13.698519208333336,18.39329391584658,0.4589951762561379,toto2,,24
2014-09-20,3.5955867083333337,5.562594148204944,0.12047703330822135,toto2,,24
2014-09-21,2.1502214583333346,2.803242462984748,0.07204729666379155,toto2,,24
2014-09-22,9.955345083333334,12.8127946186714,0.3335729433029144,toto2,,24
2014-09-23,10.226669458333332,13.24638817900162,0.34266418721269043,toto2,,24
2014-09-24,16.144515333333334,19.307813155235074,0.5409529707769664,toto2,,24
2014-09-25,8.996921208333333,11.357471455989856,0.3014591119651373,toto2,,24
2014-09-26,15.65829391666667,20.226050803527794,0.5246611890560151,toto2,,24
2014-09-27,1.9319255416666667,2.4248341391734147,0.06473287302262463,toto2,,24
2014-09-28,1.713569041666667,2.14936019111286,0.05741641942060298,toto2,,24
2014-09-29,11.545398874999998,16.352059419036415,0.386850747221954,toto2,,24
2014-09-30,11.400545625,14.918987880843671,0.3819971610785278,toto2,,24
2014-10-01,7.978487458333331,11.083941321033588,0.2673345345946082,toto2,,24
2014-10-02,14.336085458333335,18.136563612836877,0.48035805707873735,toto2,,24
2014-10-03,12.33447583333333,15.431407153941402,0.4132902851064237,toto2,,24
2014-10-04,8.032731625,12.807931262785985,0.26915208950411174,toto2,,24
2014-10-05,0.8230308750000002,1.052656414316636,0.027577229026700796,toto2,,24
2014-10-06,8.901658333333335,12.302993667701486,0.29826714650987185,toto2,,24
2014-10-07,17.59239129166667,21.305018553527294,0.5894668335226528,toto2,,24
2014-10-08,13.4805185,18.563729700323428,0.45169064413674276,toto2,,24
2014-10-09,11.987168416666668,14.921441018855866,0.4016530835590475,toto2,,24
2014-10-10,8.067333583333335,12.864368256136991,0.2703114945261053,toto2,,24
2014-10-11,7.9751510833333334,12.254649869207798,0.26722274294706655,toto2,,24
2014-10-12,3.4949531249999986,9.255368337804864,0.1171051119627907,toto2,,24
2014-10-13,14.726443208333334,21.35626573674499,0.49343774266659285,toto2,,24
2014-10-14,13.231375833333336,19.99047668819917,0.44334264093578196,toto2,,24
2014-10-15,15.685088041666667,22.458810654501004,0.5255589776373911,toto2,,24
2014-10-16,10.517378874999999,11.942403349608309,0.3524049641472559,toto2,,24
2014-10-17,15.2548485,19.956247276771325,0.5111429760786592,toto2,,24
2014-10-18,33.383753541666664,44.70371939123619,1.11858673247158,toto2,,24
2014-10-19,8.158993,10.795753651125949,0.27338271919415974,toto2,,24
2014-10-20,11.409853583333335,14.961547589775712,0.3823090420863082,toto2,,24
2014-10-21,15.696027291666667,21.4247180967778,0.5259255182032361,toto2,,24
2014-10-22,14.608352374999997,17.845043092615818,0.4894808826559798,toto2,,24
2014-10-23,16.841837583333334,22.861640772541126,0.5643180910632062,toto2,,24
2014-10-24,9.941696625,12.84857863107699,0.3331156255123519,toto2,,24
2014-10-25,27.334246291666663,38.23961967722085,0.9158863818535827,toto2,,24
2014-11-10,10.677635708333336,14.511304948182978,0.35777467691280346,toto2,,24
2014-11-11,15.906240708333335,20.83796380076864,0.5329691221699792,toto2,,24
2014-11-12,13.379298624999999,19.348371180564527,0.44829907796381024,toto2,,24
2014-11-13,21.554311291666668,27.280653605391105,0.7222185668345609,toto2,,24
2014-11-14,14.826357958333334,19.139949977570208,0.49678557812160606,toto2,,24
2014-11-15,41.47235358333334,50.428553862177324,1.3896108004987038,toto2,,24
2014-11-16,2.581548583333332,3.174669882763993,0.08649973978939522,toto2,,24
2014-11-17,14.301467500000001,24.25965294020394,0.4791981159460367,toto2,,24
2014-11-18,11.731823458333336,14.449129223596689,0.3930972606723646,toto2,,24
2014-11-19,9.890912583333332,13.301342798906271,0.3314140087316409,toto2,,24
2014-11-20,11.191678166666668,13.112886536482081,0.37499865602890475,toto2,,24
2014-11-21,15.392724458333333,18.839115888775158,0.5157627746739843,toto2,,24
2014-11-22,6.822467875,15.227675430359216,0.22859987982368665,toto2,,24
2014-11-23,2.3542697083333333,2.896481666343561,0.07888432488918766,toto2,,24
2014-11-24,11.335425416666668,16.57264989541827,0.3798151835196972,toto2,,24
2014-11-25,13.720204541666668,18.383435223477324,0.4597217849679358,toto2,,24
2014-11-26,14.664073875000001,18.478753410731755,0.491347938454113,toto2,,24
2014-11-27,8.04866,14.181124261970215,0.2696858002782041,toto2,,24
2014-11-28,12.315119666666666,18.359750751811234,0.4126417195939262,toto2,,24
2014-11-29,2.5732560416666668,3.651121452081637,0.08622188226581802,toto2,,24
2014-11-30,1.3555642083333332,1.7560563691410098,0.04542078039734132,toto2,,24
2014-12-01,7.560048749999999,10.544228368946673,0.2533139426048543,toto2,,24
2014-12-02,16.342459541666667,19.62555800435751,0.5475854713714516,toto2,,24
2014-12-03,15.92469175,20.57512061907962,0.5335873597322368,toto2,,24
2014-12-04,10.84651495833333,15.659044568189335,0.36343330029689863,toto2,,24
2014-12-05,25.054801333333334,36.521483961950175,0.8395092038167118,toto2,,24
2014-12-06,6.326868375,6.947310635655232,0.21199386742224618,toto2,,24
2014-12-07,1.699975625000001,2.289878380977116,0.05696094590671808,toto2,,24
2014-12-08,10.750696583333335,15.77998097165289,0.36022272174801834,toto2,,24
2014-12-09,15.961730166666667,19.026698837720513,0.5348284029667364,toto2,,24
2014-12-10,8.811449791666666,11.516518939141179,0.2952445361932098,toto2,,24
2014-12-11,10.206188291666665,12.419899685268646,0.3419779264160943,toto2,,24
2014-12-12,8.300364708333333,13.455392167160579,0.27811964960227387,toto2,,24
2014-12-13,3.8099037083333336,4.669184307658464,0.12765813571013965,toto2,,24
2014-12-14,1.3700272916666674,2.227426597819734,0.045905393761956126,toto2,,24
2014-12-15,7.181486583333335,11.154095770182945,0.24062949067465098,toto2,,24
2014-12-16,14.48573329166667,16.30649851568724,0.48537229493850526,toto2,,24
2014-12-17,6.5849317916666665,8.234632873292735,0.2206407774726493,toto2,,24
2014-12-18,9.189965000000003,11.092851099417988,0.3079274146943326,toto2,,24
2014-12-19,6.998038333333334,10.563083151907533,0.234482704984749,toto2,,24
2014-12-20,5.211813208333333,7.884407760567706,0.17463180405059842,toto2,,24
2014-12-21,1.2961519166666666,1.6026025224508,0.04343005754105381,toto2,,24
2014-12-22,8.005738416666668,11.287269706191145,0.2682476302535718,toto2,,24
2014-12-23,11.200036125000002,14.344932378132098,0.3752787054634463,toto2,,24
2014-12-24,31.430313916666663,45.040723012735064,1.05313298879707,toto2,,24
2014-12-25,10.674394583333333,12.911671082908866,0.35766607679931534,toto2,,24
2014-12-26,57.83939495833334,60.449459902743314,1.9380199333734125,toto2,,24
2014-12-27,5.401743458333332,7.030080415668054,0.1809957815907466,toto2,,24
2014-12-28,1.5079442916666668,1.9737355295869705,0.050526567537089985,toto2,,24
2014-12-29,10.216033958333332,15.109769572353748,0.3423078243735521,toto2,,24
2014-12-30,19.520252541666668,22.478184315883432,0.6540635246528023,toto2,,24
2014-12-31,26.231267333333335,35.313987453198386,0.8789289550187874,toto2,,24
2014-03-14,11.002515053571429,17.19060511937172,0.36866038288303876,seasonal-naive,,168
2014-03-15,12.699421005952383,19.593190341577476,0.4255184735173438,seasonal-naive,,168
2014-03-16,12.273304517857143,18.87911138971006,0.4112406227814819,seasonal-naive,,168
2014-03-17,12.273304505952384,18.876881840142058,0.41124062238259007,seasonal-naive,,168
2014-03-18,13.214146482142858,20.282433810012673,0.44276533845759575,seasonal-naive,,168
2014-03-19,12.65243036904762,19.901336895406004,0.4239439620434782,seasonal-naive,,168
2014-03-20,12.11060849404762,19.295612737152904,0.4057891802577384,seasonal-naive,,168
2014-03-21,13.981510345238096,22.10663386045861,0.46847733741436787,seasonal-naive,,168
2014-03-22,13.248683327380954,21.107182357791675,0.4439225617403683,seasonal-naive,,168
2014-03-23,13.112447041666666,21.161028013343902,0.43935770352300196,seasonal-naive,,168
2014-04-14,11.829402267857144,18.30198503285395,0.39636682595858896,seasonal-naive,,168
2014-04-15,10.72134794047619,16.315005711775168,0.35923933914321104,seasonal-naive,,168
2014-04-16,10.441971916666667,16.289297257458934,0.3498783092873575,seasonal-naive,,168
2014-04-17,11.585517333333334,18.356497500303753,0.3881949931637074,seasonal-naive,,168
2014-04-18,13.18527949404762,21.18591418001131,0.4417980946199773,seasonal-naive,,168
2014-04-19,14.024959398809523,21.954418603701193,0.4699331813416478,seasonal-naive,,168
2014-04-20,14.65554955952381,22.682414396377165,0.4910623149042276,seasonal-naive,,168
2014-04-21,14.717281642857142,22.69314995487881,0.493130766832448,seasonal-naive,,168
2014-04-22,14.787687559523809,22.510471604519775,0.4954898521933119,seasonal-naive,,168
2014-04-23,14.240036845238095,21.551604144217258,0.4771397639606032,seasonal-naive,,168
2014-04-24,12.208528261904762,18.629539548703903,0.40907017000728796,seasonal-naive,,168
2014-04-25,11.142212375,16.775281578078467,0.3733412097444276,seasonal-naive,,168
2014-04-26,11.493565946428571,17.760081867059878,0.38511398547247666,seasonal-naive,,168
2014-04-27,12.886884809523808,18.706958587658317,0.43179980803630175,seasonal-naive,,168
2014-04-28,12.840988613095238,18.706899928744875,0.4302619678910397,seasonal-naive,,168
2014-04-29,13.16950374404762,19.030826163456997,0.4412694978394277,seasonal-naive,,168
2014-04-30,13.273053654761906,19.035156089548458,0.44473913633076895,seasonal-naive,,168
2014-05-01,13.465292500000002,19.456731857529284,0.4511804677850227,seasonal-naive,,168
2014-05-02,14.446639541666668,20.088818430390397,0.48406238381607913,seasonal-naive,,168
2014-05-03,14.538710375000003,20.714504993010884,0.4871473937891407,seasonal-naive,,168
2014-05-04,12.99696019642857,19.17508655831651,0.43548809513109066,seasonal-naive,,168
2014-05-05,13.06468049404762,19.172263044261612,0.4377571936715274,seasonal-naive,,168
2014-05-06,13.61173430357143,20.214073015427637,0.4560872814646096,seasonal-naive,,168
2014-05-07,13.751651113095239,20.634391305572723,0.4607754626958706,seasonal-naive,,168
2014-05-08,14.169968875,21.047294730286715,0.47479200214341505,seasonal-naive,,168
2014-05-09,14.034250011904764,21.50883844735521,0.47024448116393686,seasonal-naive,,168
2014-05-10,13.43079555952381,20.11757826557991,0.45002458158788283,seasonal-naive,,168
2014-05-11,16.550961309523807,26.162738017803306,0.5545717232598372,seasonal-naive,,168
2014-05-12,18.044686761904764,28.096045693277976,0.6046218612978809,seasonal-naive,,168
2014-05-13,17.23644044642857,27.42871148963878,0.5775400173125333,seasonal-naive,,168
2014-05-14,18.314513791666666,28.538590967232118,0.6136629337817514,seasonal-naive,,168
2014-05-15,19.25099968452381,29.586400925652637,0.6450416909244842,seasonal-naive,,168
2014-05-16,18.50092406547619,28.974780644827558,0.6199089677641039,seasonal-naive,,168
2014-05-17,18.34877236904762,28.69711144324607,0.6148108331659191,seasonal-naive,,168
2014-05-18,19.815819339285714,30.248356458042,0.6639670574584566,seasonal-naive,,168
2014-05-19,19.676141339285714,30.151509432576002,0.6592868779986137,seasonal-naive,,168
2014-05-20,19.97833617261905,30.054572063830047,0.6694124958613933,seasonal-naive,,168
2014-05-21,19.318640422619048,29.160537164310828,0.647308123670385,seasonal-naive,,168
2014-05-22,19.78605755357143,29.154508314164037,0.6629698317093177,seasonal-naive,,168
2014-05-23,19.60740625,28.54575093794302,0.6569837769157986,seasonal-naive,,168
2014-05-24,19.23940108333333,28.524663396585506,0.6446530575315763,seasonal-naive,,168
2014-05-25,17.47718186309524,24.031869289840692,0.5856065205085759,seasonal-naive,,168
2014-05-26,16.230802494047616,21.898985565329834,0.5438441876989092,seasonal-naive,,168
2014-05-27,15.960597452380952,21.71160673346098,0.5347904492006897,seasonal-naive,,168
2014-05-28,17.711297589285714,23.741927362329797,0.5934510172291966,seasonal-naive,,168
2014-05-29,17.51241344047619,23.593774266768325,0.5867870221251239,seasonal-naive,,168
2014-05-30,17.96152776190476,24.06366919318034,0.601835459404232,seasonal-naive,,168
2014-05-31,18.117459398809522,24.11642790750111,0.6070602481625286,seasonal-naive,,168
2014-06-01,15.277246666666667,21.434944233522963,0.5118934696393594,seasonal-naive,,168
2014-06-02,14.994349398809524,21.398795234911802,0.5024144537437232,seasonal-naive,,168
2014-06-03,15.035152732142857,21.87966528431315,0.5037816477367628,seasonal-naive,,168
2014-06-04,13.73187580952381,20.532488189456203,0.46011285319697204,seasonal-naive,,168
2014-06-05,13.690336767857142,21.28282524631241,0.4587210078842535,seasonal-naive,,168
2014-06-06,11.853176083333333,19.462339142057488,0.3971634132727956,seasonal-naive,,168
2014-06-07,12.137724636904762,19.60753251363052,0.4066977586654344,seasonal-naive,,168
2014-06-08,12.628159333333334,19.81193846647226,0.42313071441092964,seasonal-naive,,168
2014-06-09,12.636156815476191,19.812546601222156,0.4233986853988838,seasonal-naive,,168
2014-06-10,12.758427345238095,19.535440674962842,0.42749559416000416,seasonal-naive,,168
2014-06-11,12.802453428571429,19.258665282441832,0.42897077257689153,seasonal-naive,,168
2014-06-12,12.075753708333334,17.201966417240225,0.40462130376912014,seasonal-naive,,168
2014-06-13,12.541539351190476,17.759102436951583,0.4202283456682718,seasonal-naive,,168
2014-06-14,11.828765476190476,17.363331982090056,0.3963454890316675,seasonal-naive,,168
2014-06-15,11.28065717857143,16.812052410239893,0.37798006859118216,seasonal-naive,,168
2014-06-16,11.274748589285716,16.803943548650558,0.37778208996740714,seasonal-naive,,168
2014-06-17,12.429415154761907,19.04171036401725,0.41647140927831505,seasonal-naive,,168
2014-06-18,12.142101309523811,18.818016456264193,0.4068444074812403,seasonal-naive,,168
2014-06-19,12.022397095238096,18.66643098357712,0.4028334880454191,seasonal-naive,,168
2014-06-20,12.306348708333335,18.883244091600414,0.4123478318017557,seasonal-naive,,168
2014-06-21,13.611416375000001,20.1601044652134,0.45607662865765575,seasonal-naive,,168
2014-06-22,13.972319154761905,20.671343984353786,0.4681693689377418,seasonal-naive,,168
2014-06-23,14.175599285714286,20.69640976352763,0.4749806598602744,seasonal-naive,,168
2014-06-24,13.407001970238095,18.933288847495074,0.4492273317142382,seasonal-naive,,168
2014-06-25,13.19837018452381,18.592772323659442,0.4422367233280189,seasonal-naive,,168
2014-06-26,13.53350981547619,19.2952368161581,0.45346621986263885,seasonal-naive,,168
2014-06-27,13.842786994047618,19.673659745299368,0.4638291452950488,seasonal-naive,,168
2014-06-28,12.994632446428572,18.494075154966463,0.4354100993999258,seasonal-naive,,168
2014-06-29,12.446325172619048,18.147774854052795,0.4170380118803037,seasonal-naive,,168
2014-06-30,12.191260119047618,18.117985070620595,0.40849156773986117,seasonal-naive,,168
2014-07-01,11.928396636904763,18.242331410941052,0.3996838222833987,seasonal-naive,,168
2014-07-02,11.469016797619048,17.97279434776258,0.3842914191269179,seasonal-naive,,168
2014-07-03,10.369636577380954,16.45354786924616,0.347454574918697,seasonal-naive,,168
2014-07-04,11.89919136904762,18.853032150960182,0.39870524373313154,seasonal-naive,,168
2014-07-05,11.78513706547619,18.757425459596796,0.3948836353990941,seasonal-naive,,168
2014-07-06,11.943635119047618,18.507697883906953,0.40019441687327095,seasonal-naive,,168
2014-07-07,12.202460190476192,18.53758513541365,0.4088668476282386,seasonal-naive,,168
2014-07-08,12.214734738095238,18.378993351829475,0.4092781299035112,seasonal-naive,,168
2014-07-09,11.903070351190475,17.95838022073806,0.39883521647436565,seasonal-naive,,168
2014-07-10,11.51045613690476,17.60026261516175,0.3856799237200138,seasonal-naive,,168
2014-07-11,10.61513231547619,16.033944372680633,0.3556803807786914,seasonal-naive,,168
2014-07-12,10.510766595238096,15.665041263676772,0.35218340702355433,seasonal-naive,,168
2014-07-13,10.661426351190476,15.585399046458008,0.35723155129275397,seasonal-naive,,168
2014-07-14,11.087582732142858,15.719059582079495,0.3715107387153568,seasonal-naive,,168
2014-07-15,10.50087961904762,14.677324558562029,0.3518521249112201,seasonal-naive,,168
2014-07-16,11.378477928571428,15.41904869001692,0.38125774055739314,seasonal-naive,,168
2014-07-17,11.801411529761905,15.753832838179173,0.3954289425589185,seasonal-naive,,168
2014-07-18,10.740944678571429,14.13240705545485,0.35989596546312724,seasonal-naive,,168
2014-07-19,10.105102446428573,13.485446680494107,0.33859085116756427,seasonal-naive,,168
2014-07-20,9.817311154761905,13.68884643811928,0.32894785161158563,seasonal-naive,,168
2014-07-21,9.492496529761905,13.56779092870433,0.3180643142171386,seasonal-naive,,168
2014-07-22,10.287712059523809,15.132284857367175,0.3447095367184612,seasonal-naive,,168
2014-07-23,9.601795547619046,14.13336992191044,0.32172658757698047,seasonal-naive,,168
2014-07-24,9.708627744047618,14.23216859322005,0.32530620535053756,seasonal-naive,,168
2014-07-25,9.816037160714286,14.626527810223775,0.32890516399597236,seasonal-naive,,168
2014-07-26,10.302294125,14.971949320410905,0.3451981368081228,seasonal-naive,,168
2014-07-27,10.01776550595238,14.938882999223976,0.33566445935996253,seasonal-naive,,168
2014-07-28,9.78687201190476,14.88795019665891,0.32792792971139206,seasonal-naive,,168
2014-07-29,9.70789163095238,14.782972103229326,0.32528154046853425,seasonal-naive,,168
2014-07-30,10.715817595238097,16.68871792470207,0.35905403431217703,seasonal-naive,,168
2014-07-31,10.973747523809525,17.09718288551782,0.36769647158775903,seasonal-naive,,168
2014-08-01,10.89178288690476,16.736150940318325,0.3649500891218363,seasonal-naive,,168
2014-08-02,11.07300036904762,17.77285230661877,0.37102212865339784,seasonal-naive,,168
2014-08-03,11.462451422619047,17.756813560871542,0.38407143363728335,seasonal-naive,,168
2014-08-04,11.363039660714284,17.74831138138123,0.38074045176373517,seasonal-naive,,168
2014-08-05,11.78040251190476,18.118884345600268,0.39472499509513403,seasonal-naive,,168
2014-08-06,11.322236279761904,17.133049086933298,0.379373256175128,seasonal-naive,,168
2014-08-07,10.472172095238093,16.39180464338759,0.3508902242305381,seasonal-naive,,168
2014-08-08,11.36319881547619,17.23402847641458,0.3807457845494825,seasonal-naive,,168
2014-08-09,11.777080077380953,17.06252674661151,0.3946136705500017,seasonal-naive,,168
2014-08-10,12.372059684523808,18.293463563396134,0.4145496041714408,seasonal-naive,,168
2014-08-11,12.380196404761906,18.296440599592223,0.4148222405990016,seasonal-naive,,168
2014-08-12,11.113047511904762,16.757237729856904,0.37236398503325285,seasonal-naive,,168
2014-08-13,10.734279535714286,16.318300383507108,0.35967263705996483,seasonal-naive,,168
2014-08-14,11.32794606547619,17.05513564733968,0.37956457350369877,seasonal-naive,,168
2014-08-15,10.5310195,16.027461313618353,0.3528620194669514,seasonal-naive,,168
2014-08-16,9.640251315476192,14.663737924652471,0.32301512188329573,seasonal-naive,,168
2014-08-17,8.708779369047619,13.158697648895668,0.29180436663841197,seasonal-naive,,168
2014-08-18,8.700841476190476,13.144475176304335,0.2915383923038393,seasonal-naive,,168
2014-08-19,9.189485922619047,13.650743345634332,0.307911362287239,seasonal-naive,,168
2014-08-20,9.682745660714286,15.569477019464154,0.3244389764755923,seasonal-naive,,168
2014-08-21,9.900309761904762,15.253609957823105,0.33172887923473005,seasonal-naive,,168
2014-08-22,9.34702881547619,14.742960033818685,0.31319013926854045,seasonal-naive,,168
2014-08-23,8.895308279761904,15.03485903817956,0.2980543757779462,seasonal-naive,,168
2014-08-24,8.584519142857143,14.492702744252881,0.2876407892798294,seasonal-naive,,168
2014-08-25,8.652040422619047,14.503952572209124,0.2899032193450076,seasonal-naive,,168
2014-08-26,8.269413095238095,14.129490218437518,0.27708255640322077,seasonal-naive,,168
2014-08-27,8.20059881547619,13.015378905990936,0.2747768018915185,seasonal-naive,,168
2014-08-28,8.732652291666668,13.816106595278505,0.2926042747276464,seasonal-naive,,168
2014-08-29,9.371637880952381,14.928021330549507,0.3140147132370079,seasonal-naive,,168
2014-08-30,10.526045827380951,15.324131781935224,0.3526953670203839,seasonal-naive,,168
2014-08-31,10.517909041666666,15.302837224499582,0.3524227283989178,seasonal-naive,,168
2014-09-01,10.527915892857143,15.304194995822954,0.35275802715319104,seasonal-naive,,168
2014-09-02,10.982799374999999,16.31719700554507,0.36799977123419736,seasonal-naive,,168
2014-09-03,11.601950267857143,17.306229266802394,0.3887456101729951,seasonal-naive,,168
2014-09-04,11.800674714285714,17.656680906051175,0.39540425414229335,seasonal-naive,,168
2014-09-05,12.146159571428573,18.166520728125793,0.4069803873349705,seasonal-naive,,168
2014-09-06,11.45522981547619,17.626034431182088,0.38382945983026256,seasonal-naive,,168
2014-09-07,11.606526148809523,17.690279828348327,0.38889893384632956,seasonal-naive,,168
2014-09-08,11.610485071428572,17.689755479564344,0.3890315851466401,seasonal-naive,,168
2014-09-09,11.224794005952381,16.845386464416162,0.3761082657800499,seasonal-naive,,168
2014-09-10,10.053157839285713,14.790078946172112,0.33685034741321773,seasonal-naive,,168
2014-09-11,9.24302099404762,13.55184570946601,0.3097051575998954,seasonal-naive,,168
2014-09-12,8.214464773809524,11.396588698787017,0.27524140743700676,seasonal-naive,,168
2014-09-13,9.137819595238096,13.690751629414386,0.3061801828303893,seasonal-naive,,168
2014-09-14,9.014096827380953,13.615660804039203,0.30203461404475446,seasonal-naive,,168
2014-09-15,8.998201422619049,13.623025089308923,0.3015020080017659,seasonal-naive,,168
2014-09-16,9.008407160714286,13.624444846554564,0.30184397084348663,seasonal-naive,,168
2014-09-17,9.295382761904763,14.174948969723857,0.31145963912458835,seasonal-naive,,168
2014-09-18,9.967890845238097,14.952837690389009,0.333993313133344,seasonal-naive,,168
2014-09-19,10.036386761904762,15.147867315922648,0.33628840027853824,seasonal-naive,,168
2014-09-20,10.838386702380953,16.324336973870633,0.3631609474814756,seasonal-naive,,168
2014-09-21,10.856808773809524,16.369688540956282,0.36377821434030627,seasonal-naive,,168
2014-09-22,10.832895732142859,16.372860934689342,0.36297696198538504,seasonal-naive,,168
2014-09-23,11.832684773809524,17.782841912850838,0.39647681262030476,seasonal-naive,,168
2014-09-24,12.337145130952381,18.714757660155097,0.41337972504606263,seasonal-naive,,168
2014-09-25,11.515688595238096,18.196969464391113,0.3858552472785997,seasonal-naive,,168
2014-09-26,12.301355386904762,18.971681496098288,0.4121805209841151,seasonal-naive,,168
2014-09-27,11.271366613095237,17.730955213526197,0.37766877036446067,seasonal-naive,,168
2014-09-28,11.97132844047619,18.232111789874153,0.4011223347567231,seasonal-naive,,168
2014-09-29,11.935379363095239,18.219814461480897,0.39991779192564997,seasonal-naive,,168
2014-09-30,11.1727305,17.12706863721356,0.3743637780928999,seasonal-naive,,168
2014-10-01,11.337097476190475,17.106769924111536,0.3798712090830569,seasonal-naive,,168
2014-10-02,11.749347357142856,18.049380669927803,0.39368443253382224,seasonal-naive,,168
2014-10-03,12.018776107142857,18.35704660180803,0.4027121598898923,seasonal-naive,,168
2014-10-04,11.811537077380953,17.694516778220105,0.39576821846483295,seasonal-naive,,168
2014-10-05,11.412457023809523,17.366287587712936,0.3823962753559826,seasonal-naive,,168
2014-10-06,11.739340636904762,17.707705641980628,0.39334913816735995,seasonal-naive,,168
2014-10-07,12.686131279761904,19.2226669771523,0.4250731757357059,seasonal-naive,,168
2014-10-08,12.836651464285715,19.39449359667931,0.4301166433963261,seasonal-naive,,168
2014-10-09,13.140935273809523,19.749401722943578,0.4403122564155279,seasonal-naive,,168
2014-10-10,12.912389107142857,19.50367877798915,0.4326543784758441,seasonal-naive,,168
2014-10-11,14.478370601190477,21.850991170063534,0.4851255938636341,seasonal-naive,,168
2014-10-12,19.59910930357143,28.544489223062968,0.6567057718022202,seasonal-naive,,168
2014-10-13,19.73065061309524,28.579353626449727,0.661113315831732,seasonal-naive,,168
2014-10-14,19.778615851190477,28.531859296203454,0.662720483188938,seasonal-naive,,168
2014-10-15,21.01254138095238,29.83840326206266,0.7040655262119437,seasonal-naive,,168
2014-10-16,21.2416045,29.956645915376093,0.7117407256332858,seasonal-naive,,168
2014-10-17,21.59719575595238,30.797209306473817,0.7236554931142639,seasonal-naive,,168
2014-10-18,19.077142398809524,28.62421002054377,0.6392162688999418,seasonal-naive,,168
2014-10-19,15.012533589285713,22.59415526905026,0.5030237499447036,seasonal-naive,,168
2014-11-10,20.211855470238095,30.871897061633586,0.6772370080980633,seasonal-naive,,168
2014-11-11,20.176662220238097,31.01025481142974,0.676057790713972,seasonal-naive,,168
2014-11-12,19.899434910714287,30.74815479271217,0.6667687576540712,seasonal-naive,,168
2014-11-13,20.146263541666666,30.84580278103,0.6750392246473303,seasonal-naive,,168
2014-11-14,19.348282339285714,29.462463135677478,0.6483013329770311,seasonal-naive,,168
2014-11-15,18.35668957142857,28.488254034044477,0.6150761142263779,seasonal-naive,,168
2014-11-16,12.966760857142855,19.971599742773588,0.4344762083097886,seasonal-naive,,168
2014-11-17,12.657981041666666,19.834077151515128,0.42412994798242326,seasonal-naive,,168
2014-11-18,12.83303113095238,20.15156941266387,0.4299953371798535,seasonal-naive,,168
2014-11-19,13.449058625,20.76099768919636,0.45063652064711496,seasonal-naive,,168
2014-11-20,13.213330904761904,20.146520235473176,0.4427380109721918,seasonal-naive,,168
2014-11-21,12.627085107142856,19.88965468195946,0.42309472040076407,seasonal-naive,,168
2014-11-22,13.447129261904763,20.953668214596327,0.4505718736337779,seasonal-naive,,168
2014-11-23,12.86713025595238,19.590296096254363,0.43113789380597656,seasonal-naive,,168
2014-11-24,13.020615113095237,19.600304982559187,0.4362806985124938,seasonal-naive,,168
2014-11-25,12.2839085,18.43146856285205,0.4115959295543276,seasonal-naive,,168
2014-11-26,12.622668922619049,19.163683685424047,0.42294674766275814,seasonal-naive,,168
2014-11-27,14.248313601190478,21.415238889239173,0.4774170925535275,seasonal-naive,,168
2014-11-28,14.723031642857144,21.44054741691247,0.4933234316178409,seasonal-naive,,168
2014-11-29,16.051793273809523,23.635522579492687,0.5378461402205603,seasonal-naive,,168
2014-11-30,16.69139561309524,24.053938334952925,0.5592772441223378,seasonal-naive,,168
2014-12-01,16.846889660714286,24.07302453912312,0.5644873706117957,seasonal-naive,,168
2014-12-02,16.743737410714285,23.909101429264613,0.5610310565058765,seasonal-naive,,168
2014-12-03,15.90650506547619,22.730709579738217,0.5329779799634043,seasonal-naive,,168
2014-12-04,12.959320148809525,19.328490453395187,0.4342268930968822,seasonal-naive,,168
2014-12-05,12.678352886904761,19.610871231657114,0.42481254575474553,seasonal-naive,,168
2014-12-06,12.170291845238093,19.327293990953,0.40778898548358816,seasonal-naive,,168
2014-12-07,11.19970763095238,18.646965712073836,0.37526769863993537,seasonal-naive,,168
2014-12-08,10.882611892857142,18.60776040884767,0.3646427973653105,seasonal-naive,,168
2014-12-09,10.530999648809523,17.826351949011965,0.3528613543147161,seasonal-naive,,168
2014-12-10,11.079346720238094,18.711915110818072,0.3712347753299439,seasonal-naive,,168
2014-12-11,11.104533029761905,18.722819097723352,0.37207869096807294,seasonal-naive,,168
2014-12-12,10.996805273809523,18.005464713080137,0.3684690657539139,seasonal-naive,,168
2014-12-13,9.427640404761904,13.951733680421219,0.3158911852772196,seasonal-naive,,168
2014-12-14,9.696134113095237,14.097791493409458,0.32488758226771713,seasonal-naive,,168
2014-12-15,9.758005446428573,14.101183228518082,0.32696070003443606,seasonal-naive,,168
2014-12-16,10.18010330952381,15.201780787125953,0.34110389902713284,seasonal-naive,,168
2014-12-17,9.229413410714287,13.583951745697775,0.30924920940465517,seasonal-naive,,168
2014-12-18,12.86716975595238,21.569654720249954,0.4311392173292849,seasonal-naive,,168
2014-12-19,19.386797398809524,31.360693250369348,0.6495918539644304,seasonal-naive,,168
2014-12-20,17.920486458333333,30.95537473841771,0.6004602917616528,seasonal-naive,,168
2014-12-21,17.89842373809524,30.918307897309255,0.5997210379773305,seasonal-naive,,168
2014-12-22,18.268756517857142,30.954207505087318,0.6121297485054606,seasonal-naive,,168
2014-12-23,18.2678814047619,31.033080396008586,0.6121004261616887,seasonal-naive,,168
2014-12-24,18.11748019047619,30.850927474428975,0.6070609448272236,seasonal-naive,,168
2014-12-25,14.712009964285713,26.00479291801998,0.49295412912451336,seasonal-naive,,168
2014-03-14,17.556246613095237,24.266943216301062,0.5882557366982951,lstm,42.0,168
2014-03-15,18.551536101190475,24.512075726969297,0.6216048211552666,lstm,42.0,168
2014-03-16,19.24240975,29.174509970263806,0.6447538686824723,lstm,42.0,168
2014-03-17,42.652939157738096,57.03258361620591,1.429168585947493,lstm,42.0,168
2014-03-18,21.968293886904764,29.939040399089027,0.7360898482028922,lstm,42.0,168
2014-03-19,19.335355785714288,26.386033166815206,0.6478682039909951,lstm,42.0,168
2014-03-20,19.998353285714284,27.84993682165388,0.6700832076524675,lstm,42.0,168
2014-03-21,18.838802035714284,25.960773655095124,0.631230217611909,lstm,42.0,168
2014-03-22,21.257458910714284,26.678864389350764,0.7122719580920331,lstm,42.0,168
2014-03-23,39.23530591666667,50.377474879392075,1.3146542250879536,lstm,42.0,168
2014-04-14,15.01521856845238,20.868208429835857,0.5031137153246914,lstm,42.0,168
2014-04-15,17.365317113095237,22.215867136070784,0.5818582773691375,lstm,42.0,168
2014-04-16,16.399384982142855,21.538353876546914,0.5494928675058405,lstm,42.0,168
2014-04-17,15.162794410714284,19.32859610067493,0.5080585271470484,lstm,42.0,168
2014-04-18,16.344966607142858,22.20194359140423,0.5476694754117883,lstm,42.0,168
2014-04-19,15.072161089285714,20.70434251235083,0.5050216837692271,lstm,42.0,168
2014-04-20,19.12194716666667,25.73375345983964,0.6407175386362498,lstm,42.0,168
2014-04-21,16.398941654761906,22.625775120704258,0.5494780129711084,lstm,42.0,168
2014-04-22,21.42016829761905,30.31522637380476,0.717723848371929,lstm,42.0,168
2014-04-23,14.280959357142857,19.300030078953334,0.47851095126040594,lstm,42.0,168
2014-04-24,12.558916119047618,16.453788086582303,0.42081058762479645,lstm,42.0,168
2014-04-25,16.714399410714286,21.80207137949148,0.5600480305104235,lstm,42.0,168
2014-04-26,16.37937475,22.02019699138717,0.5488223862742816,lstm,42.0,168
2014-04-27,17.271813053571428,22.43613471137579,0.5787252444019182,lstm,42.0,168
2014-04-28,17.535520702380953,22.63369856678404,0.5875612752826711,lstm,42.0,168
2014-04-29,18.249039095238096,23.81660067769895,0.6114690784189567,lstm,42.0,168
2014-04-30,14.909925041666668,19.0856409749956,0.4995856536305312,lstm,42.0,168
2014-05-01,15.612046589285715,20.25908680489338,0.5231115835943033,lstm,42.0,168
2014-05-02,18.214671464285715,23.129765611289653,0.6103175249855829,lstm,42.0,168
2014-05-03,15.695686845238097,19.80357917048366,0.5259141108922625,lstm,42.0,168
2014-05-04,16.506691208333333,22.26274627944691,0.5530883685563275,lstm,42.0,168
2014-05-05,17.29712238690476,22.564273268833116,0.5795732821888924,lstm,42.0,168
2014-05-06,17.733616125,24.367056552262678,0.5941988426020096,lstm,42.0,168
2014-05-07,14.292562273809525,19.480965446797196,0.47889972925162577,lstm,42.0,168
2014-05-08,12.944437946428572,17.44841469939957,0.4337282363442042,lstm,42.0,168
2014-05-09,41.13671526785714,51.097568092124845,1.3783645945820386,lstm,42.0,168
2014-05-10,14.139075291666668,18.451985325182573,0.47375685334290524,lstm,42.0,168
2014-05-11,17.512919142857143,26.784985217058285,0.5868039666539411,lstm,42.0,168
2014-05-12,21.378907732142856,32.10297560874713,0.7163413339384236,lstm,42.0,168
2014-05-13,20.374491083333332,30.21894770928014,0.6826864264448844,lstm,42.0,168
2014-05-14,18.766468827380955,28.316666720495192,0.6288065546448979,lstm,42.0,168
2014-05-15,19.019280863095236,28.19194524672856,0.6372775070980476,lstm,42.0,168
2014-05-16,20.25967356547619,28.472911142040456,0.6788392451514443,lstm,42.0,168
2014-05-17,21.667406214285712,29.750186448056102,0.726008029268546,lstm,42.0,168
2014-05-18,19.474393309523812,25.508328381391344,0.6525269230668749,lstm,42.0,168
2014-05-19,23.920958,31.623955228119318,0.8015176068626714,lstm,42.0,168
2014-05-20,16.895386095238095,21.648592967241953,0.5661123367248123,lstm,42.0,168
2014-05-21,17.019589220238096,20.93594102347328,0.5702740007984195,lstm,42.0,168
2014-05-22,17.548364767857144,21.631186376239704,0.5879916403467653,lstm,42.0,168
2014-05-23,18.785709458333333,22.038255833661204,0.6294512489115521,lstm,42.0,168
2014-05-24,18.607917994047618,22.837597093194017,0.6234940046835035,lstm,42.0,168
2014-05-25,16.300103547619045,20.833795503469805,0.5461662525013153,lstm,42.0,168
2014-05-26,18.133439107142856,25.138045574040266,0.6075956789584731,lstm,42.0,168
2014-05-27,18.50358392857143,23.659313967228716,0.6199980915819158,lstm,42.0,168
2014-05-28,16.032751124999997,20.270107958265022,0.537208096479029,lstm,42.0,168
2014-05-29,14.477714797619047,20.07941740352231,0.4851036199063559,lstm,42.0,168
2014-05-30,21.37484119642857,27.359982136572054,0.7162050768548262,lstm,42.0,168
2014-05-31,14.597486672619047,18.076098402067668,0.4891168064442636,lstm,42.0,168
2014-06-01,16.565619666666667,21.96941265522323,0.5550628796482094,lstm,42.0,168
2014-06-02,14.588768494047619,19.894394590133654,0.4888246871393105,lstm,42.0,168
2014-06-03,12.074666708333334,16.453689162470543,0.4045848817479511,lstm,42.0,168
2014-06-04,13.642798976190477,18.407048544510346,0.4571281629399916,lstm,42.0,168
2014-06-05,14.729600583333333,19.463148387051362,0.49354353657559796,lstm,42.0,168
2014-06-06,16.477523982142856,20.79769104176868,0.5521110646651116,lstm,42.0,168
2014-06-07,22.42234805357143,29.263047027930185,0.7513038044772475,lstm,42.0,168
2014-06-08,14.380810410714286,18.915918754403172,0.4818566524443338,lstm,42.0,168
2014-06-09,14.38974774404762,18.95243494179176,0.48215611495018607,lstm,42.0,168
2014-06-10,12.749479785714286,16.683769298618525,0.42719578900601385,lstm,42.0,168
2014-06-11,15.903707372023808,20.104651002908128,0.5328842378749525,lstm,42.0,168
2014-06-12,16.031042863095237,21.952217365898594,0.5371508578854159,lstm,42.0,168
2014-06-13,13.607365279761904,19.70255702011526,0.45594088893684637,lstm,42.0,168
2014-06-14,13.960652755952381,19.812566375268727,0.4677784638554907,lstm,42.0,168
2014-06-15,15.329450678571428,20.27220864936754,0.5136426652481028,lstm,42.0,168
2014-06-16,14.327221589285713,19.312845876210183,0.4800610561347704,lstm,42.0,168
2014-06-17,12.764905089285714,16.4532579320459,0.42771264340639786,lstm,42.0,168
2014-06-18,14.639806744047618,19.659300362620392,0.490534821658106,lstm,42.0,168
2014-06-19,12.218979101190476,17.3838218798888,0.40942034543479344,lstm,42.0,168
2014-06-20,15.376463660714286,21.17319335462711,0.5152179254420558,lstm,42.0,168
2014-06-21,17.14385468452381,23.51142269004393,0.574437753669436,lstm,42.0,168
2014-06-22,15.84640480952381,21.902936633828215,0.5309642055433837,lstm,42.0,168
2014-06-23,14.893192482142856,20.84432242279482,0.49902499711057857,lstm,42.0,168
2014-06-24,16.961573279761904,22.814038088675932,0.5683300653686443,lstm,42.0,168
2014-06-25,14.380767339285715,20.10772165672832,0.4818552092534569,lstm,42.0,168
2014-06-26,16.263682595238095,23.40299999920751,0.5449458985927453,lstm,42.0,168
2014-06-27,13.61411994642857,17.273908659621203,0.45616721700706087,lstm,42.0,168
2014-06-28,13.928702047619048,17.01926481129123,0.46670789405302293,lstm,42.0,168
2014-06-29,14.067361952380953,18.77885697578706,0.4713539602779863,lstm,42.0,168
2014-06-30,13.795575327380954,18.484379626829423,0.46224722779481064,lstm,42.0,168
2014-07-01,12.95186080952381,17.405202325195383,0.4339769536181597,lstm,42.0,168
2014-07-02,13.246591970238095,17.866429627560823,0.4438524868055668,lstm,42.0,168
2014-07-03,14.505516455357142,19.267085040787496,0.4860351678057776,lstm,42.0,168
2014-07-04,12.762642607142858,16.844734059717037,0.42763683460004864,lstm,42.0,168
2014-07-05,14.019226720238096,18.17110796551844,0.4697410969439626,lstm,42.0,168
2014-07-06,15.168223803571427,20.368437795033135,0.5082404493748109,lstm,42.0,168
2014-07-07,15.710782684523808,20.67908155692241,0.5264199259594461,lstm,42.0,168
2014-07-08,13.278524720238094,19.03711944585053,0.44492245487961063,lstm,42.0,168
2014-07-09,14.860323461309525,19.338045385526854,0.49792365748537415,lstm,42.0,168
2014-07-10,13.093643842261905,17.91915921116917,0.4387276662398687,lstm,42.0,168
2014-07-11,16.73366389880952,26.376793657567323,0.5606935241564359,lstm,42.0,168
2014-07-12,13.399990238095237,18.752430527260266,0.44899239017188414,lstm,42.0,168
2014-07-13,14.099257595238095,19.413762750434508,0.4724226850059927,lstm,42.0,168
2014-07-14,14.794651333333334,18.90384592649191,0.49572318679966604,lstm,42.0,168
2014-07-15,11.559742089285715,15.42041492897419,0.38733134414407583,lstm,42.0,168
2014-07-16,14.547699892857143,18.53096467625293,0.4874486048376156,lstm,42.0,168
2014-07-17,13.332402083333333,17.73814019341742,0.4467277193314845,lstm,42.0,168
2014-07-18,13.374986279761904,18.62017592965178,0.4481545845603603,lstm,42.0,168
2014-07-19,12.561037982142855,17.005083043657205,0.42088168472007936,lstm,42.0,168
2014-07-20,12.038681202380953,16.05579982967452,0.40337911830767853,lstm,42.0,168
2014-07-21,11.68350061904762,15.879527587243398,0.391478111200964,lstm,42.0,168
2014-07-22,12.870366244047618,17.289476285711206,0.4312463217976118,lstm,42.0,168
2014-07-23,14.709249071428571,20.467170532048627,0.4928616201106327,lstm,42.0,168
2014-07-24,11.11581425,15.176024160162196,0.3724566899030541,lstm,42.0,168
2014-07-25,12.916629261904761,15.782138014176526,0.4327964529988414,lstm,42.0,168
2014-07-26,13.143379494047618,16.5514293850601,0.4403941547055497,lstm,42.0,168
2014-07-27,13.043623172619046,17.430261503523262,0.43705162770387807,lstm,42.0,168
2014-07-28,12.988752708333333,17.882392137118472,0.43521308749065885,lstm,42.0,168
2014-07-29,13.057971779761905,17.404857339037502,0.43753240532402843,lstm,42.0,168
2014-07-30,14.626590833333333,19.751843858886875,0.4900919972056646,lstm,42.0,168
2014-07-31,15.529837904761905,21.241252673438222,0.5203570238445285,lstm,42.0,168
2014-08-01,15.407921607142855,20.58568055741122,0.5162719843111964,lstm,42.0,168
2014-08-02,18.082256660714286,22.759710409797776,0.6058807128615967,lstm,42.0,168
2014-08-03,15.794135892857144,21.917497562453246,0.5292128351760277,lstm,42.0,168
2014-08-04,16.195404500000002,22.14521612515975,0.542658109972558,lstm,42.0,168
2014-08-05,18.82857449404762,25.340059775230387,0.6308875241996822,lstm,42.0,168
2014-08-06,14.808847625000002,21.514515360335796,0.49619886079746295,lstm,42.0,168
2014-08-07,13.326859208333333,18.2676923830989,0.4465419946667307,lstm,42.0,168
2014-08-08,15.497541261904763,20.207237793566126,0.5192748628419235,lstm,42.0,168
2014-08-09,17.47101944047619,22.383807980279293,0.5854000367118108,lstm,42.0,168
2014-08-10,13.179524083333334,18.25106039563347,0.44160524853821814,lstm,42.0,168
2014-08-11,12.690546857142857,17.904171211570564,0.4252211281302254,lstm,42.0,168
2014-08-12,13.554976196428573,16.618441400170315,0.45418549215469994,lstm,42.0,168
2014-08-13,12.83388913095238,16.8828047504392,0.43002408611652604,lstm,42.0,168
2014-08-14,14.483437565476192,19.473241409820435,0.4852953722265385,lstm,42.0,168
2014-08-15,11.878888095238096,16.243299877874435,0.3980249435781258,lstm,42.0,168
2014-08-16,13.904155345238095,18.07756824073849,0.4658854096797486,lstm,42.0,168
2014-08-17,14.820902071428572,21.369794223334296,0.49660276815993065,lstm,42.0,168
2014-08-18,14.743064214285715,21.09492991047829,0.4939946613700412,lstm,42.0,168
2014-08-19,13.383710261904762,18.233708022111895,0.4484468983251123,lstm,42.0,168
2014-08-20,15.208674136904763,20.429373091614945,0.5095958154253735,lstm,42.0,168
2014-08-21,15.05701125,20.159478773150617,0.5045140593284065,lstm,42.0,168
2014-08-22,15.838889964285713,20.80701748375733,0.5307124062311998,lstm,42.0,168
2014-08-23,16.606553928571426,20.456113966476483,0.5564344606543126,lstm,42.0,168
2014-08-24,13.887163625000001,19.706741412026602,0.465316069482683,lstm,42.0,168
2014-08-25,14.033371952380952,19.69171023209054,0.47021506009442077,lstm,42.0,168
2014-08-26,16.212397232142855,20.380863742134235,0.5432274840754346,lstm,42.0,168
2014-08-27,13.47143550595238,17.45561404644617,0.4513863009891064,lstm,42.0,168
2014-08-28,13.701592574404762,18.388261983305668,0.45909815528476133,lstm,42.0,168
2014-08-29,13.929181601190475,17.88582964480118,0.46672396241579217,lstm,42.0,168
2014-08-30,13.426008892857142,17.274511585032712,0.4498641951346515,lstm,42.0,168
2014-08-31,18.285143642857143,25.05728634373278,0.6126788305787355,lstm,42.0,168
2014-09-01,18.342527160714287,24.816976621428584,0.6146015754749148,lstm,42.0,168
2014-09-02,18.03894736309524,24.28725699385017,0.6044295517257208,lstm,42.0,168
2014-09-03,15.339546363095238,19.74722363199996,0.5139809405336981,lstm,42.0,168
2014-09-04,12.98103413690476,17.37966382541872,0.4349544619414719,lstm,42.0,168
2014-09-05,14.29179068452381,18.223685331610525,0.47887387567177475,lstm,42.0,168
2014-09-06,14.752377202380952,18.43362164579038,0.49430671090964723,lstm,42.0,168
2014-09-07,15.045484470238096,20.594978069302716,0.5041278324503027,lstm,42.0,168
2014-09-08,15.000409154761904,20.90558529673869,0.5026174974967837,lstm,42.0,168
2014-09-09,15.266798333333332,20.395195667220474,0.5115433781785977,lstm,42.0,168
2014-09-10,14.562835577380952,19.263004741140936,0.4879557549959726,lstm,42.0,168
2014-09-11,12.539318339285714,16.79690457582569,0.42015392640183946,lstm,42.0,168
2014-09-12,12.457168273809524,16.42213651696251,0.4174013307957568,lstm,42.0,168
2014-09-13,11.883723815476191,16.395944068268975,0.3981869736654114,lstm,42.0,168
2014-09-14,13.046014571428573,18.626806522550908,0.4371317561105609,lstm,42.0,168
2014-09-15,13.383831517857143,19.093431544699765,0.44845096123851114,lstm,42.0,168
2014-09-16,15.384728851190475,19.927248355973276,0.5154948665115037,lstm,42.0,168
2014-09-17,13.232450714285713,17.533290046216152,0.44337865688500155,lstm,42.0,168
2014-09-18,12.554393773809526,16.7799715403692,0.42065905776831486,lstm,42.0,168
2014-09-19,13.564092761904764,16.950796304332652,0.45449096017748075,lstm,42.0,168
2014-09-20,14.640248523809522,18.838168177321673,0.4905496243368918,lstm,42.0,168
2014-09-21,15.082942690476191,20.433386381849612,0.5053829420091495,lstm,42.0,168
2014-09-22,15.22112755952381,20.213893616712745,0.5100130912508177,lstm,42.0,168
2014-09-23,17.55444919047619,21.923006634385224,0.5881955106038327,lstm,42.0,168
2014-09-24,13.759231845238094,19.075799049732446,0.46102946967524866,lstm,42.0,168
2014-09-25,11.753350750000001,16.007127987884633,0.39381857389480746,lstm,42.0,168
2014-09-26,13.380620589285716,17.224401478813736,0.44834337291431536,lstm,42.0,168
2014-09-27,13.931320535714287,18.990281772908965,0.46679563152205295,lstm,42.0,168
2014-09-28,14.652210970238096,19.399769017996313,0.4909504490627934,lstm,42.0,168
2014-09-29,14.836470095238095,20.21779103641284,0.4971244046758006,lstm,42.0,168
2014-09-30,13.778809761904762,17.390279638869504,0.46168546534707855,lstm,42.0,168
2014-10-01,13.831133351190477,17.791278028641337,0.4634386676254635,lstm,42.0,168
2014-10-02,13.84332186904762,18.183043737938192,0.46384706730845526,lstm,42.0,168
2014-10-03,14.109523547619046,18.59504664324229,0.47276666544291945,lstm,42.0,168
2014-10-04,13.569332869047619,17.163912173839293,0.4546665400241092,lstm,42.0,168
2014-10-05,15.647652702380954,20.784556272661014,0.524304634748767,lstm,42.0,168
2014-10-06,15.744078833333333,20.96697692056958,0.5275355773272363,lstm,42.0,168
2014-10-07,17.503720345238097,22.643888555739796,0.586495743285394,lstm,42.0,168
2014-10-08,16.075489672619046,21.27309885114607,0.5386401335407723,lstm,42.0,168
2014-10-09,15.891716738095237,21.614547303226257,0.5324824686727662,lstm,42.0,168
2014-10-10,15.222660208333334,20.796814116981718,0.5100644455906386,lstm,42.0,168
2014-10-11,15.003295886904763,19.11843079642825,0.502714222997443,lstm,42.0,168
2014-10-12,21.633234839285716,29.35136165891311,0.724863051767511,lstm,42.0,168
2014-10-13,21.205836172619048,29.215181346770816,0.7105422391778579,lstm,42.0,168
2014-10-14,21.59888026190476,29.02198696842301,0.7237119357191001,lstm,42.0,168
2014-10-15,21.656569815476193,28.63426725345207,0.72564493492923,lstm,42.0,168
2014-10-16,18.906825577380953,26.601454965414067,0.6335094769261469,lstm,42.0,168
2014-10-17,20.304473119047618,27.12757031655602,0.6803403401731022,lstm,42.0,168
2014-10-18,20.414020154761904,26.181929968563452,0.6840109238472432,lstm,42.0,168
2014-10-19,21.713746708333332,28.620850129558406,0.7275607564582297,lstm,42.0,168
2014-11-10,23.746926375,30.886796453779375,0.7956863432657695,lstm,42.0,168
2014-11-11,17.807611589285713,24.00456432244802,0.5966782026449049,lstm,42.0,168
2014-11-12,16.55727181547619,22.66768177897659,0.5547831688728869,lstm,42.0,168
2014-11-13,16.421514398809524,21.739083007658277,0.550234356082006,lstm,42.0,168
2014-11-14,17.384132154761904,22.61573831928231,0.5824887114499836,lstm,42.0,168
2014-11-15,16.871795482142858,21.78632556071373,0.5653218879579812,lstm,42.0,168
2014-11-16,16.14451725,21.795010426511052,0.5409530349985614,lstm,42.0,168
2014-11-17,16.688356547619048,22.916615233091807,0.5591754144009873,lstm,42.0,168
2014-11-18,16.948072404761906,22.298496599037367,0.5678776926409069,lstm,42.0,168
2014-11-19,14.136448946428569,19.71276193438855,0.47366885260522423,lstm,42.0,168
2014-11-20,14.416819559523809,19.29563196996393,0.48306320808391023,lstm,42.0,168
2014-11-21,16.233490708333335,21.20465586519544,0.5439342614777697,lstm,42.0,168
2014-11-22,16.785922113095236,21.23310551711981,0.5624445359199782,lstm,42.0,168
2014-11-23,15.070358339285715,21.954302910747426,0.5049612791706415,lstm,42.0,168
2014-11-24,15.366693357142857,22.444358366798355,0.5148905526697406,lstm,42.0,168
2014-11-25,17.825105464285713,25.094027826676804,0.5972643685010028,lstm,42.0,168
2014-11-26,16.097615607142856,22.84112393569177,0.5393815054410586,lstm,42.0,168
2014-11-27,18.265185154761905,25.606612507971434,0.6120100831307992,lstm,42.0,168
2014-11-28,17.174842982142856,22.788712607564758,0.5754760760538641,lstm,42.0,168
2014-11-29,20.293418,26.967383362096452,0.679969917192441,lstm,42.0,168
2014-11-30,19.446988833333336,28.532297422321545,0.6516086834974766,lstm,42.0,168
2014-12-01,20.59289056547619,30.411162524429127,0.6900043202460938,lstm,42.0,168
2014-12-02,21.09224424404762,32.056053547718356,0.7067361236055849,lstm,42.0,168
2014-12-03,18.327366779761906,28.963080175515277,0.6140935978153211,lstm,42.0,168
2014-12-04,16.918642202380955,25.931106022245846,0.5668915772277255,lstm,42.0,168
2014-12-05,19.142223351190477,26.728506562176726,0.641396931112748,lstm,42.0,168
2014-12-06,22.466594351190476,26.679436012347367,0.7527863615964128,lstm,42.0,168
2014-12-07,23.996395857142858,31.911779134039154,0.804045297046484,lstm,42.0,168
2014-12-08,22.293107547619048,30.51284939921047,0.7469733532870957,lstm,42.0,168
2014-12-09,19.012705964285715,26.648683206588114,0.637057202494897,lstm,42.0,168
2014-12-10,19.000723898809525,25.471768662751067,0.6366557203951522,lstm,42.0,168
2014-12-11,16.852098547619047,21.120034902695238,0.5646619043644289,lstm,42.0,168
2014-12-12,18.068326827380954,23.092549588505584,0.6054139670616447,lstm,42.0,168
2014-12-13,19.65634126190476,24.069309428369227,0.6586234384056812,lstm,42.0,168
2014-12-14,18.95097530357143,24.818914160904647,0.634988798234258,lstm,42.0,168
2014-12-15,19.58258849404762,25.937359593614836,0.6561522103724079,lstm,42.0,168
2014-12-16,21.296076738095238,30.2694119566537,0.713565922513718,lstm,42.0,168
2014-12-17,15.560134285714284,22.53593490554407,0.5213721622331144,lstm,42.0,168
2014-12-18,17.20357598809524,25.399328896729248,0.5764388305626478,lstm,42.0,168
2014-12-19,22.57920311904762,32.68283850200163,0.7565595344820728,lstm,42.0,168
2014-12-20,22.72026143452381,32.8852217149485,0.7612859640610452,lstm,42.0,168
2014-12-21,23.28711319047619,33.13523338831878,0.7802794200454106,lstm,42.0,168
2014-12-22,23.63707244047619,33.869837149044805,0.7920054763580154,lstm,42.0,168
2014-12-23,26.116362720238094,36.887154677035916,0.8750788554322417,lstm,42.0,168
2014-12-24,22.86158767261905,33.30040231163511,0.7660213709015655,lstm,42.0,168
2014-12-25,20.812858672619047,26.027691037199794,0.6973747738384314,lstm,42.0,168
2014-03-14,8.088631089285714,12.647385080917536,0.27102510833718646,chronos2,,168
2014-03-15,11.113948000000002,17.291972662279086,0.3723941576150994,chronos2,,168
2014-03-16,11.163184595238095,17.555852760845344,0.3740439242333637,chronos2,,168
2014-03-17,10.967302922619048,17.194067260378297,0.3674805328564015,chronos2,,168
2014-03-18,11.928697422619049,18.763329260807556,0.39969390068602334,chronos2,,168
2014-03-19,11.591467232142858,18.107265820602137,0.3883943559423588,chronos2,,168
2014-03-20,11.061395404761905,17.923477381095694,0.37063328205277196,chronos2,,168
2014-03-21,11.512656922619048,19.525312231933746,0.3857536652691161,chronos2,,168
2014-03-22,9.986723232142857,16.99080294277852,0.33462432839968137,chronos2,,168
2014-03-23,10.539055601190476,17.835500806484127,0.3531312844602136,chronos2,,168
2014-04-14,10.201123916666667,14.51297002974807,0.34180823481217715,chronos2,,168
2014-04-15,9.535150333333334,14.063323858231639,0.31949351176692575,chronos2,,168
2014-04-16,10.405176363095238,15.15957553280738,0.34864540364696633,chronos2,,168
2014-04-17,10.718739607142856,16.352838296175207,0.35915194192896754,chronos2,,168
2014-04-18,13.514357232142856,20.91529350427423,0.45282447580044144,chronos2,,168
2014-04-19,13.535012708333332,21.55804194897295,0.4535165771721674,chronos2,,168
2014-04-20,15.737710369047617,24.44810525377322,0.5273221897089947,chronos2,,168
2014-04-21,14.28515056547619,22.44561837681349,0.478651385739376,chronos2,,168
2014-04-22,14.937964083333332,23.394194947134178,0.5005251555340664,chronos2,,168
2014-04-23,12.343754232142858,17.823301980776005,0.4136011756656282,chronos2,,168
2014-04-24,9.42054138095238,13.236630644985167,0.31565331886004383,chronos2,,168
2014-04-25,8.299184446428573,12.358517070078728,0.2780801026619976,chronos2,,168
2014-04-26,9.602013833333334,14.168224947348692,0.3217339016587713,chronos2,,168
2014-04-27,11.772851720238094,16.868825396121,0.3944719913288724,chronos2,,168
2014-04-28,12.577264029761904,17.208763059692465,0.42142536958656585,chronos2,,168
2014-04-29,12.332925029761904,17.02041583988769,0.4132383224564627,chronos2,,168
2014-04-30,11.698551827380951,16.61908491128251,0.3919824308224324,chronos2,,168
2014-05-01,12.539931422619047,17.872886429218536,0.42017446893555144,chronos2,,168
2014-05-02,12.769459607142856,17.151012816560204,0.42786525126822633,chronos2,,168
2014-05-03,12.238618446428571,16.96806300249259,0.4100783993888026,chronos2,,168
2014-05-04,11.011327696428571,14.95489043923562,0.3689556673951804,chronos2,,168
2014-05-05,10.757875011904762,15.120159644659665,0.36046324877413505,chronos2,,168
2014-05-06,11.634470708333334,15.808578292588297,0.3898352699443384,chronos2,,168
2014-05-07,10.281945446428571,14.534477966372178,0.34451631527942855,chronos2,,168
2014-05-08,10.268714113095237,14.816909040367074,0.34407297406253684,chronos2,,168
2014-05-09,10.87935361904762,15.46826312433384,0.3645336226480474,chronos2,,168
2014-05-10,11.282929952380952,15.823504478988184,0.3780562222395748,chronos2,,168
2014-05-11,13.146075797619048,22.455520708103535,0.4404844995314528,chronos2,,168
2014-05-12,16.13393243452381,25.29527785216538,0.5405983704416669,chronos2,,168
2014-05-13,14.146033238095237,24.469785197835904,0.47398999269167646,chronos2,,168
2014-05-14,16.261057946428572,26.068079202718835,0.5448579546971594,chronos2,,168
2014-05-15,16.383107494047618,26.250328191432363,0.5489474590274747,chronos2,,168
2014-05-16,16.433596166666668,26.52726430254433,0.5506391789013733,chronos2,,168
2014-05-17,14.986137845238096,25.13353873609153,0.5021393098817091,chronos2,,168
2014-05-18,16.484257339285715,21.838119041958358,0.5523366787188336,chronos2,,168
2014-05-19,15.270744053571429,21.732363530611245,0.5116755871077965,chronos2,,168
2014-05-20,14.782597702380954,20.6490912779012,0.495319306761293,chronos2,,168
2014-05-21,15.142475416666665,20.58184494896743,0.5073777002552948,chronos2,,168
2014-05-22,14.393488988095235,19.067542809007218,0.4822814725121923,chronos2,,168
2014-05-23,13.2901535,17.63701443959817,0.4453120994634728,chronos2,,168
2014-05-24,14.368418494047619,18.66356713013367,0.48144143749386603,chronos2,,168
2014-05-25,13.329482970238095,17.247087303098215,0.44662990884487025,chronos2,,168
2014-05-26,14.66434311904762,18.473600442710406,0.4913569599926612,chronos2,,168
2014-05-27,15.13850375,20.013307671020836,0.5072446219412106,chronos2,,168
2014-05-28,14.385077726190477,17.88600724322831,0.48199963703919,chronos2,,168
2014-05-29,15.75221518452381,20.962821818335417,0.5278082013891482,chronos2,,168
2014-05-30,14.989655690476193,19.806399322107225,0.5022571820378557,chronos2,,168
2014-05-31,13.776176273809524,18.548446344264004,0.4615972252742604,chronos2,,168
2014-06-01,11.59431275595238,16.51651197044972,0.38848970067872257,chronos2,,168
2014-06-02,12.81838713095238,18.330677331228827,0.4295046618551069,chronos2,,168
2014-06-03,11.153525744047618,16.724389407672803,0.3737202858869717,chronos2,,168
2014-06-04,12.075856071428571,17.881289516552098,0.4046247336410811,chronos2,,168
2014-06-05,11.63859255952381,16.902252668603076,0.38997338047912694,chronos2,,168
2014-06-06,11.675348363095237,16.6583249089271,0.3912049542194799,chronos2,,168
2014-06-07,12.589447529761904,17.22352240512684,0.42183360113662377,chronos2,,168
2014-06-08,10.180120726190475,15.73932221367183,0.3411044826059754,chronos2,,168
2014-06-09,9.859704011904762,15.148353771828344,0.33036830565047537,chronos2,,168
2014-06-10,9.981895833333333,14.559254160090317,0.33446257713783045,chronos2,,168
2014-06-11,12.109747142857142,17.292254725054228,0.40576031903299725,chronos2,,168
2014-06-12,11.134308601190478,16.151345468462036,0.37307637863402665,chronos2,,168
2014-06-13,11.322680875,16.214021248305606,0.37938815319184693,chronos2,,168
2014-06-14,10.346294940476191,14.495112113273148,0.34667246857696254,chronos2,,168
2014-06-15,9.977062553571429,14.139501875377055,0.3343006288233834,chronos2,,168
2014-06-16,10.221882083333334,14.75666836661553,0.3425037770253913,chronos2,,168
2014-06-17,10.079735916666667,16.37872723736253,0.3377408969044794,chronos2,,168
2014-06-18,11.182659630952381,17.25208840365616,0.3746964726814351,chronos2,,168
2014-06-19,10.988381333333333,16.657024692701132,0.3681868054610431,chronos2,,168
2014-06-20,10.962144482142858,16.328125793393827,0.3673076894081742,chronos2,,168
2014-06-21,12.582098291666668,18.029405601423996,0.42158735080959436,chronos2,,168
2014-06-22,13.548403970238095,19.18138630250102,0.45396527710277956,chronos2,,168
2014-06-23,13.638109023809525,19.07354993558277,0.456971017084517,chronos2,,168
2014-06-24,14.538931392857142,19.882894507677104,0.4871547994166212,chronos2,,168
2014-06-25,11.605089011904763,16.75177357862834,0.3888507798161841,chronos2,,168
2014-06-26,10.747891779761904,15.717439107245491,0.36012874142138196,chronos2,,168
2014-06-27,10.772484380952381,15.068523989211922,0.36095276372235835,chronos2,,168
2014-06-28,9.610812785714286,13.000893064378461,0.3220287274452335,chronos2,,168
2014-06-29,9.717195476190478,13.832829768955282,0.3255932836591648,chronos2,,168
2014-06-30,11.205730571428571,16.770563132765545,0.3754695088198099,chronos2,,168
2014-07-01,9.413091755952381,13.77184689252055,0.3154037048771079,chronos2,,168
2014-07-02,10.442342476190477,15.236814901967762,0.3498907255953801,chronos2,,168
2014-07-03,10.339994482142858,14.884607650119431,0.34646135962867247,chronos2,,168
2014-07-04,9.971363136904762,14.88494375871924,0.3341096589296534,chronos2,,168
2014-07-05,11.348356303571428,16.771259997052574,0.3802484577023831,chronos2,,168
2014-07-06,10.55802575,15.789093589953,0.35376691570356256,chronos2,,168
2014-07-07,11.670142636904762,17.003596856473607,0.39103052637264485,chronos2,,168
2014-07-08,9.700626351190476,14.748776623901879,0.3250381033265957,chronos2,,168
2014-07-09,10.459764101190476,15.543047991139243,0.350474470576566,chronos2,,168
2014-07-10,9.768900422619048,14.400468395168177,0.32732575712132256,chronos2,,168
2014-07-11,8.617543416666667,12.609128218462239,0.28874733095396243,chronos2,,168
2014-07-12,7.528913464285714,11.004785770481762,0.25227069510219574,chronos2,,168
2014-07-13,7.765514529761906,10.848160684721888,0.26019846788544443,chronos2,,168
2014-07-14,8.133196125,10.822417792050683,0.2725183453879544,chronos2,,168
2014-07-15,8.924076910714286,11.532202466293064,0.2990183239707262,chronos2,,168
2014-07-16,10.19139951785714,12.962654958883714,0.3414824001670099,chronos2,,168
2014-07-17,9.761799476190477,12.562088438109583,0.3270878262831058,chronos2,,168
2014-07-18,8.478645166666668,11.264663091815379,0.2840932785143648,chronos2,,168
2014-07-19,8.595470291666667,11.451135381408962,0.2880077285381235,chronos2,,168
2014-07-20,7.608142107142857,11.152595395888106,0.25492540283663656,chronos2,,168
2014-07-21,7.796188660714286,11.574758513703673,0.2612262635127577,chronos2,,168
2014-07-22,8.562403553571428,12.70582029353428,0.28689976401660017,chronos2,,168
2014-07-23,8.77220525595238,12.936812389207931,0.29392957270603876,chronos2,,168
2014-07-24,7.761468386904761,11.854912954238085,0.2600628941036635,chronos2,,168
2014-07-25,8.336779369047619,12.8643463970343,0.27933979269647724,chronos2,,168
2014-07-26,8.573819464285714,12.472740825930156,0.28728227601448386,chronos2,,168
2014-07-27,8.289409428571426,12.043840040174288,0.2777525719284919,chronos2,,168
2014-07-28,8.276546654761903,12.39912723292802,0.2773215800057844,chronos2,,168
2014-07-29,7.782896547619047,10.92249068297221,0.2607808857532949,chronos2,,168
2014-07-30,8.976471952380953,13.397672593456404,0.30077392039826634,chronos2,,168
2014-07-31,9.965683083333333,14.442974417552557,0.33391933783359096,chronos2,,168
2014-08-01,9.778410351190477,13.942054868658577,0.32764440552955126,chronos2,,168
2014-08-02,10.298208994047618,14.265951081002768,0.34506125665538495,chronos2,,168
2014-08-03,10.769772464285714,15.167315261460791,0.3608618957497346,chronos2,,168
2014-08-04,10.024705345238095,14.289989870282392,0.33589699199416123,chronos2,,168
2014-08-05,10.679501273809525,16.079463448111028,0.357837186264474,chronos2,,168
2014-08-06,8.531062839285713,12.854065068637325,0.28584963323539764,chronos2,,168
2014-08-07,9.790237208333334,14.138687781182984,0.32804068707621215,chronos2,,168
2014-08-08,7.9664625892857135,12.316979124165938,0.2669316182790541,chronos2,,168
2014-08-09,8.194275916666665,11.702729520017115,0.2745649410320058,chronos2,,168
2014-08-10,8.374297684523809,12.32652040606751,0.28059691586161106,chronos2,,168
2014-08-11,8.371419511904762,12.32191892868898,0.2805004771642246,chronos2,,168
2014-08-12,8.338482035714286,12.285419741384132,0.27939684381089963,chronos2,,168
2014-08-13,8.66793894047619,12.572912552222478,0.29043592969822674,chronos2,,168
2014-08-14,8.617040910714286,12.473578048152607,0.2887304935276191,chronos2,,168
2014-08-15,7.505160339285716,10.585147603600037,0.251474801062103,chronos2,,168
2014-08-16,7.59055268452381,10.838844642636614,0.2543360354741875,chronos2,,168
2014-08-17,7.5034024285714285,10.790427461760299,0.2514158988898407,chronos2,,168
2014-08-18,8.163342339285714,11.679112344283466,0.27352845215417404,chronos2,,168
2014-08-19,7.906035666666666,11.511604043011063,0.26490689826542857,chronos2,,168
2014-08-20,8.472771761904761,12.922248930067994,0.28389647881558605,chronos2,,168
2014-08-21,7.701523375000001,11.9017495955962,0.2580543214334026,chronos2,,168
2014-08-22,8.01292813095238,11.758768809615244,0.2684885354292052,chronos2,,168
2014-08-23,7.208732446428572,11.456330927251859,0.2415424156078832,chronos2,,168
2014-08-24,7.297049011904763,11.636563246147755,0.24450163163120497,chronos2,,168
2014-08-25,6.754917059523809,11.284221698159628,0.22633646010771624,chronos2,,168
2014-08-26,7.756262499999999,12.060662682520304,0.2598884608717878,chronos2,,168
2014-08-27,8.119630178571429,12.257153960705303,0.27206379231711775,chronos2,,168
2014-08-28,10.265854517857143,15.221862525407234,0.3439771578359529,chronos2,,168
2014-08-29,9.530206708333331,15.149451765512952,0.3193278661235017,chronos2,,168
2014-08-30,11.351657827380953,16.58084695992248,0.3803590815939015,chronos2,,168
2014-08-31,11.263167589285715,16.62775814167147,0.3773940463361663,chronos2,,168
2014-09-01,11.315124785714286,16.7575260619215,0.379134971918692,chronos2,,168
2014-09-02,9.55209213095238,14.081766014203408,0.32006117921082866,chronos2,,168
2014-09-03,8.465974565476191,12.087375272726108,0.2836687257040759,chronos2,,168
2014-09-04,9.469425666666668,13.658578748450141,0.31729128067156104,chronos2,,168
2014-09-05,9.111491970238095,13.643486434408969,0.30529802522681926,chronos2,,168
2014-09-06,8.08663436904762,12.765579495658342,0.27095820439350615,chronos2,,168
2014-09-07,8.55646630952381,13.317038789899572,0.2867008252600333,chronos2,,168
2014-09-08,8.237374702380952,13.207955048575743,0.27600904856249864,chronos2,,168
2014-09-09,8.20569293452381,12.311927687280695,0.27494749012683584,chronos2,,168
2014-09-10,8.927911714285713,13.095238040634255,0.2991468164241371,chronos2,,168
2014-09-11,7.042979529761905,10.362776298860107,0.23598854602217623,chronos2,,168
2014-09-12,7.4423322559523815,11.055927715129478,0.24936962555044068,chronos2,,168
2014-09-13,8.041819178571428,11.918532243145808,0.26945658542734385,chronos2,,168
2014-09-14,7.956940595238096,12.16721447577797,0.26661256559388957,chronos2,,168
2014-09-15,7.790970767857144,11.751270457824711,0.2610514279984057,chronos2,,168
2014-09-16,8.073133738095239,12.215999115831943,0.2705058398430526,chronos2,,168
2014-09-17,7.8868193571428575,11.387097983269985,0.26426301893491616,chronos2,,168
2014-09-18,8.847154470238095,12.970986236120854,0.2964408899731199,chronos2,,168
2014-09-19,8.666155523809525,12.347240856916313,0.2903761729000791,chronos2,,168
2014-09-20,8.976493321428572,13.119015297648422,0.30077463640921825,chronos2,,168
2014-09-21,9.09242781547619,13.320617512437298,0.30465924413361967,chronos2,,168
2014-09-22,8.67260293452381,12.81841558915883,0.2905922057699238,chronos2,,168
2014-09-23,8.930472291666666,13.52193799276824,0.29923261348354285,chronos2,,168
2014-09-24,9.110199065476191,13.851197629603048,0.30525470397143045,chronos2,,168
2014-09-25,7.593424321428571,11.907838528864723,0.25443225517992346,chronos2,,168
2014-09-26,8.39989542857143,12.950168765928787,0.281454617403085,chronos2,,168
2014-09-27,8.074793357142857,12.25783529625832,0.27056144856438186,chronos2,,168
2014-09-28,8.638417416666666,13.115736346104375,0.2894467543853171,chronos2,,168
2014-09-29,8.826632660714285,13.011745400161244,0.2957532673595935,chronos2,,168
2014-09-30,8.154738077380951,12.051557909263375,0.2732401498457663,chronos2,,168
2014-10-01,8.903304345238094,13.202332498628637,0.29832229929776477,chronos2,,168
2014-10-02,9.902820297619048,15.120245535412968,0.3318129995520541,chronos2,,168
2014-10-03,9.378068333333333,14.516287963369901,0.3142301778853478,chronos2,,168
2014-10-04,9.122612029761905,14.368113009105583,0.30567062416276886,chronos2,,168
2014-10-05,9.472150839285714,15.010231628847114,0.31738259281031006,chronos2,,168
2014-10-06,9.782470142857145,15.6790001385833,0.32778043664089007,chronos2,,168
2014-10-07,11.557513410714286,17.662719011779274,0.3872566679912629,chronos2,,168
2014-10-08,10.606890160714286,16.525842093026547,0.35540421156506063,chronos2,,168
2014-10-09,11.128048142857144,17.38291655668552,0.37286660996250454,chronos2,,168
2014-10-10,11.086354982142858,17.39792603133703,0.3714696005953104,chronos2,,168
2014-10-11,12.908009922619048,19.177380300509842,0.4325076454938483,chronos2,,168
2014-10-12,17.25133806547619,25.93781234283259,0.5780391906302156,chronos2,,168
2014-10-13,17.26589005357143,25.958163723434335,0.578526782919504,chronos2,,168
2014-10-14,14.953999369047619,23.397754150884268,0.5010624485568238,chronos2,,168
2014-10-15,18.382324845238095,26.61664350550469,0.6159350732745512,chronos2,,168
2014-10-16,16.83468429761905,25.015598864566574,0.564078406496772,chronos2,,168
2014-10-17,17.334436113095236,26.1589532110119,0.5808235501973608,chronos2,,168
2014-10-18,17.508657267857142,26.37270448257872,0.5866611643526808,chronos2,,168
2014-10-19,18.190979035714285,26.40858711013782,0.6095236646958176,chronos2,,168
2014-11-10,18.676338297619047,27.630780883472408,0.625786558266825,chronos2,,168
2014-11-11,18.520125636904762,27.851410308436332,0.6205523532664499,chronos2,,168
2014-11-12,17.601822351190474,26.21276965237617,0.5897828392720754,chronos2,,168
2014-11-13,18.183746017857143,26.664987102749663,0.6092813085509153,chronos2,,168
2014-11-14,15.547658547619047,23.7813878032521,0.5209541386848124,chronos2,,168
2014-11-15,16.112336505952378,24.080606556283257,0.539874757408002,chronos2,,168
2014-11-16,11.689963910714283,17.431059128313155,0.39169467619259674,chronos2,,168
2014-11-17,14.888179113095237,22.11857193811523,0.4988570145589864,chronos2,,168
2014-11-18,9.653838208333333,14.523024304616508,0.3234703768044219,chronos2,,168
2014-11-19,10.570235238095236,14.64713546929991,0.3541760180346277,chronos2,,168
2014-11-20,12.283578232142856,17.246377768918478,0.4115848632959242,chronos2,,168
2014-11-21,13.124260458333335,17.747482218230907,0.4397535347207131,chronos2,,168
2014-11-22,12.02551055357143,17.76088519361402,0.40293781044222265,chronos2,,168
2014-11-23,11.136985726190476,16.421203408778013,0.3731660808450865,chronos2,,168
2014-11-24,10.821960220238097,16.13401169838637,0.3626105466715951,chronos2,,168
2014-11-25,10.719073976190476,16.205046414364148,0.3591631456056287,chronos2,,168
2014-11-26,9.589442898809523,14.191482784516442,0.3213126883714292,chronos2,,168
2014-11-27,10.249179077380953,15.949491470287342,0.3434184151993136,chronos2,,168
2014-11-28,11.452295303571427,16.453578477199343,0.3837311333769818,chronos2,,168
2014-11-29,13.187192214285714,21.532507018395847,0.44186218398244487,chronos2,,168
2014-11-30,13.695770267857146,21.753352416419627,0.45890306772971995,chronos2,,168
2014-12-01,13.519172523809525,21.460657478725157,0.45298582138923493,chronos2,,168
2014-12-02,14.225065416666666,22.333920278659868,0.4766381175131704,chronos2,,168
2014-12-03,11.84872344047619,20.157899389625236,0.39701421892836036,chronos2,,168
2014-12-04,10.022696351190476,17.573123973529487,0.33582967679293685,chronos2,,168
2014-12-05,10.03043744047619,17.445476310689973,0.3360890568461436,chronos2,,168
2014-12-06,8.716807273809524,11.971153555088321,0.2920733569946043,chronos2,,168
2014-12-07,8.028103511904762,11.745559302264379,0.2689970156925869,chronos2,,168
2014-12-08,8.185840535714286,11.878250612631545,0.27428229740402377,chronos2,,168
2014-12-09,8.353202380952379,12.400744320305096,0.2798900772293701,chronos2,,168
2014-12-10,9.281605017857142,12.927359721440702,0.3109979893680436,chronos2,,168
2014-12-11,7.994486244047618,11.24787388471881,0.2678706046148148,chronos2,,168
2014-12-12,7.751107345238095,10.720441105086133,0.25971572751772365,chronos2,,168
2014-12-13,7.23186288095238,9.993454485221061,0.2423174452085044,chronos2,,168
2014-12-14,7.525582166666667,10.456223030520109,0.2521590735820473,chronos2,,168
2014-12-15,7.214877666666668,10.022583611114943,0.2417483230058596,chronos2,,168
2014-12-16,8.732829744047619,12.45358440210999,0.2926102206102365,chronos2,,168
2014-12-17,7.109290773809524,10.596752877199144,0.23821043151844828,chronos2,,168
2014-12-18,10.874856767857144,19.688819529576953,0.36438294701855933,chronos2,,168
2014-12-19,17.63867594047619,29.713401504850903,0.5910176895104559,chronos2,,168
2014-12-20,16.84921318452381,28.975014138383205,0.5645652247363375,chronos2,,168
2014-12-21,17.206555541666667,29.35910990671618,0.5765386662234139,chronos2,,168
2014-12-22,17.122486684523807,29.114768668344677,0.5737217778199969,chronos2,,168
2014-12-23,18.576912148809523,29.643276026053545,0.6224550943324215,chronos2,,168
2014-12-24,18.500285464285714,29.68990137667486,0.6198875702056142,chronos2,,168
2014-12-25,15.501345565476191,20.047210918821428,0.5194023333342986,chronos2,,168
2014-03-14,9.068212821428572,12.896709551762697,0.3038478742846679,timesfm3,,168
2014-03-15,11.320507666666666,16.737500919798478,0.3793153356758199,timesfm3,,168
2014-03-16,11.158747214285714,16.43462776922367,0.37389524126833823,timesfm3,,168
2014-03-17,10.640255476190477,16.004389102495278,0.35652218049476214,timesfm3,,168
2014-03-18,12.398696196428572,18.965096801968382,0.4154421116235702,timesfm3,,168
2014-03-19,11.888305125,18.08879492065598,0.39834047923345006,timesfm3,,168
2014-03-20,11.746625910714286,18.240008352920068,0.39359324524823636,timesfm3,,168
2014-03-21,12.579293750000001,20.83379419781839,0.4214933792585798,timesfm3,,168
2014-03-22,13.051843267857143,18.487514808751122,0.4373270577708269,timesfm3,,168
2014-03-23,11.856052333333334,19.000939221931993,0.397259787549141,timesfm3,,168
2014-04-14,10.910065708333335,14.919223752951188,0.3655626901421686,timesfm3,,168
2014-04-15,10.22276088095238,14.655387765014764,0.34253322282620474,timesfm3,,168
2014-04-16,10.689819505952382,15.328447085696483,0.3581829184351587,timesfm3,,168
2014-04-17,12.125377833333333,18.28912766187604,0.40628405531580364,timesfm3,,168
2014-04-18,17.08209906547619,24.60125308815912,0.5723685131319385,timesfm3,,168
2014-04-19,16.273386714285714,22.7026867258808,0.5452710537255688,timesfm3,,168
2014-04-20,15.508649499999999,23.277235725627847,0.5196470656782208,timesfm3,,168
2014-04-21,14.476442327380953,21.80538778177107,0.48506098334890524,timesfm3,,168
2014-04-22,15.066984476190477,23.19192242571975,0.5048482314125216,timesfm3,,168
2014-04-23,14.257591410714285,19.748453198765848,0.477727963367583,timesfm3,,168
2014-04-24,12.072288744047619,16.843470375906794,0.404505203490772,timesfm3,,168
2014-04-25,10.74176669047619,14.09512275514164,0.3599235085496004,timesfm3,,168
2014-04-26,10.791253845238096,14.943950454683522,0.3615816706455836,timesfm3,,168
2014-04-27,12.422276107142858,16.980054425778786,0.4162322017865875,timesfm3,,168
2014-04-28,11.669222107142858,16.38511941233475,0.39099968225629267,timesfm3,,168
2014-04-29,11.862744928571427,16.69499701639526,0.3974840357970137,timesfm3,,168
2014-04-30,12.125504023809523,16.717939465368207,0.406288283569893,timesfm3,,168
2014-05-01,12.64334106547619,17.662832269024193,0.4236394074831373,timesfm3,,168
2014-05-02,16.089876273809523,21.73984123247283,0.5391221842244062,timesfm3,,168
2014-05-03,12.650303494047618,16.677460754640705,0.4238726970147072,timesfm3,,168
2014-05-04,10.503643434523811,14.20301321131731,0.351944731853061,timesfm3,,168
2014-05-05,10.917982333333335,14.88292876427269,0.3658279518563704,timesfm3,,168
2014-05-06,11.765685017857143,15.578613318554961,0.39423185721127235,timesfm3,,168
2014-05-07,11.722479827380953,15.622160135067091,0.3927841843850201,timesfm3,,168
2014-05-08,11.088909035714286,15.51955313120898,0.37155517906195756,timesfm3,,168
2014-05-09,11.306915220238096,16.40287962339462,0.37885989467162445,timesfm3,,168
2014-05-10,11.997753160714286,16.76162427548309,0.4020077457225904,timesfm3,,168
2014-05-11,14.22219360714286,23.303385741217436,0.47654189202350206,timesfm3,,168
2014-05-12,15.358603392857143,25.43295315790512,0.5146194828900983,timesfm3,,168
2014-05-13,15.039984398809523,25.47333721990696,0.503943542001358,timesfm3,,168
2014-05-14,16.40282936904762,26.427223648495556,0.5496082782995476,timesfm3,,168
2014-05-15,18.366508970238094,28.02836001528615,0.6154051320288687,timesfm3,,168
2014-05-16,16.871709333333335,26.45041473021383,0.5653190013767814,timesfm3,,168
2014-05-17,17.230795160714283,26.378705573942774,0.5773508611802508,timesfm3,,168
2014-05-18,18.836047541666666,23.547482651573556,0.6311379230024219,timesfm3,,168
2014-05-19,16.639366011904762,21.959713954332468,0.5575338924793052,timesfm3,,168
2014-05-20,14.753633958333333,19.855684932452533,0.4943488209297961,timesfm3,,168
2014-05-21,14.052844815476188,18.126480203316046,0.47086753574472107,timesfm3,,168
2014-05-22,15.114373261904761,20.421691638747955,0.5064360836263769,timesfm3,,168
2014-05-23,13.91061689285714,18.628916514660407,0.4661019162337187,timesfm3,,168
2014-05-24,15.566781922619048,20.075083763998517,0.5215949040657449,timesfm3,,168
2014-05-25,14.752333904761905,18.269247514854783,0.4943052601398242,timesfm3,,168
2014-05-26,20.276045517857142,24.9494586411232,0.6793878188369985,timesfm3,,168
2014-05-27,22.123555910714284,26.57174591885736,0.741292200289312,timesfm3,,168
2014-05-28,16.120640851190476,19.835726892081578,0.5401530104328934,timesfm3,,168
2014-05-29,15.32418113095238,19.576121899074778,0.5134660989418173,timesfm3,,168
2014-05-30,14.685016386904763,19.19540957288819,0.49204965750832463,timesfm3,,168
2014-05-31,13.583563357142856,17.832624624978244,0.45514335983887494,timesfm3,,168
2014-06-01,11.502830916666667,16.22832735811818,0.38542442608162325,timesfm3,,168
2014-06-02,12.520505702380953,17.113400820284003,0.4195235728971562,timesfm3,,168
2014-06-03,11.295650488095239,16.236995906640235,0.37848244820191823,timesfm3,,168
2014-06-04,12.580946904761905,17.76825355389773,0.42154877138160995,timesfm3,,168
2014-06-05,12.319521970238094,17.02077407757707,0.41278922722398237,timesfm3,,168
2014-06-06,11.490767160714286,15.732632036223869,0.38502020678569343,timesfm3,,168
2014-06-07,11.413490934523809,15.95228031976244,0.38243091851874483,timesfm3,,168
2014-06-08,10.744963291666668,15.943648226761098,0.3600306168074004,timesfm3,,168
2014-06-09,10.47270405952381,15.19783229414085,0.3509080487148762,timesfm3,,168
2014-06-10,11.28055488095238,16.195733558890396,0.3779766409131264,timesfm3,,168
2014-06-11,11.39612924404762,16.575559699953192,0.38184918175880544,timesfm3,,168
2014-06-12,11.430651910714285,16.22639947210354,0.38300592996133076,timesfm3,,168
2014-06-13,11.343790785714285,16.31364641420734,0.3800954812644433,timesfm3,,168
2014-06-14,10.95162530357143,15.165617984059422,0.36695522414174414,timesfm3,,168
2014-06-15,10.4650195,14.368426044694068,0.3506505627998339,timesfm3,,168
2014-06-16,11.05340724404762,15.1393603669442,0.3703656233971718,timesfm3,,168
2014-06-17,10.932553142857143,16.06567696216181,0.366316174793745,timesfm3,,168
2014-06-18,10.936733625,15.87871025600666,0.3664562498711175,timesfm3,,168
2014-06-19,10.936461345238095,16.40165516674147,0.36644712661513595,timesfm3,,168
2014-06-20,11.258913708333333,16.615655476374585,0.3772515118908138,timesfm3,,168
2014-06-21,13.323682375,18.372521087590943,0.4464355487689228,timesfm3,,168
2014-06-22,13.859014523809524,19.324769631234467,0.46437287982357617,timesfm3,,168
2014-06-23,14.149059505952383,19.485928987249736,0.47409139360423963,timesfm3,,168
2014-06-24,13.962939226190477,19.23000501469353,0.4678550764290088,timesfm3,,168
2014-06-25,12.247038130952381,17.036422123164307,0.41036051707782084,timesfm3,,168
2014-06-26,11.614036910714285,16.869563513776605,0.38915059633859334,timesfm3,,168
2014-06-27,10.761982351190476,14.742276464231812,0.3606008730597033,timesfm3,,168
2014-06-28,10.137882946428572,13.570088899642567,0.3396892247323588,timesfm3,,168
2014-06-29,9.810810863095238,13.548079385109933,0.32873004686394225,timesfm3,,168
2014-06-30,10.23742893452381,14.901991612289851,0.34302470411202557,timesfm3,,168
2014-07-01,10.33655617857143,14.816398075694503,0.3463461526687238,timesfm3,,168
2014-07-02,10.62648917261905,15.536245551683328,0.35606091407332885,timesfm3,,168
2014-07-03,10.543177315476191,15.425812740683373,0.35326939040774535,timesfm3,,168
2014-07-04,10.767245904761905,16.232906821123766,0.3607772385239195,timesfm3,,168
2014-07-05,12.075835035714286,17.71150371536558,0.40462402879910225,timesfm3,,168
2014-07-06,11.445082761904763,17.098930141787893,0.38348946332613926,timesfm3,,168
2014-07-07,11.518454279761906,17.340430464176958,0.3859479168464682,timesfm3,,168
2014-07-08,9.461888648809524,14.437055222368299,0.31703873842322217,timesfm3,,168
2014-07-09,10.452652666666665,15.57742538324418,0.35023618831458947,timesfm3,,168
2014-07-10,10.156744839285714,14.955651507767435,0.3403212286522585,timesfm3,,168
2014-07-11,8.451551797619047,12.452893741249358,0.2831854631868643,timesfm3,,168
2014-07-12,8.572869964285715,12.03717463095254,0.2872504611947047,timesfm3,,168
2014-07-13,8.757052702380953,11.518082052716213,0.2934218573178662,timesfm3,,168
2014-07-14,8.488538077380952,11.284206442943086,0.28442475947430873,timesfm3,,168
2014-07-15,8.800886095238095,11.31395562448008,0.29489057927053747,timesfm3,,168
2014-07-16,10.611001279761904,13.366425202937341,0.3555419624988056,timesfm3,,168
2014-07-17,9.232840922619047,12.03399890778255,0.30936405476910067,timesfm3,,168
2014-07-18,8.412633845238096,11.361782485081934,0.28188144250105496,timesfm3,,168
2014-07-19,8.871160880952381,11.680404507872057,0.29724527083717545,timesfm3,,168
2014-07-20,8.41337725,11.610135345816516,0.281906351704344,timesfm3,,168
2014-07-21,9.098535880952381,12.574959626744723,0.3048639065899911,timesfm3,,168
2014-07-22,8.954260755952381,12.995823378480212,0.3000296916342266,timesfm3,,168
2014-07-23,9.64606375,13.667328913186518,0.3232098786572329,timesfm3,,168
2014-07-24,8.971504047619048,12.97380828706745,0.30060746121482207,timesfm3,,168
2014-07-25,9.048222404761905,13.540552657010066,0.30317805700866857,timesfm3,,168
2014-07-26,8.491344803571428,12.5792060276675,0.28451880422198605,timesfm3,,168
2014-07-27,8.882463886904763,12.880001460273723,0.2976239997443249,timesfm3,,168
2014-07-28,9.481361291666666,14.040509552475914,0.3176912066940225,timesfm3,,168
2014-07-29,8.253506464285714,11.686651359676032,0.27654957420517495,timesfm3,,168
2014-07-30,9.619027113095237,14.122023537377828,0.3223039642490591,timesfm3,,168
2014-07-31,10.300863827380951,14.4952528058796,0.3451502119413711,timesfm3,,168
2014-08-01,9.662665,13.283366670426114,0.32376613539958116,timesfm3,,168
2014-08-02,10.60455919047619,15.20216742697883,0.35532610793363806,timesfm3,,168
2014-08-03,11.052592148809524,14.921642530716715,0.3703383120668896,timesfm3,,168
2014-08-04,10.72746975595238,15.054843528732256,0.3594444623197213,timesfm3,,168
2014-08-05,10.945875494047618,15.703200717512535,0.3667625657386216,timesfm3,,168
2014-08-06,8.893500785714284,12.40823698991609,0.2979938122209403,timesfm3,,168
2014-08-07,9.365546333333333,13.44046813088306,0.31381060424314106,timesfm3,,168
2014-08-08,8.340385547619046,12.398309424299585,0.2794606246304863,timesfm3,,168
2014-08-09,8.304147017857142,11.387959702825558,0.2782463831418727,timesfm3,,168
2014-08-10,9.68142794642857,13.405568227327693,0.3243948239294937,timesfm3,,168
2014-08-11,9.412832029761905,13.203514010999465,0.3153950022526298,timesfm3,,168
2014-08-12,9.152257863095238,13.02859837200447,0.3066639647048484,timesfm3,,168
2014-08-13,9.771453166666666,13.471029609399578,0.32741129170986116,timesfm3,,168
2014-08-14,9.871017315476191,13.950607644307908,0.33074737959911416,timesfm3,,168
2014-08-15,7.721579702380953,11.22300876292217,0.25872634717437987,timesfm3,,168
2014-08-16,8.625985333333333,11.539805571463162,0.28903019357359494,timesfm3,,168
2014-08-17,7.843942369047619,10.618931356068549,0.2628263431593233,timesfm3,,168
2014-08-18,7.583412535714286,10.394716449391254,0.25409679108495975,timesfm3,,168
2014-08-19,8.53612192857143,12.010085996219537,0.2860191477313134,timesfm3,,168
2014-08-20,8.730396982142858,12.937497876014808,0.2925287062536639,timesfm3,,168
2014-08-21,8.596659470238095,12.834753472256407,0.28804757424842925,timesfm3,,168
2014-08-22,8.76472742857143,12.798437758433936,0.29367901374820304,timesfm3,,168
2014-08-23,8.821821672619048,12.605659866879382,0.29559206597022025,timesfm3,,168
2014-08-24,7.6791141666666665,12.021365053878563,0.25730345790046966,timesfm3,,168
2014-08-25,7.799883928571428,12.46236136466538,0.2613500805542647,timesfm3,,168
2014-08-26,7.4502104523809525,12.141438625830455,0.2496335996416047,timesfm3,,168
2014-08-27,9.427209398809524,13.752502361561072,0.315876743595599,timesfm3,,168
2014-08-28,9.63412400595238,14.426260002073956,0.32280981461817554,timesfm3,,168
2014-08-29,10.198328922619048,14.696145036299177,0.34171458317246256,timesfm3,,168
2014-08-30,12.27002205952381,16.664071770503824,0.41113063771533354,timesfm3,,168
2014-08-31,11.29068056547619,15.872418119861722,0.3783159214062977,timesfm3,,168
2014-09-01,11.48403675595238,16.440653663194148,0.3847946916571613,timesfm3,,168
2014-09-02,9.680191321428572,13.855477561718489,0.32435338843553957,timesfm3,,168
2014-09-03,9.070076648809524,12.314183765543564,0.3039103253981219,timesfm3,,168
2014-09-04,10.619004547619047,14.706454049206037,0.3558101273482208,timesfm3,,168
2014-09-05,10.380910791666667,15.02801369397927,0.34783233910579775,timesfm3,,168
2014-09-06,9.839854982142858,14.347329591119372,0.3297032258140697,timesfm3,,168
2014-09-07,9.560818541666666,14.276613729873429,0.3203535743495274,timesfm3,,168
2014-09-08,9.762553446428573,14.503506324939034,0.3271130895029519,timesfm3,,168
2014-09-09,9.35039855952381,13.585119562823966,0.31330304901006445,timesfm3,,168
2014-09-10,8.999398595238095,12.774429432711376,0.30154212156797916,timesfm3,,168
2014-09-11,7.287808708333334,10.474438610147317,0.2441920175260652,timesfm3,,168
2014-09-12,8.047001595238095,12.102843483766748,0.2696302322438481,timesfm3,,168
2014-09-13,8.649738434523808,12.870275264952804,0.28982608681590394,timesfm3,,168
2014-09-14,7.983893761904762,11.57571885316381,0.26751568317153995,timesfm3,,168
2014-09-15,8.36469361904762,12.488633958060925,0.2802751132157209,timesfm3,,168
2014-09-16,8.218605880952381,12.226986837872284,0.27538016317943576,timesfm3,,168
2014-09-17,8.654865458333333,12.323717555970374,0.2899978775884197,timesfm3,,168
2014-09-18,9.22651225,13.498295271493504,0.30915200044701896,timesfm3,,168
2014-09-19,8.480469273809524,12.555583543757212,0.2841543987250103,timesfm3,,168
2014-09-20,9.499208017857143,13.129139787747052,0.318289195506449,timesfm3,,168
2014-09-21,9.71387885714286,13.692661098635059,0.3254821539727232,timesfm3,,168
2014-09-22,9.631857482142857,14.22295109676128,0.32273387038802787,timesfm3,,168
2014-09-23,9.391316464285714,13.932422243284465,0.31467408193870366,timesfm3,,168
2014-09-24,9.317863291666667,13.503823167225608,0.31221289241886546,timesfm3,,168
2014-09-25,7.962788654761904,12.548844195973722,0.2668085160518233,timesfm3,,168
2014-09-26,8.950004160714286,13.64336927279525,0.299887066241522,timesfm3,,168
2014-09-27,9.097712601190477,13.274786043459127,0.30483632102153096,timesfm3,,168
2014-09-28,8.523963773809523,12.3608883915768,0.2856117654221003,timesfm3,,168
2014-09-29,9.395468428571428,13.552799065583713,0.3148132014705412,timesfm3,,168
2014-09-30,8.525401845238097,12.20174053629258,0.2856599507652595,timesfm3,,168
2014-10-01,9.556143386904763,13.491583869340996,0.3201969243166786,timesfm3,,168
2014-10-02,10.790975273809524,15.921336315478806,0.36157233657523535,timesfm3,,168
2014-10-03,10.439445178571429,15.661898257022617,0.34979364607816393,timesfm3,,168
2014-10-04,9.894091970238096,15.034503154090777,0.3315205401917603,timesfm3,,168
2014-10-05,10.104522726190478,14.625895857519673,0.3385714265283885,timesfm3,,168
2014-10-06,10.242820041666667,14.95180953281349,0.34320534350345305,timesfm3,,168
2014-10-07,11.470672636904762,17.16353243880355,0.38434690120007037,timesfm3,,168
2014-10-08,11.446781797619048,16.742031102253197,0.3835463927785336,timesfm3,,168
2014-10-09,11.315386863095238,16.454932010859878,0.3791437533243194,timesfm3,,168
2014-10-10,11.744823446428573,17.122454726884094,0.39353285022305634,timesfm3,,168
2014-10-11,13.626241160714287,19.697215726904773,0.456573361554723,timesfm3,,168
2014-10-12,16.70600936904762,25.120043587829525,0.5597669060622243,timesfm3,,168
2014-10-13,17.439816386904763,25.58088185946079,0.5843545185170387,timesfm3,,168
2014-10-14,16.313267994047617,24.36657156621217,0.5466073525440936,timesfm3,,168
2014-10-15,18.135807148809526,25.904376449747343,0.6076750247392574,timesfm3,,168
2014-10-16,17.357281916666665,25.00351829996404,0.5815890426916591,timesfm3,,168
2014-10-17,18.028311827380954,25.95404521800874,0.6040731876899067,timesfm3,,168
2014-10-18,17.688590184523807,25.20174733116573,0.5926901620526259,timesfm3,,168
2014-10-19,16.16453882142857,23.40294508598532,0.5416238961746505,timesfm3,,168
2014-11-10,18.713712583333333,26.96042248253801,0.6270388554383646,timesfm3,,168
2014-11-11,19.44541236904762,28.194922224775507,0.6515558610360352,timesfm3,,168
2014-11-12,16.51461393452381,23.790181645498453,0.5533538347026254,timesfm3,,168
2014-11-13,17.341581119047618,24.26105221615879,0.5810629573344819,timesfm3,,168
2014-11-14,15.673858041666666,23.34835659299695,0.5251826949347891,timesfm3,,168
2014-11-15,15.68680063690476,23.36427777989827,0.525616361427654,timesfm3,,168
2014-11-16,12.185914172619047,17.633025210260776,0.4083124415448381,timesfm3,,168
2014-11-17,13.727030422619046,19.700342712191976,0.45995049920946735,timesfm3,,168
2014-11-18,11.704109452380951,15.213308749760232,0.3921686497142443,timesfm3,,168
2014-11-19,14.808308244047618,18.139818321464194,0.49618078780347397,timesfm3,,168
2014-11-20,12.616251892857143,17.27438766451267,0.4227317327650299,timesfm3,,168
2014-11-21,12.561010535714285,17.269490858181182,0.4208807650748149,timesfm3,,168
2014-11-22,11.884489702380952,16.62464421246508,0.3982126361760445,timesfm3,,168
2014-11-23,10.566760773809525,14.813031230602661,0.3540595994405475,timesfm3,,168
2014-11-24,11.232361065476189,16.590546444301683,0.37636181463208623,timesfm3,,168
2014-11-25,10.70686324404762,15.586804358161992,0.35875400159036047,timesfm3,,168
2014-11-26,10.76772961904762,14.39051184996674,0.3607934462994062,timesfm3,,168
2014-11-27,11.547005910714287,16.654577777684324,0.38690459403778205,timesfm3,,168
2014-11-28,11.944160291666666,16.580832193178573,0.40021201378978266,timesfm3,,168
2014-11-29,13.722644172619047,21.59759324218195,0.45980352948513187,timesfm3,,168
2014-11-30,14.25756726190476,21.11186630248621,0.47772715421537354,timesfm3,,168
2014-12-01,15.03989549404762,22.290916088877847,0.5039405630766846,timesfm3,,168
2014-12-02,14.871646017857142,23.06840078573692,0.4983030414727383,timesfm3,,168
2014-12-03,13.122040571428572,21.17997674971169,0.43967915314956485,timesfm3,,168
2014-12-04,10.93300236904762,18.790149936085122,0.3663312269794113,timesfm3,,168
2014-12-05,10.677533375000001,17.88608156521517,0.357771248038072,timesfm3,,168
2014-12-06,8.18579938095238,11.010601189788721,0.27428091843474195,timesfm3,,168
2014-12-07,8.71596794642857,11.881052991215327,0.2920452337198694,timesfm3,,168
2014-12-08,8.379856065476188,11.787363888093191,0.2807831600830583,timesfm3,,168
2014-12-09,7.5659718869047605,11.171304604090173,0.2535124086745252,timesfm3,,168
2014-12-10,9.261314303571428,12.64669377622907,0.3103181100439873,timesfm3,,168
2014-12-11,8.16797048809524,11.303585196265468,0.2736835271623746,timesfm3,,168
2014-12-12,7.933362261904762,10.718699133284087,0.2658225282840484,timesfm3,,168
2014-12-13,8.085895089285716,11.14290409866988,0.27093343340625875,timesfm3,,168
2014-12-14,8.106967595238094,10.947882370156217,0.2716395081605203,timesfm3,,168
2014-12-15,7.8178095476190474,10.589566633068713,0.2619507128232808,timesfm3,,168
2014-12-16,8.97704075,12.50198986882569,0.3007929790541282,timesfm3,,168
2014-12-17,7.773931029761904,10.634631221223211,0.26048047887088066,timesfm3,,168
2014-12-18,11.263244398809524,19.91848669547701,0.3773966199866743,timesfm3,,168
2014-12-19,17.448436636904763,30.304650984962958,0.5846433565372616,timesfm3,,168
2014-12-20,16.90052800595238,29.06815230474217,0.566284626311643,timesfm3,,168
2014-12-21,17.281902845238093,28.937002168680475,0.5790633222360253,timesfm3,,168
2014-12-22,17.140943333333333,29.086183601088123,0.5743402032603373,timesfm3,,168
2014-12-23,18.079406363095238,30.08982617053598,0.6057852081695828,timesfm3,,168
2014-12-24,18.697311273809525,30.685504747456978,0.6264892980853967,timesfm3,,168
2014-12-25,16.699404761904763,23.84016914632916,0.5595456060243491,timesfm3,,168
2014-03-14,7.634336875,11.80153566595596,0.25580310880665585,toto2,,168
2014-03-15,10.811591113095238,16.745654335099047,0.36226310983639615,toto2,,168
2014-03-16,10.919394166666669,17.27340156424361,0.3658752580417925,toto2,,168
2014-03-17,10.779183541666667,17.02742886767645,0.36117723195911133,toto2,,168
2014-03-18,12.325309178571429,19.417417045732822,0.41298313874599374,toto2,,168
2014-03-19,11.749519172619047,18.523027983670758,0.3936901895411,toto2,,168
2014-03-20,11.78357925595238,18.27908602302791,0.39483143800125264,toto2,,168
2014-03-21,12.425427583333333,20.424777226272113,0.4163377980446585,toto2,,168
2014-03-22,13.932893916666666,18.58400321489917,0.4668483506704931,toto2,,168
2014-03-23,11.205449208333333,18.48391374322241,0.37546008120931224,toto2,,168
2014-04-14,9.983666273809524,14.477485161314908,0.3345218991438124,toto2,,168
2014-04-15,9.401909946428571,13.614316556419627,0.3150290368888978,toto2,,168
2014-04-16,9.203407291666666,13.864014529759762,0.30837782447505346,toto2,,168
2014-04-17,11.004126791666668,17.321471689092004,0.3687143872611654,toto2,,168
2014-04-18,13.977576017857142,21.40834207103327,0.4683455102247127,toto2,,168
2014-04-19,13.897768839285712,21.40003770340496,0.4656714175408397,toto2,,168
2014-04-20,14.342639238095238,22.589636916636913,0.4805776540476657,toto2,,168
2014-04-21,14.18756705952381,22.151518196807867,0.4753816630902989,toto2,,168
2014-04-22,13.864752595238096,21.404328853322482,0.46456514491929,toto2,,168
2014-04-23,12.987385779761905,18.494130707613834,0.43516728592546544,toto2,,168
2014-04-24,9.016143125,12.564483011947779,0.30210317917373236,toto2,,168
2014-04-25,8.481740440476191,11.919966249316339,0.28419699160379847,toto2,,168
2014-04-26,10.743835964285713,14.439910378985104,0.3599928435399362,toto2,,168
2014-04-27,11.660310053571427,16.735670096453372,0.3907010667973798,toto2,,168
2014-04-28,12.053206077380953,17.360650074684237,0.40386580212067535,toto2,,168
2014-04-29,12.562327166666668,16.959002280493014,0.420924881321751,toto2,,168
2014-04-30,12.582407315476193,17.05575261798504,0.42159770524541057,toto2,,168
2014-05-01,12.330235601190477,17.048368152764624,0.41314820799062907,toto2,,168
2014-05-02,12.449243226190477,16.839855714235927,0.4171357868655391,toto2,,168
2014-05-03,13.071308202380955,16.769815641882772,0.4379792677591252,toto2,,168
2014-05-04,11.61280911904762,15.177830315764641,0.38910945682242554,toto2,,168
2014-05-05,11.312123446428572,15.527472675142063,0.3790344062857576,toto2,,168
2014-05-06,10.823504827380953,14.825963978040223,0.3626623016983246,toto2,,168
2014-05-07,11.157181773809523,15.280209800127878,0.37384278818079203,toto2,,168
2014-05-08,10.361431482142857,15.367079225945758,0.34717964745553603,toto2,,168
2014-05-09,12.263746744047621,16.8995607898324,0.4109203712267262,toto2,,168
2014-05-10,9.754892422619047,14.684669497924187,0.32685639219718643,toto2,,168
2014-05-11,12.907383226190477,22.61966428053509,0.432486646827254,toto2,,168
2014-05-12,14.603368511904762,24.951487656234136,0.48931388875795,toto2,,168
2014-05-13,14.645979119047619,25.231502229725105,0.4907416389284953,toto2,,168
2014-05-14,15.318256976190478,25.684996498308443,0.5132675987668893,toto2,,168
2014-05-15,16.87830293452381,26.90506234658858,0.5655399326390994,toto2,,168
2014-05-16,16.68885020238095,27.034880609118048,0.5591919552512064,toto2,,168
2014-05-17,16.028644749999998,25.58347650968232,0.5370705045037042,toto2,,168
2014-05-18,14.089471666666668,18.76316906012747,0.4720947886880651,toto2,,168
2014-05-19,13.79383029761905,19.067376900920294,0.462188757223579,toto2,,168
2014-05-20,13.325588857142858,19.059257224390116,0.4464994291120373,toto2,,168
2014-05-21,13.45587443452381,18.399265462082955,0.4508648974261033,toto2,,168
2014-05-22,13.066020142857141,18.181798902750888,0.4378020811759426,toto2,,168
2014-05-23,13.140853732142856,16.883627632293596,0.44030952420549146,toto2,,168
2014-05-24,14.371944964285714,18.646871404441974,0.48155959864719067,toto2,,168
2014-05-25,13.201122404761904,16.79377817042434,0.44232894174915377,toto2,,168
2014-05-26,14.23859599404762,17.896983744379916,0.47709148547618646,toto2,,168
2014-05-27,14.684078684523811,17.763486179851647,0.49201823799041355,toto2,,168
2014-05-28,13.113677571428571,16.05094508517777,0.4393989347843057,toto2,,168
2014-05-29,12.707213303571429,16.594262048597205,0.4257795694040377,toto2,,168
2014-05-30,12.893355041666666,17.221487136007177,0.4320166055819095,toto2,,168
2014-05-31,11.85691244642857,15.993823440386668,0.3972886072891248,toto2,,168
2014-06-01,10.641598238095238,15.68147747898106,0.3565671723094081,toto2,,168
2014-06-02,10.46487849404762,15.477391751439374,0.35064583812478095,toto2,,168
2014-06-03,10.801876922619048,16.32187130235465,0.3619376172410292,toto2,,168
2014-06-04,12.082189839285714,17.492686478575248,0.404836958688894,toto2,,168
2014-06-05,12.07293367857143,17.24977103991558,0.4045268132597498,toto2,,168
2014-06-06,11.132590672619047,15.851304066889657,0.3730188161401945,toto2,,168
2014-06-07,11.53750724404762,16.295471227468298,0.3865863229812862,toto2,,168
2014-06-08,9.6810525,14.379095563603002,0.3243822438763481,toto2,,168
2014-06-09,10.737830410714285,15.972362473071819,0.3597916159416746,toto2,,168
2014-06-10,11.163187410714286,15.87207350923826,0.374044018571297,toto2,,168
2014-06-11,12.294385261904763,16.78449409401326,0.4119469735689349,toto2,,168
2014-06-12,10.484473714285716,15.001323623491462,0.3513024135859805,toto2,,168
2014-06-13,11.370695422619049,16.18809105518347,0.3809969727592829,toto2,,168
2014-06-14,9.861595321428572,13.46412677516537,0.3304316776058695,toto2,,168
2014-06-15,9.215494541666667,13.228952351620038,0.30878283098413856,toto2,,168
2014-06-16,9.660070565476191,14.115081100031368,0.32367920389162547,toto2,,168
2014-06-17,10.379109732142856,16.308805443474988,0.3477719911498613,toto2,,168
2014-06-18,10.433924732142858,16.438271844505103,0.34960867292574077,toto2,,168
2014-06-19,10.80753586904762,16.559896633438523,0.3621272311017614,toto2,,168
2014-06-20,10.700006761904762,16.298275935037072,0.35852426199721205,toto2,,168
2014-06-21,12.071208982142858,17.40882654816149,0.4044690239958753,toto2,,168
2014-06-22,12.695864517857144,18.25162008277979,0.42539930655810526,toto2,,168
2014-06-23,13.344928767857144,19.061075929584824,0.44714744993765193,toto2,,168
2014-06-24,12.482341904761906,17.197986005269687,0.4182448216140173,toto2,,168
2014-06-25,12.141601470238095,17.03577258332082,0.40682765940668136,toto2,,168
2014-06-26,9.384443684523811,14.188778615199588,0.3144437962625508,toto2,,168
2014-06-27,9.731404154761904,13.76436569846521,0.32606937270397857,toto2,,168
2014-06-28,10.296867827380954,14.853856157646266,0.345016318292253,toto2,,168
2014-06-29,19.421132083333333,28.18310828866332,0.6507423034644841,toto2,,168
2014-06-30,20.91950413095238,29.04554156548976,0.7009481345937197,toto2,,168
2014-07-01,9.486646666666667,14.129456781895025,0.31786830332708266,toto2,,168
2014-07-02,10.021123785714286,14.974970492013702,0.33577698496859143,toto2,,168
2014-07-03,9.389513755952382,13.965371715760641,0.3146136787362398,toto2,,168
2014-07-04,9.488696892857144,14.238056789879408,0.3179370000903861,toto2,,168
2014-07-05,10.925545041666666,15.330386940480997,0.36608135491341903,toto2,,168
2014-07-06,10.573858,15.610199742059065,0.3542974056250469,toto2,,168
2014-07-07,10.303020517857144,14.85852750694546,0.3452224759948936,toto2,,168
2014-07-08,9.150173035714285,14.150434059702693,0.3065941085622515,toto2,,168
2014-07-09,10.416018005952381,15.2860922388321,0.34900867369816235,toto2,,168
2014-07-10,10.386223625,15.317411810435736,0.34801035578301415,toto2,,168
2014-07-11,8.852016220238095,12.669990535135716,0.2966037922375344,toto2,,168
2014-07-12,8.202743595238095,12.1398951584669,0.2748486668536997,toto2,,168
2014-07-13,8.142138470238095,11.474833099145757,0.2728179758272946,toto2,,168
2014-07-14,9.339616101190476,12.286421485538055,0.3129417620499255,toto2,,168
2014-07-15,9.722012565476192,12.756462231717792,0.32575468948063435,toto2,,168
2014-07-16,11.008789196428571,14.120073747859434,0.36887061008079436,toto2,,168
2014-07-17,9.763767011904761,13.09023748193499,0.32715375234330496,toto2,,168
2014-07-18,8.607522500000002,11.520284510121652,0.28841156090891507,toto2,,168
2014-07-19,8.228935636904762,11.323570661684816,0.27572628147747497,toto2,,168
2014-07-20,7.28478680952381,11.338174108848278,0.2440907630068277,toto2,,168
2014-07-21,7.639638857142857,11.71377945661195,0.2559807618939098,toto2,,168
2014-07-22,8.395302517857143,13.012069263057969,0.2813007231148943,toto2,,168
2014-07-23,8.892274059523809,13.609612983089187,0.29795270840559707,toto2,,168
2014-07-24,7.651405309523811,11.966346402731663,0.2563750194630943,toto2,,168
2014-07-25,8.955612886904762,13.927375852512602,0.30007499737679416,toto2,,168
2014-07-26,9.273179166666667,12.828103044306241,0.31071566505302367,toto2,,168
2014-07-27,8.36503544642857,12.223527108242537,0.28028656679815434,toto2,,168
2014-07-28,7.754482577380951,11.426110783758963,0.2598288211484113,toto2,,168
2014-07-29,7.919018380952381,11.092867738004141,0.26534190902398047,toto2,,168
2014-07-30,9.015608565476189,13.135717384966844,0.3020852677309611,toto2,,168
2014-07-31,9.879636470238093,14.002267302583299,0.33103618092128273,toto2,,168
2014-08-01,9.271086214285713,12.969537228565612,0.31064553666670824,toto2,,168
2014-08-02,11.301581303571428,15.253588432516024,0.37868117155686154,toto2,,168
2014-08-03,10.967852410714286,15.24932656078369,0.3674989445096093,toto2,,168
2014-08-04,10.328954005952381,14.786269490541567,0.34609142728504244,toto2,,168
2014-08-05,10.269925327380951,15.079527116885446,0.3441135581217406,toto2,,168
2014-08-06,11.179673964285715,16.921359366505364,0.3745964321896807,toto2,,168
2014-08-07,10.40800744047619,15.120438004979436,0.3487402643280153,toto2,,168
2014-08-08,7.568532125,12.202409308346502,0.25359819436551195,toto2,,168
2014-08-09,8.06043286904762,11.35246216483016,0.27008027285012015,toto2,,168
2014-08-10,9.00969005952381,13.010581819660716,0.3018869568302375,toto2,,168
2014-08-11,8.72869488095238,12.789351571983106,0.29247167408660646,toto2,,168
2014-08-12,8.560384297619047,12.141382021839062,0.2868321049705621,toto2,,168
2014-08-13,8.285992523809524,11.892541948312623,0.277638081976725,toto2,,168
2014-08-14,7.831007892857144,11.48675689212154,0.26239294871073093,toto2,,168
2014-08-15,6.863887714285715,9.790259184240053,0.2299877310318582,toto2,,168
2014-08-16,7.371024291666667,10.496209188179142,0.24698031535289197,toto2,,168
2014-08-17,8.400702422619048,12.764781118854254,0.2814816572874324,toto2,,168
2014-08-18,7.327074244047618,10.571855457681428,0.2455076846585393,toto2,,168
2014-08-19,7.944096982142857,11.6453978453815,0.2661822156876874,toto2,,168
2014-08-20,7.9379229166666665,12.750102880477417,0.26597534177464893,toto2,,168
2014-08-21,7.579139738095238,11.5334059957632,0.2539536228003857,toto2,,168
2014-08-22,7.591654779761905,11.958582198204558,0.2543729632902797,toto2,,168
2014-08-23,8.577765690476191,12.023183145155931,0.2874145018965882,toto2,,168
2014-08-24,7.398809684523808,11.644505991656649,0.2479113182662617,toto2,,168
2014-08-25,7.215155946428571,11.619502346434201,0.24175764730335636,toto2,,168
2014-08-26,7.7634085952380945,12.520585932877243,0.2601279045075172,toto2,,168
2014-08-27,9.053674571428571,13.534165456824477,0.3033607423166267,toto2,,168
2014-08-28,10.112394398809524,14.690841866728903,0.33883518202679386,toto2,,168
2014-08-29,9.222660339285714,14.656385530030281,0.30902293478595455,toto2,,168
2014-08-30,11.445071535714286,16.23909905022994,0.38348908717108204,toto2,,168
2014-08-31,11.084899702380952,15.956960268194075,0.3714208386539167,toto2,,168
2014-09-01,11.425194285714285,16.469800632683352,0.3828230617614387,toto2,,168
2014-09-02,10.684240351190477,15.386424585206495,0.3579959781473542,toto2,,168
2014-09-03,9.739789863095238,14.165188383946065,0.32635035195552786,toto2,,168
2014-09-04,9.921312416666668,14.327514810159443,0.3324326134907964,toto2,,168
2014-09-05,9.720217886904763,14.109621980919492,0.32569455533075375,toto2,,168
2014-09-06,8.795153702380953,13.71708657002222,0.2946985044462577,toto2,,168
2014-09-07,9.184923077380953,14.194681194788396,0.3077584754005297,toto2,,168
2014-09-08,8.609574732142857,13.261437357789637,0.2884803248855028,toto2,,168
2014-09-09,9.23329174404762,13.471230423502636,0.3093791604062809,toto2,,168
2014-09-10,10.290928892857142,14.818281625870496,0.34481732289303696,toto2,,168
2014-09-11,7.573486321428572,11.053352266058072,0.25376419422493884,toto2,,168
2014-09-12,7.678165023809524,11.131890898277994,0.2572716550474473,toto2,,168
2014-09-13,7.958524785714285,11.6821374204619,0.2666656469361707,toto2,,168
2014-09-14,7.897450500000001,11.631957733874335,0.2646192357796208,toto2,,168
2014-09-15,7.930773279761905,11.786006583495766,0.2657357794685807,toto2,,168
2014-09-16,7.883833857142858,11.6432071975685,0.2641629840276483,toto2,,168
2014-09-17,8.523801970238097,12.579856857700754,0.28560634388290645,toto2,,168
2014-09-18,9.046388976190476,13.135110792062175,0.30311662446566906,toto2,,168
2014-09-19,8.739290470238094,12.481762071375345,0.292826699640666,toto2,,168
2014-09-20,10.050357327380953,14.824869260502235,0.33675651088710973,toto2,,168
2014-09-21,9.942535285714287,14.330172276287053,0.3331437264491406,toto2,,168
2014-09-22,9.17041688095238,13.193661976043298,0.3072724174489163,toto2,,168
2014-09-23,9.150671261904762,13.839067528000156,0.3066108025869585,toto2,,168
2014-09-24,9.35882705952381,14.070935035181353,0.3135854620785311,toto2,,168
2014-09-25,8.10748038095238,12.853479382368182,0.2716566900300151,toto2,,168
2014-09-26,8.795955630952381,13.430894656642497,0.29472537460210374,toto2,,168
2014-09-27,8.463957077380952,12.503659179310768,0.2836011258934843,toto2,,168
2014-09-28,8.865821244047618,12.635199312589396,0.29706635605485693,toto2,,168
2014-09-29,9.479976476190476,13.398000264278354,0.31764480579375665,toto2,,168
2014-09-30,8.636156053571428,12.396076612543688,0.2893709830748059,toto2,,168
2014-10-01,9.614134434523809,14.088396590004777,0.3221400256635008,toto2,,168
2014-10-02,10.724998750000001,15.954915281093891,0.35936166652293533,toto2,,168
2014-10-03,10.031589982142856,15.263692857844,0.3361276749666418,toto2,,168
2014-10-04,9.692833863095238,14.341840572813425,0.3247770010576314,toto2,,168
2014-10-05,9.583334261904762,14.644675786834187,0.32110800676824686,toto2,,168
2014-10-06,10.537934613095238,15.979503670560533,0.3530937236026837,toto2,,168
2014-10-07,11.24071193452381,17.380567386751512,0.3766416265265042,toto2,,168
2014-10-08,11.15241530952381,17.046590456270344,0.3736830786471069,toto2,,168
2014-10-09,10.971835928571428,16.973349417264973,0.3676324199205753,toto2,,168
2014-10-10,10.760594648809525,16.587459447783395,0.3605543754281529,toto2,,168
2014-10-11,12.695878791666669,19.08083473902886,0.42539978482948765,toto2,,168
2014-10-12,16.67938052380952,26.05194153993337,0.5588746554964753,toto2,,168
2014-10-13,16.314812029761907,25.202521051132994,0.5466590884240123,toto2,,168
2014-10-14,15.80796107142857,24.490291397377305,0.5296760743173287,toto2,,168
2014-10-15,17.880573791666666,26.331874233636373,0.5991229412646462,toto2,,168
2014-10-16,16.57000050595238,25.31646758244063,0.5552096680761783,toto2,,168
2014-10-17,16.935457333333336,26.157319143979116,0.5674550004618633,toto2,,168
2014-10-18,17.317610577380954,25.18119016718533,0.5802597783317067,toto2,,168
2014-10-19,18.024000654761906,25.76744373285696,0.6039287335773084,toto2,,168
2014-11-10,18.81505255357143,26.499233256740766,0.6304344456327362,toto2,,168
2014-11-11,19.015121500000003,27.83817601432257,0.6371381396548972,toto2,,168
2014-11-12,15.867272196428571,22.793657088604675,0.5316634073902906,toto2,,168
2014-11-13,17.396469214285712,25.098477677444357,0.582902088306598,toto2,,168
2014-11-14,15.534481041666666,23.93452343468226,0.520512601057625,toto2,,168
2014-11-15,16.81082763690476,25.701771491162713,0.5632790432938665,toto2,,168
2014-11-16,11.846327208333332,17.85347046826952,0.3969339285715681,toto2,,168
2014-11-17,10.389760458333333,15.57261809112007,0.3481288641717336,toto2,,168
2014-11-18,9.925098017857144,14.282152722388563,0.3325594573240043,toto2,,168
2014-11-19,10.402598833333334,14.396194020651684,0.34855903856550186,toto2,,168
2014-11-20,11.067377154761905,15.577877070196202,0.3708337120666891,toto2,,168
2014-11-21,10.740633053571429,15.145968365452388,0.35988552386943184,toto2,,168
2014-11-22,10.455298482142856,15.804270023750258,0.35032484143996495,toto2,,168
2014-11-23,10.58746955357143,15.238869841110233,0.35475348685073427,toto2,,168
2014-11-24,10.957444714285716,15.463057633379993,0.3671502146663321,toto2,,168
2014-11-25,9.84489780952381,14.948522136331873,0.3298721954236565,toto2,,168
2014-11-26,9.426026898809525,13.49436293263994,0.31583712166364647,toto2,,168
2014-11-27,9.883795083333334,15.208543433895812,0.3311755232342438,toto2,,168
2014-11-28,12.017568238095238,16.645294207246703,0.40267168791931096,toto2,,168
2014-11-29,13.457855166666667,22.119234885184134,0.4509312656579683,toto2,,168
2014-11-30,14.391285827380951,22.509068427149924,0.4822076513841569,toto2,,168
2014-12-01,14.539215910714285,22.70089801888299,0.4871643327334711,toto2,,168
2014-12-02,14.865170654761906,23.416889249406626,0.4980860720047237,toto2,,168
2014-12-03,11.562982791666666,20.42651693665755,0.3874399300969015,toto2,,168
2014-12-04,9.927205452380953,17.679748934201893,0.3326300709623103,toto2,,168
2014-12-05,13.841867279761905,20.933090617197127,0.4637983285027914,toto2,,168
2014-12-06,9.193791589285714,11.996875826840359,0.30805563191233565,toto2,,168
2014-12-07,8.493926535714285,11.952265525636161,0.28460531011228957,toto2,,168
2014-12-08,8.311037119047617,12.436965084424509,0.27847724920573314,toto2,,168
2014-12-09,8.769834851190476,12.770780518555311,0.2938501477452133,toto2,,168
2014-12-10,9.30680768452381,13.06024113037914,0.3118424530836366,toto2,,168
2014-12-11,8.07940975,11.244239767613118,0.2707161296668358,toto2,,168
2014-12-12,7.672732130952381,10.866491888175627,0.25708961554546755,toto2,,168
2014-12-13,7.612206494047619,10.26938944018091,0.25506158792024686,toto2,,168
2014-12-14,7.681185869047619,10.648731716944413,0.2573728742647521,toto2,,168
2014-12-15,7.487271267857143,10.377376688193277,0.2508753933912052,toto2,,168
2014-12-16,8.26537719047619,11.50359704032042,0.2769473256684697,toto2,,168
2014-12-17,7.907928345238095,11.339511467732152,0.26497031609339067,toto2,,168
2014-12-18,10.844247916666667,19.6146286993729,0.36335733871495346,toto2,,168
2014-12-19,18.23846857738095,30.155455047100734,0.6111148929312282,toto2,,168
2014-12-20,17.444909029761906,29.686508779937697,0.5845251572897611,toto2,,168
2014-12-21,17.471928190476188,29.778774313280646,0.5854304861246326,toto2,,168
2014-12-22,17.687115988095236,29.2748950083793,0.5926407662720108,toto2,,168
2014-12-23,18.834477232142856,30.025731986024127,0.6310853067680906,toto2,,168
2014-12-24,19.11195795238095,30.883780330713268,0.6403828308403192,toto2,,168
2014-12-25,27.656502410714285,34.440735830556264,0.9266841915958137,toto2,,168
