origin,timestamp,lead_hour,actual,prediction
2018-02-01,2018-02-01 00:00:00,1,2.744,1.7505398
2018-02-01,2018-02-01 01:00:00,2,3.025,1.7555879
2018-02-01,2018-02-01 02:00:00,3,3.025,1.7589387
2018-02-01,2018-02-01 03:00:00,4,3.236,1.758155
2018-02-01,2018-02-01 04:00:00,5,2.884,1.7513654
2018-02-01,2018-02-01 05:00:00,6,2.744,1.7549111
2018-02-01,2018-02-01 06:00:00,7,2.462,1.7534248
2018-02-01,2018-02-01 07:00:00,8,2.04,1.764064
2018-02-01,2018-02-01 08:00:00,9,2.392,1.7715883
2018-02-01,2018-02-01 09:00:00,10,3.166,1.7676162
2018-02-01,2018-02-01 10:00:00,11,3.799,1.7762817
2018-02-01,2018-02-01 11:00:00,12,4.713,1.7802227
2018-02-01,2018-02-01 12:00:00,13,4.291,1.781737
2018-02-01,2018-02-01 13:00:00,14,4.291,1.7816392
2018-02-01,2018-02-01 14:00:00,15,6.261,1.7835107
2018-02-01,2018-02-01 15:00:00,16,3.939,1.8025094
2018-02-01,2018-02-01 16:00:00,17,3.799,1.8841531
2018-02-01,2018-02-01 17:00:00,18,3.588,1.8976426
2018-02-01,2018-02-01 18:00:00,19,3.799,1.888959
2018-02-01,2018-02-01 19:00:00,20,3.588,1.8853941
2018-02-01,2018-02-01 20:00:00,21,3.306,1.9025022
2018-02-01,2018-02-01 21:00:00,22,3.658,1.926942
2018-02-01,2018-02-01 22:00:00,23,4.291,1.912528
2018-02-01,2018-02-01 23:00:00,24,3.939,1.9134879
2018-02-02,2018-02-02 00:00:00,1,3.799,3.8748183
2018-02-02,2018-02-02 01:00:00,2,4.362,3.9403057
2018-02-02,2018-02-02 02:00:00,3,4.643,3.9739368
2018-02-02,2018-02-02 03:00:00,4,4.221,3.795084
2018-02-02,2018-02-02 04:00:00,5,4.08,3.6465993
2018-02-02,2018-02-02 05:00:00,6,3.869,3.5504262
2018-02-02,2018-02-02 06:00:00,7,3.939,3.4137983
2018-02-02,2018-02-02 07:00:00,8,3.728,3.3458338
2018-02-02,2018-02-02 08:00:00,9,3.869,3.4939528
2018-02-02,2018-02-02 09:00:00,10,4.432,3.8017743
2018-02-02,2018-02-02 10:00:00,11,3.377,4.0584497
2018-02-02,2018-02-02 11:00:00,12,4.08,4.305747
2018-02-02,2018-02-02 12:00:00,13,3.588,4.5048504
2018-02-02,2018-02-02 13:00:00,14,3.447,4.696835
2018-02-02,2018-02-02 14:00:00,15,3.306,4.780095
2018-02-02,2018-02-02 15:00:00,16,3.869,4.5586376
2018-02-02,2018-02-02 16:00:00,17,3.306,4.040736
2018-02-02,2018-02-02 17:00:00,18,3.517,3.874384
2018-02-02,2018-02-02 18:00:00,19,2.321,3.702919
2018-02-02,2018-02-02 19:00:00,20,2.04,3.6423583
2018-02-02,2018-02-02 20:00:00,21,1.899,3.6164083
2018-02-02,2018-02-02 21:00:00,22,2.462,3.7354527
2018-02-02,2018-02-02 22:00:00,23,2.532,3.847071
2018-02-02,2018-02-02 23:00:00,24,2.04,3.9921625
2018-02-03,2018-02-03 00:00:00,1,2.04,2.2284803
2018-02-03,2018-02-03 01:00:00,2,0.844,2.2797365
2018-02-03,2018-02-03 02:00:00,3,0.703,2.2927423
2018-02-03,2018-02-03 03:00:00,4,0.703,2.2177157
2018-02-03,2018-02-03 04:00:00,5,1.337,2.1666214
2018-02-03,2018-02-03 05:00:00,6,0.774,2.0685077
2018-02-03,2018-02-03 06:00:00,7,0.0,1.97341
2018-02-03,2018-02-03 07:00:00,8,0.0,1.8838712
2018-02-03,2018-02-03 08:00:00,9,0.0,2.0018501
2018-02-03,2018-02-03 09:00:00,10,0.774,2.4125557
2018-02-03,2018-02-03 10:00:00,11,1.407,2.6445422
2018-02-03,2018-02-03 11:00:00,12,2.04,2.8874476
2018-02-03,2018-02-03 12:00:00,13,1.266,3.0089135
2018-02-03,2018-02-03 13:00:00,14,1.97,3.0932906
2018-02-03,2018-02-03 14:00:00,15,3.447,3.1780066
2018-02-03,2018-02-03 15:00:00,16,3.447,3.06815
2018-02-03,2018-02-03 16:00:00,17,3.658,2.609756
2018-02-03,2018-02-03 17:00:00,18,3.236,2.5070388
2018-02-03,2018-02-03 18:00:00,19,2.462,2.4025264
2018-02-03,2018-02-03 19:00:00,20,2.392,2.2780023
2018-02-03,2018-02-03 20:00:00,21,1.688,2.2721448
2018-02-03,2018-02-03 21:00:00,22,1.266,2.3064208
2018-02-03,2018-02-03 22:00:00,23,2.181,2.351377
2018-02-03,2018-02-03 23:00:00,24,0.774,2.3873005
2018-02-04,2018-02-04 00:00:00,1,1.899,0.80920774
2018-02-04,2018-02-04 01:00:00,2,1.829,0.63171095
2018-02-04,2018-02-04 02:00:00,3,2.251,0.532184
2018-02-04,2018-02-04 03:00:00,4,2.04,0.44346905
2018-02-04,2018-02-04 04:00:00,5,2.181,0.51009184
2018-02-04,2018-02-04 05:00:00,6,2.392,0.44259918
2018-02-04,2018-02-04 06:00:00,7,1.688,0.28086483
2018-02-04,2018-02-04 07:00:00,8,1.548,0.15231788
2018-02-04,2018-02-04 08:00:00,9,1.899,0.16607976
2018-02-04,2018-02-04 09:00:00,10,2.673,0.3166784
2018-02-04,2018-02-04 10:00:00,11,2.884,0.41006315
2018-02-04,2018-02-04 11:00:00,12,3.799,0.51793605
2018-02-04,2018-02-04 12:00:00,13,2.955,0.7020356
2018-02-04,2018-02-04 13:00:00,14,3.377,1.0161388
2018-02-04,2018-02-04 14:00:00,15,4.432,1.3033255
2018-02-04,2018-02-04 15:00:00,16,3.869,1.5146337
2018-02-04,2018-02-04 16:00:00,17,4.15,1.3916422
2018-02-04,2018-02-04 17:00:00,18,4.15,1.3938022
2018-02-04,2018-02-04 18:00:00,19,3.236,1.2978413
2018-02-04,2018-02-04 19:00:00,20,2.884,1.2213254
2018-02-04,2018-02-04 20:00:00,21,2.462,1.1479937
2018-02-04,2018-02-04 21:00:00,22,3.447,1.0528598
2018-02-04,2018-02-04 22:00:00,23,4.08,0.9264548
2018-02-04,2018-02-04 23:00:00,24,3.588,0.7564993
2018-02-05,2018-02-05 00:00:00,1,4.291,3.3668056
2018-02-05,2018-02-05 01:00:00,2,3.799,3.2817857
2018-02-05,2018-02-05 02:00:00,3,3.166,3.38268
2018-02-05,2018-02-05 03:00:00,4,4.08,3.1884093
2018-02-05,2018-02-05 04:00:00,5,3.095,3.240028
2018-02-05,2018-02-05 05:00:00,6,3.588,3.1015809
2018-02-05,2018-02-05 06:00:00,7,2.884,2.7262945
2018-02-05,2018-02-05 07:00:00,8,3.025,2.5280592
2018-02-05,2018-02-05 08:00:00,9,3.588,2.7105694
2018-02-05,2018-02-05 09:00:00,10,3.447,3.592214
2018-02-05,2018-02-05 10:00:00,11,2.884,3.9240923
2018-02-05,2018-02-05 11:00:00,12,3.869,4.242801
2018-02-05,2018-02-05 12:00:00,13,2.884,4.153022
2018-02-05,2018-02-05 13:00:00,14,3.306,4.226569
2018-02-05,2018-02-05 14:00:00,15,4.502,4.7565947
2018-02-05,2018-02-05 15:00:00,16,4.01,4.53875
2018-02-05,2018-02-05 16:00:00,17,4.08,4.2444677
2018-02-05,2018-02-05 17:00:00,18,5.206,4.0615454
2018-02-05,2018-02-05 18:00:00,19,4.291,3.7234237
2018-02-05,2018-02-05 19:00:00,20,4.291,3.4881423
2018-02-05,2018-02-05 20:00:00,21,3.939,3.3449075
2018-02-05,2018-02-05 21:00:00,22,4.221,3.5899816
2018-02-05,2018-02-05 22:00:00,23,4.291,3.8464274
2018-02-05,2018-02-05 23:00:00,24,3.799,3.733229
2018-02-06,2018-02-06 00:00:00,1,3.939,4.0179377
2018-02-06,2018-02-06 01:00:00,2,4.221,3.9363728
2018-02-06,2018-02-06 02:00:00,3,3.799,3.9929
2018-02-06,2018-02-06 03:00:00,4,3.517,3.8802676
2018-02-06,2018-02-06 04:00:00,5,4.291,3.7735338
2018-02-06,2018-02-06 05:00:00,6,4.01,3.6374707
2018-02-06,2018-02-06 06:00:00,7,4.01,3.4441433
2018-02-06,2018-02-06 07:00:00,8,1.548,3.353016
2018-02-06,2018-02-06 08:00:00,9,1.196,3.5465922
2018-02-06,2018-02-06 09:00:00,10,1.126,3.6569462
2018-02-06,2018-02-06 10:00:00,11,1.477,3.6567926
2018-02-06,2018-02-06 11:00:00,12,1.688,3.7849073
2018-02-06,2018-02-06 12:00:00,13,1.759,3.6934924
2018-02-06,2018-02-06 13:00:00,14,2.462,3.7403255
2018-02-06,2018-02-06 14:00:00,15,4.502,4.0933475
2018-02-06,2018-02-06 15:00:00,16,3.799,3.9426627
2018-02-06,2018-02-06 16:00:00,17,2.673,3.725811
2018-02-06,2018-02-06 17:00:00,18,2.673,3.584362
2018-02-06,2018-02-06 18:00:00,19,2.603,3.2596228
2018-02-06,2018-02-06 19:00:00,20,2.251,3.090413
2018-02-06,2018-02-06 20:00:00,21,2.181,2.9740593
2018-02-06,2018-02-06 21:00:00,22,2.532,2.9819884
2018-02-06,2018-02-06 22:00:00,23,2.603,3.0076776
2018-02-06,2018-02-06 23:00:00,24,2.251,2.9286633
2018-02-07,2018-02-07 00:00:00,1,1.829,2.0495412
2018-02-07,2018-02-07 01:00:00,2,2.04,1.9527595
2018-02-07,2018-02-07 02:00:00,3,1.97,1.9711907
2018-02-07,2018-02-07 03:00:00,4,2.462,1.9471226
2018-02-07,2018-02-07 04:00:00,5,2.251,1.9264262
2018-02-07,2018-02-07 05:00:00,6,2.321,1.8511188
2018-02-07,2018-02-07 06:00:00,7,2.462,1.6571107
2018-02-07,2018-02-07 07:00:00,8,2.603,1.3916156
2018-02-07,2018-02-07 08:00:00,9,2.884,1.3825967
2018-02-07,2018-02-07 09:00:00,10,3.588,1.6411006
2018-02-07,2018-02-07 10:00:00,11,4.15,1.8109164
2018-02-07,2018-02-07 11:00:00,12,4.502,2.0059824
2018-02-07,2018-02-07 12:00:00,13,4.01,2.0086777
2018-02-07,2018-02-07 13:00:00,14,4.291,2.2305758
2018-02-07,2018-02-07 14:00:00,15,4.573,2.7608328
2018-02-07,2018-02-07 15:00:00,16,4.924,2.5862637
2018-02-07,2018-02-07 16:00:00,17,4.643,2.3125381
2018-02-07,2018-02-07 17:00:00,18,5.065,2.2894788
2018-02-07,2018-02-07 18:00:00,19,4.995,2.1781423
2018-02-07,2018-02-07 19:00:00,20,5.135,2.0451372
2018-02-07,2018-02-07 20:00:00,21,5.135,1.9956772
2018-02-07,2018-02-07 21:00:00,22,4.643,2.0942967
2018-02-07,2018-02-07 22:00:00,23,4.643,2.1570034
2018-02-07,2018-02-07 23:00:00,24,3.588,2.0989814
2018-02-08,2018-02-08 00:00:00,1,1.899,3.3132672
2018-02-08,2018-02-08 01:00:00,2,2.11,3.283937
2018-02-08,2018-02-08 02:00:00,3,4.15,3.3162508
2018-02-08,2018-02-08 03:00:00,4,4.221,3.302791
2018-02-08,2018-02-08 04:00:00,5,3.728,3.2901645
2018-02-08,2018-02-08 05:00:00,6,3.588,3.31948
2018-02-08,2018-02-08 06:00:00,7,3.728,3.2874262
2018-02-08,2018-02-08 07:00:00,8,3.166,3.0973563
2018-02-08,2018-02-08 08:00:00,9,3.025,3.0843196
2018-02-08,2018-02-08 09:00:00,10,2.181,3.244732
2018-02-08,2018-02-08 10:00:00,11,2.532,3.3789496
2018-02-08,2018-02-08 11:00:00,12,2.884,3.3478525
2018-02-08,2018-02-08 12:00:00,13,3.025,3.290234
2018-02-08,2018-02-08 13:00:00,14,2.884,3.475202
2018-02-08,2018-02-08 14:00:00,15,3.939,3.8544526
2018-02-08,2018-02-08 15:00:00,16,3.588,3.8939867
2018-02-08,2018-02-08 16:00:00,17,3.447,3.6738777
2018-02-08,2018-02-08 17:00:00,18,3.869,3.684705
2018-02-08,2018-02-08 18:00:00,19,3.377,3.5900779
2018-02-08,2018-02-08 19:00:00,20,2.814,3.435621
2018-02-08,2018-02-08 20:00:00,21,2.744,3.3049822
2018-02-08,2018-02-08 21:00:00,22,2.884,3.2814121
2018-02-08,2018-02-08 22:00:00,23,2.814,3.2213879
2018-02-08,2018-02-08 23:00:00,24,2.603,2.9974627
2018-02-09,2018-02-09 00:00:00,1,2.814,2.3190143
2018-02-09,2018-02-09 01:00:00,2,2.603,2.298822
2018-02-09,2018-02-09 02:00:00,3,2.955,2.524104
2018-02-09,2018-02-09 03:00:00,4,2.884,2.5685177
2018-02-09,2018-02-09 04:00:00,5,3.377,2.4865181
2018-02-09,2018-02-09 05:00:00,6,3.306,2.4476595
2018-02-09,2018-02-09 06:00:00,7,3.306,2.4106855
2018-02-09,2018-02-09 07:00:00,8,3.306,2.2796545
2018-02-09,2018-02-09 08:00:00,9,3.377,2.2897837
2018-02-09,2018-02-09 09:00:00,10,3.588,2.4398577
2018-02-09,2018-02-09 10:00:00,11,3.728,2.6541824
2018-02-09,2018-02-09 11:00:00,12,4.643,2.7794333
2018-02-09,2018-02-09 12:00:00,13,5.698,2.751499
2018-02-09,2018-02-09 13:00:00,14,5.487,2.950383
2018-02-09,2018-02-09 14:00:00,15,5.768,3.3931723
2018-02-09,2018-02-09 15:00:00,16,5.768,3.3760922
2018-02-09,2018-02-09 16:00:00,17,5.768,3.3118374
2018-02-09,2018-02-09 17:00:00,18,5.768,3.3880248
2018-02-09,2018-02-09 18:00:00,19,5.628,3.311299
2018-02-09,2018-02-09 19:00:00,20,5.346,3.1574595
2018-02-09,2018-02-09 20:00:00,21,5.839,3.0609024
2018-02-09,2018-02-09 21:00:00,22,5.698,3.093358
2018-02-09,2018-02-09 22:00:00,23,5.417,3.0344088
2018-02-09,2018-02-09 23:00:00,24,5.768,2.7248282
2018-02-10,2018-02-10 00:00:00,1,5.839,5.4161205
2018-02-10,2018-02-10 01:00:00,2,5.909,5.4047947
2018-02-10,2018-02-10 02:00:00,3,6.191,5.464714
2018-02-10,2018-02-10 03:00:00,4,5.698,5.417259
2018-02-10,2018-02-10 04:00:00,5,4.713,5.3909025
2018-02-10,2018-02-10 05:00:00,6,4.643,5.296449
2018-02-10,2018-02-10 06:00:00,7,3.095,5.2315607
2018-02-10,2018-02-10 07:00:00,8,2.814,5.0679803
2018-02-10,2018-02-10 08:00:00,9,3.447,4.9649153
2018-02-10,2018-02-10 09:00:00,10,2.321,4.8887024
2018-02-10,2018-02-10 10:00:00,11,1.899,4.8879623
2018-02-10,2018-02-10 11:00:00,12,2.251,4.973448
2018-02-10,2018-02-10 12:00:00,13,3.025,4.9630737
2018-02-10,2018-02-10 13:00:00,14,3.025,5.0878725
2018-02-10,2018-02-10 14:00:00,15,3.939,5.3138804
2018-02-10,2018-02-10 15:00:00,16,3.236,5.3368564
2018-02-10,2018-02-10 16:00:00,17,3.728,5.1907015
2018-02-10,2018-02-10 17:00:00,18,4.15,5.0964637
2018-02-10,2018-02-10 18:00:00,19,4.221,4.9076576
2018-02-10,2018-02-10 19:00:00,20,3.728,4.6693344
2018-02-10,2018-02-10 20:00:00,21,3.799,4.5241566
2018-02-10,2018-02-10 21:00:00,22,3.869,4.468964
2018-02-10,2018-02-10 22:00:00,23,3.095,4.388011
2018-02-10,2018-02-10 23:00:00,24,1.337,4.2681494
2018-02-11,2018-02-11 00:00:00,1,2.532,1.3894573
2018-02-11,2018-02-11 01:00:00,2,3.095,1.367451
2018-02-11,2018-02-11 02:00:00,3,4.291,1.6743481
2018-02-11,2018-02-11 03:00:00,4,3.939,1.9360154
2018-02-11,2018-02-11 04:00:00,5,3.869,2.037024
2018-02-11,2018-02-11 05:00:00,6,3.658,2.0300047
2018-02-11,2018-02-11 06:00:00,7,2.673,2.046917
2018-02-11,2018-02-11 07:00:00,8,3.095,1.7656631
2018-02-11,2018-02-11 08:00:00,9,4.08,1.7952899
2018-02-11,2018-02-11 09:00:00,10,3.377,1.9082457
2018-02-11,2018-02-11 10:00:00,11,2.814,2.129892
2018-02-11,2018-02-11 11:00:00,12,3.377,2.7272718
2018-02-11,2018-02-11 12:00:00,13,2.955,2.9810228
2018-02-11,2018-02-11 13:00:00,14,2.744,3.3914697
2018-02-11,2018-02-11 14:00:00,15,3.447,4.065482
2018-02-11,2018-02-11 15:00:00,16,3.095,4.011317
2018-02-11,2018-02-11 16:00:00,17,3.095,3.93577
2018-02-11,2018-02-11 17:00:00,18,2.462,3.944776
2018-02-11,2018-02-11 18:00:00,19,1.97,3.8826957
2018-02-11,2018-02-11 19:00:00,20,3.095,3.7329812
2018-02-11,2018-02-11 20:00:00,21,1.899,3.6702182
2018-02-11,2018-02-11 21:00:00,22,2.744,3.713017
2018-02-11,2018-02-11 22:00:00,23,3.658,3.5257595
2018-02-11,2018-02-11 23:00:00,24,3.166,3.1862812
2018-02-12,2018-02-12 00:00:00,1,3.095,3.0670803
2018-02-12,2018-02-12 01:00:00,2,3.095,3.1180387
2018-02-12,2018-02-12 02:00:00,3,2.744,3.3497624
2018-02-12,2018-02-12 03:00:00,4,2.744,3.355212
2018-02-12,2018-02-12 04:00:00,5,2.884,3.29996
2018-02-12,2018-02-12 05:00:00,6,2.884,3.2349272
2018-02-12,2018-02-12 06:00:00,7,2.673,3.0462744
2018-02-12,2018-02-12 07:00:00,8,2.532,2.897801
2018-02-12,2018-02-12 08:00:00,9,1.618,2.9585302
2018-02-12,2018-02-12 09:00:00,10,1.759,2.9918213
2018-02-12,2018-02-12 10:00:00,11,1.055,2.9714556
2018-02-12,2018-02-12 11:00:00,12,1.618,3.070719
2018-02-12,2018-02-12 12:00:00,13,1.337,3.0673883
2018-02-12,2018-02-12 13:00:00,14,1.899,3.1353648
2018-02-12,2018-02-12 14:00:00,15,3.236,3.3202586
2018-02-12,2018-02-12 15:00:00,16,2.603,3.3250294
2018-02-12,2018-02-12 16:00:00,17,2.532,3.1409101
2018-02-12,2018-02-12 17:00:00,18,2.181,3.0937736
2018-02-12,2018-02-12 18:00:00,19,2.532,2.9669204
2018-02-12,2018-02-12 19:00:00,20,3.095,2.857653
2018-02-12,2018-02-12 20:00:00,21,3.517,2.8161387
2018-02-12,2018-02-12 21:00:00,22,3.799,2.770171
2018-02-12,2018-02-12 22:00:00,23,3.799,2.6550813
2018-02-12,2018-02-12 23:00:00,24,4.15,2.461895
2018-02-13,2018-02-13 00:00:00,1,4.291,4.090364
2018-02-13,2018-02-13 01:00:00,2,4.291,4.2211223
2018-02-13,2018-02-13 02:00:00,3,4.08,4.4337173
2018-02-13,2018-02-13 03:00:00,4,3.306,4.409806
2018-02-13,2018-02-13 04:00:00,5,3.799,4.36148
2018-02-13,2018-02-13 05:00:00,6,3.447,4.3364463
2018-02-13,2018-02-13 06:00:00,7,3.588,4.2379255
2018-02-13,2018-02-13 07:00:00,8,3.306,4.1504087
2018-02-13,2018-02-13 08:00:00,9,3.588,4.1069407
2018-02-13,2018-02-13 09:00:00,10,4.08,3.9749548
2018-02-13,2018-02-13 10:00:00,11,4.924,3.9176548
2018-02-13,2018-02-13 11:00:00,12,5.698,4.065915
2018-02-13,2018-02-13 12:00:00,13,4.995,4.1370826
2018-02-13,2018-02-13 13:00:00,14,4.995,4.292376
2018-02-13,2018-02-13 14:00:00,15,5.768,4.7482953
2018-02-13,2018-02-13 15:00:00,16,6.191,4.7285633
2018-02-13,2018-02-13 16:00:00,17,6.331,4.8694334
2018-02-13,2018-02-13 17:00:00,18,6.05,4.7708406
2018-02-13,2018-02-13 18:00:00,19,6.613,4.5805383
2018-02-13,2018-02-13 19:00:00,20,6.05,4.53399
2018-02-13,2018-02-13 20:00:00,21,5.698,4.537746
2018-02-13,2018-02-13 21:00:00,22,6.12,4.5499716
2018-02-13,2018-02-13 22:00:00,23,6.05,4.513484
2018-02-13,2018-02-13 23:00:00,24,6.472,4.3982916
2018-02-14,2018-02-14 00:00:00,1,6.402,6.243105
2018-02-14,2018-02-14 01:00:00,2,6.472,6.2527914
2018-02-14,2018-02-14 02:00:00,3,5.557,6.2310305
2018-02-14,2018-02-14 03:00:00,4,6.402,5.9687185
2018-02-14,2018-02-14 04:00:00,5,6.261,5.7748303
2018-02-14,2018-02-14 05:00:00,6,5.557,5.4993334
2018-02-14,2018-02-14 06:00:00,7,5.628,5.2297463
2018-02-14,2018-02-14 07:00:00,8,4.924,4.9964356
2018-02-14,2018-02-14 08:00:00,9,5.909,4.8417954
2018-02-14,2018-02-14 09:00:00,10,6.472,4.6942673
2018-02-14,2018-02-14 10:00:00,11,6.753,4.670053
2018-02-14,2018-02-14 11:00:00,12,6.964,4.774823
2018-02-14,2018-02-14 12:00:00,13,6.753,4.848476
2018-02-14,2018-02-14 13:00:00,14,7.668,4.9491005
2018-02-14,2018-02-14 14:00:00,15,7.386,5.2073774
2018-02-14,2018-02-14 15:00:00,16,7.457,5.1710186
2018-02-14,2018-02-14 16:00:00,17,7.457,5.1919975
2018-02-14,2018-02-14 17:00:00,18,7.457,5.1266136
2018-02-14,2018-02-14 18:00:00,19,6.402,5.0426273
2018-02-14,2018-02-14 19:00:00,20,7.105,4.993642
2018-02-14,2018-02-14 20:00:00,21,7.316,4.951545
2018-02-14,2018-02-14 21:00:00,22,7.316,4.9873986
2018-02-14,2018-02-14 22:00:00,23,7.175,4.960947
2018-02-14,2018-02-14 23:00:00,24,6.683,4.9382296
2018-02-15,2018-02-15 00:00:00,1,7.386,6.6276855
2018-02-15,2018-02-15 01:00:00,2,5.909,6.6125364
2018-02-15,2018-02-15 02:00:00,3,3.799,6.6195784
2018-02-15,2018-02-15 03:00:00,4,3.728,6.576309
2018-02-15,2018-02-15 04:00:00,5,3.236,6.4396086
2018-02-15,2018-02-15 05:00:00,6,3.588,6.2466187
2018-02-15,2018-02-15 06:00:00,7,3.447,6.0344725
2018-02-15,2018-02-15 07:00:00,8,3.236,5.982313
2018-02-15,2018-02-15 08:00:00,9,2.884,6.1212387
2018-02-15,2018-02-15 09:00:00,10,2.884,6.28391
2018-02-15,2018-02-15 10:00:00,11,2.884,6.4194813
2018-02-15,2018-02-15 11:00:00,12,2.814,6.5806084
2018-02-15,2018-02-15 12:00:00,13,2.814,6.5816917
2018-02-15,2018-02-15 13:00:00,14,3.095,6.690136
2018-02-15,2018-02-15 14:00:00,15,3.095,6.832162
2018-02-15,2018-02-15 15:00:00,16,3.166,6.8908687
2018-02-15,2018-02-15 16:00:00,17,3.658,6.8069763
2018-02-15,2018-02-15 17:00:00,18,3.236,6.7575974
2018-02-15,2018-02-15 18:00:00,19,2.603,6.6828723
2018-02-15,2018-02-15 19:00:00,20,2.532,6.602126
2018-02-15,2018-02-15 20:00:00,21,3.025,6.6198072
2018-02-15,2018-02-15 21:00:00,22,3.236,6.6072893
2018-02-15,2018-02-15 22:00:00,23,3.447,6.625793
2018-02-15,2018-02-15 23:00:00,24,3.306,6.5868897
2018-02-16,2018-02-16 00:00:00,1,3.025,3.275731
2018-02-16,2018-02-16 01:00:00,2,3.447,3.2849367
2018-02-16,2018-02-16 02:00:00,3,3.306,3.2679684
2018-02-16,2018-02-16 03:00:00,4,3.658,3.2707186
2018-02-16,2018-02-16 04:00:00,5,3.447,3.2684288
2018-02-16,2018-02-16 05:00:00,6,3.306,3.2258987
2018-02-16,2018-02-16 06:00:00,7,3.799,3.1731563
2018-02-16,2018-02-16 07:00:00,8,4.15,3.1657135
2018-02-16,2018-02-16 08:00:00,9,3.095,3.1652024
2018-02-16,2018-02-16 09:00:00,10,3.517,3.2279146
2018-02-16,2018-02-16 10:00:00,11,3.377,3.2443593
2018-02-16,2018-02-16 11:00:00,12,4.432,3.286755
2018-02-16,2018-02-16 12:00:00,13,5.135,3.3254015
2018-02-16,2018-02-16 13:00:00,14,5.417,3.3799913
2018-02-16,2018-02-16 14:00:00,15,5.698,3.4316213
2018-02-16,2018-02-16 15:00:00,16,5.698,3.4927082
2018-02-16,2018-02-16 16:00:00,17,5.557,3.4313922
2018-02-16,2018-02-16 17:00:00,18,5.206,3.3693812
2018-02-16,2018-02-16 18:00:00,19,5.417,3.31329
2018-02-16,2018-02-16 19:00:00,20,5.135,3.3106484
2018-02-16,2018-02-16 20:00:00,21,4.924,3.3619394
2018-02-16,2018-02-16 21:00:00,22,4.995,3.4107504
2018-02-16,2018-02-16 22:00:00,23,4.924,3.4210835
2018-02-16,2018-02-16 23:00:00,24,5.135,3.404432
2018-02-17,2018-02-17 00:00:00,1,4.573,5.015931
2018-02-17,2018-02-17 01:00:00,2,4.01,4.964689
2018-02-17,2018-02-17 02:00:00,3,4.15,4.8253455
2018-02-17,2018-02-17 03:00:00,4,4.995,4.711117
2018-02-17,2018-02-17 04:00:00,5,4.362,4.5713377
2018-02-17,2018-02-17 05:00:00,6,4.221,4.452632
2018-02-17,2018-02-17 06:00:00,7,3.377,4.3642454
2018-02-17,2018-02-17 07:00:00,8,2.04,4.3018913
2018-02-17,2018-02-17 08:00:00,9,2.251,4.2672133
2018-02-17,2018-02-17 09:00:00,10,1.829,4.3482785
2018-02-17,2018-02-17 10:00:00,11,2.181,4.4644914
2018-02-17,2018-02-17 11:00:00,12,2.955,4.6645274
2018-02-17,2018-02-17 12:00:00,13,2.884,4.838747
2018-02-17,2018-02-17 13:00:00,14,3.377,5.009035
2018-02-17,2018-02-17 14:00:00,15,4.291,5.184705
2018-02-17,2018-02-17 15:00:00,16,4.221,5.201581
2018-02-17,2018-02-17 16:00:00,17,4.15,5.052984
2018-02-17,2018-02-17 17:00:00,18,3.236,5.025922
2018-02-17,2018-02-17 18:00:00,19,2.744,4.9826474
2018-02-17,2018-02-17 19:00:00,20,2.603,4.899188
2018-02-17,2018-02-17 20:00:00,21,2.603,4.906413
2018-02-17,2018-02-17 21:00:00,22,2.532,4.919187
2018-02-17,2018-02-17 22:00:00,23,2.462,4.897422
2018-02-17,2018-02-17 23:00:00,24,2.392,4.8997307
2018-02-18,2018-02-18 00:00:00,1,2.11,2.2796288
2018-02-18,2018-02-18 01:00:00,2,2.181,2.3087945
2018-02-18,2018-02-18 02:00:00,3,2.251,2.3793783
2018-02-18,2018-02-18 03:00:00,4,2.532,2.4885855
2018-02-18,2018-02-18 04:00:00,5,3.095,2.488866
2018-02-18,2018-02-18 05:00:00,6,3.799,2.3975353
2018-02-18,2018-02-18 06:00:00,7,2.251,2.2391193
2018-02-18,2018-02-18 07:00:00,8,4.15,2.049468
2018-02-18,2018-02-18 08:00:00,9,4.291,1.9946142
2018-02-18,2018-02-18 09:00:00,10,4.854,2.1265717
2018-02-18,2018-02-18 10:00:00,11,5.065,2.324773
2018-02-18,2018-02-18 11:00:00,12,4.995,2.7792711
2018-02-18,2018-02-18 12:00:00,13,4.643,2.9974742
2018-02-18,2018-02-18 13:00:00,14,4.502,3.348363
2018-02-18,2018-02-18 14:00:00,15,2.744,3.7502863
2018-02-18,2018-02-18 15:00:00,16,2.392,3.8570065
2018-02-18,2018-02-18 16:00:00,17,3.025,3.4156907
2018-02-18,2018-02-18 17:00:00,18,1.548,3.241429
2018-02-18,2018-02-18 18:00:00,19,2.04,3.0645924
2018-02-18,2018-02-18 19:00:00,20,2.673,2.9437406
2018-02-18,2018-02-18 20:00:00,21,2.603,2.9324887
2018-02-18,2018-02-18 21:00:00,22,2.251,2.97393
2018-02-18,2018-02-18 22:00:00,23,2.04,2.9807296
2018-02-18,2018-02-18 23:00:00,24,1.337,2.9254231
2018-02-19,2018-02-19 00:00:00,1,2.04,1.4944329
2018-02-19,2018-02-19 01:00:00,2,2.321,1.6409693
2018-02-19,2018-02-19 02:00:00,3,2.955,1.797703
2018-02-19,2018-02-19 03:00:00,4,3.728,1.903942
2018-02-19,2018-02-19 04:00:00,5,3.236,2.0370314
2018-02-19,2018-02-19 05:00:00,6,2.955,2.1205096
2018-02-19,2018-02-19 06:00:00,7,3.095,2.1252308
2018-02-19,2018-02-19 07:00:00,8,2.392,2.2089138
2018-02-19,2018-02-19 08:00:00,9,2.392,2.2921317
2018-02-19,2018-02-19 09:00:00,10,1.548,2.3565392
2018-02-19,2018-02-19 10:00:00,11,0.563,2.405231
2018-02-19,2018-02-19 11:00:00,12,0.774,2.4680362
2018-02-19,2018-02-19 12:00:00,13,2.392,2.5138388
2018-02-19,2018-02-19 13:00:00,14,2.11,2.5270464
2018-02-19,2018-02-19 14:00:00,15,2.955,2.5924783
2018-02-19,2018-02-19 15:00:00,16,2.955,2.5779538
2018-02-19,2018-02-19 16:00:00,17,2.884,2.50848
2018-02-19,2018-02-19 17:00:00,18,3.025,2.4808512
2018-02-19,2018-02-19 18:00:00,19,3.025,2.4644513
2018-02-19,2018-02-19 19:00:00,20,3.517,2.5012903
2018-02-19,2018-02-19 20:00:00,21,3.306,2.5210133
2018-02-19,2018-02-19 21:00:00,22,3.658,2.5181954
2018-02-19,2018-02-19 22:00:00,23,3.447,2.4654052
2018-02-19,2018-02-19 23:00:00,24,3.728,2.3623261
2018-02-20,2018-02-20 00:00:00,1,3.799,3.706898
2018-02-20,2018-02-20 01:00:00,2,4.08,3.7454371
2018-02-20,2018-02-20 02:00:00,3,3.447,3.733412
2018-02-20,2018-02-20 03:00:00,4,3.658,3.7144597
2018-02-20,2018-02-20 04:00:00,5,3.236,3.6907525
2018-02-20,2018-02-20 05:00:00,6,3.517,3.6482687
2018-02-20,2018-02-20 06:00:00,7,2.814,3.5876222
2018-02-20,2018-02-20 07:00:00,8,2.462,3.53289
2018-02-20,2018-02-20 08:00:00,9,2.673,3.5075927
2018-02-20,2018-02-20 09:00:00,10,2.673,3.585371
2018-02-20,2018-02-20 10:00:00,11,1.97,3.7040591
2018-02-20,2018-02-20 11:00:00,12,0.703,3.9332259
2018-02-20,2018-02-20 12:00:00,13,0.0,4.1314206
2018-02-20,2018-02-20 13:00:00,14,0.0,4.278062
2018-02-20,2018-02-20 14:00:00,15,0.0,4.402614
2018-02-20,2018-02-20 15:00:00,16,0.633,4.5239263
2018-02-20,2018-02-20 16:00:00,17,0.0,4.3128204
2018-02-20,2018-02-20 17:00:00,18,0.0,4.2720585
2018-02-20,2018-02-20 18:00:00,19,0.0,4.229136
2018-02-20,2018-02-20 19:00:00,20,0.0,4.1508284
2018-02-20,2018-02-20 20:00:00,21,0.0,4.1527877
2018-02-20,2018-02-20 21:00:00,22,1.899,4.119311
2018-02-20,2018-02-20 22:00:00,23,2.181,4.1062593
2018-02-20,2018-02-20 23:00:00,24,2.321,4.1181507
2018-02-21,2018-02-21 00:00:00,1,2.532,2.5466607
2018-02-21,2018-02-21 01:00:00,2,2.462,2.6540792
2018-02-21,2018-02-21 02:00:00,3,2.814,2.7152157
2018-02-21,2018-02-21 03:00:00,4,2.462,2.7712333
2018-02-21,2018-02-21 04:00:00,5,2.603,2.745945
2018-02-21,2018-02-21 05:00:00,6,2.532,2.7108893
2018-02-21,2018-02-21 06:00:00,7,2.462,2.6081748
2018-02-21,2018-02-21 07:00:00,8,2.673,2.5095463
2018-02-21,2018-02-21 08:00:00,9,2.814,2.4100852
2018-02-21,2018-02-21 09:00:00,10,2.744,2.3228068
2018-02-21,2018-02-21 10:00:00,11,2.744,2.1603813
2018-02-21,2018-02-21 11:00:00,12,2.884,1.903639
2018-02-21,2018-02-21 12:00:00,13,2.603,1.728848
2018-02-21,2018-02-21 13:00:00,14,2.744,1.6668112
2018-02-21,2018-02-21 14:00:00,15,2.532,1.6325843
2018-02-21,2018-02-21 15:00:00,16,2.955,1.7125363
2018-02-21,2018-02-21 16:00:00,17,2.884,1.9752994
2018-02-21,2018-02-21 17:00:00,18,3.166,1.929478
2018-02-21,2018-02-21 18:00:00,19,3.236,1.946036
2018-02-21,2018-02-21 19:00:00,20,3.869,2.0924244
2018-02-21,2018-02-21 20:00:00,21,4.221,2.2418337
2018-02-21,2018-02-21 21:00:00,22,5.346,2.4549997
2018-02-21,2018-02-21 22:00:00,23,5.346,2.5838394
2018-02-21,2018-02-21 23:00:00,24,5.206,2.612142
2018-02-22,2018-02-22 00:00:00,1,5.206,5.1781216
2018-02-22,2018-02-22 01:00:00,2,5.487,5.06665
2018-02-22,2018-02-22 02:00:00,3,5.206,5.0019226
2018-02-22,2018-02-22 03:00:00,4,4.854,4.900502
2018-02-22,2018-02-22 04:00:00,5,4.924,4.760991
2018-02-22,2018-02-22 05:00:00,6,4.995,4.6360974
2018-02-22,2018-02-22 06:00:00,7,4.784,4.435887
2018-02-22,2018-02-22 07:00:00,8,4.784,4.3292103
2018-02-22,2018-02-22 08:00:00,9,5.206,4.2986264
2018-02-22,2018-02-22 09:00:00,10,5.276,4.265621
2018-02-22,2018-02-22 10:00:00,11,4.643,4.286329
2018-02-22,2018-02-22 11:00:00,12,5.346,4.297703
2018-02-22,2018-02-22 12:00:00,13,4.924,4.326227
2018-02-22,2018-02-22 13:00:00,14,4.362,4.3305693
2018-02-22,2018-02-22 14:00:00,15,5.557,4.3884144
2018-02-22,2018-02-22 15:00:00,16,4.784,4.3750353
2018-02-22,2018-02-22 16:00:00,17,4.432,4.202348
2018-02-22,2018-02-22 17:00:00,18,4.432,4.110604
2018-02-22,2018-02-22 18:00:00,19,5.557,4.017035
2018-02-22,2018-02-22 19:00:00,20,4.643,3.964781
2018-02-22,2018-02-22 20:00:00,21,4.854,4.003851
2018-02-22,2018-02-22 21:00:00,22,5.417,4.0031657
2018-02-22,2018-02-22 22:00:00,23,5.276,3.9706974
2018-02-22,2018-02-22 23:00:00,24,5.698,3.9594631
2018-02-23,2018-02-23 00:00:00,1,5.698,5.5619073
2018-02-23,2018-02-23 01:00:00,2,4.995,5.4718056
2018-02-23,2018-02-23 02:00:00,3,4.995,5.3548756
2018-02-23,2018-02-23 03:00:00,4,5.276,5.2312546
2018-02-23,2018-02-23 04:00:00,5,4.502,5.1150494
2018-02-23,2018-02-23 05:00:00,6,4.502,4.963266
2018-02-23,2018-02-23 06:00:00,7,4.221,4.7832723
2018-02-23,2018-02-23 07:00:00,8,3.939,4.705398
2018-02-23,2018-02-23 08:00:00,9,4.854,4.7701774
2018-02-23,2018-02-23 09:00:00,10,4.643,4.825583
2018-02-23,2018-02-23 10:00:00,11,5.839,4.9565167
2018-02-23,2018-02-23 11:00:00,12,5.768,5.121094
2018-02-23,2018-02-23 12:00:00,13,5.628,5.2157965
2018-02-23,2018-02-23 13:00:00,14,4.854,5.2904415
2018-02-23,2018-02-23 14:00:00,15,8.371,5.4501696
2018-02-23,2018-02-23 15:00:00,16,6.894,5.4400444
2018-02-23,2018-02-23 16:00:00,17,7.386,5.1664367
2018-02-23,2018-02-23 17:00:00,18,7.105,5.0704446
2018-02-23,2018-02-23 18:00:00,19,7.738,5.0478673
2018-02-23,2018-02-23 19:00:00,20,6.894,4.969471
2018-02-23,2018-02-23 20:00:00,21,6.12,5.0290995
2018-02-23,2018-02-23 21:00:00,22,5.768,5.0875616
2018-02-23,2018-02-23 22:00:00,23,5.346,5.0870123
2018-02-23,2018-02-23 23:00:00,24,5.135,5.0656347
2018-02-24,2018-02-24 00:00:00,1,5.487,4.846513
2018-02-24,2018-02-24 01:00:00,2,4.995,4.7534523
2018-02-24,2018-02-24 02:00:00,3,5.065,4.677619
2018-02-24,2018-02-24 03:00:00,4,4.924,4.633536
2018-02-24,2018-02-24 04:00:00,5,4.854,4.5402713
2018-02-24,2018-02-24 05:00:00,6,4.854,4.4299793
2018-02-24,2018-02-24 06:00:00,7,5.417,4.2564526
2018-02-24,2018-02-24 07:00:00,8,4.362,4.209026
2018-02-24,2018-02-24 08:00:00,9,5.135,4.4889355
2018-02-24,2018-02-24 09:00:00,10,5.346,4.794938
2018-02-24,2018-02-24 10:00:00,11,6.331,5.1675587
2018-02-24,2018-02-24 11:00:00,12,5.206,5.388678
2018-02-24,2018-02-24 12:00:00,13,4.573,5.4415007
2018-02-24,2018-02-24 13:00:00,14,4.362,5.5008516
2018-02-24,2018-02-24 14:00:00,15,4.995,5.944174
2018-02-24,2018-02-24 15:00:00,16,4.995,5.9159
2018-02-24,2018-02-24 16:00:00,17,4.432,5.7934256
2018-02-24,2018-02-24 17:00:00,18,4.784,5.7092957
2018-02-24,2018-02-24 18:00:00,19,5.979,5.6149244
2018-02-24,2018-02-24 19:00:00,20,5.768,5.4906306
2018-02-24,2018-02-24 20:00:00,21,5.628,5.411679
2018-02-24,2018-02-24 21:00:00,22,5.487,5.326132
2018-02-24,2018-02-24 22:00:00,23,4.362,5.163574
2018-02-24,2018-02-24 23:00:00,24,4.643,5.108855
2018-02-25,2018-02-25 00:00:00,1,3.869,4.53087
2018-02-25,2018-02-25 01:00:00,2,3.869,4.5110154
2018-02-25,2018-02-25 02:00:00,3,3.306,4.4990497
2018-02-25,2018-02-25 03:00:00,4,3.447,4.5010667
2018-02-25,2018-02-25 04:00:00,5,3.306,4.463743
2018-02-25,2018-02-25 05:00:00,6,2.744,4.4796987
2018-02-25,2018-02-25 06:00:00,7,3.166,4.4883084
2018-02-25,2018-02-25 07:00:00,8,4.08,4.5077906
2018-02-25,2018-02-25 08:00:00,9,3.658,4.5780597
2018-02-25,2018-02-25 09:00:00,10,2.814,4.629678
2018-02-25,2018-02-25 10:00:00,11,3.306,4.6847453
2018-02-25,2018-02-25 11:00:00,12,4.432,4.662026
2018-02-25,2018-02-25 12:00:00,13,5.206,4.6243277
2018-02-25,2018-02-25 13:00:00,14,4.995,4.610196
2018-02-25,2018-02-25 14:00:00,15,5.276,4.6746225
2018-02-25,2018-02-25 15:00:00,16,5.206,4.6705194
2018-02-25,2018-02-25 16:00:00,17,4.854,4.649229
2018-02-25,2018-02-25 17:00:00,18,5.557,4.658594
2018-02-25,2018-02-25 18:00:00,19,5.979,4.695902
2018-02-25,2018-02-25 19:00:00,20,4.995,4.695819
2018-02-25,2018-02-25 20:00:00,21,5.346,4.7119184
2018-02-25,2018-02-25 21:00:00,22,5.206,4.69992
2018-02-25,2018-02-25 22:00:00,23,5.135,4.665917
2018-02-25,2018-02-25 23:00:00,24,4.924,4.664122
2018-02-26,2018-02-26 00:00:00,1,5.135,4.8247085
2018-02-26,2018-02-26 01:00:00,2,4.643,4.7577424
2018-02-26,2018-02-26 02:00:00,3,4.502,4.6846514
2018-02-26,2018-02-26 03:00:00,4,4.573,4.610349
2018-02-26,2018-02-26 04:00:00,5,4.643,4.5323806
2018-02-26,2018-02-26 05:00:00,6,4.502,4.519178
2018-02-26,2018-02-26 06:00:00,7,4.15,4.504178
2018-02-26,2018-02-26 07:00:00,8,4.573,4.5180473
2018-02-26,2018-02-26 08:00:00,9,4.713,4.5860248
2018-02-26,2018-02-26 09:00:00,10,5.346,4.6760287
2018-02-26,2018-02-26 10:00:00,11,6.191,4.7921205
2018-02-26,2018-02-26 11:00:00,12,6.331,4.877636
2018-02-26,2018-02-26 12:00:00,13,5.979,4.9629583
2018-02-26,2018-02-26 13:00:00,14,6.753,4.9790406
2018-02-26,2018-02-26 14:00:00,15,7.809,5.10024
2018-02-26,2018-02-26 15:00:00,16,8.16,5.1242704
2018-02-26,2018-02-26 16:00:00,17,8.231,5.043338
2018-02-26,2018-02-26 17:00:00,18,8.371,5.0314436
2018-02-26,2018-02-26 18:00:00,19,8.16,5.065084
2018-02-26,2018-02-26 19:00:00,20,7.316,5.044833
2018-02-26,2018-02-26 20:00:00,21,6.402,5.0714583
2018-02-26,2018-02-26 21:00:00,22,6.12,5.0705085
2018-02-26,2018-02-26 22:00:00,23,5.768,5.0044637
2018-02-26,2018-02-26 23:00:00,24,5.839,4.9772577
2018-02-27,2018-02-27 00:00:00,1,5.698,5.538275
2018-02-27,2018-02-27 01:00:00,2,5.417,5.363701
2018-02-27,2018-02-27 02:00:00,3,5.768,5.1486554
2018-02-27,2018-02-27 03:00:00,4,5.346,5.0405293
2018-02-27,2018-02-27 04:00:00,5,5.628,4.898555
2018-02-27,2018-02-27 05:00:00,6,4.995,4.7637587
2018-02-27,2018-02-27 06:00:00,7,5.206,4.7583694
2018-02-27,2018-02-27 07:00:00,8,5.135,4.7922482
2018-02-27,2018-02-27 08:00:00,9,5.557,5.088718
2018-02-27,2018-02-27 09:00:00,10,5.135,5.4505863
2018-02-27,2018-02-27 10:00:00,11,5.346,5.8535376
2018-02-27,2018-02-27 11:00:00,12,5.346,6.059142
2018-02-27,2018-02-27 12:00:00,13,6.331,6.1835203
2018-02-27,2018-02-27 13:00:00,14,7.457,6.4309635
2018-02-27,2018-02-27 14:00:00,15,7.246,6.8663864
2018-02-27,2018-02-27 15:00:00,16,7.316,6.8720016
2018-02-27,2018-02-27 16:00:00,17,7.668,6.898474
2018-02-27,2018-02-27 17:00:00,18,7.316,6.872037
2018-02-27,2018-02-27 18:00:00,19,5.698,6.7083244
2018-02-27,2018-02-27 19:00:00,20,4.854,6.411236
2018-02-27,2018-02-27 20:00:00,21,3.166,6.1084394
2018-02-27,2018-02-27 21:00:00,22,1.829,5.8640532
2018-02-27,2018-02-27 22:00:00,23,1.477,5.581105
2018-02-27,2018-02-27 23:00:00,24,2.392,5.3442583
2018-02-28,2018-02-28 00:00:00,1,2.392,2.2785397
2018-02-28,2018-02-28 01:00:00,2,2.884,2.3250673
2018-02-28,2018-02-28 02:00:00,3,3.588,2.4128232
2018-02-28,2018-02-28 03:00:00,4,3.377,2.4841833
2018-02-28,2018-02-28 04:00:00,5,2.744,2.6298513
2018-02-28,2018-02-28 05:00:00,6,3.166,2.7049296
2018-02-28,2018-02-28 06:00:00,7,3.095,2.835392
2018-02-28,2018-02-28 07:00:00,8,3.025,2.9988856
2018-02-28,2018-02-28 08:00:00,9,2.11,3.1879282
2018-02-28,2018-02-28 09:00:00,10,1.266,3.405528
2018-02-28,2018-02-28 10:00:00,11,2.04,3.7667468
2018-02-28,2018-02-28 11:00:00,12,1.97,4.0233264
2018-02-28,2018-02-28 12:00:00,13,2.744,4.251271
2018-02-28,2018-02-28 13:00:00,14,3.025,4.453944
2018-02-28,2018-02-28 14:00:00,15,3.025,4.674308
2018-02-28,2018-02-28 15:00:00,16,3.869,4.806847
2018-02-28,2018-02-28 16:00:00,17,4.502,5.2647357
2018-02-28,2018-02-28 17:00:00,18,5.206,5.200738
2018-02-28,2018-02-28 18:00:00,19,5.839,4.985976
2018-02-28,2018-02-28 19:00:00,20,5.768,4.575562
2018-02-28,2018-02-28 20:00:00,21,5.276,4.292664
2018-02-28,2018-02-28 21:00:00,22,4.995,3.9805634
2018-02-28,2018-02-28 22:00:00,23,5.698,3.8008256
2018-02-28,2018-02-28 23:00:00,24,5.979,3.696264
2018-03-01,2018-03-01 00:00:00,1,5.487,5.8089933
2018-03-01,2018-03-01 01:00:00,2,5.346,5.7029176
2018-03-01,2018-03-01 02:00:00,3,5.628,5.6402473
2018-03-01,2018-03-01 03:00:00,4,5.768,5.5512633
2018-03-01,2018-03-01 04:00:00,5,4.924,5.4677734
2018-03-01,2018-03-01 05:00:00,6,5.698,5.415366
2018-03-01,2018-03-01 06:00:00,7,5.839,5.381283
2018-03-01,2018-03-01 07:00:00,8,4.15,5.3778358
2018-03-01,2018-03-01 08:00:00,9,4.362,5.3443613
2018-03-01,2018-03-01 09:00:00,10,4.573,5.3235426
2018-03-01,2018-03-01 10:00:00,11,4.432,5.4181867
2018-03-01,2018-03-01 11:00:00,12,4.573,5.486237
2018-03-01,2018-03-01 12:00:00,13,4.221,5.684159
2018-03-01,2018-03-01 13:00:00,14,3.517,5.9532833
2018-03-01,2018-03-01 14:00:00,15,3.236,6.2309933
2018-03-01,2018-03-01 15:00:00,16,3.095,6.331031
2018-03-01,2018-03-01 16:00:00,17,2.884,6.6812243
2018-03-01,2018-03-01 17:00:00,18,2.603,6.676754
2018-03-01,2018-03-01 18:00:00,19,2.955,6.390622
2018-03-01,2018-03-01 19:00:00,20,2.462,6.004845
2018-03-01,2018-03-01 20:00:00,21,2.744,5.5648274
2018-03-01,2018-03-01 21:00:00,22,2.11,5.2138767
2018-03-01,2018-03-01 22:00:00,23,2.321,5.024379
2018-03-01,2018-03-01 23:00:00,24,2.673,4.9881234
2018-03-02,2018-03-02 00:00:00,1,2.181,2.8690476
2018-03-02,2018-03-02 01:00:00,2,0.0,2.8962054
2018-03-02,2018-03-02 02:00:00,3,0.844,2.9608335
2018-03-02,2018-03-02 03:00:00,4,-0.492,3.0084817
2018-03-02,2018-03-02 04:00:00,5,0.985,3.037911
2018-03-02,2018-03-02 05:00:00,6,2.04,3.0533116
2018-03-02,2018-03-02 06:00:00,7,2.04,3.0730844
2018-03-02,2018-03-02 07:00:00,8,1.688,3.0835907
2018-03-02,2018-03-02 08:00:00,9,1.759,3.0838037
2018-03-02,2018-03-02 09:00:00,10,1.899,3.117211
2018-03-02,2018-03-02 10:00:00,11,2.321,3.1661544
2018-03-02,2018-03-02 11:00:00,12,2.321,3.1907876
2018-03-02,2018-03-02 12:00:00,13,2.884,3.2356684
2018-03-02,2018-03-02 13:00:00,14,3.166,3.2486982
2018-03-02,2018-03-02 14:00:00,15,3.166,3.2888405
2018-03-02,2018-03-02 15:00:00,16,3.236,3.3275836
2018-03-02,2018-03-02 16:00:00,17,3.728,3.3372211
2018-03-02,2018-03-02 17:00:00,18,3.658,3.3508737
2018-03-02,2018-03-02 18:00:00,19,4.15,3.3622792
2018-03-02,2018-03-02 19:00:00,20,4.362,3.3385837
2018-03-02,2018-03-02 20:00:00,21,4.15,3.3096833
2018-03-02,2018-03-02 21:00:00,22,4.15,3.2587018
2018-03-02,2018-03-02 22:00:00,23,4.502,3.2871478
2018-03-02,2018-03-02 23:00:00,24,4.08,3.3126395
2018-03-03,2018-03-03 00:00:00,1,1.196,3.9766965
2018-03-03,2018-03-03 01:00:00,2,1.477,3.8164654
2018-03-03,2018-03-03 02:00:00,3,3.517,3.743247
2018-03-03,2018-03-03 03:00:00,4,4.924,3.6407883
2018-03-03,2018-03-03 04:00:00,5,5.065,3.6053147
2018-03-03,2018-03-03 05:00:00,6,4.995,3.6046042
2018-03-03,2018-03-03 06:00:00,7,4.221,3.5948882
2018-03-03,2018-03-03 07:00:00,8,4.432,3.4946187
2018-03-03,2018-03-03 08:00:00,9,4.643,3.4300938
2018-03-03,2018-03-03 09:00:00,10,5.206,3.4206672
2018-03-03,2018-03-03 10:00:00,11,5.698,3.4888299
2018-03-03,2018-03-03 11:00:00,12,6.824,3.5403712
2018-03-03,2018-03-03 12:00:00,13,6.964,3.6294172
2018-03-03,2018-03-03 13:00:00,14,7.597,3.69119
2018-03-03,2018-03-03 14:00:00,15,8.02,3.7703173
2018-03-03,2018-03-03 15:00:00,16,7.668,3.843903
2018-03-03,2018-03-03 16:00:00,17,7.527,3.7339308
2018-03-03,2018-03-03 17:00:00,18,7.457,3.792788
2018-03-03,2018-03-03 18:00:00,19,6.964,3.8355367
2018-03-03,2018-03-03 19:00:00,20,6.331,3.78276
2018-03-03,2018-03-03 20:00:00,21,6.331,3.7140198
2018-03-03,2018-03-03 21:00:00,22,6.191,3.619811
2018-03-03,2018-03-03 22:00:00,23,5.768,3.5951347
2018-03-03,2018-03-03 23:00:00,24,5.487,3.5732708
2018-03-04,2018-03-04 00:00:00,1,5.909,5.2048526
2018-03-04,2018-03-04 01:00:00,2,5.768,5.053313
2018-03-04,2018-03-04 02:00:00,3,5.065,5.0552626
2018-03-04,2018-03-04 03:00:00,4,5.135,5.0467415
2018-03-04,2018-03-04 04:00:00,5,5.135,5.0384555
2018-03-04,2018-03-04 05:00:00,6,5.065,4.977534
2018-03-04,2018-03-04 06:00:00,7,4.784,4.9488697
2018-03-04,2018-03-04 07:00:00,8,5.065,4.9795403
2018-03-04,2018-03-04 08:00:00,9,5.628,5.1533585
2018-03-04,2018-03-04 09:00:00,10,6.472,5.4252462
2018-03-04,2018-03-04 10:00:00,11,8.09,5.8403063
2018-03-04,2018-03-04 11:00:00,12,9.145,6.1121864
2018-03-04,2018-03-04 12:00:00,13,9.708,6.3249884
2018-03-04,2018-03-04 13:00:00,14,9.497,6.723324
2018-03-04,2018-03-04 14:00:00,15,8.723,7.1264434
2018-03-04,2018-03-04 15:00:00,16,7.879,7.1816196
2018-03-04,2018-03-04 16:00:00,17,7.457,6.8875656
2018-03-04,2018-03-04 17:00:00,18,6.613,6.7183633
2018-03-04,2018-03-04 18:00:00,19,5.206,6.50778
2018-03-04,2018-03-04 19:00:00,20,4.502,6.1914377
2018-03-04,2018-03-04 20:00:00,21,1.548,5.822465
2018-03-04,2018-03-04 21:00:00,22,0.0,5.582062
2018-03-04,2018-03-04 22:00:00,23,3.588,5.423442
2018-03-04,2018-03-04 23:00:00,24,1.337,5.3057523
2018-03-05,2018-03-05 00:00:00,1,0.774,1.3945594
2018-03-05,2018-03-05 01:00:00,2,0.0,1.5485737
2018-03-05,2018-03-05 02:00:00,3,1.97,1.9194858
2018-03-05,2018-03-05 03:00:00,4,2.251,2.1194918
2018-03-05,2018-03-05 04:00:00,5,1.407,2.2318232
2018-03-05,2018-03-05 05:00:00,6,1.337,2.261372
2018-03-05,2018-03-05 06:00:00,7,2.321,2.282517
2018-03-05,2018-03-05 07:00:00,8,2.532,2.255484
2018-03-05,2018-03-05 08:00:00,9,1.899,2.1598263
2018-03-05,2018-03-05 09:00:00,10,1.97,2.3471365
2018-03-05,2018-03-05 10:00:00,11,2.884,2.9611773
2018-03-05,2018-03-05 11:00:00,12,3.588,3.5979753
2018-03-05,2018-03-05 12:00:00,13,3.728,4.2247305
2018-03-05,2018-03-05 13:00:00,14,3.939,4.6503706
2018-03-05,2018-03-05 14:00:00,15,5.206,5.1061068
2018-03-05,2018-03-05 15:00:00,16,4.854,5.5174255
2018-03-05,2018-03-05 16:00:00,17,4.502,5.6379533
2018-03-05,2018-03-05 17:00:00,18,4.291,5.778904
2018-03-05,2018-03-05 18:00:00,19,4.924,5.8778152
2018-03-05,2018-03-05 19:00:00,20,4.713,5.7214823
2018-03-05,2018-03-05 20:00:00,21,3.588,5.4583054
2018-03-05,2018-03-05 21:00:00,22,3.377,5.2904477
2018-03-05,2018-03-05 22:00:00,23,3.306,5.3747935
2018-03-05,2018-03-05 23:00:00,24,3.025,5.3562374
2018-03-06,2018-03-06 00:00:00,1,3.025,3.1089501
2018-03-06,2018-03-06 01:00:00,2,2.673,3.1380763
2018-03-06,2018-03-06 02:00:00,3,2.392,3.3092756
2018-03-06,2018-03-06 03:00:00,4,1.899,3.3850753
2018-03-06,2018-03-06 04:00:00,5,2.11,3.460849
2018-03-06,2018-03-06 05:00:00,6,1.97,3.5539086
2018-03-06,2018-03-06 06:00:00,7,2.462,3.6455867
2018-03-06,2018-03-06 07:00:00,8,1.97,3.6689143
2018-03-06,2018-03-06 08:00:00,9,1.407,3.780325
2018-03-06,2018-03-06 09:00:00,10,1.407,4.0695257
2018-03-06,2018-03-06 10:00:00,11,2.181,4.516079
2018-03-06,2018-03-06 11:00:00,12,1.829,4.8332095
2018-03-06,2018-03-06 12:00:00,13,2.251,5.1214414
2018-03-06,2018-03-06 13:00:00,14,2.321,5.2191734
2018-03-06,2018-03-06 14:00:00,15,2.532,5.4555025
2018-03-06,2018-03-06 15:00:00,16,3.025,5.4069195
2018-03-06,2018-03-06 16:00:00,17,2.955,5.079557
2018-03-06,2018-03-06 17:00:00,18,2.884,4.9140944
2018-03-06,2018-03-06 18:00:00,19,2.814,4.8297443
2018-03-06,2018-03-06 19:00:00,20,2.11,4.4236193
2018-03-06,2018-03-06 20:00:00,21,1.829,3.8877425
2018-03-06,2018-03-06 21:00:00,22,1.477,3.491362
2018-03-06,2018-03-06 22:00:00,23,1.759,3.3630073
2018-03-06,2018-03-06 23:00:00,24,1.829,3.103303
2018-03-07,2018-03-07 00:00:00,1,1.97,1.6009841
2018-03-07,2018-03-07 01:00:00,2,1.899,1.469419
2018-03-07,2018-03-07 02:00:00,3,0.774,1.7444313
2018-03-07,2018-03-07 03:00:00,4,-0.844,1.7583437
2018-03-07,2018-03-07 04:00:00,5,-0.633,1.7780828
2018-03-07,2018-03-07 05:00:00,6,-0.915,1.8839595
2018-03-07,2018-03-07 06:00:00,7,0.0,2.06916
2018-03-07,2018-03-07 07:00:00,8,-0.492,1.99893
2018-03-07,2018-03-07 08:00:00,9,-0.774,1.8594959
2018-03-07,2018-03-07 09:00:00,10,-0.563,1.8460815
2018-03-07,2018-03-07 10:00:00,11,0.0,2.1888053
2018-03-07,2018-03-07 11:00:00,12,1.196,2.3999386
2018-03-07,2018-03-07 12:00:00,13,0.0,2.622043
2018-03-07,2018-03-07 13:00:00,14,0.633,2.7751203
2018-03-07,2018-03-07 14:00:00,15,1.829,3.126524
2018-03-07,2018-03-07 15:00:00,16,1.548,3.3948064
2018-03-07,2018-03-07 16:00:00,17,1.829,3.6716397
2018-03-07,2018-03-07 17:00:00,18,1.688,3.8603714
2018-03-07,2018-03-07 18:00:00,19,2.11,4.143052
2018-03-07,2018-03-07 19:00:00,20,1.829,4.117917
2018-03-07,2018-03-07 20:00:00,21,2.181,3.893955
2018-03-07,2018-03-07 21:00:00,22,2.181,3.85184
2018-03-07,2018-03-07 22:00:00,23,2.04,4.001096
2018-03-07,2018-03-07 23:00:00,24,2.744,3.9177418
2018-03-08,2018-03-08 00:00:00,1,2.673,2.5541067
2018-03-08,2018-03-08 01:00:00,2,2.532,2.5022311
2018-03-08,2018-03-08 02:00:00,3,2.744,2.6989613
2018-03-08,2018-03-08 03:00:00,4,4.221,2.7347536
2018-03-08,2018-03-08 04:00:00,5,3.799,2.7163215
2018-03-08,2018-03-08 05:00:00,6,4.15,2.7945118
2018-03-08,2018-03-08 06:00:00,7,2.884,2.890604
2018-03-08,2018-03-08 07:00:00,8,4.01,2.8402443
2018-03-08,2018-03-08 08:00:00,9,3.377,2.8343496
2018-03-08,2018-03-08 09:00:00,10,3.377,3.1108875
2018-03-08,2018-03-08 10:00:00,11,3.658,3.5336342
2018-03-08,2018-03-08 11:00:00,12,4.15,3.789988
2018-03-08,2018-03-08 12:00:00,13,4.502,3.8428757
2018-03-08,2018-03-08 13:00:00,14,4.854,3.951654
2018-03-08,2018-03-08 14:00:00,15,5.417,4.212713
2018-03-08,2018-03-08 15:00:00,16,4.573,4.27581
2018-03-08,2018-03-08 16:00:00,17,4.573,4.11324
2018-03-08,2018-03-08 17:00:00,18,4.502,4.0634756
2018-03-08,2018-03-08 18:00:00,19,4.713,4.0198827
2018-03-08,2018-03-08 19:00:00,20,4.713,3.7881494
2018-03-08,2018-03-08 20:00:00,21,4.713,3.5599754
2018-03-08,2018-03-08 21:00:00,22,5.065,3.3539977
2018-03-08,2018-03-08 22:00:00,23,4.713,3.3481884
2018-03-08,2018-03-08 23:00:00,24,4.643,3.189748
2018-03-09,2018-03-09 00:00:00,1,4.502,4.382953
2018-03-09,2018-03-09 01:00:00,2,5.206,4.1966786
2018-03-09,2018-03-09 02:00:00,3,4.924,4.1374393
2018-03-09,2018-03-09 03:00:00,4,5.276,4.0040774
2018-03-09,2018-03-09 04:00:00,5,4.15,3.9052963
2018-03-09,2018-03-09 05:00:00,6,4.15,3.857973
2018-03-09,2018-03-09 06:00:00,7,3.799,3.8375926
2018-03-09,2018-03-09 07:00:00,8,4.01,3.8207881
2018-03-09,2018-03-09 08:00:00,9,4.643,3.9373198
2018-03-09,2018-03-09 09:00:00,10,4.08,4.1506104
2018-03-09,2018-03-09 10:00:00,11,5.698,4.5655303
2018-03-09,2018-03-09 11:00:00,12,5.698,4.7834344
2018-03-09,2018-03-09 12:00:00,13,5.206,4.8375487
2018-03-09,2018-03-09 13:00:00,14,5.487,4.7488174
2018-03-09,2018-03-09 14:00:00,15,6.613,4.8271785
2018-03-09,2018-03-09 15:00:00,16,6.964,4.6411805
2018-03-09,2018-03-09 16:00:00,17,6.964,4.2683206
2018-03-09,2018-03-09 17:00:00,18,7.035,4.0794497
2018-03-09,2018-03-09 18:00:00,19,6.613,3.9827547
2018-03-09,2018-03-09 19:00:00,20,5.698,3.5906382
2018-03-09,2018-03-09 20:00:00,21,5.487,3.0838103
2018-03-09,2018-03-09 21:00:00,22,5.135,2.823709
2018-03-09,2018-03-09 22:00:00,23,5.346,2.9551015
2018-03-09,2018-03-09 23:00:00,24,4.784,2.9108453
2018-03-10,2018-03-10 00:00:00,1,4.854,4.6840634
2018-03-10,2018-03-10 01:00:00,2,5.065,4.616389
2018-03-10,2018-03-10 02:00:00,3,4.643,4.671484
2018-03-10,2018-03-10 03:00:00,4,4.784,4.6805367
2018-03-10,2018-03-10 04:00:00,5,4.643,4.516924
2018-03-10,2018-03-10 05:00:00,6,4.502,4.3764524
2018-03-10,2018-03-10 06:00:00,7,4.432,4.320982
2018-03-10,2018-03-10 07:00:00,8,4.573,4.3352737
2018-03-10,2018-03-10 08:00:00,9,5.276,4.371878
2018-03-10,2018-03-10 09:00:00,10,5.557,4.580535
2018-03-10,2018-03-10 10:00:00,11,6.964,5.0725346
2018-03-10,2018-03-10 11:00:00,12,6.472,5.3288484
2018-03-10,2018-03-10 12:00:00,13,6.542,5.542575
2018-03-10,2018-03-10 13:00:00,14,7.246,5.8285093
2018-03-10,2018-03-10 14:00:00,15,9.356,6.3003025
2018-03-10,2018-03-10 15:00:00,16,8.512,6.4463797
2018-03-10,2018-03-10 16:00:00,17,9.356,6.0875883
2018-03-10,2018-03-10 17:00:00,18,9.708,6.0417404
2018-03-10,2018-03-10 18:00:00,19,8.864,5.9993386
2018-03-10,2018-03-10 19:00:00,20,8.02,5.7898483
2018-03-10,2018-03-10 20:00:00,21,7.035,5.547006
2018-03-10,2018-03-10 21:00:00,22,6.824,5.45598
2018-03-10,2018-03-10 22:00:00,23,6.613,5.3731337
2018-03-10,2018-03-10 23:00:00,24,6.402,5.2696495
2018-03-11,2018-03-11 00:00:00,1,6.683,6.0591936
2018-03-11,2018-03-11 01:00:00,2,6.824,5.961484
2018-03-11,2018-03-11 02:00:00,3,6.894,5.901125
2018-03-11,2018-03-11 03:00:00,4,6.894,5.767303
2018-03-11,2018-03-11 04:00:00,5,6.331,5.6524415
2018-03-11,2018-03-11 05:00:00,6,6.331,5.495236
2018-03-11,2018-03-11 06:00:00,7,6.613,5.474153
2018-03-11,2018-03-11 07:00:00,8,5.628,5.487128
2018-03-11,2018-03-11 08:00:00,9,5.839,5.5456295
2018-03-11,2018-03-11 09:00:00,10,5.698,5.792533
2018-03-11,2018-03-11 10:00:00,11,7.035,6.3408747
2018-03-11,2018-03-11 11:00:00,12,6.683,6.4747767
2018-03-11,2018-03-11 12:00:00,13,7.738,6.6787357
2018-03-11,2018-03-11 13:00:00,14,8.301,7.0507298
2018-03-11,2018-03-11 14:00:00,15,10.341,7.75748
2018-03-11,2018-03-11 15:00:00,16,9.919,7.9158792
2018-03-11,2018-03-11 16:00:00,17,9.708,7.602236
2018-03-11,2018-03-11 17:00:00,18,9.708,7.450508
2018-03-11,2018-03-11 18:00:00,19,8.934,6.973282
2018-03-11,2018-03-11 19:00:00,20,8.512,6.219715
2018-03-11,2018-03-11 20:00:00,21,8.371,5.4429965
2018-03-11,2018-03-11 21:00:00,22,7.879,4.994221
2018-03-11,2018-03-11 22:00:00,23,7.527,4.9308357
2018-03-11,2018-03-11 23:00:00,24,7.668,4.7043133
2018-03-12,2018-03-12 00:00:00,1,8.02,7.2902737
2018-03-12,2018-03-12 01:00:00,2,7.949,7.2076507
2018-03-12,2018-03-12 02:00:00,3,7.597,7.0728264
2018-03-12,2018-03-12 03:00:00,4,7.668,6.7280807
2018-03-12,2018-03-12 04:00:00,5,7.949,6.524472
2018-03-12,2018-03-12 05:00:00,6,8.16,6.2409286
2018-03-12,2018-03-12 06:00:00,7,7.668,5.913821
2018-03-12,2018-03-12 07:00:00,8,7.457,5.5546246
2018-03-12,2018-03-12 08:00:00,9,8.02,5.506816
2018-03-12,2018-03-12 09:00:00,10,8.301,5.7714815
2018-03-12,2018-03-12 10:00:00,11,8.864,6.5592947
2018-03-12,2018-03-12 11:00:00,12,8.723,6.7660317
2018-03-12,2018-03-12 12:00:00,13,9.004,7.1595883
2018-03-12,2018-03-12 13:00:00,14,9.356,7.7364297
2018-03-12,2018-03-12 14:00:00,15,10.552,8.76965
2018-03-12,2018-03-12 15:00:00,16,10.13,8.863225
2018-03-12,2018-03-12 16:00:00,17,10.482,8.999091
2018-03-12,2018-03-12 17:00:00,18,11.185,8.876549
2018-03-12,2018-03-12 18:00:00,19,10.974,8.532688
2018-03-12,2018-03-12 19:00:00,20,9.919,8.095526
2018-03-12,2018-03-12 20:00:00,21,9.849,7.6203175
2018-03-12,2018-03-12 21:00:00,22,9.426,7.2435446
2018-03-12,2018-03-12 22:00:00,23,9.286,7.055149
2018-03-12,2018-03-12 23:00:00,24,9.215,6.9392643
2018-03-13,2018-03-13 00:00:00,1,9.004,9.187468
2018-03-13,2018-03-13 01:00:00,2,8.723,9.284697
2018-03-13,2018-03-13 02:00:00,3,8.864,9.268989
2018-03-13,2018-03-13 03:00:00,4,8.793,9.240149
2018-03-13,2018-03-13 04:00:00,5,8.723,9.213686
2018-03-13,2018-03-13 05:00:00,6,8.723,9.207237
2018-03-13,2018-03-13 06:00:00,7,8.582,9.069485
2018-03-13,2018-03-13 07:00:00,8,8.231,8.872313
2018-03-13,2018-03-13 08:00:00,9,8.16,8.802437
2018-03-13,2018-03-13 09:00:00,10,9.286,8.869476
2018-03-13,2018-03-13 10:00:00,11,10.974,9.333237
2018-03-13,2018-03-13 11:00:00,12,10.833,9.383865
2018-03-13,2018-03-13 12:00:00,13,10.904,9.6754265
2018-03-13,2018-03-13 13:00:00,14,11.607,10.119237
2018-03-13,2018-03-13 14:00:00,15,12.662,10.903073
2018-03-13,2018-03-13 15:00:00,16,11.748,10.972549
2018-03-13,2018-03-13 16:00:00,17,11.326,10.861164
2018-03-13,2018-03-13 17:00:00,18,11.537,10.838514
2018-03-13,2018-03-13 18:00:00,19,12.311,10.577059
2018-03-13,2018-03-13 19:00:00,20,11.889,10.2108965
2018-03-13,2018-03-13 20:00:00,21,11.326,9.871013
2018-03-13,2018-03-13 21:00:00,22,11.044,9.558174
2018-03-13,2018-03-13 22:00:00,23,10.904,9.454231
2018-03-13,2018-03-13 23:00:00,24,10.622,9.400198
2018-03-14,2018-03-14 00:00:00,1,10.622,10.42917
2018-03-14,2018-03-14 01:00:00,2,10.482,10.348108
2018-03-14,2018-03-14 02:00:00,3,10.693,10.270935
2018-03-14,2018-03-14 03:00:00,4,10.763,10.106976
2018-03-14,2018-03-14 04:00:00,5,10.763,10.015562
2018-03-14,2018-03-14 05:00:00,6,9.989,10.036091
2018-03-14,2018-03-14 06:00:00,7,10.622,9.992918
2018-03-14,2018-03-14 07:00:00,8,10.2,9.892965
2018-03-14,2018-03-14 08:00:00,9,10.482,10.090206
2018-03-14,2018-03-14 09:00:00,10,10.833,10.613491
2018-03-14,2018-03-14 10:00:00,11,10.763,11.235552
2018-03-14,2018-03-14 11:00:00,12,10.763,11.359342
2018-03-14,2018-03-14 12:00:00,13,10.833,11.500174
2018-03-14,2018-03-14 13:00:00,14,9.497,11.902308
2018-03-14,2018-03-14 14:00:00,15,10.622,12.370539
2018-03-14,2018-03-14 15:00:00,16,10.693,12.330591
2018-03-14,2018-03-14 16:00:00,17,10.763,12.003874
2018-03-14,2018-03-14 17:00:00,18,10.2,12.031174
2018-03-14,2018-03-14 18:00:00,19,10.482,11.90615
2018-03-14,2018-03-14 19:00:00,20,9.778,11.603985
2018-03-14,2018-03-14 20:00:00,21,9.638,11.359056
2018-03-14,2018-03-14 21:00:00,22,9.497,11.08723
2018-03-14,2018-03-14 22:00:00,23,9.567,11.017473
2018-03-14,2018-03-14 23:00:00,24,9.426,10.857822
2018-03-15,2018-03-15 00:00:00,1,9.708,9.233368
2018-03-15,2018-03-15 01:00:00,2,9.708,9.19976
2018-03-15,2018-03-15 02:00:00,3,9.567,9.257528
2018-03-15,2018-03-15 03:00:00,4,9.497,9.245758
2018-03-15,2018-03-15 04:00:00,5,9.638,9.150408
2018-03-15,2018-03-15 05:00:00,6,9.778,9.084776
2018-03-15,2018-03-15 06:00:00,7,9.919,9.034507
2018-03-15,2018-03-15 07:00:00,8,9.638,8.9612665
2018-03-15,2018-03-15 08:00:00,9,10.13,9.0237055
2018-03-15,2018-03-15 09:00:00,10,10.13,9.265928
2018-03-15,2018-03-15 10:00:00,11,9.919,9.62557
2018-03-15,2018-03-15 11:00:00,12,9.708,9.730767
2018-03-15,2018-03-15 12:00:00,13,10.622,9.791075
2018-03-15,2018-03-15 13:00:00,14,10.833,9.975112
2018-03-15,2018-03-15 14:00:00,15,10.904,10.232378
2018-03-15,2018-03-15 15:00:00,16,10.833,10.16661
2018-03-15,2018-03-15 16:00:00,17,11.678,10.087713
2018-03-15,2018-03-15 17:00:00,18,11.889,10.015916
2018-03-15,2018-03-15 18:00:00,19,11.607,9.914576
2018-03-15,2018-03-15 19:00:00,20,7.668,9.686844
2018-03-15,2018-03-15 20:00:00,21,2.321,9.461324
2018-03-15,2018-03-15 21:00:00,22,0.985,9.285228
2018-03-15,2018-03-15 22:00:00,23,2.884,9.183481
2018-03-15,2018-03-15 23:00:00,24,1.688,9.080029
2018-03-16,2018-03-16 00:00:00,1,2.744,1.6063261
2018-03-16,2018-03-16 01:00:00,2,2.251,1.6224556
2018-03-16,2018-03-16 02:00:00,3,1.829,1.655272
2018-03-16,2018-03-16 03:00:00,4,2.603,1.616888
2018-03-16,2018-03-16 04:00:00,5,3.377,1.5010376
2018-03-16,2018-03-16 05:00:00,6,3.166,1.5306144
2018-03-16,2018-03-16 06:00:00,7,3.306,1.6330557
2018-03-16,2018-03-16 07:00:00,8,2.744,1.6578269
2018-03-16,2018-03-16 08:00:00,9,1.899,1.731442
2018-03-16,2018-03-16 09:00:00,10,2.11,2.1686327
2018-03-16,2018-03-16 10:00:00,11,2.11,2.9899514
2018-03-16,2018-03-16 11:00:00,12,3.025,3.3799381
2018-03-16,2018-03-16 12:00:00,13,3.658,3.8798523
2018-03-16,2018-03-16 13:00:00,14,4.01,4.6255465
2018-03-16,2018-03-16 14:00:00,15,3.799,5.9085336
2018-03-16,2018-03-16 15:00:00,16,3.869,5.987696
2018-03-16,2018-03-16 16:00:00,17,4.291,5.7098293
2018-03-16,2018-03-16 17:00:00,18,4.502,5.43212
2018-03-16,2018-03-16 18:00:00,19,4.784,4.9967623
2018-03-16,2018-03-16 19:00:00,20,4.995,4.196369
2018-03-16,2018-03-16 20:00:00,21,5.206,3.4945507
2018-03-16,2018-03-16 21:00:00,22,5.346,2.9231749
2018-03-16,2018-03-16 22:00:00,23,4.924,2.6456103
2018-03-16,2018-03-16 23:00:00,24,4.15,2.2083063
2018-03-17,2018-03-17 00:00:00,1,3.377,3.8955402
2018-03-17,2018-03-17 01:00:00,2,3.166,3.734759
2018-03-17,2018-03-17 02:00:00,3,2.744,3.6404283
2018-03-17,2018-03-17 03:00:00,4,3.025,3.5443704
2018-03-17,2018-03-17 04:00:00,5,2.814,3.4269445
2018-03-17,2018-03-17 05:00:00,6,2.744,3.2866602
2018-03-17,2018-03-17 06:00:00,7,2.744,3.198456
2018-03-17,2018-03-17 07:00:00,8,2.321,3.1058538
2018-03-17,2018-03-17 08:00:00,9,2.814,3.1667316
2018-03-17,2018-03-17 09:00:00,10,3.095,3.3776867
2018-03-17,2018-03-17 10:00:00,11,3.869,3.7877796
2018-03-17,2018-03-17 11:00:00,12,4.432,4.037738
2018-03-17,2018-03-17 12:00:00,13,5.135,4.3559003
2018-03-17,2018-03-17 13:00:00,14,5.276,4.5648766
2018-03-17,2018-03-17 14:00:00,15,6.12,4.872063
2018-03-17,2018-03-17 15:00:00,16,6.472,4.9312344
2018-03-17,2018-03-17 16:00:00,17,6.05,4.9392223
2018-03-17,2018-03-17 17:00:00,18,5.839,4.834873
2018-03-17,2018-03-17 18:00:00,19,5.768,4.8145776
2018-03-17,2018-03-17 19:00:00,20,5.628,4.3833623
2018-03-17,2018-03-17 20:00:00,21,5.487,4.018547
2018-03-17,2018-03-17 21:00:00,22,5.487,3.7275584
2018-03-17,2018-03-17 22:00:00,23,5.276,3.6855288
2018-03-17,2018-03-17 23:00:00,24,3.517,3.4760025
2018-03-18,2018-03-18 00:00:00,1,4.713,3.0639513
2018-03-18,2018-03-18 01:00:00,2,4.854,2.8344998
2018-03-18,2018-03-18 02:00:00,3,5.557,2.7956638
2018-03-18,2018-03-18 03:00:00,4,5.909,2.731895
2018-03-18,2018-03-18 04:00:00,5,4.924,2.7233713
2018-03-18,2018-03-18 05:00:00,6,3.799,2.6896515
2018-03-18,2018-03-18 06:00:00,7,5.839,2.7263951
2018-03-18,2018-03-18 07:00:00,8,7.738,2.7696557
2018-03-18,2018-03-18 08:00:00,9,8.09,2.933899
2018-03-18,2018-03-18 09:00:00,10,7.105,3.244817
2018-03-18,2018-03-18 10:00:00,11,7.597,3.8232055
2018-03-18,2018-03-18 11:00:00,12,7.949,4.0838556
2018-03-18,2018-03-18 12:00:00,13,6.964,4.3183055
2018-03-18,2018-03-18 13:00:00,14,7.809,4.591876
2018-03-18,2018-03-18 14:00:00,15,6.261,5.050113
2018-03-18,2018-03-18 15:00:00,16,5.698,5.247042
2018-03-18,2018-03-18 16:00:00,17,5.487,4.8033295
2018-03-18,2018-03-18 17:00:00,18,5.417,4.74639
2018-03-18,2018-03-18 18:00:00,19,5.979,4.69506
2018-03-18,2018-03-18 19:00:00,20,5.487,4.4450955
2018-03-18,2018-03-18 20:00:00,21,4.432,4.2684927
2018-03-18,2018-03-18 21:00:00,22,5.979,4.094405
2018-03-18,2018-03-18 22:00:00,23,5.979,3.9924936
2018-03-18,2018-03-18 23:00:00,24,5.768,3.853228
2018-03-19,2018-03-19 00:00:00,1,5.909,5.7236905
2018-03-19,2018-03-19 01:00:00,2,6.12,5.6921353
2018-03-19,2018-03-19 02:00:00,3,6.753,5.6815534
2018-03-19,2018-03-19 03:00:00,4,4.854,5.6742163
2018-03-19,2018-03-19 04:00:00,5,4.784,5.683185
2018-03-19,2018-03-19 05:00:00,6,4.362,5.5965295
2018-03-19,2018-03-19 06:00:00,7,5.839,5.63694
2018-03-19,2018-03-19 07:00:00,8,4.854,5.645669
2018-03-19,2018-03-19 08:00:00,9,4.854,5.72452
2018-03-19,2018-03-19 09:00:00,10,5.276,5.8820543
2018-03-19,2018-03-19 10:00:00,11,5.557,6.0748396
2018-03-19,2018-03-19 11:00:00,12,5.135,6.1896567
2018-03-19,2018-03-19 12:00:00,13,6.261,6.325589
2018-03-19,2018-03-19 13:00:00,14,5.206,6.4074917
2018-03-19,2018-03-19 14:00:00,15,5.346,6.517892
2018-03-19,2018-03-19 15:00:00,16,5.417,6.5036197
2018-03-19,2018-03-19 16:00:00,17,5.065,6.412024
2018-03-19,2018-03-19 17:00:00,18,6.05,6.3375034
2018-03-19,2018-03-19 18:00:00,19,3.166,6.2818103
2018-03-19,2018-03-19 19:00:00,20,3.869,6.0728908
2018-03-19,2018-03-19 20:00:00,21,4.643,5.9008303
2018-03-19,2018-03-19 21:00:00,22,4.573,5.790164
2018-03-19,2018-03-19 22:00:00,23,4.643,5.708183
2018-03-19,2018-03-19 23:00:00,24,4.08,5.6002836
2018-03-20,2018-03-20 00:00:00,1,3.095,4.2591443
2018-03-20,2018-03-20 01:00:00,2,3.236,4.237034
2018-03-20,2018-03-20 02:00:00,3,4.01,4.2442923
2018-03-20,2018-03-20 03:00:00,4,3.728,4.1571503
2018-03-20,2018-03-20 04:00:00,5,4.291,4.0525093
2018-03-20,2018-03-20 05:00:00,6,4.643,4.003152
2018-03-20,2018-03-20 06:00:00,7,4.432,4.169834
2018-03-20,2018-03-20 07:00:00,8,3.166,4.2674522
2018-03-20,2018-03-20 08:00:00,9,2.955,4.3687253
2018-03-20,2018-03-20 09:00:00,10,3.728,4.605924
2018-03-20,2018-03-20 10:00:00,11,4.15,4.9233475
2018-03-20,2018-03-20 11:00:00,12,3.588,5.0637274
2018-03-20,2018-03-20 12:00:00,13,3.869,5.193946
2018-03-20,2018-03-20 13:00:00,14,3.447,5.2599964
2018-03-20,2018-03-20 14:00:00,15,3.517,5.3642616
2018-03-20,2018-03-20 15:00:00,16,3.517,5.402008
2018-03-20,2018-03-20 16:00:00,17,3.095,5.214772
2018-03-20,2018-03-20 17:00:00,18,2.462,5.206808
2018-03-20,2018-03-20 18:00:00,19,2.532,5.0872717
2018-03-20,2018-03-20 19:00:00,20,2.884,4.8792667
2018-03-20,2018-03-20 20:00:00,21,2.532,4.8346667
2018-03-20,2018-03-20 21:00:00,22,2.603,4.7874527
2018-03-20,2018-03-20 22:00:00,23,3.377,4.7413564
2018-03-20,2018-03-20 23:00:00,24,3.377,4.653471
2018-03-21,2018-03-21 00:00:00,1,3.447,3.3101852
2018-03-21,2018-03-21 01:00:00,2,2.744,3.2631345
2018-03-21,2018-03-21 02:00:00,3,3.447,3.290802
2018-03-21,2018-03-21 03:00:00,4,3.799,3.1836479
2018-03-21,2018-03-21 04:00:00,5,3.869,3.1236043
2018-03-21,2018-03-21 05:00:00,6,4.08,3.0832748
2018-03-21,2018-03-21 06:00:00,7,3.939,3.0505908
2018-03-21,2018-03-21 07:00:00,8,4.01,2.8344448
2018-03-21,2018-03-21 08:00:00,9,4.291,2.8334954
2018-03-21,2018-03-21 09:00:00,10,3.166,3.0238216
2018-03-21,2018-03-21 10:00:00,11,5.417,3.2827275
2018-03-21,2018-03-21 11:00:00,12,5.206,3.3781884
2018-03-21,2018-03-21 12:00:00,13,5.065,3.4977844
2018-03-21,2018-03-21 13:00:00,14,6.191,3.5980804
2018-03-21,2018-03-21 14:00:00,15,5.909,3.7172763
2018-03-21,2018-03-21 15:00:00,16,6.683,3.712714
2018-03-21,2018-03-21 16:00:00,17,6.683,3.4837089
2018-03-21,2018-03-21 17:00:00,18,6.402,3.4032013
2018-03-21,2018-03-21 18:00:00,19,6.894,3.3676705
2018-03-21,2018-03-21 19:00:00,20,7.035,3.2628305
2018-03-21,2018-03-21 20:00:00,21,6.753,3.2332833
2018-03-21,2018-03-21 21:00:00,22,6.753,3.2260578
2018-03-21,2018-03-21 22:00:00,23,6.683,3.287337
2018-03-21,2018-03-21 23:00:00,24,6.683,3.2855706
2018-03-22,2018-03-22 00:00:00,1,6.613,6.512957
2018-03-22,2018-03-22 01:00:00,2,6.331,6.507769
2018-03-22,2018-03-22 02:00:00,3,6.753,6.5402317
2018-03-22,2018-03-22 03:00:00,4,6.261,6.5631495
2018-03-22,2018-03-22 04:00:00,5,6.261,6.442386
2018-03-22,2018-03-22 05:00:00,6,6.472,6.4120326
2018-03-22,2018-03-22 06:00:00,7,6.472,6.3958616
2018-03-22,2018-03-22 07:00:00,8,6.12,6.302557
2018-03-22,2018-03-22 08:00:00,9,6.964,6.4019265
2018-03-22,2018-03-22 09:00:00,10,7.949,6.567505
2018-03-22,2018-03-22 10:00:00,11,8.512,7.120144
2018-03-22,2018-03-22 11:00:00,12,7.457,7.207943
2018-03-22,2018-03-22 12:00:00,13,8.16,7.4553924
2018-03-22,2018-03-22 13:00:00,14,9.426,7.7096043
2018-03-22,2018-03-22 14:00:00,15,9.004,8.183181
2018-03-22,2018-03-22 15:00:00,16,8.512,8.267224
2018-03-22,2018-03-22 16:00:00,17,8.793,7.939213
2018-03-22,2018-03-22 17:00:00,18,8.582,7.851666
2018-03-22,2018-03-22 18:00:00,19,9.708,7.7113066
2018-03-22,2018-03-22 19:00:00,20,9.215,7.442951
2018-03-22,2018-03-22 20:00:00,21,8.512,7.141469
2018-03-22,2018-03-22 21:00:00,22,8.371,6.976469
2018-03-22,2018-03-22 22:00:00,23,8.512,6.829661
2018-03-22,2018-03-22 23:00:00,24,8.371,6.680615
2018-03-23,2018-03-23 00:00:00,1,8.442,8.272569
2018-03-23,2018-03-23 01:00:00,2,8.16,8.292073
2018-03-23,2018-03-23 02:00:00,3,8.301,8.364251
2018-03-23,2018-03-23 03:00:00,4,8.723,8.26543
2018-03-23,2018-03-23 04:00:00,5,8.301,8.228717
2018-03-23,2018-03-23 05:00:00,6,8.02,8.223404
2018-03-23,2018-03-23 06:00:00,7,8.16,8.238613
2018-03-23,2018-03-23 07:00:00,8,8.231,8.081826
2018-03-23,2018-03-23 08:00:00,9,8.582,8.243798
2018-03-23,2018-03-23 09:00:00,10,8.231,8.638287
2018-03-23,2018-03-23 10:00:00,11,9.919,9.148068
2018-03-23,2018-03-23 11:00:00,12,9.989,9.211573
2018-03-23,2018-03-23 12:00:00,13,9.708,9.4959135
2018-03-23,2018-03-23 13:00:00,14,10.271,9.850153
2018-03-23,2018-03-23 14:00:00,15,11.607,10.387562
2018-03-23,2018-03-23 15:00:00,16,12.522,10.412471
2018-03-23,2018-03-23 16:00:00,17,12.381,10.127066
2018-03-23,2018-03-23 17:00:00,18,12.733,10.070436
2018-03-23,2018-03-23 18:00:00,19,12.029,9.997184
2018-03-23,2018-03-23 19:00:00,20,10.833,9.742234
2018-03-23,2018-03-23 20:00:00,21,10.622,9.453236
2018-03-23,2018-03-23 21:00:00,22,9.426,9.270651
2018-03-23,2018-03-23 22:00:00,23,9.004,9.180295
2018-03-23,2018-03-23 23:00:00,24,9.286,9.1138315
2018-03-24,2018-03-24 00:00:00,1,9.145,9.264652
2018-03-24,2018-03-24 01:00:00,2,9.497,9.212431
2018-03-24,2018-03-24 02:00:00,3,9.849,9.261913
2018-03-24,2018-03-24 03:00:00,4,9.286,9.253576
2018-03-24,2018-03-24 04:00:00,5,9.356,9.248091
2018-03-24,2018-03-24 05:00:00,6,9.075,9.212215
2018-03-24,2018-03-24 06:00:00,7,9.004,9.157923
2018-03-24,2018-03-24 07:00:00,8,10.622,8.98896
2018-03-24,2018-03-24 08:00:00,9,9.497,9.188557
2018-03-24,2018-03-24 09:00:00,10,9.849,9.653069
2018-03-24,2018-03-24 10:00:00,11,9.919,10.324119
2018-03-24,2018-03-24 11:00:00,12,10.271,10.46625
2018-03-24,2018-03-24 12:00:00,13,10.693,10.809853
2018-03-24,2018-03-24 13:00:00,14,10.693,11.331931
2018-03-24,2018-03-24 14:00:00,15,11.678,12.159113
2018-03-24,2018-03-24 15:00:00,16,12.733,12.266213
2018-03-24,2018-03-24 16:00:00,17,12.944,11.869271
2018-03-24,2018-03-24 17:00:00,18,13.296,11.887396
2018-03-24,2018-03-24 18:00:00,19,12.662,11.71483
2018-03-24,2018-03-24 19:00:00,20,12.029,11.27103
2018-03-24,2018-03-24 20:00:00,21,11.467,10.798479
2018-03-24,2018-03-24 21:00:00,22,11.115,10.371954
2018-03-24,2018-03-24 22:00:00,23,10.974,10.220596
2018-03-24,2018-03-24 23:00:00,24,10.622,10.201778
2018-03-25,2018-03-25 00:00:00,1,10.693,10.474143
2018-03-25,2018-03-25 01:00:00,2,9.778,10.446159
2018-03-25,2018-03-25 02:00:00,3,9.286,10.572766
2018-03-25,2018-03-25 03:00:00,4,10.552,10.551353
2018-03-25,2018-03-25 04:00:00,5,10.341,10.492913
2018-03-25,2018-03-25 05:00:00,6,10.693,10.342352
2018-03-25,2018-03-25 06:00:00,7,10.411,10.399573
2018-03-25,2018-03-25 07:00:00,8,9.989,10.435036
2018-03-25,2018-03-25 08:00:00,9,10.622,10.668884
2018-03-25,2018-03-25 09:00:00,10,10.974,11.026638
2018-03-25,2018-03-25 10:00:00,11,10.271,11.675425
2018-03-25,2018-03-25 11:00:00,12,9.989,11.881077
2018-03-25,2018-03-25 12:00:00,13,10.622,12.062061
2018-03-25,2018-03-25 13:00:00,14,10.341,12.373659
2018-03-25,2018-03-25 14:00:00,15,10.763,12.986084
2018-03-25,2018-03-25 15:00:00,16,10.904,13.203373
2018-03-25,2018-03-25 16:00:00,17,10.833,12.83378
2018-03-25,2018-03-25 17:00:00,18,10.974,12.861978
2018-03-25,2018-03-25 18:00:00,19,11.467,12.724285
2018-03-25,2018-03-25 19:00:00,20,10.341,12.314689
2018-03-25,2018-03-25 20:00:00,21,10.622,11.947079
2018-03-25,2018-03-25 21:00:00,22,10.552,11.584789
2018-03-25,2018-03-25 22:00:00,23,10.482,11.392336
2018-03-25,2018-03-25 23:00:00,24,10.482,11.298131
2018-03-26,2018-03-26 00:00:00,1,10.13,10.159644
2018-03-26,2018-03-26 01:00:00,2,9.919,10.120457
2018-03-26,2018-03-26 02:00:00,3,10.833,10.132694
2018-03-26,2018-03-26 03:00:00,4,10.341,10.140639
2018-03-26,2018-03-26 04:00:00,5,10.06,10.114561
2018-03-26,2018-03-26 05:00:00,6,10.763,10.130998
2018-03-26,2018-03-26 06:00:00,7,10.763,10.134665
2018-03-26,2018-03-26 07:00:00,8,10.763,10.12941
2018-03-26,2018-03-26 08:00:00,9,11.044,10.220388
2018-03-26,2018-03-26 09:00:00,10,10.622,10.307753
2018-03-26,2018-03-26 10:00:00,11,11.607,10.393959
2018-03-26,2018-03-26 11:00:00,12,10.2,10.433393
2018-03-26,2018-03-26 12:00:00,13,11.115,10.520611
2018-03-26,2018-03-26 13:00:00,14,12.24,10.630187
2018-03-26,2018-03-26 14:00:00,15,13.507,10.801485
2018-03-26,2018-03-26 15:00:00,16,13.366,10.861394
2018-03-26,2018-03-26 16:00:00,17,13.788,10.676328
2018-03-26,2018-03-26 17:00:00,18,13.718,10.752477
2018-03-26,2018-03-26 18:00:00,19,13.647,10.798972
2018-03-26,2018-03-26 19:00:00,20,12.451,10.525263
2018-03-26,2018-03-26 20:00:00,21,11.748,10.314419
2018-03-26,2018-03-26 21:00:00,22,11.607,10.172687
2018-03-26,2018-03-26 22:00:00,23,11.044,10.095188
2018-03-26,2018-03-26 23:00:00,24,10.833,10.049333
2018-03-27,2018-03-27 00:00:00,1,10.622,10.58431
2018-03-27,2018-03-27 01:00:00,2,10.693,10.566529
2018-03-27,2018-03-27 02:00:00,3,10.341,10.612643
2018-03-27,2018-03-27 03:00:00,4,10.622,10.637517
2018-03-27,2018-03-27 04:00:00,5,10.482,10.622152
2018-03-27,2018-03-27 05:00:00,6,10.271,10.618279
2018-03-27,2018-03-27 06:00:00,7,10.482,10.63978
2018-03-27,2018-03-27 07:00:00,8,10.341,10.691308
2018-03-27,2018-03-27 08:00:00,9,11.326,10.814079
2018-03-27,2018-03-27 09:00:00,10,11.044,10.974764
2018-03-27,2018-03-27 10:00:00,11,11.889,11.141442
2018-03-27,2018-03-27 11:00:00,12,12.029,11.168114
2018-03-27,2018-03-27 12:00:00,13,11.537,11.381811
2018-03-27,2018-03-27 13:00:00,14,11.537,11.701437
2018-03-27,2018-03-27 14:00:00,15,13.014,12.142454
2018-03-27,2018-03-27 15:00:00,16,13.085,12.383476
2018-03-27,2018-03-27 16:00:00,17,13.577,12.46372
2018-03-27,2018-03-27 17:00:00,18,13.647,12.300544
2018-03-27,2018-03-27 18:00:00,19,12.874,11.932452
2018-03-27,2018-03-27 19:00:00,20,11.537,10.693104
2018-03-27,2018-03-27 20:00:00,21,10.833,9.418658
2018-03-27,2018-03-27 21:00:00,22,10.482,8.602055
2018-03-27,2018-03-27 22:00:00,23,10.2,8.441898
2018-03-27,2018-03-27 23:00:00,24,9.708,8.096982
2018-03-28,2018-03-28 00:00:00,1,9.497,9.589891
2018-03-28,2018-03-28 01:00:00,2,8.864,9.578121
2018-03-28,2018-03-28 02:00:00,3,8.864,9.652779
2018-03-28,2018-03-28 03:00:00,4,8.934,9.646784
2018-03-28,2018-03-28 04:00:00,5,8.442,9.55421
2018-03-28,2018-03-28 05:00:00,6,8.582,9.526741
2018-03-28,2018-03-28 06:00:00,7,8.16,9.58614
2018-03-28,2018-03-28 07:00:00,8,8.934,9.677691
2018-03-28,2018-03-28 08:00:00,9,9.849,9.810062
2018-03-28,2018-03-28 09:00:00,10,9.989,10.048744
2018-03-28,2018-03-28 10:00:00,11,11.115,10.378216
2018-03-28,2018-03-28 11:00:00,12,10.341,10.477317
2018-03-28,2018-03-28 12:00:00,13,9.919,10.675697
2018-03-28,2018-03-28 13:00:00,14,10.833,11.017177
2018-03-28,2018-03-28 14:00:00,15,12.1,11.820396
2018-03-28,2018-03-28 15:00:00,16,12.592,12.24265
2018-03-28,2018-03-28 16:00:00,17,13.085,12.345684
2018-03-28,2018-03-28 17:00:00,18,13.085,12.310561
2018-03-28,2018-03-28 18:00:00,19,12.24,11.864222
2018-03-28,2018-03-28 19:00:00,20,11.326,11.120131
2018-03-28,2018-03-28 20:00:00,21,10.904,10.564691
2018-03-28,2018-03-28 21:00:00,22,9.849,10.127489
2018-03-28,2018-03-28 22:00:00,23,9.497,9.884486
2018-03-28,2018-03-28 23:00:00,24,9.567,9.637634
2018-03-29,2018-03-29 00:00:00,1,9.497,9.057395
2018-03-29,2018-03-29 01:00:00,2,9.075,8.847326
2018-03-29,2018-03-29 02:00:00,3,9.286,8.818089
2018-03-29,2018-03-29 03:00:00,4,9.567,8.816834
2018-03-29,2018-03-29 04:00:00,5,9.075,8.724502
2018-03-29,2018-03-29 05:00:00,6,8.582,8.6128435
2018-03-29,2018-03-29 06:00:00,7,8.16,8.64485
2018-03-29,2018-03-29 07:00:00,8,8.02,8.879315
2018-03-29,2018-03-29 08:00:00,9,8.653,9.312319
2018-03-29,2018-03-29 09:00:00,10,8.512,9.555178
2018-03-29,2018-03-29 10:00:00,11,9.145,10.01486
2018-03-29,2018-03-29 11:00:00,12,8.864,10.005306
2018-03-29,2018-03-29 12:00:00,13,9.145,10.087167
2018-03-29,2018-03-29 13:00:00,14,9.638,10.433229
2018-03-29,2018-03-29 14:00:00,15,10.13,11.32902
2018-03-29,2018-03-29 15:00:00,16,10.693,11.778889
2018-03-29,2018-03-29 16:00:00,17,10.482,11.911465
2018-03-29,2018-03-29 17:00:00,18,10.341,11.85238
2018-03-29,2018-03-29 18:00:00,19,9.638,11.282628
2018-03-29,2018-03-29 19:00:00,20,9.356,10.342276
2018-03-29,2018-03-29 20:00:00,21,9.426,9.649574
2018-03-29,2018-03-29 21:00:00,22,8.231,9.053016
2018-03-29,2018-03-29 22:00:00,23,7.809,8.727698
2018-03-29,2018-03-29 23:00:00,24,7.316,8.589975
2018-03-30,2018-03-30 00:00:00,1,6.613,7.216252
2018-03-30,2018-03-30 01:00:00,2,6.824,7.0531063
2018-03-30,2018-03-30 02:00:00,3,6.472,7.0295005
2018-03-30,2018-03-30 03:00:00,4,6.12,7.0036325
2018-03-30,2018-03-30 04:00:00,5,6.12,6.9243584
2018-03-30,2018-03-30 05:00:00,6,5.839,6.851569
2018-03-30,2018-03-30 06:00:00,7,5.276,6.8074512
2018-03-30,2018-03-30 07:00:00,8,5.206,6.8335476
2018-03-30,2018-03-30 08:00:00,9,5.557,7.003004
2018-03-30,2018-03-30 09:00:00,10,5.768,7.1916523
2018-03-30,2018-03-30 10:00:00,11,6.261,7.439807
2018-03-30,2018-03-30 11:00:00,12,6.261,7.5013866
2018-03-30,2018-03-30 12:00:00,13,6.331,7.631337
2018-03-30,2018-03-30 13:00:00,14,7.035,7.8944464
2018-03-30,2018-03-30 14:00:00,15,7.035,8.180961
2018-03-30,2018-03-30 15:00:00,16,7.386,8.459336
2018-03-30,2018-03-30 16:00:00,17,7.316,8.31732
2018-03-30,2018-03-30 17:00:00,18,7.809,8.234381
2018-03-30,2018-03-30 18:00:00,19,6.683,8.020777
2018-03-30,2018-03-30 19:00:00,20,5.768,7.7376685
2018-03-30,2018-03-30 20:00:00,21,6.331,7.4954567
2018-03-30,2018-03-30 21:00:00,22,6.402,7.2148533
2018-03-30,2018-03-30 22:00:00,23,6.261,7.0115647
2018-03-30,2018-03-30 23:00:00,24,5.979,6.761081
2018-03-31,2018-03-31 00:00:00,1,5.768,5.6969028
2018-03-31,2018-03-31 01:00:00,2,5.768,5.5228815
2018-03-31,2018-03-31 02:00:00,3,5.768,5.4573
2018-03-31,2018-03-31 03:00:00,4,5.768,5.3408375
2018-03-31,2018-03-31 04:00:00,5,5.768,5.2267504
2018-03-31,2018-03-31 05:00:00,6,5.768,5.084917
2018-03-31,2018-03-31 06:00:00,7,5.768,4.919969
2018-03-31,2018-03-31 07:00:00,8,5.768,4.7827306
2018-03-31,2018-03-31 08:00:00,9,5.768,4.829161
2018-03-31,2018-03-31 09:00:00,10,5.768,4.9810176
2018-03-31,2018-03-31 10:00:00,11,5.768,5.194909
2018-03-31,2018-03-31 11:00:00,12,5.768,5.31592
2018-03-31,2018-03-31 12:00:00,13,5.768,5.46402
2018-03-31,2018-03-31 13:00:00,14,5.768,5.627269
2018-03-31,2018-03-31 14:00:00,15,5.768,5.7539825
2018-03-31,2018-03-31 15:00:00,16,5.768,5.9167995
2018-03-31,2018-03-31 16:00:00,17,5.768,5.764043
2018-03-31,2018-03-31 17:00:00,18,5.768,5.5603023
2018-03-31,2018-03-31 18:00:00,19,5.768,5.41288
2018-03-31,2018-03-31 19:00:00,20,5.768,5.2534714
2018-03-31,2018-03-31 20:00:00,21,5.768,5.1970873
2018-03-31,2018-03-31 21:00:00,22,5.768,5.0952215
2018-03-31,2018-03-31 22:00:00,23,5.768,5.0385222
2018-03-31,2018-03-31 23:00:00,24,5.768,4.8982725
2018-04-01,2018-04-01 00:00:00,1,9.004,5.8081884
2018-04-01,2018-04-01 01:00:00,2,9.215,5.8139257
2018-04-01,2018-04-01 02:00:00,3,9.004,5.8017864
2018-04-01,2018-04-01 03:00:00,4,8.653,5.802082
2018-04-01,2018-04-01 04:00:00,5,9.215,5.7968044
2018-04-01,2018-04-01 05:00:00,6,9.215,5.791033
2018-04-01,2018-04-01 06:00:00,7,9.426,5.7886877
2018-04-01,2018-04-01 07:00:00,8,9.567,5.7875614
2018-04-01,2018-04-01 08:00:00,9,10.2,5.776697
2018-04-01,2018-04-01 09:00:00,10,10.693,5.791013
2018-04-01,2018-04-01 10:00:00,11,11.115,5.760019
2018-04-01,2018-04-01 11:00:00,12,10.974,5.7773294
2018-04-01,2018-04-01 12:00:00,13,10.763,5.770927
2018-04-01,2018-04-01 13:00:00,14,11.607,5.7646217
2018-04-01,2018-04-01 14:00:00,15,11.256,5.7567244
2018-04-01,2018-04-01 15:00:00,16,12.944,5.7462006
2018-04-01,2018-04-01 16:00:00,17,12.733,5.662073
2018-04-01,2018-04-01 17:00:00,18,11.818,5.6366315
2018-04-01,2018-04-01 18:00:00,19,11.748,5.620886
2018-04-01,2018-04-01 19:00:00,20,10.763,5.6441736
2018-04-01,2018-04-01 20:00:00,21,10.693,5.606374
2018-04-01,2018-04-01 21:00:00,22,10.552,5.6337185
2018-04-01,2018-04-01 22:00:00,23,10.482,5.6324263
2018-04-01,2018-04-01 23:00:00,24,10.13,5.6249647
2018-04-02,2018-04-02 00:00:00,1,9.708,9.701939
2018-04-02,2018-04-02 01:00:00,2,10.2,9.622566
2018-04-02,2018-04-02 02:00:00,3,10.482,9.623098
2018-04-02,2018-04-02 03:00:00,4,10.833,9.651222
2018-04-02,2018-04-02 04:00:00,5,10.341,9.60998
2018-04-02,2018-04-02 05:00:00,6,10.341,9.537232
2018-04-02,2018-04-02 06:00:00,7,10.06,9.560372
2018-04-02,2018-04-02 07:00:00,8,10.482,9.708132
2018-04-02,2018-04-02 08:00:00,9,9.638,10.117115
2018-04-02,2018-04-02 09:00:00,10,10.552,10.39391
2018-04-02,2018-04-02 10:00:00,11,10.482,10.818661
2018-04-02,2018-04-02 11:00:00,12,10.13,10.884668
2018-04-02,2018-04-02 12:00:00,13,10.2,11.09326
2018-04-02,2018-04-02 13:00:00,14,11.678,11.49455
2018-04-02,2018-04-02 14:00:00,15,12.029,12.267065
2018-04-02,2018-04-02 15:00:00,16,12.1,12.853504
2018-04-02,2018-04-02 16:00:00,17,12.17,12.773867
2018-04-02,2018-04-02 17:00:00,18,12.029,12.655928
2018-04-02,2018-04-02 18:00:00,19,11.256,12.256168
2018-04-02,2018-04-02 19:00:00,20,10.974,11.649236
2018-04-02,2018-04-02 20:00:00,21,10.552,11.263032
2018-04-02,2018-04-02 21:00:00,22,10.2,10.85724
2018-04-02,2018-04-02 22:00:00,23,10.341,10.630962
2018-04-02,2018-04-02 23:00:00,24,9.849,10.4788885
2018-04-03,2018-04-03 00:00:00,1,9.426,9.807396
2018-04-03,2018-04-03 01:00:00,2,9.356,9.809921
2018-04-03,2018-04-03 02:00:00,3,9.215,9.89868
2018-04-03,2018-04-03 03:00:00,4,9.145,9.944155
2018-04-03,2018-04-03 04:00:00,5,9.145,9.845393
2018-04-03,2018-04-03 05:00:00,6,9.426,9.734478
2018-04-03,2018-04-03 06:00:00,7,9.286,9.669136
2018-04-03,2018-04-03 07:00:00,8,9.497,9.813165
2018-04-03,2018-04-03 08:00:00,9,9.849,10.00415
2018-04-03,2018-04-03 09:00:00,10,10.693,10.210626
2018-04-03,2018-04-03 10:00:00,11,11.396,10.365509
2018-04-03,2018-04-03 11:00:00,12,11.326,10.310585
2018-04-03,2018-04-03 12:00:00,13,11.396,10.458411
2018-04-03,2018-04-03 13:00:00,14,11.326,10.86561
2018-04-03,2018-04-03 14:00:00,15,12.733,11.359687
2018-04-03,2018-04-03 15:00:00,16,12.944,11.671904
2018-04-03,2018-04-03 16:00:00,17,13.436,11.801337
2018-04-03,2018-04-03 17:00:00,18,13.718,11.662672
2018-04-03,2018-04-03 18:00:00,19,12.24,11.314458
2018-04-03,2018-04-03 19:00:00,20,12.17,10.7828865
2018-04-03,2018-04-03 20:00:00,21,11.607,10.436049
2018-04-03,2018-04-03 21:00:00,22,11.326,10.103661
2018-04-03,2018-04-03 22:00:00,23,10.974,9.908219
2018-04-03,2018-04-03 23:00:00,24,10.904,9.730184
2018-04-04,2018-04-04 00:00:00,1,9.919,10.538432
2018-04-04,2018-04-04 01:00:00,2,8.864,10.416614
2018-04-04,2018-04-04 02:00:00,3,8.934,10.4599285
2018-04-04,2018-04-04 03:00:00,4,7.809,10.53768
2018-04-04,2018-04-04 04:00:00,5,6.824,10.47296
2018-04-04,2018-04-04 05:00:00,6,7.105,10.403004
2018-04-04,2018-04-04 06:00:00,7,6.613,10.387045
2018-04-04,2018-04-04 07:00:00,8,5.135,10.532782
2018-04-04,2018-04-04 08:00:00,9,5.346,10.772606
2018-04-04,2018-04-04 09:00:00,10,5.065,11.087564
2018-04-04,2018-04-04 10:00:00,11,5.276,11.345326
2018-04-04,2018-04-04 11:00:00,12,5.276,11.356031
2018-04-04,2018-04-04 12:00:00,13,5.065,11.526557
2018-04-04,2018-04-04 13:00:00,14,4.573,11.9164715
2018-04-04,2018-04-04 14:00:00,15,4.291,12.600168
2018-04-04,2018-04-04 15:00:00,16,4.432,12.997271
2018-04-04,2018-04-04 16:00:00,17,4.221,13.204752
2018-04-04,2018-04-04 17:00:00,18,4.08,13.122817
2018-04-04,2018-04-04 18:00:00,19,3.799,12.6568575
2018-04-04,2018-04-04 19:00:00,20,3.658,12.054188
2018-04-04,2018-04-04 20:00:00,21,3.799,11.622588
2018-04-04,2018-04-04 21:00:00,22,3.799,11.278562
2018-04-04,2018-04-04 22:00:00,23,3.869,11.077772
2018-04-04,2018-04-04 23:00:00,24,3.939,10.887924
2018-04-05,2018-04-05 00:00:00,1,3.658,4.075333
2018-04-05,2018-04-05 01:00:00,2,3.799,4.056598
2018-04-05,2018-04-05 02:00:00,3,3.869,4.1005425
2018-04-05,2018-04-05 03:00:00,4,3.799,4.0851593
2018-04-05,2018-04-05 04:00:00,5,4.362,4.0791664
2018-04-05,2018-04-05 05:00:00,6,3.658,4.107023
2018-04-05,2018-04-05 06:00:00,7,4.221,4.1045218
2018-04-05,2018-04-05 07:00:00,8,3.517,4.108263
2018-04-05,2018-04-05 08:00:00,9,3.095,4.163821
2018-04-05,2018-04-05 09:00:00,10,0.422,4.243877
2018-04-05,2018-04-05 10:00:00,11,0.0,4.308569
2018-04-05,2018-04-05 11:00:00,12,-0.633,4.3200603
2018-04-05,2018-04-05 12:00:00,13,-0.703,4.4296317
2018-04-05,2018-04-05 13:00:00,14,0.0,4.505289
2018-04-05,2018-04-05 14:00:00,15,-0.633,4.508778
2018-04-05,2018-04-05 15:00:00,16,-0.915,4.6128087
2018-04-05,2018-04-05 16:00:00,17,0.0,4.7001
2018-04-05,2018-04-05 17:00:00,18,0.563,4.724558
2018-04-05,2018-04-05 18:00:00,19,1.759,4.7333603
2018-04-05,2018-04-05 19:00:00,20,0.563,4.707547
2018-04-05,2018-04-05 20:00:00,21,0.0,4.7917986
2018-04-05,2018-04-05 21:00:00,22,2.04,4.796145
2018-04-05,2018-04-05 22:00:00,23,0.492,4.862657
2018-04-05,2018-04-05 23:00:00,24,1.126,4.871208
2018-04-06,2018-04-06 00:00:00,1,0.985,1.4769444
2018-04-06,2018-04-06 01:00:00,2,0.0,1.6073341
2018-04-06,2018-04-06 02:00:00,3,0.563,1.8518076
2018-04-06,2018-04-06 03:00:00,4,1.97,2.075942
2018-04-06,2018-04-06 04:00:00,5,2.392,2.3513446
2018-04-06,2018-04-06 05:00:00,6,1.477,2.4479709
2018-04-06,2018-04-06 06:00:00,7,1.337,2.6414633
2018-04-06,2018-04-06 07:00:00,8,1.055,2.5290184
2018-04-06,2018-04-06 08:00:00,9,1.055,2.2979226
2018-04-06,2018-04-06 09:00:00,10,1.337,1.6717448
2018-04-06,2018-04-06 10:00:00,11,1.829,1.3924541
2018-04-06,2018-04-06 11:00:00,12,3.095,0.98304176
2018-04-06,2018-04-06 12:00:00,13,4.01,0.6003456
2018-04-06,2018-04-06 13:00:00,14,4.643,0.3416319
2018-04-06,2018-04-06 14:00:00,15,4.995,0.28247166
2018-04-06,2018-04-06 15:00:00,16,4.995,0.3558836
2018-04-06,2018-04-06 16:00:00,17,5.346,0.70026207
2018-04-06,2018-04-06 17:00:00,18,5.487,0.9758167
2018-04-06,2018-04-06 18:00:00,19,5.346,1.2229362
2018-04-06,2018-04-06 19:00:00,20,5.346,1.205729
2018-04-06,2018-04-06 20:00:00,21,5.346,1.3096666
2018-04-06,2018-04-06 21:00:00,22,4.221,1.5343823
2018-04-06,2018-04-06 22:00:00,23,5.276,1.6803575
2018-04-06,2018-04-06 23:00:00,24,4.854,1.8168626
2018-04-07,2018-04-07 00:00:00,1,4.502,4.8143177
2018-04-07,2018-04-07 01:00:00,2,4.221,4.8599353
2018-04-07,2018-04-07 02:00:00,3,4.15,4.961283
2018-04-07,2018-04-07 03:00:00,4,4.221,4.977126
2018-04-07,2018-04-07 04:00:00,5,4.221,5.0350256
2018-04-07,2018-04-07 05:00:00,6,4.15,5.0759125
2018-04-07,2018-04-07 06:00:00,7,3.728,5.07316
2018-04-07,2018-04-07 07:00:00,8,4.995,5.1317816
2018-04-07,2018-04-07 08:00:00,9,4.221,5.27495
2018-04-07,2018-04-07 09:00:00,10,3.728,5.4214096
2018-04-07,2018-04-07 10:00:00,11,5.346,5.6977196
2018-04-07,2018-04-07 11:00:00,12,3.306,5.9150305
2018-04-07,2018-04-07 12:00:00,13,3.236,6.25504
2018-04-07,2018-04-07 13:00:00,14,3.517,6.6251354
2018-04-07,2018-04-07 14:00:00,15,4.502,7.1127462
2018-04-07,2018-04-07 15:00:00,16,4.995,7.4586606
2018-04-07,2018-04-07 16:00:00,17,5.276,7.520825
2018-04-07,2018-04-07 17:00:00,18,5.768,7.5045567
2018-04-07,2018-04-07 18:00:00,19,6.05,7.397581
2018-04-07,2018-04-07 19:00:00,20,5.698,7.0952234
2018-04-07,2018-04-07 20:00:00,21,5.346,7.005205
2018-04-07,2018-04-07 21:00:00,22,4.924,6.948001
2018-04-07,2018-04-07 22:00:00,23,4.854,6.94098
2018-04-07,2018-04-07 23:00:00,24,5.065,6.8734155
2018-04-08,2018-04-08 00:00:00,1,4.573,4.997677
2018-04-08,2018-04-08 01:00:00,2,4.713,4.9577928
2018-04-08,2018-04-08 02:00:00,3,4.502,4.9791136
2018-04-08,2018-04-08 03:00:00,4,4.502,5.035798
2018-04-08,2018-04-08 04:00:00,5,4.502,5.0297365
2018-04-08,2018-04-08 05:00:00,6,4.643,5.028496
2018-04-08,2018-04-08 06:00:00,7,4.573,5.059125
2018-04-08,2018-04-08 07:00:00,8,5.698,5.009409
2018-04-08,2018-04-08 08:00:00,9,5.768,4.7242165
2018-04-08,2018-04-08 09:00:00,10,5.628,4.620448
2018-04-08,2018-04-08 10:00:00,11,5.417,4.673094
2018-04-08,2018-04-08 11:00:00,12,5.698,4.507738
2018-04-08,2018-04-08 12:00:00,13,5.628,4.6149178
2018-04-08,2018-04-08 13:00:00,14,6.261,4.9972367
2018-04-08,2018-04-08 14:00:00,15,7.105,5.532257
2018-04-08,2018-04-08 15:00:00,16,7.668,5.9228954
2018-04-08,2018-04-08 16:00:00,17,7.809,6.4203434
2018-04-08,2018-04-08 17:00:00,18,7.879,6.496852
2018-04-08,2018-04-08 18:00:00,19,7.597,6.4418545
2018-04-08,2018-04-08 19:00:00,20,8.231,6.2754745
2018-04-08,2018-04-08 20:00:00,21,8.301,6.235978
2018-04-08,2018-04-08 21:00:00,22,7.879,6.089149
2018-04-08,2018-04-08 22:00:00,23,7.738,6.045003
2018-04-08,2018-04-08 23:00:00,24,7.246,5.999611
2018-04-09,2018-04-09 00:00:00,1,7.386,6.98809
2018-04-09,2018-04-09 01:00:00,2,7.668,6.919942
2018-04-09,2018-04-09 02:00:00,3,7.738,6.8467336
2018-04-09,2018-04-09 03:00:00,4,7.457,6.760318
2018-04-09,2018-04-09 04:00:00,5,7.457,6.728307
2018-04-09,2018-04-09 05:00:00,6,7.246,6.734223
2018-04-09,2018-04-09 06:00:00,7,6.894,6.798333
2018-04-09,2018-04-09 07:00:00,8,8.02,6.9646573
2018-04-09,2018-04-09 08:00:00,9,8.653,6.822453
2018-04-09,2018-04-09 09:00:00,10,9.426,6.747974
2018-04-09,2018-04-09 10:00:00,11,10.552,6.844484
2018-04-09,2018-04-09 11:00:00,12,9.778,6.5540133
2018-04-09,2018-04-09 12:00:00,13,9.286,6.683622
2018-04-09,2018-04-09 13:00:00,14,9.989,7.0054502
2018-04-09,2018-04-09 14:00:00,15,11.326,7.6457415
2018-04-09,2018-04-09 15:00:00,16,10.904,8.1665325
2018-04-09,2018-04-09 16:00:00,17,12.1,8.650649
2018-04-09,2018-04-09 17:00:00,18,12.451,8.74298
2018-04-09,2018-04-09 18:00:00,19,12.029,8.665718
2018-04-09,2018-04-09 19:00:00,20,10.482,8.623805
2018-04-09,2018-04-09 20:00:00,21,9.919,8.5151205
2018-04-09,2018-04-09 21:00:00,22,9.708,8.36565
2018-04-09,2018-04-09 22:00:00,23,9.497,8.224626
2018-04-09,2018-04-09 23:00:00,24,9.215,8.046105
2018-04-10,2018-04-10 00:00:00,1,8.864,8.882537
2018-04-10,2018-04-10 01:00:00,2,8.723,8.857428
2018-04-10,2018-04-10 02:00:00,3,8.653,8.846214
2018-04-10,2018-04-10 03:00:00,4,8.723,8.813089
2018-04-10,2018-04-10 04:00:00,5,8.442,8.681221
2018-04-10,2018-04-10 05:00:00,6,8.582,8.592969
2018-04-10,2018-04-10 06:00:00,7,8.653,8.575888
2018-04-10,2018-04-10 07:00:00,8,9.215,8.894394
2018-04-10,2018-04-10 08:00:00,9,9.919,9.2908125
2018-04-10,2018-04-10 09:00:00,10,10.482,9.684071
2018-04-10,2018-04-10 10:00:00,11,9.215,10.036449
2018-04-10,2018-04-10 11:00:00,12,9.567,9.993353
2018-04-10,2018-04-10 12:00:00,13,8.934,10.101966
2018-04-10,2018-04-10 13:00:00,14,9.426,10.478991
2018-04-10,2018-04-10 14:00:00,15,10.552,11.322598
2018-04-10,2018-04-10 15:00:00,16,10.622,11.675941
2018-04-10,2018-04-10 16:00:00,17,11.185,11.99102
2018-04-10,2018-04-10 17:00:00,18,10.904,11.906734
2018-04-10,2018-04-10 18:00:00,19,12.029,11.2989025
2018-04-10,2018-04-10 19:00:00,20,11.607,10.634171
2018-04-10,2018-04-10 20:00:00,21,11.185,10.15337
2018-04-10,2018-04-10 21:00:00,22,11.044,9.75449
2018-04-10,2018-04-10 22:00:00,23,10.552,9.450538
2018-04-10,2018-04-10 23:00:00,24,11.044,9.097129
2018-04-11,2018-04-11 00:00:00,1,10.341,10.388128
2018-04-11,2018-04-11 01:00:00,2,10.482,10.426566
2018-04-11,2018-04-11 02:00:00,3,10.552,10.369866
2018-04-11,2018-04-11 03:00:00,4,10.411,10.278228
2018-04-11,2018-04-11 04:00:00,5,10.552,10.137829
2018-04-11,2018-04-11 05:00:00,6,10.552,10.012426
2018-04-11,2018-04-11 06:00:00,7,9.778,9.946205
2018-04-11,2018-04-11 07:00:00,8,9.919,10.35315
2018-04-11,2018-04-11 08:00:00,9,9.919,10.795986
2018-04-11,2018-04-11 09:00:00,10,9.708,11.244414
2018-04-11,2018-04-11 10:00:00,11,10.341,11.529011
2018-04-11,2018-04-11 11:00:00,12,10.13,11.215702
2018-04-11,2018-04-11 12:00:00,13,10.271,11.141418
2018-04-11,2018-04-11 13:00:00,14,10.341,11.487998
2018-04-11,2018-04-11 14:00:00,15,10.974,12.148956
2018-04-11,2018-04-11 15:00:00,16,10.974,12.40423
2018-04-11,2018-04-11 16:00:00,17,10.763,12.705872
2018-04-11,2018-04-11 17:00:00,18,9.778,12.622871
2018-04-11,2018-04-11 18:00:00,19,9.426,12.291782
2018-04-11,2018-04-11 19:00:00,20,8.723,11.836369
2018-04-11,2018-04-11 20:00:00,21,7.879,11.413689
2018-04-11,2018-04-11 21:00:00,22,7.668,11.078545
2018-04-11,2018-04-11 22:00:00,23,7.386,10.897308
2018-04-11,2018-04-11 23:00:00,24,6.964,10.768852
2018-04-12,2018-04-12 00:00:00,1,6.964,6.344958
2018-04-12,2018-04-12 01:00:00,2,6.613,6.2010403
2018-04-12,2018-04-12 02:00:00,3,6.613,6.1475935
2018-04-12,2018-04-12 03:00:00,4,6.05,6.1056433
2018-04-12,2018-04-12 04:00:00,5,6.402,5.9902487
2018-04-12,2018-04-12 05:00:00,6,5.909,5.8988934
2018-04-12,2018-04-12 06:00:00,7,5.768,5.8435574
2018-04-12,2018-04-12 07:00:00,8,5.628,5.9139147
2018-04-12,2018-04-12 08:00:00,9,5.909,6.0223503
2018-04-12,2018-04-12 09:00:00,10,5.909,6.174885
2018-04-12,2018-04-12 10:00:00,11,5.979,6.295346
2018-04-12,2018-04-12 11:00:00,12,6.331,6.2980223
2018-04-12,2018-04-12 12:00:00,13,6.472,6.3926363
2018-04-12,2018-04-12 13:00:00,14,6.05,6.6285853
2018-04-12,2018-04-12 14:00:00,15,6.542,7.0705
2018-04-12,2018-04-12 15:00:00,16,6.472,7.4498096
2018-04-12,2018-04-12 16:00:00,17,6.331,7.2835345
2018-04-12,2018-04-12 17:00:00,18,5.768,7.1076803
2018-04-12,2018-04-12 18:00:00,19,5.628,6.824307
2018-04-12,2018-04-12 19:00:00,20,5.346,6.5318494
2018-04-12,2018-04-12 20:00:00,21,4.854,6.3075585
2018-04-12,2018-04-12 21:00:00,22,5.135,6.032881
2018-04-12,2018-04-12 22:00:00,23,4.995,5.86908
2018-04-12,2018-04-12 23:00:00,24,4.643,5.8476877
2018-04-13,2018-04-13 00:00:00,1,4.995,4.772526
2018-04-13,2018-04-13 01:00:00,2,4.924,4.815463
2018-04-13,2018-04-13 02:00:00,3,4.784,4.8491817
2018-04-13,2018-04-13 03:00:00,4,4.854,4.7980366
2018-04-13,2018-04-13 04:00:00,5,4.854,4.861747
2018-04-13,2018-04-13 05:00:00,6,4.784,4.848131
2018-04-13,2018-04-13 06:00:00,7,4.713,4.8404846
2018-04-13,2018-04-13 07:00:00,8,4.573,4.9073653
2018-04-13,2018-04-13 08:00:00,9,4.291,5.003553
2018-04-13,2018-04-13 09:00:00,10,4.291,5.0613713
2018-04-13,2018-04-13 10:00:00,11,4.362,5.1662264
2018-04-13,2018-04-13 11:00:00,12,4.573,5.189286
2018-04-13,2018-04-13 12:00:00,13,5.065,5.339488
2018-04-13,2018-04-13 13:00:00,14,4.643,5.48129
2018-04-13,2018-04-13 14:00:00,15,4.854,5.697194
2018-04-13,2018-04-13 15:00:00,16,5.276,5.818342
2018-04-13,2018-04-13 16:00:00,17,4.854,5.8399544
2018-04-13,2018-04-13 17:00:00,18,5.839,5.7712007
2018-04-13,2018-04-13 18:00:00,19,4.573,5.654271
2018-04-13,2018-04-13 19:00:00,20,3.095,5.5020933
2018-04-13,2018-04-13 20:00:00,21,3.799,5.426766
2018-04-13,2018-04-13 21:00:00,22,4.854,5.3013315
2018-04-13,2018-04-13 22:00:00,23,3.095,5.223117
2018-04-13,2018-04-13 23:00:00,24,3.588,5.1535387
2018-04-14,2018-04-14 00:00:00,1,4.291,3.8751087
2018-04-14,2018-04-14 01:00:00,2,4.362,3.8916163
2018-04-14,2018-04-14 02:00:00,3,4.15,3.9096503
2018-04-14,2018-04-14 03:00:00,4,4.643,3.9079285
2018-04-14,2018-04-14 04:00:00,5,5.206,3.9326572
2018-04-14,2018-04-14 05:00:00,6,4.854,3.9453547
2018-04-14,2018-04-14 06:00:00,7,5.206,3.923885
2018-04-14,2018-04-14 07:00:00,8,4.854,3.8821743
2018-04-14,2018-04-14 08:00:00,9,4.924,3.8273866
2018-04-14,2018-04-14 09:00:00,10,3.447,3.8106306
2018-04-14,2018-04-14 10:00:00,11,4.362,3.835573
2018-04-14,2018-04-14 11:00:00,12,3.799,3.8990896
2018-04-14,2018-04-14 12:00:00,13,3.799,4.0188766
2018-04-14,2018-04-14 13:00:00,14,3.939,4.1063967
2018-04-14,2018-04-14 14:00:00,15,4.01,4.278883
2018-04-14,2018-04-14 15:00:00,16,4.432,4.4108267
2018-04-14,2018-04-14 16:00:00,17,5.346,4.4828506
2018-04-14,2018-04-14 17:00:00,18,5.206,4.516039
2018-04-14,2018-04-14 18:00:00,19,5.417,4.4914126
2018-04-14,2018-04-14 19:00:00,20,5.065,4.329733
2018-04-14,2018-04-14 20:00:00,21,4.924,4.2933154
2018-04-14,2018-04-14 21:00:00,22,3.869,4.2677383
2018-04-14,2018-04-14 22:00:00,23,4.362,4.2516346
2018-04-14,2018-04-14 23:00:00,24,4.502,4.261025
2018-04-15,2018-04-15 00:00:00,1,4.854,4.601262
2018-04-15,2018-04-15 01:00:00,2,5.346,4.6157913
2018-04-15,2018-04-15 02:00:00,3,4.643,4.6711235
2018-04-15,2018-04-15 03:00:00,4,4.854,4.7346954
2018-04-15,2018-04-15 04:00:00,5,5.135,4.87434
2018-04-15,2018-04-15 05:00:00,6,5.276,4.847387
2018-04-15,2018-04-15 06:00:00,7,5.135,4.858854
2018-04-15,2018-04-15 07:00:00,8,5.768,4.8408937
2018-04-15,2018-04-15 08:00:00,9,4.854,4.755274
2018-04-15,2018-04-15 09:00:00,10,5.979,4.5354614
2018-04-15,2018-04-15 10:00:00,11,6.261,4.561924
2018-04-15,2018-04-15 11:00:00,12,6.191,4.552022
2018-04-15,2018-04-15 12:00:00,13,6.613,4.632004
2018-04-15,2018-04-15 13:00:00,14,6.824,4.746944
2018-04-15,2018-04-15 14:00:00,15,8.301,4.9470587
2018-04-15,2018-04-15 15:00:00,16,8.723,5.1526904
2018-04-15,2018-04-15 16:00:00,17,9.426,5.3482103
2018-04-15,2018-04-15 17:00:00,18,9.356,5.386584
2018-04-15,2018-04-15 18:00:00,19,8.723,5.388337
2018-04-15,2018-04-15 19:00:00,20,7.809,5.3137794
2018-04-15,2018-04-15 20:00:00,21,6.964,5.289795
2018-04-15,2018-04-15 21:00:00,22,6.261,5.2270246
2018-04-15,2018-04-15 22:00:00,23,6.05,5.2240086
2018-04-15,2018-04-15 23:00:00,24,6.05,5.2001243
2018-04-16,2018-04-16 00:00:00,1,6.824,5.94213
2018-04-16,2018-04-16 01:00:00,2,6.472,5.948251
2018-04-16,2018-04-16 02:00:00,3,6.613,5.9775434
2018-04-16,2018-04-16 03:00:00,4,6.542,6.004103
2018-04-16,2018-04-16 04:00:00,5,6.402,5.9932156
2018-04-16,2018-04-16 05:00:00,6,5.909,5.9995303
2018-04-16,2018-04-16 06:00:00,7,6.191,6.0827227
2018-04-16,2018-04-16 07:00:00,8,6.331,6.4029
2018-04-16,2018-04-16 08:00:00,9,6.542,6.748451
2018-04-16,2018-04-16 09:00:00,10,6.683,7.089742
2018-04-16,2018-04-16 10:00:00,11,6.964,7.235044
2018-04-16,2018-04-16 11:00:00,12,7.316,7.2915125
2018-04-16,2018-04-16 12:00:00,13,6.964,7.3981476
2018-04-16,2018-04-16 13:00:00,14,7.246,7.76495
2018-04-16,2018-04-16 14:00:00,15,8.02,8.550645
2018-04-16,2018-04-16 15:00:00,16,8.653,8.959478
2018-04-16,2018-04-16 16:00:00,17,9.004,9.037855
2018-04-16,2018-04-16 17:00:00,18,8.512,8.996431
2018-04-16,2018-04-16 18:00:00,19,7.738,8.795002
2018-04-16,2018-04-16 19:00:00,20,7.668,8.393927
2018-04-16,2018-04-16 20:00:00,21,6.894,8.012251
2018-04-16,2018-04-16 21:00:00,22,6.824,7.7061043
2018-04-16,2018-04-16 22:00:00,23,6.894,7.5396986
2018-04-16,2018-04-16 23:00:00,24,6.191,7.467926
2018-04-17,2018-04-17 00:00:00,1,5.909,6.315757
2018-04-17,2018-04-17 01:00:00,2,6.261,6.2912583
2018-04-17,2018-04-17 02:00:00,3,6.261,6.2679014
2018-04-17,2018-04-17 03:00:00,4,5.909,6.2464695
2018-04-17,2018-04-17 04:00:00,5,6.261,6.2528267
2018-04-17,2018-04-17 05:00:00,6,5.768,6.2090635
2018-04-17,2018-04-17 06:00:00,7,5.768,6.223211
2018-04-17,2018-04-17 07:00:00,8,6.683,6.3705764
2018-04-17,2018-04-17 08:00:00,9,7.246,6.5055175
2018-04-17,2018-04-17 09:00:00,10,8.16,6.6406484
2018-04-17,2018-04-17 10:00:00,11,8.864,6.7585936
2018-04-17,2018-04-17 11:00:00,12,7.879,6.829046
2018-04-17,2018-04-17 12:00:00,13,8.09,6.863427
2018-04-17,2018-04-17 13:00:00,14,8.934,7.061873
2018-04-17,2018-04-17 14:00:00,15,9.567,7.4766054
2018-04-17,2018-04-17 15:00:00,16,10.271,7.8244557
2018-04-17,2018-04-17 16:00:00,17,10.904,7.7940397
2018-04-17,2018-04-17 17:00:00,18,10.904,7.7182736
2018-04-17,2018-04-17 18:00:00,19,10.622,7.590294
2018-04-17,2018-04-17 19:00:00,20,8.934,7.2288985
2018-04-17,2018-04-17 20:00:00,21,8.09,6.9971867
2018-04-17,2018-04-17 21:00:00,22,8.16,6.8073215
2018-04-17,2018-04-17 22:00:00,23,7.949,6.6042743
2018-04-17,2018-04-17 23:00:00,24,7.668,6.474265
2018-04-18,2018-04-18 00:00:00,1,7.457,7.5524035
2018-04-18,2018-04-18 01:00:00,2,7.246,7.529745
2018-04-18,2018-04-18 02:00:00,3,7.386,7.4844785
2018-04-18,2018-04-18 03:00:00,4,7.246,7.435585
2018-04-18,2018-04-18 04:00:00,5,7.246,7.3276014
2018-04-18,2018-04-18 05:00:00,6,7.246,7.1795864
2018-04-18,2018-04-18 06:00:00,7,6.964,7.172568
2018-04-18,2018-04-18 07:00:00,8,7.738,7.416423
2018-04-18,2018-04-18 08:00:00,9,9.145,7.6684065
2018-04-18,2018-04-18 09:00:00,10,8.723,7.9360237
2018-04-18,2018-04-18 10:00:00,11,9.638,8.066745
2018-04-18,2018-04-18 11:00:00,12,9.215,8.049983
2018-04-18,2018-04-18 12:00:00,13,9.286,8.032608
2018-04-18,2018-04-18 13:00:00,14,9.989,8.293849
2018-04-18,2018-04-18 14:00:00,15,11.185,8.858993
2018-04-18,2018-04-18 15:00:00,16,11.537,9.141781
2018-04-18,2018-04-18 16:00:00,17,12.311,9.1727085
2018-04-18,2018-04-18 17:00:00,18,12.662,8.762041
2018-04-18,2018-04-18 18:00:00,19,11.818,8.381381
2018-04-18,2018-04-18 19:00:00,20,10.13,7.7727766
2018-04-18,2018-04-18 20:00:00,21,9.989,7.1340947
2018-04-18,2018-04-18 21:00:00,22,9.356,6.78038
2018-04-18,2018-04-18 22:00:00,23,9.004,6.5448313
2018-04-18,2018-04-18 23:00:00,24,8.934,6.276727
2018-04-19,2018-04-19 00:00:00,1,8.512,8.54187
2018-04-19,2018-04-19 01:00:00,2,8.442,8.498421
2018-04-19,2018-04-19 02:00:00,3,8.371,8.443513
2018-04-19,2018-04-19 03:00:00,4,8.231,8.354271
2018-04-19,2018-04-19 04:00:00,5,8.02,8.32271
2018-04-19,2018-04-19 05:00:00,6,8.02,8.137389
2018-04-19,2018-04-19 06:00:00,7,7.527,8.115804
2018-04-19,2018-04-19 07:00:00,8,8.09,8.683353
2018-04-19,2018-04-19 08:00:00,9,9.075,9.204302
2018-04-19,2018-04-19 09:00:00,10,9.286,9.612212
2018-04-19,2018-04-19 10:00:00,11,9.919,9.961237
2018-04-19,2018-04-19 11:00:00,12,9.778,9.92588
2018-04-19,2018-04-19 12:00:00,13,10.271,10.037412
2018-04-19,2018-04-19 13:00:00,14,11.044,10.46253
2018-04-19,2018-04-19 14:00:00,15,11.889,11.377847
2018-04-19,2018-04-19 15:00:00,16,12.592,11.724224
2018-04-19,2018-04-19 16:00:00,17,12.522,12.1002655
2018-04-19,2018-04-19 17:00:00,18,12.17,12.015715
2018-04-19,2018-04-19 18:00:00,19,11.607,11.474571
2018-04-19,2018-04-19 19:00:00,20,10.411,10.497293
2018-04-19,2018-04-19 20:00:00,21,9.849,9.819007
2018-04-19,2018-04-19 21:00:00,22,9.356,9.388283
2018-04-19,2018-04-19 22:00:00,23,8.934,9.110086
2018-04-19,2018-04-19 23:00:00,24,8.512,8.855516
2018-04-20,2018-04-20 00:00:00,1,8.512,8.348094
2018-04-20,2018-04-20 01:00:00,2,8.653,8.264703
2018-04-20,2018-04-20 02:00:00,3,8.793,8.212755
2018-04-20,2018-04-20 03:00:00,4,8.371,8.096995
2018-04-20,2018-04-20 04:00:00,5,8.301,8.072805
2018-04-20,2018-04-20 05:00:00,6,8.09,7.856947
2018-04-20,2018-04-20 06:00:00,7,8.371,7.716529
2018-04-20,2018-04-20 07:00:00,8,9.145,8.340275
2018-04-20,2018-04-20 08:00:00,9,9.004,9.016418
2018-04-20,2018-04-20 09:00:00,10,8.864,9.398048
2018-04-20,2018-04-20 10:00:00,11,9.497,9.698601
2018-04-20,2018-04-20 11:00:00,12,9.989,9.691699
2018-04-20,2018-04-20 12:00:00,13,10.341,9.83707
2018-04-20,2018-04-20 13:00:00,14,11.748,10.33418
2018-04-20,2018-04-20 14:00:00,15,12.381,11.21252
2018-04-20,2018-04-20 15:00:00,16,12.944,11.640072
2018-04-20,2018-04-20 16:00:00,17,13.436,11.686598
2018-04-20,2018-04-20 17:00:00,18,12.874,11.498693
2018-04-20,2018-04-20 18:00:00,19,12.24,11.00011
2018-04-20,2018-04-20 19:00:00,20,11.748,10.230936
2018-04-20,2018-04-20 20:00:00,21,11.256,9.593543
2018-04-20,2018-04-20 21:00:00,22,11.889,9.154609
2018-04-20,2018-04-20 22:00:00,23,11.044,8.873116
2018-04-20,2018-04-20 23:00:00,24,10.904,8.560156
2018-04-21,2018-04-21 00:00:00,1,10.974,10.621599
2018-04-21,2018-04-21 01:00:00,2,10.904,10.721226
2018-04-21,2018-04-21 02:00:00,3,11.326,10.7455225
2018-04-21,2018-04-21 03:00:00,4,10.341,10.743217
2018-04-21,2018-04-21 04:00:00,5,9.567,10.705872
2018-04-21,2018-04-21 05:00:00,6,10.271,10.640877
2018-04-21,2018-04-21 06:00:00,7,10.341,10.7371435
2018-04-21,2018-04-21 07:00:00,8,10.341,11.145656
2018-04-21,2018-04-21 08:00:00,9,10.06,11.4929
2018-04-21,2018-04-21 09:00:00,10,10.622,11.877096
2018-04-21,2018-04-21 10:00:00,11,10.763,12.266804
2018-04-21,2018-04-21 11:00:00,12,10.482,12.4491825
2018-04-21,2018-04-21 12:00:00,13,11.256,12.736553
2018-04-21,2018-04-21 13:00:00,14,11.256,13.2909565
2018-04-21,2018-04-21 14:00:00,15,9.778,14.014008
2018-04-21,2018-04-21 15:00:00,16,10.271,14.437632
2018-04-21,2018-04-21 16:00:00,17,9.849,14.6730995
2018-04-21,2018-04-21 17:00:00,18,9.567,14.493906
2018-04-21,2018-04-21 18:00:00,19,9.426,14.156643
2018-04-21,2018-04-21 19:00:00,20,9.356,13.533297
2018-04-21,2018-04-21 20:00:00,21,9.497,13.077274
2018-04-21,2018-04-21 21:00:00,22,9.004,12.735214
2018-04-21,2018-04-21 22:00:00,23,9.215,12.471124
2018-04-21,2018-04-21 23:00:00,24,9.145,12.278004
2018-04-22,2018-04-22 00:00:00,1,9.567,9.087792
2018-04-22,2018-04-22 01:00:00,2,9.708,9.118901
2018-04-22,2018-04-22 02:00:00,3,9.638,9.1377325
2018-04-22,2018-04-22 03:00:00,4,9.708,9.139038
2018-04-22,2018-04-22 04:00:00,5,7.035,9.152296
2018-04-22,2018-04-22 05:00:00,6,8.653,9.195562
2018-04-22,2018-04-22 06:00:00,7,9.356,9.231889
2018-04-22,2018-04-22 07:00:00,8,8.512,9.268799
2018-04-22,2018-04-22 08:00:00,9,9.989,9.361645
2018-04-22,2018-04-22 09:00:00,10,10.341,9.382305
2018-04-22,2018-04-22 10:00:00,11,9.919,9.443034
2018-04-22,2018-04-22 11:00:00,12,9.426,9.444028
2018-04-22,2018-04-22 12:00:00,13,9.638,9.513446
2018-04-22,2018-04-22 13:00:00,14,9.497,9.5760765
2018-04-22,2018-04-22 14:00:00,15,9.356,9.629533
2018-04-22,2018-04-22 15:00:00,16,9.919,9.702487
2018-04-22,2018-04-22 16:00:00,17,10.06,9.803395
2018-04-22,2018-04-22 17:00:00,18,10.271,9.640603
2018-04-22,2018-04-22 18:00:00,19,10.06,9.50749
2018-04-22,2018-04-22 19:00:00,20,9.989,9.379168
2018-04-22,2018-04-22 20:00:00,21,8.371,9.254035
2018-04-22,2018-04-22 21:00:00,22,8.442,9.115913
2018-04-22,2018-04-22 22:00:00,23,7.738,9.0298605
2018-04-22,2018-04-22 23:00:00,24,7.105,8.948341
2018-04-23,2018-04-23 00:00:00,1,6.753,7.0425296
2018-04-23,2018-04-23 01:00:00,2,6.402,6.9402685
2018-04-23,2018-04-23 02:00:00,3,5.839,6.875538
2018-04-23,2018-04-23 03:00:00,4,5.909,6.7744737
2018-04-23,2018-04-23 04:00:00,5,5.417,6.651294
2018-04-23,2018-04-23 05:00:00,6,4.995,6.5081162
2018-04-23,2018-04-23 06:00:00,7,5.135,6.4231663
2018-04-23,2018-04-23 07:00:00,8,4.643,6.586972
2018-04-23,2018-04-23 08:00:00,9,4.362,6.7870245
2018-04-23,2018-04-23 09:00:00,10,4.291,6.9673023
2018-04-23,2018-04-23 10:00:00,11,3.658,7.1838064
2018-04-23,2018-04-23 11:00:00,12,3.166,7.135092
2018-04-23,2018-04-23 12:00:00,13,3.517,7.2512507
2018-04-23,2018-04-23 13:00:00,14,3.236,7.395922
2018-04-23,2018-04-23 14:00:00,15,3.236,7.722471
2018-04-23,2018-04-23 15:00:00,16,3.728,8.046611
2018-04-23,2018-04-23 16:00:00,17,5.206,7.7990804
2018-04-23,2018-04-23 17:00:00,18,5.698,7.698492
2018-04-23,2018-04-23 18:00:00,19,5.206,7.2724047
2018-04-23,2018-04-23 19:00:00,20,5.557,6.6925354
2018-04-23,2018-04-23 20:00:00,21,4.643,6.253942
2018-04-23,2018-04-23 21:00:00,22,5.487,5.9980783
2018-04-23,2018-04-23 22:00:00,23,6.05,5.830382
2018-04-23,2018-04-23 23:00:00,24,5.135,5.7563496
2018-04-24,2018-04-24 00:00:00,1,6.261,5.4319468
2018-04-24,2018-04-24 01:00:00,2,6.402,5.4107943
2018-04-24,2018-04-24 02:00:00,3,6.613,5.378909
2018-04-24,2018-04-24 03:00:00,4,6.261,5.392646
2018-04-24,2018-04-24 04:00:00,5,6.683,5.354759
2018-04-24,2018-04-24 05:00:00,6,6.331,5.3063536
2018-04-24,2018-04-24 06:00:00,7,6.753,5.2480955
2018-04-24,2018-04-24 07:00:00,8,6.542,5.151154
2018-04-24,2018-04-24 08:00:00,9,6.261,5.006034
2018-04-24,2018-04-24 09:00:00,10,6.964,4.8061132
2018-04-24,2018-04-24 10:00:00,11,6.472,4.6087103
2018-04-24,2018-04-24 11:00:00,12,7.105,4.4994335
2018-04-24,2018-04-24 12:00:00,13,7.175,4.4470224
2018-04-24,2018-04-24 13:00:00,14,8.02,4.3948183
2018-04-24,2018-04-24 14:00:00,15,8.16,4.4900894
2018-04-24,2018-04-24 15:00:00,16,8.653,4.8174553
2018-04-24,2018-04-24 16:00:00,17,8.231,5.4274197
2018-04-24,2018-04-24 17:00:00,18,7.668,5.5230656
2018-04-24,2018-04-24 18:00:00,19,8.442,5.4134235
2018-04-24,2018-04-24 19:00:00,20,7.949,5.3818693
2018-04-24,2018-04-24 20:00:00,21,7.809,5.3921194
2018-04-24,2018-04-24 21:00:00,22,7.738,5.395145
2018-04-24,2018-04-24 22:00:00,23,7.386,5.4355173
2018-04-24,2018-04-24 23:00:00,24,7.668,5.3835793
2018-04-25,2018-04-25 00:00:00,1,7.457,7.5433006
2018-04-25,2018-04-25 01:00:00,2,7.316,7.5655875
2018-04-25,2018-04-25 02:00:00,3,7.809,7.550126
2018-04-25,2018-04-25 03:00:00,4,7.527,7.5440474
2018-04-25,2018-04-25 04:00:00,5,6.542,7.5439377
2018-04-25,2018-04-25 05:00:00,6,7.035,7.5266857
2018-04-25,2018-04-25 06:00:00,7,7.879,7.550579
2018-04-25,2018-04-25 07:00:00,8,9.075,7.6838894
2018-04-25,2018-04-25 08:00:00,9,8.02,7.8384876
2018-04-25,2018-04-25 09:00:00,10,8.512,8.059099
2018-04-25,2018-04-25 10:00:00,11,9.497,8.275505
2018-04-25,2018-04-25 11:00:00,12,9.145,8.427234
2018-04-25,2018-04-25 12:00:00,13,9.567,8.685414
2018-04-25,2018-04-25 13:00:00,14,8.864,8.960869
2018-04-25,2018-04-25 14:00:00,15,9.849,9.260237
2018-04-25,2018-04-25 15:00:00,16,10.2,9.47093
2018-04-25,2018-04-25 16:00:00,17,9.989,9.432584
2018-04-25,2018-04-25 17:00:00,18,10.552,9.168072
2018-04-25,2018-04-25 18:00:00,19,10.271,8.906747
2018-04-25,2018-04-25 19:00:00,20,9.426,8.442125
2018-04-25,2018-04-25 20:00:00,21,8.512,8.161709
2018-04-25,2018-04-25 21:00:00,22,9.075,7.9686894
2018-04-25,2018-04-25 22:00:00,23,8.934,7.7817383
2018-04-25,2018-04-25 23:00:00,24,8.512,7.6734376
2018-04-26,2018-04-26 00:00:00,1,8.723,8.403073
2018-04-26,2018-04-26 01:00:00,2,8.512,8.388419
2018-04-26,2018-04-26 02:00:00,3,9.215,8.41843
2018-04-26,2018-04-26 03:00:00,4,9.426,8.271328
2018-04-26,2018-04-26 04:00:00,5,9.356,8.072114
2018-04-26,2018-04-26 05:00:00,6,9.567,8.0952835
2018-04-26,2018-04-26 06:00:00,7,9.075,8.323251
2018-04-26,2018-04-26 07:00:00,8,9.849,8.653606
2018-04-26,2018-04-26 08:00:00,9,10.271,8.80065
2018-04-26,2018-04-26 09:00:00,10,9.849,9.081641
2018-04-26,2018-04-26 10:00:00,11,9.989,9.353267
2018-04-26,2018-04-26 11:00:00,12,10.693,9.45374
2018-04-26,2018-04-26 12:00:00,13,10.833,9.580179
2018-04-26,2018-04-26 13:00:00,14,10.622,9.7279415
2018-04-26,2018-04-26 14:00:00,15,11.115,10.086285
2018-04-26,2018-04-26 15:00:00,16,10.482,10.367955
2018-04-26,2018-04-26 16:00:00,17,11.607,10.490732
2018-04-26,2018-04-26 17:00:00,18,11.326,10.343812
2018-04-26,2018-04-26 18:00:00,19,10.06,10.035241
2018-04-26,2018-04-26 19:00:00,20,10.341,9.501277
2018-04-26,2018-04-26 20:00:00,21,9.778,9.081181
2018-04-26,2018-04-26 21:00:00,22,10.13,8.988179
2018-04-26,2018-04-26 22:00:00,23,10.482,8.809498
2018-04-26,2018-04-26 23:00:00,24,9.849,8.576505
2018-04-27,2018-04-27 00:00:00,1,9.778,9.7327385
2018-04-27,2018-04-27 01:00:00,2,9.919,9.7495
2018-04-27,2018-04-27 02:00:00,3,9.919,9.782301
2018-04-27,2018-04-27 03:00:00,4,9.426,9.717194
2018-04-27,2018-04-27 04:00:00,5,9.497,9.580449
2018-04-27,2018-04-27 05:00:00,6,9.638,9.609983
2018-04-27,2018-04-27 06:00:00,7,9.778,9.723907
2018-04-27,2018-04-27 07:00:00,8,10.341,10.023113
2018-04-27,2018-04-27 08:00:00,9,11.185,10.168404
2018-04-27,2018-04-27 09:00:00,10,11.256,10.326391
2018-04-27,2018-04-27 10:00:00,11,11.678,10.514591
2018-04-27,2018-04-27 11:00:00,12,11.326,10.695051
2018-04-27,2018-04-27 12:00:00,13,11.607,10.91306
2018-04-27,2018-04-27 13:00:00,14,12.733,11.125687
2018-04-27,2018-04-27 14:00:00,15,13.085,11.355041
2018-04-27,2018-04-27 15:00:00,16,13.999,11.535275
2018-04-27,2018-04-27 16:00:00,17,14.21,11.610149
2018-04-27,2018-04-27 17:00:00,18,13.999,11.499099
2018-04-27,2018-04-27 18:00:00,19,13.718,11.124401
2018-04-27,2018-04-27 19:00:00,20,12.451,10.698376
2018-04-27,2018-04-27 20:00:00,21,11.678,10.326371
2018-04-27,2018-04-27 21:00:00,22,11.326,10.326699
2018-04-27,2018-04-27 22:00:00,23,11.044,10.210857
2018-04-27,2018-04-27 23:00:00,24,10.974,10.031404
2018-04-28,2018-04-28 00:00:00,1,10.833,10.710043
2018-04-28,2018-04-28 01:00:00,2,10.693,10.753817
2018-04-28,2018-04-28 02:00:00,3,10.974,10.78248
2018-04-28,2018-04-28 03:00:00,4,9.567,10.662711
2018-04-28,2018-04-28 04:00:00,5,9.567,10.61392
2018-04-28,2018-04-28 05:00:00,6,9.497,10.64415
2018-04-28,2018-04-28 06:00:00,7,9.497,10.7759495
2018-04-28,2018-04-28 07:00:00,8,9.638,11.202871
2018-04-28,2018-04-28 08:00:00,9,10.2,11.568562
2018-04-28,2018-04-28 09:00:00,10,10.06,11.829738
2018-04-28,2018-04-28 10:00:00,11,10.833,12.195958
2018-04-28,2018-04-28 11:00:00,12,10.833,12.367647
2018-04-28,2018-04-28 12:00:00,13,11.326,12.64917
2018-04-28,2018-04-28 13:00:00,14,11.818,13.117847
2018-04-28,2018-04-28 14:00:00,15,12.803,13.586473
2018-04-28,2018-04-28 15:00:00,16,13.225,13.987764
2018-04-28,2018-04-28 16:00:00,17,13.929,14.150345
2018-04-28,2018-04-28 17:00:00,18,13.085,13.852348
2018-04-28,2018-04-28 18:00:00,19,12.592,13.246915
2018-04-28,2018-04-28 19:00:00,20,11.818,12.543865
2018-04-28,2018-04-28 20:00:00,21,11.537,12.036562
2018-04-28,2018-04-28 21:00:00,22,11.115,11.761867
2018-04-28,2018-04-28 22:00:00,23,10.833,11.583576
2018-04-28,2018-04-28 23:00:00,24,10.693,11.440178
2018-04-29,2018-04-29 00:00:00,1,10.904,10.433081
2018-04-29,2018-04-29 01:00:00,2,11.607,10.353176
2018-04-29,2018-04-29 02:00:00,3,11.607,10.287692
2018-04-29,2018-04-29 03:00:00,4,11.185,9.929609
2018-04-29,2018-04-29 04:00:00,5,11.748,9.742975
2018-04-29,2018-04-29 05:00:00,6,11.607,9.624044
2018-04-29,2018-04-29 06:00:00,7,11.326,9.658295
2018-04-29,2018-04-29 07:00:00,8,11.959,9.98991
2018-04-29,2018-04-29 08:00:00,9,12.592,10.469162
2018-04-29,2018-04-29 09:00:00,10,12.662,10.780217
2018-04-29,2018-04-29 10:00:00,11,12.592,11.184431
2018-04-29,2018-04-29 11:00:00,12,12.029,11.345594
2018-04-29,2018-04-29 12:00:00,13,12.522,11.756744
2018-04-29,2018-04-29 13:00:00,14,11.959,12.328831
2018-04-29,2018-04-29 14:00:00,15,12.803,12.978409
2018-04-29,2018-04-29 15:00:00,16,12.662,13.550645
2018-04-29,2018-04-29 16:00:00,17,12.451,13.951359
2018-04-29,2018-04-29 17:00:00,18,13.296,13.61307
2018-04-29,2018-04-29 18:00:00,19,12.944,13.031597
2018-04-29,2018-04-29 19:00:00,20,12.733,12.201238
2018-04-29,2018-04-29 20:00:00,21,12.662,11.627173
2018-04-29,2018-04-29 21:00:00,22,12.451,11.232733
2018-04-29,2018-04-29 22:00:00,23,12.522,10.9499655
2018-04-29,2018-04-29 23:00:00,24,12.381,10.75469
2018-04-30,2018-04-30 00:00:00,1,12.733,12.270753
2018-04-30,2018-04-30 01:00:00,2,12.522,12.313626
2018-04-30,2018-04-30 02:00:00,3,12.1,12.341918
2018-04-30,2018-04-30 03:00:00,4,11.678,12.2424965
2018-04-30,2018-04-30 04:00:00,5,11.889,12.150429
2018-04-30,2018-04-30 05:00:00,6,12.592,12.150034
2018-04-30,2018-04-30 06:00:00,7,12.733,12.2415
2018-04-30,2018-04-30 07:00:00,8,12.944,12.400677
2018-04-30,2018-04-30 08:00:00,9,12.874,12.595924
2018-04-30,2018-04-30 09:00:00,10,12.522,12.718431
2018-04-30,2018-04-30 10:00:00,11,13.718,12.812206
2018-04-30,2018-04-30 11:00:00,12,13.647,12.879172
2018-04-30,2018-04-30 12:00:00,13,14.562,12.963805
2018-04-30,2018-04-30 13:00:00,14,14.843,13.139826
2018-04-30,2018-04-30 14:00:00,15,15.054,13.317242
2018-04-30,2018-04-30 15:00:00,16,15.898,13.554651
2018-04-30,2018-04-30 16:00:00,17,16.813,13.901476
2018-04-30,2018-04-30 17:00:00,18,15.828,13.691397
2018-04-30,2018-04-30 18:00:00,19,14.773,13.426317
2018-04-30,2018-04-30 19:00:00,20,14.491,13.106155
2018-04-30,2018-04-30 20:00:00,21,13.577,12.91153
2018-04-30,2018-04-30 21:00:00,22,13.225,12.769366
2018-04-30,2018-04-30 22:00:00,23,13.507,12.680414
2018-04-30,2018-04-30 23:00:00,24,13.366,12.567368
2018-05-01,2018-05-01 00:00:00,1,13.436,13.299796
2018-05-01,2018-05-01 01:00:00,2,13.436,13.329545
2018-05-01,2018-05-01 02:00:00,3,13.577,13.291433
2018-05-01,2018-05-01 03:00:00,4,13.436,13.056815
2018-05-01,2018-05-01 04:00:00,5,13.085,12.969037
2018-05-01,2018-05-01 05:00:00,6,13.647,12.986403
2018-05-01,2018-05-01 06:00:00,7,13.788,13.138206
2018-05-01,2018-05-01 07:00:00,8,13.999,13.485029
2018-05-01,2018-05-01 08:00:00,9,14.069,13.81152
2018-05-01,2018-05-01 09:00:00,10,13.436,14.059462
2018-05-01,2018-05-01 10:00:00,11,13.577,14.413347
2018-05-01,2018-05-01 11:00:00,12,12.874,14.590908
2018-05-01,2018-05-01 12:00:00,13,12.874,14.882729
2018-05-01,2018-05-01 13:00:00,14,12.381,15.3082905
2018-05-01,2018-05-01 14:00:00,15,12.733,15.705441
2018-05-01,2018-05-01 15:00:00,16,13.507,16.182465
2018-05-01,2018-05-01 16:00:00,17,13.436,16.317091
2018-05-01,2018-05-01 17:00:00,18,13.647,16.003769
2018-05-01,2018-05-01 18:00:00,19,7.527,15.483654
2018-05-01,2018-05-01 19:00:00,20,5.768,14.792767
2018-05-01,2018-05-01 20:00:00,21,8.02,14.256649
2018-05-01,2018-05-01 21:00:00,22,9.778,13.990861
2018-05-01,2018-05-01 22:00:00,23,10.833,13.837165
2018-05-01,2018-05-01 23:00:00,24,10.482,13.73525
2018-05-02,2018-05-02 00:00:00,1,10.482,10.444515
2018-05-02,2018-05-02 01:00:00,2,10.341,10.572627
2018-05-02,2018-05-02 02:00:00,3,10.2,10.622484
2018-05-02,2018-05-02 03:00:00,4,10.06,10.506147
2018-05-02,2018-05-02 04:00:00,5,9.567,10.445039
2018-05-02,2018-05-02 05:00:00,6,9.638,10.489944
2018-05-02,2018-05-02 06:00:00,7,10.13,10.604595
2018-05-02,2018-05-02 07:00:00,8,9.215,10.834735
2018-05-02,2018-05-02 08:00:00,9,9.215,11.028439
2018-05-02,2018-05-02 09:00:00,10,9.708,11.120776
2018-05-02,2018-05-02 10:00:00,11,9.286,11.299656
2018-05-02,2018-05-02 11:00:00,12,9.426,11.395019
2018-05-02,2018-05-02 12:00:00,13,9.919,11.584581
2018-05-02,2018-05-02 13:00:00,14,9.919,11.724752
2018-05-02,2018-05-02 14:00:00,15,9.919,11.957288
2018-05-02,2018-05-02 15:00:00,16,10.271,12.241468
2018-05-02,2018-05-02 16:00:00,17,10.482,12.737126
2018-05-02,2018-05-02 17:00:00,18,10.622,12.4827175
2018-05-02,2018-05-02 18:00:00,19,10.833,11.976517
2018-05-02,2018-05-02 19:00:00,20,10.06,11.501689
2018-05-02,2018-05-02 20:00:00,21,10.13,11.178794
2018-05-02,2018-05-02 21:00:00,22,9.075,11.0556965
2018-05-02,2018-05-02 22:00:00,23,8.02,10.953554
2018-05-02,2018-05-02 23:00:00,24,7.738,10.854159
2018-05-03,2018-05-03 00:00:00,1,8.231,7.77701
2018-05-03,2018-05-03 01:00:00,2,7.809,7.766533
2018-05-03,2018-05-03 02:00:00,3,8.231,7.7672386
2018-05-03,2018-05-03 03:00:00,4,8.723,7.6262026
2018-05-03,2018-05-03 04:00:00,5,8.582,7.5494213
2018-05-03,2018-05-03 05:00:00,6,8.371,7.5306716
2018-05-03,2018-05-03 06:00:00,7,8.653,7.628334
2018-05-03,2018-05-03 07:00:00,8,9.638,7.7864084
2018-05-03,2018-05-03 08:00:00,9,9.919,7.9260817
2018-05-03,2018-05-03 09:00:00,10,9.708,8.022154
2018-05-03,2018-05-03 10:00:00,11,9.497,8.095768
2018-05-03,2018-05-03 11:00:00,12,9.215,8.183206
2018-05-03,2018-05-03 12:00:00,13,9.778,8.390062
2018-05-03,2018-05-03 13:00:00,14,10.622,8.589206
2018-05-03,2018-05-03 14:00:00,15,12.029,8.908588
2018-05-03,2018-05-03 15:00:00,16,12.944,9.298061
2018-05-03,2018-05-03 16:00:00,17,13.858,9.450487
2018-05-03,2018-05-03 17:00:00,18,12.944,9.424524
2018-05-03,2018-05-03 18:00:00,19,13.296,9.116585
2018-05-03,2018-05-03 19:00:00,20,11.537,8.720608
2018-05-03,2018-05-03 20:00:00,21,11.396,8.493948
2018-05-03,2018-05-03 21:00:00,22,11.326,8.3909
2018-05-03,2018-05-03 22:00:00,23,10.974,8.260359
2018-05-03,2018-05-03 23:00:00,24,10.904,8.147017
2018-05-04,2018-05-04 00:00:00,1,10.411,10.888547
2018-05-04,2018-05-04 01:00:00,2,10.341,10.974254
2018-05-04,2018-05-04 02:00:00,3,10.13,11.005175
2018-05-04,2018-05-04 03:00:00,4,10.06,10.8256235
2018-05-04,2018-05-04 04:00:00,5,10.2,10.722534
2018-05-04,2018-05-04 05:00:00,6,10.271,10.737712
2018-05-04,2018-05-04 06:00:00,7,10.2,10.879128
2018-05-04,2018-05-04 07:00:00,8,11.044,11.091602
2018-05-04,2018-05-04 08:00:00,9,11.537,11.284559
2018-05-04,2018-05-04 09:00:00,10,10.974,11.414324
2018-05-04,2018-05-04 10:00:00,11,11.326,11.554584
2018-05-04,2018-05-04 11:00:00,12,12.029,11.687791
2018-05-04,2018-05-04 12:00:00,13,12.311,12.00024
2018-05-04,2018-05-04 13:00:00,14,13.155,12.243259
2018-05-04,2018-05-04 14:00:00,15,14.21,12.573304
2018-05-04,2018-05-04 15:00:00,16,14.491,12.932871
2018-05-04,2018-05-04 16:00:00,17,15.547,13.378976
2018-05-04,2018-05-04 17:00:00,18,13.788,13.023159
2018-05-04,2018-05-04 18:00:00,19,13.507,12.542807
2018-05-04,2018-05-04 19:00:00,20,12.662,11.947937
2018-05-04,2018-05-04 20:00:00,21,12.662,11.532844
2018-05-04,2018-05-04 21:00:00,22,12.662,11.317477
2018-05-04,2018-05-04 22:00:00,23,12.451,11.113403
2018-05-04,2018-05-04 23:00:00,24,12.522,10.991525
2018-05-05,2018-05-05 00:00:00,1,11.959,12.493753
2018-05-05,2018-05-05 01:00:00,2,12.24,12.555311
2018-05-05,2018-05-05 02:00:00,3,12.1,12.477829
2018-05-05,2018-05-05 03:00:00,4,11.889,12.312723
2018-05-05,2018-05-05 04:00:00,5,11.467,12.258172
2018-05-05,2018-05-05 05:00:00,6,8.723,12.354809
2018-05-05,2018-05-05 06:00:00,7,10.833,12.537075
2018-05-05,2018-05-05 07:00:00,8,7.316,12.841201
2018-05-05,2018-05-05 08:00:00,9,9.708,13.072454
2018-05-05,2018-05-05 09:00:00,10,6.683,13.161871
2018-05-05,2018-05-05 10:00:00,11,8.864,13.307551
2018-05-05,2018-05-05 11:00:00,12,10.13,13.403439
2018-05-05,2018-05-05 12:00:00,13,11.044,13.703453
2018-05-05,2018-05-05 13:00:00,14,11.185,14.068247
2018-05-05,2018-05-05 14:00:00,15,11.044,14.5732565
2018-05-05,2018-05-05 15:00:00,16,11.326,15.123135
2018-05-05,2018-05-05 16:00:00,17,11.607,15.576553
2018-05-05,2018-05-05 17:00:00,18,11.607,15.028643
2018-05-05,2018-05-05 18:00:00,19,11.537,14.397697
2018-05-05,2018-05-05 19:00:00,20,11.537,13.673279
2018-05-05,2018-05-05 20:00:00,21,11.818,13.253096
2018-05-05,2018-05-05 21:00:00,22,11.537,13.017225
2018-05-05,2018-05-05 22:00:00,23,11.678,12.89404
2018-05-05,2018-05-05 23:00:00,24,11.748,12.785486
2018-05-06,2018-05-06 00:00:00,1,11.748,11.545422
2018-05-06,2018-05-06 01:00:00,2,12.029,11.534132
2018-05-06,2018-05-06 02:00:00,3,12.24,11.469477
2018-05-06,2018-05-06 03:00:00,4,12.24,11.413221
2018-05-06,2018-05-06 04:00:00,5,11.818,11.329226
2018-05-06,2018-05-06 05:00:00,6,12.451,11.292388
2018-05-06,2018-05-06 06:00:00,7,12.24,11.305891
2018-05-06,2018-05-06 07:00:00,8,12.381,11.280357
2018-05-06,2018-05-06 08:00:00,9,12.029,11.315147
2018-05-06,2018-05-06 09:00:00,10,10.693,11.31912
2018-05-06,2018-05-06 10:00:00,11,11.889,11.460072
2018-05-06,2018-05-06 11:00:00,12,10.904,11.564719
2018-05-06,2018-05-06 12:00:00,13,7.105,11.77715
2018-05-06,2018-05-06 13:00:00,14,8.934,11.907295
2018-05-06,2018-05-06 14:00:00,15,9.286,12.09165
2018-05-06,2018-05-06 15:00:00,16,9.075,12.322148
2018-05-06,2018-05-06 16:00:00,17,9.567,12.502777
2018-05-06,2018-05-06 17:00:00,18,7.668,12.347963
2018-05-06,2018-05-06 18:00:00,19,9.567,12.11954
2018-05-06,2018-05-06 19:00:00,20,8.934,11.951198
2018-05-06,2018-05-06 20:00:00,21,5.698,11.813889
2018-05-06,2018-05-06 21:00:00,22,8.02,11.738184
2018-05-06,2018-05-06 22:00:00,23,7.457,11.687181
2018-05-06,2018-05-06 23:00:00,24,7.597,11.638902
2018-05-07,2018-05-07 00:00:00,1,7.949,7.7160306
2018-05-07,2018-05-07 01:00:00,2,7.457,7.796953
2018-05-07,2018-05-07 02:00:00,3,7.457,7.901368
2018-05-07,2018-05-07 03:00:00,4,7.668,8.001247
2018-05-07,2018-05-07 04:00:00,5,8.09,8.113327
2018-05-07,2018-05-07 05:00:00,6,8.442,8.188011
2018-05-07,2018-05-07 06:00:00,7,8.653,8.282667
2018-05-07,2018-05-07 07:00:00,8,8.512,8.212824
2018-05-07,2018-05-07 08:00:00,9,8.301,8.08853
2018-05-07,2018-05-07 09:00:00,10,7.949,7.868882
2018-05-07,2018-05-07 10:00:00,11,8.16,7.634387
2018-05-07,2018-05-07 11:00:00,12,8.231,7.395259
2018-05-07,2018-05-07 12:00:00,13,8.723,7.1844277
2018-05-07,2018-05-07 13:00:00,14,8.231,7.063893
2018-05-07,2018-05-07 14:00:00,15,8.16,7.197911
2018-05-07,2018-05-07 15:00:00,16,7.738,7.322212
2018-05-07,2018-05-07 16:00:00,17,7.386,8.006405
2018-05-07,2018-05-07 17:00:00,18,7.316,7.9869676
2018-05-07,2018-05-07 18:00:00,19,7.738,7.9474125
2018-05-07,2018-05-07 19:00:00,20,8.723,7.8164473
2018-05-07,2018-05-07 20:00:00,21,8.864,7.6555877
2018-05-07,2018-05-07 21:00:00,22,9.075,7.6671114
2018-05-07,2018-05-07 22:00:00,23,8.442,7.642687
2018-05-07,2018-05-07 23:00:00,24,8.301,7.6267533
2018-05-08,2018-05-08 00:00:00,1,8.512,8.439928
2018-05-08,2018-05-08 01:00:00,2,8.02,8.395599
2018-05-08,2018-05-08 02:00:00,3,7.738,8.405905
2018-05-08,2018-05-08 03:00:00,4,7.246,8.418632
2018-05-08,2018-05-08 04:00:00,5,7.105,8.441201
2018-05-08,2018-05-08 05:00:00,6,7.597,8.507639
2018-05-08,2018-05-08 06:00:00,7,8.301,8.580956
2018-05-08,2018-05-08 07:00:00,8,6.964,8.598907
2018-05-08,2018-05-08 08:00:00,9,7.457,8.605455
2018-05-08,2018-05-08 09:00:00,10,7.809,8.576574
2018-05-08,2018-05-08 10:00:00,11,8.301,8.558991
2018-05-08,2018-05-08 11:00:00,12,8.582,8.554676
2018-05-08,2018-05-08 12:00:00,13,8.934,8.587783
2018-05-08,2018-05-08 13:00:00,14,10.13,8.568423
2018-05-08,2018-05-08 14:00:00,15,10.411,8.577689
2018-05-08,2018-05-08 15:00:00,16,11.889,8.5699215
2018-05-08,2018-05-08 16:00:00,17,12.592,8.608225
2018-05-08,2018-05-08 17:00:00,18,12.311,8.591709
2018-05-08,2018-05-08 18:00:00,19,11.748,8.667554
2018-05-08,2018-05-08 19:00:00,20,10.622,8.710286
2018-05-08,2018-05-08 20:00:00,21,10.2,8.68174
2018-05-08,2018-05-08 21:00:00,22,9.497,8.673669
2018-05-08,2018-05-08 22:00:00,23,9.708,8.620872
2018-05-08,2018-05-08 23:00:00,24,9.075,8.5887985
2018-05-09,2018-05-09 00:00:00,1,8.582,8.889635
2018-05-09,2018-05-09 01:00:00,2,8.231,8.746617
2018-05-09,2018-05-09 02:00:00,3,8.16,8.61133
2018-05-09,2018-05-09 03:00:00,4,7.809,8.448685
2018-05-09,2018-05-09 04:00:00,5,7.175,8.34435
2018-05-09,2018-05-09 05:00:00,6,7.035,8.333831
2018-05-09,2018-05-09 06:00:00,7,7.035,8.438644
2018-05-09,2018-05-09 07:00:00,8,7.879,8.622044
2018-05-09,2018-05-09 08:00:00,9,8.231,8.861841
2018-05-09,2018-05-09 09:00:00,10,8.231,8.967195
2018-05-09,2018-05-09 10:00:00,11,8.582,9.185909
2018-05-09,2018-05-09 11:00:00,12,9.075,9.484094
2018-05-09,2018-05-09 12:00:00,13,9.567,9.941358
2018-05-09,2018-05-09 13:00:00,14,10.341,10.520389
2018-05-09,2018-05-09 14:00:00,15,11.607,11.251108
2018-05-09,2018-05-09 15:00:00,16,12.381,11.83353
2018-05-09,2018-05-09 16:00:00,17,12.662,12.094094
2018-05-09,2018-05-09 17:00:00,18,12.874,11.844114
2018-05-09,2018-05-09 18:00:00,19,12.24,11.412388
2018-05-09,2018-05-09 19:00:00,20,11.607,10.918877
2018-05-09,2018-05-09 20:00:00,21,10.763,10.637691
2018-05-09,2018-05-09 21:00:00,22,9.708,10.363923
2018-05-09,2018-05-09 22:00:00,23,9.426,10.093471
2018-05-09,2018-05-09 23:00:00,24,8.723,9.818864
2018-05-10,2018-05-10 00:00:00,1,7.949,8.355209
2018-05-10,2018-05-10 01:00:00,2,7.668,8.192832
2018-05-10,2018-05-10 02:00:00,3,7.316,8.069962
2018-05-10,2018-05-10 03:00:00,4,6.753,7.8364744
2018-05-10,2018-05-10 04:00:00,5,6.331,7.6421747
2018-05-10,2018-05-10 05:00:00,6,6.12,7.4927588
2018-05-10,2018-05-10 06:00:00,7,6.05,7.5329547
2018-05-10,2018-05-10 07:00:00,8,6.402,7.811199
2018-05-10,2018-05-10 08:00:00,9,6.613,8.025134
2018-05-10,2018-05-10 09:00:00,10,6.683,8.195359
2018-05-10,2018-05-10 10:00:00,11,7.457,8.501063
2018-05-10,2018-05-10 11:00:00,12,7.105,8.873147
2018-05-10,2018-05-10 12:00:00,13,8.16,9.424278
2018-05-10,2018-05-10 13:00:00,14,8.512,10.113411
2018-05-10,2018-05-10 14:00:00,15,9.638,10.997308
2018-05-10,2018-05-10 15:00:00,16,10.13,11.610671
2018-05-10,2018-05-10 16:00:00,17,10.06,12.103435
2018-05-10,2018-05-10 17:00:00,18,9.919,11.904719
2018-05-10,2018-05-10 18:00:00,19,9.567,11.414704
2018-05-10,2018-05-10 19:00:00,20,9.286,10.684021
2018-05-10,2018-05-10 20:00:00,21,8.582,10.021195
2018-05-10,2018-05-10 21:00:00,22,8.231,9.546079
2018-05-10,2018-05-10 22:00:00,23,8.371,9.211486
2018-05-10,2018-05-10 23:00:00,24,7.949,8.887121
2018-05-11,2018-05-11 00:00:00,1,7.809,7.7727976
2018-05-11,2018-05-11 01:00:00,2,7.597,7.780772
2018-05-11,2018-05-11 02:00:00,3,7.809,7.7747455
2018-05-11,2018-05-11 03:00:00,4,7.738,7.6181316
2018-05-11,2018-05-11 04:00:00,5,7.809,7.5395164
2018-05-11,2018-05-11 05:00:00,6,8.301,7.485736
2018-05-11,2018-05-11 06:00:00,7,8.653,7.59696
2018-05-11,2018-05-11 07:00:00,8,8.793,8.019052
2018-05-11,2018-05-11 08:00:00,9,8.723,8.430559
2018-05-11,2018-05-11 09:00:00,10,9.497,8.571889
2018-05-11,2018-05-11 10:00:00,11,10.482,8.840762
2018-05-11,2018-05-11 11:00:00,12,11.044,8.884946
2018-05-11,2018-05-11 12:00:00,13,11.607,9.294403
2018-05-11,2018-05-11 13:00:00,14,12.1,9.899451
2018-05-11,2018-05-11 14:00:00,15,11.256,10.743002
2018-05-11,2018-05-11 15:00:00,16,10.974,11.288173
2018-05-11,2018-05-11 16:00:00,17,11.396,11.728659
2018-05-11,2018-05-11 17:00:00,18,11.115,11.337637
2018-05-11,2018-05-11 18:00:00,19,10.693,11.008443
2018-05-11,2018-05-11 19:00:00,20,10.763,10.587839
2018-05-11,2018-05-11 20:00:00,21,11.467,10.276961
2018-05-11,2018-05-11 21:00:00,22,11.396,10.045358
2018-05-11,2018-05-11 22:00:00,23,11.889,9.866683
2018-05-11,2018-05-11 23:00:00,24,11.889,9.683648
2018-05-12,2018-05-12 00:00:00,1,11.818,11.6444
2018-05-12,2018-05-12 01:00:00,2,11.467,11.563371
2018-05-12,2018-05-12 02:00:00,3,11.607,11.452649
2018-05-12,2018-05-12 03:00:00,4,9.849,11.334748
2018-05-12,2018-05-12 04:00:00,5,8.371,11.3792515
2018-05-12,2018-05-12 05:00:00,6,10.13,11.522284
2018-05-12,2018-05-12 06:00:00,7,10.763,11.673514
2018-05-12,2018-05-12 07:00:00,8,8.442,11.834476
2018-05-12,2018-05-12 08:00:00,9,8.301,12.070852
2018-05-12,2018-05-12 09:00:00,10,9.778,12.205009
2018-05-12,2018-05-12 10:00:00,11,10.552,12.600441
2018-05-12,2018-05-12 11:00:00,12,10.904,12.898659
2018-05-12,2018-05-12 12:00:00,13,11.044,13.259983
2018-05-12,2018-05-12 13:00:00,14,10.622,13.568265
2018-05-12,2018-05-12 14:00:00,15,10.833,13.884047
2018-05-12,2018-05-12 15:00:00,16,10.693,14.165882
2018-05-12,2018-05-12 16:00:00,17,10.904,14.249266
2018-05-12,2018-05-12 17:00:00,18,10.552,13.9209585
2018-05-12,2018-05-12 18:00:00,19,11.115,13.543089
2018-05-12,2018-05-12 19:00:00,20,11.044,13.250685
2018-05-12,2018-05-12 20:00:00,21,10.693,13.013839
2018-05-12,2018-05-12 21:00:00,22,10.271,12.874138
2018-05-12,2018-05-12 22:00:00,23,10.13,12.859782
2018-05-12,2018-05-12 23:00:00,24,10.341,12.841914
2018-05-13,2018-05-13 00:00:00,1,10.482,10.241233
2018-05-13,2018-05-13 01:00:00,2,10.341,10.121484
2018-05-13,2018-05-13 02:00:00,3,9.919,9.980454
2018-05-13,2018-05-13 03:00:00,4,9.989,9.621621
2018-05-13,2018-05-13 04:00:00,5,10.2,9.358339
2018-05-13,2018-05-13 05:00:00,6,9.989,9.390067
2018-05-13,2018-05-13 06:00:00,7,10.271,9.45377
2018-05-13,2018-05-13 07:00:00,8,10.833,9.324801
2018-05-13,2018-05-13 08:00:00,9,10.552,9.3194475
2018-05-13,2018-05-13 09:00:00,10,11.326,9.558663
2018-05-13,2018-05-13 10:00:00,11,11.537,9.829447
2018-05-13,2018-05-13 11:00:00,12,12.381,10.049657
2018-05-13,2018-05-13 12:00:00,13,12.451,10.297906
2018-05-13,2018-05-13 13:00:00,14,13.085,10.517821
2018-05-13,2018-05-13 14:00:00,15,13.366,10.793932
2018-05-13,2018-05-13 15:00:00,16,14.491,11.073238
2018-05-13,2018-05-13 16:00:00,17,15.265,11.233788
2018-05-13,2018-05-13 17:00:00,18,15.547,11.168396
2018-05-13,2018-05-13 18:00:00,19,14.421,10.999214
2018-05-13,2018-05-13 19:00:00,20,13.436,10.76206
2018-05-13,2018-05-13 20:00:00,21,13.296,10.492803
2018-05-13,2018-05-13 21:00:00,22,12.944,10.166112
2018-05-13,2018-05-13 22:00:00,23,12.662,9.95243
2018-05-13,2018-05-13 23:00:00,24,12.522,9.740697
2018-05-14,2018-05-14 00:00:00,1,12.451,12.00529
2018-05-14,2018-05-14 01:00:00,2,12.522,11.793564
2018-05-14,2018-05-14 02:00:00,3,12.733,11.54868
2018-05-14,2018-05-14 03:00:00,4,12.733,11.232031
2018-05-14,2018-05-14 04:00:00,5,12.592,11.028232
2018-05-14,2018-05-14 05:00:00,6,12.451,11.059917
2018-05-14,2018-05-14 06:00:00,7,12.733,11.167971
2018-05-14,2018-05-14 07:00:00,8,12.451,11.259001
2018-05-14,2018-05-14 08:00:00,9,13.225,11.358577
2018-05-14,2018-05-14 09:00:00,10,13.366,11.5493965
2018-05-14,2018-05-14 10:00:00,11,13.718,11.916435
2018-05-14,2018-05-14 11:00:00,12,14.703,12.244086
2018-05-14,2018-05-14 12:00:00,13,13.999,12.5907345
2018-05-14,2018-05-14 13:00:00,14,14.703,13.025233
2018-05-14,2018-05-14 14:00:00,15,15.054,13.43845
2018-05-14,2018-05-14 15:00:00,16,16.813,13.801933
2018-05-14,2018-05-14 16:00:00,17,16.321,13.9376545
2018-05-14,2018-05-14 17:00:00,18,16.602,13.749688
2018-05-14,2018-05-14 18:00:00,19,16.18,13.219648
2018-05-14,2018-05-14 19:00:00,20,15.758,12.563374
2018-05-14,2018-05-14 20:00:00,21,15.336,12.072555
2018-05-14,2018-05-14 21:00:00,22,15.336,11.620067
2018-05-14,2018-05-14 22:00:00,23,14.984,11.306004
2018-05-14,2018-05-14 23:00:00,24,14.703,11.031821
2018-05-15,2018-05-15 00:00:00,1,14.562,14.131057
2018-05-15,2018-05-15 01:00:00,2,14.14,13.937611
2018-05-15,2018-05-15 02:00:00,3,14.491,13.813266
2018-05-15,2018-05-15 03:00:00,4,14.562,13.558039
2018-05-15,2018-05-15 04:00:00,5,14.28,13.273078
2018-05-15,2018-05-15 05:00:00,6,14.14,13.068268
2018-05-15,2018-05-15 06:00:00,7,14.351,13.0268755
2018-05-15,2018-05-15 07:00:00,8,14.562,12.925138
2018-05-15,2018-05-15 08:00:00,9,16.039,12.842593
2018-05-15,2018-05-15 09:00:00,10,16.461,12.776575
2018-05-15,2018-05-15 10:00:00,11,15.195,12.967642
2018-05-15,2018-05-15 11:00:00,12,14.14,13.218178
2018-05-15,2018-05-15 12:00:00,13,15.406,13.430735
2018-05-15,2018-05-15 13:00:00,14,14.421,13.584812
2018-05-15,2018-05-15 14:00:00,15,15.758,13.913847
2018-05-15,2018-05-15 15:00:00,16,16.18,14.315318
2018-05-15,2018-05-15 16:00:00,17,16.883,14.823103
2018-05-15,2018-05-15 17:00:00,18,16.25,14.480696
2018-05-15,2018-05-15 18:00:00,19,17.165,13.917374
2018-05-15,2018-05-15 19:00:00,20,16.883,13.525074
2018-05-15,2018-05-15 20:00:00,21,16.321,13.388728
2018-05-15,2018-05-15 21:00:00,22,15.969,13.236019
2018-05-15,2018-05-15 22:00:00,23,15.898,13.147182
2018-05-15,2018-05-15 23:00:00,24,15.687,13.066341
2018-05-16,2018-05-16 00:00:00,1,15.969,15.447433
2018-05-16,2018-05-16 01:00:00,2,16.25,15.393413
2018-05-16,2018-05-16 02:00:00,3,16.109,15.411728
2018-05-16,2018-05-16 03:00:00,4,16.109,15.399725
2018-05-16,2018-05-16 04:00:00,5,16.25,15.344454
2018-05-16,2018-05-16 05:00:00,6,16.461,15.377178
2018-05-16,2018-05-16 06:00:00,7,16.883,15.533409
2018-05-16,2018-05-16 07:00:00,8,16.672,15.711679
2018-05-16,2018-05-16 08:00:00,9,15.687,15.899269
2018-05-16,2018-05-16 09:00:00,10,14.843,15.960987
2018-05-16,2018-05-16 10:00:00,11,15.336,15.977758
2018-05-16,2018-05-16 11:00:00,12,14.984,15.987112
2018-05-16,2018-05-16 12:00:00,13,14.703,15.996947
2018-05-16,2018-05-16 13:00:00,14,14.984,16.18146
2018-05-16,2018-05-16 14:00:00,15,15.687,16.465961
2018-05-16,2018-05-16 15:00:00,16,16.743,16.773441
2018-05-16,2018-05-16 16:00:00,17,16.109,16.81003
2018-05-16,2018-05-16 17:00:00,18,16.321,16.71983
2018-05-16,2018-05-16 18:00:00,19,15.828,16.616251
2018-05-16,2018-05-16 19:00:00,20,15.547,16.404549
2018-05-16,2018-05-16 20:00:00,21,16.321,16.226498
2018-05-16,2018-05-16 21:00:00,22,16.039,16.013823
2018-05-16,2018-05-16 22:00:00,23,16.672,15.936691
2018-05-16,2018-05-16 23:00:00,24,15.054,15.840384
2018-05-17,2018-05-17 00:00:00,1,16.109,15.393061
2018-05-17,2018-05-17 01:00:00,2,16.602,15.429127
2018-05-17,2018-05-17 02:00:00,3,14.632,15.506038
2018-05-17,2018-05-17 03:00:00,4,12.24,15.52785
2018-05-17,2018-05-17 04:00:00,5,9.708,15.5870495
2018-05-17,2018-05-17 05:00:00,6,8.653,15.6116905
2018-05-17,2018-05-17 06:00:00,7,9.989,15.682512
2018-05-17,2018-05-17 07:00:00,8,10.974,15.604275
2018-05-17,2018-05-17 08:00:00,9,8.09,15.4573965
2018-05-17,2018-05-17 09:00:00,10,11.326,15.298584
2018-05-17,2018-05-17 10:00:00,11,12.381,15.194063
2018-05-17,2018-05-17 11:00:00,12,13.155,15.059877
2018-05-17,2018-05-17 12:00:00,13,12.522,14.984438
2018-05-17,2018-05-17 13:00:00,14,13.014,14.892796
2018-05-17,2018-05-17 14:00:00,15,13.507,15.120545
2018-05-17,2018-05-17 15:00:00,16,13.507,15.386367
2018-05-17,2018-05-17 16:00:00,17,13.999,15.601913
2018-05-17,2018-05-17 17:00:00,18,13.788,15.436164
2018-05-17,2018-05-17 18:00:00,19,14.14,15.360122
2018-05-17,2018-05-17 19:00:00,20,13.788,15.186916
2018-05-17,2018-05-17 20:00:00,21,13.507,15.110886
2018-05-17,2018-05-17 21:00:00,22,13.155,14.984813
2018-05-17,2018-05-17 22:00:00,23,13.436,14.930361
2018-05-17,2018-05-17 23:00:00,24,13.366,14.882257
2018-05-18,2018-05-18 00:00:00,1,12.944,13.150448
2018-05-18,2018-05-18 01:00:00,2,12.944,12.997
2018-05-18,2018-05-18 02:00:00,3,13.366,12.877706
2018-05-18,2018-05-18 03:00:00,4,13.085,12.581473
2018-05-18,2018-05-18 04:00:00,5,13.085,12.279148
2018-05-18,2018-05-18 05:00:00,6,12.803,12.266348
2018-05-18,2018-05-18 06:00:00,7,13.014,12.393244
2018-05-18,2018-05-18 07:00:00,8,12.944,12.322044
2018-05-18,2018-05-18 08:00:00,9,12.874,12.156935
2018-05-18,2018-05-18 09:00:00,10,12.522,12.372666
2018-05-18,2018-05-18 10:00:00,11,12.522,12.719211
2018-05-18,2018-05-18 11:00:00,12,12.733,12.796165
2018-05-18,2018-05-18 12:00:00,13,12.803,12.661795
2018-05-18,2018-05-18 13:00:00,14,12.592,12.834002
2018-05-18,2018-05-18 14:00:00,15,12.874,13.145012
2018-05-18,2018-05-18 15:00:00,16,12.733,13.332472
2018-05-18,2018-05-18 16:00:00,17,9.426,12.934572
2018-05-18,2018-05-18 17:00:00,18,8.09,12.856488
2018-05-18,2018-05-18 18:00:00,19,6.331,12.792109
2018-05-18,2018-05-18 19:00:00,20,5.346,12.520522
2018-05-18,2018-05-18 20:00:00,21,6.402,12.237967
2018-05-18,2018-05-18 21:00:00,22,8.301,12.072356
2018-05-18,2018-05-18 22:00:00,23,8.653,11.925544
2018-05-18,2018-05-18 23:00:00,24,8.512,11.775493
2018-05-19,2018-05-19 00:00:00,1,8.512,8.634802
2018-05-19,2018-05-19 01:00:00,2,8.512,8.540059
2018-05-19,2018-05-19 02:00:00,3,8.231,8.360696
2018-05-19,2018-05-19 03:00:00,4,8.512,8.030862
2018-05-19,2018-05-19 04:00:00,5,7.809,7.823054
2018-05-19,2018-05-19 05:00:00,6,7.738,7.959939
2018-05-19,2018-05-19 06:00:00,7,7.738,8.007494
2018-05-19,2018-05-19 07:00:00,8,7.949,7.8328505
2018-05-19,2018-05-19 08:00:00,9,7.879,7.7611694
2018-05-19,2018-05-19 09:00:00,10,7.105,8.056794
2018-05-19,2018-05-19 10:00:00,11,7.597,8.472435
2018-05-19,2018-05-19 11:00:00,12,7.457,8.714718
2018-05-19,2018-05-19 12:00:00,13,7.809,8.763207
2018-05-19,2018-05-19 13:00:00,14,7.879,8.707731
2018-05-19,2018-05-19 14:00:00,15,8.02,8.631762
2018-05-19,2018-05-19 15:00:00,16,7.668,8.441498
2018-05-19,2018-05-19 16:00:00,17,7.457,8.023319
2018-05-19,2018-05-19 17:00:00,18,7.035,7.9040384
2018-05-19,2018-05-19 18:00:00,19,7.175,7.993017
2018-05-19,2018-05-19 19:00:00,20,7.035,8.227801
2018-05-19,2018-05-19 20:00:00,21,6.894,8.352442
2018-05-19,2018-05-19 21:00:00,22,7.386,8.404669
2018-05-19,2018-05-19 22:00:00,23,7.316,8.391433
2018-05-19,2018-05-19 23:00:00,24,7.105,8.417155
2018-05-20,2018-05-20 00:00:00,1,7.105,7.307765
2018-05-20,2018-05-20 01:00:00,2,7.105,7.2876787
2018-05-20,2018-05-20 02:00:00,3,6.964,7.2879972
2018-05-20,2018-05-20 03:00:00,4,6.753,7.215902
2018-05-20,2018-05-20 04:00:00,5,6.824,7.168346
2018-05-20,2018-05-20 05:00:00,6,6.824,7.18569
2018-05-20,2018-05-20 06:00:00,7,6.753,7.228899
2018-05-20,2018-05-20 07:00:00,8,6.824,7.2122107
2018-05-20,2018-05-20 08:00:00,9,7.105,7.148172
2018-05-20,2018-05-20 09:00:00,10,7.246,7.1150165
2018-05-20,2018-05-20 10:00:00,11,7.386,7.167859
2018-05-20,2018-05-20 11:00:00,12,7.175,7.250533
2018-05-20,2018-05-20 12:00:00,13,6.964,7.3336186
2018-05-20,2018-05-20 13:00:00,14,6.824,7.379307
2018-05-20,2018-05-20 14:00:00,15,6.683,7.5231533
2018-05-20,2018-05-20 15:00:00,16,6.331,7.543108
2018-05-20,2018-05-20 16:00:00,17,6.542,7.4340696
2018-05-20,2018-05-20 17:00:00,18,4.362,7.2781916
2018-05-20,2018-05-20 18:00:00,19,5.557,7.196958
2018-05-20,2018-05-20 19:00:00,20,5.628,7.071948
2018-05-20,2018-05-20 20:00:00,21,5.979,7.06557
2018-05-20,2018-05-20 21:00:00,22,5.698,7.098609
2018-05-20,2018-05-20 22:00:00,23,5.909,7.127351
2018-05-20,2018-05-20 23:00:00,24,5.768,7.1356535
2018-05-21,2018-05-21 00:00:00,1,5.698,6.070287
2018-05-21,2018-05-21 01:00:00,2,5.417,6.058646
2018-05-21,2018-05-21 02:00:00,3,5.768,6.0542417
2018-05-21,2018-05-21 03:00:00,4,5.628,5.9913845
2018-05-21,2018-05-21 04:00:00,5,5.698,5.9976845
2018-05-21,2018-05-21 05:00:00,6,6.05,6.021903
2018-05-21,2018-05-21 06:00:00,7,5.909,6.046883
2018-05-21,2018-05-21 07:00:00,8,5.979,6.107492
2018-05-21,2018-05-21 08:00:00,9,6.05,6.136414
2018-05-21,2018-05-21 09:00:00,10,6.472,6.1606593
2018-05-21,2018-05-21 10:00:00,11,6.402,6.1508284
2018-05-21,2018-05-21 11:00:00,12,6.402,6.090801
2018-05-21,2018-05-21 12:00:00,13,6.753,6.0796347
2018-05-21,2018-05-21 13:00:00,14,7.105,6.0335097
2018-05-21,2018-05-21 14:00:00,15,7.175,5.9823303
2018-05-21,2018-05-21 15:00:00,16,7.316,5.8685203
2018-05-21,2018-05-21 16:00:00,17,5.628,5.697505
2018-05-21,2018-05-21 17:00:00,18,4.432,5.4475207
2018-05-21,2018-05-21 18:00:00,19,6.472,5.538011
2018-05-21,2018-05-21 19:00:00,20,6.472,5.6272635
2018-05-21,2018-05-21 20:00:00,21,6.894,5.749783
2018-05-21,2018-05-21 21:00:00,22,6.613,5.8392754
2018-05-21,2018-05-21 22:00:00,23,6.894,5.867812
2018-05-21,2018-05-21 23:00:00,24,6.683,5.9117527
2018-05-22,2018-05-22 00:00:00,1,6.964,6.577139
2018-05-22,2018-05-22 01:00:00,2,7.316,6.528791
2018-05-22,2018-05-22 02:00:00,3,7.457,6.522882
2018-05-22,2018-05-22 03:00:00,4,7.879,6.4244876
2018-05-22,2018-05-22 04:00:00,5,8.301,6.404369
2018-05-22,2018-05-22 05:00:00,6,9.004,6.495253
2018-05-22,2018-05-22 06:00:00,7,9.145,6.576116
2018-05-22,2018-05-22 07:00:00,8,7.457,6.6556597
2018-05-22,2018-05-22 08:00:00,9,6.824,6.803116
2018-05-22,2018-05-22 09:00:00,10,6.683,7.007535
2018-05-22,2018-05-22 10:00:00,11,6.402,7.1248126
2018-05-22,2018-05-22 11:00:00,12,3.728,7.1970534
2018-05-22,2018-05-22 12:00:00,13,4.15,7.2591577
2018-05-22,2018-05-22 13:00:00,14,6.542,7.3430667
2018-05-22,2018-05-22 14:00:00,15,6.964,7.449285
2018-05-22,2018-05-22 15:00:00,16,6.261,7.4045177
2018-05-22,2018-05-22 16:00:00,17,6.12,7.3894453
2018-05-22,2018-05-22 17:00:00,18,6.894,7.1065245
2018-05-22,2018-05-22 18:00:00,19,6.261,7.2397623
2018-05-22,2018-05-22 19:00:00,20,7.035,7.3016253
2018-05-22,2018-05-22 20:00:00,21,7.527,7.370475
2018-05-22,2018-05-22 21:00:00,22,7.738,7.369388
2018-05-22,2018-05-22 22:00:00,23,7.809,7.4475026
2018-05-22,2018-05-22 23:00:00,24,6.753,7.381296
2018-05-23,2018-05-23 00:00:00,1,7.105,6.9884644
2018-05-23,2018-05-23 01:00:00,2,6.613,7.0235987
2018-05-23,2018-05-23 02:00:00,3,6.824,7.0959063
2018-05-23,2018-05-23 03:00:00,4,6.472,7.1219397
2018-05-23,2018-05-23 04:00:00,5,7.597,7.198638
2018-05-23,2018-05-23 05:00:00,6,6.894,7.337727
2018-05-23,2018-05-23 06:00:00,7,7.668,7.4224787
2018-05-23,2018-05-23 07:00:00,8,9.215,7.356928
2018-05-23,2018-05-23 08:00:00,9,9.849,7.3064985
2018-05-23,2018-05-23 09:00:00,10,9.004,7.3445134
2018-05-23,2018-05-23 10:00:00,11,9.286,7.3054867
2018-05-23,2018-05-23 11:00:00,12,9.567,7.2328033
2018-05-23,2018-05-23 12:00:00,13,9.215,7.373456
2018-05-23,2018-05-23 13:00:00,14,9.215,7.618745
2018-05-23,2018-05-23 14:00:00,15,10.482,7.794181
2018-05-23,2018-05-23 15:00:00,16,11.959,7.871024
2018-05-23,2018-05-23 16:00:00,17,11.678,7.7643423
2018-05-23,2018-05-23 17:00:00,18,11.678,7.6407046
2018-05-23,2018-05-23 18:00:00,19,11.467,7.8040853
2018-05-23,2018-05-23 19:00:00,20,9.919,7.9337144
2018-05-23,2018-05-23 20:00:00,21,9.497,8.065779
2018-05-23,2018-05-23 21:00:00,22,9.426,8.152874
2018-05-23,2018-05-23 22:00:00,23,9.286,8.201357
2018-05-23,2018-05-23 23:00:00,24,8.793,8.208221
2018-05-24,2018-05-24 00:00:00,1,8.442,8.8278885
2018-05-24,2018-05-24 01:00:00,2,8.723,8.816155
2018-05-24,2018-05-24 02:00:00,3,8.371,8.821305
2018-05-24,2018-05-24 03:00:00,4,8.301,8.874491
2018-05-24,2018-05-24 04:00:00,5,8.231,8.957026
2018-05-24,2018-05-24 05:00:00,6,8.16,9.02128
2018-05-24,2018-05-24 06:00:00,7,8.512,9.226654
2018-05-24,2018-05-24 07:00:00,8,9.145,9.523563
2018-05-24,2018-05-24 08:00:00,9,9.286,9.748399
2018-05-24,2018-05-24 09:00:00,10,9.638,10.052117
2018-05-24,2018-05-24 10:00:00,11,8.864,10.354036
2018-05-24,2018-05-24 11:00:00,12,9.567,10.628756
2018-05-24,2018-05-24 12:00:00,13,9.497,10.893221
2018-05-24,2018-05-24 13:00:00,14,9.075,11.218034
2018-05-24,2018-05-24 14:00:00,15,9.778,11.716103
2018-05-24,2018-05-24 15:00:00,16,11.185,12.115629
2018-05-24,2018-05-24 16:00:00,17,10.763,12.114843
2018-05-24,2018-05-24 17:00:00,18,9.919,11.885555
2018-05-24,2018-05-24 18:00:00,19,10.341,11.572859
2018-05-24,2018-05-24 19:00:00,20,9.919,11.245562
2018-05-24,2018-05-24 20:00:00,21,9.919,11.024214
2018-05-24,2018-05-24 21:00:00,22,9.426,10.822245
2018-05-24,2018-05-24 22:00:00,23,9.356,10.666231
2018-05-24,2018-05-24 23:00:00,24,9.215,10.509606
2018-05-25,2018-05-25 00:00:00,1,8.723,9.160889
2018-05-25,2018-05-25 01:00:00,2,8.512,9.133673
2018-05-25,2018-05-25 02:00:00,3,8.653,9.122677
2018-05-25,2018-05-25 03:00:00,4,7.738,9.090752
2018-05-25,2018-05-25 04:00:00,5,8.512,9.13184
2018-05-25,2018-05-25 05:00:00,6,9.004,9.146809
2018-05-25,2018-05-25 06:00:00,7,9.145,9.31217
2018-05-25,2018-05-25 07:00:00,8,9.426,9.585783
2018-05-25,2018-05-25 08:00:00,9,9.145,9.78228
2018-05-25,2018-05-25 09:00:00,10,9.778,9.940461
2018-05-25,2018-05-25 10:00:00,11,9.919,10.053281
2018-05-25,2018-05-25 11:00:00,12,9.426,10.2835245
2018-05-25,2018-05-25 12:00:00,13,9.215,10.4778385
2018-05-25,2018-05-25 13:00:00,14,9.215,10.616798
2018-05-25,2018-05-25 14:00:00,15,8.864,10.957686
2018-05-25,2018-05-25 15:00:00,16,8.653,11.643334
2018-05-25,2018-05-25 16:00:00,17,8.512,11.47428
2018-05-25,2018-05-25 17:00:00,18,8.864,11.294185
2018-05-25,2018-05-25 18:00:00,19,5.979,11.185741
2018-05-25,2018-05-25 19:00:00,20,6.824,10.985479
2018-05-25,2018-05-25 20:00:00,21,5.768,10.831902
2018-05-25,2018-05-25 21:00:00,22,6.261,10.690065
2018-05-25,2018-05-25 22:00:00,23,5.698,10.601339
2018-05-25,2018-05-25 23:00:00,24,6.261,10.524872
2018-05-26,2018-05-26 00:00:00,1,7.527,6.4731894
2018-05-26,2018-05-26 01:00:00,2,8.09,6.559713
2018-05-26,2018-05-26 02:00:00,3,7.457,6.639386
2018-05-26,2018-05-26 03:00:00,4,7.527,6.675808
2018-05-26,2018-05-26 04:00:00,5,8.231,6.800218
2018-05-26,2018-05-26 05:00:00,6,8.512,6.9703007
2018-05-26,2018-05-26 06:00:00,7,8.512,7.1599636
2018-05-26,2018-05-26 07:00:00,8,8.371,7.2974815
2018-05-26,2018-05-26 08:00:00,9,7.597,7.431307
2018-05-26,2018-05-26 09:00:00,10,8.442,7.5747447
2018-05-26,2018-05-26 10:00:00,11,8.16,7.6635637
2018-05-26,2018-05-26 11:00:00,12,8.301,7.7365866
2018-05-26,2018-05-26 12:00:00,13,8.723,7.8092003
2018-05-26,2018-05-26 13:00:00,14,9.426,7.899514
2018-05-26,2018-05-26 14:00:00,15,9.215,8.074537
2018-05-26,2018-05-26 15:00:00,16,9.356,8.2636
2018-05-26,2018-05-26 16:00:00,17,9.426,8.081342
2018-05-26,2018-05-26 17:00:00,18,9.075,7.9443846
2018-05-26,2018-05-26 18:00:00,19,8.864,7.850544
2018-05-26,2018-05-26 19:00:00,20,8.934,7.773927
2018-05-26,2018-05-26 20:00:00,21,8.371,7.7545247
2018-05-26,2018-05-26 21:00:00,22,9.426,7.7125335
2018-05-26,2018-05-26 22:00:00,23,8.864,7.6598444
2018-05-26,2018-05-26 23:00:00,24,9.004,7.6193104
2018-05-27,2018-05-27 00:00:00,1,8.371,8.934316
2018-05-27,2018-05-27 01:00:00,2,8.864,8.974946
2018-05-27,2018-05-27 02:00:00,3,9.426,8.896012
2018-05-27,2018-05-27 03:00:00,4,9.215,8.846695
2018-05-27,2018-05-27 04:00:00,5,9.426,8.906717
2018-05-27,2018-05-27 05:00:00,6,9.356,8.997027
2018-05-27,2018-05-27 06:00:00,7,9.919,9.06776
2018-05-27,2018-05-27 07:00:00,8,9.778,9.117079
2018-05-27,2018-05-27 08:00:00,9,9.286,9.074904
2018-05-27,2018-05-27 09:00:00,10,9.567,9.205692
2018-05-27,2018-05-27 10:00:00,11,9.567,9.241222
2018-05-27,2018-05-27 11:00:00,12,9.215,9.215209
2018-05-27,2018-05-27 12:00:00,13,10.13,9.220325
2018-05-27,2018-05-27 13:00:00,14,10.763,9.294142
2018-05-27,2018-05-27 14:00:00,15,10.622,9.359265
2018-05-27,2018-05-27 15:00:00,16,11.537,9.433858
2018-05-27,2018-05-27 16:00:00,17,11.607,9.513344
2018-05-27,2018-05-27 17:00:00,18,11.326,9.45296
2018-05-27,2018-05-27 18:00:00,19,11.467,9.3037815
2018-05-27,2018-05-27 19:00:00,20,10.482,9.197297
2018-05-27,2018-05-27 20:00:00,21,10.13,9.179372
2018-05-27,2018-05-27 21:00:00,22,9.919,9.237862
2018-05-27,2018-05-27 22:00:00,23,9.849,9.192152
2018-05-27,2018-05-27 23:00:00,24,10.2,9.228168
2018-05-28,2018-05-28 00:00:00,1,10.06,10.042237
2018-05-28,2018-05-28 01:00:00,2,10.13,10.110968
2018-05-28,2018-05-28 02:00:00,3,10.13,10.171743
2018-05-28,2018-05-28 03:00:00,4,9.919,10.180769
2018-05-28,2018-05-28 04:00:00,5,9.708,10.256187
2018-05-28,2018-05-28 05:00:00,6,9.919,10.306958
2018-05-28,2018-05-28 06:00:00,7,10.2,10.476758
2018-05-28,2018-05-28 07:00:00,8,10.974,10.626174
2018-05-28,2018-05-28 08:00:00,9,10.482,10.679673
2018-05-28,2018-05-28 09:00:00,10,10.411,10.744638
2018-05-28,2018-05-28 10:00:00,11,10.271,10.772364
2018-05-28,2018-05-28 11:00:00,12,10.693,10.875667
2018-05-28,2018-05-28 12:00:00,13,10.552,11.059388
2018-05-28,2018-05-28 13:00:00,14,10.693,11.317119
2018-05-28,2018-05-28 14:00:00,15,11.326,11.739497
2018-05-28,2018-05-28 15:00:00,16,11.959,12.170859
2018-05-28,2018-05-28 16:00:00,17,11.537,11.8686495
2018-05-28,2018-05-28 17:00:00,18,11.467,11.622687
2018-05-28,2018-05-28 18:00:00,19,11.256,11.4009695
2018-05-28,2018-05-28 19:00:00,20,11.115,11.124686
2018-05-28,2018-05-28 20:00:00,21,10.763,10.950959
2018-05-28,2018-05-28 21:00:00,22,10.693,10.905084
2018-05-28,2018-05-28 22:00:00,23,10.763,10.816819
2018-05-28,2018-05-28 23:00:00,24,10.552,10.770537
2018-05-29,2018-05-29 00:00:00,1,10.622,10.4004755
2018-05-29,2018-05-29 01:00:00,2,10.482,10.416606
2018-05-29,2018-05-29 02:00:00,3,10.482,10.433755
2018-05-29,2018-05-29 03:00:00,4,10.693,10.31991
2018-05-29,2018-05-29 04:00:00,5,10.833,10.21681
2018-05-29,2018-05-29 05:00:00,6,10.693,10.189875
2018-05-29,2018-05-29 06:00:00,7,10.763,10.445537
2018-05-29,2018-05-29 07:00:00,8,10.693,10.582598
2018-05-29,2018-05-29 08:00:00,9,11.678,10.498371
2018-05-29,2018-05-29 09:00:00,10,11.748,10.56196
2018-05-29,2018-05-29 10:00:00,11,11.818,10.59786
2018-05-29,2018-05-29 11:00:00,12,11.889,10.621471
2018-05-29,2018-05-29 12:00:00,13,12.029,10.684177
2018-05-29,2018-05-29 13:00:00,14,11.818,10.848822
2018-05-29,2018-05-29 14:00:00,15,12.381,11.156425
2018-05-29,2018-05-29 15:00:00,16,11.607,11.506386
2018-05-29,2018-05-29 16:00:00,17,11.326,11.347405
2018-05-29,2018-05-29 17:00:00,18,11.607,11.183039
2018-05-29,2018-05-29 18:00:00,19,10.904,11.02874
2018-05-29,2018-05-29 19:00:00,20,10.763,10.826501
2018-05-29,2018-05-29 20:00:00,21,10.341,10.66753
2018-05-29,2018-05-29 21:00:00,22,9.638,10.648976
2018-05-29,2018-05-29 22:00:00,23,10.411,10.63392
2018-05-29,2018-05-29 23:00:00,24,10.13,10.582609
2018-05-30,2018-05-30 00:00:00,1,9.919,10.223077
2018-05-30,2018-05-30 01:00:00,2,10.13,10.227004
2018-05-30,2018-05-30 02:00:00,3,9.778,10.239959
2018-05-30,2018-05-30 03:00:00,4,10.2,10.261237
2018-05-30,2018-05-30 04:00:00,5,9.778,10.2878275
2018-05-30,2018-05-30 05:00:00,6,9.145,10.339295
2018-05-30,2018-05-30 06:00:00,7,9.989,10.519139
2018-05-30,2018-05-30 07:00:00,8,10.552,10.68999
2018-05-30,2018-05-30 08:00:00,9,10.904,10.82361
2018-05-30,2018-05-30 09:00:00,10,11.467,10.925297
2018-05-30,2018-05-30 10:00:00,11,11.537,11.021096
2018-05-30,2018-05-30 11:00:00,12,11.607,11.086054
2018-05-30,2018-05-30 12:00:00,13,11.678,11.173615
2018-05-30,2018-05-30 13:00:00,14,11.537,11.264828
2018-05-30,2018-05-30 14:00:00,15,11.678,11.432928
2018-05-30,2018-05-30 15:00:00,16,12.029,11.549358
2018-05-30,2018-05-30 16:00:00,17,11.326,11.262148
2018-05-30,2018-05-30 17:00:00,18,11.256,11.025504
2018-05-30,2018-05-30 18:00:00,19,10.552,10.75945
2018-05-30,2018-05-30 19:00:00,20,10.622,10.517451
2018-05-30,2018-05-30 20:00:00,21,10.974,10.394703
2018-05-30,2018-05-30 21:00:00,22,10.341,10.383903
2018-05-30,2018-05-30 22:00:00,23,10.13,10.410881
2018-05-30,2018-05-30 23:00:00,24,9.919,10.341527
2018-05-31,2018-05-31 00:00:00,1,10.411,9.741486
2018-05-31,2018-05-31 01:00:00,2,10.411,9.7451105
2018-05-31,2018-05-31 02:00:00,3,10.411,9.7091875
2018-05-31,2018-05-31 03:00:00,4,10.411,9.684593
2018-05-31,2018-05-31 04:00:00,5,10.411,9.637041
2018-05-31,2018-05-31 05:00:00,6,10.411,9.631914
2018-05-31,2018-05-31 06:00:00,7,10.411,9.811402
2018-05-31,2018-05-31 07:00:00,8,10.411,10.012256
2018-05-31,2018-05-31 08:00:00,9,10.411,10.202613
2018-05-31,2018-05-31 09:00:00,10,10.411,10.379335
2018-05-31,2018-05-31 10:00:00,11,10.411,10.460232
2018-05-31,2018-05-31 11:00:00,12,10.411,10.511515
2018-05-31,2018-05-31 12:00:00,13,10.411,10.578937
2018-05-31,2018-05-31 13:00:00,14,10.411,10.656412
2018-05-31,2018-05-31 14:00:00,15,10.411,10.761955
2018-05-31,2018-05-31 15:00:00,16,10.411,10.826007
2018-05-31,2018-05-31 16:00:00,17,10.411,10.609461
2018-05-31,2018-05-31 17:00:00,18,10.411,10.333734
2018-05-31,2018-05-31 18:00:00,19,10.411,10.043881
2018-05-31,2018-05-31 19:00:00,20,10.411,9.770787
2018-05-31,2018-05-31 20:00:00,21,10.411,9.590224
2018-05-31,2018-05-31 21:00:00,22,10.411,9.457271
2018-05-31,2018-05-31 22:00:00,23,10.411,9.390701
2018-05-31,2018-05-31 23:00:00,24,10.411,9.294504
2018-06-01,2018-06-01 00:00:00,1,8.512,10.446275
2018-06-01,2018-06-01 01:00:00,2,8.512,10.4470625
2018-06-01,2018-06-01 02:00:00,3,8.231,10.447444
2018-06-01,2018-06-01 03:00:00,4,8.301,10.446047
2018-06-01,2018-06-01 04:00:00,5,8.371,10.435171
2018-06-01,2018-06-01 05:00:00,6,8.231,10.444591
2018-06-01,2018-06-01 06:00:00,7,8.582,10.447852
2018-06-01,2018-06-01 07:00:00,8,9.426,10.449944
2018-06-01,2018-06-01 08:00:00,9,10.833,10.448794
2018-06-01,2018-06-01 09:00:00,10,10.482,10.451946
2018-06-01,2018-06-01 10:00:00,11,9.778,10.445198
2018-06-01,2018-06-01 11:00:00,12,9.849,10.448821
2018-06-01,2018-06-01 12:00:00,13,9.919,10.442923
2018-06-01,2018-06-01 13:00:00,14,10.411,10.448454
2018-06-01,2018-06-01 14:00:00,15,10.904,10.453727
2018-06-01,2018-06-01 15:00:00,16,11.678,10.449557
2018-06-01,2018-06-01 16:00:00,17,12.029,10.465589
2018-06-01,2018-06-01 17:00:00,18,11.889,10.429366
2018-06-01,2018-06-01 18:00:00,19,11.326,10.346332
2018-06-01,2018-06-01 19:00:00,20,10.904,10.294899
2018-06-01,2018-06-01 20:00:00,21,10.833,10.318146
2018-06-01,2018-06-01 21:00:00,22,10.482,10.360103
2018-06-01,2018-06-01 22:00:00,23,10.411,10.3732815
2018-06-01,2018-06-01 23:00:00,24,10.271,10.379288
2018-06-02,2018-06-02 00:00:00,1,9.989,10.053488
2018-06-02,2018-06-02 01:00:00,2,9.567,10.068453
2018-06-02,2018-06-02 02:00:00,3,9.215,10.042388
2018-06-02,2018-06-02 03:00:00,4,9.215,10.005041
2018-06-02,2018-06-02 04:00:00,5,8.512,9.992379
2018-06-02,2018-06-02 05:00:00,6,8.934,9.989039
2018-06-02,2018-06-02 06:00:00,7,8.934,10.207879
2018-06-02,2018-06-02 07:00:00,8,8.653,10.519655
2018-06-02,2018-06-02 08:00:00,9,8.723,10.760764
2018-06-02,2018-06-02 09:00:00,10,8.723,10.826729
2018-06-02,2018-06-02 10:00:00,11,9.215,10.770381
2018-06-02,2018-06-02 11:00:00,12,9.638,10.76479
2018-06-02,2018-06-02 12:00:00,13,10.482,10.8604555
2018-06-02,2018-06-02 13:00:00,14,10.2,11.078947
2018-06-02,2018-06-02 14:00:00,15,10.341,11.34112
2018-06-02,2018-06-02 15:00:00,16,10.2,11.549971
2018-06-02,2018-06-02 16:00:00,17,11.115,11.568443
2018-06-02,2018-06-02 17:00:00,18,10.482,11.390533
2018-06-02,2018-06-02 18:00:00,19,10.06,11.08038
2018-06-02,2018-06-02 19:00:00,20,9.567,10.758417
2018-06-02,2018-06-02 20:00:00,21,9.426,10.540464
2018-06-02,2018-06-02 21:00:00,22,9.567,10.39779
2018-06-02,2018-06-02 22:00:00,23,9.849,10.32828
2018-06-02,2018-06-02 23:00:00,24,9.638,10.184616
2018-06-03,2018-06-03 00:00:00,1,9.286,9.401855
2018-06-03,2018-06-03 01:00:00,2,9.497,9.3179035
2018-06-03,2018-06-03 02:00:00,3,9.497,9.252426
2018-06-03,2018-06-03 03:00:00,4,9.638,9.169028
2018-06-03,2018-06-03 04:00:00,5,9.567,9.162461
2018-06-03,2018-06-03 05:00:00,6,9.849,9.183384
2018-06-03,2018-06-03 06:00:00,7,9.567,9.339268
2018-06-03,2018-06-03 07:00:00,8,9.356,9.49916
2018-06-03,2018-06-03 08:00:00,9,9.426,9.586434
2018-06-03,2018-06-03 09:00:00,10,9.638,9.645742
2018-06-03,2018-06-03 10:00:00,11,9.919,9.648996
2018-06-03,2018-06-03 11:00:00,12,10.622,9.711848
2018-06-03,2018-06-03 12:00:00,13,10.693,9.783814
2018-06-03,2018-06-03 13:00:00,14,10.974,9.896399
2018-06-03,2018-06-03 14:00:00,15,12.24,10.164836
2018-06-03,2018-06-03 15:00:00,16,12.662,10.452765
2018-06-03,2018-06-03 16:00:00,17,13.436,10.581915
2018-06-03,2018-06-03 17:00:00,18,13.085,10.269328
2018-06-03,2018-06-03 18:00:00,19,11.678,9.910752
2018-06-03,2018-06-03 19:00:00,20,11.044,9.579847
2018-06-03,2018-06-03 20:00:00,21,10.552,9.3868685
2018-06-03,2018-06-03 21:00:00,22,9.567,9.277312
2018-06-03,2018-06-03 22:00:00,23,9.426,9.170602
2018-06-03,2018-06-03 23:00:00,24,8.723,9.025568
2018-06-04,2018-06-04 00:00:00,1,8.442,8.517536
2018-06-04,2018-06-04 01:00:00,2,9.215,8.480256
2018-06-04,2018-06-04 02:00:00,3,9.426,8.460095
2018-06-04,2018-06-04 03:00:00,4,9.638,8.438726
2018-06-04,2018-06-04 04:00:00,5,9.708,8.476919
2018-06-04,2018-06-04 05:00:00,6,9.426,8.549854
2018-06-04,2018-06-04 06:00:00,7,9.567,8.71872
2018-06-04,2018-06-04 07:00:00,8,9.778,8.948343
2018-06-04,2018-06-04 08:00:00,9,10.763,9.151252
2018-06-04,2018-06-04 09:00:00,10,11.185,9.331894
2018-06-04,2018-06-04 10:00:00,11,11.185,9.463779
2018-06-04,2018-06-04 11:00:00,12,11.185,9.7268715
2018-06-04,2018-06-04 12:00:00,13,11.818,9.987178
2018-06-04,2018-06-04 13:00:00,14,11.678,10.242889
2018-06-04,2018-06-04 14:00:00,15,12.24,10.641683
2018-06-04,2018-06-04 15:00:00,16,12.381,10.961091
2018-06-04,2018-06-04 16:00:00,17,11.607,11.039845
2018-06-04,2018-06-04 17:00:00,18,10.763,10.5622015
2018-06-04,2018-06-04 18:00:00,19,10.06,10.046096
2018-06-04,2018-06-04 19:00:00,20,9.638,9.547651
2018-06-04,2018-06-04 20:00:00,21,9.708,9.268112
2018-06-04,2018-06-04 21:00:00,22,9.849,9.054096
2018-06-04,2018-06-04 22:00:00,23,10.271,8.909537
2018-06-04,2018-06-04 23:00:00,24,10.13,8.754934
2018-06-05,2018-06-05 00:00:00,1,9.919,9.909357
2018-06-05,2018-06-05 01:00:00,2,9.638,9.830159
2018-06-05,2018-06-05 02:00:00,3,9.426,9.784459
2018-06-05,2018-06-05 03:00:00,4,9.708,9.787047
2018-06-05,2018-06-05 04:00:00,5,9.919,9.798505
2018-06-05,2018-06-05 05:00:00,6,9.849,9.788596
2018-06-05,2018-06-05 06:00:00,7,9.849,9.928515
2018-06-05,2018-06-05 07:00:00,8,10.06,10.122333
2018-06-05,2018-06-05 08:00:00,9,9.919,10.362309
2018-06-05,2018-06-05 09:00:00,10,10.13,10.559045
2018-06-05,2018-06-05 10:00:00,11,9.849,10.683856
2018-06-05,2018-06-05 11:00:00,12,9.919,10.833193
2018-06-05,2018-06-05 12:00:00,13,9.778,11.001539
2018-06-05,2018-06-05 13:00:00,14,10.13,11.192433
2018-06-05,2018-06-05 14:00:00,15,10.763,11.605505
2018-06-05,2018-06-05 15:00:00,16,10.904,11.790192
2018-06-05,2018-06-05 16:00:00,17,10.974,11.872607
2018-06-05,2018-06-05 17:00:00,18,10.833,11.687264
2018-06-05,2018-06-05 18:00:00,19,10.271,11.060683
2018-06-05,2018-06-05 19:00:00,20,9.567,10.611376
2018-06-05,2018-06-05 20:00:00,21,9.286,10.242173
2018-06-05,2018-06-05 21:00:00,22,9.215,9.959181
2018-06-05,2018-06-05 22:00:00,23,8.934,9.782468
2018-06-05,2018-06-05 23:00:00,24,8.934,9.581659
2018-06-06,2018-06-06 00:00:00,1,8.582,8.873575
2018-06-06,2018-06-06 01:00:00,2,8.582,8.89933
2018-06-06,2018-06-06 02:00:00,3,8.582,8.934045
2018-06-06,2018-06-06 03:00:00,4,8.512,8.963238
2018-06-06,2018-06-06 04:00:00,5,8.371,9.037415
2018-06-06,2018-06-06 05:00:00,6,8.16,9.090979
2018-06-06,2018-06-06 06:00:00,7,8.512,9.166092
2018-06-06,2018-06-06 07:00:00,8,9.497,9.254166
2018-06-06,2018-06-06 08:00:00,9,10.2,9.316495
2018-06-06,2018-06-06 09:00:00,10,10.271,9.382287
2018-06-06,2018-06-06 10:00:00,11,9.989,9.435279
2018-06-06,2018-06-06 11:00:00,12,10.13,9.533916
2018-06-06,2018-06-06 12:00:00,13,10.06,9.676319
2018-06-06,2018-06-06 13:00:00,14,10.552,9.845356
2018-06-06,2018-06-06 14:00:00,15,12.029,10.037336
2018-06-06,2018-06-06 15:00:00,16,13.155,10.224784
2018-06-06,2018-06-06 16:00:00,17,13.296,10.128554
2018-06-06,2018-06-06 17:00:00,18,12.944,9.898974
2018-06-06,2018-06-06 18:00:00,19,13.225,9.579812
2018-06-06,2018-06-06 19:00:00,20,11.396,9.333011
2018-06-06,2018-06-06 20:00:00,21,10.904,9.262607
2018-06-06,2018-06-06 21:00:00,22,11.044,9.245102
2018-06-06,2018-06-06 22:00:00,23,10.552,9.252467
2018-06-06,2018-06-06 23:00:00,24,10.271,9.228901
2018-06-07,2018-06-07 00:00:00,1,9.778,9.809311
2018-06-07,2018-06-07 01:00:00,2,10.13,9.602854
2018-06-07,2018-06-07 02:00:00,3,10.13,9.392339
2018-06-07,2018-06-07 03:00:00,4,9.849,9.238817
2018-06-07,2018-06-07 04:00:00,5,9.989,9.172265
2018-06-07,2018-06-07 05:00:00,6,9.919,9.147366
2018-06-07,2018-06-07 06:00:00,7,10.13,9.160372
2018-06-07,2018-06-07 07:00:00,8,10.482,9.24336
2018-06-07,2018-06-07 08:00:00,9,10.693,9.312912
2018-06-07,2018-06-07 09:00:00,10,10.833,9.374337
2018-06-07,2018-06-07 10:00:00,11,11.115,9.457353
2018-06-07,2018-06-07 11:00:00,12,11.537,9.67555
2018-06-07,2018-06-07 12:00:00,13,11.959,9.8682165
2018-06-07,2018-06-07 13:00:00,14,12.029,10.067111
2018-06-07,2018-06-07 14:00:00,15,12.803,10.3583555
2018-06-07,2018-06-07 15:00:00,16,12.733,10.633641
2018-06-07,2018-06-07 16:00:00,17,12.662,10.788483
2018-06-07,2018-06-07 17:00:00,18,12.662,10.473609
2018-06-07,2018-06-07 18:00:00,19,12.029,9.980615
2018-06-07,2018-06-07 19:00:00,20,11.678,9.565766
2018-06-07,2018-06-07 20:00:00,21,11.396,9.357361
2018-06-07,2018-06-07 21:00:00,22,10.833,9.241262
2018-06-07,2018-06-07 22:00:00,23,10.833,9.17551
2018-06-07,2018-06-07 23:00:00,24,10.341,9.053652
2018-06-08,2018-06-08 00:00:00,1,10.482,10.081608
2018-06-08,2018-06-08 01:00:00,2,10.411,10.077675
2018-06-08,2018-06-08 02:00:00,3,10.13,10.092072
2018-06-08,2018-06-08 03:00:00,4,10.06,10.1061535
2018-06-08,2018-06-08 04:00:00,5,9.989,10.114514
2018-06-08,2018-06-08 05:00:00,6,9.708,10.088085
2018-06-08,2018-06-08 06:00:00,7,9.426,10.197942
2018-06-08,2018-06-08 07:00:00,8,9.778,10.513239
2018-06-08,2018-06-08 08:00:00,9,10.13,11.048546
2018-06-08,2018-06-08 09:00:00,10,10.2,11.334504
2018-06-08,2018-06-08 10:00:00,11,10.06,11.478874
2018-06-08,2018-06-08 11:00:00,12,10.341,11.6712055
2018-06-08,2018-06-08 12:00:00,13,10.13,11.848868
2018-06-08,2018-06-08 13:00:00,14,9.919,12.091893
2018-06-08,2018-06-08 14:00:00,15,10.2,12.582651
2018-06-08,2018-06-08 15:00:00,16,10.341,12.824177
2018-06-08,2018-06-08 16:00:00,17,10.13,12.892536
2018-06-08,2018-06-08 17:00:00,18,9.919,12.622032
2018-06-08,2018-06-08 18:00:00,19,8.934,11.941161
2018-06-08,2018-06-08 19:00:00,20,9.004,11.322011
2018-06-08,2018-06-08 20:00:00,21,9.356,10.8066435
2018-06-08,2018-06-08 21:00:00,22,8.864,10.50434
2018-06-08,2018-06-08 22:00:00,23,9.075,10.367058
2018-06-08,2018-06-08 23:00:00,24,8.723,10.112612
2018-06-09,2018-06-09 00:00:00,1,8.864,8.702907
2018-06-09,2018-06-09 01:00:00,2,8.864,8.744232
2018-06-09,2018-06-09 02:00:00,3,8.301,8.7506895
2018-06-09,2018-06-09 03:00:00,4,8.02,8.789815
2018-06-09,2018-06-09 04:00:00,5,8.02,8.836396
2018-06-09,2018-06-09 05:00:00,6,8.16,8.866779
2018-06-09,2018-06-09 06:00:00,7,8.16,8.962589
2018-06-09,2018-06-09 07:00:00,8,8.16,9.0672035
2018-06-09,2018-06-09 08:00:00,9,8.512,9.141812
2018-06-09,2018-06-09 09:00:00,10,8.442,9.267739
2018-06-09,2018-06-09 10:00:00,11,6.824,9.328621
2018-06-09,2018-06-09 11:00:00,12,3.025,9.4683075
2018-06-09,2018-06-09 12:00:00,13,4.15,9.684773
2018-06-09,2018-06-09 13:00:00,14,3.939,9.834852
2018-06-09,2018-06-09 14:00:00,15,4.784,9.995752
2018-06-09,2018-06-09 15:00:00,16,5.768,10.162622
2018-06-09,2018-06-09 16:00:00,17,6.683,10.325307
2018-06-09,2018-06-09 17:00:00,18,6.894,10.099579
2018-06-09,2018-06-09 18:00:00,19,7.035,9.730765
2018-06-09,2018-06-09 19:00:00,20,6.402,9.49045
2018-06-09,2018-06-09 20:00:00,21,6.331,9.380141
2018-06-09,2018-06-09 21:00:00,22,6.05,9.325432
2018-06-09,2018-06-09 22:00:00,23,6.894,9.313477
2018-06-09,2018-06-09 23:00:00,24,7.246,9.248909
2018-06-10,2018-06-10 00:00:00,1,6.261,7.4372087
2018-06-10,2018-06-10 01:00:00,2,6.824,7.446702
2018-06-10,2018-06-10 02:00:00,3,7.316,7.4280944
2018-06-10,2018-06-10 03:00:00,4,7.668,7.3821335
2018-06-10,2018-06-10 04:00:00,5,7.738,7.4084597
2018-06-10,2018-06-10 05:00:00,6,7.457,7.4542623
2018-06-10,2018-06-10 06:00:00,7,7.668,7.526792
2018-06-10,2018-06-10 07:00:00,8,8.02,7.5177045
2018-06-10,2018-06-10 08:00:00,9,8.301,7.357187
2018-06-10,2018-06-10 09:00:00,10,8.16,7.0411196
2018-06-10,2018-06-10 10:00:00,11,8.09,6.1370335
2018-06-10,2018-06-10 11:00:00,12,8.09,5.1401525
2018-06-10,2018-06-10 12:00:00,13,8.371,4.6356626
2018-06-10,2018-06-10 13:00:00,14,8.934,4.489264
2018-06-10,2018-06-10 14:00:00,15,9.426,4.8159757
2018-06-10,2018-06-10 15:00:00,16,9.567,5.2795596
2018-06-10,2018-06-10 16:00:00,17,9.989,6.6947594
2018-06-10,2018-06-10 17:00:00,18,9.286,6.8669043
2018-06-10,2018-06-10 18:00:00,19,9.286,6.952459
2018-06-10,2018-06-10 19:00:00,20,9.145,6.9915795
2018-06-10,2018-06-10 20:00:00,21,8.442,7.094976
2018-06-10,2018-06-10 21:00:00,22,8.723,7.247448
2018-06-10,2018-06-10 22:00:00,23,8.442,7.5627956
2018-06-10,2018-06-10 23:00:00,24,8.231,7.8319707
2018-06-11,2018-06-11 00:00:00,1,8.301,8.023575
2018-06-11,2018-06-11 01:00:00,2,7.879,8.094386
2018-06-11,2018-06-11 02:00:00,3,7.809,8.160217
2018-06-11,2018-06-11 03:00:00,4,7.809,8.158593
2018-06-11,2018-06-11 04:00:00,5,7.949,8.160323
2018-06-11,2018-06-11 05:00:00,6,7.949,8.178726
2018-06-11,2018-06-11 06:00:00,7,8.16,8.328369
2018-06-11,2018-06-11 07:00:00,8,8.512,8.617989
2018-06-11,2018-06-11 08:00:00,9,9.075,8.8223505
2018-06-11,2018-06-11 09:00:00,10,9.075,8.900061
2018-06-11,2018-06-11 10:00:00,11,9.004,8.829515
2018-06-11,2018-06-11 11:00:00,12,9.075,8.797054
2018-06-11,2018-06-11 12:00:00,13,9.567,8.914809
2018-06-11,2018-06-11 13:00:00,14,10.2,9.300195
2018-06-11,2018-06-11 14:00:00,15,11.044,9.901968
2018-06-11,2018-06-11 15:00:00,16,12.029,10.278055
2018-06-11,2018-06-11 16:00:00,17,12.17,10.252621
2018-06-11,2018-06-11 17:00:00,18,12.311,9.978276
2018-06-11,2018-06-11 18:00:00,19,10.552,9.635942
2018-06-11,2018-06-11 19:00:00,20,10.904,9.280464
2018-06-11,2018-06-11 20:00:00,21,10.271,9.069714
2018-06-11,2018-06-11 21:00:00,22,10.271,8.9669895
2018-06-11,2018-06-11 22:00:00,23,9.778,8.887472
2018-06-11,2018-06-11 23:00:00,24,9.849,8.72907
2018-06-12,2018-06-12 00:00:00,1,10.06,9.665288
2018-06-12,2018-06-12 01:00:00,2,9.778,9.667675
2018-06-12,2018-06-12 02:00:00,3,9.497,9.665896
2018-06-12,2018-06-12 03:00:00,4,9.849,9.68452
2018-06-12,2018-06-12 04:00:00,5,9.708,9.686514
2018-06-12,2018-06-12 05:00:00,6,9.497,9.633191
2018-06-12,2018-06-12 06:00:00,7,9.567,9.665341
2018-06-12,2018-06-12 07:00:00,8,10.341,9.884305
2018-06-12,2018-06-12 08:00:00,9,10.411,10.151825
2018-06-12,2018-06-12 09:00:00,10,10.622,10.350518
2018-06-12,2018-06-12 10:00:00,11,10.271,10.480658
2018-06-12,2018-06-12 11:00:00,12,10.341,10.647629
2018-06-12,2018-06-12 12:00:00,13,10.833,10.814326
2018-06-12,2018-06-12 13:00:00,14,11.537,11.022488
2018-06-12,2018-06-12 14:00:00,15,12.1,11.453091
2018-06-12,2018-06-12 15:00:00,16,13.577,11.647255
2018-06-12,2018-06-12 16:00:00,17,14.28,11.5796995
2018-06-12,2018-06-12 17:00:00,18,13.507,11.390487
2018-06-12,2018-06-12 18:00:00,19,13.929,10.960542
2018-06-12,2018-06-12 19:00:00,20,12.029,10.625467
2018-06-12,2018-06-12 20:00:00,21,11.678,10.376355
2018-06-12,2018-06-12 21:00:00,22,11.044,10.248532
2018-06-12,2018-06-12 22:00:00,23,10.904,10.150587
2018-06-12,2018-06-12 23:00:00,24,11.185,9.940286
2018-06-13,2018-06-13 00:00:00,1,11.185,10.790686
2018-06-13,2018-06-13 01:00:00,2,10.763,10.690355
2018-06-13,2018-06-13 02:00:00,3,10.904,10.490293
2018-06-13,2018-06-13 03:00:00,4,10.833,10.397563
2018-06-13,2018-06-13 04:00:00,5,10.833,10.2416525
2018-06-13,2018-06-13 05:00:00,6,10.622,10.066996
2018-06-13,2018-06-13 06:00:00,7,10.974,10.103901
2018-06-13,2018-06-13 07:00:00,8,11.467,10.355195
2018-06-13,2018-06-13 08:00:00,9,11.818,10.577766
2018-06-13,2018-06-13 09:00:00,10,11.185,10.665218
2018-06-13,2018-06-13 10:00:00,11,11.185,10.649522
2018-06-13,2018-06-13 11:00:00,12,11.537,10.742389
2018-06-13,2018-06-13 12:00:00,13,11.326,10.890237
2018-06-13,2018-06-13 13:00:00,14,12.311,11.203187
2018-06-13,2018-06-13 14:00:00,15,13.296,11.946556
2018-06-13,2018-06-13 15:00:00,16,14.14,12.442481
2018-06-13,2018-06-13 16:00:00,17,14.351,12.580673
2018-06-13,2018-06-13 17:00:00,18,13.647,12.347002
2018-06-13,2018-06-13 18:00:00,19,12.592,11.665985
2018-06-13,2018-06-13 19:00:00,20,11.678,10.988267
2018-06-13,2018-06-13 20:00:00,21,10.904,10.558996
2018-06-13,2018-06-13 21:00:00,22,10.693,10.267784
2018-06-13,2018-06-13 22:00:00,23,10.552,10.096193
2018-06-13,2018-06-13 23:00:00,24,10.552,9.906206
2018-06-14,2018-06-14 00:00:00,1,10.904,10.473597
2018-06-14,2018-06-14 01:00:00,2,10.904,10.417523
2018-06-14,2018-06-14 02:00:00,3,10.693,10.367796
2018-06-14,2018-06-14 03:00:00,4,10.974,10.375122
2018-06-14,2018-06-14 04:00:00,5,11.115,10.355624
2018-06-14,2018-06-14 05:00:00,6,10.833,10.26323
2018-06-14,2018-06-14 06:00:00,7,10.974,10.357155
2018-06-14,2018-06-14 07:00:00,8,10.904,10.709573
2018-06-14,2018-06-14 08:00:00,9,11.115,10.985823
2018-06-14,2018-06-14 09:00:00,10,11.115,11.026915
2018-06-14,2018-06-14 10:00:00,11,11.185,11.010837
2018-06-14,2018-06-14 11:00:00,12,11.256,11.13074
2018-06-14,2018-06-14 12:00:00,13,11.185,11.292898
2018-06-14,2018-06-14 13:00:00,14,11.818,11.645204
2018-06-14,2018-06-14 14:00:00,15,13.296,12.357006
2018-06-14,2018-06-14 15:00:00,16,13.577,12.779917
2018-06-14,2018-06-14 16:00:00,17,13.225,12.911683
2018-06-14,2018-06-14 17:00:00,18,13.085,12.530347
2018-06-14,2018-06-14 18:00:00,19,11.467,11.898871
2018-06-14,2018-06-14 19:00:00,20,11.326,11.111634
2018-06-14,2018-06-14 20:00:00,21,11.326,10.632775
2018-06-14,2018-06-14 21:00:00,22,11.185,10.421026
2018-06-14,2018-06-14 22:00:00,23,11.326,10.322015
2018-06-14,2018-06-14 23:00:00,24,10.622,10.191198
2018-06-15,2018-06-15 00:00:00,1,10.2,10.58084
2018-06-15,2018-06-15 01:00:00,2,10.2,10.516336
2018-06-15,2018-06-15 02:00:00,3,9.849,10.4788065
2018-06-15,2018-06-15 03:00:00,4,10.13,10.495705
2018-06-15,2018-06-15 04:00:00,5,10.974,10.501127
2018-06-15,2018-06-15 05:00:00,6,10.2,10.457699
2018-06-15,2018-06-15 06:00:00,7,10.833,10.544965
2018-06-15,2018-06-15 07:00:00,8,11.115,10.802277
2018-06-15,2018-06-15 08:00:00,9,11.537,11.050199
2018-06-15,2018-06-15 09:00:00,10,10.552,11.102224
2018-06-15,2018-06-15 10:00:00,11,10.482,11.095926
2018-06-15,2018-06-15 11:00:00,12,10.341,11.191712
2018-06-15,2018-06-15 12:00:00,13,10.904,11.360543
2018-06-15,2018-06-15 13:00:00,14,11.115,11.745935
2018-06-15,2018-06-15 14:00:00,15,11.256,12.452557
2018-06-15,2018-06-15 15:00:00,16,11.818,12.86592
2018-06-15,2018-06-15 16:00:00,17,12.381,12.919856
2018-06-15,2018-06-15 17:00:00,18,11.959,12.565823
2018-06-15,2018-06-15 18:00:00,19,11.748,11.862335
2018-06-15,2018-06-15 19:00:00,20,10.482,11.372914
2018-06-15,2018-06-15 20:00:00,21,9.849,11.050691
2018-06-15,2018-06-15 21:00:00,22,9.426,10.8826065
2018-06-15,2018-06-15 22:00:00,23,9.497,10.796805
2018-06-15,2018-06-15 23:00:00,24,9.426,10.664851
2018-06-16,2018-06-16 00:00:00,1,9.215,9.447871
2018-06-16,2018-06-16 01:00:00,2,9.286,9.435944
2018-06-16,2018-06-16 02:00:00,3,9.004,9.395265
2018-06-16,2018-06-16 03:00:00,4,8.864,9.4595175
2018-06-16,2018-06-16 04:00:00,5,8.512,9.513274
2018-06-16,2018-06-16 05:00:00,6,8.512,9.489432
2018-06-16,2018-06-16 06:00:00,7,8.582,9.6133795
2018-06-16,2018-06-16 07:00:00,8,8.793,9.891458
2018-06-16,2018-06-16 08:00:00,9,9.426,10.080449
2018-06-16,2018-06-16 09:00:00,10,8.723,10.012505
2018-06-16,2018-06-16 10:00:00,11,9.145,9.931758
2018-06-16,2018-06-16 11:00:00,12,9.004,9.974624
2018-06-16,2018-06-16 12:00:00,13,9.215,10.149072
2018-06-16,2018-06-16 13:00:00,14,9.426,10.486416
2018-06-16,2018-06-16 14:00:00,15,10.13,11.045032
2018-06-16,2018-06-16 15:00:00,16,10.763,11.469328
2018-06-16,2018-06-16 16:00:00,17,10.552,11.78173
2018-06-16,2018-06-16 17:00:00,18,9.919,11.407602
2018-06-16,2018-06-16 18:00:00,19,9.356,10.806692
2018-06-16,2018-06-16 19:00:00,20,9.215,10.248772
2018-06-16,2018-06-16 20:00:00,21,9.215,9.940697
2018-06-16,2018-06-16 21:00:00,22,8.442,9.801422
2018-06-16,2018-06-16 22:00:00,23,8.512,9.754136
2018-06-16,2018-06-16 23:00:00,24,8.301,9.663633
2018-06-17,2018-06-17 00:00:00,1,8.16,8.085246
2018-06-17,2018-06-17 01:00:00,2,8.512,7.995653
2018-06-17,2018-06-17 02:00:00,3,8.02,7.9245257
2018-06-17,2018-06-17 03:00:00,4,8.02,7.9444275
2018-06-17,2018-06-17 04:00:00,5,8.02,7.921013
2018-06-17,2018-06-17 05:00:00,6,7.949,7.8479815
2018-06-17,2018-06-17 06:00:00,7,7.668,8.004431
2018-06-17,2018-06-17 07:00:00,8,7.949,8.259877
2018-06-17,2018-06-17 08:00:00,9,8.231,8.53112
2018-06-17,2018-06-17 09:00:00,10,8.371,8.430237
2018-06-17,2018-06-17 10:00:00,11,8.442,8.404431
2018-06-17,2018-06-17 11:00:00,12,8.653,8.466736
2018-06-17,2018-06-17 12:00:00,13,9.286,8.637336
2018-06-17,2018-06-17 13:00:00,14,10.271,9.078252
2018-06-17,2018-06-17 14:00:00,15,11.326,9.763527
2018-06-17,2018-06-17 15:00:00,16,12.451,10.377599
2018-06-17,2018-06-17 16:00:00,17,12.381,10.343253
2018-06-17,2018-06-17 17:00:00,18,11.537,9.957956
2018-06-17,2018-06-17 18:00:00,19,11.326,9.332083
2018-06-17,2018-06-17 19:00:00,20,10.833,8.934987
2018-06-17,2018-06-17 20:00:00,21,10.271,8.641209
2018-06-17,2018-06-17 21:00:00,22,10.2,8.383825
2018-06-17,2018-06-17 22:00:00,23,9.638,8.3400755
2018-06-17,2018-06-17 23:00:00,24,9.567,8.273932
2018-06-18,2018-06-18 00:00:00,1,9.286,9.552519
2018-06-18,2018-06-18 01:00:00,2,9.215,9.562658
2018-06-18,2018-06-18 02:00:00,3,9.215,9.498356
2018-06-18,2018-06-18 03:00:00,4,8.864,9.522536
2018-06-18,2018-06-18 04:00:00,5,9.075,9.505938
2018-06-18,2018-06-18 05:00:00,6,9.004,9.434625
2018-06-18,2018-06-18 06:00:00,7,9.215,9.550368
2018-06-18,2018-06-18 07:00:00,8,9.286,9.871606
2018-06-18,2018-06-18 08:00:00,9,9.145,10.113854
2018-06-18,2018-06-18 09:00:00,10,9.778,10.088721
2018-06-18,2018-06-18 10:00:00,11,9.989,10.086979
2018-06-18,2018-06-18 11:00:00,12,10.06,10.22074
2018-06-18,2018-06-18 12:00:00,13,10.833,10.541986
2018-06-18,2018-06-18 13:00:00,14,11.185,11.076098
2018-06-18,2018-06-18 14:00:00,15,11.959,11.973764
2018-06-18,2018-06-18 15:00:00,16,13.085,12.704546
2018-06-18,2018-06-18 16:00:00,17,11.959,12.826691
2018-06-18,2018-06-18 17:00:00,18,12.029,12.322367
2018-06-18,2018-06-18 18:00:00,19,12.029,11.622993
2018-06-18,2018-06-18 19:00:00,20,11.818,10.955756
2018-06-18,2018-06-18 20:00:00,21,10.622,10.5849285
2018-06-18,2018-06-18 21:00:00,22,10.2,10.375967
2018-06-18,2018-06-18 22:00:00,23,10.13,10.2700815
2018-06-18,2018-06-18 23:00:00,24,10.271,10.1955805
2018-06-19,2018-06-19 00:00:00,1,9.778,10.163754
2018-06-19,2018-06-19 01:00:00,2,9.215,10.110783
2018-06-19,2018-06-19 02:00:00,3,9.215,10.092499
2018-06-19,2018-06-19 03:00:00,4,9.075,10.10924
2018-06-19,2018-06-19 04:00:00,5,9.004,10.156194
2018-06-19,2018-06-19 05:00:00,6,9.145,10.1775465
2018-06-19,2018-06-19 06:00:00,7,9.638,10.325254
2018-06-19,2018-06-19 07:00:00,8,9.497,10.551668
2018-06-19,2018-06-19 08:00:00,9,9.075,10.71763
2018-06-19,2018-06-19 09:00:00,10,9.356,10.806252
2018-06-19,2018-06-19 10:00:00,11,9.778,10.909272
2018-06-19,2018-06-19 11:00:00,12,9.849,11.109502
2018-06-19,2018-06-19 12:00:00,13,10.13,11.433871
2018-06-19,2018-06-19 13:00:00,14,9.778,12.048755
2018-06-19,2018-06-19 14:00:00,15,5.557,12.770146
2018-06-19,2018-06-19 15:00:00,16,5.628,13.22231
2018-06-19,2018-06-19 16:00:00,17,4.643,13.115166
2018-06-19,2018-06-19 17:00:00,18,5.276,12.808424
2018-06-19,2018-06-19 18:00:00,19,6.683,12.313914
2018-06-19,2018-06-19 19:00:00,20,6.753,11.831968
2018-06-19,2018-06-19 20:00:00,21,7.105,11.391092
2018-06-19,2018-06-19 21:00:00,22,4.573,11.1392765
2018-06-19,2018-06-19 22:00:00,23,5.135,11.016871
2018-06-19,2018-06-19 23:00:00,24,5.909,10.928815
2018-06-20,2018-06-20 00:00:00,1,6.542,5.7399626
2018-06-20,2018-06-20 01:00:00,2,7.316,5.851779
2018-06-20,2018-06-20 02:00:00,3,6.964,5.9603844
2018-06-20,2018-06-20 03:00:00,4,7.105,6.0744205
2018-06-20,2018-06-20 04:00:00,5,7.105,6.05579
2018-06-20,2018-06-20 05:00:00,6,7.105,6.1189604
2018-06-20,2018-06-20 06:00:00,7,7.316,6.391982
2018-06-20,2018-06-20 07:00:00,8,7.457,6.8391314
2018-06-20,2018-06-20 08:00:00,9,7.105,7.221924
2018-06-20,2018-06-20 09:00:00,10,7.457,7.2713547
2018-06-20,2018-06-20 10:00:00,11,8.09,7.0705414
2018-06-20,2018-06-20 11:00:00,12,8.09,6.7142134
2018-06-20,2018-06-20 12:00:00,13,8.512,6.7442846
2018-06-20,2018-06-20 13:00:00,14,8.371,6.8784885
2018-06-20,2018-06-20 14:00:00,15,8.934,6.8645267
2018-06-20,2018-06-20 15:00:00,16,8.723,7.0374527
2018-06-20,2018-06-20 16:00:00,17,8.864,6.906062
2018-06-20,2018-06-20 17:00:00,18,9.286,6.875886
2018-06-20,2018-06-20 18:00:00,19,9.145,6.940467
2018-06-20,2018-06-20 19:00:00,20,9.286,7.009163
2018-06-20,2018-06-20 20:00:00,21,9.215,7.0644426
2018-06-20,2018-06-20 21:00:00,22,8.653,6.912601
2018-06-20,2018-06-20 22:00:00,23,8.723,6.964902
2018-06-20,2018-06-20 23:00:00,24,9.004,7.02208
2018-06-21,2018-06-21 00:00:00,1,9.004,8.856471
2018-06-21,2018-06-21 01:00:00,2,8.934,8.85121
2018-06-21,2018-06-21 02:00:00,3,8.582,8.866508
2018-06-21,2018-06-21 03:00:00,4,8.371,8.870252
2018-06-21,2018-06-21 04:00:00,5,8.512,8.908836
2018-06-21,2018-06-21 05:00:00,6,8.512,8.939175
2018-06-21,2018-06-21 06:00:00,7,8.864,9.057087
2018-06-21,2018-06-21 07:00:00,8,8.301,9.223223
2018-06-21,2018-06-21 08:00:00,9,8.864,9.415856
2018-06-21,2018-06-21 09:00:00,10,8.512,9.585285
2018-06-21,2018-06-21 10:00:00,11,8.371,9.719666
2018-06-21,2018-06-21 11:00:00,12,8.512,9.895475
2018-06-21,2018-06-21 12:00:00,13,8.442,10.070592
2018-06-21,2018-06-21 13:00:00,14,8.864,10.235085
2018-06-21,2018-06-21 14:00:00,15,9.567,10.410069
2018-06-21,2018-06-21 15:00:00,16,9.919,10.521216
2018-06-21,2018-06-21 16:00:00,17,10.06,10.319974
2018-06-21,2018-06-21 17:00:00,18,9.849,10.23224
2018-06-21,2018-06-21 18:00:00,19,9.638,10.075867
2018-06-21,2018-06-21 19:00:00,20,9.004,9.961765
2018-06-21,2018-06-21 20:00:00,21,8.653,9.812287
2018-06-21,2018-06-21 21:00:00,22,8.371,9.674805
2018-06-21,2018-06-21 22:00:00,23,8.16,9.595345
2018-06-21,2018-06-21 23:00:00,24,8.09,9.539402
2018-06-22,2018-06-22 00:00:00,1,8.231,7.9944897
2018-06-22,2018-06-22 01:00:00,2,8.371,7.999655
2018-06-22,2018-06-22 02:00:00,3,8.16,7.860223
2018-06-22,2018-06-22 03:00:00,4,8.02,7.7582283
2018-06-22,2018-06-22 04:00:00,5,7.809,7.7385798
2018-06-22,2018-06-22 05:00:00,6,7.668,7.7258368
2018-06-22,2018-06-22 06:00:00,7,5.628,7.770171
2018-06-22,2018-06-22 07:00:00,8,7.035,7.832317
2018-06-22,2018-06-22 08:00:00,9,4.854,7.9451513
2018-06-22,2018-06-22 09:00:00,10,6.683,7.864443
2018-06-22,2018-06-22 10:00:00,11,6.402,7.827948
2018-06-22,2018-06-22 11:00:00,12,6.753,7.824061
2018-06-22,2018-06-22 12:00:00,13,3.658,7.956707
2018-06-22,2018-06-22 13:00:00,14,3.658,8.295025
2018-06-22,2018-06-22 14:00:00,15,4.15,8.967357
2018-06-22,2018-06-22 15:00:00,16,4.643,9.485368
2018-06-22,2018-06-22 16:00:00,17,5.979,9.483675
2018-06-22,2018-06-22 17:00:00,18,4.362,9.313127
2018-06-22,2018-06-22 18:00:00,19,4.643,9.002436
2018-06-22,2018-06-22 19:00:00,20,5.839,8.608461
2018-06-22,2018-06-22 20:00:00,21,5.909,8.30471
2018-06-22,2018-06-22 21:00:00,22,5.979,8.099063
2018-06-22,2018-06-22 22:00:00,23,5.839,8.009436
2018-06-22,2018-06-22 23:00:00,24,5.839,7.9317493
2018-06-23,2018-06-23 00:00:00,1,5.346,5.691171
2018-06-23,2018-06-23 01:00:00,2,5.417,5.9403067
2018-06-23,2018-06-23 02:00:00,3,5.417,6.2866535
2018-06-23,2018-06-23 03:00:00,4,5.768,6.5463524
2018-06-23,2018-06-23 04:00:00,5,5.909,6.695757
2018-06-23,2018-06-23 05:00:00,6,6.261,6.7525716
2018-06-23,2018-06-23 06:00:00,7,6.683,6.7993116
2018-06-23,2018-06-23 07:00:00,8,6.472,6.9313107
2018-06-23,2018-06-23 08:00:00,9,6.402,7.0346193
2018-06-23,2018-06-23 09:00:00,10,6.964,7.023324
2018-06-23,2018-06-23 10:00:00,11,7.527,6.946221
2018-06-23,2018-06-23 11:00:00,12,7.738,6.8649173
2018-06-23,2018-06-23 12:00:00,13,7.809,6.903903
2018-06-23,2018-06-23 13:00:00,14,7.668,7.0362587
2018-06-23,2018-06-23 14:00:00,15,8.16,7.2218566
2018-06-23,2018-06-23 15:00:00,16,7.809,7.331174
2018-06-23,2018-06-23 16:00:00,17,8.16,7.5812044
2018-06-23,2018-06-23 17:00:00,18,7.809,7.6025896
2018-06-23,2018-06-23 18:00:00,19,8.301,7.568284
2018-06-23,2018-06-23 19:00:00,20,8.02,7.4329634
2018-06-23,2018-06-23 20:00:00,21,7.668,7.2696915
2018-06-23,2018-06-23 21:00:00,22,7.386,7.13298
2018-06-23,2018-06-23 22:00:00,23,7.316,7.127074
2018-06-23,2018-06-23 23:00:00,24,7.175,7.110959
2018-06-24,2018-06-24 00:00:00,1,6.894,7.126601
2018-06-24,2018-06-24 01:00:00,2,6.613,7.12874
2018-06-24,2018-06-24 02:00:00,3,6.402,7.1091948
2018-06-24,2018-06-24 03:00:00,4,6.542,7.0879965
2018-06-24,2018-06-24 04:00:00,5,6.964,7.1106834
2018-06-24,2018-06-24 05:00:00,6,6.894,7.1559
2018-06-24,2018-06-24 06:00:00,7,7.457,7.1873274
2018-06-24,2018-06-24 07:00:00,8,7.457,7.24249
2018-06-24,2018-06-24 08:00:00,9,8.442,7.3256397
2018-06-24,2018-06-24 09:00:00,10,7.949,7.439362
2018-06-24,2018-06-24 10:00:00,11,8.512,7.533658
2018-06-24,2018-06-24 11:00:00,12,9.004,7.660865
2018-06-24,2018-06-24 12:00:00,13,9.286,7.7978873
2018-06-24,2018-06-24 13:00:00,14,9.215,7.9619756
2018-06-24,2018-06-24 14:00:00,15,9.286,8.23618
2018-06-24,2018-06-24 15:00:00,16,9.356,8.374442
2018-06-24,2018-06-24 16:00:00,17,9.497,8.336912
2018-06-24,2018-06-24 17:00:00,18,9.215,8.166412
2018-06-24,2018-06-24 18:00:00,19,9.145,8.134155
2018-06-24,2018-06-24 19:00:00,20,9.075,8.020695
2018-06-24,2018-06-24 20:00:00,21,8.864,7.897155
2018-06-24,2018-06-24 21:00:00,22,8.371,7.756647
2018-06-24,2018-06-24 22:00:00,23,8.371,7.677499
2018-06-24,2018-06-24 23:00:00,24,8.512,7.6138396
2018-06-25,2018-06-25 00:00:00,1,8.723,8.411979
2018-06-25,2018-06-25 01:00:00,2,9.004,8.3182535
2018-06-25,2018-06-25 02:00:00,3,9.567,8.263329
2018-06-25,2018-06-25 03:00:00,4,9.567,8.292405
2018-06-25,2018-06-25 04:00:00,5,8.512,8.354051
2018-06-25,2018-06-25 05:00:00,6,8.653,8.4173355
2018-06-25,2018-06-25 06:00:00,7,8.934,8.567547
2018-06-25,2018-06-25 07:00:00,8,9.567,8.727917
2018-06-25,2018-06-25 08:00:00,9,10.974,8.901699
2018-06-25,2018-06-25 09:00:00,10,11.467,8.99593
2018-06-25,2018-06-25 10:00:00,11,11.185,9.173212
2018-06-25,2018-06-25 11:00:00,12,10.693,9.398613
2018-06-25,2018-06-25 12:00:00,13,10.271,9.584854
2018-06-25,2018-06-25 13:00:00,14,10.622,9.833653
2018-06-25,2018-06-25 14:00:00,15,11.256,10.195607
2018-06-25,2018-06-25 15:00:00,16,11.607,10.475768
2018-06-25,2018-06-25 16:00:00,17,12.381,10.564832
2018-06-25,2018-06-25 17:00:00,18,11.467,10.380156
2018-06-25,2018-06-25 18:00:00,19,11.185,10.150581
2018-06-25,2018-06-25 19:00:00,20,10.552,9.991327
2018-06-25,2018-06-25 20:00:00,21,9.989,9.745786
2018-06-25,2018-06-25 21:00:00,22,9.989,9.552022
2018-06-25,2018-06-25 22:00:00,23,9.567,9.480582
2018-06-25,2018-06-25 23:00:00,24,9.426,9.49933
