origin,timestamp,lead_hour,actual,prediction
2010-03-01 17:00:00,2010-03-01 17:00:00,1,0.92476666,0.92916954
2010-03-01 17:00:00,2010-03-01 18:00:00,2,0.87596667,0.9398107
2010-03-01 17:00:00,2010-03-01 19:00:00,3,0.84833336,1.0007186
2010-03-01 17:00:00,2010-03-01 20:00:00,4,1.5795,0.96552706
2010-03-01 17:00:00,2010-03-01 21:00:00,5,0.9711667,0.7887076
2010-03-01 17:00:00,2010-03-01 22:00:00,6,1.2349666,0.6613859
2010-03-01 17:00:00,2010-03-01 23:00:00,7,1.0026333,0.5454507
2010-03-01 17:00:00,2010-03-02 00:00:00,8,0.48003334,0.52222526
2010-03-01 17:00:00,2010-03-02 01:00:00,9,0.4935,0.46954274
2010-03-01 17:00:00,2010-03-02 02:00:00,10,0.55366665,0.44916958
2010-03-01 17:00:00,2010-03-02 03:00:00,11,0.5527667,0.43007338
2010-03-01 17:00:00,2010-03-02 04:00:00,12,0.48926666,0.4040423
2010-03-01 17:00:00,2010-03-02 05:00:00,13,0.50593334,0.41396344
2010-03-01 17:00:00,2010-03-02 06:00:00,14,0.5280667,0.47950035
2010-03-01 17:00:00,2010-03-02 07:00:00,15,0.48913333,0.7417909
2010-03-01 17:00:00,2010-03-02 08:00:00,16,1.5749,0.68828917
2010-03-01 17:00:00,2010-03-02 09:00:00,17,0.3081,0.73143023
2010-03-01 17:00:00,2010-03-02 10:00:00,18,0.3351,0.7925735
2010-03-01 17:00:00,2010-03-02 11:00:00,19,0.34136668,1.0194311
2010-03-01 17:00:00,2010-03-02 12:00:00,20,0.5778667,0.95142007
2010-03-01 17:00:00,2010-03-02 13:00:00,21,0.9327667,0.9820598
2010-03-01 17:00:00,2010-03-02 14:00:00,22,0.35973334,0.79806435
2010-03-01 17:00:00,2010-03-02 15:00:00,23,0.31776667,0.6690991
2010-03-01 17:00:00,2010-03-02 16:00:00,24,0.3051,0.5649643
2010-03-02 17:00:00,2010-03-02 17:00:00,1,0.32773334,0.34343374
2010-03-02 17:00:00,2010-03-02 18:00:00,2,0.3562,0.37867832
2010-03-02 17:00:00,2010-03-02 19:00:00,3,0.38833332,0.41389048
2010-03-02 17:00:00,2010-03-02 20:00:00,4,0.32193333,0.4257695
2010-03-02 17:00:00,2010-03-02 21:00:00,5,0.41926667,0.40107477
2010-03-02 17:00:00,2010-03-02 22:00:00,6,1.0003667,0.39012802
2010-03-02 17:00:00,2010-03-02 23:00:00,7,0.8228667,0.38592172
2010-03-02 17:00:00,2010-03-03 00:00:00,8,0.76743335,0.375818
2010-03-02 17:00:00,2010-03-03 01:00:00,9,0.6553,0.3753907
2010-03-02 17:00:00,2010-03-03 02:00:00,10,0.5165667,0.36922574
2010-03-02 17:00:00,2010-03-03 03:00:00,11,0.3934,0.3712172
2010-03-02 17:00:00,2010-03-03 04:00:00,12,0.35006666,0.37160128
2010-03-02 17:00:00,2010-03-03 05:00:00,13,0.3809,0.3687412
2010-03-02 17:00:00,2010-03-03 06:00:00,14,0.31166667,0.3928324
2010-03-02 17:00:00,2010-03-03 07:00:00,15,1.0407667,0.4601091
2010-03-02 17:00:00,2010-03-03 08:00:00,16,1.5217333,0.59941924
2010-03-02 17:00:00,2010-03-03 09:00:00,17,1.4347,0.7159643
2010-03-02 17:00:00,2010-03-03 10:00:00,18,1.4497334,0.60669494
2010-03-02 17:00:00,2010-03-03 11:00:00,19,1.4351333,0.85311353
2010-03-02 17:00:00,2010-03-03 12:00:00,20,0.60676664,0.75995433
2010-03-02 17:00:00,2010-03-03 13:00:00,21,0.36253333,0.6267437
2010-03-02 17:00:00,2010-03-03 14:00:00,22,0.3437,0.7068224
2010-03-02 17:00:00,2010-03-03 15:00:00,23,0.41186666,0.5780206
2010-03-02 17:00:00,2010-03-03 16:00:00,24,0.33626667,0.5744843
2010-03-03 17:00:00,2010-03-03 17:00:00,1,0.36363333,0.36873555
2010-03-03 17:00:00,2010-03-03 18:00:00,2,0.32056665,0.423258
2010-03-03 17:00:00,2010-03-03 19:00:00,3,0.32196668,0.7407266
2010-03-03 17:00:00,2010-03-03 20:00:00,4,0.99583334,0.9829549
2010-03-03 17:00:00,2010-03-03 21:00:00,5,0.5968,0.7004926
2010-03-03 17:00:00,2010-03-03 22:00:00,6,0.34376666,0.5748096
2010-03-03 17:00:00,2010-03-03 23:00:00,7,0.33613333,0.47820354
2010-03-03 17:00:00,2010-03-04 00:00:00,8,0.33713335,0.4411252
2010-03-03 17:00:00,2010-03-04 01:00:00,9,0.33816665,0.4163378
2010-03-03 17:00:00,2010-03-04 02:00:00,10,0.3848,0.38781744
2010-03-03 17:00:00,2010-03-04 03:00:00,11,0.34163332,0.3862992
2010-03-03 17:00:00,2010-03-04 04:00:00,12,0.3218,0.38901162
2010-03-03 17:00:00,2010-03-04 05:00:00,13,0.3137,0.40959758
2010-03-03 17:00:00,2010-03-04 06:00:00,14,1.28,0.50671667
2010-03-03 17:00:00,2010-03-04 07:00:00,15,0.40326667,0.87324214
2010-03-03 17:00:00,2010-03-04 08:00:00,16,0.35486665,1.0335773
2010-03-03 17:00:00,2010-03-04 09:00:00,17,0.37003332,1.064994
2010-03-03 17:00:00,2010-03-04 10:00:00,18,0.3516,0.97345793
2010-03-03 17:00:00,2010-03-04 11:00:00,19,0.36406666,0.9398835
2010-03-03 17:00:00,2010-03-04 12:00:00,20,0.3866,0.7376081
2010-03-03 17:00:00,2010-03-04 13:00:00,21,0.38593334,0.610568
2010-03-03 17:00:00,2010-03-04 14:00:00,22,0.31716666,0.6017263
2010-03-03 17:00:00,2010-03-04 15:00:00,23,0.32573333,0.52762127
2010-03-03 17:00:00,2010-03-04 16:00:00,24,1.2828,0.5046078
2010-03-04 17:00:00,2010-03-04 17:00:00,1,0.38583332,1.0128983
2010-03-04 17:00:00,2010-03-04 18:00:00,2,0.6367667,0.44072568
2010-03-04 17:00:00,2010-03-04 19:00:00,3,0.48863333,0.42502373
2010-03-04 17:00:00,2010-03-04 20:00:00,4,0.48403335,0.4291752
2010-03-04 17:00:00,2010-03-04 21:00:00,5,0.48343334,0.39905262
2010-03-04 17:00:00,2010-03-04 22:00:00,6,0.49926665,0.3922956
2010-03-04 17:00:00,2010-03-04 23:00:00,7,0.54406667,0.36461765
2010-03-04 17:00:00,2010-03-05 00:00:00,8,0.5011333,0.3605141
2010-03-04 17:00:00,2010-03-05 01:00:00,9,0.48556668,0.3629954
2010-03-04 17:00:00,2010-03-05 02:00:00,10,1.3871,0.42608488
2010-03-04 17:00:00,2010-03-05 03:00:00,11,0.5762333,0.36618173
2010-03-04 17:00:00,2010-03-05 04:00:00,12,0.54793334,0.3428781
2010-03-04 17:00:00,2010-03-05 05:00:00,13,0.5155,0.34249955
2010-03-04 17:00:00,2010-03-05 06:00:00,14,0.4806,0.35516244
2010-03-04 17:00:00,2010-03-05 07:00:00,15,0.468,0.413629
2010-03-04 17:00:00,2010-03-05 08:00:00,16,0.36953333,0.4815482
2010-03-04 17:00:00,2010-03-05 09:00:00,17,0.35926667,0.45684713
2010-03-04 17:00:00,2010-03-05 10:00:00,18,0.52503335,0.4644307
2010-03-04 17:00:00,2010-03-05 11:00:00,19,0.50636667,0.6182656
2010-03-04 17:00:00,2010-03-05 12:00:00,20,1.4802,0.69606274
2010-03-04 17:00:00,2010-03-05 13:00:00,21,2.0109334,0.6312362
2010-03-04 17:00:00,2010-03-05 14:00:00,22,2.0591667,0.52948797
2010-03-04 17:00:00,2010-03-05 15:00:00,23,0.66546667,0.46643525
2010-03-04 17:00:00,2010-03-05 16:00:00,24,0.40336666,0.44997388
2010-03-05 17:00:00,2010-03-05 17:00:00,1,0.3437,0.4066009
2010-03-05 17:00:00,2010-03-05 18:00:00,2,0.30566666,0.40524662
2010-03-05 17:00:00,2010-03-05 19:00:00,3,1.6201667,0.4106239
2010-03-05 17:00:00,2010-03-05 20:00:00,4,0.9943,0.41740614
2010-03-05 17:00:00,2010-03-05 21:00:00,5,0.88133335,0.423716
2010-03-05 17:00:00,2010-03-05 22:00:00,6,0.9209667,0.6806797
2010-03-05 17:00:00,2010-03-05 23:00:00,7,0.4879,0.8089038
2010-03-05 17:00:00,2010-03-06 00:00:00,8,0.4579,0.8373088
2010-03-05 17:00:00,2010-03-06 01:00:00,9,0.37016666,0.52276695
2010-03-05 17:00:00,2010-03-06 02:00:00,10,0.30316666,0.42179203
2010-03-05 17:00:00,2010-03-06 03:00:00,11,0.3353,0.405002
2010-03-05 17:00:00,2010-03-06 04:00:00,12,0.2996,0.39538634
2010-03-05 17:00:00,2010-03-06 05:00:00,13,0.29463333,0.39393294
2010-03-05 17:00:00,2010-03-06 06:00:00,14,0.6253333,0.40084374
2010-03-05 17:00:00,2010-03-06 07:00:00,15,0.82126665,0.42593455
2010-03-05 17:00:00,2010-03-06 08:00:00,16,0.32383335,0.5450107
2010-03-05 17:00:00,2010-03-06 09:00:00,17,0.6305,0.7057172
2010-03-05 17:00:00,2010-03-06 10:00:00,18,1.2609667,0.83215165
2010-03-05 17:00:00,2010-03-06 11:00:00,19,1.1401,0.62454087
2010-03-05 17:00:00,2010-03-06 12:00:00,20,0.33876666,0.46514732
2010-03-05 17:00:00,2010-03-06 13:00:00,21,0.31003332,0.45028657
2010-03-05 17:00:00,2010-03-06 14:00:00,22,0.33093333,0.439703
2010-03-05 17:00:00,2010-03-06 15:00:00,23,0.31883332,0.4294867
2010-03-05 17:00:00,2010-03-06 16:00:00,24,1.0034667,0.4090916
2010-03-06 17:00:00,2010-03-06 17:00:00,1,1.0667334,0.85282457
2010-03-06 17:00:00,2010-03-06 18:00:00,2,0.4813,0.4143412
2010-03-06 17:00:00,2010-03-06 19:00:00,3,0.4736,0.39602792
2010-03-06 17:00:00,2010-03-06 20:00:00,4,0.4773,0.5093808
2010-03-06 17:00:00,2010-03-06 21:00:00,5,0.50666666,0.5558813
2010-03-06 17:00:00,2010-03-06 22:00:00,6,0.56986666,0.38556057
2010-03-06 17:00:00,2010-03-06 23:00:00,7,0.50493336,0.36084026
2010-03-06 17:00:00,2010-03-07 00:00:00,8,0.49646667,0.3518681
2010-03-06 17:00:00,2010-03-07 01:00:00,9,1.1485667,0.34733886
2010-03-06 17:00:00,2010-03-07 02:00:00,10,0.61006665,0.63045156
2010-03-06 17:00:00,2010-03-07 03:00:00,11,0.5323333,0.41016746
2010-03-06 17:00:00,2010-03-07 04:00:00,12,0.5289,0.35716897
2010-03-06 17:00:00,2010-03-07 05:00:00,13,0.4928,0.3511449
2010-03-06 17:00:00,2010-03-07 06:00:00,14,0.49386665,0.43987
2010-03-06 17:00:00,2010-03-07 07:00:00,15,0.4886,0.6182419
2010-03-06 17:00:00,2010-03-07 08:00:00,16,0.51886666,0.49439502
2010-03-06 17:00:00,2010-03-07 09:00:00,17,0.52526665,0.48459524
2010-03-06 17:00:00,2010-03-07 10:00:00,18,0.43756667,0.45302492
2010-03-06 17:00:00,2010-03-07 11:00:00,19,1.0612333,0.47561735
2010-03-06 17:00:00,2010-03-07 12:00:00,20,0.3059,0.7902021
2010-03-06 17:00:00,2010-03-07 13:00:00,21,0.29353333,0.48707145
2010-03-06 17:00:00,2010-03-07 14:00:00,22,0.3666,0.45061857
2010-03-06 17:00:00,2010-03-07 15:00:00,23,1.0190333,0.41407794
2010-03-06 17:00:00,2010-03-07 16:00:00,24,0.76933336,0.4371997
2010-03-07 17:00:00,2010-03-07 17:00:00,1,2.4348667,0.5195968
2010-03-07 17:00:00,2010-03-07 18:00:00,2,2.5753334,0.45965973
2010-03-07 17:00:00,2010-03-07 19:00:00,3,1.5285,0.4193955
2010-03-07 17:00:00,2010-03-07 20:00:00,4,2.1405,0.41670173
2010-03-07 17:00:00,2010-03-07 21:00:00,5,2.2098,0.51170814
2010-03-07 17:00:00,2010-03-07 22:00:00,6,1.1494334,0.44557846
2010-03-07 17:00:00,2010-03-07 23:00:00,7,0.7471667,0.4246824
2010-03-07 17:00:00,2010-03-08 00:00:00,8,0.7092,0.44445768
2010-03-07 17:00:00,2010-03-08 01:00:00,9,1.0575666,0.47370288
2010-03-07 17:00:00,2010-03-08 02:00:00,10,0.359,0.47403368
2010-03-07 17:00:00,2010-03-08 03:00:00,11,0.36603335,0.45301247
2010-03-07 17:00:00,2010-03-08 04:00:00,12,0.3475,0.43823743
2010-03-07 17:00:00,2010-03-08 05:00:00,13,0.40583333,0.42541704
2010-03-07 17:00:00,2010-03-08 06:00:00,14,1.0259666,0.43880218
2010-03-07 17:00:00,2010-03-08 07:00:00,15,2.9262333,0.47105503
2010-03-07 17:00:00,2010-03-08 08:00:00,16,3.4103,0.4577911
2010-03-07 17:00:00,2010-03-08 09:00:00,17,3.5183334,0.4501326
2010-03-07 17:00:00,2010-03-08 10:00:00,18,2.1521,0.46272087
2010-03-07 17:00:00,2010-03-08 11:00:00,19,1.8522333,0.4944278
2010-03-07 17:00:00,2010-03-08 12:00:00,20,3.0424666,0.51444274
2010-03-07 17:00:00,2010-03-08 13:00:00,21,2.3847,0.4937096
2010-03-07 17:00:00,2010-03-08 14:00:00,22,2.0263333,0.4707331
2010-03-07 17:00:00,2010-03-08 15:00:00,23,3.969,0.45704183
2010-03-07 17:00:00,2010-03-08 16:00:00,24,2.0823,0.45993856
2010-03-08 17:00:00,2010-03-08 17:00:00,1,1.571,1.9241564
2010-03-08 17:00:00,2010-03-08 18:00:00,2,1.9182,1.943388
2010-03-08 17:00:00,2010-03-08 19:00:00,3,1.7293333,1.9544125
2010-03-08 17:00:00,2010-03-08 20:00:00,4,2.4488666,1.9957596
2010-03-08 17:00:00,2010-03-08 21:00:00,5,1.4269333,1.882159
2010-03-08 17:00:00,2010-03-08 22:00:00,6,1.5056,1.5924482
2010-03-08 17:00:00,2010-03-08 23:00:00,7,0.38326666,1.1062032
2010-03-08 17:00:00,2010-03-09 00:00:00,8,0.37643334,0.7610265
2010-03-08 17:00:00,2010-03-09 01:00:00,9,0.35986668,0.67047703
2010-03-08 17:00:00,2010-03-09 02:00:00,10,0.41736665,0.68382305
2010-03-08 17:00:00,2010-03-09 03:00:00,11,0.39373332,0.60489845
2010-03-08 17:00:00,2010-03-09 04:00:00,12,0.3563,0.59695476
2010-03-08 17:00:00,2010-03-09 05:00:00,13,0.3386,0.6068208
2010-03-08 17:00:00,2010-03-09 06:00:00,14,1.043,0.9295856
2010-03-08 17:00:00,2010-03-09 07:00:00,15,2.7051334,1.6226671
2010-03-08 17:00:00,2010-03-09 08:00:00,16,2.2661333,1.751948
2010-03-08 17:00:00,2010-03-09 09:00:00,17,1.5600333,1.6936452
2010-03-08 17:00:00,2010-03-09 10:00:00,18,1.5031333,1.72474
2010-03-08 17:00:00,2010-03-09 11:00:00,19,1.6102,1.8145787
2010-03-08 17:00:00,2010-03-09 12:00:00,20,1.6400334,1.7801678
2010-03-08 17:00:00,2010-03-09 13:00:00,21,2.1889668,1.763698
2010-03-08 17:00:00,2010-03-09 14:00:00,22,0.7654667,1.742454
2010-03-08 17:00:00,2010-03-09 15:00:00,23,0.48246667,1.6961579
2010-03-08 17:00:00,2010-03-09 16:00:00,24,0.86436665,1.756147
2010-03-09 17:00:00,2010-03-09 17:00:00,1,0.5411,1.3545706
2010-03-09 17:00:00,2010-03-09 18:00:00,2,0.9225,1.4552149
2010-03-09 17:00:00,2010-03-09 19:00:00,3,1.8510333,1.4995563
2010-03-09 17:00:00,2010-03-09 20:00:00,4,2.7466667,1.4948044
2010-03-09 17:00:00,2010-03-09 21:00:00,5,2.3795667,1.4510902
2010-03-09 17:00:00,2010-03-09 22:00:00,6,1.5587667,1.3935266
2010-03-09 17:00:00,2010-03-09 23:00:00,7,0.46433333,0.9317786
2010-03-09 17:00:00,2010-03-10 00:00:00,8,1.1348667,0.47605777
2010-03-09 17:00:00,2010-03-10 01:00:00,9,0.34586668,0.44543386
2010-03-09 17:00:00,2010-03-10 02:00:00,10,0.348,0.43936145
2010-03-09 17:00:00,2010-03-10 03:00:00,11,0.32676667,0.42196655
2010-03-09 17:00:00,2010-03-10 04:00:00,12,0.3226,0.41044098
2010-03-09 17:00:00,2010-03-10 05:00:00,13,0.38776666,0.4166115
2010-03-09 17:00:00,2010-03-10 06:00:00,14,0.9798333,0.519897
2010-03-09 17:00:00,2010-03-10 07:00:00,15,2.5680332,1.2921937
2010-03-09 17:00:00,2010-03-10 08:00:00,16,2.0532,1.4336522
2010-03-09 17:00:00,2010-03-10 09:00:00,17,1.9632334,1.4655198
2010-03-09 17:00:00,2010-03-10 10:00:00,18,1.4259,1.4734379
2010-03-09 17:00:00,2010-03-10 11:00:00,19,1.4626,1.622544
2010-03-09 17:00:00,2010-03-10 12:00:00,20,1.7757334,1.593679
2010-03-09 17:00:00,2010-03-10 13:00:00,21,1.5464667,1.6522181
2010-03-09 17:00:00,2010-03-10 14:00:00,22,1.7727,1.4562739
2010-03-09 17:00:00,2010-03-10 15:00:00,23,1.7884333,1.3071474
2010-03-09 17:00:00,2010-03-10 16:00:00,24,1.7697333,1.4288471
2010-03-10 17:00:00,2010-03-10 17:00:00,1,1.769,1.8184607
2010-03-10 17:00:00,2010-03-10 18:00:00,2,1.5340667,1.8720399
2010-03-10 17:00:00,2010-03-10 19:00:00,3,1.086,1.9194729
2010-03-10 17:00:00,2010-03-10 20:00:00,4,1.0920334,1.9158056
2010-03-10 17:00:00,2010-03-10 21:00:00,5,1.3783667,1.8254254
2010-03-10 17:00:00,2010-03-10 22:00:00,6,0.97893333,1.5537577
2010-03-10 17:00:00,2010-03-10 23:00:00,7,0.56706667,0.9010562
2010-03-10 17:00:00,2010-03-11 00:00:00,8,0.714,0.5794878
2010-03-10 17:00:00,2010-03-11 01:00:00,9,0.8372667,0.44148505
2010-03-10 17:00:00,2010-03-11 02:00:00,10,0.32546666,0.41275948
2010-03-10 17:00:00,2010-03-11 03:00:00,11,0.3885,0.38732666
2010-03-10 17:00:00,2010-03-11 04:00:00,12,0.32046667,0.38605767
2010-03-10 17:00:00,2010-03-11 05:00:00,13,0.32726666,0.3938164
2010-03-10 17:00:00,2010-03-11 06:00:00,14,0.92366666,0.6885848
2010-03-10 17:00:00,2010-03-11 07:00:00,15,2.0521,1.4224789
2010-03-10 17:00:00,2010-03-11 08:00:00,16,1.9032333,1.4933989
2010-03-10 17:00:00,2010-03-11 09:00:00,17,1.4354,1.5378234
2010-03-10 17:00:00,2010-03-11 10:00:00,18,1.4897333,1.5950363
2010-03-10 17:00:00,2010-03-11 11:00:00,19,1.3750334,1.660675
2010-03-10 17:00:00,2010-03-11 12:00:00,20,1.3797667,1.6876223
2010-03-10 17:00:00,2010-03-11 13:00:00,21,1.4112,1.7208025
2010-03-10 17:00:00,2010-03-11 14:00:00,22,1.4503,1.6085763
2010-03-10 17:00:00,2010-03-11 15:00:00,23,0.39733332,1.544811
2010-03-10 17:00:00,2010-03-11 16:00:00,24,0.2986,1.5659738
2010-03-11 17:00:00,2010-03-11 17:00:00,1,0.3021,0.31123298
2010-03-11 17:00:00,2010-03-11 18:00:00,2,1.4762,0.32622343
2010-03-11 17:00:00,2010-03-11 19:00:00,3,2.4903667,0.4372673
2010-03-11 17:00:00,2010-03-11 20:00:00,4,3.4857333,0.8719668
2010-03-11 17:00:00,2010-03-11 21:00:00,5,3.9463665,0.8808468
2010-03-11 17:00:00,2010-03-11 22:00:00,6,2.0787,0.75951546
2010-03-11 17:00:00,2010-03-11 23:00:00,7,1.7093667,0.60657555
2010-03-11 17:00:00,2010-03-12 00:00:00,8,1.3978,0.5338232
2010-03-11 17:00:00,2010-03-12 01:00:00,9,0.3559,0.46549907
2010-03-11 17:00:00,2010-03-12 02:00:00,10,0.30193335,0.43801892
2010-03-11 17:00:00,2010-03-12 03:00:00,11,0.29826668,0.42638075
2010-03-11 17:00:00,2010-03-12 04:00:00,12,0.30716667,0.41943485
2010-03-11 17:00:00,2010-03-12 05:00:00,13,0.31303334,0.43080926
2010-03-11 17:00:00,2010-03-12 06:00:00,14,0.37306666,0.55036926
2010-03-11 17:00:00,2010-03-12 07:00:00,15,2.0167665,0.74519116
2010-03-11 17:00:00,2010-03-12 08:00:00,16,2.374,0.77693015
2010-03-11 17:00:00,2010-03-12 09:00:00,17,1.9429,0.73519504
2010-03-11 17:00:00,2010-03-12 10:00:00,18,1.3724,0.7113695
2010-03-11 17:00:00,2010-03-12 11:00:00,19,1.4427,0.59637
2010-03-11 17:00:00,2010-03-12 12:00:00,20,1.4186667,0.5748939
2010-03-11 17:00:00,2010-03-12 13:00:00,21,1.4136333,0.48945662
2010-03-11 17:00:00,2010-03-12 14:00:00,22,1.5757333,0.44393593
2010-03-11 17:00:00,2010-03-12 15:00:00,23,1.2898667,0.41370457
2010-03-11 17:00:00,2010-03-12 16:00:00,24,1.0065666,0.43971097
2010-03-12 17:00:00,2010-03-12 17:00:00,1,0.66833335,0.98410314
2010-03-12 17:00:00,2010-03-12 18:00:00,2,1.1187333,1.1980143
2010-03-12 17:00:00,2010-03-12 19:00:00,3,2.9231668,1.3073406
2010-03-12 17:00:00,2010-03-12 20:00:00,4,0.90183336,1.3571297
2010-03-12 17:00:00,2010-03-12 21:00:00,5,0.7996333,1.2051762
2010-03-12 17:00:00,2010-03-12 22:00:00,6,0.72763336,1.055997
2010-03-12 17:00:00,2010-03-12 23:00:00,7,1.084,0.4365964
2010-03-12 17:00:00,2010-03-13 00:00:00,8,0.34476668,0.47890636
2010-03-12 17:00:00,2010-03-13 01:00:00,9,0.31016666,0.3945194
2010-03-12 17:00:00,2010-03-13 02:00:00,10,0.30873334,0.3277728
2010-03-12 17:00:00,2010-03-13 03:00:00,11,0.36943334,0.30870867
2010-03-12 17:00:00,2010-03-13 04:00:00,12,0.30336666,0.3071211
2010-03-12 17:00:00,2010-03-13 05:00:00,13,0.31213334,0.3167057
2010-03-12 17:00:00,2010-03-13 06:00:00,14,0.60936666,0.6288798
2010-03-12 17:00:00,2010-03-13 07:00:00,15,2.1092334,1.6625204
2010-03-12 17:00:00,2010-03-13 08:00:00,16,1.6128,1.6904209
2010-03-12 17:00:00,2010-03-13 09:00:00,17,1.8924,1.4964
2010-03-12 17:00:00,2010-03-13 10:00:00,18,2.7700667,1.4411414
2010-03-12 17:00:00,2010-03-13 11:00:00,19,2.0014,1.4851234
2010-03-12 17:00:00,2010-03-13 12:00:00,20,2.3242333,1.4342269
2010-03-12 17:00:00,2010-03-13 13:00:00,21,1.719,1.4144301
2010-03-12 17:00:00,2010-03-13 14:00:00,22,3.0405667,1.2097603
2010-03-12 17:00:00,2010-03-13 15:00:00,23,2.1255667,0.7304492
2010-03-12 17:00:00,2010-03-13 16:00:00,24,0.9097667,0.6064817
2010-03-13 17:00:00,2010-03-13 17:00:00,1,2.8752666,0.76755065
2010-03-13 17:00:00,2010-03-13 18:00:00,2,3.8424,1.2925622
2010-03-13 17:00:00,2010-03-13 19:00:00,3,3.4206667,2.017429
2010-03-13 17:00:00,2010-03-13 20:00:00,4,2.0950334,2.1391912
2010-03-13 17:00:00,2010-03-13 21:00:00,5,1.4258,1.923432
2010-03-13 17:00:00,2010-03-13 22:00:00,6,1.454,1.5655649
2010-03-13 17:00:00,2010-03-13 23:00:00,7,1.5406667,1.1550169
2010-03-13 17:00:00,2010-03-14 00:00:00,8,1.5161333,0.86418587
2010-03-13 17:00:00,2010-03-14 01:00:00,9,0.99506664,0.46406063
2010-03-13 17:00:00,2010-03-14 02:00:00,10,0.32976666,0.37110335
2010-03-13 17:00:00,2010-03-14 03:00:00,11,0.33253333,0.3595218
2010-03-13 17:00:00,2010-03-14 04:00:00,12,0.39686668,0.34129536
2010-03-13 17:00:00,2010-03-14 05:00:00,13,0.30993333,0.34718746
2010-03-13 17:00:00,2010-03-14 06:00:00,14,0.30563334,0.64172435
2010-03-13 17:00:00,2010-03-14 07:00:00,15,0.33866668,1.9040926
2010-03-13 17:00:00,2010-03-14 08:00:00,16,0.32763332,1.9908714
2010-03-13 17:00:00,2010-03-14 09:00:00,17,0.8662,1.7684102
2010-03-13 17:00:00,2010-03-14 10:00:00,18,1.1476333,1.6238844
2010-03-13 17:00:00,2010-03-14 11:00:00,19,1.0257334,1.5883477
2010-03-13 17:00:00,2010-03-14 12:00:00,20,1.7820333,1.5861896
2010-03-13 17:00:00,2010-03-14 13:00:00,21,1.7599334,1.5972955
2010-03-13 17:00:00,2010-03-14 14:00:00,22,1.0251666,1.518777
2010-03-13 17:00:00,2010-03-14 15:00:00,23,1.0403334,1.3215389
2010-03-13 17:00:00,2010-03-14 16:00:00,24,0.7776667,1.0746936
2010-03-14 17:00:00,2010-03-14 17:00:00,1,1.5238,0.6423985
2010-03-14 17:00:00,2010-03-14 18:00:00,2,1.1731334,0.775651
2010-03-14 17:00:00,2010-03-14 19:00:00,3,1.6451334,0.8613533
2010-03-14 17:00:00,2010-03-14 20:00:00,4,1.5069667,0.68959266
2010-03-14 17:00:00,2010-03-14 21:00:00,5,2.9930665,0.79783076
2010-03-14 17:00:00,2010-03-14 22:00:00,6,1.7999,0.9113405
2010-03-14 17:00:00,2010-03-14 23:00:00,7,1.1929667,0.8106868
2010-03-14 17:00:00,2010-03-15 00:00:00,8,0.42966667,0.7415228
2010-03-14 17:00:00,2010-03-15 01:00:00,9,0.3202,0.5472717
2010-03-14 17:00:00,2010-03-15 02:00:00,10,0.56296664,0.399898
2010-03-14 17:00:00,2010-03-15 03:00:00,11,0.67473334,0.37173724
2010-03-14 17:00:00,2010-03-15 04:00:00,12,0.30633333,0.37260312
2010-03-14 17:00:00,2010-03-15 05:00:00,13,0.38783333,0.38251823
2010-03-14 17:00:00,2010-03-15 06:00:00,14,0.6480333,0.50047135
2010-03-14 17:00:00,2010-03-15 07:00:00,15,1.9643333,1.2611256
2010-03-14 17:00:00,2010-03-15 08:00:00,16,1.4282666,1.384605
2010-03-14 17:00:00,2010-03-15 09:00:00,17,1.4862666,1.3275535
2010-03-14 17:00:00,2010-03-15 10:00:00,18,1.5205667,1.3996274
2010-03-14 17:00:00,2010-03-15 11:00:00,19,1.5355667,1.4793924
2010-03-14 17:00:00,2010-03-15 12:00:00,20,1.6847,1.4179629
2010-03-14 17:00:00,2010-03-15 13:00:00,21,1.4186667,1.3090124
2010-03-14 17:00:00,2010-03-15 14:00:00,22,1.4522,1.1282973
2010-03-14 17:00:00,2010-03-15 15:00:00,23,1.5035,0.91927487
2010-03-14 17:00:00,2010-03-15 16:00:00,24,1.0247333,0.7346101
2010-03-15 17:00:00,2010-03-15 17:00:00,1,0.4724,1.1721263
2010-03-15 17:00:00,2010-03-15 18:00:00,2,0.48893332,1.5619395
2010-03-15 17:00:00,2010-03-15 19:00:00,3,2.9292333,1.8349472
2010-03-15 17:00:00,2010-03-15 20:00:00,4,2.7648,1.6342832
2010-03-15 17:00:00,2010-03-15 21:00:00,5,2.5572667,1.5046763
2010-03-15 17:00:00,2010-03-15 22:00:00,6,1.7437,1.3452089
2010-03-15 17:00:00,2010-03-15 23:00:00,7,0.5592667,1.1119668
2010-03-15 17:00:00,2010-03-16 00:00:00,8,0.31283334,0.82491684
2010-03-15 17:00:00,2010-03-16 01:00:00,9,0.40213335,0.45116103
2010-03-15 17:00:00,2010-03-16 02:00:00,10,0.3346,0.38261616
2010-03-15 17:00:00,2010-03-16 03:00:00,11,0.29963332,0.35651606
2010-03-15 17:00:00,2010-03-16 04:00:00,12,0.90063334,0.33496058
2010-03-15 17:00:00,2010-03-16 05:00:00,13,0.33876666,0.3560403
2010-03-15 17:00:00,2010-03-16 06:00:00,14,1.5128,0.49294996
2010-03-15 17:00:00,2010-03-16 07:00:00,15,1.6480666,1.4963427
2010-03-15 17:00:00,2010-03-16 08:00:00,16,2.0392666,1.4429452
2010-03-15 17:00:00,2010-03-16 09:00:00,17,1.6070666,1.4621862
2010-03-15 17:00:00,2010-03-16 10:00:00,18,1.4285333,1.4403646
2010-03-15 17:00:00,2010-03-16 11:00:00,19,1.486,1.4506663
2010-03-15 17:00:00,2010-03-16 12:00:00,20,1.3935,1.4399585
2010-03-15 17:00:00,2010-03-16 13:00:00,21,0.6030667,1.4765427
2010-03-15 17:00:00,2010-03-16 14:00:00,22,0.52273333,1.2842258
2010-03-15 17:00:00,2010-03-16 15:00:00,23,0.6385667,1.1301968
2010-03-15 17:00:00,2010-03-16 16:00:00,24,0.7162333,0.9550484
2010-03-16 17:00:00,2010-03-16 17:00:00,1,0.71923333,0.73292065
2010-03-16 17:00:00,2010-03-16 18:00:00,2,1.5573666,1.1881876
2010-03-16 17:00:00,2010-03-16 19:00:00,3,1.7136667,1.5858531
2010-03-16 17:00:00,2010-03-16 20:00:00,4,1.4661334,1.5785316
2010-03-16 17:00:00,2010-03-16 21:00:00,5,1.6969,1.4818407
2010-03-16 17:00:00,2010-03-16 22:00:00,6,1.9267666,1.2467256
2010-03-16 17:00:00,2010-03-16 23:00:00,7,0.44633332,0.6843554
2010-03-16 17:00:00,2010-03-17 00:00:00,8,0.34723333,0.5547273
2010-03-16 17:00:00,2010-03-17 01:00:00,9,0.31883332,0.4235102
2010-03-16 17:00:00,2010-03-17 02:00:00,10,0.4117,0.39162648
2010-03-16 17:00:00,2010-03-17 03:00:00,11,0.38026667,0.38873512
2010-03-16 17:00:00,2010-03-17 04:00:00,12,0.33183333,0.3871181
2010-03-16 17:00:00,2010-03-17 05:00:00,13,0.31906667,0.37477535
2010-03-16 17:00:00,2010-03-17 06:00:00,14,1.0988,0.66581744
2010-03-16 17:00:00,2010-03-17 07:00:00,15,2.0530334,1.6795287
2010-03-16 17:00:00,2010-03-17 08:00:00,16,2.0062332,1.6389698
2010-03-16 17:00:00,2010-03-17 09:00:00,17,1.9442333,1.5455774
2010-03-16 17:00:00,2010-03-17 10:00:00,18,1.4418666,1.5019615
2010-03-16 17:00:00,2010-03-17 11:00:00,19,1.7805333,1.4930588
2010-03-16 17:00:00,2010-03-17 12:00:00,20,2.9432333,1.4835227
2010-03-16 17:00:00,2010-03-17 13:00:00,21,2.5151334,1.4378557
2010-03-16 17:00:00,2010-03-17 14:00:00,22,1.7026666,1.3338304
2010-03-16 17:00:00,2010-03-17 15:00:00,23,1.6951,1.1758286
2010-03-16 17:00:00,2010-03-17 16:00:00,24,1.4500667,0.8382377
2010-03-17 17:00:00,2010-03-17 17:00:00,1,1.2703333,1.1249996
2010-03-17 17:00:00,2010-03-17 18:00:00,2,2.4340334,1.383827
2010-03-17 17:00:00,2010-03-17 19:00:00,3,1.7009667,1.7483411
2010-03-17 17:00:00,2010-03-17 20:00:00,4,1.3442,1.7286909
2010-03-17 17:00:00,2010-03-17 21:00:00,5,2.2485,1.6316438
2010-03-17 17:00:00,2010-03-17 22:00:00,6,1.3505334,1.3664243
2010-03-17 17:00:00,2010-03-17 23:00:00,7,0.3971,0.61084753
2010-03-17 17:00:00,2010-03-18 00:00:00,8,0.3686,0.4741422
2010-03-17 17:00:00,2010-03-18 01:00:00,9,0.38886666,0.39026004
2010-03-17 17:00:00,2010-03-18 02:00:00,10,0.31706667,0.34316576
2010-03-17 17:00:00,2010-03-18 03:00:00,11,0.33473334,0.33592492
2010-03-17 17:00:00,2010-03-18 04:00:00,12,0.30016667,0.32889497
2010-03-17 17:00:00,2010-03-18 05:00:00,13,0.6350333,0.3368156
2010-03-17 17:00:00,2010-03-18 06:00:00,14,1.9907,0.85108656
2010-03-17 17:00:00,2010-03-18 07:00:00,15,1.7793,1.7788979
2010-03-17 17:00:00,2010-03-18 08:00:00,16,1.7546,1.7572293
2010-03-17 17:00:00,2010-03-18 09:00:00,17,1.3706334,1.6136067
2010-03-17 17:00:00,2010-03-18 10:00:00,18,1.5128334,1.529589
2010-03-17 17:00:00,2010-03-18 11:00:00,19,0.5765,1.4834275
2010-03-17 17:00:00,2010-03-18 12:00:00,20,0.44226667,1.5241971
2010-03-17 17:00:00,2010-03-18 13:00:00,21,0.41023332,1.4633212
2010-03-17 17:00:00,2010-03-18 14:00:00,22,0.41486666,1.2998432
2010-03-17 17:00:00,2010-03-18 15:00:00,23,0.8074667,1.0495341
2010-03-17 17:00:00,2010-03-18 16:00:00,24,0.8887333,0.99601763
2010-03-18 17:00:00,2010-03-18 17:00:00,1,1.2522666,0.8466829
2010-03-18 17:00:00,2010-03-18 18:00:00,2,1.6198666,1.2854257
2010-03-18 17:00:00,2010-03-18 19:00:00,3,2.4974666,1.5276331
2010-03-18 17:00:00,2010-03-18 20:00:00,4,3.0169666,1.5603625
2010-03-18 17:00:00,2010-03-18 21:00:00,5,1.9589,1.5497862
2010-03-18 17:00:00,2010-03-18 22:00:00,6,0.8262,1.2692797
2010-03-18 17:00:00,2010-03-18 23:00:00,7,0.5804333,0.5278917
2010-03-18 17:00:00,2010-03-19 00:00:00,8,0.47986665,0.44670373
2010-03-18 17:00:00,2010-03-19 01:00:00,9,0.52633333,0.40504992
2010-03-18 17:00:00,2010-03-19 02:00:00,10,0.5513667,0.36139
2010-03-18 17:00:00,2010-03-19 03:00:00,11,0.73473334,0.36608434
2010-03-18 17:00:00,2010-03-19 04:00:00,12,0.903,0.34565467
2010-03-18 17:00:00,2010-03-19 05:00:00,13,0.5111333,0.35635787
2010-03-18 17:00:00,2010-03-19 06:00:00,14,0.73076665,1.0680779
2010-03-18 17:00:00,2010-03-19 07:00:00,15,1.4206,1.7090273
2010-03-18 17:00:00,2010-03-19 08:00:00,16,1.8107333,1.6951653
2010-03-18 17:00:00,2010-03-19 09:00:00,17,1.4098,1.6061153
2010-03-18 17:00:00,2010-03-19 10:00:00,18,1.4702,1.5137792
2010-03-18 17:00:00,2010-03-19 11:00:00,19,1.3697667,1.4566464
2010-03-18 17:00:00,2010-03-19 12:00:00,20,1.4409667,1.4759653
2010-03-18 17:00:00,2010-03-19 13:00:00,21,1.4527333,1.3942188
2010-03-18 17:00:00,2010-03-19 14:00:00,22,1.5994667,1.2635711
2010-03-18 17:00:00,2010-03-19 15:00:00,23,1.4221,1.196233
2010-03-18 17:00:00,2010-03-19 16:00:00,24,0.4469,1.0517223
2010-04-04 17:00:00,2010-04-04 17:00:00,1,2.7621334,1.5039308
2010-04-04 17:00:00,2010-04-04 18:00:00,2,2.0107,1.2495067
2010-04-04 17:00:00,2010-04-04 19:00:00,3,2.0158,1.5990632
2010-04-04 17:00:00,2010-04-04 20:00:00,4,1.1565666,2.0122805
2010-04-04 17:00:00,2010-04-04 21:00:00,5,0.42906666,1.97546
2010-04-04 17:00:00,2010-04-04 22:00:00,6,0.5060667,1.3313985
2010-04-04 17:00:00,2010-04-04 23:00:00,7,0.5043667,0.5879164
2010-04-04 17:00:00,2010-04-05 00:00:00,8,0.36236668,0.43335855
2010-04-04 17:00:00,2010-04-05 01:00:00,9,0.28886667,0.40844107
2010-04-04 17:00:00,2010-04-05 02:00:00,10,0.44733334,0.3987903
2010-04-04 17:00:00,2010-04-05 03:00:00,11,0.83133334,0.40291137
2010-04-04 17:00:00,2010-04-05 04:00:00,12,0.3,0.37134093
2010-04-04 17:00:00,2010-04-05 05:00:00,13,0.3066,0.437599
2010-04-04 17:00:00,2010-04-05 06:00:00,14,0.35753334,0.69145226
2010-04-04 17:00:00,2010-04-05 07:00:00,15,0.8574,1.6239903
2010-04-04 17:00:00,2010-04-05 08:00:00,16,0.41753334,1.6925616
2010-04-04 17:00:00,2010-04-05 09:00:00,17,1.1238667,1.6563854
2010-04-04 17:00:00,2010-04-05 10:00:00,18,2.7682,1.6501129
2010-04-04 17:00:00,2010-04-05 11:00:00,19,1.3233666,1.6560974
2010-04-04 17:00:00,2010-04-05 12:00:00,20,0.851,1.6207376
2010-04-04 17:00:00,2010-04-05 13:00:00,21,0.34883332,1.6105103
2010-04-04 17:00:00,2010-04-05 14:00:00,22,0.2985,1.5081544
2010-04-04 17:00:00,2010-04-05 15:00:00,23,0.5606,1.4088298
2010-04-04 17:00:00,2010-04-05 16:00:00,24,0.5683,1.2611308
2010-04-05 17:00:00,2010-04-05 17:00:00,1,0.44466665,0.6220914
2010-04-05 17:00:00,2010-04-05 18:00:00,2,1.3840667,0.88038826
2010-04-05 17:00:00,2010-04-05 19:00:00,3,0.6501667,1.4124671
2010-04-05 17:00:00,2010-04-05 20:00:00,4,1.2092,1.6825112
2010-04-05 17:00:00,2010-04-05 21:00:00,5,2.0313,1.647048
2010-04-05 17:00:00,2010-04-05 22:00:00,6,0.6023,1.2707938
2010-04-05 17:00:00,2010-04-05 23:00:00,7,0.31366667,0.81834483
2010-04-05 17:00:00,2010-04-06 00:00:00,8,0.31523332,0.5440642
2010-04-05 17:00:00,2010-04-06 01:00:00,9,0.39003333,0.4546715
2010-04-05 17:00:00,2010-04-06 02:00:00,10,0.35353333,0.42858535
2010-04-05 17:00:00,2010-04-06 03:00:00,11,0.29653335,0.4226339
2010-04-05 17:00:00,2010-04-06 04:00:00,12,0.3238,0.39212012
2010-04-05 17:00:00,2010-04-06 05:00:00,13,0.9582667,0.47521973
2010-04-05 17:00:00,2010-04-06 06:00:00,14,0.49876666,0.64882576
2010-04-05 17:00:00,2010-04-06 07:00:00,15,0.935,1.4890594
2010-04-05 17:00:00,2010-04-06 08:00:00,16,1.728,1.5723997
2010-04-05 17:00:00,2010-04-06 09:00:00,17,1.8342,1.6560597
2010-04-05 17:00:00,2010-04-06 10:00:00,18,2.0517666,1.6007448
2010-04-05 17:00:00,2010-04-06 11:00:00,19,1.9221333,1.5306761
2010-04-05 17:00:00,2010-04-06 12:00:00,20,1.5462,1.4174049
2010-04-05 17:00:00,2010-04-06 13:00:00,21,1.5704334,1.378076
2010-04-05 17:00:00,2010-04-06 14:00:00,22,1.9942666,1.3070124
2010-04-05 17:00:00,2010-04-06 15:00:00,23,1.9803,1.3093631
2010-04-05 17:00:00,2010-04-06 16:00:00,24,0.7770333,1.1325035
2010-04-06 17:00:00,2010-04-06 17:00:00,1,0.73796666,0.72662246
2010-04-06 17:00:00,2010-04-06 18:00:00,2,0.7173,0.9194714
2010-04-06 17:00:00,2010-04-06 19:00:00,3,0.8582,1.2449014
2010-04-06 17:00:00,2010-04-06 20:00:00,4,3.1991,1.723371
2010-04-06 17:00:00,2010-04-06 21:00:00,5,2.5128667,1.8377452
2010-04-06 17:00:00,2010-04-06 22:00:00,6,2.0876,1.1345814
2010-04-06 17:00:00,2010-04-06 23:00:00,7,0.8423333,0.48497933
2010-04-06 17:00:00,2010-04-07 00:00:00,8,0.34443334,0.3994468
2010-04-06 17:00:00,2010-04-07 01:00:00,9,0.36466667,0.35984117
2010-04-06 17:00:00,2010-04-07 02:00:00,10,0.93453336,0.35199004
2010-04-06 17:00:00,2010-04-07 03:00:00,11,0.47866666,0.35040545
2010-04-06 17:00:00,2010-04-07 04:00:00,12,0.39893332,0.33413655
2010-04-06 17:00:00,2010-04-07 05:00:00,13,0.42973334,0.44400424
2010-04-06 17:00:00,2010-04-07 06:00:00,14,0.9964333,0.63480073
2010-04-06 17:00:00,2010-04-07 07:00:00,15,2.4640667,1.5577118
2010-04-06 17:00:00,2010-04-07 08:00:00,16,1.4139,1.6802726
2010-04-06 17:00:00,2010-04-07 09:00:00,17,1.3653667,1.7763369
2010-04-06 17:00:00,2010-04-07 10:00:00,18,1.4228,1.8241217
2010-04-06 17:00:00,2010-04-07 11:00:00,19,1.9333333,1.8084042
2010-04-06 17:00:00,2010-04-07 12:00:00,20,1.6007333,1.615767
2010-04-06 17:00:00,2010-04-07 13:00:00,21,1.6148,1.5146413
2010-04-06 17:00:00,2010-04-07 14:00:00,22,2.0127332,1.3302706
2010-04-06 17:00:00,2010-04-07 15:00:00,23,0.63876665,1.1890303
2010-04-06 17:00:00,2010-04-07 16:00:00,24,0.43076667,1.0496182
2010-04-07 17:00:00,2010-04-07 17:00:00,1,0.3765,0.48649722
2010-04-07 17:00:00,2010-04-07 18:00:00,2,0.43633333,0.6036573
2010-04-07 17:00:00,2010-04-07 19:00:00,3,0.7996,1.3543555
2010-04-07 17:00:00,2010-04-07 20:00:00,4,2.7103,2.171964
2010-04-07 17:00:00,2010-04-07 21:00:00,5,1.7610333,2.2663865
2010-04-07 17:00:00,2010-04-07 22:00:00,6,1.3279667,1.7487566
2010-04-07 17:00:00,2010-04-07 23:00:00,7,0.35996667,0.745875
2010-04-07 17:00:00,2010-04-08 00:00:00,8,0.40133333,0.43313873
2010-04-07 17:00:00,2010-04-08 01:00:00,9,0.9679667,0.3773563
2010-04-07 17:00:00,2010-04-08 02:00:00,10,0.51773334,0.3783753
2010-04-07 17:00:00,2010-04-08 03:00:00,11,0.34426665,0.37120807
2010-04-07 17:00:00,2010-04-08 04:00:00,12,0.30563334,0.36564314
2010-04-07 17:00:00,2010-04-08 05:00:00,13,0.36313334,0.46309114
2010-04-07 17:00:00,2010-04-08 06:00:00,14,0.6800333,0.8440689
2010-04-07 17:00:00,2010-04-08 07:00:00,15,2.0141,1.71824
2010-04-07 17:00:00,2010-04-08 08:00:00,16,1.8648666,1.6543987
2010-04-07 17:00:00,2010-04-08 09:00:00,17,1.4587333,1.6224217
2010-04-07 17:00:00,2010-04-08 10:00:00,18,1.4527667,1.574043
2010-04-07 17:00:00,2010-04-08 11:00:00,19,1.4484333,1.6535878
2010-04-07 17:00:00,2010-04-08 12:00:00,20,1.5700667,1.5646853
2010-04-07 17:00:00,2010-04-08 13:00:00,21,1.5657,1.4629731
2010-04-07 17:00:00,2010-04-08 14:00:00,22,1.2318667,1.1794581
2010-04-07 17:00:00,2010-04-08 15:00:00,23,0.40376666,0.982694
2010-04-07 17:00:00,2010-04-08 16:00:00,24,0.35683334,1.031356
2010-04-08 17:00:00,2010-04-08 17:00:00,1,0.55806667,0.4227724
2010-04-08 17:00:00,2010-04-08 18:00:00,2,0.8494667,0.56020916
2010-04-08 17:00:00,2010-04-08 19:00:00,3,1.5706,1.4126415
2010-04-08 17:00:00,2010-04-08 20:00:00,4,2.6542666,2.3255258
2010-04-08 17:00:00,2010-04-08 21:00:00,5,2.5194333,2.0510974
2010-04-08 17:00:00,2010-04-08 22:00:00,6,1.9635,1.4869852
2010-04-08 17:00:00,2010-04-08 23:00:00,7,0.42443332,0.601286
2010-04-08 17:00:00,2010-04-09 00:00:00,8,0.31543332,0.4573071
2010-04-08 17:00:00,2010-04-09 01:00:00,9,0.33146667,0.43327355
2010-04-08 17:00:00,2010-04-09 02:00:00,10,0.28536665,0.40176696
2010-04-08 17:00:00,2010-04-09 03:00:00,11,0.3654,0.38676834
2010-04-08 17:00:00,2010-04-09 04:00:00,12,0.35596666,0.36817247
2010-04-08 17:00:00,2010-04-09 05:00:00,13,0.3725,0.42603117
2010-04-08 17:00:00,2010-04-09 06:00:00,14,0.86433333,0.7537074
2010-04-08 17:00:00,2010-04-09 07:00:00,15,2.0195334,1.807059
2010-04-08 17:00:00,2010-04-09 08:00:00,16,2.0941334,1.6797197
2010-04-08 17:00:00,2010-04-09 09:00:00,17,1.9298333,1.5830756
2010-04-08 17:00:00,2010-04-09 10:00:00,18,1.4441667,1.5809743
2010-04-08 17:00:00,2010-04-09 11:00:00,19,1.4657,1.5769044
2010-04-08 17:00:00,2010-04-09 12:00:00,20,1.2059667,1.5111082
2010-04-08 17:00:00,2010-04-09 13:00:00,21,0.33653334,1.3639308
2010-04-08 17:00:00,2010-04-09 14:00:00,22,0.4758,1.1882498
2010-04-08 17:00:00,2010-04-09 15:00:00,23,0.43883333,0.8922372
2010-04-08 17:00:00,2010-04-09 16:00:00,24,1.3990667,0.74070895
2010-04-09 17:00:00,2010-04-09 17:00:00,1,1.2937666,1.4646056
2010-04-09 17:00:00,2010-04-09 18:00:00,2,0.45643333,1.3360884
2010-04-09 17:00:00,2010-04-09 19:00:00,3,0.5301333,1.627392
2010-04-09 17:00:00,2010-04-09 20:00:00,4,0.4002,2.0908878
2010-04-09 17:00:00,2010-04-09 21:00:00,5,0.5482,1.9592118
2010-04-09 17:00:00,2010-04-09 22:00:00,6,1.1739666,1.342349
2010-04-09 17:00:00,2010-04-09 23:00:00,7,0.4531,0.53105396
2010-04-09 17:00:00,2010-04-10 00:00:00,8,0.4239,0.43584114
2010-04-09 17:00:00,2010-04-10 01:00:00,9,0.32263333,0.3900891
2010-04-09 17:00:00,2010-04-10 02:00:00,10,0.33673334,0.37372553
2010-04-09 17:00:00,2010-04-10 03:00:00,11,0.29036668,0.3626147
2010-04-09 17:00:00,2010-04-10 04:00:00,12,0.35203335,0.34959728
2010-04-09 17:00:00,2010-04-10 05:00:00,13,0.82643336,0.4046321
2010-04-09 17:00:00,2010-04-10 06:00:00,14,0.7959333,0.69346094
2010-04-09 17:00:00,2010-04-10 07:00:00,15,2.0136666,1.7918134
2010-04-09 17:00:00,2010-04-10 08:00:00,16,1.4761333,1.7886162
2010-04-09 17:00:00,2010-04-10 09:00:00,17,1.3856,1.7307316
2010-04-09 17:00:00,2010-04-10 10:00:00,18,1.5903333,1.7256312
2010-04-09 17:00:00,2010-04-10 11:00:00,19,0.52346665,1.6825103
2010-04-09 17:00:00,2010-04-10 12:00:00,20,0.5199,1.5676957
2010-04-09 17:00:00,2010-04-10 13:00:00,21,0.39986667,1.396882
2010-04-09 17:00:00,2010-04-10 14:00:00,22,0.29676667,1.3111517
2010-04-09 17:00:00,2010-04-10 15:00:00,23,0.3648,1.2635189
2010-04-09 17:00:00,2010-04-10 16:00:00,24,0.51533335,1.2742634
2010-04-25 17:00:00,2010-04-25 17:00:00,1,0.3283,0.4494292
2010-04-25 17:00:00,2010-04-25 18:00:00,2,0.38276666,0.64978373
2010-04-25 17:00:00,2010-04-25 19:00:00,3,0.43536666,1.2286638
2010-04-25 17:00:00,2010-04-25 20:00:00,4,0.36833334,1.3743333
2010-04-25 17:00:00,2010-04-25 21:00:00,5,0.36783335,1.3616022
2010-04-25 17:00:00,2010-04-25 22:00:00,6,0.9214333,1.1821499
2010-04-25 17:00:00,2010-04-25 23:00:00,7,0.39616665,0.7339529
2010-04-25 17:00:00,2010-04-26 00:00:00,8,0.4195,0.59809583
2010-04-25 17:00:00,2010-04-26 01:00:00,9,0.3576,0.6186686
2010-04-25 17:00:00,2010-04-26 02:00:00,10,0.3525,0.666996
2010-04-25 17:00:00,2010-04-26 03:00:00,11,0.36146668,0.5849135
2010-04-25 17:00:00,2010-04-26 04:00:00,12,0.39893332,0.5664566
2010-04-25 17:00:00,2010-04-26 05:00:00,13,0.3567,0.6165414
2010-04-25 17:00:00,2010-04-26 06:00:00,14,0.35583332,0.69870776
2010-04-25 17:00:00,2010-04-26 07:00:00,15,0.35833332,0.96144557
2010-04-25 17:00:00,2010-04-26 08:00:00,16,1.1722333,1.0248212
2010-04-25 17:00:00,2010-04-26 09:00:00,17,0.57556665,1.2932736
2010-04-25 17:00:00,2010-04-26 10:00:00,18,0.399,1.4328208
2010-04-25 17:00:00,2010-04-26 11:00:00,19,0.5157667,1.4370682
2010-04-25 17:00:00,2010-04-26 12:00:00,20,0.41466665,1.4283755
2010-04-25 17:00:00,2010-04-26 13:00:00,21,0.5905667,1.4106612
2010-04-25 17:00:00,2010-04-26 14:00:00,22,0.42476666,1.2343878
2010-04-25 17:00:00,2010-04-26 15:00:00,23,1.7113667,1.0037652
2010-04-25 17:00:00,2010-04-26 16:00:00,24,0.9776,0.7764108
2010-04-26 17:00:00,2010-04-26 17:00:00,1,0.376,0.59483683
2010-04-26 17:00:00,2010-04-26 18:00:00,2,0.48513332,0.64312303
2010-04-26 17:00:00,2010-04-26 19:00:00,3,1.4830333,0.7278061
2010-04-26 17:00:00,2010-04-26 20:00:00,4,1.4643,0.67311335
2010-04-26 17:00:00,2010-04-26 21:00:00,5,1.4257667,0.64646757
2010-04-26 17:00:00,2010-04-26 22:00:00,6,2.1843333,0.5533798
2010-04-26 17:00:00,2010-04-26 23:00:00,7,0.8843,0.47081226
2010-04-26 17:00:00,2010-04-27 00:00:00,8,0.90566665,0.47232753
2010-04-26 17:00:00,2010-04-27 01:00:00,9,0.84493333,0.4570691
2010-04-26 17:00:00,2010-04-27 02:00:00,10,0.8372667,0.4504792
2010-04-26 17:00:00,2010-04-27 03:00:00,11,0.7849333,0.44741297
2010-04-26 17:00:00,2010-04-27 04:00:00,12,0.8844333,0.4404763
2010-04-26 17:00:00,2010-04-27 05:00:00,13,0.8395,0.43698448
2010-04-26 17:00:00,2010-04-27 06:00:00,14,0.8296667,0.48094398
2010-04-26 17:00:00,2010-04-27 07:00:00,15,0.805,0.5865693
2010-04-26 17:00:00,2010-04-27 08:00:00,16,2.2631667,0.6198063
2010-04-26 17:00:00,2010-04-27 09:00:00,17,1.5056666,0.62174344
2010-04-26 17:00:00,2010-04-27 10:00:00,18,1.4813,0.6753695
2010-04-26 17:00:00,2010-04-27 11:00:00,19,1.4488667,0.74700546
2010-04-26 17:00:00,2010-04-27 12:00:00,20,1.5308334,0.8039608
2010-04-26 17:00:00,2010-04-27 13:00:00,21,1.0180334,0.83734083
2010-04-26 17:00:00,2010-04-27 14:00:00,22,0.5066,0.76324403
2010-04-26 17:00:00,2010-04-27 15:00:00,23,0.44523335,0.715814
2010-04-26 17:00:00,2010-04-27 16:00:00,24,0.4316,0.63892424
2010-04-27 17:00:00,2010-04-27 17:00:00,1,0.33816665,0.43252867
2010-04-27 17:00:00,2010-04-27 18:00:00,2,0.41353333,0.50813586
2010-04-27 17:00:00,2010-04-27 19:00:00,3,0.3387,0.9317466
2010-04-27 17:00:00,2010-04-27 20:00:00,4,0.4153,1.0351899
2010-04-27 17:00:00,2010-04-27 21:00:00,5,0.3497,1.19177
2010-04-27 17:00:00,2010-04-27 22:00:00,6,0.44313332,1.0536447
2010-04-27 17:00:00,2010-04-27 23:00:00,7,1.1877667,0.5712735
2010-04-27 17:00:00,2010-04-28 00:00:00,8,0.41583332,0.51114076
2010-04-27 17:00:00,2010-04-28 01:00:00,9,0.33766666,0.48857766
2010-04-27 17:00:00,2010-04-28 02:00:00,10,0.351,0.48534828
2010-04-27 17:00:00,2010-04-28 03:00:00,11,0.32276666,0.48371476
2010-04-27 17:00:00,2010-04-28 04:00:00,12,0.40406665,0.47834927
2010-04-27 17:00:00,2010-04-28 05:00:00,13,0.3438,0.5084543
2010-04-27 17:00:00,2010-04-28 06:00:00,14,0.35293335,0.5744336
2010-04-27 17:00:00,2010-04-28 07:00:00,15,0.36983332,0.8961058
2010-04-27 17:00:00,2010-04-28 08:00:00,16,0.381,1.203676
2010-04-27 17:00:00,2010-04-28 09:00:00,17,0.74543333,1.2900302
2010-04-27 17:00:00,2010-04-28 10:00:00,18,1.4462,1.3193382
2010-04-27 17:00:00,2010-04-28 11:00:00,19,1.0110333,1.3012056
2010-04-27 17:00:00,2010-04-28 12:00:00,20,0.46066666,1.3055458
2010-04-27 17:00:00,2010-04-28 13:00:00,21,0.32486665,1.2423296
2010-04-27 17:00:00,2010-04-28 14:00:00,22,0.38823333,1.1269987
2010-04-27 17:00:00,2010-04-28 15:00:00,23,0.38673332,1.0701456
2010-04-27 17:00:00,2010-04-28 16:00:00,24,0.44023332,0.88019377
2010-04-28 17:00:00,2010-04-28 17:00:00,1,0.37943333,0.404826
2010-04-28 17:00:00,2010-04-28 18:00:00,2,0.47446668,0.41429198
2010-04-28 17:00:00,2010-04-28 19:00:00,3,1.3490334,0.43953222
2010-04-28 17:00:00,2010-04-28 20:00:00,4,1.8294667,0.45119178
2010-04-28 17:00:00,2010-04-28 21:00:00,5,1.0706,0.5000694
2010-04-28 17:00:00,2010-04-28 22:00:00,6,0.3947,0.4800601
2010-04-28 17:00:00,2010-04-28 23:00:00,7,0.4843,0.44123024
2010-04-28 17:00:00,2010-04-29 00:00:00,8,1.5426,0.42843843
2010-04-28 17:00:00,2010-04-29 01:00:00,9,0.7933667,0.42548877
2010-04-28 17:00:00,2010-04-29 02:00:00,10,0.7035667,0.41637063
2010-04-28 17:00:00,2010-04-29 03:00:00,11,0.70163333,0.4189
2010-04-28 17:00:00,2010-04-29 04:00:00,12,0.7249333,0.41850948
2010-04-28 17:00:00,2010-04-29 05:00:00,13,0.6062667,0.4168976
2010-04-28 17:00:00,2010-04-29 06:00:00,14,0.7924,0.43917358
2010-04-28 17:00:00,2010-04-29 07:00:00,15,1.4452333,0.47951216
2010-04-28 17:00:00,2010-04-29 08:00:00,16,1.6148334,0.5764947
2010-04-28 17:00:00,2010-04-29 09:00:00,17,1.8318,0.70472234
2010-04-28 17:00:00,2010-04-29 10:00:00,18,1.2689,1.0868165
2010-04-28 17:00:00,2010-04-29 11:00:00,19,0.35363334,1.04806
2010-04-28 17:00:00,2010-04-29 12:00:00,20,0.3387,1.031169
2010-04-28 17:00:00,2010-04-29 13:00:00,21,0.3834,0.8101521
2010-04-28 17:00:00,2010-04-29 14:00:00,22,0.4287,0.58139825
2010-04-28 17:00:00,2010-04-29 15:00:00,23,0.37493333,0.53810596
2010-04-28 17:00:00,2010-04-29 16:00:00,24,0.35006666,0.4802094
2010-04-29 17:00:00,2010-04-29 17:00:00,1,0.5626,0.35026324
2010-04-29 17:00:00,2010-04-29 18:00:00,2,0.8042667,0.35693222
2010-04-29 17:00:00,2010-04-29 19:00:00,3,1.2683333,0.38807493
2010-04-29 17:00:00,2010-04-29 20:00:00,4,0.37853333,0.3806991
2010-04-29 17:00:00,2010-04-29 21:00:00,5,0.34723333,0.37957346
2010-04-29 17:00:00,2010-04-29 22:00:00,6,0.3579,0.40226752
2010-04-29 17:00:00,2010-04-29 23:00:00,7,0.42156667,0.37879866
2010-04-29 17:00:00,2010-04-30 00:00:00,8,0.41556665,0.37481773
2010-04-29 17:00:00,2010-04-30 01:00:00,9,0.3475,0.36941737
2010-04-29 17:00:00,2010-04-30 02:00:00,10,0.36446667,0.35831368
2010-04-29 17:00:00,2010-04-30 03:00:00,11,0.35,0.36247355
2010-04-29 17:00:00,2010-04-30 04:00:00,12,1.0403666,0.36119753
2010-04-29 17:00:00,2010-04-30 05:00:00,13,0.52926666,0.35903502
2010-04-29 17:00:00,2010-04-30 06:00:00,14,0.34483334,0.3693657
2010-04-29 17:00:00,2010-04-30 07:00:00,15,0.33043334,0.38742477
2010-04-29 17:00:00,2010-04-30 08:00:00,16,0.3597,0.4131118
2010-04-29 17:00:00,2010-04-30 09:00:00,17,0.9388667,0.45284194
2010-04-29 17:00:00,2010-04-30 10:00:00,18,1.2614334,0.4836899
2010-04-29 17:00:00,2010-04-30 11:00:00,19,0.61576664,0.48179173
2010-04-29 17:00:00,2010-04-30 12:00:00,20,1.9986,0.4511674
2010-04-29 17:00:00,2010-04-30 13:00:00,21,0.977,0.4258951
2010-04-29 17:00:00,2010-04-30 14:00:00,22,1.4853333,0.41748446
2010-04-29 17:00:00,2010-04-30 15:00:00,23,0.86053336,0.43737632
2010-04-29 17:00:00,2010-04-30 16:00:00,24,0.9906,0.45151746
2010-04-30 17:00:00,2010-04-30 17:00:00,1,2.8436334,0.8654656
2010-04-30 17:00:00,2010-04-30 18:00:00,2,0.7098333,0.8536916
2010-04-30 17:00:00,2010-04-30 19:00:00,3,0.36363333,0.9615784
2010-04-30 17:00:00,2010-04-30 20:00:00,4,0.35053334,0.9996402
2010-04-30 17:00:00,2010-04-30 21:00:00,5,0.35133332,0.8947973
2010-04-30 17:00:00,2010-04-30 22:00:00,6,0.43046665,0.7401443
2010-04-30 17:00:00,2010-04-30 23:00:00,7,0.3841,0.6041343
2010-04-30 17:00:00,2010-05-01 00:00:00,8,0.3496,0.58454776
2010-04-30 17:00:00,2010-05-01 01:00:00,9,0.4738,0.5389613
2010-04-30 17:00:00,2010-05-01 02:00:00,10,0.7753,0.52763563
2010-04-30 17:00:00,2010-05-01 03:00:00,11,0.38893333,0.50727123
2010-04-30 17:00:00,2010-05-01 04:00:00,12,0.35083333,0.5107696
2010-04-30 17:00:00,2010-05-01 05:00:00,13,0.3363,0.5413473
2010-04-30 17:00:00,2010-05-01 06:00:00,14,0.37316668,0.6250063
2010-04-30 17:00:00,2010-05-01 07:00:00,15,0.41573334,0.76474595
2010-04-30 17:00:00,2010-05-01 08:00:00,16,0.31133333,1.0196705
2010-04-30 17:00:00,2010-05-01 09:00:00,17,0.3417,1.1343633
2010-04-30 17:00:00,2010-05-01 10:00:00,18,1.2088,1.2125291
2010-04-30 17:00:00,2010-05-01 11:00:00,19,2.6106,1.077876
2010-04-30 17:00:00,2010-05-01 12:00:00,20,1.5781333,1.0573672
2010-04-30 17:00:00,2010-05-01 13:00:00,21,0.5086,0.9115225
2010-04-30 17:00:00,2010-05-01 14:00:00,22,2.5501,0.7394785
2010-04-30 17:00:00,2010-05-01 15:00:00,23,1.1692333,0.603055
2010-04-30 17:00:00,2010-05-01 16:00:00,24,0.50443333,0.5553886
2010-05-01 17:00:00,2010-05-01 17:00:00,1,0.4151,0.44320554
2010-05-01 17:00:00,2010-05-01 18:00:00,2,0.3371,0.45839226
2010-05-01 17:00:00,2010-05-01 19:00:00,3,0.5240333,0.46487746
2010-05-01 17:00:00,2010-05-01 20:00:00,4,0.8862333,0.47730327
2010-05-01 17:00:00,2010-05-01 21:00:00,5,1.5693667,0.47771373
2010-05-01 17:00:00,2010-05-01 22:00:00,6,2.5912333,0.47508574
2010-05-01 17:00:00,2010-05-01 23:00:00,7,1.4329667,0.44452405
2010-05-01 17:00:00,2010-05-02 00:00:00,8,0.35856667,0.44245777
2010-05-01 17:00:00,2010-05-02 01:00:00,9,0.35653332,0.4320163
2010-05-01 17:00:00,2010-05-02 02:00:00,10,0.39083335,0.43076593
2010-05-01 17:00:00,2010-05-02 03:00:00,11,0.3836,0.42966652
2010-05-01 17:00:00,2010-05-02 04:00:00,12,0.36403334,0.42660004
2010-05-01 17:00:00,2010-05-02 05:00:00,13,0.36226666,0.42426538
2010-05-01 17:00:00,2010-05-02 06:00:00,14,0.35003334,0.44221452
2010-05-01 17:00:00,2010-05-02 07:00:00,15,1.5182333,0.4769432
2010-05-01 17:00:00,2010-05-02 08:00:00,16,1.5409666,0.543648
2010-05-01 17:00:00,2010-05-02 09:00:00,17,1.636,0.6087265
2010-05-01 17:00:00,2010-05-02 10:00:00,18,0.83353335,0.89442474
2010-05-01 17:00:00,2010-05-02 11:00:00,19,1.6141666,0.8290112
2010-05-01 17:00:00,2010-05-02 12:00:00,20,3.5630667,0.90659255
2010-05-01 17:00:00,2010-05-02 13:00:00,21,3.5252333,0.7887229
2010-05-01 17:00:00,2010-05-02 14:00:00,22,1.9146333,0.75634366
2010-05-01 17:00:00,2010-05-02 15:00:00,23,2.2805333,0.7357529
2010-05-01 17:00:00,2010-05-02 16:00:00,24,1.7898333,0.6584847
2010-05-02 17:00:00,2010-05-02 17:00:00,1,1.7991333,1.719187
2010-05-02 17:00:00,2010-05-02 18:00:00,2,1.7934667,1.7133088
2010-05-02 17:00:00,2010-05-02 19:00:00,3,3.7739,1.6762494
2010-05-02 17:00:00,2010-05-02 20:00:00,4,2.5308,1.6232709
2010-05-02 17:00:00,2010-05-02 21:00:00,5,2.776,1.5719934
2010-05-02 17:00:00,2010-05-02 22:00:00,6,0.61793333,1.4256442
2010-05-02 17:00:00,2010-05-02 23:00:00,7,0.39186665,1.0001744
2010-05-02 17:00:00,2010-05-03 00:00:00,8,0.41223332,0.90342426
2010-05-02 17:00:00,2010-05-03 01:00:00,9,0.37496668,0.7837775
2010-05-02 17:00:00,2010-05-03 02:00:00,10,0.3439,0.7540242
2010-05-02 17:00:00,2010-05-03 03:00:00,11,0.34063333,0.67468214
2010-05-02 17:00:00,2010-05-03 04:00:00,12,1.0999334,0.65023744
2010-05-02 17:00:00,2010-05-03 05:00:00,13,0.3263,0.6564264
2010-05-02 17:00:00,2010-05-03 06:00:00,14,0.77143335,0.7049525
2010-05-02 17:00:00,2010-05-03 07:00:00,15,2.0927,0.7907477
2010-05-02 17:00:00,2010-05-03 08:00:00,16,1.4167,1.0714846
2010-05-02 17:00:00,2010-05-03 09:00:00,17,1.3820333,1.3293672
2010-05-02 17:00:00,2010-05-03 10:00:00,18,1.3711667,1.4206831
2010-05-02 17:00:00,2010-05-03 11:00:00,19,1.3226334,1.4594309
2010-05-02 17:00:00,2010-05-03 12:00:00,20,0.9827667,1.4408518
2010-05-02 17:00:00,2010-05-03 13:00:00,21,0.3752,1.3724078
2010-05-02 17:00:00,2010-05-03 14:00:00,22,0.34176666,1.2442334
2010-05-02 17:00:00,2010-05-03 15:00:00,23,0.3299,0.9760642
2010-05-02 17:00:00,2010-05-03 16:00:00,24,0.35293335,0.7757728
2010-05-03 17:00:00,2010-05-03 17:00:00,1,0.37,0.35813987
2010-05-03 17:00:00,2010-05-03 18:00:00,2,0.5389,0.3719269
2010-05-03 17:00:00,2010-05-03 19:00:00,3,2.1568334,0.4615698
2010-05-03 17:00:00,2010-05-03 20:00:00,4,2.6444666,0.41343856
2010-05-03 17:00:00,2010-05-03 21:00:00,5,2.3928,0.45079118
2010-05-03 17:00:00,2010-05-03 22:00:00,6,1.4212,0.4330992
2010-05-03 17:00:00,2010-05-03 23:00:00,7,0.3603,0.42730784
2010-05-03 17:00:00,2010-05-04 00:00:00,8,0.3779,0.388678
2010-05-03 17:00:00,2010-05-04 01:00:00,9,0.33353335,0.36865515
2010-05-03 17:00:00,2010-05-04 02:00:00,10,0.3046,0.3589381
2010-05-03 17:00:00,2010-05-04 03:00:00,11,0.37926668,0.3686912
2010-05-03 17:00:00,2010-05-04 04:00:00,12,0.33933333,0.40069497
2010-05-03 17:00:00,2010-05-04 05:00:00,13,0.29293334,0.36891097
2010-05-03 17:00:00,2010-05-04 06:00:00,14,0.89676666,0.36721063
2010-05-03 17:00:00,2010-05-04 07:00:00,15,1.1859,0.4176646
2010-05-03 17:00:00,2010-05-04 08:00:00,16,1.9222333,0.5488006
2010-05-03 17:00:00,2010-05-04 09:00:00,17,1.9374666,1.048926
2010-05-03 17:00:00,2010-05-04 10:00:00,18,1.8925333,1.0635103
2010-05-03 17:00:00,2010-05-04 11:00:00,19,1.4468334,1.104107
2010-05-03 17:00:00,2010-05-04 12:00:00,20,1.3913,1.2164913
2010-05-03 17:00:00,2010-05-04 13:00:00,21,1.3236333,1.0747881
2010-05-03 17:00:00,2010-05-04 14:00:00,22,1.3724,1.0220712
2010-05-03 17:00:00,2010-05-04 15:00:00,23,1.3889667,1.020808
2010-05-03 17:00:00,2010-05-04 16:00:00,24,0.7543333,0.98288465
2010-05-04 17:00:00,2010-05-04 17:00:00,1,0.5214,0.61625326
2010-05-04 17:00:00,2010-05-04 18:00:00,2,0.7041,0.62681204
2010-05-04 17:00:00,2010-05-04 19:00:00,3,1.3919667,0.91486436
2010-05-04 17:00:00,2010-05-04 20:00:00,4,1.9786333,0.9670636
2010-05-04 17:00:00,2010-05-04 21:00:00,5,1.4030666,0.7542895
2010-05-04 17:00:00,2010-05-04 22:00:00,6,1.1828667,0.54286474
2010-05-04 17:00:00,2010-05-04 23:00:00,7,0.5607,0.41651362
2010-05-04 17:00:00,2010-05-05 00:00:00,8,0.36133334,0.37554944
2010-05-04 17:00:00,2010-05-05 01:00:00,9,0.29863334,0.3491279
2010-05-04 17:00:00,2010-05-05 02:00:00,10,0.37863332,0.34092748
2010-05-04 17:00:00,2010-05-05 03:00:00,11,0.8437667,0.35044622
2010-05-04 17:00:00,2010-05-05 04:00:00,12,0.57,0.34944487
2010-05-04 17:00:00,2010-05-05 05:00:00,13,0.29203334,0.3682418
2010-05-04 17:00:00,2010-05-05 06:00:00,14,0.6113667,0.4581889
2010-05-04 17:00:00,2010-05-05 07:00:00,15,1.5195333,0.7908474
2010-05-04 17:00:00,2010-05-05 08:00:00,16,1.2416333,1.16827
2010-05-04 17:00:00,2010-05-05 09:00:00,17,2.3683,1.305203
2010-05-04 17:00:00,2010-05-05 10:00:00,18,2.1899667,1.2736615
2010-05-04 17:00:00,2010-05-05 11:00:00,19,1.5189667,1.1724173
2010-05-04 17:00:00,2010-05-05 12:00:00,20,1.4798666,1.0133145
2010-05-04 17:00:00,2010-05-05 13:00:00,21,1.4567667,0.5949688
2010-05-04 17:00:00,2010-05-05 14:00:00,22,2.4275334,0.51106143
2010-05-04 17:00:00,2010-05-05 15:00:00,23,1.9371,0.40920943
2010-05-04 17:00:00,2010-05-05 16:00:00,24,0.45446667,0.38036722
2010-05-05 17:00:00,2010-05-05 17:00:00,1,0.58453333,0.3869354
2010-05-05 17:00:00,2010-05-05 18:00:00,2,0.76856667,0.39691013
2010-05-05 17:00:00,2010-05-05 19:00:00,3,1.3298334,0.7748248
2010-05-05 17:00:00,2010-05-05 20:00:00,4,1.8826333,0.8101822
2010-05-05 17:00:00,2010-05-05 21:00:00,5,3.1247,0.5732663
2010-05-05 17:00:00,2010-05-05 22:00:00,6,1.8031666,0.47207087
2010-05-05 17:00:00,2010-05-05 23:00:00,7,0.6451333,0.390419
2010-05-05 17:00:00,2010-05-06 00:00:00,8,0.3465,0.3701399
2010-05-05 17:00:00,2010-05-06 01:00:00,9,0.38966668,0.3485313
2010-05-05 17:00:00,2010-05-06 02:00:00,10,0.3371,0.33978325
2010-05-05 17:00:00,2010-05-06 03:00:00,11,0.6175,0.35784167
2010-05-05 17:00:00,2010-05-06 04:00:00,12,0.7809,0.35297537
2010-05-05 17:00:00,2010-05-06 05:00:00,13,0.32326666,0.34920222
2010-05-05 17:00:00,2010-05-06 06:00:00,14,0.5272,0.38964057
2010-05-05 17:00:00,2010-05-06 07:00:00,15,1.2249334,0.5497625
2010-05-05 17:00:00,2010-05-06 08:00:00,16,1.7262334,0.53502095
2010-05-05 17:00:00,2010-05-06 09:00:00,17,1.3930666,0.69636357
2010-05-05 17:00:00,2010-05-06 10:00:00,18,1.3164667,0.7584691
2010-05-05 17:00:00,2010-05-06 11:00:00,19,1.4319667,0.6246553
2010-05-05 17:00:00,2010-05-06 12:00:00,20,1.4989333,0.79552585
2010-05-05 17:00:00,2010-05-06 13:00:00,21,1.2481667,0.6496284
2010-05-05 17:00:00,2010-05-06 14:00:00,22,0.45546666,0.6735259
2010-05-05 17:00:00,2010-05-06 15:00:00,23,0.5316,1.1012274
2010-05-05 17:00:00,2010-05-06 16:00:00,24,0.34716666,0.88022065
2010-05-06 17:00:00,2010-05-06 17:00:00,1,0.4518,0.37710857
2010-05-06 17:00:00,2010-05-06 18:00:00,2,1.2337,0.5239122
2010-05-06 17:00:00,2010-05-06 19:00:00,3,1.8178667,1.3390565
2010-05-06 17:00:00,2010-05-06 20:00:00,4,1.4060667,1.6146835
2010-05-06 17:00:00,2010-05-06 21:00:00,5,0.9249333,1.5709612
2010-05-06 17:00:00,2010-05-06 22:00:00,6,0.87866664,1.3088044
2010-05-06 17:00:00,2010-05-06 23:00:00,7,0.445,0.67762226
2010-05-06 17:00:00,2010-05-07 00:00:00,8,0.3311,0.4770666
2010-05-06 17:00:00,2010-05-07 01:00:00,9,0.32666665,0.41255546
2010-05-06 17:00:00,2010-05-07 02:00:00,10,0.3429,0.41029632
2010-05-06 17:00:00,2010-05-07 03:00:00,11,0.36046666,0.4435035
2010-05-06 17:00:00,2010-05-07 04:00:00,12,1.0356,0.4539502
2010-05-06 17:00:00,2010-05-07 05:00:00,13,0.36173335,0.4180429
2010-05-06 17:00:00,2010-05-07 06:00:00,14,1.2250667,0.5746217
2010-05-06 17:00:00,2010-05-07 07:00:00,15,2.0432668,1.3140848
2010-05-06 17:00:00,2010-05-07 08:00:00,16,1.7176666,1.5162039
2010-05-06 17:00:00,2010-05-07 09:00:00,17,1.863,1.6046417
2010-05-06 17:00:00,2010-05-07 10:00:00,18,1.3217666,1.5508591
2010-05-06 17:00:00,2010-05-07 11:00:00,19,1.3786334,1.4006803
2010-05-06 17:00:00,2010-05-07 12:00:00,20,1.6298333,1.2515388
2010-05-06 17:00:00,2010-05-07 13:00:00,21,0.67333335,0.9992503
2010-05-06 17:00:00,2010-05-07 14:00:00,22,0.6678,0.57007915
2010-05-06 17:00:00,2010-05-07 15:00:00,23,1.3448666,0.56275547
2010-05-06 17:00:00,2010-05-07 16:00:00,24,0.90936667,0.42519993
2010-05-07 17:00:00,2010-05-07 17:00:00,1,0.36963335,0.5704618
2010-05-07 17:00:00,2010-05-07 18:00:00,2,0.5626,0.9127894
2010-05-07 17:00:00,2010-05-07 19:00:00,3,1.4755334,1.6931392
2010-05-07 17:00:00,2010-05-07 20:00:00,4,2.2909667,1.8822947
2010-05-07 17:00:00,2010-05-07 21:00:00,5,2.2999666,1.6453464
2010-05-07 17:00:00,2010-05-07 22:00:00,6,1.5582334,1.232366
2010-05-07 17:00:00,2010-05-07 23:00:00,7,1.3100667,0.46353245
2010-05-07 17:00:00,2010-05-08 00:00:00,8,1.0309334,0.3620819
2010-05-07 17:00:00,2010-05-08 01:00:00,9,2.1358333,0.35851955
2010-05-07 17:00:00,2010-05-08 02:00:00,10,1.2079,0.35245395
2010-05-07 17:00:00,2010-05-08 03:00:00,11,0.9025,0.39451528
2010-05-07 17:00:00,2010-05-08 04:00:00,12,0.3192,0.5285819
2010-05-07 17:00:00,2010-05-08 05:00:00,13,0.39076668,0.3691228
2010-05-07 17:00:00,2010-05-08 06:00:00,14,0.33366665,0.7843057
2010-05-07 17:00:00,2010-05-08 07:00:00,15,0.3592,1.4541173
2010-05-07 17:00:00,2010-05-08 08:00:00,16,0.50133336,1.6569933
2010-05-07 17:00:00,2010-05-08 09:00:00,17,2.4222333,1.7122974
2010-05-07 17:00:00,2010-05-08 10:00:00,18,2.6937666,1.5348477
2010-05-07 17:00:00,2010-05-08 11:00:00,19,2.1389,1.4624225
2010-05-07 17:00:00,2010-05-08 12:00:00,20,1.4613,1.4810308
2010-05-07 17:00:00,2010-05-08 13:00:00,21,1.4432666,1.2168317
2010-05-07 17:00:00,2010-05-08 14:00:00,22,1.4543,1.0785272
2010-05-07 17:00:00,2010-05-08 15:00:00,23,0.60823333,1.0752417
2010-05-07 17:00:00,2010-05-08 16:00:00,24,0.35373333,0.6499901
2010-05-08 17:00:00,2010-05-08 17:00:00,1,0.35506666,0.38568145
2010-05-08 17:00:00,2010-05-08 18:00:00,2,0.3776,0.5691184
2010-05-08 17:00:00,2010-05-08 19:00:00,3,0.32636666,1.329902
2010-05-08 17:00:00,2010-05-08 20:00:00,4,0.4219,1.6303599
2010-05-08 17:00:00,2010-05-08 21:00:00,5,3.2730334,1.5867963
2010-05-08 17:00:00,2010-05-08 22:00:00,6,0.5933,1.3657821
2010-05-08 17:00:00,2010-05-08 23:00:00,7,0.4527,0.86911184
2010-05-08 17:00:00,2010-05-09 00:00:00,8,0.41843334,0.52745736
2010-05-08 17:00:00,2010-05-09 01:00:00,9,0.5043333,0.4209833
2010-05-08 17:00:00,2010-05-09 02:00:00,10,0.40513334,0.41040295
2010-05-08 17:00:00,2010-05-09 03:00:00,11,0.4043,0.4216004
2010-05-08 17:00:00,2010-05-09 04:00:00,12,0.3339,0.46998286
2010-05-08 17:00:00,2010-05-09 05:00:00,13,0.34136668,0.40976495
2010-05-08 17:00:00,2010-05-09 06:00:00,14,0.91186666,0.55896306
2010-05-08 17:00:00,2010-05-09 07:00:00,15,0.5787,1.2995105
2010-05-08 17:00:00,2010-05-09 08:00:00,16,0.4759,1.5235617
2010-05-08 17:00:00,2010-05-09 09:00:00,17,0.7206333,1.7421442
2010-05-08 17:00:00,2010-05-09 10:00:00,18,2.589,1.6782951
2010-05-08 17:00:00,2010-05-09 11:00:00,19,2.0800667,1.5981138
2010-05-08 17:00:00,2010-05-09 12:00:00,20,1.5217,1.4985105
2010-05-08 17:00:00,2010-05-09 13:00:00,21,1.5006,1.1476778
2010-05-08 17:00:00,2010-05-09 14:00:00,22,1.6730334,1.0097129
2010-05-08 17:00:00,2010-05-09 15:00:00,23,0.9791,0.8275958
2010-05-08 17:00:00,2010-05-09 16:00:00,24,0.5596667,0.5298923
2010-05-09 17:00:00,2010-05-09 17:00:00,1,1.0072,0.4365331
2010-05-09 17:00:00,2010-05-09 18:00:00,2,0.92436665,0.5218712
2010-05-09 17:00:00,2010-05-09 19:00:00,3,1.8075,0.6995506
2010-05-09 17:00:00,2010-05-09 20:00:00,4,2.4892,1.0254827
2010-05-09 17:00:00,2010-05-09 21:00:00,5,2.3592668,1.5188518
2010-05-09 17:00:00,2010-05-09 22:00:00,6,1.1152333,1.4167557
2010-05-09 17:00:00,2010-05-09 23:00:00,7,0.408,0.7195387
2010-05-09 17:00:00,2010-05-10 00:00:00,8,0.4233,0.5002504
2010-05-09 17:00:00,2010-05-10 01:00:00,9,0.34986666,0.43564522
2010-05-09 17:00:00,2010-05-10 02:00:00,10,0.41043332,0.42671466
2010-05-09 17:00:00,2010-05-10 03:00:00,11,0.3747,0.42541856
2010-05-09 17:00:00,2010-05-10 04:00:00,12,0.359,0.40031326
2010-05-09 17:00:00,2010-05-10 05:00:00,13,0.8362,0.39890993
2010-05-09 17:00:00,2010-05-10 06:00:00,14,0.633,0.46312922
2010-05-09 17:00:00,2010-05-10 07:00:00,15,1.8666667,0.7150814
2010-05-09 17:00:00,2010-05-10 08:00:00,16,1.4740666,0.89090115
2010-05-09 17:00:00,2010-05-10 09:00:00,17,1.3697,1.2648649
2010-05-09 17:00:00,2010-05-10 10:00:00,18,1.4806,1.4427074
2010-05-09 17:00:00,2010-05-10 11:00:00,19,1.4476,1.4396486
2010-05-09 17:00:00,2010-05-10 12:00:00,20,1.1581334,1.3716489
2010-05-09 17:00:00,2010-05-10 13:00:00,21,0.39683333,1.1938292
2010-05-09 17:00:00,2010-05-10 14:00:00,22,0.6421667,0.98643154
2010-05-09 17:00:00,2010-05-10 15:00:00,23,0.4062,0.72356355
2010-05-09 17:00:00,2010-05-10 16:00:00,24,0.42703333,0.51424545
2010-05-10 17:00:00,2010-05-10 17:00:00,1,0.41973335,0.41452193
2010-05-10 17:00:00,2010-05-10 18:00:00,2,0.43106666,0.8515142
2010-05-10 17:00:00,2010-05-10 19:00:00,3,1.1695,1.6458948
2010-05-10 17:00:00,2010-05-10 20:00:00,4,2.4106667,1.7731035
2010-05-10 17:00:00,2010-05-10 21:00:00,5,2.9157,1.6351233
2010-05-10 17:00:00,2010-05-10 22:00:00,6,1.6507,1.1356353
2010-05-10 17:00:00,2010-05-10 23:00:00,7,1.412,0.50146174
2010-05-10 17:00:00,2010-05-11 00:00:00,8,1.4787667,0.42190665
2010-05-10 17:00:00,2010-05-11 01:00:00,9,1.4476334,0.3958615
2010-05-10 17:00:00,2010-05-11 02:00:00,10,1.4576666,0.39389068
2010-05-10 17:00:00,2010-05-11 03:00:00,11,0.3954,0.40534735
2010-05-10 17:00:00,2010-05-11 04:00:00,12,0.40703332,0.43350875
2010-05-10 17:00:00,2010-05-11 05:00:00,13,0.3084,0.39983815
2010-05-10 17:00:00,2010-05-11 06:00:00,14,0.7299333,0.7147037
2010-05-10 17:00:00,2010-05-11 07:00:00,15,2.1199,1.4764735
2010-05-10 17:00:00,2010-05-11 08:00:00,16,2.2432,1.5611379
2010-05-10 17:00:00,2010-05-11 09:00:00,17,1.5963666,1.6524509
2010-05-10 17:00:00,2010-05-11 10:00:00,18,1.6475,1.579103
2010-05-10 17:00:00,2010-05-11 11:00:00,19,1.6040666,1.4421965
2010-05-10 17:00:00,2010-05-11 12:00:00,20,1.2644,1.3317531
2010-05-10 17:00:00,2010-05-11 13:00:00,21,1.0311,1.0240524
2010-05-10 17:00:00,2010-05-11 14:00:00,22,0.46913335,0.99567354
2010-05-10 17:00:00,2010-05-11 15:00:00,23,0.4855,0.8308012
2010-05-10 17:00:00,2010-05-11 16:00:00,24,0.76016665,0.46641046
2010-05-11 17:00:00,2010-05-11 17:00:00,1,0.8795,0.51005495
2010-05-11 17:00:00,2010-05-11 18:00:00,2,1.1376333,0.80324715
2010-05-11 17:00:00,2010-05-11 19:00:00,3,2.0624332,1.6627641
2010-05-11 17:00:00,2010-05-11 20:00:00,4,1.0880667,1.9501173
2010-05-11 17:00:00,2010-05-11 21:00:00,5,0.55586666,1.8368819
2010-05-11 17:00:00,2010-05-11 22:00:00,6,0.4442,1.3627677
2010-05-11 17:00:00,2010-05-11 23:00:00,7,0.5756,0.6077223
2010-05-11 17:00:00,2010-05-12 00:00:00,8,0.3264,0.46826905
2010-05-11 17:00:00,2010-05-12 01:00:00,9,0.98616666,0.39951038
2010-05-11 17:00:00,2010-05-12 02:00:00,10,0.5014667,0.39429158
2010-05-11 17:00:00,2010-05-12 03:00:00,11,0.3509,0.38798767
2010-05-11 17:00:00,2010-05-12 04:00:00,12,0.3149,0.38192034
2010-05-11 17:00:00,2010-05-12 05:00:00,13,0.31976667,0.37547123
2010-05-11 17:00:00,2010-05-12 06:00:00,14,0.9449667,0.74311256
2010-05-11 17:00:00,2010-05-12 07:00:00,15,2.4613333,1.4669139
2010-05-11 17:00:00,2010-05-12 08:00:00,16,2.1047,1.6471754
2010-05-11 17:00:00,2010-05-12 09:00:00,17,1.6658,1.7139661
2010-05-11 17:00:00,2010-05-12 10:00:00,18,1.5169667,1.6570106
2010-05-11 17:00:00,2010-05-12 11:00:00,19,1.9225667,1.5310701
2010-05-11 17:00:00,2010-05-12 12:00:00,20,1.8470334,1.4070725
2010-05-11 17:00:00,2010-05-12 13:00:00,21,1.4408333,1.0997103
2010-05-11 17:00:00,2010-05-12 14:00:00,22,2.9855332,1.0534831
2010-05-11 17:00:00,2010-05-12 15:00:00,23,1.8542,0.7960669
2010-05-11 17:00:00,2010-05-12 16:00:00,24,1.4608667,0.50844836
2010-05-12 17:00:00,2010-05-12 17:00:00,1,3.0760667,1.0615758
2010-05-12 17:00:00,2010-05-12 18:00:00,2,0.68693334,1.0633181
2010-05-12 17:00:00,2010-05-12 19:00:00,3,0.54116666,1.6051246
2010-05-12 17:00:00,2010-05-12 20:00:00,4,1.7231333,1.7894793
2010-05-12 17:00:00,2010-05-12 21:00:00,5,1.7869,1.7149299
2010-05-12 17:00:00,2010-05-12 22:00:00,6,1.561,1.1681695
2010-05-12 17:00:00,2010-05-12 23:00:00,7,1.5440333,0.6127726
2010-05-12 17:00:00,2010-05-13 00:00:00,8,0.3472,0.45570272
2010-05-12 17:00:00,2010-05-13 01:00:00,9,0.3643,0.42506784
2010-05-12 17:00:00,2010-05-13 02:00:00,10,0.3389,0.42938113
2010-05-12 17:00:00,2010-05-13 03:00:00,11,0.3558,0.3854099
2010-05-12 17:00:00,2010-05-13 04:00:00,12,0.34986666,0.37672424
2010-05-12 17:00:00,2010-05-13 05:00:00,13,0.3187,0.37550253
2010-05-12 17:00:00,2010-05-13 06:00:00,14,0.36946666,0.5909524
2010-05-12 17:00:00,2010-05-13 07:00:00,15,0.30286667,1.5080315
2010-05-12 17:00:00,2010-05-13 08:00:00,16,1.4711334,1.5649478
2010-05-12 17:00:00,2010-05-13 09:00:00,17,0.36616668,1.6843023
2010-05-12 17:00:00,2010-05-13 10:00:00,18,1.4741,1.6168909
2010-05-12 17:00:00,2010-05-13 11:00:00,19,1.9577667,1.5610385
2010-05-12 17:00:00,2010-05-13 12:00:00,20,1.9802,1.4521598
2010-05-12 17:00:00,2010-05-13 13:00:00,21,1.4075667,1.2307101
2010-05-12 17:00:00,2010-05-13 14:00:00,22,1.4837333,1.1799756
2010-05-12 17:00:00,2010-05-13 15:00:00,23,1.0083333,0.9042271
2010-05-12 17:00:00,2010-05-13 16:00:00,24,0.6708,0.52534676
2010-05-28 17:00:00,2010-05-28 17:00:00,1,1.3106667,1.0414057
2010-05-28 17:00:00,2010-05-28 18:00:00,2,0.88736665,0.8390384
2010-05-28 17:00:00,2010-05-28 19:00:00,3,0.72543335,1.2890935
2010-05-28 17:00:00,2010-05-28 20:00:00,4,0.6027667,1.6653519
2010-05-28 17:00:00,2010-05-28 21:00:00,5,0.8782333,1.4258533
2010-05-28 17:00:00,2010-05-28 22:00:00,6,1.5304,0.99771583
2010-05-28 17:00:00,2010-05-28 23:00:00,7,1.3298,0.5736283
2010-05-28 17:00:00,2010-05-29 00:00:00,8,0.5915,0.42780614
2010-05-28 17:00:00,2010-05-29 01:00:00,9,0.4802,0.3952332
2010-05-28 17:00:00,2010-05-29 02:00:00,10,0.3274,0.37546158
2010-05-28 17:00:00,2010-05-29 03:00:00,11,0.30016667,0.36355597
2010-05-28 17:00:00,2010-05-29 04:00:00,12,0.23386666,0.34282708
2010-05-28 17:00:00,2010-05-29 05:00:00,13,0.30946666,0.37691784
2010-05-28 17:00:00,2010-05-29 06:00:00,14,0.5893667,0.5818151
2010-05-28 17:00:00,2010-05-29 07:00:00,15,1.8147334,1.3538408
2010-05-28 17:00:00,2010-05-29 08:00:00,16,1.426,1.6010721
2010-05-28 17:00:00,2010-05-29 09:00:00,17,1.3294333,1.5914874
2010-05-28 17:00:00,2010-05-29 10:00:00,18,2.6568666,1.5231878
2010-05-28 17:00:00,2010-05-29 11:00:00,19,1.0861334,1.452702
2010-05-28 17:00:00,2010-05-29 12:00:00,20,2.0979667,1.2723798
2010-05-28 17:00:00,2010-05-29 13:00:00,21,1.6629666,1.0592697
2010-05-28 17:00:00,2010-05-29 14:00:00,22,2.0310333,0.9966099
2010-05-28 17:00:00,2010-05-29 15:00:00,23,1.0608,0.9334299
2010-05-28 17:00:00,2010-05-29 16:00:00,24,0.8701,0.75588965
2010-05-29 17:00:00,2010-05-29 17:00:00,1,1.2503667,0.781093
2010-05-29 17:00:00,2010-05-29 18:00:00,2,3.412,0.7371932
2010-05-29 17:00:00,2010-05-29 19:00:00,3,2.4054666,1.1729553
2010-05-29 17:00:00,2010-05-29 20:00:00,4,1.6508666,1.5552404
2010-05-29 17:00:00,2010-05-29 21:00:00,5,2.2383,1.4428115
2010-05-29 17:00:00,2010-05-29 22:00:00,6,2.0489,1.1006294
2010-05-29 17:00:00,2010-05-29 23:00:00,7,2.2895668,0.6879028
2010-05-29 17:00:00,2010-05-30 00:00:00,8,0.878,0.46429545
2010-05-29 17:00:00,2010-05-30 01:00:00,9,1.4239,0.3945424
2010-05-29 17:00:00,2010-05-30 02:00:00,10,0.525,0.34943634
2010-05-29 17:00:00,2010-05-30 03:00:00,11,0.46496665,0.34038162
2010-05-29 17:00:00,2010-05-30 04:00:00,12,0.4492,0.3248437
2010-05-29 17:00:00,2010-05-30 05:00:00,13,0.47576666,0.33688164
2010-05-29 17:00:00,2010-05-30 06:00:00,14,0.4659,0.6072826
2010-05-29 17:00:00,2010-05-30 07:00:00,15,0.7262667,1.348789
2010-05-29 17:00:00,2010-05-30 08:00:00,16,1.3738667,1.5417581
2010-05-29 17:00:00,2010-05-30 09:00:00,17,0.6325667,1.5940562
2010-05-29 17:00:00,2010-05-30 10:00:00,18,1.6635667,1.5662477
2010-05-29 17:00:00,2010-05-30 11:00:00,19,1.3511333,1.4312099
2010-05-29 17:00:00,2010-05-30 12:00:00,20,0.8259,1.2707058
2010-05-29 17:00:00,2010-05-30 13:00:00,21,0.78173333,1.1609585
2010-05-29 17:00:00,2010-05-30 14:00:00,22,0.40626666,1.1683717
2010-05-29 17:00:00,2010-05-30 15:00:00,23,1.6644666,1.0227244
2010-05-29 17:00:00,2010-05-30 16:00:00,24,1.0025,0.88787407
2010-05-30 17:00:00,2010-05-30 17:00:00,1,2.586,0.8804128
2010-05-30 17:00:00,2010-05-30 18:00:00,2,1.8243667,0.8766642
2010-05-30 17:00:00,2010-05-30 19:00:00,3,2.1343,1.3620552
2010-05-30 17:00:00,2010-05-30 20:00:00,4,3.0043666,1.6767054
2010-05-30 17:00:00,2010-05-30 21:00:00,5,2.2819667,1.5733659
2010-05-30 17:00:00,2010-05-30 22:00:00,6,0.49556667,1.1566628
2010-05-30 17:00:00,2010-05-30 23:00:00,7,0.3241,0.7394098
2010-05-30 17:00:00,2010-05-31 00:00:00,8,0.28866667,0.5240374
2010-05-30 17:00:00,2010-05-31 01:00:00,9,0.2657,0.4700262
2010-05-30 17:00:00,2010-05-31 02:00:00,10,0.2944,0.41733336
2010-05-30 17:00:00,2010-05-31 03:00:00,11,0.26416665,0.39630306
2010-05-30 17:00:00,2010-05-31 04:00:00,12,0.28153333,0.3732378
2010-05-30 17:00:00,2010-05-31 05:00:00,13,0.26603332,0.39550346
2010-05-30 17:00:00,2010-05-31 06:00:00,14,1.2971333,0.5719264
2010-05-30 17:00:00,2010-05-31 07:00:00,15,1.8049667,1.1501422
2010-05-30 17:00:00,2010-05-31 08:00:00,16,1.8329333,1.471932
2010-05-30 17:00:00,2010-05-31 09:00:00,17,1.3662,1.4663131
2010-05-30 17:00:00,2010-05-31 10:00:00,18,1.3382334,1.4194541
2010-05-30 17:00:00,2010-05-31 11:00:00,19,1.3549666,1.336679
2010-05-30 17:00:00,2010-05-31 12:00:00,20,1.0731666,1.1348238
2010-05-30 17:00:00,2010-05-31 13:00:00,21,0.32886666,0.7813189
2010-05-30 17:00:00,2010-05-31 14:00:00,22,0.27386665,0.6414279
2010-05-30 17:00:00,2010-05-31 15:00:00,23,0.48593333,0.60044515
2010-05-30 17:00:00,2010-05-31 16:00:00,24,1.585,0.60003114
2010-05-31 17:00:00,2010-05-31 17:00:00,1,1.1943333,1.2081072
2010-05-31 17:00:00,2010-05-31 18:00:00,2,1.7174333,0.964139
2010-05-31 17:00:00,2010-05-31 19:00:00,3,1.2718,1.3431445
2010-05-31 17:00:00,2010-05-31 20:00:00,4,0.60013336,1.8178201
2010-05-31 17:00:00,2010-05-31 21:00:00,5,1.2517333,1.5442065
2010-05-31 17:00:00,2010-05-31 22:00:00,6,1.4027,0.7982487
2010-05-31 17:00:00,2010-05-31 23:00:00,7,0.5011333,0.41540998
2010-05-31 17:00:00,2010-06-01 00:00:00,8,0.30033332,0.32248557
2010-05-31 17:00:00,2010-06-01 01:00:00,9,0.31336668,0.30433077
2010-05-31 17:00:00,2010-06-01 02:00:00,10,0.25216666,0.2965418
2010-05-31 17:00:00,2010-06-01 03:00:00,11,0.31046668,0.28633094
2010-05-31 17:00:00,2010-06-01 04:00:00,12,0.2316,0.28976148
2010-05-31 17:00:00,2010-06-01 05:00:00,13,0.30003333,0.30470186
2010-05-31 17:00:00,2010-06-01 06:00:00,14,0.61436665,0.6416116
2010-05-31 17:00:00,2010-06-01 07:00:00,15,1.6050333,1.4221798
2010-05-31 17:00:00,2010-06-01 08:00:00,16,1.9330667,1.7570179
2010-05-31 17:00:00,2010-06-01 09:00:00,17,1.9972667,1.6827917
2010-05-31 17:00:00,2010-06-01 10:00:00,18,1.3527334,1.5612321
2010-05-31 17:00:00,2010-06-01 11:00:00,19,1.3441666,1.4518975
2010-05-31 17:00:00,2010-06-01 12:00:00,20,1.6768667,1.0134743
2010-05-31 17:00:00,2010-06-01 13:00:00,21,1.6020666,0.63692844
2010-05-31 17:00:00,2010-06-01 14:00:00,22,1.4453666,0.44351608
2010-05-31 17:00:00,2010-06-01 15:00:00,23,1.4784666,0.45164627
2010-05-31 17:00:00,2010-06-01 16:00:00,24,0.90933335,0.47567278
2010-06-01 17:00:00,2010-06-01 17:00:00,1,0.3416,0.6499787
2010-06-01 17:00:00,2010-06-01 18:00:00,2,0.35233334,0.7628405
2010-06-01 17:00:00,2010-06-01 19:00:00,3,0.3855,1.1402177
2010-06-01 17:00:00,2010-06-01 20:00:00,4,0.5895,1.405483
2010-06-01 17:00:00,2010-06-01 21:00:00,5,0.52183336,1.227376
2010-06-01 17:00:00,2010-06-01 22:00:00,6,0.6503,0.80849564
2010-06-01 17:00:00,2010-06-01 23:00:00,7,0.64163333,0.4883976
2010-06-01 17:00:00,2010-06-02 00:00:00,8,0.3203,0.36067957
2010-06-01 17:00:00,2010-06-02 01:00:00,9,0.7598,0.32860988
2010-06-01 17:00:00,2010-06-02 02:00:00,10,1.1001667,0.3160547
2010-06-01 17:00:00,2010-06-02 03:00:00,11,0.24943334,0.3029946
2010-06-01 17:00:00,2010-06-02 04:00:00,12,0.28026667,0.290627
2010-06-01 17:00:00,2010-06-02 05:00:00,13,0.2608,0.322451
2010-06-01 17:00:00,2010-06-02 06:00:00,14,0.6466,0.62810796
2010-06-01 17:00:00,2010-06-02 07:00:00,15,1.7422333,1.3676587
2010-06-01 17:00:00,2010-06-02 08:00:00,16,1.3471333,1.680923
2010-06-01 17:00:00,2010-06-02 09:00:00,17,1.3300333,1.6398008
2010-06-01 17:00:00,2010-06-02 10:00:00,18,1.137,1.5533489
2010-06-01 17:00:00,2010-06-02 11:00:00,19,0.7223333,1.4445783
2010-06-01 17:00:00,2010-06-02 12:00:00,20,0.41356668,1.2739782
2010-06-01 17:00:00,2010-06-02 13:00:00,21,0.4407,0.9823521
2010-06-01 17:00:00,2010-06-02 14:00:00,22,0.27143332,0.7927887
2010-06-01 17:00:00,2010-06-02 15:00:00,23,1.0623667,0.7934984
2010-06-01 17:00:00,2010-06-02 16:00:00,24,0.30226666,0.668026
2010-06-02 17:00:00,2010-06-02 17:00:00,1,0.31003332,0.33990788
2010-06-02 17:00:00,2010-06-02 18:00:00,2,0.28003332,0.46699345
2010-06-02 17:00:00,2010-06-02 19:00:00,3,0.34943333,0.9990607
2010-06-02 17:00:00,2010-06-02 20:00:00,4,0.91143334,1.3238144
2010-06-02 17:00:00,2010-06-02 21:00:00,5,1.2373,0.94814694
2010-06-02 17:00:00,2010-06-02 22:00:00,6,0.61183333,0.75030327
2010-06-02 17:00:00,2010-06-02 23:00:00,7,0.2618,0.4571746
2010-06-02 17:00:00,2010-06-03 00:00:00,8,0.52346665,0.35630298
2010-06-02 17:00:00,2010-06-03 01:00:00,9,0.25586668,0.3566655
2010-06-02 17:00:00,2010-06-03 02:00:00,10,0.3059,0.36983466
2010-06-02 17:00:00,2010-06-03 03:00:00,11,1.0056334,0.32411224
2010-06-02 17:00:00,2010-06-03 04:00:00,12,0.2177,0.2937135
2010-06-02 17:00:00,2010-06-03 05:00:00,13,0.30886668,0.3139813
2010-06-02 17:00:00,2010-06-03 06:00:00,14,0.9371333,0.6816947
2010-06-02 17:00:00,2010-06-03 07:00:00,15,1.7112334,1.4701777
2010-06-02 17:00:00,2010-06-03 08:00:00,16,2.2531,1.6660187
2010-06-02 17:00:00,2010-06-03 09:00:00,17,1.8671,1.6318085
2010-06-02 17:00:00,2010-06-03 10:00:00,18,1.3756,1.5919445
2010-06-02 17:00:00,2010-06-03 11:00:00,19,1.3288667,1.5397722
2010-06-02 17:00:00,2010-06-03 12:00:00,20,1.9338334,1.3502451
2010-06-02 17:00:00,2010-06-03 13:00:00,21,2.3048,1.1467538
2010-06-02 17:00:00,2010-06-03 14:00:00,22,1.3756334,0.94045275
2010-06-02 17:00:00,2010-06-03 15:00:00,23,1.3578666,1.0807688
2010-06-02 17:00:00,2010-06-03 16:00:00,24,0.29583332,0.77947724
2010-06-03 17:00:00,2010-06-03 17:00:00,1,0.30856666,0.3092962
2010-06-03 17:00:00,2010-06-03 18:00:00,2,0.39896667,0.3876772
2010-06-03 17:00:00,2010-06-03 19:00:00,3,1.2475667,0.7716203
2010-06-03 17:00:00,2010-06-03 20:00:00,4,0.39553332,1.247035
2010-06-03 17:00:00,2010-06-03 21:00:00,5,0.6004,1.1473753
2010-06-03 17:00:00,2010-06-03 22:00:00,6,0.5785667,0.7211218
2010-06-03 17:00:00,2010-06-03 23:00:00,7,0.3484,0.39447862
2010-06-03 17:00:00,2010-06-04 00:00:00,8,0.3002,0.32667327
2010-06-03 17:00:00,2010-06-04 01:00:00,9,1.3538333,0.301354
2010-06-03 17:00:00,2010-06-04 02:00:00,10,0.30773333,0.28452212
2010-06-03 17:00:00,2010-06-04 03:00:00,11,0.25643334,0.27992266
2010-06-03 17:00:00,2010-06-04 04:00:00,12,0.28013334,0.26544577
2010-06-03 17:00:00,2010-06-04 05:00:00,13,0.33456665,0.29533798
2010-06-03 17:00:00,2010-06-04 06:00:00,14,1.2161666,0.61418533
2010-06-03 17:00:00,2010-06-04 07:00:00,15,1.6454333,1.3547683
2010-06-03 17:00:00,2010-06-04 08:00:00,16,1.5706333,1.5612105
2010-06-03 17:00:00,2010-06-04 09:00:00,17,1.8476334,1.5636954
2010-06-03 17:00:00,2010-06-04 10:00:00,18,1.3328667,1.4735929
2010-06-03 17:00:00,2010-06-04 11:00:00,19,1.1925,1.3325922
2010-06-03 17:00:00,2010-06-04 12:00:00,20,0.58063334,1.1951408
2010-06-03 17:00:00,2010-06-04 13:00:00,21,0.98763335,1.049019
2010-06-03 17:00:00,2010-06-04 14:00:00,22,1.0285333,1.0091447
2010-06-03 17:00:00,2010-06-04 15:00:00,23,1.3963667,0.98503417
2010-06-03 17:00:00,2010-06-04 16:00:00,24,1.4777,0.71559864
2010-06-04 17:00:00,2010-06-04 17:00:00,1,0.8026,1.1773975
2010-06-04 17:00:00,2010-06-04 18:00:00,2,0.49603334,0.8727014
2010-06-04 17:00:00,2010-06-04 19:00:00,3,0.37173334,0.90069675
2010-06-04 17:00:00,2010-06-04 20:00:00,4,0.4455,1.0481638
2010-06-04 17:00:00,2010-06-04 21:00:00,5,1.8008333,1.1680044
2010-06-04 17:00:00,2010-06-04 22:00:00,6,1.3293333,0.9571153
2010-06-04 17:00:00,2010-06-04 23:00:00,7,1.3208667,0.5937388
2010-06-04 17:00:00,2010-06-05 00:00:00,8,1.9819334,0.34120232
2010-06-04 17:00:00,2010-06-05 01:00:00,9,0.9362,0.32700652
2010-06-04 17:00:00,2010-06-05 02:00:00,10,0.35656667,0.28501666
2010-06-04 17:00:00,2010-06-05 03:00:00,11,0.26943332,0.29223174
2010-06-04 17:00:00,2010-06-05 04:00:00,12,0.3643,0.25093156
2010-06-04 17:00:00,2010-06-05 05:00:00,13,0.31786665,0.3096298
2010-06-04 17:00:00,2010-06-05 06:00:00,14,0.6622667,0.76256466
2010-06-04 17:00:00,2010-06-05 07:00:00,15,1.5862334,1.4463847
2010-06-04 17:00:00,2010-06-05 08:00:00,16,1.4944,1.6358285
2010-06-04 17:00:00,2010-06-05 09:00:00,17,1.4394,1.5783597
2010-06-04 17:00:00,2010-06-05 10:00:00,18,1.1425667,1.6124663
2010-06-04 17:00:00,2010-06-05 11:00:00,19,1.6338,1.5218086
2010-06-04 17:00:00,2010-06-05 12:00:00,20,2.3738666,1.5165828
2010-06-04 17:00:00,2010-06-05 13:00:00,21,0.9036,1.3419355
2010-06-04 17:00:00,2010-06-05 14:00:00,22,1.3759,1.3266466
2010-06-04 17:00:00,2010-06-05 15:00:00,23,1.2071667,1.3616186
2010-06-04 17:00:00,2010-06-05 16:00:00,24,2.0770667,1.3132735
2010-06-05 17:00:00,2010-06-05 17:00:00,1,0.9001667,1.6860743
2010-06-05 17:00:00,2010-06-05 18:00:00,2,2.0113,1.5966849
2010-06-05 17:00:00,2010-06-05 19:00:00,3,1.8069,1.5786155
2010-06-05 17:00:00,2010-06-05 20:00:00,4,1.7313,1.5889667
2010-06-05 17:00:00,2010-06-05 21:00:00,5,0.64893335,1.5404239
2010-06-05 17:00:00,2010-06-05 22:00:00,6,3.0245667,1.3067873
2010-06-05 17:00:00,2010-06-05 23:00:00,7,3.2483332,1.0246243
2010-06-05 17:00:00,2010-06-06 00:00:00,8,2.7726,0.5565623
2010-06-05 17:00:00,2010-06-06 01:00:00,9,1.3972334,0.51469034
2010-06-05 17:00:00,2010-06-06 02:00:00,10,0.4164,0.3695339
2010-06-05 17:00:00,2010-06-06 03:00:00,11,0.42623332,0.34326643
2010-06-05 17:00:00,2010-06-06 04:00:00,12,0.38103333,0.3214358
2010-06-05 17:00:00,2010-06-06 05:00:00,13,0.40376666,0.35638994
2010-06-05 17:00:00,2010-06-06 06:00:00,14,0.3208,0.735363
2010-06-05 17:00:00,2010-06-06 07:00:00,15,0.44106665,1.3444008
2010-06-05 17:00:00,2010-06-06 08:00:00,16,0.42256665,1.5413425
2010-06-05 17:00:00,2010-06-06 09:00:00,17,1.3165333,1.5160141
2010-06-05 17:00:00,2010-06-06 10:00:00,18,0.7921,1.4642303
2010-06-05 17:00:00,2010-06-06 11:00:00,19,0.3429,1.3585284
2010-06-05 17:00:00,2010-06-06 12:00:00,20,2.4814334,1.1876391
2010-06-05 17:00:00,2010-06-06 13:00:00,21,1.9768,1.0915033
2010-06-05 17:00:00,2010-06-06 14:00:00,22,1.5261333,1.0114951
2010-06-05 17:00:00,2010-06-06 15:00:00,23,1.4523,1.2037729
2010-06-05 17:00:00,2010-06-06 16:00:00,24,2.7384,1.160146
2010-06-06 17:00:00,2010-06-06 17:00:00,1,2.6080334,2.0043287
2010-06-06 17:00:00,2010-06-06 18:00:00,2,0.5265333,1.8408711
2010-06-06 17:00:00,2010-06-06 19:00:00,3,0.40873334,1.699777
2010-06-06 17:00:00,2010-06-06 20:00:00,4,0.4997,1.6175793
2010-06-06 17:00:00,2010-06-06 21:00:00,5,2.1411667,1.4081013
2010-06-06 17:00:00,2010-06-06 22:00:00,6,2.5723,1.1212965
2010-06-06 17:00:00,2010-06-06 23:00:00,7,0.74843335,0.670997
2010-06-06 17:00:00,2010-06-07 00:00:00,8,0.26736668,0.4746191
2010-06-06 17:00:00,2010-06-07 01:00:00,9,0.3768,0.40861452
2010-06-06 17:00:00,2010-06-07 02:00:00,10,0.31323335,0.34766215
2010-06-06 17:00:00,2010-06-07 03:00:00,11,0.36626667,0.3348806
2010-06-06 17:00:00,2010-06-07 04:00:00,12,0.31063333,0.31734955
2010-06-06 17:00:00,2010-06-07 05:00:00,13,0.28093332,0.31185472
2010-06-06 17:00:00,2010-06-07 06:00:00,14,0.79076666,0.5054202
2010-06-06 17:00:00,2010-06-07 07:00:00,15,1.7549,1.078372
2010-06-06 17:00:00,2010-06-07 08:00:00,16,1.7765,1.3281224
2010-06-06 17:00:00,2010-06-07 09:00:00,17,1.8903667,1.3782967
2010-06-06 17:00:00,2010-06-07 10:00:00,18,0.80003333,1.3108712
2010-06-06 17:00:00,2010-06-07 11:00:00,19,0.35166666,1.256906
2010-06-06 17:00:00,2010-06-07 12:00:00,20,0.41726667,1.2753239
2010-06-06 17:00:00,2010-06-07 13:00:00,21,0.4156,1.1493037
2010-06-06 17:00:00,2010-06-07 14:00:00,22,0.29886666,0.9107837
2010-06-06 17:00:00,2010-06-07 15:00:00,23,0.34903333,1.1556377
2010-06-06 17:00:00,2010-06-07 16:00:00,24,0.3284,1.0676934
2010-06-07 17:00:00,2010-06-07 17:00:00,1,1.0391,0.36623847
2010-06-07 17:00:00,2010-06-07 18:00:00,2,0.6155667,0.68382514
2010-06-07 17:00:00,2010-06-07 19:00:00,3,0.94013333,1.225956
2010-06-07 17:00:00,2010-06-07 20:00:00,4,1.068,1.3492191
2010-06-07 17:00:00,2010-06-07 21:00:00,5,0.9030667,1.2823519
2010-06-07 17:00:00,2010-06-07 22:00:00,6,0.833,0.97787523
2010-06-07 17:00:00,2010-06-07 23:00:00,7,0.38053334,0.5438415
2010-06-07 17:00:00,2010-06-08 00:00:00,8,0.6259,0.37888032
2010-06-07 17:00:00,2010-06-08 01:00:00,9,0.8197,0.33191276
2010-06-07 17:00:00,2010-06-08 02:00:00,10,0.2473,0.3038112
2010-06-07 17:00:00,2010-06-08 03:00:00,11,0.33536667,0.30754626
2010-06-07 17:00:00,2010-06-08 04:00:00,12,0.31123334,0.30262953
2010-06-07 17:00:00,2010-06-08 05:00:00,13,0.34163332,0.30470067
2010-06-07 17:00:00,2010-06-08 06:00:00,14,0.48686665,0.6612634
2010-06-07 17:00:00,2010-06-08 07:00:00,15,1.8495667,1.4326532
2010-06-07 17:00:00,2010-06-08 08:00:00,16,2.2103333,1.6125112
2010-06-07 17:00:00,2010-06-08 09:00:00,17,1.9911667,1.5873206
2010-06-07 17:00:00,2010-06-08 10:00:00,18,1.4520667,1.3660014
2010-06-07 17:00:00,2010-06-08 11:00:00,19,1.4518666,1.1908009
2010-06-07 17:00:00,2010-06-08 12:00:00,20,1.3902,1.0350853
2010-06-07 17:00:00,2010-06-08 13:00:00,21,1.4037666,0.84779096
2010-06-07 17:00:00,2010-06-08 14:00:00,22,0.32176667,0.5359113
2010-06-07 17:00:00,2010-06-08 15:00:00,23,0.44503334,0.63730836
2010-06-07 17:00:00,2010-06-08 16:00:00,24,0.56093335,0.44221342
2010-06-08 17:00:00,2010-06-08 17:00:00,1,0.62436664,0.4807359
2010-06-08 17:00:00,2010-06-08 18:00:00,2,0.72816664,0.5223751
2010-06-08 17:00:00,2010-06-08 19:00:00,3,1.4203666,0.66235495
2010-06-08 17:00:00,2010-06-08 20:00:00,4,1.0441,0.84727836
2010-06-08 17:00:00,2010-06-08 21:00:00,5,1.4155,0.91253436
2010-06-08 17:00:00,2010-06-08 22:00:00,6,0.5682,0.7352736
2010-06-08 17:00:00,2010-06-08 23:00:00,7,0.6551667,0.46351063
2010-06-08 17:00:00,2010-06-09 00:00:00,8,0.35376668,0.3664599
2010-06-08 17:00:00,2010-06-09 01:00:00,9,0.3973,0.35940802
2010-06-08 17:00:00,2010-06-09 02:00:00,10,0.26053333,0.31328017
2010-06-08 17:00:00,2010-06-09 03:00:00,11,0.37333333,0.31183857
2010-06-08 17:00:00,2010-06-09 04:00:00,12,0.32016668,0.3108518
2010-06-08 17:00:00,2010-06-09 05:00:00,13,0.38426667,0.32068485
2010-06-08 17:00:00,2010-06-09 06:00:00,14,0.89316666,0.78813314
2010-06-08 17:00:00,2010-06-09 07:00:00,15,1.9536,1.5964715
2010-06-08 17:00:00,2010-06-09 08:00:00,16,1.3556334,1.7263755
2010-06-08 17:00:00,2010-06-09 09:00:00,17,1.4013333,1.676384
2010-06-08 17:00:00,2010-06-09 10:00:00,18,1.6439,1.4124684
2010-06-08 17:00:00,2010-06-09 11:00:00,19,1.6741,1.2066237
2010-06-08 17:00:00,2010-06-09 12:00:00,20,0.5093333,1.0523834
2010-06-08 17:00:00,2010-06-09 13:00:00,21,2.4124,0.9985042
2010-06-08 17:00:00,2010-06-09 14:00:00,22,0.8645333,0.6435237
2010-06-08 17:00:00,2010-06-09 15:00:00,23,0.9440333,0.83520955
2010-06-08 17:00:00,2010-06-09 16:00:00,24,0.36223334,0.56423056
2010-06-09 17:00:00,2010-06-09 17:00:00,1,1.4379667,0.3697309
2010-06-09 17:00:00,2010-06-09 18:00:00,2,1.5563333,0.47089273
2010-06-09 17:00:00,2010-06-09 19:00:00,3,1.2358333,0.66937447
2010-06-09 17:00:00,2010-06-09 20:00:00,4,1.9178667,0.715513
2010-06-09 17:00:00,2010-06-09 21:00:00,5,1.5139667,0.9358315
2010-06-09 17:00:00,2010-06-09 22:00:00,6,1.1477667,0.73222995
2010-06-09 17:00:00,2010-06-09 23:00:00,7,0.66466665,0.5270343
2010-06-09 17:00:00,2010-06-10 00:00:00,8,0.40426666,0.38487047
2010-06-09 17:00:00,2010-06-10 01:00:00,9,0.32686666,0.37550104
2010-06-09 17:00:00,2010-06-10 02:00:00,10,0.31736666,0.30973846
2010-06-09 17:00:00,2010-06-10 03:00:00,11,0.32373333,0.3096012
2010-06-09 17:00:00,2010-06-10 04:00:00,12,0.75,0.29583234
2010-06-09 17:00:00,2010-06-10 05:00:00,13,0.6821667,0.3102671
2010-06-09 17:00:00,2010-06-10 06:00:00,14,0.5538333,0.8259721
2010-06-09 17:00:00,2010-06-10 07:00:00,15,1.4263,1.610276
2010-06-09 17:00:00,2010-06-10 08:00:00,16,1.7923334,1.6904882
2010-06-09 17:00:00,2010-06-10 09:00:00,17,1.3549666,1.6538191
2010-06-09 17:00:00,2010-06-10 10:00:00,18,1.4778,1.5575361
2010-06-09 17:00:00,2010-06-10 11:00:00,19,1.3937,1.4525306
2010-06-09 17:00:00,2010-06-10 12:00:00,20,1.4353334,1.4262351
2010-06-09 17:00:00,2010-06-10 13:00:00,21,1.1014333,1.397475
2010-06-09 17:00:00,2010-06-10 14:00:00,22,0.37483335,1.0637457
2010-06-09 17:00:00,2010-06-10 15:00:00,23,0.32436666,1.0752499
2010-06-09 17:00:00,2010-06-10 16:00:00,24,0.37913334,0.794751
2010-06-10 17:00:00,2010-06-10 17:00:00,1,0.44023332,0.543491
2010-06-10 17:00:00,2010-06-10 18:00:00,2,0.6838667,0.82307684
2010-06-10 17:00:00,2010-06-10 19:00:00,3,1.0551667,1.1876072
2010-06-10 17:00:00,2010-06-10 20:00:00,4,1.7362334,1.2126489
2010-06-10 17:00:00,2010-06-10 21:00:00,5,1.0708667,1.2733548
2010-06-10 17:00:00,2010-06-10 22:00:00,6,0.52493334,1.064568
2010-06-10 17:00:00,2010-06-10 23:00:00,7,0.32343334,0.6310979
2010-06-10 17:00:00,2010-06-11 00:00:00,8,0.3402,0.4504413
2010-06-10 17:00:00,2010-06-11 01:00:00,9,0.3791,0.3916629
2010-06-10 17:00:00,2010-06-11 02:00:00,10,0.31623334,0.3262549
2010-06-10 17:00:00,2010-06-11 03:00:00,11,0.3017,0.33439553
2010-06-10 17:00:00,2010-06-11 04:00:00,12,0.33203334,0.31475824
2010-06-10 17:00:00,2010-06-11 05:00:00,13,0.25186667,0.35825413
2010-06-10 17:00:00,2010-06-11 06:00:00,14,1.6246667,0.7585496
2010-06-10 17:00:00,2010-06-11 07:00:00,15,1.8760333,1.4972699
2010-06-10 17:00:00,2010-06-11 08:00:00,16,2.0137,1.602534
2010-06-10 17:00:00,2010-06-11 09:00:00,17,1.8483,1.5326178
2010-06-10 17:00:00,2010-06-11 10:00:00,18,1.4251333,1.4445184
2010-06-10 17:00:00,2010-06-11 11:00:00,19,1.4143,1.3507624
2010-06-10 17:00:00,2010-06-11 12:00:00,20,1.7594334,1.2357014
2010-06-10 17:00:00,2010-06-11 13:00:00,21,1.3205333,1.1512302
2010-06-10 17:00:00,2010-06-11 14:00:00,22,0.4647,0.80820346
2010-06-10 17:00:00,2010-06-11 15:00:00,23,1.0055333,1.0442247
2010-06-10 17:00:00,2010-06-11 16:00:00,24,1.1049334,0.8802546
2010-06-11 17:00:00,2010-06-11 17:00:00,1,0.52023333,1.0138187
2010-06-11 17:00:00,2010-06-11 18:00:00,2,0.47306666,1.0217643
2010-06-11 17:00:00,2010-06-11 19:00:00,3,1.7516667,1.1308423
2010-06-11 17:00:00,2010-06-11 20:00:00,4,0.5838,1.2182068
2010-06-11 17:00:00,2010-06-11 21:00:00,5,1.1657,1.2695888
2010-06-11 17:00:00,2010-06-11 22:00:00,6,1.0965333,1.1445423
2010-06-11 17:00:00,2010-06-11 23:00:00,7,1.1418,0.86255336
2010-06-11 17:00:00,2010-06-12 00:00:00,8,0.9745333,0.5656061
2010-06-11 17:00:00,2010-06-12 01:00:00,9,0.42356667,0.5149311
2010-06-11 17:00:00,2010-06-12 02:00:00,10,0.8025333,0.3626476
2010-06-11 17:00:00,2010-06-12 03:00:00,11,0.31856668,0.35657
2010-06-11 17:00:00,2010-06-12 04:00:00,12,0.34243333,0.3297956
2010-06-11 17:00:00,2010-06-12 05:00:00,13,0.3234,0.3686536
2010-06-11 17:00:00,2010-06-12 06:00:00,14,0.6063667,0.8162932
2010-06-11 17:00:00,2010-06-12 07:00:00,15,1.6914667,1.6774329
2010-06-11 17:00:00,2010-06-12 08:00:00,16,1.7133334,1.775392
2010-06-11 17:00:00,2010-06-12 09:00:00,17,1.3865,1.5979817
2010-06-11 17:00:00,2010-06-12 10:00:00,18,1.3559,1.5546167
2010-06-11 17:00:00,2010-06-12 11:00:00,19,0.921,1.4823024
2010-06-11 17:00:00,2010-06-12 12:00:00,20,2.1129334,1.6490593
2010-06-11 17:00:00,2010-06-12 13:00:00,21,1.5753666,1.4789205
2010-06-11 17:00:00,2010-06-12 14:00:00,22,0.99343336,1.3855615
2010-06-11 17:00:00,2010-06-12 15:00:00,23,1.7003666,1.390622
2010-06-11 17:00:00,2010-06-12 16:00:00,24,1.6876333,1.4171363
2010-06-27 17:00:00,2010-06-27 17:00:00,1,0.6095667,0.7815916
2010-06-27 17:00:00,2010-06-27 18:00:00,2,0.77133334,0.6480404
2010-06-27 17:00:00,2010-06-27 19:00:00,3,0.42643332,0.5879689
2010-06-27 17:00:00,2010-06-27 20:00:00,4,0.39723334,0.5635432
2010-06-27 17:00:00,2010-06-27 21:00:00,5,0.8347333,0.7705654
2010-06-27 17:00:00,2010-06-27 22:00:00,6,2.0669334,0.84177756
2010-06-27 17:00:00,2010-06-27 23:00:00,7,0.94923335,0.48338234
2010-06-27 17:00:00,2010-06-28 00:00:00,8,0.35283333,0.39154422
2010-06-27 17:00:00,2010-06-28 01:00:00,9,0.3554,0.4020427
2010-06-27 17:00:00,2010-06-28 02:00:00,10,0.56483334,0.44001147
2010-06-27 17:00:00,2010-06-28 03:00:00,11,0.48326668,0.37895608
2010-06-27 17:00:00,2010-06-28 04:00:00,12,0.3338,0.35345012
2010-06-27 17:00:00,2010-06-28 05:00:00,13,0.3305,0.36169153
2010-06-27 17:00:00,2010-06-28 06:00:00,14,1.0942333,0.40496945
2010-06-27 17:00:00,2010-06-28 07:00:00,15,1.4126333,0.52922875
2010-06-27 17:00:00,2010-06-28 08:00:00,16,1.5397333,0.6768316
2010-06-27 17:00:00,2010-06-28 09:00:00,17,1.0228333,1.2544882
2010-06-27 17:00:00,2010-06-28 10:00:00,18,0.32566667,1.2585032
2010-06-27 17:00:00,2010-06-28 11:00:00,19,0.93366665,1.0546652
2010-06-27 17:00:00,2010-06-28 12:00:00,20,0.65846664,1.1271297
2010-06-27 17:00:00,2010-06-28 13:00:00,21,0.5480667,1.1505127
2010-06-27 17:00:00,2010-06-28 14:00:00,22,1.0419667,0.90822065
2010-06-27 17:00:00,2010-06-28 15:00:00,23,1.6852,0.71263725
2010-06-27 17:00:00,2010-06-28 16:00:00,24,1.0549333,0.651649
2010-07-13 17:00:00,2010-07-13 17:00:00,1,0.48986667,0.50336015
2010-07-13 17:00:00,2010-07-13 18:00:00,2,1.0689666,0.59676766
2010-07-13 17:00:00,2010-07-13 19:00:00,3,1.3580667,0.8730196
2010-07-13 17:00:00,2010-07-13 20:00:00,4,1.5689,1.1629515
2010-07-13 17:00:00,2010-07-13 21:00:00,5,2.1143334,1.0361344
2010-07-13 17:00:00,2010-07-13 22:00:00,6,1.8494667,1.0606459
2010-07-13 17:00:00,2010-07-13 23:00:00,7,0.87693334,0.8647014
2010-07-13 17:00:00,2010-07-14 00:00:00,8,0.49716666,0.65761876
2010-07-13 17:00:00,2010-07-14 01:00:00,9,0.6503,0.51761353
2010-07-13 17:00:00,2010-07-14 02:00:00,10,0.4663,0.47459647
2010-07-13 17:00:00,2010-07-14 03:00:00,11,0.35323334,0.4439489
2010-07-13 17:00:00,2010-07-14 04:00:00,12,0.39526665,0.4146326
2010-07-13 17:00:00,2010-07-14 05:00:00,13,0.38026667,0.43309563
2010-07-13 17:00:00,2010-07-14 06:00:00,14,0.4553,0.5549712
2010-07-13 17:00:00,2010-07-14 07:00:00,15,0.9360667,0.6860236
2010-07-13 17:00:00,2010-07-14 08:00:00,16,0.6037,0.74950886
2010-07-13 17:00:00,2010-07-14 09:00:00,17,0.5776333,0.65025103
2010-07-13 17:00:00,2010-07-14 10:00:00,18,0.49763334,0.65689015
2010-07-13 17:00:00,2010-07-14 11:00:00,19,1.0361333,0.5882125
2010-07-13 17:00:00,2010-07-14 12:00:00,20,1.1338,0.6301247
2010-07-13 17:00:00,2010-07-14 13:00:00,21,1.2403333,0.8127814
2010-07-13 17:00:00,2010-07-14 14:00:00,22,1.4386667,0.86447847
2010-07-13 17:00:00,2010-07-14 15:00:00,23,1.0747666,0.7594915
2010-07-13 17:00:00,2010-07-14 16:00:00,24,0.525,0.65928966
2010-07-29 17:00:00,2010-07-29 17:00:00,1,0.27163333,0.32226256
2010-07-29 17:00:00,2010-07-29 18:00:00,2,0.45,0.6966663
2010-07-29 17:00:00,2010-07-29 19:00:00,3,1.0928667,0.8938062
2010-07-29 17:00:00,2010-07-29 20:00:00,4,0.31963333,0.74347335
2010-07-29 17:00:00,2010-07-29 21:00:00,5,0.2858,0.62868613
2010-07-29 17:00:00,2010-07-29 22:00:00,6,0.33336666,0.5528412
2010-07-29 17:00:00,2010-07-29 23:00:00,7,0.28576666,0.7995866
2010-07-29 17:00:00,2010-07-30 00:00:00,8,0.3081,0.3519913
2010-07-29 17:00:00,2010-07-30 01:00:00,9,0.31893334,0.3290494
2010-07-29 17:00:00,2010-07-30 02:00:00,10,0.291,0.31222656
2010-07-29 17:00:00,2010-07-30 03:00:00,11,0.3068,0.31710976
2010-07-29 17:00:00,2010-07-30 04:00:00,12,0.3015,0.31387502
2010-07-29 17:00:00,2010-07-30 05:00:00,13,0.3123,0.32557845
2010-07-29 17:00:00,2010-07-30 06:00:00,14,0.36086667,0.36482993
2010-07-29 17:00:00,2010-07-30 07:00:00,15,1.1503,0.38897827
2010-07-29 17:00:00,2010-07-30 08:00:00,16,0.47643334,0.33062163
2010-07-29 17:00:00,2010-07-30 09:00:00,17,0.32466668,0.31436822
2010-07-29 17:00:00,2010-07-30 10:00:00,18,0.2971,0.31810865
2010-07-29 17:00:00,2010-07-30 11:00:00,19,0.3067,0.313556
2010-07-29 17:00:00,2010-07-30 12:00:00,20,0.28143334,0.31423172
2010-07-29 17:00:00,2010-07-30 13:00:00,21,0.2663,0.31585783
2010-07-29 17:00:00,2010-07-30 14:00:00,22,0.2795,0.3080976
2010-07-29 17:00:00,2010-07-30 15:00:00,23,0.30273333,0.30978835
2010-07-29 17:00:00,2010-07-30 16:00:00,24,0.31716666,0.31219375
2010-07-30 17:00:00,2010-07-30 17:00:00,1,1.2049667,0.30805817
2010-07-30 17:00:00,2010-07-30 18:00:00,2,0.31516665,0.52032965
2010-07-30 17:00:00,2010-07-30 19:00:00,3,0.28963333,1.0367078
2010-07-30 17:00:00,2010-07-30 20:00:00,4,0.2808,0.3457768
2010-07-30 17:00:00,2010-07-30 21:00:00,5,0.2802,0.30688855
2010-07-30 17:00:00,2010-07-30 22:00:00,6,0.3385,0.30438086
2010-07-30 17:00:00,2010-07-30 23:00:00,7,0.27656665,0.303809
2010-07-30 17:00:00,2010-07-31 00:00:00,8,0.31573334,0.30213463
2010-07-30 17:00:00,2010-07-31 01:00:00,9,0.30183333,0.30472785
2010-07-30 17:00:00,2010-07-31 02:00:00,10,0.30866668,0.297754
2010-07-30 17:00:00,2010-07-31 03:00:00,11,0.28856668,0.30438548
2010-07-30 17:00:00,2010-07-31 04:00:00,12,0.55866665,0.30558407
2010-07-30 17:00:00,2010-07-31 05:00:00,13,1.0050334,0.30959255
2010-07-30 17:00:00,2010-07-31 06:00:00,14,0.314,0.4046827
2010-07-30 17:00:00,2010-07-31 07:00:00,15,0.33153334,0.8352361
2010-07-30 17:00:00,2010-07-31 08:00:00,16,0.28463334,0.3239299
2010-07-30 17:00:00,2010-07-31 09:00:00,17,0.29686666,0.30973646
2010-07-30 17:00:00,2010-07-31 10:00:00,18,0.26063332,0.3036688
2010-07-30 17:00:00,2010-07-31 11:00:00,19,0.3007,0.29941857
2010-07-30 17:00:00,2010-07-31 12:00:00,20,0.284,0.3015042
2010-07-30 17:00:00,2010-07-31 13:00:00,21,0.3337,0.30182013
2010-07-30 17:00:00,2010-07-31 14:00:00,22,0.2824,0.29940167
2010-07-30 17:00:00,2010-07-31 15:00:00,23,0.31853333,0.3053308
2010-07-30 17:00:00,2010-07-31 16:00:00,24,0.68556666,0.30646172
2010-07-31 17:00:00,2010-07-31 17:00:00,1,0.90243334,1.0630506
2010-07-31 17:00:00,2010-07-31 18:00:00,2,0.28886667,0.3082584
2010-07-31 17:00:00,2010-07-31 19:00:00,3,0.3428,0.30603495
2010-07-31 17:00:00,2010-07-31 20:00:00,4,0.31096667,0.30158103
2010-07-31 17:00:00,2010-07-31 21:00:00,5,0.29786667,0.29996797
2010-07-31 17:00:00,2010-07-31 22:00:00,6,0.33733332,0.30233076
2010-07-31 17:00:00,2010-07-31 23:00:00,7,0.29226667,0.30463943
2010-07-31 17:00:00,2010-08-01 00:00:00,8,0.31706667,0.30622634
2010-07-31 17:00:00,2010-08-01 01:00:00,9,0.29283333,0.31554472
2010-07-31 17:00:00,2010-08-01 02:00:00,10,0.33506668,0.30536762
2010-07-31 17:00:00,2010-08-01 03:00:00,11,0.26416665,0.34942248
2010-07-31 17:00:00,2010-08-01 04:00:00,12,0.64273334,0.6042658
2010-07-31 17:00:00,2010-08-01 05:00:00,13,0.9396,0.39326137
2010-07-31 17:00:00,2010-08-01 06:00:00,14,0.31583333,0.30702022
2010-07-31 17:00:00,2010-08-01 07:00:00,15,0.2658,0.30553418
2010-07-31 17:00:00,2010-08-01 08:00:00,16,0.3033,0.30244324
2010-07-31 17:00:00,2010-08-01 09:00:00,17,0.30963334,0.30091214
2010-07-31 17:00:00,2010-08-01 10:00:00,18,0.29066667,0.29805815
2010-07-31 17:00:00,2010-08-01 11:00:00,19,0.33926666,0.29929933
2010-07-31 17:00:00,2010-08-01 12:00:00,20,0.2644,0.29960814
2010-07-31 17:00:00,2010-08-01 13:00:00,21,0.33103332,0.3038162
2010-07-31 17:00:00,2010-08-01 14:00:00,22,0.2915,0.3022381
2010-07-31 17:00:00,2010-08-01 15:00:00,23,0.31366667,0.33256868
2010-07-31 17:00:00,2010-08-01 16:00:00,24,0.6569,0.36375776
2010-08-01 17:00:00,2010-08-01 17:00:00,1,0.9184333,0.90862656
2010-08-01 17:00:00,2010-08-01 18:00:00,2,0.30323333,0.2999873
2010-08-01 17:00:00,2010-08-01 19:00:00,3,0.31216666,0.30221736
2010-08-01 17:00:00,2010-08-01 20:00:00,4,0.32836667,0.3039407
2010-08-01 17:00:00,2010-08-01 21:00:00,5,0.30546665,0.30408362
2010-08-01 17:00:00,2010-08-01 22:00:00,6,0.3077,0.3080673
2010-08-01 17:00:00,2010-08-01 23:00:00,7,0.31223333,0.30619082
2010-08-01 17:00:00,2010-08-02 00:00:00,8,0.3015,0.30116516
2010-08-01 17:00:00,2010-08-02 01:00:00,9,0.25253335,0.3131893
2010-08-01 17:00:00,2010-08-02 02:00:00,10,0.31683335,0.30299345
2010-08-01 17:00:00,2010-08-02 03:00:00,11,0.27706668,0.3171255
2010-08-01 17:00:00,2010-08-02 04:00:00,12,0.70773333,0.7419412
2010-08-01 17:00:00,2010-08-02 05:00:00,13,0.86003333,0.8484535
2010-08-01 17:00:00,2010-08-02 06:00:00,14,0.3291,0.2996107
2010-08-01 17:00:00,2010-08-02 07:00:00,15,0.2859,0.30371338
2010-08-01 17:00:00,2010-08-02 08:00:00,16,0.31646666,0.30192983
2010-08-01 17:00:00,2010-08-02 09:00:00,17,0.32283333,0.2998878
2010-08-01 17:00:00,2010-08-02 10:00:00,18,0.27466667,0.29737827
2010-08-01 17:00:00,2010-08-02 11:00:00,19,0.33933333,0.2975488
2010-08-01 17:00:00,2010-08-02 12:00:00,20,0.27933332,0.2921032
2010-08-01 17:00:00,2010-08-02 13:00:00,21,0.32263333,0.3064201
2010-08-01 17:00:00,2010-08-02 14:00:00,22,0.29173332,0.30397472
2010-08-01 17:00:00,2010-08-02 15:00:00,23,0.33123332,0.3234644
2010-08-01 17:00:00,2010-08-02 16:00:00,24,0.7540333,0.671452
2010-08-02 17:00:00,2010-08-02 17:00:00,1,0.7425333,0.84033805
2010-08-02 17:00:00,2010-08-02 18:00:00,2,0.31673333,0.30273804
2010-08-02 17:00:00,2010-08-02 19:00:00,3,0.30816665,0.303851
2010-08-02 17:00:00,2010-08-02 20:00:00,4,0.3232,0.30923235
2010-08-02 17:00:00,2010-08-02 21:00:00,5,0.30696666,0.30369642
2010-08-02 17:00:00,2010-08-02 22:00:00,6,0.3078,0.30780175
2010-08-02 17:00:00,2010-08-02 23:00:00,7,0.28966665,0.30694374
2010-08-02 17:00:00,2010-08-03 00:00:00,8,0.32186666,0.30317235
2010-08-02 17:00:00,2010-08-03 01:00:00,9,0.2728,0.30576825
2010-08-02 17:00:00,2010-08-03 02:00:00,10,0.32066667,0.3047821
2010-08-02 17:00:00,2010-08-03 03:00:00,11,0.29013333,0.3080272
2010-08-02 17:00:00,2010-08-03 04:00:00,12,0.92356664,0.7858005
2010-08-02 17:00:00,2010-08-03 05:00:00,13,0.5683,0.8299299
2010-08-02 17:00:00,2010-08-03 06:00:00,14,0.31893334,0.30187118
2010-08-02 17:00:00,2010-08-03 07:00:00,15,0.28266665,0.30412322
2010-08-02 17:00:00,2010-08-03 08:00:00,16,0.3582,0.30758977
2010-08-02 17:00:00,2010-08-03 09:00:00,17,0.41876668,0.3025023
2010-08-02 17:00:00,2010-08-03 10:00:00,18,0.38026667,0.30272552
2010-08-02 17:00:00,2010-08-03 11:00:00,19,0.39076668,0.3009331
2010-08-02 17:00:00,2010-08-03 12:00:00,20,0.3639,0.3001314
2010-08-02 17:00:00,2010-08-03 13:00:00,21,0.41583332,0.30206677
2010-08-02 17:00:00,2010-08-03 14:00:00,22,0.3883,0.3050528
2010-08-02 17:00:00,2010-08-03 15:00:00,23,0.42886665,0.3075918
2010-08-02 17:00:00,2010-08-03 16:00:00,24,1.3614,0.7173647
2010-08-03 17:00:00,2010-08-03 17:00:00,1,0.4335,0.85207224
2010-08-03 17:00:00,2010-08-03 18:00:00,2,0.3534,0.38531935
2010-08-03 17:00:00,2010-08-03 19:00:00,3,0.39443332,0.37681153
2010-08-03 17:00:00,2010-08-03 20:00:00,4,0.3806,0.37960023
2010-08-03 17:00:00,2010-08-03 21:00:00,5,0.2781,0.37381405
2010-08-03 17:00:00,2010-08-03 22:00:00,6,0.32203335,0.3644181
2010-08-03 17:00:00,2010-08-03 23:00:00,7,0.28623334,0.35735068
2010-08-03 17:00:00,2010-08-04 00:00:00,8,0.32286668,0.3591987
2010-08-03 17:00:00,2010-08-04 01:00:00,9,0.27,0.36693138
2010-08-03 17:00:00,2010-08-04 02:00:00,10,0.3335,0.3757145
2010-08-03 17:00:00,2010-08-04 03:00:00,11,0.33636665,0.41485646
2010-08-03 17:00:00,2010-08-04 04:00:00,12,1.1549333,1.0185907
2010-08-03 17:00:00,2010-08-04 05:00:00,13,0.32443333,0.5893866
2010-08-03 17:00:00,2010-08-04 06:00:00,14,0.2804,0.35246807
2010-08-03 17:00:00,2010-08-04 07:00:00,15,0.31623334,0.3574559
2010-08-03 17:00:00,2010-08-04 08:00:00,16,0.3183,0.36846894
2010-08-03 17:00:00,2010-08-04 09:00:00,17,0.30713335,0.36677113
2010-08-03 17:00:00,2010-08-04 10:00:00,18,0.28066668,0.35516202
2010-08-03 17:00:00,2010-08-04 11:00:00,19,0.3258,0.35249513
2010-08-03 17:00:00,2010-08-04 12:00:00,20,0.25503334,0.35033908
2010-08-03 17:00:00,2010-08-04 13:00:00,21,0.2776,0.3613358
2010-08-03 17:00:00,2010-08-04 14:00:00,22,0.29463333,0.3693261
2010-08-03 17:00:00,2010-08-04 15:00:00,23,0.5886,0.42814034
2010-08-03 17:00:00,2010-08-04 16:00:00,24,0.9815,0.8905698
2010-08-04 17:00:00,2010-08-04 17:00:00,1,0.31696665,0.3174181
2010-08-04 17:00:00,2010-08-04 18:00:00,2,0.30726665,0.30253953
2010-08-04 17:00:00,2010-08-04 19:00:00,3,0.29206666,0.3154575
2010-08-04 17:00:00,2010-08-04 20:00:00,4,0.34266666,0.3162622
2010-08-04 17:00:00,2010-08-04 21:00:00,5,0.27226666,0.30550715
2010-08-04 17:00:00,2010-08-04 22:00:00,6,0.30326667,0.30762026
2010-08-04 17:00:00,2010-08-04 23:00:00,7,0.25343335,0.3045261
2010-08-04 17:00:00,2010-08-05 00:00:00,8,0.30866668,0.29933846
2010-08-04 17:00:00,2010-08-05 01:00:00,9,0.27283335,0.29688182
2010-08-04 17:00:00,2010-08-05 02:00:00,10,0.32726666,0.3301621
2010-08-04 17:00:00,2010-08-05 03:00:00,11,0.6917,0.4707415
2010-08-04 17:00:00,2010-08-05 04:00:00,12,0.8628333,0.9364039
2010-08-04 17:00:00,2010-08-05 05:00:00,13,0.31463334,0.30839288
2010-08-04 17:00:00,2010-08-05 06:00:00,14,0.2312,0.30487427
2010-08-04 17:00:00,2010-08-05 07:00:00,15,0.29983333,0.30942905
2010-08-04 17:00:00,2010-08-05 08:00:00,16,0.29883334,0.31310362
2010-08-04 17:00:00,2010-08-05 09:00:00,17,0.31893334,0.30658302
2010-08-04 17:00:00,2010-08-05 10:00:00,18,0.27256668,0.30442435
2010-08-04 17:00:00,2010-08-05 11:00:00,19,0.27756667,0.30339178
2010-08-04 17:00:00,2010-08-05 12:00:00,20,0.2622,0.2995568
2010-08-04 17:00:00,2010-08-05 13:00:00,21,0.31456667,0.3036862
2010-08-04 17:00:00,2010-08-05 14:00:00,22,0.2877,0.32944983
2010-08-04 17:00:00,2010-08-05 15:00:00,23,0.9668667,0.6004293
2010-08-04 17:00:00,2010-08-05 16:00:00,24,0.53653336,0.7295844
2010-08-05 17:00:00,2010-08-05 17:00:00,1,0.3036,0.2989264
2010-08-05 17:00:00,2010-08-05 18:00:00,2,0.3042,0.2885842
2010-08-05 17:00:00,2010-08-05 19:00:00,3,0.28536665,0.3006115
2010-08-05 17:00:00,2010-08-05 20:00:00,4,0.33566666,0.31001282
2010-08-05 17:00:00,2010-08-05 21:00:00,5,0.20853333,0.29919904
2010-08-05 17:00:00,2010-08-05 22:00:00,6,0.3188,0.2996301
2010-08-05 17:00:00,2010-08-05 23:00:00,7,0.29036668,0.28987634
2010-08-05 17:00:00,2010-08-06 00:00:00,8,0.29856667,0.2997449
2010-08-05 17:00:00,2010-08-06 01:00:00,9,0.28073335,0.30123973
2010-08-05 17:00:00,2010-08-06 02:00:00,10,0.2885,0.35633573
2010-08-05 17:00:00,2010-08-06 03:00:00,11,1.2259,0.93224585
2010-08-05 17:00:00,2010-08-06 04:00:00,12,0.30693334,0.4310128
2010-08-05 17:00:00,2010-08-06 05:00:00,13,0.2978,0.2999372
2010-08-05 17:00:00,2010-08-06 06:00:00,14,0.28183332,0.29065347
2010-08-05 17:00:00,2010-08-06 07:00:00,15,0.2632,0.30519915
2010-08-05 17:00:00,2010-08-06 08:00:00,16,0.275,0.30467308
2010-08-05 17:00:00,2010-08-06 09:00:00,17,0.2968,0.30083072
2010-08-05 17:00:00,2010-08-06 10:00:00,18,0.27463335,0.29635262
2010-08-05 17:00:00,2010-08-06 11:00:00,19,0.3009,0.2948255
2010-08-05 17:00:00,2010-08-06 12:00:00,20,0.2164,0.29520726
2010-08-05 17:00:00,2010-08-06 13:00:00,21,0.32413334,0.31066012
2010-08-05 17:00:00,2010-08-06 14:00:00,22,0.59786665,0.35294682
2010-08-05 17:00:00,2010-08-06 15:00:00,23,0.9192333,0.93275917
2010-08-05 17:00:00,2010-08-06 16:00:00,24,0.26703334,0.33807474
2010-08-06 17:00:00,2010-08-06 17:00:00,1,0.30326667,0.2878425
2010-08-06 17:00:00,2010-08-06 18:00:00,2,0.2873,0.283199
2010-08-06 17:00:00,2010-08-06 19:00:00,3,0.2997,0.2861433
2010-08-06 17:00:00,2010-08-06 20:00:00,4,0.2709,0.2897788
2010-08-06 17:00:00,2010-08-06 21:00:00,5,0.2672,0.28914037
2010-08-06 17:00:00,2010-08-06 22:00:00,6,0.33063334,0.28807867
2010-08-06 17:00:00,2010-08-06 23:00:00,7,0.2713,0.28661412
2010-08-06 17:00:00,2010-08-07 00:00:00,8,0.2987,0.28037447
2010-08-06 17:00:00,2010-08-07 01:00:00,9,0.23376666,0.29818287
2010-08-06 17:00:00,2010-08-07 02:00:00,10,0.9127667,0.7826131
2010-08-06 17:00:00,2010-08-07 03:00:00,11,0.6713,0.82508504
2010-08-06 17:00:00,2010-08-07 04:00:00,12,0.3227,0.29006702
2010-08-06 17:00:00,2010-08-07 05:00:00,13,0.2813,0.29100227
2010-08-06 17:00:00,2010-08-07 06:00:00,14,0.23513333,0.28636804
2010-08-06 17:00:00,2010-08-07 07:00:00,15,0.306,0.28998712
2010-08-06 17:00:00,2010-08-07 08:00:00,16,0.29493332,0.2899134
2010-08-06 17:00:00,2010-08-07 09:00:00,17,0.30623335,0.29133675
2010-08-06 17:00:00,2010-08-07 10:00:00,18,0.22626667,0.28489366
2010-08-06 17:00:00,2010-08-07 11:00:00,19,0.30646667,0.28467607
2010-08-06 17:00:00,2010-08-07 12:00:00,20,0.2575,0.28203374
2010-08-06 17:00:00,2010-08-07 13:00:00,21,0.3364,0.3212601
2010-08-06 17:00:00,2010-08-07 14:00:00,22,0.8581333,0.8460573
2010-08-06 17:00:00,2010-08-07 15:00:00,23,0.61983335,0.56310064
2010-08-06 17:00:00,2010-08-07 16:00:00,24,0.2899,0.2876956
2010-08-07 17:00:00,2010-08-07 17:00:00,1,0.2991,0.29098397
2010-08-07 17:00:00,2010-08-07 18:00:00,2,0.2804,0.28538638
2010-08-07 17:00:00,2010-08-07 19:00:00,3,0.33936667,0.2884959
2010-08-07 17:00:00,2010-08-07 20:00:00,4,0.2285,0.29726642
2010-08-07 17:00:00,2010-08-07 21:00:00,5,0.29926667,0.29021853
2010-08-07 17:00:00,2010-08-07 22:00:00,6,0.3097,0.2913611
2010-08-07 17:00:00,2010-08-07 23:00:00,7,0.2776,0.28602138
2010-08-07 17:00:00,2010-08-08 00:00:00,8,0.31726667,0.29330695
2010-08-07 17:00:00,2010-08-08 01:00:00,9,0.285,0.31194922
2010-08-07 17:00:00,2010-08-08 02:00:00,10,1.1826333,0.98979414
2010-08-07 17:00:00,2010-08-08 03:00:00,11,0.32003334,0.39729834
2010-08-07 17:00:00,2010-08-08 04:00:00,12,0.3169,0.29503742
2010-08-07 17:00:00,2010-08-08 05:00:00,13,0.27016667,0.29350504
2010-08-07 17:00:00,2010-08-08 06:00:00,14,0.32046667,0.28746808
2010-08-07 17:00:00,2010-08-08 07:00:00,15,0.2682,0.29402474
2010-08-07 17:00:00,2010-08-08 08:00:00,16,0.2649,0.29108566
2010-08-07 17:00:00,2010-08-08 09:00:00,17,0.29023334,0.29251525
2010-08-07 17:00:00,2010-08-08 10:00:00,18,0.31863335,0.28866053
2010-08-07 17:00:00,2010-08-08 11:00:00,19,0.27706668,0.29096836
2010-08-07 17:00:00,2010-08-08 12:00:00,20,0.24223334,0.29011106
2010-08-07 17:00:00,2010-08-08 13:00:00,21,0.5302333,0.56018484
2010-08-07 17:00:00,2010-08-08 14:00:00,22,1.0143,0.858214
2010-08-07 17:00:00,2010-08-08 15:00:00,23,0.31326666,0.36193752
2010-08-07 17:00:00,2010-08-08 16:00:00,24,0.23006667,0.2944448
2010-08-08 17:00:00,2010-08-08 17:00:00,1,0.29296666,0.30101743
2010-08-08 17:00:00,2010-08-08 18:00:00,2,0.2939,0.28727412
2010-08-08 17:00:00,2010-08-08 19:00:00,3,0.3342,0.2906716
2010-08-08 17:00:00,2010-08-08 20:00:00,4,0.20953333,0.28774804
2010-08-08 17:00:00,2010-08-08 21:00:00,5,0.3331,0.29060543
2010-08-08 17:00:00,2010-08-08 22:00:00,6,0.26913333,0.29826087
2010-08-08 17:00:00,2010-08-08 23:00:00,7,0.31323335,0.28070003
2010-08-08 17:00:00,2010-08-09 00:00:00,8,0.28296667,0.29876405
2010-08-08 17:00:00,2010-08-09 01:00:00,9,0.8472667,0.56635845
2010-08-08 17:00:00,2010-08-09 02:00:00,10,0.6601667,0.96133035
2010-08-08 17:00:00,2010-08-09 03:00:00,11,0.3196,0.2825047
2010-08-08 17:00:00,2010-08-09 04:00:00,12,0.2963,0.2896061
2010-08-08 17:00:00,2010-08-09 05:00:00,13,0.28513333,0.28886795
2010-08-08 17:00:00,2010-08-09 06:00:00,14,0.31776667,0.29631436
2010-08-08 17:00:00,2010-08-09 07:00:00,15,0.29216668,0.2859897
2010-08-08 17:00:00,2010-08-09 08:00:00,16,0.2481,0.29004392
2010-08-08 17:00:00,2010-08-09 09:00:00,17,0.3048,0.30380124
2010-08-08 17:00:00,2010-08-09 10:00:00,18,0.29813334,0.28780872
2010-08-08 17:00:00,2010-08-09 11:00:00,19,0.27546668,0.28701377
2010-08-08 17:00:00,2010-08-09 12:00:00,20,0.33303332,0.28848445
2010-08-08 17:00:00,2010-08-09 13:00:00,21,1.0964667,0.91925967
2010-08-08 17:00:00,2010-08-09 14:00:00,22,0.39423335,0.6016863
2010-08-08 17:00:00,2010-08-09 15:00:00,23,0.2846,0.29121256
2010-08-08 17:00:00,2010-08-09 16:00:00,24,0.32086667,0.28719947
2010-08-09 17:00:00,2010-08-09 17:00:00,1,0.2699,0.29229146
2010-08-09 17:00:00,2010-08-09 18:00:00,2,0.30223334,0.2976789
2010-08-09 17:00:00,2010-08-09 19:00:00,3,0.2678,0.29348052
2010-08-09 17:00:00,2010-08-09 20:00:00,4,0.3088,0.28915522
2010-08-09 17:00:00,2010-08-09 21:00:00,5,0.30813333,0.30027163
2010-08-09 17:00:00,2010-08-09 22:00:00,6,0.31356665,0.29249784
2010-08-09 17:00:00,2010-08-09 23:00:00,7,0.29023334,0.28109327
2010-08-09 17:00:00,2010-08-10 00:00:00,8,0.35376668,0.4273019
2010-08-09 17:00:00,2010-08-10 01:00:00,9,1.249,1.0379297
2010-08-09 17:00:00,2010-08-10 02:00:00,10,0.29036668,0.35073197
2010-08-09 17:00:00,2010-08-10 03:00:00,11,0.26193333,0.29142058
2010-08-09 17:00:00,2010-08-10 04:00:00,12,0.2945,0.29382902
2010-08-09 17:00:00,2010-08-10 05:00:00,13,0.31373334,0.29668766
2010-08-09 17:00:00,2010-08-10 06:00:00,14,0.2842,0.30016953
2010-08-09 17:00:00,2010-08-10 07:00:00,15,0.33316666,0.29071224
2010-08-09 17:00:00,2010-08-10 08:00:00,16,0.25796667,0.29135448
2010-08-09 17:00:00,2010-08-10 09:00:00,17,0.33896667,0.2955529
2010-08-09 17:00:00,2010-08-10 10:00:00,18,0.25873333,0.29092357
2010-08-09 17:00:00,2010-08-10 11:00:00,19,0.2742,0.2990604
2010-08-09 17:00:00,2010-08-10 12:00:00,20,0.4379,0.56043357
2010-08-09 17:00:00,2010-08-10 13:00:00,21,1.1548667,0.9668876
2010-08-09 17:00:00,2010-08-10 14:00:00,22,0.2911,0.29449522
2010-08-09 17:00:00,2010-08-10 15:00:00,23,0.30036667,0.30028915
2010-08-09 17:00:00,2010-08-10 16:00:00,24,0.3249,0.2950737
2010-08-10 17:00:00,2010-08-10 17:00:00,1,0.2845,0.29455426
2010-08-10 17:00:00,2010-08-10 18:00:00,2,0.32233334,0.296633
2010-08-10 17:00:00,2010-08-10 19:00:00,3,0.26203334,0.28904033
2010-08-10 17:00:00,2010-08-10 20:00:00,4,0.2997,0.30537477
2010-08-10 17:00:00,2010-08-10 21:00:00,5,0.2843,0.29646826
2010-08-10 17:00:00,2010-08-10 22:00:00,6,0.3303,0.3064801
2010-08-10 17:00:00,2010-08-10 23:00:00,7,0.27646667,0.28660047
2010-08-10 17:00:00,2010-08-11 00:00:00,8,0.43663332,0.73921824
2010-08-10 17:00:00,2010-08-11 01:00:00,9,1.1349334,0.8305752
2010-08-10 17:00:00,2010-08-11 02:00:00,10,0.3216,0.29555225
2010-08-10 17:00:00,2010-08-11 03:00:00,11,0.27576667,0.28985658
2010-08-10 17:00:00,2010-08-11 04:00:00,12,0.327,0.3025425
2010-08-10 17:00:00,2010-08-11 05:00:00,13,0.24113333,0.2955226
2010-08-10 17:00:00,2010-08-11 06:00:00,14,0.2839,0.29839993
2010-08-10 17:00:00,2010-08-11 07:00:00,15,0.3261,0.306893
2010-08-10 17:00:00,2010-08-11 08:00:00,16,0.28256667,0.301523
2010-08-10 17:00:00,2010-08-11 09:00:00,17,0.3212,0.30082303
2010-08-10 17:00:00,2010-08-11 10:00:00,18,0.2798,0.2961666
2010-08-10 17:00:00,2010-08-11 11:00:00,19,0.3235,0.31441468
2010-08-10 17:00:00,2010-08-11 12:00:00,20,0.48443332,0.89420545
2010-08-10 17:00:00,2010-08-11 13:00:00,21,1.0255667,0.67024684
2010-08-10 17:00:00,2010-08-11 14:00:00,22,0.2878,0.28990307
2010-08-10 17:00:00,2010-08-11 15:00:00,23,0.30076668,0.29962143
2010-08-10 17:00:00,2010-08-11 16:00:00,24,0.28646666,0.3046288
2010-08-11 17:00:00,2010-08-11 17:00:00,1,0.3285,0.29971796
2010-08-11 17:00:00,2010-08-11 18:00:00,2,0.2832,0.29117477
2010-08-11 17:00:00,2010-08-11 19:00:00,3,0.31893334,0.28618497
2010-08-11 17:00:00,2010-08-11 20:00:00,4,0.25766668,0.31061327
2010-08-11 17:00:00,2010-08-11 21:00:00,5,0.29546666,0.28713387
2010-08-11 17:00:00,2010-08-11 22:00:00,6,0.31416667,0.3042589
2010-08-11 17:00:00,2010-08-11 23:00:00,7,0.29626667,0.28623354
2010-08-11 17:00:00,2010-08-12 00:00:00,8,0.6167333,0.89716995
2010-08-11 17:00:00,2010-08-12 01:00:00,9,0.9415,0.6976768
2010-08-11 17:00:00,2010-08-12 02:00:00,10,0.27763334,0.2989393
2010-08-11 17:00:00,2010-08-12 03:00:00,11,0.27013335,0.2877491
2010-08-11 17:00:00,2010-08-12 04:00:00,12,0.3089,0.29453567
2010-08-11 17:00:00,2010-08-12 05:00:00,13,0.2886,0.2987497
2010-08-11 17:00:00,2010-08-12 06:00:00,14,0.31153333,0.2904804
2010-08-11 17:00:00,2010-08-12 07:00:00,15,0.28036666,0.3029218
2010-08-11 17:00:00,2010-08-12 08:00:00,16,0.25986665,0.291421
2010-08-11 17:00:00,2010-08-12 09:00:00,17,0.30693334,0.306706
2010-08-11 17:00:00,2010-08-12 10:00:00,18,0.2762,0.28990886
2010-08-11 17:00:00,2010-08-12 11:00:00,19,0.3204,0.31506592
2010-08-11 17:00:00,2010-08-12 12:00:00,20,0.7539333,0.9160911
2010-08-11 17:00:00,2010-08-12 13:00:00,21,0.7424,0.65234005
2010-08-11 17:00:00,2010-08-12 14:00:00,22,0.2872,0.2913664
2010-08-11 17:00:00,2010-08-12 15:00:00,23,0.3151,0.29829133
2010-08-11 17:00:00,2010-08-12 16:00:00,24,0.2699,0.29423732
2010-08-12 17:00:00,2010-08-12 17:00:00,1,0.3038,0.32615826
2010-08-12 17:00:00,2010-08-12 18:00:00,2,0.24606666,0.29129168
2010-08-12 17:00:00,2010-08-12 19:00:00,3,0.31096667,0.2956061
2010-08-12 17:00:00,2010-08-12 20:00:00,4,0.30546665,0.28690302
2010-08-12 17:00:00,2010-08-12 21:00:00,5,0.31286666,0.29873034
2010-08-12 17:00:00,2010-08-12 22:00:00,6,0.26143333,0.29888645
2010-08-12 17:00:00,2010-08-12 23:00:00,7,0.26036668,0.3067658
2010-08-12 17:00:00,2010-08-13 00:00:00,8,1.0248667,1.0316811
2010-08-12 17:00:00,2010-08-13 01:00:00,9,0.5477667,0.44726172
2010-08-12 17:00:00,2010-08-13 02:00:00,10,0.3143,0.2912742
2010-08-12 17:00:00,2010-08-13 03:00:00,11,0.22713333,0.29181212
2010-08-12 17:00:00,2010-08-13 04:00:00,12,0.31073335,0.30095053
2010-08-12 17:00:00,2010-08-13 05:00:00,13,0.26273334,0.30499762
2010-08-12 17:00:00,2010-08-13 06:00:00,14,0.3305,0.3001696
2010-08-12 17:00:00,2010-08-13 07:00:00,15,0.26916668,0.2948225
2010-08-12 17:00:00,2010-08-13 08:00:00,16,0.25376666,0.2923344
2010-08-12 17:00:00,2010-08-13 09:00:00,17,0.31453332,0.30602592
2010-08-12 17:00:00,2010-08-13 10:00:00,18,0.276,0.29496396
2010-08-12 17:00:00,2010-08-13 11:00:00,19,0.3081,0.3776715
2010-08-12 17:00:00,2010-08-13 12:00:00,20,1.1694,1.039751
2010-08-12 17:00:00,2010-08-13 13:00:00,21,0.34083334,0.33348906
2010-08-12 17:00:00,2010-08-13 14:00:00,22,0.25533333,0.29348752
2010-08-12 17:00:00,2010-08-13 15:00:00,23,0.3295,0.30653986
2010-08-12 17:00:00,2010-08-13 16:00:00,24,0.2618,0.29784977
2010-08-13 17:00:00,2010-08-13 17:00:00,1,0.2516,0.2975833
2010-08-13 17:00:00,2010-08-13 18:00:00,2,0.3005,0.27973032
2010-08-13 17:00:00,2010-08-13 19:00:00,3,0.29653335,0.28296727
2010-08-13 17:00:00,2010-08-13 20:00:00,4,0.2919,0.28087792
2010-08-13 17:00:00,2010-08-13 21:00:00,5,0.25283334,0.2983269
2010-08-13 17:00:00,2010-08-13 22:00:00,6,0.30193335,0.28364927
2010-08-13 17:00:00,2010-08-13 23:00:00,7,0.41313332,0.38572016
2010-08-13 17:00:00,2010-08-14 00:00:00,8,1.1578,1.0869609
2010-08-13 17:00:00,2010-08-14 01:00:00,9,0.2223,0.30256143
2010-08-13 17:00:00,2010-08-14 02:00:00,10,0.2961,0.28029603
2010-08-13 17:00:00,2010-08-14 03:00:00,11,0.283,0.28191242
2010-08-13 17:00:00,2010-08-14 04:00:00,12,0.3174,0.30219054
2010-08-13 17:00:00,2010-08-14 05:00:00,13,0.20033333,0.27811778
2010-08-13 17:00:00,2010-08-14 06:00:00,14,0.3201,0.30586106
2010-08-13 17:00:00,2010-08-14 07:00:00,15,0.26793334,0.28265995
2010-08-13 17:00:00,2010-08-14 08:00:00,16,0.3123,0.28089052
2010-08-13 17:00:00,2010-08-14 09:00:00,17,0.21163334,0.29284024
2010-08-13 17:00:00,2010-08-14 10:00:00,18,0.31903332,0.28297094
2010-08-13 17:00:00,2010-08-14 11:00:00,19,0.7287,0.6513339
2010-08-13 17:00:00,2010-08-14 12:00:00,20,0.7658333,0.8711523
2010-08-13 17:00:00,2010-08-14 13:00:00,21,0.29586667,0.2883181
2010-08-13 17:00:00,2010-08-14 14:00:00,22,0.27933332,0.27961165
2010-08-13 17:00:00,2010-08-14 15:00:00,23,0.2941,0.29781634
2010-08-13 17:00:00,2010-08-14 16:00:00,24,0.2379,0.29041958
2010-08-14 17:00:00,2010-08-14 17:00:00,1,0.2874,0.28924707
2010-08-14 17:00:00,2010-08-14 18:00:00,2,0.2868,0.28760412
2010-08-14 17:00:00,2010-08-14 19:00:00,3,0.27193335,0.28477883
2010-08-14 17:00:00,2010-08-14 20:00:00,4,0.2736,0.28236115
2010-08-14 17:00:00,2010-08-14 21:00:00,5,0.30383334,0.2816674
2010-08-14 17:00:00,2010-08-14 22:00:00,6,0.29023334,0.29478928
2010-08-14 17:00:00,2010-08-14 23:00:00,7,1.0143666,0.8910271
2010-08-14 17:00:00,2010-08-15 00:00:00,8,0.47656667,0.6338185
2010-08-14 17:00:00,2010-08-15 01:00:00,9,0.3296,0.27631885
2010-08-14 17:00:00,2010-08-15 02:00:00,10,0.25833333,0.28591004
2010-08-14 17:00:00,2010-08-15 03:00:00,11,0.252,0.2853049
2010-08-14 17:00:00,2010-08-15 04:00:00,12,0.28223333,0.28591496
2010-08-14 17:00:00,2010-08-15 05:00:00,13,0.30906665,0.27472824
2010-08-14 17:00:00,2010-08-15 06:00:00,14,0.26486668,0.29338044
2010-08-14 17:00:00,2010-08-15 07:00:00,15,0.26443332,0.28610164
2010-08-14 17:00:00,2010-08-15 08:00:00,16,0.28026667,0.28422952
2010-08-14 17:00:00,2010-08-15 09:00:00,17,0.294,0.27790877
2010-08-14 17:00:00,2010-08-15 10:00:00,18,0.34773332,0.30868393
2010-08-14 17:00:00,2010-08-15 11:00:00,19,1.2265667,0.97546685
2010-08-14 17:00:00,2010-08-15 12:00:00,20,0.29006666,0.40878704
2010-08-14 17:00:00,2010-08-15 13:00:00,21,0.3015,0.2927407
2010-08-14 17:00:00,2010-08-15 14:00:00,22,0.99833333,0.28711876
2010-08-14 17:00:00,2010-08-15 15:00:00,23,0.4085,0.28336605
2010-08-14 17:00:00,2010-08-15 16:00:00,24,1.8561,0.27941632
2010-08-15 17:00:00,2010-08-15 17:00:00,1,1.9023,0.57094616
2010-08-15 17:00:00,2010-08-15 18:00:00,2,2.1767,0.42316392
2010-08-15 17:00:00,2010-08-15 19:00:00,3,0.9298667,0.35622928
2010-08-15 17:00:00,2010-08-15 20:00:00,4,1.2045,0.34972683
2010-08-15 17:00:00,2010-08-15 21:00:00,5,0.9719667,0.33635196
2010-08-15 17:00:00,2010-08-15 22:00:00,6,1.4498667,0.4222121
2010-08-15 17:00:00,2010-08-15 23:00:00,7,0.5244,0.78077185
2010-08-15 17:00:00,2010-08-16 00:00:00,8,0.29763332,0.31257504
2010-08-15 17:00:00,2010-08-16 01:00:00,9,0.33293334,0.30733246
2010-08-15 17:00:00,2010-08-16 02:00:00,10,0.26386666,0.30858618
2010-08-15 17:00:00,2010-08-16 03:00:00,11,0.30246666,0.3001165
2010-08-15 17:00:00,2010-08-16 04:00:00,12,0.31856668,0.33347276
2010-08-15 17:00:00,2010-08-16 05:00:00,13,0.3097,0.30531153
2010-08-15 17:00:00,2010-08-16 06:00:00,14,0.2612,0.29461008
2010-08-15 17:00:00,2010-08-16 07:00:00,15,0.9650667,0.2972417
2010-08-15 17:00:00,2010-08-16 08:00:00,16,1.5165666,0.30172735
2010-08-15 17:00:00,2010-08-16 09:00:00,17,1.3763334,0.29864544
2010-08-15 17:00:00,2010-08-16 10:00:00,18,1.3420334,0.3925236
2010-08-15 17:00:00,2010-08-16 11:00:00,19,0.2498,0.49582028
2010-08-15 17:00:00,2010-08-16 12:00:00,20,0.48273334,0.29451388
2010-08-15 17:00:00,2010-08-16 13:00:00,21,0.7548,0.29556173
2010-08-15 17:00:00,2010-08-16 14:00:00,22,0.8666,0.2977081
2010-08-15 17:00:00,2010-08-16 15:00:00,23,0.3209,0.29861355
2010-08-15 17:00:00,2010-08-16 16:00:00,24,0.8527333,0.31712425
2010-08-16 17:00:00,2010-08-16 17:00:00,1,0.67123336,0.4463137
2010-08-16 17:00:00,2010-08-16 18:00:00,2,0.74383336,0.40230677
2010-08-16 17:00:00,2010-08-16 19:00:00,3,1.0497333,0.41912818
2010-08-16 17:00:00,2010-08-16 20:00:00,4,1.4753333,0.57452464
2010-08-16 17:00:00,2010-08-16 21:00:00,5,1.2868333,0.53890544
2010-08-16 17:00:00,2010-08-16 22:00:00,6,1.5521667,0.7463877
2010-08-16 17:00:00,2010-08-16 23:00:00,7,1.2357666,0.34809923
2010-08-16 17:00:00,2010-08-17 00:00:00,8,1.0600667,0.33860233
2010-08-16 17:00:00,2010-08-17 01:00:00,9,1.0796334,0.34483036
2010-08-16 17:00:00,2010-08-17 02:00:00,10,0.8246667,0.33806655
2010-08-16 17:00:00,2010-08-17 03:00:00,11,0.7446667,0.33154765
2010-08-16 17:00:00,2010-08-17 04:00:00,12,0.8127667,0.36862737
2010-08-16 17:00:00,2010-08-17 05:00:00,13,0.8006,0.3271765
2010-08-16 17:00:00,2010-08-17 06:00:00,14,0.75306666,0.32715338
2010-08-16 17:00:00,2010-08-17 07:00:00,15,1.0798666,0.36606753
2010-08-16 17:00:00,2010-08-17 08:00:00,16,1.1409667,0.35349742
2010-08-16 17:00:00,2010-08-17 09:00:00,17,1.8965334,0.6801466
2010-08-16 17:00:00,2010-08-17 10:00:00,18,1.3446333,0.3672122
2010-08-16 17:00:00,2010-08-17 11:00:00,19,0.77853334,0.31832188
2010-08-16 17:00:00,2010-08-17 12:00:00,20,0.29106668,0.31556147
2010-08-16 17:00:00,2010-08-17 13:00:00,21,0.41823334,0.3408533
2010-08-16 17:00:00,2010-08-17 14:00:00,22,0.33716667,0.31880754
2010-08-16 17:00:00,2010-08-17 15:00:00,23,0.35816666,0.3260941
2010-08-16 17:00:00,2010-08-17 16:00:00,24,0.7672333,0.3200524
2010-09-06 17:00:00,2010-09-06 17:00:00,1,2.4976666,1.2237065
2010-09-06 17:00:00,2010-09-06 18:00:00,2,0.8907,1.1951276
2010-09-06 17:00:00,2010-09-06 19:00:00,3,1.2747333,1.2640462
2010-09-06 17:00:00,2010-09-06 20:00:00,4,1.1888666,1.4562926
2010-09-06 17:00:00,2010-09-06 21:00:00,5,1.7181667,1.674998
2010-09-06 17:00:00,2010-09-06 22:00:00,6,1.2335,1.2927577
2010-09-06 17:00:00,2010-09-06 23:00:00,7,0.41806668,0.50413716
2010-09-06 17:00:00,2010-09-07 00:00:00,8,0.66206664,0.38848716
2010-09-06 17:00:00,2010-09-07 01:00:00,9,0.6508333,0.3336869
2010-09-06 17:00:00,2010-09-07 02:00:00,10,0.2722,0.31684172
2010-09-06 17:00:00,2010-09-07 03:00:00,11,0.31526667,0.31137544
2010-09-06 17:00:00,2010-09-07 04:00:00,12,0.305,0.32821387
2010-09-06 17:00:00,2010-09-07 05:00:00,13,0.32686666,0.32048333
2010-09-06 17:00:00,2010-09-07 06:00:00,14,0.6378,0.41438156
2010-09-06 17:00:00,2010-09-07 07:00:00,15,1.8521333,0.84551215
2010-09-06 17:00:00,2010-09-07 08:00:00,16,1.4305333,1.4172955
2010-09-06 17:00:00,2010-09-07 09:00:00,17,1.4320333,1.1273228
2010-09-06 17:00:00,2010-09-07 10:00:00,18,0.6150333,1.0084479
2010-09-06 17:00:00,2010-09-07 11:00:00,19,1.0950667,1.1780566
2010-09-06 17:00:00,2010-09-07 12:00:00,20,0.48646668,1.1702449
2010-09-06 17:00:00,2010-09-07 13:00:00,21,0.43636668,0.9744345
2010-09-06 17:00:00,2010-09-07 14:00:00,22,0.3362,0.92278296
2010-09-06 17:00:00,2010-09-07 15:00:00,23,0.33633333,0.9474087
2010-09-06 17:00:00,2010-09-07 16:00:00,24,0.9365,0.8530644
2010-09-07 17:00:00,2010-09-07 17:00:00,1,0.3335,1.4799808
2010-09-07 17:00:00,2010-09-07 18:00:00,2,1.0712667,1.3227324
2010-09-07 17:00:00,2010-09-07 19:00:00,3,2.7609334,1.2196774
2010-09-07 17:00:00,2010-09-07 20:00:00,4,2.1508334,1.3790262
2010-09-07 17:00:00,2010-09-07 21:00:00,5,2.2494333,1.5220358
2010-09-07 17:00:00,2010-09-07 22:00:00,6,2.4007666,1.1568738
2010-09-07 17:00:00,2010-09-07 23:00:00,7,1.1041334,0.5849843
2010-09-07 17:00:00,2010-09-08 00:00:00,8,0.36596668,0.45082748
2010-09-07 17:00:00,2010-09-08 01:00:00,9,0.34976667,0.3696167
2010-09-07 17:00:00,2010-09-08 02:00:00,10,0.4579,0.32964766
2010-09-07 17:00:00,2010-09-08 03:00:00,11,0.30133334,0.32045543
2010-09-07 17:00:00,2010-09-08 04:00:00,12,0.346,0.3932042
2010-09-07 17:00:00,2010-09-08 05:00:00,13,0.32243332,0.32664037
2010-09-07 17:00:00,2010-09-08 06:00:00,14,0.7884333,0.42008215
2010-09-07 17:00:00,2010-09-08 07:00:00,15,1.9181,1.1310765
2010-09-07 17:00:00,2010-09-08 08:00:00,16,1.6187,1.4439143
2010-09-07 17:00:00,2010-09-08 09:00:00,17,1.4468334,1.3084202
2010-09-07 17:00:00,2010-09-08 10:00:00,18,0.46386668,1.0187906
2010-09-07 17:00:00,2010-09-08 11:00:00,19,0.3372,1.2157867
2010-09-07 17:00:00,2010-09-08 12:00:00,20,0.6727667,1.1991541
2010-09-07 17:00:00,2010-09-08 13:00:00,21,0.45713332,1.0711606
2010-09-07 17:00:00,2010-09-08 14:00:00,22,0.5007,0.869529
2010-09-07 17:00:00,2010-09-08 15:00:00,23,0.4572,0.9723106
2010-09-07 17:00:00,2010-09-08 16:00:00,24,0.56273335,0.8703141
2010-09-08 17:00:00,2010-09-08 17:00:00,1,0.9294,0.7074102
2010-09-08 17:00:00,2010-09-08 18:00:00,2,1.6340333,1.1891936
2010-09-08 17:00:00,2010-09-08 19:00:00,3,0.7245333,1.4921962
2010-09-08 17:00:00,2010-09-08 20:00:00,4,1.853,1.6975119
2010-09-08 17:00:00,2010-09-08 21:00:00,5,2.8006,1.8150201
2010-09-08 17:00:00,2010-09-08 22:00:00,6,1.4298333,1.4876148
2010-09-08 17:00:00,2010-09-08 23:00:00,7,0.9917333,0.81203866
2010-09-08 17:00:00,2010-09-09 00:00:00,8,0.90496665,0.4623657
2010-09-08 17:00:00,2010-09-09 01:00:00,9,0.47246668,0.36752486
2010-09-08 17:00:00,2010-09-09 02:00:00,10,0.32793334,0.3338843
2010-09-08 17:00:00,2010-09-09 03:00:00,11,0.2828,0.3203414
2010-09-08 17:00:00,2010-09-09 04:00:00,12,0.2496,0.33216113
2010-09-08 17:00:00,2010-09-09 05:00:00,13,0.7349333,0.3291648
2010-09-08 17:00:00,2010-09-09 06:00:00,14,0.8782667,0.5125652
2010-09-08 17:00:00,2010-09-09 07:00:00,15,1.9046,1.2868724
2010-09-08 17:00:00,2010-09-09 08:00:00,16,1.4102,1.4204952
2010-09-08 17:00:00,2010-09-09 09:00:00,17,0.9942667,1.2046001
2010-09-08 17:00:00,2010-09-09 10:00:00,18,0.42676666,0.8346559
2010-09-08 17:00:00,2010-09-09 11:00:00,19,0.84456664,1.0313281
2010-09-08 17:00:00,2010-09-09 12:00:00,20,0.82446665,0.9954999
2010-09-08 17:00:00,2010-09-09 13:00:00,21,0.958,0.82868
2010-09-08 17:00:00,2010-09-09 14:00:00,22,0.42096666,0.7011341
2010-09-08 17:00:00,2010-09-09 15:00:00,23,0.77723336,0.7144041
2010-09-08 17:00:00,2010-09-09 16:00:00,24,0.30036667,0.7631471
2010-09-09 17:00:00,2010-09-09 17:00:00,1,0.71646667,0.50066596
2010-09-09 17:00:00,2010-09-09 18:00:00,2,0.47,0.9749788
2010-09-09 17:00:00,2010-09-09 19:00:00,3,1.5420667,1.307106
2010-09-09 17:00:00,2010-09-09 20:00:00,4,2.6474333,1.7374004
2010-09-09 17:00:00,2010-09-09 21:00:00,5,1.2951666,1.9504583
2010-09-09 17:00:00,2010-09-09 22:00:00,6,0.8265333,1.5334604
2010-09-09 17:00:00,2010-09-09 23:00:00,7,0.43516666,0.8856215
2010-09-09 17:00:00,2010-09-10 00:00:00,8,0.3246,0.5422614
2010-09-09 17:00:00,2010-09-10 01:00:00,9,0.80626667,0.38793707
2010-09-09 17:00:00,2010-09-10 02:00:00,10,0.4391,0.33801728
2010-09-09 17:00:00,2010-09-10 03:00:00,11,0.33616668,0.32404917
2010-09-09 17:00:00,2010-09-10 04:00:00,12,0.27933332,0.32162178
2010-09-09 17:00:00,2010-09-10 05:00:00,13,0.26126668,0.36959857
2010-09-09 17:00:00,2010-09-10 06:00:00,14,0.91066664,0.6311654
2010-09-09 17:00:00,2010-09-10 07:00:00,15,1.698,1.3097632
2010-09-09 17:00:00,2010-09-10 08:00:00,16,0.31983334,1.4368973
2010-09-09 17:00:00,2010-09-10 09:00:00,17,0.307,1.159298
2010-09-09 17:00:00,2010-09-10 10:00:00,18,0.34993333,0.8533728
2010-09-09 17:00:00,2010-09-10 11:00:00,19,0.46993333,1.0158798
2010-09-09 17:00:00,2010-09-10 12:00:00,20,0.23243333,1.0514375
2010-09-09 17:00:00,2010-09-10 13:00:00,21,0.37426665,0.8934207
2010-09-09 17:00:00,2010-09-10 14:00:00,22,0.42703333,0.74920857
2010-09-09 17:00:00,2010-09-10 15:00:00,23,0.3281,0.73840296
2010-09-09 17:00:00,2010-09-10 16:00:00,24,0.9026,0.6538528
2010-09-10 17:00:00,2010-09-10 17:00:00,1,1.0888,0.9949178
2010-09-10 17:00:00,2010-09-10 18:00:00,2,2.1483,1.1739818
2010-09-10 17:00:00,2010-09-10 19:00:00,3,1.8013,1.5212281
2010-09-10 17:00:00,2010-09-10 20:00:00,4,2.3795,1.8825295
2010-09-10 17:00:00,2010-09-10 21:00:00,5,2.0765,1.7779694
2010-09-10 17:00:00,2010-09-10 22:00:00,6,2.3522,1.4263514
2010-09-10 17:00:00,2010-09-10 23:00:00,7,1.522,0.8441452
2010-09-10 17:00:00,2010-09-11 00:00:00,8,1.0361333,0.54559493
2010-09-10 17:00:00,2010-09-11 01:00:00,9,0.461,0.45218754
2010-09-10 17:00:00,2010-09-11 02:00:00,10,0.345,0.3816504
2010-09-10 17:00:00,2010-09-11 03:00:00,11,0.27406666,0.35555953
2010-09-10 17:00:00,2010-09-11 04:00:00,12,0.3428,0.33834517
2010-09-10 17:00:00,2010-09-11 05:00:00,13,0.30256668,0.36662054
2010-09-10 17:00:00,2010-09-11 06:00:00,14,0.7187667,0.5515921
2010-09-10 17:00:00,2010-09-11 07:00:00,15,1.6514,1.0830281
2010-09-10 17:00:00,2010-09-11 08:00:00,16,1.4151,1.0189263
2010-09-10 17:00:00,2010-09-11 09:00:00,17,0.8931,0.546149
2010-09-10 17:00:00,2010-09-11 10:00:00,18,1.3423,0.47718644
2010-09-10 17:00:00,2010-09-11 11:00:00,19,0.42766666,0.5557735
2010-09-10 17:00:00,2010-09-11 12:00:00,20,1.0580333,0.55336237
2010-09-10 17:00:00,2010-09-11 13:00:00,21,1.7219,0.55011415
2010-09-10 17:00:00,2010-09-11 14:00:00,22,1.8109,0.58074856
2010-09-10 17:00:00,2010-09-11 15:00:00,23,0.9680667,0.61121213
2010-09-10 17:00:00,2010-09-11 16:00:00,24,0.45906666,0.70586467
2010-09-11 17:00:00,2010-09-11 17:00:00,1,1.2209333,0.6519947
2010-09-11 17:00:00,2010-09-11 18:00:00,2,0.73183334,1.0194595
2010-09-11 17:00:00,2010-09-11 19:00:00,3,0.38176668,1.3902296
2010-09-11 17:00:00,2010-09-11 20:00:00,4,1.0723,1.7932913
2010-09-11 17:00:00,2010-09-11 21:00:00,5,1.8524,1.8537896
2010-09-11 17:00:00,2010-09-11 22:00:00,6,1.9503334,1.5312653
2010-09-11 17:00:00,2010-09-11 23:00:00,7,1.9510666,0.8472979
2010-09-11 17:00:00,2010-09-12 00:00:00,8,1.9163,0.51962775
2010-09-11 17:00:00,2010-09-12 01:00:00,9,1.7626333,0.392887
2010-09-11 17:00:00,2010-09-12 02:00:00,10,2.2741,0.3238392
2010-09-11 17:00:00,2010-09-12 03:00:00,11,2.2359667,0.30172688
2010-09-11 17:00:00,2010-09-12 04:00:00,12,1.4288334,0.29308975
2010-09-11 17:00:00,2010-09-12 05:00:00,13,0.2998,0.3078577
2010-09-11 17:00:00,2010-09-12 06:00:00,14,0.2696,0.6421654
2010-09-11 17:00:00,2010-09-12 07:00:00,15,0.3461,1.3423965
2010-09-11 17:00:00,2010-09-12 08:00:00,16,0.3628,1.2951946
2010-09-11 17:00:00,2010-09-12 09:00:00,17,0.4345,1.0187018
2010-09-11 17:00:00,2010-09-12 10:00:00,18,0.26186666,0.8413538
2010-09-11 17:00:00,2010-09-12 11:00:00,19,0.8206,0.8725825
2010-09-11 17:00:00,2010-09-12 12:00:00,20,1.1534333,0.9005523
2010-09-11 17:00:00,2010-09-12 13:00:00,21,2.1095333,0.9302721
2010-09-11 17:00:00,2010-09-12 14:00:00,22,1.6432,0.8012256
2010-09-11 17:00:00,2010-09-12 15:00:00,23,1.5487334,0.767318
2010-09-11 17:00:00,2010-09-12 16:00:00,24,1.0166,0.7640891
2010-09-12 17:00:00,2010-09-12 17:00:00,1,0.4826,1.0422034
2010-09-12 17:00:00,2010-09-12 18:00:00,2,0.42516667,0.96330947
2010-09-12 17:00:00,2010-09-12 19:00:00,3,0.30766666,0.92606336
2010-09-12 17:00:00,2010-09-12 20:00:00,4,1.3974,1.3735743
2010-09-12 17:00:00,2010-09-12 21:00:00,5,1.5438334,1.5921499
2010-09-12 17:00:00,2010-09-12 22:00:00,6,1.5374334,1.2955587
2010-09-12 17:00:00,2010-09-12 23:00:00,7,1.2895,0.9655209
2010-09-12 17:00:00,2010-09-13 00:00:00,8,0.77213335,0.73871374
2010-09-12 17:00:00,2010-09-13 01:00:00,9,0.3366,0.5889628
2010-09-12 17:00:00,2010-09-13 02:00:00,10,0.9683333,0.5286604
2010-09-12 17:00:00,2010-09-13 03:00:00,11,0.31066668,0.44382983
2010-09-12 17:00:00,2010-09-13 04:00:00,12,0.2142,0.45806247
2010-09-12 17:00:00,2010-09-13 05:00:00,13,0.2632,0.38412845
2010-09-12 17:00:00,2010-09-13 06:00:00,14,0.6192333,0.47310942
2010-09-12 17:00:00,2010-09-13 07:00:00,15,1.9085667,0.84995735
2010-09-12 17:00:00,2010-09-13 08:00:00,16,1.4395666,0.95125675
2010-09-12 17:00:00,2010-09-13 09:00:00,17,0.5902333,0.70431834
2010-09-12 17:00:00,2010-09-13 10:00:00,18,0.35976666,0.6911801
2010-09-12 17:00:00,2010-09-13 11:00:00,19,0.33756667,0.92149746
2010-09-12 17:00:00,2010-09-13 12:00:00,20,0.26786667,1.1253816
2010-09-12 17:00:00,2010-09-13 13:00:00,21,1.2969,1.3902763
2010-09-12 17:00:00,2010-09-13 14:00:00,22,0.34996668,1.3526757
2010-09-12 17:00:00,2010-09-13 15:00:00,23,0.2418,1.151005
2010-09-12 17:00:00,2010-09-13 16:00:00,24,0.34806666,1.0172516
2010-09-13 17:00:00,2010-09-13 17:00:00,1,0.3459,0.51561725
2010-09-13 17:00:00,2010-09-13 18:00:00,2,0.71026665,0.7627131
2010-09-13 17:00:00,2010-09-13 19:00:00,3,1.2278334,1.02897
2010-09-13 17:00:00,2010-09-13 20:00:00,4,1.4991,1.7494973
2010-09-13 17:00:00,2010-09-13 21:00:00,5,1.7951,1.80505
2010-09-13 17:00:00,2010-09-13 22:00:00,6,1.4222333,1.65237
2010-09-13 17:00:00,2010-09-13 23:00:00,7,0.31356665,1.1899835
2010-09-13 17:00:00,2010-09-14 00:00:00,8,0.33683333,0.86738366
2010-09-13 17:00:00,2010-09-14 01:00:00,9,0.3358,0.6503498
2010-09-13 17:00:00,2010-09-14 02:00:00,10,0.3402,0.55356324
2010-09-13 17:00:00,2010-09-14 03:00:00,11,0.27923334,0.40495932
2010-09-13 17:00:00,2010-09-14 04:00:00,12,0.25666666,0.38607377
2010-09-13 17:00:00,2010-09-14 05:00:00,13,0.2604,0.39178348
2010-09-13 17:00:00,2010-09-14 06:00:00,14,0.6287,0.53111434
2010-09-13 17:00:00,2010-09-14 07:00:00,15,1.7493334,1.4540714
2010-09-13 17:00:00,2010-09-14 08:00:00,16,1.4405,1.2338225
2010-09-13 17:00:00,2010-09-14 09:00:00,17,2.1934333,0.71385384
2010-09-13 17:00:00,2010-09-14 10:00:00,18,0.9704667,0.59343565
2010-09-13 17:00:00,2010-09-14 11:00:00,19,1.7899,0.61867654
2010-09-13 17:00:00,2010-09-14 12:00:00,20,0.5667667,0.7686219
2010-09-13 17:00:00,2010-09-14 13:00:00,21,0.50916666,1.0877154
2010-09-13 17:00:00,2010-09-14 14:00:00,22,0.94516665,0.81970525
2010-09-13 17:00:00,2010-09-14 15:00:00,23,0.32896668,0.6486101
2010-09-13 17:00:00,2010-09-14 16:00:00,24,0.38696668,0.5660258
2010-09-14 17:00:00,2010-09-14 17:00:00,1,0.5251667,0.43984908
2010-09-14 17:00:00,2010-09-14 18:00:00,2,1.5987,0.8267158
2010-09-14 17:00:00,2010-09-14 19:00:00,3,1.9842334,1.0877507
2010-09-14 17:00:00,2010-09-14 20:00:00,4,2.0944333,1.6613102
2010-09-14 17:00:00,2010-09-14 21:00:00,5,2.1402667,1.7964123
2010-09-14 17:00:00,2010-09-14 22:00:00,6,1.3248333,1.5604913
2010-09-14 17:00:00,2010-09-14 23:00:00,7,0.8585,0.82953024
2010-09-14 17:00:00,2010-09-15 00:00:00,8,0.3932,0.50300026
2010-09-14 17:00:00,2010-09-15 01:00:00,9,0.40836668,0.3632769
2010-09-14 17:00:00,2010-09-15 02:00:00,10,0.38073334,0.31891143
2010-09-14 17:00:00,2010-09-15 03:00:00,11,0.351,0.29091656
2010-09-14 17:00:00,2010-09-15 04:00:00,12,0.23933333,0.2891578
2010-09-14 17:00:00,2010-09-15 05:00:00,13,0.305,0.31715053
2010-09-14 17:00:00,2010-09-15 06:00:00,14,0.81226665,0.60475945
2010-09-14 17:00:00,2010-09-15 07:00:00,15,2.0184,1.4521649
2010-09-14 17:00:00,2010-09-15 08:00:00,16,1.5053667,1.397763
2010-09-14 17:00:00,2010-09-15 09:00:00,17,1.1082333,1.0206804
2010-09-14 17:00:00,2010-09-15 10:00:00,18,0.31056666,0.68706095
2010-09-14 17:00:00,2010-09-15 11:00:00,19,0.22896667,0.76107657
2010-09-14 17:00:00,2010-09-15 12:00:00,20,0.37286666,0.73676044
2010-09-14 17:00:00,2010-09-15 13:00:00,21,0.27376667,0.68344736
2010-09-14 17:00:00,2010-09-15 14:00:00,22,0.34433332,0.662181
2010-09-14 17:00:00,2010-09-15 15:00:00,23,0.35886666,0.5416095
2010-09-14 17:00:00,2010-09-15 16:00:00,24,0.40313333,0.47700083
2010-09-15 17:00:00,2010-09-15 17:00:00,1,0.3624,0.4654056
2010-09-15 17:00:00,2010-09-15 18:00:00,2,0.98303336,1.0015714
2010-09-15 17:00:00,2010-09-15 19:00:00,3,0.20803334,1.313156
2010-09-15 17:00:00,2010-09-15 20:00:00,4,0.7553,1.8328508
2010-09-15 17:00:00,2010-09-15 21:00:00,5,1.5866667,1.9835478
2010-09-15 17:00:00,2010-09-15 22:00:00,6,1.7083666,1.5446367
2010-09-15 17:00:00,2010-09-15 23:00:00,7,1.0167,0.8353879
2010-09-15 17:00:00,2010-09-16 00:00:00,8,0.41856667,0.4499582
2010-09-15 17:00:00,2010-09-16 01:00:00,9,0.31413335,0.35618216
2010-09-15 17:00:00,2010-09-16 02:00:00,10,0.26486668,0.3320222
2010-09-15 17:00:00,2010-09-16 03:00:00,11,0.9835,0.30063498
2010-09-15 17:00:00,2010-09-16 04:00:00,12,0.2645,0.29629022
2010-09-15 17:00:00,2010-09-16 05:00:00,13,0.3104,0.30021238
2010-09-15 17:00:00,2010-09-16 06:00:00,14,0.63156664,0.7160398
2010-09-15 17:00:00,2010-09-16 07:00:00,15,1.9140667,1.7272223
2010-09-15 17:00:00,2010-09-16 08:00:00,16,1.4490334,1.4377
2010-09-15 17:00:00,2010-09-16 09:00:00,17,0.55146664,1.1001457
2010-09-15 17:00:00,2010-09-16 10:00:00,18,0.5208333,0.52783954
2010-09-15 17:00:00,2010-09-16 11:00:00,19,1.34,0.51610136
2010-09-15 17:00:00,2010-09-16 12:00:00,20,1.4146667,0.5502703
2010-09-15 17:00:00,2010-09-16 13:00:00,21,1.4808333,0.57843715
2010-09-15 17:00:00,2010-09-16 14:00:00,22,0.5958667,0.56360054
2010-09-15 17:00:00,2010-09-16 15:00:00,23,0.27526668,0.48105296
2010-09-15 17:00:00,2010-09-16 16:00:00,24,0.2105,0.4848063
2010-09-16 17:00:00,2010-09-16 17:00:00,1,0.26183334,0.30540884
2010-09-16 17:00:00,2010-09-16 18:00:00,2,0.79153335,0.740678
2010-09-16 17:00:00,2010-09-16 19:00:00,3,1.3970333,1.0782189
2010-09-16 17:00:00,2010-09-16 20:00:00,4,2.9843,1.6397065
2010-09-16 17:00:00,2010-09-16 21:00:00,5,1.7319334,1.8239439
2010-09-16 17:00:00,2010-09-16 22:00:00,6,1.4389,1.484217
2010-09-16 17:00:00,2010-09-16 23:00:00,7,0.7833667,0.77245086
2010-09-16 17:00:00,2010-09-17 00:00:00,8,0.47656667,0.41347712
2010-09-16 17:00:00,2010-09-17 01:00:00,9,0.2953,0.34184873
2010-09-16 17:00:00,2010-09-17 02:00:00,10,0.5791,0.32178205
2010-09-16 17:00:00,2010-09-17 03:00:00,11,0.6627333,0.28488058
2010-09-16 17:00:00,2010-09-17 04:00:00,12,0.1995,0.27441442
2010-09-16 17:00:00,2010-09-17 05:00:00,13,0.26236665,0.27972418
2010-09-16 17:00:00,2010-09-17 06:00:00,14,0.63243335,0.6045028
2010-09-16 17:00:00,2010-09-17 07:00:00,15,1.9198,1.5759252
2010-09-16 17:00:00,2010-09-17 08:00:00,16,1.3942667,1.3694866
2010-09-16 17:00:00,2010-09-17 09:00:00,17,0.8596,0.9514802
2010-09-16 17:00:00,2010-09-17 10:00:00,18,0.1999,0.56837904
2010-09-16 17:00:00,2010-09-17 11:00:00,19,0.28723332,0.63716316
2010-09-16 17:00:00,2010-09-17 12:00:00,20,0.5261667,0.6977784
2010-09-16 17:00:00,2010-09-17 13:00:00,21,0.3563,0.68689424
2010-09-16 17:00:00,2010-09-17 14:00:00,22,0.7945667,0.5283991
2010-09-16 17:00:00,2010-09-17 15:00:00,23,1.6732334,0.41030598
2010-09-16 17:00:00,2010-09-17 16:00:00,24,2.9641666,0.39397222
2010-09-17 17:00:00,2010-09-17 17:00:00,1,1.5464667,1.5971088
2010-09-17 17:00:00,2010-09-17 18:00:00,2,1.9456333,1.2070347
2010-09-17 17:00:00,2010-09-17 19:00:00,3,2.9272,1.3049822
2010-09-17 17:00:00,2010-09-17 20:00:00,4,2.8731334,1.6038135
2010-09-17 17:00:00,2010-09-17 21:00:00,5,0.57383335,1.7573563
2010-09-17 17:00:00,2010-09-17 22:00:00,6,0.5266333,1.4805989
2010-09-17 17:00:00,2010-09-17 23:00:00,7,0.484,0.81731534
2010-09-17 17:00:00,2010-09-18 00:00:00,8,0.29143333,0.49538723
2010-09-17 17:00:00,2010-09-18 01:00:00,9,0.26736668,0.39862168
2010-09-17 17:00:00,2010-09-18 02:00:00,10,0.82516664,0.38950992
2010-09-17 17:00:00,2010-09-18 03:00:00,11,0.35503334,0.35846514
2010-09-17 17:00:00,2010-09-18 04:00:00,12,0.331,0.31116134
2010-09-17 17:00:00,2010-09-18 05:00:00,13,0.20823333,0.31865728
2010-09-17 17:00:00,2010-09-18 06:00:00,14,0.61086667,0.691306
2010-09-17 17:00:00,2010-09-18 07:00:00,15,1.804,1.759701
2010-09-17 17:00:00,2010-09-18 08:00:00,16,1.3786,1.4016687
2010-09-17 17:00:00,2010-09-18 09:00:00,17,0.8287,0.82630265
2010-09-17 17:00:00,2010-09-18 10:00:00,18,0.51663333,0.43149316
2010-09-17 17:00:00,2010-09-18 11:00:00,19,0.36486667,0.52963305
2010-09-17 17:00:00,2010-09-18 12:00:00,20,0.3004,0.60626507
2010-09-17 17:00:00,2010-09-18 13:00:00,21,0.83463335,0.69981784
2010-09-17 17:00:00,2010-09-18 14:00:00,22,1.0549333,0.6213944
2010-09-17 17:00:00,2010-09-18 15:00:00,23,0.8408667,0.49613315
2010-09-17 17:00:00,2010-09-18 16:00:00,24,0.9072667,0.49875525
2010-09-18 17:00:00,2010-09-18 17:00:00,1,1.3213667,0.8604364
2010-09-18 17:00:00,2010-09-18 18:00:00,2,0.7356333,1.0779082
2010-09-18 17:00:00,2010-09-18 19:00:00,3,1.5119,1.1361053
2010-09-18 17:00:00,2010-09-18 20:00:00,4,1.7384666,1.6394424
2010-09-18 17:00:00,2010-09-18 21:00:00,5,1.5982333,1.6827974
2010-09-18 17:00:00,2010-09-18 22:00:00,6,1.6708,1.4416183
2010-09-18 17:00:00,2010-09-18 23:00:00,7,0.5027,0.9035988
2010-09-18 17:00:00,2010-09-19 00:00:00,8,0.3826,0.4736893
2010-09-18 17:00:00,2010-09-19 01:00:00,9,0.40396667,0.36981982
2010-09-18 17:00:00,2010-09-19 02:00:00,10,0.414,0.47259226
2010-09-18 17:00:00,2010-09-19 03:00:00,11,0.4857,0.3612885
2010-09-18 17:00:00,2010-09-19 04:00:00,12,0.28163335,0.28870595
2010-09-18 17:00:00,2010-09-19 05:00:00,13,0.1971,0.28226095
2010-09-18 17:00:00,2010-09-19 06:00:00,14,0.23706667,0.6179937
2010-09-18 17:00:00,2010-09-19 07:00:00,15,0.5294333,1.70371
2010-09-18 17:00:00,2010-09-19 08:00:00,16,0.94783336,1.3203803
2010-09-18 17:00:00,2010-09-19 09:00:00,17,0.81906664,0.81942
2010-09-18 17:00:00,2010-09-19 10:00:00,18,0.56983334,0.3881575
2010-09-18 17:00:00,2010-09-19 11:00:00,19,0.2659,0.43537146
2010-09-18 17:00:00,2010-09-19 12:00:00,20,0.21293333,0.5864006
2010-09-18 17:00:00,2010-09-19 13:00:00,21,0.48093334,0.91016006
2010-09-18 17:00:00,2010-09-19 14:00:00,22,0.31873333,0.73951393
2010-09-18 17:00:00,2010-09-19 15:00:00,23,0.2951,0.62176645
2010-09-18 17:00:00,2010-09-19 16:00:00,24,0.2528,0.5515778
2010-09-19 17:00:00,2010-09-19 17:00:00,1,0.3328,0.33295304
2010-09-19 17:00:00,2010-09-19 18:00:00,2,1.6387334,0.80649173
2010-09-19 17:00:00,2010-09-19 19:00:00,3,1.0944667,1.2928158
2010-09-19 17:00:00,2010-09-19 20:00:00,4,2.3435667,1.8107972
2010-09-19 17:00:00,2010-09-19 21:00:00,5,1.8975667,1.7606488
2010-09-19 17:00:00,2010-09-19 22:00:00,6,0.71723336,1.5300744
2010-09-19 17:00:00,2010-09-19 23:00:00,7,0.20766667,0.79238564
2010-09-19 17:00:00,2010-09-20 00:00:00,8,0.35776666,0.41432565
2010-09-19 17:00:00,2010-09-20 01:00:00,9,0.33073333,0.34418958
2010-09-19 17:00:00,2010-09-20 02:00:00,10,0.85046667,0.4139029
2010-09-19 17:00:00,2010-09-20 03:00:00,11,0.27186668,0.31194824
2010-09-19 17:00:00,2010-09-20 04:00:00,12,0.1951,0.27044362
2010-09-19 17:00:00,2010-09-20 05:00:00,13,0.27953333,0.27086776
2010-09-19 17:00:00,2010-09-20 06:00:00,14,0.6302,0.5997287
2010-09-19 17:00:00,2010-09-20 07:00:00,15,2.1169667,1.6253729
2010-09-19 17:00:00,2010-09-20 08:00:00,16,1.4034333,1.3306023
2010-09-19 17:00:00,2010-09-20 09:00:00,17,1.3784667,0.93434453
2010-09-19 17:00:00,2010-09-20 10:00:00,18,1.4202666,0.43293577
2010-09-19 17:00:00,2010-09-20 11:00:00,19,0.8689,0.3766387
2010-09-19 17:00:00,2010-09-20 12:00:00,20,2.1722667,0.42887694
2010-09-19 17:00:00,2010-09-20 13:00:00,21,1.1652666,0.6921456
2010-09-19 17:00:00,2010-09-20 14:00:00,22,0.9749333,0.5089859
2010-09-19 17:00:00,2010-09-20 15:00:00,23,1.3373333,0.41491362
2010-09-19 17:00:00,2010-09-20 16:00:00,24,1.3559,0.45140016
2010-09-20 17:00:00,2010-09-20 17:00:00,1,1.4825333,1.1764901
2010-09-20 17:00:00,2010-09-20 18:00:00,2,1.1808667,1.3024986
2010-09-20 17:00:00,2010-09-20 19:00:00,3,1.3009,1.3790538
2010-09-20 17:00:00,2010-09-20 20:00:00,4,2.0630667,1.8318169
2010-09-20 17:00:00,2010-09-20 21:00:00,5,2.5983667,1.6908796
2010-09-20 17:00:00,2010-09-20 22:00:00,6,1.6893667,1.3868356
2010-09-20 17:00:00,2010-09-20 23:00:00,7,0.6227,0.80206573
2010-09-20 17:00:00,2010-09-21 00:00:00,8,0.47203332,0.4729462
2010-09-20 17:00:00,2010-09-21 01:00:00,9,0.30283332,0.40799475
2010-09-20 17:00:00,2010-09-21 02:00:00,10,0.20446667,0.49963176
2010-09-20 17:00:00,2010-09-21 03:00:00,11,0.2689,0.37053174
2010-09-20 17:00:00,2010-09-21 04:00:00,12,0.2723,0.31130803
2010-09-20 17:00:00,2010-09-21 05:00:00,13,0.9105,0.30650717
2010-09-20 17:00:00,2010-09-21 06:00:00,14,0.61516666,0.6251893
2010-09-20 17:00:00,2010-09-21 07:00:00,15,1.8787333,1.7214582
2010-09-20 17:00:00,2010-09-21 08:00:00,16,1.3339666,1.4027432
2010-09-20 17:00:00,2010-09-21 09:00:00,17,1.3714666,0.9726052
2010-09-20 17:00:00,2010-09-21 10:00:00,18,1.0264,0.4791275
2010-09-20 17:00:00,2010-09-21 11:00:00,19,0.7342333,0.45732546
2010-09-20 17:00:00,2010-09-21 12:00:00,20,0.83236665,0.5039207
2010-09-20 17:00:00,2010-09-21 13:00:00,21,0.59286666,0.66094637
2010-09-20 17:00:00,2010-09-21 14:00:00,22,0.30463332,0.58838534
2010-09-20 17:00:00,2010-09-21 15:00:00,23,0.42093334,0.46010518
2010-09-20 17:00:00,2010-09-21 16:00:00,24,0.41113332,0.45892328
2010-09-21 17:00:00,2010-09-21 17:00:00,1,0.24773334,0.4196121
2010-09-21 17:00:00,2010-09-21 18:00:00,2,0.31063333,0.8716547
2010-09-21 17:00:00,2010-09-21 19:00:00,3,0.5627667,1.3763151
2010-09-21 17:00:00,2010-09-21 20:00:00,4,2.0710332,2.062491
2010-09-21 17:00:00,2010-09-21 21:00:00,5,2.0067666,1.7934018
2010-09-21 17:00:00,2010-09-21 22:00:00,6,1.0306667,1.3085002
2010-09-21 17:00:00,2010-09-21 23:00:00,7,0.3404,0.63628757
2010-09-21 17:00:00,2010-09-22 00:00:00,8,0.28543332,0.43715835
2010-09-21 17:00:00,2010-09-22 01:00:00,9,0.30536667,0.39253134
2010-09-21 17:00:00,2010-09-22 02:00:00,10,0.32706666,0.42760894
2010-09-21 17:00:00,2010-09-22 03:00:00,11,0.26043335,0.3539859
2010-09-21 17:00:00,2010-09-22 04:00:00,12,0.7687,0.2979375
2010-09-21 17:00:00,2010-09-22 05:00:00,13,0.39396667,0.30970728
2010-09-21 17:00:00,2010-09-22 06:00:00,14,0.5784,0.5623902
2010-09-21 17:00:00,2010-09-22 07:00:00,15,2.0355334,1.7778778
2010-09-21 17:00:00,2010-09-22 08:00:00,16,1.8892,1.2624803
2010-09-21 17:00:00,2010-09-22 09:00:00,17,1.8499334,0.84286964
2010-09-21 17:00:00,2010-09-22 10:00:00,18,1.5564,0.449903
2010-09-21 17:00:00,2010-09-22 11:00:00,19,0.39383334,0.4115147
2010-09-21 17:00:00,2010-09-22 12:00:00,20,0.72726667,0.44864818
2010-09-21 17:00:00,2010-09-22 13:00:00,21,1.4374666,0.52537286
2010-09-21 17:00:00,2010-09-22 14:00:00,22,0.30463332,0.5615207
2010-09-21 17:00:00,2010-09-22 15:00:00,23,0.9953,0.4873526
2010-09-21 17:00:00,2010-09-22 16:00:00,24,1.3890333,0.5071479
2010-09-22 17:00:00,2010-09-22 17:00:00,1,1.4524333,1.2415353
2010-09-22 17:00:00,2010-09-22 18:00:00,2,1.643,1.2811539
2010-09-22 17:00:00,2010-09-22 19:00:00,3,1.6807,1.4641051
2010-09-22 17:00:00,2010-09-22 20:00:00,4,2.1387,1.9910533
2010-09-22 17:00:00,2010-09-22 21:00:00,5,1.5795667,1.9203925
2010-09-22 17:00:00,2010-09-22 22:00:00,6,0.8024,1.6212316
2010-09-22 17:00:00,2010-09-22 23:00:00,7,0.37846667,0.856471
2010-09-22 17:00:00,2010-09-23 00:00:00,8,0.33206666,0.5048736
2010-09-22 17:00:00,2010-09-23 01:00:00,9,0.4959,0.3882619
2010-09-22 17:00:00,2010-09-23 02:00:00,10,0.7034,0.3930927
2010-09-22 17:00:00,2010-09-23 03:00:00,11,0.29883334,0.347629
2010-09-22 17:00:00,2010-09-23 04:00:00,12,0.20333333,0.31905216
2010-09-22 17:00:00,2010-09-23 05:00:00,13,0.2656,0.313798
2010-09-22 17:00:00,2010-09-23 06:00:00,14,0.7313667,0.58422697
2010-09-22 17:00:00,2010-09-23 07:00:00,15,2.5547,1.6978228
2010-09-22 17:00:00,2010-09-23 08:00:00,16,1.9102334,1.4666743
2010-09-22 17:00:00,2010-09-23 09:00:00,17,1.4231666,1.1701888
2010-09-22 17:00:00,2010-09-23 10:00:00,18,1.8184667,0.73925126
2010-09-22 17:00:00,2010-09-23 11:00:00,19,0.8200667,0.5505941
2010-09-22 17:00:00,2010-09-23 12:00:00,20,1.5701,0.7049209
2010-09-22 17:00:00,2010-09-23 13:00:00,21,1.4991,0.9358223
2010-09-22 17:00:00,2010-09-23 14:00:00,22,1.4011667,0.71376204
2010-09-22 17:00:00,2010-09-23 15:00:00,23,0.6156667,0.6637331
2010-09-22 17:00:00,2010-09-23 16:00:00,24,0.3339,0.56798524
2010-09-23 17:00:00,2010-09-23 17:00:00,1,0.36843333,0.3724801
2010-09-23 17:00:00,2010-09-23 18:00:00,2,0.6257333,0.7757838
2010-09-23 17:00:00,2010-09-23 19:00:00,3,1.2010334,0.97250324
2010-09-23 17:00:00,2010-09-23 20:00:00,4,0.96793336,1.8395486
2010-09-23 17:00:00,2010-09-23 21:00:00,5,2.0422332,1.8396289
2010-09-23 17:00:00,2010-09-23 22:00:00,6,1.0331,1.5482976
2010-09-23 17:00:00,2010-09-23 23:00:00,7,0.94883335,0.93457806
2010-09-23 17:00:00,2010-09-24 00:00:00,8,0.49993333,0.60331786
2010-09-23 17:00:00,2010-09-24 01:00:00,9,0.3203,0.47313038
2010-09-23 17:00:00,2010-09-24 02:00:00,10,0.31416667,0.64863396
2010-09-23 17:00:00,2010-09-24 03:00:00,11,0.26683334,0.4660564
2010-09-23 17:00:00,2010-09-24 04:00:00,12,0.2029,0.34352082
2010-09-23 17:00:00,2010-09-24 05:00:00,13,0.7952667,0.30415148
2010-09-23 17:00:00,2010-09-24 06:00:00,14,0.78276664,0.49529964
2010-09-23 17:00:00,2010-09-24 07:00:00,15,2.1366668,1.6258631
2010-09-23 17:00:00,2010-09-24 08:00:00,16,1.4683334,1.3487045
2010-09-23 17:00:00,2010-09-24 09:00:00,17,1.3575333,1.0039775
2010-09-23 17:00:00,2010-09-24 10:00:00,18,1.2882,0.59842134
2010-09-23 17:00:00,2010-09-24 11:00:00,19,0.39576668,0.55473673
2010-09-23 17:00:00,2010-09-24 12:00:00,20,0.5886667,0.7848345
2010-09-23 17:00:00,2010-09-24 13:00:00,21,0.8107,1.1470922
2010-09-23 17:00:00,2010-09-24 14:00:00,22,0.9828333,0.8308622
2010-09-23 17:00:00,2010-09-24 15:00:00,23,0.26486668,0.6936568
2010-09-23 17:00:00,2010-09-24 16:00:00,24,0.6632,0.5590081
2010-10-13 17:00:00,2010-10-13 17:00:00,1,1.5491,0.97287685
2010-10-13 17:00:00,2010-10-13 18:00:00,2,0.9845667,1.1222713
2010-10-13 17:00:00,2010-10-13 19:00:00,3,2.0344,1.7452358
2010-10-13 17:00:00,2010-10-13 20:00:00,4,2.377,1.9450698
2010-10-13 17:00:00,2010-10-13 21:00:00,5,2.1648667,1.9921674
2010-10-13 17:00:00,2010-10-13 22:00:00,6,2.0436,1.3151549
2010-10-13 17:00:00,2010-10-13 23:00:00,7,0.37086666,0.94035864
2010-10-13 17:00:00,2010-10-14 00:00:00,8,0.37043333,0.64934295
2010-10-13 17:00:00,2010-10-14 01:00:00,9,0.47763333,0.5438562
2010-10-13 17:00:00,2010-10-14 02:00:00,10,0.3412,0.5154011
2010-10-13 17:00:00,2010-10-14 03:00:00,11,0.38673332,0.46957064
2010-10-13 17:00:00,2010-10-14 04:00:00,12,0.37803334,0.44584316
2010-10-13 17:00:00,2010-10-14 05:00:00,13,0.43933332,0.5117393
2010-10-13 17:00:00,2010-10-14 06:00:00,14,1.1876,0.93145996
2010-10-13 17:00:00,2010-10-14 07:00:00,15,2.9721,2.0923603
2010-10-13 17:00:00,2010-10-14 08:00:00,16,1.7274,1.7666004
2010-10-13 17:00:00,2010-10-14 09:00:00,17,3.2096,1.4168241
2010-10-13 17:00:00,2010-10-14 10:00:00,18,1.8472667,1.1066716
2010-10-13 17:00:00,2010-10-14 11:00:00,19,0.99293333,1.0474396
2010-10-13 17:00:00,2010-10-14 12:00:00,20,0.9460667,1.0574343
2010-10-13 17:00:00,2010-10-14 13:00:00,21,1.2267667,0.9268781
2010-10-13 17:00:00,2010-10-14 14:00:00,22,1.9145,1.1519898
2010-10-13 17:00:00,2010-10-14 15:00:00,23,0.9038,1.0706575
2010-10-13 17:00:00,2010-10-14 16:00:00,24,0.95703334,1.076136
2010-10-14 17:00:00,2010-10-14 17:00:00,1,0.41783333,0.8531588
2010-10-14 17:00:00,2010-10-14 18:00:00,2,1.7473333,1.1444845
2010-10-14 17:00:00,2010-10-14 19:00:00,3,4.117767,1.9913145
2010-10-14 17:00:00,2010-10-14 20:00:00,4,2.9113,2.2754478
2010-10-14 17:00:00,2010-10-14 21:00:00,5,3.2242,2.1421354
2010-10-14 17:00:00,2010-10-14 22:00:00,6,2.3347332,1.478045
2010-10-14 17:00:00,2010-10-14 23:00:00,7,0.55376667,0.81560695
2010-10-14 17:00:00,2010-10-15 00:00:00,8,0.40123335,0.5736075
2010-10-14 17:00:00,2010-10-15 01:00:00,9,0.41296667,0.48382723
2010-10-14 17:00:00,2010-10-15 02:00:00,10,0.44096667,0.4547693
2010-10-14 17:00:00,2010-10-15 03:00:00,11,0.3288,0.4328854
2010-10-14 17:00:00,2010-10-15 04:00:00,12,0.33223334,0.415653
2010-10-14 17:00:00,2010-10-15 05:00:00,13,0.43626666,0.43472654
2010-10-14 17:00:00,2010-10-15 06:00:00,14,1.1134666,0.8387518
2010-10-14 17:00:00,2010-10-15 07:00:00,15,2.0124,2.0127072
2010-10-14 17:00:00,2010-10-15 08:00:00,16,1.8972,1.8349762
2010-10-14 17:00:00,2010-10-15 09:00:00,17,1.5839666,1.8141872
2010-10-14 17:00:00,2010-10-15 10:00:00,18,1.6329334,1.4772227
2010-10-14 17:00:00,2010-10-15 11:00:00,19,1.8261,1.3309993
2010-10-14 17:00:00,2010-10-15 12:00:00,20,2.0656667,1.3050659
2010-10-14 17:00:00,2010-10-15 13:00:00,21,1.5737667,1.1359711
2010-10-14 17:00:00,2010-10-15 14:00:00,22,1.4675333,1.1820321
2010-10-14 17:00:00,2010-10-15 15:00:00,23,0.5948667,1.029583
2010-10-14 17:00:00,2010-10-15 16:00:00,24,0.5592,0.87710786
2010-10-15 17:00:00,2010-10-15 17:00:00,1,0.56443334,0.5476387
2010-10-15 17:00:00,2010-10-15 18:00:00,2,1.4324666,1.2421625
2010-10-15 17:00:00,2010-10-15 19:00:00,3,1.8231666,2.2968595
2010-10-15 17:00:00,2010-10-15 20:00:00,4,1.4465333,2.5932794
2010-10-15 17:00:00,2010-10-15 21:00:00,5,1.1575,2.3795714
2010-10-15 17:00:00,2010-10-15 22:00:00,6,1.0036334,1.5710809
2010-10-15 17:00:00,2010-10-15 23:00:00,7,0.4981,0.8546674
2010-10-15 17:00:00,2010-10-16 00:00:00,8,0.32736668,0.57855535
2010-10-15 17:00:00,2010-10-16 01:00:00,9,0.30913332,0.4617086
2010-10-15 17:00:00,2010-10-16 02:00:00,10,0.43116668,0.42586315
2010-10-15 17:00:00,2010-10-16 03:00:00,11,0.3812,0.3974256
2010-10-15 17:00:00,2010-10-16 04:00:00,12,0.3765,0.39229697
2010-10-15 17:00:00,2010-10-16 05:00:00,13,0.34116668,0.45171976
2010-10-15 17:00:00,2010-10-16 06:00:00,14,0.7945333,1.0501903
2010-10-15 17:00:00,2010-10-16 07:00:00,15,2.1444,2.2901745
2010-10-15 17:00:00,2010-10-16 08:00:00,16,1.9714333,1.8739386
2010-10-15 17:00:00,2010-10-16 09:00:00,17,0.9704,1.7160418
2010-10-15 17:00:00,2010-10-16 10:00:00,18,1.8662333,1.3966353
2010-10-15 17:00:00,2010-10-16 11:00:00,19,1.3443667,1.1612945
2010-10-15 17:00:00,2010-10-16 12:00:00,20,0.7357,1.3075544
2010-10-15 17:00:00,2010-10-16 13:00:00,21,0.3585,1.1262579
2010-10-15 17:00:00,2010-10-16 14:00:00,22,0.4908,1.0862979
2010-10-15 17:00:00,2010-10-16 15:00:00,23,0.37156665,0.81058514
2010-10-15 17:00:00,2010-10-16 16:00:00,24,0.317,0.6707384
2010-10-16 17:00:00,2010-10-16 17:00:00,1,0.41803333,0.3838364
2010-10-16 17:00:00,2010-10-16 18:00:00,2,0.33413333,0.9874358
2010-10-16 17:00:00,2010-10-16 19:00:00,3,0.373,1.8301572
2010-10-16 17:00:00,2010-10-16 20:00:00,4,0.87223333,2.0625978
2010-10-16 17:00:00,2010-10-16 21:00:00,5,0.38303334,1.7598538
2010-10-16 17:00:00,2010-10-16 22:00:00,6,0.41023332,1.130196
2010-10-16 17:00:00,2010-10-16 23:00:00,7,0.34476668,0.59056073
2010-10-16 17:00:00,2010-10-17 00:00:00,8,0.37173334,0.4766971
2010-10-16 17:00:00,2010-10-17 01:00:00,9,0.3329,0.3951004
2010-10-16 17:00:00,2010-10-17 02:00:00,10,0.4126,0.3749811
2010-10-16 17:00:00,2010-10-17 03:00:00,11,0.3131,0.3442099
2010-10-16 17:00:00,2010-10-17 04:00:00,12,0.36276665,0.35991263
2010-10-16 17:00:00,2010-10-17 05:00:00,13,0.36233333,0.40022236
2010-10-16 17:00:00,2010-10-17 06:00:00,14,1.0407333,0.89694834
2010-10-16 17:00:00,2010-10-17 07:00:00,15,0.3727,2.0200431
2010-10-16 17:00:00,2010-10-17 08:00:00,16,0.3803,1.6875939
2010-10-16 17:00:00,2010-10-17 09:00:00,17,0.3763,1.5968848
2010-10-16 17:00:00,2010-10-17 10:00:00,18,0.32896668,1.4358774
2010-10-16 17:00:00,2010-10-17 11:00:00,19,0.30006668,1.2917241
2010-10-16 17:00:00,2010-10-17 12:00:00,20,0.31323335,1.3660542
2010-10-16 17:00:00,2010-10-17 13:00:00,21,0.36516666,1.1786855
2010-10-16 17:00:00,2010-10-17 14:00:00,22,0.4966,1.2372024
2010-10-16 17:00:00,2010-10-17 15:00:00,23,0.37656668,1.0053891
2010-10-16 17:00:00,2010-10-17 16:00:00,24,1.1914333,0.78678167
2010-10-17 17:00:00,2010-10-17 17:00:00,1,0.4926,0.8583885
2010-10-17 17:00:00,2010-10-17 18:00:00,2,0.5668333,0.80598
2010-10-17 17:00:00,2010-10-17 19:00:00,3,2.0301,0.88491035
2010-10-17 17:00:00,2010-10-17 20:00:00,4,2.4540334,0.91942185
2010-10-17 17:00:00,2010-10-17 21:00:00,5,2.1380668,0.73170733
2010-10-17 17:00:00,2010-10-17 22:00:00,6,0.9011,0.61562216
2010-10-17 17:00:00,2010-10-17 23:00:00,7,1.1761333,0.45530564
2010-10-17 17:00:00,2010-10-18 00:00:00,8,0.5301333,0.4401102
2010-10-17 17:00:00,2010-10-18 01:00:00,9,0.3841,0.39383233
2010-10-17 17:00:00,2010-10-18 02:00:00,10,0.32136667,0.42210984
2010-10-17 17:00:00,2010-10-18 03:00:00,11,0.33143333,0.3785373
2010-10-17 17:00:00,2010-10-18 04:00:00,12,0.43443334,0.3848439
2010-10-17 17:00:00,2010-10-18 05:00:00,13,0.3197,0.38496816
2010-10-17 17:00:00,2010-10-18 06:00:00,14,0.7896,0.5827216
2010-10-17 17:00:00,2010-10-18 07:00:00,15,2.4543,0.8696288
2010-10-17 17:00:00,2010-10-18 08:00:00,16,2.4651,0.7776959
2010-10-17 17:00:00,2010-10-18 09:00:00,17,3.6570666,0.6830784
2010-10-17 17:00:00,2010-10-18 10:00:00,18,2.6036,0.57134956
2010-10-17 17:00:00,2010-10-18 11:00:00,19,2.8090334,0.49330854
2010-10-17 17:00:00,2010-10-18 12:00:00,20,3.8364334,0.58908194
2010-10-17 17:00:00,2010-10-18 13:00:00,21,3.2431,0.44319195
2010-10-17 17:00:00,2010-10-18 14:00:00,22,1.9637,0.4935947
2010-10-17 17:00:00,2010-10-18 15:00:00,23,0.51806664,0.42585593
2010-10-17 17:00:00,2010-10-18 16:00:00,24,0.4604,0.4209733
2010-10-18 17:00:00,2010-10-18 17:00:00,1,0.66473335,0.47709632
2010-10-18 17:00:00,2010-10-18 18:00:00,2,3.3914666,0.9881456
2010-10-18 17:00:00,2010-10-18 19:00:00,3,3.7569666,1.8264109
2010-10-18 17:00:00,2010-10-18 20:00:00,4,2.67,1.9632759
2010-10-18 17:00:00,2010-10-18 21:00:00,5,3.3769,1.8816328
2010-10-18 17:00:00,2010-10-18 22:00:00,6,2.5095,1.2793295
2010-10-18 17:00:00,2010-10-18 23:00:00,7,1.7402667,0.6625845
2010-10-18 17:00:00,2010-10-19 00:00:00,8,1.5425667,0.4549855
2010-10-18 17:00:00,2010-10-19 01:00:00,9,0.6851,0.3839423
2010-10-18 17:00:00,2010-10-19 02:00:00,10,0.31743333,0.3683502
2010-10-18 17:00:00,2010-10-19 03:00:00,11,0.3078,0.35188437
2010-10-18 17:00:00,2010-10-19 04:00:00,12,0.43946666,0.35684586
2010-10-18 17:00:00,2010-10-19 05:00:00,13,0.39946666,0.39637452
2010-10-18 17:00:00,2010-10-19 06:00:00,14,1.0450333,0.9809194
2010-10-18 17:00:00,2010-10-19 07:00:00,15,2.9890332,2.2045903
2010-10-18 17:00:00,2010-10-19 08:00:00,16,2.1062,1.9308561
2010-10-18 17:00:00,2010-10-19 09:00:00,17,1.7980334,1.8403752
2010-10-18 17:00:00,2010-10-19 10:00:00,18,0.5930333,1.5713077
2010-10-18 17:00:00,2010-10-19 11:00:00,19,1.8148,1.4857209
2010-10-18 17:00:00,2010-10-19 12:00:00,20,1.1293,1.5387428
2010-10-18 17:00:00,2010-10-19 13:00:00,21,0.5172333,1.2223892
2010-10-18 17:00:00,2010-10-19 14:00:00,22,0.4046,1.160268
2010-10-18 17:00:00,2010-10-19 15:00:00,23,0.40176666,0.82557154
2010-10-18 17:00:00,2010-10-19 16:00:00,24,0.4735,0.6434936
2010-10-19 17:00:00,2010-10-19 17:00:00,1,1.1286666,0.46189743
2010-10-19 17:00:00,2010-10-19 18:00:00,2,3.5383334,1.1689062
2010-10-19 17:00:00,2010-10-19 19:00:00,3,2.9301,2.0380278
2010-10-19 17:00:00,2010-10-19 20:00:00,4,2.9603333,2.0597835
2010-10-19 17:00:00,2010-10-19 21:00:00,5,2.5300667,2.0535314
2010-10-19 17:00:00,2010-10-19 22:00:00,6,1.3266333,1.2835037
2010-10-19 17:00:00,2010-10-19 23:00:00,7,0.72113335,0.7494335
2010-10-19 17:00:00,2010-10-20 00:00:00,8,1.0303333,0.5027782
2010-10-19 17:00:00,2010-10-20 01:00:00,9,0.3934,0.3728063
2010-10-19 17:00:00,2010-10-20 02:00:00,10,0.3294,0.3541264
2010-10-19 17:00:00,2010-10-20 03:00:00,11,0.44256666,0.33840364
2010-10-19 17:00:00,2010-10-20 04:00:00,12,0.3193,0.36516982
2010-10-19 17:00:00,2010-10-20 05:00:00,13,0.31243333,0.3967498
2010-10-19 17:00:00,2010-10-20 06:00:00,14,0.92323333,0.9947526
2010-10-19 17:00:00,2010-10-20 07:00:00,15,2.8661,2.2469664
2010-10-19 17:00:00,2010-10-20 08:00:00,16,1.8684666,1.9515021
2010-10-19 17:00:00,2010-10-20 09:00:00,17,1.8460667,1.870125
2010-10-19 17:00:00,2010-10-20 10:00:00,18,2.0108666,1.385776
2010-10-19 17:00:00,2010-10-20 11:00:00,19,1.8959334,1.2431175
2010-10-19 17:00:00,2010-10-20 12:00:00,20,1.3926667,1.263388
2010-10-19 17:00:00,2010-10-20 13:00:00,21,0.40853333,0.89623034
2010-10-19 17:00:00,2010-10-20 14:00:00,22,0.53006667,0.7571802
2010-10-19 17:00:00,2010-10-20 15:00:00,23,0.52783334,0.4823488
2010-10-19 17:00:00,2010-10-20 16:00:00,24,0.33186665,0.5081939
2010-10-20 17:00:00,2010-10-20 17:00:00,1,0.33213332,0.5827369
2010-10-20 17:00:00,2010-10-20 18:00:00,2,1.3226666,1.3135929
2010-10-20 17:00:00,2010-10-20 19:00:00,3,2.1848,2.1924682
2010-10-20 17:00:00,2010-10-20 20:00:00,4,2.2927666,2.1994267
2010-10-20 17:00:00,2010-10-20 21:00:00,5,2.8043334,2.0610628
2010-10-20 17:00:00,2010-10-20 22:00:00,6,1.6536334,1.2948784
2010-10-20 17:00:00,2010-10-20 23:00:00,7,0.78,0.67140883
2010-10-20 17:00:00,2010-10-21 00:00:00,8,0.4468,0.5092534
2010-10-20 17:00:00,2010-10-21 01:00:00,9,0.6637667,0.38034087
2010-10-20 17:00:00,2010-10-21 02:00:00,10,0.43786666,0.35989845
2010-10-20 17:00:00,2010-10-21 03:00:00,11,0.34063333,0.34432012
2010-10-20 17:00:00,2010-10-21 04:00:00,12,0.341,0.35551423
2010-10-20 17:00:00,2010-10-21 05:00:00,13,1.0228667,0.37798804
2010-10-20 17:00:00,2010-10-21 06:00:00,14,1.2183666,0.97814035
2010-10-20 17:00:00,2010-10-21 07:00:00,15,2.4748666,2.2300463
2010-10-20 17:00:00,2010-10-21 08:00:00,16,1.2261667,1.8724405
2010-10-20 17:00:00,2010-10-21 09:00:00,17,0.31733334,1.6901762
2010-10-20 17:00:00,2010-10-21 10:00:00,18,0.32323334,1.2646453
2010-10-20 17:00:00,2010-10-21 11:00:00,19,0.39196667,1.2540789
2010-10-20 17:00:00,2010-10-21 12:00:00,20,0.49436668,1.2429454
2010-10-20 17:00:00,2010-10-21 13:00:00,21,0.38803333,1.0736403
2010-10-20 17:00:00,2010-10-21 14:00:00,22,0.47696668,0.99067205
2010-10-20 17:00:00,2010-10-21 15:00:00,23,0.32703334,0.8048364
2010-10-20 17:00:00,2010-10-21 16:00:00,24,0.9159333,0.69169337
2010-10-21 17:00:00,2010-10-21 17:00:00,1,0.36683333,0.88494694
2010-10-21 17:00:00,2010-10-21 18:00:00,2,1.3011333,1.3036202
2010-10-21 17:00:00,2010-10-21 19:00:00,3,1.8244333,2.1162505
2010-10-21 17:00:00,2010-10-21 20:00:00,4,1.9475666,2.0030792
2010-10-21 17:00:00,2010-10-21 21:00:00,5,2.5819666,1.9079627
2010-10-21 17:00:00,2010-10-21 22:00:00,6,1.9928666,1.3201015
2010-10-21 17:00:00,2010-10-21 23:00:00,7,0.76463336,0.6518104
2010-10-21 17:00:00,2010-10-22 00:00:00,8,0.5243667,0.48956335
2010-10-21 17:00:00,2010-10-22 01:00:00,9,0.63226664,0.39504522
2010-10-21 17:00:00,2010-10-22 02:00:00,10,0.5181,0.37257332
2010-10-21 17:00:00,2010-10-22 03:00:00,11,0.52056664,0.35536635
2010-10-21 17:00:00,2010-10-22 04:00:00,12,0.5208667,0.36681533
2010-10-21 17:00:00,2010-10-22 05:00:00,13,0.5856,0.38032413
2010-10-21 17:00:00,2010-10-22 06:00:00,14,1.7711667,0.71626395
2010-10-21 17:00:00,2010-10-22 07:00:00,15,2.4588,1.8367069
2010-10-21 17:00:00,2010-10-22 08:00:00,16,1.5222,1.6404548
2010-10-21 17:00:00,2010-10-22 09:00:00,17,1.5559334,1.5257088
2010-10-21 17:00:00,2010-10-22 10:00:00,18,1.3846,1.2785009
2010-10-21 17:00:00,2010-10-22 11:00:00,19,1.373,1.3088864
2010-10-21 17:00:00,2010-10-22 12:00:00,20,1.7621666,1.3951311
2010-10-21 17:00:00,2010-10-22 13:00:00,21,1.5787,1.0362542
2010-10-21 17:00:00,2010-10-22 14:00:00,22,1.4756,0.8198924
2010-10-21 17:00:00,2010-10-22 15:00:00,23,0.767,0.4932511
2010-10-21 17:00:00,2010-10-22 16:00:00,24,1.1825666,0.52477914
2010-10-22 17:00:00,2010-10-22 17:00:00,1,0.4821,1.030652
2010-10-22 17:00:00,2010-10-22 18:00:00,2,0.7137,1.8435705
2010-10-22 17:00:00,2010-10-22 19:00:00,3,1.4246666,2.6493838
2010-10-22 17:00:00,2010-10-22 20:00:00,4,1.3845,2.4187965
2010-10-22 17:00:00,2010-10-22 21:00:00,5,2.2917666,2.4772294
2010-10-22 17:00:00,2010-10-22 22:00:00,6,1.0726666,1.838269
2010-10-22 17:00:00,2010-10-22 23:00:00,7,0.31196666,0.93988556
2010-10-22 17:00:00,2010-10-23 00:00:00,8,1.4291667,0.57994473
2010-10-22 17:00:00,2010-10-23 01:00:00,9,0.36633334,0.4507975
2010-10-22 17:00:00,2010-10-23 02:00:00,10,0.48646668,0.4208761
2010-10-22 17:00:00,2010-10-23 03:00:00,11,0.38813335,0.38879925
2010-10-22 17:00:00,2010-10-23 04:00:00,12,0.37733334,0.39360642
2010-10-22 17:00:00,2010-10-23 05:00:00,13,0.32753333,0.43957233
2010-10-22 17:00:00,2010-10-23 06:00:00,14,0.6353,1.1984996
2010-10-22 17:00:00,2010-10-23 07:00:00,15,2.3587334,2.2432985
2010-10-22 17:00:00,2010-10-23 08:00:00,16,1.5689334,1.7883945
2010-10-22 17:00:00,2010-10-23 09:00:00,17,1.2997667,1.6434028
2010-10-22 17:00:00,2010-10-23 10:00:00,18,0.4229,1.3731234
2010-10-22 17:00:00,2010-10-23 11:00:00,19,1.0934,1.1473866
2010-10-22 17:00:00,2010-10-23 12:00:00,20,2.0735,1.1347165
2010-10-22 17:00:00,2010-10-23 13:00:00,21,1.7854667,0.9447222
2010-10-22 17:00:00,2010-10-23 14:00:00,22,2.6106,0.8536571
2010-10-22 17:00:00,2010-10-23 15:00:00,23,2.4896,0.5577145
2010-10-22 17:00:00,2010-10-23 16:00:00,24,2.5465,0.601523
2010-11-07 17:00:00,2010-11-07 17:00:00,1,1.2321334,1.0679865
2010-11-07 17:00:00,2010-11-07 18:00:00,2,1.9366,1.1857784
2010-11-07 17:00:00,2010-11-07 19:00:00,3,1.9461,1.3595632
2010-11-07 17:00:00,2010-11-07 20:00:00,4,2.1082335,1.3926364
2010-11-07 17:00:00,2010-11-07 21:00:00,5,1.7344333,1.2674303
2010-11-07 17:00:00,2010-11-07 22:00:00,6,1.2988334,1.1269664
2010-11-07 17:00:00,2010-11-07 23:00:00,7,0.4396,0.7026248
2010-11-07 17:00:00,2010-11-08 00:00:00,8,0.3135,0.5421917
2010-11-07 17:00:00,2010-11-08 01:00:00,9,0.40163332,0.5129455
2010-11-07 17:00:00,2010-11-08 02:00:00,10,0.376,0.53210706
2010-11-07 17:00:00,2010-11-08 03:00:00,11,1.0100666,0.40390587
2010-11-07 17:00:00,2010-11-08 04:00:00,12,0.3308,0.40112078
2010-11-07 17:00:00,2010-11-08 05:00:00,13,0.33143333,0.4330259
2010-11-07 17:00:00,2010-11-08 06:00:00,14,0.9282,0.5297157
2010-11-07 17:00:00,2010-11-08 07:00:00,15,2.6106668,1.2819823
2010-11-07 17:00:00,2010-11-08 08:00:00,16,1.7462,1.3519056
2010-11-07 17:00:00,2010-11-08 09:00:00,17,1.488,1.3894622
2010-11-07 17:00:00,2010-11-08 10:00:00,18,1.3425666,1.3644454
2010-11-07 17:00:00,2010-11-08 11:00:00,19,1.3471333,1.3997604
2010-11-07 17:00:00,2010-11-08 12:00:00,20,1.5107334,1.1904092
2010-11-07 17:00:00,2010-11-08 13:00:00,21,2.0889332,1.064749
2010-11-07 17:00:00,2010-11-08 14:00:00,22,1.2387,1.0087055
2010-11-07 17:00:00,2010-11-08 15:00:00,23,0.94373333,0.96756685
2010-11-07 17:00:00,2010-11-08 16:00:00,24,0.44696668,0.7548294
2010-11-08 17:00:00,2010-11-08 17:00:00,1,0.6663333,0.47293425
2010-11-08 17:00:00,2010-11-08 18:00:00,2,1.5786,1.1309627
2010-11-08 17:00:00,2010-11-08 19:00:00,3,2.1504333,1.6169413
2010-11-08 17:00:00,2010-11-08 20:00:00,4,2.5562668,1.6691208
2010-11-08 17:00:00,2010-11-08 21:00:00,5,2.6497333,1.5365274
2010-11-08 17:00:00,2010-11-08 22:00:00,6,1.8272333,1.2873518
2010-11-08 17:00:00,2010-11-08 23:00:00,7,0.5418,0.7983747
2010-11-08 17:00:00,2010-11-09 00:00:00,8,0.3769,0.53088045
2010-11-08 17:00:00,2010-11-09 01:00:00,9,0.3479,0.45437902
2010-11-08 17:00:00,2010-11-09 02:00:00,10,0.31756666,0.4378835
2010-11-08 17:00:00,2010-11-09 03:00:00,11,0.31586668,0.3966614
2010-11-08 17:00:00,2010-11-09 04:00:00,12,0.31166667,0.3818484
2010-11-08 17:00:00,2010-11-09 05:00:00,13,0.39126667,0.41083676
2010-11-08 17:00:00,2010-11-09 06:00:00,14,1.6285,0.60510254
2010-11-08 17:00:00,2010-11-09 07:00:00,15,1.9789667,1.3402683
2010-11-08 17:00:00,2010-11-09 08:00:00,16,1.9015334,1.3352609
2010-11-08 17:00:00,2010-11-09 09:00:00,17,1.7798333,1.3839788
2010-11-08 17:00:00,2010-11-09 10:00:00,18,1.0868334,1.3032775
2010-11-08 17:00:00,2010-11-09 11:00:00,19,1.5032,1.317642
2010-11-08 17:00:00,2010-11-09 12:00:00,20,1.3461334,1.2521214
2010-11-08 17:00:00,2010-11-09 13:00:00,21,0.9226,1.1897092
2010-11-08 17:00:00,2010-11-09 14:00:00,22,0.5484333,1.1004614
2010-11-08 17:00:00,2010-11-09 15:00:00,23,0.48606667,1.1695933
2010-11-08 17:00:00,2010-11-09 16:00:00,24,0.6602,0.9359923
2010-11-09 17:00:00,2010-11-09 17:00:00,1,2.2828,0.92667544
2010-11-09 17:00:00,2010-11-09 18:00:00,2,2.8098333,1.437588
2010-11-09 17:00:00,2010-11-09 19:00:00,3,2.416,1.8383079
2010-11-09 17:00:00,2010-11-09 20:00:00,4,3.7867,1.9755263
2010-11-09 17:00:00,2010-11-09 21:00:00,5,2.9360666,1.8270307
2010-11-09 17:00:00,2010-11-09 22:00:00,6,2.3407333,1.435694
2010-11-09 17:00:00,2010-11-09 23:00:00,7,1.2260333,0.55864996
2010-11-09 17:00:00,2010-11-10 00:00:00,8,0.7873333,0.42989868
2010-11-09 17:00:00,2010-11-10 01:00:00,9,0.4217,0.4143104
2010-11-09 17:00:00,2010-11-10 02:00:00,10,0.32753333,0.38847077
2010-11-09 17:00:00,2010-11-10 03:00:00,11,0.32993335,0.35922623
2010-11-09 17:00:00,2010-11-10 04:00:00,12,0.30846667,0.34475273
2010-11-09 17:00:00,2010-11-10 05:00:00,13,0.34516665,0.4040376
2010-11-09 17:00:00,2010-11-10 06:00:00,14,0.76143336,1.0968242
2010-11-09 17:00:00,2010-11-10 07:00:00,15,2.8744333,1.8312964
2010-11-09 17:00:00,2010-11-10 08:00:00,16,2.3632333,1.7405163
2010-11-09 17:00:00,2010-11-10 09:00:00,17,1.7861,1.5335813
2010-11-09 17:00:00,2010-11-10 10:00:00,18,3.372,1.3189957
2010-11-09 17:00:00,2010-11-10 11:00:00,19,3.2857332,1.3771833
2010-11-09 17:00:00,2010-11-10 12:00:00,20,1.4770334,1.2130829
2010-11-09 17:00:00,2010-11-10 13:00:00,21,2.4002333,0.99673194
2010-11-09 17:00:00,2010-11-10 14:00:00,22,2.0136666,0.70613575
2010-11-09 17:00:00,2010-11-10 15:00:00,23,1.5725666,0.7870256
2010-11-09 17:00:00,2010-11-10 16:00:00,24,1.5676666,0.75970125
2010-11-10 17:00:00,2010-11-10 17:00:00,1,1.308,1.5688925
2010-11-10 17:00:00,2010-11-10 18:00:00,2,1.7590333,2.0375626
2010-11-10 17:00:00,2010-11-10 19:00:00,3,0.96316665,2.358153
2010-11-10 17:00:00,2010-11-10 20:00:00,4,0.39333335,2.3750148
2010-11-10 17:00:00,2010-11-10 21:00:00,5,0.4352,2.0477903
2010-11-10 17:00:00,2010-11-10 22:00:00,6,0.38683334,1.6909934
2010-11-10 17:00:00,2010-11-10 23:00:00,7,1.2024333,0.80443645
2010-11-10 17:00:00,2010-11-11 00:00:00,8,0.5653333,0.4581139
2010-11-10 17:00:00,2010-11-11 01:00:00,9,0.35243332,0.3873461
2010-11-10 17:00:00,2010-11-11 02:00:00,10,0.3161,0.3572855
2010-11-10 17:00:00,2010-11-11 03:00:00,11,0.34573334,0.32319242
2010-11-10 17:00:00,2010-11-11 04:00:00,12,0.36686668,0.2993285
2010-11-10 17:00:00,2010-11-11 05:00:00,13,0.36366665,0.33773285
2010-11-10 17:00:00,2010-11-11 06:00:00,14,1.1501666,0.7602356
2010-11-10 17:00:00,2010-11-11 07:00:00,15,0.64593333,1.9125168
2010-11-10 17:00:00,2010-11-11 08:00:00,16,0.8163,1.7406018
2010-11-10 17:00:00,2010-11-11 09:00:00,17,1.1073333,1.6703343
2010-11-10 17:00:00,2010-11-11 10:00:00,18,1.4271667,1.7041548
2010-11-10 17:00:00,2010-11-11 11:00:00,19,2.6264334,1.8165154
2010-11-10 17:00:00,2010-11-11 12:00:00,20,1.8741333,1.7003897
2010-11-10 17:00:00,2010-11-11 13:00:00,21,1.2342,1.6182603
2010-11-10 17:00:00,2010-11-11 14:00:00,22,1.7211666,1.459267
2010-11-10 17:00:00,2010-11-11 15:00:00,23,2.8895,1.5093122
2010-11-10 17:00:00,2010-11-11 16:00:00,24,2.7048,1.3391917
2010-11-11 17:00:00,2010-11-11 17:00:00,1,2.3609,2.2981973
2010-11-11 17:00:00,2010-11-11 18:00:00,2,1.5769334,2.1430848
2010-11-11 17:00:00,2010-11-11 19:00:00,3,1.6116333,2.0511796
2010-11-11 17:00:00,2010-11-11 20:00:00,4,1.8592666,1.9352744
2010-11-11 17:00:00,2010-11-11 21:00:00,5,0.8788,1.8228893
2010-11-11 17:00:00,2010-11-11 22:00:00,6,0.48406667,1.5852901
2010-11-11 17:00:00,2010-11-11 23:00:00,7,0.281,1.3679054
2010-11-11 17:00:00,2010-11-12 00:00:00,8,0.881,1.0161917
2010-11-11 17:00:00,2010-11-12 01:00:00,9,0.26726666,0.8166116
2010-11-11 17:00:00,2010-11-12 02:00:00,10,0.35063332,0.7262072
2010-11-11 17:00:00,2010-11-12 03:00:00,11,0.3204,0.682454
2010-11-11 17:00:00,2010-11-12 04:00:00,12,0.2792,0.64227986
2010-11-11 17:00:00,2010-11-12 05:00:00,13,0.2896,0.648064
2010-11-11 17:00:00,2010-11-12 06:00:00,14,0.65636665,0.807251
2010-11-11 17:00:00,2010-11-12 07:00:00,15,2.694,0.9360678
2010-11-11 17:00:00,2010-11-12 08:00:00,16,2.3759,0.8914022
2010-11-11 17:00:00,2010-11-12 09:00:00,17,1.5554667,1.1720164
2010-11-11 17:00:00,2010-11-12 10:00:00,18,1.8644333,1.1485045
2010-11-11 17:00:00,2010-11-12 11:00:00,19,1.4117334,1.166535
2010-11-11 17:00:00,2010-11-12 12:00:00,20,1.4349333,1.1126208
2010-11-11 17:00:00,2010-11-12 13:00:00,21,0.80183333,1.2109985
2010-11-11 17:00:00,2010-11-12 14:00:00,22,1.3209333,1.2114273
2010-11-11 17:00:00,2010-11-12 15:00:00,23,1.7907667,1.174135
2010-11-11 17:00:00,2010-11-12 16:00:00,24,1.3616667,0.9481163
2010-11-12 17:00:00,2010-11-12 17:00:00,1,2.4561,1.3740605
2010-11-12 17:00:00,2010-11-12 18:00:00,2,2.2808666,1.6643772
2010-11-12 17:00:00,2010-11-12 19:00:00,3,2.3919666,1.7956287
2010-11-12 17:00:00,2010-11-12 20:00:00,4,1.7533333,1.6889963
2010-11-12 17:00:00,2010-11-12 21:00:00,5,1.1149,1.30193
2010-11-12 17:00:00,2010-11-12 22:00:00,6,0.32053334,0.8506874
2010-11-12 17:00:00,2010-11-12 23:00:00,7,0.63986665,0.44703585
2010-11-12 17:00:00,2010-11-13 00:00:00,8,0.6910333,0.39107496
2010-11-12 17:00:00,2010-11-13 01:00:00,9,0.8481,0.34836167
2010-11-12 17:00:00,2010-11-13 02:00:00,10,0.3094,0.33621663
2010-11-12 17:00:00,2010-11-13 03:00:00,11,0.28396666,0.3139636
2010-11-12 17:00:00,2010-11-13 04:00:00,12,0.34943333,0.31066406
2010-11-12 17:00:00,2010-11-13 05:00:00,13,0.37116668,0.3347789
2010-11-12 17:00:00,2010-11-13 06:00:00,14,0.5848,0.7901858
2010-11-12 17:00:00,2010-11-13 07:00:00,15,2.1326,1.3844888
2010-11-12 17:00:00,2010-11-13 08:00:00,16,1.4960333,1.3966386
2010-11-12 17:00:00,2010-11-13 09:00:00,17,0.7291667,1.4087174
2010-11-12 17:00:00,2010-11-13 10:00:00,18,0.42203334,1.4257612
2010-11-12 17:00:00,2010-11-13 11:00:00,19,1.1491,1.5111006
2010-11-12 17:00:00,2010-11-13 12:00:00,20,1.1453,1.4325416
2010-11-12 17:00:00,2010-11-13 13:00:00,21,2.062,1.365947
2010-11-12 17:00:00,2010-11-13 14:00:00,22,2.0979333,1.3916811
2010-11-12 17:00:00,2010-11-13 15:00:00,23,2.1959667,1.4823577
2010-11-12 17:00:00,2010-11-13 16:00:00,24,3.2211332,1.3981339
2010-11-13 17:00:00,2010-11-13 17:00:00,1,2.7615666,2.42864
2010-11-13 17:00:00,2010-11-13 18:00:00,2,1.7153,2.0550144
2010-11-13 17:00:00,2010-11-13 19:00:00,3,2.2923334,1.8535635
2010-11-13 17:00:00,2010-11-13 20:00:00,4,1.7131667,1.6072168
2010-11-13 17:00:00,2010-11-13 21:00:00,5,1.7058,1.1294775
2010-11-13 17:00:00,2010-11-13 22:00:00,6,1.6986333,0.54185337
2010-11-13 17:00:00,2010-11-13 23:00:00,7,1.7436,0.457263
2010-11-13 17:00:00,2010-11-14 00:00:00,8,1.845,0.48056716
2010-11-13 17:00:00,2010-11-14 01:00:00,9,1.5677333,0.4249906
2010-11-13 17:00:00,2010-11-14 02:00:00,10,1.0019667,0.38533318
2010-11-13 17:00:00,2010-11-14 03:00:00,11,0.5980667,0.3538236
2010-11-13 17:00:00,2010-11-14 04:00:00,12,0.33706668,0.31851804
2010-11-13 17:00:00,2010-11-14 05:00:00,13,0.36503333,0.32831997
2010-11-13 17:00:00,2010-11-14 06:00:00,14,0.28716666,0.6277424
2010-11-13 17:00:00,2010-11-14 07:00:00,15,0.30586666,1.7281253
2010-11-13 17:00:00,2010-11-14 08:00:00,16,0.5280333,1.505044
2010-11-13 17:00:00,2010-11-14 09:00:00,17,1.1209333,1.3270966
2010-11-13 17:00:00,2010-11-14 10:00:00,18,1.1384667,1.3138211
2010-11-13 17:00:00,2010-11-14 11:00:00,19,1.027,1.5593189
2010-11-13 17:00:00,2010-11-14 12:00:00,20,1.3779666,1.5365908
2010-11-13 17:00:00,2010-11-14 13:00:00,21,1.2797667,1.6203113
2010-11-13 17:00:00,2010-11-14 14:00:00,22,1.4889667,1.6104466
2010-11-13 17:00:00,2010-11-14 15:00:00,23,4.1565666,1.7119615
2010-11-13 17:00:00,2010-11-14 16:00:00,24,2.8365333,1.6511508
2010-11-14 17:00:00,2010-11-14 17:00:00,1,2.3593667,2.153364
2010-11-14 17:00:00,2010-11-14 18:00:00,2,2.3845334,1.9305117
2010-11-14 17:00:00,2010-11-14 19:00:00,3,1.4889333,1.9449314
2010-11-14 17:00:00,2010-11-14 20:00:00,4,2.6314332,1.7928108
2010-11-14 17:00:00,2010-11-14 21:00:00,5,2.5521667,1.6780905
2010-11-14 17:00:00,2010-11-14 22:00:00,6,0.90646666,1.4829786
2010-11-14 17:00:00,2010-11-14 23:00:00,7,0.38816667,1.3539639
2010-11-14 17:00:00,2010-11-15 00:00:00,8,0.28103334,1.2772584
2010-11-14 17:00:00,2010-11-15 01:00:00,9,0.34606665,1.0891871
2010-11-14 17:00:00,2010-11-15 02:00:00,10,0.32846665,0.63672304
2010-11-14 17:00:00,2010-11-15 03:00:00,11,0.5818667,0.41376776
2010-11-14 17:00:00,2010-11-15 04:00:00,12,0.6005,0.31318074
2010-11-14 17:00:00,2010-11-15 05:00:00,13,0.3533,0.2984144
2010-11-14 17:00:00,2010-11-15 06:00:00,14,0.8715,0.3535955
2010-11-14 17:00:00,2010-11-15 07:00:00,15,2.6275334,0.78011537
2010-11-14 17:00:00,2010-11-15 08:00:00,16,1.5821,0.9419992
2010-11-14 17:00:00,2010-11-15 09:00:00,17,1.3828,1.1785921
2010-11-14 17:00:00,2010-11-15 10:00:00,18,1.3088666,1.2441733
2010-11-14 17:00:00,2010-11-15 11:00:00,19,1.3804,1.346269
2010-11-14 17:00:00,2010-11-15 12:00:00,20,3.3210666,1.4307749
2010-11-14 17:00:00,2010-11-15 13:00:00,21,2.8092666,1.4923677
2010-11-14 17:00:00,2010-11-15 14:00:00,22,0.42953333,1.595392
2010-11-14 17:00:00,2010-11-15 15:00:00,23,0.3873,1.9527097
2010-11-14 17:00:00,2010-11-15 16:00:00,24,0.51523334,1.8468832
2010-11-15 17:00:00,2010-11-15 17:00:00,1,0.8739333,0.8054817
2010-11-15 17:00:00,2010-11-15 18:00:00,2,1.3073334,1.4699304
2010-11-15 17:00:00,2010-11-15 19:00:00,3,1.5779333,1.8089875
2010-11-15 17:00:00,2010-11-15 20:00:00,4,2.9928,2.0336647
2010-11-15 17:00:00,2010-11-15 21:00:00,5,1.5087667,1.8918538
2010-11-15 17:00:00,2010-11-15 22:00:00,6,1.2497,1.3554543
2010-11-15 17:00:00,2010-11-15 23:00:00,7,0.5057333,0.689568
2010-11-15 17:00:00,2010-11-16 00:00:00,8,0.3238,0.48233938
2010-11-15 17:00:00,2010-11-16 01:00:00,9,0.29226667,0.42051464
2010-11-15 17:00:00,2010-11-16 02:00:00,10,1.0268333,0.38148522
2010-11-15 17:00:00,2010-11-16 03:00:00,11,0.30073333,0.36967552
2010-11-15 17:00:00,2010-11-16 04:00:00,12,0.27913332,0.34915572
2010-11-15 17:00:00,2010-11-16 05:00:00,13,0.33756667,0.3910184
2010-11-15 17:00:00,2010-11-16 06:00:00,14,1.2221667,0.78863394
2010-11-15 17:00:00,2010-11-16 07:00:00,15,2.4552333,1.9214698
2010-11-15 17:00:00,2010-11-16 08:00:00,16,1.6832334,1.9424772
2010-11-15 17:00:00,2010-11-16 09:00:00,17,1.5805,1.718702
2010-11-15 17:00:00,2010-11-16 10:00:00,18,1.4629667,1.6313983
2010-11-15 17:00:00,2010-11-16 11:00:00,19,0.90566665,1.6404293
2010-11-15 17:00:00,2010-11-16 12:00:00,20,0.37053335,1.520827
2010-11-15 17:00:00,2010-11-16 13:00:00,21,0.36646667,1.3988483
2010-11-15 17:00:00,2010-11-16 14:00:00,22,0.28203332,1.0428222
2010-11-15 17:00:00,2010-11-16 15:00:00,23,0.3146,0.98738134
2010-11-15 17:00:00,2010-11-16 16:00:00,24,0.5391,0.91544193
2010-11-16 17:00:00,2010-11-16 17:00:00,1,1.4056,1.1256293
2010-11-16 17:00:00,2010-11-16 18:00:00,2,2.0628667,1.74801
2010-11-16 17:00:00,2010-11-16 19:00:00,3,1.9874,2.2419038
2010-11-16 17:00:00,2010-11-16 20:00:00,4,2.1772332,2.5303078
2010-11-16 17:00:00,2010-11-16 21:00:00,5,2.5300333,2.0824153
2010-11-16 17:00:00,2010-11-16 22:00:00,6,0.7507,1.5731193
2010-11-16 17:00:00,2010-11-16 23:00:00,7,0.5058,0.9756057
2010-11-16 17:00:00,2010-11-17 00:00:00,8,0.3677,0.66917634
2010-11-16 17:00:00,2010-11-17 01:00:00,9,0.29406667,0.459311
2010-11-16 17:00:00,2010-11-17 02:00:00,10,0.32846665,0.40603644
2010-11-16 17:00:00,2010-11-17 03:00:00,11,0.32553333,0.30010766
2010-11-16 17:00:00,2010-11-17 04:00:00,12,0.5885,0.2735107
2010-11-16 17:00:00,2010-11-17 05:00:00,13,0.74216664,0.319673
2010-11-16 17:00:00,2010-11-17 06:00:00,14,0.9257,1.0156754
2010-11-16 17:00:00,2010-11-17 07:00:00,15,2.7571332,2.0374064
2010-11-16 17:00:00,2010-11-17 08:00:00,16,1.4536667,1.8950813
2010-11-16 17:00:00,2010-11-17 09:00:00,17,1.3489333,1.6265513
2010-11-16 17:00:00,2010-11-17 10:00:00,18,1.3998333,1.4979984
2010-11-16 17:00:00,2010-11-17 11:00:00,19,1.4121,1.2891166
2010-11-16 17:00:00,2010-11-17 12:00:00,20,1.5148,1.0901564
2010-11-16 17:00:00,2010-11-17 13:00:00,21,0.69016665,1.0972561
2010-11-16 17:00:00,2010-11-17 14:00:00,22,0.2803,0.8757591
2010-11-16 17:00:00,2010-11-17 15:00:00,23,0.4599,0.9311596
2010-11-16 17:00:00,2010-11-17 16:00:00,24,0.80006665,0.9692247
2010-11-17 17:00:00,2010-11-17 17:00:00,1,1.0461,1.3926444
2010-11-17 17:00:00,2010-11-17 18:00:00,2,1.6297333,1.8016996
2010-11-17 17:00:00,2010-11-17 19:00:00,3,2.3266666,1.9250191
2010-11-17 17:00:00,2010-11-17 20:00:00,4,2.2446666,2.0718956
2010-11-17 17:00:00,2010-11-17 21:00:00,5,1.7382667,1.7287998
2010-11-17 17:00:00,2010-11-17 22:00:00,6,1.0596,1.1261938
2010-11-17 17:00:00,2010-11-17 23:00:00,7,0.63313335,0.54124737
2010-11-17 17:00:00,2010-11-18 00:00:00,8,0.44186667,0.38783455
2010-11-17 17:00:00,2010-11-18 01:00:00,9,0.39063334,0.35098946
2010-11-17 17:00:00,2010-11-18 02:00:00,10,0.51353335,0.34001267
2010-11-17 17:00:00,2010-11-18 03:00:00,11,1.0192,0.32115567
2010-11-17 17:00:00,2010-11-18 04:00:00,12,0.4596,0.33196145
2010-11-17 17:00:00,2010-11-18 05:00:00,13,0.38533333,0.34355325
2010-11-17 17:00:00,2010-11-18 06:00:00,14,0.9687,0.8407311
2010-11-17 17:00:00,2010-11-18 07:00:00,15,2.6866667,2.121905
2010-11-17 17:00:00,2010-11-18 08:00:00,16,1.5315,1.5620509
2010-11-17 17:00:00,2010-11-18 09:00:00,17,1.3510667,1.4553497
2010-11-17 17:00:00,2010-11-18 10:00:00,18,1.3487333,1.5381528
2010-11-17 17:00:00,2010-11-18 11:00:00,19,1.3437667,1.616599
2010-11-17 17:00:00,2010-11-18 12:00:00,20,1.5858,1.5106423
2010-11-17 17:00:00,2010-11-18 13:00:00,21,0.9234667,1.2340206
2010-11-17 17:00:00,2010-11-18 14:00:00,22,0.41346666,0.9300538
2010-11-17 17:00:00,2010-11-18 15:00:00,23,0.32563335,1.1706134
2010-11-17 17:00:00,2010-11-18 16:00:00,24,0.46526667,1.1673111
2010-11-18 17:00:00,2010-11-18 17:00:00,1,0.57783335,1.000736
2010-11-18 17:00:00,2010-11-18 18:00:00,2,2.7284334,1.6341403
2010-11-18 17:00:00,2010-11-18 19:00:00,3,2.5739334,1.9790883
2010-11-18 17:00:00,2010-11-18 20:00:00,4,2.1646667,2.2614732
2010-11-18 17:00:00,2010-11-18 21:00:00,5,1.9349667,1.7717292
2010-11-18 17:00:00,2010-11-18 22:00:00,6,0.9224333,1.2028733
2010-11-18 17:00:00,2010-11-18 23:00:00,7,0.47936666,0.6241933
2010-11-18 17:00:00,2010-11-19 00:00:00,8,0.3419,0.39668053
2010-11-18 17:00:00,2010-11-19 01:00:00,9,0.27706668,0.34828025
2010-11-18 17:00:00,2010-11-19 02:00:00,10,0.95486665,0.3659767
2010-11-18 17:00:00,2010-11-19 03:00:00,11,0.3147,0.3503334
2010-11-18 17:00:00,2010-11-19 04:00:00,12,0.33873335,0.3270269
2010-11-18 17:00:00,2010-11-19 05:00:00,13,0.26493335,0.34720916
2010-11-18 17:00:00,2010-11-19 06:00:00,14,0.85006666,0.95672643
2010-11-18 17:00:00,2010-11-19 07:00:00,15,2.2033,2.1858258
2010-11-18 17:00:00,2010-11-19 08:00:00,16,1.4469666,1.5753281
2010-11-18 17:00:00,2010-11-19 09:00:00,17,1.3643667,1.4663051
2010-11-18 17:00:00,2010-11-19 10:00:00,18,1.3499,1.3798546
2010-11-18 17:00:00,2010-11-19 11:00:00,19,1.3954667,1.4067365
2010-11-18 17:00:00,2010-11-19 12:00:00,20,1.3907,1.3956201
2010-11-18 17:00:00,2010-11-19 13:00:00,21,1.5944,1.132542
2010-11-18 17:00:00,2010-11-19 14:00:00,22,1.5211,0.77095973
2010-11-18 17:00:00,2010-11-19 15:00:00,23,1.6228666,0.89814633
2010-11-18 17:00:00,2010-11-19 16:00:00,24,1.4697,0.8705844
2010-11-19 17:00:00,2010-11-19 17:00:00,1,0.8242667,1.5709978
2010-11-19 17:00:00,2010-11-19 18:00:00,2,1.0184667,1.9710598
2010-11-19 17:00:00,2010-11-19 19:00:00,3,1.2497667,2.0152543
2010-11-19 17:00:00,2010-11-19 20:00:00,4,1.6652666,1.8601037
2010-11-19 17:00:00,2010-11-19 21:00:00,5,1.7783667,1.4640046
2010-11-19 17:00:00,2010-11-19 22:00:00,6,0.6019667,0.94864297
2010-11-19 17:00:00,2010-11-19 23:00:00,7,0.3342,0.5265937
2010-11-19 17:00:00,2010-11-20 00:00:00,8,0.31696665,0.441633
2010-11-19 17:00:00,2010-11-20 01:00:00,9,0.2849,0.3790682
2010-11-19 17:00:00,2010-11-20 02:00:00,10,0.3567,0.3531031
2010-11-19 17:00:00,2010-11-20 03:00:00,11,0.31026667,0.34592104
2010-11-19 17:00:00,2010-11-20 04:00:00,12,0.32653335,0.31493342
2010-11-19 17:00:00,2010-11-20 05:00:00,13,0.88526666,0.31834525
2010-11-19 17:00:00,2010-11-20 06:00:00,14,0.7865667,0.635148
2010-11-19 17:00:00,2010-11-20 07:00:00,15,2.6342332,2.004225
2010-11-19 17:00:00,2010-11-20 08:00:00,16,1.9728333,1.5020022
2010-11-19 17:00:00,2010-11-20 09:00:00,17,1.8750666,1.2803246
2010-11-19 17:00:00,2010-11-20 10:00:00,18,1.2921333,1.2814944
2010-11-19 17:00:00,2010-11-20 11:00:00,19,2.6911333,1.4647583
2010-11-19 17:00:00,2010-11-20 12:00:00,20,1.1306,1.4889976
2010-11-19 17:00:00,2010-11-20 13:00:00,21,1.298,1.402199
2010-11-19 17:00:00,2010-11-20 14:00:00,22,1.0514333,1.3102115
2010-11-19 17:00:00,2010-11-20 15:00:00,23,1.2581667,1.6010633
2010-11-19 17:00:00,2010-11-20 16:00:00,24,1.5170333,1.4835374
2010-11-20 17:00:00,2010-11-20 17:00:00,1,1.7953,1.5481158
2010-11-20 17:00:00,2010-11-20 18:00:00,2,5.6268334,1.7228581
2010-11-20 17:00:00,2010-11-20 19:00:00,3,3.2597,1.7296842
2010-11-20 17:00:00,2010-11-20 20:00:00,4,2.1171334,1.7545142
2010-11-20 17:00:00,2010-11-20 21:00:00,5,1.7741,1.5335159
2010-11-20 17:00:00,2010-11-20 22:00:00,6,1.3264,0.7367787
2010-11-20 17:00:00,2010-11-20 23:00:00,7,0.7294667,0.47840554
2010-11-20 17:00:00,2010-11-21 00:00:00,8,0.5199,0.40635788
2010-11-20 17:00:00,2010-11-21 01:00:00,9,0.2938,0.35422552
2010-11-20 17:00:00,2010-11-21 02:00:00,10,0.8968,0.32446915
2010-11-20 17:00:00,2010-11-21 03:00:00,11,0.3299,0.326505
2010-11-20 17:00:00,2010-11-21 04:00:00,12,0.34456667,0.30636948
2010-11-20 17:00:00,2010-11-21 05:00:00,13,0.29026666,0.34053218
2010-11-20 17:00:00,2010-11-21 06:00:00,14,0.33686668,0.7682413
2010-11-20 17:00:00,2010-11-21 07:00:00,15,2.0713,1.8691425
2010-11-20 17:00:00,2010-11-21 08:00:00,16,1.4247,1.5223657
2010-11-20 17:00:00,2010-11-21 09:00:00,17,1.2906333,1.4284985
2010-11-20 17:00:00,2010-11-21 10:00:00,18,0.2681,1.3407212
2010-11-20 17:00:00,2010-11-21 11:00:00,19,0.29916668,1.5614945
2010-11-20 17:00:00,2010-11-21 12:00:00,20,0.34963334,1.4896333
2010-11-20 17:00:00,2010-11-21 13:00:00,21,0.27686667,1.4018213
2010-11-20 17:00:00,2010-11-21 14:00:00,22,0.28096667,1.2156651
2010-11-20 17:00:00,2010-11-21 15:00:00,23,0.29733333,1.5144606
2010-11-20 17:00:00,2010-11-21 16:00:00,24,0.35083333,1.4649662
2010-11-21 17:00:00,2010-11-21 17:00:00,1,0.72393334,0.7702506
2010-11-21 17:00:00,2010-11-21 18:00:00,2,0.45113334,1.672667
2010-11-21 17:00:00,2010-11-21 19:00:00,3,0.29546666,1.8718704
2010-11-21 17:00:00,2010-11-21 20:00:00,4,0.60476667,2.2220163
2010-11-21 17:00:00,2010-11-21 21:00:00,5,1.2213,1.895495
2010-11-21 17:00:00,2010-11-21 22:00:00,6,1.4937667,1.1513994
2010-11-21 17:00:00,2010-11-21 23:00:00,7,0.30316666,0.62805265
2010-11-21 17:00:00,2010-11-22 00:00:00,8,0.3675,0.39481372
2010-11-21 17:00:00,2010-11-22 01:00:00,9,0.27986667,0.3466308
2010-11-21 17:00:00,2010-11-22 02:00:00,10,0.28336668,0.33280993
2010-11-21 17:00:00,2010-11-22 03:00:00,11,0.27493334,0.30316234
2010-11-21 17:00:00,2010-11-22 04:00:00,12,0.3683,0.31941724
2010-11-21 17:00:00,2010-11-22 05:00:00,13,0.2859,0.3571247
2010-11-21 17:00:00,2010-11-22 06:00:00,14,0.9530333,0.929913
2010-11-21 17:00:00,2010-11-22 07:00:00,15,2.137,2.2799382
2010-11-21 17:00:00,2010-11-22 08:00:00,16,2.5902333,1.5947039
2010-11-21 17:00:00,2010-11-22 09:00:00,17,1.4276,1.441829
2010-11-21 17:00:00,2010-11-22 10:00:00,18,3.1053667,1.3717595
2010-11-21 17:00:00,2010-11-22 11:00:00,19,2.6391332,1.3063366
2010-11-21 17:00:00,2010-11-22 12:00:00,20,1.8669333,1.1917292
2010-11-21 17:00:00,2010-11-22 13:00:00,21,1.9867667,1.0478286
2010-11-21 17:00:00,2010-11-22 14:00:00,22,1.5176667,0.5356269
2010-11-21 17:00:00,2010-11-22 15:00:00,23,1.3865666,0.50391984
2010-11-21 17:00:00,2010-11-22 16:00:00,24,0.69263333,0.6139699
2010-11-22 17:00:00,2010-11-22 17:00:00,1,0.6457667,0.95344603
2010-11-22 17:00:00,2010-11-22 18:00:00,2,3.1683,1.5020211
2010-11-22 17:00:00,2010-11-22 19:00:00,3,2.5895,1.4102874
2010-11-22 17:00:00,2010-11-22 20:00:00,4,1.5825334,1.3333213
2010-11-22 17:00:00,2010-11-22 21:00:00,5,2.3887,1.1502391
2010-11-22 17:00:00,2010-11-22 22:00:00,6,1.1652,0.7248082
2010-11-22 17:00:00,2010-11-22 23:00:00,7,0.3228,0.60427094
2010-11-22 17:00:00,2010-11-23 00:00:00,8,0.36516666,0.39218956
2010-11-22 17:00:00,2010-11-23 01:00:00,9,0.29243332,0.3192714
2010-11-22 17:00:00,2010-11-23 02:00:00,10,0.28236666,0.30560225
2010-11-22 17:00:00,2010-11-23 03:00:00,11,0.2745,0.28098494
2010-11-22 17:00:00,2010-11-23 04:00:00,12,0.36016667,0.2751562
2010-11-22 17:00:00,2010-11-23 05:00:00,13,0.2802,0.29773957
2010-11-22 17:00:00,2010-11-23 06:00:00,14,0.6357333,0.95050347
2010-11-22 17:00:00,2010-11-23 07:00:00,15,2.5486,1.7060295
2010-11-22 17:00:00,2010-11-23 08:00:00,16,1.7040666,1.495253
2010-11-22 17:00:00,2010-11-23 09:00:00,17,1.4006333,1.3794926
2010-11-22 17:00:00,2010-11-23 10:00:00,18,1.57,1.3756493
2010-11-22 17:00:00,2010-11-23 11:00:00,19,1.7039666,1.6779357
2010-11-22 17:00:00,2010-11-23 12:00:00,20,1.0491667,1.3837234
2010-11-22 17:00:00,2010-11-23 13:00:00,21,0.8319,1.2141628
2010-11-22 17:00:00,2010-11-23 14:00:00,22,1.5486333,1.1183698
2010-11-22 17:00:00,2010-11-23 15:00:00,23,0.4,1.3602475
2010-11-22 17:00:00,2010-11-23 16:00:00,24,0.5092667,1.4006331
2010-11-23 17:00:00,2010-11-23 17:00:00,1,0.97873336,0.8274401
2010-11-23 17:00:00,2010-11-23 18:00:00,2,1.8401,1.676505
2010-11-23 17:00:00,2010-11-23 19:00:00,3,2.2212334,1.7739971
2010-11-23 17:00:00,2010-11-23 20:00:00,4,2.6366668,1.7951639
2010-11-23 17:00:00,2010-11-23 21:00:00,5,1.4262333,1.7730676
2010-11-23 17:00:00,2010-11-23 22:00:00,6,0.8328,1.0609677
2010-11-23 17:00:00,2010-11-23 23:00:00,7,0.5997,0.44631642
2010-11-23 17:00:00,2010-11-24 00:00:00,8,0.35836667,0.3755867
2010-11-23 17:00:00,2010-11-24 01:00:00,9,0.2653,0.3215986
2010-11-23 17:00:00,2010-11-24 02:00:00,10,0.5021,0.35503644
2010-11-23 17:00:00,2010-11-24 03:00:00,11,0.75123334,0.3102851
2010-11-23 17:00:00,2010-11-24 04:00:00,12,0.3203,0.33114827
2010-11-23 17:00:00,2010-11-24 05:00:00,13,0.2844,0.34889853
2010-11-23 17:00:00,2010-11-24 06:00:00,14,0.8289667,0.7854759
2010-11-23 17:00:00,2010-11-24 07:00:00,15,2.8502333,2.2440424
2010-11-23 17:00:00,2010-11-24 08:00:00,16,1.5541667,1.7325869
2010-11-23 17:00:00,2010-11-24 09:00:00,17,1.3640333,1.5058116
2010-11-23 17:00:00,2010-11-24 10:00:00,18,1.3726,1.562547
2010-11-23 17:00:00,2010-11-24 11:00:00,19,1.3923666,1.5667095
2010-11-23 17:00:00,2010-11-24 12:00:00,20,1.5837667,1.3025264
2010-11-23 17:00:00,2010-11-24 13:00:00,21,1.9610333,1.1016424
2010-11-23 17:00:00,2010-11-24 14:00:00,22,2.0177667,0.7553153
2010-11-23 17:00:00,2010-11-24 15:00:00,23,1.5020334,0.8004779
2010-11-23 17:00:00,2010-11-24 16:00:00,24,0.87406665,0.8241116
2010-11-24 17:00:00,2010-11-24 17:00:00,1,1.9389334,0.9528493
2010-11-24 17:00:00,2010-11-24 18:00:00,2,2.0611334,1.9141935
2010-11-24 17:00:00,2010-11-24 19:00:00,3,1.4982333,1.9840698
2010-11-24 17:00:00,2010-11-24 20:00:00,4,2.3128667,1.8921355
2010-11-24 17:00:00,2010-11-24 21:00:00,5,1.5683666,1.6675539
2010-11-24 17:00:00,2010-11-24 22:00:00,6,0.4221,0.89133036
2010-11-24 17:00:00,2010-11-24 23:00:00,7,0.3531,0.44518226
2010-11-24 17:00:00,2010-11-25 00:00:00,8,0.30346668,0.3489508
2010-11-24 17:00:00,2010-11-25 01:00:00,9,0.28966665,0.29263675
2010-11-24 17:00:00,2010-11-25 02:00:00,10,0.26636666,0.31576574
2010-11-24 17:00:00,2010-11-25 03:00:00,11,0.33573332,0.32985502
2010-11-24 17:00:00,2010-11-25 04:00:00,12,0.37706667,0.32893825
2010-11-24 17:00:00,2010-11-25 05:00:00,13,0.88053334,0.31059295
2010-11-24 17:00:00,2010-11-25 06:00:00,14,0.9632,0.732553
2010-11-24 17:00:00,2010-11-25 07:00:00,15,2.6271334,2.3343167
2010-11-24 17:00:00,2010-11-25 08:00:00,16,1.6294,1.6312934
2010-11-24 17:00:00,2010-11-25 09:00:00,17,1.2577,1.4347844
2010-11-24 17:00:00,2010-11-25 10:00:00,18,0.6454667,1.444418
2010-11-24 17:00:00,2010-11-25 11:00:00,19,1.0280666,1.5157591
2010-11-24 17:00:00,2010-11-25 12:00:00,20,0.49973333,1.4081296
2010-11-24 17:00:00,2010-11-25 13:00:00,21,0.35623333,1.3297181
2010-11-24 17:00:00,2010-11-25 14:00:00,22,0.30066666,1.2023311
2010-11-24 17:00:00,2010-11-25 15:00:00,23,0.333,1.0525646
2010-11-24 17:00:00,2010-11-25 16:00:00,24,0.5418,1.029428
2010-11-25 17:00:00,2010-11-25 17:00:00,1,1.4801,1.093573
2010-11-25 17:00:00,2010-11-25 18:00:00,2,2.2116,1.7945769
2010-11-25 17:00:00,2010-11-25 19:00:00,3,2.3304667,1.9052293
2010-11-25 17:00:00,2010-11-25 20:00:00,4,1.6478333,2.0731156
2010-11-25 17:00:00,2010-11-25 21:00:00,5,1.3429333,1.6760769
2010-11-25 17:00:00,2010-11-25 22:00:00,6,1.2475667,0.8717778
2010-11-25 17:00:00,2010-11-25 23:00:00,7,0.957,0.5063868
2010-11-25 17:00:00,2010-11-26 00:00:00,8,0.2943,0.3568794
2010-11-25 17:00:00,2010-11-26 01:00:00,9,0.281,0.31299293
2010-11-25 17:00:00,2010-11-26 02:00:00,10,0.27343333,0.36438262
2010-11-25 17:00:00,2010-11-26 03:00:00,11,0.29836667,0.32088858
2010-11-25 17:00:00,2010-11-26 04:00:00,12,0.31403333,0.29911602
2010-11-25 17:00:00,2010-11-26 05:00:00,13,0.28256667,0.32157922
2010-11-25 17:00:00,2010-11-26 06:00:00,14,1.0087667,0.815629
2010-11-25 17:00:00,2010-11-26 07:00:00,15,2.8839333,2.360608
2010-11-25 17:00:00,2010-11-26 08:00:00,16,1.9993,1.5992525
2010-11-25 17:00:00,2010-11-26 09:00:00,17,1.8499666,1.3745766
2010-11-25 17:00:00,2010-11-26 10:00:00,18,1.3527666,1.3485942
2010-11-25 17:00:00,2010-11-26 11:00:00,19,1.3389,1.4012513
2010-11-25 17:00:00,2010-11-26 12:00:00,20,1.4902,1.3112222
2010-11-25 17:00:00,2010-11-26 13:00:00,21,1.6129333,1.2104797
2010-11-25 17:00:00,2010-11-26 14:00:00,22,1.4077667,0.829289
2010-11-25 17:00:00,2010-11-26 15:00:00,23,0.8764333,1.0225782
2010-11-25 17:00:00,2010-11-26 16:00:00,24,1.0679333,0.94707775
