origin,mae,rmse,mase,model,seed,horizon
2014-03-14,7.413574166666666,9.864813147880211,0.7259424873449347,seasonal-naive,,24
2014-03-15,19.044695,25.83813057272434,1.8648701622475137,seasonal-naive,,24
2014-03-16,29.234573375,37.507527584196026,2.8626703443175696,seasonal-naive,,24
2014-03-17,42.63438279166667,50.67594677585498,4.174789270923899,seasonal-naive,,24
2014-03-18,9.038911458333335,14.287872528600264,0.8850966779905373,seasonal-naive,,24
2014-03-19,6.738602250000002,8.525581679287678,0.6598487542740361,seasonal-naive,,24
2014-03-20,7.0972391666666645,9.44860986094431,0.6949667377845153,seasonal-naive,,24
2014-03-21,14.749622541666668,17.053694834510587,1.444293593694596,seasonal-naive,,24
2014-03-22,19.45915245833333,23.69260032519325,1.905454133141601,seasonal-naive,,24
2014-03-23,31.595056208333332,36.47955521871605,3.0938105124526225,seasonal-naive,,24
2014-03-24,43.81699724999999,52.53482097569662,4.290591724929507,seasonal-naive,,24
2014-03-25,18.243399666666665,25.088814239146664,1.7864067498231344,seasonal-naive,,24
2014-03-26,12.872284416666666,19.410695973397143,1.2604633011242925,seasonal-naive,,24
2014-03-27,24.54388975,28.804892178703163,2.4033552472364397,seasonal-naive,,24
2014-03-28,7.780010166666667,12.242260435804111,0.7618241626762189,seasonal-naive,,24
2014-03-29,18.184198375,27.239452348669356,1.7806097169803574,seasonal-naive,,24
2014-04-14,39.61991891666666,47.25674693324928,3.8796108112184258,seasonal-naive,,24
2014-04-15,26.21075079166667,32.28694375058735,2.5665754731952686,seasonal-naive,,24
2014-04-16,3.89984820833333,5.736775857005421,0.3818759271815722,seasonal-naive,,24
2014-04-17,3.5419265,4.7467278327842495,0.34682797738287585,seasonal-naive,,24
2014-04-18,35.77634416666667,40.75204960463693,3.5032452213445557,seasonal-naive,,24
2014-04-19,22.77929345833333,25.092719114681984,2.2305647156610178,seasonal-naive,,24
2014-04-20,38.323000875,45.47793795561465,3.7526156685403915,seasonal-naive,,24
2014-04-21,42.5491915,51.00096672701432,4.1664472786834095,seasonal-naive,,24
2014-04-22,18.702757333333334,21.950767861315263,1.831387381246547,seasonal-naive,,24
2014-04-23,20.938214375,23.450138166091534,2.050284934396664,seasonal-naive,,24
2014-04-24,11.129653791666664,14.785373461644012,1.089823663346883,seasonal-naive,,24
2014-04-25,15.605700375000003,20.04913934518996,1.5281213477197897,seasonal-naive,,24
2014-04-26,23.541471666666666,30.098325208455247,2.305197751214284,seasonal-naive,,24
2014-04-27,26.184563166666667,35.86169615873354,2.5640111622161412,seasonal-naive,,24
2014-04-28,43.238979416666666,52.2164320228421,4.23399180507622,seasonal-naive,,24
2014-04-29,11.600710291666667,16.39501080842343,1.1359498529016516,seasonal-naive,,24
2014-04-30,5.703108833333332,8.374215200750609,0.5584524979441026,seasonal-naive,,24
2014-05-01,8.300646166666667,12.52377344736554,0.8128052123486813,seasonal-naive,,24
2014-05-02,14.272586083333335,17.365945383948365,1.397581842340738,seasonal-naive,,24
2014-05-03,24.04813916666667,25.900313263316438,2.354810995371281,seasonal-naive,,24
2014-05-04,33.886785874999994,41.0785432661149,3.318218321309845,seasonal-naive,,24
2014-05-05,41.217054375,51.2629972421771,4.036003458163591,seasonal-naive,,24
2014-05-06,16.95089883333333,21.76409935489592,1.6598441433459301,seasonal-naive,,24
2014-05-07,11.941021458333333,16.587866509287124,1.1692733658587404,seasonal-naive,,24
2014-05-08,22.415524416666667,24.883695283800364,2.194944190798134,seasonal-naive,,24
2014-05-09,9.001285291666665,12.81068543091715,0.8814122968263116,seasonal-naive,,24
2014-05-10,23.298371375000002,30.610649942790477,2.28139319669856,seasonal-naive,,24
2014-05-11,32.267949125,37.58843985097975,3.1597006683558475,seasonal-naive,,24
2014-05-12,34.647470875,40.06515135151005,3.3927051408346136,seasonal-naive,,24
2014-05-13,19.562278875,24.482322400612773,1.9155523456559613,seasonal-naive,,24
2014-05-14,6.377170666666667,9.98413552728438,0.6244571150037715,seasonal-naive,,24
2014-05-15,9.616865124999997,15.526873601473298,0.9416903145979076,seasonal-naive,,24
2014-05-16,12.575381416666664,18.464916380197103,1.2313903469088652,seasonal-naive,,24
2014-05-17,26.156683166666667,28.022887378375845,2.5612811326659983,seasonal-naive,,24
2014-05-18,41.33187854166667,46.00180208227224,4.047247122728531,seasonal-naive,,24
2014-05-19,36.489459125,44.3205180398523,3.5730739483495415,seasonal-naive,,24
2014-05-20,8.275108625,13.604366646171414,0.8103045579947354,seasonal-naive,,24
2014-05-21,15.713764500000002,20.984629300417648,1.5387030641674346,seasonal-naive,,24
2014-05-22,22.303363,25.97746823115095,2.1839612646185826,seasonal-naive,,24
2014-05-23,25.144715666666666,27.168255748063743,2.4621885509305486,seasonal-naive,,24
2014-05-24,26.157466166666666,27.4092417044286,2.561357804586291,seasonal-naive,,24
2014-05-25,23.877429583333335,28.408583608755755,2.33809499081631,seasonal-naive,,24
2014-05-26,39.01213858333333,45.15110847866885,3.8200965260679323,seasonal-naive,,24
2014-05-27,18.015700666666664,21.992919198238972,1.7641103008081411,seasonal-naive,,24
2014-05-28,8.999531374999998,14.262678791079635,0.8812405520512582,seasonal-naive,,24
2014-05-29,12.859288874999999,18.237473137074716,1.2591907683850487,seasonal-naive,,24
2014-05-30,12.712426291666667,18.26546479115738,1.2448098791343192,seasonal-naive,,24
2014-05-31,11.217249791666667,15.900265336754499,1.0984011263481146,seasonal-naive,,24
2014-06-01,32.18009125,37.75049715919664,3.1510975623672257,seasonal-naive,,24
2014-06-02,40.663275666666664,46.44316230192101,3.981777050775139,seasonal-naive,,24
2014-06-03,17.30784675,22.66404327837828,1.6947967387678091,seasonal-naive,,24
2014-06-04,19.28798845833333,23.10579815403244,1.888693631781462,seasonal-naive,,24
2014-06-05,18.593002624999997,25.261708250549646,1.8206401216691679,seasonal-naive,,24
2014-06-06,22.22168125,28.778289009689736,2.175962929209422,seasonal-naive,,24
2014-06-07,19.544994083333336,24.756954584054842,1.9138598064874512,seasonal-naive,,24
2014-06-08,44.033258499999995,48.15326025335071,4.311768181279968,seasonal-naive,,24
2014-06-09,43.08295554166667,50.11935972904996,4.218713835589929,seasonal-naive,,24
2014-06-10,10.626365458333336,17.156746742360887,1.040541309607923,seasonal-naive,,24
2014-06-11,14.589246041666668,18.988654281116048,1.4285894120536882,seasonal-naive,,24
2014-06-12,21.365799416666665,26.592714157862584,2.0921543676444805,seasonal-naive,,24
2014-06-13,12.772991666666668,18.11191393402553,1.2507404839931964,seasonal-naive,,24
2014-06-14,32.27899566666667,34.632465548153185,3.1607823536204416,seasonal-naive,,24
2014-06-15,23.887112083333335,29.057181751298515,2.339043108144834,seasonal-naive,,24
2014-06-16,39.08881758333333,46.9727821250519,3.8276049886172654,seasonal-naive,,24
2014-06-17,17.548736416666667,22.72354229918822,1.7183848273016722,seasonal-naive,,24
2014-06-18,13.953719541666667,18.81709353417197,1.3663582024088188,seasonal-naive,,24
2014-06-19,10.977462375,15.64310149702103,1.0749209709229908,seasonal-naive,,24
2014-06-20,10.588934041666667,12.365427128361697,1.036875998503055,seasonal-naive,,24
2014-06-21,9.3415345,12.841942608683969,0.914729742779065,seasonal-naive,,24
2014-06-22,41.16454841666667,47.962203278854616,4.030862037151805,seasonal-naive,,24
2014-06-23,24.899082208333336,29.08266726495299,2.4381359469221624,seasonal-naive,,24
2014-06-24,33.396172166666666,36.25640661937036,3.2701770759204893,seasonal-naive,,24
2014-06-25,18.92857183333333,22.635509260183692,1.8534992986730447,seasonal-naive,,24
2014-06-26,10.768025499999998,17.902636507953172,1.0544127622558597,seasonal-naive,,24
2014-06-27,13.3502285,16.52688792779625,1.3072639277676215,seasonal-naive,,24
2014-06-28,17.605010958333335,19.62459914595783,1.7238952706901498,seasonal-naive,,24
2014-06-29,27.10672645833333,31.027866940614977,2.654310051610228,seasonal-naive,,24
2014-06-30,36.703380958333334,43.83273926566143,3.594021327345982,seasonal-naive,,24
2014-07-01,15.641114333333334,21.860205382829303,1.5315891078610209,seasonal-naive,,24
2014-07-02,11.81645204166667,17.84223745037426,1.1570754394403737,seasonal-naive,,24
2014-07-03,5.587634208333334,7.506367512440653,0.5471451400337124,seasonal-naive,,24
2014-07-04,6.5804339999999995,8.311242750338081,0.6443608060532896,seasonal-naive,,24
2014-07-05,5.184614583333334,7.680468192244696,0.5076811699642163,seasonal-naive,,24
2014-07-06,39.335295458333334,47.033809724952015,3.8517402785098933,seasonal-naive,,24
2014-07-07,37.59864329166667,44.11495573536338,3.6816860556505007,seasonal-naive,,24
2014-07-08,19.858403875,23.825406751813134,1.9445491175546736,seasonal-naive,,24
2014-07-09,15.295084875,18.050104586061025,1.4977056556920834,seasonal-naive,,24
2014-07-10,7.013932875000002,9.06932366281856,0.686809326092879,seasonal-naive,,24
2014-07-11,11.527734833333334,15.240721328135008,1.1288040438024682,seasonal-naive,,24
2014-07-12,12.687994374999997,16.817376901567524,1.2424174883715273,seasonal-naive,,24
2014-07-13,45.550269875,48.80694987885681,4.460315020650595,seasonal-naive,,24
2014-07-14,34.439462999999996,42.05265452508601,3.372336860870034,seasonal-naive,,24
2014-07-15,20.804025208333332,22.827215896932803,2.0371450351746745,seasonal-naive,,24
2014-07-16,7.645560583333335,8.995833275898784,0.7486587632678828,seasonal-naive,,24
2014-07-17,14.077445708333334,19.577392704682353,1.37847355718378,seasonal-naive,,24
2014-07-18,8.210581583333335,10.57942790027972,0.8039860239010015,seasonal-naive,,24
2014-07-19,14.179273666666667,17.851965592946094,1.3884446237289998,seasonal-naive,,24
2014-07-20,30.091950999999998,35.980245465761755,2.9466253748728573,seasonal-naive,,24
2014-07-21,40.077784,46.984941247191756,3.924445287813788,seasonal-naive,,24
2014-07-22,17.445675208333334,21.21971858317037,1.7082930000339733,seasonal-naive,,24
2014-07-23,5.5719100416666665,7.452345329380774,0.5456054183819413,seasonal-naive,,24
2014-07-24,8.946443166666668,14.3065908994066,0.8760421167028314,seasonal-naive,,24
2014-07-25,5.470146208333336,6.1485553527820125,0.5356406310026078,seasonal-naive,,24
2014-07-26,12.530800625000003,17.354244538203936,1.2270249638881063,seasonal-naive,,24
2014-07-27,47.497270791666665,49.5982956497836,4.65096674362963,seasonal-naive,,24
2014-07-28,41.82580875,50.169061758649775,4.095613122171081,seasonal-naive,,24
2014-07-29,15.855296666666668,22.336322445137775,1.552561995203868,seasonal-naive,,24
2014-07-30,10.521092249999999,15.942713171283787,1.030232881717379,seasonal-naive,,24
2014-07-31,7.145780833333336,8.718976935054888,0.6997199725195657,seasonal-naive,,24
2014-08-01,14.650914583333334,17.996041151482366,1.4346280397819602,seasonal-naive,,24
2014-08-02,35.367150458333334,36.42801968917818,3.4631766806170594,seasonal-naive,,24
2014-08-03,19.475851708333334,23.751097330397652,1.9070893356511145,seasonal-naive,,24
2014-08-04,46.43838520833333,54.524912175715606,4.547279909600921,seasonal-naive,,24
2014-08-05,15.850682416666666,20.204687951367276,1.5521101645420405,seasonal-naive,,24
2014-08-06,12.788001791666671,19.30802006774784,1.2522102861740196,seasonal-naive,,24
2014-08-07,10.680236333333335,16.011625037916524,1.0458163842364043,seasonal-naive,,24
2014-08-08,18.563629625,24.421281824787215,1.8177638964906764,seasonal-naive,,24
2014-08-09,17.106661291666665,23.42311483435932,1.6750965147251597,seasonal-naive,,24
2014-08-10,39.76807670833333,46.7607025370665,3.89411852819597,seasonal-naive,,24
2014-08-11,37.180091708333336,44.87318682562961,3.6407011851067725,seasonal-naive,,24
2014-08-12,10.917550624999999,15.94250368608423,1.069054369491829,seasonal-naive,,24
2014-08-13,6.830422875,8.795476292741327,0.6688398955782898,seasonal-naive,,24
2014-08-14,3.6331613333333337,4.674014194688526,0.35576175754795375,seasonal-naive,,24
2014-08-15,17.13746241666667,21.132864862378874,1.6781125829255779,seasonal-naive,,24
2014-08-16,11.851672,15.819430095553292,1.1605242029627838,seasonal-naive,,24
2014-08-17,44.359144375,45.94066735416203,4.343679159354725,seasonal-naive,,24
2014-08-18,37.93661725,45.76108456978983,3.714780707495149,seasonal-naive,,24
2014-08-19,16.451379833333334,21.785957481990565,1.6109308854241986,seasonal-naive,,24
2014-08-20,5.523303958333332,6.8143688097088235,0.5408458759207966,seasonal-naive,,24
2014-08-21,7.668953166666665,11.11171741403252,0.7509493817669565,seasonal-naive,,24
2014-08-22,4.723759333333331,7.449528635933367,0.4625538941091751,seasonal-naive,,24
2014-08-23,30.428819375,34.77816801527801,2.9796117672063813,seasonal-naive,,24
2014-08-24,32.98496166666666,36.36855539816165,3.2299110495098335,seasonal-naive,,24
2014-08-25,41.712740583333336,49.97232979038329,4.084541406382685,seasonal-naive,,24
2014-08-26,19.492422125,24.671906590346833,1.9087119227084381,seasonal-naive,,24
2014-08-27,11.27891475,15.01330625700796,1.1044394031938225,seasonal-naive,,24
2014-08-28,10.365653875,14.600688263073405,1.0150122448100543,seasonal-naive,,24
2014-08-29,5.157386916666666,6.803348647474315,0.5050150173608645,seasonal-naive,,24
2014-08-30,32.63997154166667,33.92027544629387,3.196129369604614,seasonal-naive,,24
2014-08-31,16.93790316666667,20.210080767779374,1.6585715983665974,seasonal-naive,,24
2014-09-01,36.180208625,45.72634407930711,3.5427919180985907,seasonal-naive,,24
2014-09-02,20.594328708333332,25.149706858820945,2.0166114038417633,seasonal-naive,,24
2014-09-03,3.8234942916666657,4.8377094148942135,0.3743992970248595,seasonal-naive,,24
2014-09-04,10.826900958333335,14.896925638071364,1.0601778892654803,seasonal-naive,,24
2014-09-05,4.512762291666668,7.054128503792027,0.4418929128056333,seasonal-naive,,24
2014-09-06,13.994984958333335,17.260586022822626,1.370398941537189,seasonal-naive,,24
2014-09-07,42.082747958333336,46.27875763589994,4.120772793309544,seasonal-naive,,24
2014-09-08,41.497193625,47.86918589436722,4.0634348939833504,seasonal-naive,,24
2014-09-09,25.373648083333336,28.082078627141545,2.4846057769881402,seasonal-naive,,24
2014-09-10,10.455071291666668,12.833528741142917,1.0237680622346401,seasonal-naive,,24
2014-09-11,16.50966958333333,20.26120657241736,1.6166386594547022,seasonal-naive,,24
2014-09-12,6.176828958333332,8.526576737077246,0.6048395115648858,seasonal-naive,,24
2014-09-13,8.719132333333333,10.87426524535434,0.853783677245599,seasonal-naive,,24
2014-09-14,67.7379004375,81.5173441401079,6.632943682174304,seasonal-naive,,24
2014-09-15,68.429962,75.6184918083081,6.700710845594072,seasonal-naive,,24
2014-09-16,28.649668979166666,33.59013095951675,2.8053960873364523,seasonal-naive,,24
2014-09-17,20.15940125,26.869505765641133,1.97402299589992,seasonal-naive,,24
2014-09-18,4.187200875000001,6.83950851250742,0.41001370592305014,seasonal-naive,,24
2014-09-19,5.511086833333331,7.057216799706582,0.5396495662985659,seasonal-naive,,24
2014-09-20,13.008031458333335,17.124698829612445,1.2737557485810536,seasonal-naive,,24
2014-09-21,34.64454625,39.267482875610504,3.3924187594618336,seasonal-naive,,24
2014-09-22,31.279503291666668,37.01598141088351,3.06291134505184,seasonal-naive,,24
2014-09-23,16.794225833333332,21.703997181598933,1.6445026110751428,seasonal-naive,,24
2014-09-24,11.851476583333332,16.236004108392414,1.160505067622949,seasonal-naive,,24
2014-09-25,8.466091958333335,13.520364422625102,0.8290057826570316,seasonal-naive,,24
2014-09-26,4.643053208333333,6.569984214711647,0.45465109259814457,seasonal-naive,,24
2014-09-27,7.12862675,9.884868587499094,0.6980402324045865,seasonal-naive,,24
2014-09-28,43.41917479166667,44.33791712359771,4.251636665138958,seasonal-naive,,24
2014-09-29,35.08493154166667,42.19632845513248,3.4355416023491494,seasonal-naive,,24
2014-09-30,16.237979291666665,22.62076853623804,1.5900345516807795,seasonal-naive,,24
2014-10-01,16.29750195833333,19.272399495666434,1.5958630537935237,seasonal-naive,,24
2014-10-02,8.28264675,12.968232277098947,0.8110426965888055,seasonal-naive,,24
2014-10-03,10.711426500000002,15.49337265765703,1.0488705476752094,seasonal-naive,,24
2014-10-04,28.842014000000002,31.402094733465994,2.824230649413134,seasonal-naive,,24
2014-10-05,24.84586283333333,29.858985491203985,2.4329246676398757,seasonal-naive,,24
2014-10-06,39.984404250000004,45.79678700405074,3.9153014758738682,seasonal-naive,,24
2014-10-07,20.168562916666666,25.687178181687397,1.9749201128557508,seasonal-naive,,24
2014-10-08,4.552467041666667,8.319914420977225,0.4457808303372343,seasonal-naive,,24
2014-10-09,14.944894416666665,20.38462870149561,1.4634147554256514,seasonal-naive,,24
2014-10-10,13.487144833333332,16.86343734625337,1.3206708731010943,seasonal-naive,,24
2014-10-11,15.895260208333333,19.470338547070526,1.5564752538006532,seasonal-naive,,24
2014-10-12,39.253418833333335,45.176634171170306,3.843722860801286,seasonal-naive,,24
2014-10-13,37.54002991666666,45.20728860653565,3.675946592028419,seasonal-naive,,24
2014-10-14,11.404136375,15.531190507435193,1.1167011943188916,seasonal-naive,,24
2014-10-15,6.8515419583333355,8.431423095294312,0.6709078913305114,seasonal-naive,,24
2014-10-16,15.144455208333333,19.736876415928798,1.4829558909457352,seasonal-naive,,24
2014-10-17,29.001027041666664,32.6509959592385,2.8398013202383887,seasonal-naive,,24
2014-10-18,27.30557379166667,34.66864310500513,2.6737813247797817,seasonal-naive,,24
2014-10-19,44.88914033333333,45.992561599864835,4.395576742844909,seasonal-naive,,24
2014-10-20,60.51102133333333,69.54438827050666,5.9252825089430985,seasonal-naive,,24
2014-10-21,26.135175833333335,36.56779144767158,2.5591751191959564,seasonal-naive,,24
2014-10-22,6.816452583333333,7.749262166158395,0.6674719146215424,seasonal-naive,,24
2014-10-23,9.012725499999997,12.130394565969539,0.8825325302126024,seasonal-naive,,24
2014-10-24,8.23235066666667,11.968641205584603,0.8061176681183448,seasonal-naive,,24
2014-10-25,14.19311125,18.341132641713934,1.3897996097907848,seasonal-naive,,24
2014-11-10,33.901732833333334,42.02278697407382,3.3196819381654676,seasonal-naive,,24
2014-11-11,28.351528375,33.29037194837773,2.776201946035431,seasonal-naive,,24
2014-11-12,13.625622125,17.58174448014481,1.3342306685915453,seasonal-naive,,24
2014-11-13,13.376613333333337,17.70172210094737,1.3098475495278656,seasonal-naive,,24
2014-11-14,26.108338708333335,33.46882058684995,2.5565472087120655,seasonal-naive,,24
2014-11-15,13.701459624999998,18.35132803552599,1.3416567308587248,seasonal-naive,,24
2014-11-16,39.96113933333333,42.836494664578005,3.9130233585861482,seasonal-naive,,24
2014-11-17,39.977776291666665,47.954374032198494,3.9146524614510874,seasonal-naive,,24
2014-11-18,15.920929000000001,20.563154341460837,1.558988760248518,seasonal-naive,,24
2014-11-19,7.86578475,11.11183388841843,0.7702232712540956,seasonal-naive,,24
2014-11-20,13.018038249999998,17.015694777524054,1.2747356207816316,seasonal-naive,,24
2014-11-21,17.97683825,20.94529203956602,1.7603048651592903,seasonal-naive,,24
2014-11-22,6.037702958333335,9.38762728513577,0.5912161940902377,seasonal-naive,,24
2014-11-23,50.10598695833334,52.117300086531294,4.906414097393468,seasonal-naive,,24
2014-11-24,40.70921691666667,49.409113830506286,3.9862756508494046,seasonal-naive,,24
2014-11-25,16.801114166666665,21.225977043643326,1.6451771216042401,seasonal-naive,,24
2014-11-26,15.378065291666665,19.21482375845015,1.505831157470533,seasonal-naive,,24
2014-11-27,13.138645375000001,17.010967049148793,1.2865455567646946,seasonal-naive,,24
2014-11-28,20.893571958333336,25.09866209382425,2.0459135170118077,seasonal-naive,,24
2014-11-29,17.609624916666668,25.203123953734654,1.7243470727917685,seasonal-naive,,24
2014-11-30,31.752962791666665,36.98566564681321,3.1092728380861274,seasonal-naive,,24
2014-12-01,43.33651725000001,50.822501987328,4.243542779511548,seasonal-naive,,24
2014-12-02,16.870321083333334,22.55292331011431,1.6519539124067613,seasonal-naive,,24
2014-12-03,13.130069083333334,19.01024386633679,1.2857057601477417,seasonal-naive,,24
2014-12-04,11.875323875,17.586851529454172,1.1628402114873997,seasonal-naive,,24
2014-12-05,10.953875125000001,16.145154158453064,1.0726112905246188,seasonal-naive,,24
2014-12-06,28.618411708333337,34.15453662634885,2.8023353530096298,seasonal-naive,,24
2014-12-07,22.258720083333333,25.098692095756494,2.1795897982733683,seasonal-naive,,24
2014-12-08,40.214898,47.56111493855848,3.9378715888087052,seasonal-naive,,24
2014-12-09,17.279580083333332,21.71715469903807,1.6920288465409783,seasonal-naive,,24
2014-12-10,7.316490166666668,10.304284845882872,0.716435952594358,seasonal-naive,,24
2014-12-11,8.434120124999998,11.998740076411242,0.8258750778588876,seasonal-naive,,24
2014-12-12,9.741435000000003,13.532420977933038,0.9538882858966033,seasonal-naive,,24
2014-12-13,12.547437833333332,16.799709331895706,1.2286540912332238,seasonal-naive,,24
2014-12-14,39.785493375,44.444576583427704,3.8958239806588466,seasonal-naive,,24
2014-12-15,39.175114666666666,47.88656809069541,3.8360552607690286,seasonal-naive,,24
2014-12-16,16.785325124999996,19.98027581604636,1.6436310473460463,seasonal-naive,,24
2014-12-17,7.838038291666666,11.82789331938862,0.7675063181995112,seasonal-naive,,24
2014-12-18,9.504379250000001,13.23158986979361,0.9306756172261832,seasonal-naive,,24
2014-12-19,12.029853583333335,15.295972016951191,1.177971871104508,seasonal-naive,,24
2014-12-20,19.321453916666666,22.61712379362169,1.891970593408402,seasonal-naive,,24
2014-12-21,36.06921904166666,36.71371383493419,3.5319237386775697,seasonal-naive,,24
2014-12-22,37.310446666666664,43.461582304819586,3.6534656359051096,seasonal-naive,,24
2014-12-23,28.387334624999998,30.659402452444482,2.779708119657375,seasonal-naive,,24
2014-12-24,29.126117708333336,31.47261626403059,2.8520502878297482,seasonal-naive,,24
2014-12-25,48.68352341666667,55.21589975583093,4.767125449518608,seasonal-naive,,24
2014-12-26,45.05919895833333,50.82210199598348,4.412229005094074,seasonal-naive,,24
2014-12-27,25.850553375,31.379549287525755,2.531304684408139,seasonal-naive,,24
2014-12-28,20.543967958333333,23.27017548510344,2.0116800431650286,seasonal-naive,,24
2014-12-29,45.12684616666667,50.320066631792,4.418853068140511,seasonal-naive,,24
2014-12-30,24.790887916666666,27.090066602730865,2.427541484461373,seasonal-naive,,24
2014-12-31,25.138022791666668,27.454428028347813,2.461533179821316,seasonal-naive,,24
2014-03-14,9.075867541666668,11.53447684947658,0.88871544411527,lstm,42.0,24
2014-03-15,12.11953054166667,14.269453461004217,1.1867531030348148,lstm,42.0,24
2014-03-16,12.546491666666666,14.339652638192508,1.228561441916174,lstm,42.0,24
2014-03-17,10.306634291666667,12.910841460183018,1.0092330049773024,lstm,42.0,24
2014-03-18,8.998337916666665,10.985819481530998,0.8811236877572531,lstm,42.0,24
2014-03-19,10.671484333333334,12.808972372904568,1.0449593821337195,lstm,42.0,24
2014-03-20,9.957788416666666,11.403403251849678,0.9750737672730165,lstm,42.0,24
2014-03-21,13.682841625,16.821963263305264,1.3398336429762088,lstm,42.0,24
2014-03-22,9.680860583333333,11.74425432183467,0.9479567956712562,lstm,42.0,24
2014-03-23,4.322041208333333,6.745469472322784,0.423217367850996,lstm,42.0,24
2014-03-24,7.2340460416666685,8.903175360570566,0.7083629648796637,lstm,42.0,24
2014-03-25,8.929707583333332,10.740600820702085,0.874403356407319,lstm,42.0,24
2014-03-26,13.882040833333335,18.905860981603684,1.3593393719975535,lstm,42.0,24
2014-03-27,7.473397333333332,9.049298943958604,0.7318004146327084,lstm,42.0,24
2014-03-28,8.123602291666666,9.899449125613314,0.7954689494210693,lstm,42.0,24
2014-03-29,17.346895125,19.026882957784185,1.6986203835897271,lstm,42.0,24
2014-04-14,8.090142,10.514524775555705,0.7921924937178267,lstm,42.0,24
2014-04-15,12.525347583333334,14.427748194636974,1.2264909981460632,lstm,42.0,24
2014-04-16,12.031848125000002,13.908666156698478,1.1781671780517462,lstm,42.0,24
2014-04-17,9.415615666666667,10.578617265610534,0.9219838236294623,lstm,42.0,24
2014-04-18,23.607177249999996,27.143743738259595,2.311631688951349,lstm,42.0,24
2014-04-19,28.84269283333333,35.91940179257371,2.824297121258888,lstm,42.0,24
2014-04-20,9.29697375,11.08376274285578,0.9103663222526471,lstm,42.0,24
2014-04-21,10.542114375,14.532958646939889,1.0322913832402199,lstm,42.0,24
2014-04-22,11.262307125,12.482534031800762,1.1028131726698738,lstm,42.0,24
2014-04-23,12.638641625,15.914715712935372,1.2375848317760896,lstm,42.0,24
2014-04-24,7.728204124999999,9.797728549322612,0.7567512780052741,lstm,42.0,24
2014-04-25,12.132396374999999,14.21909155549241,1.1880129346412425,lstm,42.0,24
2014-04-26,13.691630541666667,17.575543751778987,1.34069425998531,lstm,42.0,24
2014-04-27,11.832510833333332,13.17919080848028,1.1586479278115924,lstm,42.0,24
2014-04-28,12.744557708333334,16.43040890815821,1.2479562104466566,lstm,42.0,24
2014-04-29,10.100013000000002,11.528809108135986,0.989000500244924,lstm,42.0,24
2014-04-30,8.595296416666669,10.160815677554671,0.8416575756721042,lstm,42.0,24
2014-05-01,10.914844333333335,12.5357175122209,1.0687893674752835,lstm,42.0,24
2014-05-02,10.542941125,12.205650992703172,1.032372339191819,lstm,42.0,24
2014-05-03,13.329243999999997,17.045688216388857,1.305209110511704,lstm,42.0,24
2014-05-04,5.471368999999999,8.703297369702215,0.5357603676376028,lstm,42.0,24
2014-05-05,9.583363166666663,11.605965084400912,0.9384097788648497,lstm,42.0,24
2014-05-06,7.649407874999999,9.00354356868166,0.7490354928208962,lstm,42.0,24
2014-05-07,14.289141916666665,17.684560589992106,1.399203001387626,lstm,42.0,24
2014-05-08,7.17860704166667,9.266358627047678,0.7029343383290763,lstm,42.0,24
2014-05-09,13.76878166666667,15.133549729819395,1.348248953352483,lstm,42.0,24
2014-05-10,14.882532625000001,24.286226248602084,1.4573082441613097,lstm,42.0,24
2014-05-11,8.707921875,10.517769965612422,0.852685941143711,lstm,42.0,24
2014-05-12,13.516748791666666,16.211975413514214,1.3235697138848537,lstm,42.0,24
2014-05-13,10.34701425,11.820021184154356,1.0131870393920637,lstm,42.0,24
2014-05-14,10.783769083333333,13.111252856222325,1.055954385201525,lstm,42.0,24
2014-05-15,15.284462249999997,20.21691823907851,1.496665480650832,lstm,42.0,24
2014-05-16,11.640625708333333,15.24932126295493,1.1398583990639999,lstm,42.0,24
2014-05-17,9.886849541666669,12.202657183851016,0.9681273818711551,lstm,42.0,24
2014-05-18,5.770998625,7.564602239316852,0.565100314924126,lstm,42.0,24
2014-05-19,6.470724208333334,9.02049908865011,0.6336179447480519,lstm,42.0,24
2014-05-20,9.582789208333333,13.421526460411819,0.9383535764541415,lstm,42.0,24
2014-05-21,10.816198833333337,14.303452526029925,1.0591299295273413,lstm,42.0,24
2014-05-22,9.626473083333332,11.519861316487924,0.9426311327530925,lstm,42.0,24
2014-05-23,18.319871208333335,20.53549488001628,1.7938948979040172,lstm,42.0,24
2014-05-24,12.065166500000002,15.506093603601554,1.1814297371734372,lstm,42.0,24
2014-05-25,6.1792727916666665,7.482735237101234,0.6050788134736242,lstm,42.0,24
2014-05-26,28.226910958333335,33.99529531274495,2.763999319422717,lstm,42.0,24
2014-05-27,11.873910875000002,14.56175456194025,1.1627018495162968,lstm,42.0,24
2014-05-28,10.509751625,14.129303668307086,1.029122399602347,lstm,42.0,24
2014-05-29,16.015209083333335,20.09120432036686,1.5682207334726912,lstm,42.0,24
2014-05-30,9.145295833333332,11.552112191734174,0.8955139121162006,lstm,42.0,24
2014-05-31,12.577181999999999,15.861510195571183,1.2315666613173122,lstm,42.0,24
2014-06-01,8.472186916666667,10.704805994374652,0.8296026053384121,lstm,42.0,24
2014-06-02,15.981304499999998,20.965534469199298,1.5649007724115256,lstm,42.0,24
2014-06-03,8.171166041666666,9.409499934903712,0.8001264258563495,lstm,42.0,24
2014-06-04,15.957640916666668,20.244159313111687,1.562583617398532,lstm,42.0,24
2014-06-05,14.673461791666668,17.67772605759644,1.436835878556108,lstm,42.0,24
2014-06-06,17.544556083333337,24.131450370598227,1.7179754860703438,lstm,42.0,24
2014-06-07,19.795371875,21.424189388292948,1.9383769790107495,lstm,42.0,24
2014-06-08,5.922577333333333,7.3490295998147435,0.5799430105095819,lstm,42.0,24
2014-06-09,14.345551166666665,17.963007369836586,1.404726635512497,lstm,42.0,24
2014-06-10,9.557275083333337,11.482568724635472,0.9358552150769526,lstm,42.0,24
2014-06-11,13.289194499999999,17.41273637837776,1.3012874348134096,lstm,42.0,24
2014-06-12,14.457612916666667,16.82488757745581,1.4156998022607303,lstm,42.0,24
2014-06-13,11.038624125000005,12.42561350859057,1.0809099732486176,lstm,42.0,24
2014-06-14,14.478645166666666,16.747610766163042,1.4177592952308162,lstm,42.0,24
2014-06-15,8.137282125,10.081453578713273,0.796808488489973,lstm,42.0,24
2014-06-16,8.42014575,10.356216178507788,0.8245066970592185,lstm,42.0,24
2014-06-17,8.38111775,10.716396024109647,0.8206850473718806,lstm,42.0,24
2014-06-18,9.811871083333333,12.619419618627377,0.9607854375786813,lstm,42.0,24
2014-06-19,14.167677708333331,17.6091208729796,1.3873091391912584,lstm,42.0,24
2014-06-20,8.212346124999998,9.419649702880795,0.8041588090836576,lstm,42.0,24
2014-06-21,11.29269625,12.623083283051692,1.105788897535476,lstm,42.0,24
2014-06-22,5.690141583333332,7.337675428354632,0.5571827355451037,lstm,42.0,24
2014-06-23,18.362054291666666,23.834346969072996,1.7980254956090436,lstm,42.0,24
2014-06-24,13.915181208333331,15.217139271092178,1.3625845012318725,lstm,42.0,24
2014-06-25,17.701726999999998,19.245910435497134,1.733365774697426,lstm,42.0,24
2014-06-26,13.252863416666669,15.05684627736393,1.2977298691359096,lstm,42.0,24
2014-06-27,11.744153250000002,13.57837599938445,1.149995890025394,lstm,42.0,24
2014-06-28,11.829279458333332,14.731321048068475,1.1583315092593116,lstm,42.0,24
2014-06-29,8.050225666666668,11.072430633413857,0.7882838577948227,lstm,42.0,24
2014-06-30,9.017849791666668,13.479526331809922,0.8830343045194018,lstm,42.0,24
2014-07-01,9.121589416666668,11.351574808203228,0.8931925628325564,lstm,42.0,24
2014-07-02,12.035388041666666,15.158786692179683,1.1785138092248106,lstm,42.0,24
2014-07-03,9.576177,12.174135016812553,0.9377061042826315,lstm,42.0,24
2014-07-04,10.058339041666665,12.571047834837731,0.9849197564242125,lstm,42.0,24
2014-07-05,13.764486208333333,17.48468438382868,1.3478283389987737,lstm,42.0,24
2014-07-06,5.8344765,7.487614190564369,0.5713161138671061,lstm,42.0,24
2014-07-07,5.450247833333332,7.684285267762381,0.5336921678838906,lstm,42.0,24
2014-07-08,7.502472333333334,9.178578299181899,0.73464745943796,lstm,42.0,24
2014-07-09,8.584467458333334,10.74482137688798,0.8405971963232064,lstm,42.0,24
2014-07-10,9.388204458333334,11.98039436950848,0.9192996984947733,lstm,42.0,24
2014-07-11,12.290116916666669,14.211126525715104,1.2034570429416216,lstm,42.0,24
2014-07-12,16.57526375,19.16181158655541,1.6230616871920416,lstm,42.0,24
2014-07-13,5.954911666666667,8.338416682407702,0.5831092115671204,lstm,42.0,24
2014-07-14,4.7970422500000005,6.412751710061747,0.4697298097483672,lstm,42.0,24
2014-07-15,11.221045374999997,12.116843549631334,1.098772792584127,lstm,42.0,24
2014-07-16,13.151102583333333,14.929134282601966,1.2877653755187224,lstm,42.0,24
2014-07-17,12.833826541666667,15.189527385759352,1.2566974784849203,lstm,42.0,24
2014-07-18,7.270800625,9.138008819866474,0.7119619999802084,lstm,42.0,24
2014-07-19,16.849913125,19.429755552044206,1.6499555505234011,lstm,42.0,24
2014-07-20,19.818603875,21.5244929246368,1.9406518730749145,lstm,42.0,24
2014-07-21,8.021131416666666,12.015338815941968,0.7854349280157964,lstm,42.0,24
2014-07-22,9.800597833333333,11.65136009602458,0.959681552871861,lstm,42.0,24
2014-07-23,8.55491025,10.80929134446314,0.8377029333329004,lstm,42.0,24
2014-07-24,7.764178583333332,10.123227179660438,0.7602739227075835,lstm,42.0,24
2014-07-25,8.958498583333338,11.668140294264418,0.8772225917293485,lstm,42.0,24
2014-07-26,15.847960416666668,17.884790129868215,1.5518436243542544,lstm,42.0,24
2014-07-27,6.919619916666666,9.674323647475784,0.6775741337251814,lstm,42.0,24
2014-07-28,6.017611000000001,7.577907807567228,0.5892487751529981,lstm,42.0,24
2014-07-29,5.680099874999999,7.140042288172886,0.5561994442795398,lstm,42.0,24
2014-07-30,10.038213833333332,12.687306300607382,0.9829490816231801,lstm,42.0,24
2014-07-31,8.376471875,10.2714013575691,0.8202301199674233,lstm,42.0,24
2014-08-01,10.923532083333333,13.165614934306955,1.0696400781719926,lstm,42.0,24
2014-08-02,13.607937249999999,16.428866628620614,1.3324989529767468,lstm,42.0,24
2014-08-03,4.1214851249999995,5.107853574532102,0.4035787726587096,lstm,42.0,24
2014-08-04,16.99047020833333,21.504333859229117,1.663719000702092,lstm,42.0,24
2014-08-05,11.707632541666667,13.553047084786737,1.1464197561322034,lstm,42.0,24
2014-08-06,15.977679000000002,19.400060815144588,1.5645457608572204,lstm,42.0,24
2014-08-07,9.89454475,12.113738966158207,0.9688809021776293,lstm,42.0,24
2014-08-08,20.120966458333335,27.008152062852414,1.9702594335970658,lstm,42.0,24
2014-08-09,21.990609958333334,25.294582351715793,2.153336262981312,lstm,42.0,24
2014-08-10,6.858210624999998,10.324971670901908,0.6715608919424213,lstm,42.0,24
2014-08-11,9.012629041666667,12.881541271559504,0.88252308494358,lstm,42.0,24
2014-08-12,8.524644749999998,10.644523312465287,0.8347393139157605,lstm,42.0,24
2014-08-13,9.31333075,11.63428360638196,0.9119680113972558,lstm,42.0,24
2014-08-14,6.693371458333334,8.63800019835598,0.6554197227881551,lstm,42.0,24
2014-08-15,13.961295166666668,17.247844101158726,1.367100013029723,lstm,42.0,24
2014-08-16,14.354021916666666,16.427257617314304,1.4055560974139274,lstm,42.0,24
2014-08-17,6.586657583333333,8.066439817988902,0.6449702237867108,lstm,42.0,24
2014-08-18,7.56148675,9.059968249499452,0.7404261933470149,lstm,42.0,24
2014-08-19,7.118575166666666,8.40693471073905,0.6970559741719565,lstm,42.0,24
2014-08-20,9.528383916666668,10.585681007094179,0.9330261713632468,lstm,42.0,24
2014-08-21,7.966429541666667,10.157517120937344,0.7800784812726749,lstm,42.0,24
2014-08-22,7.4338126666666655,9.52149318180982,0.7279242557470356,lstm,42.0,24
2014-08-23,19.230847125,21.571470953074407,1.8830983115327333,lstm,42.0,24
2014-08-24,6.179702083333332,7.6552820733629625,0.6051208500208132,lstm,42.0,24
2014-08-25,12.196589291666667,15.791192441129875,1.1942987509758864,lstm,42.0,24
2014-08-26,13.075956624999998,15.56400967637096,1.28040702950639,lstm,42.0,24
2014-08-27,8.279209958333334,10.958292711142727,0.8107061634895344,lstm,42.0,24
2014-08-28,9.648378166666667,10.776244434781802,0.9447760941877535,lstm,42.0,24
2014-08-29,7.973200333333335,9.288893444314741,0.7807414820376629,lstm,42.0,24
2014-08-30,16.807095708333332,18.88494068887833,1.6457628384444631,lstm,42.0,24
2014-08-31,7.563429833333333,9.32629882943715,0.7406164614574305,lstm,42.0,24
2014-09-01,18.847585375,24.295420157693776,1.8455690467214163,lstm,42.0,24
2014-09-02,8.42931845833333,9.517043388052711,0.8254048952229501,lstm,42.0,24
2014-09-03,6.417870791666665,7.462340704692715,0.6284425003676349,lstm,42.0,24
2014-09-04,10.338701708333334,12.516707111084056,1.0123730693638429,lstm,42.0,24
2014-09-05,10.417218625000002,11.786948010309752,1.020061502028338,lstm,42.0,24
2014-09-06,6.782959375,8.583975040926855,0.6641922356947457,lstm,42.0,24
2014-09-07,7.679247458333333,9.528999760300499,0.751957406173262,lstm,42.0,24
2014-09-08,9.255467874999999,11.652376638274244,0.9063020372722116,lstm,42.0,24
2014-09-09,12.869338416666666,15.228078939449261,1.260174826696218,lstm,42.0,24
2014-09-10,11.4985875,13.488597604589694,1.1259499160654574,lstm,42.0,24
2014-09-11,11.128760833333333,13.491058963945521,1.0897362242279076,lstm,42.0,24
2014-09-12,11.913135250000002,14.404438809695783,1.1665427283841552,lstm,42.0,24
2014-09-13,13.142952958333334,15.99670606405179,1.2869673584070802,lstm,42.0,24
2014-09-14,31.784720395833336,38.271842232612514,3.1123825654109756,lstm,42.0,24
2014-09-15,32.32451372916666,44.89310343259245,3.1652395148718853,lstm,42.0,24
2014-09-16,13.728694583333331,17.037404459526023,1.3443235974672945,lstm,42.0,24
2014-09-17,14.298895374999999,18.4349421056919,1.4001580670069262,lstm,42.0,24
2014-09-18,5.426782750000002,6.883473039667846,0.531394450132938,lstm,42.0,24
2014-09-19,4.646720583333333,5.917587780168384,0.4550102045824149,lstm,42.0,24
2014-09-20,16.02209404166667,17.864186565280864,1.5688949135193737,lstm,42.0,24
2014-09-21,8.303821541666668,10.258557582661762,0.8131161473408904,lstm,42.0,24
2014-09-22,7.478526625000001,10.323632069122784,0.7323026785430853,lstm,42.0,24
2014-09-23,9.275744708333335,10.846224268224578,0.9082875593017428,lstm,42.0,24
2014-09-24,11.754433541666666,14.404531408002514,1.151002543541681,lstm,42.0,24
2014-09-25,6.1811200416666665,8.04756410177943,0.6052596975154644,lstm,42.0,24
2014-09-26,7.465883624999999,8.727551875566796,0.7310646669361103,lstm,42.0,24
2014-09-27,9.707423208333331,11.48779448357334,0.9505578269187226,lstm,42.0,24
2014-09-28,10.195531749999999,11.624910569458674,0.9983537645954518,lstm,42.0,24
2014-09-29,6.816168375,8.799418067197353,0.6674440847381711,lstm,42.0,24
2014-09-30,7.926384833333333,9.344371505844336,0.776157274777809,lstm,42.0,24
2014-10-01,15.969243041666667,17.611993649508978,1.563719705780686,lstm,42.0,24
2014-10-02,11.714548,14.138688988833723,1.1470969227607106,lstm,42.0,24
2014-10-03,7.524296458333332,8.563757606032453,0.7367844933746891,lstm,42.0,24
2014-10-04,15.947816333333334,19.092948778501505,1.5616215871683368,lstm,42.0,24
2014-10-05,9.027707958333332,10.747000416173407,0.883999623253628,lstm,42.0,24
2014-10-06,8.502637625,12.03869405378585,0.8325843604880817,lstm,42.0,24
2014-10-07,9.100121958333334,10.980711936751725,0.8910904539510477,lstm,42.0,24
2014-10-08,7.243377458333335,9.399407655236441,0.7092767038769626,lstm,42.0,24
2014-10-09,15.0661245,19.2423187801776,1.475285691934486,lstm,42.0,24
2014-10-10,6.4337865,7.898134385798212,0.6300009779164678,lstm,42.0,24
2014-10-11,11.842039208333333,13.893207985015623,1.1595809531098293,lstm,42.0,24
2014-10-12,10.45172,12.438677243946591,1.0234399013565503,lstm,42.0,24
2014-10-13,7.528217708333336,10.344845425297478,0.7371684649806256,lstm,42.0,24
2014-10-14,10.050772999999998,12.257374724520233,0.984178884210166,lstm,42.0,24
2014-10-15,12.07954216666667,13.676602166030774,1.1828374127402597,lstm,42.0,24
2014-10-16,19.667585041666666,22.94832171178962,1.9258640008500894,lstm,42.0,24
2014-10-17,26.41484145833333,28.913852372755574,2.5865601773168034,lstm,42.0,24
2014-10-18,15.874493708333334,19.094803781117346,1.554441783260731,lstm,42.0,24
2014-10-19,25.790460416666665,27.14041847052353,2.52542033892731,lstm,42.0,24
2014-10-20,27.748373291666667,33.52236779371266,2.717140568674636,lstm,42.0,24
2014-10-21,17.784558833333335,20.9394812384279,1.741476727089554,lstm,42.0,24
2014-10-22,12.840680125,14.846483189065994,1.2573685862691515,lstm,42.0,24
2014-10-23,6.771082916666668,7.592076944992935,0.6630292843962866,lstm,42.0,24
2014-10-24,8.646350708333335,10.982346839225366,0.8466568484451178,lstm,42.0,24
2014-10-25,13.897266541666667,16.64555472989176,1.3608302842526416,lstm,42.0,24
2014-11-10,17.227585416666667,21.846836220862354,1.6869374915750592,lstm,42.0,24
2014-11-11,13.421028333333332,16.109669128186415,1.3141966981099888,lstm,42.0,24
2014-11-12,13.3757155,15.697695185075444,1.309759633045401,lstm,42.0,24
2014-11-13,10.764096541666666,12.17486725626951,1.054028035844408,lstm,42.0,24
2014-11-14,18.640709916666665,21.38651981144165,1.825311653807163,lstm,42.0,24
2014-11-15,24.850986458333335,28.084695731339988,2.433426376666198,lstm,42.0,24
2014-11-16,36.27801016666667,38.48669339487017,3.552368715042621,lstm,42.0,24
2014-11-17,21.46670591666667,26.218158015046306,2.102035204330331,lstm,42.0,24
2014-11-18,16.91626404166667,18.698933551200227,1.656452679762249,lstm,42.0,24
2014-11-19,18.769359708333333,21.831154081938433,1.8379091334653317,lstm,42.0,24
2014-11-20,12.112609416666666,13.671979993466339,1.1860753815222522,lstm,42.0,24
2014-11-21,16.489755083333332,19.132416947724593,1.614688617364447,lstm,42.0,24
2014-11-22,22.282533291666667,24.434352596256964,2.18192160467343,lstm,42.0,24
2014-11-23,25.25308779166667,25.83433385878155,2.4728004269585906,lstm,42.0,24
2014-11-24,18.251101291666668,22.351940299684767,1.7871608984542011,lstm,42.0,24
2014-11-25,10.681642249999998,12.402468588804302,1.0459540526024385,lstm,42.0,24
2014-11-26,10.406451791666667,11.984891278854018,1.019007206003895,lstm,42.0,24
2014-11-27,8.082207791666667,9.715543526047233,0.7914155703603307,lstm,42.0,24
2014-11-28,18.609975333333335,20.605498720713054,1.8223021014143608,lstm,42.0,24
2014-11-29,19.573889875,26.75312856304736,1.9166893030844663,lstm,42.0,24
2014-11-30,38.64621666666667,40.490084775038646,3.7842651901445126,lstm,42.0,24
2014-12-01,17.118978000000002,24.091230349309765,1.67630257561865,lstm,42.0,24
2014-12-02,21.338434583333335,23.16522461058202,2.089474783582977,lstm,42.0,24
2014-12-03,15.402151875,17.941430110797956,1.5081897329462142,lstm,42.0,24
2014-12-04,9.617655458333333,12.47644908763901,0.9417677046034484,lstm,42.0,24
2014-12-05,10.544536749999999,13.934846638897353,1.0325285839336031,lstm,42.0,24
2014-12-06,9.925349375000001,13.509436254229232,0.9718973131005518,lstm,42.0,24
2014-12-07,41.43953520833333,46.72013405415838,4.0577889405646115,lstm,42.0,24
2014-12-08,35.37526270833333,38.745370324537674,3.4639710379419575,lstm,42.0,24
2014-12-09,23.483170208333334,25.59997684805748,2.299488830695402,lstm,42.0,24
2014-12-10,7.913141791666664,9.967956891733802,0.7748605066614611,lstm,42.0,24
2014-12-11,9.116909708333337,11.089653643880773,0.8927343224438892,lstm,42.0,24
2014-12-12,10.364710958333333,13.234800177034364,1.01491991373533,lstm,42.0,24
2014-12-13,8.072083166666667,9.799068505657635,0.7904241598354341,lstm,42.0,24
2014-12-14,3.730760791666667,4.829055642254209,0.36531876634737814,lstm,42.0,24
2014-12-15,8.057718791666666,10.800941996662628,0.7890175899566917,lstm,42.0,24
2014-12-16,6.489421749999998,7.435403814537192,0.635448821407486,lstm,42.0,24
2014-12-17,8.854030916666668,11.193749419269901,0.8669930430552274,lstm,42.0,24
2014-12-18,10.684633499999999,12.252915823153364,1.0462469579428928,lstm,42.0,24
2014-12-19,8.912372958333332,11.028005384285688,0.8727059375231494,lstm,42.0,24
2014-12-20,11.457764374999998,13.848853981002673,1.1219524864535784,lstm,42.0,24
2014-12-21,55.738401583333335,57.87752150388597,5.457944167870786,lstm,42.0,24
2014-12-22,12.863393166666668,17.14342034176272,1.2595926635619648,lstm,42.0,24
2014-12-23,11.717108708333333,15.649506283990059,1.1473476691530813,lstm,42.0,24
2014-12-24,21.180553666666665,25.13453858843556,2.0740149712478377,lstm,42.0,24
2014-12-25,41.503618708333335,45.119849445662155,4.064064042740959,lstm,42.0,24
2014-12-26,12.707543208333334,15.122090983262629,1.2443317241201226,lstm,42.0,24
2014-12-27,24.429610041666667,27.79512528622057,2.3921648964210984,lstm,42.0,24
2014-12-28,55.02523670833333,56.634210324368595,5.3881105529900815,lstm,42.0,24
2014-12-29,23.089629916666667,26.302913735032238,2.2609530837290497,lstm,42.0,24
2014-12-30,13.374109249999998,16.059323401211692,1.3096023478960137,lstm,42.0,24
2014-12-31,16.687893083333332,21.24538984830113,1.6340904321064211,lstm,42.0,24
2014-03-14,5.33993370833333,7.064121387057475,0.5228901298262084,chronos2,,24
2014-03-15,14.820724500000003,18.89280889104402,1.4512559483331553,chronos2,,24
2014-03-16,6.780005833333334,8.378024316660284,0.6639030227812743,chronos2,,24
2014-03-17,3.317035833333334,3.9322912531024254,0.3248065223774469,chronos2,,24
2014-03-18,3.646352208333333,4.667287880969465,0.3570534174669724,chronos2,,24
2014-03-19,5.512860000000001,6.971924315735901,0.5398231960473941,chronos2,,24
2014-03-20,4.941725291666668,5.8604219779202795,0.48389727671947796,chronos2,,24
2014-03-21,12.183633541666667,14.621016250514671,1.193030114665116,chronos2,,24
2014-03-22,10.723762041666667,13.275450830837903,1.0500784527421754,chronos2,,24
2014-03-23,19.25542925,19.59852179835308,1.8855054108030092,chronos2,,24
2014-03-24,6.8079739166666675,9.041346185546633,0.6666416775144474,chronos2,,24
2014-03-25,12.408906583333334,16.58843213951982,1.2150890121041618,chronos2,,24
2014-03-26,13.88808191666667,19.260062949200012,1.3599309192003826,chronos2,,24
2014-03-27,11.243496708333334,13.399369700512167,1.100971243209669,chronos2,,24
2014-03-28,6.596085041666666,7.863194107815942,0.6458933672527343,chronos2,,24
2014-03-29,14.119270041666667,16.349811482285425,1.382569025832095,chronos2,,24
2014-04-14,9.305303208333331,11.453853585666682,0.9111819487729725,chronos2,,24
2014-04-15,18.616894249999998,21.559694657371207,1.8229796066853419,chronos2,,24
2014-04-16,11.697117375000005,13.673362926362156,1.1453901034878462,chronos2,,24
2014-04-17,7.307670083333334,8.427171440923885,0.7155722837229546,chronos2,,24
2014-04-18,33.27435916666666,37.596313901077544,3.2582490597945357,chronos2,,24
2014-04-19,20.65112275,25.606010972528342,2.02217271704198,chronos2,,24
2014-04-20,12.580776166666666,13.02401999798461,1.2319186046891963,chronos2,,24
2014-04-21,7.696245458333333,10.646996164820289,0.7536218624965519,chronos2,,24
2014-04-22,10.101628124999998,11.437282047011387,0.9891586544406613,chronos2,,24
2014-04-23,17.28307854166667,20.09087715211696,1.6923714180843765,chronos2,,24
2014-04-24,8.184012958333332,9.691360385063152,0.8013844051292411,chronos2,,24
2014-04-25,9.136901583333335,11.344909367581375,0.8946919411495117,chronos2,,24
2014-04-26,14.654818583333332,21.478231984012265,1.4350103222555524,chronos2,,24
2014-04-27,15.005422708333334,17.640668105774523,1.4693417290579927,chronos2,,24
2014-04-28,9.1501165,11.179707560179754,0.8959859552457337,chronos2,,24
2014-04-29,11.83987675,14.249862124358318,1.159369203642435,chronos2,,24
2014-04-30,10.680150375000002,13.442127343604612,1.0458079671348948,chronos2,,24
2014-05-01,8.250768333333333,9.23651489674424,0.807921139217508,chronos2,,24
2014-05-02,12.918970041666666,15.382574610581143,1.265034790931211,chronos2,,24
2014-05-03,15.235946749999997,20.1372120365614,1.4919148081745057,chronos2,,24
2014-05-04,33.657992666666665,34.03170810178394,3.2958147266318667,chronos2,,24
2014-05-05,8.506725124999999,10.333417648026177,0.8329846114129812,chronos2,,24
2014-05-06,9.982329375,12.999009684572197,0.9774768354738351,chronos2,,24
2014-05-07,12.460765916666666,15.055371697282405,1.2201671151332405,chronos2,,24
2014-05-08,8.07885325,10.367733337360452,0.7910870912399148,chronos2,,24
2014-05-09,11.766090041666667,12.894806359042517,1.152143956362744,chronos2,,24
2014-05-10,19.024403291666662,27.10892272676832,1.8628831836473378,chronos2,,24
2014-05-11,9.099721458333333,11.614801608251023,0.8910512367044608,chronos2,,24
2014-05-12,12.466113375,17.41957830344553,1.2206907420797313,chronos2,,24
2014-05-13,7.156289624999999,9.87203960949817,0.7007490009193608,chronos2,,24
2014-05-14,7.974524958333333,11.121299754087476,0.7808711902655269,chronos2,,24
2014-05-15,11.151343791666664,13.61046022661028,1.0919475636676361,chronos2,,24
2014-05-16,10.057734416666667,14.062837119334782,0.9848605511115598,chronos2,,24
2014-05-17,9.100934541666666,11.757256638533633,0.8911700226925091,chronos2,,24
2014-05-18,10.210227291666667,10.917972864624987,0.9997927625511676,chronos2,,24
2014-05-19,6.641200416666668,9.387077260371825,0.6503110970560265,chronos2,,24
2014-05-20,10.677203791666665,12.394526844202042,1.0455194355864024,chronos2,,24
2014-05-21,14.746483875000001,18.974951020971847,1.4439862532086543,chronos2,,24
2014-05-22,7.649915208333334,10.680125702499263,0.7490851712639296,chronos2,,24
2014-05-23,20.567860333333332,25.17083631376168,2.014019601621739,chronos2,,24
2014-05-24,9.092870833333334,11.810685231720127,0.8903804186023466,chronos2,,24
2014-05-25,16.165979125000003,17.220065658785835,1.5829842438394877,chronos2,,24
2014-05-26,15.154373375,17.81371110403514,1.4839270849228958,chronos2,,24
2014-05-27,15.101631333333335,16.30301385766118,1.4787625464621759,chronos2,,24
2014-05-28,12.340814083333333,15.067961895084693,1.208421345779086,chronos2,,24
2014-05-29,12.878809958333333,15.689793502540315,1.2611022868337862,chronos2,,24
2014-05-30,13.212368125,14.836897638782903,1.2937645411986185,chronos2,,24
2014-05-31,11.176120833333334,12.91080578810759,1.09437374931739,chronos2,,24
2014-06-01,14.534968083333332,15.681662646237516,1.423274475533909,chronos2,,24
2014-06-02,5.901383916666667,7.556267306321785,0.5778677359841695,chronos2,,24
2014-06-03,6.699915041666666,8.000537863114669,0.6560604751505588,chronos2,,24
2014-06-04,18.0500205,22.520150875531957,1.7674709234464474,chronos2,,24
2014-06-05,13.818217833333335,16.82533794213368,1.3530897781676114,chronos2,,24
2014-06-06,16.209509083333334,23.66305814530466,1.5872467285082998,chronos2,,24
2014-06-07,18.972106833333335,21.863474204901863,1.8577622770254654,chronos2,,24
2014-06-08,14.756515541666666,16.00975699150829,1.4449685611870322,chronos2,,24
2014-06-09,5.623569458333332,7.337030547957197,0.5506639454279652,chronos2,,24
2014-06-10,7.539575916666668,8.63383757660641,0.7382806688682394,chronos2,,24
2014-06-11,13.237061041666665,16.643544971697917,1.2961824892681744,chronos2,,24
2014-06-12,16.945416833333336,18.664769660800488,1.6593073419831657,chronos2,,24
2014-06-13,11.543438250000003,14.234013149223433,1.1303417335993913,chronos2,,24
2014-06-14,16.511624083333334,18.40734370400028,1.6168300454932876,chronos2,,24
2014-06-15,6.351672333333333,7.708967742764046,0.6219602999578819,chronos2,,24
2014-06-16,7.480948249999998,10.965909676677397,0.7325398057959315,chronos2,,24
2014-06-17,9.325676624999998,11.311728411257777,0.9131769283116159,chronos2,,24
2014-06-18,11.745907416666666,13.4576377164382,1.1501676592806258,chronos2,,24
2014-06-19,13.912952208333335,16.670401321943608,1.362366235956863,chronos2,,24
2014-06-20,6.789808333333334,8.856381006801792,0.6648628905956674,chronos2,,24
2014-06-21,8.285226750000001,10.127934450797696,0.8112953320349809,chronos2,,24
2014-06-22,18.022993833333334,19.336489823573327,1.764824452906926,chronos2,,24
2014-06-23,20.00244,24.863578154493275,1.9586532379828687,chronos2,,24
2014-06-24,10.008718041666665,11.859119633412146,0.9800608325968218,chronos2,,24
2014-06-25,13.38703570833333,16.080346769592424,1.3108681159458229,chronos2,,24
2014-06-26,9.039154250000001,10.884366363108239,0.8851204523242721,chronos2,,24
2014-06-27,7.142389166666667,9.648848896224584,0.6993878580925843,chronos2,,24
2014-06-28,11.675929958333334,13.404776392935876,1.143315416486727,chronos2,,24
2014-06-29,6.225338458333334,9.32417348684167,0.6095895965169181,chronos2,,24
2014-06-30,8.665452333333333,10.74639901873808,0.8485272932337024,chronos2,,24
2014-07-01,7.776716750000001,10.695122964131572,0.7615016689595426,chronos2,,24
2014-07-02,7.0561840416666675,10.107468864689718,0.6909465905666241,chronos2,,24
2014-07-03,7.592999458333335,9.337905349105489,0.7435119402966216,chronos2,,24
2014-07-04,8.036237,9.364128201884224,0.7869140775449263,chronos2,,24
2014-07-05,5.866690916666666,7.876083050994559,0.5744705725988355,chronos2,,24
2014-07-06,10.162486874999997,12.066365304523915,0.9951179867894692,chronos2,,24
2014-07-07,4.480067166666667,7.139142555835877,0.4386913827699223,chronos2,,24
2014-07-08,10.196853625000001,12.066487086750172,0.9984832035413482,chronos2,,24
2014-07-09,5.546241083333335,7.204158004646492,0.5430918956139577,chronos2,,24
2014-07-10,5.872158083333332,6.5929661361698315,0.575005921470986,chronos2,,24
2014-07-11,11.25437575,13.674865543366268,1.1020365267544048,chronos2,,24
2014-07-12,15.910514666666666,17.883933542021904,1.5579689812763138,chronos2,,24
2014-07-13,4.289152875,5.76151996957548,0.4199969187170306,chronos2,,24
2014-07-14,4.911996666666667,6.567344113711583,0.4809862284865109,chronos2,,24
2014-07-15,10.719455625,11.600645409771737,1.0496567653406248,chronos2,,24
2014-07-16,6.725931208333335,8.773956813523197,0.6586079968069953,chronos2,,24
2014-07-17,13.633450041666668,17.515122859705812,1.3349971837929822,chronos2,,24
2014-07-18,11.400820375,15.055555447457902,1.1163764892260553,chronos2,,24
2014-07-19,16.690967208333333,21.371919848969984,1.634391452626178,chronos2,,24
2014-07-20,10.751675916666668,11.018839989386743,1.0528117993565584,chronos2,,24
2014-07-21,6.370929041666668,8.804746152071372,0.6238459306174404,chronos2,,24
2014-07-22,7.301116041666667,9.175364141299323,0.7149305072730668,chronos2,,24
2014-07-23,3.6186939583333353,4.612675065366939,0.35434510183550766,chronos2,,24
2014-07-24,7.849568999999998,12.437421015217938,0.7686354134105612,chronos2,,24
2014-07-25,10.54908304166667,14.134137325222444,1.0329737600668014,chronos2,,24
2014-07-26,7.5387025833333325,10.708169381821682,0.7381951514433064,chronos2,,24
2014-07-27,16.00287025,16.856326732649727,1.567012506083369,chronos2,,24
2014-07-28,7.746992583333334,9.726244822335191,0.7585910572897658,chronos2,,24
2014-07-29,3.0526636249999988,3.820049898107018,0.29891900656013815,chronos2,,24
2014-07-30,11.170234541666668,16.406206106911725,1.0937973594253254,chronos2,,24
2014-07-31,8.252945125000002,9.675061337804026,0.808134292215159,chronos2,,24
2014-08-01,12.220459916666668,15.714426554924867,1.1966361796570333,chronos2,,24
2014-08-02,21.64042495833333,24.459964223975653,2.119045897198785,chronos2,,24
2014-08-03,7.353510708333334,9.03891697177643,0.7200610305252151,chronos2,,24
2014-08-04,13.832460374999998,16.204262093795236,1.3544844180391729,chronos2,,24
2014-08-05,8.992650124999999,9.811010315784168,0.8805667351272294,chronos2,,24
2014-08-06,12.288371291666666,17.24620861381703,1.2032861100925007,chronos2,,24
2014-08-07,6.2378645416666645,8.367479242443554,0.6108161595602305,chronos2,,24
2014-08-08,16.755639625,22.439742318150106,1.6407242219439384,chronos2,,24
2014-08-09,35.315884125,41.08259816359691,3.458156644572314,chronos2,,24
2014-08-10,38.534134916666666,40.95171611193508,3.7732900649819667,chronos2,,24
2014-08-11,6.290534958333332,7.64808364712857,0.6159736844496977,chronos2,,24
2014-08-12,5.561631499999997,7.487632119535765,0.544598936226906,chronos2,,24
2014-08-13,6.661038791666667,8.135340553420209,0.652253684931809,chronos2,,24
2014-08-14,3.9892441250000004,5.158060631856615,0.39062963931077344,chronos2,,24
2014-08-15,16.162759708333333,19.793339064764915,1.5826689962557634,chronos2,,24
2014-08-16,7.811284041666667,10.812354253609081,0.7648865228949232,chronos2,,24
2014-08-17,17.454202791666667,21.121287453037542,1.7091280270960716,chronos2,,24
2014-08-18,4.298113208333333,5.556346636917691,0.42087432096879274,chronos2,,24
2014-08-19,8.354019291666665,11.788331990391278,0.8180315469409865,chronos2,,24
2014-08-20,5.426283791666667,6.5226898646122695,0.5313455917758971,chronos2,,24
2014-08-21,8.448947875000002,11.195081464220298,0.8273270217492082,chronos2,,24
2014-08-22,7.176060333333332,8.739054409633406,0.7026849628267229,chronos2,,24
2014-08-23,25.57096658333333,29.184814499746665,2.503927345703702,chronos2,,24
2014-08-24,5.6491112083333315,6.148529841427815,0.5531650118649223,chronos2,,24
2014-08-25,4.479630166666666,5.587765770589671,0.43864859141721724,chronos2,,24
2014-08-26,11.682978541666666,13.94474119742194,1.1440056188104946,chronos2,,24
2014-08-27,8.140352708333333,10.968961447581918,0.7971091622071956,chronos2,,24
2014-08-28,10.506043333333334,14.068592869252791,1.0287592810287978,chronos2,,24
2014-08-29,3.754005291666667,5.141410667040854,0.36759488442048777,chronos2,,24
2014-08-30,18.575705208333332,21.211943201376585,1.8189463462516233,chronos2,,24
2014-08-31,4.023191375000001,4.527115277114626,0.3939537783224697,chronos2,,24
2014-09-01,10.305740625,13.886056471840487,1.0091454964978195,chronos2,,24
2014-09-02,4.809229083333332,6.4272618747469545,0.47092315318892175,chronos2,,24
2014-09-03,5.129780749999999,6.087453468913102,0.5023118017666689,chronos2,,24
2014-09-04,9.477300541666667,13.800927605307404,0.9280240507294216,chronos2,,24
2014-09-05,8.656479291666669,12.191348845764821,0.8476486465728467,chronos2,,24
2014-09-06,17.51242345833333,19.345547348523485,1.714829036437141,chronos2,,24
2014-09-07,24.784497166666668,26.586255896123006,2.426915697648332,chronos2,,24
2014-09-08,8.570847291666666,10.782769590254903,0.8392634998569983,chronos2,,24
2014-09-09,11.801843083333333,13.67909332420772,1.1556449197866139,chronos2,,24
2014-09-10,8.190488749999998,10.262841006626985,0.8020185192831353,chronos2,,24
2014-09-11,10.838795416666665,14.84923112823513,1.0613426031368194,chronos2,,24
2014-09-12,7.132558541666665,8.705788360615315,0.6984252362580656,chronos2,,24
2014-09-13,6.344879875,7.740107050331945,0.6212951775773901,chronos2,,24
2014-09-14,26.956044354166664,32.52501672401342,2.6395551521463565,chronos2,,24
2014-09-15,18.118708270833334,22.19842335284165,1.7741968791174825,chronos2,,24
2014-09-16,8.206181291666665,10.271096621908377,0.8035551441922762,chronos2,,24
2014-09-17,10.601245791666665,14.013360334526391,1.0380815738729963,chronos2,,24
2014-09-18,8.269129875,10.444627412531498,0.8097191145165104,chronos2,,24
2014-09-19,6.482260791666666,7.675451302102737,0.6347476152433058,chronos2,,24
2014-09-20,9.106864875000001,12.631763767458752,0.8917507251760888,chronos2,,24
2014-09-21,17.74086325,20.819697865471905,1.7371980243022243,chronos2,,24
2014-09-22,11.263239583333332,12.08980947479157,1.1029044796571144,chronos2,,24
2014-09-23,9.765410083333334,11.041319585046782,0.9562359432124976,chronos2,,24
2014-09-24,11.526573875000002,14.64583792097329,1.1286903619317192,chronos2,,24
2014-09-25,8.637908625000001,10.712661456408641,0.8458301936042004,chronos2,,24
2014-09-26,5.221505833333333,6.61697557008206,0.5112935875625558,chronos2,,24
2014-09-27,6.019234375000001,7.69103521110191,0.5894077371946393,chronos2,,24
2014-09-28,21.929134041666668,25.015895642321254,2.1473164972308765,chronos2,,24
2014-09-29,4.485717749999999,5.559608679582192,0.4392446919333205,chronos2,,24
2014-09-30,3.5020539583333328,4.164905781391044,0.34292362957120753,chronos2,,24
2014-10-01,17.100654125,19.991597075537907,1.6745082886666,chronos2,,24
2014-10-02,12.743526000000001,16.468658419378976,1.2478551848283947,chronos2,,24
2014-10-03,5.316376583333336,5.8858733791926845,0.5205833992893937,chronos2,,24
2014-10-04,21.850690333333333,24.099659467895684,2.139635233178767,chronos2,,24
2014-10-05,11.055507916666665,11.75911199050049,1.0825632462101824,chronos2,,24
2014-10-06,5.817307416666666,7.710849949757712,0.5696349049413933,chronos2,,24
2014-10-07,7.82741720833333,9.08829076738483,0.7664662941193626,chronos2,,24
2014-10-08,8.307452750000001,11.322376626806353,0.8134717178592807,chronos2,,24
2014-10-09,13.366571166666668,18.026339955536667,1.3088642133819735,chronos2,,24
2014-10-10,8.997576416666666,10.546063541885736,0.881049121132345,chronos2,,24
2014-10-11,12.682112166666665,14.495252098308606,1.2418414983223847,chronos2,,24
2014-10-12,21.903853375,22.65154828018256,2.144840996260743,chronos2,,24
2014-10-13,8.664954,10.540638662746506,0.8484784960771091,chronos2,,24
2014-10-14,7.225491458333333,8.833772110159591,0.7075252939582443,chronos2,,24
2014-10-15,8.064855833333334,9.001937418850344,0.7897164541837577,chronos2,,24
2014-10-16,14.732910666666667,18.876472497145713,1.4426571549360485,chronos2,,24
2014-10-17,28.344254791666668,31.254547618446175,2.775489711550659,chronos2,,24
2014-10-18,20.14847479166667,22.381235451474023,1.972953069281254,chronos2,,24
2014-10-19,9.948499833333335,11.750770408102683,0.9741642225463677,chronos2,,24
2014-10-20,18.953528666666667,22.984872851387767,1.8559430896514522,chronos2,,24
2014-10-21,10.449968791666667,14.261404976515994,1.0232684217834347,chronos2,,24
2014-10-22,10.438649166666666,12.621572993811972,1.0221599960034295,chronos2,,24
2014-10-23,5.895553458333333,7.213408897943784,0.5772968133320576,chronos2,,24
2014-10-24,8.1673715,10.480336378115922,0.7997548616210822,chronos2,,24
2014-10-25,16.8440225,19.834859261844155,1.6493787363082353,chronos2,,24
2014-11-10,13.792365124999998,19.846590788405866,1.350558262468141,chronos2,,24
2014-11-11,12.615849958333333,15.269802168830255,1.2353530554670142,chronos2,,24
2014-11-12,11.346220666666667,14.502088450409527,1.1110300467160412,chronos2,,24
2014-11-13,12.724359125000001,15.88568197958397,1.2459783507131188,chronos2,,24
2014-11-14,25.927936583333334,31.26676910245648,2.5388821035413836,chronos2,,24
2014-11-15,22.04881725,27.13544425182939,2.15903596263281,chronos2,,24
2014-11-16,19.422733541666666,20.093998768060246,1.9018879667612496,chronos2,,24
2014-11-17,5.490607999999999,7.2618448545889205,0.5376442642844894,chronos2,,24
2014-11-18,9.611488041666666,11.99395004767834,0.9411637867502184,chronos2,,24
2014-11-19,6.922878166666666,8.506202705818486,0.6778931838966932,chronos2,,24
2014-11-20,10.990691374999999,13.525821506808871,1.0762163640692903,chronos2,,24
2014-11-21,7.295850416666666,9.368196965863259,0.7144148935051338,chronos2,,24
2014-11-22,6.320101124999998,7.443370748561426,0.618868824646414,chronos2,,24
2014-11-23,26.71637683333333,27.20493735603131,2.6160867370070267,chronos2,,24
2014-11-24,5.751330958333334,8.412900132063312,0.5631744429304975,chronos2,,24
2014-11-25,12.752159166666667,16.31171772900229,1.2487005506860458,chronos2,,24
2014-11-26,8.869932875,11.854931037016328,0.8685501741942206,chronos2,,24
2014-11-27,11.126112749999999,13.867100447042224,1.0894769220130134,chronos2,,24
2014-11-28,19.917472708333335,21.898815842498422,1.9503331799826675,chronos2,,24
2014-11-29,13.37756725,18.699635431528513,1.309940957730461,chronos2,,24
2014-11-30,8.571350291666667,9.574501944974138,0.839312753976931,chronos2,,24
2014-12-01,8.673636708333332,10.852169503125957,0.8493287130902106,chronos2,,24
2014-12-02,10.229519291666666,13.392244942273967,1.0016818489959793,chronos2,,24
2014-12-03,8.243813208333334,10.913517315518419,0.8072400884006165,chronos2,,24
2014-12-04,8.697700208333332,11.807248684583763,0.8516850282293736,chronos2,,24
2014-12-05,6.426331833333332,9.388849143912784,0.629271011622118,chronos2,,24
2014-12-06,20.967596166666667,24.05563557851234,2.0531620204614462,chronos2,,24
2014-12-07,6.705845083333334,6.917617374544523,0.6566411490739298,chronos2,,24
2014-12-08,7.219727500000001,8.308010688253399,0.7069608830337181,chronos2,,24
2014-12-09,9.582397875,10.922653649831224,0.9383152568141142,chronos2,,24
2014-12-10,4.801792999999999,5.584381652512567,0.4701950065878699,chronos2,,24
2014-12-11,10.538440541666665,13.848591211252312,1.0319316388513278,chronos2,,24
2014-12-12,7.566602041666669,9.41507934077367,0.7409270863673735,chronos2,,24
2014-12-13,18.160329166666667,22.15878573385775,1.7782724270202235,chronos2,,24
2014-12-14,2.4247863749999996,3.3261982889678703,0.23743681694885685,chronos2,,24
2014-12-15,5.972004166666667,7.6830883725234385,0.584782921398032,chronos2,,24
2014-12-16,9.809610625,11.111789199324967,0.9605640918811607,chronos2,,24
2014-12-17,6.4129212083333345,9.578560426284911,0.6279578336258524,chronos2,,24
2014-12-18,6.729095208333333,7.536946993387954,0.6589178179510644,chronos2,,24
2014-12-19,9.288698875000003,11.785439486275243,0.9095560405713796,chronos2,,24
2014-12-20,16.518956625,18.709080367548417,1.617548053220248,chronos2,,24
2014-12-21,18.31480775,19.409127673945992,1.7933990804407482,chronos2,,24
2014-12-22,8.025169374999999,9.60305584494532,0.7858303277852454,chronos2,,24
2014-12-23,26.76948854166667,29.708608128277998,2.6212874734922704,chronos2,,24
2014-12-24,14.860824916666667,18.55735606133005,1.4551826098278842,chronos2,,24
2014-12-25,47.736883375,54.85507393440312,4.674429779249648,chronos2,,24
2014-12-26,7.588712583333333,9.291653002624637,0.7430921664290543,chronos2,,24
2014-12-27,16.640275166666665,19.374782576456905,1.6294276516323802,chronos2,,24
2014-12-28,6.8288352916666675,7.12534483527737,0.6686844382822599,chronos2,,24
2014-12-29,10.600973208333334,12.34965415788684,1.0380548823179436,chronos2,,24
2014-12-30,20.465694083333332,23.208718991661026,2.004015409314447,chronos2,,24
2014-12-31,27.275133666666665,36.00905234864261,2.6708006059576843,chronos2,,24
2014-03-14,4.943817916666666,6.6898375435330255,0.4841021880569015,timesfm3,,24
2014-03-15,14.605078,18.162003842061722,1.4301396887425917,timesfm3,,24
2014-03-16,3.94364975,5.258286967984188,0.3861650054847225,timesfm3,,24
2014-03-17,4.5220723750000005,5.823263035819354,0.4428045628276667,timesfm3,,24
2014-03-18,3.778320166666667,5.089844742159113,0.36997581437952776,timesfm3,,24
2014-03-19,4.907660374999999,6.704784960010273,0.48056161570358263,timesfm3,,24
2014-03-20,5.124841166666665,6.044498870946554,0.5018281142320421,timesfm3,,24
2014-03-21,12.270540291666668,14.72825728142952,1.2015400858131398,timesfm3,,24
2014-03-22,14.249039250000001,17.00933891378865,1.395276119571287,timesfm3,,24
2014-03-23,16.031082541666667,16.86525315895515,1.5697750738712906,timesfm3,,24
2014-03-24,10.617444833333334,13.574747636380001,1.0396677956245748,timesfm3,,24
2014-03-25,12.483021458333333,16.641206325740292,1.2223463936986798,timesfm3,,24
2014-03-26,16.413689375,22.141084947262616,1.607240208773968,timesfm3,,24
2014-03-27,5.819384416666665,7.420079182716586,0.569838286267636,timesfm3,,24
2014-03-28,5.978965583333333,7.075067182174826,0.5854645882994258,timesfm3,,24
2014-03-29,17.917213916666665,20.60187015401448,1.754466407773796,timesfm3,,24
2014-04-14,10.491858333333331,12.96475611059863,1.027370275678411,timesfm3,,24
2014-04-15,17.807469458333333,21.303107053795394,1.7437201518837517,timesfm3,,24
2014-04-16,11.98833566666667,13.942629073647016,1.1739064069954561,timesfm3,,24
2014-04-17,9.959365874999998,11.33472216913118,0.975228233121801,timesfm3,,24
2014-04-18,35.767989125,40.659909825161584,3.502427089685923,timesfm3,,24
2014-04-19,25.06267275,31.55737644170609,2.4541548498229475,timesfm3,,24
2014-04-20,13.472685166666666,14.59026820214676,1.3192549721941642,timesfm3,,24
2014-04-21,19.529762333333334,22.36855574423958,1.9123683026280398,timesfm3,,24
2014-04-22,9.182162458333332,10.456006859578682,0.8991239184169192,timesfm3,,24
2014-04-23,16.860367833333335,19.511698187760413,1.6509792830444958,timesfm3,,24
2014-04-24,10.970141499999999,13.229246348036527,1.0742041056043785,timesfm3,,24
2014-04-25,8.215970875000002,9.788351119481264,0.8045137471974269,timesfm3,,24
2014-04-26,15.001994375,21.926414777611615,1.469006024204774,timesfm3,,24
2014-04-27,17.748796875,22.301695879883475,1.737974890539303,timesfm3,,24
2014-04-28,15.437093208333332,19.57448908852722,1.511611213309248,timesfm3,,24
2014-04-29,11.584811666666665,14.55662087032037,1.134393048165043,timesfm3,,24
2014-04-30,10.191897708333338,12.315011739055864,0.9979979166350342,timesfm3,,24
2014-05-01,6.685688541666668,8.575337347684398,0.6546674060904762,timesfm3,,24
2014-05-02,11.586469375,13.74113921644728,1.1345553721512525,timesfm3,,24
2014-05-03,17.385224249999997,24.178795820287082,1.7023735989369693,timesfm3,,24
2014-05-04,20.339126083333333,21.453612839745915,1.9916217801859504,timesfm3,,24
2014-05-05,8.617764583333333,10.133137302956312,0.8438576746296913,timesfm3,,24
2014-05-06,8.485655791666666,10.990617654608542,0.8309214872163597,timesfm3,,24
2014-05-07,13.124546666666669,16.25892021424522,1.285165001156056,timesfm3,,24
2014-05-08,9.46241666666667,11.71631766224309,0.9265666110389402,timesfm3,,24
2014-05-09,13.477853750000001,15.423349559197549,1.319761083572657,timesfm3,,24
2014-05-10,14.293934916666664,21.401688686311292,1.3996723353773617,timesfm3,,24
2014-05-11,9.646468416666666,11.967848248942756,0.94458909010119,timesfm3,,24
2014-05-12,8.965776958333334,13.236549337158912,0.8779352954175483,timesfm3,,24
2014-05-13,6.683680083333333,8.433187955573553,0.6544707364132798,timesfm3,,24
2014-05-14,8.01808529166667,11.292572657573203,0.7851366492760754,timesfm3,,24
2014-05-15,10.448850166666668,12.536117783839732,1.0231588852229783,timesfm3,,24
2014-05-16,10.159716583333331,14.488894877727258,0.9948467178471267,timesfm3,,24
2014-05-17,11.199107333333332,15.410825701685573,1.096624603845882,timesfm3,,24
2014-05-18,13.156077166666668,15.067612607404334,1.288252490278394,timesfm3,,24
2014-05-19,9.808478458333335,11.497410916499343,0.9604532293110144,timesfm3,,24
2014-05-20,12.058270416666666,14.027599002328508,1.1807544677587938,timesfm3,,24
2014-05-21,14.221178625,18.374437650635635,1.3925479872350082,timesfm3,,24
2014-05-22,7.773817708333333,10.59971453530445,0.76121779272507,timesfm3,,24
2014-05-23,16.92721575,20.651020336123466,1.6575250788789826,timesfm3,,24
2014-05-24,10.297535791666666,11.443888632553282,1.008342073346672,timesfm3,,24
2014-05-25,4.973242041666667,5.998336619580122,0.4869834194319769,timesfm3,,24
2014-05-26,18.744025875000002,21.59708549679155,1.8354284263771536,timesfm3,,24
2014-05-27,11.143251583333333,13.178126631216474,1.0911551688370802,timesfm3,,24
2014-05-28,8.984157708333333,13.642083697839514,0.8797351516102954,timesfm3,,24
2014-05-29,12.850306749999996,17.477873804213296,1.2583112322776926,timesfm3,,24
2014-05-30,11.018491250000002,13.659004227511137,1.0789385477220987,timesfm3,,24
2014-05-31,10.488538541666667,13.785529378508903,1.027045199302862,timesfm3,,24
2014-06-01,11.12339025,12.160250081404133,1.0892103328648692,timesfm3,,24
2014-06-02,6.961870749999998,9.090547472300226,0.6817113655586879,timesfm3,,24
2014-06-03,8.367437958333333,9.863895091344846,0.8193455123830068,timesfm3,,24
2014-06-04,16.160981708333335,20.071745388581892,1.582494893223477,timesfm3,,24
2014-06-05,13.545316041666666,17.070397134618325,1.3263670394467733,timesfm3,,24
2014-06-06,16.369431375,24.587083857665743,1.6029064337441892,timesfm3,,24
2014-06-07,18.608753375000003,20.8313144161996,1.8221824463799616,timesfm3,,24
2014-06-08,5.0637429166666665,5.963547963920724,0.4958453298718548,timesfm3,,24
2014-06-09,10.823045791666665,12.734771898204212,1.0598003885868312,timesfm3,,24
2014-06-10,6.247020041666666,7.907004006483622,0.6117126726716486,timesfm3,,24
2014-06-11,15.907034916666666,18.065958047229238,1.5576282416663028,timesfm3,,24
2014-06-12,16.174799458333332,18.22740402802907,1.5838479371910696,timesfm3,,24
2014-06-13,13.81068116666667,16.270508969659787,1.3523517823745854,timesfm3,,24
2014-06-14,16.744028,18.292227903745594,1.6395872033149868,timesfm3,,24
2014-06-15,3.530202333333334,4.191311390073885,0.3456799385933923,timesfm3,,24
2014-06-16,15.572677958333331,18.38031179657325,1.5248877690498777,timesfm3,,24
2014-06-17,8.327212791666666,9.920325711749756,0.81540663527901,timesfm3,,24
2014-06-18,9.438228166666667,13.19225614804339,0.9241980558103304,timesfm3,,24
2014-06-19,12.22308204166667,15.22423893682905,1.1968929400133523,timesfm3,,24
2014-06-20,8.012351541666666,9.557002005422136,0.7845751963731649,timesfm3,,24
2014-06-21,13.663823125,15.505760890205888,1.3379713378471054,timesfm3,,24
2014-06-22,16.86141191666667,18.605311592750216,1.6510815204316125,timesfm3,,24
2014-06-23,18.928363583333333,22.495681091077028,1.8534789066840274,timesfm3,,24
2014-06-24,10.206355583333332,12.926551576181824,0.999413642100682,timesfm3,,24
2014-06-25,12.206868833333331,15.476154355614348,1.1953053310516366,timesfm3,,24
2014-06-26,7.068138666666667,9.504233816671924,0.6921171960010172,timesfm3,,24
2014-06-27,8.4987305,10.557482404417861,0.832201772012253,timesfm3,,24
2014-06-28,10.450849541666667,12.2562864737899,1.0233546654536747,timesfm3,,24
2014-06-29,8.351886708333332,11.121815710808585,0.81782272285497,timesfm3,,24
2014-06-30,20.843499500000004,25.326448680035334,2.0410103860613664,timesfm3,,24
2014-07-01,6.573094625000002,10.420042551566494,0.6436421292014398,timesfm3,,24
2014-07-02,7.265324833333334,10.357846711235451,0.711425806541886,timesfm3,,24
2014-07-03,7.047724333333334,8.165108694420221,0.690118209873095,timesfm3,,24
2014-07-04,7.717102749999999,9.126152871523368,0.7556642234214426,timesfm3,,24
2014-07-05,14.313312083333335,17.970198546379518,1.4015697614031168,timesfm3,,24
2014-07-06,8.707583416666667,9.692829233624927,0.8526527990615196,timesfm3,,24
2014-07-07,5.005290625,6.278324735471911,0.4901216396450407,timesfm3,,24
2014-07-08,10.700644333333335,13.016013928201634,1.0478147501997943,timesfm3,,24
2014-07-09,8.022642125,10.7417053601818,0.7855828576568167,timesfm3,,24
2014-07-10,5.479630875000001,6.750141854699108,0.536569376349568,timesfm3,,24
2014-07-11,10.635152875000001,13.214454748659028,1.0414017797359507,timesfm3,,24
2014-07-12,13.36783525,14.978960574170513,1.308987993326516,timesfm3,,24
2014-07-13,4.48510625,6.142323819996869,0.4391848134157485,timesfm3,,24
2014-07-14,4.1829158333333325,5.917653286727744,0.40959411157679476,timesfm3,,24
2014-07-15,9.697123916666666,10.634722836296623,0.9495493129088394,timesfm3,,24
2014-07-16,7.79822,10.063987044195862,0.7636072825866629,timesfm3,,24
2014-07-17,14.902539166666669,18.716508214949204,1.4592672990374274,timesfm3,,24
2014-07-18,11.693219999999998,15.979716703410181,1.145008469738994,timesfm3,,24
2014-07-19,17.832851666666667,19.366835040152132,1.7462055958865452,timesfm3,,24
2014-07-20,9.629928291666667,10.900630543822059,0.9429694692255424,timesfm3,,24
2014-07-21,13.824892208333331,16.399621098550128,1.3537433377436061,timesfm3,,24
2014-07-22,6.301942333333334,7.650961307398323,0.6170907027724943,timesfm3,,24
2014-07-23,4.471231333333332,5.443374167914862,0.43782617164724863,timesfm3,,24
2014-07-24,7.938781999999999,12.799921090498094,0.7773712142088722,timesfm3,,24
2014-07-25,11.005880000000003,14.708540026045506,1.0777036450978432,timesfm3,,24
2014-07-26,14.997810791666666,20.06687507522668,1.4685963647311193,timesfm3,,24
2014-07-27,26.517303041666665,27.374693715342566,2.596593288875427,timesfm3,,24
2014-07-28,9.632924458333333,11.393059101142107,0.9432628560095148,timesfm3,,24
2014-07-29,4.401782666666668,4.878710856687827,0.4310257085117385,timesfm3,,24
2014-07-30,10.239547791666668,14.66862674135729,1.0026638468920919,timesfm3,,24
2014-07-31,6.809505500000001,7.578590141163501,0.6667916512504054,timesfm3,,24
2014-08-01,13.794646916666665,17.579873265586105,1.350781697140927,timesfm3,,24
2014-08-02,22.698583083333332,24.484580252128406,2.222661497986946,timesfm3,,24
2014-08-03,6.363936208333333,7.878763828939624,0.6231611873735656,timesfm3,,24
2014-08-04,23.523147249999997,27.741546193743954,2.3034034112218467,timesfm3,,24
2014-08-05,6.347289708333334,7.179696530090858,0.621531150181799,timesfm3,,24
2014-08-06,12.049500083333333,17.382906805907403,1.1798956704429902,timesfm3,,24
2014-08-07,6.84013679166667,9.071360165283345,0.6697910892492954,timesfm3,,24
2014-08-08,17.907916500000002,23.228191418582806,1.7535559980808268,timesfm3,,24
2014-08-09,34.65252079166667,40.50973626959782,3.393199632288191,timesfm3,,24
2014-08-10,26.491077625000003,28.09212380833098,2.5940252773092576,timesfm3,,24
2014-08-11,10.559522625000001,12.352066326472182,1.0339960115370734,timesfm3,,24
2014-08-12,6.5094129999999994,7.9893649715946085,0.6374063789126617,timesfm3,,24
2014-08-13,8.989725041666667,10.917395022236194,0.8802803088741223,timesfm3,,24
2014-08-14,4.442188625000001,5.405607919770377,0.4349822888651045,timesfm3,,24
2014-08-15,16.948662791666667,20.288338304926555,1.659625188545882,timesfm3,,24
2014-08-16,8.683342125000001,11.697469193407253,0.8502790744351338,timesfm3,,24
2014-08-17,10.053189833333334,11.283853263051093,0.984415542259584,timesfm3,,24
2014-08-18,15.100141375,17.546758928560028,1.4786166486760037,timesfm3,,24
2014-08-19,6.514788833333334,8.85566975345265,0.6379327843594568,timesfm3,,24
2014-08-20,7.1905006249999985,8.772288275857608,0.7040989665197891,timesfm3,,24
2014-08-21,7.3709727083333325,9.705259990715135,0.7217709220605306,timesfm3,,24
2014-08-22,8.047689083333333,10.054308979337527,0.7880354737397148,timesfm3,,24
2014-08-23,22.153887125,26.386493363576022,2.169324479977855,timesfm3,,24
2014-08-24,4.502202083333333,5.642887533565934,0.44085884964904537,timesfm3,,24
2014-08-25,7.887881916666668,10.168006533310832,0.7723870416262061,timesfm3,,24
2014-08-26,11.144692625,12.742277046917163,1.091296276668249,timesfm3,,24
2014-08-27,7.695634833333334,10.175519621352112,0.7535620696596061,timesfm3,,24
2014-08-28,10.078283625,13.561401680914656,0.9868727442959947,timesfm3,,24
2014-08-29,5.187429875000002,6.653704426576739,0.5079568453387598,timesfm3,,24
2014-08-30,13.732219708333334,17.169996940750377,1.3446687802297748,timesfm3,,24
2014-08-31,2.9606927083333345,3.5213800591407765,0.28991314858834,timesfm3,,24
2014-09-01,9.13362641666667,11.74554990341074,0.894371234485895,timesfm3,,24
2014-09-02,4.750662083333332,6.164193772214273,0.4651882306400256,timesfm3,,24
2014-09-03,6.116802625000001,7.079027034652617,0.5989616900517319,timesfm3,,24
2014-09-04,9.250049625,12.829204536406667,0.9057714783550644,timesfm3,,24
2014-09-05,8.589990833333335,10.598094139542418,0.841138049155578,timesfm3,,24
2014-09-06,15.500080541666664,18.27716603172822,1.5177789780612103,timesfm3,,24
2014-09-07,20.945556416666665,22.429869498868786,2.0510038723704223,timesfm3,,24
2014-09-08,10.315122041666667,14.732244380863367,1.0100641315308974,timesfm3,,24
2014-09-09,7.5649469583333335,8.754693616407229,0.7407650194230424,timesfm3,,24
2014-09-10,8.193935374999999,10.472311910888903,0.8023560152694432,timesfm3,,24
2014-09-11,9.36868945833333,12.100295113355438,0.9173887757303884,timesfm3,,24
2014-09-12,7.707981583333333,9.853507495908605,0.7547710722545927,timesfm3,,24
2014-09-13,9.951814541666666,11.453006610437033,0.9744888011582795,timesfm3,,24
2014-09-14,31.997453354166666,38.090842403868955,3.13321352891669,timesfm3,,24
2014-09-15,16.754136854166664,21.104909260269036,1.640577069548598,timesfm3,,24
2014-09-16,8.71566775,10.770552320623649,0.8534444227664408,timesfm3,,24
2014-09-17,10.968697124999998,13.915142210014068,1.0740626713708246,timesfm3,,24
2014-09-18,7.52605354166667,10.13525002845728,0.7369565482320088,timesfm3,,24
2014-09-19,9.240739583333333,10.450665716499872,0.9048598324130607,timesfm3,,24
2014-09-20,8.703015500000001,11.36090698334792,0.8522055053928471,timesfm3,,24
2014-09-21,31.007018333333335,34.51494620557116,3.036229422949276,timesfm3,,24
2014-09-22,27.901674541666665,31.55678331869784,2.7321519367726936,timesfm3,,24
2014-09-23,9.384095791666667,11.399894895617633,0.918897374914727,timesfm3,,24
2014-09-24,8.964334791666667,11.703920035696175,0.8777940774255744,timesfm3,,24
2014-09-25,5.7186164999999995,7.038957648497373,0.5599710197609522,timesfm3,,24
2014-09-26,5.251364749999999,6.77808688810295,0.5142173940487559,timesfm3,,24
2014-09-27,4.8981284583333355,6.200603068361608,0.47962824360281175,timesfm3,,24
2014-09-28,11.1446895,12.099649548645058,1.0912959706660128,timesfm3,,24
2014-09-29,3.946508291666666,4.449802975138529,0.38644491593021435,timesfm3,,24
2014-09-30,3.712239458333334,4.527054833091078,0.36350514413403345,timesfm3,,24
2014-10-01,15.398060000000001,18.316187551154275,1.5077890536181835,timesfm3,,24
2014-10-02,11.223559458333334,14.194396411470802,1.0990189734231344,timesfm3,,24
2014-10-03,5.94339825,7.1156811475335235,0.5819818095684436,timesfm3,,24
2014-10-04,22.074644125000003,24.38388766707245,2.1615649487137953,timesfm3,,24
2014-10-05,12.895229291666668,13.722275745286247,1.262710079702999,timesfm3,,24
2014-10-06,7.87762425,10.489267409543523,0.7713826035661084,timesfm3,,24
2014-10-07,6.984986958333333,8.461565020599684,0.6839749212199958,timesfm3,,24
2014-10-08,7.220077875000001,9.849271339562984,0.7069951920044367,timesfm3,,24
2014-10-09,12.925024041666665,16.43367845435669,1.2656276029432831,timesfm3,,24
2014-10-10,9.126639541666668,10.676465607082898,0.8936870746862836,timesfm3,,24
2014-10-11,12.955787416666666,15.291716267474495,1.268639974636688,timesfm3,,24
2014-10-12,19.81813025,20.754091628293537,1.9406054953760015,timesfm3,,24
2014-10-13,7.588094250000002,10.539176794623428,0.7430316187865927,timesfm3,,24
2014-10-14,6.27779558333333,8.373386171763874,0.6147262357337596,timesfm3,,24
2014-10-15,8.176740375,9.206974793546058,0.8006722685651855,timesfm3,,24
2014-10-16,14.26788,18.14363769657385,1.397121019293197,timesfm3,,24
2014-10-17,28.25510966666667,30.706647131468042,2.766760557120918,timesfm3,,24
2014-10-18,22.514020541666667,24.60059203904265,2.204589001839188,timesfm3,,24
2014-10-19,14.825332333333334,16.947152232303196,1.4517071506703911,timesfm3,,24
2014-10-20,27.801384958333333,34.730549341456765,2.7223315090082916,timesfm3,,24
2014-10-21,10.244048208333332,14.430017678660972,1.003104530912463,timesfm3,,24
2014-10-22,10.484105958333332,12.895809735127859,1.02661115757103,timesfm3,,24
2014-10-23,8.454477541666664,10.934791113382975,0.8278684906660817,timesfm3,,24
2014-10-24,9.311354208333334,11.27405299988438,0.9117744670228982,timesfm3,,24
2014-10-25,13.282952583333335,15.35453424617005,1.30067622186687,timesfm3,,24
2014-11-10,13.042791291666665,18.873355578040425,1.2771594563342112,timesfm3,,24
2014-11-11,10.953027666666669,14.16155270299786,1.0725283067982017,timesfm3,,24
2014-11-12,8.2371885,10.265359616468912,0.8065913922201617,timesfm3,,24
2014-11-13,11.768510541666666,13.929770901822328,1.1523809734547856,timesfm3,,24
2014-11-14,28.326094208333334,32.716193629939376,2.773711414235457,timesfm3,,24
2014-11-15,21.166306291666668,26.277087714710913,2.0726198580928172,timesfm3,,24
2014-11-16,27.858496916666667,28.779867615550422,2.727923952836001,timesfm3,,24
2014-11-17,22.60211316666667,29.138005493033916,2.2132150947157903,timesfm3,,24
2014-11-18,7.8515612500000005,10.628970773327788,0.7688304959561596,timesfm3,,24
2014-11-19,7.1763838333333325,8.849291617000107,0.7027166401782106,timesfm3,,24
2014-11-20,11.723256291666665,13.867166742372472,1.1479496449121185,timesfm3,,24
2014-11-21,13.290310375000002,15.36041794663402,1.3013967020918984,timesfm3,,24
2014-11-22,15.148846541666666,18.44622492489602,1.4833858934480495,timesfm3,,24
2014-11-23,25.020117791666667,25.329435542780796,2.4499878378518174,timesfm3,,24
2014-11-24,10.654301166666666,14.248630876439355,1.043276794157929,timesfm3,,24
2014-11-25,13.271479083333334,16.418592670492725,1.2995527285367563,timesfm3,,24
2014-11-26,9.442085416666666,11.98290338891118,0.9245757604904699,timesfm3,,24
2014-11-27,10.202250458333337,12.045905432163243,0.9990116653231705,timesfm3,,24
2014-11-28,22.181633208333334,23.98544313950411,2.172041396312171,timesfm3,,24
2014-11-29,14.074630500000003,19.031485194615133,1.3781978899692964,timesfm3,,24
2014-11-30,24.070861208333337,24.535932694874454,2.3570359539505343,timesfm3,,24
2014-12-01,23.077924166666666,26.949565356182404,2.2598068483127443,timesfm3,,24
2014-12-02,10.528438,14.450407590536917,1.0309521828137909,timesfm3,,24
2014-12-03,11.232974124999998,13.397526879378416,1.0999408643200046,timesfm3,,24
2014-12-04,9.266166416666668,12.521224594827011,0.9073496461277868,timesfm3,,24
2014-12-05,9.687653458333335,13.274238421428768,0.9486219588520464,timesfm3,,24
2014-12-06,22.029319791666666,25.377001272999603,2.1571267575609783,timesfm3,,24
2014-12-07,6.228457083333335,6.58520354796161,0.6098949745085186,timesfm3,,24
2014-12-08,6.4246110833333345,8.339846964483032,0.629102514550798,timesfm3,,24
2014-12-09,11.29156425,13.133002148096194,1.1056780512854485,timesfm3,,24
2014-12-10,4.864038958333334,5.955769637735205,0.4762901753693253,timesfm3,,24
2014-12-11,9.821374999999998,11.983002540171507,0.9617160678994161,timesfm3,,24
2014-12-12,7.428478166666668,8.732760230116515,0.7274018976898177,timesfm3,,24
2014-12-13,22.20481975,25.283221167464514,2.174311839063807,timesfm3,,24
2014-12-14,4.801155583333334,5.675771582491847,0.4701325902917527,timesfm3,,24
2014-12-15,5.970303291666667,9.550341293440248,0.5846163705009338,timesfm3,,24
2014-12-16,7.054401124999998,8.478556021368224,0.690772006090819,timesfm3,,24
2014-12-17,6.610760249999999,9.571900092359721,0.6473303741539003,timesfm3,,24
2014-12-18,7.402761791666667,8.13905306191553,0.7248837318479037,timesfm3,,24
2014-12-19,8.036976458333337,10.529769707132163,0.7869864858340623,timesfm3,,24
2014-12-20,17.17430775,20.174487752371363,1.6817205043310608,timesfm3,,24
2014-12-21,24.084457791666665,24.55434082402989,2.358367341119866,timesfm3,,24
2014-12-22,7.770518958333333,9.313772632657649,0.7608947767645774,timesfm3,,24
2014-12-23,27.33797145833333,30.08552393173057,2.676953727482639,timesfm3,,24
2014-12-24,10.990507499999998,13.233925313115273,1.0761983588977146,timesfm3,,24
2014-12-25,46.499090083333336,53.44227122247718,4.553224174399621,timesfm3,,24
2014-12-26,6.937387708333335,7.6444828967963865,0.679313968599313,timesfm3,,24
2014-12-27,10.909604375,13.184567245876991,1.0682762670057167,timesfm3,,24
2014-12-28,8.848820541666667,9.230981651220924,0.8664828394068295,timesfm3,,24
2014-12-29,27.934851916666663,30.727476461406237,2.7354006890734888,timesfm3,,24
2014-12-30,21.526837875,23.42338032204832,2.107923368719067,timesfm3,,24
2014-12-31,22.695272541666668,29.196699827894435,2.222337327378016,timesfm3,,24
2014-03-14,6.271885916666665,7.788458021149378,0.6141475569449688,toto2,,24
2014-03-15,17.10450225,24.387218050504906,1.6748850998202105,toto2,,24
2014-03-16,4.706333833333333,5.955737863821402,0.46084757667997817,toto2,,24
2014-03-17,2.932667166666666,4.765488088697204,0.28716886749405135,toto2,,24
2014-03-18,3.6337259166666662,4.642415272198917,0.3558170419519537,toto2,,24
2014-03-19,5.292972750000001,6.929274003911589,0.5182916791822695,toto2,,24
2014-03-20,4.6471108333333335,5.707424810243839,0.4550484181416669,toto2,,24
2014-03-21,11.838722666666667,14.279032314830244,1.1592561949766058,toto2,,24
2014-03-22,14.738670249999998,19.007729316903887,1.4432211374574444,toto2,,24
2014-03-23,26.011140375,26.670938273834288,2.5470294783596747,toto2,,24
2014-03-24,5.179380666666666,7.19619176980019,0.5071686610989729,toto2,,24
2014-03-25,12.200260125000002,16.35891483321228,1.1946582016026315,toto2,,24
2014-03-26,13.952956375,20.66912098317451,1.3662834725827182,toto2,,24
2014-03-27,4.033377958333333,5.223460981874586,0.394951255851702,toto2,,24
2014-03-28,5.6207445,6.839670623989743,0.5503873234865049,toto2,,24
2014-03-29,17.490361083333333,21.71603857574729,1.7126686728899274,toto2,,24
2014-04-14,10.106785499999999,12.735044335826611,0.9896636682911341,toto2,,24
2014-04-15,14.354709166666668,17.173353535350003,1.4056233934257043,toto2,,24
2014-04-16,10.837666583333336,12.682540160293751,1.0612320669690587,toto2,,24
2014-04-17,5.204662583333334,6.176906508123567,0.5096442844700008,toto2,,24
2014-04-18,34.623939666666665,38.896974369218384,3.3904009480763433,toto2,,24
2014-04-19,26.526864999999997,33.40183832733084,2.5975296026776955,toto2,,24
2014-04-20,19.823911499999998,21.46193071052044,1.9411715995129013,toto2,,24
2014-04-21,9.580724833333333,12.319470046182214,0.938151431376933,toto2,,24
2014-04-22,5.276532416666663,5.84233794933388,0.5166818299780295,toto2,,24
2014-04-23,20.476054,23.237272639514668,2.0050298597677125,toto2,,24
2014-04-24,10.020386249999996,12.27172401794293,0.9812033919062632,toto2,,24
2014-04-25,6.551249208333335,8.68840354462233,0.6415030103694748,toto2,,24
2014-04-26,14.357891458333333,20.893705087325696,1.4059350057028623,toto2,,24
2014-04-27,4.160071083333334,5.086326822189992,0.4073571373097351,toto2,,24
2014-04-28,6.636995999999999,8.270838517523872,0.6498993975674643,toto2,,24
2014-04-29,11.628501291666668,13.873381214768076,1.138671167508109,toto2,,24
2014-04-30,9.31467825,11.639351584469324,0.9120999595614888,toto2,,24
2014-05-01,7.751246041666666,9.254079217745565,0.759007558973421,toto2,,24
2014-05-02,11.481947583333335,14.057346956241771,1.1243205235184017,toto2,,24
2014-05-03,20.615261375,26.861625302799727,2.0186611455405905,toto2,,24
2014-05-04,35.690933208333334,35.89305139346284,3.4948817191868793,toto2,,24
2014-05-05,6.763248999999999,9.14145301822511,0.6622621816705563,toto2,,24
2014-05-06,7.0935956666666655,9.827038434719661,0.6946099636573295,toto2,,24
2014-05-07,11.91424945833333,15.670773528334143,1.166651832461451,toto2,,24
2014-05-08,7.016818125,8.696361519240819,0.6870918518374827,toto2,,24
2014-05-09,12.457222833333333,14.054711615123574,1.2198201738779102,toto2,,24
2014-05-10,16.046450166666666,20.963516662469264,1.5712798827079306,toto2,,24
2014-05-11,16.219371291666665,17.951495302625577,1.5882124430054188,toto2,,24
2014-05-12,9.994172333333333,14.925370050804172,0.9786365064283228,toto2,,24
2014-05-13,7.0409046250000005,8.725173597999333,0.6894504191531039,toto2,,24
2014-05-14,9.12499404166667,12.824098079728438,0.8935259461488104,toto2,,24
2014-05-15,9.806566499999999,11.683249878318374,0.9602660089828707,toto2,,24
2014-05-16,10.922252208333331,15.41751744649439,1.0695147518961499,toto2,,24
2014-05-17,18.63997525,21.502030620743497,1.825239714721456,toto2,,24
2014-05-18,20.328206958333336,22.374097846184824,1.9905525716525325,toto2,,24
2014-05-19,8.977979458333335,11.563869232700744,0.879130172949314,toto2,,24
2014-05-20,18.042455458333333,19.700977112833247,1.766730149153117,toto2,,24
2014-05-21,13.362638875,17.35974930623186,1.3084791605681365,toto2,,24
2014-05-22,9.24822608333333,12.154502187543674,0.9055929158501891,toto2,,24
2014-05-23,16.30657225,19.781802660022837,1.5967512232439693,toto2,,24
2014-05-24,9.745066833333334,12.20850873054681,0.954243917615441,toto2,,24
2014-05-25,21.084895958333334,22.141196512440672,2.0646480999978754,toto2,,24
2014-05-26,5.658827041666669,7.579841699198236,0.5541163932172997,toto2,,24
2014-05-27,8.731783666666665,10.397922087830416,0.855022504858537,toto2,,24
2014-05-28,9.138097666666665,14.360532375009925,0.8948090624853952,toto2,,24
2014-05-29,12.577491624999999,16.719563855438476,1.231596980018871,toto2,,24
2014-05-30,12.747147499999999,14.796975856413173,1.2482098046998384,toto2,,24
2014-05-31,10.246588541666666,11.806761803501129,1.0033532821702544,toto2,,24
2014-06-01,10.172579625,11.100810999888955,0.9961062760915574,toto2,,24
2014-06-02,5.053561833333332,6.851685673323541,0.49484839090655824,toto2,,24
2014-06-03,5.1976519166666675,6.207386084668034,0.508957794973365,toto2,,24
2014-06-04,16.198410041666666,20.49262847596959,1.5861599024061386,toto2,,24
2014-06-05,10.826474083333332,12.836776118795571,1.0601360893600205,toto2,,24
2014-06-06,16.743570333333334,24.221797117619005,1.6395423882674938,toto2,,24
2014-06-07,15.17458404166667,17.419462511272894,1.4859061278650805,toto2,,24
2014-06-08,20.297151208333336,21.695711349473868,1.9875115703899122,toto2,,24
2014-06-09,4.535680249999999,5.76562660486694,0.44413705568507883,toto2,,24
2014-06-10,7.508342374999999,9.629928022430216,0.7352222581183964,toto2,,24
2014-06-11,15.131275666666667,17.63721024476234,1.4816653407948264,toto2,,24
2014-06-12,15.798029625,17.33336380965763,1.5469543655051856,toto2,,24
2014-06-13,11.221509708333338,13.316706414844717,1.0988182604363916,toto2,,24
2014-06-14,18.4384055,19.722568095100705,1.8055018605638185,toto2,,24
2014-06-15,3.8820632500000016,4.75858705139241,0.38013441133515735,toto2,,24
2014-06-16,5.542749374999999,7.408850192297139,0.5427499850353893,toto2,,24
2014-06-17,8.138646999999997,10.409079398013276,0.7969421380266387,toto2,,24
2014-06-18,9.481600833333333,13.393716206684148,0.9284451383665896,toto2,,24
2014-06-19,14.51161925,17.069118663824213,1.420988141066142,toto2,,24
2014-06-20,7.88391575,10.264350577386612,0.7719986717481289,toto2,,24
2014-06-21,13.825991708333333,15.335772148521016,1.3538510015703777,toto2,,24
2014-06-22,30.675597,33.50630192271705,3.003776408833502,toto2,,24
2014-06-23,16.463698666666666,21.235759186826254,1.612137154399209,toto2,,24
2014-06-24,9.740595625,12.779527869076492,0.95380609369597,toto2,,24
2014-06-25,12.823865916666664,15.124258683435606,1.255722126957377,toto2,,24
2014-06-26,10.557461250000001,12.367032744457813,1.0337941602220115,toto2,,24
2014-06-27,7.498592541666668,9.399981926902981,0.7342675474616904,toto2,,24
2014-06-28,12.000696541666668,13.362226721410988,1.1751167927205501,toto2,,24
2014-06-29,10.865826916666668,14.213348849590304,1.0639895469598002,toto2,,24
2014-06-30,14.691463375,18.59995474697913,1.438598606477534,toto2,,24
2014-07-01,5.562180166666665,7.4169903379743145,0.5446526620595167,toto2,,24
2014-07-02,8.800778708333334,11.764004062271342,0.8617785487094465,toto2,,24
2014-07-03,8.848667458333333,10.790159312153063,0.8664678493772874,toto2,,24
2014-07-04,7.620866458333334,8.615632985329789,0.7462406968774623,toto2,,24
2014-07-05,11.712780166666667,14.007455383591925,1.1469238152556986,toto2,,24
2014-07-06,11.647476,13.12905763687971,1.1405291845258758,toto2,,24
2014-07-07,4.376343666666668,5.8052183321895905,0.42853470342830635,toto2,,24
2014-07-08,9.481851333333333,11.69988254736238,0.9284696675058403,toto2,,24
2014-07-09,7.1830318333333345,8.70153072526167,0.7033676170953325,toto2,,24
2014-07-10,6.586876208333333,8.075253288652094,0.6449916317031527,toto2,,24
2014-07-11,11.008714916666667,13.29946244182196,1.0779812421664299,toto2,,24
2014-07-12,13.398060083333334,15.107019308727908,1.3119476306345559,toto2,,24
2014-07-13,23.989062708333336,24.126502618571678,2.349026186297831,toto2,,24
2014-07-14,5.969096,7.143609730931911,0.58449815163703,toto2,,24
2014-07-15,8.677356999999999,9.836597593269394,0.8496930067123468,toto2,,24
2014-07-16,6.658433666666665,8.568935634594965,0.6519985892276549,toto2,,24
2014-07-17,14.040986041666669,18.5540801870696,1.3749034005342695,toto2,,24
2014-07-18,14.693621416666666,18.853720744214137,1.4388099234617677,toto2,,24
2014-07-19,17.657231749999998,20.308637274980395,1.7290087679778778,toto2,,24
2014-07-20,25.589762000000004,25.998006290472652,2.5057678063531745,toto2,,24
2014-07-21,10.058110416666665,13.157031222610104,0.9848973693006149,toto2,,24
2014-07-22,4.564010541666666,6.186158145976058,0.4469111781174379,toto2,,24
2014-07-23,3.8922679166666647,5.040555616389195,0.38113365959732914,toto2,,24
2014-07-24,8.108583416666669,13.226349539094782,0.7939982904339855,toto2,,24
2014-07-25,10.662099500000002,15.740985392185843,1.0440404125381972,toto2,,24
2014-07-26,12.001505708333331,14.967860052639677,1.1751960268995667,toto2,,24
2014-07-27,19.900693125,21.017526950042093,1.9486901111756705,toto2,,24
2014-07-28,6.580671708333333,8.769740037418611,0.6443840826233871,toto2,,24
2014-07-29,2.9255053749999997,3.8025251357004453,0.28646757972927495,toto2,,24
2014-07-30,11.410086458333334,16.268260099893666,1.1172838307366038,toto2,,24
2014-07-31,9.097580458333335,10.960154205849848,0.8908415884524219,toto2,,24
2014-08-01,10.736507333333336,13.886576480946955,1.0513264808223477,toto2,,24
2014-08-02,24.353708666666666,27.153860200457363,2.3847325794682117,toto2,,24
2014-08-03,11.986156583333335,14.671652870464063,1.1736930295961654,toto2,,24
2014-08-04,9.931523749999998,12.09112902213724,0.9725019123187604,toto2,,24
2014-08-05,8.373503625,9.336826796972451,0.8199394668034271,toto2,,24
2014-08-06,12.35338229166667,17.199534460428005,1.2096520337325427,toto2,,24
2014-08-07,6.377590875,8.766983351948394,0.6244982621044608,toto2,,24
2014-08-08,18.727787166666666,23.297189160104274,1.8338383204371913,toto2,,24
2014-08-09,33.929657125,40.592410946481216,3.322416304787305,toto2,,24
2014-08-10,26.585554708333333,27.558869047793674,2.6032765409143983,toto2,,24
2014-08-11,6.439281666666665,8.041420919380037,0.6305390685686542,toto2,,24
2014-08-12,7.0889711250000005,8.907808232952576,0.6941571252281379,toto2,,24
2014-08-13,10.633835583333333,14.115339890318245,1.041272789593334,toto2,,24
2014-08-14,4.736795166666666,6.02099456406978,0.4638303722372506,toto2,,24
2014-08-15,15.73443791666667,19.74218665293667,1.54072741992075,toto2,,24
2014-08-16,7.539977041666664,9.539916960149531,0.738319947315273,toto2,,24
2014-08-17,3.063144208333334,3.7824056669721733,0.29994527277974875,toto2,,24
2014-08-18,3.4142313749999986,4.6993514878840585,0.3343239793678397,toto2,,24
2014-08-19,7.639400666666668,10.435191816518111,0.7480555798200199,toto2,,24
2014-08-20,4.709411833333334,5.833655871845029,0.4611489766425084,toto2,,24
2014-08-21,7.8981732916666685,10.738223416335114,0.7733947804304244,toto2,,24
2014-08-22,8.1969765,10.551645105671,0.8026538044055869,toto2,,24
2014-08-23,22.78662470833333,26.08010966829828,2.231282596907054,toto2,,24
2014-08-24,8.309069416666667,8.931201228295148,0.813630023016122,toto2,,24
2014-08-25,3.887293,5.158861816860584,0.380646512197419,toto2,,24
2014-08-26,9.526089708333334,10.986670353926653,0.932801520841576,toto2,,24
2014-08-27,9.017443125000002,12.13182576854263,0.8829944834284026,toto2,,24
2014-08-28,7.505645874999999,9.562678813852687,0.7349582149088568,toto2,,24
2014-08-29,3.976303458333333,5.482602640071438,0.3893624799707968,toto2,,24
2014-08-30,15.449390416666667,18.85786703813518,1.5128153647487845,toto2,,24
2014-08-31,5.5855262083333335,7.023537638809528,0.5469387231652869,toto2,,24
2014-09-01,8.565053125,11.976620638585201,0.8386961309108562,toto2,,24
2014-09-02,4.384908333333334,5.331456280903027,0.42937336171694057,toto2,,24
2014-09-03,5.717610958333331,6.693380958929931,0.5598725564014149,toto2,,24
2014-09-04,9.377664583333335,13.751547846696454,0.9182676263927356,toto2,,24
2014-09-05,9.124950625000002,12.160299167344297,0.8935216947577427,toto2,,24
2014-09-06,14.881463416666664,17.14046900200217,1.4572035465162139,toto2,,24
2014-09-07,34.734632125,37.13700758856783,3.4012400328047496,toto2,,24
2014-09-08,8.741731083333333,12.057140125018474,0.8559965630166284,toto2,,24
2014-09-09,7.803130333333335,9.251864076292412,0.7640881059403594,toto2,,24
2014-09-10,7.574845791666665,9.602149461819817,0.7417343202663688,toto2,,24
2014-09-11,10.085215958333333,14.139321234033522,0.9875515633365773,toto2,,24
2014-09-12,8.591888291666663,10.385943557573986,0.8413238496333454,toto2,,24
2014-09-13,9.672953416666669,10.878678862782222,0.9471825202531107,toto2,,24
2014-09-14,29.472702270833334,34.41775996497665,2.885988096195903,toto2,,24
2014-09-15,18.120893854166663,23.01536662639189,1.7744108930014244,toto2,,24
2014-09-16,6.5024185,8.635313358288263,0.6367214724675946,toto2,,24
2014-09-17,11.275056625,14.887411195095426,1.104061612833057,toto2,,24
2014-09-18,5.843333958333335,8.12575140056719,0.5721834425252541,toto2,,24
2014-09-19,4.0845180416666675,5.447571204022435,0.3999589294061058,toto2,,24
2014-09-20,9.071077041666669,12.447936893868926,0.8882463549273233,toto2,,24
2014-09-21,25.160438125,25.64804797466826,2.4637281053010973,toto2,,24
2014-09-22,9.642876416666669,11.580544260305144,0.9442373588908562,toto2,,24
2014-09-23,6.999072416666665,8.180536439510256,0.6853541793791532,toto2,,24
2014-09-24,11.012502916666667,14.768647293378521,1.0783521658370159,toto2,,24
2014-09-25,5.858325375,7.403098894445315,0.5736514127726896,toto2,,24
2014-09-26,3.7763810833333316,4.992365061499891,0.3697859379519742,toto2,,24
2014-09-27,6.250442875,7.792202002792138,0.6120478389609321,toto2,,24
2014-09-28,10.875332791666667,11.780290014346539,1.0649203690419367,toto2,,24
2014-09-29,4.444187666666665,5.536737828969358,0.43517803645556224,toto2,,24
2014-09-30,3.1264361666666667,4.080452532762676,0.306142866629692,toto2,,24
2014-10-01,16.018678750000003,19.298327574944157,1.5685604857154871,toto2,,24
2014-10-02,12.217265875,16.19476248594403,1.1963234168114671,toto2,,24
2014-10-03,5.029587958333333,5.6259909129047845,0.49250085191152837,toto2,,24
2014-10-04,22.599254583333334,24.66127745386541,2.2129351801902684,toto2,,24
2014-10-05,14.333476249999999,17.727792630753807,1.4035442510320268,toto2,,24
2014-10-06,5.659875375000002,7.563024911269717,0.5542190467674575,toto2,,24
2014-10-07,5.1038966666666665,6.389121018808521,0.4997772138047478,toto2,,24
2014-10-08,5.928551041666668,8.657282447831687,0.5805279603041995,toto2,,24
2014-10-09,13.127629083333332,17.376116528448847,1.2854668336017465,toto2,,24
2014-10-10,8.471467375,10.064622509084177,0.8295321473035283,toto2,,24
2014-10-11,18.54490404166667,20.691311284120903,1.8159302739711767,toto2,,24
2014-10-12,28.402075666666665,29.19081438457262,2.7811515730056495,toto2,,24
2014-10-13,7.837438958333333,10.27348210732527,0.7674476310506453,toto2,,24
2014-10-14,5.764781083333332,8.017543158463143,0.5644914887950283,toto2,,24
2014-10-15,9.932381708333335,10.945774542857466,0.9725859242126915,toto2,,24
2014-10-16,14.138253875000002,17.745703324619324,1.3844279363763923,toto2,,24
2014-10-17,28.213444291666665,30.86520914438169,2.7626806537863486,toto2,,24
2014-10-18,20.170939833333335,22.969464586600733,1.975152862236606,toto2,,24
2014-10-19,26.157466666666664,27.528452871338743,2.561357853546649,toto2,,24
2014-10-20,16.09571166666667,19.965710576850825,1.5761036040380734,toto2,,24
2014-10-21,8.308667291666668,10.556158151354827,0.8135906466483727,toto2,,24
2014-10-22,9.487434166666665,12.014043203276499,0.9290163425407585,toto2,,24
2014-10-23,6.920618291666666,8.187096729142635,0.6776718953195905,toto2,,24
2014-10-24,8.044173875,9.71535794715174,0.7876912620243308,toto2,,24
2014-10-25,25.917711583333332,29.13086408969025,2.537880864224662,toto2,,24
2014-11-10,11.872182458333333,16.921499722806804,1.1625326017194904,toto2,,24
2014-11-11,10.361353958333334,13.331287161975643,1.0145911938931553,toto2,,24
2014-11-12,10.337039500000001,12.910812354920807,1.0122103047344135,toto2,,24
2014-11-13,11.180819000000001,12.602850145489745,1.094833797159266,toto2,,24
2014-11-14,26.4323325,31.62590665492406,2.5882729126329007,toto2,,24
2014-11-15,22.737960041666664,27.302022381629335,2.2265173179239888,toto2,,24
2014-11-16,26.370255375,27.189355718401057,2.5821942761322574,toto2,,24
2014-11-17,13.614700875000002,19.91899212850595,1.3331612519766067,toto2,,24
2014-11-18,11.233790583333336,15.432689665129537,1.1000208125042397,toto2,,24
2014-11-19,5.6356904583333325,7.753548282760069,0.5518508424214117,toto2,,24
2014-11-20,10.578601166666667,13.284739169989379,1.0358641959891406,toto2,,24
2014-11-21,9.532627625000002,12.292407431718622,0.9334417183199252,toto2,,24
2014-11-22,9.562155291666668,12.015897459555974,0.936333088569092,toto2,,24
2014-11-23,36.35401695833333,36.78718327902052,3.559811354470941,toto2,,24
2014-11-24,5.296846249999999,8.044152025393148,0.5186709750740368,toto2,,24
2014-11-25,13.210547499999999,16.154231703764047,1.2935862642958307,toto2,,24
2014-11-26,8.813467874999999,11.556325949544357,0.8630210809894566,toto2,,24
2014-11-27,11.452752083333332,13.936608366385975,1.1214616792669236,toto2,,24
2014-11-28,21.066214000000002,22.975854535138076,2.062818749269592,toto2,,24
2014-11-29,12.492909541666668,18.995136441010747,1.2233146418943142,toto2,,24
2014-11-30,24.071135833333333,25.865734158136107,2.3570628454270484,toto2,,24
2014-12-01,15.361592666666667,18.854557848197132,1.5042181462431867,toto2,,24
2014-12-02,10.629358375,13.009915505492145,1.04083437814957,toto2,,24
2014-12-03,8.996992749999999,11.39040095634808,0.8809919680746897,toto2,,24
2014-12-04,7.850485958333334,11.231659274918808,0.7687252026267113,toto2,,24
2014-12-05,7.249857583333334,11.308478589474475,0.7099112423539575,toto2,,24
2014-12-06,20.30332795833333,23.934266903182532,1.98811640216982,toto2,,24
2014-12-07,7.009212375000001,7.288297689390322,0.6863470913550221,toto2,,24
2014-12-08,6.592155166666665,7.572644504841363,0.6455085510806264,toto2,,24
2014-12-09,8.97929275,10.449743954046331,0.8792587714090684,toto2,,24
2014-12-10,4.125444916666666,5.2166703945149,0.4039665182922251,toto2,,24
2014-12-11,9.788827875,12.487508418632755,0.9585290301296103,toto2,,24
2014-12-12,6.797874541666668,8.352649634087296,0.6656527394876192,toto2,,24
2014-12-13,25.78914391666667,30.796934683425057,2.52529142630526,toto2,,24
2014-12-14,6.716641333333333,7.843651575072182,0.6576983255994223,toto2,,24
2014-12-15,5.292034666666667,7.466941946921371,0.5181998213910034,toto2,,24
2014-12-16,8.745710874999999,9.988239954892274,0.8563862670644552,toto2,,24
2014-12-17,6.63684275,9.809573278952522,0.649884391217803,toto2,,24
2014-12-18,9.15910975,10.022429401223434,0.8968665807210505,toto2,,24
2014-12-19,8.20305904166667,10.70024446318569,0.8032494112380828,toto2,,24
2014-12-20,17.376626875,21.16254257117584,1.7015317378249302,toto2,,24
2014-12-21,21.140880708333334,23.02133677458904,2.070130166778986,toto2,,24
2014-12-22,7.143848750000003,8.659580647051914,0.6995307815370214,toto2,,24
2014-12-23,26.460894375000006,29.649880060463286,2.5910697118709747,toto2,,24
2014-12-24,17.46529875,21.347395984111028,1.7102145512760272,toto2,,24
2014-12-25,46.985369291666665,54.06948230849205,4.600840982447331,toto2,,24
2014-12-26,8.279615374999999,9.409613419579332,0.810745862179639,toto2,,24
2014-12-27,11.541383291666667,14.009680567724102,1.130140510608921,toto2,,24
2014-12-28,23.720033333333333,23.930382734611648,2.322682637387985,toto2,,24
2014-12-29,11.968787374999998,14.317297180897507,1.1719922242872487,toto2,,24
2014-12-30,19.480158791666664,21.02311680969848,1.9075110883331419,toto2,,24
2014-12-31,28.740492625,37.85756508425358,2.8142896037272966,toto2,,24
2014-03-14,8.03525019047619,11.34551991132551,0.7868174484502218,seasonal-naive,,168
2014-03-15,8.696751642857143,12.01352106989832,0.8515921440191785,seasonal-naive,,168
2014-03-16,9.211235196428571,12.797575467602814,0.9019707417348377,seasonal-naive,,168
2014-03-17,9.814048422619047,13.200618438876413,0.9609986441995808,seasonal-naive,,168
2014-03-18,10.331790494047619,13.492988922608799,1.0116963183155152,seasonal-naive,,168
2014-03-19,11.25893986309524,14.398587954377582,1.1024834479746415,seasonal-naive,,168
2014-03-20,13.952559327380952,18.021179422451358,1.3662445933957446,seasonal-naive,,168
2014-03-21,16.062962136904762,19.842565301802942,1.5728967466491455,seasonal-naive,,168
2014-03-22,15.26103375595238,19.302358578741053,1.494371345748918,seasonal-naive,,168
2014-03-23,15.3513315,19.554838694132144,1.5032133654605844,seasonal-naive,,168
2014-04-14,18.38326736309524,23.599095941935797,1.8001026947428056,seasonal-naive,,168
2014-04-15,17.808535845238094,23.297456291656328,1.7438245732525421,seasonal-naive,,168
2014-04-16,16.764678666666665,22.755594490007248,1.641609331372022,seasonal-naive,,168
2014-04-17,17.06938997619048,23.041369921738934,1.6714468808434273,seasonal-naive,,168
2014-04-18,15.945316386904762,21.984011106751773,1.5613767906251592,seasonal-naive,,168
2014-04-19,15.88085405357143,21.930382207391293,1.5550645928177287,seasonal-naive,,168
2014-04-20,15.960708148809523,22.043819775147647,1.5628839629647848,seasonal-naive,,168
2014-04-21,15.733084273809524,21.913481248052456,1.540594870243549,seasonal-naive,,168
2014-04-22,15.806969160714285,21.883551012689306,1.547829731239208,seasonal-naive,,168
2014-04-23,16.35354442857143,22.49812386622134,1.6013507725816516,seasonal-naive,,168
2014-04-24,14.588958749999998,20.64788008900466,1.4285612802481098,seasonal-naive,,168
2014-04-25,12.661313642857143,17.96401801256267,1.2398048919881182,seasonal-naive,,168
2014-04-26,10.361849011904761,14.503446446370496,1.0146396698931155,seasonal-naive,,168
2014-04-27,11.338848863095237,16.697819136220563,1.1103081944352717,seasonal-naive,,168
2014-04-28,11.735593952380952,16.847069954786658,1.149157757477744,seasonal-naive,,168
2014-04-29,11.777294035714286,16.942006719242247,1.1532410594771496,seasonal-naive,,168
2014-04-30,11.549345452380953,16.702771038665563,1.1309201710835615,seasonal-naive,,168
2014-05-01,11.896527654761906,17.05051609019155,1.164916500774513,seasonal-naive,,168
2014-05-02,11.229094351190477,16.66026960309,1.0995609540923192,seasonal-naive,,168
2014-05-03,12.333023380952381,17.93599150121241,1.207658474627136,seasonal-naive,,168
2014-05-04,12.012549178571428,17.018471817563462,1.176277411407677,seasonal-naive,,168
2014-05-05,12.559068875,17.706646288945652,1.2297930111560698,seasonal-naive,,168
2014-05-06,13.471058672619048,18.73936386885368,1.3190957047331477,seasonal-naive,,168
2014-05-07,13.513260113095239,18.55644351618299,1.323228099982739,seasonal-naive,,168
2014-05-08,13.79167194642857,19.053713249449785,1.3504903859264077,seasonal-naive,,168
2014-05-09,14.664681476190475,19.77015056462218,1.4359761037817322,seasonal-naive,,168
2014-05-10,14.698360803571429,20.46613287455071,1.4392740076188535,seasonal-naive,,168
2014-05-11,15.008196809523808,21.322700422334098,1.4696133710316326,seasonal-naive,,168
2014-05-12,15.586994339285715,21.76033657477569,1.526289639317134,seasonal-naive,,168
2014-05-13,14.865606892857143,21.096469978350292,1.455650864358303,seasonal-naive,,168
2014-05-14,15.141679464285714,21.3411047468147,1.4826840881023478,seasonal-naive,,168
2014-05-15,15.199318898809523,21.305056553397822,1.4883281827760755,seasonal-naive,,168
2014-05-16,16.819634547619046,22.962781188217843,1.6469906505597602,seasonal-naive,,168
2014-05-17,18.809718273809523,24.6233753436597,1.8418610730762126,seasonal-naive,,168
2014-05-18,19.13120449404762,24.11169981409525,1.8733412338084143,seasonal-naive,,168
2014-05-19,17.944655232142857,23.30665056502259,1.757153481021457,seasonal-naive,,168
2014-05-20,17.636174976190475,23.005754645382137,1.7269468736188143,seasonal-naive,,168
2014-05-21,18.07341336904762,23.45149052017015,1.769761569922869,seasonal-naive,,168
2014-05-22,17.13181025595238,22.71647020392354,1.6775591193039074,seasonal-naive,,168
2014-05-23,15.769168011904762,21.17505740781727,1.5441282156983418,seasonal-naive,,168
2014-05-24,14.797116261904762,19.54730246413415,1.4489442127654788,seasonal-naive,,168
2014-05-25,13.663870625,18.57865028974667,1.3379759890810947,seasonal-naive,,168
2014-05-26,13.663814863095237,18.468985389687713,1.3379705288354788,seasonal-naive,,168
2014-05-27,13.447145238095237,18.367041777841365,1.3167540841127958,seasonal-naive,,168
2014-05-28,11.807910035714285,16.77803806138936,1.1562390001050968,seasonal-naive,,168
2014-05-29,11.85295200595238,17.00019815652593,1.160649542061577,seasonal-naive,,168
2014-05-30,11.966151101190476,17.295401903826523,1.1717340784693766,seasonal-naive,,168
2014-05-31,11.018764613095238,16.9245145731373,1.078965315631995,seasonal-naive,,168
2014-06-01,11.415453970238095,16.983673060102234,1.1178094213431582,seasonal-naive,,168
2014-06-02,11.045704613095237,16.821375197017357,1.0816032997095004,seasonal-naive,,168
2014-06-03,10.815063607142857,16.673655191285082,1.0590187673664333,seasonal-naive,,168
2014-06-04,11.447917619047619,17.245299946442703,1.1209882850646598,seasonal-naive,,168
2014-06-05,13.183957583333333,18.967554021777733,1.2909825606288348,seasonal-naive,,168
2014-06-06,12.632425029761905,18.19412904265444,1.2369760983219544,seasonal-naive,,168
2014-06-07,14.53664824404762,21.222042822404156,1.423438998073328,seasonal-naive,,168
2014-06-08,14.797849464285715,21.158923875397416,1.4490160084672807,seasonal-naive,,168
2014-06-09,15.606935113095238,21.518133617781043,1.5282422541576186,seasonal-naive,,168
2014-06-10,15.783882238095238,21.650578860410164,1.5455690432559992,seasonal-naive,,168
2014-06-11,16.263507327380953,22.01123359587697,1.5925342752050657,seasonal-naive,,168
2014-06-12,14.71403144047619,20.5673765834581,1.4408084875980343,seasonal-naive,,168
2014-06-13,15.641793101190476,21.718651026538808,1.5316555732952992,seasonal-naive,,168
2014-06-14,14.606271886904763,18.832421984308798,1.4302565950026176,seasonal-naive,,168
2014-06-15,13.291094494047618,17.74464543458637,1.3014734835901343,seasonal-naive,,168
2014-06-16,14.629795363095237,18.72875529528165,1.4325600306239261,seasonal-naive,,168
2014-06-17,18.645935148809524,23.708214038371334,1.8258233122776202,seasonal-naive,,168
2014-06-18,19.243094857142857,23.98761060496187,1.8842976182282936,seasonal-naive,,168
2014-06-19,19.333754523809525,23.928097965463824,1.8931750776617984,seasonal-naive,,168
2014-06-20,17.875968928571428,22.628970150770797,1.7504276690257579,seasonal-naive,,168
2014-06-21,15.322107964285713,20.768548127793494,1.500351775931902,seasonal-naive,,168
2014-06-22,15.68399438690476,21.084301397214723,1.535787953390494,seasonal-naive,,168
2014-06-23,14.817232327380953,20.353007003128482,1.4509139922913976,seasonal-naive,,168
2014-06-24,13.548461690476191,17.775634453805793,1.3266750636291396,seasonal-naive,,168
2014-06-25,12.242205517857144,16.62198251456528,1.1987655244861446,seasonal-naive,,168
2014-06-26,11.668003333333335,16.19392870747381,1.1425392356946573,seasonal-naive,,168
2014-06-27,11.266403458333334,15.779302925398172,1.1032142885610943,seasonal-naive,,168
2014-06-28,12.494040089285715,16.712677339828087,1.2234253459261588,seasonal-naive,,168
2014-06-29,12.910734708333333,17.64212181807466,1.2642283811982384,seasonal-naive,,168
2014-06-30,11.67526286904762,17.225543124923256,1.1432500946265196,seasonal-naive,,168
2014-07-01,8.620889291666666,13.424319845654267,0.8441636483056445,seasonal-naive,,168
2014-07-02,8.320114136904763,13.275278822506765,0.814711529925127,seasonal-naive,,168
2014-07-03,7.7155464642857154,12.181881323093823,0.7555118308106656,seasonal-naive,,168
2014-07-04,7.738420107142859,12.032273278102805,0.7577516342869719,seasonal-naive,,168
2014-07-05,7.623215857142857,12.006190277151429,0.7464707516900542,seasonal-naive,,168
2014-07-06,7.80393180952381,11.52300406523864,0.7641665870624443,seasonal-naive,,168
2014-07-07,7.971187023809525,11.486074094176494,0.7805443373284235,seasonal-naive,,168
2014-07-08,8.207574232142857,11.460279186989439,0.803691541920454,seasonal-naive,,168
2014-07-09,8.72786899404762,11.915014308014268,0.8546391773144504,seasonal-naive,,168
2014-07-10,9.909859928571429,13.789122222543462,0.9703805754224539,seasonal-naive,,168
2014-07-11,11.83398668452381,16.127497074402264,1.1587924442162414,seasonal-naive,,168
2014-07-12,11.964917035714285,16.167445273730948,1.1716132378948854,seasonal-naive,,168
2014-07-13,13.053509898809523,17.862719742282728,1.2782090300155733,seasonal-naive,,168
2014-07-14,12.818413136904761,17.716830234747274,1.2551881868612356,seasonal-naive,,168
2014-07-15,12.862489904761905,17.78662813266532,1.259504215509901,seasonal-naive,,168
2014-07-16,12.30205424404762,17.36910354606748,1.2046259545807794,seasonal-naive,,168
2014-07-17,10.836229845238094,15.776335193631649,1.061091380546683,seasonal-naive,,168
2014-07-18,10.378549833333333,15.117534811884969,1.016275026278039,seasonal-naive,,168
2014-07-19,11.544026029761906,16.829614222621515,1.1303992894142754,seasonal-naive,,168
2014-07-20,11.275370630952382,16.53049194082914,1.1040923605206079,seasonal-naive,,168
2014-07-21,11.498334291666668,16.61582764498527,1.1259251217242683,seasonal-naive,,168
2014-07-22,12.032739404761905,17.012491089584525,1.1782544528038061,seasonal-naive,,168
2014-07-23,12.052717035714286,17.01575136625036,1.1802106767220935,seasonal-naive,,168
2014-07-24,13.268044142857145,18.17364574013828,1.2992163767073808,seasonal-naive,,168
2014-07-25,11.343017017857145,16.522570851693636,1.1107163431321718,seasonal-naive,,168
2014-07-26,10.435715190476191,15.469612470813193,1.0218726989553877,seasonal-naive,,168
2014-07-27,12.90353992857143,19.05027999478979,1.263523863215571,seasonal-naive,,168
2014-07-28,13.845551529761906,19.593795397437823,1.3557663132811206,seasonal-naive,,168
2014-07-29,13.76877005357143,19.48444843495381,1.3482478161898868,seasonal-naive,,168
2014-07-30,14.398931595238096,19.95749513464223,1.409953685275743,seasonal-naive,,168
2014-07-31,14.748378779761905,20.69307636876513,1.4441718036388804,seasonal-naive,,168
2014-08-01,15.574248690476193,21.17049330384538,1.525041576265278,seasonal-naive,,168
2014-08-02,15.957894994047619,21.42982136914077,1.562608496837485,seasonal-naive,,168
2014-08-03,14.482053416666666,19.754327118424573,1.4180930335096635,seasonal-naive,,168
2014-08-04,14.140125755952381,19.49268790275233,1.384611232298714,seasonal-naive,,168
2014-08-05,13.780263172619046,19.222228331249042,1.3493732306311816,seasonal-naive,,168
2014-08-06,13.452520119047616,18.869760836254656,1.3172803963017663,seasonal-naive,,168
2014-08-07,13.777413357142857,19.04126142916467,1.3490941746605056,seasonal-naive,,168
2014-08-08,13.852337785714285,19.112915635855945,1.3564308283200313,seasonal-naive,,168
2014-08-09,14.911159928571427,20.2969079039316,1.4601114502119157,seasonal-naive,,168
2014-08-10,12.803179529761902,17.36108847120024,1.2536965011490664,seasonal-naive,,168
2014-08-11,11.986676523809523,16.94374441015353,1.173743942539648,seasonal-naive,,168
2014-08-12,11.727722047619046,16.85127466333442,1.1483869349305447,seasonal-naive,,168
2014-08-13,12.342724130952382,17.537353112196772,1.2086083790087196,seasonal-naive,,168
2014-08-14,11.32331844047619,15.817044311614168,1.1087874443392813,seasonal-naive,,168
2014-08-15,10.417743511904762,15.032728742859971,1.020112899329646,seasonal-naive,,168
2014-08-16,9.490919113095238,13.7648130423755,0.9293575909887736,seasonal-naive,,168
2014-08-17,10.0801885,15.13381251615942,0.9870592710190695,seasonal-naive,,168
2014-08-18,10.187010178571429,15.171235946681287,0.9975193262233694,seasonal-naive,,168
2014-08-19,10.100927089285713,15.126416177786357,0.9890900085218771,seasonal-naive,,168
2014-08-20,9.696328547619046,14.56359535831161,0.9494714298025527,seasonal-naive,,168
2014-08-21,9.38319707142857,14.277377291308404,0.9188093715859136,seasonal-naive,,168
2014-08-22,10.494227863095238,15.405953640553095,1.0276023017282656,seasonal-naive,,168
2014-08-23,9.354261583333333,13.919633558121777,0.9159759878862074,seasonal-naive,,168
2014-08-24,9.157810547619047,13.376799690882597,0.8967393618942346,seasonal-naive,,168
2014-08-25,9.195890196428572,13.378997017845007,0.9004681483543878,seasonal-naive,,168
2014-08-26,10.010926244047619,14.199823116042944,0.9802770613540922,seasonal-naive,,168
2014-08-27,9.715553595238095,13.897429177927117,0.9513539602223128,seasonal-naive,,168
2014-08-28,10.117924208333333,14.348976627312402,0.9907543785816799,seasonal-naive,,168
2014-08-29,10.123967327380953,14.424082193467692,0.9913461251231087,seasonal-naive,,168
2014-08-30,10.140472809523809,14.288871838317831,0.9929623537453954,seasonal-naive,,168
2014-08-31,9.94689030357143,13.568287007711968,0.9740066162403477,seasonal-naive,,168
2014-09-01,11.093224946428572,14.317868872061746,1.086256524753713,seasonal-naive,,168
2014-09-02,12.073845392857143,15.358213670057093,1.1822795805723794,seasonal-naive,,168
2014-09-03,11.709935202380953,15.19177571711169,1.146645234317065,seasonal-naive,,168
2014-09-04,11.142797339285714,14.717482338807253,1.091110688934893,seasonal-naive,,168
2014-09-05,10.324892613095239,13.676698910158558,1.0110208728767287,seasonal-naive,,168
2014-09-06,9.654609107142857,13.041474045939816,0.9453862323378673,seasonal-naive,,168
2014-09-07,8.999002630952381,12.161092883505495,0.881188777055761,seasonal-naive,,168
2014-09-08,10.6861665625,15.024752508006385,1.046397076519909,seasonal-naive,,168
2014-09-09,12.431248279761906,18.346368800933252,1.2172767270055367,seasonal-naive,,168
2014-09-10,14.02163493452381,19.846551429774756,1.373008526275733,seasonal-naive,,168
2014-09-11,14.082560547619048,19.875026031167813,1.378974405906672,seasonal-naive,,168
2014-09-12,15.500438244047618,21.08885598654051,1.517814004534315,seasonal-naive,,168
2014-09-13,16.81258936309524,22.057212905840306,1.6463007810498533,seasonal-naive,,168
2014-09-14,16.487371410714285,21.943284383502302,1.6144552064359006,seasonal-naive,,168
2014-09-15,17.419143714285713,24.077476203962593,1.7056950171516398,seasonal-naive,,168
2014-09-16,17.54977694642857,24.39728895716679,1.718486716720531,seasonal-naive,,168
2014-09-17,18.448510345238095,25.073285744275406,1.806491334240275,seasonal-naive,,168
2014-09-18,18.90171588095238,25.557120699505145,1.8508695445985386,seasonal-naive,,168
2014-09-19,17.493131029761905,24.522013331979455,1.7129399080263084,seasonal-naive,,168
2014-09-20,15.969907988095239,23.476123342584806,1.563784817810788,seasonal-naive,,168
2014-09-21,16.254214779761906,23.758447118154134,1.5916243422927232,seasonal-naive,,168
2014-09-22,12.513108133928572,19.170038107951836,1.2252925025021433,seasonal-naive,,168
2014-09-23,9.199046440476192,13.954504871711984,0.9007772100300502,seasonal-naive,,168
2014-09-24,6.672654428571429,10.277285441862793,0.653391096409346,seasonal-naive,,168
2014-09-25,6.305216375,9.389383112529947,0.6174112992753062,seasonal-naive,,168
2014-09-26,7.097489720238095,10.718822683372963,0.6949912721695188,seasonal-naive,,168
2014-09-27,7.320527541666667,10.912512293600457,0.7168312952433897,seasonal-naive,,168
2014-09-28,8.471884297619047,12.349572721222033,0.8295729726647233,seasonal-naive,,168
2014-09-29,9.408279601190477,13.14945701082552,0.9212654708485516,seasonal-naive,,168
2014-09-30,9.236132160714286,13.089323530020756,0.9044086702932616,seasonal-naive,,168
2014-10-01,9.68929081547619,13.289218654799209,0.9487822900351212,seasonal-naive,,168
2014-10-02,10.957820214285714,14.782806040114252,1.0729975964904706,seasonal-naive,,168
2014-10-03,10.741308738095238,14.28643528002806,1.0517966378123829,seasonal-naive,,168
2014-10-04,11.332378827380953,14.818527526081546,1.1096746439083538,seasonal-naive,,168
2014-10-05,10.141744982142857,13.491083337676132,0.9930869257985835,seasonal-naive,,168
2014-10-06,10.84306194047619,14.308379537401459,1.0617603842012524,seasonal-naive,,168
2014-10-07,11.961909035714285,15.073013542864445,1.1713186923824455,seasonal-naive,,168
2014-10-08,13.364459833333333,16.861771253716384,1.3086574701111626,seasonal-naive,,168
2014-10-09,13.29601461904762,16.938553659949687,1.3019552657508373,seasonal-naive,,168
2014-10-10,14.22981055357143,17.942475456585836,1.3933932318574873,seasonal-naive,,168
2014-10-11,14.454194898809524,18.104587675205867,1.4153651075063212,seasonal-naive,,168
2014-10-12,16.30885542857143,19.955476753335414,1.5969747937234617,seasonal-naive,,168
2014-10-13,15.059458827380952,19.04947719373343,1.4746329845018606,seasonal-naive,,168
2014-10-14,15.72982598809524,19.946413815514067,1.540275816574869,seasonal-naive,,168
2014-10-15,16.26825106547619,20.729644706860668,1.5929987854338368,seasonal-naive,,168
2014-10-16,16.49682180357143,21.145586117958775,1.615380595666907,seasonal-naive,,168
2014-10-17,17.966508625,22.929744276555997,1.7592933808877012,seasonal-naive,,168
2014-10-18,17.843691958333334,22.858575538702123,1.7472670850035528,seasonal-naive,,168
2014-10-19,17.79532651190476,22.75662733954093,1.7425311058803152,seasonal-naive,,168
2014-11-10,14.72275744047619,19.980306157500603,1.4416629437621142,seasonal-naive,,168
2014-11-11,14.902879053571429,19.974107911980845,1.4593005810063546,seasonal-naive,,168
2014-11-12,15.879656232142858,20.894589012877432,1.5549473012863158,seasonal-naive,,168
2014-11-13,16.705757898809527,21.521581198413205,1.6358397676214085,seasonal-naive,,168
2014-11-14,17.63326904761905,22.43202071044567,1.7266623230136997,seasonal-naive,,168
2014-11-15,16.76556922619048,21.71263284975641,1.6416965355978532,seasonal-naive,,168
2014-11-16,15.409629529761906,20.627715108919848,1.5089219502512987,seasonal-naive,,168
2014-11-17,15.6706635,20.659025064254013,1.5344825834055722,seasonal-naive,,168
2014-11-18,14.375064422619047,19.378371740523896,1.407616594654209,seasonal-naive,,168
2014-11-19,13.721759922619047,18.66779298329717,1.3436445505279033,seasonal-naive,,168
2014-11-20,13.410633982142857,18.492457313372018,1.313178875803512,seasonal-naive,,168
2014-11-21,11.557050404761904,16.486591872428857,1.1316746455341513,seasonal-naive,,168
2014-11-22,12.229375994047619,17.0713055282685,1.19750924833427,seasonal-naive,,168
2014-11-23,13.537265970238096,18.535932148934457,1.325578770692083,seasonal-naive,,168
2014-11-24,13.641293416666667,18.770505426422737,1.3357652126854802,seasonal-naive,,168
2014-11-25,12.763874464285715,18.476422265674984,1.24984772101204,seasonal-naive,,168
2014-11-26,13.020322416666668,18.82790976378145,1.2749592880161171,seasonal-naive,,168
2014-11-27,12.986624333333333,18.780810586447508,1.2716595475827173,seasonal-naive,,168
2014-11-28,12.412820910714284,18.49165146540436,1.215472305842287,seasonal-naive,,168
2014-11-29,11.096687839285714,17.239027477538627,1.086595613700233,seasonal-naive,,168
2014-11-30,10.031070482142857,16.447337419580474,0.9822495995630275,seasonal-naive,,168
2014-12-01,10.457373071428572,16.55032756896931,1.0239934541560145,seasonal-naive,,168
2014-12-02,11.569601113095237,17.01380596572118,1.1329036198750846,seasonal-naive,,168
2014-12-03,10.881995666666667,16.487629956971745,1.065572802529702,seasonal-naive,,168
2014-12-04,10.507418904761906,16.1572432624754,1.0288939779674038,seasonal-naive,,168
2014-12-05,11.152350071428572,16.537854052792483,1.0920460993019876,seasonal-naive,,168
2014-12-06,9.969328303571428,14.725602654551365,0.9762037612563487,seasonal-naive,,168
2014-12-07,10.286312226190477,14.522847963412861,1.0072430537839758,seasonal-naive,,168
2014-12-08,9.877564160714286,14.121086498068069,0.9672181507239404,seasonal-naive,,168
2014-12-09,9.692160428571428,13.944405068827292,0.9490632846028213,seasonal-naive,,168
2014-12-10,9.975557476190476,14.209551975235197,0.9768137262966263,seasonal-naive,,168
2014-12-11,10.180493291666668,14.138863532383892,0.9968811879943543,seasonal-naive,,168
2014-12-12,9.75790406547619,13.705209968049676,0.9555009485728311,seasonal-naive,,168
2014-12-13,9.32560436904762,13.357357371321381,0.9131698529570547,seasonal-naive,,168
2014-12-14,8.812810083333334,12.392379439386376,0.8629566695587594,seasonal-naive,,168
2014-12-15,8.542595077380954,12.374747186772703,0.8364970228176523,seasonal-naive,,168
2014-12-16,8.906978952380953,12.771737073760498,0.8721777526004935,seasonal-naive,,168
2014-12-17,11.834757821428573,17.168418120414604,1.1588679544937597,seasonal-naive,,168
2014-12-18,11.12761081547619,17.089146809502836,1.0896236136564155,seasonal-naive,,168
2014-12-19,17.055901910714287,27.588187314422992,1.6701261198203188,seasonal-naive,,168
2014-12-20,16.18874985714286,27.418802589857982,1.5852139702250108,seasonal-naive,,168
2014-12-21,16.64598426190476,27.62572517425232,1.6299866903233624,seasonal-naive,,168
2014-12-22,16.903184309523812,27.635472747942078,1.655171903031332,seasonal-naive,,168
2014-12-23,17.085450392857144,27.70036564473808,1.6730195283358091,seasonal-naive,,168
2014-12-24,14.084325315476192,25.01911333115494,1.3791472132380618,seasonal-naive,,168
2014-12-25,18.649445047619047,30.16887328242164,1.8261670040806333,seasonal-naive,,168
2014-03-14,9.465880619047619,12.348708214439224,0.9269058037347898,lstm,42.0,168
2014-03-15,9.785167464285715,12.247673989515947,0.9581706000931807,lstm,42.0,168
2014-03-16,11.497204404761906,14.841767019520036,1.1258144823900393,lstm,42.0,168
2014-03-17,10.305089636904762,12.847144116692007,1.0090817512777055,lstm,42.0,168
2014-03-18,10.57009786904762,13.262222212182088,1.0350315470015634,lstm,42.0,168
2014-03-19,11.16505555952381,13.656182088883726,1.0932902297879634,lstm,42.0,168
2014-03-20,12.148631261904761,15.855359157422996,1.189602666384185,lstm,42.0,168
2014-03-21,14.95805855952381,18.35369103637102,1.4647037977141133,lstm,42.0,168
2014-03-22,10.292034107142857,13.559165406818423,1.0078033444612502,lstm,42.0,168
2014-03-23,11.88465749404762,15.727899590591285,1.1637541661434179,lstm,42.0,168
2014-04-14,15.766819267857143,19.514269836786777,1.5438982250005044,lstm,42.0,168
2014-04-15,14.968694172619047,18.727011450810675,1.4657452445589443,lstm,42.0,168
2014-04-16,12.556558529761904,17.21450589528236,1.2295471963540237,lstm,42.0,168
2014-04-17,14.721502345238097,18.82689341476978,1.44154004393829,lstm,42.0,168
2014-04-18,20.388634875,24.469338659156744,1.9964697164930485,lstm,42.0,168
2014-04-19,15.836293357142857,19.872717024353385,1.5507011775370638,lstm,42.0,168
2014-04-20,12.396357577380954,16.160356795061492,1.21386020446159,lstm,42.0,168
2014-04-21,9.714059666666666,13.025442736349744,0.9512076736675855,lstm,42.0,168
2014-04-22,10.785140482142857,14.538804345229924,1.056088673554288,lstm,42.0,168
2014-04-23,13.347115261904761,16.892471285390407,1.3069590772655906,lstm,42.0,168
2014-04-24,10.635456875000001,13.587238993568942,1.041431547633485,lstm,42.0,168
2014-04-25,9.36542425,11.869249120312382,0.9170690441938978,lstm,42.0,168
2014-04-26,12.555464571428573,15.023564967148957,1.229440075171218,lstm,42.0,168
2014-04-27,11.31651875595238,14.12673872591326,1.1081216143650476,lstm,42.0,168
2014-04-28,11.679161160714287,13.983314336911546,1.1436318181360279,lstm,42.0,168
2014-04-29,10.234345839285714,12.272253530142196,1.0021544679925787,lstm,42.0,168
2014-04-30,9.802360904761905,12.030493710176449,0.9598541940877511,lstm,42.0,168
2014-05-01,11.12693268452381,13.242377676113685,1.0895572105883076,lstm,42.0,168
2014-05-02,9.632004535714286,12.116088524359013,0.9431727765283872,lstm,42.0,168
2014-05-03,12.439427910714285,14.916804774141157,1.2180776823215076,lstm,42.0,168
2014-05-04,10.890855535714286,15.869491724657577,1.0664403672467182,lstm,42.0,168
2014-05-05,10.847006809523808,14.942178725073122,1.0621466686012329,lstm,42.0,168
2014-05-06,12.185207708333333,16.758112107267372,1.193184258191546,lstm,42.0,168
2014-05-07,13.537269255952381,18.190246818059183,1.3255790924315776,lstm,42.0,168
2014-05-08,12.555216845238094,17.531014368017097,1.2294158176453804,lstm,42.0,168
2014-05-09,11.725979636904762,15.965424083472206,1.1482163168265824,lstm,42.0,168
2014-05-10,12.422192434523808,16.995375798471454,1.2163899721597147,lstm,42.0,168
2014-05-11,18.767679904761906,24.046902820116724,1.8377446458975975,lstm,42.0,168
2014-05-12,11.370462648809523,14.774115520969472,1.1134038389543501,lstm,42.0,168
2014-05-13,10.599969744047618,13.569543679081786,1.0379566223770358,lstm,42.0,168
2014-05-14,10.346662517857144,13.407450194440733,1.0131525975289457,lstm,42.0,168
2014-05-15,12.63616125595238,16.431220441188255,1.2373419522640645,lstm,42.0,168
2014-05-16,14.038256196428572,17.307111441127443,1.3746360921351548,lstm,42.0,168
2014-05-17,20.686351261904765,24.35858348585729,2.025622318136227,lstm,42.0,168
2014-05-18,19.214203154761908,23.06299109019296,1.881468522057063,lstm,42.0,168
2014-05-19,15.015289744047617,19.01700912775427,1.470307916255709,lstm,42.0,168
2014-05-20,13.370906160714284,17.601027931493118,1.3092886991011163,lstm,42.0,168
2014-05-21,12.127453154761904,15.532596264900688,1.187528890978299,lstm,42.0,168
2014-05-22,12.707248452380952,16.068428877938814,1.2443028614063465,lstm,42.0,168
2014-05-23,10.870571416666667,14.294602945807718,1.0644541317948308,lstm,42.0,168
2014-05-24,12.13291175595238,14.820945130603526,1.1880634011128919,lstm,42.0,168
2014-05-25,12.63329086904762,15.802787095636129,1.2370608819243822,lstm,42.0,168
2014-05-26,11.647185892857143,14.839478974352335,1.140500777026855,lstm,42.0,168
2014-05-27,11.987148327380952,14.783870744785965,1.1737901418829724,lstm,42.0,168
2014-05-28,10.109156053571429,12.83391883860013,0.9898957945931499,lstm,42.0,168
2014-05-29,11.036320636904762,14.187396955900612,1.0806844140460203,lstm,42.0,168
2014-05-30,10.659263642857143,14.334543436928707,1.043762723377509,lstm,42.0,168
2014-05-31,12.016777404761903,16.25410369685431,1.1766914423418486,lstm,42.0,168
2014-06-01,12.469877910714285,17.121574978584217,1.2210593681106703,lstm,42.0,168
2014-06-02,12.907271851190476,16.97520724115626,1.2638892957488874,lstm,42.0,168
2014-06-03,12.080664898809523,16.568950419513083,1.1829473514750835,lstm,42.0,168
2014-06-04,12.803096297619046,17.51396268640733,1.2536883509980798,lstm,42.0,168
2014-06-05,15.872700529761905,18.716586922606425,1.5542661939318687,lstm,42.0,168
2014-06-06,11.533260464285714,15.980597476357435,1.1293451175393117,lstm,42.0,168
2014-06-07,10.776867559523811,13.556847486733057,1.0552785830515607,lstm,42.0,168
2014-06-08,10.452617702380953,13.680344316965305,1.0235278050160639,lstm,42.0,168
2014-06-09,10.204091601190477,13.176354031914101,0.999191951349212,lstm,42.0,168
2014-06-10,10.591786589285714,13.346336238616994,1.037155322007115,lstm,42.0,168
2014-06-11,10.108826595238094,12.900205449170866,0.9898635337973988,lstm,42.0,168
2014-06-12,10.460735047619048,13.09843961166843,1.0243226612703218,lstm,42.0,168
2014-06-13,10.690695517857144,14.06337387286501,1.0468405550692739,lstm,42.0,168
2014-06-14,14.151755535714285,17.789148684845074,1.3857500286549433,lstm,42.0,168
2014-06-15,14.91610330952381,19.08017882935754,1.4605955096121177,lstm,42.0,168
2014-06-16,12.282542523809525,15.44304264553013,1.202715352973028,lstm,42.0,168
2014-06-17,15.056838458333331,19.461902435775524,1.4743763960896559,lstm,42.0,168
2014-06-18,19.890963619047618,24.423734869763138,1.947737390990653,lstm,42.0,168
2014-06-19,16.54273849404762,21.311572056142005,1.6198767908550271,lstm,42.0,168
2014-06-20,14.129579232142857,18.867737065353833,1.3835785091404906,lstm,42.0,168
2014-06-21,13.382650928571428,18.026702959176035,1.310438755173913,lstm,42.0,168
2014-06-22,15.036443797619048,19.35279408945758,1.4723793363186684,lstm,42.0,168
2014-06-23,12.340608738095238,16.67474673919519,1.208401238226433,lstm,42.0,168
2014-06-24,14.52652644047619,17.938342241242715,1.4224478638247362,lstm,42.0,168
2014-06-25,20.871786202380953,26.576703198449295,2.0437802401996774,lstm,42.0,168
2014-06-26,19.379580613095236,25.85319103891547,1.8976624011165153,lstm,42.0,168
2014-06-27,19.632209797619048,26.75599526592914,1.9224000316394183,lstm,42.0,168
2014-06-28,19.584527327380954,24.671654603953936,1.917730930033471,lstm,42.0,168
2014-06-29,11.381433208333332,14.267932847956262,1.114478083993145,lstm,42.0,168
2014-06-30,11.212939761904762,14.39383008059216,1.0979790851496931,lstm,42.0,168
2014-07-01,9.063057547619048,11.285952755466681,0.8874610803316562,lstm,42.0,168
2014-07-02,10.132776571428572,12.628121358103405,0.992208732603899,lstm,42.0,168
2014-07-03,9.066888011904762,11.3944295019216,0.8878361621354858,lstm,42.0,168
2014-07-04,9.256234595238094,11.55047694316236,0.9063771150665694,lstm,42.0,168
2014-07-05,9.38629180952381,11.51410458040697,0.9191124105547073,lstm,42.0,168
2014-07-06,10.503354589285715,13.331998265091796,1.028495997287666,lstm,42.0,168
2014-07-07,10.760236238095239,13.86882568149315,1.0536500321563695,lstm,42.0,168
2014-07-08,9.814439648809524,12.737120301591565,0.9610369533481031,lstm,42.0,168
2014-07-09,9.892272946428571,12.699834817666877,0.9686584455462766,lstm,42.0,168
2014-07-10,10.885216755952381,13.421353327414653,1.0658882138974806,lstm,42.0,168
2014-07-11,10.68054581547619,13.500259680876058,1.0458466889492897,lstm,42.0,168
2014-07-12,9.987258976190477,13.163324207793675,0.9779595455498907,lstm,42.0,168
2014-07-13,12.183569386904761,15.762744171735122,1.1930238325849234,lstm,42.0,168
2014-07-14,10.097948970238095,13.21602244111075,0.9887983889736767,lstm,42.0,168
2014-07-15,11.015165898809524,13.887101430408741,1.0786129269539997,lstm,42.0,168
2014-07-16,11.270583547619047,14.66830993270539,1.103623605895106,lstm,42.0,168
2014-07-17,10.105782523809523,12.99439090368619,0.9895654561448612,lstm,42.0,168
2014-07-18,14.91233913095238,17.83511501100824,1.4602269185528631,lstm,42.0,168
2014-07-19,16.819915113095238,19.48568810961774,1.6470181237319543,lstm,42.0,168
2014-07-20,13.702153666666666,16.227639323410337,1.341724691915362,lstm,42.0,168
2014-07-21,11.887329440476192,15.251748944446154,1.1640158050496734,lstm,42.0,168
2014-07-22,13.12401674404762,15.39954346695431,1.2851131107540015,lstm,42.0,168
2014-07-23,9.574082327380953,11.96254262272561,0.9375009924408858,lstm,42.0,168
2014-07-24,10.965501351190476,12.97912636053863,1.0737497389125905,lstm,42.0,168
2014-07-25,8.805182345238096,11.171986241076572,0.8622097559862795,lstm,42.0,168
2014-07-26,9.216470327380952,11.130097037410392,0.9024833695038075,lstm,42.0,168
2014-07-27,13.229930892857144,17.37768320339662,1.2954842999946128,lstm,42.0,168
2014-07-28,10.199363720238097,13.21823163641082,0.9987289938632165,lstm,42.0,168
2014-07-29,12.32889961904762,15.689660920583993,1.2072546729105744,lstm,42.0,168
2014-07-30,13.203877714285717,16.652490951052048,1.2929331541059776,lstm,42.0,168
2014-07-31,12.471020220238096,16.015395225627493,1.2211712238766463,lstm,42.0,168
2014-08-01,13.984021476190476,17.476946317256843,1.3693253895206017,lstm,42.0,168
2014-08-02,11.62843119047619,15.46491635299714,1.138664303149375,lstm,42.0,168
2014-08-03,12.67019200595238,16.141892390112048,1.240674267655511,lstm,42.0,168
2014-08-04,12.565156208333333,16.142352640611126,1.2303890871919945,lstm,42.0,168
2014-08-05,12.345457232142858,15.795797084450035,1.2088760062330217,lstm,42.0,168
2014-08-06,11.979942511904762,16.34414294235332,1.173084543275265,lstm,42.0,168
2014-08-07,10.640416607142857,14.373311768106968,1.041917208153958,lstm,42.0,168
2014-08-08,10.544236559523808,14.483680492979428,1.0324991890673667,lstm,42.0,168
2014-08-09,11.015838095238095,13.799719155184539,1.0786787489092902,lstm,42.0,168
2014-08-10,11.813845392857145,14.821855709115065,1.1568201945237007,lstm,42.0,168
2014-08-11,9.596925642857142,12.188666890569822,0.9397378262383477,lstm,42.0,168
2014-08-12,9.671407672619047,12.513837430820825,0.9470311598898767,lstm,42.0,168
2014-08-13,11.118673970238095,13.876449610094845,1.088748511375747,lstm,42.0,168
2014-08-14,9.794002767857142,12.297921204895683,0.9590357593411893,lstm,42.0,168
2014-08-15,9.289171464285713,11.870719817580438,0.9096023168524083,lstm,42.0,168
2014-08-16,9.921172595238096,13.152298816733065,0.9714883198374801,lstm,42.0,168
2014-08-17,9.41616575,11.528296353852744,0.9220376881830864,lstm,42.0,168
2014-08-18,10.00818307142857,12.88407683622743,0.9800084479282983,lstm,42.0,168
2014-08-19,9.569567839285714,12.68275622845574,0.9370589305361594,lstm,42.0,168
2014-08-20,9.211165154761906,12.074716091111078,0.9019638832047184,lstm,42.0,168
2014-08-21,9.470281398809524,12.509969663073248,0.9273367312381496,lstm,42.0,168
2014-08-22,10.264710083333332,13.140472128955986,1.0051277564975194,lstm,42.0,168
2014-08-23,9.74377250595238,12.441069672814809,0.9541171761521139,lstm,42.0,168
2014-08-24,8.508763494047619,11.098979506442092,0.833184209968724,lstm,42.0,168
2014-08-25,9.939302851190476,12.135958361326164,0.9732636474738379,lstm,42.0,168
2014-08-26,9.553106023809525,12.059454438689714,0.9354469777851193,lstm,42.0,168
2014-08-27,9.79553499404762,12.36758375812094,0.9591857960261788,lstm,42.0,168
2014-08-28,10.492410934523809,13.066069223584034,1.0274243867824089,lstm,42.0,168
2014-08-29,10.41408811904762,13.61314641324656,1.0197549606453788,lstm,42.0,168
2014-08-30,10.862329404761905,14.254690139587941,1.063647068091365,lstm,42.0,168
2014-08-31,9.650877970238096,11.449649383377443,0.945020876742257,lstm,42.0,168
2014-09-01,8.534582113095238,10.403893902825047,0.8357123876209438,lstm,42.0,168
2014-09-02,8.64075243452381,10.687904355181953,0.8461086614677221,lstm,42.0,168
2014-09-03,9.593175261904761,11.956147286505908,0.9393705862518235,lstm,42.0,168
2014-09-04,10.558014089285715,12.522712977601907,1.033848294640465,lstm,42.0,168
2014-09-05,10.374811113095237,12.788626201668338,1.015908928117002,lstm,42.0,168
2014-09-06,10.124251297619047,12.677770079775986,0.9913739316920244,lstm,42.0,168
2014-09-07,10.659978089285714,12.847579499539371,1.0438326824830324,lstm,42.0,168
2014-09-08,13.394974104166666,16.99118658866105,1.311645449346316,lstm,42.0,168
2014-09-09,16.070812625000002,19.79325069478855,1.5736654720610204,lstm,42.0,168
2014-09-10,17.222406565476188,22.457416393031185,1.6864303747606477,lstm,42.0,168
2014-09-11,17.38967308333333,21.621942409488895,1.7028092318804298,lstm,42.0,168
2014-09-12,16.85491639285714,22.21084481077038,1.6504454740921704,lstm,42.0,168
2014-09-13,16.89985175595238,22.623568706750753,1.6548455770009365,lstm,42.0,168
2014-09-14,17.614619029761904,23.865099539816605,1.7248360999197012,lstm,42.0,168
2014-09-15,22.595518948809524,26.58674095620022,2.2125693841845826,lstm,42.0,168
2014-09-16,23.400553553571427,27.330689031745,2.2913989487429647,lstm,42.0,168
2014-09-17,17.55915730952381,21.767644287138722,1.7194052485871414,lstm,42.0,168
2014-09-18,13.710793083333334,16.245764528934238,1.3425706697774855,lstm,42.0,168
2014-09-19,8.177581720238095,10.137884837410141,0.800754653692943,lstm,42.0,168
2014-09-20,7.814598041666666,10.055843781985066,0.7652110321463285,lstm,42.0,168
2014-09-21,8.194569232142857,10.382845105133091,0.8024180830144425,lstm,42.0,168
2014-09-22,9.186352815476189,11.366877194636734,0.8995342411868497,lstm,42.0,168
2014-09-23,7.8272811071428565,9.948371191894152,0.7664529669934016,lstm,42.0,168
2014-09-24,8.609277773809524,10.33415062467884,0.8430266401681983,lstm,42.0,168
2014-09-25,8.603846446428571,11.287274133302848,0.8424948007045504,lstm,42.0,168
2014-09-26,9.023854511904762,11.244737518917775,0.8836222910219248,lstm,42.0,168
2014-09-27,9.420239458333334,12.395777662923146,0.9224365886181176,lstm,42.0,168
2014-09-28,10.0653885,12.560073911251923,0.9856100444286066,lstm,42.0,168
2014-09-29,10.140896898809524,12.703021518741782,0.9930038808717194,lstm,42.0,168
2014-09-30,9.87428218452381,11.840355307575539,0.9668967772668797,lstm,42.0,168
2014-10-01,11.272130654761904,12.853854808096868,1.1037750997336009,lstm,42.0,168
2014-10-02,9.430018767857144,11.512479126610268,0.9233941856044875,lstm,42.0,168
2014-10-03,9.887390535714285,12.478869376015544,0.968180356395418,lstm,42.0,168
2014-10-04,11.810183702380952,15.29848542097513,1.1564616391720695,lstm,42.0,168
2014-10-05,8.985149988095237,11.04989484017215,0.8798323163546287,lstm,42.0,168
2014-10-06,8.597263190476193,10.85114498832498,0.8418501635709009,lstm,42.0,168
2014-10-07,8.637709529761905,10.59421621082123,0.8458106980560194,lstm,42.0,168
2014-10-08,11.689539160714286,14.89670446130276,1.1446480393222322,lstm,42.0,168
2014-10-09,12.002365696428573,14.851474154889937,1.1752802375492362,lstm,42.0,168
2014-10-10,11.417437577380953,14.387487379619538,1.1180036575740007,lstm,42.0,168
2014-10-11,14.269569172619047,17.5691088071762,1.397286424284779,lstm,42.0,168
2014-10-12,15.278479422619048,18.127380269204302,1.4960796379125467,lstm,42.0,168
2014-10-13,13.599271732142856,16.800736743466942,1.331650419267375,lstm,42.0,168
2014-10-14,14.892016815476191,17.575230871351927,1.458236942879358,lstm,42.0,168
2014-10-15,16.047792660714286,18.51010879062082,1.5714113406857246,lstm,42.0,168
2014-10-16,17.06347980357143,19.572644505593594,1.6708681525114175,lstm,42.0,168
2014-10-17,18.481520464285715,21.296062766757636,1.8097237087185305,lstm,42.0,168
2014-10-18,13.641835220238095,16.461815378497157,1.3358182664788945,lstm,42.0,168
2014-10-19,13.394481547619048,17.509133732925264,1.311597217856714,lstm,42.0,168
2014-11-10,14.622060154761904,18.574304621077147,1.4318025934888294,lstm,42.0,168
2014-11-11,14.839744601190475,18.280613620202026,1.4531184102519759,lstm,42.0,168
2014-11-12,14.650132666666666,17.92463689212945,1.434551473942443,lstm,42.0,168
2014-11-13,15.040999029761906,19.603103848012196,1.4728253879096929,lstm,42.0,168
2014-11-14,18.26655986309524,22.27385036848865,1.7886746128302053,lstm,42.0,168
2014-11-15,14.856124172619047,18.066507012754176,1.4547223096070219,lstm,42.0,168
2014-11-16,19.003192375,21.760171741666156,1.8608061955094044,lstm,42.0,168
2014-11-17,13.734437583333333,17.73146460071898,1.3448859561368238,lstm,42.0,168
2014-11-18,11.755545952380952,14.248951998647359,1.1511114715948338,lstm,42.0,168
2014-11-19,13.820603922619046,17.155220800585123,1.3533234257378872,lstm,42.0,168
2014-11-20,13.347932125,17.079802214524204,1.3070390650844004,lstm,42.0,168
2014-11-21,12.054426041666668,14.58706921416934,1.1803780238078676,lstm,42.0,168
2014-11-22,13.066841125,15.561695619629749,1.2795144332235953,lstm,42.0,168
2014-11-23,17.388152089285715,20.155531399951528,1.7026602950549066,lstm,42.0,168
2014-11-24,11.735980892857143,14.914736314491652,1.1491956469660567,lstm,42.0,168
2014-11-25,11.351829589285714,14.627709283944991,1.1115792764324859,lstm,42.0,168
2014-11-26,11.759387119047618,15.400503372000992,1.1514876013834645,lstm,42.0,168
2014-11-27,10.674577404761905,13.572882875436237,1.0452622579013202,lstm,42.0,168
2014-11-28,12.508421672619049,15.848400053215018,1.2248336008572156,lstm,42.0,168
2014-11-29,11.557731642857142,14.594338454334347,1.1317413528559122,lstm,42.0,168
2014-11-30,15.34671768452381,18.420250151455456,1.50276157734764,lstm,42.0,168
2014-12-01,11.783453261904762,14.92493335955195,1.1538441753130904,lstm,42.0,168
2014-12-02,10.468123416666666,13.633040609636645,1.0250461356543734,lstm,42.0,168
2014-12-03,10.865082345238095,13.512196115370001,1.0639166379927203,lstm,42.0,168
2014-12-04,10.098686202380954,13.241059651211208,0.9888705792726479,lstm,42.0,168
2014-12-05,9.105993452380952,12.230056102070911,0.8916653948496664,lstm,42.0,168
2014-12-06,10.874814232142857,13.202834158260577,1.0648695913222987,lstm,42.0,168
2014-12-07,10.579300273809523,12.567479547699486,1.0359326530608306,lstm,42.0,168
2014-12-08,9.924223410714285,12.392390239239822,0.9717870578719863,lstm,42.0,168
2014-12-09,9.000644898809522,11.624905876787423,0.8813495890994933,lstm,42.0,168
2014-12-10,9.849455261904764,11.922928621285296,0.9644657072385758,lstm,42.0,168
2014-12-11,8.569186380952383,10.56896743149133,0.839100862291355,lstm,42.0,168
2014-12-12,8.43681630952381,10.395973994504622,0.8261390901767731,lstm,42.0,168
2014-12-13,8.84236375,10.631890365670111,0.8658505857465314,lstm,42.0,168
2014-12-14,8.77800431547619,11.379717598167433,0.8595484638641607,lstm,42.0,168
2014-12-15,9.28702631547619,12.22929774905342,0.9093922623459717,lstm,42.0,168
2014-12-16,9.273969386904762,11.717805979203192,0.908113718557087,lstm,42.0,168
2014-12-17,12.34791581547619,16.730094091223318,1.2091167524723148,lstm,42.0,168
2014-12-18,14.249880833333334,18.43156859309756,1.3953585280135008,lstm,42.0,168
2014-12-19,20.42227206547619,28.96182103295472,1.9997634942543032,lstm,42.0,168
2014-12-20,19.761668797619045,28.495217561562214,1.9350767495566332,lstm,42.0,168
2014-12-21,25.019291875,31.27371843249409,2.4499069635008155,lstm,42.0,168
2014-12-22,17.15395124404762,24.31553010306243,1.6797271807016616,lstm,42.0,168
2014-12-23,20.05557207142857,26.27734211453518,1.9638559684369696,lstm,42.0,168
2014-12-24,21.300686916666667,28.980356735597763,2.0857785050518096,lstm,42.0,168
2014-12-25,30.05636988095238,37.576832260875186,2.9431412462348683,lstm,42.0,168
2014-03-14,6.2900121845238095,9.432257002461805,0.6159224940641872,chronos2,,168
2014-03-15,6.953534273809525,10.107097914340796,0.6808950518447692,chronos2,,168
2014-03-16,6.900737613095238,9.501885314602058,0.6757251650478224,chronos2,,168
2014-03-17,7.346488428571428,9.833345906040215,0.7193734038659838,chronos2,,168
2014-03-18,8.304254547619049,10.609945800305828,0.8131585475935945,chronos2,,168
2014-03-19,9.59149506547619,11.916648476858686,0.9392060602152363,chronos2,,168
2014-03-20,12.060098607142859,15.878261922422348,1.1809334854784244,chronos2,,168
2014-03-21,14.68925644642857,17.937564538893216,1.4383825024526036,chronos2,,168
2014-03-22,11.570011327380954,15.399184179902738,1.1329437883514801,chronos2,,168
2014-03-23,15.248378642857144,18.333306204304286,1.4931321480189905,chronos2,,168
2014-04-14,18.548470898809523,23.050536576909508,1.8162795431749474,chronos2,,168
2014-04-15,15.84830694642857,19.885128155208807,1.5518775567965069,chronos2,,168
2014-04-16,13.245031404761907,16.618450079567378,1.2969629529258282,chronos2,,168
2014-04-17,12.537275803571427,16.836649161154504,1.227659018007276,chronos2,,168
2014-04-18,16.79078504761905,22.03521595652715,1.6441656868758712,chronos2,,168
2014-04-19,12.74843186904762,16.021504059521398,1.2483355710360398,chronos2,,168
2014-04-20,11.818944607142857,15.717124315069611,1.1573195132354117,chronos2,,168
2014-04-21,11.379540494047617,14.847313418221987,1.1142927480559146,chronos2,,168
2014-04-22,11.607645654761903,14.559801534275278,1.1366289686186877,chronos2,,168
2014-04-23,12.851764791666668,16.35922990029528,1.2584540047610269,chronos2,,168
2014-04-24,20.58253594047619,28.33042244412378,2.0154566475746196,chronos2,,168
2014-04-25,17.164453976190476,23.368156661959308,1.6807556157485493,chronos2,,168
2014-04-26,16.333537952380954,20.761138927673755,1.59939172411701,chronos2,,168
2014-04-27,13.09826844047619,15.411271595051728,1.2825918184435259,chronos2,,168
2014-04-28,12.124182273809524,14.922523806717784,1.1872086039748917,chronos2,,168
2014-04-29,10.7356525,13.275129827943402,1.0512427749306528,chronos2,,168
2014-04-30,10.401156226190475,12.393006580728297,1.0184886604431087,chronos2,,168
2014-05-01,10.102432202380951,12.633354643095139,0.9892373902731797,chronos2,,168
2014-05-02,11.648042226190476,15.170943100011968,1.1405846297996227,chronos2,,168
2014-05-03,10.930777541666666,14.20666018910164,1.0703495586366385,chronos2,,168
2014-05-04,15.466612851190476,19.999783244403968,1.5145017978612452,chronos2,,168
2014-05-05,12.327760648809523,15.971360592045116,1.2071431441298448,chronos2,,168
2014-05-06,12.759955303571427,17.068419031328375,1.2494639539904564,chronos2,,168
2014-05-07,12.158771291666667,16.194706644607862,1.1905955853543904,chronos2,,168
2014-05-08,12.00015519642857,16.321503635520912,1.1750637838074642,chronos2,,168
2014-05-09,11.798921220238096,15.788110214867617,1.1553588088615256,chronos2,,168
2014-05-10,12.085395202380951,17.464440203982694,1.1834105461856697,chronos2,,168
2014-05-11,11.354998779761903,15.503030366491553,1.1118896058316976,chronos2,,168
2014-05-12,10.976759994047619,14.938220368636273,1.0748521932775297,chronos2,,168
2014-05-13,11.644290172619048,15.318350432449444,1.1402172260290446,chronos2,,168
2014-05-14,11.734564220238095,15.098748391715194,1.1490569253694685,chronos2,,168
2014-05-15,12.106814214285714,15.337641269362518,1.1855079111582258,chronos2,,168
2014-05-16,14.470457404761905,17.644988131026395,1.41695754372617,chronos2,,168
2014-05-17,14.412846672619047,17.530112033348043,1.4113162596101236,chronos2,,168
2014-05-18,16.13177730952381,19.381265390079086,1.579635177594203,chronos2,,168
2014-05-19,12.534578708333335,16.37589503775449,1.2273949165115965,chronos2,,168
2014-05-20,13.234096422619048,16.825934977694466,1.295892191649634,chronos2,,168
2014-05-21,12.106433898809524,16.232012061923868,1.1854706703946543,chronos2,,168
2014-05-22,10.66821057142857,14.212852550739628,1.0446388130253932,chronos2,,168
2014-05-23,12.618278964285716,16.42641367103944,1.235590905468,chronos2,,168
2014-05-24,12.212286273809525,14.229021660692968,1.1958358106996334,chronos2,,168
2014-05-25,14.195596791666668,16.250002907470133,1.3900429958093687,chronos2,,168
2014-05-26,16.64321781547619,19.994868939985388,1.629715797909486,chronos2,,168
2014-05-27,12.834410023809523,15.464674778622639,1.256754613473872,chronos2,,168
2014-05-28,14.378028809523808,16.373615892026827,1.4079068695411554,chronos2,,168
2014-05-29,11.597346761904761,13.897809470044837,1.1356204936605188,chronos2,,168
2014-05-30,13.411413714285713,14.964837244990033,1.3132552277328953,chronos2,,168
2014-05-31,11.531975690476191,13.920270952795786,1.129219311568535,chronos2,,168
2014-06-01,15.32523175,18.03593795363311,1.5006576592643386,chronos2,,168
2014-06-02,11.916406982142856,15.545111728338275,1.166863098736743,chronos2,,168
2014-06-03,11.804232071428572,15.226588784140704,1.1558788512103926,chronos2,,168
2014-06-04,12.51618119642857,16.821571053979543,1.2255934189811406,chronos2,,168
2014-06-05,13.243302589285715,16.249906569271776,1.2967936660773078,chronos2,,168
2014-06-06,11.933184107142857,15.81397892216918,1.1685059268219813,chronos2,,168
2014-06-07,13.782017351190477,16.886586168600513,1.3495450010521375,chronos2,,168
2014-06-08,14.028642821428573,16.49327900874843,1.3736947435760942,chronos2,,168
2014-06-09,10.779789238095239,13.511360544257752,1.0555646759079456,chronos2,,168
2014-06-10,10.684473458333335,13.08687166231349,1.0462312865483716,chronos2,,168
2014-06-11,11.554378095238095,14.693433158216145,1.1314129710733507,chronos2,,168
2014-06-12,11.387305898809524,13.789426415154683,1.1150531420469054,chronos2,,168
2014-06-13,9.243291702380954,12.448953045766054,0.9051097377364284,chronos2,,168
2014-06-14,9.16084488690476,12.054835341273229,0.8970364865683798,chronos2,,168
2014-06-15,9.022581166666665,11.546962337884928,0.8834976041450402,chronos2,,168
2014-06-16,10.427205297619047,12.521401404923541,1.0210394041573765,chronos2,,168
2014-06-17,13.367031648809524,17.80245280412373,1.3089093041229103,chronos2,,168
2014-06-18,14.807437547619047,18.92338463930359,1.4499548804482436,chronos2,,168
2014-06-19,15.39612381547619,19.546895817401175,1.5075994610441332,chronos2,,168
2014-06-20,12.998350130952382,17.194372664372082,1.2728077460762255,chronos2,,168
2014-06-21,12.159258142857144,16.573374411206174,1.1906432581713389,chronos2,,168
2014-06-22,13.112136571428572,17.484973778761468,1.283949795750027,chronos2,,168
2014-06-23,9.823673833333332,13.971719385941492,0.9619411713043967,chronos2,,168
2014-06-24,9.648459625,11.973450792375269,0.9447840706460426,chronos2,,168
2014-06-25,11.090195476190477,13.046019311435657,1.0859598768601955,chronos2,,168
2014-06-26,11.557367767857144,13.581842561622677,1.1317057219555335,chronos2,,168
2014-06-27,8.525184505952382,10.697651292705121,0.834792167204852,chronos2,,168
2014-06-28,8.293264404761905,10.211623138357336,0.8120823849407861,chronos2,,168
2014-06-29,9.765434982142857,12.39922635961022,0.9562383813217432,chronos2,,168
2014-06-30,9.559225095238096,11.714687106848162,0.9360461616380401,chronos2,,168
2014-07-01,7.339805071428572,9.569932956915437,0.7187189647521331,chronos2,,168
2014-07-02,7.615775428571429,9.941491104361669,0.745742179600179,chronos2,,168
2014-07-03,7.9022620773809535,9.879200988339543,0.7737951572533871,chronos2,,168
2014-07-04,7.8587083035714285,9.945793434921171,0.7695303405561041,chronos2,,168
2014-07-05,7.4759224345238104,9.772797944479429,0.7320476743481714,chronos2,,168
2014-07-06,11.40326617857143,15.17520104108948,1.116615984061918,chronos2,,168
2014-07-07,8.067239083333334,11.021274886065067,0.7899498237291445,chronos2,,168
2014-07-08,9.360020630952382,12.136542893972852,0.9165399179500773,chronos2,,168
2014-07-09,8.547330303571428,11.037475048755892,0.8369606995546183,chronos2,,168
2014-07-10,9.599855101190476,12.493507768580866,0.9400246808945855,chronos2,,168
2014-07-11,11.407072553571428,15.15119894069361,1.1169887070256526,chronos2,,168
2014-07-12,11.889834523809522,15.415128805997387,1.16426110460224,chronos2,,168
2014-07-13,11.64033357142857,15.24021268568907,1.1398297928092407,chronos2,,168
2014-07-14,11.262500541666666,15.405469788952486,1.1028321121682774,chronos2,,168
2014-07-15,11.616914,15.325870020851998,1.137536531616569,chronos2,,168
2014-07-16,10.20290867261905,14.108642775046965,0.9990761181370273,chronos2,,168
2014-07-17,9.511158476190477,13.403169159366904,0.931339443905778,chronos2,,168
2014-07-18,8.39608400595238,12.473201543552909,0.822150553864169,chronos2,,168
2014-07-19,9.297787321428572,12.874188196999203,0.9104459877491018,chronos2,,168
2014-07-20,11.209002047619048,12.825382487858299,1.0975935013491185,chronos2,,168
2014-07-21,8.593967607142858,10.739985742582363,0.841527457692674,chronos2,,168
2014-07-22,9.649051470238096,11.678511790053571,0.9448420245552649,chronos2,,168
2014-07-23,6.785342696428573,9.305644605368158,0.6644256122344693,chronos2,,168
2014-07-24,8.958770279761906,11.808145856187798,0.8772491964380522,chronos2,,168
2014-07-25,8.26666255952381,11.121741907555633,0.8094775132195405,chronos2,,168
2014-07-26,7.433480190476191,9.771467511128389,0.7278916994405537,chronos2,,168
2014-07-27,14.372428863095237,18.912081196488685,1.4073585187797057,chronos2,,168
2014-07-28,12.26505479761905,16.49005087362397,1.201002942310732,chronos2,,168
2014-07-29,11.683631428571429,16.879514648671346,1.1440695499633968,chronos2,,168
2014-07-30,13.158298375000001,17.930296426493445,1.2884699925878282,chronos2,,168
2014-07-31,13.040936273809523,17.095952297147402,1.2769778116582415,chronos2,,168
2014-08-01,12.675404261904763,16.964202647843955,1.2411846554881119,chronos2,,168
2014-08-02,12.099901035714286,16.09128146563568,1.1848309677656357,chronos2,,168
2014-08-03,11.824862696428571,16.08275594740916,1.157899016773087,chronos2,,168
2014-08-04,15.984204892857141,19.578064195363886,1.5651847809555366,chronos2,,168
2014-08-05,11.073849726190476,15.800421342700691,1.084359289323637,chronos2,,168
2014-08-06,9.218181785714286,14.093546069176366,0.9026509567284788,chronos2,,168
2014-08-07,9.615481928571429,13.673529545062243,0.941554871013846,chronos2,,168
2014-08-08,9.340557666666667,13.5968038971711,0.9146340905600708,chronos2,,168
2014-08-09,13.137340821428571,19.076081700647816,1.2864178139454787,chronos2,,168
2014-08-10,14.144968029761904,19.70508607266933,1.3850853912151377,chronos2,,168
2014-08-11,9.080866946428571,12.056390049861243,0.889204989406989,chronos2,,168
2014-08-12,11.255772648809524,15.008501713190304,1.1021733120854151,chronos2,,168
2014-08-13,9.053982172619047,12.15193319081474,0.8865724131175733,chronos2,,168
2014-08-14,10.28469994642857,13.261518489587411,1.0070851781959882,chronos2,,168
2014-08-15,8.507637124999999,11.993813495781714,0.8330739151055829,chronos2,,168
2014-08-16,12.691813196428571,17.186997175210116,1.2427914300984546,chronos2,,168
2014-08-17,10.27299831547619,13.697237976992188,1.0059393461197734,chronos2,,168
2014-08-18,10.381207654761905,13.448965925457694,1.016535282054187,chronos2,,168
2014-08-19,8.488744595238094,12.227553203973708,0.8312239450723349,chronos2,,168
2014-08-20,10.336271178571428,13.158537224372447,1.0121350701503384,chronos2,,168
2014-08-21,9.776763529761903,13.11144844494501,0.95734768081099,chronos2,,168
2014-08-22,10.058994130952382,13.71298460626011,0.9849839032358333,chronos2,,168
2014-08-23,10.143378946428571,14.704842806060693,0.9932469247506598,chronos2,,168
2014-08-24,8.894226125,11.661430607673433,0.8709289866177865,chronos2,,168
2014-08-25,7.8038337916666665,10.725516099605736,0.7641569890837342,chronos2,,168
2014-08-26,9.56037443452381,13.278248126928021,0.936158705763332,chronos2,,168
2014-08-27,7.885859702380952,11.578652737441372,0.7721890249563091,chronos2,,168
2014-08-28,8.841957958333333,12.769561707661223,0.8658108503361582,chronos2,,168
2014-08-29,7.311912720238095,10.987106014545377,0.7159877257645805,chronos2,,168
2014-08-30,8.516204154761905,12.2898127220112,0.833912804790194,chronos2,,168
2014-08-31,8.48541413690476,11.52661947023974,0.8308978242091526,chronos2,,168
2014-09-01,9.009618208333332,11.972089248971308,0.8822282619891123,chronos2,,168
2014-09-02,9.888454452380952,12.525163819092425,0.9682845358767267,chronos2,,168
2014-09-03,9.70584957142857,12.65958450298927,0.9504037352669582,chronos2,,168
2014-09-04,10.30576355357143,13.176942647755295,1.0091477416799413,chronos2,,168
2014-09-05,10.110334875,13.005576538462824,0.9900112256309669,chronos2,,168
2014-09-06,10.118969613095237,12.919951442421889,0.990856745364028,chronos2,,168
2014-09-07,12.662610517857141,16.450082431882535,1.2399318829161257,chronos2,,168
2014-09-08,11.785315461309525,15.832006240405901,1.1540265232113418,chronos2,,168
2014-09-09,15.998709083333333,21.074295606778257,1.5666050416657555,chronos2,,168
2014-09-10,15.724576845238094,21.87009488166341,1.5397618167501588,chronos2,,168
2014-09-11,16.54953699404762,22.92811437705917,1.6205425048398423,chronos2,,168
2014-09-12,15.709626375000001,21.51467723441517,1.5382978560063092,chronos2,,168
2014-09-13,15.675521601190475,22.063642132257392,1.5349582921504645,chronos2,,168
2014-09-14,15.241639488095236,21.876938154152324,1.492472245162355,chronos2,,168
2014-09-15,15.71154355654762,20.090320920926576,1.538485587795333,chronos2,,168
2014-09-16,11.502936125,15.025130803396037,1.126375736537211,chronos2,,168
2014-09-17,9.518077136904761,13.00700786966047,0.9320169241137196,chronos2,,168
2014-09-18,8.665146827380953,11.237177804782608,0.8484973778722341,chronos2,,168
2014-09-19,7.767680017857143,9.886393938910784,0.7606167856816831,chronos2,,168
2014-09-20,7.581823607142856,10.280859848911527,0.7424175929509257,chronos2,,168
2014-09-21,10.210129535714286,13.936031737411819,0.9997831902183592,chronos2,,168
2014-09-22,9.550199339285715,11.854429318893843,0.9351623531566061,chronos2,,168
2014-09-23,8.663132910714285,10.888392439795373,0.848300173711132,chronos2,,168
2014-09-24,8.617193613095239,10.396274232761817,0.843801764815407,chronos2,,168
2014-09-25,9.587221202380952,12.156508383698213,0.9387875604826946,chronos2,,168
2014-09-26,10.401782172619047,13.503958065655329,1.0185499535653042,chronos2,,168
2014-09-27,10.306479130952383,12.961618495585045,1.009217811529131,chronos2,,168
2014-09-28,13.455357124999999,16.81987901763412,1.3175581979547055,chronos2,,168
2014-09-29,10.496376791666668,13.502105524305186,1.0278127263516932,chronos2,,168
2014-09-30,10.440150607142858,13.484142609794844,1.022307018129247,chronos2,,168
2014-10-01,10.981603404761906,13.881811010804403,1.075326463520481,chronos2,,168
2014-10-02,10.653859863095239,14.10531123610167,1.0432335813964306,chronos2,,168
2014-10-03,11.150512345238095,14.577973879401293,1.0918661478383913,chronos2,,168
2014-10-04,11.409924803571428,14.812932906366305,1.1172680013866425,chronos2,,168
2014-10-05,9.56378580357143,12.020824958609392,0.9364927494615546,chronos2,,168
2014-10-06,9.973425136904762,12.38554615429687,0.9766049261079275,chronos2,,168
2014-10-07,10.835013797619048,12.80685434152099,1.060972304293657,chronos2,,168
2014-10-08,12.780435166666667,15.945242684648194,1.2514693568395556,chronos2,,168
2014-10-09,13.961390970238096,17.41303599321534,1.3671093941839916,chronos2,,168
2014-10-10,12.693883351190477,15.190991143144567,1.2429941411340848,chronos2,,168
2014-10-11,12.989650011904763,15.245141916011486,1.2719558241935225,chronos2,,168
2014-10-12,15.467692767857143,18.087307527551488,1.5146075440740032,chronos2,,168
2014-10-13,12.543512095238095,15.873350178419914,1.2282696801497908,chronos2,,168
2014-10-14,13.958841452380952,17.06341000860986,1.3668597435710568,chronos2,,168
2014-10-15,14.966390464285714,18.5769608594974,1.4655196637904753,chronos2,,168
2014-10-16,16.21167280952381,20.04650748022442,1.5874586021251735,chronos2,,168
2014-10-17,21.012956898809524,25.281904858027602,2.0576037758117383,chronos2,,168
2014-10-18,16.749242077380952,19.867453540910706,1.6400977695031767,chronos2,,168
2014-10-19,21.785202208333335,25.28955592159829,2.1332225891173096,chronos2,,168
2014-11-10,14.909193095238095,19.287223725219327,1.4599188564845056,chronos2,,168
2014-11-11,14.717089595238095,18.688936072563887,1.4411079443006498,chronos2,,168
2014-11-12,12.958515940476191,16.639171066466236,1.2689071536405718,chronos2,,168
2014-11-13,13.742638065476191,18.83945160267985,1.3456889532162866,chronos2,,168
2014-11-14,14.038473374999999,18.867139157219842,1.3746573584162756,chronos2,,168
2014-11-15,10.752709738095238,14.614540783555208,1.0529130318906177,chronos2,,168
2014-11-16,12.565481815476192,15.091542275624322,1.2304209708764184,chronos2,,168
2014-11-17,9.349401851190477,12.169146430771596,0.9155001194372916,chronos2,,168
2014-11-18,8.992862380952383,11.558001002624794,0.8805875193819714,chronos2,,168
2014-11-19,9.276786964285714,11.666152937146151,0.9083896177504088,chronos2,,168
2014-11-20,10.551936833333334,12.999654531247455,1.0332532053888945,chronos2,,168
2014-11-21,10.534678988095239,13.02140103628997,1.031563304833952,chronos2,,168
2014-11-22,10.248234738095238,12.527149025650504,1.0035144789025119,chronos2,,168
2014-11-23,16.205967315476194,19.182370550986114,1.5868999160653399,chronos2,,168
2014-11-24,12.124184023809525,15.352412696905688,1.187208775336144,chronos2,,168
2014-11-25,13.20387567857143,17.271978265812983,1.2929329547673778,chronos2,,168
2014-11-26,12.018893297619048,15.197496153933146,1.1768986320844934,chronos2,,168
2014-11-27,12.513399589285715,16.16206867242681,1.2253210420192724,chronos2,,168
2014-11-28,12.005004404761905,15.489861735716946,1.1755386217574213,chronos2,,168
2014-11-29,11.075988702380952,14.777639182807313,1.0845687394027994,chronos2,,168
2014-11-30,10.673822886904762,12.96486674152341,1.0451883749728368,chronos2,,168
2014-12-01,11.764492404761905,14.506190419559818,1.151987514613806,chronos2,,168
2014-12-02,9.94835869047619,12.477114925252476,0.9741504017367986,chronos2,,168
2014-12-03,9.892738279761906,13.097069077783075,0.9687040113192559,chronos2,,168
2014-12-04,9.541193726190476,12.35027314704808,0.9342805170781572,chronos2,,168
2014-12-05,8.657916297619048,11.816808397230737,0.8477893592239849,chronos2,,168
2014-12-06,9.105647017857143,11.9543525872667,0.8916314717331961,chronos2,,168
2014-12-07,9.159240077380954,12.630994686353073,0.8968793424714521,chronos2,,168
2014-12-08,10.192356279761905,15.094298819099885,0.9980428202774605,chronos2,,168
2014-12-09,10.839801244047619,14.823430471850545,1.0614410944737045,chronos2,,168
2014-12-10,8.98327768452381,12.556360292997962,0.8796489790491466,chronos2,,168
2014-12-11,9.467447273809524,12.740454771129812,0.9270592116901295,chronos2,,168
2014-12-12,10.436607672619047,13.627847637540969,1.0219600914454514,chronos2,,168
2014-12-13,8.567260803571429,11.826697746842097,0.838912308376323,chronos2,,168
2014-12-14,8.513468994047619,11.265475637714694,0.8336449758958472,chronos2,,168
2014-12-15,7.941794386904761,10.719233581335597,0.777666189290166,chronos2,,168
2014-12-16,8.798381666666668,11.291815232079667,0.8615438286741909,chronos2,,168
2014-12-17,10.607741375,15.573435942626444,1.038717626041053,chronos2,,168
2014-12-18,11.049527886904762,15.520504735375065,1.0819776774167564,chronos2,,168
2014-12-19,18.288116547619047,27.58264694893038,1.790785458804133,chronos2,,168
2014-12-20,16.753177339285713,25.479007065142568,1.6404831131648536,chronos2,,168
2014-12-21,20.56945504761905,28.27524001940704,2.01417575718573,chronos2,,168
2014-12-22,18.237733422619048,26.68842284154838,1.7858519071513874,chronos2,,168
2014-12-23,17.483380660714285,25.841258054116732,1.7119851449120764,chronos2,,168
2014-12-24,16.66025944642857,22.892444758108716,1.631384526606854,chronos2,,168
2014-12-25,21.510106392857143,30.50010804100732,2.1062850100150614,chronos2,,168
2014-03-14,6.400546178571429,9.289238391515054,0.626746061856344,timesfm3,,168
2014-03-15,7.212123708333334,10.408695560778341,0.706216314312659,timesfm3,,168
2014-03-16,6.985989047619047,9.617080451206313,0.68407304651992,timesfm3,,168
2014-03-17,8.239612339285713,11.14552431031666,0.80682873629745,timesfm3,,168
2014-03-18,8.226304255952382,10.538009271994136,0.8055255992545604,timesfm3,,168
2014-03-19,9.86510950595238,12.552512570472912,0.9659985820174545,timesfm3,,168
2014-03-20,12.995668875,16.725267442740122,1.2725451955747369,timesfm3,,168
2014-03-21,15.001163708333333,18.306676250184946,1.4689246847303723,timesfm3,,168
2014-03-22,12.216224333333333,16.028552510159408,1.1962214283061692,timesfm3,,168
2014-03-23,13.625416958333332,16.883894548163738,1.3342105785247338,timesfm3,,168
2014-04-14,19.623988351190476,23.637401686539235,1.9215949817220965,timesfm3,,168
2014-04-15,17.23864830952381,21.62802048039735,1.688020777959925,timesfm3,,168
2014-04-16,13.574357636904763,16.955167805456973,1.3292108132338354,timesfm3,,168
2014-04-17,13.981990625,18.133364091421775,1.36912652711881,timesfm3,,168
2014-04-18,22.184835857142858,26.850138821654642,2.172355001975325,timesfm3,,168
2014-04-19,13.695600172619047,17.68016162029188,1.341082969088723,timesfm3,,168
2014-04-20,11.514416613095237,14.422071228474387,1.1274999141466104,timesfm3,,168
2014-04-21,12.791192511904761,15.952772534240527,1.2525227237829228,timesfm3,,168
2014-04-22,12.671605726190474,15.99757032227098,1.2408127001528433,timesfm3,,168
2014-04-23,13.326128666666667,16.59850554142697,1.3049040548424593,timesfm3,,168
2014-04-24,11.434618577380952,13.597180924118234,1.1196860333882401,timesfm3,,168
2014-04-25,12.46019411904762,15.213811199207088,1.2201111243012213,timesfm3,,168
2014-04-26,13.701991999999999,16.739598271837327,1.3417088613996775,timesfm3,,168
2014-04-27,16.35564031547619,19.796331159452887,1.601556003327124,timesfm3,,168
2014-04-28,12.57726336904762,16.113777266368444,1.2315746290326803,timesfm3,,168
2014-04-29,10.630967101190476,13.915159990662191,1.0409919057693002,timesfm3,,168
2014-04-30,11.145081583333333,14.413586525530675,1.0913343637465767,timesfm3,,168
2014-05-01,10.936865279761905,14.661044467221323,1.0709456743071382,timesfm3,,168
2014-05-02,10.96622875595238,14.840696369723725,1.0738209669073864,timesfm3,,168
2014-05-03,10.349052607142855,14.325887600273306,1.013386636782083,timesfm3,,168
2014-05-04,13.356875565476189,16.73444715749373,1.3079148131755027,timesfm3,,168
2014-05-05,11.977261648809522,15.678444204047032,1.1728220312426287,timesfm3,,168
2014-05-06,12.351466517857142,16.496582804516766,1.2094644397902399,timesfm3,,168
2014-05-07,11.946344696428572,15.922777129423881,1.1697946211421855,timesfm3,,168
2014-05-08,11.83079586904762,16.34656734315876,1.1584799972815552,timesfm3,,168
2014-05-09,11.75912525,15.798389983170237,1.1514619589789354,timesfm3,,168
2014-05-10,11.833675345238095,15.906655230774172,1.1587619576505988,timesfm3,,168
2014-05-11,10.831173523809523,14.489455880939975,1.0605962619342364,timesfm3,,168
2014-05-12,11.49830581547619,15.042577610672678,1.12592233331532,timesfm3,,168
2014-05-13,10.457834446428572,13.65463004121076,1.0240386323261617,timesfm3,,168
2014-05-14,11.550399083333335,14.58551975907791,1.1310233433803676,timesfm3,,168
2014-05-15,14.026865583333333,17.149184350684546,1.3735207151500666,timesfm3,,168
2014-05-16,14.376863654761905,17.70889903010815,1.4077927767531178,timesfm3,,168
2014-05-17,16.393423642857144,20.132608662121363,1.605255773780952,timesfm3,,168
2014-05-18,15.171207880952382,18.915099052030307,1.4855755317920516,timesfm3,,168
2014-05-19,15.231462958333333,18.833184352042394,1.4914757520860311,timesfm3,,168
2014-05-20,12.89220394642857,16.468556179061267,1.2624138357324326,timesfm3,,168
2014-05-21,12.642765910714285,16.90220714654687,1.2379886847844548,timesfm3,,168
2014-05-22,10.320050886904761,14.184457622470418,1.0105467675835544,timesfm3,,168
2014-05-23,10.272368041666667,14.087284502006877,1.0058776292573386,timesfm3,,168
2014-05-24,11.498804833333333,13.937598588391154,1.1259711975009747,timesfm3,,168
2014-05-25,11.07873036904762,13.522625034580662,1.0848372053646589,timesfm3,,168
2014-05-26,14.302743476190477,17.1428195912594,1.4005348758290905,timesfm3,,168
2014-05-27,9.888455416666668,11.93138896164912,0.9682846303002739,timesfm3,,168
2014-05-28,11.666941791666668,13.883901021482098,1.1424352887750482,timesfm3,,168
2014-05-29,9.75652592857143,12.552824942704989,0.9553660004209611,timesfm3,,168
2014-05-30,10.506465767857142,12.625983151061373,1.0288006461196515,timesfm3,,168
2014-05-31,11.019991636904761,13.994052420485058,1.0790854666814473,timesfm3,,168
2014-06-01,12.70552825,16.055251499538755,1.244134417958275,timesfm3,,168
2014-06-02,11.892358041666668,15.060854146261784,1.1645082092765697,timesfm3,,168
2014-06-03,11.116133029761905,14.819612096545765,1.0884997006660926,timesfm3,,168
2014-06-04,10.989048904761905,15.05964304720001,1.076055532208271,timesfm3,,168
2014-06-05,12.331453160714286,15.939732132301746,1.2075047175378164,timesfm3,,168
2014-06-06,11.409052029761906,15.347767546899446,1.1171825387506815,timesfm3,,168
2014-06-07,12.911414440476191,15.890157161646487,1.2642949410560644,timesfm3,,168
2014-06-08,11.367356517857143,14.105964630851487,1.1130996843888328,timesfm3,,168
2014-06-09,12.827889154761905,15.625386018565976,1.2561160853105788,timesfm3,,168
2014-06-10,11.323019767857144,14.220502901007187,1.1087581981027028,timesfm3,,168
2014-06-11,13.752182517857142,16.358579687115324,1.3466235528231703,timesfm3,,168
2014-06-12,12.22450930952381,15.013160557237864,1.1970326991032363,timesfm3,,168
2014-06-13,10.068496005952381,12.918579844954428,0.9859143336351074,timesfm3,,168
2014-06-14,10.593734166666666,13.537747698726676,1.0373460301778892,timesfm3,,168
2014-06-15,9.172378464285714,11.55842933016792,0.8981658627186259,timesfm3,,168
2014-06-16,13.574622785714284,16.9785907513033,1.3292367767949969,timesfm3,,168
2014-06-17,14.664816601190477,19.29555592646759,1.435989335318424,timesfm3,,168
2014-06-18,16.66465932142857,20.501363326388226,1.6318153655152805,timesfm3,,168
2014-06-19,16.496505130952382,20.141272970666474,1.6153495868574483,timesfm3,,168
2014-06-20,13.823728988095237,16.866736278473596,1.3536294343855242,timesfm3,,168
2014-06-21,13.461967702380951,16.72581201337086,1.3182055104221913,timesfm3,,168
2014-06-22,14.117469476190475,17.466195686479004,1.3823927131722327,timesfm3,,168
2014-06-23,12.672683726190476,16.849854492215616,1.2409182586842298,timesfm3,,168
2014-06-24,9.296493315476189,12.200336126512278,0.91031927776029,timesfm3,,168
2014-06-25,8.802424892857143,11.328911410832314,0.861939744275981,timesfm3,,168
2014-06-26,8.948325898809523,11.211913378274696,0.8762264751814899,timesfm3,,168
2014-06-27,8.440752089285715,11.325427975160466,0.8265244845473918,timesfm3,,168
2014-06-28,8.322346148809524,10.28658718388636,0.8149300901280061,timesfm3,,168
2014-06-29,9.323301083333334,11.804345638063841,0.9129443135717455,timesfm3,,168
2014-06-30,10.146793029761906,13.781855233349782,0.9935812342336816,timesfm3,,168
2014-07-01,7.4255428750000005,10.041763022174575,0.7271144718294055,timesfm3,,168
2014-07-02,8.236567601190476,10.272215557561474,0.8065305933644354,timesfm3,,168
2014-07-03,8.486485017857143,10.72451608531356,0.8310026856383022,timesfm3,,168
2014-07-04,9.359638297619048,11.775698199964268,0.9165024795964901,timesfm3,,168
2014-07-05,9.666155166666666,12.13665590601054,0.9465168307484739,timesfm3,,168
2014-07-06,9.264949267857142,11.762966556552861,0.9072304620454007,timesfm3,,168
2014-07-07,8.55138868452381,11.363579971102181,0.8373580991215385,timesfm3,,168
2014-07-08,8.89728343452381,11.952533062126326,0.8712283605540826,timesfm3,,168
2014-07-09,9.853477297619047,12.541181306926669,0.9648595478537737,timesfm3,,168
2014-07-10,9.080497863095237,12.266712415352442,0.8891688485028831,timesfm3,,168
2014-07-11,11.188605238095239,14.875700072623589,1.0955962311651644,timesfm3,,168
2014-07-12,11.052698035714286,13.95279163808875,1.082288100656654,timesfm3,,168
2014-07-13,10.791773321428572,13.964674175657121,1.056738165923418,timesfm3,,168
2014-07-14,11.295105755952381,14.742998597230446,1.1060248380825075,timesfm3,,168
2014-07-15,12.284681904761905,15.83938971834155,1.2029248426867656,timesfm3,,168
2014-07-16,10.937026392857144,15.079852530399044,1.070961450616712,timesfm3,,168
2014-07-17,10.621334452380953,14.74399998579604,1.0400486699050195,timesfm3,,168
2014-07-18,9.281596845238097,12.768961938429555,0.9088606047350813,timesfm3,,168
2014-07-19,9.92762319047619,12.062031882079872,0.9721199667390584,timesfm3,,168
2014-07-20,9.884585809523811,11.898081889072408,0.9679057155998634,timesfm3,,168
2014-07-21,11.587061505952382,13.86492696459756,1.134613354037822,timesfm3,,168
2014-07-22,8.656226851190477,10.741501465955109,0.8476239274207787,timesfm3,,168
2014-07-23,8.437988964285713,11.074718844722634,0.8262539173701773,timesfm3,,168
2014-07-24,10.487286535714286,13.738392484196984,1.0269226019841047,timesfm3,,168
2014-07-25,9.121648803571428,11.931837290990057,0.8931983780407662,timesfm3,,168
2014-07-26,8.006323702380953,11.440729409171496,0.7839849460369559,timesfm3,,168
2014-07-27,14.278895005952382,18.134572959078174,1.3981996165580826,timesfm3,,168
2014-07-28,12.57901030357143,16.901735766966244,1.231745690111309,timesfm3,,168
2014-07-29,11.904483714285714,15.97689064811278,1.1656955638162168,timesfm3,,168
2014-07-30,12.091446130952383,15.961818906220621,1.1840030574412581,timesfm3,,168
2014-07-31,13.00178401190476,17.33769076464558,1.2731439941562708,timesfm3,,168
2014-08-01,13.215688232142858,17.93645407928317,1.2940896484658226,timesfm3,,168
2014-08-02,12.76175869047619,16.98472077601893,1.2496405429266235,timesfm3,,168
2014-08-03,15.625103976190477,19.934103317568812,1.5300213622330316,timesfm3,,168
2014-08-04,16.068294398809524,20.523359334142494,1.5734188855504765,timesfm3,,168
2014-08-05,9.945509476190475,14.736984763425705,0.9738714046351236,timesfm3,,168
2014-08-06,9.640339113095237,14.629721184557795,0.9439889043095185,timesfm3,,168
2014-08-07,9.43596794642857,13.381477244032975,0.923976733427266,timesfm3,,168
2014-08-08,9.819301244047617,13.86787790382342,0.9615130042326376,timesfm3,,168
2014-08-09,11.916047065476189,18.280594293255735,1.1668278554391964,timesfm3,,168
2014-08-10,14.475725642857142,18.061273521171735,1.4174734133702585,timesfm3,,168
2014-08-11,10.377472297619047,13.133380812975469,1.0161695132098418,timesfm3,,168
2014-08-12,9.139495285714286,11.79019297556218,0.8949459183426349,timesfm3,,168
2014-08-13,9.606966559523809,12.842281979933796,0.9407210399833446,timesfm3,,168
2014-08-14,9.721070261904762,13.255938964926901,0.9518941561698843,timesfm3,,168
2014-08-15,9.124408958333333,12.500463121421951,0.8934686543701409,timesfm3,,168
2014-08-16,7.709024422619047,9.61661933318155,0.7548731878236762,timesfm3,,168
2014-08-17,9.585224994047618,11.945694396820587,0.9385920903342639,timesfm3,,168
2014-08-18,12.41300173809524,15.300516205646142,1.2154900125888253,timesfm3,,168
2014-08-19,8.219178404761905,11.557091663919103,0.8048278308069304,timesfm3,,168
2014-08-20,9.171401702380953,12.16572867277734,0.8980702174939683,timesfm3,,168
2014-08-21,10.901852113095238,14.552509936707063,1.0675171599727018,timesfm3,,168
2014-08-22,9.528977214285714,12.903283229542602,0.9330842674906508,timesfm3,,168
2014-08-23,9.78117005952381,13.476836904705783,0.9577791713584644,timesfm3,,168
2014-08-24,8.404848869047619,10.94122596146716,0.823008815530344,timesfm3,,168
2014-08-25,9.524752363095237,12.044232709724668,0.9326705670388947,timesfm3,,168
2014-08-26,8.652811452380954,11.995276689597123,0.847289489125387,timesfm3,,168
2014-08-27,7.985903148809523,11.330400410785405,0.7819853508188682,timesfm3,,168
2014-08-28,8.284858511904762,11.681396739434351,0.8112592738971943,timesfm3,,168
2014-08-29,7.307374130952381,9.973432657198861,0.7155433038540365,timesfm3,,168
2014-08-30,7.634465047619048,10.766958195289002,0.7475722804710869,timesfm3,,168
2014-08-31,8.254682720238096,11.269906505401941,0.8083044387842475,timesfm3,,168
2014-09-01,9.214582750000002,11.597745242409525,0.9022985365759674,timesfm3,,168
2014-09-02,9.980950547619049,12.40333637993437,0.9773418197100424,timesfm3,,168
2014-09-03,9.287494410714286,11.83416237830432,0.9094380985666416,timesfm3,,168
2014-09-04,9.87688669047619,12.62351194677926,0.9671518123534476,timesfm3,,168
2014-09-05,10.403229136904761,12.904493457938944,1.018691641343568,timesfm3,,168
2014-09-06,10.233715517857142,12.849541956645528,1.0020927464672522,timesfm3,,168
2014-09-07,12.10541249404762,15.458867258822915,1.18537065370948,timesfm3,,168
2014-09-08,12.108168693452381,16.450854209487144,1.1856405427274528,timesfm3,,168
2014-09-09,15.130063494047617,20.61880732966968,1.4815466439845721,timesfm3,,168
2014-09-10,15.851740571428572,22.098648406526458,1.552213779813512,timesfm3,,168
2014-09-11,15.328605297619045,20.680195650468487,1.500987999461211,timesfm3,,168
2014-09-12,15.010656470238095,20.065722933199986,1.4698542227688396,timesfm3,,168
2014-09-13,15.393135517857141,21.102601481310142,1.5073068448029339,timesfm3,,168
2014-09-14,15.376803839285712,21.886318888501744,1.5057076351507301,timesfm3,,168
2014-09-15,11.771234726190475,15.261141870141612,1.1526477275527067,timesfm3,,168
2014-09-16,9.09516344047619,12.39998241686341,0.8906049123343003,timesfm3,,168
2014-09-17,11.91238799404762,15.103777771949815,1.1664695565465826,timesfm3,,168
2014-09-18,8.802745386904762,11.045902512939753,0.8619711272824604,timesfm3,,168
2014-09-19,8.885536,10.86404279516671,0.8700780433593777,timesfm3,,168
2014-09-20,8.457947017857142,11.042288009799135,0.8282082242573128,timesfm3,,168
2014-09-21,11.08564636309524,15.985027428833693,1.0855144244506925,timesfm3,,168
2014-09-22,14.77488645238095,18.67591470068683,1.4467674539098818,timesfm3,,168
2014-09-23,9.679462636904763,12.039372601844551,0.9478199077566394,timesfm3,,168
2014-09-24,8.463483267857143,10.254400747726026,0.8287503378188974,timesfm3,,168
2014-09-25,7.736320374999999,9.999948205910409,0.757546027013034,timesfm3,,168
2014-09-26,8.560042327380952,10.945052385731378,0.8382054700224131,timesfm3,,168
2014-09-27,8.503099107142859,10.886894007837318,0.8326295491497339,timesfm3,,168
2014-09-28,9.84826525,12.563098356396539,0.9643491804213221,timesfm3,,168
2014-09-29,9.9759775,13.03901944672429,0.9768548553286124,timesfm3,,168
2014-09-30,10.050203833333333,12.948553455844124,0.9841231510028864,timesfm3,,168
2014-10-01,10.791050958333333,13.530123202858212,1.0566674316122295,timesfm3,,168
2014-10-02,9.539846684523809,11.895487078012183,0.934148613794252,timesfm3,,168
2014-10-03,11.276497654761904,14.24744017967222,1.104202719498503,timesfm3,,168
2014-10-04,11.15179861904762,14.711957404234457,1.091992100690241,timesfm3,,168
2014-10-05,9.614003553571429,11.742584843111244,0.9414101074759624,timesfm3,,168
2014-10-06,10.555658809523809,12.425303740041796,1.033617663960807,timesfm3,,168
2014-10-07,11.347919839285714,13.69868263510675,1.1111964309147786,timesfm3,,168
2014-10-08,11.436030857142857,14.074811821507996,1.1198243248331134,timesfm3,,168
2014-10-09,12.180142220238096,15.000208713753073,1.1926882419725393,timesfm3,,168
2014-10-10,11.845238113095238,14.222684427569613,1.1598941921531611,timesfm3,,168
2014-10-11,13.091651083333334,15.312565147726577,1.2819438420969027,timesfm3,,168
2014-10-12,15.365253267857142,17.999663503937366,1.504576594931181,timesfm3,,168
2014-10-13,12.869998464285716,15.769732273049641,1.2602394590313868,timesfm3,,168
2014-10-14,15.01315030357143,17.495357458007362,1.4700984207133567,timesfm3,,168
2014-10-15,15.972553029761906,19.050158465941617,1.5640438221835058,timesfm3,,168
2014-10-16,16.82348501190476,20.039971650041473,1.6473676907779016,timesfm3,,168
2014-10-17,21.424072773809524,24.990057906337956,2.0978605364746827,timesfm3,,168
2014-10-18,16.815790172619046,19.922278332788192,1.6466142066088338,timesfm3,,168
2014-10-19,17.530054369047622,20.073474483353273,1.716555467830468,timesfm3,,168
2014-11-10,14.178069505952381,18.841267615402295,1.3883267114501934,timesfm3,,168
2014-11-11,13.768727970238094,17.560648167467992,1.3482436953597732,timesfm3,,168
2014-11-12,12.989959672619047,17.507526222200532,1.2719861463922495,timesfm3,,168
2014-11-13,14.171712672619048,19.180989249467398,1.3877042457814226,timesfm3,,168
2014-11-14,16.40836032142857,20.526834296932716,1.6067183840349328,timesfm3,,168
2014-11-15,11.285273386904763,15.696416954397101,1.1050620454695983,timesfm3,,168
2014-11-16,14.675235571428573,17.62717716687229,1.4370095683396602,timesfm3,,168
2014-11-17,12.268069797619049,16.49108248556595,1.201298173268181,timesfm3,,168
2014-11-18,9.998839726190477,13.485946728496017,0.9790935408767492,timesfm3,,168
2014-11-19,9.568200238095237,12.318453331487916,0.9369250140489708,timesfm3,,168
2014-11-20,11.273458202380953,14.523172073340353,1.1039050941464135,timesfm3,,168
2014-11-21,11.830260244047619,14.888733032660262,1.158427548498277,timesfm3,,168
2014-11-22,11.465293309523808,14.095664487003413,1.1226897251096433,timesfm3,,168
2014-11-23,15.391308226190477,18.224034881503716,1.5071279150953756,timesfm3,,168
2014-11-24,12.637541761904762,15.59158468349463,1.2374771323947726,timesfm3,,168
2014-11-25,15.791157148809523,18.380859934451493,1.5462814077188634,timesfm3,,168
2014-11-26,10.638367845238095,13.454159291537128,1.0417165919222071,timesfm3,,168
2014-11-27,13.092680761904763,15.676876473945955,1.282044668959426,timesfm3,,168
2014-11-28,12.951949023809524,16.11603249336003,1.268264116461471,timesfm3,,168
2014-11-29,10.443193333333333,13.50921424722375,1.0226049640551076,timesfm3,,168
2014-11-30,13.44642255952381,15.671931470588405,1.3166833189099534,timesfm3,,168
2014-12-01,13.153228321428571,16.44124558067623,1.2879735293141261,timesfm3,,168
2014-12-02,12.246789488095239,15.486495242562937,1.1992143901320191,timesfm3,,168
2014-12-03,11.35058525595238,14.334615773241756,1.1114574304220757,timesfm3,,168
2014-12-04,10.677207732142858,13.744545760623131,1.045519821440651,timesfm3,,168
2014-12-05,8.978915,11.583290188178102,0.879221781858761,timesfm3,,168
2014-12-06,9.871738642857142,12.974448286494821,0.9666477118467924,timesfm3,,168
2014-12-07,9.343392321428572,12.680311813877612,0.9149116619827555,timesfm3,,168
2014-12-08,9.828036749999999,13.168149795764968,0.962368391226377,timesfm3,,168
2014-12-09,9.23500343452381,12.700379970173419,0.9042981446170055,timesfm3,,168
2014-12-10,8.934094863095238,12.063366626884104,0.8748329619810186,timesfm3,,168
2014-12-11,9.777897535714287,13.047602001368926,0.95745872348531,timesfm3,,168
2014-12-12,10.063704910714288,13.240192154426659,0.9854451861610203,timesfm3,,168
2014-12-13,9.461436857142857,12.822428677529873,0.9264706673892443,timesfm3,,168
2014-12-14,9.300491375,11.82030380777489,0.9107107706097605,timesfm3,,168
2014-12-15,8.357196386904763,11.130103810132185,0.818342650380141,timesfm3,,168
2014-12-16,7.822376226190476,10.537296052839185,0.7659726775407496,timesfm3,,168
2014-12-17,11.040209410714287,15.967679333603014,1.0810652055601457,timesfm3,,168
2014-12-18,11.224815797619048,15.573735611889093,1.0991419950649925,timesfm3,,168
2014-12-19,17.583869666666665,26.575943266193484,1.7218251002820364,timesfm3,,168
2014-12-20,16.546369095238095,25.514675735454414,1.620232301921554,timesfm3,,168
2014-12-21,20.568830035714285,27.509725862709683,2.014114555572774,timesfm3,,168
2014-12-22,16.97309500595238,25.2599550010463,1.6620176084517437,timesfm3,,168
2014-12-23,17.541571732142856,25.78702511003414,1.717683256266254,timesfm3,,168
2014-12-24,16.090333958333332,23.00636266104699,1.575577014989936,timesfm3,,168
2014-12-25,19.97895961309524,29.229826303920888,1.956354021695251,timesfm3,,168
2014-03-14,6.742356773809524,9.727157057195562,0.660216399932096,toto2,,168
2014-03-15,7.427735541666666,11.766282881957947,0.727329179318416,toto2,,168
2014-03-16,7.275870089285713,10.12980102721239,0.7124584055506313,toto2,,168
2014-03-17,8.291387035714285,11.07657342313103,0.8118985516202507,toto2,,168
2014-03-18,8.621224130952381,10.978832913234578,0.8441964360081035,toto2,,168
2014-03-19,9.961890190476192,12.602523454305983,0.9754754158995589,toto2,,168
2014-03-20,12.362528517857143,16.17346614455701,1.2105476387458955,toto2,,168
2014-03-21,14.822994339285716,18.191635735614092,1.4514782126202457,toto2,,168
2014-03-22,10.736570547619047,14.843920262660017,1.0513326708104387,toto2,,168
2014-03-23,16.77834624404762,19.832898783253423,1.6429476703292987,toto2,,168
2014-04-14,18.34949725,22.099089273675826,1.796795901103578,toto2,,168
2014-04-15,15.157763964285712,19.034892285943634,1.484259093851963,toto2,,168
2014-04-16,11.715822696428571,15.533713606090451,1.147221741947133,toto2,,168
2014-04-17,14.135949196428571,19.014643742454414,1.3842022606015145,toto2,,168
2014-04-18,21.662584017857142,26.148835572339994,2.1212157281637563,toto2,,168
2014-04-19,13.073540208333332,17.69248802435383,1.2801704122572704,toto2,,168
2014-04-20,12.79575780357143,16.468239796164905,1.2529697604097174,toto2,,168
2014-04-21,10.153008398809524,13.224276691790147,0.9941898476183675,toto2,,168
2014-04-22,11.209119595238096,15.81897666084219,1.0976050116960894,toto2,,168
2014-04-23,13.371522916666667,18.09994408292746,1.3093490922853064,toto2,,168
2014-04-24,11.598980726190476,14.404414252315101,1.1357804926125945,toto2,,168
2014-04-25,9.817667095238095,12.51746751553293,0.9613529872118584,toto2,,168
2014-04-26,11.312085232142858,13.998707730282725,1.107687480541114,toto2,,168
2014-04-27,11.212518702380951,14.667110859358345,1.097937854699823,toto2,,168
2014-04-28,10.798125357142856,13.785991412467498,1.0573601618058988,toto2,,168
2014-04-29,10.620904297619047,13.570458058581796,1.040006548842927,toto2,,168
2014-04-30,9.526668535714286,12.345512235585785,0.9328582000329112,toto2,,168
2014-05-01,11.358395369047619,15.778133417738546,1.1122222022850585,toto2,,168
2014-05-02,10.533899916666666,14.212265174475489,1.0314870176021846,toto2,,168
2014-05-03,10.384632148809525,14.34517865763352,1.0168706109618013,toto2,,168
2014-05-04,15.864034357142858,20.953054406487734,1.5534175961077419,toto2,,168
2014-05-05,10.85321274404762,14.744276156661266,1.062754358150596,toto2,,168
2014-05-06,11.858665904761905,16.0162897920436,1.1612090511217108,toto2,,168
2014-05-07,12.790432964285712,17.464759966391707,1.2524483483365547,toto2,,168
2014-05-08,10.957276089285715,15.13934229590774,1.0729443153811102,toto2,,168
2014-05-09,12.072441416666667,15.68022720665038,1.1821421022191623,toto2,,168
2014-05-10,12.665780482142859,16.30939986790148,1.24024228808732,toto2,,168
2014-05-11,12.124190053571429,15.514751726906512,1.1872093657747442,toto2,,168
2014-05-12,10.749391767857142,13.905063175510541,1.0525881338706573,toto2,,168
2014-05-13,11.10837055357143,13.994540408144493,1.0877395934429117,toto2,,168
2014-05-14,11.781714363095238,14.447269035802705,1.1536739010973545,toto2,,168
2014-05-15,12.609510708333332,15.356294258079329,1.2347323115708255,toto2,,168
2014-05-16,14.792484196428571,18.110905475357324,1.4484906375994748,toto2,,168
2014-05-17,19.035642809523807,22.80783796181916,1.8639837652785922,toto2,,168
2014-05-18,18.29625476190476,21.99981019884945,1.7915823585704667,toto2,,168
2014-05-19,15.539606446428571,18.999680763898997,1.5216493829391209,toto2,,168
2014-05-20,16.312745654761905,20.36835644744504,1.5973557274557695,toto2,,168
2014-05-21,11.558828101190477,15.55290954010754,1.1318487188405066,toto2,,168
2014-05-22,9.64115630952381,12.197210150056383,0.9440689247685672,toto2,,168
2014-05-23,10.062366327380952,13.143977112374227,0.9853141111231676,toto2,,168
2014-05-24,12.273171845238096,14.166123770331964,1.2017977694219195,toto2,,168
2014-05-25,12.379163071428572,14.513491751972749,1.2121765061348282,toto2,,168
2014-05-26,10.761191226190476,13.08489916946412,1.0537435452740174,toto2,,168
2014-05-27,9.81162881547619,11.946243058406363,0.9607617145367496,toto2,,168
2014-05-28,9.564664589285714,12.56271615444227,0.9365788007875315,toto2,,168
2014-05-29,10.146083749999999,13.363238347302955,0.9935117810518551,toto2,,168
2014-05-30,11.180920994047618,13.707664377775155,1.0948437844893926,toto2,,168
2014-05-31,10.34081463095238,13.258161936469305,1.0125799682586478,toto2,,168
2014-06-01,12.74576193452381,15.373323383418754,1.2480741291369382,toto2,,168
2014-06-02,10.571798172619047,14.036173853883696,1.0351980419439666,toto2,,168
2014-06-03,9.922043095238095,13.743147263039777,0.9715735598203851,toto2,,168
2014-06-04,10.696828095238097,14.597089834656,1.047441061434716,toto2,,168
2014-06-05,13.162091291666668,16.288036874681893,1.2888413977019324,toto2,,168
2014-06-06,10.53154675,14.553967425892228,1.031256593838325,toto2,,168
2014-06-07,12.85656530357143,15.908421724108049,1.2589240743218522,toto2,,168
2014-06-08,14.199633041666667,16.36850552435232,1.3904382282975953,toto2,,168
2014-06-09,11.74745769047619,14.53811958630552,1.150319463201387,toto2,,168
2014-06-10,12.060872565476192,14.82422038402172,1.181009272032247,toto2,,168
2014-06-11,12.651989714285714,15.451096887471916,1.2388918862304632,toto2,,168
2014-06-12,11.407547178571427,13.96224791539365,1.1170351826452807,toto2,,168
2014-06-13,10.204724142857142,13.069328441350262,0.9992538902818405,toto2,,168
2014-06-14,10.552219690476191,13.905961357710218,1.0332809029627275,toto2,,168
2014-06-15,8.399725267857143,11.1524054804524,0.8225071088354678,toto2,,168
2014-06-16,10.924707285714286,14.020112457968274,1.069755154830077,toto2,,168
2014-06-17,14.811546166666666,19.599133716132393,1.4503571993653983,toto2,,168
2014-06-18,15.468994273809525,19.750099039860697,1.514734988468181,toto2,,168
2014-06-19,16.115719744047617,20.150387028776546,1.5780628092924323,toto2,,168
2014-06-20,12.37292694047619,16.086107215555955,1.2115658597295713,toto2,,168
2014-06-21,12.688655005952379,15.83262909506712,1.2424821778271136,toto2,,168
2014-06-22,17.077151202380954,21.76582417923496,1.6722068656657139,toto2,,168
2014-06-23,9.351237791666668,12.852030631514749,0.9156798960424675,toto2,,168
2014-06-24,9.134785166666665,11.92818828915626,0.8944847001150633,toto2,,168
2014-06-25,9.606816720238095,11.640037591898498,0.9407063676132668,toto2,,168
2014-06-26,10.929295333333332,12.963809084958362,1.0702044197360119,toto2,,168
2014-06-27,10.77805450595238,13.27929867675697,1.0553948096951913,toto2,,168
2014-06-28,9.511150119047619,11.651252212206549,0.9313386255683691,toto2,,168
2014-06-29,9.75386780357143,12.258588092063329,0.9551057149188816,toto2,,168
2014-06-30,9.240281714285715,11.965727673530557,0.9048149975482797,toto2,,168
2014-07-01,8.220740797619047,10.565672636017311,0.8049808214335061,toto2,,168
2014-07-02,8.528208452380952,10.927320450627922,0.8350882742029884,toto2,,168
2014-07-03,7.843430767857143,10.025989410762236,0.7680343533267868,toto2,,168
2014-07-04,8.348133577380953,10.265959863389062,0.8174552135864782,toto2,,168
2014-07-05,8.667139547619048,10.853382713508054,0.8486925064638827,toto2,,168
2014-07-06,10.047810142857143,12.149626953292898,0.9838887591186004,toto2,,168
2014-07-07,8.466527011904763,11.195925233919029,0.829048383414058,toto2,,168
2014-07-08,8.765939440476192,11.492450167317402,0.8583670626708758,toto2,,168
2014-07-09,9.515898095238095,11.896154198189029,0.9318035507944586,toto2,,168
2014-07-10,8.862960726190476,11.804466096483715,0.8678674563937188,toto2,,168
2014-07-11,10.80112692857143,14.365090423942657,1.0576540778280246,toto2,,168
2014-07-12,10.331002089285715,13.155227879177485,1.0116191171570694,toto2,,168
2014-07-13,14.015029744047618,17.153678951612903,1.3723617412978162,toto2,,168
2014-07-14,10.909163851190476,14.518294705517352,1.0682331305990616,toto2,,168
2014-07-15,11.377752416666667,15.179012337800442,1.1141176582392738,toto2,,168
2014-07-16,10.003958226190477,14.42708472368612,0.9795947480594036,toto2,,168
2014-07-17,9.062752916666668,13.667761552345919,0.8874312506508135,toto2,,168
2014-07-18,11.166646732142857,15.722100335944123,1.0934460385494185,toto2,,168
2014-07-19,10.39977975,13.66512803325521,1.0183538749095697,toto2,,168
2014-07-20,10.695445970238096,14.160796091417414,1.0473057227657063,toto2,,168
2014-07-21,9.034924488095239,11.1087630672185,0.8847062710118594,toto2,,168
2014-07-22,8.121161738095239,10.638107044027468,0.7952299686689637,toto2,,168
2014-07-23,6.3956992023809525,9.86349602573014,0.6262714424794128,toto2,,168
2014-07-24,7.76271336904762,11.593727577195782,0.7601304478762605,toto2,,168
2014-07-25,8.060970214285716,11.676115779404677,0.7893359715861754,toto2,,168
2014-07-26,8.342001005952381,11.070483082840445,0.8168547078038971,toto2,,168
2014-07-27,13.429115720238096,17.540361529035827,1.3149886208228094,toto2,,168
2014-07-28,12.965272702380952,17.82944732223842,1.2695687806012343,toto2,,168
2014-07-29,12.760536178571428,18.01449069708731,1.2495208336861139,toto2,,168
2014-07-30,13.56829093452381,18.59325274839183,1.3286167573955312,toto2,,168
2014-07-31,12.902662898809524,17.219081194236196,1.2634379838337075,toto2,,168
2014-08-01,12.624889613095238,16.79723521345027,1.2362382249298225,toto2,,168
2014-08-02,12.553270690476191,16.827792702938428,1.229225248778481,toto2,,168
2014-08-03,11.752327428571428,15.507732398633099,1.15079631144032,toto2,,168
2014-08-04,12.673503357142858,16.840820195324184,1.2409985175335918,toto2,,168
2014-08-05,10.829604547619047,15.446205331042243,1.0604426266629496,toto2,,168
2014-08-06,9.646629630952381,14.764733739965434,0.9446048763194076,toto2,,168
2014-08-07,11.680039392857143,17.00167481249628,1.1437178152558942,toto2,,168
2014-08-08,11.561337607142857,16.51070198091291,1.1320944514590956,toto2,,168
2014-08-09,12.018461851190475,18.308691499835458,1.1768563845414766,toto2,,168
2014-08-10,13.205944845238097,16.634995731432017,1.293135569048015,toto2,,168
2014-08-11,9.353683767857143,11.978578365926673,0.9159194077813105,toto2,,168
2014-08-12,8.660583136904762,11.866951638117142,0.848050498035157,toto2,,168
2014-08-13,8.137893845238095,11.53388950889821,0.7968683885734168,toto2,,168
2014-08-14,7.9340078273809524,11.251324014586219,0.7769037238097517,toto2,,168
2014-08-15,8.520894220238095,12.297032141866186,0.8343720593577013,toto2,,168
2014-08-16,7.582238196428572,9.323278606868858,0.7424581898304513,toto2,,168
2014-08-17,8.62844843452381,11.46724968198747,0.8449038449833259,toto2,,168
2014-08-18,8.907511279761904,12.184922829040513,0.8722298784785547,toto2,,168
2014-08-19,8.35976881547619,11.870868786525744,0.8185945444266127,toto2,,168
2014-08-20,8.585699964285713,11.953701810454776,0.8407178841880097,toto2,,168
2014-08-21,8.99022432142857,12.97431384710712,0.8803291987056785,toto2,,168
2014-08-22,9.626042863095238,13.338184716059263,0.9425890052795247,toto2,,168
2014-08-23,9.296309232142857,13.011242409557473,0.9103012521885653,toto2,,168
2014-08-24,8.30135269047619,10.445832186233531,0.8128743956656783,toto2,,168
2014-08-25,7.6185397678571425,10.577092270770263,0.7460128656811192,toto2,,168
2014-08-26,8.287036726190475,11.789137537052579,0.8114725661987202,toto2,,168
2014-08-27,7.417119589285714,11.104650903613756,0.7262896576647965,toto2,,168
2014-08-28,6.684895559523809,9.157312044977257,0.6545897567116118,toto2,,168
2014-08-29,7.130460083333334,10.568420301830772,0.6982197537164683,toto2,,168
2014-08-30,7.981488767857142,11.661116618543874,0.7815530914772043,toto2,,168
2014-08-31,8.788282928571428,12.15514560834543,0.8605549530135324,toto2,,168
2014-09-01,9.861232809523809,12.979438028559985,0.9656189731291139,toto2,,168
2014-09-02,10.267679648809523,13.067661221823018,1.0054185384738852,toto2,,168
2014-09-03,9.632801214285715,12.376795924134337,0.943250787864182,toto2,,168
2014-09-04,10.236712511904763,13.249529393816275,1.00238621426896,toto2,,168
2014-09-05,10.120959452380951,13.02284041152541,0.991051591850758,toto2,,168
2014-09-06,11.629050339285714,14.71722698210615,1.1387249306438487,toto2,,168
2014-09-07,14.172320601190476,18.930216821483555,1.3877637745821534,toto2,,168
2014-09-08,12.447580014880952,17.496928368973364,1.2188759421949236,toto2,,168
2014-09-09,15.585062922619048,21.264187974658547,1.5261005136150667,toto2,,168
2014-09-10,15.53273661904762,21.74419883176613,1.520976684526123,toto2,,168
2014-09-11,16.469575404761905,22.927598108113028,1.612712608798723,toto2,,168
2014-09-12,15.190824428571428,20.486839071993984,1.4874963981719578,toto2,,168
2014-09-13,14.94167325,20.634343689704718,1.4630993364806752,toto2,,168
2014-09-14,15.017729410714285,21.143913106673573,1.4705468101614652,toto2,,168
2014-09-15,17.440245889880952,21.392045567838693,1.7077613572860486,toto2,,168
2014-09-16,8.773435392857143,11.27422364085338,0.8591010716919111,toto2,,168
2014-09-17,9.713996744047618,13.084571177151625,0.9512015122397025,toto2,,168
2014-09-18,8.004297416666667,10.230577283846031,0.7837865306898599,toto2,,168
2014-09-19,7.038018851190476,10.34231165641397,0.6891678421166967,toto2,,168
2014-09-20,7.38397406547619,10.256243055806678,0.7230440242553643,toto2,,168
2014-09-21,9.296803071428572,12.893292025488922,0.9103496092848,toto2,,168
2014-09-22,7.8490440178571435,9.99121898602378,0.7685840067834705,toto2,,168
2014-09-23,9.46720481547619,11.313949767330621,0.927035469996633,toto2,,168
2014-09-24,6.399789142857142,8.469559180164886,0.6266719323774875,toto2,,168
2014-09-25,8.381239666666668,10.565746383925974,0.8206969855391207,toto2,,168
2014-09-26,8.465590672619047,11.07797503172219,0.8289566964011826,toto2,,168
2014-09-27,9.216296470238095,12.177498033909561,0.9024663452879715,toto2,,168
2014-09-28,10.818310583333334,14.156454285018574,1.0593367135984497,toto2,,168
2014-09-29,10.553709970238096,13.900960339593235,1.0334268322234155,toto2,,168
2014-09-30,10.363534666666666,13.576906216158878,1.0148047304136085,toto2,,168
2014-10-01,11.032883333333334,14.216737510769203,1.0803478308206682,toto2,,168
2014-10-02,9.125600821428572,12.300516778390296,0.8935853624572903,toto2,,168
2014-10-03,10.034818202380952,13.463117451238528,0.982616579010505,toto2,,168
2014-10-04,10.86411675,14.359418716466047,1.063822086216053,toto2,,168
2014-10-05,9.825683000000001,13.100701938380551,0.9621379103421,toto2,,168
2014-10-06,10.361870541666667,13.388708968415216,1.0146417781028076,toto2,,168
2014-10-07,10.812123160714284,13.2638792717355,1.058730836748047,toto2,,168
2014-10-08,12.183065386904762,15.377415264882249,1.192974480544275,toto2,,168
2014-10-09,12.501776910714288,15.696100102306012,1.2241829410166964,toto2,,168
2014-10-10,12.44314961904762,14.80456730716355,1.2184421146646571,toto2,,168
2014-10-11,14.525503285714287,16.965688374372817,1.4223476757783096,toto2,,168
2014-10-12,16.23491326190476,19.159228698599804,1.5897343238525292,toto2,,168
2014-10-13,12.980421970238096,15.759331843104256,1.2710522077501953,toto2,,168
2014-10-14,13.862173380952381,16.709144550518175,1.3573939368438208,toto2,,168
2014-10-15,14.990100428571427,18.11397178501893,1.4678413604595149,toto2,,168
2014-10-16,15.528763172619048,19.182158699053726,1.5205876018085507,toto2,,168
2014-10-17,21.337662553571427,25.380054162910138,2.0893991858762475,toto2,,168
2014-10-18,15.655881434523812,19.157819461968632,1.5330351129765143,toto2,,168
2014-10-19,14.393610166666669,17.662882922628196,1.4094326071821646,toto2,,168
2014-11-10,14.023210101190475,17.853629096587547,1.373162767722878,toto2,,168
2014-11-11,13.78360413095238,17.530435049874416,1.3497003796618776,toto2,,168
2014-11-12,12.701716035714288,16.900557752973683,1.2437611232075048,toto2,,168
2014-11-13,13.508866005952381,18.583939789461347,1.3227978258670112,toto2,,168
2014-11-14,15.46769525,20.05876313430619,1.5146077871272077,toto2,,168
2014-11-15,11.896046898809525,15.83841370032358,1.1648694248076406,toto2,,168
2014-11-16,14.661512083333335,17.977406945143997,1.435665754565233,toto2,,168
2014-11-17,11.359287375,15.73005346117359,1.1123095481462097,toto2,,168
2014-11-18,9.630820404761904,13.250220692586053,0.9430568255781989,toto2,,168
2014-11-19,9.891305464285713,13.16787048920091,0.9685637090025446,toto2,,168
2014-11-20,11.368847107142857,14.342136079645435,1.1132456439583136,toto2,,168
2014-11-21,10.47770913095238,13.220837422756206,1.0259847756564975,toto2,,168
2014-11-22,11.224112380952382,14.077619308044563,1.0990731160016476,toto2,,168
2014-11-23,20.039570071428574,23.513526525955914,1.9622890411463887,toto2,,168
2014-11-24,12.844677803571429,16.064597663511105,1.2577600418154917,toto2,,168
2014-11-25,13.610825601190479,17.725648820491617,1.3327817823921413,toto2,,168
2014-11-26,11.83871213690476,14.818047892673203,1.1592551638947848,toto2,,168
2014-11-27,12.803189857142858,15.673257691185547,1.2536975124135998,toto2,,168
2014-11-28,11.843026726190477,14.887657202773934,1.1596776515650409,toto2,,168
2014-11-29,10.673418648809523,14.148238572594321,1.0451487916892894,toto2,,168
2014-11-30,13.083345410714287,15.640541637343585,1.2811305446907402,toto2,,168
2014-12-01,13.244020077380954,15.923679265384068,1.2968639230250076,toto2,,168
2014-12-02,11.032606910714286,13.897872325805839,1.0803207633200107,toto2,,168
2014-12-03,9.743921613095239,12.33484615228858,0.9541317768302392,toto2,,168
2014-12-04,9.62527180952381,12.864060251820364,0.9425135031620662,toto2,,168
2014-12-05,8.92625657142857,12.481451161286506,0.8740654308521577,toto2,,168
2014-12-06,9.199717107142858,12.125640302401573,0.9008428821899604,toto2,,168
2014-12-07,9.351729970238095,12.594833474963758,0.9157280905203707,toto2,,168
2014-12-08,8.000380517857144,10.88736523237742,0.7834029851556089,toto2,,168
2014-12-09,9.987636916666666,14.793739107692437,0.9779965537517625,toto2,,168
2014-12-10,8.164670988095239,11.224429903818201,0.7994904255629578,toto2,,168
2014-12-11,9.67974411904762,13.472639612361137,0.9478474706894886,toto2,,168
2014-12-12,10.306126595238096,14.313382081591751,1.0091832909797234,toto2,,168
2014-12-13,9.643705839285715,14.256988710935678,0.9443185765472246,toto2,,168
2014-12-14,8.423442482142857,10.77886253686024,0.8248295154296957,toto2,,168
2014-12-15,8.078471464285716,10.888887264278148,0.7910497065095772,toto2,,168
2014-12-16,8.252099309523809,10.72913157791145,0.8080514693584886,toto2,,168
2014-12-17,10.519672702380953,15.512467921295654,1.0300938785987337,toto2,,168
2014-12-18,11.672950172619048,15.675212030826538,1.1430236337373334,toto2,,168
2014-12-19,17.91171248809524,27.139698026306707,1.7539277039514147,toto2,,168
2014-12-20,16.742779083333335,25.907663804612643,1.6394649085012973,toto2,,168
2014-12-21,19.966711154761906,27.341658162395508,1.9551546438905993,toto2,,168
2014-12-22,17.546490886904763,26.303845954341792,1.7181649434205486,toto2,,168
2014-12-23,17.611797767857144,25.984710500618345,1.724559839935171,toto2,,168
2014-12-24,15.762314601190475,20.72290328790528,1.5434571248170914,toto2,,168
2014-12-25,20.25840549404762,29.33854006925382,1.9837175623217125,toto2,,168
