origin,timestamp,lead_hour,actual,prediction
2014-03-14,2014-03-14 00:00:00,1,36.90613,34.064137
2014-03-14,2014-03-14 01:00:00,2,33.309387,29.700825
2014-03-14,2014-03-14 02:00:00,3,14.377395,15.397446
2014-03-14,2014-03-14 03:00:00,4,14.377395,13.785236
2014-03-14,2014-03-14 04:00:00,5,16.05364,15.053143
2014-03-14,2014-03-14 05:00:00,6,16.05364,15.215313
2014-03-14,2014-03-14 06:00:00,7,12.461686,12.574717
2014-03-14,2014-03-14 07:00:00,8,13.180077,13.158344
2014-03-14,2014-03-14 08:00:00,9,18.448277,20.511543
2014-03-14,2014-03-14 09:00:00,10,25.402298,23.484486
2014-03-14,2014-03-14 10:00:00,11,30.19157,25.813675
2014-03-14,2014-03-14 11:00:00,12,32.346745,27.36964
2014-03-14,2014-03-14 12:00:00,13,39.54023,27.81045
2014-03-14,2014-03-14 13:00:00,14,34.02778,28.764408
2014-03-14,2014-03-14 14:00:00,15,36.42481,29.64019
2014-03-14,2014-03-14 15:00:00,16,35.706417,30.579521
2014-03-14,2014-03-14 16:00:00,17,31.867817,31.752811
2014-03-14,2014-03-14 17:00:00,18,35.94588,37.013832
2014-03-14,2014-03-14 18:00:00,19,41.69301,44.56462
2014-03-14,2014-03-14 19:00:00,20,52.71791,65.61731
2014-03-14,2014-03-14 20:00:00,21,54.636017,58.484585
2014-03-14,2014-03-14 21:00:00,22,51.76245,47.906372
2014-03-14,2014-03-14 22:00:00,23,45.52682,38.04905
2014-03-14,2014-03-14 23:00:00,24,40.977013,31.00182
2014-03-15,2014-03-15 00:00:00,1,40.019157,38.05666
2014-03-15,2014-03-15 01:00:00,2,40.019157,30.182236
2014-03-15,2014-03-15 02:00:00,3,15.335249,14.4085865
2014-03-15,2014-03-15 03:00:00,4,12.461686,13.05468
2014-03-15,2014-03-15 04:00:00,5,14.377395,14.785284
2014-03-15,2014-03-15 05:00:00,6,14.6168585,14.185961
2014-03-15,2014-03-15 06:00:00,7,10.06705,11.735907
2014-03-15,2014-03-15 07:00:00,8,11.743295,11.83584
2014-03-15,2014-03-15 08:00:00,9,11.503832,12.306118
2014-03-15,2014-03-15 09:00:00,10,9.588122,12.376339
2014-03-15,2014-03-15 10:00:00,11,11.264368,12.4770565
2014-03-15,2014-03-15 11:00:00,12,11.743295,12.897934
2014-03-15,2014-03-15 12:00:00,13,10.06705,12.841484
2014-03-15,2014-03-15 13:00:00,14,13.41954,13.168245
2014-03-15,2014-03-15 14:00:00,15,13.180077,12.715023
2014-03-15,2014-03-15 15:00:00,16,11.024904,12.710058
2014-03-15,2014-03-15 16:00:00,17,14.137931,12.954727
2014-03-15,2014-03-15 17:00:00,18,14.856322,13.195707
2014-03-15,2014-03-15 18:00:00,19,10.545977,12.935413
2014-03-15,2014-03-15 19:00:00,20,15.095785,14.713554
2014-03-15,2014-03-15 20:00:00,21,14.377395,14.311352
2014-03-15,2014-03-15 21:00:00,22,15.095785,15.113287
2014-03-15,2014-03-15 22:00:00,23,14.377395,14.035393
2014-03-15,2014-03-15 23:00:00,24,13.898467,13.563885
2014-03-16,2014-03-16 00:00:00,1,15.814177,14.01877
2014-03-16,2014-03-16 01:00:00,2,15.814177,15.771467
2014-03-16,2014-03-16 02:00:00,3,12.940613,12.396532
2014-03-16,2014-03-16 03:00:00,4,13.180077,12.104576
2014-03-16,2014-03-16 04:00:00,5,14.6168585,14.398054
2014-03-16,2014-03-16 05:00:00,6,14.856322,14.023111
2014-03-16,2014-03-16 06:00:00,7,9.827586,10.7002125
2014-03-16,2014-03-16 07:00:00,8,11.024904,10.69417
2014-03-16,2014-03-16 08:00:00,9,11.264368,11.802681
2014-03-16,2014-03-16 09:00:00,10,10.06705,10.805437
2014-03-16,2014-03-16 10:00:00,11,12.461686,11.405458
2014-03-16,2014-03-16 11:00:00,12,12.222222,12.169567
2014-03-16,2014-03-16 12:00:00,13,10.06705,11.312418
2014-03-16,2014-03-16 13:00:00,14,11.9827585,12.684738
2014-03-16,2014-03-16 14:00:00,15,13.41954,12.349176
2014-03-16,2014-03-16 15:00:00,16,12.461686,11.211552
2014-03-16,2014-03-16 16:00:00,17,13.41954,12.776167
2014-03-16,2014-03-16 17:00:00,18,15.574713,13.711338
2014-03-16,2014-03-16 18:00:00,19,11.743295,11.417316
2014-03-16,2014-03-16 19:00:00,20,15.814177,14.649918
2014-03-16,2014-03-16 20:00:00,21,14.137931,14.23274
2014-03-16,2014-03-16 21:00:00,22,15.814177,14.701265
2014-03-16,2014-03-16 22:00:00,23,13.41954,14.078644
2014-03-16,2014-03-16 23:00:00,24,13.180077,13.935801
2014-03-17,2014-03-17 00:00:00,1,16.293104,14.740414
2014-03-17,2014-03-17 01:00:00,2,15.814177,15.583689
2014-03-17,2014-03-17 02:00:00,3,13.180077,12.69923
2014-03-17,2014-03-17 03:00:00,4,12.701149,12.762838
2014-03-17,2014-03-17 04:00:00,5,14.856322,15.066704
2014-03-17,2014-03-17 05:00:00,6,15.095785,16.901945
2014-03-17,2014-03-17 06:00:00,7,11.024904,12.510799
2014-03-17,2014-03-17 07:00:00,8,13.180077,12.799686
2014-03-17,2014-03-17 08:00:00,9,21.566092,19.78022
2014-03-17,2014-03-17 09:00:00,10,28.517721,20.871166
2014-03-17,2014-03-17 10:00:00,11,37.62452,26.496964
2014-03-17,2014-03-17 11:00:00,12,35.948277,29.848452
2014-03-17,2014-03-17 12:00:00,13,34.509098,29.732485
2014-03-17,2014-03-17 13:00:00,14,31.38889,33.162277
2014-03-17,2014-03-17 14:00:00,15,28.996647,36.465023
2014-03-17,2014-03-17 15:00:00,16,25.881226,35.82104
2014-03-17,2014-03-17 16:00:00,17,31.15182,36.746128
2014-03-17,2014-03-17 17:00:00,18,39.779694,43.573803
2014-03-17,2014-03-17 18:00:00,19,53.19684,49.10545
2014-03-17,2014-03-17 19:00:00,20,69.01581,64.295876
2014-03-17,2014-03-17 20:00:00,21,81.23324,62.0208
2014-03-17,2014-03-17 21:00:00,22,89.62165,58.352158
2014-03-17,2014-03-17 22:00:00,23,81.71456,50.346924
2014-03-17,2014-03-17 23:00:00,24,63.742817,47.209602
2014-03-18,2014-03-18 00:00:00,1,26.83908,57.152573
2014-03-18,2014-03-18 01:00:00,2,22.528736,46.68709
2014-03-18,2014-03-18 02:00:00,3,18.211206,19.147625
2014-03-18,2014-03-18 03:00:00,4,14.137931,15.890717
2014-03-18,2014-03-18 04:00:00,5,15.574713,17.47847
2014-03-18,2014-03-18 05:00:00,6,14.377395,17.749619
2014-03-18,2014-03-18 06:00:00,7,9.827586,12.657776
2014-03-18,2014-03-18 07:00:00,8,11.024904,14.445919
2014-03-18,2014-03-18 08:00:00,9,17.011494,22.09668
2014-03-18,2014-03-18 09:00:00,10,17.729885,26.415564
2014-03-18,2014-03-18 10:00:00,11,23.005268,31.110264
2014-03-18,2014-03-18 11:00:00,12,25.162836,31.918367
2014-03-18,2014-03-18 12:00:00,13,36.903736,34.142357
2014-03-18,2014-03-18 13:00:00,14,32.828064,33.853786
2014-03-18,2014-03-18 14:00:00,15,29.712645,35.80168
2014-03-18,2014-03-18 15:00:00,16,30.670498,34.827263
2014-03-18,2014-03-18 16:00:00,17,33.546455,38.176235
2014-03-18,2014-03-18 17:00:00,18,51.522987,46.147804
2014-03-18,2014-03-18 18:00:00,19,73.32615,58.91658
2014-03-18,2014-03-18 19:00:00,20,89.14272,75.16704
2014-03-18,2014-03-18 20:00:00,21,82.67242,75.207016
2014-03-18,2014-03-18 21:00:00,22,78.60153,71.93037
2014-03-18,2014-03-18 22:00:00,23,75.72318,64.79729
2014-03-18,2014-03-18 23:00:00,24,73.086685,56.617756
2014-03-19,2014-03-19 00:00:00,1,40.01676,65.49609
2014-03-19,2014-03-19 01:00:00,2,18.927202,46.11928
2014-03-19,2014-03-19 02:00:00,3,14.377395,18.14064
2014-03-19,2014-03-19 03:00:00,4,11.743295,15.822773
2014-03-19,2014-03-19 04:00:00,5,14.137931,17.698402
2014-03-19,2014-03-19 05:00:00,6,14.137931,16.756344
2014-03-19,2014-03-19 06:00:00,7,10.545977,12.55834
2014-03-19,2014-03-19 07:00:00,8,19.41092,13.599295
2014-03-19,2014-03-19 08:00:00,9,90.82136,20.400726
2014-03-19,2014-03-19 09:00:00,10,92.5,23.721783
2014-03-19,2014-03-19 10:00:00,11,93.457855,27.077168
2014-03-19,2014-03-19 11:00:00,12,79.79885,29.187687
2014-03-19,2014-03-19 12:00:00,13,22.765804,33.636223
2014-03-19,2014-03-19 13:00:00,14,22.52634,32.487263
2014-03-19,2014-03-19 14:00:00,15,29.233717,32.517086
2014-03-19,2014-03-19 15:00:00,16,28.038794,32.768356
2014-03-19,2014-03-19 16:00:00,17,26.83908,37.379864
2014-03-19,2014-03-19 17:00:00,18,43.850574,50.78546
2014-03-19,2014-03-19 18:00:00,19,53.675766,67.370605
2014-03-19,2014-03-19 19:00:00,20,71.889366,82.45375
2014-03-19,2014-03-19 20:00:00,21,82.19349,82.17944
2014-03-19,2014-03-19 21:00:00,22,80.27778,76.86214
2014-03-19,2014-03-19 22:00:00,23,69.97127,72.08075
2014-03-19,2014-03-19 23:00:00,24,53.199234,65.911995
2014-03-20,2014-03-20 00:00:00,1,34.269634,39.54026
2014-03-20,2014-03-20 01:00:00,2,21.807951,27.877209
2014-03-20,2014-03-20 02:00:00,3,13.180077,15.017252
2014-03-20,2014-03-20 03:00:00,4,12.701149,13.891655
2014-03-20,2014-03-20 04:00:00,5,14.137931,16.113415
2014-03-20,2014-03-20 05:00:00,6,14.137931,15.880705
2014-03-20,2014-03-20 06:00:00,7,11.503832,12.279732
2014-03-20,2014-03-20 07:00:00,8,35.94588,12.944426
2014-03-20,2014-03-20 08:00:00,9,90.10297,19.685446
2014-03-20,2014-03-20 09:00:00,10,70.68965,21.271715
2014-03-20,2014-03-20 10:00:00,11,43.61111,25.06147
2014-03-20,2014-03-20 11:00:00,12,46.245213,27.482395
2014-03-20,2014-03-20 12:00:00,13,41.934864,29.138493
2014-03-20,2014-03-20 13:00:00,14,38.57998,29.03212
2014-03-20,2014-03-20 14:00:00,15,25.162836,29.841953
2014-03-20,2014-03-20 15:00:00,16,28.75479,29.944801
2014-03-20,2014-03-20 16:00:00,17,28.036398,32.403152
2014-03-20,2014-03-20 17:00:00,18,38.34052,43.126343
2014-03-20,2014-03-20 18:00:00,19,57.75144,56.34953
2014-03-20,2014-03-20 19:00:00,20,113.34291,72.25093
2014-03-20,2014-03-20 20:00:00,21,105.68008,76.382576
2014-03-20,2014-03-20 21:00:00,22,104.48276,73.68018
2014-03-20,2014-03-20 22:00:00,23,101.36255,65.39851
2014-03-20,2014-03-20 23:00:00,24,101.84387,53.404823
2014-03-21,2014-03-21 00:00:00,1,89.38219,89.46321
2014-03-21,2014-03-21 01:00:00,2,43.371647,36.769394
2014-03-21,2014-03-21 02:00:00,3,16.05364,14.965836
2014-03-21,2014-03-21 03:00:00,4,15.095785,13.895861
2014-03-21,2014-03-21 04:00:00,5,16.05364,15.377909
2014-03-21,2014-03-21 05:00:00,6,15.095785,14.689775
2014-03-21,2014-03-21 06:00:00,7,12.940613,12.648098
2014-03-21,2014-03-21 07:00:00,8,14.6168585,15.655443
2014-03-21,2014-03-21 08:00:00,9,18.931992,27.370184
2014-03-21,2014-03-21 09:00:00,10,35.225098,32.13828
2014-03-21,2014-03-21 10:00:00,11,71.16858,31.924385
2014-03-21,2014-03-21 11:00:00,12,76.2045,34.122753
2014-03-21,2014-03-21 12:00:00,13,58.230366,32.799614
2014-03-21,2014-03-21 13:00:00,14,31.87021,29.932579
2014-03-21,2014-03-21 14:00:00,15,33.309387,28.963675
2014-03-21,2014-03-21 15:00:00,16,109.27203,29.490282
2014-03-21,2014-03-21 16:00:00,17,111.4272,30.33222
2014-03-21,2014-03-21 17:00:00,18,122.68918,38.769463
2014-03-21,2014-03-21 18:00:00,19,117.8999,49.597847
2014-03-21,2014-03-21 19:00:00,20,120.05747,79.849075
2014-03-21,2014-03-21 20:00:00,21,117.65804,86.22829
2014-03-21,2014-03-21 21:00:00,22,108.55364,76.87435
2014-03-21,2014-03-21 22:00:00,23,74.52347,62.181496
2014-03-21,2014-03-21 23:00:00,24,66.85824,44.725468
2014-03-22,2014-03-22 00:00:00,1,57.75144,55.341248
2014-03-22,2014-03-22 01:00:00,2,25.878832,38.44676
2014-03-22,2014-03-22 02:00:00,3,14.6168585,14.257896
2014-03-22,2014-03-22 03:00:00,4,14.137931,11.9464245
2014-03-22,2014-03-22 04:00:00,5,16.05364,12.925148
2014-03-22,2014-03-22 05:00:00,6,15.814177,12.533773
2014-03-22,2014-03-22 06:00:00,7,11.503832,10.576212
2014-03-22,2014-03-22 07:00:00,8,13.180077,11.699722
2014-03-22,2014-03-22 08:00:00,9,13.41954,12.224672
2014-03-22,2014-03-22 09:00:00,10,11.024904,12.417412
2014-03-22,2014-03-22 10:00:00,11,13.898467,12.387953
2014-03-22,2014-03-22 11:00:00,12,12.940613,12.591551
2014-03-22,2014-03-22 12:00:00,13,10.306514,12.468403
2014-03-22,2014-03-22 13:00:00,14,12.701149,12.83617
2014-03-22,2014-03-22 14:00:00,15,12.461686,11.959801
2014-03-22,2014-03-22 15:00:00,16,10.545977,12.274199
2014-03-22,2014-03-22 16:00:00,17,13.180077,12.909765
2014-03-22,2014-03-22 17:00:00,18,13.41954,13.429398
2014-03-22,2014-03-22 18:00:00,19,11.024904,12.470564
2014-03-22,2014-03-22 19:00:00,20,17.490421,15.08478
2014-03-22,2014-03-22 20:00:00,21,17.250957,15.12656
2014-03-22,2014-03-22 21:00:00,22,17.729885,16.085081
2014-03-22,2014-03-22 22:00:00,23,16.532568,15.03017
2014-03-22,2014-03-22 23:00:00,24,16.532568,14.582762
2014-03-23,2014-03-23 00:00:00,1,20.368774,16.67811
2014-03-23,2014-03-23 01:00:00,2,19.645594,15.740862
2014-03-23,2014-03-23 02:00:00,3,15.574713,12.499199
2014-03-23,2014-03-23 03:00:00,4,14.856322,12.34136
2014-03-23,2014-03-23 04:00:00,5,17.490421,14.373617
2014-03-23,2014-03-23 05:00:00,6,18.448277,14.051504
2014-03-23,2014-03-23 06:00:00,7,12.222222,10.74
2014-03-23,2014-03-23 07:00:00,8,12.461686,11.874729
2014-03-23,2014-03-23 08:00:00,9,12.940613,12.370062
2014-03-23,2014-03-23 09:00:00,10,11.024904,11.903812
2014-03-23,2014-03-23 10:00:00,11,12.461686,13.248165
2014-03-23,2014-03-23 11:00:00,12,12.940613,13.337635
2014-03-23,2014-03-23 12:00:00,13,10.545977,11.829826
2014-03-23,2014-03-23 13:00:00,14,12.461686,12.827505
2014-03-23,2014-03-23 14:00:00,15,11.9827585,12.887369
2014-03-23,2014-03-23 15:00:00,16,9.827586,12.034199
2014-03-23,2014-03-23 16:00:00,17,12.222222,13.482246
2014-03-23,2014-03-23 17:00:00,18,13.898467,14.015387
2014-03-23,2014-03-23 18:00:00,19,11.024904,12.216034
2014-03-23,2014-03-23 19:00:00,20,16.532568,16.07936
2014-03-23,2014-03-23 20:00:00,21,15.335249,15.887987
2014-03-23,2014-03-23 21:00:00,22,17.250957,16.402893
2014-03-23,2014-03-23 22:00:00,23,15.574713,15.578533
2014-03-23,2014-03-23 23:00:00,24,15.814177,15.640844
2014-03-24,2014-03-24 00:00:00,1,17.250957,17.226606
2014-03-24,2014-03-24 01:00:00,2,17.729885,17.84233
2014-03-24,2014-03-24 02:00:00,3,15.335249,13.285578
2014-03-24,2014-03-24 03:00:00,4,14.6168585,13.164434
2014-03-24,2014-03-24 04:00:00,5,17.969349,16.358927
2014-03-24,2014-03-24 05:00:00,6,17.729885,17.400974
2014-03-24,2014-03-24 06:00:00,7,11.743295,12.053207
2014-03-24,2014-03-24 07:00:00,8,13.41954,14.518351
2014-03-24,2014-03-24 08:00:00,9,22.04502,22.064774
2014-03-24,2014-03-24 09:00:00,10,28.275862,26.209028
2014-03-24,2014-03-24 10:00:00,11,71.41044,34.62805
2014-03-24,2014-03-24 11:00:00,12,94.89464,41.226917
2014-03-24,2014-03-24 12:00:00,13,93.215996,36.044144
2014-03-24,2014-03-24 13:00:00,14,93.69732,33.27177
2014-03-24,2014-03-24 14:00:00,15,96.570885,31.618748
2014-03-24,2014-03-24 15:00:00,16,62.06657,34.52508
2014-03-24,2014-03-24 16:00:00,17,65.421455,37.847637
2014-03-24,2014-03-24 17:00:00,18,70.68965,59.709473
2014-03-24,2014-03-24 18:00:00,19,71.40804,77.5022
2014-03-24,2014-03-24 19:00:00,20,82.909485,104.47973
2014-03-24,2014-03-24 20:00:00,21,82.67242,107.04336
2014-03-24,2014-03-24 21:00:00,22,80.51724,101.627884
2014-03-24,2014-03-24 22:00:00,23,75.48372,83.578094
2014-03-24,2014-03-24 23:00:00,24,69.25527,73.7641
2014-03-25,2014-03-25 00:00:00,1,31.15182,59.343426
2014-03-25,2014-03-25 01:00:00,2,18.208813,37.26314
2014-03-25,2014-03-25 02:00:00,3,14.856322,18.861637
2014-03-25,2014-03-25 03:00:00,4,13.898467,16.000841
2014-03-25,2014-03-25 04:00:00,5,14.856322,18.338066
2014-03-25,2014-03-25 05:00:00,6,15.095785,17.81576
2014-03-25,2014-03-25 06:00:00,7,11.503832,13.526596
2014-03-25,2014-03-25 07:00:00,8,16.534962,15.857922
2014-03-25,2014-03-25 08:00:00,9,44.329502,22.47614
2014-03-25,2014-03-25 09:00:00,10,37.62452,27.719635
2014-03-25,2014-03-25 10:00:00,11,41.45594,40.979275
2014-03-25,2014-03-25 11:00:00,12,39.779694,52.80081
2014-03-25,2014-03-25 12:00:00,13,40.019157,47.872345
2014-03-25,2014-03-25 13:00:00,14,40.019157,43.588074
2014-03-25,2014-03-25 14:00:00,15,44.80843,43.562912
2014-03-25,2014-03-25 15:00:00,16,44.57136,43.879105
2014-03-25,2014-03-25 16:00:00,17,50.325672,48.97272
2014-03-25,2014-03-25 17:00:00,18,70.45258,69.29562
2014-03-25,2014-03-25 18:00:00,19,79.31753,82.418564
2014-03-25,2014-03-25 19:00:00,20,91.77921,98.29108
2014-03-25,2014-03-25 20:00:00,21,84.82758,99.62383
2014-03-25,2014-03-25 21:00:00,22,84.348656,93.799835
2014-03-25,2014-03-25 22:00:00,23,82.19349,84.620026
2014-03-25,2014-03-25 23:00:00,24,66.13745,78.60168
2014-03-26,2014-03-26 00:00:00,1,18.927202,37.558006
2014-03-26,2014-03-26 01:00:00,2,19.64799,22.82461
2014-03-26,2014-03-26 02:00:00,3,15.814177,16.290644
2014-03-26,2014-03-26 03:00:00,4,15.335249,15.698751
2014-03-26,2014-03-26 04:00:00,5,17.250957,17.517849
2014-03-26,2014-03-26 05:00:00,6,17.250957,16.12883
2014-03-26,2014-03-26 06:00:00,7,10.78544,11.976095
2014-03-26,2014-03-26 07:00:00,8,13.659004,18.070553
2014-03-26,2014-03-26 08:00:00,9,27.55747,48.28787
2014-03-26,2014-03-26 09:00:00,10,57.75144,40.260616
2014-03-26,2014-03-26 10:00:00,11,64.94253,43.228905
2014-03-26,2014-03-26 11:00:00,12,69.01341,43.881462
2014-03-26,2014-03-26 12:00:00,13,74.04454,41.53399
2014-03-26,2014-03-26 13:00:00,14,64.45881,39.664623
2014-03-26,2014-03-26 14:00:00,15,56.551723,39.049843
2014-03-26,2014-03-26 15:00:00,16,56.072796,38.838127
2014-03-26,2014-03-26 16:00:00,17,64.4636,43.883045
2014-03-26,2014-03-26 17:00:00,18,70.45258,61.64991
2014-03-26,2014-03-26 18:00:00,19,91.29789,72.035965
2014-03-26,2014-03-26 19:00:00,20,105.917145,87.11638
2014-03-26,2014-03-26 20:00:00,21,99.44684,88.38694
2014-03-26,2014-03-26 21:00:00,22,94.17625,87.886055
2014-03-26,2014-03-26 22:00:00,23,89.619255,80.4595
2014-03-26,2014-03-26 23:00:00,24,86.264366,71.5944
2014-03-27,2014-03-27 00:00:00,1,48.886494,54.26343
2014-03-27,2014-03-27 01:00:00,2,21.807951,28.90362
2014-03-27,2014-03-27 02:00:00,3,18.448277,16.53125
2014-03-27,2014-03-27 03:00:00,4,18.448277,16.173323
2014-03-27,2014-03-27 04:00:00,5,19.40613,17.10286
2014-03-27,2014-03-27 05:00:00,6,19.40613,16.74774
2014-03-27,2014-03-27 06:00:00,7,12.461686,13.908604
2014-03-27,2014-03-27 07:00:00,8,13.659004,18.14957
2014-03-27,2014-03-27 08:00:00,9,26.123085,43.05862
2014-03-27,2014-03-27 09:00:00,10,39.300766,49.534462
2014-03-27,2014-03-27 10:00:00,11,65.179596,56.924118
2014-03-27,2014-03-27 11:00:00,12,88.90086,55.879578
2014-03-27,2014-03-27 12:00:00,13,74.76293,51.063942
2014-03-27,2014-03-27 13:00:00,14,66.85824,46.490242
2014-03-27,2014-03-27 14:00:00,15,72.60776,47.53695
2014-03-27,2014-03-27 15:00:00,16,93.93678,48.324844
2014-03-27,2014-03-27 16:00:00,17,99.207375,53.451477
2014-03-27,2014-03-27 17:00:00,18,128.20163,67.77733
2014-03-27,2014-03-27 18:00:00,19,114.30316,79.955215
2014-03-27,2014-03-27 19:00:00,20,115.73755,96.07267
2014-03-27,2014-03-27 20:00:00,21,110.94827,97.243576
2014-03-27,2014-03-27 21:00:00,22,112.385056,94.421005
2014-03-27,2014-03-27 22:00:00,23,85.06944,89.18979
2014-03-27,2014-03-27 23:00:00,24,35.22749,79.21968
2014-03-28,2014-03-28 00:00:00,1,25.641762,22.86823
2014-03-28,2014-03-28 01:00:00,2,24.20498,17.942472
2014-03-28,2014-03-28 02:00:00,3,19.408525,14.734539
2014-03-28,2014-03-28 03:00:00,4,18.208813,14.883902
2014-03-28,2014-03-28 04:00:00,5,20.126915,17.069387
2014-03-28,2014-03-28 05:00:00,6,18.927202,15.843496
2014-03-28,2014-03-28 06:00:00,7,11.264368,12.355186
2014-03-28,2014-03-28 07:00:00,8,16.534962,16.776543
2014-03-28,2014-03-28 08:00:00,9,32.590996,33.61601
2014-03-28,2014-03-28 09:00:00,10,35.225098,47.45916
2014-03-28,2014-03-28 10:00:00,11,61.82232,55.290806
2014-03-28,2014-03-28 11:00:00,12,76.9205,64.859856
2014-03-28,2014-03-28 12:00:00,13,79.31992,62.712967
2014-03-28,2014-03-28 13:00:00,14,76.683426,56.909172
2014-03-28,2014-03-28 14:00:00,15,82.91188,54.18168
2014-03-28,2014-03-28 15:00:00,16,78.59914,57.83474
2014-03-28,2014-03-28 16:00:00,17,82.67242,61.496452
2014-03-28,2014-03-28 17:00:00,18,99.6863,78.31932
2014-03-28,2014-03-28 18:00:00,19,92.97653,83.427734
2014-03-28,2014-03-28 19:00:00,20,89.62165,90.52034
2014-03-28,2014-03-28 20:00:00,21,95.610634,90.132576
2014-03-28,2014-03-28 21:00:00,22,98.965515,83.560425
2014-03-28,2014-03-28 22:00:00,23,91.53975,68.54438
2014-03-28,2014-03-28 23:00:00,24,33.311783,49.864952
2014-03-29,2014-03-29 00:00:00,1,18.929598,23.768108
2014-03-29,2014-03-29 01:00:00,2,17.250957,18.800718
2014-03-29,2014-03-29 02:00:00,3,14.137931,14.872524
2014-03-29,2014-03-29 03:00:00,4,13.41954,13.534845
2014-03-29,2014-03-29 04:00:00,5,14.377395,15.373627
2014-03-29,2014-03-29 05:00:00,6,14.6168585,14.428814
2014-03-29,2014-03-29 06:00:00,7,9.109196,11.350054
2014-03-29,2014-03-29 07:00:00,8,9.588122,11.647097
2014-03-29,2014-03-29 08:00:00,9,10.06705,13.19025
2014-03-29,2014-03-29 09:00:00,10,7.9118776,12.70406
2014-03-29,2014-03-29 10:00:00,11,9.109196,13.508713
2014-03-29,2014-03-29 11:00:00,12,10.06705,13.651722
2014-03-29,2014-03-29 12:00:00,13,8.38841,12.167191
2014-03-29,2014-03-29 13:00:00,14,11.503832,13.139389
2014-03-29,2014-03-29 14:00:00,15,11.9827585,12.549562
2014-03-29,2014-03-29 15:00:00,16,7.672414,11.852196
2014-03-29,2014-03-29 16:00:00,17,9.348659,13.686312
2014-03-29,2014-03-29 17:00:00,18,9.588122,14.254059
2014-03-29,2014-03-29 18:00:00,19,7.670019,12.987034
2014-03-29,2014-03-29 19:00:00,20,14.377395,15.919834
2014-03-29,2014-03-29 20:00:00,21,15.095785,16.079079
2014-03-29,2014-03-29 21:00:00,22,15.095785,17.971949
2014-03-29,2014-03-29 22:00:00,23,12.461686,16.494799
2014-03-29,2014-03-29 23:00:00,24,12.701149,15.534815
2014-04-14,2014-04-14 00:00:00,1,13.659004,12.365885
2014-04-14,2014-04-14 01:00:00,2,15.814177,14.195782
2014-04-14,2014-04-14 02:00:00,3,13.180077,13.727617
2014-04-14,2014-04-14 03:00:00,4,12.222222,13.216711
2014-04-14,2014-04-14 04:00:00,5,14.377395,14.715006
2014-04-14,2014-04-14 05:00:00,6,14.377395,15.851877
2014-04-14,2014-04-14 06:00:00,7,11.9827585,13.273462
2014-04-14,2014-04-14 07:00:00,8,24.444445,11.468679
2014-04-14,2014-04-14 08:00:00,9,81.71456,17.731295
2014-04-14,2014-04-14 09:00:00,10,83.63027,17.736082
2014-04-14,2014-04-14 10:00:00,11,83.151344,19.355724
2014-04-14,2014-04-14 11:00:00,12,90.581894,21.435997
2014-04-14,2014-04-14 12:00:00,13,88.663795,20.624567
2014-04-14,2014-04-14 13:00:00,14,88.421936,21.58361
2014-04-14,2014-04-14 14:00:00,15,88.18247,21.883488
2014-04-14,2014-04-14 15:00:00,16,86.0249,21.800522
2014-04-14,2014-04-14 16:00:00,17,80.75671,24.627697
2014-04-14,2014-04-14 17:00:00,18,84.10919,28.726265
2014-04-14,2014-04-14 18:00:00,19,78.840996,24.771484
2014-04-14,2014-04-14 19:00:00,20,76.68582,24.00428
2014-04-14,2014-04-14 20:00:00,21,74.76533,27.445011
2014-04-14,2014-04-14 21:00:00,22,79.08046,29.271675
2014-04-14,2014-04-14 22:00:00,23,76.68104,29.679623
2014-04-14,2014-04-14 23:00:00,24,76.44636,20.358046
2014-04-15,2014-04-15 00:00:00,1,47.684387,58.853416
2014-04-15,2014-04-15 01:00:00,2,27.078545,59.52443
2014-04-15,2014-04-15 02:00:00,3,13.41954,28.489006
2014-04-15,2014-04-15 03:00:00,4,12.461686,19.68304
2014-04-15,2014-04-15 04:00:00,5,13.898467,19.28035
2014-04-15,2014-04-15 05:00:00,6,14.856322,20.392578
2014-04-15,2014-04-15 06:00:00,7,11.9827585,16.290867
2014-04-15,2014-04-15 07:00:00,8,11.264368,20.084536
2014-04-15,2014-04-15 08:00:00,9,28.273468,71.70184
2014-04-15,2014-04-15 09:00:00,10,32.828064,74.77428
2014-04-15,2014-04-15 10:00:00,11,31.149426,74.27268
2014-04-15,2014-04-15 11:00:00,12,38.82184,78.65257
2014-04-15,2014-04-15 12:00:00,13,40.498085,78.1053
2014-04-15,2014-04-15 13:00:00,14,39.779694,80.84717
2014-04-15,2014-04-15 14:00:00,15,28.994253,83.229294
2014-04-15,2014-04-15 15:00:00,16,29.952106,81.12687
2014-04-15,2014-04-15 16:00:00,17,26.83908,80.36267
2014-04-15,2014-04-15 17:00:00,18,31.149426,82.75637
2014-04-15,2014-04-15 18:00:00,19,31.391283,79.80838
2014-04-15,2014-04-15 19:00:00,20,45.53161,78.19437
2014-04-15,2014-04-15 20:00:00,21,53.67816,76.65045
2014-04-15,2014-04-15 21:00:00,22,51.04406,77.2101
2014-04-15,2014-04-15 22:00:00,23,46.00814,74.70449
2014-04-15,2014-04-15 23:00:00,24,32.11207,43.24786
2014-04-16,2014-04-16 00:00:00,1,17.011494,20.865635
2014-04-16,2014-04-16 01:00:00,2,18.448277,20.966156
2014-04-16,2014-04-16 02:00:00,3,13.898467,17.303429
2014-04-16,2014-04-16 03:00:00,4,12.701149,15.42149
2014-04-16,2014-04-16 04:00:00,5,14.6168585,15.802692
2014-04-16,2014-04-16 05:00:00,6,16.293104,17.125671
2014-04-16,2014-04-16 06:00:00,7,11.9827585,13.723671
2014-04-16,2014-04-16 07:00:00,8,17.974138,14.029373
2014-04-16,2014-04-16 08:00:00,9,44.329502,26.338009
2014-04-16,2014-04-16 09:00:00,10,47.44732,32.16796
2014-04-16,2014-04-16 10:00:00,11,54.15709,31.805098
2014-04-16,2014-04-16 11:00:00,12,56.072796,43.759033
2014-04-16,2014-04-16 12:00:00,13,50.08621,44.713627
2014-04-16,2014-04-16 13:00:00,14,37.86159,48.413654
2014-04-16,2014-04-16 14:00:00,15,16.532568,47.460358
2014-04-16,2014-04-16 15:00:00,16,12.701149,44.827713
2014-04-16,2014-04-16 16:00:00,17,20.371168,55.50141
2014-04-16,2014-04-16 17:00:00,18,27.55747,56.501297
2014-04-16,2014-04-16 18:00:00,19,24.202587,54.252785
2014-04-16,2014-04-16 19:00:00,20,28.038794,54.65719
2014-04-16,2014-04-16 20:00:00,21,48.884098,54.215744
2014-04-16,2014-04-16 21:00:00,22,78.122604,52.83701
2014-04-16,2014-04-16 22:00:00,23,63.98228,45.60336
2014-04-16,2014-04-16 23:00:00,24,54.15709,29.26751
2014-04-17,2014-04-17 00:00:00,1,39.779694,31.553257
2014-04-17,2014-04-17 01:00:00,2,20.608238,28.066858
2014-04-17,2014-04-17 02:00:00,3,13.659004,16.869766
2014-04-17,2014-04-17 03:00:00,4,12.461686,14.492605
2014-04-17,2014-04-17 04:00:00,5,14.6168585,15.213818
2014-04-17,2014-04-17 05:00:00,6,15.335249,16.027246
2014-04-17,2014-04-17 06:00:00,7,11.743295,13.393169
2014-04-17,2014-04-17 07:00:00,8,10.545977,13.713837
2014-04-17,2014-04-17 08:00:00,9,14.137931,24.24681
2014-04-17,2014-04-17 09:00:00,10,18.929598,27.27598
2014-04-17,2014-04-17 10:00:00,11,17.729885,30.805614
2014-04-17,2014-04-17 11:00:00,12,28.991858,38.08893
2014-04-17,2014-04-17 12:00:00,13,29.954502,34.912235
2014-04-17,2014-04-17 13:00:00,14,29.233717,29.825846
2014-04-17,2014-04-17 14:00:00,15,29.712645,22.638367
2014-04-17,2014-04-17 15:00:00,16,29.952106,22.419125
2014-04-17,2014-04-17 16:00:00,17,31.867817,29.988585
2014-04-17,2014-04-17 17:00:00,18,35.948277,36.446
2014-04-17,2014-04-17 18:00:00,19,30.193966,31.93813
2014-04-17,2014-04-17 19:00:00,20,27.078545,36.382473
2014-04-17,2014-04-17 20:00:00,21,26.841475,45.342243
2014-04-17,2014-04-17 21:00:00,22,47.207855,51.608902
2014-04-17,2014-04-17 22:00:00,23,40.977013,45.970978
2014-04-17,2014-04-17 23:00:00,24,36.18774,33.48851
2014-04-18,2014-04-18 00:00:00,1,37.382664,25.339567
2014-04-18,2014-04-18 01:00:00,2,28.996647,21.693813
2014-04-18,2014-04-18 02:00:00,3,13.41954,15.523818
2014-04-18,2014-04-18 03:00:00,4,11.9827585,13.999919
2014-04-18,2014-04-18 04:00:00,5,14.137931,14.750206
2014-04-18,2014-04-18 05:00:00,6,15.095785,15.354293
2014-04-18,2014-04-18 06:00:00,7,11.264368,11.780018
2014-04-18,2014-04-18 07:00:00,8,13.661399,11.912539
2014-04-18,2014-04-18 08:00:00,9,54.154694,18.278584
2014-04-18,2014-04-18 09:00:00,10,58.706898,21.658176
2014-04-18,2014-04-18 10:00:00,11,58.706898,22.14099
2014-04-18,2014-04-18 11:00:00,12,59.667145,29.459543
2014-04-18,2014-04-18 12:00:00,13,34.50431,28.03719
2014-04-18,2014-04-18 13:00:00,14,31.628353,26.318542
2014-04-18,2014-04-18 14:00:00,15,37.140804,22.298351
2014-04-18,2014-04-18 15:00:00,16,38.82184,21.77842
2014-04-18,2014-04-18 16:00:00,17,34.985634,24.40441
2014-04-18,2014-04-18 17:00:00,18,26.599617,28.37311
2014-04-18,2014-04-18 18:00:00,19,23.48659,25.856178
2014-04-18,2014-04-18 19:00:00,20,20.605843,25.388397
2014-04-18,2014-04-18 20:00:00,21,19.169062,27.463047
2014-04-18,2014-04-18 21:00:00,22,18.68774,33.41647
2014-04-18,2014-04-18 22:00:00,23,15.335249,30.64231
2014-04-18,2014-04-18 23:00:00,24,12.701149,24.082016
2014-04-19,2014-04-19 00:00:00,1,13.659004,12.711947
2014-04-19,2014-04-19 01:00:00,2,14.6168585,12.845122
2014-04-19,2014-04-19 02:00:00,3,13.41954,11.452749
2014-04-19,2014-04-19 03:00:00,4,11.9827585,10.717955
2014-04-19,2014-04-19 04:00:00,5,14.856322,11.80971
2014-04-19,2014-04-19 05:00:00,6,14.856322,11.928829
2014-04-19,2014-04-19 06:00:00,7,11.264368,10.382013
2014-04-19,2014-04-19 07:00:00,8,9.588122,9.576632
2014-04-19,2014-04-19 08:00:00,9,10.306514,11.055742
2014-04-19,2014-04-19 09:00:00,10,8.38841,10.592014
2014-04-19,2014-04-19 10:00:00,11,9.827586,10.1953125
2014-04-19,2014-04-19 11:00:00,12,10.306514,10.689306
2014-04-19,2014-04-19 12:00:00,13,9.348659,10.56418
2014-04-19,2014-04-19 13:00:00,14,8.869732,10.538256
2014-04-19,2014-04-19 14:00:00,15,10.306514,10.536451
2014-04-19,2014-04-19 15:00:00,16,8.630268,10.131773
2014-04-19,2014-04-19 16:00:00,17,9.348659,10.983625
2014-04-19,2014-04-19 17:00:00,18,10.306514,11.578966
2014-04-19,2014-04-19 18:00:00,19,8.630268,10.853258
2014-04-19,2014-04-19 19:00:00,20,10.306514,10.755201
2014-04-19,2014-04-19 20:00:00,21,10.06705,12.188515
2014-04-19,2014-04-19 21:00:00,22,13.898467,14.278123
2014-04-19,2014-04-19 22:00:00,23,13.41954,13.553497
2014-04-19,2014-04-19 23:00:00,24,11.9827585,12.32355
2014-04-20,2014-04-20 00:00:00,1,13.659004,12.591018
2014-04-20,2014-04-20 01:00:00,2,15.814177,13.609498
2014-04-20,2014-04-20 02:00:00,3,13.41954,12.234536
2014-04-20,2014-04-20 03:00:00,4,11.9827585,11.453627
2014-04-20,2014-04-20 04:00:00,5,13.898467,13.143493
2014-04-20,2014-04-20 05:00:00,6,14.6168585,13.350521
2014-04-20,2014-04-20 06:00:00,7,11.503832,10.954035
2014-04-20,2014-04-20 07:00:00,8,10.06705,8.892311
2014-04-20,2014-04-20 08:00:00,9,9.827586,9.747395
2014-04-20,2014-04-20 09:00:00,10,8.630268,9.062563
2014-04-20,2014-04-20 10:00:00,11,9.348659,9.027201
2014-04-20,2014-04-20 11:00:00,12,10.306514,9.633032
2014-04-20,2014-04-20 12:00:00,13,8.630268,8.980545
2014-04-20,2014-04-20 13:00:00,14,9.588122,9.298244
2014-04-20,2014-04-20 14:00:00,15,11.024904,9.72694
2014-04-20,2014-04-20 15:00:00,16,8.630268,8.544704
2014-04-20,2014-04-20 16:00:00,17,9.346265,9.287504
2014-04-20,2014-04-20 17:00:00,18,10.06705,10.158529
2014-04-20,2014-04-20 18:00:00,19,8.630268,9.475456
2014-04-20,2014-04-20 19:00:00,20,9.588122,9.70002
2014-04-20,2014-04-20 20:00:00,21,10.306514,11.003684
2014-04-20,2014-04-20 21:00:00,22,14.6168585,14.907849
2014-04-20,2014-04-20 22:00:00,23,13.180077,14.517231
2014-04-20,2014-04-20 23:00:00,24,11.743295,13.117645
2014-04-21,2014-04-21 00:00:00,1,14.137931,12.890529
2014-04-21,2014-04-21 01:00:00,2,15.095785,14.731285
2014-04-21,2014-04-21 02:00:00,3,13.180077,12.857293
2014-04-21,2014-04-21 03:00:00,4,12.222222,12.326861
2014-04-21,2014-04-21 04:00:00,5,14.856322,14.333307
2014-04-21,2014-04-21 05:00:00,6,14.856322,15.132615
2014-04-21,2014-04-21 06:00:00,7,10.78544,11.290462
2014-04-21,2014-04-21 07:00:00,8,10.545977,11.987092
2014-04-21,2014-04-21 08:00:00,9,21.568487,31.492527
2014-04-21,2014-04-21 09:00:00,10,27.078545,40.99441
2014-04-21,2014-04-21 10:00:00,11,37.86159,48.580246
2014-04-21,2014-04-21 11:00:00,12,40.498085,55.067284
2014-04-21,2014-04-21 12:00:00,13,33.788315,49.18204
2014-04-21,2014-04-21 13:00:00,14,30.19157,48.58265
2014-04-21,2014-04-21 14:00:00,15,28.515326,47.44922
2014-04-21,2014-04-21 15:00:00,16,28.036398,44.58749
2014-04-21,2014-04-21 16:00:00,17,27.796934,43.942352
2014-04-21,2014-04-21 17:00:00,18,39.54023,44.82798
2014-04-21,2014-04-21 18:00:00,19,32.349136,35.053467
2014-04-21,2014-04-21 19:00:00,20,30.43343,33.410793
2014-04-21,2014-04-21 20:00:00,21,42.41379,36.337395
2014-04-21,2014-04-21 21:00:00,22,46.965996,41.848312
2014-04-21,2014-04-21 22:00:00,23,40.256226,32.26014
2014-04-21,2014-04-21 23:00:00,24,21.326628,21.621944
2014-04-22,2014-04-22 00:00:00,1,14.6168585,17.852808
2014-04-22,2014-04-22 01:00:00,2,15.095785,16.920403
2014-04-22,2014-04-22 02:00:00,3,13.41954,12.896712
2014-04-22,2014-04-22 03:00:00,4,12.461686,11.767215
2014-04-22,2014-04-22 04:00:00,5,14.6168585,13.7430525
2014-04-22,2014-04-22 05:00:00,6,15.335249,15.203814
2014-04-22,2014-04-22 06:00:00,7,11.9827585,11.37188
2014-04-22,2014-04-22 07:00:00,8,10.78544,11.708996
2014-04-22,2014-04-22 08:00:00,9,17.729885,25.89257
2014-04-22,2014-04-22 09:00:00,10,16.05364,30.088514
2014-04-22,2014-04-22 10:00:00,11,17.971743,34.754536
2014-04-22,2014-04-22 11:00:00,12,23.48659,39.72793
2014-04-22,2014-04-22 12:00:00,13,32.83046,37.40874
2014-04-22,2014-04-22 13:00:00,14,30.909962,34.716766
2014-04-22,2014-04-22 14:00:00,15,29.712645,30.687822
2014-04-22,2014-04-22 15:00:00,16,27.318008,29.443855
2014-04-22,2014-04-22 16:00:00,17,25.402298,31.831665
2014-04-22,2014-04-22 17:00:00,18,32.83046,36.933044
2014-04-22,2014-04-22 18:00:00,19,26.12069,31.762447
2014-04-22,2014-04-22 19:00:00,20,48.16571,32.122265
2014-04-22,2014-04-22 20:00:00,21,76.68104,38.29342
2014-04-22,2014-04-22 21:00:00,22,85.78544,43.749165
2014-04-22,2014-04-22 22:00:00,23,90.82136,38.65326
2014-04-22,2014-04-22 23:00:00,24,90.58429,27.873251
2014-04-23,2014-04-23 00:00:00,1,93.93678,84.25594
2014-04-23,2014-04-23 01:00:00,2,79.31753,70.70101
2014-04-23,2014-04-23 02:00:00,3,19.169062,39.99584
2014-04-23,2014-04-23 03:00:00,4,15.095785,27.569975
2014-04-23,2014-04-23 04:00:00,5,16.293104,27.24848
2014-04-23,2014-04-23 05:00:00,6,15.574713,23.936451
2014-04-23,2014-04-23 06:00:00,7,12.222222,16.424664
2014-04-23,2014-04-23 07:00:00,8,18.213602,17.25413
2014-04-23,2014-04-23 08:00:00,9,92.02107,36.983036
2014-04-23,2014-04-23 09:00:00,10,92.5,37.750145
2014-04-23,2014-04-23 10:00:00,11,95.61303,37.37887
2014-04-23,2014-04-23 11:00:00,12,98.24712,44.98477
2014-04-23,2014-04-23 12:00:00,13,99.68391,43.3844
2014-04-23,2014-04-23 13:00:00,14,98.24712,37.898262
2014-04-23,2014-04-23 14:00:00,15,74.76533,34.01775
2014-04-23,2014-04-23 15:00:00,16,61.582855,31.760649
2014-04-23,2014-04-23 16:00:00,17,67.0977,36.11724
2014-04-23,2014-04-23 17:00:00,18,74.284004,41.382042
2014-04-23,2014-04-23 18:00:00,19,66.618774,37.935635
2014-04-23,2014-04-23 19:00:00,20,66.13745,39.066216
2014-04-23,2014-04-23 20:00:00,21,73.328545,49.642464
2014-04-23,2014-04-23 21:00:00,22,80.75671,62.98686
2014-04-23,2014-04-23 22:00:00,23,89.62165,55.746315
2014-04-23,2014-04-23 23:00:00,24,87.70594,39.132088
2014-04-24,2014-04-24 00:00:00,1,82.91188,80.464134
2014-04-24,2014-04-24 01:00:00,2,43.371647,68.88883
2014-04-24,2014-04-24 02:00:00,3,13.898467,28.429916
2014-04-24,2014-04-24 03:00:00,4,12.701149,20.320948
2014-04-24,2014-04-24 04:00:00,5,15.095785,19.808552
2014-04-24,2014-04-24 05:00:00,6,15.574713,19.601639
2014-04-24,2014-04-24 06:00:00,7,10.78544,13.790283
2014-04-24,2014-04-24 07:00:00,8,11.264368,14.830458
2014-04-24,2014-04-24 08:00:00,9,18.929598,37.899185
2014-04-24,2014-04-24 09:00:00,10,20.847702,41.933167
2014-04-24,2014-04-24 10:00:00,11,33.069923,44.328354
2014-04-24,2014-04-24 11:00:00,12,44.810825,54.683113
2014-04-24,2014-04-24 12:00:00,13,61.82471,52.53225
2014-04-24,2014-04-24 13:00:00,14,66.13985,46.226723
2014-04-24,2014-04-24 14:00:00,15,66.85824,38.023422
2014-04-24,2014-04-24 15:00:00,16,68.534485,36.230923
2014-04-24,2014-04-24 16:00:00,17,73.32375,40.303593
2014-04-24,2014-04-24 17:00:00,18,76.92289,46.549667
2014-04-24,2014-04-24 18:00:00,19,69.97127,40.523685
2014-04-24,2014-04-24 19:00:00,20,67.0977,44.007603
2014-04-24,2014-04-24 20:00:00,21,72.131226,57.047028
2014-04-24,2014-04-24 21:00:00,22,93.93678,65.503
2014-04-24,2014-04-24 22:00:00,23,90.34243,62.449272
2014-04-24,2014-04-24 23:00:00,24,84.82758,49.11444
2014-04-25,2014-04-25 00:00:00,1,84.82758,81.812294
2014-04-25,2014-04-25 01:00:00,2,85.06705,64.55232
2014-04-25,2014-04-25 02:00:00,3,52.478447,19.510086
2014-04-25,2014-04-25 03:00:00,4,15.335249,15.697455
2014-04-25,2014-04-25 04:00:00,5,16.293104,16.547394
2014-04-25,2014-04-25 05:00:00,6,16.77203,16.207458
2014-04-25,2014-04-25 06:00:00,7,11.743295,12.602064
2014-04-25,2014-04-25 07:00:00,8,12.222222,14.131953
2014-04-25,2014-04-25 08:00:00,9,17.729885,43.9505
2014-04-25,2014-04-25 09:00:00,10,19.887451,53.875324
2014-04-25,2014-04-25 10:00:00,11,20.366379,60.066517
2014-04-25,2014-04-25 11:00:00,12,20.124521,68.75737
2014-04-25,2014-04-25 12:00:00,13,19.889847,68.7486
2014-04-25,2014-04-25 13:00:00,14,20.126915,66.30996
2014-04-25,2014-04-25 14:00:00,15,21.810345,63.471916
2014-04-25,2014-04-25 15:00:00,16,19.169062,60.594322
2014-04-25,2014-04-25 16:00:00,17,24.920977,61.162346
2014-04-25,2014-04-25 17:00:00,18,34.988026,61.33378
2014-04-25,2014-04-25 18:00:00,19,34.269634,54.417892
2014-04-25,2014-04-25 19:00:00,20,37.863983,46.864967
2014-04-25,2014-04-25 20:00:00,21,51.520596,46.692696
2014-04-25,2014-04-25 21:00:00,22,58.467434,51.076256
2014-04-25,2014-04-25 22:00:00,23,56.31226,35.387974
2014-04-25,2014-04-25 23:00:00,24,51.522987,22.6231
2014-04-26,2014-04-26 00:00:00,1,51.76245,44.322063
2014-04-26,2014-04-26 01:00:00,2,48.886494,38.092545
2014-04-26,2014-04-26 02:00:00,3,15.335249,23.908447
2014-04-26,2014-04-26 03:00:00,4,12.940613,16.950947
2014-04-26,2014-04-26 04:00:00,5,14.856322,17.20227
2014-04-26,2014-04-26 05:00:00,6,15.574713,15.681137
2014-04-26,2014-04-26 06:00:00,7,12.701149,11.872015
2014-04-26,2014-04-26 07:00:00,8,10.78544,10.666853
2014-04-26,2014-04-26 08:00:00,9,11.024904,12.410408
2014-04-26,2014-04-26 09:00:00,10,9.588122,10.841488
2014-04-26,2014-04-26 10:00:00,11,10.545977,11.046497
2014-04-26,2014-04-26 11:00:00,12,11.503832,11.230961
2014-04-26,2014-04-26 12:00:00,13,9.588122,11.027546
2014-04-26,2014-04-26 13:00:00,14,10.78544,11.03116
2014-04-26,2014-04-26 14:00:00,15,12.222222,10.769947
2014-04-26,2014-04-26 15:00:00,16,10.545977,10.031193
2014-04-26,2014-04-26 16:00:00,17,11.024904,10.954927
2014-04-26,2014-04-26 17:00:00,18,11.743295,11.726349
2014-04-26,2014-04-26 18:00:00,19,10.06705,11.327642
2014-04-26,2014-04-26 19:00:00,20,10.78544,11.505173
2014-04-26,2014-04-26 20:00:00,21,11.024904,12.7761
2014-04-26,2014-04-26 21:00:00,22,15.095785,17.698425
2014-04-26,2014-04-26 22:00:00,23,15.095785,16.646938
2014-04-26,2014-04-26 23:00:00,24,13.41954,15.028624
2014-04-27,2014-04-27 00:00:00,1,15.095785,14.559982
2014-04-27,2014-04-27 01:00:00,2,16.05364,15.284234
2014-04-27,2014-04-27 02:00:00,3,14.137931,12.253656
2014-04-27,2014-04-27 03:00:00,4,14.377395,11.576233
2014-04-27,2014-04-27 04:00:00,5,15.814177,13.246347
2014-04-27,2014-04-27 05:00:00,6,15.814177,13.567482
2014-04-27,2014-04-27 06:00:00,7,11.503832,10.847607
2014-04-27,2014-04-27 07:00:00,8,9.827586,9.908796
2014-04-27,2014-04-27 08:00:00,9,11.264368,11.078167
2014-04-27,2014-04-27 09:00:00,10,9.109196,10.52265
2014-04-27,2014-04-27 10:00:00,11,10.545977,10.51008
2014-04-27,2014-04-27 11:00:00,12,10.78544,11.186596
2014-04-27,2014-04-27 12:00:00,13,10.306514,10.105532
2014-04-27,2014-04-27 13:00:00,14,11.743295,10.301073
2014-04-27,2014-04-27 14:00:00,15,11.503832,11.0419235
2014-04-27,2014-04-27 15:00:00,16,10.545977,9.871798
2014-04-27,2014-04-27 16:00:00,17,10.78544,10.737238
2014-04-27,2014-04-27 17:00:00,18,11.9827585,12.060873
2014-04-27,2014-04-27 18:00:00,19,10.306514,10.875786
2014-04-27,2014-04-27 19:00:00,20,10.545977,11.288773
2014-04-27,2014-04-27 20:00:00,21,11.024904,12.306425
2014-04-27,2014-04-27 21:00:00,22,15.095785,16.643906
2014-04-27,2014-04-27 22:00:00,23,15.335249,15.592926
2014-04-27,2014-04-27 23:00:00,24,12.940613,14.315367
2014-04-28,2014-04-28 00:00:00,1,14.856322,14.321554
2014-04-28,2014-04-28 01:00:00,2,16.05364,15.169626
2014-04-28,2014-04-28 02:00:00,3,14.137931,12.609364
2014-04-28,2014-04-28 03:00:00,4,13.180077,12.707451
2014-04-28,2014-04-28 04:00:00,5,14.856322,15.068556
2014-04-28,2014-04-28 05:00:00,6,15.574713,15.770891
2014-04-28,2014-04-28 06:00:00,7,11.264368,12.0701065
2014-04-28,2014-04-28 07:00:00,8,10.545977,11.833937
2014-04-28,2014-04-28 08:00:00,9,13.659004,20.074497
2014-04-28,2014-04-28 09:00:00,10,15.814177,17.9483
2014-04-28,2014-04-28 10:00:00,11,17.729885,24.528534
2014-04-28,2014-04-28 11:00:00,12,21.805555,32.34309
2014-04-28,2014-04-28 12:00:00,13,25.402298,32.326504
2014-04-28,2014-04-28 13:00:00,14,22.52634,34.078712
2014-04-28,2014-04-28 14:00:00,15,27.55747,35.25957
2014-04-28,2014-04-28 15:00:00,16,29.233717,32.68853
2014-04-28,2014-04-28 16:00:00,17,28.515326,38.765133
2014-04-28,2014-04-28 17:00:00,18,34.02778,47.697197
2014-04-28,2014-04-28 18:00:00,19,26.83908,41.945957
2014-04-28,2014-04-28 19:00:00,20,34.509098,43.726254
2014-04-28,2014-04-28 20:00:00,21,43.613506,53.5354
2014-04-28,2014-04-28 21:00:00,22,61.34339,65.29677
2014-04-28,2014-04-28 22:00:00,23,59.904213,60.743244
2014-04-28,2014-04-28 23:00:00,24,57.270115,51.069756
2014-04-29,2014-04-29 00:00:00,1,57.03065,55.10212
2014-04-29,2014-04-29 01:00:00,2,57.988506,47.116714
2014-04-29,2014-04-29 02:00:00,3,18.211206,20.001091
2014-04-29,2014-04-29 03:00:00,4,13.41954,15.3287115
2014-04-29,2014-04-29 04:00:00,5,16.05364,16.930576
2014-04-29,2014-04-29 05:00:00,6,17.011494,16.850586
2014-04-29,2014-04-29 06:00:00,7,11.503832,12.200375
2014-04-29,2014-04-29 07:00:00,8,10.78544,12.552221
2014-04-29,2014-04-29 08:00:00,9,21.805555,19.099695
2014-04-29,2014-04-29 09:00:00,10,27.796934,20.179825
2014-04-29,2014-04-29 10:00:00,11,29.475574,25.091415
2014-04-29,2014-04-29 11:00:00,12,35.466953,31.925728
2014-04-29,2014-04-29 12:00:00,13,31.630747,35.266014
2014-04-29,2014-04-29 13:00:00,14,26.599617,33.321186
2014-04-29,2014-04-29 14:00:00,15,23.48659,32.384865
2014-04-29,2014-04-29 15:00:00,16,19.64799,32.07278
2014-04-29,2014-04-29 16:00:00,17,25.162836,35.018875
2014-04-29,2014-04-29 17:00:00,18,24.439655,43.533802
2014-04-29,2014-04-29 18:00:00,19,20.847702,37.34337
2014-04-29,2014-04-29 19:00:00,20,39.779694,40.484283
2014-04-29,2014-04-29 20:00:00,21,52.480843,49.14103
2014-04-29,2014-04-29 21:00:00,22,55.59387,60.869225
2014-04-29,2014-04-29 22:00:00,23,58.467434,61.96525
2014-04-29,2014-04-29 23:00:00,24,56.551723,55.03434
2014-04-30,2014-04-30 00:00:00,1,49.604885,53.951157
2014-04-30,2014-04-30 01:00:00,2,34.509098,46.821663
2014-04-30,2014-04-30 02:00:00,3,14.377395,16.001797
2014-04-30,2014-04-30 03:00:00,4,13.659004,13.854752
2014-04-30,2014-04-30 04:00:00,5,15.095785,15.81053
2014-04-30,2014-04-30 05:00:00,6,17.011494,16.989567
2014-04-30,2014-04-30 06:00:00,7,10.78544,12.670437
2014-04-30,2014-04-30 07:00:00,8,11.024904,13.253364
2014-04-30,2014-04-30 08:00:00,9,13.659004,23.51351
2014-04-30,2014-04-30 09:00:00,10,18.690134,23.198889
2014-04-30,2014-04-30 10:00:00,11,26.597221,27.818256
2014-04-30,2014-04-30 11:00:00,12,33.54885,35.607502
2014-04-30,2014-04-30 12:00:00,13,30.19157,36.60725
2014-04-30,2014-04-30 13:00:00,14,28.036398,34.150547
2014-04-30,2014-04-30 14:00:00,15,29.712645,31.433964
2014-04-30,2014-04-30 15:00:00,16,33.546455,29.128166
2014-04-30,2014-04-30 16:00:00,17,32.346745,33.943333
2014-04-30,2014-04-30 17:00:00,18,33.54885,39.17466
2014-04-30,2014-04-30 18:00:00,19,31.38889,33.89257
2014-04-30,2014-04-30 19:00:00,20,37.622128,38.839787
2014-04-30,2014-04-30 20:00:00,21,47.926247,46.843224
2014-04-30,2014-04-30 21:00:00,22,55.11494,55.714718
2014-04-30,2014-04-30 22:00:00,23,47.686783,56.685947
2014-04-30,2014-04-30 23:00:00,24,43.132183,50.279152
2014-05-01,2014-05-01 00:00:00,1,37.863983,41.956356
2014-05-01,2014-05-01 01:00:00,2,19.40613,38.42027
2014-05-01,2014-05-01 02:00:00,3,18.211206,16.417599
2014-05-01,2014-05-01 03:00:00,4,16.05364,13.807743
2014-05-01,2014-05-01 04:00:00,5,17.011494,15.908451
2014-05-01,2014-05-01 05:00:00,6,17.490421,16.644026
2014-05-01,2014-05-01 06:00:00,7,11.264368,11.837645
2014-05-01,2014-05-01 07:00:00,8,11.503832,11.690289
2014-05-01,2014-05-01 08:00:00,9,16.293104,17.980541
2014-05-01,2014-05-01 09:00:00,10,17.250957,20.793774
2014-05-01,2014-05-01 10:00:00,11,17.011494,25.097696
2014-05-01,2014-05-01 11:00:00,12,17.729885,30.978653
2014-05-01,2014-05-01 12:00:00,13,16.05364,29.51625
2014-05-01,2014-05-01 13:00:00,14,15.814177,27.296219
2014-05-01,2014-05-01 14:00:00,15,15.095785,28.05573
2014-05-01,2014-05-01 15:00:00,16,17.011494,28.001623
2014-05-01,2014-05-01 16:00:00,17,22.04502,29.742067
2014-05-01,2014-05-01 17:00:00,18,37.140804,33.046013
2014-05-01,2014-05-01 18:00:00,19,28.75479,27.87022
2014-05-01,2014-05-01 19:00:00,20,28.994253,34.284122
2014-05-01,2014-05-01 20:00:00,21,39.777298,43.867527
2014-05-01,2014-05-01 21:00:00,22,52.480843,52.221046
2014-05-01,2014-05-01 22:00:00,23,74.2864,51.617462
2014-05-01,2014-05-01 23:00:00,24,78.840996,45.198418
2014-05-02,2014-05-02 00:00:00,1,77.64368,75.50901
2014-05-02,2014-05-02 01:00:00,2,47.92864,64.94065
2014-05-02,2014-05-02 02:00:00,3,17.011494,28.067383
2014-05-02,2014-05-02 03:00:00,4,15.095785,19.105598
2014-05-02,2014-05-02 04:00:00,5,16.293104,20.294413
2014-05-02,2014-05-02 05:00:00,6,15.574713,20.17955
2014-05-02,2014-05-02 06:00:00,7,11.264368,12.221251
2014-05-02,2014-05-02 07:00:00,8,10.78544,12.261414
2014-05-02,2014-05-02 08:00:00,9,14.6168585,16.408585
2014-05-02,2014-05-02 09:00:00,10,18.68774,19.46605
2014-05-02,2014-05-02 10:00:00,11,17.729885,22.887127
2014-05-02,2014-05-02 11:00:00,12,17.011494,27.932198
2014-05-02,2014-05-02 12:00:00,13,18.448277,25.883701
2014-05-02,2014-05-02 13:00:00,14,16.05364,24.735289
2014-05-02,2014-05-02 14:00:00,15,23.007664,24.690552
2014-05-02,2014-05-02 15:00:00,16,22.528736,23.6307
2014-05-02,2014-05-02 16:00:00,17,28.75479,28.41782
2014-05-02,2014-05-02 17:00:00,18,34.02778,32.67585
2014-05-02,2014-05-02 18:00:00,19,26.360153,27.220499
2014-05-02,2014-05-02 19:00:00,20,33.309387,33.367554
2014-05-02,2014-05-02 20:00:00,21,45.53161,41.049927
2014-05-02,2014-05-02 21:00:00,22,77.88314,51.964096
2014-05-02,2014-05-02 22:00:00,23,78.122604,51.552753
2014-05-02,2014-05-02 23:00:00,24,73.80268,46.558144
2014-05-03,2014-05-03 00:00:00,1,65.89799,71.077866
2014-05-03,2014-05-03 01:00:00,2,27.318008,55.43721
2014-05-03,2014-05-03 02:00:00,3,24.444445,22.418568
2014-05-03,2014-05-03 03:00:00,4,22.049809,16.088165
2014-05-03,2014-05-03 04:00:00,5,21.810345,17.731806
2014-05-03,2014-05-03 05:00:00,6,21.57088,16.486732
2014-05-03,2014-05-03 06:00:00,7,15.335249,11.304434
2014-05-03,2014-05-03 07:00:00,8,13.41954,10.821867
2014-05-03,2014-05-03 08:00:00,9,13.41954,13.073679
2014-05-03,2014-05-03 09:00:00,10,11.9827585,12.442381
2014-05-03,2014-05-03 10:00:00,11,13.41954,12.44095
2014-05-03,2014-05-03 11:00:00,12,13.180077,12.636305
2014-05-03,2014-05-03 12:00:00,13,10.78544,12.154915
2014-05-03,2014-05-03 13:00:00,14,10.545977,12.420185
2014-05-03,2014-05-03 14:00:00,15,12.222222,12.103914
2014-05-03,2014-05-03 15:00:00,16,10.06705,11.785498
2014-05-03,2014-05-03 16:00:00,17,11.743295,12.471195
2014-05-03,2014-05-03 17:00:00,18,11.9827585,13.15906
2014-05-03,2014-05-03 18:00:00,19,10.545977,12.001247
2014-05-03,2014-05-03 19:00:00,20,13.898467,12.358721
2014-05-03,2014-05-03 20:00:00,21,12.940613,13.283568
2014-05-03,2014-05-03 21:00:00,22,17.250957,15.544619
2014-05-03,2014-05-03 22:00:00,23,15.814177,15.241611
2014-05-03,2014-05-03 23:00:00,24,16.293104,14.006606
2014-05-04,2014-05-04 00:00:00,1,17.490421,16.236044
2014-05-04,2014-05-04 01:00:00,2,17.011494,15.701439
2014-05-04,2014-05-04 02:00:00,3,14.856322,14.031007
2014-05-04,2014-05-04 03:00:00,4,14.377395,13.577991
2014-05-04,2014-05-04 04:00:00,5,15.574713,14.614664
2014-05-04,2014-05-04 05:00:00,6,16.77203,14.915976
2014-05-04,2014-05-04 06:00:00,7,10.306514,11.879328
2014-05-04,2014-05-04 07:00:00,8,10.545977,11.0166855
2014-05-04,2014-05-04 08:00:00,9,11.9827585,11.653439
2014-05-04,2014-05-04 09:00:00,10,9.827586,11.195129
2014-05-04,2014-05-04 10:00:00,11,11.743295,11.660545
2014-05-04,2014-05-04 11:00:00,12,11.743295,11.91292
2014-05-04,2014-05-04 12:00:00,13,10.545977,11.251339
2014-05-04,2014-05-04 13:00:00,14,11.024904,11.309046
2014-05-04,2014-05-04 14:00:00,15,11.9827585,11.788036
2014-05-04,2014-05-04 15:00:00,16,10.545977,11.13842
2014-05-04,2014-05-04 16:00:00,17,11.264368,11.735689
2014-05-04,2014-05-04 17:00:00,18,11.9827585,12.359659
2014-05-04,2014-05-04 18:00:00,19,11.503832,11.508707
2014-05-04,2014-05-04 19:00:00,20,11.024904,11.887299
2014-05-04,2014-05-04 20:00:00,21,11.503832,13.030403
2014-05-04,2014-05-04 21:00:00,22,15.814177,16.113382
2014-05-04,2014-05-04 22:00:00,23,15.095785,15.990939
2014-05-04,2014-05-04 23:00:00,24,13.898467,15.268868
2014-05-05,2014-05-05 00:00:00,1,15.814177,15.190271
2014-05-05,2014-05-05 01:00:00,2,16.532568,15.130916
2014-05-05,2014-05-05 02:00:00,3,15.814177,13.693663
2014-05-05,2014-05-05 03:00:00,4,14.137931,13.832112
2014-05-05,2014-05-05 04:00:00,5,15.335249,15.27996
2014-05-05,2014-05-05 05:00:00,6,16.293104,16.42725
2014-05-05,2014-05-05 06:00:00,7,10.78544,10.635227
2014-05-05,2014-05-05 07:00:00,8,10.545977,10.714565
2014-05-05,2014-05-05 08:00:00,9,24.442049,14.232733
2014-05-05,2014-05-05 09:00:00,10,30.19157,14.449531
2014-05-05,2014-05-05 10:00:00,11,33.067528,17.677773
2014-05-05,2014-05-05 11:00:00,12,32.5886,20.636345
2014-05-05,2014-05-05 12:00:00,13,31.393679,20.528807
2014-05-05,2014-05-05 13:00:00,14,26.360153,20.837967
2014-05-05,2014-05-05 14:00:00,15,27.796934,23.839428
2014-05-05,2014-05-05 15:00:00,16,25.641762,24.213394
2014-05-05,2014-05-05 16:00:00,17,33.788315,28.590946
2014-05-05,2014-05-05 17:00:00,18,40.977013,33.943565
2014-05-05,2014-05-05 18:00:00,19,30.193966,28.702389
2014-05-05,2014-05-05 19:00:00,20,27.796934,34.65106
2014-05-05,2014-05-05 20:00:00,21,28.515326,47.738033
2014-05-05,2014-05-05 21:00:00,22,42.41379,65.454025
2014-05-05,2014-05-05 22:00:00,23,37.145596,66.568954
2014-05-05,2014-05-05 23:00:00,24,18.448277,56.775826
2014-05-06,2014-05-06 00:00:00,1,17.490421,17.621237
2014-05-06,2014-05-06 01:00:00,2,18.448277,16.054539
2014-05-06,2014-05-06 02:00:00,3,16.534962,12.4148655
2014-05-06,2014-05-06 03:00:00,4,14.377395,11.205141
2014-05-06,2014-05-06 04:00:00,5,15.814177,13.428094
2014-05-06,2014-05-06 05:00:00,6,16.77203,14.446479
2014-05-06,2014-05-06 06:00:00,7,11.024904,10.080069
2014-05-06,2014-05-06 07:00:00,8,11.503832,9.911583
2014-05-06,2014-05-06 08:00:00,9,16.05364,16.225052
2014-05-06,2014-05-06 09:00:00,10,15.574713,20.831095
2014-05-06,2014-05-06 10:00:00,11,18.213602,23.957293
2014-05-06,2014-05-06 11:00:00,12,21.568487,27.053398
2014-05-06,2014-05-06 12:00:00,13,21.08956,27.205568
2014-05-06,2014-05-06 13:00:00,14,17.011494,24.13923
2014-05-06,2014-05-06 14:00:00,15,16.05364,26.085077
2014-05-06,2014-05-06 15:00:00,16,15.814177,26.352337
2014-05-06,2014-05-06 16:00:00,17,25.639368,32.060684
2014-05-06,2014-05-06 17:00:00,18,45.529213,35.19485
2014-05-06,2014-05-06 18:00:00,19,37.62452,29.884468
2014-05-06,2014-05-06 19:00:00,20,40.49569,37.230606
2014-05-06,2014-05-06 20:00:00,21,36.903736,48.49888
2014-05-06,2014-05-06 21:00:00,22,44.09004,64.054756
2014-05-06,2014-05-06 22:00:00,23,46.247604,62.18107
2014-05-06,2014-05-06 23:00:00,24,39.300766,56.123215
2014-05-07,2014-05-07 00:00:00,1,19.166666,38.71183
2014-05-07,2014-05-07 01:00:00,2,19.40613,33.36902
2014-05-07,2014-05-07 02:00:00,3,17.729885,19.799736
2014-05-07,2014-05-07 03:00:00,4,16.532568,16.942745
2014-05-07,2014-05-07 04:00:00,5,17.729885,17.541595
2014-05-07,2014-05-07 05:00:00,6,17.250957,17.723091
2014-05-07,2014-05-07 06:00:00,7,10.78544,12.36816
2014-05-07,2014-05-07 07:00:00,8,11.264368,11.86792
2014-05-07,2014-05-07 08:00:00,9,16.77203,16.44648
2014-05-07,2014-05-07 09:00:00,10,15.095785,18.341776
2014-05-07,2014-05-07 10:00:00,11,16.293104,20.073803
2014-05-07,2014-05-07 11:00:00,12,19.408525,22.102182
2014-05-07,2014-05-07 12:00:00,13,34.02778,21.309664
2014-05-07,2014-05-07 13:00:00,14,31.867817,19.86808
2014-05-07,2014-05-07 14:00:00,15,29.712645,20.397623
2014-05-07,2014-05-07 15:00:00,16,32.590996,20.909914
2014-05-07,2014-05-07 16:00:00,17,30.19157,27.724121
2014-05-07,2014-05-07 17:00:00,18,37.145596,35.775204
2014-05-07,2014-05-07 18:00:00,19,32.590996,30.15644
2014-05-07,2014-05-07 19:00:00,20,31.630747,33.623558
2014-05-07,2014-05-07 20:00:00,21,34.74617,40.140446
2014-05-07,2014-05-07 21:00:00,22,56.31226,50.07937
2014-05-07,2014-05-07 22:00:00,23,49.36542,51.944595
2014-05-07,2014-05-07 23:00:00,24,47.44732,48.353455
2014-05-08,2014-05-08 00:00:00,1,40.01676,41.874348
2014-05-08,2014-05-08 01:00:00,2,18.68774,33.62349
2014-05-08,2014-05-08 02:00:00,3,16.293104,19.723242
2014-05-08,2014-05-08 03:00:00,4,13.41954,16.223972
2014-05-08,2014-05-08 04:00:00,5,15.814177,18.114868
2014-05-08,2014-05-08 05:00:00,6,17.011494,18.348732
2014-05-08,2014-05-08 06:00:00,7,10.545977,12.2879925
2014-05-08,2014-05-08 07:00:00,8,11.264368,12.014667
2014-05-08,2014-05-08 08:00:00,9,13.41954,16.319801
2014-05-08,2014-05-08 09:00:00,10,14.377395,17.643723
2014-05-08,2014-05-08 10:00:00,11,20.12931,19.712212
2014-05-08,2014-05-08 11:00:00,12,24.444445,22.41667
2014-05-08,2014-05-08 12:00:00,13,27.078545,22.260937
2014-05-08,2014-05-08 13:00:00,14,23.48659,20.450895
2014-05-08,2014-05-08 14:00:00,15,27.078545,22.02455
2014-05-08,2014-05-08 15:00:00,16,30.670498,22.7898
2014-05-08,2014-05-08 16:00:00,17,31.391283,28.34179
2014-05-08,2014-05-08 17:00:00,18,39.54023,33.717148
2014-05-08,2014-05-08 18:00:00,19,31.630747,28.806728
2014-05-08,2014-05-08 19:00:00,20,41.697796,33.171356
2014-05-08,2014-05-08 20:00:00,21,61.106323,40.045456
2014-05-08,2014-05-08 21:00:00,22,78.840996,51.660664
2014-05-08,2014-05-08 22:00:00,23,76.68104,53.744553
2014-05-08,2014-05-08 23:00:00,24,72.60536,47.56069
2014-05-09,2014-05-09 00:00:00,1,57.27251,62.475754
2014-05-09,2014-05-09 01:00:00,2,51.283524,36.995007
2014-05-09,2014-05-09 02:00:00,3,22.284483,19.29815
2014-05-09,2014-05-09 03:00:00,4,15.814177,16.416658
2014-05-09,2014-05-09 04:00:00,5,17.011494,18.652515
2014-05-09,2014-05-09 05:00:00,6,16.293104,18.09122
2014-05-09,2014-05-09 06:00:00,7,10.78544,11.159443
2014-05-09,2014-05-09 07:00:00,8,12.701149,11.056787
2014-05-09,2014-05-09 08:00:00,9,15.574713,14.807335
2014-05-09,2014-05-09 09:00:00,10,16.293104,16.649406
2014-05-09,2014-05-09 10:00:00,11,18.931992,19.770649
2014-05-09,2014-05-09 11:00:00,12,22.7682,23.48599
2014-05-09,2014-05-09 12:00:00,13,19.887451,22.949505
2014-05-09,2014-05-09 13:00:00,14,17.969349,20.243643
2014-05-09,2014-05-09 14:00:00,15,22.52634,22.877514
2014-05-09,2014-05-09 15:00:00,16,23.72366,24.154135
2014-05-09,2014-05-09 16:00:00,17,23.48659,28.038935
2014-05-09,2014-05-09 17:00:00,18,20.126915,34.745068
2014-05-09,2014-05-09 18:00:00,19,17.01389,29.123373
2014-05-09,2014-05-09 19:00:00,20,30.670498,35.120956
2014-05-09,2014-05-09 20:00:00,21,38.101055,47.434914
2014-05-09,2014-05-09 21:00:00,22,62.545498,63.255707
2014-05-09,2014-05-09 22:00:00,23,59.42529,64.47595
2014-05-09,2014-05-09 23:00:00,24,56.791187,56.57556
2014-05-10,2014-05-10 00:00:00,1,57.03065,51.3087
2014-05-10,2014-05-10 01:00:00,2,56.791187,27.007149
2014-05-10,2014-05-10 02:00:00,3,52.95977,19.729942
2014-05-10,2014-05-10 03:00:00,4,28.517721,15.760255
2014-05-10,2014-05-10 04:00:00,5,15.335249,16.540546
2014-05-10,2014-05-10 05:00:00,6,16.293104,16.509527
2014-05-10,2014-05-10 06:00:00,7,10.545977,11.863414
2014-05-10,2014-05-10 07:00:00,8,10.06705,10.903969
2014-05-10,2014-05-10 08:00:00,9,11.503832,12.022999
2014-05-10,2014-05-10 09:00:00,10,9.588122,11.42782
2014-05-10,2014-05-10 10:00:00,11,10.78544,12.343246
2014-05-10,2014-05-10 11:00:00,12,11.743295,12.373341
2014-05-10,2014-05-10 12:00:00,13,10.306514,10.946163
2014-05-10,2014-05-10 13:00:00,14,11.503832,10.929895
2014-05-10,2014-05-10 14:00:00,15,12.701149,11.286619
2014-05-10,2014-05-10 15:00:00,16,9.827586,10.561661
2014-05-10,2014-05-10 16:00:00,17,11.264368,11.693537
2014-05-10,2014-05-10 17:00:00,18,12.222222,12.460838
2014-05-10,2014-05-10 18:00:00,19,10.545977,10.78724
2014-05-10,2014-05-10 19:00:00,20,11.024904,11.954762
2014-05-10,2014-05-10 20:00:00,21,10.545977,12.470268
2014-05-10,2014-05-10 21:00:00,22,16.05364,16.200996
2014-05-10,2014-05-10 22:00:00,23,17.011494,14.671947
2014-05-10,2014-05-10 23:00:00,24,15.574713,14.457221
2014-05-11,2014-05-11 00:00:00,1,16.532568,16.564892
2014-05-11,2014-05-11 01:00:00,2,16.05364,15.58638
2014-05-11,2014-05-11 02:00:00,3,14.856322,14.47171
2014-05-11,2014-05-11 03:00:00,4,13.41954,13.37801
2014-05-11,2014-05-11 04:00:00,5,15.335249,13.919697
2014-05-11,2014-05-11 05:00:00,6,15.814177,14.497801
2014-05-11,2014-05-11 06:00:00,7,11.503832,9.990858
2014-05-11,2014-05-11 07:00:00,8,10.306514,9.348592
2014-05-11,2014-05-11 08:00:00,9,11.743295,11.03486
2014-05-11,2014-05-11 09:00:00,10,10.06705,10.361732
2014-05-11,2014-05-11 10:00:00,11,10.78544,11.125211
2014-05-11,2014-05-11 11:00:00,12,11.743295,11.117473
2014-05-11,2014-05-11 12:00:00,13,10.306514,10.332007
2014-05-11,2014-05-11 13:00:00,14,11.024904,10.278658
2014-05-11,2014-05-11 14:00:00,15,12.701149,11.053472
2014-05-11,2014-05-11 15:00:00,16,10.306514,10.017249
2014-05-11,2014-05-11 16:00:00,17,11.743295,10.722297
2014-05-11,2014-05-11 17:00:00,18,11.743295,11.318533
2014-05-11,2014-05-11 18:00:00,19,10.545977,10.054661
2014-05-11,2014-05-11 19:00:00,20,11.503832,10.786723
2014-05-11,2014-05-11 20:00:00,21,9.827586,11.326311
2014-05-11,2014-05-11 21:00:00,22,15.574713,15.094463
2014-05-11,2014-05-11 22:00:00,23,15.574713,14.945133
2014-05-11,2014-05-11 23:00:00,24,13.180077,14.039142
2014-05-12,2014-05-12 00:00:00,1,15.335249,14.124825
2014-05-12,2014-05-12 01:00:00,2,16.05364,13.862887
2014-05-12,2014-05-12 02:00:00,3,14.137931,12.997908
2014-05-12,2014-05-12 03:00:00,4,12.940613,12.326915
2014-05-12,2014-05-12 04:00:00,5,14.6168585,14.225967
2014-05-12,2014-05-12 05:00:00,6,15.574713,15.5696535
2014-05-12,2014-05-12 06:00:00,7,10.545977,10.79443
2014-05-12,2014-05-12 07:00:00,8,10.78544,11.028478
2014-05-12,2014-05-12 08:00:00,9,14.6168585,15.963402
2014-05-12,2014-05-12 09:00:00,10,28.273468,15.5933075
2014-05-12,2014-05-12 10:00:00,11,32.58621,19.834597
2014-05-12,2014-05-12 11:00:00,12,35.94588,24.831932
2014-05-12,2014-05-12 12:00:00,13,36.427204,22.965801
2014-05-12,2014-05-12 13:00:00,14,33.788315,20.964598
2014-05-12,2014-05-12 14:00:00,15,33.067528,24.47412
2014-05-12,2014-05-12 15:00:00,16,31.149426,25.685312
2014-05-12,2014-05-12 16:00:00,17,29.233717,30.264225
2014-05-12,2014-05-12 17:00:00,18,26.83908,35.6636
2014-05-12,2014-05-12 18:00:00,19,20.850096,31.174377
2014-05-12,2014-05-12 19:00:00,20,35.22749,37.3584
2014-05-12,2014-05-12 20:00:00,21,45.768677,45.06655
2014-05-12,2014-05-12 21:00:00,22,63.503353,64.10564
2014-05-12,2014-05-12 22:00:00,23,57.50958,62.530037
2014-05-12,2014-05-12 23:00:00,24,55.59387,53.69686
2014-05-13,2014-05-13 00:00:00,1,54.87548,51.080864
2014-05-13,2014-05-13 01:00:00,2,54.87548,35.0456
2014-05-13,2014-05-13 02:00:00,3,28.75479,23.591143
2014-05-13,2014-05-13 03:00:00,4,15.095785,18.17677
2014-05-13,2014-05-13 04:00:00,5,17.250957,18.567535
2014-05-13,2014-05-13 05:00:00,6,17.969349,18.262375
2014-05-13,2014-05-13 06:00:00,7,11.024904,11.714926
2014-05-13,2014-05-13 07:00:00,8,10.78544,12.047699
2014-05-13,2014-05-13 08:00:00,9,15.574713,15.47373
2014-05-13,2014-05-13 09:00:00,10,16.532568,17.933218
2014-05-13,2014-05-13 10:00:00,11,17.011494,20.877148
2014-05-13,2014-05-13 11:00:00,12,20.608238,23.994364
2014-05-13,2014-05-13 12:00:00,13,27.318008,23.931211
2014-05-13,2014-05-13 13:00:00,14,27.55747,22.371506
2014-05-13,2014-05-13 14:00:00,15,39.300766,25.198248
2014-05-13,2014-05-13 15:00:00,16,37.145596,26.084496
2014-05-13,2014-05-13 16:00:00,17,37.38506,28.696217
2014-05-13,2014-05-13 17:00:00,18,42.89272,31.892975
2014-05-13,2014-05-13 18:00:00,19,36.903736,27.450916
2014-05-13,2014-05-13 19:00:00,20,49.12356,35.35287
2014-05-13,2014-05-13 20:00:00,21,59.667145,47.220383
2014-05-13,2014-05-13 21:00:00,22,59.42529,66.605
2014-05-13,2014-05-13 22:00:00,23,55.59387,64.64289
2014-05-13,2014-05-13 23:00:00,24,57.03065,58.536568
2014-05-14,2014-05-14 00:00:00,1,58.706898,52.942215
2014-05-14,2014-05-14 01:00:00,2,49.363026,41.72168
2014-05-14,2014-05-14 02:00:00,3,30.435823,23.218346
2014-05-14,2014-05-14 03:00:00,4,15.335249,16.042603
2014-05-14,2014-05-14 04:00:00,5,17.011494,17.481136
2014-05-14,2014-05-14 05:00:00,6,16.293104,18.131355
2014-05-14,2014-05-14 06:00:00,7,10.545977,11.492697
2014-05-14,2014-05-14 07:00:00,8,11.024904,11.366554
2014-05-14,2014-05-14 08:00:00,9,21.08956,15.293127
2014-05-14,2014-05-14 09:00:00,10,21.568487,17.672335
2014-05-14,2014-05-14 10:00:00,11,23.48659,20.071007
2014-05-14,2014-05-14 11:00:00,12,23.726053,23.273209
2014-05-14,2014-05-14 12:00:00,13,26.599617,26.851257
2014-05-14,2014-05-14 13:00:00,14,24.20498,25.16746
2014-05-14,2014-05-14 14:00:00,15,23.726053,28.378698
2014-05-14,2014-05-14 15:00:00,16,21.807951,28.763273
2014-05-14,2014-05-14 16:00:00,17,27.55747,30.981253
2014-05-14,2014-05-14 17:00:00,18,34.985634,35.63444
2014-05-14,2014-05-14 18:00:00,19,23.247126,29.522139
2014-05-14,2014-05-14 19:00:00,20,24.681513,37.51583
2014-05-14,2014-05-14 20:00:00,21,35.466953,46.09279
2014-05-14,2014-05-14 21:00:00,22,40.25862,60.85224
2014-05-14,2014-05-14 22:00:00,23,60.148468,57.68139
2014-05-14,2014-05-14 23:00:00,24,69.49234,55.16371
2014-05-15,2014-05-15 00:00:00,1,75.48372,64.44874
2014-05-15,2014-05-15 01:00:00,2,72.60536,53.57403
2014-05-15,2014-05-15 02:00:00,3,54.15709,33.02128
2014-05-15,2014-05-15 03:00:00,4,30.193966,20.381046
2014-05-15,2014-05-15 04:00:00,5,26.83908,19.988155
2014-05-15,2014-05-15 05:00:00,6,19.887451,19.370966
2014-05-15,2014-05-15 06:00:00,7,12.940613,11.086745
2014-05-15,2014-05-15 07:00:00,8,12.940613,11.616637
2014-05-15,2014-05-15 08:00:00,9,18.927202,16.159948
2014-05-15,2014-05-15 09:00:00,10,20.126915,18.34676
2014-05-15,2014-05-15 10:00:00,11,24.920977,20.39125
2014-05-15,2014-05-15 11:00:00,12,31.628353,22.607635
2014-05-15,2014-05-15 12:00:00,13,26.360153,24.720524
2014-05-15,2014-05-15 13:00:00,14,23.726053,22.819534
2014-05-15,2014-05-15 14:00:00,15,27.55747,25.221157
2014-05-15,2014-05-15 15:00:00,16,25.402298,25.526428
2014-05-15,2014-05-15 16:00:00,17,27.796934,28.69608
2014-05-15,2014-05-15 17:00:00,18,30.43343,33.441216
2014-05-15,2014-05-15 18:00:00,19,25.641762,27.36545
2014-05-15,2014-05-15 19:00:00,20,48.16571,34.1334
2014-05-15,2014-05-15 20:00:00,21,63.503353,45.393116
2014-05-15,2014-05-15 21:00:00,22,64.22174,59.553185
2014-05-15,2014-05-15 22:00:00,23,70.93151,60.89267
2014-05-15,2014-05-15 23:00:00,24,83.63266,58.2931
2014-05-16,2014-05-16 00:00:00,1,88.421936,79.28463
2014-05-16,2014-05-16 01:00:00,2,82.91188,65.699974
2014-05-16,2014-05-16 02:00:00,3,45.768677,43.79077
2014-05-16,2014-05-16 03:00:00,4,20.366379,25.637718
2014-05-16,2014-05-16 04:00:00,5,21.329023,23.460068
2014-05-16,2014-05-16 05:00:00,6,20.126915,20.225006
2014-05-16,2014-05-16 06:00:00,7,12.461686,11.808637
2014-05-16,2014-05-16 07:00:00,8,11.503832,11.738476
2014-05-16,2014-05-16 08:00:00,9,14.137931,17.358572
2014-05-16,2014-05-16 09:00:00,10,13.898467,19.051962
2014-05-16,2014-05-16 10:00:00,11,15.335249,21.850372
2014-05-16,2014-05-16 11:00:00,12,18.690134,24.910711
2014-05-16,2014-05-16 12:00:00,13,43.136974,24.349482
2014-05-16,2014-05-16 13:00:00,14,50.081417,23.11028
2014-05-16,2014-05-16 14:00:00,15,56.791187,24.83955
2014-05-16,2014-05-16 15:00:00,16,55.354404,23.49694
2014-05-16,2014-05-16 16:00:00,17,58.706898,25.630531
2014-05-16,2014-05-16 17:00:00,18,57.75383,28.647543
2014-05-16,2014-05-16 18:00:00,19,48.884098,22.246845
2014-05-16,2014-05-16 19:00:00,20,47.207855,32.688507
2014-05-16,2014-05-16 20:00:00,21,54.877872,45.294617
2014-05-16,2014-05-16 21:00:00,22,71.40804,57.231018
2014-05-16,2014-05-16 22:00:00,23,74.284004,59.156677
2014-05-16,2014-05-16 23:00:00,24,77.40421,61.003952
2014-05-17,2014-05-17 00:00:00,1,77.880745,78.504166
2014-05-17,2014-05-17 01:00:00,2,81.4751,72.80902
2014-05-17,2014-05-17 02:00:00,3,79.79885,54.16586
2014-05-17,2014-05-17 03:00:00,4,42.895115,26.046137
2014-05-17,2014-05-17 04:00:00,5,18.45067,21.632463
2014-05-17,2014-05-17 05:00:00,6,16.05364,17.92641
2014-05-17,2014-05-17 06:00:00,7,10.306514,11.941624
2014-05-17,2014-05-17 07:00:00,8,11.024904,11.41852
2014-05-17,2014-05-17 08:00:00,9,12.222222,12.765434
2014-05-17,2014-05-17 09:00:00,10,10.78544,12.040436
2014-05-17,2014-05-17 10:00:00,11,11.264368,12.046044
2014-05-17,2014-05-17 11:00:00,12,11.743295,12.742543
2014-05-17,2014-05-17 12:00:00,13,10.545977,12.273744
2014-05-17,2014-05-17 13:00:00,14,11.024904,12.755639
2014-05-17,2014-05-17 14:00:00,15,11.743295,13.54992
2014-05-17,2014-05-17 15:00:00,16,10.545977,11.661224
2014-05-17,2014-05-17 16:00:00,17,11.503832,12.881472
2014-05-17,2014-05-17 17:00:00,18,12.461686,13.344404
2014-05-17,2014-05-17 18:00:00,19,11.264368,11.330067
2014-05-17,2014-05-17 19:00:00,20,11.024904,12.142488
2014-05-17,2014-05-17 20:00:00,21,11.264368,12.929612
2014-05-17,2014-05-17 21:00:00,22,14.6168585,17.230267
2014-05-17,2014-05-17 22:00:00,23,15.095785,18.019049
2014-05-17,2014-05-17 23:00:00,24,13.898467,17.619102
2014-05-18,2014-05-18 00:00:00,1,15.574713,15.102077
2014-05-18,2014-05-18 01:00:00,2,17.490421,15.11142
2014-05-18,2014-05-18 02:00:00,3,14.856322,14.455085
2014-05-18,2014-05-18 03:00:00,4,14.6168585,12.98093
2014-05-18,2014-05-18 04:00:00,5,17.969349,13.374626
2014-05-18,2014-05-18 05:00:00,6,18.208813,13.777863
2014-05-18,2014-05-18 06:00:00,7,11.503832,10.848263
2014-05-18,2014-05-18 07:00:00,8,10.545977,10.242775
2014-05-18,2014-05-18 08:00:00,9,11.743295,11.32559
2014-05-18,2014-05-18 09:00:00,10,10.06705,11.296478
2014-05-18,2014-05-18 10:00:00,11,11.9827585,11.4688635
2014-05-18,2014-05-18 11:00:00,12,11.9827585,11.776746
2014-05-18,2014-05-18 12:00:00,13,10.306514,11.335113
2014-05-18,2014-05-18 13:00:00,14,11.024904,11.503352
2014-05-18,2014-05-18 14:00:00,15,12.222222,12.387757
2014-05-18,2014-05-18 15:00:00,16,11.024904,10.800184
2014-05-18,2014-05-18 16:00:00,17,11.024904,11.658236
2014-05-18,2014-05-18 17:00:00,18,12.222222,12.302605
2014-05-18,2014-05-18 18:00:00,19,11.024904,11.16157
2014-05-18,2014-05-18 19:00:00,20,11.264368,11.2288265
2014-05-18,2014-05-18 20:00:00,21,10.306514,11.873021
2014-05-18,2014-05-18 21:00:00,22,16.05364,15.192897
2014-05-18,2014-05-18 22:00:00,23,15.095785,15.44178
2014-05-18,2014-05-18 23:00:00,24,13.659004,14.514585
2014-05-19,2014-05-19 00:00:00,1,15.814177,14.535633
2014-05-19,2014-05-19 01:00:00,2,17.011494,15.911664
2014-05-19,2014-05-19 02:00:00,3,15.095785,14.223858
2014-05-19,2014-05-19 03:00:00,4,13.41954,13.027575
2014-05-19,2014-05-19 04:00:00,5,15.574713,14.773094
2014-05-19,2014-05-19 05:00:00,6,16.293104,16.114864
2014-05-19,2014-05-19 06:00:00,7,10.06705,10.557785
2014-05-19,2014-05-19 07:00:00,8,10.78544,10.6992035
2014-05-19,2014-05-19 08:00:00,9,16.77203,14.366733
2014-05-19,2014-05-19 09:00:00,10,17.729885,15.652704
2014-05-19,2014-05-19 10:00:00,11,23.72366,21.668404
2014-05-19,2014-05-19 11:00:00,12,28.036398,27.721657
2014-05-19,2014-05-19 12:00:00,13,25.162836,32.077915
2014-05-19,2014-05-19 13:00:00,14,23.726053,30.093119
2014-05-19,2014-05-19 14:00:00,15,66.376915,33.672043
2014-05-19,2014-05-19 15:00:00,16,86.50383,32.036373
2014-05-19,2014-05-19 16:00:00,17,86.74569,34.023117
2014-05-19,2014-05-19 17:00:00,18,87.46648,38.595642
2014-05-19,2014-05-19 18:00:00,19,77.88314,30.484264
2014-05-19,2014-05-19 19:00:00,20,77.88314,37.468246
2014-05-19,2014-05-19 20:00:00,21,75.48372,48.54429
2014-05-19,2014-05-19 21:00:00,22,79.55699,65.12378
2014-05-19,2014-05-19 22:00:00,23,79.79885,65.10098
2014-05-19,2014-05-19 23:00:00,24,80.038315,61.2472
2014-05-20,2014-05-20 00:00:00,1,85.06705,79.685
2014-05-20,2014-05-20 01:00:00,2,61.82471,78.33503
2014-05-20,2014-05-20 02:00:00,3,22.523947,68.34587
2014-05-20,2014-05-20 03:00:00,4,17.969349,43.302216
2014-05-20,2014-05-20 04:00:00,5,19.166666,38.30314
2014-05-20,2014-05-20 05:00:00,6,18.927202,28.868921
2014-05-20,2014-05-20 06:00:00,7,11.264368,16.812054
2014-05-20,2014-05-20 07:00:00,8,10.78544,17.563162
2014-05-20,2014-05-20 08:00:00,9,17.01389,22.850584
2014-05-20,2014-05-20 09:00:00,10,25.402298,24.257027
2014-05-20,2014-05-20 10:00:00,11,92.497604,28.09089
2014-05-20,2014-05-20 11:00:00,12,101.36255,36.266808
2014-05-20,2014-05-20 12:00:00,13,101.12548,42.23632
2014-05-20,2014-05-20 13:00:00,14,94.655174,38.563824
2014-05-20,2014-05-20 14:00:00,15,96.570885,53.09214
2014-05-20,2014-05-20 15:00:00,16,98.48659,54.307484
2014-05-20,2014-05-20 16:00:00,17,101.60441,56.84677
2014-05-20,2014-05-20 17:00:00,18,102.083336,61.641754
2014-05-20,2014-05-20 18:00:00,19,91.78161,56.472015
2014-05-20,2014-05-20 19:00:00,20,91.542145,60.247208
2014-05-20,2014-05-20 20:00:00,21,90.34243,67.75718
2014-05-20,2014-05-20 21:00:00,22,96.09196,72.652695
2014-05-20,2014-05-20 22:00:00,23,92.26054,71.84915
2014-05-20,2014-05-20 23:00:00,24,91.78161,71.95131
2014-05-21,2014-05-21 00:00:00,1,96.09196,91.21906
2014-05-21,2014-05-21 01:00:00,2,100.881226,85.234276
2014-05-21,2014-05-21 02:00:00,3,54.15709,45.194084
2014-05-21,2014-05-21 03:00:00,4,23.484196,20.982784
2014-05-21,2014-05-21 04:00:00,5,22.528736,20.71373
2014-05-21,2014-05-21 05:00:00,6,22.047413,19.3723
2014-05-21,2014-05-21 06:00:00,7,13.180077,13.082685
2014-05-21,2014-05-21 07:00:00,8,20.12931,13.47208
2014-05-21,2014-05-21 08:00:00,9,96.09196,17.794495
2014-05-21,2014-05-21 09:00:00,10,104.95929,23.435501
2014-05-21,2014-05-21 10:00:00,11,107.11686,56.26748
2014-05-21,2014-05-21 11:00:00,12,109.75096,72.68876
2014-05-21,2014-05-21 12:00:00,13,111.18774,75.0568
2014-05-21,2014-05-21 13:00:00,14,109.27203,73.135284
2014-05-21,2014-05-21 14:00:00,15,106.39847,81.8497
2014-05-21,2014-05-21 15:00:00,16,102.08094,85.21514
2014-05-21,2014-05-21 16:00:00,17,103.52251,85.534035
2014-05-21,2014-05-21 17:00:00,18,109.27203,87.14103
2014-05-21,2014-05-21 18:00:00,19,104.961685,84.61599
2014-05-21,2014-05-21 19:00:00,20,103.76197,84.30377
2014-05-21,2014-05-21 20:00:00,21,101.364944,88.96547
2014-05-21,2014-05-21 21:00:00,22,99.92337,88.145805
2014-05-21,2014-05-21 22:00:00,23,100.88602,87.08389
2014-05-21,2014-05-21 23:00:00,24,108.55364,88.4687
2014-05-22,2014-05-22 00:00:00,1,108.31418,108.43802
2014-05-22,2014-05-22 01:00:00,2,91.53975,105.8189
2014-05-22,2014-05-22 02:00:00,3,40.974617,77.0665
2014-05-22,2014-05-22 03:00:00,4,18.68774,24.605556
2014-05-22,2014-05-22 04:00:00,5,17.969349,24.384567
2014-05-22,2014-05-22 05:00:00,6,17.011494,22.60601
2014-05-22,2014-05-22 06:00:00,7,10.78544,16.142948
2014-05-22,2014-05-22 07:00:00,8,14.858716,18.469969
2014-05-22,2014-05-22 08:00:00,9,66.13985,80.8788
2014-05-22,2014-05-22 09:00:00,10,67.0977,98.36302
2014-05-22,2014-05-22 10:00:00,11,75.00479,100.22465
2014-05-22,2014-05-22 11:00:00,12,79.55939,103.294655
2014-05-22,2014-05-22 12:00:00,13,79.79885,101.59727
2014-05-22,2014-05-22 13:00:00,14,83.151344,101.11104
2014-05-22,2014-05-22 14:00:00,15,85.30651,102.20505
2014-05-22,2014-05-22 15:00:00,16,85.06705,105.03823
2014-05-22,2014-05-22 16:00:00,17,85.545975,103.02335
2014-05-22,2014-05-22 17:00:00,18,84.82758,105.18905
2014-05-22,2014-05-22 18:00:00,19,89.14512,103.75649
2014-05-22,2014-05-22 19:00:00,20,88.42433,102.54237
2014-05-22,2014-05-22 20:00:00,21,89.384575,101.9727
2014-05-22,2014-05-22 21:00:00,22,99.44444,103.51398
2014-05-22,2014-05-22 22:00:00,23,102.56226,100.22881
2014-05-22,2014-05-22 23:00:00,24,101.84387,104.02856
2014-05-23,2014-05-23 00:00:00,1,99.925766,100.14111
2014-05-23,2014-05-23 01:00:00,2,78.11781,98.55641
2014-05-23,2014-05-23 02:00:00,3,50.804596,57.392467
2014-05-23,2014-05-23 03:00:00,4,38.103447,19.644869
2014-05-23,2014-05-23 04:00:00,5,16.293104,19.791605
2014-05-23,2014-05-23 05:00:00,6,17.250957,18.497656
2014-05-23,2014-05-23 06:00:00,7,9.348659,12.816971
2014-05-23,2014-05-23 07:00:00,8,11.264368,13.345577
2014-05-23,2014-05-23 08:00:00,9,34.74856,32.236553
2014-05-23,2014-05-23 09:00:00,10,51.76245,39.963223
2014-05-23,2014-05-23 10:00:00,11,51.04406,69.349
2014-05-23,2014-05-23 11:00:00,12,57.988506,81.47649
2014-05-23,2014-05-23 12:00:00,13,62.782566,81.87011
2014-05-23,2014-05-23 13:00:00,14,61.106323,84.71558
2014-05-23,2014-05-23 14:00:00,15,61.103928,88.39439
2014-05-23,2014-05-23 15:00:00,16,65.18199,88.71733
2014-05-23,2014-05-23 16:00:00,17,70.450195,88.19748
2014-05-23,2014-05-23 17:00:00,18,73.56322,88.01839
2014-05-23,2014-05-23 18:00:00,19,64.219345,84.72812
2014-05-23,2014-05-23 19:00:00,20,62.545498,85.47647
2014-05-23,2014-05-23 20:00:00,21,61.82471,87.814316
2014-05-23,2014-05-23 21:00:00,22,71.16858,92.61013
2014-05-23,2014-05-23 22:00:00,23,66.37931,93.33519
2014-05-23,2014-05-23 23:00:00,24,62.787357,94.26541
2014-05-24,2014-05-24 00:00:00,1,65.18199,62.202003
2014-05-24,2014-05-24 01:00:00,2,66.13985,57.857403
2014-05-24,2014-05-24 02:00:00,3,48.64703,44.74195
2014-05-24,2014-05-24 03:00:00,4,17.253353,19.802357
2014-05-24,2014-05-24 04:00:00,5,16.05364,16.277294
2014-05-24,2014-05-24 05:00:00,6,15.574713,15.428097
2014-05-24,2014-05-24 06:00:00,7,10.78544,12.681141
2014-05-24,2014-05-24 07:00:00,8,9.827586,12.529793
2014-05-24,2014-05-24 08:00:00,9,10.78544,15.150635
2014-05-24,2014-05-24 09:00:00,10,9.588122,14.561171
2014-05-24,2014-05-24 10:00:00,11,10.545977,14.339287
2014-05-24,2014-05-24 11:00:00,12,11.264368,14.567646
2014-05-24,2014-05-24 12:00:00,13,9.588122,14.142307
2014-05-24,2014-05-24 13:00:00,14,11.503832,14.365026
2014-05-24,2014-05-24 14:00:00,15,12.222222,14.036882
2014-05-24,2014-05-24 15:00:00,16,9.588122,13.616318
2014-05-24,2014-05-24 16:00:00,17,11.264368,14.066839
2014-05-24,2014-05-24 17:00:00,18,11.743295,14.811188
2014-05-24,2014-05-24 18:00:00,19,12.461686,13.906908
2014-05-24,2014-05-24 19:00:00,20,12.940613,13.413385
2014-05-24,2014-05-24 20:00:00,21,11.264368,13.538664
2014-05-24,2014-05-24 21:00:00,22,15.574713,17.397263
2014-05-24,2014-05-24 22:00:00,23,15.574713,16.453785
2014-05-24,2014-05-24 23:00:00,24,15.335249,15.680643
2014-05-25,2014-05-25 00:00:00,1,16.05364,16.060593
2014-05-25,2014-05-25 01:00:00,2,15.574713,16.948334
2014-05-25,2014-05-25 02:00:00,3,13.898467,14.581776
2014-05-25,2014-05-25 03:00:00,4,13.180077,12.555685
2014-05-25,2014-05-25 04:00:00,5,15.574713,13.841764
2014-05-25,2014-05-25 05:00:00,6,15.095785,13.714094
2014-05-25,2014-05-25 06:00:00,7,9.588122,10.27487
2014-05-25,2014-05-25 07:00:00,8,10.06705,9.867777
2014-05-25,2014-05-25 08:00:00,9,11.024904,11.011526
2014-05-25,2014-05-25 09:00:00,10,9.109196,11.314772
2014-05-25,2014-05-25 10:00:00,11,10.06705,12.088573
2014-05-25,2014-05-25 11:00:00,12,12.461686,12.5306835
2014-05-25,2014-05-25 12:00:00,13,10.06705,11.06608
2014-05-25,2014-05-25 13:00:00,14,10.306514,11.488312
2014-05-25,2014-05-25 14:00:00,15,11.264368,12.720833
2014-05-25,2014-05-25 15:00:00,16,9.827586,11.313786
2014-05-25,2014-05-25 16:00:00,17,10.78544,11.819519
2014-05-25,2014-05-25 17:00:00,18,11.743295,12.635408
2014-05-25,2014-05-25 18:00:00,19,9.827586,12.133833
2014-05-25,2014-05-25 19:00:00,20,12.222222,12.118082
2014-05-25,2014-05-25 20:00:00,21,9.588122,12.443203
2014-05-25,2014-05-25 21:00:00,22,13.898467,15.834322
2014-05-25,2014-05-25 22:00:00,23,13.898467,15.64146
2014-05-25,2014-05-25 23:00:00,24,12.940613,15.274456
2014-05-26,2014-05-26 00:00:00,1,15.095785,14.633158
2014-05-26,2014-05-26 01:00:00,2,15.574713,15.658224
2014-05-26,2014-05-26 02:00:00,3,15.095785,12.659214
2014-05-26,2014-05-26 03:00:00,4,12.701149,11.1013775
2014-05-26,2014-05-26 04:00:00,5,14.6168585,12.147705
2014-05-26,2014-05-26 05:00:00,6,14.377395,14.407925
2014-05-26,2014-05-26 06:00:00,7,9.348659,9.415218
2014-05-26,2014-05-26 07:00:00,8,10.306514,10.082403
2014-05-26,2014-05-26 08:00:00,9,23.72366,21.588951
2014-05-26,2014-05-26 09:00:00,10,32.5886,24.55749
2014-05-26,2014-05-26 10:00:00,11,33.30699,35.269585
2014-05-26,2014-05-26 11:00:00,12,35.706417,47.378803
2014-05-26,2014-05-26 12:00:00,13,33.79071,46.23601
2014-05-26,2014-05-26 13:00:00,14,30.670498,46.89317
2014-05-26,2014-05-26 14:00:00,15,26.83908,55.358833
2014-05-26,2014-05-26 15:00:00,16,22.765804,59.191803
2014-05-26,2014-05-26 16:00:00,17,31.15182,64.58547
2014-05-26,2014-05-26 17:00:00,18,40.73755,68.20992
2014-05-26,2014-05-26 18:00:00,19,28.515326,60.009926
2014-05-26,2014-05-26 19:00:00,20,25.402298,62.48628
2014-05-26,2014-05-26 20:00:00,21,83.87212,64.79241
2014-05-26,2014-05-26 21:00:00,22,88.42433,70.23041
2014-05-26,2014-05-26 22:00:00,23,95.85249,68.72346
2014-05-26,2014-05-26 23:00:00,24,93.21839,66.65867
2014-05-27,2014-05-27 00:00:00,1,92.73946,92.19224
2014-05-27,2014-05-27 01:00:00,2,63.742817,90.60716
2014-05-27,2014-05-27 02:00:00,3,16.056034,65.30311
2014-05-27,2014-05-27 03:00:00,4,13.898467,30.113106
2014-05-27,2014-05-27 04:00:00,5,14.6168585,23.738504
2014-05-27,2014-05-27 05:00:00,6,14.856322,20.650759
2014-05-27,2014-05-27 06:00:00,7,9.109196,12.308243
2014-05-27,2014-05-27 07:00:00,8,10.78544,12.374607
2014-05-27,2014-05-27 08:00:00,9,14.856322,25.54883
2014-05-27,2014-05-27 09:00:00,10,20.126915,31.872433
2014-05-27,2014-05-27 10:00:00,11,23.726053,43.038193
2014-05-27,2014-05-27 11:00:00,12,29.952106,59.613266
2014-05-27,2014-05-27 12:00:00,13,31.87021,60.3335
2014-05-27,2014-05-27 13:00:00,14,33.065136,57.45735
2014-05-27,2014-05-27 14:00:00,15,34.506706,60.241
2014-05-27,2014-05-27 15:00:00,16,37.62452,58.85795
2014-05-27,2014-05-27 16:00:00,17,38.82184,68.20271
2014-05-27,2014-05-27 17:00:00,18,60.38793,73.84013
2014-05-27,2014-05-27 18:00:00,19,65.18199,67.017204
2014-05-27,2014-05-27 19:00:00,20,60.38314,72.15975
2014-05-27,2014-05-27 20:00:00,21,63.98228,81.64309
2014-05-27,2014-05-27 21:00:00,22,68.534485,87.41271
2014-05-27,2014-05-27 22:00:00,23,68.534485,89.6821
2014-05-27,2014-05-27 23:00:00,24,64.94253,88.81868
2014-05-28,2014-05-28 00:00:00,1,66.13745,64.998634
2014-05-28,2014-05-28 01:00:00,2,49.841953,60.713394
2014-05-28,2014-05-28 02:00:00,3,23.4818,31.935265
2014-05-28,2014-05-28 03:00:00,4,17.490421,16.667784
2014-05-28,2014-05-28 04:00:00,5,17.729885,16.536322
2014-05-28,2014-05-28 05:00:00,6,16.77203,16.117184
2014-05-28,2014-05-28 06:00:00,7,9.588122,11.372005
2014-05-28,2014-05-28 07:00:00,8,11.264368,12.919476
2014-05-28,2014-05-28 08:00:00,9,28.994253,20.20198
2014-05-28,2014-05-28 09:00:00,10,75.96265,24.396759
2014-05-28,2014-05-28 10:00:00,11,75.48132,30.675484
2014-05-28,2014-05-28 11:00:00,12,82.67242,38.48473
2014-05-28,2014-05-28 12:00:00,13,84.82758,41.843517
2014-05-28,2014-05-28 13:00:00,14,83.151344,42.86954
2014-05-28,2014-05-28 14:00:00,15,74.76533,48.057705
2014-05-28,2014-05-28 15:00:00,16,64.69827,49.53595
2014-05-28,2014-05-28 16:00:00,17,56.31226,55.27519
2014-05-28,2014-05-28 17:00:00,18,63.26389,60.14375
2014-05-28,2014-05-28 18:00:00,19,51.041668,55.76783
2014-05-28,2014-05-28 19:00:00,20,49.604885,56.11199
2014-05-28,2014-05-28 20:00:00,21,56.551723,61.154232
2014-05-28,2014-05-28 21:00:00,22,70.68965,64.81213
2014-05-28,2014-05-28 22:00:00,23,80.27778,67.04538
2014-05-28,2014-05-28 23:00:00,24,79.55939,67.616806
2014-05-29,2014-05-29 00:00:00,1,75.244255,79.029205
2014-05-29,2014-05-29 01:00:00,2,23.242336,70.46721
2014-05-29,2014-05-29 02:00:00,3,14.6168585,34.273792
2014-05-29,2014-05-29 03:00:00,4,13.898467,19.583136
2014-05-29,2014-05-29 04:00:00,5,14.856322,18.072433
2014-05-29,2014-05-29 05:00:00,6,14.856322,17.515104
2014-05-29,2014-05-29 06:00:00,7,7.909483,10.833324
2014-05-29,2014-05-29 07:00:00,8,23.963123,11.5624275
2014-05-29,2014-05-29 08:00:00,9,76.92289,21.679518
2014-05-29,2014-05-29 09:00:00,10,85.787834,35.41808
2014-05-29,2014-05-29 10:00:00,11,96.09196,44.182014
2014-05-29,2014-05-29 11:00:00,12,83.15373,56.472473
2014-05-29,2014-05-29 12:00:00,13,74.52347,58.155872
2014-05-29,2014-05-29 13:00:00,14,73.80747,58.79202
2014-05-29,2014-05-29 14:00:00,15,66.13745,60.19384
2014-05-29,2014-05-29 15:00:00,16,60.385536,58.343468
2014-05-29,2014-05-29 16:00:00,17,62.782566,61.151726
2014-05-29,2014-05-29 17:00:00,18,74.52347,67.91826
2014-05-29,2014-05-29 18:00:00,19,66.618774,63.558052
2014-05-29,2014-05-29 19:00:00,20,83.63027,63.045673
2014-05-29,2014-05-29 20:00:00,21,91.542145,68.68556
2014-05-29,2014-05-29 21:00:00,22,88.42673,76.114334
2014-05-29,2014-05-29 22:00:00,23,89.62404,78.07759
2014-05-29,2014-05-29 23:00:00,24,88.421936,76.245316
2014-05-30,2014-05-30 00:00:00,1,45.05029,86.870636
2014-05-30,2014-05-30 01:00:00,2,14.137931,70.28579
2014-05-30,2014-05-30 02:00:00,3,11.9827585,27.594227
2014-05-30,2014-05-30 03:00:00,4,12.222222,18.065111
2014-05-30,2014-05-30 04:00:00,5,13.659004,15.67836
2014-05-30,2014-05-30 05:00:00,6,13.659004,15.916992
2014-05-30,2014-05-30 06:00:00,7,8.630268,11.236031
2014-05-30,2014-05-30 07:00:00,8,14.377395,13.134949
2014-05-30,2014-05-30 08:00:00,9,63.503353,38.59825
2014-05-30,2014-05-30 09:00:00,10,77.88314,66.72783
2014-05-30,2014-05-30 10:00:00,11,81.71456,66.78331
2014-05-30,2014-05-30 11:00:00,12,81.954025,70.848724
2014-05-30,2014-05-30 12:00:00,13,79.55939,70.52885
2014-05-30,2014-05-30 13:00:00,14,75.24186,69.622665
2014-05-30,2014-05-30 14:00:00,15,80.280174,67.56706
2014-05-30,2014-05-30 15:00:00,16,89.8659,64.66646
2014-05-30,2014-05-30 16:00:00,17,92.25814,67.36311
2014-05-30,2014-05-30 17:00:00,18,100.64416,73.53684
2014-05-30,2014-05-30 18:00:00,19,90.34004,67.46724
2014-05-30,2014-05-30 19:00:00,20,84.58812,68.86061
2014-05-30,2014-05-30 20:00:00,21,77.40182,73.24937
2014-05-30,2014-05-30 21:00:00,22,81.71456,79.83299
2014-05-30,2014-05-30 22:00:00,23,90.10297,80.49867
2014-05-30,2014-05-30 23:00:00,24,88.90326,77.52506
2014-05-31,2014-05-31 00:00:00,1,86.98276,79.598465
2014-05-31,2014-05-31 01:00:00,2,34.02778,40.082
2014-05-31,2014-05-31 02:00:00,3,12.701149,16.787012
2014-05-31,2014-05-31 03:00:00,4,11.743295,13.684595
2014-05-31,2014-05-31 04:00:00,5,12.940613,13.52182
2014-05-31,2014-05-31 05:00:00,6,14.137931,13.524223
2014-05-31,2014-05-31 06:00:00,7,8.630268,11.933235
2014-05-31,2014-05-31 07:00:00,8,9.106801,12.482319
2014-05-31,2014-05-31 08:00:00,9,9.348659,13.84557
2014-05-31,2014-05-31 09:00:00,10,8.148947,14.311985
2014-05-31,2014-05-31 10:00:00,11,9.109196,14.247423
2014-05-31,2014-05-31 11:00:00,12,9.588122,14.225634
2014-05-31,2014-05-31 12:00:00,13,8.151341,13.957081
2014-05-31,2014-05-31 13:00:00,14,8.869732,14.367786
2014-05-31,2014-05-31 14:00:00,15,9.588122,13.697187
2014-05-31,2014-05-31 15:00:00,16,7.4305553,13.526154
2014-05-31,2014-05-31 16:00:00,17,8.869732,13.362984
2014-05-31,2014-05-31 17:00:00,18,9.588122,13.808935
2014-05-31,2014-05-31 18:00:00,19,9.109196,13.328743
2014-05-31,2014-05-31 19:00:00,20,11.264368,13.539398
2014-05-31,2014-05-31 20:00:00,21,11.024904,13.932232
2014-05-31,2014-05-31 21:00:00,22,12.701149,19.043755
2014-05-31,2014-05-31 22:00:00,23,12.461686,19.437849
2014-05-31,2014-05-31 23:00:00,24,13.180077,18.545237
2014-06-01,2014-06-01 00:00:00,1,14.856322,13.244011
2014-06-01,2014-06-01 01:00:00,2,14.6168585,12.542957
2014-06-01,2014-06-01 02:00:00,3,12.222222,10.516079
2014-06-01,2014-06-01 03:00:00,4,12.940613,9.803005
2014-06-01,2014-06-01 04:00:00,5,13.41954,11.693172
2014-06-01,2014-06-01 05:00:00,6,13.659004,11.591301
2014-06-01,2014-06-01 06:00:00,7,8.38841,8.244633
2014-06-01,2014-06-01 07:00:00,8,8.630268,8.204884
2014-06-01,2014-06-01 08:00:00,9,9.348659,9.534958
2014-06-01,2014-06-01 09:00:00,10,8.148947,9.617481
2014-06-01,2014-06-01 10:00:00,11,8.38841,9.344551
2014-06-01,2014-06-01 11:00:00,12,9.109196,9.818897
2014-06-01,2014-06-01 12:00:00,13,7.909483,9.236122
2014-06-01,2014-06-01 13:00:00,14,9.827586,9.315636
2014-06-01,2014-06-01 14:00:00,15,9.109196,9.287598
2014-06-01,2014-06-01 15:00:00,16,7.9118776,8.819065
2014-06-01,2014-06-01 16:00:00,17,8.867337,9.131645
2014-06-01,2014-06-01 17:00:00,18,9.348659,9.652275
2014-06-01,2014-06-01 18:00:00,19,7.9118776,9.449604
2014-06-01,2014-06-01 19:00:00,20,8.869732,9.872639
2014-06-01,2014-06-01 20:00:00,21,8.390804,10.364834
2014-06-01,2014-06-01 21:00:00,22,11.264368,12.564579
2014-06-01,2014-06-01 22:00:00,23,13.659004,12.73473
2014-06-01,2014-06-01 23:00:00,24,11.9827585,13.342007
2014-06-02,2014-06-02 00:00:00,1,13.180077,14.144016
2014-06-02,2014-06-02 01:00:00,2,14.856322,13.544395
2014-06-02,2014-06-02 02:00:00,3,12.940613,11.171001
2014-06-02,2014-06-02 03:00:00,4,11.503832,11.418243
2014-06-02,2014-06-02 04:00:00,5,14.137931,13.515818
2014-06-02,2014-06-02 05:00:00,6,13.898467,14.338512
2014-06-02,2014-06-02 06:00:00,7,8.390804,8.504246
2014-06-02,2014-06-02 07:00:00,8,9.109196,9.912773
2014-06-02,2014-06-02 08:00:00,9,13.898467,27.26479
2014-06-02,2014-06-02 09:00:00,10,18.927202,47.843533
2014-06-02,2014-06-02 10:00:00,11,24.442049,54.67835
2014-06-02,2014-06-02 11:00:00,12,27.796934,64.218475
2014-06-02,2014-06-02 12:00:00,13,26.83908,59.38471
2014-06-02,2014-06-02 13:00:00,14,29.233717,62.252018
2014-06-02,2014-06-02 14:00:00,15,35.943485,66.2881
2014-06-02,2014-06-02 15:00:00,16,40.977013,65.97024
2014-06-02,2014-06-02 16:00:00,17,42.41379,70.81424
2014-06-02,2014-06-02 17:00:00,18,45.53161,77.131195
2014-06-02,2014-06-02 18:00:00,19,34.267242,69.49732
2014-06-02,2014-06-02 19:00:00,20,33.788315,67.23612
2014-06-02,2014-06-02 20:00:00,21,86.0273,75.037674
2014-06-02,2014-06-02 21:00:00,22,89.38219,81.98581
2014-06-02,2014-06-02 22:00:00,23,89.38219,85.68202
2014-06-02,2014-06-02 23:00:00,24,86.74329,82.35016
2014-06-03,2014-06-03 00:00:00,1,34.74617,83.96492
2014-06-03,2014-06-03 01:00:00,2,16.05364,53.770653
2014-06-03,2014-06-03 02:00:00,3,15.095785,17.89313
2014-06-03,2014-06-03 03:00:00,4,13.898467,15.258505
2014-06-03,2014-06-03 04:00:00,5,15.574713,15.4177
2014-06-03,2014-06-03 05:00:00,6,15.574713,15.443089
2014-06-03,2014-06-03 06:00:00,7,10.306514,10.710278
2014-06-03,2014-06-03 07:00:00,8,11.264368,12.146685
2014-06-03,2014-06-03 08:00:00,9,24.920977,29.967648
2014-06-03,2014-06-03 09:00:00,10,25.881226,61.06383
2014-06-03,2014-06-03 10:00:00,11,25.641762,66.16755
2014-06-03,2014-06-03 11:00:00,12,29.47318,70.4111
2014-06-03,2014-06-03 12:00:00,13,32.83046,70.40686
2014-06-03,2014-06-03 13:00:00,14,31.38889,68.20733
2014-06-03,2014-06-03 14:00:00,15,28.515326,66.82511
2014-06-03,2014-06-03 15:00:00,16,24.683908,66.12201
2014-06-03,2014-06-03 16:00:00,17,23.726053,71.90521
2014-06-03,2014-06-03 17:00:00,18,43.850574,79.12024
2014-06-03,2014-06-03 18:00:00,19,35.225098,74.14385
2014-06-03,2014-06-03 19:00:00,20,59.66954,74.0824
2014-06-03,2014-06-03 20:00:00,21,92.26054,81.34206
2014-06-03,2014-06-03 21:00:00,22,88.42433,85.97718
2014-06-03,2014-06-03 22:00:00,23,86.26676,88.140396
2014-06-03,2014-06-03 23:00:00,24,86.74329,84.66853
2014-06-04,2014-06-04 00:00:00,1,83.86973,78.492096
2014-06-04,2014-06-04 01:00:00,2,34.506706,40.48907
2014-06-04,2014-06-04 02:00:00,3,15.095785,19.218103
2014-06-04,2014-06-04 03:00:00,4,13.659004,16.41859
2014-06-04,2014-06-04 04:00:00,5,15.335249,15.949266
2014-06-04,2014-06-04 05:00:00,6,14.6168585,15.879271
2014-06-04,2014-06-04 06:00:00,7,10.06705,11.861961
2014-06-04,2014-06-04 07:00:00,8,11.503832,14.417166
2014-06-04,2014-06-04 08:00:00,9,31.630747,26.341043
2014-06-04,2014-06-04 09:00:00,10,47.207855,36.727444
2014-06-04,2014-06-04 10:00:00,11,57.75383,41.857986
2014-06-04,2014-06-04 11:00:00,12,67.81609,50.62527
2014-06-04,2014-06-04 12:00:00,13,63.261494,51.406067
2014-06-04,2014-06-04 13:00:00,14,60.143677,52.843655
2014-06-04,2014-06-04 14:00:00,15,58.706898,52.50572
2014-06-04,2014-06-04 15:00:00,16,59.904213,51.139202
2014-06-04,2014-06-04 16:00:00,17,62.54071,59.33618
2014-06-04,2014-06-04 17:00:00,18,69.973656,69.81497
2014-06-04,2014-06-04 18:00:00,19,57.270115,63.725784
2014-06-04,2014-06-04 19:00:00,20,54.87548,63.52006
2014-06-04,2014-06-04 20:00:00,21,49.363026,74.49402
2014-06-04,2014-06-04 21:00:00,22,64.94253,80.52754
2014-06-04,2014-06-04 22:00:00,23,70.450195,82.182175
2014-06-04,2014-06-04 23:00:00,24,71.40804,80.87637
2014-06-05,2014-06-05 00:00:00,1,63.261494,68.206055
2014-06-05,2014-06-05 01:00:00,2,25.404694,31.118477
2014-06-05,2014-06-05 02:00:00,3,20.366379,13.950529
2014-06-05,2014-06-05 03:00:00,4,17.250957,13.429935
2014-06-05,2014-06-05 04:00:00,5,18.927202,15.173149
2014-06-05,2014-06-05 05:00:00,6,18.208813,15.383471
2014-06-05,2014-06-05 06:00:00,7,13.898467,10.410761
2014-06-05,2014-06-05 07:00:00,8,14.377395,12.581102
2014-06-05,2014-06-05 08:00:00,9,19.887451,26.324306
2014-06-05,2014-06-05 09:00:00,10,40.73755,42.44011
2014-06-05,2014-06-05 10:00:00,11,43.371647,45.486183
2014-06-05,2014-06-05 11:00:00,12,46.484673,55.297
2014-06-05,2014-06-05 12:00:00,13,49.604885,54.208717
2014-06-05,2014-06-05 13:00:00,14,45.766285,52.682354
2014-06-05,2014-06-05 14:00:00,15,43.371647,55.434326
2014-06-05,2014-06-05 15:00:00,16,45.28975,54.13922
2014-06-05,2014-06-05 16:00:00,17,41.934864,57.061317
2014-06-05,2014-06-05 17:00:00,18,45.53161,63.494316
2014-06-05,2014-06-05 18:00:00,19,35.70402,59.036613
2014-06-05,2014-06-05 19:00:00,20,40.019157,61.15207
2014-06-05,2014-06-05 20:00:00,21,53.438698,70.374245
2014-06-05,2014-06-05 21:00:00,22,67.0977,75.48663
2014-06-05,2014-06-05 22:00:00,23,76.683426,77.11878
2014-06-05,2014-06-05 23:00:00,24,74.52347,76.052284
2014-06-06,2014-06-06 00:00:00,1,35.70402,67.97014
2014-06-06,2014-06-06 01:00:00,2,18.208813,28.847614
2014-06-06,2014-06-06 02:00:00,3,16.532568,17.444075
2014-06-06,2014-06-06 03:00:00,4,14.377395,16.560974
2014-06-06,2014-06-06 04:00:00,5,15.574713,18.757576
2014-06-06,2014-06-06 05:00:00,6,16.293104,17.580147
2014-06-06,2014-06-06 06:00:00,7,10.306514,11.301523
2014-06-06,2014-06-06 07:00:00,8,25.881226,13.512253
2014-06-06,2014-06-06 08:00:00,9,83.86973,30.597681
2014-06-06,2014-06-06 09:00:00,10,88.663795,46.837234
2014-06-06,2014-06-06 10:00:00,11,93.21839,52.062714
2014-06-06,2014-06-06 11:00:00,12,99.20498,57.18663
2014-06-06,2014-06-06 12:00:00,13,98.48659,56.102654
2014-06-06,2014-06-06 13:00:00,14,96.81035,52.9482
2014-06-06,2014-06-06 14:00:00,15,97.52873,53.354874
2014-06-06,2014-06-06 15:00:00,16,96.33142,52.32106
2014-06-06,2014-06-06 16:00:00,17,100.88362,53.914257
2014-06-06,2014-06-06 17:00:00,18,115.981804,61.375496
2014-06-06,2014-06-06 18:00:00,19,110.469345,52.81128
2014-06-06,2014-06-06 19:00:00,20,108.55364,54.163876
2014-06-06,2014-06-06 20:00:00,21,99.207375,61.676933
2014-06-06,2014-06-06 21:00:00,22,88.42433,68.149536
2014-06-06,2014-06-06 22:00:00,23,85.06705,73.18388
2014-06-06,2014-06-06 23:00:00,24,75.48372,72.0903
2014-06-07,2014-06-07 00:00:00,1,22.284483,65.447815
2014-06-07,2014-06-07 01:00:00,2,18.448277,23.461071
2014-06-07,2014-06-07 02:00:00,3,15.335249,14.167133
2014-06-07,2014-06-07 03:00:00,4,14.6168585,12.54977
2014-06-07,2014-06-07 04:00:00,5,16.293104,12.749594
2014-06-07,2014-06-07 05:00:00,6,16.293104,13.034821
2014-06-07,2014-06-07 06:00:00,7,9.588122,10.378393
2014-06-07,2014-06-07 07:00:00,8,10.545977,10.680258
2014-06-07,2014-06-07 08:00:00,9,11.024904,12.2695675
2014-06-07,2014-06-07 09:00:00,10,10.06705,12.993011
2014-06-07,2014-06-07 10:00:00,11,10.545977,12.747128
2014-06-07,2014-06-07 11:00:00,12,13.180077,12.895632
2014-06-07,2014-06-07 12:00:00,13,10.306514,12.551914
2014-06-07,2014-06-07 13:00:00,14,11.264368,12.831427
2014-06-07,2014-06-07 14:00:00,15,11.503832,12.246971
2014-06-07,2014-06-07 15:00:00,16,10.306514,12.082066
2014-06-07,2014-06-07 16:00:00,17,11.264368,12.390263
2014-06-07,2014-06-07 17:00:00,18,11.743295,13.232031
2014-06-07,2014-06-07 18:00:00,19,11.024904,12.617704
2014-06-07,2014-06-07 19:00:00,20,11.9827585,13.325108
2014-06-07,2014-06-07 20:00:00,21,12.940613,13.476887
2014-06-07,2014-06-07 21:00:00,22,16.293104,16.466032
2014-06-07,2014-06-07 22:00:00,23,15.335249,16.38592
2014-06-07,2014-06-07 23:00:00,24,13.659004,16.772326
2014-06-08,2014-06-08 00:00:00,1,15.814177,13.509941
2014-06-08,2014-06-08 01:00:00,2,17.250957,13.829849
2014-06-08,2014-06-08 02:00:00,3,14.856322,12.631983
2014-06-08,2014-06-08 03:00:00,4,13.659004,12.609362
2014-06-08,2014-06-08 04:00:00,5,15.335249,13.453012
2014-06-08,2014-06-08 05:00:00,6,14.856322,13.31558
2014-06-08,2014-06-08 06:00:00,7,10.545977,9.982803
2014-06-08,2014-06-08 07:00:00,8,10.545977,9.826269
2014-06-08,2014-06-08 08:00:00,9,11.743295,10.598654
2014-06-08,2014-06-08 09:00:00,10,11.024904,10.873751
2014-06-08,2014-06-08 10:00:00,11,10.78544,11.119173
2014-06-08,2014-06-08 11:00:00,12,11.264368,11.623669
2014-06-08,2014-06-08 12:00:00,13,10.06705,10.629114
2014-06-08,2014-06-08 13:00:00,14,11.503832,11.133551
2014-06-08,2014-06-08 14:00:00,15,12.461686,10.819414
2014-06-08,2014-06-08 15:00:00,16,10.06705,10.389484
2014-06-08,2014-06-08 16:00:00,17,12.222222,10.817301
2014-06-08,2014-06-08 17:00:00,18,11.743295,11.415979
2014-06-08,2014-06-08 18:00:00,19,10.306514,10.589954
2014-06-08,2014-06-08 19:00:00,20,11.024904,11.095026
2014-06-08,2014-06-08 20:00:00,21,10.306514,11.865257
2014-06-08,2014-06-08 21:00:00,22,13.659004,14.217417
2014-06-08,2014-06-08 22:00:00,23,15.095785,15.206694
2014-06-08,2014-06-08 23:00:00,24,14.6168585,15.396875
2014-06-09,2014-06-09 00:00:00,1,15.814177,15.125484
2014-06-09,2014-06-09 01:00:00,2,16.532568,14.938444
2014-06-09,2014-06-09 02:00:00,3,14.6168585,13.024118
2014-06-09,2014-06-09 03:00:00,4,13.180077,13.425274
2014-06-09,2014-06-09 04:00:00,5,15.335249,15.763216
2014-06-09,2014-06-09 05:00:00,6,15.335249,15.723841
2014-06-09,2014-06-09 06:00:00,7,11.264368,9.925159
2014-06-09,2014-06-09 07:00:00,8,10.78544,11.085577
2014-06-09,2014-06-09 08:00:00,9,14.377395,17.42605
2014-06-09,2014-06-09 09:00:00,10,22.52634,24.955982
2014-06-09,2014-06-09 10:00:00,11,24.683908,32.52488
2014-06-09,2014-06-09 11:00:00,12,23.247126,38.771133
2014-06-09,2014-06-09 12:00:00,13,24.444445,39.486835
2014-06-09,2014-06-09 13:00:00,14,22.52634,42.22632
2014-06-09,2014-06-09 14:00:00,15,24.444445,47.43094
2014-06-09,2014-06-09 15:00:00,16,24.923372,48.92376
2014-06-09,2014-06-09 16:00:00,17,32.590996,52.722725
2014-06-09,2014-06-09 17:00:00,18,38.103447,61.9272
2014-06-09,2014-06-09 18:00:00,19,32.5886,47.50664
2014-06-09,2014-06-09 19:00:00,20,22.04502,50.929924
2014-06-09,2014-06-09 20:00:00,21,31.633142,77.06861
2014-06-09,2014-06-09 21:00:00,22,54.396553,82.722565
2014-06-09,2014-06-09 22:00:00,23,76.68104,83.6174
2014-06-09,2014-06-09 23:00:00,24,53.675766,78.129776
2014-06-10,2014-06-10 00:00:00,1,16.77203,29.556612
2014-06-10,2014-06-10 01:00:00,2,16.532568,17.706219
2014-06-10,2014-06-10 02:00:00,3,15.095785,14.755636
2014-06-10,2014-06-10 03:00:00,4,14.6168585,15.252174
2014-06-10,2014-06-10 04:00:00,5,15.574713,17.058979
2014-06-10,2014-06-10 05:00:00,6,15.574713,17.269241
2014-06-10,2014-06-10 06:00:00,7,11.024904,11.58795
2014-06-10,2014-06-10 07:00:00,8,11.503832,13.309452
2014-06-10,2014-06-10 08:00:00,9,13.41954,26.433558
2014-06-10,2014-06-10 09:00:00,10,12.222222,38.761974
2014-06-10,2014-06-10 10:00:00,11,17.253353,43.062534
2014-06-10,2014-06-10 11:00:00,12,19.166666,48.55667
2014-06-10,2014-06-10 12:00:00,13,23.965517,48.26953
2014-06-10,2014-06-10 13:00:00,14,22.765804,46.60251
2014-06-10,2014-06-10 14:00:00,15,26.83908,45.585693
2014-06-10,2014-06-10 15:00:00,16,27.55747,44.75699
2014-06-10,2014-06-10 16:00:00,17,30.672894,47.364597
2014-06-10,2014-06-10 17:00:00,18,38.103447,58.3252
2014-06-10,2014-06-10 18:00:00,19,30.672894,48.401165
2014-06-10,2014-06-10 19:00:00,20,26.83908,50.422062
2014-06-10,2014-06-10 20:00:00,21,45.05029,60.246628
2014-06-10,2014-06-10 21:00:00,22,64.70067,70.967285
2014-06-10,2014-06-10 22:00:00,23,98.73084,75.93969
2014-06-10,2014-06-10 23:00:00,24,87.46408,72.24893
2014-06-11,2014-06-11 00:00:00,1,19.64799,40.285744
2014-06-11,2014-06-11 01:00:00,2,19.887451,20.829355
2014-06-11,2014-06-11 02:00:00,3,15.814177,16.692196
2014-06-11,2014-06-11 03:00:00,4,13.898467,15.791777
2014-06-11,2014-06-11 04:00:00,5,15.574713,15.729755
2014-06-11,2014-06-11 05:00:00,6,15.814177,15.382189
2014-06-11,2014-06-11 06:00:00,7,9.827586,10.800695
2014-06-11,2014-06-11 07:00:00,8,10.545977,12.813402
2014-06-11,2014-06-11 08:00:00,9,14.137931,20.890865
2014-06-11,2014-06-11 09:00:00,10,13.41954,28.846327
2014-06-11,2014-06-11 10:00:00,11,16.77203,36.32338
2014-06-11,2014-06-11 11:00:00,12,17.490421,42.191658
2014-06-11,2014-06-11 12:00:00,13,22.289272,43.561745
2014-06-11,2014-06-11 13:00:00,14,22.284483,42.298653
2014-06-11,2014-06-11 14:00:00,15,28.036398,41.425236
2014-06-11,2014-06-11 15:00:00,16,22.284483,40.88958
2014-06-11,2014-06-11 16:00:00,17,25.399904,47.494965
2014-06-11,2014-06-11 17:00:00,18,43.13458,57.843266
2014-06-11,2014-06-11 18:00:00,19,33.788315,47.429688
2014-06-11,2014-06-11 19:00:00,20,39.777298,45.077892
2014-06-11,2014-06-11 20:00:00,21,82.67002,50.887264
2014-06-11,2014-06-11 21:00:00,22,86.98515,67.58666
2014-06-11,2014-06-11 22:00:00,23,89.8635,78.29011
2014-06-11,2014-06-11 23:00:00,24,89.62404,73.03758
2014-06-12,2014-06-12 00:00:00,1,91.542145,34.352833
2014-06-12,2014-06-12 01:00:00,2,67.0977,20.403355
2014-06-12,2014-06-12 02:00:00,3,21.087164,15.097862
2014-06-12,2014-06-12 03:00:00,4,18.927202,14.03373
2014-06-12,2014-06-12 04:00:00,5,17.011494,14.494421
2014-06-12,2014-06-12 05:00:00,6,16.05364,14.333986
2014-06-12,2014-06-12 06:00:00,7,11.743295,10.106333
2014-06-12,2014-06-12 07:00:00,8,11.743295,11.531105
2014-06-12,2014-06-12 08:00:00,9,16.77203,19.848131
2014-06-12,2014-06-12 09:00:00,10,18.208813,24.98449
2014-06-12,2014-06-12 10:00:00,11,23.72366,29.634642
2014-06-12,2014-06-12 11:00:00,12,24.923372,33.252327
2014-06-12,2014-06-12 12:00:00,13,24.444445,34.52442
2014-06-12,2014-06-12 13:00:00,14,25.162836,33.962322
2014-06-12,2014-06-12 14:00:00,15,24.444445,35.40526
2014-06-12,2014-06-12 15:00:00,16,26.83908,36.371464
2014-06-12,2014-06-12 16:00:00,17,35.706417,43.229164
2014-06-12,2014-06-12 17:00:00,18,43.85297,58.71458
2014-06-12,2014-06-12 18:00:00,19,33.069923,42.15861
2014-06-12,2014-06-12 19:00:00,20,29.712645,46.171402
2014-06-12,2014-06-12 20:00:00,21,101.36255,63.901466
2014-06-12,2014-06-12 21:00:00,22,99.68391,75.827774
2014-06-12,2014-06-12 22:00:00,23,97.768196,81.78989
2014-06-12,2014-06-12 23:00:00,24,96.81035,79.22072
2014-06-13,2014-06-13 00:00:00,1,99.6863,72.11623
2014-06-13,2014-06-13 01:00:00,2,93.69253,24.321499
2014-06-13,2014-06-13 02:00:00,3,29.952106,16.69769
2014-06-13,2014-06-13 03:00:00,4,16.532568,15.962671
2014-06-13,2014-06-13 04:00:00,5,18.448277,16.573832
2014-06-13,2014-06-13 05:00:00,6,18.45067,15.94422
2014-06-13,2014-06-13 06:00:00,7,12.940613,11.281105
2014-06-13,2014-06-13 07:00:00,8,14.137931,13.174976
2014-06-13,2014-06-13 08:00:00,9,17.011494,18.712008
2014-06-13,2014-06-13 09:00:00,10,16.77203,22.079742
2014-06-13,2014-06-13 10:00:00,11,17.969349,24.44448
2014-06-13,2014-06-13 11:00:00,12,22.52634,28.737213
2014-06-13,2014-06-13 12:00:00,13,23.48659,30.682432
2014-06-13,2014-06-13 13:00:00,14,22.765804,30.896984
2014-06-13,2014-06-13 14:00:00,15,25.881226,34.493652
2014-06-13,2014-06-13 15:00:00,16,40.498085,36.86948
2014-06-13,2014-06-13 16:00:00,17,44.57136,52.20208
2014-06-13,2014-06-13 17:00:00,18,55.354404,74.93661
2014-06-13,2014-06-13 18:00:00,19,47.926247,67.31276
2014-06-13,2014-06-13 19:00:00,20,40.498085,57.595985
2014-06-13,2014-06-13 20:00:00,21,53.91523,80.895294
2014-06-13,2014-06-13 21:00:00,22,99.6887,81.25418
2014-06-13,2014-06-13 22:00:00,23,98.72605,80.68347
2014-06-13,2014-06-13 23:00:00,24,103.52251,74.46932
2014-06-14,2014-06-14 00:00:00,1,103.52251,88.51031
2014-06-14,2014-06-14 01:00:00,2,102.3228,48.222992
2014-06-14,2014-06-14 02:00:00,3,83.393196,21.116276
2014-06-14,2014-06-14 03:00:00,4,69.25288,17.394634
2014-06-14,2014-06-14 04:00:00,5,38.34291,17.170723
2014-06-14,2014-06-14 05:00:00,6,20.608238,15.331469
2014-06-14,2014-06-14 06:00:00,7,14.137931,11.685284
2014-06-14,2014-06-14 07:00:00,8,15.574713,11.5420265
2014-06-14,2014-06-14 08:00:00,9,16.05364,12.726294
2014-06-14,2014-06-14 09:00:00,10,14.6168585,12.681807
2014-06-14,2014-06-14 10:00:00,11,15.814177,13.039076
2014-06-14,2014-06-14 11:00:00,12,16.77203,13.428793
2014-06-14,2014-06-14 12:00:00,13,15.574713,13.094156
2014-06-14,2014-06-14 13:00:00,14,16.05364,13.497623
2014-06-14,2014-06-14 14:00:00,15,18.45067,13.046402
2014-06-14,2014-06-14 15:00:00,16,15.335249,12.79818
2014-06-14,2014-06-14 16:00:00,17,17.011494,13.533417
2014-06-14,2014-06-14 17:00:00,18,17.490421,13.898396
2014-06-14,2014-06-14 18:00:00,19,16.05364,12.847132
2014-06-14,2014-06-14 19:00:00,20,16.293104,13.318338
2014-06-14,2014-06-14 20:00:00,21,16.77203,14.347914
2014-06-14,2014-06-14 21:00:00,22,19.889847,16.188522
2014-06-14,2014-06-14 22:00:00,23,20.608238,16.398363
2014-06-14,2014-06-14 23:00:00,24,19.887451,15.807156
2014-06-15,2014-06-15 00:00:00,1,20.12931,19.597332
2014-06-15,2014-06-15 01:00:00,2,21.568487,19.832405
2014-06-15,2014-06-15 02:00:00,3,19.40613,18.494186
2014-06-15,2014-06-15 03:00:00,4,18.208813,17.399197
2014-06-15,2014-06-15 04:00:00,5,19.887451,18.216106
2014-06-15,2014-06-15 05:00:00,6,19.650383,17.722359
2014-06-15,2014-06-15 06:00:00,7,14.856322,14.477547
2014-06-15,2014-06-15 07:00:00,8,15.814177,14.210772
2014-06-15,2014-06-15 08:00:00,9,16.77203,15.046856
2014-06-15,2014-06-15 09:00:00,10,14.856322,15.812309
2014-06-15,2014-06-15 10:00:00,11,15.814177,16.60596
2014-06-15,2014-06-15 11:00:00,12,16.293104,16.361654
2014-06-15,2014-06-15 12:00:00,13,15.574713,15.779446
2014-06-15,2014-06-15 13:00:00,14,16.05364,16.275698
2014-06-15,2014-06-15 14:00:00,15,17.011494,16.461006
2014-06-15,2014-06-15 15:00:00,16,15.574713,15.960779
2014-06-15,2014-06-15 16:00:00,17,16.05364,16.984608
2014-06-15,2014-06-15 17:00:00,18,17.729885,17.627647
2014-06-15,2014-06-15 18:00:00,19,15.335249,15.718311
2014-06-15,2014-06-15 19:00:00,20,17.969349,16.094349
2014-06-15,2014-06-15 20:00:00,21,15.335249,17.176819
2014-06-15,2014-06-15 21:00:00,22,18.69253,19.64177
2014-06-15,2014-06-15 22:00:00,23,19.887451,21.195522
2014-06-15,2014-06-15 23:00:00,24,18.208813,20.622686
2014-06-16,2014-06-16 00:00:00,1,20.605843,18.773178
2014-06-16,2014-06-16 01:00:00,2,21.087164,18.999323
2014-06-16,2014-06-16 02:00:00,3,19.887451,17.451183
2014-06-16,2014-06-16 03:00:00,4,18.208813,16.904432
2014-06-16,2014-06-16 04:00:00,5,21.087164,19.33657
2014-06-16,2014-06-16 05:00:00,6,19.64799,19.43279
2014-06-16,2014-06-16 06:00:00,7,15.095785,14.871513
2014-06-16,2014-06-16 07:00:00,8,15.335249,15.486256
2014-06-16,2014-06-16 08:00:00,9,19.645594,18.763737
2014-06-16,2014-06-16 09:00:00,10,17.969349,18.893606
2014-06-16,2014-06-16 10:00:00,11,16.293104,22.981438
2014-06-16,2014-06-16 11:00:00,12,20.366379,25.696701
2014-06-16,2014-06-16 12:00:00,13,35.94588,24.970024
2014-06-16,2014-06-16 13:00:00,14,40.977013,26.317158
2014-06-16,2014-06-16 14:00:00,15,37.62452,30.957386
2014-06-16,2014-06-16 15:00:00,16,44.09004,32.87513
2014-06-16,2014-06-16 16:00:00,17,52.71791,40.290466
2014-06-16,2014-06-16 17:00:00,18,50.56274,49.895058
2014-06-16,2014-06-16 18:00:00,19,41.934864,38.993114
2014-06-16,2014-06-16 19:00:00,20,36.90613,40.075706
2014-06-16,2014-06-16 20:00:00,21,47.444923,62.000633
2014-06-16,2014-06-16 21:00:00,22,76.68104,89.75378
2014-06-16,2014-06-16 22:00:00,23,77.64368,92.980576
2014-06-16,2014-06-16 23:00:00,24,51.76006,86.721344
2014-06-17,2014-06-17 00:00:00,1,23.965517,33.954033
2014-06-17,2014-06-17 01:00:00,2,24.20498,31.1805
2014-06-17,2014-06-17 02:00:00,3,21.807951,25.661041
2014-06-17,2014-06-17 03:00:00,4,20.366379,21.299105
2014-06-17,2014-06-17 04:00:00,5,22.528736,22.186745
2014-06-17,2014-06-17 05:00:00,6,22.047413,20.822853
2014-06-17,2014-06-17 06:00:00,7,17.011494,14.792267
2014-06-17,2014-06-17 07:00:00,8,15.574713,15.501699
2014-06-17,2014-06-17 08:00:00,9,17.969349,19.388208
2014-06-17,2014-06-17 09:00:00,10,20.126915,19.915184
2014-06-17,2014-06-17 10:00:00,11,18.68774,21.964724
2014-06-17,2014-06-17 11:00:00,12,20.847702,25.418335
2014-06-17,2014-06-17 12:00:00,13,23.007664,31.624344
2014-06-17,2014-06-17 13:00:00,14,23.007664,33.71442
2014-06-17,2014-06-17 14:00:00,15,23.007664,35.60164
2014-06-17,2014-06-17 15:00:00,16,28.75479,38.62361
2014-06-17,2014-06-17 16:00:00,17,33.54885,44.54465
2014-06-17,2014-06-17 17:00:00,18,39.300766,51.182396
2014-06-17,2014-06-17 18:00:00,19,34.506706,41.3381
2014-06-17,2014-06-17 19:00:00,20,35.22749,39.912773
2014-06-17,2014-06-17 20:00:00,21,82.43535,58.554127
2014-06-17,2014-06-17 21:00:00,22,92.5,82.18585
2014-06-17,2014-06-17 22:00:00,23,89.62404,84.910706
2014-06-17,2014-06-17 23:00:00,24,89.8659,71.51374
2014-06-18,2014-06-18 00:00:00,1,94.89224,65.080795
2014-06-18,2014-06-18 01:00:00,2,75.00479,36.64253
2014-06-18,2014-06-18 02:00:00,3,21.087164,25.84609
2014-06-18,2014-06-18 03:00:00,4,19.885057,22.93161
2014-06-18,2014-06-18 04:00:00,5,19.645594,22.531456
2014-06-18,2014-06-18 05:00:00,6,20.366379,21.502323
2014-06-18,2014-06-18 06:00:00,7,14.856322,15.762205
2014-06-18,2014-06-18 07:00:00,8,16.056034,16.118952
2014-06-18,2014-06-18 08:00:00,9,66.376915,19.091743
2014-06-18,2014-06-18 09:00:00,10,83.63027,20.850058
2014-06-18,2014-06-18 10:00:00,11,83.39081,22.3871
2014-06-18,2014-06-18 11:00:00,12,88.90086,24.393179
2014-06-18,2014-06-18 12:00:00,13,90.344826,27.080145
2014-06-18,2014-06-18 13:00:00,14,90.581894,27.9802
2014-06-18,2014-06-18 14:00:00,15,93.457855,29.356548
2014-06-18,2014-06-18 15:00:00,16,98.72605,32.40544
2014-06-18,2014-06-18 16:00:00,17,103.04119,39.649834
2014-06-18,2014-06-18 17:00:00,18,115.26102,51.817703
2014-06-18,2014-06-18 18:00:00,19,107.11686,39.762405
2014-06-18,2014-06-18 19:00:00,20,101.36255,40.781223
2014-06-18,2014-06-18 20:00:00,21,101.364944,75.33151
2014-06-18,2014-06-18 21:00:00,22,104.719826,89.69187
2014-06-18,2014-06-18 22:00:00,23,99.20977,92.560295
2014-06-18,2014-06-18 23:00:00,24,92.26054,88.79983
2014-06-19,2014-06-19 00:00:00,1,40.977013,72.71617
2014-06-19,2014-06-19 01:00:00,2,22.049809,53.70224
2014-06-19,2014-06-19 02:00:00,3,17.969349,27.0311
2014-06-19,2014-06-19 03:00:00,4,15.335249,21.569775
2014-06-19,2014-06-19 04:00:00,5,16.77203,21.95959
2014-06-19,2014-06-19 05:00:00,6,15.814177,20.604147
2014-06-19,2014-06-19 06:00:00,7,9.109196,15.995766
2014-06-19,2014-06-19 07:00:00,8,10.545977,16.15271
2014-06-19,2014-06-19 08:00:00,9,18.929598,18.481016
2014-06-19,2014-06-19 09:00:00,10,19.887451,18.314297
2014-06-19,2014-06-19 10:00:00,11,20.12931,18.456104
2014-06-19,2014-06-19 11:00:00,12,22.52634,19.925339
2014-06-19,2014-06-19 12:00:00,13,23.247126,20.012386
2014-06-19,2014-06-19 13:00:00,14,19.887451,20.856228
2014-06-19,2014-06-19 14:00:00,15,22.286877,20.136606
2014-06-19,2014-06-19 15:00:00,16,24.444445,20.289349
2014-06-19,2014-06-19 16:00:00,17,28.517721,23.760216
2014-06-19,2014-06-19 17:00:00,18,35.464558,28.397083
2014-06-19,2014-06-19 18:00:00,19,41.934864,20.753986
2014-06-19,2014-06-19 19:00:00,20,49.84435,19.759533
2014-06-19,2014-06-19 20:00:00,21,77.64128,25.506054
2014-06-19,2014-06-19 21:00:00,22,95.85249,33.224197
2014-06-19,2014-06-19 22:00:00,23,94.41571,36.792957
2014-06-19,2014-06-19 23:00:00,24,90.10297,31.165287
2014-06-20,2014-06-20 00:00:00,1,58.70929,79.2519
2014-06-20,2014-06-20 01:00:00,2,17.729885,46.931625
2014-06-20,2014-06-20 02:00:00,3,15.095785,24.752195
2014-06-20,2014-06-20 03:00:00,4,12.940613,19.924381
2014-06-20,2014-06-20 04:00:00,5,14.6168585,20.39531
2014-06-20,2014-06-20 05:00:00,6,13.659004,18.582941
2014-06-20,2014-06-20 06:00:00,7,9.348659,13.328096
2014-06-20,2014-06-20 07:00:00,8,10.78544,13.891239
2014-06-20,2014-06-20 08:00:00,9,15.814177,19.017952
2014-06-20,2014-06-20 09:00:00,10,15.574713,19.519466
2014-06-20,2014-06-20 10:00:00,11,17.729885,21.08086
2014-06-20,2014-06-20 11:00:00,12,22.528736,22.98928
2014-06-20,2014-06-20 12:00:00,13,22.7682,24.149536
2014-06-20,2014-06-20 13:00:00,14,20.845306,24.263998
2014-06-20,2014-06-20 14:00:00,15,23.007664,25.852856
2014-06-20,2014-06-20 15:00:00,16,27.318008,27.348557
2014-06-20,2014-06-20 16:00:00,17,29.715038,34.17553
2014-06-20,2014-06-20 17:00:00,18,47.444923,38.455177
2014-06-20,2014-06-20 18:00:00,19,43.850574,36.654446
2014-06-20,2014-06-20 19:00:00,20,60.38793,38.473457
2014-06-20,2014-06-20 20:00:00,21,87.94301,71.091934
2014-06-20,2014-06-20 21:00:00,22,91.300285,94.41776
2014-06-20,2014-06-20 22:00:00,23,92.01868,93.348526
2014-06-20,2014-06-20 23:00:00,24,89.38219,89.12596
2014-06-21,2014-06-21 00:00:00,1,87.22222,76.2289
2014-06-21,2014-06-21 01:00:00,2,59.667145,39.85638
2014-06-21,2014-06-21 02:00:00,3,16.77203,22.935436
2014-06-21,2014-06-21 03:00:00,4,15.574713,17.590187
2014-06-21,2014-06-21 04:00:00,5,16.05364,18.452345
2014-06-21,2014-06-21 05:00:00,6,14.137931,16.336823
2014-06-21,2014-06-21 06:00:00,7,10.545977,10.93383
2014-06-21,2014-06-21 07:00:00,8,9.827586,11.929253
2014-06-21,2014-06-21 08:00:00,9,10.306514,14.871096
2014-06-21,2014-06-21 09:00:00,10,9.827586,13.373735
2014-06-21,2014-06-21 10:00:00,11,9.588122,13.710323
2014-06-21,2014-06-21 11:00:00,12,11.743295,14.579395
2014-06-21,2014-06-21 12:00:00,13,9.588122,14.026047
2014-06-21,2014-06-21 13:00:00,14,9.588122,14.049166
2014-06-21,2014-06-21 14:00:00,15,10.545977,14.755186
2014-06-21,2014-06-21 15:00:00,16,9.588122,12.982359
2014-06-21,2014-06-21 16:00:00,17,10.78544,14.578897
2014-06-21,2014-06-21 17:00:00,18,10.545977,16.364492
2014-06-21,2014-06-21 18:00:00,19,11.024904,13.368164
2014-06-21,2014-06-21 19:00:00,20,12.940613,14.196781
2014-06-21,2014-06-21 20:00:00,21,12.222222,15.4526615
2014-06-21,2014-06-21 21:00:00,22,13.180077,16.935019
2014-06-21,2014-06-21 22:00:00,23,14.137931,17.36192
2014-06-21,2014-06-21 23:00:00,24,13.898467,16.34086
2014-06-22,2014-06-22 00:00:00,1,14.856322,14.050142
2014-06-22,2014-06-22 01:00:00,2,15.095785,14.030579
2014-06-22,2014-06-22 02:00:00,3,13.41954,12.380777
2014-06-22,2014-06-22 03:00:00,4,13.41954,11.936548
2014-06-22,2014-06-22 04:00:00,5,15.814177,13.007072
2014-06-22,2014-06-22 05:00:00,6,14.377395,12.019236
2014-06-22,2014-06-22 06:00:00,7,9.348659,9.5974045
2014-06-22,2014-06-22 07:00:00,8,10.06705,9.83634
2014-06-22,2014-06-22 08:00:00,9,10.06705,10.689409
2014-06-22,2014-06-22 09:00:00,10,9.348659,10.338198
2014-06-22,2014-06-22 10:00:00,11,11.024904,10.209238
2014-06-22,2014-06-22 11:00:00,12,10.306514,10.941074
2014-06-22,2014-06-22 12:00:00,13,9.348659,10.994118
2014-06-22,2014-06-22 13:00:00,14,10.78544,11.125523
2014-06-22,2014-06-22 14:00:00,15,10.545977,10.910427
2014-06-22,2014-06-22 15:00:00,16,9.348659,10.965588
2014-06-22,2014-06-22 16:00:00,17,11.024904,11.830458
2014-06-22,2014-06-22 17:00:00,18,10.545977,12.090172
2014-06-22,2014-06-22 18:00:00,19,9.348659,11.411226
2014-06-22,2014-06-22 19:00:00,20,9.827586,11.992229
2014-06-22,2014-06-22 20:00:00,21,10.06705,12.629681
2014-06-22,2014-06-22 21:00:00,22,12.701149,13.756096
2014-06-22,2014-06-22 22:00:00,23,14.856322,14.161537
2014-06-22,2014-06-22 23:00:00,24,12.940613,14.091644
2014-06-23,2014-06-23 00:00:00,1,14.377395,12.702396
2014-06-23,2014-06-23 01:00:00,2,14.856322,13.017588
2014-06-23,2014-06-23 02:00:00,3,13.659004,11.998434
2014-06-23,2014-06-23 03:00:00,4,13.659004,12.071165
2014-06-23,2014-06-23 04:00:00,5,14.6168585,14.472912
2014-06-23,2014-06-23 05:00:00,6,14.6168585,14.131119
2014-06-23,2014-06-23 06:00:00,7,8.869732,9.097055
2014-06-23,2014-06-23 07:00:00,8,26.12069,9.888931
2014-06-23,2014-06-23 08:00:00,9,91.06322,13.145037
2014-06-23,2014-06-23 09:00:00,10,96.09196,13.097979
2014-06-23,2014-06-23 10:00:00,11,98.48659,16.790768
2014-06-23,2014-06-23 11:00:00,12,95.373566,20.108616
2014-06-23,2014-06-23 12:00:00,13,95.61303,20.74358
2014-06-23,2014-06-23 13:00:00,14,52.24138,22.030338
2014-06-23,2014-06-23 14:00:00,15,27.318008,24.517227
2014-06-23,2014-06-23 15:00:00,16,81.954025,26.117327
2014-06-23,2014-06-23 16:00:00,17,89.14033,32.96609
2014-06-23,2014-06-23 17:00:00,18,98.72845,48.248775
2014-06-23,2014-06-23 18:00:00,19,86.74569,39.680138
2014-06-23,2014-06-23 19:00:00,20,85.78544,40.451653
2014-06-23,2014-06-23 20:00:00,21,78.35728,73.63986
2014-06-23,2014-06-23 21:00:00,22,27.078545,90.00763
2014-06-23,2014-06-23 22:00:00,23,17.011494,89.763824
2014-06-23,2014-06-23 23:00:00,24,15.095785,73.22447
2014-06-24,2014-06-24 00:00:00,1,14.856322,13.871931
2014-06-24,2014-06-24 01:00:00,2,15.574713,12.75065
2014-06-24,2014-06-24 02:00:00,3,13.41954,11.074034
2014-06-24,2014-06-24 03:00:00,4,13.41954,11.074848
2014-06-24,2014-06-24 04:00:00,5,13.659004,13.086693
2014-06-24,2014-06-24 05:00:00,6,14.377395,12.364941
2014-06-24,2014-06-24 06:00:00,7,9.588122,8.124191
2014-06-24,2014-06-24 07:00:00,8,9.827586,9.555595
2014-06-24,2014-06-24 08:00:00,9,21.566092,15.246599
2014-06-24,2014-06-24 09:00:00,10,29.47318,15.884331
2014-06-24,2014-06-24 10:00:00,11,28.75479,18.259586
2014-06-24,2014-06-24 11:00:00,12,31.149426,21.472347
2014-06-24,2014-06-24 12:00:00,13,40.25862,22.515833
2014-06-24,2014-06-24 13:00:00,14,36.185345,21.756496
2014-06-24,2014-06-24 14:00:00,15,38.103447,22.26161
2014-06-24,2014-06-24 15:00:00,16,34.74856,26.568169
2014-06-24,2014-06-24 16:00:00,17,36.42481,35.267292
2014-06-24,2014-06-24 17:00:00,18,61.345787,41.231613
2014-06-24,2014-06-24 18:00:00,19,65.65852,35.324123
2014-06-24,2014-06-24 19:00:00,20,77.64368,39.27626
2014-06-24,2014-06-24 20:00:00,21,86.50383,80.93093
2014-06-24,2014-06-24 21:00:00,22,97.049805,87.95503
2014-06-24,2014-06-24 22:00:00,23,94.17625,86.46989
2014-06-24,2014-06-24 23:00:00,24,87.46648,75.336845
2014-06-25,2014-06-25 00:00:00,1,23.007664,61.79699
2014-06-25,2014-06-25 01:00:00,2,22.289272,26.376984
2014-06-25,2014-06-25 02:00:00,3,19.166666,17.916296
2014-06-25,2014-06-25 03:00:00,4,17.969349,16.439167
2014-06-25,2014-06-25 04:00:00,5,18.448277,16.37559
2014-06-25,2014-06-25 05:00:00,6,16.293104,15.789944
2014-06-25,2014-06-25 06:00:00,7,12.461686,11.178083
2014-06-25,2014-06-25 07:00:00,8,19.41092,12.691069
2014-06-25,2014-06-25 08:00:00,9,86.0273,19.184965
2014-06-25,2014-06-25 09:00:00,10,85.30651,20.250603
2014-06-25,2014-06-25 10:00:00,11,86.98515,22.310122
2014-06-25,2014-06-25 11:00:00,12,91.542145,25.57526
2014-06-25,2014-06-25 12:00:00,13,94.41571,27.283815
2014-06-25,2014-06-25 13:00:00,14,96.09196,26.996937
2014-06-25,2014-06-25 14:00:00,15,71.6499,28.460548
2014-06-25,2014-06-25 15:00:00,16,58.469826,31.14785
2014-06-25,2014-06-25 16:00:00,17,66.376915,39.54728
2014-06-25,2014-06-25 17:00:00,18,68.534485,53.502922
2014-06-25,2014-06-25 18:00:00,19,59.188217,47.866615
2014-06-25,2014-06-25 19:00:00,20,37.86159,55.124527
2014-06-25,2014-06-25 20:00:00,21,26.83908,87.87313
2014-06-25,2014-06-25 21:00:00,22,24.683908,93.51746
2014-06-25,2014-06-25 22:00:00,23,23.965517,93.20506
2014-06-25,2014-06-25 23:00:00,24,19.889847,88.37897
2014-06-26,2014-06-26 00:00:00,1,16.293104,17.932093
2014-06-26,2014-06-26 01:00:00,2,15.574713,17.190147
2014-06-26,2014-06-26 02:00:00,3,15.095785,15.545784
2014-06-26,2014-06-26 03:00:00,4,14.6168585,15.728428
2014-06-26,2014-06-26 04:00:00,5,14.856322,16.736656
2014-06-26,2014-06-26 05:00:00,6,15.095785,15.840399
2014-06-26,2014-06-26 06:00:00,7,10.545977,12.072182
2014-06-26,2014-06-26 07:00:00,8,11.024904,13.634382
2014-06-26,2014-06-26 08:00:00,9,15.814177,22.192497
2014-06-26,2014-06-26 09:00:00,10,18.927202,24.600252
2014-06-26,2014-06-26 10:00:00,11,20.126915,25.048248
2014-06-26,2014-06-26 11:00:00,12,20.126915,30.000647
2014-06-26,2014-06-26 12:00:00,13,21.568487,32.64068
2014-06-26,2014-06-26 13:00:00,14,22.049809,31.549238
2014-06-26,2014-06-26 14:00:00,15,23.005268,29.403488
2014-06-26,2014-06-26 15:00:00,16,25.402298,31.503984
2014-06-26,2014-06-26 16:00:00,17,36.903736,39.56968
2014-06-26,2014-06-26 17:00:00,18,44.331898,47.999943
2014-06-26,2014-06-26 18:00:00,19,32.590996,45.6029
2014-06-26,2014-06-26 19:00:00,20,28.75479,52.28278
2014-06-26,2014-06-26 20:00:00,21,25.162836,80.36776
2014-06-26,2014-06-26 21:00:00,22,64.70067,89.79576
2014-06-26,2014-06-26 22:00:00,23,56.314655,86.33303
2014-06-26,2014-06-26 23:00:00,24,20.366379,74.574356
2014-06-27,2014-06-27 00:00:00,1,18.448277,17.075453
2014-06-27,2014-06-27 01:00:00,2,19.40613,16.435509
2014-06-27,2014-06-27 02:00:00,3,16.532568,14.176138
2014-06-27,2014-06-27 03:00:00,4,16.05364,13.902397
2014-06-27,2014-06-27 04:00:00,5,16.293104,14.679436
2014-06-27,2014-06-27 05:00:00,6,14.137931,13.6777725
2014-06-27,2014-06-27 06:00:00,7,10.06705,10.156681
2014-06-27,2014-06-27 07:00:00,8,11.024904,11.024382
2014-06-27,2014-06-27 08:00:00,9,18.453066,19.160854
2014-06-27,2014-06-27 09:00:00,10,22.52634,22.350456
2014-06-27,2014-06-27 10:00:00,11,23.726053,22.577244
2014-06-27,2014-06-27 11:00:00,12,30.670498,25.631958
2014-06-27,2014-06-27 12:00:00,13,29.712645,27.99567
2014-06-27,2014-06-27 13:00:00,14,29.712645,26.770943
2014-06-27,2014-06-27 14:00:00,15,30.431034,25.831228
2014-06-27,2014-06-27 15:00:00,16,29.233717,29.389797
2014-06-27,2014-06-27 16:00:00,17,32.5886,36.868008
2014-06-27,2014-06-27 17:00:00,18,29.23611,48.252716
2014-06-27,2014-06-27 18:00:00,19,19.889847,41.127487
2014-06-27,2014-06-27 19:00:00,20,18.448277,40.83032
2014-06-27,2014-06-27 20:00:00,21,24.681513,45.08632
2014-06-27,2014-06-27 21:00:00,22,41.45594,57.06568
2014-06-27,2014-06-27 22:00:00,23,34.267242,59.543053
2014-06-27,2014-06-27 23:00:00,24,14.377395,35.80663
2014-06-28,2014-06-28 00:00:00,1,15.095785,13.293167
2014-06-28,2014-06-28 01:00:00,2,16.293104,14.100485
2014-06-28,2014-06-28 02:00:00,3,14.137931,12.456678
2014-06-28,2014-06-28 03:00:00,4,15.335249,11.672634
2014-06-28,2014-06-28 04:00:00,5,14.6168585,12.3258095
2014-06-28,2014-06-28 05:00:00,6,14.377395,12.130754
2014-06-28,2014-06-28 06:00:00,7,10.06705,9.9893265
2014-06-28,2014-06-28 07:00:00,8,10.06705,10.110388
2014-06-28,2014-06-28 08:00:00,9,11.743295,11.573929
2014-06-28,2014-06-28 09:00:00,10,11.503832,12.238253
2014-06-28,2014-06-28 10:00:00,11,11.743295,11.809301
2014-06-28,2014-06-28 11:00:00,12,14.6168585,12.493046
2014-06-28,2014-06-28 12:00:00,13,13.898467,12.019583
2014-06-28,2014-06-28 13:00:00,14,13.898467,12.471714
2014-06-28,2014-06-28 14:00:00,15,13.898467,11.682684
2014-06-28,2014-06-28 15:00:00,16,11.743295,11.540308
2014-06-28,2014-06-28 16:00:00,17,12.701149,12.398748
2014-06-28,2014-06-28 17:00:00,18,13.180077,13.007366
2014-06-28,2014-06-28 18:00:00,19,11.9827585,11.561743
2014-06-28,2014-06-28 19:00:00,20,13.180077,11.786297
2014-06-28,2014-06-28 20:00:00,21,11.743295,12.398027
2014-06-28,2014-06-28 21:00:00,22,14.137931,14.413229
2014-06-28,2014-06-28 22:00:00,23,14.137931,13.641256
2014-06-28,2014-06-28 23:00:00,24,13.898467,12.867968
2014-06-29,2014-06-29 00:00:00,1,15.095785,14.073315
2014-06-29,2014-06-29 01:00:00,2,15.335249,14.295031
2014-06-29,2014-06-29 02:00:00,3,14.137931,12.855551
2014-06-29,2014-06-29 03:00:00,4,14.6168585,12.758537
2014-06-29,2014-06-29 04:00:00,5,14.856322,13.585377
2014-06-29,2014-06-29 05:00:00,6,14.856322,13.369205
2014-06-29,2014-06-29 06:00:00,7,9.588122,10.157267
2014-06-29,2014-06-29 07:00:00,8,10.545977,10.367752
2014-06-29,2014-06-29 08:00:00,9,10.78544,11.740923
2014-06-29,2014-06-29 09:00:00,10,11.503832,12.289921
2014-06-29,2014-06-29 10:00:00,11,11.743295,12.057869
2014-06-29,2014-06-29 11:00:00,12,14.137931,12.585087
2014-06-29,2014-06-29 12:00:00,13,12.222222,12.650854
2014-06-29,2014-06-29 13:00:00,14,12.701149,13.370346
2014-06-29,2014-06-29 14:00:00,15,12.940613,12.32457
2014-06-29,2014-06-29 15:00:00,16,12.461686,11.983183
2014-06-29,2014-06-29 16:00:00,17,12.701149,12.624882
2014-06-29,2014-06-29 17:00:00,18,13.41954,13.026728
2014-06-29,2014-06-29 18:00:00,19,11.9827585,11.978985
2014-06-29,2014-06-29 19:00:00,20,13.41954,12.160782
2014-06-29,2014-06-29 20:00:00,21,11.264368,12.667519
2014-06-29,2014-06-29 21:00:00,22,13.659004,14.456684
2014-06-29,2014-06-29 22:00:00,23,14.6168585,14.341822
2014-06-29,2014-06-29 23:00:00,24,13.659004,14.241722
2014-06-30,2014-06-30 00:00:00,1,15.095785,13.892185
2014-06-30,2014-06-30 01:00:00,2,15.335249,14.2139015
2014-06-30,2014-06-30 02:00:00,3,15.095785,13.809343
2014-06-30,2014-06-30 03:00:00,4,13.41954,14.337446
2014-06-30,2014-06-30 04:00:00,5,15.095785,15.156336
2014-06-30,2014-06-30 05:00:00,6,14.6168585,15.854746
2014-06-30,2014-06-30 06:00:00,7,10.06705,10.073967
2014-06-30,2014-06-30 07:00:00,8,10.78544,12.055485
2014-06-30,2014-06-30 08:00:00,9,12.940613,19.7201
2014-06-30,2014-06-30 09:00:00,10,14.6168585,22.211716
2014-06-30,2014-06-30 10:00:00,11,16.532568,23.134584
2014-06-30,2014-06-30 11:00:00,12,25.881226,27.450691
2014-06-30,2014-06-30 12:00:00,13,24.444445,27.787817
2014-06-30,2014-06-30 13:00:00,14,21.329023,28.431145
2014-06-30,2014-06-30 14:00:00,15,22.7682,27.683147
2014-06-30,2014-06-30 15:00:00,16,26.12069,28.51845
2014-06-30,2014-06-30 16:00:00,17,28.75479,32.439808
2014-06-30,2014-06-30 17:00:00,18,33.30699,35.02285
2014-06-30,2014-06-30 18:00:00,19,28.75479,27.430437
2014-06-30,2014-06-30 19:00:00,20,51.997128,25.300375
2014-06-30,2014-06-30 20:00:00,21,71.64751,26.01654
2014-06-30,2014-06-30 21:00:00,22,73.32615,35.455086
2014-06-30,2014-06-30 22:00:00,23,88.663795,31.207062
2014-06-30,2014-06-30 23:00:00,24,85.06705,20.94561
2014-07-01,2014-07-01 00:00:00,1,86.264366,75.071304
2014-07-01,2014-07-01 01:00:00,2,55.59387,44.568893
2014-07-01,2014-07-01 02:00:00,3,16.532568,20.11139
2014-07-01,2014-07-01 03:00:00,4,16.293104,18.351261
2014-07-01,2014-07-01 04:00:00,5,16.77203,18.633698
2014-07-01,2014-07-01 05:00:00,6,16.532568,16.604378
2014-07-01,2014-07-01 06:00:00,7,10.545977,10.674904
2014-07-01,2014-07-01 07:00:00,8,33.551247,12.496771
2014-07-01,2014-07-01 08:00:00,9,84.10919,19.203388
2014-07-01,2014-07-01 09:00:00,10,83.63027,22.945457
2014-07-01,2014-07-01 10:00:00,11,84.82758,24.845798
2014-07-01,2014-07-01 11:00:00,12,89.14272,31.032207
2014-07-01,2014-07-01 12:00:00,13,92.97653,32.50411
2014-07-01,2014-07-01 13:00:00,14,94.41571,31.522114
2014-07-01,2014-07-01 14:00:00,15,97.768196,30.258158
2014-07-01,2014-07-01 15:00:00,16,97.52873,32.7233
2014-07-01,2014-07-01 16:00:00,17,98.72845,38.439266
2014-07-01,2014-07-01 17:00:00,18,112.86638,49.04885
2014-07-01,2014-07-01 18:00:00,19,100.88602,39.226147
2014-07-01,2014-07-01 19:00:00,20,98.24712,44.62394
2014-07-01,2014-07-01 20:00:00,21,94.89464,61.368324
2014-07-01,2014-07-01 21:00:00,22,92.01868,67.10948
2014-07-01,2014-07-01 22:00:00,23,92.25814,66.28731
2014-07-01,2014-07-01 23:00:00,24,87.703545,51.887234
2014-07-02,2014-07-02 00:00:00,1,87.22222,80.59735
2014-07-02,2014-07-02 01:00:00,2,70.208336,69.86344
2014-07-02,2014-07-02 02:00:00,3,16.532568,24.605799
2014-07-02,2014-07-02 03:00:00,4,14.6168585,21.14526
2014-07-02,2014-07-02 04:00:00,5,15.814177,20.143211
2014-07-02,2014-07-02 05:00:00,6,15.814177,18.285885
2014-07-02,2014-07-02 06:00:00,7,10.545977,12.441315
2014-07-02,2014-07-02 07:00:00,8,13.180077,15.652859
2014-07-02,2014-07-02 08:00:00,9,74.04454,35.156807
2014-07-02,2014-07-02 09:00:00,10,90.344826,44.691418
2014-07-02,2014-07-02 10:00:00,11,93.21839,44.545887
2014-07-02,2014-07-02 11:00:00,12,99.44684,66.422195
2014-07-02,2014-07-02 12:00:00,13,103.28544,66.04216
2014-07-02,2014-07-02 13:00:00,14,89.38219,65.79188
2014-07-02,2014-07-02 14:00:00,15,75.00479,67.73151
2014-07-02,2014-07-02 15:00:00,16,74.76533,68.11886
2014-07-02,2014-07-02 16:00:00,17,72.36829,73.80507
2014-07-02,2014-07-02 17:00:00,18,75.48372,84.47987
2014-07-02,2014-07-02 18:00:00,19,66.37931,81.11391
2014-07-02,2014-07-02 19:00:00,20,59.185825,82.95818
2014-07-02,2014-07-02 20:00:00,21,63.74042,86.04661
2014-07-02,2014-07-02 21:00:00,22,75.244255,83.666504
2014-07-02,2014-07-02 22:00:00,23,76.925285,80.516396
2014-07-02,2014-07-02 23:00:00,24,76.44636,73.023926
2014-07-03,2014-07-03 00:00:00,1,78.36207,75.61121
2014-07-03,2014-07-03 01:00:00,2,42.176723,67.503525
2014-07-03,2014-07-03 02:00:00,3,15.814177,21.993305
2014-07-03,2014-07-03 03:00:00,4,14.137931,18.490883
2014-07-03,2014-07-03 04:00:00,5,14.6168585,18.51766
2014-07-03,2014-07-03 05:00:00,6,14.856322,17.414362
2014-07-03,2014-07-03 06:00:00,7,10.78544,12.130001
2014-07-03,2014-07-03 07:00:00,8,11.503832,15.099764
2014-07-03,2014-07-03 08:00:00,9,13.659004,56.142284
2014-07-03,2014-07-03 09:00:00,10,20.850096,60.37091
2014-07-03,2014-07-03 10:00:00,11,21.568487,66.04228
2014-07-03,2014-07-03 11:00:00,12,21.326628,70.78012
2014-07-03,2014-07-03 12:00:00,13,27.796934,70.77555
2014-07-03,2014-07-03 13:00:00,14,32.83046,68.80651
2014-07-03,2014-07-03 14:00:00,15,31.87021,63.943962
2014-07-03,2014-07-03 15:00:00,16,32.346745,69.196625
2014-07-03,2014-07-03 16:00:00,17,35.222702,75.21779
2014-07-03,2014-07-03 17:00:00,18,55.833332,79.61043
2014-07-03,2014-07-03 18:00:00,19,49.125957,76.5396
2014-07-03,2014-07-03 19:00:00,20,77.16235,74.12952
2014-07-03,2014-07-03 20:00:00,21,101.123085,76.500565
2014-07-03,2014-07-03 21:00:00,22,97.52873,81.457146
2014-07-03,2014-07-03 22:00:00,23,93.69732,77.60594
2014-07-03,2014-07-03 23:00:00,24,89.626434,66.1292
2014-07-04,2014-07-04 00:00:00,1,85.78544,86.79114
2014-07-04,2014-07-04 01:00:00,2,71.41044,64.3359
2014-07-04,2014-07-04 02:00:00,3,32.346745,18.547552
2014-07-04,2014-07-04 03:00:00,4,28.75479,16.095827
2014-07-04,2014-07-04 04:00:00,5,28.515326,16.838081
2014-07-04,2014-07-04 05:00:00,6,23.963123,15.945202
2014-07-04,2014-07-04 06:00:00,7,15.814177,10.826019
2014-07-04,2014-07-04 07:00:00,8,15.574713,12.9898815
2014-07-04,2014-07-04 08:00:00,9,44.57136,20.006992
2014-07-04,2014-07-04 09:00:00,10,65.89799,26.593765
2014-07-04,2014-07-04 10:00:00,11,75.24186,28.055016
2014-07-04,2014-07-04 11:00:00,12,79.31992,41.53895
2014-07-04,2014-07-04 12:00:00,13,81.4751,48.20568
2014-07-04,2014-07-04 13:00:00,14,75.00479,45.42301
2014-07-04,2014-07-04 14:00:00,15,75.002396,40.488358
2014-07-04,2014-07-04 15:00:00,16,69.973656,41.076935
2014-07-04,2014-07-04 16:00:00,17,67.57663,51.03466
2014-07-04,2014-07-04 17:00:00,18,73.56561,65.50404
2014-07-04,2014-07-04 18:00:00,19,66.37931,50.63021
2014-07-04,2014-07-04 19:00:00,20,64.45881,56.48495
2014-07-04,2014-07-04 20:00:00,21,83.63027,68.319145
2014-07-04,2014-07-04 21:00:00,22,96.09196,71.79034
2014-07-04,2014-07-04 22:00:00,23,95.373566,72.48978
2014-07-04,2014-07-04 23:00:00,24,96.570885,48.061802
2014-07-05,2014-07-05 00:00:00,1,94.655174,93.97394
2014-07-05,2014-07-05 01:00:00,2,62.064175,81.32951
2014-07-05,2014-07-05 02:00:00,3,18.448277,30.366493
2014-07-05,2014-07-05 03:00:00,4,16.532568,23.767624
2014-07-05,2014-07-05 04:00:00,5,16.532568,22.769955
2014-07-05,2014-07-05 05:00:00,6,16.532568,18.637499
2014-07-05,2014-07-05 06:00:00,7,10.06705,12.356298
2014-07-05,2014-07-05 07:00:00,8,10.78544,13.787922
2014-07-05,2014-07-05 08:00:00,9,11.503832,15.118296
2014-07-05,2014-07-05 09:00:00,10,10.06705,15.987234
2014-07-05,2014-07-05 10:00:00,11,10.06705,16.6407
2014-07-05,2014-07-05 11:00:00,12,11.264368,17.043047
2014-07-05,2014-07-05 12:00:00,13,10.78544,17.656195
2014-07-05,2014-07-05 13:00:00,14,13.898467,17.722366
2014-07-05,2014-07-05 14:00:00,15,15.335249,16.13686
2014-07-05,2014-07-05 15:00:00,16,9.827586,15.742115
2014-07-05,2014-07-05 16:00:00,17,11.264368,16.244314
2014-07-05,2014-07-05 17:00:00,18,11.503832,16.593124
2014-07-05,2014-07-05 18:00:00,19,10.545977,15.156857
2014-07-05,2014-07-05 19:00:00,20,10.78544,15.770426
2014-07-05,2014-07-05 20:00:00,21,11.024904,16.394861
2014-07-05,2014-07-05 21:00:00,22,14.6168585,18.419037
2014-07-05,2014-07-05 22:00:00,23,15.814177,18.075323
2014-07-05,2014-07-05 23:00:00,24,14.377395,18.706158
2014-07-06,2014-07-06 00:00:00,1,15.574713,14.668228
2014-07-06,2014-07-06 01:00:00,2,16.293104,14.839001
2014-07-06,2014-07-06 02:00:00,3,14.856322,12.013109
2014-07-06,2014-07-06 03:00:00,4,13.898467,12.412617
2014-07-06,2014-07-06 04:00:00,5,15.095785,13.342609
2014-07-06,2014-07-06 05:00:00,6,14.856322,13.092796
2014-07-06,2014-07-06 06:00:00,7,11.024904,8.949467
2014-07-06,2014-07-06 07:00:00,8,10.78544,9.0436535
2014-07-06,2014-07-06 08:00:00,9,11.743295,10.631512
2014-07-06,2014-07-06 09:00:00,10,10.306514,10.962236
2014-07-06,2014-07-06 10:00:00,11,10.78544,10.291744
2014-07-06,2014-07-06 11:00:00,12,11.024904,12.255894
2014-07-06,2014-07-06 12:00:00,13,10.06705,12.3081
2014-07-06,2014-07-06 13:00:00,14,10.78544,13.32189
2014-07-06,2014-07-06 14:00:00,15,11.503832,13.014759
2014-07-06,2014-07-06 15:00:00,16,10.545977,10.658192
2014-07-06,2014-07-06 16:00:00,17,10.78544,11.870375
2014-07-06,2014-07-06 17:00:00,18,11.9827585,13.331421
2014-07-06,2014-07-06 18:00:00,19,10.306514,11.115807
2014-07-06,2014-07-06 19:00:00,20,10.78544,11.636772
2014-07-06,2014-07-06 20:00:00,21,10.306514,11.969568
2014-07-06,2014-07-06 21:00:00,22,12.940613,14.645323
2014-07-06,2014-07-06 22:00:00,23,15.095785,14.614876
2014-07-06,2014-07-06 23:00:00,24,14.377395,13.345232
2014-07-07,2014-07-07 00:00:00,1,16.293104,15.393055
2014-07-07,2014-07-07 01:00:00,2,15.335249,15.549063
2014-07-07,2014-07-07 02:00:00,3,14.6168585,13.816103
2014-07-07,2014-07-07 03:00:00,4,14.137931,14.016062
2014-07-07,2014-07-07 04:00:00,5,14.856322,15.539837
2014-07-07,2014-07-07 05:00:00,6,15.335249,16.074564
2014-07-07,2014-07-07 06:00:00,7,10.306514,11.549583
2014-07-07,2014-07-07 07:00:00,8,12.222222,12.472057
2014-07-07,2014-07-07 08:00:00,9,16.05364,23.528112
2014-07-07,2014-07-07 09:00:00,10,17.011494,45.328407
2014-07-07,2014-07-07 10:00:00,11,15.335249,50.96334
2014-07-07,2014-07-07 11:00:00,12,16.293104,63.1877
2014-07-07,2014-07-07 12:00:00,13,20.368774,62.10907
2014-07-07,2014-07-07 13:00:00,14,22.049809,64.3816
2014-07-07,2014-07-07 14:00:00,15,24.202587,66.54768
2014-07-07,2014-07-07 15:00:00,16,33.067528,62.93854
2014-07-07,2014-07-07 16:00:00,17,40.25862,68.3338
2014-07-07,2014-07-07 17:00:00,18,46.965996,77.81566
2014-07-07,2014-07-07 18:00:00,19,40.019157,70.04993
2014-07-07,2014-07-07 19:00:00,20,38.34052,69.55322
2014-07-07,2014-07-07 20:00:00,21,49.12356,77.947395
2014-07-07,2014-07-07 21:00:00,22,90.82136,87.4661
2014-07-07,2014-07-07 22:00:00,23,91.542145,86.67073
2014-07-07,2014-07-07 23:00:00,24,87.46408,78.03197
2014-07-08,2014-07-08 00:00:00,1,85.06705,85.44353
2014-07-08,2014-07-08 01:00:00,2,69.731804,73.15403
2014-07-08,2014-07-08 02:00:00,3,30.670498,25.774197
2014-07-08,2014-07-08 03:00:00,4,27.078545,19.765005
2014-07-08,2014-07-08 04:00:00,5,27.55747,20.368923
2014-07-08,2014-07-08 05:00:00,6,26.599617,18.652447
2014-07-08,2014-07-08 06:00:00,7,17.01389,11.650461
2014-07-08,2014-07-08 07:00:00,8,17.011494,14.529642
2014-07-08,2014-07-08 08:00:00,9,17.969349,30.568558
2014-07-08,2014-07-08 09:00:00,10,21.087164,54.520084
2014-07-08,2014-07-08 10:00:00,11,24.683908,59.16869
2014-07-08,2014-07-08 11:00:00,12,28.515326,66.541245
2014-07-08,2014-07-08 12:00:00,13,28.75479,72.24956
2014-07-08,2014-07-08 13:00:00,14,28.75479,72.237335
2014-07-08,2014-07-08 14:00:00,15,33.30699,72.39061
2014-07-08,2014-07-08 15:00:00,16,40.977013,70.017395
2014-07-08,2014-07-08 16:00:00,17,48.16571,71.9093
2014-07-08,2014-07-08 17:00:00,18,50.802204,78.065636
2014-07-08,2014-07-08 18:00:00,19,43.132183,73.171814
2014-07-08,2014-07-08 19:00:00,20,48.884098,72.01114
2014-07-08,2014-07-08 20:00:00,21,81.71456,77.59205
2014-07-08,2014-07-08 21:00:00,22,94.655174,84.775696
2014-07-08,2014-07-08 22:00:00,23,87.703545,84.72714
2014-07-08,2014-07-08 23:00:00,24,85.78544,79.429794
2014-07-09,2014-07-09 00:00:00,1,85.30651,85.97406
2014-07-09,2014-07-09 01:00:00,2,42.41379,69.53885
2014-07-09,2014-07-09 02:00:00,3,28.036398,27.647373
2014-07-09,2014-07-09 03:00:00,4,25.641762,23.374538
2014-07-09,2014-07-09 04:00:00,5,23.007664,23.460909
2014-07-09,2014-07-09 05:00:00,6,20.368774,21.966187
2014-07-09,2014-07-09 06:00:00,7,14.137931,14.246567
2014-07-09,2014-07-09 07:00:00,8,13.898467,16.107365
2014-07-09,2014-07-09 08:00:00,9,17.011494,23.638718
2014-07-09,2014-07-09 09:00:00,10,18.448277,29.287647
2014-07-09,2014-07-09 10:00:00,11,19.645594,33.503403
2014-07-09,2014-07-09 11:00:00,12,24.20498,36.210674
2014-07-09,2014-07-09 12:00:00,13,28.515326,39.550926
2014-07-09,2014-07-09 13:00:00,14,22.523947,42.232906
2014-07-09,2014-07-09 14:00:00,15,19.40613,43.057255
2014-07-09,2014-07-09 15:00:00,16,26.599617,45.126766
2014-07-09,2014-07-09 16:00:00,17,26.599617,54.222176
2014-07-09,2014-07-09 17:00:00,18,27.320402,67.91322
2014-07-09,2014-07-09 18:00:00,19,21.326628,51.80886
2014-07-09,2014-07-09 19:00:00,20,24.923372,55.235977
2014-07-09,2014-07-09 20:00:00,21,75.00479,72.6299
2014-07-09,2014-07-09 21:00:00,22,77.88314,85.21686
2014-07-09,2014-07-09 22:00:00,23,84.82758,84.995804
2014-07-09,2014-07-09 23:00:00,24,79.79885,79.79523
2014-07-10,2014-07-10 00:00:00,1,48.644634,77.49338
2014-07-10,2014-07-10 01:00:00,2,17.011494,51.63784
2014-07-10,2014-07-10 02:00:00,3,14.856322,25.089539
2014-07-10,2014-07-10 03:00:00,4,13.659004,23.75253
2014-07-10,2014-07-10 04:00:00,5,15.574713,23.184862
2014-07-10,2014-07-10 05:00:00,6,16.532568,21.155844
2014-07-10,2014-07-10 06:00:00,7,9.588122,14.38098
2014-07-10,2014-07-10 07:00:00,8,10.78544,14.917923
2014-07-10,2014-07-10 08:00:00,9,14.377395,19.07118
2014-07-10,2014-07-10 09:00:00,10,14.6168585,21.137821
2014-07-10,2014-07-10 10:00:00,11,15.814177,23.327644
2014-07-10,2014-07-10 11:00:00,12,22.52634,25.867622
2014-07-10,2014-07-10 12:00:00,13,40.73755,27.346184
2014-07-10,2014-07-10 13:00:00,14,39.061302,26.574123
2014-07-10,2014-07-10 14:00:00,15,36.903736,27.247196
2014-07-10,2014-07-10 15:00:00,16,41.45594,31.83742
2014-07-10,2014-07-10 16:00:00,17,47.926247,38.55562
2014-07-10,2014-07-10 17:00:00,18,66.13985,46.476166
2014-07-10,2014-07-10 18:00:00,19,54.636017,34.193184
2014-07-10,2014-07-10 19:00:00,20,46.00814,36.318035
2014-07-10,2014-07-10 20:00:00,21,64.70067,67.47929
2014-07-10,2014-07-10 21:00:00,22,102.56226,79.58867
2014-07-10,2014-07-10 22:00:00,23,105.43822,79.49887
2014-07-10,2014-07-10 23:00:00,24,104.48276,76.64514
2014-07-11,2014-07-11 00:00:00,1,98.00766,97.14453
2014-07-11,2014-07-11 01:00:00,2,84.35105,62.8145
2014-07-11,2014-07-11 02:00:00,3,23.247126,30.860935
2014-07-11,2014-07-11 03:00:00,4,18.208813,26.347551
2014-07-11,2014-07-11 04:00:00,5,18.68774,24.965527
2014-07-11,2014-07-11 05:00:00,6,18.448277,22.133015
2014-07-11,2014-07-11 06:00:00,7,13.180077,12.782986
2014-07-11,2014-07-11 07:00:00,8,13.898467,13.160168
2014-07-11,2014-07-11 08:00:00,9,17.490421,17.91056
2014-07-11,2014-07-11 09:00:00,10,17.490421,21.306683
2014-07-11,2014-07-11 10:00:00,11,18.929598,22.136978
2014-07-11,2014-07-11 11:00:00,12,28.515326,27.936848
2014-07-11,2014-07-11 12:00:00,13,27.078545,34.788387
2014-07-11,2014-07-11 13:00:00,14,24.683908,34.334217
2014-07-11,2014-07-11 14:00:00,15,27.318008,34.216732
2014-07-11,2014-07-11 15:00:00,16,28.036398,39.171097
2014-07-11,2014-07-11 16:00:00,17,34.267242,49.554726
2014-07-11,2014-07-11 17:00:00,18,58.22797,60.40782
2014-07-11,2014-07-11 18:00:00,19,50.323277,46.083782
2014-07-11,2014-07-11 19:00:00,20,49.36542,48.947052
2014-07-11,2014-07-11 20:00:00,21,73.80747,72.89666
2014-07-11,2014-07-11 21:00:00,22,96.33142,86.374054
2014-07-11,2014-07-11 22:00:00,23,84.82998,88.540146
2014-07-11,2014-07-11 23:00:00,24,82.67242,85.20465
2014-07-12,2014-07-12 00:00:00,1,77.16235,77.09075
2014-07-12,2014-07-12 01:00:00,2,45.766285,41.722702
2014-07-12,2014-07-12 02:00:00,3,15.335249,18.904356
2014-07-12,2014-07-12 03:00:00,4,13.898467,16.29319
2014-07-12,2014-07-12 04:00:00,5,15.335249,16.651976
2014-07-12,2014-07-12 05:00:00,6,15.814177,14.971849
2014-07-12,2014-07-12 06:00:00,7,10.06705,10.887726
2014-07-12,2014-07-12 07:00:00,8,11.264368,10.824581
2014-07-12,2014-07-12 08:00:00,9,11.264368,11.716877
2014-07-12,2014-07-12 09:00:00,10,9.827586,11.349133
2014-07-12,2014-07-12 10:00:00,11,11.264368,11.592228
2014-07-12,2014-07-12 11:00:00,12,11.264368,11.483797
2014-07-12,2014-07-12 12:00:00,13,10.306514,12.123438
2014-07-12,2014-07-12 13:00:00,14,11.743295,12.717493
2014-07-12,2014-07-12 14:00:00,15,11.264368,12.291658
2014-07-12,2014-07-12 15:00:00,16,10.78544,11.758923
2014-07-12,2014-07-12 16:00:00,17,10.78544,12.253933
2014-07-12,2014-07-12 17:00:00,18,11.9827585,12.768955
2014-07-12,2014-07-12 18:00:00,19,12.701149,11.721811
2014-07-12,2014-07-12 19:00:00,20,14.856322,11.811932
2014-07-12,2014-07-12 20:00:00,21,11.503832,12.428999
2014-07-12,2014-07-12 21:00:00,22,13.41954,13.151358
2014-07-12,2014-07-12 22:00:00,23,16.05364,13.86227
2014-07-12,2014-07-12 23:00:00,24,14.377395,13.322752
2014-07-13,2014-07-13 00:00:00,1,17.729885,14.95598
2014-07-13,2014-07-13 01:00:00,2,17.250957,14.854008
2014-07-13,2014-07-13 02:00:00,3,15.095785,12.701015
2014-07-13,2014-07-13 03:00:00,4,13.898467,12.233145
2014-07-13,2014-07-13 04:00:00,5,15.814177,13.069302
2014-07-13,2014-07-13 05:00:00,6,15.814177,13.039377
2014-07-13,2014-07-13 06:00:00,7,10.545977,10.522388
2014-07-13,2014-07-13 07:00:00,8,10.306514,10.678856
2014-07-13,2014-07-13 08:00:00,9,11.264368,11.358551
2014-07-13,2014-07-13 09:00:00,10,10.545977,11.24851
2014-07-13,2014-07-13 10:00:00,11,10.545977,10.963566
2014-07-13,2014-07-13 11:00:00,12,11.264368,10.887127
2014-07-13,2014-07-13 12:00:00,13,10.545977,11.070875
2014-07-13,2014-07-13 13:00:00,14,10.306514,11.525103
2014-07-13,2014-07-13 14:00:00,15,11.9827585,11.473364
2014-07-13,2014-07-13 15:00:00,16,10.06705,11.398598
2014-07-13,2014-07-13 16:00:00,17,10.78544,11.707796
2014-07-13,2014-07-13 17:00:00,18,11.9827585,12.523827
2014-07-13,2014-07-13 18:00:00,19,9.827586,11.419271
2014-07-13,2014-07-13 19:00:00,20,10.78544,11.953827
2014-07-13,2014-07-13 20:00:00,21,11.024904,12.328247
2014-07-13,2014-07-13 21:00:00,22,12.701149,13.679537
2014-07-13,2014-07-13 22:00:00,23,15.814177,14.635946
2014-07-13,2014-07-13 23:00:00,24,13.898467,14.110525
2014-07-14,2014-07-14 00:00:00,1,14.856322,15.608833
2014-07-14,2014-07-14 01:00:00,2,16.293104,14.872541
2014-07-14,2014-07-14 02:00:00,3,14.377395,12.733709
2014-07-14,2014-07-14 03:00:00,4,13.659004,13.300802
2014-07-14,2014-07-14 04:00:00,5,15.814177,14.85508
2014-07-14,2014-07-14 05:00:00,6,16.05364,16.557705
2014-07-14,2014-07-14 06:00:00,7,9.827586,10.787033
2014-07-14,2014-07-14 07:00:00,8,10.545977,11.604633
2014-07-14,2014-07-14 08:00:00,9,22.52634,14.337402
2014-07-14,2014-07-14 09:00:00,10,23.007664,14.849514
2014-07-14,2014-07-14 10:00:00,11,27.078545,16.891062
2014-07-14,2014-07-14 11:00:00,12,27.55747,20.27419
2014-07-14,2014-07-14 12:00:00,13,28.275862,21.604557
2014-07-14,2014-07-14 13:00:00,14,25.402298,23.936275
2014-07-14,2014-07-14 14:00:00,15,31.867817,27.148392
2014-07-14,2014-07-14 15:00:00,16,29.712645,30.573837
2014-07-14,2014-07-14 16:00:00,17,46.96839,37.67804
2014-07-14,2014-07-14 17:00:00,18,51.283524,53.999374
2014-07-14,2014-07-14 18:00:00,19,42.41379,40.128235
2014-07-14,2014-07-14 19:00:00,20,39.061302,43.34026
2014-07-14,2014-07-14 20:00:00,21,41.934864,71.77614
2014-07-14,2014-07-14 21:00:00,22,52.24138,88.745255
2014-07-14,2014-07-14 22:00:00,23,63.024426,90.117386
2014-07-14,2014-07-14 23:00:00,24,74.52347,86.06009
2014-07-15,2014-07-15 00:00:00,1,77.638885,72.601395
2014-07-15,2014-07-15 01:00:00,2,46.731323,46.86219
2014-07-15,2014-07-15 02:00:00,3,18.929598,23.036438
2014-07-15,2014-07-15 03:00:00,4,17.011494,20.101118
2014-07-15,2014-07-15 04:00:00,5,18.448277,21.610249
2014-07-15,2014-07-15 05:00:00,6,16.293104,20.950598
2014-07-15,2014-07-15 06:00:00,7,10.545977,13.793627
2014-07-15,2014-07-15 07:00:00,8,11.743295,13.924543
2014-07-15,2014-07-15 08:00:00,9,15.574713,17.793474
2014-07-15,2014-07-15 09:00:00,10,17.011494,19.914278
2014-07-15,2014-07-15 10:00:00,11,20.126915,22.088152
2014-07-15,2014-07-15 11:00:00,12,31.391283,25.723034
2014-07-15,2014-07-15 12:00:00,13,33.309387,27.063778
2014-07-15,2014-07-15 13:00:00,14,31.628353,27.272604
2014-07-15,2014-07-15 14:00:00,15,29.952106,28.919687
2014-07-15,2014-07-15 15:00:00,16,33.78592,32.12027
2014-07-15,2014-07-15 16:00:00,17,39.54023,41.225754
2014-07-15,2014-07-15 17:00:00,18,51.522987,49.07943
2014-07-15,2014-07-15 18:00:00,19,46.245213,41.86698
2014-07-15,2014-07-15 19:00:00,20,57.511974,44.46447
2014-07-15,2014-07-15 20:00:00,21,66.85824,62.05926
2014-07-15,2014-07-15 21:00:00,22,76.441574,78.37424
2014-07-15,2014-07-15 22:00:00,23,71.6499,81.469406
2014-07-15,2014-07-15 23:00:00,24,79.79885,80.55493
2014-07-16,2014-07-16 00:00:00,1,86.98276,80.17674
2014-07-16,2014-07-16 01:00:00,2,67.81609,56.832977
2014-07-16,2014-07-16 02:00:00,3,34.267242,24.606771
2014-07-16,2014-07-16 03:00:00,4,31.628353,20.80653
2014-07-16,2014-07-16 04:00:00,5,27.796934,22.816208
2014-07-16,2014-07-16 05:00:00,6,25.162836,21.190798
2014-07-16,2014-07-16 06:00:00,7,17.250957,13.300604
2014-07-16,2014-07-16 07:00:00,8,15.814177,13.087204
2014-07-16,2014-07-16 08:00:00,9,18.448277,17.972761
2014-07-16,2014-07-16 09:00:00,10,19.887451,20.606422
2014-07-16,2014-07-16 10:00:00,11,22.284483,23.38734
2014-07-16,2014-07-16 11:00:00,12,31.149426,29.548523
2014-07-16,2014-07-16 12:00:00,13,29.952106,32.225792
2014-07-16,2014-07-16 13:00:00,14,22.528736,31.076744
2014-07-16,2014-07-16 14:00:00,15,24.923372,32.684227
2014-07-16,2014-07-16 15:00:00,16,25.16044,36.201363
2014-07-16,2014-07-16 16:00:00,17,34.267242,44.029495
2014-07-16,2014-07-16 17:00:00,18,41.934864,55.277267
2014-07-16,2014-07-16 18:00:00,19,33.788315,46.45442
2014-07-16,2014-07-16 19:00:00,20,35.94588,47.239548
2014-07-16,2014-07-16 20:00:00,21,49.841953,68.01202
2014-07-16,2014-07-16 21:00:00,22,62.782566,85.107185
2014-07-16,2014-07-16 22:00:00,23,84.59291,85.64758
2014-07-16,2014-07-16 23:00:00,24,91.06322,85.58195
2014-07-17,2014-07-17 00:00:00,1,89.384575,86.525894
2014-07-17,2014-07-17 01:00:00,2,58.469826,57.47528
2014-07-17,2014-07-17 02:00:00,3,19.64799,26.350025
2014-07-17,2014-07-17 03:00:00,4,17.250957,22.971184
2014-07-17,2014-07-17 04:00:00,5,19.40613,23.314169
2014-07-17,2014-07-17 05:00:00,6,19.40613,21.515877
2014-07-17,2014-07-17 06:00:00,7,13.41954,13.73875
2014-07-17,2014-07-17 07:00:00,8,15.574713,13.669346
2014-07-17,2014-07-17 08:00:00,9,17.729885,17.665798
2014-07-17,2014-07-17 09:00:00,10,22.286877,18.869114
2014-07-17,2014-07-17 10:00:00,11,25.162836,22.244717
2014-07-17,2014-07-17 11:00:00,12,26.360153,29.078056
2014-07-17,2014-07-17 12:00:00,13,34.269634,30.412115
2014-07-17,2014-07-17 13:00:00,14,30.193966,27.528723
2014-07-17,2014-07-17 14:00:00,15,28.275862,29.260212
2014-07-17,2014-07-17 15:00:00,16,31.391283,32.727062
2014-07-17,2014-07-17 16:00:00,17,35.706417,40.85589
2014-07-17,2014-07-17 17:00:00,18,45.529213,50.96606
2014-07-17,2014-07-17 18:00:00,19,36.90134,43.74846
2014-07-17,2014-07-17 19:00:00,20,57.270115,46.636024
2014-07-17,2014-07-17 20:00:00,21,86.506226,66.57865
2014-07-17,2014-07-17 21:00:00,22,107.83525,82.99136
2014-07-17,2014-07-17 22:00:00,23,98.48659,84.761856
2014-07-17,2014-07-17 23:00:00,24,92.73946,85.51129
2014-07-18,2014-07-18 00:00:00,1,63.98228,89.68159
2014-07-18,2014-07-18 01:00:00,2,22.289272,59.41696
2014-07-18,2014-07-18 02:00:00,3,17.969349,24.736568
2014-07-18,2014-07-18 03:00:00,4,16.77203,21.879362
2014-07-18,2014-07-18 04:00:00,5,17.490421,22.43166
2014-07-18,2014-07-18 05:00:00,6,17.969349,21.19205
2014-07-18,2014-07-18 06:00:00,7,10.306514,14.511124
2014-07-18,2014-07-18 07:00:00,8,11.9827585,15.37429
2014-07-18,2014-07-18 08:00:00,9,15.814177,18.601229
2014-07-18,2014-07-18 09:00:00,10,75.96265,20.80738
2014-07-18,2014-07-18 10:00:00,11,89.62404,22.804665
2014-07-18,2014-07-18 11:00:00,12,99.44684,28.448597
2014-07-18,2014-07-18 12:00:00,13,84.11159,31.29706
2014-07-18,2014-07-18 13:00:00,14,63.02203,28.108173
2014-07-18,2014-07-18 14:00:00,15,56.072796,27.609926
2014-07-18,2014-07-18 15:00:00,16,36.42481,30.336285
2014-07-18,2014-07-18 16:00:00,17,29.712645,37.156456
2014-07-18,2014-07-18 17:00:00,18,35.94588,49.28041
2014-07-18,2014-07-18 18:00:00,19,48.168102,39.954
2014-07-18,2014-07-18 19:00:00,20,55.59387,43.942627
2014-07-18,2014-07-18 20:00:00,21,62.30364,68.04822
2014-07-18,2014-07-18 21:00:00,22,81.95163,83.93365
2014-07-18,2014-07-18 22:00:00,23,75.244255,85.045715
2014-07-18,2014-07-18 23:00:00,24,71.64751,82.35053
2014-07-19,2014-07-19 00:00:00,1,50.325672,66.73511
2014-07-19,2014-07-19 01:00:00,2,30.675287,38.10283
2014-07-19,2014-07-19 02:00:00,3,20.126915,18.671192
2014-07-19,2014-07-19 03:00:00,4,19.645594,15.565811
2014-07-19,2014-07-19 04:00:00,5,19.166666,15.889492
2014-07-19,2014-07-19 05:00:00,6,20.124521,14.9676075
2014-07-19,2014-07-19 06:00:00,7,14.856322,11.397406
2014-07-19,2014-07-19 07:00:00,8,14.137931,11.380478
2014-07-19,2014-07-19 08:00:00,9,15.574713,11.884407
2014-07-19,2014-07-19 09:00:00,10,12.461686,11.880636
2014-07-19,2014-07-19 10:00:00,11,13.898467,11.796576
2014-07-19,2014-07-19 11:00:00,12,14.137931,12.001324
2014-07-19,2014-07-19 12:00:00,13,12.701149,11.862932
2014-07-19,2014-07-19 13:00:00,14,11.743295,12.027241
2014-07-19,2014-07-19 14:00:00,15,12.701149,11.515579
2014-07-19,2014-07-19 15:00:00,16,10.545977,11.4450245
2014-07-19,2014-07-19 16:00:00,17,11.9827585,11.837667
2014-07-19,2014-07-19 17:00:00,18,13.180077,12.511282
2014-07-19,2014-07-19 18:00:00,19,10.78544,12.023163
2014-07-19,2014-07-19 19:00:00,20,12.222222,12.263754
2014-07-19,2014-07-19 20:00:00,21,10.545977,12.570902
2014-07-19,2014-07-19 21:00:00,22,13.898467,14.271008
2014-07-19,2014-07-19 22:00:00,23,15.335249,14.208477
2014-07-19,2014-07-19 23:00:00,24,13.41954,13.782438
2014-07-20,2014-07-20 00:00:00,1,15.574713,14.59223
2014-07-20,2014-07-20 01:00:00,2,17.011494,14.1938305
2014-07-20,2014-07-20 02:00:00,3,13.898467,12.587025
2014-07-20,2014-07-20 03:00:00,4,13.41954,12.155014
2014-07-20,2014-07-20 04:00:00,5,15.095785,13.739613
2014-07-20,2014-07-20 05:00:00,6,15.574713,13.711027
2014-07-20,2014-07-20 06:00:00,7,9.588122,10.78442
2014-07-20,2014-07-20 07:00:00,8,10.306514,10.583551
2014-07-20,2014-07-20 08:00:00,9,11.743295,11.49025
2014-07-20,2014-07-20 09:00:00,10,9.588122,11.100206
2014-07-20,2014-07-20 10:00:00,11,11.503832,11.012575
2014-07-20,2014-07-20 11:00:00,12,11.9827585,11.262373
2014-07-20,2014-07-20 12:00:00,13,10.306514,11.096518
2014-07-20,2014-07-20 13:00:00,14,11.503832,10.891569
2014-07-20,2014-07-20 14:00:00,15,12.461686,11.026115
2014-07-20,2014-07-20 15:00:00,16,10.78544,10.382053
2014-07-20,2014-07-20 16:00:00,17,11.503832,10.851753
2014-07-20,2014-07-20 17:00:00,18,13.659004,11.990364
2014-07-20,2014-07-20 18:00:00,19,11.024904,10.629309
2014-07-20,2014-07-20 19:00:00,20,11.503832,11.166809
2014-07-20,2014-07-20 20:00:00,21,10.78544,11.543186
2014-07-20,2014-07-20 21:00:00,22,14.377395,12.643904
2014-07-20,2014-07-20 22:00:00,23,15.095785,14.747534
2014-07-20,2014-07-20 23:00:00,24,14.137931,13.927633
2014-07-21,2014-07-21 00:00:00,1,15.095785,15.983831
2014-07-21,2014-07-21 01:00:00,2,15.814177,16.107113
2014-07-21,2014-07-21 02:00:00,3,15.095785,13.141642
2014-07-21,2014-07-21 03:00:00,4,12.940613,13.289045
2014-07-21,2014-07-21 04:00:00,5,14.6168585,15.852398
2014-07-21,2014-07-21 05:00:00,6,15.335249,16.84356
2014-07-21,2014-07-21 06:00:00,7,9.109196,10.32892
2014-07-21,2014-07-21 07:00:00,8,10.545977,11.840441
2014-07-21,2014-07-21 08:00:00,9,16.05364,17.402977
2014-07-21,2014-07-21 09:00:00,10,20.368774,20.374031
2014-07-21,2014-07-21 10:00:00,11,21.566092,24.650259
2014-07-21,2014-07-21 11:00:00,12,21.326628,30.376114
2014-07-21,2014-07-21 12:00:00,13,21.087164,31.575169
2014-07-21,2014-07-21 13:00:00,14,19.64799,29.900246
2014-07-21,2014-07-21 14:00:00,15,21.326628,31.680935
2014-07-21,2014-07-21 15:00:00,16,17.011494,33.21877
2014-07-21,2014-07-21 16:00:00,17,21.803162,38.066967
2014-07-21,2014-07-21 17:00:00,18,36.18295,49.063072
2014-07-21,2014-07-21 18:00:00,19,28.515326,42.345467
2014-07-21,2014-07-21 19:00:00,20,26.360153,43.357883
2014-07-21,2014-07-21 20:00:00,21,43.85297,56.98604
2014-07-21,2014-07-21 21:00:00,22,96.81035,81.0997
2014-07-21,2014-07-21 22:00:00,23,92.97893,80.257996
2014-07-21,2014-07-21 23:00:00,24,89.38219,80.23335
2014-07-22,2014-07-22 00:00:00,1,85.78544,83.364716
2014-07-22,2014-07-22 01:00:00,2,47.207855,50.41948
2014-07-22,2014-07-22 02:00:00,3,14.856322,22.68607
2014-07-22,2014-07-22 03:00:00,4,14.6168585,18.944595
2014-07-22,2014-07-22 04:00:00,5,15.814177,19.8006
2014-07-22,2014-07-22 05:00:00,6,16.05364,19.50829
2014-07-22,2014-07-22 06:00:00,7,9.348659,13.175863
2014-07-22,2014-07-22 07:00:00,8,10.78544,13.438274
2014-07-22,2014-07-22 08:00:00,9,19.889847,15.954134
2014-07-22,2014-07-22 09:00:00,10,22.7682,19.68339
2014-07-22,2014-07-22 10:00:00,11,33.54885,23.0691
2014-07-22,2014-07-22 11:00:00,12,37.62452,28.05196
2014-07-22,2014-07-22 12:00:00,13,35.948277,30.466055
2014-07-22,2014-07-22 13:00:00,14,36.185345,29.359804
2014-07-22,2014-07-22 14:00:00,15,33.30699,29.46284
2014-07-22,2014-07-22 15:00:00,16,32.10728,29.645985
2014-07-22,2014-07-22 16:00:00,17,39.061302,35.48546
2014-07-22,2014-07-22 17:00:00,18,54.87548,46.299942
2014-07-22,2014-07-22 18:00:00,19,47.207855,40.21335
2014-07-22,2014-07-22 19:00:00,20,41.45594,43.027096
2014-07-22,2014-07-22 20:00:00,21,47.44971,63.622948
2014-07-22,2014-07-22 21:00:00,22,93.215996,82.12691
2014-07-22,2014-07-22 22:00:00,23,88.18487,85.117226
2014-07-22,2014-07-22 23:00:00,24,85.06705,83.65054
2014-07-23,2014-07-23 00:00:00,1,83.86973,83.417206
2014-07-23,2014-07-23 01:00:00,2,58.711685,62.52034
2014-07-23,2014-07-23 02:00:00,3,30.43343,19.44986
2014-07-23,2014-07-23 03:00:00,4,25.402298,17.942158
2014-07-23,2014-07-23 04:00:00,5,22.7682,19.522495
2014-07-23,2014-07-23 05:00:00,6,21.087164,19.247478
2014-07-23,2014-07-23 06:00:00,7,13.898467,13.347111
2014-07-23,2014-07-23 07:00:00,8,13.180077,13.864435
2014-07-23,2014-07-23 08:00:00,9,17.250957,18.562511
2014-07-23,2014-07-23 09:00:00,10,15.574713,22.142464
2014-07-23,2014-07-23 10:00:00,11,17.969349,27.320507
2014-07-23,2014-07-23 11:00:00,12,20.126915,34.133533
2014-07-23,2014-07-23 12:00:00,13,19.169062,32.840343
2014-07-23,2014-07-23 13:00:00,14,17.250957,29.719051
2014-07-23,2014-07-23 14:00:00,15,24.202587,29.103764
2014-07-23,2014-07-23 15:00:00,16,24.20498,29.673513
2014-07-23,2014-07-23 16:00:00,17,27.078545,36.880737
2014-07-23,2014-07-23 17:00:00,18,40.73755,50.97644
2014-07-23,2014-07-23 18:00:00,19,31.87021,41.88713
2014-07-23,2014-07-23 19:00:00,20,28.75479,42.87232
2014-07-23,2014-07-23 20:00:00,21,30.43343,57.961536
2014-07-23,2014-07-23 21:00:00,22,56.791187,86.81115
2014-07-23,2014-07-23 22:00:00,23,80.993774,87.17629
2014-07-23,2014-07-23 23:00:00,24,81.235634,88.42973
2014-07-24,2014-07-24 00:00:00,1,84.58812,80.48059
2014-07-24,2014-07-24 01:00:00,2,75.002396,58.73814
2014-07-24,2014-07-24 02:00:00,3,25.162836,21.382465
2014-07-24,2014-07-24 03:00:00,4,18.448277,18.235542
2014-07-24,2014-07-24 04:00:00,5,20.126915,19.344152
2014-07-24,2014-07-24 05:00:00,6,20.605843,19.159027
2014-07-24,2014-07-24 06:00:00,7,12.461686,12.482578
2014-07-24,2014-07-24 07:00:00,8,11.264368,13.120817
2014-07-24,2014-07-24 08:00:00,9,14.856322,17.979872
2014-07-24,2014-07-24 09:00:00,10,20.12931,20.101826
2014-07-24,2014-07-24 10:00:00,11,23.726053,24.706139
2014-07-24,2014-07-24 11:00:00,12,26.12069,29.318611
2014-07-24,2014-07-24 12:00:00,13,30.19157,28.970106
2014-07-24,2014-07-24 13:00:00,14,33.067528,26.971882
2014-07-24,2014-07-24 14:00:00,15,31.867817,28.189184
2014-07-24,2014-07-24 15:00:00,16,26.599617,28.094685
2014-07-24,2014-07-24 16:00:00,17,30.193966,33.82671
2014-07-24,2014-07-24 17:00:00,18,34.025383,48.281624
2014-07-24,2014-07-24 18:00:00,19,26.12069,41.426937
2014-07-24,2014-07-24 19:00:00,20,25.641762,40.154446
2014-07-24,2014-07-24 20:00:00,21,52.71791,50.823597
2014-07-24,2014-07-24 21:00:00,22,86.26676,82.29204
2014-07-24,2014-07-24 22:00:00,23,96.33142,84.733154
2014-07-24,2014-07-24 23:00:00,24,94.655174,82.23329
2014-07-25,2014-07-25 00:00:00,1,96.33142,86.20139
2014-07-25,2014-07-25 01:00:00,2,74.76533,47.64615
2014-07-25,2014-07-25 02:00:00,3,21.326628,22.946598
2014-07-25,2014-07-25 03:00:00,4,17.490421,19.140707
2014-07-25,2014-07-25 04:00:00,5,16.77203,19.137533
2014-07-25,2014-07-25 05:00:00,6,17.011494,18.792439
2014-07-25,2014-07-25 06:00:00,7,12.461686,11.823267
2014-07-25,2014-07-25 07:00:00,8,20.847702,12.384863
2014-07-25,2014-07-25 08:00:00,9,63.26389,16.765472
2014-07-25,2014-07-25 09:00:00,10,81.4751,19.320396
2014-07-25,2014-07-25 10:00:00,11,80.99617,22.934284
2014-07-25,2014-07-25 11:00:00,12,86.748085,28.298319
2014-07-25,2014-07-25 12:00:00,13,65.65852,27.896181
2014-07-25,2014-07-25 13:00:00,14,29.952106,25.860935
2014-07-25,2014-07-25 14:00:00,15,31.630747,26.384037
2014-07-25,2014-07-25 15:00:00,16,30.431034,24.692587
2014-07-25,2014-07-25 16:00:00,17,36.422413,28.620413
2014-07-25,2014-07-25 17:00:00,18,53.67816,38.78478
2014-07-25,2014-07-25 18:00:00,19,44.329502,32.947536
2014-07-25,2014-07-25 19:00:00,20,33.069923,36.351322
2014-07-25,2014-07-25 20:00:00,21,41.216476,43.208374
2014-07-25,2014-07-25 21:00:00,22,91.06082,76.60138
2014-07-25,2014-07-25 22:00:00,23,90.58429,77.04133
2014-07-25,2014-07-25 23:00:00,24,95.373566,69.60867
2014-07-26,2014-07-26 00:00:00,1,94.89464,91.14551
2014-07-26,2014-07-26 01:00:00,2,57.990902,65.39201
2014-07-26,2014-07-26 02:00:00,3,14.6168585,27.036388
2014-07-26,2014-07-26 03:00:00,4,13.180077,21.346275
2014-07-26,2014-07-26 04:00:00,5,14.6168585,20.733559
2014-07-26,2014-07-26 05:00:00,6,15.574713,19.300076
2014-07-26,2014-07-26 06:00:00,7,10.06705,13.581524
2014-07-26,2014-07-26 07:00:00,8,10.306514,12.617731
2014-07-26,2014-07-26 08:00:00,9,10.545977,14.835453
2014-07-26,2014-07-26 09:00:00,10,9.827586,13.697321
2014-07-26,2014-07-26 10:00:00,11,11.024904,13.555119
2014-07-26,2014-07-26 11:00:00,12,11.743295,13.553528
2014-07-26,2014-07-26 12:00:00,13,10.78544,12.746473
2014-07-26,2014-07-26 13:00:00,14,11.024904,12.566483
2014-07-26,2014-07-26 14:00:00,15,12.701149,12.76947
2014-07-26,2014-07-26 15:00:00,16,11.264368,11.754564
2014-07-26,2014-07-26 16:00:00,17,11.503832,12.530571
2014-07-26,2014-07-26 17:00:00,18,12.461686,14.425259
2014-07-26,2014-07-26 18:00:00,19,10.78544,11.967297
2014-07-26,2014-07-26 19:00:00,20,16.532568,11.9774
2014-07-26,2014-07-26 20:00:00,21,15.814177,12.080074
2014-07-26,2014-07-26 21:00:00,22,15.095785,14.764959
2014-07-26,2014-07-26 22:00:00,23,14.856322,15.036888
2014-07-26,2014-07-26 23:00:00,24,14.856322,13.370462
2014-07-27,2014-07-27 00:00:00,1,15.814177,15.342806
2014-07-27,2014-07-27 01:00:00,2,16.293104,15.125107
2014-07-27,2014-07-27 02:00:00,3,14.137931,13.381527
2014-07-27,2014-07-27 03:00:00,4,13.41954,12.584719
2014-07-27,2014-07-27 04:00:00,5,15.335249,13.4649315
2014-07-27,2014-07-27 05:00:00,6,16.05364,13.61664
2014-07-27,2014-07-27 06:00:00,7,10.545977,9.990612
2014-07-27,2014-07-27 07:00:00,8,11.264368,9.947094
2014-07-27,2014-07-27 08:00:00,9,11.024904,10.902931
2014-07-27,2014-07-27 09:00:00,10,9.827586,10.4860325
2014-07-27,2014-07-27 10:00:00,11,10.306514,10.715744
2014-07-27,2014-07-27 11:00:00,12,11.024904,11.24807
2014-07-27,2014-07-27 12:00:00,13,11.264368,11.133635
2014-07-27,2014-07-27 13:00:00,14,11.743295,11.051977
2014-07-27,2014-07-27 14:00:00,15,11.9827585,11.69726
2014-07-27,2014-07-27 15:00:00,16,11.264368,10.542385
2014-07-27,2014-07-27 16:00:00,17,11.9827585,11.678591
2014-07-27,2014-07-27 17:00:00,18,12.461686,12.809301
2014-07-27,2014-07-27 18:00:00,19,10.545977,10.828121
2014-07-27,2014-07-27 19:00:00,20,11.9827585,11.459307
2014-07-27,2014-07-27 20:00:00,21,11.264368,12.042627
2014-07-27,2014-07-27 21:00:00,22,15.095785,13.327383
2014-07-27,2014-07-27 22:00:00,23,14.856322,14.024054
2014-07-27,2014-07-27 23:00:00,24,14.377395,14.03322
2014-07-28,2014-07-28 00:00:00,1,16.532568,16.215458
2014-07-28,2014-07-28 01:00:00,2,16.05364,16.298965
2014-07-28,2014-07-28 02:00:00,3,14.6168585,12.7485485
2014-07-28,2014-07-28 03:00:00,4,12.701149,12.073788
2014-07-28,2014-07-28 04:00:00,5,14.856322,14.433092
2014-07-28,2014-07-28 05:00:00,6,16.293104,15.254858
2014-07-28,2014-07-28 06:00:00,7,10.06705,9.426262
2014-07-28,2014-07-28 07:00:00,8,18.213602,10.736116
2014-07-28,2014-07-28 08:00:00,9,72.12883,16.46836
2014-07-28,2014-07-28 09:00:00,10,83.151344,20.665148
2014-07-28,2014-07-28 10:00:00,11,85.787834,24.400772
2014-07-28,2014-07-28 11:00:00,12,74.2864,26.550343
2014-07-28,2014-07-28 12:00:00,13,29.47318,25.296295
2014-07-28,2014-07-28 13:00:00,14,29.233717,24.42595
2014-07-28,2014-07-28 14:00:00,15,28.75479,26.28206
2014-07-28,2014-07-28 15:00:00,16,30.19157,24.793312
2014-07-28,2014-07-28 16:00:00,17,31.87021,30.077246
2014-07-28,2014-07-28 17:00:00,18,46.96839,40.777386
2014-07-28,2014-07-28 18:00:00,19,38.103447,32.272106
2014-07-28,2014-07-28 19:00:00,20,34.267242,29.97894
2014-07-28,2014-07-28 20:00:00,21,57.27251,38.177868
2014-07-28,2014-07-28 21:00:00,22,98.24712,87.51982
2014-07-28,2014-07-28 22:00:00,23,97.049805,91.15087
2014-07-28,2014-07-28 23:00:00,24,102.804115,93.48274
2014-07-29,2014-07-29 00:00:00,1,101.123085,99.41822
2014-07-29,2014-07-29 01:00:00,2,99.92337,74.32336
2014-07-29,2014-07-29 02:00:00,3,22.042625,26.436195
2014-07-29,2014-07-29 03:00:00,4,18.208813,21.015177
2014-07-29,2014-07-29 04:00:00,5,19.166666,21.783463
2014-07-29,2014-07-29 05:00:00,6,19.166666,21.226513
2014-07-29,2014-07-29 06:00:00,7,13.898467,13.313692
2014-07-29,2014-07-29 07:00:00,8,13.41954,14.376987
2014-07-29,2014-07-29 08:00:00,9,26.118296,21.214672
2014-07-29,2014-07-29 09:00:00,10,38.103447,24.207016
2014-07-29,2014-07-29 10:00:00,11,38.582375,30.118742
2014-07-29,2014-07-29 11:00:00,12,42.416187,35.296635
2014-07-29,2014-07-29 12:00:00,13,44.329502,33.721184
2014-07-29,2014-07-29 13:00:00,14,41.695404,30.425703
2014-07-29,2014-07-29 14:00:00,15,42.653255,30.361162
2014-07-29,2014-07-29 15:00:00,16,40.73755,28.791231
2014-07-29,2014-07-29 16:00:00,17,38.103447,33.39403
2014-07-29,2014-07-29 17:00:00,18,46.726532,46.108925
2014-07-29,2014-07-29 18:00:00,19,35.70402,37.315613
2014-07-29,2014-07-29 19:00:00,20,60.38793,36.632385
2014-07-29,2014-07-29 20:00:00,21,86.74329,47.659096
2014-07-29,2014-07-29 21:00:00,22,90.82136,90.92317
2014-07-29,2014-07-29 22:00:00,23,88.421936,92.459915
2014-07-29,2014-07-29 23:00:00,24,90.81896,91.33725
2014-07-30,2014-07-30 00:00:00,1,95.85249,86.96418
2014-07-30,2014-07-30 01:00:00,2,75.002396,68.86235
2014-07-30,2014-07-30 02:00:00,3,17.729885,24.10961
2014-07-30,2014-07-30 03:00:00,4,16.05364,20.809988
2014-07-30,2014-07-30 04:00:00,5,18.448277,21.310753
2014-07-30,2014-07-30 05:00:00,6,17.490421,21.102385
2014-07-30,2014-07-30 06:00:00,7,12.701149,13.327072
2014-07-30,2014-07-30 07:00:00,8,12.940613,14.013386
2014-07-30,2014-07-30 08:00:00,9,34.509098,21.269035
2014-07-30,2014-07-30 09:00:00,10,37.62452,29.296236
2014-07-30,2014-07-30 10:00:00,11,40.73755,34.416283
2014-07-30,2014-07-30 11:00:00,12,28.038794,38.10552
2014-07-30,2014-07-30 12:00:00,13,28.996647,36.55131
2014-07-30,2014-07-30 13:00:00,14,26.83908,33.64675
2014-07-30,2014-07-30 14:00:00,15,22.765804,33.967823
2014-07-30,2014-07-30 15:00:00,16,35.225098,31.606358
2014-07-30,2014-07-30 16:00:00,17,46.48707,34.496983
2014-07-30,2014-07-30 17:00:00,18,53.199234,46.11072
2014-07-30,2014-07-30 18:00:00,19,44.568966,38.3737
2014-07-30,2014-07-30 19:00:00,20,47.92385,38.712395
2014-07-30,2014-07-30 20:00:00,21,79.55939,50.13633
2014-07-30,2014-07-30 21:00:00,22,100.88362,90.214066
2014-07-30,2014-07-30 22:00:00,23,101.12548,92.746506
2014-07-30,2014-07-30 23:00:00,24,102.083336,93.33099
2014-07-31,2014-07-31 00:00:00,1,100.162834,97.864845
2014-07-31,2014-07-31 01:00:00,2,97.28927,78.730576
2014-07-31,2014-07-31 02:00:00,3,19.887451,20.281483
2014-07-31,2014-07-31 03:00:00,4,17.490421,18.05112
2014-07-31,2014-07-31 04:00:00,5,18.448277,19.14133
2014-07-31,2014-07-31 05:00:00,6,19.40613,18.864283
2014-07-31,2014-07-31 06:00:00,7,13.180077,13.099789
2014-07-31,2014-07-31 07:00:00,8,14.137931,14.48707
2014-07-31,2014-07-31 08:00:00,9,37.1432,26.250385
2014-07-31,2014-07-31 09:00:00,10,48.163315,31.327381
2014-07-31,2014-07-31 10:00:00,11,47.207855,36.372272
2014-07-31,2014-07-31 11:00:00,12,45.287357,37.12646
2014-07-31,2014-07-31 12:00:00,13,44.80843,34.964058
2014-07-31,2014-07-31 13:00:00,14,48.642242,31.755116
2014-07-31,2014-07-31 14:00:00,15,74.2864,32.492214
2014-07-31,2014-07-31 15:00:00,16,76.92289,34.423805
2014-07-31,2014-07-31 16:00:00,17,83.39081,38.701984
2014-07-31,2014-07-31 17:00:00,18,92.5,47.949657
2014-07-31,2014-07-31 18:00:00,19,78.11781,39.901
2014-07-31,2014-07-31 19:00:00,20,104.95929,40.769604
2014-07-31,2014-07-31 20:00:00,21,112.86398,59.973866
2014-07-31,2014-07-31 21:00:00,22,109.5115,98.56717
2014-07-31,2014-07-31 22:00:00,23,106.877396,99.56877
2014-07-31,2014-07-31 23:00:00,24,100.64416,97.054214
2014-08-01,2014-08-01 00:00:00,1,101.60441,102.01199
2014-08-01,2014-08-01 01:00:00,2,56.070404,95.05244
2014-08-01,2014-08-01 02:00:00,3,25.881226,20.644962
2014-08-01,2014-08-01 03:00:00,4,21.08956,18.472385
2014-08-01,2014-08-01 04:00:00,5,20.605843,19.853567
2014-08-01,2014-08-01 05:00:00,6,18.208813,19.932093
2014-08-01,2014-08-01 06:00:00,7,13.180077,12.863131
2014-08-01,2014-08-01 07:00:00,8,33.069923,15.226679
2014-08-01,2014-08-01 08:00:00,9,81.71456,43.23144
2014-08-01,2014-08-01 09:00:00,10,83.86973,53.497467
2014-08-01,2014-08-01 10:00:00,11,85.78544,49.64669
2014-08-01,2014-08-01 11:00:00,12,86.264366,50.42752
2014-08-01,2014-08-01 12:00:00,13,87.22222,45.378716
2014-08-01,2014-08-01 13:00:00,14,43.613506,37.524097
2014-08-01,2014-08-01 14:00:00,15,33.788315,41.572273
2014-08-01,2014-08-01 15:00:00,16,36.666668,41.705322
2014-08-01,2014-08-01 16:00:00,17,43.85297,46.98033
2014-08-01,2014-08-01 17:00:00,18,57.270115,61.56891
2014-08-01,2014-08-01 18:00:00,19,49.363026,49.306503
2014-08-01,2014-08-01 19:00:00,20,63.503353,48.93247
2014-08-01,2014-08-01 20:00:00,21,99.6887,74.68463
2014-08-01,2014-08-01 21:00:00,22,107.35632,101.402176
2014-08-01,2014-08-01 22:00:00,23,103.28304,101.43687
2014-08-01,2014-08-01 23:00:00,24,99.92337,100.14374
2014-08-02,2014-08-02 00:00:00,1,99.20498,99.5852
2014-08-02,2014-08-02 01:00:00,2,78.8386,73.10628
2014-08-02,2014-08-02 02:00:00,3,24.920977,16.829933
2014-08-02,2014-08-02 03:00:00,4,14.856322,15.999002
2014-08-02,2014-08-02 04:00:00,5,16.532568,16.754086
2014-08-02,2014-08-02 05:00:00,6,16.05364,14.8904915
2014-08-02,2014-08-02 06:00:00,7,11.264368,11.711985
2014-08-02,2014-08-02 07:00:00,8,11.9827585,12.301792
2014-08-02,2014-08-02 08:00:00,9,11.503832,14.213192
2014-08-02,2014-08-02 09:00:00,10,10.545977,13.825912
2014-08-02,2014-08-02 10:00:00,11,12.222222,13.041607
2014-08-02,2014-08-02 11:00:00,12,13.180077,12.785738
2014-08-02,2014-08-02 12:00:00,13,12.222222,12.924347
2014-08-02,2014-08-02 13:00:00,14,12.222222,12.700115
2014-08-02,2014-08-02 14:00:00,15,13.659004,12.281033
2014-08-02,2014-08-02 15:00:00,16,11.9827585,12.557129
2014-08-02,2014-08-02 16:00:00,17,12.701149,13.339458
2014-08-02,2014-08-02 17:00:00,18,13.898467,13.539034
2014-08-02,2014-08-02 18:00:00,19,11.743295,12.774212
2014-08-02,2014-08-02 19:00:00,20,12.461686,13.72547
2014-08-02,2014-08-02 20:00:00,21,11.9827585,15.064873
2014-08-02,2014-08-02 21:00:00,22,16.05364,16.579445
2014-08-02,2014-08-02 22:00:00,23,16.77203,15.662933
2014-08-02,2014-08-02 23:00:00,24,15.095785,15.557802
2014-08-03,2014-08-03 00:00:00,1,16.293104,15.665155
2014-08-03,2014-08-03 01:00:00,2,17.250957,16.104925
2014-08-03,2014-08-03 02:00:00,3,15.574713,13.193308
2014-08-03,2014-08-03 03:00:00,4,14.6168585,12.871395
2014-08-03,2014-08-03 04:00:00,5,16.293104,14.309828
2014-08-03,2014-08-03 05:00:00,6,17.011494,14.323154
2014-08-03,2014-08-03 06:00:00,7,13.180077,11.495277
2014-08-03,2014-08-03 07:00:00,8,11.264368,11.719902
2014-08-03,2014-08-03 08:00:00,9,12.222222,12.10144
2014-08-03,2014-08-03 09:00:00,10,11.743295,12.170492
2014-08-03,2014-08-03 10:00:00,11,12.222222,12.559578
2014-08-03,2014-08-03 11:00:00,12,12.701149,12.726631
2014-08-03,2014-08-03 12:00:00,13,12.222222,12.514591
2014-08-03,2014-08-03 13:00:00,14,12.461686,13.095865
2014-08-03,2014-08-03 14:00:00,15,13.180077,12.986734
2014-08-03,2014-08-03 15:00:00,16,12.701149,12.7795105
2014-08-03,2014-08-03 16:00:00,17,12.940613,13.494131
2014-08-03,2014-08-03 17:00:00,18,13.898467,14.6167145
2014-08-03,2014-08-03 18:00:00,19,11.9827585,12.690645
2014-08-03,2014-08-03 19:00:00,20,12.222222,13.135834
2014-08-03,2014-08-03 20:00:00,21,11.743295,13.549025
2014-08-03,2014-08-03 21:00:00,22,16.05364,15.487644
2014-08-03,2014-08-03 22:00:00,23,15.335249,15.32299
2014-08-03,2014-08-03 23:00:00,24,14.6168585,15.173391
2014-08-04,2014-08-04 00:00:00,1,16.05364,16.299898
2014-08-04,2014-08-04 01:00:00,2,16.532568,16.327652
2014-08-04,2014-08-04 02:00:00,3,14.137931,12.863499
2014-08-04,2014-08-04 03:00:00,4,13.180077,12.791441
2014-08-04,2014-08-04 04:00:00,5,15.574713,14.620241
2014-08-04,2014-08-04 05:00:00,6,16.05364,17.083338
2014-08-04,2014-08-04 06:00:00,7,10.78544,13.157803
2014-08-04,2014-08-04 07:00:00,8,11.024904,17.870502
2014-08-04,2014-08-04 08:00:00,9,14.6168585,60.67805
2014-08-04,2014-08-04 09:00:00,10,12.701149,69.54748
2014-08-04,2014-08-04 10:00:00,11,15.095785,63.945152
2014-08-04,2014-08-04 11:00:00,12,20.366379,61.7517
2014-08-04,2014-08-04 12:00:00,13,30.431034,44.041245
2014-08-04,2014-08-04 13:00:00,14,31.149426,38.360912
2014-08-04,2014-08-04 14:00:00,15,31.628353,37.851925
2014-08-04,2014-08-04 15:00:00,16,28.036398,38.17084
2014-08-04,2014-08-04 16:00:00,17,31.15182,41.82296
2014-08-04,2014-08-04 17:00:00,18,47.20546,54.117752
2014-08-04,2014-08-04 18:00:00,19,41.45594,42.15503
2014-08-04,2014-08-04 19:00:00,20,36.185345,42.94491
2014-08-04,2014-08-04 20:00:00,21,58.467434,75.255356
2014-08-04,2014-08-04 21:00:00,22,97.049805,102.3877
2014-08-04,2014-08-04 22:00:00,23,93.457855,103.38785
2014-08-04,2014-08-04 23:00:00,24,99.20498,102.18354
2014-08-05,2014-08-05 00:00:00,1,101.60201,101.23639
2014-08-05,2014-08-05 01:00:00,2,90.34004,86.69124
2014-08-05,2014-08-05 02:00:00,3,20.12931,25.262424
2014-08-05,2014-08-05 03:00:00,4,19.166666,18.414133
2014-08-05,2014-08-05 04:00:00,5,20.608238,19.846432
2014-08-05,2014-08-05 05:00:00,6,20.368774,20.083162
2014-08-05,2014-08-05 06:00:00,7,14.137931,12.45738
2014-08-05,2014-08-05 07:00:00,8,13.659004,13.454056
2014-08-05,2014-08-05 08:00:00,9,25.639368,26.071226
2014-08-05,2014-08-05 09:00:00,10,51.76245,31.460781
2014-08-05,2014-08-05 10:00:00,11,53.917625,35.261265
2014-08-05,2014-08-05 11:00:00,12,61.34818,35.839123
2014-08-05,2014-08-05 12:00:00,13,59.185825,37.042038
2014-08-05,2014-08-05 13:00:00,14,56.551723,34.06437
2014-08-05,2014-08-05 14:00:00,15,56.072796,34.63146
2014-08-05,2014-08-05 15:00:00,16,53.67816,35.02913
2014-08-05,2014-08-05 16:00:00,17,52.720306,40.028725
2014-08-05,2014-08-05 17:00:00,18,75.96265,50.888046
2014-08-05,2014-08-05 18:00:00,19,66.37931,41.156567
2014-08-05,2014-08-05 19:00:00,20,67.09531,44.352264
2014-08-05,2014-08-05 20:00:00,21,89.62404,75.54703
2014-08-05,2014-08-05 21:00:00,22,101.84387,97.27909
2014-08-05,2014-08-05 22:00:00,23,100.16523,98.012695
2014-08-05,2014-08-05 23:00:00,24,96.09196,99.03331
2014-08-06,2014-08-06 00:00:00,1,94.89464,96.44793
2014-08-06,2014-08-06 01:00:00,2,83.87452,86.13879
2014-08-06,2014-08-06 02:00:00,3,17.969349,19.206789
2014-08-06,2014-08-06 03:00:00,4,15.814177,17.503897
2014-08-06,2014-08-06 04:00:00,5,16.05364,19.229696
2014-08-06,2014-08-06 05:00:00,6,16.77203,20.601889
2014-08-06,2014-08-06 06:00:00,7,11.503832,14.205677
2014-08-06,2014-08-06 07:00:00,8,11.743295,16.529055
2014-08-06,2014-08-06 08:00:00,9,20.850096,38.602715
2014-08-06,2014-08-06 09:00:00,10,18.929598,49.98568
2014-08-06,2014-08-06 10:00:00,11,17.011494,51.962337
2014-08-06,2014-08-06 11:00:00,12,18.448277,51.756435
2014-08-06,2014-08-06 12:00:00,13,20.608238,51.12854
2014-08-06,2014-08-06 13:00:00,14,19.408525,46.003094
2014-08-06,2014-08-06 14:00:00,15,18.211206,46.953094
2014-08-06,2014-08-06 15:00:00,16,18.208813,47.536663
2014-08-06,2014-08-06 16:00:00,17,23.484196,52.6873
2014-08-06,2014-08-06 17:00:00,18,48.644634,68.49671
2014-08-06,2014-08-06 18:00:00,19,39.300766,55.1401
2014-08-06,2014-08-06 19:00:00,20,55.11494,60.305286
2014-08-06,2014-08-06 20:00:00,21,80.99617,92.32445
2014-08-06,2014-08-06 21:00:00,22,82.19349,103.37001
2014-08-06,2014-08-06 22:00:00,23,78.840996,102.35919
2014-08-06,2014-08-06 23:00:00,24,98.48659,101.34386
2014-08-07,2014-08-07 00:00:00,1,99.68391,100.499275
2014-08-07,2014-08-07 01:00:00,2,96.56849,90.99931
2014-08-07,2014-08-07 02:00:00,3,20.12931,18.725298
2014-08-07,2014-08-07 03:00:00,4,19.40613,16.342999
2014-08-07,2014-08-07 04:00:00,5,19.64799,17.944815
2014-08-07,2014-08-07 05:00:00,6,18.208813,17.678808
2014-08-07,2014-08-07 06:00:00,7,14.6168585,13.131041
2014-08-07,2014-08-07 07:00:00,8,12.222222,14.441681
2014-08-07,2014-08-07 08:00:00,9,17.250957,31.368279
2014-08-07,2014-08-07 09:00:00,10,27.555077,39.82252
2014-08-07,2014-08-07 10:00:00,11,31.630747,42.07313
2014-08-07,2014-08-07 11:00:00,12,34.506706,41.592037
2014-08-07,2014-08-07 12:00:00,13,30.670498,43.01764
2014-08-07,2014-08-07 13:00:00,14,26.599617,38.463814
2014-08-07,2014-08-07 14:00:00,15,23.007664,39.035637
2014-08-07,2014-08-07 15:00:00,16,22.286877,39.3555
2014-08-07,2014-08-07 16:00:00,17,33.788315,45.382923
2014-08-07,2014-08-07 17:00:00,18,34.985634,60.452847
2014-08-07,2014-08-07 18:00:00,19,31.38889,51.84536
2014-08-07,2014-08-07 19:00:00,20,61.82232,55.968086
2014-08-07,2014-08-07 20:00:00,21,92.255745,87.776505
2014-08-07,2014-08-07 21:00:00,22,106.877396,97.300415
2014-08-07,2014-08-07 22:00:00,23,99.44684,94.85991
2014-08-07,2014-08-07 23:00:00,24,98.24712,96.176025
2014-08-08,2014-08-08 00:00:00,1,95.1341,99.11699
2014-08-08,2014-08-08 01:00:00,2,95.1341,82.54024
2014-08-08,2014-08-08 02:00:00,3,63.979885,21.12298
2014-08-08,2014-08-08 03:00:00,4,17.969349,18.213161
2014-08-08,2014-08-08 04:00:00,5,18.448277,19.275036
2014-08-08,2014-08-08 05:00:00,6,19.64799,18.305742
2014-08-08,2014-08-08 06:00:00,7,13.659004,14.156357
2014-08-08,2014-08-08 07:00:00,8,14.377395,15.891218
2014-08-08,2014-08-08 08:00:00,9,19.169062,26.515713
2014-08-08,2014-08-08 09:00:00,10,18.690134,30.035055
2014-08-08,2014-08-08 10:00:00,11,22.047413,31.23264
2014-08-08,2014-08-08 11:00:00,12,29.233717,34.585293
2014-08-08,2014-08-08 12:00:00,13,29.712645,34.249477
2014-08-08,2014-08-08 13:00:00,14,28.75479,28.549534
2014-08-08,2014-08-08 14:00:00,15,34.267242,27.45457
2014-08-08,2014-08-08 15:00:00,16,37.145596,27.862045
2014-08-08,2014-08-08 16:00:00,17,41.93726,35.68018
2014-08-08,2014-08-08 17:00:00,18,50.565136,49.87578
2014-08-08,2014-08-08 18:00:00,19,44.092434,38.032436
2014-08-08,2014-08-08 19:00:00,20,60.629787,51.868652
2014-08-08,2014-08-08 20:00:00,21,83.63027,86.70155
2014-08-08,2014-08-08 21:00:00,22,87.46408,97.20593
2014-08-08,2014-08-08 22:00:00,23,87.46408,94.10309
2014-08-08,2014-08-08 23:00:00,24,81.954025,94.8355
2014-08-09,2014-08-09 00:00:00,1,80.99617,84.510345
2014-08-09,2014-08-09 01:00:00,2,73.56801,74.85448
2014-08-09,2014-08-09 02:00:00,3,18.211206,20.15584
2014-08-09,2014-08-09 03:00:00,4,16.293104,14.704754
2014-08-09,2014-08-09 04:00:00,5,16.532568,16.239777
2014-08-09,2014-08-09 05:00:00,6,16.77203,15.0105095
2014-08-09,2014-08-09 06:00:00,7,12.222222,12.622854
2014-08-09,2014-08-09 07:00:00,8,11.9827585,12.690512
2014-08-09,2014-08-09 08:00:00,9,11.9827585,13.414156
2014-08-09,2014-08-09 09:00:00,10,10.545977,13.709356
2014-08-09,2014-08-09 10:00:00,11,11.264368,13.71487
2014-08-09,2014-08-09 11:00:00,12,12.461686,13.8389225
2014-08-09,2014-08-09 12:00:00,13,10.545977,14.062225
2014-08-09,2014-08-09 13:00:00,14,11.743295,14.342186
2014-08-09,2014-08-09 14:00:00,15,12.222222,13.727394
2014-08-09,2014-08-09 15:00:00,16,10.78544,13.646709
2014-08-09,2014-08-09 16:00:00,17,11.9827585,14.040571
2014-08-09,2014-08-09 17:00:00,18,13.659004,14.595385
2014-08-09,2014-08-09 18:00:00,19,11.503832,13.888338
2014-08-09,2014-08-09 19:00:00,20,13.659004,14.107658
2014-08-09,2014-08-09 20:00:00,21,14.137931,14.637705
2014-08-09,2014-08-09 21:00:00,22,17.729885,15.772703
2014-08-09,2014-08-09 22:00:00,23,16.05364,15.679752
2014-08-09,2014-08-09 23:00:00,24,14.6168585,15.238743
2014-08-10,2014-08-10 00:00:00,1,15.335249,15.816849
2014-08-10,2014-08-10 01:00:00,2,17.729885,16.64491
2014-08-10,2014-08-10 02:00:00,3,15.095785,13.162682
2014-08-10,2014-08-10 03:00:00,4,13.659004,12.50337
2014-08-10,2014-08-10 04:00:00,5,16.293104,14.375891
2014-08-10,2014-08-10 05:00:00,6,16.532568,14.494097
2014-08-10,2014-08-10 06:00:00,7,12.222222,11.502308
2014-08-10,2014-08-10 07:00:00,8,10.78544,11.457178
2014-08-10,2014-08-10 08:00:00,9,12.222222,11.996431
2014-08-10,2014-08-10 09:00:00,10,11.264368,11.912085
2014-08-10,2014-08-10 10:00:00,11,10.545977,12.016811
2014-08-10,2014-08-10 11:00:00,12,12.461686,12.539694
2014-08-10,2014-08-10 12:00:00,13,10.545977,12.687222
2014-08-10,2014-08-10 13:00:00,14,11.503832,13.566654
2014-08-10,2014-08-10 14:00:00,15,12.461686,12.89942
2014-08-10,2014-08-10 15:00:00,16,11.024904,12.510853
2014-08-10,2014-08-10 16:00:00,17,11.503832,13.039148
2014-08-10,2014-08-10 17:00:00,18,12.222222,14.195286
2014-08-10,2014-08-10 18:00:00,19,11.743295,12.195068
2014-08-10,2014-08-10 19:00:00,20,12.222222,12.711292
2014-08-10,2014-08-10 20:00:00,21,10.06705,13.391506
2014-08-10,2014-08-10 21:00:00,22,16.532568,15.2536545
2014-08-10,2014-08-10 22:00:00,23,15.814177,14.507715
2014-08-10,2014-08-10 23:00:00,24,13.659004,14.152353
2014-08-11,2014-08-11 00:00:00,1,16.293104,15.228828
2014-08-11,2014-08-11 01:00:00,2,17.011494,16.680758
2014-08-11,2014-08-11 02:00:00,3,16.532568,13.028809
2014-08-11,2014-08-11 03:00:00,4,14.856322,13.218416
2014-08-11,2014-08-11 04:00:00,5,16.532568,15.582092
2014-08-11,2014-08-11 05:00:00,6,17.250957,17.692745
2014-08-11,2014-08-11 06:00:00,7,13.41954,11.075413
2014-08-11,2014-08-11 07:00:00,8,15.09818,11.427723
2014-08-11,2014-08-11 08:00:00,9,45.529213,16.577406
2014-08-11,2014-08-11 09:00:00,10,59.904213,18.639715
2014-08-11,2014-08-11 10:00:00,11,65.179596,22.985935
2014-08-11,2014-08-11 11:00:00,12,59.66475,28.701614
2014-08-11,2014-08-11 12:00:00,13,41.458332,27.55489
2014-08-11,2014-08-11 13:00:00,14,30.19157,29.362333
2014-08-11,2014-08-11 14:00:00,15,26.12069,32.051067
2014-08-11,2014-08-11 15:00:00,16,27.078545,33.33889
2014-08-11,2014-08-11 16:00:00,17,28.515326,37.94492
2014-08-11,2014-08-11 17:00:00,18,41.697796,53.32004
2014-08-11,2014-08-11 18:00:00,19,35.706417,44.60894
2014-08-11,2014-08-11 19:00:00,20,38.819443,53.659866
2014-08-11,2014-08-11 20:00:00,21,89.62404,84.09158
2014-08-11,2014-08-11 21:00:00,22,109.75096,99.73164
2014-08-11,2014-08-11 22:00:00,23,98.24952,95.329346
2014-08-11,2014-08-11 23:00:00,24,96.33142,92.08482
2014-08-12,2014-08-12 00:00:00,1,90.5795,97.60861
2014-08-12,2014-08-12 01:00:00,2,23.965517,90.50464
2014-08-12,2014-08-12 02:00:00,3,21.566092,25.528065
2014-08-12,2014-08-12 03:00:00,4,19.166666,18.833967
2014-08-12,2014-08-12 04:00:00,5,20.847702,20.339977
2014-08-12,2014-08-12 05:00:00,6,21.326628,19.838593
2014-08-12,2014-08-12 06:00:00,7,14.137931,14.276695
2014-08-12,2014-08-12 07:00:00,8,12.940613,14.939785
2014-08-12,2014-08-12 08:00:00,9,14.377395,24.287016
2014-08-12,2014-08-12 09:00:00,10,21.807951,29.439571
2014-08-12,2014-08-12 10:00:00,11,24.683908,32.84345
2014-08-12,2014-08-12 11:00:00,12,24.20498,36.927902
2014-08-12,2014-08-12 12:00:00,13,31.15182,34.894615
2014-08-12,2014-08-12 13:00:00,14,36.664272,31.85263
2014-08-12,2014-08-12 14:00:00,15,38.103447,31.818455
2014-08-12,2014-08-12 15:00:00,16,37.145596,31.355442
2014-08-12,2014-08-12 16:00:00,17,41.934864,39.368736
2014-08-12,2014-08-12 17:00:00,18,44.57136,56.020264
2014-08-12,2014-08-12 18:00:00,19,38.103447,45.917347
2014-08-12,2014-08-12 19:00:00,20,37.382664,59.84092
2014-08-12,2014-08-12 20:00:00,21,84.11159,89.849106
2014-08-12,2014-08-12 21:00:00,22,97.28927,100.43248
2014-08-12,2014-08-12 22:00:00,23,94.655174,96.62284
2014-08-12,2014-08-12 23:00:00,24,98.24712,95.30237
2014-08-13,2014-08-13 00:00:00,1,97.28927,95.32204
2014-08-13,2014-08-13 01:00:00,2,89.85872,86.17245
2014-08-13,2014-08-13 02:00:00,3,27.078545,23.083591
2014-08-13,2014-08-13 03:00:00,4,24.923372,18.883755
2014-08-13,2014-08-13 04:00:00,5,25.162836,20.835676
2014-08-13,2014-08-13 05:00:00,6,21.807951,19.53218
2014-08-13,2014-08-13 06:00:00,7,15.814177,14.417433
2014-08-13,2014-08-13 07:00:00,8,16.05364,14.199968
2014-08-13,2014-08-13 08:00:00,9,16.293104,20.665783
2014-08-13,2014-08-13 09:00:00,10,18.448277,26.514982
2014-08-13,2014-08-13 10:00:00,11,21.329023,29.244629
2014-08-13,2014-08-13 11:00:00,12,24.444445,31.297388
2014-08-13,2014-08-13 12:00:00,13,26.360153,31.860464
2014-08-13,2014-08-13 13:00:00,14,26.836685,30.396545
2014-08-13,2014-08-13 14:00:00,15,23.005268,30.752514
2014-08-13,2014-08-13 15:00:00,16,21.08956,31.272985
2014-08-13,2014-08-13 16:00:00,17,28.996647,39.004776
2014-08-13,2014-08-13 17:00:00,18,49.604885,50.61889
2014-08-13,2014-08-13 18:00:00,19,42.174328,43.259903
2014-08-13,2014-08-13 19:00:00,20,42.174328,53.15865
2014-08-13,2014-08-13 20:00:00,21,47.207855,89.43296
2014-08-13,2014-08-13 21:00:00,22,37.62452,99.44109
2014-08-13,2014-08-13 22:00:00,23,30.431034,95.814255
2014-08-13,2014-08-13 23:00:00,24,25.402298,96.00008
2014-08-14,2014-08-14 00:00:00,1,23.726053,26.899162
2014-08-14,2014-08-14 01:00:00,2,20.605843,25.356121
2014-08-14,2014-08-14 02:00:00,3,16.77203,16.112606
2014-08-14,2014-08-14 03:00:00,4,16.05364,14.97154
2014-08-14,2014-08-14 04:00:00,5,17.490421,18.063667
2014-08-14,2014-08-14 05:00:00,6,15.574713,19.24743
2014-08-14,2014-08-14 06:00:00,7,11.264368,15.181772
2014-08-14,2014-08-14 07:00:00,8,12.222222,15.298592
2014-08-14,2014-08-14 08:00:00,9,13.898467,19.994198
2014-08-14,2014-08-14 09:00:00,10,13.898467,22.967644
2014-08-14,2014-08-14 10:00:00,11,17.250957,24.528173
2014-08-14,2014-08-14 11:00:00,12,18.45067,28.24232
2014-08-14,2014-08-14 12:00:00,13,23.965517,29.08281
2014-08-14,2014-08-14 13:00:00,14,22.047413,28.235256
2014-08-14,2014-08-14 14:00:00,15,21.326628,26.826223
2014-08-14,2014-08-14 15:00:00,16,18.211206,27.144035
2014-08-14,2014-08-14 16:00:00,17,22.047413,32.078644
2014-08-14,2014-08-14 17:00:00,18,25.162836,41.25179
2014-08-14,2014-08-14 18:00:00,19,21.329023,36.038593
2014-08-14,2014-08-14 19:00:00,20,20.368774,37.755623
2014-08-14,2014-08-14 20:00:00,21,13.898467,64.3121
2014-08-14,2014-08-14 21:00:00,22,18.68774,77.468796
2014-08-14,2014-08-14 22:00:00,23,15.335249,76.89451
2014-08-14,2014-08-14 23:00:00,24,15.574713,69.08615
2014-08-15,2014-08-15 00:00:00,1,17.011494,16.138876
2014-08-15,2014-08-15 01:00:00,2,16.05364,15.878962
2014-08-15,2014-08-15 02:00:00,3,14.377395,12.486486
2014-08-15,2014-08-15 03:00:00,4,14.137931,12.091745
2014-08-15,2014-08-15 04:00:00,5,15.814177,14.097109
2014-08-15,2014-08-15 05:00:00,6,16.05364,14.010359
2014-08-15,2014-08-15 06:00:00,7,11.024904,10.884266
2014-08-15,2014-08-15 07:00:00,8,11.264368,10.545502
2014-08-15,2014-08-15 08:00:00,9,19.171455,14.247166
2014-08-15,2014-08-15 09:00:00,10,20.366379,17.710617
2014-08-15,2014-08-15 10:00:00,11,22.52634,19.638025
2014-08-15,2014-08-15 11:00:00,12,24.923372,23.3056
2014-08-15,2014-08-15 12:00:00,13,28.036398,25.27333
2014-08-15,2014-08-15 13:00:00,14,30.909962,25.062359
2014-08-15,2014-08-15 14:00:00,15,30.909962,21.474361
2014-08-15,2014-08-15 15:00:00,16,34.025383,20.18643
2014-08-15,2014-08-15 16:00:00,17,39.300766,22.56834
2014-08-15,2014-08-15 17:00:00,18,44.80843,26.750877
2014-08-15,2014-08-15 18:00:00,19,38.82184,21.523308
2014-08-15,2014-08-15 19:00:00,20,34.02778,20.345787
2014-08-15,2014-08-15 20:00:00,21,30.670498,20.562391
2014-08-15,2014-08-15 21:00:00,22,36.18774,21.383171
2014-08-15,2014-08-15 22:00:00,23,29.233717,17.917004
2014-08-15,2014-08-15 23:00:00,24,27.796934,15.53981
2014-08-16,2014-08-16 00:00:00,1,28.515326,27.559086
2014-08-16,2014-08-16 01:00:00,2,25.162836,24.454437
2014-08-16,2014-08-16 02:00:00,3,22.289272,18.479166
2014-08-16,2014-08-16 03:00:00,4,23.965517,16.952415
2014-08-16,2014-08-16 04:00:00,5,24.683908,17.748867
2014-08-16,2014-08-16 05:00:00,6,24.444445,17.10049
2014-08-16,2014-08-16 06:00:00,7,19.887451,12.861778
2014-08-16,2014-08-16 07:00:00,8,20.366379,12.530178
2014-08-16,2014-08-16 08:00:00,9,19.40613,13.826794
2014-08-16,2014-08-16 09:00:00,10,18.208813,13.7434635
2014-08-16,2014-08-16 10:00:00,11,21.087164,14.050146
2014-08-16,2014-08-16 11:00:00,12,22.528736,14.563114
2014-08-16,2014-08-16 12:00:00,13,21.329023,14.389742
2014-08-16,2014-08-16 13:00:00,14,22.7682,14.749903
2014-08-16,2014-08-16 14:00:00,15,22.286877,13.983654
2014-08-16,2014-08-16 15:00:00,16,20.126915,13.108398
2014-08-16,2014-08-16 16:00:00,17,23.007664,14.351316
2014-08-16,2014-08-16 17:00:00,18,21.810345,15.64138
2014-08-16,2014-08-16 18:00:00,19,20.845306,13.947382
2014-08-16,2014-08-16 19:00:00,20,23.726053,13.752699
2014-08-16,2014-08-16 20:00:00,21,21.807951,14.4359
2014-08-16,2014-08-16 21:00:00,22,27.55747,16.601067
2014-08-16,2014-08-16 22:00:00,23,23.965517,15.651209
2014-08-16,2014-08-16 23:00:00,24,24.923372,14.283291
2014-08-17,2014-08-17 00:00:00,1,26.599617,25.789934
2014-08-17,2014-08-17 01:00:00,2,26.599617,25.52193
2014-08-17,2014-08-17 02:00:00,3,24.20498,23.020382
2014-08-17,2014-08-17 03:00:00,4,24.683908,22.600208
2014-08-17,2014-08-17 04:00:00,5,26.599617,23.757404
2014-08-17,2014-08-17 05:00:00,6,26.83908,23.656542
2014-08-17,2014-08-17 06:00:00,7,21.568487,19.929459
2014-08-17,2014-08-17 07:00:00,8,21.08956,19.980366
2014-08-17,2014-08-17 08:00:00,9,21.329023,20.92081
2014-08-17,2014-08-17 09:00:00,10,19.40613,20.69872
2014-08-17,2014-08-17 10:00:00,11,22.049809,20.980858
2014-08-17,2014-08-17 11:00:00,12,21.568487,21.938992
2014-08-17,2014-08-17 12:00:00,13,20.847702,21.760418
2014-08-17,2014-08-17 13:00:00,14,22.049809,22.282764
2014-08-17,2014-08-17 14:00:00,15,21.810345,21.12017
2014-08-17,2014-08-17 15:00:00,16,20.366379,20.451208
2014-08-17,2014-08-17 16:00:00,17,22.289272,21.655218
2014-08-17,2014-08-17 17:00:00,18,22.286877,22.8712
2014-08-17,2014-08-17 18:00:00,19,20.126915,20.862186
2014-08-17,2014-08-17 19:00:00,20,22.52634,21.70122
2014-08-17,2014-08-17 20:00:00,21,22.04502,22.372011
2014-08-17,2014-08-17 21:00:00,22,26.599617,25.875866
2014-08-17,2014-08-17 22:00:00,23,24.444445,24.023708
2014-08-17,2014-08-17 23:00:00,24,25.162836,24.116962
2014-08-18,2014-08-18 00:00:00,1,26.360153,26.546858
2014-08-18,2014-08-18 01:00:00,2,26.83908,27.136345
2014-08-18,2014-08-18 02:00:00,3,24.683908,24.649033
2014-08-18,2014-08-18 03:00:00,4,24.444445,25.042816
2014-08-18,2014-08-18 04:00:00,5,28.515326,27.40104
2014-08-18,2014-08-18 05:00:00,6,26.360153,27.519867
2014-08-18,2014-08-18 06:00:00,7,21.805555,21.52181
2014-08-18,2014-08-18 07:00:00,8,22.528736,21.758896
2014-08-18,2014-08-18 08:00:00,9,24.444445,23.478924
2014-08-18,2014-08-18 09:00:00,10,25.402298,23.75324
2014-08-18,2014-08-18 10:00:00,11,32.825672,25.820229
2014-08-18,2014-08-18 11:00:00,12,33.546455,26.757992
2014-08-18,2014-08-18 12:00:00,13,32.109673,27.318188
2014-08-18,2014-08-18 13:00:00,14,32.349136,28.512768
2014-08-18,2014-08-18 14:00:00,15,37.38027,27.385374
2014-08-18,2014-08-18 15:00:00,16,41.934864,27.570591
2014-08-18,2014-08-18 16:00:00,17,49.125957,31.096275
2014-08-18,2014-08-18 17:00:00,18,50.802204,33.279167
2014-08-18,2014-08-18 18:00:00,19,40.498085,29.160313
2014-08-18,2014-08-18 19:00:00,20,34.988026,29.97198
2014-08-18,2014-08-18 20:00:00,21,27.796934,30.656559
2014-08-18,2014-08-18 21:00:00,22,29.952106,35.29653
2014-08-18,2014-08-18 22:00:00,23,25.881226,31.041964
2014-08-18,2014-08-18 23:00:00,24,22.52634,31.591944
2014-08-19,2014-08-19 00:00:00,1,22.049809,22.747276
2014-08-19,2014-08-19 01:00:00,2,21.568487,22.386372
2014-08-19,2014-08-19 02:00:00,3,18.208813,19.613388
2014-08-19,2014-08-19 03:00:00,4,17.011494,19.667555
2014-08-19,2014-08-19 04:00:00,5,18.68774,22.474903
2014-08-19,2014-08-19 05:00:00,6,17.490421,21.75409
2014-08-19,2014-08-19 06:00:00,7,12.701149,17.549034
2014-08-19,2014-08-19 07:00:00,8,12.940613,18.603374
2014-08-19,2014-08-19 08:00:00,9,17.490421,21.531466
2014-08-19,2014-08-19 09:00:00,10,25.641762,23.47817
2014-08-19,2014-08-19 10:00:00,11,26.599617,26.240738
2014-08-19,2014-08-19 11:00:00,12,27.55747,28.871838
2014-08-19,2014-08-19 12:00:00,13,30.672894,30.55766
2014-08-19,2014-08-19 13:00:00,14,31.149426,32.705963
2014-08-19,2014-08-19 14:00:00,15,29.952106,31.571224
2014-08-19,2014-08-19 15:00:00,16,31.867817,32.244614
2014-08-19,2014-08-19 16:00:00,17,31.867817,36.5841
2014-08-19,2014-08-19 17:00:00,18,31.15182,39.723885
2014-08-19,2014-08-19 18:00:00,19,29.23611,34.60567
2014-08-19,2014-08-19 19:00:00,20,80.993774,32.708424
2014-08-19,2014-08-19 20:00:00,21,104.2409,30.137194
2014-08-19,2014-08-19 21:00:00,22,104.95929,30.486958
2014-08-19,2014-08-19 22:00:00,23,100.162834,26.324434
2014-08-19,2014-08-19 23:00:00,24,98.965515,24.62321
2014-08-20,2014-08-20 00:00:00,1,100.40469,96.20833
2014-08-20,2014-08-20 01:00:00,2,83.86973,85.93254
2014-08-20,2014-08-20 02:00:00,3,27.796934,35.72155
2014-08-20,2014-08-20 03:00:00,4,27.55747,28.42539
2014-08-20,2014-08-20 04:00:00,5,28.994253,28.125736
2014-08-20,2014-08-20 05:00:00,6,26.83908,24.539948
2014-08-20,2014-08-20 06:00:00,7,19.40613,17.876719
2014-08-20,2014-08-20 07:00:00,8,17.969349,17.079462
2014-08-20,2014-08-20 08:00:00,9,19.887451,20.686798
2014-08-20,2014-08-20 09:00:00,10,29.712645,24.899754
2014-08-20,2014-08-20 10:00:00,11,30.670498,27.821337
2014-08-20,2014-08-20 11:00:00,12,31.867817,30.397503
2014-08-20,2014-08-20 12:00:00,13,34.985634,31.829891
2014-08-20,2014-08-20 13:00:00,14,36.666668,31.90153
2014-08-20,2014-08-20 14:00:00,15,39.54023,32.041817
2014-08-20,2014-08-20 15:00:00,16,42.174328,32.410103
2014-08-20,2014-08-20 16:00:00,17,45.52682,40.076748
2014-08-20,2014-08-20 17:00:00,18,48.884098,47.10565
2014-08-20,2014-08-20 18:00:00,19,53.199234,40.12784
2014-08-20,2014-08-20 19:00:00,20,81.712166,60.210594
2014-08-20,2014-08-20 20:00:00,21,117.420975,95.591324
2014-08-20,2014-08-20 21:00:00,22,121.494255,97.40608
2014-08-20,2014-08-20 22:00:00,23,105.91954,93.46295
2014-08-20,2014-08-20 23:00:00,24,103.04358,92.55855
2014-08-21,2014-08-21 00:00:00,1,104.72222,103.76329
2014-08-21,2014-08-21 01:00:00,2,78.11781,91.790375
2014-08-21,2014-08-21 02:00:00,3,24.444445,31.21412
2014-08-21,2014-08-21 03:00:00,4,21.807951,28.382187
2014-08-21,2014-08-21 04:00:00,5,23.48659,30.410746
2014-08-21,2014-08-21 05:00:00,6,22.049809,28.298296
2014-08-21,2014-08-21 06:00:00,7,14.137931,21.134575
2014-08-21,2014-08-21 07:00:00,8,14.137931,20.18279
2014-08-21,2014-08-21 08:00:00,9,16.532568,22.493599
2014-08-21,2014-08-21 09:00:00,10,16.05364,28.556026
2014-08-21,2014-08-21 10:00:00,11,20.847702,30.079405
2014-08-21,2014-08-21 11:00:00,12,32.828064,32.044704
2014-08-21,2014-08-21 12:00:00,13,35.943485,32.862198
2014-08-21,2014-08-21 13:00:00,14,36.90613,34.394615
2014-08-21,2014-08-21 14:00:00,15,33.54885,33.44924
2014-08-21,2014-08-21 15:00:00,16,26.360153,34.90238
2014-08-21,2014-08-21 16:00:00,17,29.954502,41.131584
2014-08-21,2014-08-21 17:00:00,18,37.62452,49.3339
2014-08-21,2014-08-21 18:00:00,19,29.233717,46.93931
2014-08-21,2014-08-21 19:00:00,20,57.990902,77.55424
2014-08-21,2014-08-21 20:00:00,21,96.81035,111.8569
2014-08-21,2014-08-21 21:00:00,22,101.60441,112.14159
2014-08-21,2014-08-21 22:00:00,23,104.48036,103.32788
2014-08-21,2014-08-21 23:00:00,24,105.20115,100.830444
2014-08-22,2014-08-22 00:00:00,1,103.28304,104.64757
2014-08-22,2014-08-22 01:00:00,2,64.70067,83.478836
2014-08-22,2014-08-22 02:00:00,3,23.242336,26.285982
2014-08-22,2014-08-22 03:00:00,4,16.532568,22.854748
2014-08-22,2014-08-22 04:00:00,5,17.490421,24.866512
2014-08-22,2014-08-22 05:00:00,6,16.293104,23.303211
2014-08-22,2014-08-22 06:00:00,7,12.701149,15.091967
2014-08-22,2014-08-22 07:00:00,8,11.743295,15.183121
2014-08-22,2014-08-22 08:00:00,9,20.608238,17.852863
2014-08-22,2014-08-22 09:00:00,10,33.30699,23.355907
2014-08-22,2014-08-22 10:00:00,11,42.174328,25.869585
2014-08-22,2014-08-22 11:00:00,12,37.382664,30.700113
2014-08-22,2014-08-22 12:00:00,13,31.87021,33.554977
2014-08-22,2014-08-22 13:00:00,14,33.309387,34.617054
2014-08-22,2014-08-22 14:00:00,15,30.431034,33.40303
2014-08-22,2014-08-22 15:00:00,16,34.985634,32.84629
2014-08-22,2014-08-22 16:00:00,17,39.779694,38.562077
2014-08-22,2014-08-22 17:00:00,18,49.604885,47.078445
2014-08-22,2014-08-22 18:00:00,19,39.54023,40.963375
2014-08-22,2014-08-22 19:00:00,20,36.42481,61.058422
2014-08-22,2014-08-22 20:00:00,21,43.371647,91.57117
2014-08-22,2014-08-22 21:00:00,22,55.11494,95.032776
2014-08-22,2014-08-22 22:00:00,23,53.441093,89.196
2014-08-22,2014-08-22 23:00:00,24,55.117336,76.64105
2014-08-23,2014-08-23 00:00:00,1,48.886494,52.499542
2014-08-23,2014-08-23 01:00:00,2,40.01676,45.11399
2014-08-23,2014-08-23 02:00:00,3,15.095785,27.426601
2014-08-23,2014-08-23 03:00:00,4,14.137931,23.653051
2014-08-23,2014-08-23 04:00:00,5,16.293104,24.163654
2014-08-23,2014-08-23 05:00:00,6,15.335249,22.555162
2014-08-23,2014-08-23 06:00:00,7,11.264368,16.009666
2014-08-23,2014-08-23 07:00:00,8,11.264368,16.299171
2014-08-23,2014-08-23 08:00:00,9,10.545977,16.8541
2014-08-23,2014-08-23 09:00:00,10,9.588122,17.795353
2014-08-23,2014-08-23 10:00:00,11,11.503832,18.017746
2014-08-23,2014-08-23 11:00:00,12,11.503832,19.114216
2014-08-23,2014-08-23 12:00:00,13,10.06705,19.400536
2014-08-23,2014-08-23 13:00:00,14,14.137931,20.238483
2014-08-23,2014-08-23 14:00:00,15,11.503832,18.294315
2014-08-23,2014-08-23 15:00:00,16,10.306514,17.388378
2014-08-23,2014-08-23 16:00:00,17,12.222222,19.47695
2014-08-23,2014-08-23 17:00:00,18,12.461686,20.736897
2014-08-23,2014-08-23 18:00:00,19,11.024904,17.067364
2014-08-23,2014-08-23 19:00:00,20,13.180077,18.867012
2014-08-23,2014-08-23 20:00:00,21,11.503832,19.692482
2014-08-23,2014-08-23 21:00:00,22,16.05364,23.059732
2014-08-23,2014-08-23 22:00:00,23,14.137931,20.826077
2014-08-23,2014-08-23 23:00:00,24,15.335249,20.302658
2014-08-24,2014-08-24 00:00:00,1,16.05364,15.877456
2014-08-24,2014-08-24 01:00:00,2,17.011494,15.40851
2014-08-24,2014-08-24 02:00:00,3,14.856322,12.231138
2014-08-24,2014-08-24 03:00:00,4,13.659004,12.509678
2014-08-24,2014-08-24 04:00:00,5,16.05364,14.657061
2014-08-24,2014-08-24 05:00:00,6,15.335249,13.817673
2014-08-24,2014-08-24 06:00:00,7,11.9827585,10.662584
2014-08-24,2014-08-24 07:00:00,8,10.78544,10.711525
2014-08-24,2014-08-24 08:00:00,9,10.306514,10.854225
2014-08-24,2014-08-24 09:00:00,10,8.630268,10.813919
2014-08-24,2014-08-24 10:00:00,11,10.78544,11.916237
2014-08-24,2014-08-24 11:00:00,12,11.743295,11.78298
2014-08-24,2014-08-24 12:00:00,13,10.06705,11.140686
2014-08-24,2014-08-24 13:00:00,14,11.503832,12.810492
2014-08-24,2014-08-24 14:00:00,15,12.222222,11.688364
2014-08-24,2014-08-24 15:00:00,16,9.588122,10.510824
2014-08-24,2014-08-24 16:00:00,17,11.503832,12.1441555
2014-08-24,2014-08-24 17:00:00,18,11.743295,12.39744
2014-08-24,2014-08-24 18:00:00,19,9.348659,10.762976
2014-08-24,2014-08-24 19:00:00,20,11.9827585,11.960278
2014-08-24,2014-08-24 20:00:00,21,11.264368,11.879667
2014-08-24,2014-08-24 21:00:00,22,17.011494,15.198656
2014-08-24,2014-08-24 22:00:00,23,13.898467,13.793751
2014-08-24,2014-08-24 23:00:00,24,14.377395,14.502861
2014-08-25,2014-08-25 00:00:00,1,16.293104,15.425562
2014-08-25,2014-08-25 01:00:00,2,15.335249,16.157177
2014-08-25,2014-08-25 02:00:00,3,12.940613,12.19668
2014-08-25,2014-08-25 03:00:00,4,13.898467,12.851246
2014-08-25,2014-08-25 04:00:00,5,16.532568,16.216333
2014-08-25,2014-08-25 05:00:00,6,14.856322,14.513552
2014-08-25,2014-08-25 06:00:00,7,11.024904,11.430548
2014-08-25,2014-08-25 07:00:00,8,11.024904,10.960642
2014-08-25,2014-08-25 08:00:00,9,12.222222,14.461435
2014-08-25,2014-08-25 09:00:00,10,11.743295,17.919998
2014-08-25,2014-08-25 10:00:00,11,16.293104,26.68083
2014-08-25,2014-08-25 11:00:00,12,20.605843,29.890036
2014-08-25,2014-08-25 12:00:00,13,26.12069,27.218409
2014-08-25,2014-08-25 13:00:00,14,23.965517,29.89021
2014-08-25,2014-08-25 14:00:00,15,27.55747,28.185947
2014-08-25,2014-08-25 15:00:00,16,29.47318,28.9239
2014-08-25,2014-08-25 16:00:00,17,31.149426,34.233273
2014-08-25,2014-08-25 17:00:00,18,33.069923,45.59076
2014-08-25,2014-08-25 18:00:00,19,28.75479,37.147522
2014-08-25,2014-08-25 19:00:00,20,34.50431,48.518883
2014-08-25,2014-08-25 20:00:00,21,63.98228,68.52661
2014-08-25,2014-08-25 21:00:00,22,104.72222,87.58641
2014-08-25,2014-08-25 22:00:00,23,100.64176,79.136024
2014-08-25,2014-08-25 23:00:00,24,98.48659,76.92215
2014-08-26,2014-08-26 00:00:00,1,95.1341,94.71905
2014-08-26,2014-08-26 01:00:00,2,52.957375,81.82254
2014-08-26,2014-08-26 02:00:00,3,24.923372,34.562553
2014-08-26,2014-08-26 03:00:00,4,25.402298,23.13961
2014-08-26,2014-08-26 04:00:00,5,26.360153,23.815428
2014-08-26,2014-08-26 05:00:00,6,21.329023,19.229641
2014-08-26,2014-08-26 06:00:00,7,17.250957,12.766994
2014-08-26,2014-08-26 07:00:00,8,15.814177,11.824097
2014-08-26,2014-08-26 08:00:00,9,49.363026,15.235799
2014-08-26,2014-08-26 09:00:00,10,67.09531,19.959843
2014-08-26,2014-08-26 10:00:00,11,71.40804,24.170488
2014-08-26,2014-08-26 11:00:00,12,72.3659,28.720772
2014-08-26,2014-08-26 12:00:00,13,71.64751,30.672964
2014-08-26,2014-08-26 13:00:00,14,71.88697,31.834251
2014-08-26,2014-08-26 14:00:00,15,48.40278,31.714165
2014-08-26,2014-08-26 15:00:00,16,31.38889,32.126804
2014-08-26,2014-08-26 16:00:00,17,35.706417,36.67629
2014-08-26,2014-08-26 17:00:00,18,34.025383,41.566944
2014-08-26,2014-08-26 18:00:00,19,28.036398,37.914154
2014-08-26,2014-08-26 19:00:00,20,38.57998,51.937286
2014-08-26,2014-08-26 20:00:00,21,49.60249,70.819305
2014-08-26,2014-08-26 21:00:00,22,64.22414,83.861565
2014-08-26,2014-08-26 22:00:00,23,82.19109,78.051476
2014-08-26,2014-08-26 23:00:00,24,85.78544,76.59308
2014-08-27,2014-08-27 00:00:00,1,81.235634,81.95715
2014-08-27,2014-08-27 01:00:00,2,74.76293,64.005775
2014-08-27,2014-08-27 02:00:00,3,21.08956,25.152782
2014-08-27,2014-08-27 03:00:00,4,21.087164,21.572105
2014-08-27,2014-08-27 04:00:00,5,23.726053,23.851952
2014-08-27,2014-08-27 05:00:00,6,19.645594,21.435673
2014-08-27,2014-08-27 06:00:00,7,14.856322,14.336849
2014-08-27,2014-08-27 07:00:00,8,14.137931,12.864143
2014-08-27,2014-08-27 08:00:00,9,19.64799,19.303322
2014-08-27,2014-08-27 09:00:00,10,27.796934,23.579624
2014-08-27,2014-08-27 10:00:00,11,30.909962,29.284216
2014-08-27,2014-08-27 11:00:00,12,31.149426,33.43058
2014-08-27,2014-08-27 12:00:00,13,26.83908,35.253674
2014-08-27,2014-08-27 13:00:00,14,25.881226,36.59236
2014-08-27,2014-08-27 14:00:00,15,26.360153,34.502804
2014-08-27,2014-08-27 15:00:00,16,37.145596,33.061077
2014-08-27,2014-08-27 16:00:00,17,43.61111,37.08412
2014-08-27,2014-08-27 17:00:00,18,41.695404,41.689556
2014-08-27,2014-08-27 18:00:00,19,37.863983,36.512108
2014-08-27,2014-08-27 19:00:00,20,46.25,49.44182
2014-08-27,2014-08-27 20:00:00,21,81.235634,72.70965
2014-08-27,2014-08-27 21:00:00,22,91.06082,85.99743
2014-08-27,2014-08-27 22:00:00,23,83.151344,81.52995
2014-08-27,2014-08-27 23:00:00,24,82.91188,77.004
2014-08-28,2014-08-28 00:00:00,1,80.27778,80.11514
2014-08-28,2014-08-28 01:00:00,2,24.683908,61.839554
2014-08-28,2014-08-28 02:00:00,3,16.293104,21.789751
2014-08-28,2014-08-28 03:00:00,4,16.532568,20.486744
2014-08-28,2014-08-28 04:00:00,5,17.490421,22.75446
2014-08-28,2014-08-28 05:00:00,6,16.77203,19.967072
2014-08-28,2014-08-28 06:00:00,7,13.180077,14.491755
2014-08-28,2014-08-28 07:00:00,8,13.180077,13.516033
2014-08-28,2014-08-28 08:00:00,9,19.169062,19.626568
2014-08-28,2014-08-28 09:00:00,10,19.887451,24.965038
2014-08-28,2014-08-28 10:00:00,11,20.126915,28.846725
2014-08-28,2014-08-28 11:00:00,12,23.48659,32.13379
2014-08-28,2014-08-28 12:00:00,13,27.796934,32.658535
2014-08-28,2014-08-28 13:00:00,14,30.670498,32.893055
2014-08-28,2014-08-28 14:00:00,15,35.464558,32.136097
2014-08-28,2014-08-28 15:00:00,16,34.267242,32.908817
2014-08-28,2014-08-28 16:00:00,17,41.216476,38.55622
2014-08-28,2014-08-28 17:00:00,18,48.405174,40.18197
2014-08-28,2014-08-28 18:00:00,19,46.726532,34.53075
2014-08-28,2014-08-28 19:00:00,20,67.57663,44.856983
2014-08-28,2014-08-28 20:00:00,21,105.43822,70.03091
2014-08-28,2014-08-28 21:00:00,22,105.43822,87.27734
2014-08-28,2014-08-28 22:00:00,23,95.373566,84.60852
2014-08-28,2014-08-28 23:00:00,24,94.655174,82.685875
2014-08-29,2014-08-29 00:00:00,1,93.21839,90.498795
2014-08-29,2014-08-29 01:00:00,2,75.00719,58.57968
2014-08-29,2014-08-29 02:00:00,3,25.641762,20.733587
2014-08-29,2014-08-29 03:00:00,4,24.444445,19.417023
2014-08-29,2014-08-29 04:00:00,5,25.162836,21.732418
2014-08-29,2014-08-29 05:00:00,6,23.965517,19.15029
2014-08-29,2014-08-29 06:00:00,7,18.68774,15.092432
2014-08-29,2014-08-29 07:00:00,8,17.490421,15.010044
2014-08-29,2014-08-29 08:00:00,9,21.805555,18.789234
2014-08-29,2014-08-29 09:00:00,10,20.126915,23.485159
2014-08-29,2014-08-29 10:00:00,11,24.20498,26.684555
2014-08-29,2014-08-29 11:00:00,12,26.83908,31.027609
2014-08-29,2014-08-29 12:00:00,13,25.881226,32.31921
2014-08-29,2014-08-29 13:00:00,14,26.12069,32.81787
2014-08-29,2014-08-29 14:00:00,15,26.83908,32.36297
2014-08-29,2014-08-29 15:00:00,16,23.247126,31.647692
2014-08-29,2014-08-29 16:00:00,17,25.881226,36.864487
2014-08-29,2014-08-29 17:00:00,18,32.828064,39.76611
2014-08-29,2014-08-29 18:00:00,19,27.55747,34.99217
2014-08-29,2014-08-29 19:00:00,20,47.686783,44.25203
2014-08-29,2014-08-29 20:00:00,21,87.945404,64.51935
2014-08-29,2014-08-29 21:00:00,22,94.89464,77.29825
2014-08-29,2014-08-29 22:00:00,23,88.18247,72.17111
2014-08-29,2014-08-29 23:00:00,24,87.70115,68.92029
2014-08-30,2014-08-30 00:00:00,1,60.38793,84.40023
2014-08-30,2014-08-30 01:00:00,2,37.622128,53.215954
2014-08-30,2014-08-30 02:00:00,3,16.77203,22.342722
2014-08-30,2014-08-30 03:00:00,4,17.011494,19.63039
2014-08-30,2014-08-30 04:00:00,5,18.68774,20.129044
2014-08-30,2014-08-30 05:00:00,6,18.448277,17.888945
2014-08-30,2014-08-30 06:00:00,7,13.898467,14.529802
2014-08-30,2014-08-30 07:00:00,8,13.41954,14.284557
2014-08-30,2014-08-30 08:00:00,9,13.659004,15.270954
2014-08-30,2014-08-30 09:00:00,10,11.743295,15.188122
2014-08-30,2014-08-30 10:00:00,11,16.532568,15.239658
2014-08-30,2014-08-30 11:00:00,12,15.574713,15.600172
2014-08-30,2014-08-30 12:00:00,13,13.659004,15.375303
2014-08-30,2014-08-30 13:00:00,14,14.856322,15.972473
2014-08-30,2014-08-30 14:00:00,15,13.898467,15.1724415
2014-08-30,2014-08-30 15:00:00,16,12.701149,14.414928
2014-08-30,2014-08-30 16:00:00,17,14.856322,15.665262
2014-08-30,2014-08-30 17:00:00,18,14.137931,16.008213
2014-08-30,2014-08-30 18:00:00,19,12.461686,14.423826
2014-08-30,2014-08-30 19:00:00,20,15.095785,15.467894
2014-08-30,2014-08-30 20:00:00,21,14.856322,16.162857
2014-08-30,2014-08-30 21:00:00,22,18.68774,18.906364
2014-08-30,2014-08-30 22:00:00,23,16.293104,17.6604
2014-08-30,2014-08-30 23:00:00,24,17.250957,18.46526
2014-08-31,2014-08-31 00:00:00,1,19.40613,17.976059
2014-08-31,2014-08-31 01:00:00,2,18.208813,17.59009
2014-08-31,2014-08-31 02:00:00,3,16.77203,14.363878
2014-08-31,2014-08-31 03:00:00,4,16.293104,14.608614
2014-08-31,2014-08-31 04:00:00,5,18.927202,16.672417
2014-08-31,2014-08-31 05:00:00,6,17.729885,15.83556
2014-08-31,2014-08-31 06:00:00,7,14.856322,12.946381
2014-08-31,2014-08-31 07:00:00,8,12.940613,12.962387
2014-08-31,2014-08-31 08:00:00,9,13.41954,12.902695
2014-08-31,2014-08-31 09:00:00,10,12.461686,12.179264
2014-08-31,2014-08-31 10:00:00,11,14.137931,13.425886
2014-08-31,2014-08-31 11:00:00,12,14.137931,14.00296
2014-08-31,2014-08-31 12:00:00,13,12.461686,13.478498
2014-08-31,2014-08-31 13:00:00,14,14.6168585,13.888243
2014-08-31,2014-08-31 14:00:00,15,14.6168585,13.529934
2014-08-31,2014-08-31 15:00:00,16,12.701149,13.11717
2014-08-31,2014-08-31 16:00:00,17,15.095785,14.246693
2014-08-31,2014-08-31 17:00:00,18,14.856322,14.391981
2014-08-31,2014-08-31 18:00:00,19,12.222222,12.278564
2014-08-31,2014-08-31 19:00:00,20,14.6168585,14.312889
2014-08-31,2014-08-31 20:00:00,21,15.095785,14.58354
2014-08-31,2014-08-31 21:00:00,22,18.68774,18.680767
2014-08-31,2014-08-31 22:00:00,23,16.532568,16.693705
2014-08-31,2014-08-31 23:00:00,24,16.532568,17.545588
2014-09-01,2014-09-01 00:00:00,1,18.927202,17.735271
2014-09-01,2014-09-01 01:00:00,2,20.12931,16.825699
2014-09-01,2014-09-01 02:00:00,3,16.293104,14.286974
2014-09-01,2014-09-01 03:00:00,4,17.011494,15.43713
2014-09-01,2014-09-01 04:00:00,5,18.927202,18.782215
2014-09-01,2014-09-01 05:00:00,6,17.729885,18.191603
2014-09-01,2014-09-01 06:00:00,7,14.377395,14.941622
2014-09-01,2014-09-01 07:00:00,8,14.137931,14.273474
2014-09-01,2014-09-01 08:00:00,9,17.971743,17.176199
2014-09-01,2014-09-01 09:00:00,10,25.399904,18.0534
2014-09-01,2014-09-01 10:00:00,11,40.498085,23.214554
2014-09-01,2014-09-01 11:00:00,12,40.977013,27.135162
2014-09-01,2014-09-01 12:00:00,13,38.103447,27.326483
2014-09-01,2014-09-01 13:00:00,14,36.666668,29.955963
2014-09-01,2014-09-01 14:00:00,15,38.103447,31.10027
2014-09-01,2014-09-01 15:00:00,16,40.498085,31.00277
2014-09-01,2014-09-01 16:00:00,17,43.371647,36.18537
2014-09-01,2014-09-01 17:00:00,18,50.325672,38.691566
2014-09-01,2014-09-01 18:00:00,19,43.850574,33.763367
2014-09-01,2014-09-01 19:00:00,20,57.990902,43.962368
2014-09-01,2014-09-01 20:00:00,21,102.56226,69.54873
2014-09-01,2014-09-01 21:00:00,22,108.55364,92.13248
2014-09-01,2014-09-01 22:00:00,23,102.325195,84.822845
2014-09-01,2014-09-01 23:00:00,24,100.162834,79.1125
2014-09-02,2014-09-02 00:00:00,1,98.72605,95.82536
2014-09-02,2014-09-02 01:00:00,2,56.07519,64.35475
2014-09-02,2014-09-02 02:00:00,3,23.247126,23.86405
2014-09-02,2014-09-02 03:00:00,4,21.568487,23.588102
2014-09-02,2014-09-02 04:00:00,5,22.289272,25.420658
2014-09-02,2014-09-02 05:00:00,6,21.568487,22.487192
2014-09-02,2014-09-02 06:00:00,7,18.208813,16.85886
2014-09-02,2014-09-02 07:00:00,8,15.574713,16.697256
2014-09-02,2014-09-02 08:00:00,9,19.650383,21.846912
2014-09-02,2014-09-02 09:00:00,10,23.007664,25.50306
2014-09-02,2014-09-02 10:00:00,11,26.12069,30.562872
2014-09-02,2014-09-02 11:00:00,12,21.087164,34.795837
2014-09-02,2014-09-02 12:00:00,13,33.54885,35.927784
2014-09-02,2014-09-02 13:00:00,14,40.73755,36.21489
2014-09-02,2014-09-02 14:00:00,15,28.515326,35.860645
2014-09-02,2014-09-02 15:00:00,16,29.954502,34.636833
2014-09-02,2014-09-02 16:00:00,17,34.264847,40.28461
2014-09-02,2014-09-02 17:00:00,18,36.185345,43.557983
2014-09-02,2014-09-02 18:00:00,19,34.506706,37.537094
2014-09-02,2014-09-02 19:00:00,20,75.96265,54.240227
2014-09-02,2014-09-02 20:00:00,21,99.44444,89.47386
2014-09-02,2014-09-02 21:00:00,22,98.965515,99.9475
2014-09-02,2014-09-02 22:00:00,23,94.89464,96.3235
2014-09-02,2014-09-02 23:00:00,24,95.85249,96.02503
2014-09-03,2014-09-03 00:00:00,1,93.69732,93.08937
2014-09-03,2014-09-03 01:00:00,2,67.337166,64.73601
2014-09-03,2014-09-03 02:00:00,3,17.490421,23.41858
2014-09-03,2014-09-03 03:00:00,4,17.490421,22.442913
2014-09-03,2014-09-03 04:00:00,5,19.64799,24.16641
2014-09-03,2014-09-03 05:00:00,6,18.68774,22.094923
2014-09-03,2014-09-03 06:00:00,7,15.335249,17.087011
2014-09-03,2014-09-03 07:00:00,8,13.898467,16.427578
2014-09-03,2014-09-03 08:00:00,9,34.02778,21.414478
2014-09-03,2014-09-03 09:00:00,10,47.20546,26.267958
2014-09-03,2014-09-03 10:00:00,11,57.03065,31.236956
2014-09-03,2014-09-03 11:00:00,12,59.90661,32.970207
2014-09-03,2014-09-03 12:00:00,13,75.96265,32.980293
2014-09-03,2014-09-03 13:00:00,14,75.72318,34.67507
2014-09-03,2014-09-03 14:00:00,15,72.844826,32.635704
2014-09-03,2014-09-03 15:00:00,16,53.92002,33.549862
2014-09-03,2014-09-03 16:00:00,17,54.636017,40.305283
2014-09-03,2014-09-03 17:00:00,18,60.86686,45.31433
2014-09-03,2014-09-03 18:00:00,19,58.94636,38.573875
2014-09-03,2014-09-03 19:00:00,20,71.889366,57.811356
2014-09-03,2014-09-03 20:00:00,21,95.61303,94.96071
2014-09-03,2014-09-03 21:00:00,22,101.84387,101.97388
2014-09-03,2014-09-03 22:00:00,23,96.09196,94.11869
2014-09-03,2014-09-03 23:00:00,24,91.542145,94.4671
2014-09-04,2014-09-04 00:00:00,1,92.73946,88.7976
2014-09-04,2014-09-04 01:00:00,2,80.75671,57.66696
2014-09-04,2014-09-04 02:00:00,3,18.448277,19.61599
2014-09-04,2014-09-04 03:00:00,4,17.01389,19.606842
2014-09-04,2014-09-04 04:00:00,5,18.927202,21.975075
2014-09-04,2014-09-04 05:00:00,6,18.68774,20.788029
2014-09-04,2014-09-04 06:00:00,7,16.532568,16.01029
2014-09-04,2014-09-04 07:00:00,8,13.180077,16.030785
2014-09-04,2014-09-04 08:00:00,9,23.484196,21.665283
2014-09-04,2014-09-04 09:00:00,10,29.47318,26.779896
2014-09-04,2014-09-04 10:00:00,11,32.58621,33.97398
2014-09-04,2014-09-04 11:00:00,12,32.58621,36.02614
2014-09-04,2014-09-04 12:00:00,13,35.225098,35.922764
2014-09-04,2014-09-04 13:00:00,14,33.788315,37.621727
2014-09-04,2014-09-04 14:00:00,15,28.994253,36.458054
2014-09-04,2014-09-04 15:00:00,16,31.38889,35.83291
2014-09-04,2014-09-04 16:00:00,17,29.47318,42.44184
2014-09-04,2014-09-04 17:00:00,18,40.019157,48.332985
2014-09-04,2014-09-04 18:00:00,19,41.695404,43.2254
2014-09-04,2014-09-04 19:00:00,20,58.22797,64.29049
2014-09-04,2014-09-04 20:00:00,21,81.954025,94.93077
2014-09-04,2014-09-04 21:00:00,22,85.78544,101.04674
2014-09-04,2014-09-04 22:00:00,23,77.87835,95.38588
2014-09-04,2014-09-04 23:00:00,24,75.002396,93.22335
2014-09-05,2014-09-05 00:00:00,1,80.27778,74.864044
2014-09-05,2014-09-05 01:00:00,2,75.244255,51.8823
2014-09-05,2014-09-05 02:00:00,3,24.920977,17.741539
2014-09-05,2014-09-05 03:00:00,4,14.856322,17.565947
2014-09-05,2014-09-05 04:00:00,5,16.77203,20.085133
2014-09-05,2014-09-05 05:00:00,6,16.77203,19.304451
2014-09-05,2014-09-05 06:00:00,7,11.503832,15.993469
2014-09-05,2014-09-05 07:00:00,8,11.503832,14.932362
2014-09-05,2014-09-05 08:00:00,9,17.011494,21.172558
2014-09-05,2014-09-05 09:00:00,10,22.284483,25.989288
2014-09-05,2014-09-05 10:00:00,11,28.036398,30.211693
2014-09-05,2014-09-05 11:00:00,12,28.036398,30.629189
2014-09-05,2014-09-05 12:00:00,13,31.15182,32.074005
2014-09-05,2014-09-05 13:00:00,14,30.912355,32.754604
2014-09-05,2014-09-05 14:00:00,15,26.83908,30.787569
2014-09-05,2014-09-05 15:00:00,16,32.109673,30.241634
2014-09-05,2014-09-05 16:00:00,17,45.529213,32.414246
2014-09-05,2014-09-05 17:00:00,18,56.31226,38.117268
2014-09-05,2014-09-05 18:00:00,19,61.82232,34.596207
2014-09-05,2014-09-05 19:00:00,20,75.244255,49.529053
2014-09-05,2014-09-05 20:00:00,21,108.55125,84.2818
2014-09-05,2014-09-05 21:00:00,22,116.94205,89.260864
2014-09-05,2014-09-05 22:00:00,23,106.39847,83.346634
2014-09-05,2014-09-05 23:00:00,24,102.56465,80.4779
2014-09-06,2014-09-06 00:00:00,1,95.1341,97.240036
2014-09-06,2014-09-06 01:00:00,2,46.965996,71.71325
2014-09-06,2014-09-06 02:00:00,3,17.250957,24.203247
2014-09-06,2014-09-06 03:00:00,4,15.814177,18.256157
2014-09-06,2014-09-06 04:00:00,5,16.293104,19.448957
2014-09-06,2014-09-06 05:00:00,6,16.05364,18.326948
2014-09-06,2014-09-06 06:00:00,7,13.41954,14.281488
2014-09-06,2014-09-06 07:00:00,8,11.9827585,12.799969
2014-09-06,2014-09-06 08:00:00,9,12.701149,14.849735
2014-09-06,2014-09-06 09:00:00,10,9.348659,15.092512
2014-09-06,2014-09-06 10:00:00,11,11.9827585,16.577065
2014-09-06,2014-09-06 11:00:00,12,11.264368,15.4063
2014-09-06,2014-09-06 12:00:00,13,9.588122,15.139456
2014-09-06,2014-09-06 13:00:00,14,11.743295,15.522127
2014-09-06,2014-09-06 14:00:00,15,11.743295,13.8091545
2014-09-06,2014-09-06 15:00:00,16,10.306514,13.442488
2014-09-06,2014-09-06 16:00:00,17,11.9827585,15.328926
2014-09-06,2014-09-06 17:00:00,18,12.701149,15.142191
2014-09-06,2014-09-06 18:00:00,19,9.827586,13.739315
2014-09-06,2014-09-06 19:00:00,20,11.743295,14.694672
2014-09-06,2014-09-06 20:00:00,21,12.940613,15.95281
2014-09-06,2014-09-06 21:00:00,22,16.05364,17.519514
2014-09-06,2014-09-06 22:00:00,23,13.898467,16.376925
2014-09-06,2014-09-06 23:00:00,24,14.6168585,16.112278
2014-09-07,2014-09-07 00:00:00,1,19.166666,15.767105
2014-09-07,2014-09-07 01:00:00,2,18.208813,15.116407
2014-09-07,2014-09-07 02:00:00,3,13.659004,12.720238
2014-09-07,2014-09-07 03:00:00,4,14.6168585,12.687967
2014-09-07,2014-09-07 04:00:00,5,17.969349,14.390297
2014-09-07,2014-09-07 05:00:00,6,17.729885,13.613054
2014-09-07,2014-09-07 06:00:00,7,13.659004,11.411877
2014-09-07,2014-09-07 07:00:00,8,11.9827585,10.64225
2014-09-07,2014-09-07 08:00:00,9,12.222222,11.311392
2014-09-07,2014-09-07 09:00:00,10,9.827586,11.330557
2014-09-07,2014-09-07 10:00:00,11,11.743295,12.254597
2014-09-07,2014-09-07 11:00:00,12,11.264368,12.040152
2014-09-07,2014-09-07 12:00:00,13,10.06705,11.689013
2014-09-07,2014-09-07 13:00:00,14,11.9827585,12.440464
2014-09-07,2014-09-07 14:00:00,15,11.743295,11.704136
2014-09-07,2014-09-07 15:00:00,16,9.827586,11.491962
2014-09-07,2014-09-07 16:00:00,17,11.743295,12.734835
2014-09-07,2014-09-07 17:00:00,18,11.9827585,12.89452
2014-09-07,2014-09-07 18:00:00,19,10.78544,11.324888
2014-09-07,2014-09-07 19:00:00,20,11.743295,12.432016
2014-09-07,2014-09-07 20:00:00,21,12.701149,13.700302
2014-09-07,2014-09-07 21:00:00,22,16.293104,16.099785
2014-09-07,2014-09-07 22:00:00,23,13.898467,14.425812
2014-09-07,2014-09-07 23:00:00,24,13.898467,14.6877575
2014-09-08,2014-09-08 00:00:00,1,16.532568,18.243896
2014-09-08,2014-09-08 01:00:00,2,16.532568,18.146883
2014-09-08,2014-09-08 02:00:00,3,14.6168585,11.79953
2014-09-08,2014-09-08 03:00:00,4,14.856322,12.77166
2014-09-08,2014-09-08 04:00:00,5,16.293104,16.449762
2014-09-08,2014-09-08 05:00:00,6,16.05364,16.542215
2014-09-08,2014-09-08 06:00:00,7,13.659004,12.70381
2014-09-08,2014-09-08 07:00:00,8,12.222222,12.089678
2014-09-08,2014-09-08 08:00:00,9,29.954502,17.620562
2014-09-08,2014-09-08 09:00:00,10,40.019157,20.880642
2014-09-08,2014-09-08 10:00:00,11,43.61111,29.992224
2014-09-08,2014-09-08 11:00:00,12,43.132183,31.619856
2014-09-08,2014-09-08 12:00:00,13,45.287357,31.472256
2014-09-08,2014-09-08 13:00:00,14,49.125957,34.371296
2014-09-08,2014-09-08 14:00:00,15,54.396553,32.683666
2014-09-08,2014-09-08 15:00:00,16,64.22174,33.181824
2014-09-08,2014-09-08 16:00:00,17,72.844826,39.202885
2014-09-08,2014-09-08 17:00:00,18,77.15996,46.958168
2014-09-08,2014-09-08 18:00:00,19,72.84722,45.452885
2014-09-08,2014-09-08 19:00:00,20,89.14272,65.6938
2014-09-08,2014-09-08 20:00:00,21,96.09196,95.02937
2014-09-08,2014-09-08 21:00:00,22,97.768196,103.31741
2014-09-08,2014-09-08 22:00:00,23,90.5795,94.3381
2014-09-08,2014-09-08 23:00:00,24,93.69492,89.64122
2014-09-09,2014-09-09 00:00:00,1,96.570885,94.09435
2014-09-09,2014-09-09 01:00:00,2,83.63027,70.75943
2014-09-09,2014-09-09 02:00:00,3,22.049809,20.00603
2014-09-09,2014-09-09 03:00:00,4,23.007664,17.933075
2014-09-09,2014-09-09 04:00:00,5,24.444445,20.338161
2014-09-09,2014-09-09 05:00:00,6,21.329023,20.02811
2014-09-09,2014-09-09 06:00:00,7,17.011494,15.146219
2014-09-09,2014-09-09 07:00:00,8,15.574713,13.904644
2014-09-09,2014-09-09 08:00:00,9,15.814177,21.212278
2014-09-09,2014-09-09 09:00:00,10,14.6168585,27.021961
2014-09-09,2014-09-09 10:00:00,11,20.850096,31.102879
2014-09-09,2014-09-09 11:00:00,12,22.765804,32.494743
2014-09-09,2014-09-09 12:00:00,13,22.765804,36.6767
2014-09-09,2014-09-09 13:00:00,14,23.726053,37.86003
2014-09-09,2014-09-09 14:00:00,15,24.444445,35.87433
2014-09-09,2014-09-09 15:00:00,16,23.726053,35.88725
2014-09-09,2014-09-09 16:00:00,17,26.12069,41.702824
2014-09-09,2014-09-09 17:00:00,18,44.331898,48.134995
2014-09-09,2014-09-09 18:00:00,19,57.274902,45.359573
2014-09-09,2014-09-09 19:00:00,20,104.001434,66.57568
2014-09-09,2014-09-09 20:00:00,21,111.90613,90.69207
2014-09-09,2014-09-09 21:00:00,22,111.90613,96.98601
2014-09-09,2014-09-09 22:00:00,23,103.76197,91.19878
2014-09-09,2014-09-09 23:00:00,24,105.20115,89.33834
2014-09-10,2014-09-10 00:00:00,1,94.17864,105.20973
2014-09-10,2014-09-10 01:00:00,2,36.664272,86.61362
2014-09-10,2014-09-10 02:00:00,3,18.208813,22.66659
2014-09-10,2014-09-10 03:00:00,4,16.293104,20.29588
2014-09-10,2014-09-10 04:00:00,5,17.729885,22.016474
2014-09-10,2014-09-10 05:00:00,6,16.77203,21.269207
2014-09-10,2014-09-10 06:00:00,7,16.05364,16.507854
2014-09-10,2014-09-10 07:00:00,8,18.453066,15.212492
2014-09-10,2014-09-10 08:00:00,9,92.02107,22.059017
2014-09-10,2014-09-10 09:00:00,10,92.5,24.484188
2014-09-10,2014-09-10 10:00:00,11,93.69732,28.462639
2014-09-10,2014-09-10 11:00:00,12,93.457855,29.841768
2014-09-10,2014-09-10 12:00:00,13,93.69732,32.51972
2014-09-10,2014-09-10 13:00:00,14,94.89464,33.46614
2014-09-10,2014-09-10 14:00:00,15,103.04358,32.3359
2014-09-10,2014-09-10 15:00:00,16,109.75096,32.35767
2014-09-10,2014-09-10 16:00:00,17,113.3477,39.437588
2014-09-10,2014-09-10 17:00:00,18,121.01533,50.66804
2014-09-10,2014-09-10 18:00:00,19,117.41858,52.27668
2014-09-10,2014-09-10 19:00:00,20,111.4272,78.62369
2014-09-10,2014-09-10 20:00:00,21,109.75335,99.45462
2014-09-10,2014-09-10 21:00:00,22,115.50048,102.593735
2014-09-10,2014-09-10 22:00:00,23,100.88362,94.76743
2014-09-10,2014-09-10 23:00:00,24,98.965515,93.56879
2014-09-11,2014-09-11 00:00:00,1,97.768196,99.9453
2014-09-11,2014-09-11 01:00:00,2,40.498085,88.45765
2014-09-11,2014-09-11 02:00:00,3,17.969349,17.229137
2014-09-11,2014-09-11 03:00:00,4,17.729885,17.605639
2014-09-11,2014-09-11 04:00:00,5,17.969349,19.71923
2014-09-11,2014-09-11 05:00:00,6,15.814177,19.168491
2014-09-11,2014-09-11 06:00:00,7,14.377395,15.793707
2014-09-11,2014-09-11 07:00:00,8,17.255747,15.684185
2014-09-11,2014-09-11 08:00:00,9,81.4751,21.684614
2014-09-11,2014-09-11 09:00:00,10,84.348656,23.28803
2014-09-11,2014-09-11 10:00:00,11,88.6614,27.520363
2014-09-11,2014-09-11 11:00:00,12,94.89464,29.279139
2014-09-11,2014-09-11 12:00:00,13,103.76197,30.47332
2014-09-11,2014-09-11 13:00:00,14,101.60201,32.991085
2014-09-11,2014-09-11 14:00:00,15,84.348656,32.919067
2014-09-11,2014-09-11 15:00:00,16,34.988026,34.816963
2014-09-11,2014-09-11 16:00:00,17,40.73755,43.781193
2014-09-11,2014-09-11 17:00:00,18,46.247604,57.103317
2014-09-11,2014-09-11 18:00:00,19,39.300766,59.907814
2014-09-11,2014-09-11 19:00:00,20,80.51724,80.72855
2014-09-11,2014-09-11 20:00:00,21,99.20498,96.530716
2014-09-11,2014-09-11 21:00:00,22,98.24712,99.39172
2014-09-11,2014-09-11 22:00:00,23,91.78161,91.48016
2014-09-11,2014-09-11 23:00:00,24,86.74329,90.49016
2014-09-12,2014-09-12 00:00:00,1,84.82758,85.532715
2014-09-12,2014-09-12 01:00:00,2,48.16571,60.703793
2014-09-12,2014-09-12 02:00:00,3,17.490421,15.196995
2014-09-12,2014-09-12 03:00:00,4,17.250957,14.872171
2014-09-12,2014-09-12 04:00:00,5,18.68774,16.900932
2014-09-12,2014-09-12 05:00:00,6,18.208813,15.727816
2014-09-12,2014-09-12 06:00:00,7,15.574713,13.023998
2014-09-12,2014-09-12 07:00:00,8,18.45067,13.144806
2014-09-12,2014-09-12 08:00:00,9,73.32615,21.883566
2014-09-12,2014-09-12 09:00:00,10,81.235634,25.035892
2014-09-12,2014-09-12 10:00:00,11,40.73755,29.778185
2014-09-12,2014-09-12 11:00:00,12,36.18774,31.661839
2014-09-12,2014-09-12 12:00:00,13,32.828064,34.736645
2014-09-12,2014-09-12 13:00:00,14,31.149426,36.664654
2014-09-12,2014-09-12 14:00:00,15,32.83046,34.238686
2014-09-12,2014-09-12 15:00:00,16,34.267242,31.520378
2014-09-12,2014-09-12 16:00:00,17,35.225098,42.89663
2014-09-12,2014-09-12 17:00:00,18,30.193966,55.993553
2014-09-12,2014-09-12 18:00:00,19,22.528736,50.74729
2014-09-12,2014-09-12 19:00:00,20,46.48707,81.21712
2014-09-12,2014-09-12 20:00:00,21,69.01102,93.71706
2014-09-12,2014-09-12 21:00:00,22,72.3659,96.39398
2014-09-12,2014-09-12 22:00:00,23,96.09196,89.21475
2014-09-12,2014-09-12 23:00:00,24,92.97653,84.66219
2014-09-13,2014-09-13 00:00:00,1,75.002396,92.32511
2014-09-13,2014-09-13 01:00:00,2,33.788315,62.433594
2014-09-13,2014-09-13 02:00:00,3,15.095785,20.654856
2014-09-13,2014-09-13 03:00:00,4,14.377395,17.354013
2014-09-13,2014-09-13 04:00:00,5,16.05364,18.873035
2014-09-13,2014-09-13 05:00:00,6,15.335249,16.417526
2014-09-13,2014-09-13 06:00:00,7,14.856322,12.479977
2014-09-13,2014-09-13 07:00:00,8,10.78544,11.808023
2014-09-13,2014-09-13 08:00:00,9,11.264368,15.80394
2014-09-13,2014-09-13 09:00:00,10,9.348659,14.792433
2014-09-13,2014-09-13 10:00:00,11,11.503832,13.79207
2014-09-13,2014-09-13 11:00:00,12,10.78544,13.432152
2014-09-13,2014-09-13 12:00:00,13,10.06705,13.474646
2014-09-13,2014-09-13 13:00:00,14,12.461686,13.992229
2014-09-13,2014-09-13 14:00:00,15,11.9827585,12.843748
2014-09-13,2014-09-13 15:00:00,16,9.588122,12.111416
2014-09-13,2014-09-13 16:00:00,17,11.9827585,13.677828
2014-09-13,2014-09-13 17:00:00,18,11.743295,13.679785
2014-09-13,2014-09-13 18:00:00,19,10.06705,11.399776
2014-09-13,2014-09-13 19:00:00,20,11.9827585,13.398731
2014-09-13,2014-09-13 20:00:00,21,13.659004,14.4023
2014-09-13,2014-09-13 21:00:00,22,16.77203,16.299513
2014-09-13,2014-09-13 22:00:00,23,14.6168585,15.732925
2014-09-13,2014-09-13 23:00:00,24,13.898467,15.651215
2014-09-14,2014-09-14 00:00:00,1,16.77203,15.686802
2014-09-14,2014-09-14 01:00:00,2,16.293104,14.042332
2014-09-14,2014-09-14 02:00:00,3,13.659004,11.384359
2014-09-14,2014-09-14 03:00:00,4,14.856322,11.796101
2014-09-14,2014-09-14 04:00:00,5,17.490421,13.7929535
2014-09-14,2014-09-14 05:00:00,6,15.574713,12.954042
2014-09-14,2014-09-14 06:00:00,7,14.137931,11.41404
2014-09-14,2014-09-14 07:00:00,8,11.503832,10.325445
2014-09-14,2014-09-14 08:00:00,9,11.503832,11.9158325
2014-09-14,2014-09-14 09:00:00,10,9.827586,11.58325
2014-09-14,2014-09-14 10:00:00,11,12.701149,11.179003
2014-09-14,2014-09-14 11:00:00,12,11.9827585,11.161919
2014-09-14,2014-09-14 12:00:00,13,9.588122,11.224787
2014-09-14,2014-09-14 13:00:00,14,11.743295,12.18725
2014-09-14,2014-09-14 14:00:00,15,11.503832,11.443836
2014-09-14,2014-09-14 15:00:00,16,10.306514,10.60351
2014-09-14,2014-09-14 16:00:00,17,12.222222,11.883188
2014-09-14,2014-09-14 17:00:00,18,11.264368,11.783062
2014-09-14,2014-09-14 18:00:00,19,11.264368,10.918018
2014-09-14,2014-09-14 19:00:00,20,11.743295,11.993099
2014-09-14,2014-09-14 20:00:00,21,14.137931,13.0524845
2014-09-14,2014-09-14 21:00:00,22,16.293104,15.1322365
2014-09-14,2014-09-14 22:00:00,23,13.898467,13.712902
2014-09-14,2014-09-14 23:00:00,24,14.6168585,13.724052
2014-09-15,2014-09-15 00:00:00,1,16.532568,17.887384
2014-09-15,2014-09-15 01:00:00,2,16.532568,17.418262
2014-09-15,2014-09-15 02:00:00,3,14.6168585,12.669952
2014-09-15,2014-09-15 03:00:00,4,14.6168585,14.323364
2014-09-15,2014-09-15 04:00:00,5,16.532568,17.300758
2014-09-15,2014-09-15 05:00:00,6,15.574713,18.02138
2014-09-15,2014-09-15 06:00:00,7,14.377395,14.944529
2014-09-15,2014-09-15 07:00:00,8,17.974138,14.141531
2014-09-15,2014-09-15 08:00:00,9,92.73707,35.000443
2014-09-15,2014-09-15 09:00:00,10,96.09196,29.798998
2014-09-15,2014-09-15 10:00:00,11,98.965515,31.843071
2014-09-15,2014-09-15 11:00:00,12,99.20498,34.139256
2014-09-15,2014-09-15 12:00:00,13,108.074715,31.15181
2014-09-15,2014-09-15 13:00:00,14,111.18774,33.613487
2014-09-15,2014-09-15 14:00:00,15,104.961685,32.911514
2014-09-15,2014-09-15 15:00:00,16,103.280655,32.502426
2014-09-15,2014-09-15 16:00:00,17,107.59579,37.05507
2014-09-15,2014-09-15 17:00:00,18,112.86638,35.846058
2014-09-15,2014-09-15 18:00:00,19,115.01916,34.424904
2014-09-15,2014-09-15 19:00:00,20,113.10345,55.732513
2014-09-15,2014-09-15 20:00:00,21,110.469345,83.108284
2014-09-15,2014-09-15 21:00:00,22,108.793106,84.76816
2014-09-15,2014-09-15 22:00:00,23,104.961685,81.546524
2014-09-15,2014-09-15 23:00:00,24,102.08094,78.65671
2014-09-16,2014-09-16 00:00:00,1,104.2409,99.13965
2014-09-16,2014-09-16 01:00:00,2,49.60249,52.83338
2014-09-16,2014-09-16 02:00:00,3,26.599617,17.257338
2014-09-16,2014-09-16 03:00:00,4,25.402298,17.054523
2014-09-16,2014-09-16 04:00:00,5,23.48659,18.4297
2014-09-16,2014-09-16 05:00:00,6,21.807951,17.526554
2014-09-16,2014-09-16 06:00:00,7,17.969349,14.718609
2014-09-16,2014-09-16 07:00:00,8,28.75479,15.573795
2014-09-16,2014-09-16 08:00:00,9,82.91188,65.02132
2014-09-16,2014-09-16 09:00:00,10,81.71456,63.735138
2014-09-16,2014-09-16 10:00:00,11,82.91188,59.381493
2014-09-16,2014-09-16 11:00:00,12,84.10919,61.40651
2014-09-16,2014-09-16 12:00:00,13,94.41571,70.71929
2014-09-16,2014-09-16 13:00:00,14,96.33142,79.20374
2014-09-16,2014-09-16 14:00:00,15,98.24712,71.48392
2014-09-16,2014-09-16 15:00:00,16,106.159004,54.300896
2014-09-16,2014-09-16 16:00:00,17,114.0637,65.90557
2014-09-16,2014-09-16 17:00:00,18,120.77107,77.46956
2014-09-16,2014-09-16 18:00:00,19,112.385056,78.997604
2014-09-16,2014-09-16 19:00:00,20,107.11686,93.49338
2014-09-16,2014-09-16 20:00:00,21,104.961685,101.59346
2014-09-16,2014-09-16 21:00:00,22,103.52251,99.638
2014-09-16,2014-09-16 22:00:00,23,98.00766,95.92851
2014-09-16,2014-09-16 23:00:00,24,100.162834,93.45798
2014-09-17,2014-09-17 00:00:00,1,99.6863,100.60427
2014-09-17,2014-09-17 01:00:00,2,57.50958,61.44275
2014-09-17,2014-09-17 02:00:00,3,14.377395,21.976301
2014-09-17,2014-09-17 03:00:00,4,14.856322,22.473389
2014-09-17,2014-09-17 04:00:00,5,16.05364,22.723003
2014-09-17,2014-09-17 05:00:00,6,15.814177,20.276815
2014-09-17,2014-09-17 06:00:00,7,14.6168585,18.369698
2014-09-17,2014-09-17 07:00:00,8,17.734674,22.503014
2014-09-17,2014-09-17 08:00:00,9,83.63027,88.438225
2014-09-17,2014-09-17 09:00:00,10,81.4751,89.28193
2014-09-17,2014-09-17 10:00:00,11,86.74569,85.5642
2014-09-17,2014-09-17 11:00:00,12,94.17625,86.33055
2014-09-17,2014-09-17 12:00:00,13,94.89464,91.05557
2014-09-17,2014-09-17 13:00:00,14,91.77921,92.56923
2014-09-17,2014-09-17 14:00:00,15,92.5,93.80711
2014-09-17,2014-09-17 15:00:00,16,89.62404,94.26491
2014-09-17,2014-09-17 16:00:00,17,95.85488,99.48807
2014-09-17,2014-09-17 17:00:00,18,109.030174,104.20723
2014-09-17,2014-09-17 18:00:00,19,91.06322,101.28693
2014-09-17,2014-09-17 19:00:00,20,99.44444,102.627396
2014-09-17,2014-09-17 20:00:00,21,109.27203,105.52531
2014-09-17,2014-09-17 21:00:00,22,115.50288,106.02481
2014-09-17,2014-09-17 22:00:00,23,113.34291,101.80349
2014-09-17,2014-09-17 23:00:00,24,105.20115,100.28839
2014-09-18,2014-09-18 00:00:00,1,101.60201,103.453415
2014-09-18,2014-09-18 01:00:00,2,80.75431,60.540802
2014-09-18,2014-09-18 02:00:00,3,17.250957,18.31118
2014-09-18,2014-09-18 03:00:00,4,17.490421,20.074759
2014-09-18,2014-09-18 04:00:00,5,17.490421,21.01773
2014-09-18,2014-09-18 05:00:00,6,15.095785,19.373255
2014-09-18,2014-09-18 06:00:00,7,13.898467,16.952679
2014-09-18,2014-09-18 07:00:00,8,11.9827585,20.055481
2014-09-18,2014-09-18 08:00:00,9,43.613506,87.87842
2014-09-18,2014-09-18 09:00:00,10,87.94301,88.252846
2014-09-18,2014-09-18 10:00:00,11,88.18008,87.26213
2014-09-18,2014-09-18 11:00:00,12,94.89464,88.62737
2014-09-18,2014-09-18 12:00:00,13,98.48898,90.637276
2014-09-18,2014-09-18 13:00:00,14,95.373566,91.71538
2014-09-18,2014-09-18 14:00:00,15,49.363026,93.17026
2014-09-18,2014-09-18 15:00:00,16,49.604885,91.7943
2014-09-18,2014-09-18 16:00:00,17,59.909004,97.32315
2014-09-18,2014-09-18 17:00:00,18,83.151344,102.24437
2014-09-18,2014-09-18 18:00:00,19,85.54837,97.572044
2014-09-18,2014-09-18 19:00:00,20,111.4272,103.07177
2014-09-18,2014-09-18 20:00:00,21,108.793106,106.730576
2014-09-18,2014-09-18 21:00:00,22,107.35632,106.49811
2014-09-18,2014-09-18 22:00:00,23,103.99904,103.90376
2014-09-18,2014-09-18 23:00:00,24,98.965515,100.670334
2014-09-19,2014-09-19 00:00:00,1,99.44444,96.49445
2014-09-19,2014-09-19 01:00:00,2,62.543102,67.7495
2014-09-19,2014-09-19 02:00:00,3,16.532568,16.457436
2014-09-19,2014-09-19 03:00:00,4,15.814177,17.189493
2014-09-19,2014-09-19 04:00:00,5,17.250957,17.604687
2014-09-19,2014-09-19 05:00:00,6,16.293104,16.204006
2014-09-19,2014-09-19 06:00:00,7,13.898467,14.595177
2014-09-19,2014-09-19 07:00:00,8,19.171455,15.833385
2014-09-19,2014-09-19 08:00:00,9,41.695404,71.4568
2014-09-19,2014-09-19 09:00:00,10,41.695404,83.61183
2014-09-19,2014-09-19 10:00:00,11,47.686783,78.954834
2014-09-19,2014-09-19 11:00:00,12,51.28113,81.92885
2014-09-19,2014-09-19 12:00:00,13,38.82184,81.5173
2014-09-19,2014-09-19 13:00:00,14,28.036398,78.10654
2014-09-19,2014-09-19 14:00:00,15,22.047413,70.11929
2014-09-19,2014-09-19 15:00:00,16,25.399904,73.382065
2014-09-19,2014-09-19 16:00:00,17,34.267242,74.307205
2014-09-19,2014-09-19 17:00:00,18,54.396553,91.151535
2014-09-19,2014-09-19 18:00:00,19,50.08621,78.30419
2014-09-19,2014-09-19 19:00:00,20,70.45258,93.2772
2014-09-19,2014-09-19 20:00:00,21,89.85872,99.3525
2014-09-19,2014-09-19 21:00:00,22,100.16523,99.24865
2014-09-19,2014-09-19 22:00:00,23,97.049805,96.43096
2014-09-19,2014-09-19 23:00:00,24,98.72605,91.35579
2014-09-20,2014-09-20 00:00:00,1,38.34052,94.48282
2014-09-20,2014-09-20 01:00:00,2,26.83908,51.506355
2014-09-20,2014-09-20 02:00:00,3,21.57088,16.62524
2014-09-20,2014-09-20 03:00:00,4,17.969349,14.151524
2014-09-20,2014-09-20 04:00:00,5,16.532568,15.837841
2014-09-20,2014-09-20 05:00:00,6,15.335249,13.37735
2014-09-20,2014-09-20 06:00:00,7,14.137931,12.533791
2014-09-20,2014-09-20 07:00:00,8,10.545977,11.737652
2014-09-20,2014-09-20 08:00:00,9,9.827586,13.454174
2014-09-20,2014-09-20 09:00:00,10,8.630268,13.426582
2014-09-20,2014-09-20 10:00:00,11,11.264368,12.889141
2014-09-20,2014-09-20 11:00:00,12,11.024904,13.008591
2014-09-20,2014-09-20 12:00:00,13,9.827586,13.094959
2014-09-20,2014-09-20 13:00:00,14,11.9827585,13.072834
2014-09-20,2014-09-20 14:00:00,15,11.503832,12.021759
2014-09-20,2014-09-20 15:00:00,16,10.06705,11.680874
2014-09-20,2014-09-20 16:00:00,17,11.264368,13.0327835
2014-09-20,2014-09-20 17:00:00,18,10.78544,12.99118
2014-09-20,2014-09-20 18:00:00,19,9.827586,12.811638
2014-09-20,2014-09-20 19:00:00,20,11.743295,13.503216
2014-09-20,2014-09-20 20:00:00,21,14.377395,14.925049
2014-09-20,2014-09-20 21:00:00,22,18.690134,16.613583
2014-09-20,2014-09-20 22:00:00,23,14.6168585,15.865234
2014-09-20,2014-09-20 23:00:00,24,14.137931,15.551319
2014-09-21,2014-09-21 00:00:00,1,16.293104,14.418636
2014-09-21,2014-09-21 01:00:00,2,15.095785,13.955765
2014-09-21,2014-09-21 02:00:00,3,12.940613,11.8908
2014-09-21,2014-09-21 03:00:00,4,13.41954,11.911419
2014-09-21,2014-09-21 04:00:00,5,17.969349,12.758255
2014-09-21,2014-09-21 05:00:00,6,16.293104,12.252426
2014-09-21,2014-09-21 06:00:00,7,13.180077,10.66325
2014-09-21,2014-09-21 07:00:00,8,10.78544,9.655098
2014-09-21,2014-09-21 08:00:00,9,9.827586,11.027103
2014-09-21,2014-09-21 09:00:00,10,8.869732,10.789749
2014-09-21,2014-09-21 10:00:00,11,11.503832,10.391449
2014-09-21,2014-09-21 11:00:00,12,11.743295,10.585541
2014-09-21,2014-09-21 12:00:00,13,9.588122,10.954052
2014-09-21,2014-09-21 13:00:00,14,9.348659,11.9953575
2014-09-21,2014-09-21 14:00:00,15,7.4305553,10.79789
2014-09-21,2014-09-21 15:00:00,16,6.4703064,10.527931
2014-09-21,2014-09-21 16:00:00,17,8.390804,11.551174
2014-09-21,2014-09-21 17:00:00,18,7.670019,11.979004
2014-09-21,2014-09-21 18:00:00,19,7.1886973,11.978725
2014-09-21,2014-09-21 19:00:00,20,7.9118776,12.751926
2014-09-21,2014-09-21 20:00:00,21,12.701149,14.5606
2014-09-21,2014-09-21 21:00:00,22,13.180077,16.912224
2014-09-21,2014-09-21 22:00:00,23,10.78544,15.096363
2014-09-21,2014-09-21 23:00:00,24,11.503832,15.433121
2014-09-22,2014-09-22 00:00:00,1,13.659004,13.287415
2014-09-22,2014-09-22 01:00:00,2,12.461686,12.637196
2014-09-22,2014-09-22 02:00:00,3,11.024904,11.138515
2014-09-22,2014-09-22 03:00:00,4,12.940613,12.105492
2014-09-22,2014-09-22 04:00:00,5,13.180077,13.287544
2014-09-22,2014-09-22 05:00:00,6,13.41954,13.696037
2014-09-22,2014-09-22 06:00:00,7,11.9827585,12.716755
2014-09-22,2014-09-22 07:00:00,8,17.016283,15.676979
2014-09-22,2014-09-22 08:00:00,9,77.16235,65.95331
2014-09-22,2014-09-22 09:00:00,10,86.98755,77.27048
2014-09-22,2014-09-22 10:00:00,11,94.41571,76.156204
2014-09-22,2014-09-22 11:00:00,12,94.89464,83.282715
2014-09-22,2014-09-22 12:00:00,13,99.20498,81.10043
2014-09-22,2014-09-22 13:00:00,14,93.69732,85.41632
2014-09-22,2014-09-22 14:00:00,15,95.1341,78.48331
2014-09-22,2014-09-22 15:00:00,16,94.41571,77.52205
2014-09-22,2014-09-22 16:00:00,17,103.759575,84.08156
2014-09-22,2014-09-22 17:00:00,18,120.292145,93.05818
2014-09-22,2014-09-22 18:00:00,19,114.0613,90.03586
2014-09-22,2014-09-22 19:00:00,20,110.469345,93.77933
2014-09-22,2014-09-22 20:00:00,21,109.5115,100.024475
2014-09-22,2014-09-22 21:00:00,22,113.582375,99.95855
2014-09-22,2014-09-22 22:00:00,23,103.759575,95.40344
2014-09-22,2014-09-22 23:00:00,24,99.92337,90.38356
2014-09-23,2014-09-23 00:00:00,1,98.00766,99.672516
2014-09-23,2014-09-23 01:00:00,2,40.49569,63.35336
2014-09-23,2014-09-23 02:00:00,3,26.360153,19.119884
2014-09-23,2014-09-23 03:00:00,4,26.360153,17.523495
2014-09-23,2014-09-23 04:00:00,5,24.923372,17.873894
2014-09-23,2014-09-23 05:00:00,6,21.807951,17.849129
2014-09-23,2014-09-23 06:00:00,7,16.05364,16.315327
2014-09-23,2014-09-23 07:00:00,8,23.244732,19.212482
2014-09-23,2014-09-23 08:00:00,9,87.461685,77.91384
2014-09-23,2014-09-23 09:00:00,10,88.663795,83.14488
2014-09-23,2014-09-23 10:00:00,11,92.73946,85.81147
2014-09-23,2014-09-23 11:00:00,12,98.00766,90.354416
2014-09-23,2014-09-23 12:00:00,13,98.48659,93.51142
2014-09-23,2014-09-23 13:00:00,14,98.48659,91.71509
2014-09-23,2014-09-23 14:00:00,15,94.41571,89.660034
2014-09-23,2014-09-23 15:00:00,16,91.542145,88.40054
2014-09-23,2014-09-23 16:00:00,17,95.373566,94.73873
2014-09-23,2014-09-23 17:00:00,18,108.55364,103.08272
2014-09-23,2014-09-23 18:00:00,19,99.68391,96.36662
2014-09-23,2014-09-23 19:00:00,20,97.049805,100.59415
2014-09-23,2014-09-23 20:00:00,21,96.570885,105.58485
2014-09-23,2014-09-23 21:00:00,22,96.81035,107.887856
2014-09-23,2014-09-23 22:00:00,23,94.17625,104.72336
2014-09-23,2014-09-23 23:00:00,24,88.18487,100.44859
2014-09-24,2014-09-24 00:00:00,1,50.081417,87.89685
2014-09-24,2014-09-24 01:00:00,2,20.608238,51.81175
2014-09-24,2014-09-24 02:00:00,3,16.293104,17.032455
2014-09-24,2014-09-24 03:00:00,4,17.969349,16.629692
2014-09-24,2014-09-24 04:00:00,5,18.208813,18.108543
2014-09-24,2014-09-24 05:00:00,6,17.969349,17.407894
2014-09-24,2014-09-24 06:00:00,7,15.335249,15.271812
2014-09-24,2014-09-24 07:00:00,8,16.056034,19.031582
2014-09-24,2014-09-24 08:00:00,9,24.923372,82.52964
2014-09-24,2014-09-24 09:00:00,10,28.036398,87.6467
2014-09-24,2014-09-24 10:00:00,11,29.233717,85.995026
2014-09-24,2014-09-24 11:00:00,12,25.641762,90.85283
2014-09-24,2014-09-24 12:00:00,13,24.20498,93.37323
2014-09-24,2014-09-24 13:00:00,14,21.805555,91.25337
2014-09-24,2014-09-24 14:00:00,15,26.118296,87.00091
2014-09-24,2014-09-24 15:00:00,16,30.19157,85.94539
2014-09-24,2014-09-24 16:00:00,17,33.788315,93.66285
2014-09-24,2014-09-24 17:00:00,18,38.57998,103.85091
2014-09-24,2014-09-24 18:00:00,19,31.149426,97.14101
2014-09-24,2014-09-24 19:00:00,20,57.990902,100.62683
2014-09-24,2014-09-24 20:00:00,21,102.08094,102.6998
2014-09-24,2014-09-24 21:00:00,22,109.5115,105.09671
2014-09-24,2014-09-24 22:00:00,23,99.207375,101.64395
2014-09-24,2014-09-24 23:00:00,24,74.04454,97.611084
2014-09-25,2014-09-25 00:00:00,1,36.903736,63.48957
2014-09-25,2014-09-25 01:00:00,2,19.166666,33.43582
2014-09-25,2014-09-25 02:00:00,3,13.180077,16.60505
2014-09-25,2014-09-25 03:00:00,4,13.898467,16.02686
2014-09-25,2014-09-25 04:00:00,5,15.095785,17.411205
2014-09-25,2014-09-25 05:00:00,6,13.41954,16.955696
2014-09-25,2014-09-25 06:00:00,7,12.222222,15.480209
2014-09-25,2014-09-25 07:00:00,8,12.703544,17.887583
2014-09-25,2014-09-25 08:00:00,9,32.351532,38.712418
2014-09-25,2014-09-25 09:00:00,10,40.25862,74.146736
2014-09-25,2014-09-25 10:00:00,11,42.89272,80.465126
2014-09-25,2014-09-25 11:00:00,12,45.05029,85.50899
2014-09-25,2014-09-25 12:00:00,13,49.604885,83.41795
2014-09-25,2014-09-25 13:00:00,14,44.813217,76.88322
2014-09-25,2014-09-25 14:00:00,15,35.94588,72.82903
2014-09-25,2014-09-25 15:00:00,16,36.666668,77.93916
2014-09-25,2014-09-25 16:00:00,17,46.245213,89.268585
2014-09-25,2014-09-25 17:00:00,18,52.238983,100.24476
2014-09-25,2014-09-25 18:00:00,19,74.52347,94.825096
2014-09-25,2014-09-25 19:00:00,20,116.93965,98.3703
2014-09-25,2014-09-25 20:00:00,21,113.10345,105.30875
2014-09-25,2014-09-25 21:00:00,22,109.03257,106.08734
2014-09-25,2014-09-25 22:00:00,23,97.28927,101.68376
2014-09-25,2014-09-25 23:00:00,24,94.89464,96.456764
2014-09-26,2014-09-26 00:00:00,1,94.41571,79.60955
2014-09-26,2014-09-26 01:00:00,2,64.70067,39.10114
2014-09-26,2014-09-26 02:00:00,3,11.503832,18.341425
2014-09-26,2014-09-26 03:00:00,4,12.701149,17.401308
2014-09-26,2014-09-26 04:00:00,5,14.377395,18.158548
2014-09-26,2014-09-26 05:00:00,6,13.898467,16.441048
2014-09-26,2014-09-26 06:00:00,7,11.503832,15.231808
2014-09-26,2014-09-26 07:00:00,8,13.421935,17.395555
2014-09-26,2014-09-26 08:00:00,9,27.796934,31.07401
2014-09-26,2014-09-26 09:00:00,10,29.233717,37.068047
2014-09-26,2014-09-26 10:00:00,11,26.360153,38.508636
2014-09-26,2014-09-26 11:00:00,12,29.712645,39.72748
2014-09-26,2014-09-26 12:00:00,13,28.515326,37.205536
2014-09-26,2014-09-26 13:00:00,14,26.83908,33.57025
2014-09-26,2014-09-26 14:00:00,15,24.20498,29.372808
2014-09-26,2014-09-26 15:00:00,16,25.641762,30.248455
2014-09-26,2014-09-26 16:00:00,17,39.29837,41.22681
2014-09-26,2014-09-26 17:00:00,18,108.31418,52.791195
2014-09-26,2014-09-26 18:00:00,19,109.27203,51.847965
2014-09-26,2014-09-26 19:00:00,20,107.59579,82.46753
2014-09-26,2014-09-26 20:00:00,21,103.52251,97.15805
2014-09-26,2014-09-26 21:00:00,22,104.24329,99.926636
2014-09-26,2014-09-26 22:00:00,23,104.2409,96.655334
2014-09-26,2014-09-26 23:00:00,24,113.34291,88.380325
2014-09-27,2014-09-27 00:00:00,1,54.63362,100.29953
2014-09-27,2014-09-27 01:00:00,2,22.286877,39.84732
2014-09-27,2014-09-27 02:00:00,3,17.250957,21.159334
2014-09-27,2014-09-27 03:00:00,4,16.293104,19.114328
2014-09-27,2014-09-27 04:00:00,5,17.729885,18.605412
2014-09-27,2014-09-27 05:00:00,6,14.856322,16.481915
2014-09-27,2014-09-27 06:00:00,7,13.180077,14.418488
2014-09-27,2014-09-27 07:00:00,8,9.588122,13.878254
2014-09-27,2014-09-27 08:00:00,9,9.348659,15.30312
2014-09-27,2014-09-27 09:00:00,10,7.670019,14.441837
2014-09-27,2014-09-27 10:00:00,11,9.109196,14.036552
2014-09-27,2014-09-27 11:00:00,12,9.348659,13.880146
2014-09-27,2014-09-27 12:00:00,13,8.38841,14.165298
2014-09-27,2014-09-27 13:00:00,14,11.503832,14.090637
2014-09-27,2014-09-27 14:00:00,15,10.306514,13.104744
2014-09-27,2014-09-27 15:00:00,16,8.630268,12.966347
2014-09-27,2014-09-27 16:00:00,17,9.109196,13.8702965
2014-09-27,2014-09-27 17:00:00,18,8.869732,13.948116
2014-09-27,2014-09-27 18:00:00,19,7.4305553,13.951622
2014-09-27,2014-09-27 19:00:00,20,10.545977,14.387814
2014-09-27,2014-09-27 20:00:00,21,14.137931,15.454472
2014-09-27,2014-09-27 21:00:00,22,14.6168585,16.71288
2014-09-27,2014-09-27 22:00:00,23,11.743295,16.21437
2014-09-27,2014-09-27 23:00:00,24,13.180077,15.079269
2014-09-28,2014-09-28 00:00:00,1,14.377395,12.580112
2014-09-28,2014-09-28 01:00:00,2,15.335249,11.676041
2014-09-28,2014-09-28 02:00:00,3,12.940613,11.041737
2014-09-28,2014-09-28 03:00:00,4,12.461686,11.398754
2014-09-28,2014-09-28 04:00:00,5,13.898467,13.020767
2014-09-28,2014-09-28 05:00:00,6,13.898467,12.024666
2014-09-28,2014-09-28 06:00:00,7,13.659004,10.445866
2014-09-28,2014-09-28 07:00:00,8,9.588122,8.923546
2014-09-28,2014-09-28 08:00:00,9,9.109196,9.684334
2014-09-28,2014-09-28 09:00:00,10,7.191092,8.734226
2014-09-28,2014-09-28 10:00:00,11,9.588122,8.799454
2014-09-28,2014-09-28 11:00:00,12,8.867337,9.646843
2014-09-28,2014-09-28 12:00:00,13,7.43295,9.38187
2014-09-28,2014-09-28 13:00:00,14,8.630268,9.32262
2014-09-28,2014-09-28 14:00:00,15,8.630268,8.2365
2014-09-28,2014-09-28 15:00:00,16,7.672414,8.064613
2014-09-28,2014-09-28 16:00:00,17,9.109196,8.657848
2014-09-28,2014-09-28 17:00:00,18,8.151341,8.553032
2014-09-28,2014-09-28 18:00:00,19,7.428161,8.810062
2014-09-28,2014-09-28 19:00:00,20,9.348659,9.677525
2014-09-28,2014-09-28 20:00:00,21,11.743295,12.037174
2014-09-28,2014-09-28 21:00:00,22,13.180077,12.761169
2014-09-28,2014-09-28 22:00:00,23,12.461686,11.595474
2014-09-28,2014-09-28 23:00:00,24,11.503832,12.274513
2014-09-29,2014-09-29 00:00:00,1,13.41954,11.620262
2014-09-29,2014-09-29 01:00:00,2,13.659004,11.408356
2014-09-29,2014-09-29 02:00:00,3,10.78544,11.198795
2014-09-29,2014-09-29 03:00:00,4,11.743295,12.357079
2014-09-29,2014-09-29 04:00:00,5,13.41954,12.986137
2014-09-29,2014-09-29 05:00:00,6,14.377395,13.424377
2014-09-29,2014-09-29 06:00:00,7,11.9827585,11.74715
2014-09-29,2014-09-29 07:00:00,8,12.461686,14.719868
2014-09-29,2014-09-29 08:00:00,9,32.11207,53.883957
2014-09-29,2014-09-29 09:00:00,10,36.18774,72.83658
2014-09-29,2014-09-29 10:00:00,11,39.061302,70.88912
2014-09-29,2014-09-29 11:00:00,12,39.54023,78.57503
2014-09-29,2014-09-29 12:00:00,13,29.954502,80.69146
2014-09-29,2014-09-29 13:00:00,14,28.515326,81.88514
2014-09-29,2014-09-29 14:00:00,15,21.087164,80.914474
2014-09-29,2014-09-29 15:00:00,16,18.211206,80.25599
2014-09-29,2014-09-29 16:00:00,17,31.633142,87.00684
2014-09-29,2014-09-29 17:00:00,18,52.480843,103.608246
2014-09-29,2014-09-29 18:00:00,19,46.00575,103.6452
2014-09-29,2014-09-29 19:00:00,20,69.97127,105.11472
2014-09-29,2014-09-29 20:00:00,21,90.10058,106.05883
2014-09-29,2014-09-29 21:00:00,22,102.56226,105.637405
2014-09-29,2014-09-29 22:00:00,23,102.325195,100.01747
2014-09-29,2014-09-29 23:00:00,24,100.162834,98.61372
2014-09-30,2014-09-30 00:00:00,1,100.4023,61.830204
2014-09-30,2014-09-30 01:00:00,2,71.40804,33.487938
2014-09-30,2014-09-30 02:00:00,3,22.286877,17.247011
2014-09-30,2014-09-30 03:00:00,4,21.08477,16.308077
2014-09-30,2014-09-30 04:00:00,5,21.807951,16.070774
2014-09-30,2014-09-30 05:00:00,6,18.448277,15.599697
2014-09-30,2014-09-30 06:00:00,7,15.335249,14.485128
2014-09-30,2014-09-30 07:00:00,8,14.379789,16.447216
2014-09-30,2014-09-30 08:00:00,9,23.484196,28.281971
2014-09-30,2014-09-30 09:00:00,10,21.810345,35.112457
2014-09-30,2014-09-30 10:00:00,11,33.309387,39.517136
2014-09-30,2014-09-30 11:00:00,12,43.132183,42.557983
2014-09-30,2014-09-30 12:00:00,13,46.25,41.759705
2014-09-30,2014-09-30 13:00:00,14,34.985634,38.252003
2014-09-30,2014-09-30 14:00:00,15,30.431034,31.526718
2014-09-30,2014-09-30 15:00:00,16,30.431034,32.250908
2014-09-30,2014-09-30 16:00:00,17,31.38889,44.629417
2014-09-30,2014-09-30 17:00:00,18,40.019157,66.581116
2014-09-30,2014-09-30 18:00:00,19,36.661877,66.650635
2014-09-30,2014-09-30 19:00:00,20,83.393196,85.48506
2014-09-30,2014-09-30 20:00:00,21,91.542145,98.72899
2014-09-30,2014-09-30 21:00:00,22,92.26054,99.94621
2014-09-30,2014-09-30 22:00:00,23,96.570885,97.118286
2014-09-30,2014-09-30 23:00:00,24,102.320404,90.46417
2014-10-01,2014-10-01 00:00:00,1,87.94301,95.08566
2014-10-01,2014-10-01 01:00:00,2,36.18295,50.127556
2014-10-01,2014-10-01 02:00:00,3,24.444445,21.319437
2014-10-01,2014-10-01 03:00:00,4,22.047413,19.892815
2014-10-01,2014-10-01 04:00:00,5,19.408525,20.48094
2014-10-01,2014-10-01 05:00:00,6,18.448277,18.570776
2014-10-01,2014-10-01 06:00:00,7,13.180077,15.61492
2014-10-01,2014-10-01 07:00:00,8,10.78544,16.648447
2014-10-01,2014-10-01 08:00:00,9,11.264368,29.935078
2014-10-01,2014-10-01 09:00:00,10,10.78544,33.270653
2014-10-01,2014-10-01 10:00:00,11,16.295498,38.47663
2014-10-01,2014-10-01 11:00:00,12,23.247126,42.080883
2014-10-01,2014-10-01 12:00:00,13,32.109673,39.74153
2014-10-01,2014-10-01 13:00:00,14,33.788315,36.3128
2014-10-01,2014-10-01 14:00:00,15,30.431034,32.131996
2014-10-01,2014-10-01 15:00:00,16,29.954502,32.531723
2014-10-01,2014-10-01 16:00:00,17,39.779694,43.052902
2014-10-01,2014-10-01 17:00:00,18,49.363026,74.24004
2014-10-01,2014-10-01 18:00:00,19,38.34291,65.74295
2014-10-01,2014-10-01 19:00:00,20,78.35728,93.13393
2014-10-01,2014-10-01 20:00:00,21,105.68008,102.88597
2014-10-01,2014-10-01 21:00:00,22,105.19875,103.254166
2014-10-01,2014-10-01 22:00:00,23,103.52251,100.86017
2014-10-01,2014-10-01 23:00:00,24,106.63793,98.70981
2014-10-02,2014-10-02 00:00:00,1,100.16523,96.80574
2014-10-02,2014-10-02 01:00:00,2,74.52347,44.87991
2014-10-02,2014-10-02 02:00:00,3,21.087164,19.71309
2014-10-02,2014-10-02 03:00:00,4,20.126915,18.748291
2014-10-02,2014-10-02 04:00:00,5,22.286877,18.601496
2014-10-02,2014-10-02 05:00:00,6,20.371168,16.580929
2014-10-02,2014-10-02 06:00:00,7,16.293104,12.959017
2014-10-02,2014-10-02 07:00:00,8,17.492817,13.493441
2014-10-02,2014-10-02 08:00:00,9,22.52634,22.92843
2014-10-02,2014-10-02 09:00:00,10,22.765804,26.055065
2014-10-02,2014-10-02 10:00:00,11,26.599617,30.943283
2014-10-02,2014-10-02 11:00:00,12,25.402298,33.968147
2014-10-02,2014-10-02 12:00:00,13,26.360153,35.915874
2014-10-02,2014-10-02 13:00:00,14,25.402298,33.744255
2014-10-02,2014-10-02 14:00:00,15,28.75479,29.308199
2014-10-02,2014-10-02 15:00:00,16,24.683908,29.50889
2014-10-02,2014-10-02 16:00:00,17,29.23611,40.52693
2014-10-02,2014-10-02 17:00:00,18,73.086685,53.61673
2014-10-02,2014-10-02 18:00:00,19,93.21839,59.37455
2014-10-02,2014-10-02 19:00:00,20,111.429596,90.02603
2014-10-02,2014-10-02 20:00:00,21,114.30316,100.21957
2014-10-02,2014-10-02 21:00:00,22,111.18774,103.42688
2014-10-02,2014-10-02 22:00:00,23,102.320404,100.21164
2014-10-02,2014-10-02 23:00:00,24,107.35632,98.92674
2014-10-03,2014-10-03 00:00:00,1,94.413315,98.84029
2014-10-03,2014-10-03 01:00:00,2,49.84435,54.331783
2014-10-03,2014-10-03 02:00:00,3,20.608238,19.303005
2014-10-03,2014-10-03 03:00:00,4,18.927202,19.159998
2014-10-03,2014-10-03 04:00:00,5,17.250957,20.185421
2014-10-03,2014-10-03 05:00:00,6,18.208813,18.372847
2014-10-03,2014-10-03 06:00:00,7,15.095785,14.995581
2014-10-03,2014-10-03 07:00:00,8,16.295498,15.374313
2014-10-03,2014-10-03 08:00:00,9,28.036398,20.635174
2014-10-03,2014-10-03 09:00:00,10,29.952106,22.31285
2014-10-03,2014-10-03 10:00:00,11,37.86159,25.473959
2014-10-03,2014-10-03 11:00:00,12,44.329502,28.659271
2014-10-03,2014-10-03 12:00:00,13,44.329502,29.515488
2014-10-03,2014-10-03 13:00:00,14,43.371647,28.61988
2014-10-03,2014-10-03 14:00:00,15,39.54023,27.655853
2014-10-03,2014-10-03 15:00:00,16,48.16571,26.354897
2014-10-03,2014-10-03 16:00:00,17,76.92289,32.899582
2014-10-03,2014-10-03 17:00:00,18,103.52012,57.545998
2014-10-03,2014-10-03 18:00:00,19,99.92816,66.64044
2014-10-03,2014-10-03 19:00:00,20,106.159004,95.03179
2014-10-03,2014-10-03 20:00:00,21,107.83525,104.62211
2014-10-03,2014-10-03 21:00:00,22,106.63554,102.23317
2014-10-03,2014-10-03 22:00:00,23,99.6863,99.36607
2014-10-03,2014-10-03 23:00:00,24,101.84387,97.06796
2014-10-04,2014-10-04 00:00:00,1,100.64176,65.339195
2014-10-04,2014-10-04 01:00:00,2,95.1341,30.716957
2014-10-04,2014-10-04 02:00:00,3,22.528736,16.704144
2014-10-04,2014-10-04 03:00:00,4,19.408525,15.273483
2014-10-04,2014-10-04 04:00:00,5,19.889847,16.197992
2014-10-04,2014-10-04 05:00:00,6,18.208813,13.864611
2014-10-04,2014-10-04 06:00:00,7,14.377395,11.604101
2014-10-04,2014-10-04 07:00:00,8,12.940613,10.874453
2014-10-04,2014-10-04 08:00:00,9,11.264368,12.498011
2014-10-04,2014-10-04 09:00:00,10,10.06705,11.47097
2014-10-04,2014-10-04 10:00:00,11,12.461686,11.480745
2014-10-04,2014-10-04 11:00:00,12,10.78544,11.308619
2014-10-04,2014-10-04 12:00:00,13,10.06705,11.379511
2014-10-04,2014-10-04 13:00:00,14,14.137931,11.413443
2014-10-04,2014-10-04 14:00:00,15,13.659004,10.856466
2014-10-04,2014-10-04 15:00:00,16,9.827586,10.569624
2014-10-04,2014-10-04 16:00:00,17,11.503832,11.458498
2014-10-04,2014-10-04 17:00:00,18,11.264368,12.074781
2014-10-04,2014-10-04 18:00:00,19,10.545977,11.110727
2014-10-04,2014-10-04 19:00:00,20,13.41954,12.1517105
2014-10-04,2014-10-04 20:00:00,21,15.574713,13.768372
2014-10-04,2014-10-04 21:00:00,22,16.532568,14.556566
2014-10-04,2014-10-04 22:00:00,23,14.137931,13.545263
2014-10-04,2014-10-04 23:00:00,24,15.335249,13.605005
2014-10-05,2014-10-05 00:00:00,1,16.293104,15.48962
2014-10-05,2014-10-05 01:00:00,2,16.532568,14.82288
2014-10-05,2014-10-05 02:00:00,3,14.856322,13.188137
2014-10-05,2014-10-05 03:00:00,4,17.253353,13.129984
2014-10-05,2014-10-05 04:00:00,5,18.448277,14.634558
2014-10-05,2014-10-05 05:00:00,6,18.208813,14.374062
2014-10-05,2014-10-05 06:00:00,7,16.05364,12.830521
2014-10-05,2014-10-05 07:00:00,8,13.180077,11.2331505
2014-10-05,2014-10-05 08:00:00,9,11.743295,11.803995
2014-10-05,2014-10-05 09:00:00,10,10.306514,11.399025
2014-10-05,2014-10-05 10:00:00,11,12.222222,11.327084
2014-10-05,2014-10-05 11:00:00,12,12.222222,11.616121
2014-10-05,2014-10-05 12:00:00,13,10.06705,11.383684
2014-10-05,2014-10-05 13:00:00,14,11.9827585,11.967787
2014-10-05,2014-10-05 14:00:00,15,11.743295,10.724493
2014-10-05,2014-10-05 15:00:00,16,10.06705,10.251089
2014-10-05,2014-10-05 16:00:00,17,11.9827585,10.986149
2014-10-05,2014-10-05 17:00:00,18,11.024904,10.6209545
2014-10-05,2014-10-05 18:00:00,19,11.264368,10.821085
2014-10-05,2014-10-05 19:00:00,20,13.659004,12.124323
2014-10-05,2014-10-05 20:00:00,21,14.856322,14.260048
2014-10-05,2014-10-05 21:00:00,22,16.77203,15.115942
2014-10-05,2014-10-05 22:00:00,23,14.137931,14.516827
2014-10-05,2014-10-05 23:00:00,24,15.335249,14.6369705
2014-10-06,2014-10-06 00:00:00,1,16.77203,16.629059
2014-10-06,2014-10-06 01:00:00,2,16.532568,16.629501
2014-10-06,2014-10-06 02:00:00,3,15.095785,13.685623
2014-10-06,2014-10-06 03:00:00,4,14.6168585,15.599775
2014-10-06,2014-10-06 04:00:00,5,16.77203,18.181225
2014-10-06,2014-10-06 05:00:00,6,16.05364,19.693142
2014-10-06,2014-10-06 06:00:00,7,14.6168585,16.426394
2014-10-06,2014-10-06 07:00:00,8,21.568487,16.569035
2014-10-06,2014-10-06 08:00:00,9,79.55939,25.249866
2014-10-06,2014-10-06 09:00:00,10,81.4751,27.691422
2014-10-06,2014-10-06 10:00:00,11,88.42433,34.276554
2014-10-06,2014-10-06 11:00:00,12,96.09196,39.56298
2014-10-06,2014-10-06 12:00:00,13,106.63554,37.1955
2014-10-06,2014-10-06 13:00:00,14,106.39847,38.38974
2014-10-06,2014-10-06 14:00:00,15,100.64176,35.92911
2014-10-06,2014-10-06 15:00:00,16,105.43582,36.562088
2014-10-06,2014-10-06 16:00:00,17,107.83525,49.905655
2014-10-06,2014-10-06 17:00:00,18,110.22988,87.09166
2014-10-06,2014-10-06 18:00:00,19,104.719826,90.16961
2014-10-06,2014-10-06 19:00:00,20,120.29454,102.97963
2014-10-06,2014-10-06 20:00:00,21,117.420975,109.27878
2014-10-06,2014-10-06 21:00:00,22,114.30316,110.15723
2014-10-06,2014-10-06 22:00:00,23,106.877396,107.52402
2014-10-06,2014-10-06 23:00:00,24,102.56226,106.17795
2014-10-07,2014-10-07 00:00:00,1,101.60441,99.635864
2014-10-07,2014-10-07 01:00:00,2,73.086685,83.81105
2014-10-07,2014-10-07 02:00:00,3,20.608238,22.645517
2014-10-07,2014-10-07 03:00:00,4,17.971743,20.509531
2014-10-07,2014-10-07 04:00:00,5,16.77203,20.372314
2014-10-07,2014-10-07 05:00:00,6,13.898467,19.341602
2014-10-07,2014-10-07 06:00:00,7,12.222222,16.327147
2014-10-07,2014-10-07 07:00:00,8,20.847702,17.2912
2014-10-07,2014-10-07 08:00:00,9,89.62404,28.066696
2014-10-07,2014-10-07 09:00:00,10,95.61303,30.929144
2014-10-07,2014-10-07 10:00:00,11,101.364944,36.70934
2014-10-07,2014-10-07 11:00:00,12,98.965515,57.368942
2014-10-07,2014-10-07 12:00:00,13,98.48659,66.83812
2014-10-07,2014-10-07 13:00:00,14,94.89464,59.77691
2014-10-07,2014-10-07 14:00:00,15,97.28927,55.123676
2014-10-07,2014-10-07 15:00:00,16,105.19875,53.20738
2014-10-07,2014-10-07 16:00:00,17,110.70881,80.00554
2014-10-07,2014-10-07 17:00:00,18,116.6978,96.90338
2014-10-07,2014-10-07 18:00:00,19,108.55364,97.29355
2014-10-07,2014-10-07 19:00:00,20,119.578545,104.46883
2014-10-07,2014-10-07 20:00:00,21,118.381226,107.885216
2014-10-07,2014-10-07 21:00:00,22,115.02395,105.83684
2014-10-07,2014-10-07 22:00:00,23,105.44061,103.4707
2014-10-07,2014-10-07 23:00:00,24,103.764366,102.74635
2014-10-08,2014-10-08 00:00:00,1,100.162834,102.0675
2014-10-08,2014-10-08 01:00:00,2,59.667145,88.34172
2014-10-08,2014-10-08 02:00:00,3,15.095785,19.505545
2014-10-08,2014-10-08 03:00:00,4,12.701149,19.079102
2014-10-08,2014-10-08 04:00:00,5,14.377395,19.462803
2014-10-08,2014-10-08 05:00:00,6,14.377395,17.78017
2014-10-08,2014-10-08 06:00:00,7,12.461686,16.314096
2014-10-08,2014-10-08 07:00:00,8,24.202587,19.59577
2014-10-08,2014-10-08 08:00:00,9,89.861115,96.27102
2014-10-08,2014-10-08 09:00:00,10,90.58429,97.24301
2014-10-08,2014-10-08 10:00:00,11,90.10536,98.19704
2014-10-08,2014-10-08 11:00:00,12,89.62404,100.42443
2014-10-08,2014-10-08 12:00:00,13,94.89224,100.774055
2014-10-08,2014-10-08 13:00:00,14,100.40469,99.66203
2014-10-08,2014-10-08 14:00:00,15,98.72605,96.09019
2014-10-08,2014-10-08 15:00:00,16,96.570885,102.327774
2014-10-08,2014-10-08 16:00:00,17,101.84148,105.43911
2014-10-08,2014-10-08 17:00:00,18,111.666664,110.026306
2014-10-08,2014-10-08 18:00:00,19,109.990425,107.03216
2014-10-08,2014-10-08 19:00:00,20,114.784485,111.13129
2014-10-08,2014-10-08 20:00:00,21,113.82184,115.06924
2014-10-08,2014-10-08 21:00:00,22,109.990425,112.94294
2014-10-08,2014-10-08 22:00:00,23,104.72222,107.79506
2014-10-08,2014-10-08 23:00:00,24,102.3228,108.34077
2014-10-09,2014-10-09 00:00:00,1,97.52873,99.75764
2014-10-09,2014-10-09 01:00:00,2,71.41044,63.63606
2014-10-09,2014-10-09 02:00:00,3,18.208813,16.439615
2014-10-09,2014-10-09 03:00:00,4,16.532568,16.948765
2014-10-09,2014-10-09 04:00:00,5,16.532568,18.12046
2014-10-09,2014-10-09 05:00:00,6,15.814177,16.63968
2014-10-09,2014-10-09 06:00:00,7,13.659004,15.303526
2014-10-09,2014-10-09 07:00:00,8,22.765804,19.160841
2014-10-09,2014-10-09 08:00:00,9,84.35105,92.30691
2014-10-09,2014-10-09 09:00:00,10,91.058426,90.686386
2014-10-09,2014-10-09 10:00:00,11,100.40709,90.86075
2014-10-09,2014-10-09 11:00:00,12,106.39847,91.19206
2014-10-09,2014-10-09 12:00:00,13,109.75096,92.94123
2014-10-09,2014-10-09 13:00:00,14,106.877396,96.389465
2014-10-09,2014-10-09 14:00:00,15,105.20115,95.91262
2014-10-09,2014-10-09 15:00:00,16,102.55987,101.82874
2014-10-09,2014-10-09 16:00:00,17,105.91954,103.63046
2014-10-09,2014-10-09 17:00:00,18,104.2385,108.63635
2014-10-09,2014-10-09 18:00:00,19,94.41571,106.15283
2014-10-09,2014-10-09 19:00:00,20,112.385056,113.3497
2014-10-09,2014-10-09 20:00:00,21,109.5115,113.83505
2014-10-09,2014-10-09 21:00:00,22,108.31418,110.10097
2014-10-09,2014-10-09 22:00:00,23,104.24329,103.96414
2014-10-09,2014-10-09 23:00:00,24,102.320404,102.15852
2014-10-10,2014-10-10 00:00:00,1,102.56226,100.01953
2014-10-10,2014-10-10 01:00:00,2,69.25527,76.55478
2014-10-10,2014-10-10 02:00:00,3,18.927202,17.056894
2014-10-10,2014-10-10 03:00:00,4,17.969349,16.829885
2014-10-10,2014-10-10 04:00:00,5,19.887451,16.43327
2014-10-10,2014-10-10 05:00:00,6,17.011494,15.389135
2014-10-10,2014-10-10 06:00:00,7,13.180077,14.439743
2014-10-10,2014-10-10 07:00:00,8,23.484196,18.316587
2014-10-10,2014-10-10 08:00:00,9,85.3113,91.76651
2014-10-10,2014-10-10 09:00:00,10,93.215996,92.434715
2014-10-10,2014-10-10 10:00:00,11,99.68391,94.70245
2014-10-10,2014-10-10 11:00:00,12,101.12548,97.91374
2014-10-10,2014-10-10 12:00:00,13,99.6863,100.07034
2014-10-10,2014-10-10 13:00:00,14,96.33142,99.71243
2014-10-10,2014-10-10 14:00:00,15,94.17625,99.836044
2014-10-10,2014-10-10 15:00:00,16,98.96791,101.78666
2014-10-10,2014-10-10 16:00:00,17,100.88362,104.27836
2014-10-10,2014-10-10 17:00:00,18,106.63793,108.60236
2014-10-10,2014-10-10 18:00:00,19,99.925766,102.8911
2014-10-10,2014-10-10 19:00:00,20,98.00766,109.227005
2014-10-10,2014-10-10 20:00:00,21,102.08094,107.617226
2014-10-10,2014-10-10 21:00:00,22,102.804115,107.34626
2014-10-10,2014-10-10 22:00:00,23,98.965515,102.479996
2014-10-10,2014-10-10 23:00:00,24,83.87212,101.36226
2014-10-11,2014-10-11 00:00:00,1,48.163315,79.89091
2014-10-11,2014-10-11 01:00:00,2,24.681513,54.923195
2014-10-11,2014-10-11 02:00:00,3,16.77203,13.973499
2014-10-11,2014-10-11 03:00:00,4,17.011494,12.678738
2014-10-11,2014-10-11 04:00:00,5,16.77203,13.742741
2014-10-11,2014-10-11 05:00:00,6,16.532568,13.417408
2014-10-11,2014-10-11 06:00:00,7,14.377395,12.323479
2014-10-11,2014-10-11 07:00:00,8,13.659004,12.093224
2014-10-11,2014-10-11 08:00:00,9,11.024904,13.905033
2014-10-11,2014-10-11 09:00:00,10,9.588122,13.413967
2014-10-11,2014-10-11 10:00:00,11,12.701149,13.044868
2014-10-11,2014-10-11 11:00:00,12,11.264368,12.83968
2014-10-11,2014-10-11 12:00:00,13,9.588122,13.263229
2014-10-11,2014-10-11 13:00:00,14,12.222222,13.810226
2014-10-11,2014-10-11 14:00:00,15,11.264368,12.715134
2014-10-11,2014-10-11 15:00:00,16,9.588122,12.135471
2014-10-11,2014-10-11 16:00:00,17,11.9827585,12.7304535
2014-10-11,2014-10-11 17:00:00,18,12.222222,12.970383
2014-10-11,2014-10-11 18:00:00,19,9.588122,12.594265
2014-10-11,2014-10-11 19:00:00,20,14.856322,13.000938
2014-10-11,2014-10-11 20:00:00,21,16.532568,14.410309
2014-10-11,2014-10-11 21:00:00,22,17.490421,15.765923
2014-10-11,2014-10-11 22:00:00,23,15.095785,13.882179
2014-10-11,2014-10-11 23:00:00,24,15.335249,13.77055
2014-10-12,2014-10-12 00:00:00,1,18.927202,15.161621
2014-10-12,2014-10-12 01:00:00,2,17.011494,15.154293
2014-10-12,2014-10-12 02:00:00,3,13.180077,13.069145
2014-10-12,2014-10-12 03:00:00,4,14.137931,13.664562
2014-10-12,2014-10-12 04:00:00,5,16.293104,14.852406
2014-10-12,2014-10-12 05:00:00,6,15.574713,15.073063
2014-10-12,2014-10-12 06:00:00,7,14.137931,12.843597
2014-10-12,2014-10-12 07:00:00,8,14.377395,12.090847
2014-10-12,2014-10-12 08:00:00,9,10.545977,12.218918
2014-10-12,2014-10-12 09:00:00,10,9.348659,11.829132
2014-10-12,2014-10-12 10:00:00,11,11.024904,11.630611
2014-10-12,2014-10-12 11:00:00,12,10.545977,11.986664
2014-10-12,2014-10-12 12:00:00,13,9.588122,11.505154
2014-10-12,2014-10-12 13:00:00,14,12.701149,12.691616
2014-10-12,2014-10-12 14:00:00,15,11.264368,11.105606
2014-10-12,2014-10-12 15:00:00,16,9.827586,10.876961
2014-10-12,2014-10-12 16:00:00,17,11.264368,11.4729
2014-10-12,2014-10-12 17:00:00,18,11.264368,11.444954
2014-10-12,2014-10-12 18:00:00,19,9.827586,11.248081
2014-10-12,2014-10-12 19:00:00,20,14.6168585,13.376137
2014-10-12,2014-10-12 20:00:00,21,14.377395,14.546131
2014-10-12,2014-10-12 21:00:00,22,16.05364,16.42405
2014-10-12,2014-10-12 22:00:00,23,13.180077,15.17593
2014-10-12,2014-10-12 23:00:00,24,13.659004,15.695843
2014-10-13,2014-10-13 00:00:00,1,16.05364,15.655968
2014-10-13,2014-10-13 01:00:00,2,16.293104,14.786964
2014-10-13,2014-10-13 02:00:00,3,13.898467,10.943367
2014-10-13,2014-10-13 03:00:00,4,13.898467,12.274467
2014-10-13,2014-10-13 04:00:00,5,15.574713,14.025204
2014-10-13,2014-10-13 05:00:00,6,15.335249,15.848648
2014-10-13,2014-10-13 06:00:00,7,13.659004,13.924717
2014-10-13,2014-10-13 07:00:00,8,21.326628,23.210648
2014-10-13,2014-10-13 08:00:00,9,89.14512,81.38185
2014-10-13,2014-10-13 09:00:00,10,97.52873,84.33985
2014-10-13,2014-10-13 10:00:00,11,103.52012,88.29321
2014-10-13,2014-10-13 11:00:00,12,109.75096,90.64319
2014-10-13,2014-10-13 12:00:00,13,108.31418,91.58258
2014-10-13,2014-10-13 13:00:00,14,104.72222,93.05359
2014-10-13,2014-10-13 14:00:00,15,106.39847,92.77579
2014-10-13,2014-10-13 15:00:00,16,105.68008,96.377014
2014-10-13,2014-10-13 16:00:00,17,106.63793,98.59125
2014-10-13,2014-10-13 17:00:00,18,119.336685,103.56906
2014-10-13,2014-10-13 18:00:00,19,107.59579,99.356735
2014-10-13,2014-10-13 19:00:00,20,106.877396,105.273026
2014-10-13,2014-10-13 20:00:00,21,102.56226,106.04698
2014-10-13,2014-10-13 21:00:00,22,100.64416,105.48894
2014-10-13,2014-10-13 22:00:00,23,96.81035,100.3966
2014-10-13,2014-10-13 23:00:00,24,87.94301,97.88688
2014-10-14,2014-10-14 00:00:00,1,68.77395,83.95344
2014-10-14,2014-10-14 01:00:00,2,49.604885,57.867588
2014-10-14,2014-10-14 02:00:00,3,15.574713,17.286217
2014-10-14,2014-10-14 03:00:00,4,15.814177,15.993973
2014-10-14,2014-10-14 04:00:00,5,17.729885,16.568134
2014-10-14,2014-10-14 05:00:00,6,16.05364,15.962925
2014-10-14,2014-10-14 06:00:00,7,14.137931,15.605751
2014-10-14,2014-10-14 07:00:00,8,24.681513,20.499393
2014-10-14,2014-10-14 08:00:00,9,93.457855,91.897224
2014-10-14,2014-10-14 09:00:00,10,93.69732,94.10925
2014-10-14,2014-10-14 10:00:00,11,94.655174,98.53337
2014-10-14,2014-10-14 11:00:00,12,95.61303,100.02249
2014-10-14,2014-10-14 12:00:00,13,84.58812,100.52403
2014-10-14,2014-10-14 13:00:00,14,66.37931,99.72361
2014-10-14,2014-10-14 14:00:00,15,73.80747,100.44358
2014-10-14,2014-10-14 15:00:00,16,69.01581,101.126755
2014-10-14,2014-10-14 16:00:00,17,55.11494,103.96823
2014-10-14,2014-10-14 17:00:00,18,64.70067,108.49942
2014-10-14,2014-10-14 18:00:00,19,89.14272,104.655396
2014-10-14,2014-10-14 19:00:00,20,110.469345,107.27234
2014-10-14,2014-10-14 20:00:00,21,106.39847,105.75748
2014-10-14,2014-10-14 21:00:00,22,104.719826,104.93033
2014-10-14,2014-10-14 22:00:00,23,97.768196,101.22011
2014-10-14,2014-10-14 23:00:00,24,83.63266,96.79413
2014-10-15,2014-10-15 00:00:00,1,22.528736,74.11805
2014-10-15,2014-10-15 01:00:00,2,19.887451,48.079487
2014-10-15,2014-10-15 02:00:00,3,16.532568,17.784348
2014-10-15,2014-10-15 03:00:00,4,17.490421,16.768547
2014-10-15,2014-10-15 04:00:00,5,17.011494,17.377796
2014-10-15,2014-10-15 05:00:00,6,16.532568,17.824902
2014-10-15,2014-10-15 06:00:00,7,15.095785,17.616177
2014-10-15,2014-10-15 07:00:00,8,21.087164,22.225254
2014-10-15,2014-10-15 08:00:00,9,87.945404,86.08658
2014-10-15,2014-10-15 09:00:00,10,92.5,87.62245
2014-10-15,2014-10-15 10:00:00,11,95.61303,89.099556
2014-10-15,2014-10-15 11:00:00,12,95.85249,91.48664
2014-10-15,2014-10-15 12:00:00,13,86.506226,92.05352
2014-10-15,2014-10-15 13:00:00,14,91.542145,88.906654
2014-10-15,2014-10-15 14:00:00,15,94.89464,91.04323
2014-10-15,2014-10-15 15:00:00,16,99.925766,91.76419
2014-10-15,2014-10-15 16:00:00,17,104.48276,94.27451
2014-10-15,2014-10-15 17:00:00,18,107.59579,101.80874
2014-10-15,2014-10-15 18:00:00,19,101.36255,101.07761
2014-10-15,2014-10-15 19:00:00,20,106.159004,107.83043
2014-10-15,2014-10-15 20:00:00,21,103.76197,107.49446
2014-10-15,2014-10-15 21:00:00,22,104.48036,106.06635
2014-10-15,2014-10-15 22:00:00,23,99.68391,101.02972
2014-10-15,2014-10-15 23:00:00,24,98.00766,93.80276
2014-10-16,2014-10-16 00:00:00,1,94.89464,89.055435
2014-10-16,2014-10-16 01:00:00,2,38.34052,60.575653
2014-10-16,2014-10-16 02:00:00,3,16.532568,17.814697
2014-10-16,2014-10-16 03:00:00,4,15.814177,17.281307
2014-10-16,2014-10-16 04:00:00,5,17.011494,18.006943
2014-10-16,2014-10-16 05:00:00,6,13.898467,16.802082
2014-10-16,2014-10-16 06:00:00,7,12.222222,15.907047
2014-10-16,2014-10-16 07:00:00,8,22.047413,20.383842
2014-10-16,2014-10-16 08:00:00,9,87.94301,92.62785
2014-10-16,2014-10-16 09:00:00,10,87.46648,92.900734
2014-10-16,2014-10-16 10:00:00,11,90.82375,94.876434
2014-10-16,2014-10-16 11:00:00,12,92.73946,95.61636
2014-10-16,2014-10-16 12:00:00,13,94.17625,95.10852
2014-10-16,2014-10-16 13:00:00,14,92.73946,93.995026
2014-10-16,2014-10-16 14:00:00,15,91.300285,96.40593
2014-10-16,2014-10-16 15:00:00,16,96.09196,99.058975
2014-10-16,2014-10-16 16:00:00,17,110.23228,101.19461
2014-10-16,2014-10-16 17:00:00,18,115.74234,104.65451
2014-10-16,2014-10-16 18:00:00,19,104.24329,103.1643
2014-10-16,2014-10-16 19:00:00,20,102.320404,108.46216
2014-10-16,2014-10-16 20:00:00,21,100.40469,107.36254
2014-10-16,2014-10-16 21:00:00,22,98.00766,106.55818
2014-10-16,2014-10-16 22:00:00,23,92.73946,103.39093
2014-10-16,2014-10-16 23:00:00,24,94.17625,98.90151
2014-10-17,2014-10-17 00:00:00,1,45.28975,89.94706
2014-10-17,2014-10-17 01:00:00,2,16.05364,53.416508
2014-10-17,2014-10-17 02:00:00,3,14.6168585,16.420544
2014-10-17,2014-10-17 03:00:00,4,13.180077,17.29634
2014-10-17,2014-10-17 04:00:00,5,15.335249,18.013943
2014-10-17,2014-10-17 05:00:00,6,13.898467,16.645584
2014-10-17,2014-10-17 06:00:00,7,11.9827585,15.87429
2014-10-17,2014-10-17 07:00:00,8,24.442049,19.967007
2014-10-17,2014-10-17 08:00:00,9,88.90326,87.04093
2014-10-17,2014-10-17 09:00:00,10,89.861115,87.88825
2014-10-17,2014-10-17 10:00:00,11,86.02969,89.68442
2014-10-17,2014-10-17 11:00:00,12,96.81035,92.581955
2014-10-17,2014-10-17 12:00:00,13,101.36255,93.201294
2014-10-17,2014-10-17 13:00:00,14,101.12069,90.45237
2014-10-17,2014-10-17 14:00:00,15,102.3228,91.52388
2014-10-17,2014-10-17 15:00:00,16,99.925766,94.32743
2014-10-17,2014-10-17 16:00:00,17,110.22988,97.72802
2014-10-17,2014-10-17 17:00:00,18,122.45211,102.95224
2014-10-17,2014-10-17 18:00:00,19,109.990425,98.13493
2014-10-17,2014-10-17 19:00:00,20,109.27203,100.534485
2014-10-17,2014-10-17 20:00:00,21,105.44061,98.79002
2014-10-17,2014-10-17 21:00:00,22,100.64416,97.54901
2014-10-17,2014-10-17 22:00:00,23,95.85249,93.13664
2014-10-17,2014-10-17 23:00:00,24,94.17625,85.885574
2014-10-18,2014-10-18 00:00:00,1,46.247604,76.90198
2014-10-18,2014-10-18 01:00:00,2,17.729885,19.985344
2014-10-18,2014-10-18 02:00:00,3,14.6168585,15.401012
2014-10-18,2014-10-18 03:00:00,4,14.377395,14.366684
2014-10-18,2014-10-18 04:00:00,5,15.095785,14.011459
2014-10-18,2014-10-18 05:00:00,6,13.659004,13.002384
2014-10-18,2014-10-18 06:00:00,7,11.743295,12.712086
2014-10-18,2014-10-18 07:00:00,8,11.743295,12.353912
2014-10-18,2014-10-18 08:00:00,9,9.109196,13.777611
2014-10-18,2014-10-18 09:00:00,10,6.946839,13.440987
2014-10-18,2014-10-18 10:00:00,11,9.109196,13.093487
2014-10-18,2014-10-18 11:00:00,12,9.585728,13.345467
2014-10-18,2014-10-18 12:00:00,13,7.428161,13.613762
2014-10-18,2014-10-18 13:00:00,14,8.869732,13.467812
2014-10-18,2014-10-18 14:00:00,15,8.869732,12.975666
2014-10-18,2014-10-18 15:00:00,16,7.1886973,12.740356
2014-10-18,2014-10-18 16:00:00,17,9.109196,13.081055
2014-10-18,2014-10-18 17:00:00,18,8.390804,13.034931
2014-10-18,2014-10-18 18:00:00,19,7.191092,12.987541
2014-10-18,2014-10-18 19:00:00,20,12.222222,13.296486
2014-10-18,2014-10-18 20:00:00,21,14.137931,14.626274
2014-10-18,2014-10-18 21:00:00,22,16.532568,16.019878
2014-10-18,2014-10-18 22:00:00,23,12.940613,14.317791
2014-10-18,2014-10-18 23:00:00,24,11.9827585,14.262459
2014-10-19,2014-10-19 00:00:00,1,15.574713,11.649204
2014-10-19,2014-10-19 01:00:00,2,15.095785,11.173405
2014-10-19,2014-10-19 02:00:00,3,11.743295,10.512859
2014-10-19,2014-10-19 03:00:00,4,12.461686,10.597218
2014-10-19,2014-10-19 04:00:00,5,13.898467,10.946724
2014-10-19,2014-10-19 05:00:00,6,13.659004,10.6255455
2014-10-19,2014-10-19 06:00:00,7,12.222222,9.844341
2014-10-19,2014-10-19 07:00:00,8,11.264368,9.652153
2014-10-19,2014-10-19 08:00:00,9,8.869732,9.958504
2014-10-19,2014-10-19 09:00:00,10,7.428161,9.610554
2014-10-19,2014-10-19 10:00:00,11,9.827586,9.485111
2014-10-19,2014-10-19 11:00:00,12,8.630268,9.963997
2014-10-19,2014-10-19 12:00:00,13,6.9492335,9.901562
2014-10-19,2014-10-19 13:00:00,14,8.630268,10.057018
2014-10-19,2014-10-19 14:00:00,15,9.109196,9.721733
2014-10-19,2014-10-19 15:00:00,16,6.70977,9.947529
2014-10-19,2014-10-19 16:00:00,17,9.109196,10.0303955
2014-10-19,2014-10-19 17:00:00,18,10.06705,10.08567
2014-10-19,2014-10-19 18:00:00,19,6.9492335,10.313187
2014-10-19,2014-10-19 19:00:00,20,11.9827585,11.824936
2014-10-19,2014-10-19 20:00:00,21,11.743295,12.421703
2014-10-19,2014-10-19 21:00:00,22,13.180077,13.47208
2014-10-19,2014-10-19 22:00:00,23,11.503832,12.31855
2014-10-19,2014-10-19 23:00:00,24,11.9827585,12.816769
2014-10-20,2014-10-20 00:00:00,1,13.898467,12.138405
2014-10-20,2014-10-20 01:00:00,2,14.377395,12.228256
2014-10-20,2014-10-20 02:00:00,3,11.024904,11.723297
2014-10-20,2014-10-20 03:00:00,4,11.9827585,11.863358
2014-10-20,2014-10-20 04:00:00,5,13.898467,13.344601
2014-10-20,2014-10-20 05:00:00,6,13.41954,13.258514
2014-10-20,2014-10-20 06:00:00,7,11.743295,11.979664
2014-10-20,2014-10-20 07:00:00,8,24.920977,22.443428
2014-10-20,2014-10-20 08:00:00,9,89.62165,86.903854
2014-10-20,2014-10-20 09:00:00,10,95.1341,88.87592
2014-10-20,2014-10-20 10:00:00,11,98.72605,91.32033
2014-10-20,2014-10-20 11:00:00,12,101.36015,96.10506
2014-10-20,2014-10-20 12:00:00,13,102.325195,96.50984
2014-10-20,2014-10-20 13:00:00,14,102.083336,98.070915
2014-10-20,2014-10-20 14:00:00,15,102.3228,100.65527
2014-10-20,2014-10-20 15:00:00,16,104.48036,101.27913
2014-10-20,2014-10-20 16:00:00,17,61.345787,103.00999
2014-10-20,2014-10-20 17:00:00,18,57.270115,106.28067
2014-10-20,2014-10-20 18:00:00,19,86.26916,100.35622
2014-10-20,2014-10-20 19:00:00,20,102.56226,105.07257
2014-10-20,2014-10-20 20:00:00,21,103.52012,103.59979
2014-10-20,2014-10-20 21:00:00,22,109.03257,100.83784
2014-10-20,2014-10-20 22:00:00,23,94.17625,97.61102
2014-10-20,2014-10-20 23:00:00,24,93.93678,93.777954
2014-10-21,2014-10-21 00:00:00,1,95.61303,77.47921
2014-10-21,2014-10-21 01:00:00,2,89.62165,28.65417
2014-10-21,2014-10-21 02:00:00,3,17.011494,17.534328
2014-10-21,2014-10-21 03:00:00,4,17.011494,16.421055
2014-10-21,2014-10-21 04:00:00,5,15.814177,16.264324
2014-10-21,2014-10-21 05:00:00,6,15.814177,14.906109
2014-10-21,2014-10-21 06:00:00,7,14.137931,14.917698
2014-10-21,2014-10-21 07:00:00,8,16.774426,20.611538
2014-10-21,2014-10-21 08:00:00,9,63.742817,91.69299
2014-10-21,2014-10-21 09:00:00,10,75.96265,95.19929
2014-10-21,2014-10-21 10:00:00,11,84.348656,96.26675
2014-10-21,2014-10-21 11:00:00,12,85.06705,97.52369
2014-10-21,2014-10-21 12:00:00,13,81.4751,96.674164
2014-10-21,2014-10-21 13:00:00,14,80.75671,95.15285
2014-10-21,2014-10-21 14:00:00,15,87.46408,97.88483
2014-10-21,2014-10-21 15:00:00,16,98.24952,99.0851
2014-10-21,2014-10-21 16:00:00,17,104.961685,99.4836
2014-10-21,2014-10-21 17:00:00,18,109.990425,101.65103
2014-10-21,2014-10-21 18:00:00,19,106.39607,100.718
2014-10-21,2014-10-21 19:00:00,20,113.34291,105.59645
2014-10-21,2014-10-21 20:00:00,21,109.27203,104.529816
2014-10-21,2014-10-21 21:00:00,22,104.001434,103.72102
2014-10-21,2014-10-21 22:00:00,23,96.33142,100.07299
2014-10-21,2014-10-21 23:00:00,24,94.655174,95.61603
2014-10-22,2014-10-22 00:00:00,1,94.41571,82.22073
2014-10-22,2014-10-22 01:00:00,2,79.79885,33.26178
2014-10-22,2014-10-22 02:00:00,3,18.68774,16.29348
2014-10-22,2014-10-22 03:00:00,4,17.011494,15.990406
2014-10-22,2014-10-22 04:00:00,5,17.490421,16.71783
2014-10-22,2014-10-22 05:00:00,6,17.011494,16.890347
2014-10-22,2014-10-22 06:00:00,7,14.137931,15.784267
2014-10-22,2014-10-22 07:00:00,8,13.898467,18.79047
2014-10-22,2014-10-22 08:00:00,9,45.05268,87.42593
2014-10-22,2014-10-22 09:00:00,10,74.52347,88.11049
2014-10-22,2014-10-22 10:00:00,11,77.64368,89.654495
2014-10-22,2014-10-22 11:00:00,12,77.880745,92.39346
2014-10-22,2014-10-22 12:00:00,13,79.79885,92.18304
2014-10-22,2014-10-22 13:00:00,14,78.840996,90.49119
2014-10-22,2014-10-22 14:00:00,15,81.4751,94.891464
2014-10-22,2014-10-22 15:00:00,16,82.19349,98.166245
2014-10-22,2014-10-22 16:00:00,17,86.98515,100.15365
2014-10-22,2014-10-22 17:00:00,18,90.82136,106.52652
2014-10-22,2014-10-22 18:00:00,19,100.40469,103.134895
2014-10-22,2014-10-22 19:00:00,20,113.82184,106.78461
2014-10-22,2014-10-22 20:00:00,21,110.469345,104.870026
2014-10-22,2014-10-22 21:00:00,22,107.11686,103.73038
2014-10-22,2014-10-22 22:00:00,23,101.84148,100.07558
2014-10-22,2014-10-22 23:00:00,24,104.48036,97.145256
2014-10-23,2014-10-23 00:00:00,1,103.5249,94.08508
2014-10-23,2014-10-23 01:00:00,2,83.15613,72.340935
2014-10-23,2014-10-23 02:00:00,3,34.74617,18.171154
2014-10-23,2014-10-23 03:00:00,4,18.208813,17.470917
2014-10-23,2014-10-23 04:00:00,5,19.885057,17.882885
2014-10-23,2014-10-23 05:00:00,6,19.169062,17.302284
2014-10-23,2014-10-23 06:00:00,7,14.137931,15.143143
2014-10-23,2014-10-23 07:00:00,8,15.095785,18.485126
2014-10-23,2014-10-23 08:00:00,9,37.622128,79.43844
2014-10-23,2014-10-23 09:00:00,10,39.779694,85.285484
2014-10-23,2014-10-23 10:00:00,11,37.86159,85.926254
2014-10-23,2014-10-23 11:00:00,12,34.985634,88.6662
2014-10-23,2014-10-23 12:00:00,13,36.18774,87.47879
2014-10-23,2014-10-23 13:00:00,14,37.382664,86.99779
2014-10-23,2014-10-23 14:00:00,15,41.695404,91.42235
2014-10-23,2014-10-23 15:00:00,16,37.38506,94.59524
2014-10-23,2014-10-23 16:00:00,17,41.695404,96.56058
2014-10-23,2014-10-23 17:00:00,18,88.90086,99.699005
2014-10-23,2014-10-23 18:00:00,19,104.961685,100.32896
2014-10-23,2014-10-23 19:00:00,20,110.22988,105.04553
2014-10-23,2014-10-23 20:00:00,21,107.83525,104.56996
2014-10-23,2014-10-23 21:00:00,22,104.2409,102.39607
2014-10-23,2014-10-23 22:00:00,23,97.28927,98.72101
2014-10-23,2014-10-23 23:00:00,24,94.41571,94.44849
2014-10-24,2014-10-24 00:00:00,1,95.373566,87.65364
2014-10-24,2014-10-24 01:00:00,2,71.64751,62.108147
2014-10-24,2014-10-24 02:00:00,3,18.927202,20.15271
2014-10-24,2014-10-24 03:00:00,4,17.729885,19.233315
2014-10-24,2014-10-24 04:00:00,5,17.490421,20.838078
2014-10-24,2014-10-24 05:00:00,6,16.77203,18.89291
2014-10-24,2014-10-24 06:00:00,7,15.335249,17.276562
2014-10-24,2014-10-24 07:00:00,8,20.12931,20.419113
2014-10-24,2014-10-24 08:00:00,9,82.43295,74.12448
2014-10-24,2014-10-24 09:00:00,10,69.01341,86.45733
2014-10-24,2014-10-24 10:00:00,11,59.667145,86.347336
2014-10-24,2014-10-24 11:00:00,12,42.653255,87.86694
2014-10-24,2014-10-24 12:00:00,13,42.653255,89.236595
2014-10-24,2014-10-24 13:00:00,14,40.498085,90.93712
2014-10-24,2014-10-24 14:00:00,15,43.61111,94.08235
2014-10-24,2014-10-24 15:00:00,16,52.001915,94.72266
2014-10-24,2014-10-24 16:00:00,17,80.75431,96.16287
2014-10-24,2014-10-24 17:00:00,18,98.24952,99.79732
2014-10-24,2014-10-24 18:00:00,19,113.58477,99.47984
2014-10-24,2014-10-24 19:00:00,20,125.804596,99.120445
2014-10-24,2014-10-24 20:00:00,21,118.376434,98.25708
2014-10-24,2014-10-24 21:00:00,22,115.74234,96.39293
2014-10-24,2014-10-24 22:00:00,23,107.83525,93.12233
2014-10-24,2014-10-24 23:00:00,24,99.20977,89.814606
2014-10-25,2014-10-25 00:00:00,1,46.726532,81.45108
2014-10-25,2014-10-25 01:00:00,2,24.444445,43.008636
2014-10-25,2014-10-25 02:00:00,3,21.566092,17.661667
2014-10-25,2014-10-25 03:00:00,4,19.408525,15.0622635
2014-10-25,2014-10-25 04:00:00,5,19.40613,16.49442
2014-10-25,2014-10-25 05:00:00,6,17.250957,13.790779
2014-10-25,2014-10-25 06:00:00,7,14.377395,11.988712
2014-10-25,2014-10-25 07:00:00,8,15.335249,11.386959
2014-10-25,2014-10-25 08:00:00,9,11.743295,11.96785
2014-10-25,2014-10-25 09:00:00,10,9.827586,11.819084
2014-10-25,2014-10-25 10:00:00,11,12.701149,11.650932
2014-10-25,2014-10-25 11:00:00,12,14.6168585,11.254501
2014-10-25,2014-10-25 12:00:00,13,11.743295,11.671246
2014-10-25,2014-10-25 13:00:00,14,13.898467,11.943596
2014-10-25,2014-10-25 14:00:00,15,12.940613,11.44315
2014-10-25,2014-10-25 15:00:00,16,10.306514,10.9220085
2014-10-25,2014-10-25 16:00:00,17,11.9827585,11.896923
2014-10-25,2014-10-25 17:00:00,18,12.222222,11.889328
2014-10-25,2014-10-25 18:00:00,19,11.024904,11.945217
2014-10-25,2014-10-25 19:00:00,20,17.250957,12.56414
2014-10-25,2014-10-25 20:00:00,21,17.011494,13.119129
2014-10-25,2014-10-25 21:00:00,22,17.011494,14.4578285
2014-10-25,2014-10-25 22:00:00,23,14.377395,13.8286705
2014-10-25,2014-10-25 23:00:00,24,15.335249,13.354458
2014-11-10,2014-11-10 00:00:00,1,14.6168585,13.991425
2014-11-10,2014-11-10 01:00:00,2,12.701149,13.043861
2014-11-10,2014-11-10 02:00:00,3,13.898467,12.985977
2014-11-10,2014-11-10 03:00:00,4,14.856322,13.5109215
2014-11-10,2014-11-10 04:00:00,5,14.6168585,13.399666
2014-11-10,2014-11-10 05:00:00,6,12.940613,13.178741
2014-11-10,2014-11-10 06:00:00,7,14.137931,12.976009
2014-11-10,2014-11-10 07:00:00,8,21.08956,16.036346
2014-11-10,2014-11-10 08:00:00,9,76.441574,65.573944
2014-11-10,2014-11-10 09:00:00,10,90.5795,76.9123
2014-11-10,2014-11-10 10:00:00,11,94.89464,68.53164
2014-11-10,2014-11-10 11:00:00,12,93.93678,72.68139
2014-11-10,2014-11-10 12:00:00,13,98.72605,78.062256
2014-11-10,2014-11-10 13:00:00,14,92.02107,84.65984
2014-11-10,2014-11-10 14:00:00,15,96.09196,86.43525
2014-11-10,2014-11-10 15:00:00,16,100.4023,92.268875
2014-11-10,2014-11-10 16:00:00,17,104.47797,98.45882
2014-11-10,2014-11-10 17:00:00,18,112.385056,104.87492
2014-11-10,2014-11-10 18:00:00,19,103.04358,108.642105
2014-11-10,2014-11-10 19:00:00,20,100.40469,105.88989
2014-11-10,2014-11-10 20:00:00,21,98.24712,103.86653
2014-11-10,2014-11-10 21:00:00,22,98.965515,99.25109
2014-11-10,2014-11-10 22:00:00,23,95.373566,96.17033
2014-11-10,2014-11-10 23:00:00,24,96.09196,95.37661
2014-11-11,2014-11-11 00:00:00,1,96.570885,85.98845
2014-11-11,2014-11-11 01:00:00,2,77.15996,44.1403
2014-11-11,2014-11-11 02:00:00,3,19.408525,17.809475
2014-11-11,2014-11-11 03:00:00,4,19.64799,17.150833
2014-11-11,2014-11-11 04:00:00,5,18.208813,16.128323
2014-11-11,2014-11-11 05:00:00,6,16.293104,15.384945
2014-11-11,2014-11-11 06:00:00,7,17.250957,14.740524
2014-11-11,2014-11-11 07:00:00,8,11.024904,16.00008
2014-11-11,2014-11-11 08:00:00,9,59.185825,58.001976
2014-11-11,2014-11-11 09:00:00,10,99.92337,70.302284
2014-11-11,2014-11-11 10:00:00,11,104.961685,75.91625
2014-11-11,2014-11-11 11:00:00,12,113.82663,75.573746
2014-11-11,2014-11-11 12:00:00,13,122.691574,78.81126
2014-11-11,2014-11-11 13:00:00,14,113.3477,81.31019
2014-11-11,2014-11-11 14:00:00,15,106.39847,86.068954
2014-11-11,2014-11-11 15:00:00,16,107.35632,92.934555
2014-11-11,2014-11-11 16:00:00,17,110.23228,103.87903
2014-11-11,2014-11-11 17:00:00,18,121.01533,112.73117
2014-11-11,2014-11-11 18:00:00,19,112.86398,110.88006
2014-11-11,2014-11-11 19:00:00,20,109.03257,109.24583
2014-11-11,2014-11-11 20:00:00,21,107.59579,106.83876
2014-11-11,2014-11-11 21:00:00,22,101.84387,102.19575
2014-11-11,2014-11-11 22:00:00,23,91.30268,99.801315
2014-11-11,2014-11-11 23:00:00,24,93.93678,97.98123
2014-11-12,2014-11-12 00:00:00,1,91.30268,88.64097
2014-11-12,2014-11-12 01:00:00,2,72.131226,59.04315
2014-11-12,2014-11-12 02:00:00,3,14.856322,15.910732
2014-11-12,2014-11-12 03:00:00,4,17.011494,16.553432
2014-11-12,2014-11-12 04:00:00,5,16.532568,15.743706
2014-11-12,2014-11-12 05:00:00,6,15.335249,15.08165
2014-11-12,2014-11-12 06:00:00,7,17.250957,15.028957
2014-11-12,2014-11-12 07:00:00,8,13.898467,14.283573
2014-11-12,2014-11-12 08:00:00,9,27.559866,37.214355
2014-11-12,2014-11-12 09:00:00,10,29.952106,69.256325
2014-11-12,2014-11-12 10:00:00,11,31.38889,76.5069
2014-11-12,2014-11-12 11:00:00,12,39.537834,83.51233
2014-11-12,2014-11-12 12:00:00,13,41.934864,81.20662
2014-11-12,2014-11-12 13:00:00,14,36.90613,81.05742
2014-11-12,2014-11-12 14:00:00,15,35.70402,82.122734
2014-11-12,2014-11-12 15:00:00,16,47.684387,91.9422
2014-11-12,2014-11-12 16:00:00,17,112.86398,105.87779
2014-11-12,2014-11-12 17:00:00,18,117.41858,114.90353
2014-11-12,2014-11-12 18:00:00,19,104.95929,110.70483
2014-11-12,2014-11-12 19:00:00,20,103.76197,107.583145
2014-11-12,2014-11-12 20:00:00,21,104.719826,105.612625
2014-11-12,2014-11-12 21:00:00,22,100.88362,103.43663
2014-11-12,2014-11-12 22:00:00,23,96.09196,99.2274
2014-11-12,2014-11-12 23:00:00,24,97.768196,98.08669
2014-11-13,2014-11-13 00:00:00,1,93.457855,84.96094
2014-11-13,2014-11-13 01:00:00,2,80.51724,43.071964
2014-11-13,2014-11-13 02:00:00,3,19.64799,14.854469
2014-11-13,2014-11-13 03:00:00,4,18.929598,15.653187
2014-11-13,2014-11-13 04:00:00,5,15.574713,15.943684
2014-11-13,2014-11-13 05:00:00,6,13.898467,15.036034
2014-11-13,2014-11-13 06:00:00,7,16.77203,14.817955
2014-11-13,2014-11-13 07:00:00,8,18.931992,15.483654
2014-11-13,2014-11-13 08:00:00,9,90.34243,41.22621
2014-11-13,2014-11-13 09:00:00,10,94.89464,68.07872
2014-11-13,2014-11-13 10:00:00,11,93.457855,71.09506
2014-11-13,2014-11-13 11:00:00,12,96.33142,78.360176
2014-11-13,2014-11-13 12:00:00,13,97.52873,77.93619
2014-11-13,2014-11-13 13:00:00,14,93.93678,75.799255
2014-11-13,2014-11-13 14:00:00,15,93.457855,74.32615
2014-11-13,2014-11-13 15:00:00,16,97.28927,88.147545
2014-11-13,2014-11-13 16:00:00,17,98.00766,103.78265
2014-11-13,2014-11-13 17:00:00,18,121.494255,113.5919
2014-11-13,2014-11-13 18:00:00,19,122.45211,109.212036
2014-11-13,2014-11-13 19:00:00,20,121.97318,107.94089
2014-11-13,2014-11-13 20:00:00,21,117.420975,105.19366
2014-11-13,2014-11-13 21:00:00,22,110.94827,100.818115
2014-11-13,2014-11-13 22:00:00,23,105.20115,97.337975
2014-11-13,2014-11-13 23:00:00,24,104.48276,97.26349
2014-11-14,2014-11-14 00:00:00,1,102.3228,96.824936
2014-11-14,2014-11-14 01:00:00,2,71.16858,69.802475
2014-11-14,2014-11-14 02:00:00,3,17.969349,17.138336
2014-11-14,2014-11-14 03:00:00,4,18.208813,18.146954
2014-11-14,2014-11-14 04:00:00,5,17.250957,17.23677
2014-11-14,2014-11-14 05:00:00,6,15.095785,15.997826
2014-11-14,2014-11-14 06:00:00,7,14.856322,15.715668
2014-11-14,2014-11-14 07:00:00,8,10.545977,16.8027
2014-11-14,2014-11-14 08:00:00,9,71.6499,72.045494
2014-11-14,2014-11-14 09:00:00,10,106.875,80.88748
2014-11-14,2014-11-14 10:00:00,11,106.39847,76.68024
2014-11-14,2014-11-14 11:00:00,12,109.513885,79.57088
2014-11-14,2014-11-14 12:00:00,13,111.18774,74.30362
2014-11-14,2014-11-14 13:00:00,14,110.70881,73.18906
2014-11-14,2014-11-14 14:00:00,15,108.31418,71.81066
2014-11-14,2014-11-14 15:00:00,16,111.4272,89.21936
2014-11-14,2014-11-14 16:00:00,17,117.179115,99.80759
2014-11-14,2014-11-14 17:00:00,18,116.22127,113.04076
2014-11-14,2014-11-14 18:00:00,19,106.63793,109.88068
2014-11-14,2014-11-14 19:00:00,20,105.91954,109.215256
2014-11-14,2014-11-14 20:00:00,21,101.60441,109.14592
2014-11-14,2014-11-14 21:00:00,22,94.41571,103.375465
2014-11-14,2014-11-14 22:00:00,23,93.93678,100.523224
2014-11-14,2014-11-14 23:00:00,24,93.21839,97.43971
2014-11-15,2014-11-15 00:00:00,1,90.82375,87.372025
2014-11-15,2014-11-15 01:00:00,2,72.36829,38.35769
2014-11-15,2014-11-15 02:00:00,3,14.137931,14.608543
2014-11-15,2014-11-15 03:00:00,4,14.856322,14.298088
2014-11-15,2014-11-15 04:00:00,5,13.898467,13.776112
2014-11-15,2014-11-15 05:00:00,6,12.940613,13.091034
2014-11-15,2014-11-15 06:00:00,7,14.137931,12.737221
2014-11-15,2014-11-15 07:00:00,8,10.545977,11.987438
2014-11-15,2014-11-15 08:00:00,9,8.151341,12.558395
2014-11-15,2014-11-15 09:00:00,10,10.06705,12.703808
2014-11-15,2014-11-15 10:00:00,11,10.306514,12.662605
2014-11-15,2014-11-15 11:00:00,12,8.869732,12.785263
2014-11-15,2014-11-15 12:00:00,13,10.78544,12.927879
2014-11-15,2014-11-15 13:00:00,14,11.024904,12.92009
2014-11-15,2014-11-15 14:00:00,15,8.869732,12.814533
2014-11-15,2014-11-15 15:00:00,16,10.78544,12.857525
2014-11-15,2014-11-15 16:00:00,17,10.78544,12.925236
2014-11-15,2014-11-15 17:00:00,18,9.827586,12.804722
2014-11-15,2014-11-15 18:00:00,19,15.574713,12.935223
2014-11-15,2014-11-15 19:00:00,20,16.05364,13.056679
2014-11-15,2014-11-15 20:00:00,21,15.574713,12.918213
2014-11-15,2014-11-15 21:00:00,22,12.461686,12.956871
2014-11-15,2014-11-15 22:00:00,23,12.940613,12.935711
2014-11-15,2014-11-15 23:00:00,24,15.095785,12.963715
2014-11-16,2014-11-16 00:00:00,1,14.6168585,15.105568
2014-11-16,2014-11-16 01:00:00,2,12.461686,13.2822075
2014-11-16,2014-11-16 02:00:00,3,13.180077,11.378757
2014-11-16,2014-11-16 03:00:00,4,14.856322,11.590477
2014-11-16,2014-11-16 04:00:00,5,14.377395,12.260334
2014-11-16,2014-11-16 05:00:00,6,12.701149,11.355854
2014-11-16,2014-11-16 06:00:00,7,15.335249,11.141949
2014-11-16,2014-11-16 07:00:00,8,9.109196,10.248062
2014-11-16,2014-11-16 08:00:00,9,8.151341,11.029827
2014-11-16,2014-11-16 09:00:00,10,10.545977,11.127235
2014-11-16,2014-11-16 10:00:00,11,9.827586,10.947502
2014-11-16,2014-11-16 11:00:00,12,8.869732,10.945774
2014-11-16,2014-11-16 12:00:00,13,10.78544,11.767841
2014-11-16,2014-11-16 13:00:00,14,11.264368,11.612392
2014-11-16,2014-11-16 14:00:00,15,8.869732,11.286495
2014-11-16,2014-11-16 15:00:00,16,11.024904,11.753632
2014-11-16,2014-11-16 16:00:00,17,10.06705,12.158745
2014-11-16,2014-11-16 17:00:00,18,9.588122,11.882984
2014-11-16,2014-11-16 18:00:00,19,14.856322,13.452057
2014-11-16,2014-11-16 19:00:00,20,13.41954,13.46011
2014-11-16,2014-11-16 20:00:00,21,15.814177,13.403191
2014-11-16,2014-11-16 21:00:00,22,12.701149,12.996517
2014-11-16,2014-11-16 22:00:00,23,13.180077,13.410839
2014-11-16,2014-11-16 23:00:00,24,14.856322,14.077564
2014-11-17,2014-11-17 00:00:00,1,14.6168585,14.776039
2014-11-17,2014-11-17 01:00:00,2,12.461686,14.136604
2014-11-17,2014-11-17 02:00:00,3,13.659004,13.79752
2014-11-17,2014-11-17 03:00:00,4,14.856322,14.135628
2014-11-17,2014-11-17 04:00:00,5,14.856322,14.409672
2014-11-17,2014-11-17 05:00:00,6,12.461686,14.375034
2014-11-17,2014-11-17 06:00:00,7,14.856322,14.665642
2014-11-17,2014-11-17 07:00:00,8,16.534962,17.479706
2014-11-17,2014-11-17 08:00:00,9,85.79023,82.88664
2014-11-17,2014-11-17 09:00:00,10,92.26054,95.81308
2014-11-17,2014-11-17 10:00:00,11,91.542145,93.52124
2014-11-17,2014-11-17 11:00:00,12,91.542145,99.20508
2014-11-17,2014-11-17 12:00:00,13,97.768196,101.04331
2014-11-17,2014-11-17 13:00:00,14,96.81035,100.91699
2014-11-17,2014-11-17 14:00:00,15,95.1341,102.40741
2014-11-17,2014-11-17 15:00:00,16,93.457855,106.24791
2014-11-17,2014-11-17 16:00:00,17,97.53113,109.46153
2014-11-17,2014-11-17 17:00:00,18,107.35632,116.85304
2014-11-17,2014-11-17 18:00:00,19,109.5115,113.42868
2014-11-17,2014-11-17 19:00:00,20,105.68008,109.49781
2014-11-17,2014-11-17 20:00:00,21,102.083336,104.96709
2014-11-17,2014-11-17 21:00:00,22,103.52012,100.742256
2014-11-17,2014-11-17 22:00:00,23,102.56465,98.31651
2014-11-17,2014-11-17 23:00:00,24,103.04119,99.270744
2014-11-18,2014-11-18 00:00:00,1,98.48659,99.0036
2014-11-18,2014-11-18 01:00:00,2,78.8386,85.122215
2014-11-18,2014-11-18 02:00:00,3,17.729885,20.783745
2014-11-18,2014-11-18 03:00:00,4,17.729885,22.300858
2014-11-18,2014-11-18 04:00:00,5,16.293104,20.549435
2014-11-18,2014-11-18 05:00:00,6,14.856322,18.107117
2014-11-18,2014-11-18 06:00:00,7,16.293104,18.12331
2014-11-18,2014-11-18 07:00:00,8,12.701149,15.509064
2014-11-18,2014-11-18 08:00:00,9,18.931992,74.79549
2014-11-18,2014-11-18 09:00:00,10,29.233717,92.02571
2014-11-18,2014-11-18 10:00:00,11,72.36829,98.36673
2014-11-18,2014-11-18 11:00:00,12,97.77059,98.3423
2014-11-18,2014-11-18 12:00:00,13,98.72605,96.50331
2014-11-18,2014-11-18 13:00:00,14,98.00766,97.43097
2014-11-18,2014-11-18 14:00:00,15,93.21839,95.863434
2014-11-18,2014-11-18 15:00:00,16,92.5,99.539955
2014-11-18,2014-11-18 16:00:00,17,93.457855,106.540115
2014-11-18,2014-11-18 17:00:00,18,104.71743,113.61803
2014-11-18,2014-11-18 18:00:00,19,105.43822,109.7392
2014-11-18,2014-11-18 19:00:00,20,102.55987,107.33247
2014-11-18,2014-11-18 20:00:00,21,106.39847,104.80328
2014-11-18,2014-11-18 21:00:00,22,98.965515,101.2465
2014-11-18,2014-11-18 22:00:00,23,100.4023,98.87462
2014-11-18,2014-11-18 23:00:00,24,104.48036,98.95483
2014-11-19,2014-11-19 00:00:00,1,97.768196,99.59613
2014-11-19,2014-11-19 01:00:00,2,84.10919,87.53055
2014-11-19,2014-11-19 02:00:00,3,18.929598,17.695633
2014-11-19,2014-11-19 03:00:00,4,18.68774,18.250217
2014-11-19,2014-11-19 04:00:00,5,16.532568,17.225502
2014-11-19,2014-11-19 05:00:00,6,14.6168585,16.296593
2014-11-19,2014-11-19 06:00:00,7,15.335249,17.150372
2014-11-19,2014-11-19 07:00:00,8,17.734674,16.368427
2014-11-19,2014-11-19 08:00:00,9,82.909485,34.251106
2014-11-19,2014-11-19 09:00:00,10,89.384575,85.10724
2014-11-19,2014-11-19 10:00:00,11,90.58429,91.792114
2014-11-19,2014-11-19 11:00:00,12,92.97893,95.19191
2014-11-19,2014-11-19 12:00:00,13,93.21839,93.6492
2014-11-19,2014-11-19 13:00:00,14,92.73946,92.531425
2014-11-19,2014-11-19 14:00:00,15,94.89464,93.05121
2014-11-19,2014-11-19 15:00:00,16,103.759575,94.57585
2014-11-19,2014-11-19 16:00:00,17,115.26102,101.29851
2014-11-19,2014-11-19 17:00:00,18,127.48084,107.185974
2014-11-19,2014-11-19 18:00:00,19,120.296936,105.25116
2014-11-19,2014-11-19 19:00:00,20,115.498085,103.305115
2014-11-19,2014-11-19 20:00:00,21,109.990425,101.387085
2014-11-19,2014-11-19 21:00:00,22,106.877396,98.91159
2014-11-19,2014-11-19 22:00:00,23,109.5115,98.22669
2014-11-19,2014-11-19 23:00:00,24,106.875,97.778946
2014-11-20,2014-11-20 00:00:00,1,93.21839,101.9193
2014-11-20,2014-11-20 01:00:00,2,57.03065,89.2578
2014-11-20,2014-11-20 02:00:00,3,17.011494,19.132427
2014-11-20,2014-11-20 03:00:00,4,17.969349,20.620735
2014-11-20,2014-11-20 04:00:00,5,17.250957,18.624866
2014-11-20,2014-11-20 05:00:00,6,14.6168585,17.312492
2014-11-20,2014-11-20 06:00:00,7,15.335249,17.543499
2014-11-20,2014-11-20 07:00:00,8,17.255747,17.783127
2014-11-20,2014-11-20 08:00:00,9,87.22462,89.222626
2014-11-20,2014-11-20 09:00:00,10,91.542145,92.658295
2014-11-20,2014-11-20 10:00:00,11,91.542145,91.75914
2014-11-20,2014-11-20 11:00:00,12,91.53975,95.753365
2014-11-20,2014-11-20 12:00:00,13,96.81035,96.68558
2014-11-20,2014-11-20 13:00:00,14,94.65278,95.65027
2014-11-20,2014-11-20 14:00:00,15,86.74329,96.107155
2014-11-20,2014-11-20 15:00:00,16,88.90326,100.79298
2014-11-20,2014-11-20 16:00:00,17,96.570885,105.21173
2014-11-20,2014-11-20 17:00:00,18,117.41858,113.64417
2014-11-20,2014-11-20 18:00:00,19,113.582375,110.74866
2014-11-20,2014-11-20 19:00:00,20,107.59579,109.333015
2014-11-20,2014-11-20 20:00:00,21,101.84387,107.55873
2014-11-20,2014-11-20 21:00:00,22,92.73946,102.74455
2014-11-20,2014-11-20 22:00:00,23,92.73946,102.0666
2014-11-20,2014-11-20 23:00:00,24,90.82136,101.51253
2014-11-21,2014-11-21 00:00:00,1,88.663795,89.428375
2014-11-21,2014-11-21 01:00:00,2,49.841953,71.60141
2014-11-21,2014-11-21 02:00:00,3,14.377395,16.774975
2014-11-21,2014-11-21 03:00:00,4,15.814177,17.351955
2014-11-21,2014-11-21 04:00:00,5,15.574713,16.86036
2014-11-21,2014-11-21 05:00:00,6,14.6168585,15.295826
2014-11-21,2014-11-21 06:00:00,7,14.6168585,15.033276
2014-11-21,2014-11-21 07:00:00,8,10.06705,15.068329
2014-11-21,2014-11-21 08:00:00,9,18.69253,79.80211
2014-11-21,2014-11-21 09:00:00,10,30.909962,89.94417
2014-11-21,2014-11-21 10:00:00,11,22.523947,89.93564
2014-11-21,2014-11-21 11:00:00,12,22.286877,93.96178
2014-11-21,2014-11-21 12:00:00,13,29.238506,95.957596
2014-11-21,2014-11-21 13:00:00,14,35.706417,94.161934
2014-11-21,2014-11-21 14:00:00,15,36.666668,92.59514
2014-11-21,2014-11-21 15:00:00,16,54.87548,95.95825
2014-11-21,2014-11-21 16:00:00,17,87.46408,100.84508
2014-11-21,2014-11-21 17:00:00,18,94.89464,109.7845
2014-11-21,2014-11-21 18:00:00,19,103.759575,105.778404
2014-11-21,2014-11-21 19:00:00,20,96.81035,102.8135
2014-11-21,2014-11-21 20:00:00,21,94.17625,100.23219
2014-11-21,2014-11-21 21:00:00,22,91.542145,95.104004
2014-11-21,2014-11-21 22:00:00,23,80.51724,94.19142
2014-11-21,2014-11-21 23:00:00,24,59.667145,92.46225
2014-11-22,2014-11-22 00:00:00,1,55.354404,44.54059
2014-11-22,2014-11-22 01:00:00,2,40.73755,29.184875
2014-11-22,2014-11-22 02:00:00,3,13.898467,13.664146
2014-11-22,2014-11-22 03:00:00,4,14.6168585,11.792881
2014-11-22,2014-11-22 04:00:00,5,14.137931,11.668682
2014-11-22,2014-11-22 05:00:00,6,12.701149,11.307606
2014-11-22,2014-11-22 06:00:00,7,14.856322,11.0638275
2014-11-22,2014-11-22 07:00:00,8,11.503832,10.216492
2014-11-22,2014-11-22 08:00:00,9,8.390804,10.905167
2014-11-22,2014-11-22 09:00:00,10,10.06705,11.585434
2014-11-22,2014-11-22 10:00:00,11,9.827586,11.499371
2014-11-22,2014-11-22 11:00:00,12,8.390804,11.440968
2014-11-22,2014-11-22 12:00:00,13,10.06705,12.019436
2014-11-22,2014-11-22 13:00:00,14,10.545977,12.27359
2014-11-22,2014-11-22 14:00:00,15,8.869732,12.004826
2014-11-22,2014-11-22 15:00:00,16,10.545977,12.272331
2014-11-22,2014-11-22 16:00:00,17,10.06705,12.573822
2014-11-22,2014-11-22 17:00:00,18,10.78544,12.881298
2014-11-22,2014-11-22 18:00:00,19,15.095785,13.917355
2014-11-22,2014-11-22 19:00:00,20,15.574713,14.118736
2014-11-22,2014-11-22 20:00:00,21,16.293104,13.870098
2014-11-22,2014-11-22 21:00:00,22,12.701149,13.295109
2014-11-22,2014-11-22 22:00:00,23,12.701149,13.204838
2014-11-22,2014-11-22 23:00:00,24,15.335249,13.142902
2014-11-23,2014-11-23 00:00:00,1,14.856322,15.587189
2014-11-23,2014-11-23 01:00:00,2,12.701149,13.9089775
2014-11-23,2014-11-23 02:00:00,3,13.898467,11.058056
2014-11-23,2014-11-23 03:00:00,4,14.856322,11.047859
2014-11-23,2014-11-23 04:00:00,5,14.377395,11.165043
2014-11-23,2014-11-23 05:00:00,6,12.940613,10.779175
2014-11-23,2014-11-23 06:00:00,7,15.095785,10.806309
2014-11-23,2014-11-23 07:00:00,8,10.06705,9.500427
2014-11-23,2014-11-23 08:00:00,9,9.348659,10.111942
2014-11-23,2014-11-23 09:00:00,10,9.827586,10.437664
2014-11-23,2014-11-23 10:00:00,11,10.06705,9.991623
2014-11-23,2014-11-23 11:00:00,12,8.630268,10.023602
2014-11-23,2014-11-23 12:00:00,13,10.545977,10.787258
2014-11-23,2014-11-23 13:00:00,14,10.06705,10.912785
2014-11-23,2014-11-23 14:00:00,15,9.109196,10.457947
2014-11-23,2014-11-23 15:00:00,16,10.306514,11.129215
2014-11-23,2014-11-23 16:00:00,17,10.06705,11.255684
2014-11-23,2014-11-23 17:00:00,18,9.827586,11.457378
2014-11-23,2014-11-23 18:00:00,19,14.377395,13.620842
2014-11-23,2014-11-23 19:00:00,20,13.180077,13.634636
2014-11-23,2014-11-23 20:00:00,21,15.095785,14.092823
2014-11-23,2014-11-23 21:00:00,22,12.701149,13.481228
2014-11-23,2014-11-23 22:00:00,23,12.940613,13.741188
2014-11-23,2014-11-23 23:00:00,24,15.095785,15.182583
2014-11-24,2014-11-24 00:00:00,1,14.377395,15.883156
2014-11-24,2014-11-24 01:00:00,2,12.222222,14.143623
2014-11-24,2014-11-24 02:00:00,3,12.940613,12.116882
2014-11-24,2014-11-24 03:00:00,4,15.814177,12.812695
2014-11-24,2014-11-24 04:00:00,5,14.377395,13.318874
2014-11-24,2014-11-24 05:00:00,6,13.180077,13.485966
2014-11-24,2014-11-24 06:00:00,7,14.377395,14.816341
2014-11-24,2014-11-24 07:00:00,8,10.06705,14.936741
2014-11-24,2014-11-24 08:00:00,9,11.264368,55.88467
2014-11-24,2014-11-24 09:00:00,10,19.650383,72.14653
2014-11-24,2014-11-24 10:00:00,11,22.7682,75.163895
2014-11-24,2014-11-24 11:00:00,12,20.366379,78.52644
2014-11-24,2014-11-24 12:00:00,13,20.608238,82.21162
2014-11-24,2014-11-24 13:00:00,14,20.368774,85.922485
2014-11-24,2014-11-24 14:00:00,15,15.574713,85.718094
2014-11-24,2014-11-24 15:00:00,16,23.72366,89.77571
2014-11-24,2014-11-24 16:00:00,17,90.581894,97.39752
2014-11-24,2014-11-24 17:00:00,18,105.20115,104.48836
2014-11-24,2014-11-24 18:00:00,19,116.93965,106.500656
2014-11-24,2014-11-24 19:00:00,20,111.666664,103.10443
2014-11-24,2014-11-24 20:00:00,21,106.159004,103.55867
2014-11-24,2014-11-24 21:00:00,22,106.877396,100.665726
2014-11-24,2014-11-24 22:00:00,23,108.074715,97.345474
2014-11-24,2014-11-24 23:00:00,24,103.28304,94.18997
2014-11-25,2014-11-25 00:00:00,1,98.24712,97.61823
2014-11-25,2014-11-25 01:00:00,2,48.163315,78.77902
2014-11-25,2014-11-25 02:00:00,3,16.05364,20.944126
2014-11-25,2014-11-25 03:00:00,4,16.77203,19.315598
2014-11-25,2014-11-25 04:00:00,5,16.293104,18.170574
2014-11-25,2014-11-25 05:00:00,6,13.41954,17.44205
2014-11-25,2014-11-25 06:00:00,7,15.814177,18.431839
2014-11-25,2014-11-25 07:00:00,8,23.963123,17.106255
2014-11-25,2014-11-25 08:00:00,9,91.06082,35.33586
2014-11-25,2014-11-25 09:00:00,10,102.3228,82.10243
2014-11-25,2014-11-25 10:00:00,11,102.80173,89.06178
2014-11-25,2014-11-25 11:00:00,12,100.40469,90.15055
2014-11-25,2014-11-25 12:00:00,13,103.99904,91.7702
2014-11-25,2014-11-25 13:00:00,14,107.59339,91.90794
2014-11-25,2014-11-25 14:00:00,15,98.48659,90.83774
2014-11-25,2014-11-25 15:00:00,16,95.61303,96.33251
2014-11-25,2014-11-25 16:00:00,17,95.85249,102.51233
2014-11-25,2014-11-25 17:00:00,18,117.179115,111.16058
2014-11-25,2014-11-25 18:00:00,19,114.54023,111.49407
2014-11-25,2014-11-25 19:00:00,20,111.18774,107.36641
2014-11-25,2014-11-25 20:00:00,21,105.19875,104.66238
2014-11-25,2014-11-25 21:00:00,22,97.049805,101.58313
2014-11-25,2014-11-25 22:00:00,23,96.33142,101.734825
2014-11-25,2014-11-25 23:00:00,24,98.48659,98.83898
2014-11-26,2014-11-26 00:00:00,1,94.655174,94.59194
2014-11-26,2014-11-26 01:00:00,2,79.31992,68.64956
2014-11-26,2014-11-26 02:00:00,3,19.169062,15.116367
2014-11-26,2014-11-26 03:00:00,4,18.68774,16.070873
2014-11-26,2014-11-26 04:00:00,5,14.856322,16.6931
2014-11-26,2014-11-26 05:00:00,6,12.461686,16.916908
2014-11-26,2014-11-26 06:00:00,7,15.335249,17.626198
2014-11-26,2014-11-26 07:00:00,8,21.568487,18.40194
2014-11-26,2014-11-26 08:00:00,9,77.15996,84.62699
2014-11-26,2014-11-26 09:00:00,10,82.43295,91.67203
2014-11-26,2014-11-26 10:00:00,11,82.91188,92.74772
2014-11-26,2014-11-26 11:00:00,12,87.94301,94.70381
2014-11-26,2014-11-26 12:00:00,13,94.17385,96.13594
2014-11-26,2014-11-26 13:00:00,14,94.65278,94.70066
2014-11-26,2014-11-26 14:00:00,15,86.506226,92.915215
2014-11-26,2014-11-26 15:00:00,16,96.81035,98.96879
2014-11-26,2014-11-26 16:00:00,17,100.64416,106.17421
2014-11-26,2014-11-26 17:00:00,18,111.90613,115.44122
2014-11-26,2014-11-26 18:00:00,19,108.31418,113.36809
2014-11-26,2014-11-26 19:00:00,20,104.48036,110.84352
2014-11-26,2014-11-26 20:00:00,21,100.64416,107.765076
2014-11-26,2014-11-26 21:00:00,22,96.33142,105.36156
2014-11-26,2014-11-26 22:00:00,23,99.92337,103.01505
2014-11-26,2014-11-26 23:00:00,24,100.4023,102.398285
2014-11-27,2014-11-27 00:00:00,1,98.00766,97.44399
2014-11-27,2014-11-27 01:00:00,2,73.328545,74.362885
2014-11-27,2014-11-27 02:00:00,3,17.011494,16.285511
2014-11-27,2014-11-27 03:00:00,4,17.969349,17.495972
2014-11-27,2014-11-27 04:00:00,5,14.856322,17.037182
2014-11-27,2014-11-27 05:00:00,6,13.180077,16.59673
2014-11-27,2014-11-27 06:00:00,7,14.137931,16.88438
2014-11-27,2014-11-27 07:00:00,8,18.69253,17.693295
2014-11-27,2014-11-27 08:00:00,9,79.796455,83.229004
2014-11-27,2014-11-27 09:00:00,10,89.14512,88.37942
2014-11-27,2014-11-27 10:00:00,11,91.78161,88.03653
2014-11-27,2014-11-27 11:00:00,12,94.655174,90.061554
2014-11-27,2014-11-27 12:00:00,13,93.2136,90.97757
2014-11-27,2014-11-27 13:00:00,14,94.89464,90.69412
2014-11-27,2014-11-27 14:00:00,15,94.41571,84.71215
2014-11-27,2014-11-27 15:00:00,16,103.04358,91.72534
2014-11-27,2014-11-27 16:00:00,17,104.47797,100.426895
2014-11-27,2014-11-27 17:00:00,18,112.626915,113.85133
2014-11-27,2014-11-27 18:00:00,19,118.85776,112.393974
2014-11-27,2014-11-27 19:00:00,20,124.84674,108.34011
2014-11-27,2014-11-27 20:00:00,21,118.139366,104.54911
2014-11-27,2014-11-27 21:00:00,22,107.59579,98.571594
2014-11-27,2014-11-27 22:00:00,23,105.20115,100.06613
2014-11-27,2014-11-27 23:00:00,24,103.52251,100.03412
2014-11-28,2014-11-28 00:00:00,1,100.88362,100.15358
2014-11-28,2014-11-28 01:00:00,2,103.28304,77.03587
2014-11-28,2014-11-28 02:00:00,3,34.267242,15.233849
2014-11-28,2014-11-28 03:00:00,4,28.275862,17.490005
2014-11-28,2014-11-28 04:00:00,5,26.12069,14.981609
2014-11-28,2014-11-28 05:00:00,6,21.810345,14.118618
2014-11-28,2014-11-28 06:00:00,7,20.12931,14.84222
2014-11-28,2014-11-28 07:00:00,8,22.523947,15.114517
2014-11-28,2014-11-28 08:00:00,9,78.35967,81.302216
2014-11-28,2014-11-28 09:00:00,10,82.67242,86.93553
2014-11-28,2014-11-28 10:00:00,11,81.71456,86.78247
2014-11-28,2014-11-28 11:00:00,12,82.674805,89.83269
2014-11-28,2014-11-28 12:00:00,13,92.5,91.85373
2014-11-28,2014-11-28 13:00:00,14,89.384575,92.12392
2014-11-28,2014-11-28 14:00:00,15,89.62165,90.21921
2014-11-28,2014-11-28 15:00:00,16,94.41571,96.6897
2014-11-28,2014-11-28 16:00:00,17,96.094345,101.27519
2014-11-28,2014-11-28 17:00:00,18,113.582375,112.460724
2014-11-28,2014-11-28 18:00:00,19,111.4272,111.6028
2014-11-28,2014-11-28 19:00:00,20,101.83908,110.26396
2014-11-28,2014-11-28 20:00:00,21,105.43822,105.65834
2014-11-28,2014-11-28 21:00:00,22,103.280655,99.31118
2014-11-28,2014-11-28 22:00:00,23,94.655174,99.074265
2014-11-28,2014-11-28 23:00:00,24,87.703545,94.94238
2014-11-29,2014-11-29 00:00:00,1,82.19349,85.31723
2014-11-29,2014-11-29 01:00:00,2,49.36542,60.315292
2014-11-29,2014-11-29 02:00:00,3,12.461686,17.125679
2014-11-29,2014-11-29 03:00:00,4,13.898467,16.128162
2014-11-29,2014-11-29 04:00:00,5,14.377395,15.083351
2014-11-29,2014-11-29 05:00:00,6,11.9827585,13.806587
2014-11-29,2014-11-29 06:00:00,7,14.137931,13.926796
2014-11-29,2014-11-29 07:00:00,8,9.348659,12.670685
2014-11-29,2014-11-29 08:00:00,9,7.191092,13.501678
2014-11-29,2014-11-29 09:00:00,10,9.109196,13.796089
2014-11-29,2014-11-29 10:00:00,11,9.588122,13.467987
2014-11-29,2014-11-29 11:00:00,12,7.4305553,13.439537
2014-11-29,2014-11-29 12:00:00,13,9.348659,13.676071
2014-11-29,2014-11-29 13:00:00,14,8.630268,13.502377
2014-11-29,2014-11-29 14:00:00,15,8.869732,13.023582
2014-11-29,2014-11-29 15:00:00,16,11.9827585,13.142155
2014-11-29,2014-11-29 16:00:00,17,11.743295,13.409351
2014-11-29,2014-11-29 17:00:00,18,9.109196,13.687294
2014-11-29,2014-11-29 18:00:00,19,13.41954,14.65699
2014-11-29,2014-11-29 19:00:00,20,12.940613,14.564312
2014-11-29,2014-11-29 20:00:00,21,15.095785,14.708939
2014-11-29,2014-11-29 21:00:00,22,11.743295,14.588623
2014-11-29,2014-11-29 22:00:00,23,13.180077,14.701786
2014-11-29,2014-11-29 23:00:00,24,14.377395,15.336437
2014-11-30,2014-11-30 00:00:00,1,13.659004,14.020264
2014-11-30,2014-11-30 01:00:00,2,11.264368,12.523891
2014-11-30,2014-11-30 02:00:00,3,11.743295,11.595203
2014-11-30,2014-11-30 03:00:00,4,13.898467,12.5373955
2014-11-30,2014-11-30 04:00:00,5,14.377395,12.812691
2014-11-30,2014-11-30 05:00:00,6,11.9827585,12.102478
2014-11-30,2014-11-30 06:00:00,7,13.898467,13.021545
2014-11-30,2014-11-30 07:00:00,8,9.588122,9.04768
2014-11-30,2014-11-30 08:00:00,9,7.428161,9.174019
2014-11-30,2014-11-30 09:00:00,10,9.109196,9.462723
2014-11-30,2014-11-30 10:00:00,11,9.348659,9.661915
2014-11-30,2014-11-30 11:00:00,12,8.151341,8.996296
2014-11-30,2014-11-30 12:00:00,13,9.109196,9.600761
2014-11-30,2014-11-30 13:00:00,14,9.109196,10.6058235
2014-11-30,2014-11-30 14:00:00,15,6.9492335,9.571842
2014-11-30,2014-11-30 15:00:00,16,9.588122,10.618515
2014-11-30,2014-11-30 16:00:00,17,8.630268,10.939537
2014-11-30,2014-11-30 17:00:00,18,8.867337,10.800552
2014-11-30,2014-11-30 18:00:00,19,13.659004,13.634594
2014-11-30,2014-11-30 19:00:00,20,12.701149,13.618862
2014-11-30,2014-11-30 20:00:00,21,13.180077,14.226051
2014-11-30,2014-11-30 21:00:00,22,11.503832,12.636856
2014-11-30,2014-11-30 22:00:00,23,11.9827585,12.872868
2014-11-30,2014-11-30 23:00:00,24,14.137931,13.637268
2014-12-01,2014-12-01 00:00:00,1,13.659004,13.473354
2014-12-01,2014-12-01 01:00:00,2,12.222222,12.964115
2014-12-01,2014-12-01 02:00:00,3,12.222222,11.96804
2014-12-01,2014-12-01 03:00:00,4,13.898467,13.222
2014-12-01,2014-12-01 04:00:00,5,13.659004,12.860298
2014-12-01,2014-12-01 05:00:00,6,11.9827585,12.86359
2014-12-01,2014-12-01 06:00:00,7,13.898467,12.870522
2014-12-01,2014-12-01 07:00:00,8,15.09818,12.187378
2014-12-01,2014-12-01 08:00:00,9,60.864464,47.1306
2014-12-01,2014-12-01 09:00:00,10,71.16858,75.39426
2014-12-01,2014-12-01 10:00:00,11,67.81609,74.99486
2014-12-01,2014-12-01 11:00:00,12,69.01341,79.38851
2014-12-01,2014-12-01 12:00:00,13,71.88697,77.77919
2014-12-01,2014-12-01 13:00:00,14,69.01341,80.23697
2014-12-01,2014-12-01 14:00:00,15,65.179596,80.03794
2014-12-01,2014-12-01 15:00:00,16,30.672894,87.84621
2014-12-01,2014-12-01 16:00:00,17,82.67242,98.78735
2014-12-01,2014-12-01 17:00:00,18,117.65804,112.67954
2014-12-01,2014-12-01 18:00:00,19,115.02395,115.71782
2014-12-01,2014-12-01 19:00:00,20,109.03257,110.22731
2014-12-01,2014-12-01 20:00:00,21,104.719826,105.893265
2014-12-01,2014-12-01 21:00:00,22,92.497604,102.08154
2014-12-01,2014-12-01 22:00:00,23,88.90326,101.79252
2014-12-01,2014-12-01 23:00:00,24,86.50383,101.12678
2014-12-02,2014-12-02 00:00:00,1,59.188217,84.80664
2014-12-02,2014-12-02 01:00:00,2,41.216476,64.55363
2014-12-02,2014-12-02 02:00:00,3,13.898467,14.807602
2014-12-02,2014-12-02 03:00:00,4,14.856322,14.696423
2014-12-02,2014-12-02 04:00:00,5,15.095785,14.250553
2014-12-02,2014-12-02 05:00:00,6,12.222222,13.155537
2014-12-02,2014-12-02 06:00:00,7,13.659004,14.569214
2014-12-02,2014-12-02 07:00:00,8,13.900862,16.54494
2014-12-02,2014-12-02 08:00:00,9,35.943485,81.34966
2014-12-02,2014-12-02 09:00:00,10,75.24186,84.64747
2014-12-02,2014-12-02 10:00:00,11,84.58812,86.29605
2014-12-02,2014-12-02 11:00:00,12,84.11159,88.218796
2014-12-02,2014-12-02 12:00:00,13,92.97893,92.89838
2014-12-02,2014-12-02 13:00:00,14,86.748085,92.401596
2014-12-02,2014-12-02 14:00:00,15,81.954025,88.81538
2014-12-02,2014-12-02 15:00:00,16,88.905655,93.242615
2014-12-02,2014-12-02 16:00:00,17,95.85488,99.37117
2014-12-02,2014-12-02 17:00:00,18,110.22988,115.47107
2014-12-02,2014-12-02 18:00:00,19,102.56465,113.19264
2014-12-02,2014-12-02 19:00:00,20,97.768196,108.69525
2014-12-02,2014-12-02 20:00:00,21,96.570885,104.38271
2014-12-02,2014-12-02 21:00:00,22,90.10536,98.88796
2014-12-02,2014-12-02 22:00:00,23,83.39081,98.70386
2014-12-02,2014-12-02 23:00:00,24,84.82758,96.66719
2014-12-03,2014-12-03 00:00:00,1,83.86973,82.45423
2014-12-03,2014-12-03 01:00:00,2,60.627396,63.196117
2014-12-03,2014-12-03 02:00:00,3,16.293104,16.757706
2014-12-03,2014-12-03 03:00:00,4,17.250957,16.427826
2014-12-03,2014-12-03 04:00:00,5,16.05364,16.266579
2014-12-03,2014-12-03 05:00:00,6,14.377395,15.194954
2014-12-03,2014-12-03 06:00:00,7,15.814177,15.79995
2014-12-03,2014-12-03 07:00:00,8,20.847702,16.500835
2014-12-03,2014-12-03 08:00:00,9,82.91427,65.20925
2014-12-03,2014-12-03 09:00:00,10,92.02107,78.63253
2014-12-03,2014-12-03 10:00:00,11,95.61303,78.33624
2014-12-03,2014-12-03 11:00:00,12,94.89464,81.17107
2014-12-03,2014-12-03 12:00:00,13,54.636017,84.77959
2014-12-03,2014-12-03 13:00:00,14,24.681513,83.580795
2014-12-03,2014-12-03 14:00:00,15,21.326628,80.41121
2014-12-03,2014-12-03 15:00:00,16,34.264847,86.90558
2014-12-03,2014-12-03 16:00:00,17,78.36207,95.37547
2014-12-03,2014-12-03 17:00:00,18,109.27442,111.046844
2014-12-03,2014-12-03 18:00:00,19,111.4272,109.23814
2014-12-03,2014-12-03 19:00:00,20,107.83525,103.26633
2014-12-03,2014-12-03 20:00:00,21,101.84148,98.6322
2014-12-03,2014-12-03 21:00:00,22,91.30268,94.31578
2014-12-03,2014-12-03 22:00:00,23,86.0249,92.002495
2014-12-03,2014-12-03 23:00:00,24,86.0249,90.7655
2014-12-04,2014-12-04 00:00:00,1,84.10919,82.47025
2014-12-04,2014-12-04 01:00:00,2,69.731804,63.70806
2014-12-04,2014-12-04 02:00:00,3,14.377395,16.91069
2014-12-04,2014-12-04 03:00:00,4,15.574713,16.382614
2014-12-04,2014-12-04 04:00:00,5,15.814177,16.160412
2014-12-04,2014-12-04 05:00:00,6,11.9827585,14.478859
2014-12-04,2014-12-04 06:00:00,7,14.137931,14.918488
2014-12-04,2014-12-04 07:00:00,8,19.171455,16.978348
2014-12-04,2014-12-04 08:00:00,9,74.52586,71.58507
2014-12-04,2014-12-04 09:00:00,10,79.31992,81.65715
2014-12-04,2014-12-04 10:00:00,11,78.60153,80.80157
2014-12-04,2014-12-04 11:00:00,12,77.16235,83.51528
2014-12-04,2014-12-04 12:00:00,13,90.10058,86.177155
2014-12-04,2014-12-04 13:00:00,14,91.53975,83.42984
2014-12-04,2014-12-04 14:00:00,15,85.30651,82.223595
2014-12-04,2014-12-04 15:00:00,16,84.82758,85.65485
2014-12-04,2014-12-04 16:00:00,17,89.62165,96.80972
2014-12-04,2014-12-04 17:00:00,18,102.08094,112.68345
2014-12-04,2014-12-04 18:00:00,19,97.049805,110.97169
2014-12-04,2014-12-04 19:00:00,20,97.049805,106.364426
2014-12-04,2014-12-04 20:00:00,21,94.17625,102.8311
2014-12-04,2014-12-04 21:00:00,22,87.46648,96.01756
2014-12-04,2014-12-04 22:00:00,23,84.82758,92.5706
2014-12-04,2014-12-04 23:00:00,24,86.50383,90.19478
2014-12-05,2014-12-05 00:00:00,1,84.58812,86.23594
2014-12-05,2014-12-05 01:00:00,2,68.05556,72.56849
2014-12-05,2014-12-05 02:00:00,3,16.05364,16.605282
2014-12-05,2014-12-05 03:00:00,4,17.011494,17.26104
2014-12-05,2014-12-05 04:00:00,5,16.532568,16.927399
2014-12-05,2014-12-05 05:00:00,6,14.137931,15.107185
2014-12-05,2014-12-05 06:00:00,7,17.250957,15.687489
2014-12-05,2014-12-05 07:00:00,8,20.12931,16.818699
2014-12-05,2014-12-05 08:00:00,9,76.92289,73.14414
2014-12-05,2014-12-05 09:00:00,10,54.396553,78.39437
2014-12-05,2014-12-05 10:00:00,11,60.86686,76.65014
2014-12-05,2014-12-05 11:00:00,12,37.863983,78.0578
2014-12-05,2014-12-05 12:00:00,13,39.779694,82.4067
2014-12-05,2014-12-05 13:00:00,14,36.903736,80.87598
2014-12-05,2014-12-05 14:00:00,15,33.788315,78.74786
2014-12-05,2014-12-05 15:00:00,16,76.683426,82.01429
2014-12-05,2014-12-05 16:00:00,17,92.5,87.97334
2014-12-05,2014-12-05 17:00:00,18,95.85249,101.6265
2014-12-05,2014-12-05 18:00:00,19,92.26054,100.86616
2014-12-05,2014-12-05 19:00:00,20,93.457855,97.76838
2014-12-05,2014-12-05 20:00:00,21,92.01868,94.17847
2014-12-05,2014-12-05 21:00:00,22,86.50383,88.30737
2014-12-05,2014-12-05 22:00:00,23,83.39081,84.50841
2014-12-05,2014-12-05 23:00:00,24,85.30651,79.680405
2014-12-06,2014-12-06 00:00:00,1,76.9205,80.60365
2014-12-06,2014-12-06 01:00:00,2,42.895115,51.00795
2014-12-06,2014-12-06 02:00:00,3,12.701149,14.125393
2014-12-06,2014-12-06 03:00:00,4,14.6168585,13.429962
2014-12-06,2014-12-06 04:00:00,5,13.898467,13.496468
2014-12-06,2014-12-06 05:00:00,6,12.222222,10.012474
2014-12-06,2014-12-06 06:00:00,7,14.6168585,10.47187
2014-12-06,2014-12-06 07:00:00,8,9.348659,8.9447365
2014-12-06,2014-12-06 08:00:00,9,7.428161,9.97047
2014-12-06,2014-12-06 09:00:00,10,9.109196,9.887093
2014-12-06,2014-12-06 10:00:00,11,9.348659,10.0382805
2014-12-06,2014-12-06 11:00:00,12,7.6676245,9.321323
2014-12-06,2014-12-06 12:00:00,13,9.827586,10.416
2014-12-06,2014-12-06 13:00:00,14,8.869732,10.413921
2014-12-06,2014-12-06 14:00:00,15,7.4305553,10.086933
2014-12-06,2014-12-06 15:00:00,16,9.588122,10.403683
2014-12-06,2014-12-06 16:00:00,17,8.630268,10.999863
2014-12-06,2014-12-06 17:00:00,18,9.827586,10.977493
2014-12-06,2014-12-06 18:00:00,19,13.659004,12.699066
2014-12-06,2014-12-06 19:00:00,20,11.9827585,12.120331
2014-12-06,2014-12-06 20:00:00,21,13.659004,12.485607
2014-12-06,2014-12-06 21:00:00,22,11.264368,12.194344
2014-12-06,2014-12-06 22:00:00,23,12.461686,12.782787
2014-12-06,2014-12-06 23:00:00,24,14.377395,12.808468
2014-12-07,2014-12-07 00:00:00,1,13.898467,13.800228
2014-12-07,2014-12-07 01:00:00,2,11.264368,11.801212
2014-12-07,2014-12-07 02:00:00,3,11.9827585,10.396099
2014-12-07,2014-12-07 03:00:00,4,14.137931,11.426983
2014-12-07,2014-12-07 04:00:00,5,14.377395,12.042618
2014-12-07,2014-12-07 05:00:00,6,12.222222,11.426136
2014-12-07,2014-12-07 06:00:00,7,13.898467,12.001663
2014-12-07,2014-12-07 07:00:00,8,9.588122,9.362335
2014-12-07,2014-12-07 08:00:00,9,6.9492335,9.30378
2014-12-07,2014-12-07 09:00:00,10,9.588122,9.238556
2014-12-07,2014-12-07 10:00:00,11,9.827586,9.141457
2014-12-07,2014-12-07 11:00:00,12,7.4305553,8.87014
2014-12-07,2014-12-07 12:00:00,13,9.348659,9.457432
2014-12-07,2014-12-07 13:00:00,14,9.109196,9.756546
2014-12-07,2014-12-07 14:00:00,15,7.428161,9.193851
2014-12-07,2014-12-07 15:00:00,16,9.348659,10.197075
2014-12-07,2014-12-07 16:00:00,17,9.827586,10.221489
2014-12-07,2014-12-07 17:00:00,18,8.867337,10.135784
2014-12-07,2014-12-07 18:00:00,19,13.41954,13.582748
2014-12-07,2014-12-07 19:00:00,20,11.9827585,13.196568
2014-12-07,2014-12-07 20:00:00,21,13.41954,12.876316
2014-12-07,2014-12-07 21:00:00,22,12.222222,12.150734
2014-12-07,2014-12-07 22:00:00,23,12.461686,12.711845
2014-12-07,2014-12-07 23:00:00,24,13.898467,14.933117
2014-12-08,2014-12-08 00:00:00,1,13.898467,14.312466
2014-12-08,2014-12-08 01:00:00,2,11.264368,13.569191
2014-12-08,2014-12-08 02:00:00,3,13.180077,12.301041
2014-12-08,2014-12-08 03:00:00,4,13.898467,13.20977
2014-12-08,2014-12-08 04:00:00,5,13.898467,13.351322
2014-12-08,2014-12-08 05:00:00,6,12.222222,12.835114
2014-12-08,2014-12-08 06:00:00,7,14.137931,13.0119095
2014-12-08,2014-12-08 07:00:00,8,27.318008,13.996498
2014-12-08,2014-12-08 08:00:00,9,89.384575,64.92886
2014-12-08,2014-12-08 09:00:00,10,86.264366,69.501945
2014-12-08,2014-12-08 10:00:00,11,87.94301,69.70741
2014-12-08,2014-12-08 11:00:00,12,88.18247,70.85894
2014-12-08,2014-12-08 12:00:00,13,97.53113,73.229225
2014-12-08,2014-12-08 13:00:00,14,99.92337,71.51443
2014-12-08,2014-12-08 14:00:00,15,93.69732,67.233055
2014-12-08,2014-12-08 15:00:00,16,99.68391,75.7654
2014-12-08,2014-12-08 16:00:00,17,105.67768,82.165665
2014-12-08,2014-12-08 17:00:00,18,115.739944,95.61706
2014-12-08,2014-12-08 18:00:00,19,113.582375,96.09854
2014-12-08,2014-12-08 19:00:00,20,107.59579,92.97384
2014-12-08,2014-12-08 20:00:00,21,106.877396,90.0013
2014-12-08,2014-12-08 21:00:00,22,102.083336,84.72187
2014-12-08,2014-12-08 22:00:00,23,98.48659,82.39238
2014-12-08,2014-12-08 23:00:00,24,98.00766,83.4111
2014-12-09,2014-12-09 00:00:00,1,94.41571,93.510704
2014-12-09,2014-12-09 01:00:00,2,63.261494,75.3826
2014-12-09,2014-12-09 02:00:00,3,13.659004,20.777454
2014-12-09,2014-12-09 03:00:00,4,14.137931,20.549877
2014-12-09,2014-12-09 04:00:00,5,13.659004,20.819214
2014-12-09,2014-12-09 05:00:00,6,11.9827585,18.56852
2014-12-09,2014-12-09 06:00:00,7,14.377395,20.490341
2014-12-09,2014-12-09 07:00:00,8,17.255747,22.14556
2014-12-09,2014-12-09 08:00:00,9,84.58812,83.39607
2014-12-09,2014-12-09 09:00:00,10,61.345787,86.17928
2014-12-09,2014-12-09 10:00:00,11,31.149426,89.12134
2014-12-09,2014-12-09 11:00:00,12,23.72366,89.92528
2014-12-09,2014-12-09 12:00:00,13,27.55747,93.05627
2014-12-09,2014-12-09 13:00:00,14,28.036398,92.68292
2014-12-09,2014-12-09 14:00:00,15,24.20498,90.50089
2014-12-09,2014-12-09 15:00:00,16,53.675766,96.08037
2014-12-09,2014-12-09 16:00:00,17,93.45546,101.167946
2014-12-09,2014-12-09 17:00:00,18,126.28592,112.83832
2014-12-09,2014-12-09 18:00:00,19,121.494255,111.6089
2014-12-09,2014-12-09 19:00:00,20,113.58477,108.69946
2014-12-09,2014-12-09 20:00:00,21,109.03257,103.19091
2014-12-09,2014-12-09 21:00:00,22,107.83525,97.51859
2014-12-09,2014-12-09 22:00:00,23,98.00766,95.44006
2014-12-09,2014-12-09 23:00:00,24,97.52873,94.49716
2014-12-10,2014-12-10 00:00:00,1,98.00766,93.84662
2014-12-10,2014-12-10 01:00:00,2,62.782566,76.200356
2014-12-10,2014-12-10 02:00:00,3,17.729885,17.263775
2014-12-10,2014-12-10 03:00:00,4,20.126915,18.058254
2014-12-10,2014-12-10 04:00:00,5,17.490421,17.130188
2014-12-10,2014-12-10 05:00:00,6,14.856322,15.39917
2014-12-10,2014-12-10 06:00:00,7,15.814177,17.277977
2014-12-10,2014-12-10 07:00:00,8,20.12931,19.253143
2014-12-10,2014-12-10 08:00:00,9,77.40182,82.08848
2014-12-10,2014-12-10 09:00:00,10,80.75671,85.25341
2014-12-10,2014-12-10 10:00:00,11,85.545975,84.09293
2014-12-10,2014-12-10 11:00:00,12,84.10919,85.627
2014-12-10,2014-12-10 12:00:00,13,92.73946,88.523346
2014-12-10,2014-12-10 13:00:00,14,88.6614,86.203926
2014-12-10,2014-12-10 14:00:00,15,84.590515,86.72011
2014-12-10,2014-12-10 15:00:00,16,93.69732,92.44369
2014-12-10,2014-12-10 16:00:00,17,98.97031,100.427155
2014-12-10,2014-12-10 17:00:00,18,121.494255,117.0826
2014-12-10,2014-12-10 18:00:00,19,112.14559,112.29155
2014-12-10,2014-12-10 19:00:00,20,107.11686,108.73166
2014-12-10,2014-12-10 20:00:00,21,108.31418,107.285095
2014-12-10,2014-12-10 21:00:00,22,101.84387,100.02899
2014-12-10,2014-12-10 22:00:00,23,98.24712,95.32755
2014-12-10,2014-12-10 23:00:00,24,97.52873,94.04797
2014-12-11,2014-12-11 00:00:00,1,95.85488,95.9197
2014-12-11,2014-12-11 01:00:00,2,57.27251,71.742325
2014-12-11,2014-12-11 02:00:00,3,14.377395,17.771297
2014-12-11,2014-12-11 03:00:00,4,15.574713,20.255512
2014-12-11,2014-12-11 04:00:00,5,14.377395,19.842472
2014-12-11,2014-12-11 05:00:00,6,12.222222,16.4725
2014-12-11,2014-12-11 06:00:00,7,13.898467,18.211601
2014-12-11,2014-12-11 07:00:00,8,16.534962,22.028118
2014-12-11,2014-12-11 08:00:00,9,82.19349,88.60422
2014-12-11,2014-12-11 09:00:00,10,88.18247,84.87845
2014-12-11,2014-12-11 10:00:00,11,92.97893,82.25052
2014-12-11,2014-12-11 11:00:00,12,91.06082,81.48233
2014-12-11,2014-12-11 12:00:00,13,100.88362,80.888885
2014-12-11,2014-12-11 13:00:00,14,95.373566,78.71326
2014-12-11,2014-12-11 14:00:00,15,92.25814,74.33822
2014-12-11,2014-12-11 15:00:00,16,91.78161,88.588196
2014-12-11,2014-12-11 16:00:00,17,93.21839,100.6949
2014-12-11,2014-12-11 17:00:00,18,107.83525,117.747055
2014-12-11,2014-12-11 18:00:00,19,106.63554,113.394516
2014-12-11,2014-12-11 19:00:00,20,104.001434,108.79536
2014-12-11,2014-12-11 20:00:00,21,100.64416,107.946655
2014-12-11,2014-12-11 21:00:00,22,97.768196,99.94051
2014-12-11,2014-12-11 22:00:00,23,94.41571,95.59176
2014-12-11,2014-12-11 23:00:00,24,94.17625,95.320465
2014-12-12,2014-12-12 00:00:00,1,95.85249,92.19847
2014-12-12,2014-12-12 01:00:00,2,47.684387,66.59559
2014-12-12,2014-12-12 02:00:00,3,18.68774,15.589718
2014-12-12,2014-12-12 03:00:00,4,19.166666,17.364883
2014-12-12,2014-12-12 04:00:00,5,17.729885,16.61938
2014-12-12,2014-12-12 05:00:00,6,15.095785,15.172325
2014-12-12,2014-12-12 06:00:00,7,16.532568,15.957878
2014-12-12,2014-12-12 07:00:00,8,22.523947,18.218403
2014-12-12,2014-12-12 08:00:00,9,82.19349,83.26239
2014-12-12,2014-12-12 09:00:00,10,94.655174,81.00065
2014-12-12,2014-12-12 10:00:00,11,92.01868,81.585945
2014-12-12,2014-12-12 11:00:00,12,87.22222,81.440125
2014-12-12,2014-12-12 12:00:00,13,95.615425,84.04296
2014-12-12,2014-12-12 13:00:00,14,94.65278,78.60838
2014-12-12,2014-12-12 14:00:00,15,92.01868,77.61217
2014-12-12,2014-12-12 15:00:00,16,96.81035,83.82849
2014-12-12,2014-12-12 16:00:00,17,106.15661,92.10384
2014-12-12,2014-12-12 17:00:00,18,116.46073,108.944954
2014-12-12,2014-12-12 18:00:00,19,113.10584,104.003296
2014-12-12,2014-12-12 19:00:00,20,104.48276,100.75302
2014-12-12,2014-12-12 20:00:00,21,105.19875,98.074715
2014-12-12,2014-12-12 21:00:00,22,100.40709,93.52149
2014-12-12,2014-12-12 22:00:00,23,91.06322,91.10309
2014-12-12,2014-12-12 23:00:00,24,94.655174,89.05786
2014-12-13,2014-12-13 00:00:00,1,95.61303,94.11638
2014-12-13,2014-12-13 01:00:00,2,66.85584,49.71522
2014-12-13,2014-12-13 02:00:00,3,19.166666,13.395344
2014-12-13,2014-12-13 03:00:00,4,19.64799,13.905102
2014-12-13,2014-12-13 04:00:00,5,17.729885,14.206268
2014-12-13,2014-12-13 05:00:00,6,16.293104,12.663139
2014-12-13,2014-12-13 06:00:00,7,17.011494,12.735573
2014-12-13,2014-12-13 07:00:00,8,13.180077,11.465809
2014-12-13,2014-12-13 08:00:00,9,7.4305553,12.432747
2014-12-13,2014-12-13 09:00:00,10,10.06705,12.505085
2014-12-13,2014-12-13 10:00:00,11,9.109196,12.415813
2014-12-13,2014-12-13 11:00:00,12,8.390804,11.893814
2014-12-13,2014-12-13 12:00:00,13,9.588122,12.414463
2014-12-13,2014-12-13 13:00:00,14,9.109196,12.380272
2014-12-13,2014-12-13 14:00:00,15,7.672414,12.067738
2014-12-13,2014-12-13 15:00:00,16,9.588122,12.602783
2014-12-13,2014-12-13 16:00:00,17,9.348659,13.084488
2014-12-13,2014-12-13 17:00:00,18,10.545977,13.411694
2014-12-13,2014-12-13 18:00:00,19,13.659004,14.186203
2014-12-13,2014-12-13 19:00:00,20,13.41954,13.944481
2014-12-13,2014-12-13 20:00:00,21,15.814177,14.299801
2014-12-13,2014-12-13 21:00:00,22,13.180077,14.065113
2014-12-13,2014-12-13 22:00:00,23,13.659004,14.8174095
2014-12-13,2014-12-13 23:00:00,24,14.377395,15.056522
2014-12-14,2014-12-14 00:00:00,1,13.659004,14.512573
2014-12-14,2014-12-14 01:00:00,2,12.461686,12.762867
2014-12-14,2014-12-14 02:00:00,3,14.137931,11.835018
2014-12-14,2014-12-14 03:00:00,4,14.6168585,12.291653
2014-12-14,2014-12-14 04:00:00,5,14.6168585,12.701897
2014-12-14,2014-12-14 05:00:00,6,11.9827585,11.971584
2014-12-14,2014-12-14 06:00:00,7,14.377395,11.578167
2014-12-14,2014-12-14 07:00:00,8,10.306514,10.259602
2014-12-14,2014-12-14 08:00:00,9,7.43295,10.452915
2014-12-14,2014-12-14 09:00:00,10,10.545977,10.38205
2014-12-14,2014-12-14 10:00:00,11,8.869732,10.225979
2014-12-14,2014-12-14 11:00:00,12,7.909483,10.144997
2014-12-14,2014-12-14 12:00:00,13,9.827586,10.640232
2014-12-14,2014-12-14 13:00:00,14,8.869732,10.663582
2014-12-14,2014-12-14 14:00:00,15,7.672414,10.169159
2014-12-14,2014-12-14 15:00:00,16,10.78544,10.767296
2014-12-14,2014-12-14 16:00:00,17,8.869732,11.087677
2014-12-14,2014-12-14 17:00:00,18,9.106801,11.431938
2014-12-14,2014-12-14 18:00:00,19,13.659004,13.737389
2014-12-14,2014-12-14 19:00:00,20,12.461686,13.824284
2014-12-14,2014-12-14 20:00:00,21,13.898467,13.940311
2014-12-14,2014-12-14 21:00:00,22,11.264368,13.624229
2014-12-14,2014-12-14 22:00:00,23,13.41954,13.687588
2014-12-14,2014-12-14 23:00:00,24,14.137931,14.195389
2014-12-15,2014-12-15 00:00:00,1,13.898467,14.399479
2014-12-15,2014-12-15 01:00:00,2,11.503832,12.990944
2014-12-15,2014-12-15 02:00:00,3,11.9827585,12.085033
2014-12-15,2014-12-15 03:00:00,4,15.574713,13.077724
2014-12-15,2014-12-15 04:00:00,5,13.898467,13.684902
2014-12-15,2014-12-15 05:00:00,6,11.9827585,13.683464
2014-12-15,2014-12-15 06:00:00,7,14.377395,14.531857
2014-12-15,2014-12-15 07:00:00,8,14.619253,22.06911
2014-12-15,2014-12-15 08:00:00,9,82.91188,84.41408
2014-12-15,2014-12-15 09:00:00,10,99.44684,86.95192
2014-12-15,2014-12-15 10:00:00,11,96.81035,85.63614
2014-12-15,2014-12-15 11:00:00,12,98.48898,88.10964
2014-12-15,2014-12-15 12:00:00,13,104.001434,91.46872
2014-12-15,2014-12-15 13:00:00,14,97.28927,89.32898
2014-12-15,2014-12-15 14:00:00,15,92.5,88.158264
2014-12-15,2014-12-15 15:00:00,16,96.33142,93.19583
2014-12-15,2014-12-15 16:00:00,17,97.049805,100.49576
2014-12-15,2014-12-15 17:00:00,18,108.31418,115.199036
2014-12-15,2014-12-15 18:00:00,19,104.001434,112.34131
2014-12-15,2014-12-15 19:00:00,20,100.4023,107.04336
2014-12-15,2014-12-15 20:00:00,21,100.881226,105.476166
2014-12-15,2014-12-15 21:00:00,22,100.64176,99.529396
2014-12-15,2014-12-15 22:00:00,23,94.17625,95.87096
2014-12-15,2014-12-15 23:00:00,24,92.26054,96.67376
2014-12-16,2014-12-16 00:00:00,1,91.30268,92.28552
2014-12-16,2014-12-16 01:00:00,2,52.71791,62.922073
2014-12-16,2014-12-16 02:00:00,3,17.250957,17.109566
2014-12-16,2014-12-16 03:00:00,4,19.887451,17.378975
2014-12-16,2014-12-16 04:00:00,5,17.969349,16.86436
2014-12-16,2014-12-16 05:00:00,6,15.095785,15.7941475
2014-12-16,2014-12-16 06:00:00,7,16.293104,17.090485
2014-12-16,2014-12-16 07:00:00,8,18.929598,18.96909
2014-12-16,2014-12-16 08:00:00,9,82.909485,88.02153
2014-12-16,2014-12-16 09:00:00,10,90.10297,88.81694
2014-12-16,2014-12-16 10:00:00,11,90.58429,88.77807
2014-12-16,2014-12-16 11:00:00,12,90.344826,87.31261
2014-12-16,2014-12-16 12:00:00,13,92.26054,89.93457
2014-12-16,2014-12-16 13:00:00,14,91.53975,85.425186
2014-12-16,2014-12-16 14:00:00,15,87.703545,85.579254
2014-12-16,2014-12-16 15:00:00,16,95.1341,91.350655
2014-12-16,2014-12-16 16:00:00,17,101.123085,99.13005
2014-12-16,2014-12-16 17:00:00,18,118.37883,115.747345
2014-12-16,2014-12-16 18:00:00,19,112.62452,110.92424
2014-12-16,2014-12-16 19:00:00,20,104.719826,105.84955
2014-12-16,2014-12-16 20:00:00,21,101.364944,103.03758
2014-12-16,2014-12-16 21:00:00,22,97.049805,99.78285
2014-12-16,2014-12-16 22:00:00,23,96.33142,96.30612
2014-12-16,2014-12-16 23:00:00,24,94.41571,95.88272
2014-12-17,2014-12-17 00:00:00,1,92.02107,93.99466
2014-12-17,2014-12-17 01:00:00,2,73.80747,64.33925
2014-12-17,2014-12-17 02:00:00,3,14.856322,16.171993
2014-12-17,2014-12-17 03:00:00,4,15.814177,18.063305
2014-12-17,2014-12-17 04:00:00,5,14.377395,17.238194
2014-12-17,2014-12-17 05:00:00,6,12.701149,15.974838
2014-12-17,2014-12-17 06:00:00,7,14.6168585,17.702816
2014-12-17,2014-12-17 07:00:00,8,18.213602,19.104095
2014-12-17,2014-12-17 08:00:00,9,86.98515,87.16348
2014-12-17,2014-12-17 09:00:00,10,96.09196,88.46439
2014-12-17,2014-12-17 10:00:00,11,95.61303,86.7558
2014-12-17,2014-12-17 11:00:00,12,100.40469,85.76582
2014-12-17,2014-12-17 12:00:00,13,103.28544,91.21045
2014-12-17,2014-12-17 13:00:00,14,102.56226,85.33236
2014-12-17,2014-12-17 14:00:00,15,100.4023,83.08319
2014-12-17,2014-12-17 15:00:00,16,104.95929,91.84776
2014-12-17,2014-12-17 16:00:00,17,116.93965,97.70903
2014-12-17,2014-12-17 17:00:00,18,130.35919,116.3953
2014-12-17,2014-12-17 18:00:00,19,125.56753,110.74864
2014-12-17,2014-12-17 19:00:00,20,118.62069,105.37085
2014-12-17,2014-12-17 20:00:00,21,113.34531,103.625465
2014-12-17,2014-12-17 21:00:00,22,107.35632,99.59255
2014-12-17,2014-12-17 22:00:00,23,103.764366,96.31462
2014-12-17,2014-12-17 23:00:00,24,99.44444,97.28255
2014-12-18,2014-12-18 00:00:00,1,96.33142,97.25758
2014-12-18,2014-12-18 01:00:00,2,66.85584,68.70948
2014-12-18,2014-12-18 02:00:00,3,24.923372,16.478027
2014-12-18,2014-12-18 03:00:00,4,23.726053,19.140308
2014-12-18,2014-12-18 04:00:00,5,19.887451,18.22366
2014-12-18,2014-12-18 05:00:00,6,18.208813,15.572613
2014-12-18,2014-12-18 06:00:00,7,16.532568,16.834633
2014-12-18,2014-12-18 07:00:00,8,18.453066,19.808159
2014-12-18,2014-12-18 08:00:00,9,79.55699,90.80816
2014-12-18,2014-12-18 09:00:00,10,89.62404,94.65613
2014-12-18,2014-12-18 10:00:00,11,90.10297,92.5104
2014-12-18,2014-12-18 11:00:00,12,88.90086,93.22403
2014-12-18,2014-12-18 12:00:00,13,94.655174,96.672775
2014-12-18,2014-12-18 13:00:00,14,89.38219,94.43638
2014-12-18,2014-12-18 14:00:00,15,76.20211,90.90722
2014-12-18,2014-12-18 15:00:00,16,79.08046,99.84468
2014-12-18,2014-12-18 16:00:00,17,86.50862,105.30942
2014-12-18,2014-12-18 17:00:00,18,90.81896,119.53035
2014-12-18,2014-12-18 18:00:00,19,96.81035,114.95058
2014-12-18,2014-12-18 19:00:00,20,103.28304,110.46402
2014-12-18,2014-12-18 20:00:00,21,98.96791,106.75345
2014-12-18,2014-12-18 21:00:00,22,97.768196,103.1182
2014-12-18,2014-12-18 22:00:00,23,92.5,99.799965
2014-12-18,2014-12-18 23:00:00,24,92.02107,97.47809
2014-12-19,2014-12-19 00:00:00,1,91.542145,90.49473
2014-12-19,2014-12-19 01:00:00,2,77.64368,66.06024
2014-12-19,2014-12-19 02:00:00,3,19.887451,18.283596
2014-12-19,2014-12-19 03:00:00,4,21.810345,19.96347
2014-12-19,2014-12-19 04:00:00,5,19.887451,17.936787
2014-12-19,2014-12-19 05:00:00,6,16.77203,16.311462
2014-12-19,2014-12-19 06:00:00,7,17.969349,17.295769
2014-12-19,2014-12-19 07:00:00,8,20.368774,19.633484
2014-12-19,2014-12-19 08:00:00,9,83.86973,85.71435
2014-12-19,2014-12-19 09:00:00,10,89.861115,92.51796
2014-12-19,2014-12-19 10:00:00,11,90.34243,91.895615
2014-12-19,2014-12-19 11:00:00,12,96.09196,93.13248
2014-12-19,2014-12-19 12:00:00,13,109.75096,97.50427
2014-12-19,2014-12-19 13:00:00,14,109.03257,93.32164
2014-12-19,2014-12-19 14:00:00,15,103.280655,89.5334
2014-12-19,2014-12-19 15:00:00,16,108.793106,95.08954
2014-12-19,2014-12-19 16:00:00,17,105.91954,100.05882
2014-12-19,2014-12-19 17:00:00,18,114.30316,109.558174
2014-12-19,2014-12-19 18:00:00,19,110.22988,107.876274
2014-12-19,2014-12-19 19:00:00,20,104.001434,105.407455
2014-12-19,2014-12-19 20:00:00,21,106.39847,102.41797
2014-12-19,2014-12-19 21:00:00,22,105.91954,98.31085
2014-12-19,2014-12-19 22:00:00,23,96.570885,94.56232
2014-12-19,2014-12-19 23:00:00,24,94.655174,92.85929
2014-12-20,2014-12-20 00:00:00,1,94.41571,96.45778
2014-12-20,2014-12-20 01:00:00,2,62.78496,72.80647
2014-12-20,2014-12-20 02:00:00,3,17.250957,16.45116
2014-12-20,2014-12-20 03:00:00,4,17.011494,15.80246
2014-12-20,2014-12-20 04:00:00,5,16.05364,14.477333
2014-12-20,2014-12-20 05:00:00,6,14.856322,12.676758
2014-12-20,2014-12-20 06:00:00,7,16.532568,12.105846
2014-12-20,2014-12-20 07:00:00,8,13.180077,10.408012
2014-12-20,2014-12-20 08:00:00,9,8.869732,11.70554
2014-12-20,2014-12-20 09:00:00,10,10.78544,11.928501
2014-12-20,2014-12-20 10:00:00,11,9.588122,12.2137985
2014-12-20,2014-12-20 11:00:00,12,7.670019,11.994186
2014-12-20,2014-12-20 12:00:00,13,9.348659,12.559093
2014-12-20,2014-12-20 13:00:00,14,8.869732,12.770691
2014-12-20,2014-12-20 14:00:00,15,8.151341,12.308598
2014-12-20,2014-12-20 15:00:00,16,11.9827585,12.588459
2014-12-20,2014-12-20 16:00:00,17,9.827586,13.065716
2014-12-20,2014-12-20 17:00:00,18,8.869732,13.83651
2014-12-20,2014-12-20 18:00:00,19,13.41954,15.215294
2014-12-20,2014-12-20 19:00:00,20,11.743295,14.920227
2014-12-20,2014-12-20 20:00:00,21,13.41954,15.560886
2014-12-20,2014-12-20 21:00:00,22,11.743295,15.171856
2014-12-20,2014-12-20 22:00:00,23,11.9827585,15.480331
2014-12-20,2014-12-20 23:00:00,24,13.41954,15.828606
2014-12-21,2014-12-21 00:00:00,1,13.41954,13.4849205
2014-12-21,2014-12-21 01:00:00,2,11.024904,12.256496
2014-12-21,2014-12-21 02:00:00,3,12.461686,11.5766945
2014-12-21,2014-12-21 03:00:00,4,14.137931,12.205761
2014-12-21,2014-12-21 04:00:00,5,13.180077,12.475605
2014-12-21,2014-12-21 05:00:00,6,11.743295,11.782024
2014-12-21,2014-12-21 06:00:00,7,13.898467,11.512432
2014-12-21,2014-12-21 07:00:00,8,11.024904,9.916809
2014-12-21,2014-12-21 08:00:00,9,7.4305553,10.056702
2014-12-21,2014-12-21 09:00:00,10,9.348659,9.9734955
2014-12-21,2014-12-21 10:00:00,11,8.390804,9.555645
2014-12-21,2014-12-21 11:00:00,12,7.43295,9.667995
2014-12-21,2014-12-21 12:00:00,13,9.348659,10.192299
2014-12-21,2014-12-21 13:00:00,14,9.588122,10.251324
2014-12-21,2014-12-21 14:00:00,15,7.670019,9.969341
2014-12-21,2014-12-21 15:00:00,16,9.109196,11.007229
2014-12-21,2014-12-21 16:00:00,17,8.869732,10.99667
2014-12-21,2014-12-21 17:00:00,18,8.38841,11.121971
2014-12-21,2014-12-21 18:00:00,19,13.659004,12.486694
2014-12-21,2014-12-21 19:00:00,20,11.743295,12.882095
2014-12-21,2014-12-21 20:00:00,21,13.180077,13.123547
2014-12-21,2014-12-21 21:00:00,22,10.78544,13.14233
2014-12-21,2014-12-21 22:00:00,23,11.743295,13.1729355
2014-12-21,2014-12-21 23:00:00,24,14.6168585,13.493122
2014-12-22,2014-12-22 00:00:00,1,13.41954,14.71925
2014-12-22,2014-12-22 01:00:00,2,11.024904,13.487568
2014-12-22,2014-12-22 02:00:00,3,11.503832,12.103188
2014-12-22,2014-12-22 03:00:00,4,13.659004,13.089375
2014-12-22,2014-12-22 04:00:00,5,13.898467,13.687412
2014-12-22,2014-12-22 05:00:00,6,11.743295,13.735584
2014-12-22,2014-12-22 06:00:00,7,13.898467,15.630608
2014-12-22,2014-12-22 07:00:00,8,16.295498,18.415554
2014-12-22,2014-12-22 08:00:00,9,74.04454,82.63807
2014-12-22,2014-12-22 09:00:00,10,77.638885,90.653885
2014-12-22,2014-12-22 10:00:00,11,87.22701,91.10408
2014-12-22,2014-12-22 11:00:00,12,88.42433,93.72067
2014-12-22,2014-12-22 12:00:00,13,93.93678,98.59228
2014-12-22,2014-12-22 13:00:00,14,89.14272,96.24187
2014-12-22,2014-12-22 14:00:00,15,88.66619,94.57135
2014-12-22,2014-12-22 15:00:00,16,86.264366,97.92987
2014-12-22,2014-12-22 16:00:00,17,97.768196,102.230835
2014-12-22,2014-12-22 17:00:00,18,110.23228,112.364365
2014-12-22,2014-12-22 18:00:00,19,115.01916,109.57156
2014-12-22,2014-12-22 19:00:00,20,113.58477,104.94549
2014-12-22,2014-12-22 20:00:00,21,110.469345,102.57386
2014-12-22,2014-12-22 21:00:00,22,107.83525,99.03033
2014-12-22,2014-12-22 22:00:00,23,98.00766,95.995544
2014-12-22,2014-12-22 23:00:00,24,98.965515,94.567184
2014-12-23,2014-12-23 00:00:00,1,94.655174,95.46576
2014-12-23,2014-12-23 01:00:00,2,87.70594,69.90552
2014-12-23,2014-12-23 02:00:00,3,21.805555,19.021297
2014-12-23,2014-12-23 03:00:00,4,20.847702,19.56625
2014-12-23,2014-12-23 04:00:00,5,19.40613,18.26427
2014-12-23,2014-12-23 05:00:00,6,16.532568,16.480461
2014-12-23,2014-12-23 06:00:00,7,16.05364,17.175293
2014-12-23,2014-12-23 07:00:00,8,28.036398,18.946236
2014-12-23,2014-12-23 08:00:00,9,83.86973,84.12421
2014-12-23,2014-12-23 09:00:00,10,95.85249,88.73033
2014-12-23,2014-12-23 10:00:00,11,96.094345,91.16871
2014-12-23,2014-12-23 11:00:00,12,94.17385,91.59977
2014-12-23,2014-12-23 12:00:00,13,100.64176,97.31918
2014-12-23,2014-12-23 13:00:00,14,100.64416,93.6478
2014-12-23,2014-12-23 14:00:00,15,91.77682,90.381714
2014-12-23,2014-12-23 15:00:00,16,94.89464,94.37456
2014-12-23,2014-12-23 16:00:00,17,98.72845,99.6219
2014-12-23,2014-12-23 17:00:00,18,108.79071,113.7619
2014-12-23,2014-12-23 18:00:00,19,115.02155,111.69243
2014-12-23,2014-12-23 19:00:00,20,113.10345,106.997314
2014-12-23,2014-12-23 20:00:00,21,105.91954,103.23305
2014-12-23,2014-12-23 21:00:00,22,103.280655,100.814804
2014-12-23,2014-12-23 22:00:00,23,98.48659,96.89349
2014-12-23,2014-12-23 23:00:00,24,98.965515,95.72528
2014-12-24,2014-12-24 00:00:00,1,99.20498,96.42803
2014-12-24,2014-12-24 01:00:00,2,91.058426,74.99445
2014-12-24,2014-12-24 02:00:00,3,27.79933,19.339005
2014-12-24,2014-12-24 03:00:00,4,24.444445,19.941078
2014-12-24,2014-12-24 04:00:00,5,22.047413,19.260105
2014-12-24,2014-12-24 05:00:00,6,19.169062,17.217197
2014-12-24,2014-12-24 06:00:00,7,16.77203,18.61335
2014-12-24,2014-12-24 07:00:00,8,18.213602,22.005768
2014-12-24,2014-12-24 08:00:00,9,86.98515,86.14169
2014-12-24,2014-12-24 09:00:00,10,96.09196,93.99513
2014-12-24,2014-12-24 10:00:00,11,95.61303,94.22332
2014-12-24,2014-12-24 11:00:00,12,100.40469,93.94124
2014-12-24,2014-12-24 12:00:00,13,103.28544,99.319855
2014-12-24,2014-12-24 13:00:00,14,102.56226,96.696625
2014-12-24,2014-12-24 14:00:00,15,100.4023,91.54067
2014-12-24,2014-12-24 15:00:00,16,104.95929,95.81714
2014-12-24,2014-12-24 16:00:00,17,116.93965,102.26279
2014-12-24,2014-12-24 17:00:00,18,130.35919,115.785614
2014-12-24,2014-12-24 18:00:00,19,125.56753,115.79323
2014-12-24,2014-12-24 19:00:00,20,118.62069,111.6913
2014-12-24,2014-12-24 20:00:00,21,113.34531,107.89046
2014-12-24,2014-12-24 21:00:00,22,107.35632,105.09218
2014-12-24,2014-12-24 22:00:00,23,103.764366,99.3132
2014-12-24,2014-12-24 23:00:00,24,99.44444,98.335526
2014-12-25,2014-12-25 00:00:00,1,14.856322,98.870605
2014-12-25,2014-12-25 01:00:00,2,12.940613,84.20588
2014-12-25,2014-12-25 02:00:00,3,12.940613,22.60194
2014-12-25,2014-12-25 03:00:00,4,15.095785,23.60006
2014-12-25,2014-12-25 04:00:00,5,14.137931,22.519684
2014-12-25,2014-12-25 05:00:00,6,12.701149,19.158966
2014-12-25,2014-12-25 06:00:00,7,15.095785,19.17743
2014-12-25,2014-12-25 07:00:00,8,11.743295,21.44342
2014-12-25,2014-12-25 08:00:00,9,8.390804,89.54834
2014-12-25,2014-12-25 09:00:00,10,10.306514,94.676544
2014-12-25,2014-12-25 10:00:00,11,10.06705,93.990295
2014-12-25,2014-12-25 11:00:00,12,9.109196,95.35541
2014-12-25,2014-12-25 12:00:00,13,10.545977,100.02676
2014-12-25,2014-12-25 13:00:00,14,10.06705,97.991
2014-12-25,2014-12-25 14:00:00,15,8.390804,92.597725
2014-12-25,2014-12-25 15:00:00,16,10.06705,96.765724
2014-12-25,2014-12-25 16:00:00,17,10.06705,104.278366
2014-12-25,2014-12-25 17:00:00,18,10.306514,116.97948
2014-12-25,2014-12-25 18:00:00,19,15.095785,117.08496
2014-12-25,2014-12-25 19:00:00,20,15.095785,113.20578
2014-12-25,2014-12-25 20:00:00,21,16.77203,108.69883
2014-12-25,2014-12-25 21:00:00,22,13.41954,104.74599
2014-12-25,2014-12-25 22:00:00,23,13.180077,99.975426
2014-12-25,2014-12-25 23:00:00,24,15.095785,98.12448
2014-12-26,2014-12-26 00:00:00,1,91.542145,13.039471
2014-12-26,2014-12-26 01:00:00,2,77.64368,12.6689415
2014-12-26,2014-12-26 02:00:00,3,19.887451,11.7329445
2014-12-26,2014-12-26 03:00:00,4,21.810345,11.735382
2014-12-26,2014-12-26 04:00:00,5,19.887451,11.34087
2014-12-26,2014-12-26 05:00:00,6,16.77203,10.919491
2014-12-26,2014-12-26 06:00:00,7,17.969349,10.399166
2014-12-26,2014-12-26 07:00:00,8,20.368774,10.914467
2014-12-26,2014-12-26 08:00:00,9,83.86973,16.951496
2014-12-26,2014-12-26 09:00:00,10,89.861115,20.262924
2014-12-26,2014-12-26 10:00:00,11,90.34243,41.326283
2014-12-26,2014-12-26 11:00:00,12,96.09196,49.93896
2014-12-26,2014-12-26 12:00:00,13,109.75096,85.25412
2014-12-26,2014-12-26 13:00:00,14,109.03257,84.124985
2014-12-26,2014-12-26 14:00:00,15,103.280655,82.56792
2014-12-26,2014-12-26 15:00:00,16,108.793106,83.10863
2014-12-26,2014-12-26 16:00:00,17,105.91954,90.374374
2014-12-26,2014-12-26 17:00:00,18,114.30316,101.06117
2014-12-26,2014-12-26 18:00:00,19,110.22988,96.174225
2014-12-26,2014-12-26 19:00:00,20,104.001434,94.2023
2014-12-26,2014-12-26 20:00:00,21,106.39847,92.855545
2014-12-26,2014-12-26 21:00:00,22,105.91954,87.71613
2014-12-26,2014-12-26 22:00:00,23,96.570885,88.647865
2014-12-26,2014-12-26 23:00:00,24,94.655174,88.221146
2014-12-27,2014-12-27 00:00:00,1,91.30268,93.27315
2014-12-27,2014-12-27 01:00:00,2,67.574234,71.67212
2014-12-27,2014-12-27 02:00:00,3,14.377395,13.146351
2014-12-27,2014-12-27 03:00:00,4,15.574713,11.5783615
2014-12-27,2014-12-27 04:00:00,5,14.856322,10.4567795
2014-12-27,2014-12-27 05:00:00,6,13.41954,9.955772
2014-12-27,2014-12-27 06:00:00,7,14.377395,9.92326
2014-12-27,2014-12-27 07:00:00,8,11.503832,9.539772
2014-12-27,2014-12-27 08:00:00,9,8.630268,10.40049
2014-12-27,2014-12-27 09:00:00,10,10.545977,10.899353
2014-12-27,2014-12-27 10:00:00,11,9.348659,10.573467
2014-12-27,2014-12-27 11:00:00,12,9.109196,10.743076
2014-12-27,2014-12-27 12:00:00,13,10.06705,10.878441
2014-12-27,2014-12-27 13:00:00,14,9.588122,11.014015
2014-12-27,2014-12-27 14:00:00,15,8.151341,10.940956
2014-12-27,2014-12-27 15:00:00,16,10.306514,11.246944
2014-12-27,2014-12-27 16:00:00,17,9.588122,11.201199
2014-12-27,2014-12-27 17:00:00,18,11.264368,11.324669
2014-12-27,2014-12-27 18:00:00,19,15.814177,12.152981
2014-12-27,2014-12-27 19:00:00,20,12.461686,12.147099
2014-12-27,2014-12-27 20:00:00,21,14.137931,12.192238
2014-12-27,2014-12-27 21:00:00,22,11.9827585,12.245815
2014-12-27,2014-12-27 22:00:00,23,12.940613,12.376396
2014-12-27,2014-12-27 23:00:00,24,14.856322,12.576176
2014-12-28,2014-12-28 00:00:00,1,14.137931,14.815598
2014-12-28,2014-12-28 01:00:00,2,13.180077,12.125114
2014-12-28,2014-12-28 02:00:00,3,14.137931,11.530056
2014-12-28,2014-12-28 03:00:00,4,14.856322,11.535332
2014-12-28,2014-12-28 04:00:00,5,14.6168585,11.650578
2014-12-28,2014-12-28 05:00:00,6,12.940613,11.224766
2014-12-28,2014-12-28 06:00:00,7,14.6168585,11.221996
2014-12-28,2014-12-28 07:00:00,8,11.743295,9.843281
2014-12-28,2014-12-28 08:00:00,9,8.151341,10.372593
2014-12-28,2014-12-28 09:00:00,10,9.827586,10.393295
2014-12-28,2014-12-28 10:00:00,11,11.024904,10.060024
2014-12-28,2014-12-28 11:00:00,12,7.9118776,10.159359
2014-12-28,2014-12-28 12:00:00,13,8.869732,10.761143
2014-12-28,2014-12-28 13:00:00,14,8.148947,10.5029335
2014-12-28,2014-12-28 14:00:00,15,6.951628,10.16848
2014-12-28,2014-12-28 15:00:00,16,9.348659,10.93214
2014-12-28,2014-12-28 16:00:00,17,8.38841,10.9076805
2014-12-28,2014-12-28 17:00:00,18,7.9070883,11.283882
2014-12-28,2014-12-28 18:00:00,19,12.940613,12.545124
2014-12-28,2014-12-28 19:00:00,20,11.264368,12.845325
2014-12-28,2014-12-28 20:00:00,21,12.461686,13.104645
2014-12-28,2014-12-28 21:00:00,22,11.024904,12.967022
2014-12-28,2014-12-28 22:00:00,23,11.503832,13.0862465
2014-12-28,2014-12-28 23:00:00,24,12.940613,14.075363
2014-12-29,2014-12-29 00:00:00,1,12.701149,13.555523
2014-12-29,2014-12-29 01:00:00,2,10.545977,12.834557
2014-12-29,2014-12-29 02:00:00,3,11.024904,12.825054
2014-12-29,2014-12-29 03:00:00,4,14.377395,13.636524
2014-12-29,2014-12-29 04:00:00,5,12.701149,13.93597
2014-12-29,2014-12-29 05:00:00,6,11.024904,13.169239
2014-12-29,2014-12-29 06:00:00,7,12.940613,13.911114
2014-12-29,2014-12-29 07:00:00,8,21.329023,17.337769
2014-12-29,2014-12-29 08:00:00,9,81.235634,80.17427
2014-12-29,2014-12-29 09:00:00,10,100.40709,85.00527
2014-12-29,2014-12-29 10:00:00,11,98.010056,87.22564
2014-12-29,2014-12-29 11:00:00,12,92.5,90.96254
2014-12-29,2014-12-29 12:00:00,13,97.28927,95.59901
2014-12-29,2014-12-29 13:00:00,14,93.69732,95.622604
2014-12-29,2014-12-29 14:00:00,15,85.78544,93.63067
2014-12-29,2014-12-29 15:00:00,16,84.348656,96.71995
2014-12-29,2014-12-29 16:00:00,17,85.30891,101.67887
2014-12-29,2014-12-29 17:00:00,18,108.55364,111.40199
2014-12-29,2014-12-29 18:00:00,19,110.94827,114.91414
2014-12-29,2014-12-29 19:00:00,20,113.34291,112.66464
2014-12-29,2014-12-29 20:00:00,21,108.074715,108.21389
2014-12-29,2014-12-29 21:00:00,22,102.56226,103.40407
2014-12-29,2014-12-29 22:00:00,23,92.26054,99.65312
2014-12-29,2014-12-29 23:00:00,24,86.506226,97.03824
2014-12-30,2014-12-30 00:00:00,1,87.22222,86.81221
2014-12-30,2014-12-30 01:00:00,2,82.91188,79.68021
2014-12-30,2014-12-30 02:00:00,3,81.954025,18.364708
2014-12-30,2014-12-30 03:00:00,4,74.52347,18.398605
2014-12-30,2014-12-30 04:00:00,5,15.574713,17.625103
2014-12-30,2014-12-30 05:00:00,6,11.503832,15.498669
2014-12-30,2014-12-30 06:00:00,7,13.898467,16.162113
2014-12-30,2014-12-30 07:00:00,8,21.807951,19.707275
2014-12-30,2014-12-30 08:00:00,9,92.25814,88.87116
2014-12-30,2014-12-30 09:00:00,10,102.083336,95.549225
2014-12-30,2014-12-30 10:00:00,11,101.123085,95.19792
2014-12-30,2014-12-30 11:00:00,12,101.59962,95.16474
2014-12-30,2014-12-30 12:00:00,13,102.56226,100.718346
2014-12-30,2014-12-30 13:00:00,14,94.41571,98.86912
2014-12-30,2014-12-30 14:00:00,15,90.34243,93.17011
2014-12-30,2014-12-30 15:00:00,16,97.768196,95.23703
2014-12-30,2014-12-30 16:00:00,17,96.570885,99.29594
2014-12-30,2014-12-30 17:00:00,18,104.95929,112.31053
2014-12-30,2014-12-30 18:00:00,19,115.50048,112.756645
2014-12-30,2014-12-30 19:00:00,20,114.30316,110.099144
2014-12-30,2014-12-30 20:00:00,21,105.44061,104.48723
2014-12-30,2014-12-30 21:00:00,22,103.52012,101.69626
2014-12-30,2014-12-30 22:00:00,23,94.655174,96.62915
2014-12-30,2014-12-30 23:00:00,24,94.655174,94.863914
2014-12-31,2014-12-31 00:00:00,1,86.98515,92.38124
2014-12-31,2014-12-31 01:00:00,2,82.19349,87.27405
2014-12-31,2014-12-31 02:00:00,3,80.99617,23.80987
2014-12-31,2014-12-31 03:00:00,4,57.50958,21.490765
2014-12-31,2014-12-31 04:00:00,5,16.77203,17.894848
2014-12-31,2014-12-31 05:00:00,6,15.095785,16.233353
2014-12-31,2014-12-31 06:00:00,7,15.574713,18.046448
2014-12-31,2014-12-31 07:00:00,8,24.920977,19.39674
2014-12-31,2014-12-31 08:00:00,9,66.85824,93.56885
2014-12-31,2014-12-31 09:00:00,10,78.12021,99.08989
2014-12-31,2014-12-31 10:00:00,11,85.30651,98.54087
2014-12-31,2014-12-31 11:00:00,12,81.4751,98.29202
2014-12-31,2014-12-31 12:00:00,13,86.0273,101.299515
2014-12-31,2014-12-31 13:00:00,14,82.67242,98.78725
2014-12-31,2014-12-31 14:00:00,15,75.96504,94.77032
2014-12-31,2014-12-31 15:00:00,16,79.79885,99.40875
2014-12-31,2014-12-31 16:00:00,17,81.95163,101.746475
2014-12-31,2014-12-31 17:00:00,18,40.256226,111.34235
2014-12-31,2014-12-31 18:00:00,19,36.42481,115.846466
2014-12-31,2014-12-31 19:00:00,20,30.19157,112.64223
2014-12-31,2014-12-31 20:00:00,21,28.515326,107.60362
2014-12-31,2014-12-31 21:00:00,22,23.247126,104.47645
2014-12-31,2014-12-31 22:00:00,23,20.366379,98.04164
2014-12-31,2014-12-31 23:00:00,24,20.847702,98.328186
